trajet_id,client_id,engin_id,type_engin,ville,station_depart,station_arrivee,debut,fin,duree_min,distance_km,montant_eur,moyen_paiement
TR2608010013107,CL108475,EN00222,velo_elec,NANTES,ST1029,ST1020,2026-08-01 00:05:21,2026-08-01 00:08:21,3,0.78,1.75,abonnement
TR2608010013108,CL103400,EN00492,velo_elec,Lille,ST1041,ST1039,2026-08-01 00:12:43,2026-08-01 00:43:43,31,6.84,8.75,abonnement
TR2608010013109,CL107922,EN00201,velo_elec,Lyon,ST1009,ST1004,01/08/2026 00:44,1785538280,7,1.12,2.75,cb
TR2608010013110,CL105633,EN00549,velo_elec,Grenoble,ST1048,ST1050,2026-08-01 00:40:52,2026-08-01 00:54:52,14,3.73,4.5,paypal
TR2608010013111,CL101290,EN00094,velo_elec,Lyon,ST1008,ST1015,01/08/2026 01:17,01/08/2026 01:42,25,7.32,7.25,abonnement
TR2608010013112,CL101635,EN00208,velo_elec,Lyon,ST1018,ST1003,1785539868,2026-08-01 01:40:48,23,6.13,6.75,cb
TR2608010013113,CL108597,EN00187,velo_elec,Lyon,ST1009,ST1011,2026-08-01 01:40:53,2026-08-01 01:47:53,7,1.35,2.75,cb
TR2608010013114,CL107345,EN00133,velo_elec,Lyon,ST1012,ST1017,01/08/2026 01:52,2026-08-01 02:06:08,14,2.46,4.5,paypal
TR2608010013115,CL105702,EN00462,velo_elec,Lille,ST1044,ST1038,1785542408,2026-08-01 02:17:08,17,3.61,5.25,cb
TR2608010013116,CL104307,EN00177,velo_elec,Lyon,ST1002,ST1017,2026-08-01 02:04:51,2026-08-01 02:10:51,6,1.73,2.5,cb
TR2608010013117,CL100283,EN00140,trottinette,Lyon,ST1015,ST1012,2026-08-01 02:41:15,2026-08-01 03:00:15,19,5.12,5.18,paypal
TR2608010013118,CL108592,EN00410,velo_elec,lille,ST1037,ST1044,01/08/2026 02:30,01/08/2026 02:42,12,2.28,4.0,abonnement
TR2608010013119,CL107188,EN00185,trottinette,Lyonn,ST1011,ST1007,,2026-08-01 03:25:46,11,2.38,3.42,abonnement
TR2608010013120,CL106640,EN00530,velo_elec,Grenoble,ST1057,ST1053,01/08/2026 03:40,2026-08-01 03:42:39,2,0.62,1.5,abonnement
TR2608010013121,CL105866,EN00504,trottinette,Grenoble,ST1051,ST1048,2026-08-01 04:06:42,,19,3.24,5.18,abonnement
TR2608010013122,CL107335,EN00461,velo_elec,Lille,ST1044,ST1045,01/08/2026 04:26,,12,3.42,4.0,cb
TR2608010013123,CL104467,EN00383,trottinette,Lille,ST1043,ST1043,2026-08-01 04:45:14,2026-08-01 05:03:14,18,3.19,4.96,abonnement
TR2608010013124,CL104507,EN00263,trottinette,Nantes,ST1024,ST1022,2026-08-01 05:00:07,2026-08-01 05:03:07,3,0.96,1.66,cb
TR2608010013125,CL106958,EN00217,velo_elec,lyon,ST1010,ST1016,01/08/2026 05:12,1785554289,6,1.53,2.5,cb
TR2608010013126,CL105982,EN00033,trottinette,Lyon,ST1016,ST1015,01/08/2026 05:14,2026-08-01 05:33:00,19,6.13,5.18,cb
TR2608010013127,CL104344,EN00239,trottinette,Nantes,ST1027,ST1029,2026-08-01 05:04:00,2026-08-01 05:16:00,12,2.22,3.64,abonnement
TR2608010013128,CL107101,EN00597,trottinette,Grenoble,ST1058,ST1054,2026-08-01 05:49:30,2026-08-01 06:18:30,29,9.64,7.38,cb
TR2608010013129,CL107918,EN00005,velo_elec,Lyon,ST1011,ST1005,2026-08-01 06:28:32,01/08/2026 06:46,18,5.33,5.5,abonnement
TR2608010013130,CL106151,EN00199,velo_elec,Lyon,ST1018,ST1017,2026-08-01 06:28:41,2026-08-01 06:41:41,13,3.99,4.25,abonnement
TR2608010013131,CL100154,EN00179,trottinette,Lyon,ST1019,ST1016,,2026-08-01 06:23:24,7,1.58,2.54,cb
TR2608010013132,CL105886,EN00104,trottinette,Lyon,ST1001,ST1016,2026-08-01 06:33:37,2026-08-01 06:40:37,7,1.96,2.54,cb
TR2608010013133,CL104266,EN00184,velo_elec,Lyon,ST1010,ST1012,2026-08-01 06:36:49,2026-08-01 06:54:49,18,5.81,5.5,paypal
TR2608010013134,CL103025,EN00379,velo_elec,Lille,ST1045,ST1037,2026-08-01 06:37:48,1785559428,6,0.94,2.5,cb
TR2608010013135,CL108637,EN00218,velo_elec,Lyon,ST1003,ST1013,2026-08-01 06:52:25,2026-08-01 07:02:25,10,2.57,3.5,cb
TR2608010013136,CL102699,EN00056,velo_elec,Lyon,ST1011,ST1001,2026-08-01 06:50:28,2026-08-01 07:24:28,34,5.73,9.5,paypal
TR2608010013137,CL100421,EN00161,velo_elec,Lyon,ST1001,ST1005,2026-08-01 07:10:03,01/08/2026 07:18,8,2.5,3.0,cb
TR2608010013138,CL100670,EN00123,velo_elec,Lyon,ST1003,ST1005,,1785561597,8,2.66,3.0,paypal
TR2608010013139,CL106321,EN00005,velo_elec,Lyon ,ST1005,ST1012,2026-08-01 07:03:32,2026-08-01 07:24:32,21,4.2,6.25,cb
TR2608010013140,CL100526,EN00025,velo_elec,Lyon,ST1015,ST1008,2026-08-01 07:01:11,1785560771,5,1.1,2.25,cb
TR2608010013141,CL104568,EN00070,trottinette,Lyon,ST1005,ST1001,2026-08-01 07:26:17,01/08/2026 08:05,39,8.21,9.58,paypal
TR2608010013142,CL105749,EN00090,trottinette,Lyon,ST1009,ST1006,2026-08-01 07:24:58,2026-08-01 07:29:58,5,1.67,2.1,paypal
TR2608010013143,CL107117,EN00218,velo_elec,Lyon,ST1013,ST1019,2026-08-01 07:24:43,2026-08-01 07:37:43,13,2.52,4.25,cb
TR2608010013144,CL103406,EN00033,trottinette,LYON,ST1015,ST1013,2026-08-01 07:15:53,01/08/2026 07:31,16,2.46,4.52,cb
TR2608010013145,CL106458,EN00360,trottinette,NANTES,ST1031,ST1030,2026-08-01 07:19:24,2026-08-01 07:33:24,14,2.25,4.08,abonnement
TR2608010013146,CL105685,EN00079,velo_elec,Lyon,ST1011,ST1003,2026-08-01 07:44:31,2026-08-01 07:51:31,7,1.63,2.75,cb
TR2608010013147,CL106444,EN00459,velo_elec,Lille,ST1035,ST1047,2026-08-01 07:42:38,2026-08-01 07:53:38,11,3.29,3.75,cb
TR2608010013148,CL104986,EN00074,trottinette,Lyon,ST1002,ST1006,2026-08-01 07:50:31,2026-08-01 08:12:31,22,6.16,5.84,abonnement
TR2608010013149,CL100694,EN00199,velo_elec,Lyon,ST1017,ST1015,2026-08-01 07:59:50,2026-08-01 08:11:50,12,4.1,4.0,abonnement
TR2608010013150,CL107356,EN00069,trottinette,Lyon,ST1017,ST1008,01/08/2026 07:46,,10,2.64,,cb
TR2608010013151,CL108447,EN00411,trottinette,Lille,ST1038,ST1044,1785563907,2026-08-01 08:04:27,6,1.64,2.32,paypal
TR2608010013152,CL103283,EN00427,trottinette,Lille,ST1043,ST1041,2026-08-01 07:52:16,2026-08-01 08:06:16,14,4.65,4.08,abonnement
TR2608010013153,CL104628,EN00475,trottinette,LILLE,ST1047,ST1041,2026-08-01 07:51:07,2026-08-01 08:00:07,9,1.77,2.98,cb
TR2608010013154,CL100208,EN00123,velo_elec,Lyon,ST1005,ST1010,2026-08-01 08:02:05,2026-08-01 08:10:05,8,1.38,3.0,cb
TR2608010013155,CL108453,EN00053,trottinette,Lyon,ST1013,ST1004,2026-08-01 08:08:50,2026-08-01 08:23:50,15,3.18,4.3,abonnement
TR2608010013156,CL105981,EN00208,velo_elec,Lyon,ST1017,ST1018,2026-08-01 08:10:29,2026-08-01 08:23:29,13,3.78,4.25,abonnement
TR2608010013157,CL102962,EN00226,velo_elec,Nantes,ST1032,ST1033,1785564605,2026-08-01 08:22:05,12,2.33,4.0,abonnement
TR2608010013158,CL108403,EN00332,trottinette,Nantes,ST1032,ST1027,2026-08-01 08:14:37,2026-08-01 08:26:37,12,2.78,3.64,cb
TR2608010013159,CL103059,EN00536,velo_elec,Grenoble,ST1056,ST1050,2026-08-01 08:04:20,2026-08-01 08:08:20,4,1.19,2.0,cb
TR2608010013160,CL101255,EN00161,velo_elec,Lyon,ST1005,ST1001,2026-08-01 08:19:12,2026-08-01 08:23:12,4,0.76,2.0,paypal
TR2608010013161,CL108530,EN00090,trottinette,Lyon,ST1006,ST1011,2026-08-01 08:26:52,2026-08-01 08:38:52,12,3.44,3.64,cb
TR2608010013162,CL100010,EN00170,trottinette,Lyon,ST1014,ST1013,2026-08-01 08:27:39,2026-08-01 08:46:39,19,5.58,5.18,abonnement
TR2608010013163,CL100645,EN00446,trottinette,Lille,ST1034,ST1043,2026-08-01 08:21:20,2026-08-01 08:29:20,8,2.6,2.76,cb
TR2608010013164,CL107791,EN00434,velo_elec,Lille,ST1042,ST1037,2026-08-01 08:17:21,2026-08-01 08:36:21,19,6.06,5.75,abonnement
TR2608010013165,CL107249,EN00404,trottinette,Lille,ST1046,ST1042,2026-08-01 08:23:36,01/08/2026 08:45,22,4.73,5.84,abonnement
TR2608010013166,CL108572,EN00481,velo_elec,Lille,ST1046,ST1047,2026-08-01 08:23:05,2026-08-01 08:35:05,12,3.09,4.0,cb
TR2608010013167,CL104788,EN00567,velo_elec,Grenoble,ST1058,ST1057,2026-08-01 08:16:48,2026-08-01 08:21:48,5,1.41,2.25,cb
TR2608010013168,CL102110,EN00053,trottinette,Lyon,ST1004,ST1012,01/08/2026 08:41,2026-08-01 08:55:02,14,3.12,4.08,cb
TR2608010013169,CL105341,EN00049,trottinette,Lyon,ST1004,ST1014,2026-08-01 08:41:24,2026-08-01 08:44:24,3,0.98,1.66,paypal
TR2608010013170,CL101885,EN00115,velo_elec,Lyon,ST1004,ST1004,2026-08-01 08:31:36,2026-08-01 08:44:36,13,2.47,4.25,abonnement
TR2608010013171,CL106724,EN00071,velo_elec,Lyon,ST1004,ST1007,2026-08-01 08:34:24,2026-08-01 08:45:24,11,3.48,3.75,cb
TR2608010013172,CL102639,EN00002,velo_elec,Lyon,ST1005,ST1010,2026-08-01 08:30:48,2026-08-01 08:32:48,2,0.54,1.5,cb
TR2608010013173,CL103069,EN00160,velo_elec,Lyon,ST1005,ST1007,2026-08-01 08:41:45,2026-08-01 08:49:45,8,1.45,3.0,cb
TR2608010013174,CL103280,EN00055,trottinette,Lyon,ST1006,ST1007,2026-08-01 08:32:38,2026-08-01 08:46:38,14,4.84,4.08,cb
TR2608010013175,CL107457,EN00200,trottinette,Lyon,ST1010,ST1006,2026-08-01 08:45:27,2026-08-01 08:59:27,14,3.03,4.08,cb
TR2608010013176,CL103109,EN00174,velo_elec,Lyon,ST1011,ST1006,1785566658,2026-08-01 08:52:18,8,2.67,3.0,cb
TR2608010013177,CL105292,EN00083,velo_elec,Lyon,ST1017,ST1004,2026-08-01 08:31:52,2026-08-01 08:43:52,12,3.96,4.0,cb
TR2608010013178,CL103746,EN00357,trottinette,Nantes,ST1020,ST1022,2026-08-01 08:37:20,2026-08-01 09:00:20,23,4.5,6.06,paypal
TR2608010013179,CL101702,EN00283,trottinette,Nantes,ST1028,ST1026,2026-08-01 08:35:04,01/08/2026 08:37,2,0.49,1.44,cb
TR2608010013180,CL100035,EN00475,trottinette,Lille,ST1041,ST1039,2026-08-01 08:43:23,2026-08-01 08:55:23,12,2.35,3.64,cb
TR2608010013181,CL108169,EN00496,velo_elec,Lille,ST1042,ST1041,2026-08-01 08:44:44,2026-08-01 08:54:44,10,2.87,3.5,cb
TR2608010013182,CL100500,EN00446,trottinette,Lille,ST1043,ST1039,2026-08-01 08:32:33,1785566373,7,2.4,2.54,cb
TR2608010013183,CL104605,EN00411,trottinette,Lille,ST1044,ST1043,2026-08-01 08:44:55,2026-08-01 08:53:55,9,1.66,2.98,cb
TR2608010013184,CL103456,EN00549,velo_elec,Grenoble,ST1054,ST1055,2026-08-01 08:39:29,2026-08-01 08:56:29,17,4.02,5.25,paypal
TR2608010013185,CL108343,EN00582,trottinette,grenoble,ST1056,ST1056,2026-08-01 08:35:21,01/08/2026 08:43,8,2.75,2.76,cb
TR2608010013186,CL108298,EN00192,velo_elec,Lyon,ST1006,ST1016,2026-08-01 08:57:45,2026-08-01 09:15:45,18,4.33,5.5,cb
TR2608010013187,CL108546,EN00034,velo_elec,Lyon,ST1008,ST1013,2026-08-01 08:52:03,2026-08-01 08:59:03,7,1.84,2.75,abonnement
TR2608010013188,CL104262,EN00123,velo_elec,Lyon,ST1010,ST1014,01/08/2026 08:54,2026-08-01 09:17:24,-23,3.51,6.75,cb
TR2608010013189,CL106564,EN00014,velo_elec,Lyon,ST1012,ST1015,2026-08-01 08:57:29,2026-08-01 09:07:29,10,3.41,3.5,cb
TR2608010013190,CL108260,EN00076,velo_elec,Lyon,ST1013,ST1001,,2026-08-01 09:00:37,2613,3.59,4.25,cb
TR2608010013191,CL104861,EN00151,trottinette,Lyon,ST1017,ST1006,2026-08-01 08:53:31,01/08/2026 09:29,36,8.55,8.92,cb
TR2608010013192,CL108304,EN00222,velo_elec,Nantes,ST1025,ST1020,01/08/2026 08:55,2026-08-01 09:03:33,8,2.78,3.0,cb
TR2608010013193,CL105384,EN00283,trottinette,Nantes,ST1026,ST1026,01/08/2026 08:58,2026-08-01 09:09:37,11,2.14,3.42,cb
TR2608010013194,CL107314,EN00328,velo_elec,Nantes,ST1027,ST1027,2026-08-01 08:46:23,2026-08-01 09:10:23,24,4.04,7.0,cb
TR2608010013195,CL106366,EN00287,velo_elec,Nantes,ST1030,ST1029,1785567646,2026-08-01 09:09:46,9,2.75,3.25,abonnement
TR2608010013196,CL108948,EN00414,velo_elec, Lille,ST1037,ST1037,1785566940,2026-08-01 08:54:00,5,1.16,2.25,abonnement
TR2608010013197,CL103038,EN00596,velo_elec,Grenoble,ST1051,ST1050,2026-08-01 08:50:26,2026-08-01 08:55:26,5,1.2,2.25,abonnement
TR2608010013198,CL103290,EN00558,trottinette,Grenoble,ST1052,ST1052,01/08/2026 08:50,01/08/2026 08:59,9,3.04,2.98,cb
TR2608010013199,CL108861,EN00532,velo_elec,Grenoble,ST1055,ST1058,2026-08-01 08:52:22,01/08/2026 09:02,10,2.65,3.5,cb
TR2608010013200,CL100005,EN00025,velo_elec,Lyon,ST1008,ST1011,2026-08-01 09:04:59,2026-08-01 09:12:59,8,1.5,3.0,paypal
TR2608010013201,CL102218,EN00061,trottinette,Lyon,ST1010,ST1016,01/08/2026 09:01,2026-08-01 09:07:29,6,1.45,2.32,cb
TR2608010013202,CL101719,EN00140,trottinette,Lyon,ST1012,ST1002,01/08/2026 09:08,,11,3.32,3.42,abonnement
TR2608010013203,CL103552,EN00195,velo_elec,Lyon,ST1018,ST1012,01/08/2026 09:09,2026-08-01 09:32:53,23,4.41,6.75,cb
TR2608010013204,CL101512,EN00218,velo_elec,Lyon ,ST1019,ST1009,2026-08-01 09:05:20,1785568340,7,1.77,2.75,cb
TR2608010013205,CL106538,EN00292,velo_elec,Nantes,ST1020,ST1029,2026-08-01 09:13:02,2026-08-01 09:20:02,7,1.66,2.75,cb
TR2608010013206,CL107147,EN00234,trottinette,Nantes,ST1021,ST1022,2026-08-01 09:04:37,01/08/2026 09:15,11,3.13,3.42,cb
TR2608010013207,CL108771,EN00286,velo_elec,Nantes,ST1023,ST1028,1785567890,2026-08-01 09:11:50,7,1.29,2.75,cb
TR2608010013208,CL101839,EN00339,velo_elec,Nantes,ST1026,ST1025,2026-08-01 09:05:36,01/08/2026 09:11,6,2.05,2.5,paypal
TR2608010013209,CL104647,EN00235,trottinette,Nantes,ST1028,ST1032,2026-08-01 09:04:39,2026-08-01 09:57:39,53,15.55,12.66,abonnement
TR2608010013210,CL106292,EN00311,trottinette,Nantes,ST1029,ST1024,2026-08-01 09:11:12,2026-08-01 09:37:12,26,9.02,6.72,cb
TR2608010013211,CL100315,EN00229,trottinette,Nantes,ST1031,ST1031,01/08/2026 09:07,01/08/2026 09:19,12,2.46,3.64,abonnement
TR2608010013212,CL107230,EN00368,trottinette,LILLE,ST1037,ST1035,2026-08-01 09:03:02,2026-08-01 09:11:02,8,1.56,2.76,cb
TR2608010013213,CL108448,EN00421,velo_elec,Lille,ST1038,ST1041,2026-08-01 09:07:22,2026-08-01 09:13:22,6,1.39,2.5,cb
TR2608010013214,CL100843,EN00461,velo_elec,Lille,ST1045,ST1044,2026-08-01 09:08:20,2026-08-01 09:22:20,14,3.3,4.5,cb
TR2608010013215,CL105182,EN00561,velo_elec,Grenoble,ST1057,ST1057,2026-08-01 09:14:23,2026-08-01 09:28:23,14,3.74,4.5,cb
TR2608010013216,CL107091,EN00567,velo_elec,Grenoble,ST1057,ST1052,2026-08-01 09:14:59,2026-08-01 09:27:59,13,4.09,4.25,cb
TR2608010013217,CL101394,EN00167,trottinette,Lyon,ST1001,ST1017,2026-08-01 09:22:50,2026-08-01 09:31:50,9,2.07,2.98,abonnement
TR2608010013218,CL107425,EN00083,velo_elec,Lyon,ST1004,ST1004,2026-08-01 09:27:40,2026-08-01 09:38:40,11,2.14,3.75,cb
TR2608010013219,CL105570,EN00023,trottinette,Lyon,ST1011,ST1009,2026-08-01 09:21:58,2026-08-01 09:33:58,12,3.96,3.64,cb
TR2608010013220,CL107727,EN00121,trottinette,Lyon,ST1014,ST1010,2026-08-01 09:24:47,2026-08-01 09:46:47,22,5.98,5.84,abonnement
TR2608010013221,CL106891,EN00208,velo_elec,Lyon,ST1018,ST1018,2026-08-01 09:16:46,2026-08-01 09:21:46,5,0.93,2.25,paypal
TR2608010013222,CL102868,EN00037,trottinette,Lyon,ST1018,ST1019,2026-08-01 09:17:08,2026-08-01 09:56:08,39,11.39,9.58,abonnement
TR2608010013223,CL102010,EN00220,velo_elec,Lyon,ST1018,ST1008,2026-08-01 09:18:41,2026-08-01 09:28:41,10,2.2,3.5,cb
TR2608010013224,CL100717,EN00222,velo_elec,Nantes,ST1020,ST1030,2026-08-01 09:25:49,2026-08-01 09:32:49,7,1.25,2.75,cb
TR2608010013225,CL103319,EN00284,trottinette,Nantes,ST1021,ST1031,01/08/2026 09:23,2026-08-01 09:32:52,9,2.81,2.98,cb
TR2608010013226,CL101225,EN00352,velo_elec,Nantes,ST1028,ST1029,2026-08-01 09:17:18,2026-08-01 09:28:18,11,2.77,3.75,abonnement
TR2608010013227,CL102671,EN00236,velo_elec,Nantes,ST1028,ST1029,1785569251,2026-08-01 09:47:31,20,6.43,6.0,cb
TR2608010013228,CL102794,EN00439,velo_elec,Lille,ST1035,ST1043,2026-08-01 09:23:27,2026-08-01 09:32:27,9,2.95,3.25,cb
TR2608010013229,CL103888,EN00413,trottinette,Lille,ST1036,ST1039,2026-08-01 09:24:04,2026-08-01 09:29:04,5,1.63,2.1,abonnement
TR2608010013230,CL104032,EN00480,velo_elec,Lille,ST1040,ST1034,1785569431,01/08/2026 09:45,15,4.58,4.75,cb
TR2608010013231,CL107118,EN00598,velo_elec,Grenoble ,ST1050,ST1053,01/08/2026 09:28,2026-08-01 09:33:59,5,1.3,2.25,abonnement
TR2608010013232,CL102467,EN00095,trottinette,Lyon,ST1002,ST1005,2026-08-01 09:44:42,2026-08-01 09:50:42,6,2.08,2.32,
TR2608010013233,CL101168,EN00133,velo_elec,Lyon,ST1008,ST1001,2026-08-01 09:43:31,1785570691,8,2.67,3.0,paypal
TR2608010013234,CL106766,EN00025,velo_elec,Lyon ,ST1011,ST1011,2026-08-01 09:45:15,2026-08-01 09:53:15,8,1.62,3.0,cb
TR2608010013235,CL108456,EN00034,velo_elec,Lyon,ST1013,ST1013,1785569544,2026-08-01 09:49:24,17,4.21,,cb
TR2608010013236,CL103000,EN00170,trottinette,Lyon ,ST1013,ST1007,2026-08-01 09:44:06,2026-08-01 09:51:06,7,2.1,2.54,cb
TR2608010013237,CL101337,EN00167,trottinette,Lyon,ST1017,ST1003,01/08/2026 09:37,2026-08-01 09:57:27,20,6.47,5.4,abonnement
TR2608010013238,CL105346,EN00338,velo_elec,Nantes,ST1022,ST1024,2026-08-01 09:45:05,1785570545,4,1.38,2.0,cb
TR2608010013239,CL106928,EN00317,trottinette,Nantes,ST1030,ST1033,2026-08-01 09:41:17,01/08/2026 09:48,7,1.24,2.54,abonnement
TR2608010013240,CL106846,EN00468,trottinette,Lille,ST1036,ST1037,2026-08-01 09:42:44,2026-08-01 09:55:44,13,3.59,3.86,paypal
TR2608010013241,CL101955,EN00545,trottinette,Grenoble,ST1050,ST1050,2026-08-01 09:40:33,2026-08-01 10:03:33,23,5.32,6.06,cb
TR2608010013242,CL107112,EN00180,trottinette,Lyon,ST1002,ST1003,2026-08-01 09:47:31,2026-08-01 10:19:31,32,6.44,8.04,abonnement
TR2608010013243,CL107677,EN00140,trottinette,LYON,ST1002,ST1010,2026-08-01 09:57:36,2026-08-01 10:01:36,4,0.76,1.88,paypal
TR2608010013244,CL107120,EN00130,velo_elec,Lyon,ST1003,ST1017,01/08/2026 09:53,,4,1.24,2.0,cb
TR2608010013245,CL101290,EN00151,trottinette,Lyon,ST1006,ST1006,2026-08-01 09:56:07,2026-08-01 10:04:07,8,1.22,2.76,cb
TR2608010013246,CL100257,EN00174,velo_elec,lyon,ST1006,ST1015,01/08/2026 09:54,01/08/2026 10:02,8,1.22,3.0,abonnement
TR2608010013247,CL107489,EN00020,velo_elec,Lyon,ST1016,ST1004,2026-08-01 09:54:13,2026-08-01 10:02:13,8,2.01,3.0,abonnement
TR2608010013248,CL100231,EN00271,velo_elec,NANTES,ST1032,ST1020,01/08/2026 09:55,2026-08-01 10:05:32,10,2.87,3.5,abonnement
TR2608010013249,CL106750,EN00489,trottinette,Lille,ST1035,ST1039,2026-08-01 09:51:04,2026-08-01 09:59:04,8,2.52,2.76,cb
TR2608010013250,CL106112,EN00403,trottinette,Lille,ST1035,ST1043,2026-08-01 09:55:09,2026-08-01 10:07:09,12,2.71,3.64,cb
TR2608010013251,CL104873,EN00370,velo_elec,Lille,ST1036,ST1035,2026-08-01 09:48:36,2026-08-01 10:56:36,68,13.48,18.0,abonnement
TR2608010013252,CL107525,EN00535,velo_elec,Grenoble,ST1054,ST1056,1785570968,1785571568,10,1.93,3.5,cb
TR2608010013253,CL100481,EN00095,trottinette,Lyon,ST1005,ST1010,2026-08-01 10:03:02,2026-08-01 10:13:02,10,2.55,3.2,paypal
TR2608010013254,CL101898,EN00141,velo_elec,Lyon,ST1007,ST1007,2026-08-01 10:08:28,2026-08-01 10:15:28,7,1.58,2.75,paypal
TR2608010013255,CL105841,EN00157,velo_elec,Lyon,ST1007,ST1006,01/08/2026 10:08,2026-08-01 10:26:41,18,6.16,5.5,cb
TR2608010013256,CL105965,EN00023,trottinette,Lyon,ST1009,ST1003,2026-08-01 10:00:58,2026-08-01 10:16:58,-23,2.84,4.52,cb
TR2608010013257,CL106231,EN00121,trottinette,Lyon,ST1010,ST1010,2026-08-01 10:07:47,2026-08-01 10:22:47,15,3.52,4.3,cb
TR2608010013258,CL107590,EN00025,velo_elec,Lyon,ST1011,ST1014,2026-08-01 10:12:09,2026-08-01 10:19:09,7,1.14,2.75,cb
TR2608010013259,CL108263,EN00075,trottinette,Lyon,ST1011,ST1007,1785571786,2026-08-01 10:13:46,4,0.65,1.88,abonnement
TR2608010013260,CL103198,EN00050,velo_elec,Lyon,ST1014,ST1005,2026-08-01 10:13:30,2026-08-01 10:24:30,11,3.79,3.75,cb
TR2608010013261,CL102307,EN00193,trottinette,lyon,ST1014,ST1004,01/08/2026 10:12,1785572212,4,1.03,1.88,abonnement
TR2608010013262,CL103652,EN00130,velo_elec,Lyon,ST1017,ST1017,2026-08-01 10:10:52,2026-08-01 10:20:52,10,2.09,3.5,abonnement
TR2608010013263,CL107719,EN00303,velo_elec,Nantes,ST1025,ST1024,01/08/2026 10:08,2026-08-01 10:25:42,17,5.08,5.25,paypal
TR2608010013264,CL107022,EN00328,velo_elec,Nantes,ST1027,ST1020,,2026-08-01 10:30:23,16,2.67,5.0,abonnement
TR2608010013265,CL107037,EN00222,velo_elec,Nantes,ST1030,ST1021,2026-08-01 10:10:48,2026-08-01 10:18:48,8,1.71,3.0,abonnement
TR2608010013266,CL103115,EN00406,velo_elec,Lille,ST1036,ST1044,2026-08-01 10:08:58,2026-08-01 10:30:58,22,4.17,6.5,cb
TR2608010013267,CL105702,EN00414,velo_elec,Lille,ST1037,ST1036,2026-08-01 10:00:55,,10,3.34,3.5,cb
TR2608010013268,CL100347,EN00410,velo_elec,Lille,ST1047,ST1042,2026-08-01 10:12:16,01/08/2026 10:20,8,2.09,3.0,cb
TR2608010013269,CL102201,EN00536,velo_elec,Grenoble,ST1050,ST1053,,01/08/2026 10:26,18,4.48,5.5,cb
TR2608010013270,CL102337,EN00558,trottinette,Grenoble,ST1052,ST1054,2026-08-01 10:14:29,1785573149,18,3.27,4.96,cb
TR2608010013271,CL107660,EN00528,velo_elec,Grenoble,ST1054,ST1055,2026-08-01 10:07:14,2026-08-01 10:16:14,9,2.44,3.25,cb
TR2608010013272,CL102658,EN00582,trottinette,Grenoble,ST1056,ST1050,2026-08-01 10:11:42,,7,1.26,2.54,abonnement
TR2608010013273,CL107502,EN00532,velo_elec,Grenoble,ST1058,ST1051,2026-08-01 10:11:02,2026-08-01 10:18:02,7,1.96,2.75,paypal
TR2608010013274,CL108597,EN00173,velo_elec,Lyon,ST1001,ST1016,2026-08-01 10:30:32,2026-08-01 10:41:32,11,1.71,3.75,abonnement
TR2608010013275,CL102436,EN00072,velo,Lyon ,ST1005,ST1001,2026-08-01 10:25:37,2026-08-01 10:45:37,20,6.26,4.0,cb
TR2608010013276,CL106030,EN00169,velo,Lyon,ST1005,ST1005,2026-08-01 10:30:25,01/08/2026 10:42,12,3.0,2.8,paypal
TR2608010013277,CL102237,EN00220,velo_elec,Lyon,ST1008,ST1018,2026-08-01 10:26:56,01/08/2026 10:39,13,2.44,4.25,cb
TR2608010013278,CL105670,EN00090,trottinette,Lyon,ST1011,ST1011,2026-08-01 10:18:59,2026-08-01 10:36:59,18,2.88,4.96,cb
TR2608010013279,CL108400,EN00081,velo_elec,Lyon,ST1013,ST1010,2026-08-01 10:18:39,2026-08-01 10:22:39,4,0.89,2.0,cb
TR2608010013280,CL100351,EN00201,velo_elec,Lyon,ST1014,ST1016,2026-08-01 10:26:40,,4,1.19,2.0,paypal
TR2608010013281,CL106194,EN00042,trottinette,Lyon,ST1015,ST1014,2026-08-01 10:17:46,01/08/2026 10:23,6,1.99,2.32,cb
TR2608010013282,CL107902,EN00174,velo_elec,Lyon,ST1015,ST1013,2026-08-01 10:23:20,2026-08-01 10:40:20,17,4.35,5.25,cb
TR2608010013283,CL103591,EN00014,velo_elec,Lyon,ST1015,ST1001,01/08/2026 10:27,01/08/2026 10:43,16,2.86,5.0,paypal
TR2608010013284,CL105196,EN00256,velo_elec,Nantes,ST1023,ST1026,2026-08-01 10:20:12,2026-08-01 10:26:12,6,1.47,2.5,paypal
TR2608010013285,CL105596,EN00338,velo_elec,Nantes,ST1024,ST1023,2026-08-01 10:21:14,2026-08-01 10:29:14,8,2.39,3.0,cb
TR2608010013286,CL105736,EN00340,velo_elec,Nantes,ST1026,ST1027,2026-08-01 10:20:46,2026-08-01 10:28:46,8,2.07,3.0,abonnement
TR2608010013287,CL108549,EN00348,velo_elec,Nantes,ST1026,ST1033,2026-08-01 10:25:44,1785573164,7,1.78,2.75,abonnement
TR2608010013288,CL108837,EN00395,trottinette,Lille,ST1034,ST1036,2026-08-01 10:18:18,2026-08-01 10:41:18,8137,7.8,6.06,cb
TR2608010013289,CL102157,EN00435,trottinette, Lille,ST1038,ST1037,01/08/2026 10:23,2026-08-01 10:30:26,7,2.43,2.54,paypal
TR2608010013290,CL107169,EN00421,velo_elec,Lille,ST1041,ST1042,01/08/2026 10:25,1785574049,22,6.33,6.5,cb
TR2608010013291,CL101730,EN00366,trottinette,LILLE,ST1043,ST1035,2026-08-01 10:22:34,2026-08-01 10:41:34,19,2.89,5.18,cb
TR2608010013292,CL102264,EN00459,velo_elec,Lille,ST1047,ST1036,2026-08-01 10:16:52,2026-08-01 10:35:52,19,5.15,5.75,paypal
TR2608010013293,CL106987,EN00545,trottinette,Grenoble,ST1050,ST1055,1785572813,2026-08-01 10:33:53,7,1.18,2.54,abonnement
TR2608010013294,CL107202,EN00544,velo_elec,Grenoble,ST1051,ST1049,2026-08-01 10:19:18,2026-08-01 10:34:18,15,3.13,4.75,cb
TR2608010013295,CL100476,EN00597,trottinette,grenoble,ST1054,ST1054,01/08/2026 10:28,2026-08-01 10:44:57,16,4.06,4.52,paypal
TR2608010013296,CL102406,EN00070,trottinette,Lyon,ST1001,ST1016,2026-08-01 10:35:49,2026-08-01 10:41:49,6,1.05,2.32,paypal
TR2608010013297,CL103029,EN00142,velo_elec,Lyon,ST1003,ST1011,2026-08-01 10:33:30,2026-08-01 10:39:30,6,1.17,2.5,abonnement
TR2608010013298,CL103307,EN00020,velo_elec,Lyon,ST1004,ST1015,2026-08-01 10:42:02,2026-08-01 11:04:02,22,4.05,6.5,paypal
TR2608010013299,CL103217,EN00083,velo_elec,Lyon,ST1004,ST1013,2026-08-01 10:34:53,2026-08-01 10:47:53,13,2.8,4.25,cb
TR2608010013300,CL103907,EN00141,velo_elec,Lyon,ST1007,ST1010,2026-08-01 10:43:12,01/08/2026 10:57,14,3.39,4.5,cb
TR2608010013301,CL108388,EN00053,trottinette,Lyon,ST1012,ST1019,1785573033,,30,7.06,7.6,paypal
TR2608010013302,CL105440,EN00034,velo_elec,Lyon,ST1013,ST1001,2026-08-01 10:41:00,01/08/2026 10:47,6,1.2,2.5,cb
TR2608010013303,CL105040,EN00183,velo_elec,Lyon,ST1015,ST1001,2026-08-01 10:40:20,1785573980,6,1.52,2.5,cb
TR2608010013304,CL106659,EN00130,velo_elec,Lyon,ST1017,ST1016,2026-08-01 10:42:40,2026-08-01 10:49:40,7,1.59,2.75,cb
TR2608010013305,CL104083,EN00210,trottinette,Lyon,ST1017,ST1015,2026-08-01 10:32:30,,11,2.57,3.42,cb
TR2608010013306,CL107290,EN00037,trottinette,Lyon,ST1019,ST1003,2026-08-01 10:43:11,2026-08-01 10:56:11,13,3.44,3.86,cb
TR2608010013307,CL103046,EN00228,trottinette,nantes,ST1030,ST1024,2026-08-01 10:41:31,2026-08-01 10:53:31,12,1.85,3.64,abonnement
TR2608010013308,CL102168,EN00355,velo_elec,Nante,ST1032,ST1021,2026-08-01 10:37:31,2026-08-01 10:45:31,8,1.6,3.0,cb
TR2608010013309,CL101400,EN00488,velo_elec,Lille,ST1035,ST1037,2026-08-01 10:44:27,2026-08-01 10:54:27,10,2.59,3.5,abonnement
TR2608010013310,CL104800,EN00368,trottinette,Lille,ST1035,ST1047,2026-08-01 10:42:23,,10,2.58,3.2,cb
TR2608010013311,CL101849,EN00412,trottinette,Lille,ST1038,ST1047,2026-08-01 10:39:24,2026-08-01 10:45:24,6,1.51,2.32,abonnement
TR2608010013312,CL106957,EN00489,trottinette,Lille,ST1039,ST1037,2026-08-01 10:45:17,01/08/2026 10:51,6,2.02,2.32,cb
TR2608010013313,CL105072,EN00425,velo_elec,LILLE,ST1040,ST1038,2026-08-01 10:32:26,2026-08-01 10:48:26,16,5.22,5.0,abonnement
TR2608010013314,CL101757,EN00409,trottinette,Lille,ST1045,ST1038,2026-08-01 10:44:38,2026-08-01 10:58:38,14,4.07,4.08,abonnement
TR2608010013315,CL104948,EN00456,trottinette,Lille,ST1047,ST1046,2026-08-01 10:37:06,2026-08-01 10:40:06,3,0.77,1.66,abonnement
TR2608010013316,CL102586,EN00511,trottinette,Grenoble,ST1048,ST1055,1785573520,2026-08-01 10:44:40,6,1.26,2.32,cb
TR2608010013317,CL101841,EN00582,trottinette,Grenoble,ST1050,ST1054,2026-08-01 10:43:03,2026-08-01 10:51:03,8,2.66,2.76,abonnement
TR2608010013318,CL104122,EN00567,velo_elec,Grenoble,ST1052,ST1048,2026-08-01 10:31:25,2026-08-01 10:49:25,18,3.46,5.5,abonnement
TR2608010013319,CL105287,EN00539,velo_elec,Grenoble,ST1056,ST1056,2026-08-01 10:33:21,1785573861,11,1.78,3.75,paypal
TR2608010013320,CL100934,EN00561,velo_elec,Grenoble,ST1057,ST1053,01/08/2026 10:44,01/08/2026 11:02,18,5.84,5.5,abonnement
TR2608010013321,CL105036,EN00019,trottinette,Lyon,ST1002,ST1008,2026-08-01 10:55:42,2026-08-01 11:02:42,7,1.99,2.54,abonnement
TR2608010013322,CL103974,EN00050,velo_elec,Lyon,ST1005,ST1017,2026-08-01 10:51:24,2026-08-01 11:19:24,28,6.36,8.0,cb
TR2608010013323,CL107618,EN00151,trottinette,Lyon,ST1006,ST1011,2026-08-01 10:56:49,2026-08-01 11:07:49,11,3.45,3.42,cb
TR2608010013324,CL103796,EN00142,velo_elec,Lyon,ST1011,ST1003,2026-08-01 10:58:13,,25,4.15,7.25,paypal
TR2608010013325,CL106145,EN00206,velo_elec,Lyon,ST1017,ST1010,01/08/2026 10:47,2026-08-01 10:59:27,12,2.52,4.0,abonnement
TR2608010013326,CL108241,EN00221,velo_elec,Nantes,ST1021,ST1025,2026-08-01 10:47:33,2026-08-01 11:03:33,16,3.55,5.0,paypal
TR2608010013327,CL105062,EN00245,velo_elec,Nantes,ST1022,ST1023,2026-08-01 10:57:27,2026-08-01 11:20:27,23,6.8,6.75,cb
TR2608010013328,CL100430,EN00338,velo_elec,Nantes,ST1023,ST1031,2026-08-01 10:46:45,2026-08-01 10:59:45,13,2.78,4.25,abonnement
TR2608010013329,CL104879,EN00341,velo_elec,Nantes,ST1024,ST1032,2026-08-01 10:52:24,1785574704,6,1.41,2.5,abonnement
TR2608010013330,CL106777,EN00342,velo_elec,Nante,ST1028,ST1029,01/08/2026 10:55,,-13,1.97,4.0,paypal
TR2608010013331,CL100084,EN00402,trottinette,Lille,ST1039,ST1047,01/08/2026 10:46,01/08/2026 10:55,9,2.7,2.98,paypal
TR2608010013332,CL108360,EN00446,trottinette,Lille,ST1039,ST1036,2026-08-01 10:47:26,01/08/2026 11:06,19,5.76,5.18,paypal
TR2608010013333,CL105048,EN00410,velo_elec,Lille,ST1042,ST1044,2026-08-01 10:56:43,01/08/2026 11:10,14,4.24,4.5,cb
TR2608010013334,CL102109,EN00387,velo,Lille,ST1045,ST1037,1785574628,2026-08-01 11:19:08,22,3.51,4.3,cb
TR2608010013335,CL105295,EN00591,velo_elec,Grenoble,ST1049,ST1053,2026-08-01 10:48:35,,12,4.19,4.0,abonnement
TR2608010013336,CL107221,EN00596,velo_elec,GRENOBLE,ST1050,ST1049,2026-08-01 11:00:04,2026-08-01 11:14:04,14,3.34,4.5,cb
TR2608010013337,CL104626,EN00532,velo_elec,Grenoble,ST1051,ST1053,01/08/2026 10:46,2026-08-01 10:56:18,10,3.49,3.5,cb
TR2608010013338,CL100750,EN00513,velo_elec,Grenoble,ST1052,ST1049,1785574672,2026-08-01 11:11:52,14,2.44,4.5,cb
TR2608010013339,CL108151,EN00528,velo_elec,Grenoble,ST1055,ST1052,2026-08-01 10:45:48,01/08/2026 11:05,20,5.74,6.0,cb
TR2608010013340,CL101841,EN00545,trottinette,Grenoble,ST1055,ST1052,2026-08-01 10:51:53,1785575033,12,3.57,3.64,cb
TR2608010013341,CL104101,EN00135,trottinette,lyon,ST1002,ST1019,1785575721,2026-08-01 11:23:21,8,2.15,2.76,cb
TR2608010013342,CL107499,EN00073,velo_elec,Lyon,ST1003,ST1008,2026-08-01 11:09:34,2026-08-01 11:14:34,5,1.32,2.25,cb
TR2608010013343,CL101654,EN00200,trottinette,Lyon,ST1006,ST1008,2026-08-01 11:09:09,2026-08-01 11:15:09,6,1.36,2.32,cb
TR2608010013344,CL108685,EN00185,trottinette,Lyon,ST1007,ST1018,2026-08-01 11:02:46,2026-08-01 11:12:46,10,1.53,3.2,cb
TR2608010013345,CL102791,EN00198,velo_elec,Lyon,ST1008,ST1014,01/08/2026 11:11,2026-08-01 11:29:55,18,6.04,5.5,abonnement
TR2608010013346,CL105852,EN00031,velo_elec,Lyon ,ST1008,ST1006,1785574952,2026-08-01 11:23:32,21,6.99,6.25,abonnement
TR2608010013347,CL104689,EN00218,velo_elec,Lyon,ST1009,ST1014,01/08/2026 11:10,01/08/2026 11:34,24,6.74,7.0,cb
TR2608010013348,CL105754,EN00036,velo_elec,Lyon,ST1009,ST1001,01/08/2026 11:04,2026-08-01 11:09:06,5,1.38,2.25,abonnement
TR2608010013349,CL101137,EN00092,trottinette,Lyon,ST1012,ST1013,2026-08-01 11:05:01,,7,1.82,2.54,cb
TR2608010013350,CL106736,EN00068,velo_elec,Lyon,ST1012,ST1007,2026-08-01 11:13:11,2026-08-01 11:25:11,12,3.77,4.0,cb
TR2608010013351,CL108256,EN00156,velo,Lyon,ST1017,ST1001,1785575030,2026-08-01 11:20:50,17,3.68,3.55,cb
TR2608010013352,CL100698,EN00220,velo_elec,Lyon,ST1018,ST1004,2026-08-01 11:03:36,2026-08-01 11:11:36,8,1.84,3.0,paypal
TR2608010013353,CL107576,EN00338,velo_elec,Nantes,ST1031,ST1022,2026-08-01 11:00:54,2026-08-01 11:11:54,11,2.52,3.75,paypal
TR2608010013354,CL105310,EN00425,velo_elec,Lille,ST1038,ST1044,2026-08-01 11:14:37,2026-08-01 11:24:37,10,2.78,3.5,paypal
TR2608010013355,CL104475,EN00475,trottinette,Lille,ST1039,ST1037,2026-08-01 11:10:10,2026-08-01 11:16:10,6,1.56,2.32,abonnement
TR2608010013356,CL106442,EN00493,velo_elec,Lille,ST1040,ST1037,2026-08-01 11:09:42,2026-08-01 11:34:42,25,5.3,7.25,cb
TR2608010013357,CL101321,EN00482,velo_elec,Lille,ST1044,ST1036,2026-08-01 11:10:38,2026-08-01 11:24:38,14,3.3,4.5,abonnement
TR2608010013358,CL106670,EN00474,velo_elec,Lille,ST1044,ST1044,2026-08-01 11:05:49,2026-08-01 11:17:49,12,1.86,4.0,cb
TR2608010013359,CL104119,EN00458,velo,Lille,ST1045,ST1037,2026-08-01 11:06:39,2026-08-01 11:16:39,10,1.84,2.5,cb
TR2608010013360,CL102944,EN00456,trottinette,Lille,ST1046,ST1044,01/08/2026 11:14,2026-08-01 11:17:28,3,0.61,1.66,cb
TR2608010013361,CL107494,EN00402,trottinette,Lille,ST1047,ST1045,2026-08-01 11:14:22,2026-08-01 11:39:22,25,6.78,6.5,
TR2608010013362,CL100235,EN00103,trottinette,Lyon,ST1002,ST1017,2026-08-01 11:26:40,2026-08-01 11:29:40,3,0.74,1.66,cb
TR2608010013363,CL103167,EN00044,trottinette,Lyon,ST1003,ST1014,2026-08-01 11:17:21,2026-08-01 11:27:21,10,2.92,3.2,cb
TR2608010013364,CL105711,EN00220,velo_elec,Lyon,ST1004,ST1006,2026-08-01 11:24:31,1785576691,7,1.22,2.75,cb
TR2608010013365,CL108362,EN00169,velo,Lyon,ST1005,ST1002,2026-08-01 11:18:54,01/08/2026 11:46,28,4.92,5.2,abonnement
TR2608010013366,CL102182,EN00114,velo,Lyon,ST1005,ST1008,2026-08-01 11:28:31,2026-08-01 11:45:31,17,5.24,3.55,abonnement
TR2608010013367,CL100355,EN00170,trottinette,Lyon,ST1007,ST1018,2026-08-01 11:17:37,1785576217,6,1.74,2.32,paypal
TR2608010013368,CL108969,EN00058,velo_elec,Lyon,ST1009,ST1013,01/08/2026 11:17,2026-08-01 11:27:46,10,2.26,3.5,cb
TR2608010013369,CL104715,EN00097,velo_elec,Lyon,ST1012,ST1002,2026-08-01 11:29:50,01/08/2026 11:47,-4,5.63,5.5,cb
TR2608010013370,CL100389,EN00185,trottinette,Lyon,ST1018,ST1006,2026-08-01 11:18:19,2026-08-01 11:27:19,9,1.98,2.98,cb
TR2608010013371,CL105120,EN00078,velo_elec,Lyon,ST1019,ST1008,2026-08-01 11:17:21,2026-08-01 11:25:21,8,1.85,3.0,cb
TR2608010013372,CL100065,EN00339,velo_elec,nantes,ST1025,ST1022,2026-08-01 11:16:20,2026-08-01 11:32:20,16,3.54,5.0,cb
TR2608010013373,CL103021,EN00284,trottinette,Nantes,ST1031,ST1029,2026-08-01 11:21:33,01/08/2026 11:30,9,2.81,2.98,cb
TR2608010013374,CL100443,EN00374,velo_elec,Lille,ST1035,ST1037,2026-08-01 11:26:40,2026-08-01 11:45:40,19,3.41,5.75,paypal
TR2608010013375,CL101809,EN00414,velo_elec,Lille,ST1036,ST1034,2026-08-01 11:17:22,2026-08-01 11:55:22,38,10.62,10.5,cb
TR2608010013376,CL104500,EN00395,trottinette,Lille,ST1036,ST1040,1785575868,01/08/2026 11:52,35,12.04,8.7,abonnement
TR2608010013377,CL106074,EN00495,trottinette,Lille,ST1036,ST1042,2026-08-01 11:24:47,2026-08-01 11:33:47,9,2.78,2.98,cb
TR2608010013378,CL105909,EN00427,trottinette,Lille,ST1041,ST1043,2026-08-01 11:30:15,2026-08-01 11:37:15,7,1.9,2.54,cb
TR2608010013379,CL105659,EN00444,trottinette,Lille,ST1043,ST1047,1785576515,2026-08-01 11:44:35,16,5.22,4.52,paypal
TR2608010013380,CL104402,EN00368,trottinette,Lille,ST1047,ST1037,2026-08-01 11:25:07,2026-08-01 11:41:07,16,4.2,4.52,abonnement
TR2608010013381,CL107094,EN00412,trottinette,lille,ST1047,ST1042,2026-08-01 11:21:43,2026-08-01 11:34:43,13,2.25,3.86,paypal
TR2608010013382,CL108269,EN00511,trottinette,Grenoble,ST1055,ST1048,1785576368,2026-08-01 11:41:08,15,4.5,4.3,abonnement
TR2608010013383,CL105385,EN00517,trottinette,GRENOBLE,ST1056,ST1053,2026-08-01 11:25:06,2026-08-01 11:32:06,7,2.2,2.54,abonnement
TR2608010013384,CL105115,EN00547,trottinette,Grenoble,ST1057,ST1054,2026-08-01 11:18:09,2026-08-01 11:33:09,15,3.35,4.3,cb
TR2608010013385,CL102509,EN00531,trottinette,Grenoble,ST1058,ST1056,1785575754,2026-08-01 11:24:54,9,1.62,2.98,abonnement
TR2608010013386,CL104498,EN00014,velo_elec,Lyon,ST1001,ST1007,2026-08-01 11:38:41,2026-08-01 11:54:41,16,3.98,5.0,cb
TR2608010013387,CL100426,EN00102,velo_elec,Lyon,ST1002,ST1011,2026-08-01 11:45:09,2026-08-01 11:57:09,12,2.73,4.0,cb
TR2608010013388,CL100097,EN00006,trottinette,Lyon,ST1002,ST1008,1785577467,2026-08-01 11:49:27,5,0.77,2.1,paypal
TR2608010013389,CL101856,EN00079,velo_elec,Lyon,ST1003,ST1013,2026-08-01 11:40:15,2026-08-01 11:46:15,6,1.9,2.5,abonnement
TR2608010013390,CL106707,EN00220,velo_elec,Lyon,ST1006,ST1002,2026-08-01 11:37:03,2026-08-01 11:53:03,16,5.37,5.0,cb
TR2608010013391,CL106338,EN00144,trottinette,Lyon,ST1012,ST1013,01/08/2026 11:41,2026-08-01 11:53:27,12,3.3,3.64,cb
TR2608010013392,CL108579,EN00005,velo_elec,Lyon,ST1012,ST1018,1785576806,2026-08-01 11:44:26,11,2.6,3.75,cb
TR2608010013393,CL107263,EN00174,velo_elec,LYON,ST1013,ST1008,01/08/2026 11:44,1785577750,5,0.99,2.25,cb
TR2608010013394,CL107901,EN00170,trottinette,Lyon,ST1018,ST1009,2026-08-01 11:44:00,2026-08-01 11:56:00,12,3.46,3.64,cb
TR2608010013395,CL108707,EN00234,trottinette,Nantes,ST1022,ST1028,2026-08-01 11:30:57,2026-08-01 11:39:57,9,1.78,2.98,abonnement
TR2608010013396,CL103342,EN00340,velo_elec,Nantes,ST1027,ST1028,2026-08-01 11:37:17,2026-08-01 11:48:17,11,2.57,3.75,paypal
TR2608010013397,CL107699,EN00249,velo_elec,Nantes,ST1029,ST1029,2026-08-01 11:37:28,2026-08-01 12:14:28,37,12.28,10.25,abonnement
TR2608010013398,CL105663,EN00309,trottinette,Nantes,ST1030,ST1025,2026-08-01 11:35:29,2026-08-01 11:47:29,12,2.27,3.64,paypal
TR2608010013399,CL102505,EN00480,velo_elec,Lille,ST1034,ST1038,2026-08-01 11:41:37,2026-08-01 11:54:37,13,2.3,4.25,abonnement
TR2608010013400,CL106446,EN00409,trottinette,Lille,ST1038,ST1047,1785577241,2026-08-01 11:51:41,11,2.48,3.42,abonnement
TR2608010013401,CL108043,EN00423,velo_elec, Lille,ST1040,ST1040,2026-08-01 11:37:54,2026-08-01 11:48:54,11,2.18,3.75,abonnement
TR2608010013402,CL100924,EN00443,velo_elec,Lille,ST1041,ST1041,2026-08-01 11:34:02,2026-08-01 11:54:02,20,4.07,6.0,cb
TR2608010013403,CL108787,EN00496,velo_elec,Lille,ST1041,ST1034,2026-08-01 11:44:00,2026-08-01 11:56:00,12,2.86,4.0,cb
TR2608010013404,CL101792,EN00361,trottinette,Lille,ST1046,ST1039,2026-08-01 11:41:11,2026-08-01 11:59:11,18,3.51,4.96,cb
TR2608010013405,CL108833,EN00567,velo_elec,Grenoble,ST1048,ST1053,01/08/2026 11:45,2026-08-01 12:09:24,24,4.57,7.0,cb
TR2608010013406,CL106747,EN00546,trottinette,Grenoble,ST1050,ST1055,01/08/2026 11:42,2026-08-01 12:12:17,30,4.54,7.6,cb
TR2608010013407,CL100106,EN00564,velo,GRENOBLE,ST1050,ST1056,2026-08-01 11:36:06,2026-08-01 11:51:06,7260,3.75,3.25,abonnement
TR2608010013408,CL107008,EN00539,velo_elec,Grenoble,ST1056,ST1056,2026-08-01 11:37:02,2026-08-01 11:58:02,21,6.7,6.25,cb
TR2608010013409,CL105254,EN00124,velo_elec,Lyon,ST1003,ST1002,2026-08-01 11:59:16,2026-08-01 12:08:16,9,2.06,3.25,abonnement
TR2608010013410,CL103109,EN00037,trottinette,Lyon,ST1003,ST1006,2026-08-01 11:59:01,2026-08-01 12:10:01,11,2.95,3.42,paypal
TR2608010013411,CL108182,EN00193,trottinette,Lyon,ST1004,ST1019,01/08/2026 11:56,2026-08-01 12:15:33,19,4.23,5.18,cb
TR2608010013412,CL103791,EN00116,velo,Lyon,ST1005,ST1012,2026-08-01 11:52:57,2026-08-01 12:02:57,10,2.63,2.5,cb
TR2608010013413,CL108453,EN00127,trottinette,Lyon,ST1012,ST1012,2026-08-01 11:50:17,2026-08-01 12:08:17,18,4.45,4.96,cb
TR2608010013414,CL106210,EN00211,velo_elec,Lyon,ST1012,ST1002,2026-08-01 11:48:43,2026-08-01 11:57:43,9,1.57,3.25,abonnement
TR2608010013415,CL100212,EN00079,velo_elec,Lyon,ST1013,ST1001,2026-08-01 11:54:38,01/08/2026 12:13,19,3.57,5.75,cb
TR2608010013416,CL104997,EN00177,velo_elec,Lyon,ST1013,ST1007,2026-08-01 11:48:31,2026-08-01 11:55:31,7,1.05,2.75,cb
TR2608010013417,CL106350,EN00042,trottinette,Lyon,ST1014,ST1013,2026-08-01 12:00:27,2026-08-01 12:10:27,10,2.55,3.2,paypal
TR2608010013418,CL100773,EN00044,trottinette,Lyon,ST1014,ST1007,2026-08-01 11:53:31,,17,3.92,4.74,paypal
TR2608010013419,CL103552,EN00173,velo_elec,Lyon,ST1016,ST1010,2026-08-01 12:00:17,2026-08-01 12:05:17,5,1.58,2.25,abonnement
TR2608010013420,CL105480,EN00050,velo_elec,Lyon,ST1017,ST1016,1785578051,2026-08-01 12:06:11,12,2.54,4.0,
TR2608010013421,CL101666,EN00103,trottinette,Lyon,ST1017,ST1008,2026-08-01 11:53:33,01/08/2026 12:06,13,1.98,3.86,paypal
TR2608010013422,CL104545,EN00222,velo_elec,Nantes,ST1021,ST1028,01/08/2026 11:46,1785578130,9,1.79,3.25,cb
TR2608010013423,CL104709,EN00278,trottinette,Nantes,ST1021,ST1022,01/08/2026 11:50,2026-08-01 12:10:48,20,3.76,5.4,abonnement
TR2608010013424,CL102354,EN00245,velo_elec,Nantes,ST1023,ST1021,2026-08-01 11:47:58,2026-08-01 12:01:58,14,2.49,4.5,cb
TR2608010013425,CL108224,EN00300,velo_elec,Nantes,ST1033,ST1020,2026-08-01 11:52:31,1785578311,6,1.9,2.5,cb
TR2608010013426,CL104723,EN00428,velo_elec,Lille,ST1034,ST1043,2026-08-01 12:00:07,2026-08-01 12:21:07,21,3.42,6.25,cb
TR2608010013427,CL100454,EN00366,trottinette,Lille,ST1035,ST1045,2026-08-01 11:49:48,2026-08-01 11:54:48,5,0.96,2.1,cb
TR2608010013428,CL107460,EN00439,velo_elec,Lille,ST1043,ST1039,2026-08-01 11:53:14,1785578654,11,2.9,3.75,abonnement
TR2608010013429,CL107036,EN00425,velo_elec,Lille,ST1044,ST1046,2026-08-01 11:56:51,2026-08-01 12:04:51,8,1.84,3.0,cb
TR2608010013430,CL104757,EN00410,velo_elec,Lille,ST1044,ST1045,1785578366,2026-08-01 12:12:26,13,3.58,4.25,paypal
TR2608010013431,CL104605,EN00444,trottinette,Lille,ST1047,ST1034,1785577616,2026-08-01 11:59:56,13,3.96,3.86,cb
TR2608010013432,CL102930,EN00577,velo_elec,Grenoble,ST1051,ST1049,2026-08-01 11:54:43,2026-08-01 12:08:43,14,3.91,4.5,abonnement
TR2608010013433,CL108517,EN00597,trottinette,Grenoble,ST1054,ST1056,2026-08-01 11:53:43,2026-08-01 12:07:43,14,3.07,4.08,cb
TR2608010013434,CL104002,EN00571,trottinette,Grenoble,ST1057,ST1053,2026-08-01 11:50:36,2026-08-01 11:59:36,9,2.45,2.98,cb
TR2608010013435,CL100949,EN00220,velo_elec,Lyon,ST1002,ST1014,01/08/2026 12:01,2026-08-01 12:20:38,19,5.65,5.75,cb
TR2608010013436,CL103520,EN00157,velo_elec,Lyon,ST1006,ST1008,2026-08-01 12:05:53,2026-08-01 12:13:53,8,2.11,3.0,cb
TR2608010013437,CL105296,EN00073,velo_elec,Lyon,ST1008,ST1015,2026-08-01 12:02:22,2026-08-01 12:13:22,11,2.35,3.75,cb
TR2608010013438,CL101924,EN00170,trottinette,Lyon,ST1009,ST1003,2026-08-01 12:06:23,2026-08-01 12:21:23,15,4.86,4.3,cb
TR2608010013439,CL103822,EN00025,velo_elec,Lyon,ST1014,ST1013,2026-08-01 12:07:39,2026-08-01 12:19:39,12,3.19,4.0,cb
TR2608010013440,CL106584,EN00070,trottinette,LYON,ST1016,ST1004,2026-08-01 12:03:50,2026-08-01 12:19:50,16,4.65,4.52,paypal
TR2608010013441,CL101756,EN00130,velo_elec,Lyon,ST1016,ST1001,2026-08-01 12:07:43,2026-08-01 12:32:43,25,4.38,7.25,cb
TR2608010013442,CL101317,EN00145,trottinette,Lyon,ST1019,ST1005,2026-08-01 12:04:50,2026-08-01 12:26:50,22,5.95,5.84,cb
TR2608010013443,CL108458,EN00084,velo_elec,Lyon,ST1019,ST1019,2026-08-01 12:03:17,2026-08-01 12:09:17,6,1.22,2.5,abonnement
TR2608010013444,CL103184,EN00289,trottinette,Nantes,ST1021,ST1030,01/08/2026 12:01,2026-08-01 12:11:27,10,2.88,3.2,paypal
TR2608010013445,CL108430,EN00273,velo_elec,Nantes,ST1022,ST1033,2026-08-01 12:10:23,2026-08-01 12:19:23,9,2.0,3.25,paypal
TR2608010013446,CL103441,EN00272,trottinette,Nantes,ST1027,ST1027,2026-08-01 12:01:41,1785580421,32,10.08,8.04,cb
TR2608010013447,CL103650,EN00318,velo_elec,Nantes,ST1029,ST1033,2026-08-01 12:04:44,2026-08-01 12:22:44,18,5.7,5.5,cb
TR2608010013448,CL103019,EN00420,trottinette,Lille,ST1035,ST1037,2026-08-01 12:14:49,2026-08-01 12:18:49,4,0.66,1.88,cb
TR2608010013449,CL108666,EN00374,velo_elec,Lille,ST1037,ST1034,2026-08-01 12:07:11,01/08/2026 13:02,55,16.27,14.75,cb
TR2608010013450,CL101634,EN00488,velo_elec,Lille,ST1037,ST1040,2026-08-01 12:01:49,2026-08-01 12:35:49,34,10.52,9.5,paypal
TR2608010013451,CL106870,EN00421,velo_elec,Lille,ST1042,ST1043,2026-08-01 12:05:28,2026-08-01 12:14:28,9,2.4,3.25,cb
TR2608010013452,CL108945,EN00403,trottinette,Lille,ST1043,ST1040,2026-08-01 12:11:04,2026-08-01 12:32:04,21,5.1,5.62,
TR2608010013453,CL105044,EN00474,velo_elec,Lille,ST1044,ST1047,01/08/2026 12:14,2026-08-01 12:18:09,4,1.03,2.0,cb
TR2608010013454,CL104687,EN00406,velo_elec,Lille,ST1044,ST1040,2026-08-01 12:08:29,2026-08-01 12:44:29,36,6.9,10.0,cb
TR2608010013455,CL101167,EN00416,trottinette,Lille,ST1046,ST1040,2026-08-01 12:01:52,2026-08-01 12:07:52,6,1.35,2.32,cb
TR2608010013456,CL107446,EN00598,velo_elec,Grenoble,ST1053,ST1051,2026-08-01 12:13:23,1785579923,12,3.65,4.0,cb
TR2608010013457,CL100067,EN00533,velo_elec,Grenoble,ST1055,ST1048,2026-08-01 12:12:11,,13,3.93,4.25,paypal
TR2608010013458,CL102014,EN00587,trottinette,Grenoble,ST1057,ST1051,2026-08-01 12:10:24,2026-08-01 12:25:24,15,3.94,4.3,abonnement
TR2608010013459,CL105848,EN00079,velo_elec,Lyon,ST1001,ST1010,2026-08-01 12:24:40,1785581080,20,6.73,6.0,abonnement
TR2608010013460,CL102691,EN00168,velo_elec,LYON,ST1004,ST1005,01/08/2026 12:18,2026-08-01 12:24:20,2967,1.24,2.5,cb
TR2608010013461,CL105619,EN00085,velo_elec,Lyon,ST1009,ST1004,2026-08-01 12:28:55,2026-08-01 12:42:55,14,2.67,4.5,cb
TR2608010013462,CL107641,EN00206,velo_elec,Lyon,ST1010,ST1017,2026-08-01 12:16:00,2026-08-01 12:23:00,7,2.42,2.75,abonnement
TR2608010013463,CL102248,EN00081,velo_elec,Lyon,ST1010,ST1014,01/08/2026 12:22,2026-08-01 12:37:40,15,4.45,4.75,paypal
TR2608010013464,CL103725,EN00151,trottinette,Lyon,ST1011,ST1016,2026-08-01 12:23:29,2026-08-01 12:43:29,20,3.36,5.4,cb
TR2608010013465,CL107237,EN00042,trottinette,Lyon,ST1013,ST1014,2026-08-01 12:26:34,2026-08-01 12:37:34,11,2.38,3.42,abonnement
TR2608010013466,CL105961,EN00215,velo_elec,Lyon,ST1014,ST1010,2026-08-01 12:29:30,2026-08-01 12:40:30,11,2.35,3.75,cb
TR2608010013467,CL103415,EN00201,velo_elec,Lyonn,ST1016,ST1016,2026-08-01 12:25:31,2026-08-01 12:28:31,3,0.59,1.75,cb
TR2608010013468,CL108164,EN00239,trottinette,Nantes,ST1029,ST1030,01/08/2026 12:30,2026-08-01 12:39:15,9,2.85,2.98,abonnement
TR2608010013469,CL103485,EN00360,trottinette,Nantes,ST1030,ST1022,2026-08-01 12:28:17,1785580697,10,3.26,3.2,abonnement
TR2608010013470,CL102198,EN00370,velo_elec,Lille,ST1035,ST1037,,2026-08-01 12:51:51,22,6.72,6.5,cb
TR2608010013471,CL104160,EN00482,velo_elec,Lille,ST1036,ST1036,1785580233,2026-08-01 12:36:33,6,1.08,2.5,
TR2608010013472,CL108357,EN00411,trottinette,Lille,ST1043,ST1041,2026-08-01 12:22:38,2026-08-01 12:42:38,20,3.33,5.4,paypal
TR2608010013473,CL105048,EN00366,trottinette,Lille,ST1045,ST1047,2026-08-01 12:25:27,2026-08-01 12:37:27,12,3.55,3.64,abonnement
TR2608010013474,CL106035,EN00507,trottinette,Grenoble,ST1048,ST1051,2026-08-01 12:27:08,2026-08-01 12:37:08,10,2.48,3.2,cb
TR2608010013475,CL101026,EN00509,trottinette,Grenoble,ST1049,ST1057,2026-08-01 12:28:30,2026-08-01 12:35:30,-3,1.12,2.54,cb
TR2608010013476,CL108733,EN00528,velo_elec,Grenoble,ST1052,ST1054,2026-08-01 12:30:28,2026-08-01 12:40:28,10,3.12,3.5,cb
TR2608010013477,CL101546,EN00582,trottinette,Grenoble,ST1054,ST1056,2026-08-01 12:19:25,2026-08-01 12:27:25,8,2.25,2.76,cb
TR2608010013478,CL108382,EN00597,trottinette,Grenoble,ST1056,ST1051,2026-08-01 12:29:58,2026-08-01 12:43:58,14,3.39,4.08,cb
TR2608010013479,CL108162,EN00539,velo_elec,grenoble,ST1056,ST1058,2026-08-01 12:28:57,1785581217,18,5.17,5.5,abonnement
TR2608010013480,CL101962,EN00034,velo_elec,Lyon,ST1001,ST1015,2026-08-01 12:42:28,2026-08-01 13:12:28,30,10.24,8.5,abonnement
TR2608010013481,CL107563,EN00142,velo_elec,Lyon,ST1003,ST1018,2026-08-01 12:42:53,2026-08-01 12:53:53,11,3.04,3.75,cb
TR2608010013482,CL108485,EN00167,trottinette,Lyon,ST1003,ST1011,2026-08-01 12:33:37,2026-08-01 13:05:37,32,10.49,8.04,paypal
TR2608010013483,CL103828,EN00037,trottinette,Lyon,ST1006,ST1016,01/08/2026 12:42,2026-08-01 13:29:25,47,8.72,11.34,paypal
TR2608010013484,CL106805,EN00014,velo_elec,Lyon,ST1007,ST1018,2026-08-01 12:36:41,1785581021,7,1.94,2.75,paypal
TR2608010013485,CL974911,EN00078,velo_elec,Lyon,ST1008,ST1004,2026-08-01 12:44:09,2026-08-01 13:14:09,30,7.7,8.5,abonnement
TR2608010013486,CL108181,EN00174,velo_elec,Lyon,ST1008,ST1001,2026-08-01 12:44:54,01/08/2026 12:52,8,1.82,3.0,cb
TR2608010013487,CL104651,EN00157,velo_elec,Lyon,ST1008,ST1010,2026-08-01 12:41:23,2026-08-01 12:59:23,18,4.23,5.5,paypal
TR2608010013488,CL101360,EN00200,trottinette,Lyon,ST1008,ST1006,2026-08-01 12:45:38,2026-08-01 12:52:38,7,1.45,2.54,cb
TR2608010013489,CL106414,EN00173,velo_elec,Lyon,ST1010,ST1003,1785580442,2026-08-01 12:44:02,10,3.17,3.5,paypal
TR2608010013490,CL104388,EN00141,velo_elec,Lyon,ST1010,ST1007,2026-08-01 12:43:48,01/08/2026 12:55,12,3.72,4.0,cb
TR2608010013491,CL100248,EN00025,velo_elec,Lyon,ST1013,ST1019,2026-08-01 12:42:25,2026-08-01 12:48:25,6,1.7,2.5,cb
TR2608010013492,CL104835,EN00083,velo_elec,Lyon,ST1013,ST1002,2026-08-01 12:40:20,01/08/2026 13:00,20,3.02,6.0,abonnement
TR2608010013493,CL104894,EN00220,velo_elec,Lyon,ST1014,ST1011,01/08/2026 12:37,2026-08-01 12:45:20,8,2.37,3.0,abonnement
TR2608010013494,CL102244,EN00210,trottinette,Lyon,ST1015,ST1018,2026-08-01 12:44:21,2026-08-01 12:58:21,14,4.61,4.08,abonnement
TR2608010013495,CL101252,EN00206,velo_elec,Lyon,ST1017,ST1009,2026-08-01 12:41:52,2026-08-01 12:57:52,16,4.45,5.0,cb
TR2608010013496,CL101371,EN00005,velo_elec,Lyon,ST1018,ST1005,1785580391,2026-08-01 12:43:11,10,2.97,3.5,abonnement
TR2608010013497,CL105521,EN00263,trottinette,Nantes,ST1022,ST1023,2026-08-01 12:41:36,01/08/2026 13:14,33,6.66,8.26,cb
TR2608010013498,CL100452,EN00302,velo_elec,Nantes,ST1028,ST1032,1785580698,2026-08-01 12:47:18,9,1.47,3.25,abonnement
TR2608010013499,CL107579,EN00234,trottinette,Nantes,ST1028,ST1027,2026-08-01 12:37:57,2026-08-01 12:49:57,12,2.9,3.64,abonnement
TR2608010013500,CL103216,EN00261,trottinette,Nantes,ST1031,ST1023,01/08/2026 12:31,2026-08-01 12:37:43,6,1.21,2.32,cb
TR2608010013501,CL108297,EN00414,velo_elec,Lille,ST1034,ST1046,2026-08-01 12:42:30,2026-08-01 12:55:30,13,3.63,4.25,abonnement
TR2608010013502,CL105145,EN00480,velo_elec,Lille,ST1038,ST1040,2026-08-01 12:37:27,1785581007,6,1.96,2.5,cb
TR2608010013503,CL100399,EN00389,trottinette,Lille,ST1041,ST1034,2026-08-01 12:37:02,01/08/2026 12:44,7,1.15,2.54,paypal
TR2608010013504,CL100724,EN00421,velo_elec,Lille,ST1043,ST1040,1785580236,2026-08-01 12:39:36,-11,3.11,3.25,cb
TR2608010013505,CL102602,EN00461,velo_elec,Lille,ST1044,ST1046,2026-08-01 12:36:36,2026-08-01 12:51:36,15,3.12,4.75,paypal
TR2608010013506,CL100234,EN00544,velo_elec,grenoble,ST1049,ST1048,01/08/2026 12:43,2026-08-01 13:07:15,24,5.64,7.0,cb
TR2608010013507,CL108759,EN00546,trottinette,Grenoble,ST1055,ST1050,2026-08-01 12:30:48,1785582528,38,7.55,9.36,abonnement
TR2608010013508,CL100652,EN00130,velo_elec,Lyon,ST1001,ST1006,2026-08-01 12:57:37,2026-08-01 13:03:37,6,1.72,2.5,cb
TR2608010013509,CL100630,EN00173,velo_elec,Lyon,ST1003,ST1008,2026-08-01 12:51:55,2026-08-01 13:10:55,19,3.16,5.75,abonnement
TR2608010013510,CL105341,EN00168,velo_elec,Lyon,ST1005,ST1016,2026-08-01 12:46:34,2026-08-01 12:49:34,3,0.88,1.75,cb
TR2608010013511,CL103696,EN00177,velo_elec,Lyon,ST1007,ST1001,01/08/2026 12:58,01/08/2026 13:27,29,5.24,8.25,cb
TR2608010013512,CL102472,EN00152,velo_elec,Lyon,ST1009,ST1011,2026-08-01 12:55:41,2026-08-01 13:01:41,6,1.47,2.5,paypal
TR2608010013513,CL105858,EN00095,trottinette,Lyon,ST1010,ST1010,2026-08-01 12:56:01,1785582901,19,2.95,5.18,cb
TR2608010013514,CL102159,EN00220,velo_elec,Lyon,ST1011,ST1013,2026-08-01 12:56:48,2026-08-01 13:08:48,12,3.94,4.0,abonnement
TR2608010013515,CL108936,EN00195,velo_elec,Lyon,ST1012,ST1015,1785581850,1785582570,12,3.26,4.0,abonnement
TR2608010013516,CL100148,EN00184,velo_elec,Lyon,ST1012,ST1007,2026-08-01 12:59:33,2026-08-01 13:12:33,13,3.38,4.25,paypal
TR2608010013517,CL101267,EN00024,velo_elec,Lyon,ST1013,ST1014,2026-08-01 12:58:11,2026-08-01 13:03:11,5,1.35,2.25,
TR2608010013518,CL108093,EN00014,velo_elec,Lyon,ST1018,ST1015,2026-08-01 12:57:48,2026-08-01 13:08:48,11,3.2,3.75,paypal
TR2608010013519,CL104425,EN00300,velo_elec,Nantes,ST1020,ST1027,2026-08-01 12:58:56,2026-08-01 13:20:56,22,6.46,6.5,abonnement
TR2608010013520,CL102139,EN00239,trottinette,Nantes,ST1030,ST1023,2026-08-01 12:49:57,2026-08-01 12:58:57,9,2.79,2.98,cb
TR2608010013521,CL102934,EN00381,trottinette,Lille,ST1035,ST1035,01/08/2026 12:58,01/08/2026 13:04,6,1.59,2.32,cb
TR2608010013522,CL100669,EN00482,velo_elec,Lille,ST1036,ST1040,2026-08-01 12:50:34,2026-08-01 12:56:34,6,1.15,2.5,abonnement
TR2608010013523,CL106603,EN00372,trottinette,Lille,ST1036,ST1047,2026-08-01 13:00:36,2026-08-01 13:49:36,49,14.83,11.78,abonnement
TR2608010013524,CL105508,EN00446,trottinette,Lille,ST1036,ST1046,2026-08-01 12:57:48,2026-08-01 13:12:48,15,4.96,4.3,abonnement
TR2608010013525,CL108686,EN00362,velo_elec,Lille,ST1038,ST1037,01/08/2026 12:50,01/08/2026 12:59,9,3.03,3.25,cb
TR2608010013526,CL108503,EN00495,trottinette,Lille,ST1042,ST1038,2026-08-01 12:59:07,2026-08-01 13:15:07,16,4.38,4.52,cb
TR2608010013527,CL102128,EN00412,trottinette,Lille,ST1042,ST1040,01/08/2026 12:56,2026-08-01 13:01:22,5,1.12,2.1,abonnement
TR2608010013528,CL100060,EN00384,trottinette,Lille,ST1043,ST1046,2026-08-01 12:58:08,01/08/2026 13:16,18,5.36,4.96,abonnement
TR2608010013529,CL105945,EN00377,trottinette,Lille,ST1044,ST1039,2026-08-01 12:54:53,2026-08-01 13:08:53,14,4.02,4.08,cb
TR2608010013530,CL108704,EN00174,velo_elec,Lyon,ST1001,ST1019,2026-08-01 13:02:33,2026-08-01 13:17:33,15,3.7,4.75,abonnement
TR2608010013531,CL108529,EN00124,velo_elec,Lyon,ST1002,ST1001,2026-08-01 13:07:25,01/08/2026 13:21,14,3.51,4.5,paypal
TR2608010013532,CL108371,EN00023,trottinette,Lyon,ST1003,ST1008,2026-08-01 13:03:30,2026-08-01 13:20:30,17,2.82,4.74,cb
TR2608010013533,CL106037,EN00145,trottinette,Lyon,ST1005,ST1018,2026-08-01 13:04:30,2026-08-01 13:13:30,9,1.59,2.98,cb
TR2608010013534,CL105050,EN00185,trottinette,Lyon,ST1006,ST1013,2026-08-01 13:11:08,2026-08-01 13:16:08,5,1.72,2.1,cb
TR2608010013535,CL105395,EN00141,velo_elec,Lyon,ST1007,ST1001,01/08/2026 13:15,2026-08-01 13:40:21,25,5.97,7.25,cb
TR2608010013536,CL107338,EN00044,trottinette,LYON,ST1007,ST1015,2026-08-01 13:03:33,2026-08-01 13:49:33,46,16.0,11.12,cb
TR2608010013537,CL104908,EN00099,velo_elec,Lyon,ST1012,ST1019,2026-08-01 13:07:32,2026-08-01 13:38:32,31,9.09,8.75,abonnement
TR2608010013538,CL103278,EN00081,velo_elec,Lyon,ST1014,ST1015,2026-08-01 13:01:31,2026-08-01 13:13:31,12,3.23,4.0,abonnement
TR2608010013539,CL102029,EN00042,trottinette,Lyon,ST1014,ST1015,2026-08-01 13:05:43,2026-08-01 13:16:43,11,2.56,3.42,cb
TR2608010013540,CL100385,EN00210,trottinette,Lyon,ST1018,ST1010,01/08/2026 13:02,2026-08-01 13:21:40,19,2.93,5.18,abonnement
TR2608010013541,CL105341,EN00142,velo_elec,Lyon,ST1018,ST1012,2026-08-01 13:04:09,2026-08-01 13:52:09,48,15.1,13.0,cb
TR2608010013542,CL101234,EN00239,trottinette,Nante,ST1023,ST1021,2026-08-01 13:06:29,1785583169,13,3.79,3.86,cb
TR2608010013543,CL105003,EN00285,trottinette,Nantes,ST1026,ST1029,01/08/2026 13:01,2026-08-01 13:14:49,13,3.97,3.86,abonnement
TR2608010013544,CL101055,EN00283,trottinette,Nantes,ST1026,ST1022,2026-08-01 13:07:51,2026-08-01 13:20:51,13,3.67,,cb
TR2608010013545,CL103649,EN00482,velo_elec,Lille,ST1040,ST1043,01/08/2026 13:14,2026-08-01 13:27:25,13,2.41,4.25,abonnement
TR2608010013546,CL102882,EN00443,velo_elec,Lille,ST1041,ST1037,2026-08-01 13:04:55,2026-08-01 13:19:55,15,4.06,4.75,cb
TR2608010013547,CL102954,EN00425,velo_elec,Lille,ST1046,ST1037,2026-08-01 13:07:55,01/08/2026 13:25,18,3.15,5.5,abonnement
TR2608010013548,CL105005,EN00598,velo_elec,Grenoble,ST1051,ST1054,2026-08-01 13:09:34,2026-08-01 13:18:34,9,2.43,3.25,paypal
TR2608010013549,CL105595,EN00566,trottinette,Grenoble,ST1055,ST1053,01/08/2026 13:14,1785583416,9,2.38,2.98,abonnement
TR2608010013550,CL102936,EN00512,velo_elec,Grenoble,ST1058,ST1053,2026-08-01 13:07:05,2026-08-01 13:16:05,9,1.49,3.25,cb
TR2608010013551,CL103815,EN00005,velo_elec,Lyon,ST1005,ST1012,2026-08-01 13:30:19,2026-08-01 13:33:19,3,1.01,1.75,abonnement
TR2608010013552,CL108682,EN00173,velo_elec,Lyon,ST1008,ST1006,2026-08-01 13:28:16,2026-08-01 13:40:16,12,3.67,4.0,cb
TR2608010013553,CL105681,EN00167,trottinette,Lyon,ST1011,ST1002,2026-08-01 13:30:20,2026-08-01 13:42:20,12,2.77,3.64,cb
TR2608010013554,CL102888,EN00154,trottinette,Lyon,ST1013,ST1001,01/08/2026 13:21,1785584125,14,2.35,4.08,abonnement
TR2608010013555,CL101997,EN00168,velo_elec,Lyon,ST1016,ST1012,1785583390,2026-08-01 13:30:10,7,1.89,2.75,cb
TR2608010013556,CL101027,EN00151,trottinette,Lyon,ST1016,ST1011,2026-08-01 13:20:48,2026-08-01 13:28:48,8,1.24,2.76,cb
TR2608010013557,CL100672,EN00201,velo_elec,Lyon,ST1016,ST1002,2026-08-01 13:28:48,2026-08-01 13:34:48,6,1.42,2.5,cb
TR2608010013558,CL103566,EN00145,trottinette,Lyon,ST1018,ST1007,01/08/2026 13:26,2026-08-01 13:39:06,13,3.66,3.86,abonnement
TR2608010013559,CL102600,EN00328,velo_elec,Nantes,ST1020,ST1021,1785583157,2026-08-01 13:28:17,9,1.75,3.25,paypal
TR2608010013560,CL107048,EN00337,trottinette,Nantes,ST1028,ST1022,2026-08-01 13:30:42,01/08/2026 13:41,11,2.37,3.42,abonnement
TR2608010013561,CL108128,EN00302,velo_elec,Nantes,ST1032,ST1028,01/08/2026 13:21,2026-08-01 13:41:02,20,6.67,6.0,cb
TR2608010013562,CL900816,EN00273,velo_elec,Nantes,ST1033,ST1022,01/08/2026 13:20,2026-08-01 13:35:46,15,2.73,4.75,cb
TR2608010013563,CL100352,EN00381,trottinette,Lille,ST1035,ST1047,01/08/2026 13:28,2026-08-01 13:47:54,19,6.14,5.18,cb
TR2608010013564,CL106365,EN00472,velo_elec,Lille,ST1038,ST1041,2026-08-01 13:30:19,2026-08-01 13:37:19,7,2.31,2.75,cb
TR2608010013565,CL105179,EN00439,velo_elec,Lille,ST1039,ST1047,2026-08-01 13:15:40,2026-08-01 13:26:40,11,3.69,3.75,cb
TR2608010013566,CL107530,EN00480,velo_elec,Lille,ST1040,ST1047,2026-08-01 13:27:30,01/08/2026 13:35,8,2.36,3.0,cb
TR2608010013567,CL104091,EN00492,velo_elec,Lille,ST1041,ST1047,2026-08-01 13:27:01,01/08/2026 13:31,4,1.07,2.0,cb
TR2608010013568,CL100469,EN00383,trottinette,Lille,ST1043,ST1036,2026-08-01 13:15:44,2026-08-01 13:27:44,12,2.5,3.64,cb
TR2608010013569,CL105591,EN00427,trottinette,Lille,ST1043,ST1034,2026-08-01 13:24:35,2026-08-01 13:39:35,15,3.18,4.3,abonnement
TR2608010013570,CL105025,EN00539,velo_elec,Grenoble,ST1058,ST1052,2026-08-01 13:24:00,2026-08-01 13:28:00,4,0.93,2.0,cb
TR2608010013571,CL103764,EN00553,trottinette,Grenoble,ST1058,ST1053,01/08/2026 13:18,2026-08-01 13:32:26,14,3.33,4.08,
TR2608010013572,CL105084,EN00124,velo_elec,Lyon,ST1001,ST1019,2026-08-01 13:45:20,2026-08-01 13:53:20,8,2.75,3.0,abonnement
TR2608010013573,CL106606,EN00078,velo_elec,Lyon,ST1004,ST1005,2026-08-01 13:42:39,2026-08-01 13:48:39,6,1.19,2.5,cb
TR2608010013574,CL103696,EN00035,velo_elec,Lyon,ST1008,ST1009,1785583928,2026-08-01 13:40:08,8,1.4,3.0,cb
TR2608010013575,CL102428,EN00210,trottinette,Lyon,ST1010,ST1010,01/08/2026 13:39,2026-08-01 14:17:45,38,12.1,9.36,cb
TR2608010013576,CL101525,EN00185,trottinette,Lyon,ST1013,ST1002,2026-08-01 13:41:11,01/08/2026 13:47,6,1.61,2.32,cb
TR2608010013577,CL106945,EN00033,trottinette,Lyon,ST1013,ST9444,2026-08-01 13:42:24,2026-08-01 14:08:24,26,7.37,6.72,cb
TR2608010013578,CL106949,EN00218,velo_elec,Lyon,ST1014,ST1010,2026-08-01 13:32:07,1785584287,6,2.03,2.5,abonnement
TR2608010013579,CL106695,EN00214,trottinette,Lyon,ST1015,ST1002,2026-08-01 13:32:22,2026-08-01 14:10:22,38,10.96,9.36,paypal
TR2608010013580,CL104387,EN00208,velo_elec,Lyon,ST1018,ST1014,01/08/2026 13:41,2026-08-01 13:54:08,13,3.62,4.25,cb
TR2608010013581,CL104617,EN00174,velo_elec,Lyon,ST1019,ST1005,1785584345,2026-08-01 13:51:05,12,2.39,4.0,paypal
TR2608010013582,CL108093,EN00025,velo_elec,Lyon,ST1019,ST1011,2026-08-01 13:32:38,2026-08-01 13:43:38,11,2.61,3.75,cb
TR2608010013583,CL103757,EN00303,velo_elec,Nantes,ST1024,ST1025,2026-08-01 13:44:15,2026-08-01 13:49:15,5,1.01,2.25,paypal
TR2608010013584,CL102504,EN00266,velo_elec,Nantes,ST1026,ST1029,2026-08-01 13:43:09,1785585069,8,1.75,3.0,cb
TR2608010013585,CL100621,EN00329,trottinette,Nantes,ST1026,ST1021,2026-08-01 13:39:43,2026-08-01 13:56:43,17,4.39,4.74,cb
TR2608010013586,CL105777,EN00285,trottinette,Nantes,ST1029,ST1020,2026-08-01 13:36:02,1785584522,6,1.13,2.32,abonnement
TR2608010013587,CL108035,EN00229,trottinette,Nantes,ST1031,ST1031,2026-08-01 13:33:10,2026-08-01 13:38:10,5,0.94,2.1,paypal
TR2608010013588,CL106469,EN00318,velo_elec,Nantes,ST1033,ST1031,2026-08-01 13:42:59,1785587999,57,13.21,15.25,abonnement
TR2608010013589,CL102062,EN00348,velo_elec,Nantes,ST1033,ST1023,2026-08-01 13:36:11,2026-08-01 13:41:11,5,1.53,2.25,abonnement
TR2608010013590,CL105843,EN00394,velo_elec,Lille,ST1034,ST1041,1785584197,2026-08-01 13:42:37,6,1.1,2.5,abonnement
TR2608010013591,CL102729,EN00378,velo_elec,Lille,ST1035,ST1042,2026-08-01 13:33:28,01/08/2026 13:42,9,1.42,3.25,cb
TR2608010013592,CL105390,EN00401,trottinette,Lille,ST1035,ST1044,2026-08-01 13:40:05,1785584765,6,1.08,2.32,cb
TR2608010013593,CL107726,EN00460,velo_elec,Lille,ST1039,ST1043,2026-08-01 13:32:06,2026-08-01 13:41:06,9,2.83,3.25,abonnement
TR2608010013594,CL102151,EN00413,trottinette,Lille,ST1039,ST1041,2026-08-01 13:33:24,2026-08-01 13:50:24,17,3.7,4.74,cb
TR2608010013595,CL105954,EN00482,velo_elec,Lille,ST1043,ST1035,2026-08-01 13:43:27,2026-08-01 13:56:27,13,1.96,4.25,cb
TR2608010013596,CL102806,EN00392,velo_elec,Lille,ST1044,ST1038,2026-08-01 13:40:15,01/08/2026 13:50,10,1.94,3.5,abonnement
TR2608010013597,CL105514,EN00414,velo_elec,Lille,ST1046,ST1040,,2026-08-01 14:01:56,17,3.22,5.25,paypal
TR2608010013598,CL105363,EN00439,velo_elec, Lille,ST1047,ST1039,2026-08-01 13:38:47,2026-08-01 14:02:47,24,4.58,7.0,abonnement
TR2608010013599,CL108818,EN00507,trottinette,Grenoble,ST1051,ST1054,2026-08-01 13:37:01,2026-08-01 13:50:01,13,3.69,3.86,paypal
TR2608010013600,CL108023,EN00201,velo_elec,Lyon,ST1002,ST1015,2026-08-01 13:51:02,2026-08-01 13:56:02,5,1.56,2.25,cb
TR2608010013601,CL101494,EN00130,velo_elec,Lyon,ST1006,ST1001,2026-08-01 13:51:35,2026-08-01 14:04:35,13,3.75,4.25,abonnement
TR2608010013602,CL100441,EN00220,velo_elec,Lyon,ST1013,ST1006,,2026-08-01 14:15:44,20,5.0,6.0,cb
TR2608010013603,CL106159,EN00049,trottinette,Lyon,ST1014,ST1013,2026-08-01 13:51:25,2026-08-01 14:00:25,9,2.25,2.98,cb
TR2608010013604,CL103058,EN00024,velo_elec,Lyon,ST1014,ST1003,2026-08-01 13:53:13,2026-08-01 14:02:13,9,2.19,3.25,abonnement
TR2608010013605,CL105408,EN00198,velo_elec,Lyon,ST1014,ST1016,2026-08-01 13:58:54,01/08/2026 14:12,14,4.34,4.5,cb
TR2608010013606,CL107657,EN00285,trottinette,Nantes,ST1020,ST1021,2026-08-01 13:49:48,2026-08-01 14:07:48,18,3.49,4.96,cb
TR2608010013607,CL108257,EN00348,velo_elec,Nantes,ST1023,ST1022,2026-08-01 13:56:46,01/08/2026 14:05,9,2.78,3.25,cb
TR2608010013608,CL104268,EN00270,velo_elec,Nantes,ST1024,ST1030,01/08/2026 13:45,01/08/2026 13:54,9,2.69,3.25,abonnement
TR2608010013609,CL105688,EN00234,trottinette,Nantes,ST1027,ST1031,2026-08-01 13:54:24,1785585804,9,1.83,2.98,abonnement
TR2608010013610,CL102829,EN00300,velo_elec,Nantes,ST1027,ST1033,2026-08-01 13:52:18,01/08/2026 13:59,7,1.98,2.75,
TR2608010013611,CL107535,EN00302,velo_elec,Nantes,ST1028,ST1030,01/08/2026 13:53,2026-08-01 14:05:35,12,2.05,4.0,cb
TR2608010013612,CL101018,EN00352,velo_elec,Nantes,ST1029,ST1024,2026-08-01 13:57:42,2026-08-01 14:11:42,14,4.67,4.5,paypal
TR2608010013613,CL103908,EN00229,trottinette,Nantes,ST1031,ST1025,2026-08-01 13:58:26,2026-08-01 14:04:26,6,1.75,2.32,abonnement
TR2608010013614,CL107938,EN00445,velo_elec, Lille,ST1040,ST1038,2026-08-01 14:00:07,2026-08-01 14:25:07,25,6.5,7.25,cb
TR2608010013615,CL107765,EN00450,trottinette,Lille,ST1042,ST1039,2026-08-01 13:56:49,2026-08-01 13:59:49,3,0.46,1.66,abonnement
TR2608010013616,CL104024,EN00524,velo_elec,Grenoble,ST1049,ST1057,2026-08-01 14:00:06,01/08/2026 14:04,4,1.38,2.0,abonnement
TR2608010013617,CL104263,EN00185,trottinette,Lyon,ST1002,ST1015,,2026-08-01 14:15:12,10,1.85,3.2,paypal
TR2608010013618,CL107625,EN00083,velo_elec,Lyon,ST1002,ST1010,2026-08-01 14:12:38,2026-08-01 14:27:38,15,4.64,4.75,cb
TR2608010013619,CL105313,EN00097,velo_elec,Lyon,ST1002,ST1012,2026-08-01 14:01:54,1785586434,12,2.0,4.0,cb
TR2608010013620,CL105570,EN00131,trottinette,Lyon,ST1002,ST1016,2026-08-01 14:09:10,2026-08-01 14:18:10,9,2.47,2.98,cb
TR2608010013621,CL105245,EN00150,trottinette,Lyon,ST1002,ST1003,1785585698,01/08/2026 14:16,15,4.85,4.3,abonnement
TR2608010013622,CL104838,EN00071,velo_elec,Lyon,ST1007,ST1010,2026-08-01 14:12:04,01/08/2026 14:28,16,3.37,5.0,cb
TR2608010013623,CL102313,EN00019,trottinette,Lyon,ST1008,ST1008,2026-08-01 14:05:38,2026-08-01 14:20:38,15,4.63,4.3,cb
TR2608010013624,CL101985,EN00206,velo_elec,Lyon,ST1009,ST1008,2026-08-01 14:15:45,2026-08-01 14:21:45,-16,0.93,2.5,abonnement
TR2608010013625,CL104007,EN00035,velo_elec,Lyon,ST1009,ST1005,,2026-08-01 14:23:37,19,5.77,5.75,abonnement
TR2608010013626,CL100998,EN00049,trottinette,Lyon,ST1013,ST1016,1785585686,2026-08-01 14:54:26,53,13.21,12.66,cb
TR2608010013627,CL106364,EN00073,velo_elec,Lyon,ST1015,ST1014,2026-08-01 14:09:12,01/08/2026 14:49,40,12.7,11.0,cb
TR2608010013628,CL102319,EN00081,velo_elec,Lyon,ST1015,ST1014,2026-08-01 14:08:37,2026-08-01 14:16:37,8,1.35,3.0,abonnement
TR2608010013629,CL100375,EN00261,trottinette,Nantes,ST1023,ST1025,2026-08-01 14:06:45,2026-08-01 14:15:45,9,2.19,2.98,cb
TR2608010013630,CL102878,EN00330,trottinette,Nantes,ST1027,ST1025,2026-08-01 14:13:55,2026-08-01 14:30:55,-6,4.12,4.74,cb
TR2608010013631,CL106849,EN00270,velo_elec,Nantes,ST1030,ST1030,01/08/2026 14:01,2026-08-01 14:12:09,11,1.66,3.75,cb
TR2608010013632,CL106277,EN00254,velo_elec,Nantes,ST1031,ST1022,2026-08-01 14:08:34,2026-08-01 14:19:34,11,3.47,3.75,paypal
TR2608010013633,CL108168,EN00341,velo_elec,Nantes,ST1032,ST1030,2026-08-01 14:15:00,2026-08-01 14:20:00,5,1.42,2.25,abonnement
TR2608010013634,CL105564,EN00451,velo_elec,Lille,ST1034,ST1036,2026-08-01 14:14:57,01/08/2026 14:22,8,1.78,3.0,cb
TR2608010013635,CL105935,EN00435,trottinette, Lille,ST1037,ST1035,1785586304,2026-08-01 14:17:44,6,1.87,2.32,cb
TR2608010013636,CL101256,EN00408,velo_elec,Lille,ST1039,ST1046,2026-08-01 14:01:44,2026-08-01 14:20:44,19,5.83,5.75,paypal
TR2608010013637,CL105992,EN00484,velo_elec,Lille,ST1042,ST1041,2026-08-01 14:08:59,2026-08-01 14:13:59,5,1.53,2.25,cb
TR2608010013638,CL105844,EN00404,trottinette,Lille,ST1042,ST1040,2026-08-01 14:07:06,2026-08-01 14:21:06,14,3.04,4.08,abonnement
TR2608010013639,CL101139,EN00384,trottinette,Lille,ST1046,ST1035,2026-08-01 14:15:54,01/08/2026 14:23,8,1.99,2.76,abonnement
TR2608010013640,CL100759,EN00585,velo_elec,Grenoble,ST1049,ST1056,2026-08-01 14:06:47,2026-08-01 14:12:47,6,1.65,2.5,abonnement
TR2608010013641,CL106806,EN00546,trottinette,Grenoble,ST1050,ST1057,2026-08-01 14:14:42,2026-08-01 14:19:42,5,1.52,2.1,abonnement
TR2608010013642,CL108515,EN00598,velo_elec,Grenoble,ST1054,ST1051,2026-08-01 14:12:44,01/08/2026 14:27,15,4.36,4.75,cb
TR2608010013643,CL101204,EN00528,velo_elec,Grenoble,ST1054,ST1049,2026-08-01 14:10:48,2026-08-01 14:20:48,10,1.59,3.5,paypal
TR2608010013644,CL108750,EN00580,velo_elec,Grenoble,ST1055,ST1054,2026-08-01 14:08:20,2026-08-01 14:20:20,12,3.99,4.0,abonnement
TR2608010013645,CL108547,EN00582,trottinette,Grenoble,ST1056,ST1057,2026-08-01 14:02:21,2026-08-01 14:17:21,15,2.48,4.3,abonnement
TR2608010013646,CL104350,EN00076,velo_elec,Lyon,ST1001,ST1014,01/08/2026 14:24,2026-08-01 14:30:27,6,1.85,2.5,abonnement
TR2608010013647,CL100974,EN00024,velo_elec,Lyon,ST1003,ST1018,2026-08-01 14:26:15,,18,5.21,5.5,paypal
TR2608010013648,CL948880,EN00175,trottinette,Lyon,ST1003,ST1011,2026-08-01 14:29:16,1785587896,9,2.26,2.98,cb
TR2608010013649,CL107906,EN00153,velo_elec,Lyon,ST1003,ST1008,2026-08-01 14:28:30,1785588030,12,2.41,4.0,cb
TR2608010013650,CL105942,EN00095,trottinette,Lyon,ST1010,ST1003,2026-08-01 14:25:33,2026-08-01 14:40:33,15,2.75,4.3,cb
TR2608010013651,CL101165,EN00121,trottinette,Lyon,ST1010,ST1015,2026-08-01 14:24:42,2026-08-01 14:50:42,26,7.47,6.72,cb
TR2608010013652,CL101540,EN00058,velo_elec,Lyon,ST1013,ST1013,2026-08-01 14:16:22,1785588322,29,6.24,8.25,abonnement
TR2608010013653,CL100903,EN00093,velo_elec,Lyon,ST1013,ST1013,01/08/2026 14:24,01/08/2026 14:34,10,1.67,3.5,abonnement
TR2608010013654,CL104319,EN00208,velo_elec,Lyon,ST1014,ST1008,2026-08-01 14:30:32,2026-08-01 15:02:32,32,9.82,9.0,cb
TR2608010013655,CL100411,EN00179,trottinette,Lyon,ST1016,ST1011,,2026-08-01 15:05:28,40,7.21,9.8,abonnement
TR2608010013656,CL100678,EN00104,trottinette,Lyon,ST1016,ST1019,2026-08-01 14:29:02,01/08/2026 14:38,9,1.68,2.98,cb
TR2608010013657,CL100774,EN00050,velo_elec,Lyon,ST1016,ST1012,2026-08-01 14:25:51,2026-08-01 15:14:51,49,9.09,13.25,abonnement
TR2608010013658,CL104426,EN00099,velo_elec,Lyon,ST1019,ST1016,,01/08/2026 14:29,13,3.18,4.25,abonnement
TR2608010013659,CL102903,EN00303,velo_elec,NANTES,ST1025,ST1022,2026-08-01 14:22:24,2026-08-01 14:31:24,9,3.14,3.25,
TR2608010013660,CL107029,EN00349,velo_elec,Nantes,ST1028,ST1029,2026-08-01 14:29:43,1785587683,5,1.46,2.25,cb
TR2608010013661,CL104073,EN00222,velo_elec,Nantes,ST1028,ST1027,2026-08-01 14:25:05,2026-08-01 14:32:05,7,1.53,2.75,abonnement
TR2608010013662,CL101454,EN00234,trottinette,Nantes,ST1031,ST1023,2026-08-01 14:20:29,2026-08-01 14:48:29,28,7.33,7.16,cb
TR2608010013663,CL103054,EN00226,velo_elec,Nantes,ST1033,ST1022,2026-08-01 14:30:44,2026-08-01 14:37:44,7,1.64,2.75,paypal
TR2608010013664,CL106138,EN00482,velo_elec,Lille,ST1035,ST1040,2026-08-01 14:24:29,2026-08-01 14:37:29,13,4.39,4.25,cb
TR2608010013665,CL102525,EN00388,velo_elec,Lille,ST1036,ST1043,1785587286,2026-08-01 14:56:06,28,4.84,8.0,cb
TR2608010013666,CL108255,EN00460,velo_elec,Lille,ST1043,ST1038,2026-08-01 14:23:32,2026-08-01 14:29:32,6,0.95,2.5,cb
TR2608010013667,CL107081,EN00401,trottinette,Lille,ST1044,ST1047,2026-08-01 14:29:30,2026-08-01 14:54:30,25,5.11,6.5,abonnement
TR2608010013668,CL106444,EN00372,trottinette,Lille,ST1047,ST1045,2026-08-01 14:16:11,2026-08-01 14:40:11,24,4.53,6.28,cb
TR2608010013669,CL103869,EN00150,trottinette,Lyon,ST1003,ST1009,1785587760,2026-08-01 14:44:00,8,2.48,2.76,cb
TR2608010013670,CL103083,EN00173,velo_elec,Lyon ,ST1006,ST1007,2026-08-01 14:35:50,2026-08-01 15:25:50,50,10.77,13.5,cb
TR2608010013671,CL104689,EN00075,trottinette,Lyon,ST1007,ST1002,2026-08-01 14:43:11,01/08/2026 14:57,14,2.36,4.08,cb
TR2608010013672,CL103852,EN00215,velo_elec,Lyon,ST1010,ST1005,2026-08-01 14:38:09,2026-08-01 14:46:09,8,1.56,3.0,abonnement
TR2608010013673,CL107011,EN00157,velo_elec,Lyon,ST1010,ST1016,2026-08-01 14:41:46,2026-08-01 15:01:46,20,5.21,6.0,abonnement
TR2608010013674,CL103128,EN00138,velo_elec,Lyon,ST1013,ST1013,2026-08-01 14:31:30,2026-08-01 14:47:30,16,3.22,5.0,cb
TR2608010013675,CL102547,EN00081,velo_elec,Lyon,ST1014,ST1003,01/08/2026 14:33,2026-08-01 14:45:43,12,2.21,4.0,abonnement
TR2608010013676,CL108453,EN00076,velo_elec,Lyon,ST1014,ST1010,2026-08-01 14:36:22,01/08/2026 15:23,47,12.58,12.75,cb
TR2608010013677,CL102771,EN00123,velo_elec,Lyon,ST1014,ST1018,2026-08-01 14:37:42,2026-08-01 14:47:42,10,3.0,3.5,cb
TR2608010013678,CL107774,EN00194,velo_elec,Lyon,ST1015,ST1019,2026-08-01 14:38:18,2026-08-01 14:45:18,7,2.02,2.75,cb
TR2608010013679,CL107735,EN00044,trottinette,Lyon,ST1015,ST1019,2026-08-01 14:37:43,2026-08-01 15:13:43,36,8.21,8.92,paypal
TR2608010013680,CL101328,EN00099,velo_elec,Lyon,ST1016,ST1001,2026-08-01 14:43:36,2026-08-01 14:52:36,9,3.12,3.25,cb
TR2608010013681,CL102888,EN00059,velo,Lyon,ST1018,ST1009,2026-08-01 14:33:33,2026-08-01 14:44:33,11,2.94,2.65,abonnement
TR2608010013682,CL104336,EN00264,trottinette,Nantes,ST1025,ST1025,01/08/2026 14:38,2026-08-01 14:46:22,8,1.94,2.76,abonnement
TR2608010013683,CL107044,EN00222,velo_elec,Nantes,ST1027,ST1029,2026-08-01 14:40:59,2026-08-01 14:50:59,10,3.17,3.5,paypal
TR2608010013684,CL101553,EN00451,velo_elec,Lille,ST1036,ST1042,2026-08-01 14:37:02,01/08/2026 14:46,9,2.56,3.25,paypal
TR2608010013685,CL103357,EN00460,velo_elec,Lille,ST1038,ST1040,2026-08-01 14:36:05,01/08/2026 14:42,6,1.37,2.5,cb
TR2608010013686,CL106072,EN00394,velo_elec,Lille,ST1041,ST1046,1785587720,2026-08-01 14:45:20,10,1.93,3.5,cb
TR2608010013687,CL106807,EN00410,velo_elec,Lille,ST1045,ST1037,2026-08-01 14:34:02,01/08/2026 14:50,16,4.02,5.0,abonnement
TR2608010013688,CL107937,EN00381,trottinette,Lille,ST1047,ST1036,,01/08/2026 14:57,21,6.6,5.62,paypal
TR2608010013689,CL106087,EN00545,trottinette,Grenoble,ST1052,ST1049,01/08/2026 14:41,01/08/2026 14:47,6,1.86,2.32,cb
TR2608010013690,CL106443,EN00130,velo_elec,Lyon,ST1001,ST1016,2026-08-01 15:00:28,2026-08-01 15:12:28,12,3.14,4.0,paypal
TR2608010013691,CL105492,EN00141,velo_elec,Lyon,ST1001,ST1015,01/08/2026 14:57,2026-08-01 15:08:52,11,2.53,3.75,cb
TR2608010013692,CL103646,EN00214,trottinette,Lyon,ST1002,ST1003,2026-08-01 14:47:56,2026-08-01 14:58:56,11,2.24,3.42,cb
TR2608010013693,CL105387,EN00167,trottinette,Lyon,ST1002,ST1012,01/08/2026 14:46,2026-08-01 14:58:37,12,3.5,3.64,abonnement
TR2608010013694,CL103592,EN00081,velo_elec,lyon,ST1003,ST1008,01/08/2026 14:54,2026-08-01 15:19:19,25,6.79,7.25,cb
TR2608010013695,CL106959,EN00095,trottinette,Lyon,ST1003,ST1019,2026-08-01 14:48:34,2026-08-01 14:59:34,11,3.24,3.42,paypal
TR2608010013696,CL105503,EN00078,velo_elec,Lyon,ST1005,ST1002,01/08/2026 14:59,2026-08-01 15:11:42,12,3.46,4.0,cb
TR2608010013697,CL105172,EN00150,trottinette,Lyon,ST1009,ST1014,2026-08-01 14:50:57,2026-08-01 14:59:57,9,1.43,2.98,paypal
TR2608010013698,CL101798,EN00218,velo_elec,Lyon,ST1010,ST9605,2026-08-01 14:53:56,2026-08-01 15:02:56,9,2.97,3.25,paypal
TR2608010013699,CL101487,EN00163,trottinette,Lyon,ST1011,ST1012,2026-08-01 14:56:27,2026-08-01 15:27:27,31,6.07,7.82,abonnement
TR2608010013700,CL107859,EN00168,velo_elec,Lyon,ST1012,ST1015,2026-08-01 14:52:17,2026-08-01 14:57:17,5,0.96,2.25,abonnement
TR2608010013701,CL106598,EN00181,velo_elec,Lyon,ST1013,ST1014,,2026-08-01 15:13:59,16,2.52,5.0,cb
TR2608010013702,CL106399,EN00146,trottinette,LYON,ST1014,ST1017,2026-08-01 14:54:55,2026-08-01 15:14:55,20,6.46,5.4,cb
TR2608010013703,CL104498,EN00020,velo_elec,Lyon,ST1015,ST1005,1785588980,01/08/2026 15:09,13,2.34,4.25,cb
TR2608010013704,CL108302,EN00014,velo_elec,Lyon,ST1015,ST1005,,01/08/2026 15:08,9,2.66,3.25,cb
TR2608010013705,CL108179,EN00024,velo_elec,Lyon,ST1018,ST1019,2026-08-01 14:47:35,2026-08-01 14:54:35,7,1.24,2.75,cb
TR2608010013706,CL104401,EN00194,velo_elec,Lyon,ST1019,ST1016,2026-08-01 14:57:43,2026-08-01 15:12:43,15,3.07,4.75,cb
TR2608010013707,CL107899,EN00352,velo_elec,Nantes,ST1024,ST1027,2026-08-01 14:50:45,2026-08-01 15:09:45,19,3.06,5.75,cb
TR2608010013708,CL104579,EN00240,trottinette,NANTES,ST1026,ST1025,2026-08-01 14:51:29,2026-08-01 14:58:29,7,1.75,2.54,cb
TR2608010013709,CL107015,EN00307,trottinette,Nantes,ST1033,ST1025,2026-08-01 14:58:27,2026-08-01 15:03:27,5,1.41,2.1,paypal
TR2608010013710,CL106663,EN00489,trottinette,Lille,ST1037,ST1047,2026-08-01 14:49:34,2026-08-01 14:53:34,4,0.75,1.88,abonnement
TR2608010013711,CL107266,EN00445,velo_elec,Lille,ST1038,ST1038,2026-08-01 14:50:38,01/08/2026 15:02,12,1.89,4.0,cb
TR2608010013712,CL104789,EN00392,velo_elec,Lille,ST1038,ST1043,2026-08-01 15:00:08,2026-08-01 15:12:08,12,4.2,4.0,paypal
TR2608010013713,CL101491,EN00439,velo_elec,Lille,ST1039,ST1046,2026-08-01 15:00:27,2026-08-01 15:05:27,5,1.0,2.25,abonnement
TR2608010013714,CL101553,EN00413,trottinette,Lille,ST1041,ST1042,2026-08-01 14:48:02,2026-08-01 14:58:02,10,2.24,3.2,cb
TR2608010013715,CL984671,EN00372,trottinette,Lille,ST1045,ST1039,01/08/2026 14:55,2026-08-01 15:05:35,10,2.46,3.2,cb
TR2608010013716,CL107071,EN00409,trottinette,Lille,ST1047,ST1045,2026-08-01 14:52:47,01/08/2026 15:14,22,4.52,5.84,paypal
TR2608010013717,CL108428,EN00523,velo_elec,Grenoble,ST1048,ST1055,2026-08-01 14:54:06,2026-08-01 14:58:06,4,0.8,2.0,abonnement
TR2608010013718,CL102126,EN00598,velo_elec,Grenoble ,ST1051,ST1054,2026-08-01 14:52:16,01/08/2026 15:00,8,2.33,3.0,cb
TR2608010013719,CL107024,EN00539,velo_elec,Grenoble,ST1052,ST1055,2026-08-01 14:52:04,2026-08-01 15:07:04,15,4.6,4.75,abonnement
TR2608010013720,CL108151,EN00580,velo_elec,Grenoble,ST1054,ST1048,1785589059,2026-08-01 15:06:39,9,2.21,3.25,abonnement
TR2608010013721,CL101769,EN00558,trottinette,Grenoble,ST1054,ST1055,2026-08-01 14:48:08,2026-08-01 14:53:08,5,1.64,2.1,abonnement
TR2608010013722,CL101035,EN00547,trottinette,Grenoble,ST1054,ST1052,01/08/2026 14:57,01/08/2026 15:03,6,1.28,2.32,paypal
TR2608010013723,CL107521,EN00554,velo_elec,Grenoble,ST1057,ST1054,01/08/2026 14:58,2026-08-01 15:33:53,35,10.42,9.75,cb
TR2608010013724,CL102897,EN00099,velo_elec,Lyon,ST1001,ST1015,2026-08-01 15:09:02,1785591002,21,7.14,6.25,cb
TR2608010013725,CL102691,EN00070,trottinette,Lyon,ST1004,ST1009,2026-08-01 15:10:40,2026-08-01 15:20:40,10,2.0,3.2,cb
TR2608010013726,CL106346,EN00174,velo_elec,Lyon,ST1005,ST1018,2026-08-01 15:08:30,2026-08-01 15:26:30,18,5.16,5.5,cb
TR2608010013727,CL102386,EN00215,velo_elec,Lyon,ST1005,ST1017,2026-08-01 15:03:20,2026-08-01 15:10:20,7,1.81,2.75,cb
TR2608010013728,CL106168,EN00035,velo_elec,Lyon,ST1005,ST1014,2026-08-01 15:10:40,2026-08-01 15:16:40,6,1.04,2.5,abonnement
TR2608010013729,CL105808,EN00200,trottinette,Lyon,ST1006,ST1004,2026-08-01 15:13:10,1785590710,12,2.22,3.64,cb
TR2608010013730,CL104264,EN00220,velo_elec,Lyonn,ST1006,ST1004,2026-08-01 15:01:28,01/08/2026 15:10,9,1.6,3.25,cb
TR2608010013731,CL103236,EN00055,trottinette,Lyon,ST1007,ST1009,2026-08-01 15:07:59,2026-08-01 15:13:59,6,1.53,2.32,cb
TR2608010013732,CL103927,EN00206,velo_elec,LYON,ST1008,ST1018,2026-08-01 15:12:49,2026-08-01 15:20:49,8,1.79,3.0,cb
TR2608010013733,CL107480,EN00140,trottinette,Lyon,ST1010,ST1015,01/08/2026 15:12,2026-08-01 15:29:57,17,3.63,4.74,paypal
TR2608010013734,CL102638,EN00079,velo_elec,Lyon,ST1010,ST1004,2026-08-01 15:08:07,2026-08-01 15:17:07,9,2.72,3.25,cb
TR2608010013735,CL102286,EN00025,velo_elec,Lyon,ST1011,ST1003,01/08/2026 15:13,2026-08-01 15:23:46,10,1.83,3.5,abonnement
TR2608010013736,CL102141,EN00092,trottinette,Lyon,ST1013,ST1008,2026-08-01 15:16:02,2026-08-01 15:23:02,7,2.13,2.54,paypal
TR2608010013737,CL100617,EN00150,trottinette,Lyon,ST1014,ST1007,2026-08-01 15:11:35,2026-08-01 15:36:35,25,6.53,6.5,cb
TR2608010013738,CL101410,EN00123,velo_elec,Lyon,ST1018,ST1018,2026-08-01 15:15:06,2026-08-01 15:23:06,8,1.46,3.0,abonnement
TR2608010013739,CL103819,EN00124,velo_elec,Lyon,ST1019,ST1015,2026-08-01 15:07:09,01/08/2026 15:19,12,2.45,4.0,cb
TR2608010013740,CL101346,EN00193,trottinette,Lyon,ST1019,ST1018,2026-08-01 15:14:15,2026-08-01 15:33:15,19,6.2,5.18,cb
TR2608010013741,CL101869,EN00118,trottinette,Lyon,ST1019,ST1005,2026-08-01 15:04:39,2026-08-01 15:12:39,8,1.6,2.76,paypal
TR2608010013742,CL103442,EN00245,velo_elec,Nantes,ST1021,ST1030,2026-08-01 15:08:34,2026-08-01 15:16:34,8,2.22,3.0,cb
TR2608010013743,CL107193,EN00310,trottinette,Nantes,ST1031,ST1027,2026-08-01 15:06:33,2026-08-01 15:15:33,9,1.81,2.98,abonnement
TR2608010013744,CL108975,EN00381,trottinette,Lille,ST1036,ST1043,2026-08-01 15:12:02,2026-08-01 15:19:02,7,2.44,2.54,cb
TR2608010013745,CL101947,EN00495,trottinette,Lille,ST1038,ST1044,2026-08-01 15:11:22,1785590482,10,3.3,3.2,cb
TR2608010013746,CL104197,EN00464,trottinette,Lille,ST1039,ST1039,1785589512,2026-08-01 15:17:12,12,2.48,3.64,abonnement
TR2608010013747,CL101100,EN00467,velo_elec,Lille,ST1044,ST1047,01/08/2026 15:12,1785590693,12,3.22,4.0,paypal
TR2608010013748,CL101139,EN00402,trottinette,Lille,ST1045,ST1034,2026-08-01 15:04:39,2026-08-01 15:30:39,26,8.06,6.72,cb
TR2608010013749,CL103178,EN00394,velo_elec,Lille,ST1046,ST1040,2026-08-01 15:04:11,01/08/2026 15:10,6,1.08,2.5,
TR2608010013750,CL102872,EN00489,trottinette,Lille,ST1047,ST1037,2026-08-01 15:12:51,2026-08-01 15:18:51,6,1.23,2.32,abonnement
TR2608010013751,CL104397,EN00576,velo,Grenoble ,ST1052,ST1050,2026-08-01 15:14:25,1785590785,12,2.5,2.8,cb
TR2608010013752,CL102519,EN00133,velo_elec,Lyon,ST1001,ST1008,01/08/2026 15:19,2026-08-01 15:26:29,7,1.95,2.75,paypal
TR2608010013753,CL108634,EN00036,velo_elec,Lyon,ST1001,ST1017,2026-08-01 15:22:16,2026-08-01 15:34:16,12,3.69,4.0,cb
TR2608010013754,CL102033,EN00183,velo_elec,Lyon,ST1001,ST1019,2026-08-01 15:18:06,1785591366,18,3.55,5.5,cb
TR2608010013755,CL103415,EN00154,trottinette,Lyon,ST1001,ST1019,2026-08-01 15:18:29,2026-08-01 15:26:29,8,1.81,2.76,paypal
TR2608010013756,CL104479,EN00177,velo_elec,Lyon,ST1001,ST1001,01/08/2026 15:24,01/08/2026 15:32,8,1.84,3.0,abonnement
TR2608010013757,CL105755,EN00161,velo_elec,Lyon,ST1001,ST1004,,2026-08-01 15:35:19,11,2.19,3.75,abonnement
TR2608010013758,CL101989,EN00078,velo_elec,Lyon,ST1002,ST1002,2026-08-01 15:24:38,2026-08-01 15:33:38,9,1.81,3.25,cb
TR2608010013759,CL106252,EN00075,trottinette,Lyonn,ST1002,ST1001,2026-08-01 15:29:28,01/08/2026 15:40,11,2.69,3.42,paypal
TR2608010013760,CL103788,EN00031,velo_elec,Lyon,ST1006,ST1003,2026-08-01 15:21:40,1785591460,16,4.48,5.0,paypal
TR2608010013761,CL103645,EN00074,trottinette,Lyon,ST1006,ST1011,2026-08-01 15:25:35,2026-08-01 15:44:35,19,4.06,5.18,cb
TR2608010013762,CL101529,EN00029,velo_elec,Lyon,ST1007,ST1017,2026-08-01 15:27:12,01/08/2026 15:43,16,5.45,5.0,paypal
TR2608010013763,CL101895,EN00145,trottinette,Lyon,ST1007,ST1017,2026-08-01 15:25:08,2026-08-01 15:31:08,6,1.28,2.32,paypal
TR2608010013764,CL100389,EN00068,velo_elec,Lyon,ST1007,ST1008,2026-08-01 15:26:27,2026-08-01 15:41:27,15,2.99,4.75,abonnement
TR2608010013765,CL104171,EN00208,velo_elec,Lyon,ST1008,ST1014,2026-08-01 15:25:46,2026-08-01 15:40:46,15,5.07,4.75,abonnement
TR2608010013766,CL108991,EN00151,trottinette,Lyon,ST1011,ST1005,01/08/2026 15:23,2026-08-01 15:50:32,27,8.67,6.94,cb
TR2608010013767,CL108780,EN00142,velo_elec,Lyon,ST1012,ST1015,01/08/2026 15:22,2026-08-01 15:35:37,13,2.37,4.25,cb
TR2608010013768,CL104262,EN00146,trottinette,Lyon,ST1017,ST1014,2026-08-01 15:22:16,2026-08-01 15:40:16,18,3.19,4.96,cb
TR2608010013769,CL108063,EN00044,trottinette,Lyon,ST1019,ST1013,1785590773,2026-08-01 15:37:13,11,3.1,3.42,cb
TR2608010013770,CL102320,EN00311,trottinette,Nantes,ST1024,ST1023,2026-08-01 15:17:29,2026-08-01 15:38:29,21,7.1,5.62,abonnement
TR2608010013771,CL106103,EN00301,velo_elec,Nantes,ST1026,ST1026,2026-08-01 15:20:58,01/08/2026 15:28,8,2.05,3.0,cb
TR2608010013772,CL104257,EN00302,velo_elec,Nantes,ST1030,ST1021,01/08/2026 15:29,2026-08-01 16:31:21,62,17.56,16.5,cb
TR2608010013773,CL103043,EN00318,velo_elec,Nantes,ST1031,ST1030,2026-08-01 15:19:46,2026-08-01 15:27:46,8,1.88,3.0,abonnement
TR2608010013774,CL106870,EN00435,trottinette,Lille,ST1035,ST1039,2026-08-01 15:26:18,2026-08-01 15:45:18,19,5.63,5.18,cb
TR2608010013775,CL107266,EN00384,trottinette,LILLE,ST1035,ST1043,1785590325,2026-08-01 15:34:45,16,4.29,4.52,cb
TR2608010013776,CL100272,EN00383,trottinette,Lille,ST1036,ST1047,2026-08-01 15:23:38,01/08/2026 15:26,3,0.92,1.66,paypal
TR2608010013777,CL106943,EN00493,velo_elec,Lille,ST1037,ST1046,2026-08-01 15:26:36,2026-08-01 15:36:36,10,2.9,3.5,abonnement
TR2608010013778,CL103716,EN00404,trottinette,Lille,ST1040,ST1034,2026-08-01 15:20:06,2026-08-01 15:42:06,22,6.12,5.84,cb
TR2608010013779,CL106803,EN00378,velo_elec,lille,ST1042,ST1045,2026-08-01 15:23:03,1785591603,17,4.71,5.25,abonnement
TR2608010013780,CL103971,EN00456,trottinette,Lille,ST1044,ST1041,01/08/2026 15:24,2026-08-01 15:40:26,16,3.74,4.52,abonnement
TR2608010013781,CL100195,EN00587,trottinette,grenoble,ST1051,ST1058,2026-08-01 15:22:56,01/08/2026 15:37,15,4.65,4.3,cb
TR2608010013782,CL102813,EN00597,trottinette,Grenoble,ST1051,ST1057,01/08/2026 15:27,2026-08-01 15:31:50,4,1.33,1.88,cb
TR2608010013783,CL103114,EN00523,velo_elec,Grenoble,ST1055,ST1052,1785590527,01/08/2026 15:44,22,6.85,6.5,cb
TR2608010013784,CL108371,EN00211,velo_elec,Lyon,ST1002,ST1014,2026-08-01 15:32:14,2026-08-01 15:54:14,22,4.92,6.5,abonnement
TR2608010013785,CL104357,EN00169,velo,Lyon,ST1002,ST1009,1785591146,2026-08-01 15:40:26,8,2.5,2.2,paypal
TR2608010013786,CL103280,EN00020,velo_elec,Lyon,ST1005,ST1014,1785591665,1785592565,15,3.59,,cb
TR2608010013787,CL107804,EN00033,trottinette,Lyonn,ST1006,ST1007,1785591773,2026-08-01 16:17:53,35,8.69,8.7,cb
TR2608010013788,CL100531,EN00070,trottinette,Lyon,ST1009,ST1018,2026-08-01 15:44:46,2026-08-01 15:54:46,10,3.06,3.2,cb
TR2608010013789,CL106473,EN00077,trottinette,Lyon,ST1009,ST1006,2026-08-01 15:33:55,2026-08-01 15:41:55,8,2.32,2.76,cb
TR2608010013790,CL106604,EN00112,velo_elec,Lyon,ST1010,ST1010,2026-08-01 15:31:55,2026-08-01 16:07:55,36,11.03,10.0,paypal
TR2608010013791,CL105932,EN00163,trottinette,Lyonn,ST1012,ST1008,2026-08-01 15:37:12,01/08/2026 16:03,26,8.98,6.72,cb
TR2608010013792,CL107248,EN00049,trottinette,Lyon,ST1016,ST1012,2026-08-01 15:36:40,01/08/2026 15:58,22,7.2,5.84,paypal
TR2608010013793,CL101878,EN00194,velo_elec,Lyon,ST1016,ST1006,2026-08-01 15:38:18,2026-08-01 15:59:18,21,6.17,6.25,abonnement
TR2608010013794,CL100480,EN00215,velo_elec,Lyon,ST1017,ST1002,2026-08-01 15:41:59,2026-08-01 15:51:59,10,3.35,3.5,cb
TR2608010013795,CL104295,EN00145,trottinette,Lyon,ST1017,ST1005,2026-08-01 15:41:51,2026-08-01 15:47:51,6,1.28,2.32,paypal
TR2608010013796,CL103465,EN00237,velo_elec,Nantes,ST1022,ST1032,2026-08-01 15:34:26,2026-08-01 15:41:26,7,2.25,2.75,paypal
TR2608010013797,CL106642,EN00316,velo_elec,Nantes,ST1026,ST1020,1785591044,,15,3.19,4.75,paypal
TR2608010013798,CL100368,EN00352,velo_elec,Nantes,ST1027,ST1030,2026-08-01 15:43:20,,23,6.34,6.75,abonnement
TR2608010013799,CL100333,EN00479,trottinette,Lille,ST1034,ST1047,01/08/2026 15:38,01/08/2026 15:56,18,3.53,4.96,cb
TR2608010013800,CL106786,EN00459,velo_elec,Lille,ST1036,ST1039,2026-08-01 15:33:36,01/08/2026 15:56,23,7.81,6.75,abonnement
TR2608010013801,CL101969,EN00445,velo_elec,Lille,ST1038,ST1045,2026-08-01 15:36:44,2026-08-01 16:01:44,25,7.39,7.25,abonnement
TR2608010013802,CL107619,EN00372,trottinette,Lille,ST1039,ST1043,01/08/2026 15:39,2026-08-01 15:54:36,15,4.67,4.3,cb
TR2608010013803,CL106624,EN00423,velo_elec, Lille,ST1040,ST1036,2026-08-01 15:44:46,2026-08-01 16:01:46,17,4.32,5.25,paypal
TR2608010013804,CL102198,EN00411,trottinette,Lille,ST1041,ST1035,2026-08-01 15:33:27,2026-08-01 15:50:27,17,4.65,4.74,abonnement
TR2608010013805,CL105898,EN00381,trottinette,Lille,ST1043,ST1047,2026-08-01 15:35:15,2026-08-01 15:43:15,8,1.56,2.76,cb
TR2608010013806,CL105362,EN00409,trottinette,Lille,ST1045,ST1035,2026-08-01 15:41:04,2026-08-01 15:55:04,14,3.45,4.08,cb
TR2608010013807,CL106013,EN00576,velo,Grenoble,ST1050,ST1058,2026-08-01 15:40:02,2026-08-01 15:43:02,3,0.67,1.45,abonnement
TR2608010013808,CL107244,EN00547,trottinette,Grenoble,ST1052,ST1054,01/08/2026 15:32,01/08/2026 15:40,8,1.53,2.76,paypal
TR2608010013809,CL103600,EN00553,trottinette,Grenoble,ST1053,ST1051,2026-08-01 15:38:34,2026-08-01 15:46:34,8,2.41,2.76,paypal
TR2608010013810,CL104577,EN00598,velo_elec,Grenoble,ST1054,ST1053,1785591483,2026-08-01 15:44:03,-27,1.08,2.5,abonnement
TR2608010013811,CL103963,EN00585,velo_elec,Grenoble,ST1056,ST1056,2026-08-01 15:44:30,01/08/2026 15:48,4,0.83,2.0,paypal
TR2608010013812,CL108160,EN00537,velo_elec,Grenoble,ST1058,ST1052,2026-08-01 15:32:03,2026-08-01 15:39:03,7,1.97,2.75,abonnement
TR2608010013813,CL103645,EN00078,velo_elec,Lyon,ST1002,ST1006,2026-08-01 15:52:47,2026-08-01 16:05:47,13,2.69,4.25,cb
TR2608010013814,CL108561,EN00043,velo,Lyon,ST1002,ST1002,1785592211,01/08/2026 15:57,7,2.15,2.05,abonnement
TR2608010013815,CL107817,EN00030,trottinette,Lyon,ST1003,ST1007,2026-08-01 15:48:56,2026-08-01 16:51:56,63,12.21,14.86,abonnement
TR2608010013816,CL107781,EN00077,trottinette,Lyon,ST1006,ST1007,2026-08-01 15:57:38,,10,3.29,3.2,cb
TR2608010013817,CL103797,EN00150,trottinette,Lyon,ST1007,ST1005,01/08/2026 15:47,2026-08-01 16:04:25,17,3.68,4.74,cb
TR2608010013818,CL106515,EN00133,velo_elec,Lyon,ST1008,ST1003,2026-08-01 15:58:16,2026-08-01 16:02:16,4,1.25,2.0,cb
TR2608010013819,CL108203,EN00055,trottinette,Lyon,ST1009,ST1015,2026-08-01 15:50:26,2026-08-01 15:59:26,9,1.53,2.98,abonnement
TR2608010013820,CL103916,EN00218,velo_elec,Lyon,ST1010,ST1009,2026-08-01 15:52:52,2026-08-01 15:56:52,4,1.2,2.0,cb
TR2608010013821,CL106811,EN00097,velo_elec,Lyon,ST1012,ST1004,2026-08-01 15:54:19,2026-08-01 16:15:19,21,3.51,6.25,paypal
TR2608010013822,CL106400,EN00073,velo_elec,Lyon,ST1014,ST1012,2026-08-01 15:47:11,2026-08-01 15:59:11,12,3.91,4.0,paypal
TR2608010013823,CL102689,EN00183,velo_elec,Lyon,ST1019,ST1016,2026-08-01 15:51:19,2026-08-01 16:01:19,10,2.93,3.5,cb
TR2608010013824,CL106425,EN00328,velo_elec,Nantes,ST1021,ST1021,2026-08-01 15:49:04,2026-08-01 15:53:04,4,0.73,2.0,cb
TR2608010013825,CL106441,EN00285,trottinette,Nantes,ST1021,ST1031,2026-08-01 15:50:29,2026-08-01 15:58:29,8,2.39,2.76,abonnement
TR2608010013826,CL101435,EN00263,trottinette,Nantes,ST1023,ST1029,2026-08-01 15:49:03,2026-08-01 15:51:03,2,0.67,1.44,abonnement
TR2608010013827,CL104184,EN00332,trottinette,Nantes,ST1027,ST1024,2026-08-01 15:47:06,,11,3.55,3.42,abonnement
TR2608010013828,CL107616,EN00236,velo_elec,Nantes,ST1029,ST1022,2026-08-01 15:54:07,2026-08-01 16:03:07,9,2.92,3.25,cb
TR2608010013829,CL104834,EN00287,velo_elec,Nantes,ST1029,ST1025,2026-08-01 15:56:15,1785592935,6,1.05,2.5,cb
TR2608010013830,CL101177,EN00284,trottinette,Nantes,ST1029,ST1032,2026-08-01 15:49:37,2026-08-01 16:01:37,12,2.55,3.64,cb
TR2608010013831,CL107758,EN00486,velo,lille,ST1035,ST1038,2026-08-01 15:57:39,2026-08-01 16:07:39,10,2.6,2.5,paypal
TR2608010013832,CL100443,EN00363,velo_elec,Lille,ST1037,ST1041,2026-08-01 15:51:22,2026-08-01 16:19:22,28,9.33,8.0,cb
TR2608010013833,CL107243,EN00400,trottinette,Lille,ST1038,ST1043,2026-08-01 15:59:39,2026-08-01 16:31:39,32,9.96,8.04,abonnement
TR2608010013834,CL106610,EN00421,velo_elec,Lille,ST1040,ST1037,2026-08-01 15:46:53,2026-08-01 15:58:53,12,2.52,4.0,abonnement
TR2608010013835,CL104348,EN00478,trottinette,Lille,ST1041,ST1040,2026-08-01 15:52:41,2026-08-01 16:04:41,12,2.14,3.64,paypal
TR2608010013836,CL103153,EN00472,velo_elec,Lille,ST1041,ST1042,2026-08-01 15:53:09,2026-08-01 16:00:09,7,1.92,2.75,abonnement
TR2608010013837,CL100757,EN00451,velo_elec,Lille,ST1042,ST1045,2026-08-01 15:49:50,2026-08-01 16:12:50,23,4.13,6.75,abonnement
TR2608010013838,CL104207,EN00401,trottinette,Lille,ST1047,ST1040,01/08/2026 16:00,2026-08-01 16:12:28,12,3.88,3.64,paypal
TR2608010013839,CL101696,EN00534,trottinette,grenoble,ST1048,ST1049,2026-08-01 16:00:35,2026-08-01 16:09:35,9,2.11,2.98,cb
TR2608010013840,CL103935,EN00580,velo_elec,Grenoble,ST1048,ST1049,2026-08-01 15:56:33,01/08/2026 16:04,8,2.69,3.0,paypal
TR2608010013841,CL103257,EN00523,velo_elec,grenoble,ST1052,ST1051,2026-08-01 15:56:49,2026-08-01 16:01:49,5,1.63,2.25,paypal
TR2608010013842,CL102028,EN00554,velo_elec,Grenoble,ST1054,ST1051,2026-08-01 15:52:43,2026-08-01 16:06:43,14,2.95,4.5,cb
TR2608010013843,CL103821,EN00177,velo_elec,Lyon,ST1001,ST1019,2026-08-01 16:05:47,1785593747,10,2.65,3.5,cb
TR2608010013844,CL103552,EN00014,velo_elec,Lyon,ST1005,ST1003,2026-08-01 16:06:49,01/08/2026 16:22,16,5.01,5.0,cb
TR2608010013845,CL106140,EN00173,velo_elec,Lyon,ST1007,ST1015,2026-08-01 16:08:55,2026-08-01 16:15:55,7,1.11,2.75,cb
TR2608010013846,CL103048,EN00081,velo_elec,Lyon,ST1008,ST1002,2026-08-01 16:12:58,01/08/2026 16:24,12,3.96,4.0,cb
TR2608010013847,CL105917,EN00218,velo_elec,Lyon,ST1009,ST1017,2026-08-01 16:15:30,1785594450,12,2.68,4.0,cb
TR2608010013848,CL108780,EN00179,trottinette,Lyon,ST1011,ST1013,2026-08-01 16:10:23,2026-08-01 16:19:23,9,1.68,2.98,cb
TR2608010013849,CL105656,EN00049,trottinette,Lyon,ST1012,ST1003,2026-08-01 16:05:55,01/08/2026 16:11,5195,1.05,2.32,paypal
TR2608010013850,CL102344,EN00073,velo_elec,Lyon,ST1012,ST1019,2026-08-01 16:15:48,2026-08-01 16:31:48,16,3.35,5.0,abonnement
TR2608010013851,CL108566,EN00093,velo_elec,Lyon,ST1013,ST1009,,2026-08-01 16:24:42,10,3.13,3.5,cb
TR2608010013852,CL101261,EN00208,velo_elec,Lyon,ST1014,ST1016,2026-08-01 16:02:23,01/08/2026 16:16,14,4.03,4.5,abonnement
TR2608010013853,CL105640,EN00168,velo_elec,Lyon,ST1015,ST1019,2026-08-01 16:04:38,2026-08-01 16:14:38,10,2.77,3.5,cb
TR2608010013854,CL107718,EN00130,velo_elec,Lyon,ST1016,ST1011,2026-08-01 16:08:39,2026-08-01 16:30:39,22,6.16,6.5,abonnement
TR2608010013855,CL108256,EN00036,velo_elec,Lyon,ST1017,ST1012,2026-08-01 16:08:15,01/08/2026 16:22,14,4.76,4.5,cb
TR2608010013856,CL103331,EN00206,velo_elec,Lyon,ST1018,ST1008,2026-08-01 16:08:59,2026-08-01 16:20:59,12,2.9,4.0,cb
TR2608010013857,CL104105,EN00084,velo_elec,Lyon ,ST1019,ST1018,2026-08-01 16:05:43,2026-08-01 16:16:43,11,3.84,3.75,paypal
TR2608010013858,CL108585,EN00104,trottinette,Lyon,ST1019,ST1008,2026-08-01 16:15:38,1785594038,5,1.05,2.1,cb
TR2608010013859,CL101061,EN00301,velo_elec,Nantes,ST1026,ST1033,01/08/2026 16:15,2026-08-01 16:19:59,4,0.6,2.0,abonnement
TR2608010013860,CL101535,EN00286,velo_elec,Nantes,ST1028,ST1023,01/08/2026 16:06,2026-08-01 16:15:28,9,2.82,3.25,paypal
TR2608010013861,CL102154,EN00265,trottinette,Nantes,ST1033,ST1021,2026-08-01 16:11:53,2026-08-01 16:24:53,13,3.19,3.86,cb
TR2608010013862,CL104946,EN00404,trottinette,Lille,ST1034,ST1044,2026-08-01 16:14:22,2026-08-01 16:24:22,10,1.79,3.2,paypal
TR2608010013863,CL105089,EN00409,trottinette,Lille,ST1035,ST1042,2026-08-01 16:02:11,2026-08-01 16:16:11,14,2.63,4.08,cb
TR2608010013864,CL100397,EN00423,velo_elec,Lille,ST1036,ST1046,2026-08-01 16:09:07,2026-08-01 16:14:07,5,1.57,2.25,cb
TR2608010013865,CL105449,EN00484,velo_elec,Lille,ST1041,ST1039,2026-08-01 16:04:51,2026-08-01 16:29:51,25,4.29,7.25,abonnement
TR2608010013866,CL103088,EN00528,velo_elec,Grenoble,ST1049,ST1057,2026-08-01 16:14:54,,13,2.1,4.25,cb
TR2608010013867,CL101913,EN00591,velo_elec,Grenoble,ST1053,ST1051,2026-08-01 16:11:05,2026-08-01 16:19:05,8,2.35,3.0,cb
TR2608010013868,CL101171,EN00558,trottinette,Grenoble,ST1055,ST1056,2026-08-01 16:11:36,2026-08-01 16:26:36,15,5.07,4.3,cb
TR2608010013869,CL102461,EN00056,velo_elec,Lyon,ST1001,ST1017,2026-08-01 16:21:37,2026-08-01 16:32:37,11,2.08,3.75,cb
TR2608010013870,CL107419,EN00215,velo_elec,Lyonn,ST1002,ST1013,2026-08-01 16:23:40,2026-08-01 16:42:40,19,4.08,5.75,paypal
TR2608010013871,CL107872,EN00105,velo_elec,Lyon,ST1004,ST1016,2026-08-01 16:20:59,2026-08-01 16:33:59,13,3.76,4.25,cb
TR2608010013872,CL100631,EN00047,velo_elec,Lyon,ST1004,ST1007,,2026-08-01 16:59:31,29,8.13,8.25,paypal
TR2608010013873,CL108745,EN00136,trottinette,Lyon,ST1007,ST1018,01/08/2026 16:23,2026-08-01 16:31:04,8,2.06,2.76,paypal
TR2608010013874,CL108983,EN00086,velo_elec,Lyon,ST1007,ST1009,2026-08-01 16:20:06,2026-08-01 16:36:06,16,5.18,5.0,abonnement
TR2608010013875,CL108254,EN00110,velo_elec,Lyon,ST1008,ST1016,01/08/2026 16:18,2026-08-01 16:21:11,3,0.48,1.75,paypal
TR2608010013876,CL102976,EN00153,velo_elec,Lyon,ST1008,ST1015,01/08/2026 16:17,2026-08-01 16:26:48,9,1.46,3.25,abonnement
TR2608010013877,CL100670,EN00163,trottinette,Lyon,ST1008,ST1011,2026-08-01 16:16:58,2026-08-01 16:28:58,12,3.27,3.64,cb
TR2608010013878,CL102150,EN00080,trottinette,Lyonn,ST1008,ST1009,2026-08-01 16:19:47,2026-08-01 16:29:47,10,1.7,3.2,abonnement
TR2608010013879,CL104508,EN00169,velo,Lyon,ST1009,ST1017,,2026-08-01 16:54:24,30,7.49,5.5,cb
TR2608010013880,CL106793,EN00112,velo_elec,Lyon ,ST1010,ST1010,1785594004,01/08/2026 16:40,20,4.15,6.0,abonnement
TR2608010013881,CL100138,EN00044,trottinette,Lyon,ST1013,ST1006,01/08/2026 16:24,01/08/2026 16:43,19,3.85,5.18,abonnement
TR2608010013882,CL100273,EN00029,velo_elec,Lyon,ST1017,ST1010,2026-08-01 16:29:48,2026-08-01 16:33:48,4,0.92,2.0,cb
TR2608010013883,CL108179,EN00070,trottinette,Lyon,ST1018,ST1013,01/08/2026 16:20,1785595014,16,3.0,4.52,cb
TR2608010013884,CL103239,EN00254,velo_elec,Nantes,ST1022,ST1028,01/08/2026 16:21,2026-08-01 16:34:36,13,3.55,4.25,abonnement
TR2608010013885,CL101687,EN00277,velo_elec,Nantes,ST1024,ST1033,2026-08-01 16:28:43,01/08/2026 16:36,8,2.1,3.0,cb
TR2608010013886,CL102308,EN00228,trottinette,Nantes,ST1024,ST1021,01/08/2026 16:20,2026-08-01 16:25:18,5,0.76,2.1,abonnement
TR2608010013887,CL106385,EN00248,trottinette,Nantes,ST1026,ST1029,2026-08-01 16:27:01,2026-08-01 16:34:01,7,1.15,2.54,cb
TR2608010013888,CL106849,EN00288,trottinette,Nantes,ST1027,ST1026,,2026-08-01 16:33:07,13,2.2,3.86,cb
TR2608010013889,CL105725,EN00340,velo_elec,nantes,ST1028,ST1031,2026-08-01 16:24:09,1785594489,4,1.15,2.0,cb
TR2608010013890,CL103628,EN00342,velo_elec,Nante,ST1029,ST1022,01/08/2026 16:21,01/08/2026 16:40,19,4.07,5.75,abonnement
TR2608010013891,CL101818,EN00375,trottinette,Lille,ST1036,ST1047,2026-08-01 16:21:38,1785595298,20,5.7,5.4,cb
TR2608010013892,CL101016,EN00498,trottinette,Lille,ST1038,ST1035,01/08/2026 16:17,2026-08-01 16:27:57,10,2.99,3.2,abonnement
TR2608010013893,CL107405,EN00442,trottinette,Lille,ST1041,ST1039,2026-08-01 16:19:00,2026-08-01 16:29:00,10,1.52,3.2,abonnement
TR2608010013894,CL102711,EN00428,velo_elec,Lille,ST1043,ST1041,2026-08-01 16:23:35,2026-08-01 16:54:35,31,6.22,8.75,abonnement
TR2608010013895,CL104407,EN00399,trottinette,lille,ST1043,ST1047,2026-08-01 16:25:09,2026-08-01 16:40:09,15,3.38,4.3,cb
TR2608010013896,CL103385,EN00556,trottinette,Grenoble,ST1054,ST1054,01/08/2026 16:25,,17,2.69,4.74,cb
TR2608010013897,CL107806,EN00203,trottinette,Lyon,ST1001,ST1009,2026-08-01 16:39:49,01/08/2026 17:00,21,3.42,5.62,cb
TR2608010013898,CL103959,EN00081,velo_elec,Lyon,ST1002,ST1008,2026-08-01 16:43:12,2026-08-01 17:03:12,20,5.19,6.0,paypal
TR2608010013899,CL105480,EN00043,velo,Lyon,ST1002,ST1001,,01/08/2026 17:12,29,7.36,5.35,cb
TR2608010013900,CL108784,EN00049,trottinette,Lyon,ST1003,ST1019,2026-08-01 16:45:22,01/08/2026 16:57,12,3.54,3.64,cb
TR2608010013901,CL108699,EN00097,velo_elec,Lyon,ST1004,ST1008,2026-08-01 16:40:29,2026-08-01 16:56:29,16,3.75,5.0,abonnement
TR2608010013902,CL101833,EN00115,velo_elec,Lyon,ST1004,ST1014,2026-08-01 16:41:36,2026-08-01 17:06:36,25,4.93,7.25,abonnement
TR2608010013903,CL106285,EN00077,trottinette,Lyon,ST1007,ST1008,01/08/2026 16:40,2026-08-01 16:45:33,5,1.0,2.1,paypal
TR2608010013904,CL101510,EN00202,trottinette,Lyon,ST1007,ST1006,2026-08-01 16:37:14,2026-08-01 16:46:14,9,2.37,2.98,cb
TR2608010013905,CL105034,EN00184,velo_elec,Lyonn,ST1007,ST1001,2026-08-01 16:44:22,2026-08-01 16:49:22,5,0.95,2.25,cb
TR2608010013906,CL106837,EN00160,velo_elec,Lyon,ST1007,ST1017,1785594658,2026-08-01 16:49:58,19,4.66,5.75,abonnement
TR2608010013907,CL107934,EN00206,velo_elec,Lyon,ST1008,ST1019,01/08/2026 16:34,2026-08-01 17:14:44,40,13.13,11.0,paypal
TR2608010013908,CL103828,EN00076,velo_elec,Lyon,ST1010,ST1015,2026-08-01 16:35:52,01/08/2026 16:52,17,2.98,5.25,abonnement
TR2608010013909,CL101848,EN00211,velo_elec,lyon,ST1014,ST1001,01/08/2026 16:35,01/08/2026 16:48,13,2.33,4.25,abonnement
TR2608010013910,CL101191,EN00020,velo_elec,Lyon,ST1014,ST1008,1785595139,2026-08-01 16:45:59,7,2.34,2.75,cb
TR2608010013911,CL106228,EN00146,trottinette,LYON,ST1014,ST1008,2026-08-01 16:40:30,01/08/2026 17:16,36,9.51,8.92,cb
TR2608010013912,CL102828,EN00099,velo_elec,Lyon,ST1015,ST1009,2026-08-01 16:39:53,2026-08-01 16:46:53,7,2.32,2.75,cb
TR2608010013913,CL108499,EN00208,velo_elec,Lyon,ST1016,ST1010,2026-08-01 16:43:37,01/08/2026 16:56,13,4.37,4.25,cb
TR2608010013914,CL100394,EN00157,velo_elec,Lyon,ST1016,ST1018,2026-08-01 16:34:41,01/08/2026 17:07,33,6.76,9.25,paypal
TR2608010013915,CL100909,EN00218,velo_elec,Lyon,ST1017,ST1013,01/08/2026 16:34,,26,7.99,7.5,cb
TR2608010013916,CL107029,EN00338,velo_elec,Nantes,ST1022,ST1027,2026-08-01 16:38:04,1785595744,11,1.99,3.75,abonnement
TR2608010013917,CL104001,EN00354,velo_elec,Nantes,ST1026,ST1025,01/08/2026 16:38,01/08/2026 16:54,16,3.34,5.0,abonnement
TR2608010013918,CL103584,EN00256,velo_elec,Nantes,ST1026,ST1023,1785595023,01/08/2026 16:49,12,2.77,4.0,abonnement
TR2608010013919,CL100569,EN00349,velo_elec,Nantes,ST1029,ST1023,2026-08-01 16:40:33,2026-08-01 16:48:33,8,2.51,3.0,cb
TR2608010013920,CL104018,EN00341,velo_elec,Nantes,ST1030,ST1021,01/08/2026 16:40,2026-08-01 17:05:30,25,4.01,7.25,abonnement
TR2608010013921,CL104437,EN00340,velo_elec,Nantes,ST1031,ST1031,2026-08-01 16:36:02,2026-08-01 16:51:02,15,2.38,4.75,cb
TR2608010013922,CL107199,EN00317,trottinette,Nantes,ST1033,ST1029,2026-08-01 16:37:09,2026-08-01 16:45:09,8,1.62,2.76,paypal
TR2608010013923,CL104131,EN00452,velo,Lille,ST1038,ST1042,2026-08-01 16:35:20,2026-08-01 16:47:20,12,3.31,2.8,abonnement
TR2608010013924,CL104113,EN00404,trottinette,LILLE,ST1044,ST1043,2026-08-01 16:39:06,01/08/2026 16:50,11,3.37,3.42,cb
TR2608010013925,CL108752,EN00378,velo_elec,Lille,ST1045,ST1040,1785595266,2026-08-01 16:49:06,8,2.71,3.0,paypal
TR2608010013926,CL102838,EN00493,velo_elec,Lille,ST1046,ST1044,2026-08-01 16:36:18,,28,5.42,8.0,cb
TR2608010013927,CL102679,EN00544,velo_elec,Grenoble,ST1048,ST1052,2026-08-01 16:38:05,,23,4.59,6.75,abonnement
TR2608010013928,CL107005,EN00537,velo_elec,Grenoble,ST1052,ST1051,2026-08-01 16:33:48,01/08/2026 16:59,26,6.85,7.5,abonnement
TR2608010013929,CL108317,EN00527,velo_elec,Grenoble,ST1053,ST1051,01/08/2026 16:39,,6,1.23,2.5,paypal
TR2608010013930,CL107378,EN00120,velo,Lyon,ST1002,ST1018,01/08/2026 16:57,01/08/2026 17:17,20,6.29,4.0,cb
TR2608010013931,CL103304,EN00125,velo,Lyon,ST1002,ST1001,2026-08-01 16:56:18,01/08/2026 17:11,15,3.26,3.25,paypal
TR2608010013932,CL100532,EN00117,trottinette,Lyon,ST1004,ST1012,2026-08-01 16:48:03,1785596403,12,2.54,3.64,cb
TR2608010013933,CL102280,EN00194,velo_elec,Lyon,ST1006,ST1007,2026-08-01 16:47:48,2026-08-01 16:53:48,6,1.56,2.5,abonnement
TR2608010013934,CL101047,EN00078,velo_elec,Lyon,ST1006,ST1014,2026-08-01 16:58:19,2026-08-01 17:23:19,25,7.15,7.25,cb
TR2608010013935,CL106991,EN00033,trottinette,LYON,ST1007,ST1001,2026-08-01 16:46:21,1785596121,9,2.95,2.98,cb
TR2608010013936,CL107812,EN00077,trottinette,Lyon,ST1008,ST1012,1785595893,01/08/2026 16:56,5,1.18,2.1,cb
TR2608010013937,CL101650,EN00112,velo_elec,Lyonn,ST1010,ST1010,2026-08-01 16:54:23,2026-08-01 17:00:23,6,1.03,2.5,cb
TR2608010013938,CL102472,EN00179,trottinette,Lyon,ST1013,ST1002,2026-08-01 16:51:36,2026-08-01 17:05:36,14,3.57,4.08,cb
TR2608010013939,CL108829,EN00139,velo_elec,Lyon,ST1014,ST1008,01/08/2026 16:56,2026-08-01 17:08:18,12,2.92,4.0,cb
TR2608010013940,CL100340,EN00042,trottinette,Lyon,ST1015,ST1016,2026-08-01 16:49:03,2026-08-01 17:13:03,24,5.73,6.28,cb
TR2608010013941,CL105444,EN00027,velo_elec,Lyon,ST1016,ST1012,2026-08-01 16:59:48,2026-08-01 17:35:48,36,11.88,10.0,cb
TR2608010013942,CL104241,EN00105,velo_elec,Lyon,ST1016,ST1011,2026-08-01 17:00:57,2026-08-01 17:18:57,18,3.66,5.5,abonnement
TR2608010013943,CL101324,EN00168,velo_elec,Lyon,ST1019,ST1001,1785595906,2026-08-01 17:07:46,16,5.24,5.0,cb
TR2608010013944,CL104209,EN00319,velo_elec,Nantes,ST1022,ST1029,2026-08-01 16:57:17,2026-08-01 17:04:17,7,1.99,2.75,cb
TR2608010013945,CL101063,EN00498,trottinette,Lille,ST1035,ST1037,,2026-08-01 16:50:52,4,0.82,1.88,cb
TR2608010013946,CL105494,EN00411,trottinette,Lille,ST1035,ST1034,2026-08-01 17:00:56,2026-08-01 17:30:56,30,7.33,7.6,cb
TR2608010013947,CL103086,EN00426,trottinette,Lille,ST1036,ST1042,2026-08-01 16:51:13,01/08/2026 17:39,48,16.25,11.56,cb
TR2608010013948,CL100041,EN00409,trottinette,Lille,ST1042,ST1043,2026-08-01 16:54:12,,10,1.81,3.2,cb
TR2608010013949,CL102806,EN00439,velo_elec,Lille,ST1046,ST1039,2026-08-01 16:45:56,01/08/2026 16:58,13,2.44,4.25,abonnement
TR2608010013950,CL108244,EN00423,velo_elec,Lille,ST1046,ST1041,1785596091,01/08/2026 17:21,27,6.76,7.75,cb
TR2608010013951,CL108946,EN00593,trottinette,Grenoble,ST1054,ST1051,1785596134,2026-08-01 17:13:34,18,5.85,4.96,paypal
TR2608010013952,CL105899,EN00211,velo_elec,Lyon,ST1001,ST1008,2026-08-01 17:11:17,1785598397,22,4.64,6.5,paypal
TR2608010013953,CL103133,EN00033,trottinette,Lyon,ST1001,ST1007,2026-08-01 17:08:43,2026-08-01 17:13:43,-4,1.61,2.1,cb
TR2608010013954,CL105191,EN00133,velo_elec,Lyon,ST1003,ST1006,2026-08-01 17:05:25,2026-08-01 17:15:25,10,3.43,3.5,abonnement
TR2608010013955,CL101966,EN00145,trottinette,Lyon,ST1005,ST1015,01/08/2026 17:05,2026-08-01 17:10:06,5,1.31,2.1,cb
TR2608010013956,CL106622,EN00044,trottinette,Lyon,ST1006,ST1016,1785597005,2026-08-01 17:32:05,22,7.51,5.84,cb
TR2608010013957,CL103325,EN00016,velo,lyon,ST1006,ST1019,2026-08-01 17:06:25,01/08/2026 17:27,21,3.21,4.15,cb
TR2608010013958,CL100242,EN00194,velo_elec,Lyon,ST1007,ST1018,01/08/2026 17:05,2026-08-01 17:11:04,6,1.1,2.5,cb
TR2608010013959,CL100223,EN00047,velo_elec,Lyon,ST1007,ST1011,2026-08-01 17:07:30,2026-08-01 17:18:30,11,2.96,3.75,cb
TR2608010013960,CL102803,EN00097,velo_elec,Lyon,ST1008,ST1005,01/08/2026 17:03,2026-08-01 17:09:52,6,2.06,2.5,cb
TR2608010013961,CL104908,EN00086,velo_elec,Lyon,ST1009,ST1016,2026-08-01 17:15:50,2026-08-01 17:37:50,22,6.72,6.5,paypal
TR2608010013962,CL104831,EN00112,velo_elec,Lyon,ST1010,ST1019,2026-08-01 17:02:03,1785597183,11,1.66,3.75,cb
TR2608010013963,CL106019,EN00208,velo_elec,Lyon,ST1010,ST1002,2026-08-01 17:01:29,2026-08-01 17:13:29,12,3.27,4.0,cb
TR2608010013964,CL101720,EN00071,velo_elec,Lyon,ST1010,ST1009,01/08/2026 17:12,2026-08-01 17:28:16,16,4.04,5.0,cb
TR2608010013965,CL105194,EN00094,velo_elec,Lyon,ST1014,ST1018,01/08/2026 17:03,2026-08-01 17:16:48,13,3.68,4.25,abonnement
TR2608010013966,CL103499,EN00119,trottinette,Lyon,ST1014,ST1006,2026-08-01 17:12:45,2026-08-01 17:23:45,11,3.06,3.42,paypal
TR2608010013967,CL107977,EN00141,velo_elec,Lyon,ST1015,ST1009,2026-08-01 17:11:43,2026-08-01 17:34:43,23,3.86,6.75,cb
TR2608010013968,CL100629,EN00124,velo_elec,Lyon,ST1015,ST1016,2026-08-01 17:11:43,1785597763,11,1.92,3.75,paypal
TR2608010013969,CL106876,EN00056,velo_elec,Lyon,ST1017,ST1014,,2026-08-01 17:41:19,29,5.19,8.25,
TR2608010013970,CL104583,EN00136,trottinette,Lyon,ST1018,ST1003,2026-08-01 17:14:50,2026-08-01 17:20:50,6,1.46,2.32,cb
TR2608010013971,CL107126,EN00273,velo_elec,Nantes,ST1022,ST1033,01/08/2026 17:06,2026-08-01 17:19:21,13,4.52,4.25,cb
TR2608010013972,CL103668,EN00327,velo_elec,Nantes,ST1023,ST1030,2026-08-01 17:08:44,,4,0.96,2.0,cb
TR2608010013973,CL104567,EN00288,trottinette,Nantes,ST1026,ST1032,2026-08-01 17:07:55,2026-08-01 17:43:55,36,12.14,8.92,abonnement
TR2608010013974,CL101613,EN00266,velo_elec,Nantes,ST1029,ST1026,2026-08-01 17:09:33,01/08/2026 17:28,19,6.51,5.75,abonnement
TR2608010013975,CL101743,EN00245,velo_elec,Nantes,ST1030,ST1025,2026-08-01 17:02:56,01/08/2026 17:05,3,0.53,1.75,abonnement
TR2608010013976,CL107719,EN00340,velo_elec,Nantes,ST1031,ST1025,2026-08-01 17:12:05,2026-08-01 17:52:05,40,13.1,,cb
TR2608010013977,CL101865,EN00300,velo_elec,Nantes,ST1033,ST1033,2026-08-01 17:05:12,2026-08-01 17:10:12,5,1.18,2.25,paypal
TR2608010013978,CL108790,EN00487,velo,Lille,ST1035,ST1036,01/08/2026 17:14,2026-08-01 17:41:02,27,7.44,5.05,paypal
TR2608010013979,CL104026,EN00498,trottinette,Lille,ST1037,ST1041,2026-08-01 17:11:46,2026-08-01 17:20:46,9,1.93,2.98,cb
TR2608010013980,CL107997,EN00439,velo_elec,Lille,ST1039,ST1040,2026-08-01 17:03:45,2026-08-01 17:23:45,20,7.0,6.0,abonnement
TR2608010013981,CL105463,EN00363,velo_elec,Lille,ST1041,ST1044,1785597029,2026-08-01 17:31:29,21,3.38,6.25,cb
TR2608010013982,CL102215,EN00413,trottinette,Lille,ST1042,ST1040,2026-08-01 17:10:07,2026-08-01 17:35:07,25,4.64,6.5,abonnement
TR2608010013983,CL104233,EN00479,trottinette,Lille,ST1047,ST1045,2026-08-01 17:00:57,01/08/2026 17:17,17,5.32,4.74,cb
TR2608010013984,CL102427,EN00599,trottinette,Grenoble,ST1051,ST1049,2026-08-01 17:03:32,2026-08-01 17:27:32,24,7.87,6.28,cb
TR2608010013985,CL102451,EN00544,velo_elec,Grenoble,ST1052,ST1053,2026-08-01 17:10:42,2026-08-01 17:42:42,32,4.87,9.0,cb
TR2608010013986,CL100434,EN00507,trottinette,Grenoble,ST1054,ST1057,2026-08-01 17:03:10,2026-08-01 17:09:10,6,1.37,2.32,paypal
TR2608010013987,CL108698,EN00509,trottinette,Grenoble,ST1057,ST1048,2026-08-01 17:04:09,2026-08-01 17:15:09,11,2.49,3.42,cb
TR2608010013988,CL101131,EN00179,trottinette,Lyon,ST1002,ST1006,2026-08-01 17:17:24,01/08/2026 17:27,10,3.23,3.2,cb
TR2608010013989,CL107590,EN00079,velo_elec,Lyon,ST1004,ST1018,2026-08-01 17:22:04,2026-08-01 17:29:04,7,1.19,2.75,cb
TR2608010013990,CL106151,EN00133,velo_elec,Lyon ,ST1006,ST1004,01/08/2026 17:24,2026-08-01 17:46:18,22,4.99,6.5,abonnement
TR2608010013991,CL102057,EN00159,velo,Lyon,ST1006,ST1018,2026-08-01 17:27:30,01/08/2026 17:32,5,1.56,1.75,paypal
TR2608010013992,CL106201,EN00099,velo_elec,Lyon,ST1009,ST1011,2026-08-01 17:22:30,2026-08-01 17:42:30,20,3.9,6.0,cb
TR2608010013993,CL102552,EN00077,trottinette,Lyon,ST1012,ST1010,2026-08-01 17:21:50,2026-08-01 17:39:50,18,4.52,4.96,cb
TR2608010013994,CL103803,EN00145,trottinette,Lyon,ST1015,ST1001,2026-08-01 17:22:17,2026-08-01 17:32:17,10,2.59,3.2,paypal
TR2608010013995,CL106781,EN00199,velo_elec,Lyon,ST1015,ST1015,01/08/2026 17:20,2026-08-01 17:26:42,6,1.97,2.5,cb
TR2608010013996,CL100391,EN00009,velo_elec,Lyon,ST1015,ST1010,2026-08-01 17:30:09,2026-08-01 17:39:09,9,1.42,3.25,cb
TR2608010013997,CL108071,EN00160,velo_elec,Lyon,ST1017,ST1002,1785597672,2026-08-01 17:30:12,9,1.64,3.25,paypal
TR2608010013998,CL105575,EN00194,velo_elec,Lyon,ST1018,ST1014,2026-08-01 17:22:07,2026-08-01 17:30:07,8,1.33,3.0,paypal
TR2608010013999,CL102731,EN00049,trottinette,Lyon,ST1019,ST1014,01/08/2026 17:18,2026-08-01 17:23:46,5,0.81,2.1,abonnement
TR2608010014000,CL108898,EN00112,velo_elec,Lyon,ST1019,ST1011,2026-08-01 17:18:30,2026-08-01 17:33:30,15,4.93,4.75,abonnement
TR2608010014001,CL102776,EN00269,velo_elec,NANTES,ST1024,ST1027,2026-08-01 17:30:57,2026-08-01 17:38:57,8,1.91,3.0,abonnement
TR2608010014002,CL101905,EN00293,velo_elec,Nantes,ST1026,ST1023,2026-08-01 17:22:07,,-18,0.64,2.0,paypal
TR2608010014003,CL103467,EN00306,velo,Nantes,ST1026,ST1026,2026-08-01 17:22:51,2026-08-01 17:30:51,8,2.24,2.2,cb
TR2608010014004,CL106296,EN00285,trottinette,Nantes,ST1031,ST1021,2026-08-01 17:20:11,2026-08-01 17:27:11,7,1.1,2.54,abonnement
TR2608010014005,CL103634,EN00396,velo_elec,Lille,ST1036,ST1035,2026-08-01 17:23:43,2026-08-01 17:28:43,5,1.65,2.25,abonnement
TR2608010014006,CL106074,EN00397,velo,Lille,ST1038,ST1046,2026-08-01 17:24:36,2026-08-01 17:31:36,7,1.33,2.05,paypal
TR2608010014007,CL104763,EN00435,trottinette,Lille,ST1039,ST1038,2026-08-01 17:15:45,2026-08-01 17:25:45,10,1.52,3.2,abonnement
TR2608010014008,CL102125,EN00428,velo_elec,lille,ST1041,ST1035,2026-08-01 17:28:31,1785598831,12,2.61,4.0,paypal
TR2608010014009,CL105057,EN00451,velo_elec,Lille,ST1045,ST1042,01/08/2026 17:28,2026-08-01 17:44:01,16,3.92,5.0,abonnement
TR2608010014010,CL106748,EN00408,velo_elec,Lille,ST1046,ST1043,2026-08-01 17:27:56,2026-08-01 17:38:56,11,3.74,3.75,abonnement
TR2608010014011,CL101238,EN00480,velo_elec,Lille,ST1047,ST1046,2026-08-01 17:23:18,2026-08-01 17:40:18,17,4.1,5.25,abonnement
TR2608010014012,CL106163,EN00381,trottinette,Lille,ST1047,ST1042,1785597565,2026-08-01 17:28:25,9,1.61,2.98,cb
TR2608010014013,CL107211,EN00553,trottinette,Grenoble,ST1051,ST1055,2026-08-01 17:29:20,1785598640,8,2.16,2.76,cb
TR2608010014014,CL102558,EN00547,trottinette,Grenoble,ST1054,ST1051,2026-08-01 17:20:56,2026-08-01 17:27:56,7,2.18,2.54,cb
TR2608010014015,CL106561,EN00556,trottinette,grenoble,ST1054,ST1050,2026-08-01 17:24:49,2026-08-01 17:30:49,6,1.83,2.32,cb
TR2608010014016,CL105643,EN00516,velo_elec,Grenoble,ST1056,ST1057,2026-08-01 17:22:52,2026-08-01 17:39:52,17,5.71,5.25,cb
TR2608010014017,CL105907,EN00184,velo_elec,Lyon,ST1001,ST1014,01/08/2026 17:42,2026-08-01 17:50:01,8,2.71,3.0,cb
TR2608010014018,CL107914,EN00160,velo_elec,Lyon,ST1002,ST1018,2026-08-01 17:39:50,2026-08-01 17:55:50,16,3.3,5.0,abonnement
TR2608010014019,CL102707,EN00208,velo_elec,Lyon,ST1002,ST1018,2026-08-01 17:45:02,2026-08-01 18:18:02,33,9.11,9.25,cb
TR2608010014020,CL108605,EN00202,trottinette,Lyon,ST1006,ST1002,2026-08-01 17:46:11,1785601751,43,13.42,10.46,
TR2608010014021,CL103371,EN00146,trottinette,Lyon,ST1008,ST1015,2026-08-01 17:42:26,2026-08-01 17:54:26,12,3.15,3.64,cb
TR2608010014022,CL105414,EN00083,velo_elec,Lyon,ST1010,ST1013,2026-08-01 17:43:11,2026-08-01 17:50:11,7,1.2,2.75,cb
TR2608010014023,CL102737,EN00074,trottinette,Lyon,ST1011,ST1008,2026-08-01 17:45:54,,5,0.78,2.1,cb
TR2608010014024,CL100051,EN00036,velo_elec,Lyon,ST1012,ST1006,2026-08-01 17:45:29,2026-08-01 17:50:29,8307,1.73,2.25,paypal
TR2608010014025,CL104506,EN00117,trottinette,Lyon,ST1012,ST1015,2026-08-01 17:43:34,2026-08-01 18:06:34,23,6.91,6.06,cb
TR2608010014026,CL100962,EN00199,velo_elec,Lyon,ST1015,ST1009,2026-08-01 17:34:19,2026-08-01 17:40:19,6,1.12,2.5,paypal
TR2608010014027,CL101830,EN00174,velo_elec,Lyon,ST1018,ST1005,2026-08-01 17:36:26,2026-08-01 18:15:26,39,8.59,10.75,cb
TR2608010014028,CL100787,EN00079,velo_elec,Lyon,ST1018,ST1002,2026-08-01 17:45:15,1785599775,11,2.06,3.75,cb
TR2608010014029,CL104571,EN00123,velo_elec,Lyon,ST1018,ST1018,2026-08-01 17:37:21,2026-08-01 17:52:21,15,2.75,4.75,cb
TR2608010014030,CL107679,EN00206,velo_elec,Lyon,ST1019,ST1015,2026-08-01 17:34:53,2026-08-01 17:43:53,9,2.87,3.25,paypal
TR2608010014031,CL105749,EN00073,velo_elec,Lyon,ST1019,ST1012,1785598375,,4,1.31,2.0,abonnement
TR2608010014032,CL108848,EN00237,velo_elec,Nantes,ST1032,ST1032,2026-08-01 17:33:55,1785600175,29,6.35,8.25,abonnement
TR2608010014033,CL106776,EN00284,trottinette,Nantes,ST1032,ST1024,2026-08-01 17:43:23,01/08/2026 17:47,4,1.25,1.88,cb
TR2608010014034,CL103432,EN00374,velo_elec,Lille,ST1034,ST1046,2026-08-01 17:33:36,2026-08-01 17:42:36,9,2.2,3.25,paypal
TR2608010014035,CL102012,EN00435,trottinette,Lille,ST1038,ST1038,2026-08-01 17:40:19,01/08/2026 17:54,14,2.75,4.08,paypal
TR2608010014036,CL105294,EN00381,trottinette,Lille,ST1042,ST1046,2026-08-01 17:35:13,01/08/2026 17:45,10,2.75,3.2,cb
TR2608010014037,CL101787,EN00400,trottinette,Lille,ST1043,ST1041,01/08/2026 17:35,2026-08-01 17:47:52,12,3.65,3.64,cb
TR2608010014038,CL106923,EN00409,trottinette,Lille,ST1043,ST1041,2026-08-01 17:31:57,,12,3.46,3.64,abonnement
TR2608010014039,CL103190,EN00508,trottinette,Grenoble,ST1054,ST9363,2026-08-01 17:37:52,2026-08-01 18:05:52,28,8.66,7.16,cb
TR2608010014040,CL105271,EN00587,trottinette,grenoble,ST1058,ST1053,2026-08-01 17:36:46,2026-08-01 17:45:46,9,3.03,2.98,paypal
TR2608010014041,CL102990,EN00145,trottinette,Lyon,ST1001,ST1011,2026-08-01 17:51:28,01/08/2026 18:05,14,3.69,4.08,abonnement
TR2608010014042,CL106438,EN00136,trottinette,Lyon,ST1003,ST1019,2026-08-01 17:57:06,2026-08-01 18:17:06,20,5.53,5.4,cb
TR2608010014043,CL107290,EN00187,velo_elec,Lyon,ST1004,ST1002,,2026-08-01 18:04:17,14,3.96,4.5,abonnement
TR2608010014044,CL103520,EN00097,velo_elec,Lyon,ST1005,ST1008,2026-08-01 17:59:36,2026-08-01 18:13:36,14,3.72,4.5,abonnement
TR2608010014045,CL106744,EN00150,trottinette,Lyon,ST1005,ST1005,2026-08-01 17:49:07,2026-08-01 18:10:07,21,6.89,5.62,cb
TR2608010014046,CL106571,EN00179,trottinette,Lyon,ST1006,ST1007,2026-08-01 17:53:18,2026-08-01 18:00:18,7,2.32,2.54,abonnement
TR2608010014047,CL107426,EN00033,trottinette,Lyon,ST1007,ST1002,01/08/2026 17:51,1785600564,18,3.26,4.96,abonnement
TR2608010014048,CL105046,EN00167,trottinette,Lyon,ST1012,ST1013,2026-08-01 17:51:13,01/08/2026 17:57,6,1.73,2.32,abonnement
TR2608010014049,CL108894,EN00206,velo_elec,Lyon,ST1015,ST1018,01/08/2026 17:52,2026-08-01 18:02:09,10,3.05,3.5,abonnement
TR2608010014050,CL108332,EN00319,velo_elec,Nantes,ST1029,ST1027,2026-08-01 17:48:30,2026-08-01 18:05:30,17,4.64,5.25,cb
TR2608010014051,CL102040,EN00424,velo_elec,Lille,ST1036,ST1043,2026-08-01 17:46:28,2026-08-01 17:55:28,9,2.35,3.25,cb
TR2608010014052,CL102273,EN00422,velo_elec,Lille,ST1036,ST1043,2026-08-01 17:50:38,2026-08-01 18:23:38,33,9.08,9.25,paypal
TR2608010014053,CL100333,EN00486,velo,Lille,ST1038,ST1047,2026-08-01 17:58:42,2026-08-01 18:01:42,3,0.74,1.45,abonnement
TR2608010014054,CL106589,EN00404,trottinette,Lille,ST1043,ST1034,1785599814,2026-08-01 18:35:54,39,6.26,9.58,abonnement
TR2608010014055,CL102421,EN00480,velo_elec,Lille,ST1046,ST1038,2026-08-01 17:55:18,2026-08-01 17:57:18,2,0.62,1.5,cb
TR2608010014056,CL101278,EN00025,velo_elec,LYON,ST1003,ST1013,1785600159,2026-08-01 18:13:39,11,2.0,3.75,cb
TR2608010014057,CL101762,EN00220,velo_elec,Lyon,ST1004,ST1005,2026-08-01 18:13:37,2026-08-01 18:23:37,10,1.81,3.5,cb
TR2608010014058,CL107372,EN00036,velo_elec,Lyon,ST1006,ST1018,2026-08-01 18:06:15,01/08/2026 18:08,2,0.68,1.5,cb
TR2608010014059,CL105803,EN00068,velo_elec,Lyon,ST1008,ST1006,2026-08-01 18:07:35,01/08/2026 18:19,12,4.13,4.0,abonnement
TR2608010014060,CL107425,EN00099,velo_elec,Lyon,ST1011,ST1007,2026-08-01 18:15:00,2026-08-01 18:31:00,16,4.36,5.0,cb
TR2608010014061,CL101125,EN00160,velo_elec,Lyon,ST1018,ST1006,2026-08-01 18:11:07,2026-08-01 18:19:07,8,1.84,3.0,cb
TR2608010014062,CL107163,EN00084,velo_elec,Lyon,ST1018,ST1010,2026-08-01 18:03:01,2026-08-01 18:10:01,7,2.13,2.75,cb
TR2608010014063,CL104162,EN00338,velo_elec,Nantes,ST1027,ST1030,2026-08-01 18:07:02,01/08/2026 18:22,15,3.48,4.75,abonnement
TR2608010014064,CL100383,EN00227,trottinette,Nantes,ST1032,ST1020,2026-08-01 18:03:14,2026-08-01 18:30:14,27,5.26,6.94,abonnement
TR2608010014065,CL108043,EN00372,trottinette,Lille,ST1043,ST1036,2026-08-01 18:15:29,2026-08-01 18:35:29,20,6.28,5.4,abonnement
TR2608010014066,CL101787,EN00408,velo_elec,Lille,ST1043,ST1038,01/08/2026 18:01,2026-08-01 18:15:24,14,2.53,4.5,paypal
TR2608010014067,CL105255,EN00493,velo_elec,Lille,ST1044,ST1044,,2026-08-01 18:22:52,14,2.28,4.5,abonnement
TR2608010014068,CL101256,EN00366,trottinette,Lille,ST1047,ST1043,01/08/2026 18:07,2026-08-01 18:20:35,13,3.47,3.86,cb
TR2608010014069,CL102798,EN00168,velo_elec,Lyon,ST1001,ST1009,2026-08-01 18:24:24,2026-08-01 18:32:24,8,1.84,3.0,cb
TR2608010014070,CL103809,EN00119,trottinette,Lyon,ST1006,ST1008,01/08/2026 18:23,2026-08-01 18:38:08,15,3.31,4.3,paypal
TR2608010014071,CL108855,EN00145,trottinette,Lyon,ST1011,ST1016,2026-08-01 18:25:37,2026-08-01 18:58:37,33,11.33,8.26,abonnement
TR2608010014072,CL104714,EN00127,trottinette,Lyon,ST1012,ST1002,2026-08-01 18:21:34,,17,4.19,4.74,abonnement
TR2608010014073,CL108134,EN00086,velo_elec,Lyon,ST1016,ST1016,01/08/2026 18:19,,25,8.63,7.25,cb
TR2608010014074,CL102889,EN00169,velo,Lyonn,ST1017,ST1001,01/08/2026 18:25,01/08/2026 18:35,10,3.31,2.5,abonnement
TR2608010014075,CL103753,EN00291,velo_elec,Nantes,ST1022,ST1028,2026-08-01 18:16:34,2026-08-01 18:32:34,16,5.19,5.0,abonnement
TR2608010014076,CL105071,EN00249,velo_elec,Nantes,ST1029,ST1028,2026-08-01 18:20:35,2026-08-01 18:42:35,22,5.98,6.5,cb
TR2608010014077,CL100413,EN00327,velo_elec,Nantes,ST1030,ST1032,01/08/2026 18:17,2026-08-01 18:24:26,7,1.47,2.75,cb
TR2608010014078,CL101455,EN00426,trottinette,lille,ST1042,ST1034,2026-08-01 18:22:24,01/08/2026 18:27,5,1.3,2.1,cb
TR2608010014079,CL108710,EN00474,velo_elec,Lille,ST1047,ST1042,2026-08-01 18:26:47,01/08/2026 18:31,5,0.79,2.25,paypal
TR2608010014080,CL108987,EN00537,velo_elec,Grenoble,ST1051,ST1054,2026-08-01 18:22:36,2026-08-01 18:30:36,8,1.81,,paypal
TR2608010014081,CL100111,EN00515,trottinette,Grenoble,ST1056,ST1055,01/08/2026 18:17,2026-08-01 18:50:27,33,5.75,8.26,cb
TR2608010014082,CL101807,EN00581,velo,Grenoble,ST1058,ST1048,2026-08-01 18:27:41,2026-08-01 18:50:41,23,5.24,4.45,cb
TR2608010014083,CL101618,EN00033,trottinette,Lyon,ST1002,ST1002,2026-08-01 18:35:00,2026-08-01 18:47:00,12,2.1,3.64,cb
TR2608010014084,CL108561,EN00118,trottinette,Lyon,ST1005,ST1011,2026-08-01 18:32:29,01/08/2026 18:59,27,7.28,6.94,cb
TR2608010014085,CL106360,EN00068,velo_elec,Lyon,ST1006,ST1017,01/08/2026 18:41,2026-08-01 18:48:01,7,1.3,2.75,cb
TR2608010014086,CL103287,EN00112,velo_elec,Lyon,ST1011,ST1011,2026-08-01 18:45:26,2026-08-01 19:01:26,16,3.0,5.0,cb
TR2608010014087,CL102976,EN00098,velo_elec,lyon,ST1013,ST1004,2026-08-01 18:41:52,2026-08-01 19:02:52,21,4.55,6.25,cb
TR2608010014088,CL104281,EN00056,velo_elec,Lyon,ST1014,ST1011,2026-08-01 18:34:48,1785602268,3,0.84,1.75,paypal
TR2608010014089,CL108055,EN00206,velo_elec,Lyon,ST1018,ST1012,2026-08-01 18:37:53,2026-08-01 19:04:53,27,7.25,7.75,cb
TR2608010014090,CL105425,EN00036,velo_elec,Lyonn,ST1018,ST1017,01/08/2026 18:31,2026-08-01 18:39:39,8,1.31,3.0,cb
TR2608010014091,CL104713,EN00136,trottinette,Lyon,ST1019,ST1001,01/08/2026 18:44,2026-08-01 18:49:52,5,1.09,2.1,abonnement
TR2608010014092,CL107153,EN00024,velo_elec,Lyon,ST1019,ST1007,2026-08-01 18:36:39,01/08/2026 18:56,20,4.13,6.0,cb
TR2608010014093,CL101437,EN00341,velo_elec,Nantes,ST1021,ST1027,2026-08-01 18:32:17,1785602297,2041,2.06,2.5,abonnement
TR2608010014094,CL108412,EN00284,trottinette,Nantes,ST1024,ST1021,2026-08-01 18:37:40,2026-08-01 18:46:40,9,2.5,2.98,
TR2608010014095,CL108596,EN00287,velo_elec,Nantes,ST1025,ST1033,2026-08-01 18:41:31,01/08/2026 18:52,11,2.75,3.75,cb
TR2608010014096,CL100100,EN00327,velo_elec,Nantes,ST1032,ST1021,01/08/2026 18:43,2026-08-01 18:54:30,11,2.49,3.75,cb
TR2608010014097,CL101057,EN00411,trottinette,Lille,ST1034,ST1042,2026-08-01 18:44:47,2026-08-01 18:58:47,14,2.59,4.08,cb
TR2608010014098,CL101238,EN00377,trottinette,Lille,ST1039,ST1035,2026-08-01 18:36:23,,12,2.22,3.64,paypal
TR2608010014099,CL107337,EN00366,trottinette,Lille,ST1043,ST1038,2026-08-01 18:37:02,2026-08-01 19:00:02,23,6.04,6.06,cb
TR2608010014100,CL104887,EN00508,trottinette,Grenoble,ST1051,ST1056,01/08/2026 18:45,2026-08-01 18:54:30,9,1.83,2.98,cb
TR2608010014101,CL101676,EN00537,velo_elec,Grenoble,ST1054,ST1051,2026-08-01 18:35:43,2026-08-01 18:44:43,9,2.8,3.25,cb
TR2608010014102,CL921667,EN00516,velo_elec,Grenoble,ST1057,ST1057,2026-08-01 18:43:53,2026-08-01 18:58:53,15,4.3,4.75,cb
TR2608010014103,CL108298,EN00207,velo_elec,lyon,ST1001,ST1003,2026-08-01 18:54:35,2026-08-01 19:07:35,13,4.19,4.25,abonnement
TR2608010014104,CL105630,EN00085,velo_elec,Lyon,ST1004,ST1006,2026-08-01 18:58:40,01/08/2026 19:04,6,0.92,2.5,abonnement
TR2608010014105,CL106100,EN00220,velo_elec,Lyon,ST1005,ST1018,1785603441,2026-08-01 19:08:21,11,1.95,3.75,cb
TR2608010014106,CL106635,EN00179,trottinette,Lyon,ST1007,ST1002,2026-08-01 18:58:33,1785604113,10,3.49,3.2,cb
TR2608010014107,CL103391,EN00203,trottinette,Lyon,ST1009,ST1012,01/08/2026 18:55,2026-08-01 19:07:50,12,2.93,3.64,abonnement
TR2608010014108,CL105563,EN00132,trottinette,Lyon,ST1011,ST1013,2026-08-01 18:50:53,01/08/2026 19:00,10,2.2,3.2,cb
TR2608010014109,CL101855,EN00167,trottinette,Lyon,ST1013,ST1002,2026-08-01 18:56:21,2026-08-01 19:17:21,21,6.52,5.62,cb
TR2608010014110,CL100842,EN00025,velo_elec,Lyon,ST1013,ST1005,2026-08-01 18:53:11,2026-08-01 19:04:11,11,2.99,3.75,abonnement
TR2608010014111,CL103570,EN00070,trottinette,Lyon,ST1013,ST1004,2026-08-01 18:54:17,2026-08-01 19:10:17,16,3.72,4.52,cb
TR2608010014112,CL106496,EN00010,trottinette,Lyon,ST1014,ST1001,2026-08-01 18:58:49,2026-08-01 19:08:49,10,3.09,3.2,abonnement
TR2608010014113,CL104916,EN00158,velo_elec,Lyon,ST1014,ST1010,2026-08-01 18:48:49,2026-08-01 19:05:49,17,3.87,5.25,abonnement
TR2608010014114,CL100995,EN00117,trottinette,Lyon,ST1015,ST1002,01/08/2026 18:56,2026-08-01 19:46:29,50,11.21,12.0,cb
TR2608010014115,CL106693,EN00086,velo_elec,Lyon,ST1016,ST1015,01/08/2026 19:00,2026-08-01 19:21:16,21,5.95,6.25,paypal
TR2608010014116,CL106065,EN00036,velo_elec,Lyon,ST1017,ST1017,2026-08-01 18:50:26,2026-08-01 19:09:26,19,3.12,5.75,cb
TR2608010014117,CL104618,EN00095,trottinette,Lyon,ST1019,ST1018,2026-08-01 18:49:35,2026-08-01 18:54:35,5,1.17,2.1,cb
TR2608010014118,CL105078,EN00316,velo_elec,Nantes,ST1020,ST1031,2026-08-01 18:50:32,2026-08-01 18:58:32,8,2.58,3.0,paypal
TR2608010014119,CL102671,EN00291,velo_elec,Nantes,ST1028,ST1022,2026-08-01 18:57:43,2026-08-01 19:06:43,9,1.44,3.25,cb
TR2608010014120,CL103598,EN00222,velo_elec,Nantes,ST1029,ST9361,1785602868,01/08/2026 18:59,12,3.13,4.0,abonnement
TR2608010014121,CL102374,EN00237,velo_elec,Nantes,ST1032,ST1025,2026-08-01 18:57:52,2026-08-01 19:37:52,40,12.97,11.0,abonnement
TR2608010014122,CL103483,EN00449,trottinette,Lille,ST1037,ST1044,2026-08-01 18:52:38,1785603818,11,1.89,3.42,cb
TR2608010014123,CL108503,EN00378,velo_elec,Lille,ST1040,ST1045,2026-08-01 18:58:00,01/08/2026 19:04,6,1.71,2.5,abonnement
TR2608010014124,CL106367,EN00528,velo_elec,Grenoble,ST1057,ST1057,01/08/2026 18:57,2026-08-01 19:03:11,6,1.22,2.5,cb
TR2608010014125,CL105241,EN00014,velo_elec,Lyon,ST1003,ST1013,2026-08-01 19:02:00,01/08/2026 19:27,25,8.4,7.25,paypal
TR2608010014126,CL108301,EN00028,trottinette,Lyon,ST1003,ST1007,01/08/2026 19:01,2026-08-01 19:16:16,15,3.02,4.3,abonnement
TR2608010014127,CL100404,EN00174,velo_elec,Lyon,ST1005,ST1018,2026-08-01 19:06:16,2026-08-01 19:22:16,16,3.56,5.0,cb
TR2608010014128,CL102010,EN00077,trottinette,Lyon,ST1010,ST1014,2026-08-01 19:02:51,2026-08-01 19:15:51,13,2.95,3.86,cb
TR2608010014129,CL102908,EN00132,trottinette,Lyon,ST1013,ST1006,2026-08-01 19:04:01,2026-08-01 19:19:01,15,3.53,4.3,cb
TR2608010014130,CL102915,EN00184,velo_elec,Lyon,ST1014,ST1011,01/08/2026 19:04,2026-08-01 20:34:00,90,15.04,23.5,cb
TR2608010014131,CL100281,EN00194,velo_elec,Lyon,ST1014,ST1019,2026-08-01 19:14:43,2026-08-01 19:23:43,9,1.98,3.25,abonnement
TR2608010014132,CL105259,EN00044,trottinette,Lyon,ST1016,ST1005,2026-08-01 19:15:07,2026-08-01 19:26:07,11,2.48,3.42,paypal
TR2608010014133,CL101840,EN00068,velo_elec,Lyon ,ST1017,ST1014,2026-08-01 19:14:25,,10,1.99,3.5,abonnement
TR2608010014134,CL108554,EN00271,velo_elec,Nantes,ST1020,ST1023,2026-08-01 19:14:04,2026-08-01 19:25:04,11,2.23,3.75,abonnement
TR2608010014135,CL100556,EN00254,velo_elec,nantes,ST1028,ST1022,2026-08-01 19:15:58,2026-08-01 19:35:58,20,3.78,6.0,
TR2608010014136,CL102341,EN00273,velo_elec,Nantes,ST1033,ST1023,2026-08-01 19:03:55,2026-08-01 19:06:55,3,0.49,1.75,cb
TR2608010014137,CL106773,EN00435,trottinette,Lille,ST1038,ST1038,2026-08-01 19:06:49,2026-08-01 19:19:49,13,3.39,3.86,
TR2608010014138,CL103438,EN00383,trottinette,Lille,ST1047,ST1047,01/08/2026 19:07,2026-08-01 19:26:24,19,2.88,5.18,cb
TR2608010014139,CL106772,EN00519,velo_elec,Grenoble,ST1048,ST1048,2026-08-01 19:14:12,2026-08-01 19:19:12,5,1.09,2.25,abonnement
TR2608010014140,CL106964,EN00561,velo_elec,Grenoble,ST1053,ST1052,2026-08-01 19:13:39,2026-08-01 19:22:39,9,1.81,3.25,paypal
TR2608010014141,CL108279,EN00583,velo,Grenoble,ST1058,ST1054,2026-08-01 19:15:26,2026-08-01 19:23:26,8,2.79,2.2,cb
TR2608010014142,CL101333,EN00204,velo_elec,Lyon,ST1001,ST1010,2026-08-01 19:27:19,2026-08-01 19:56:19,29,8.47,8.25,cb
TR2608010014143,CL107567,EN00127,trottinette,Lyon,ST1002,ST1005,2026-08-01 19:28:36,2026-08-01 19:46:36,18,2.82,4.96,abonnement
TR2608010014144,CL101931,EN00180,trottinette,Lyon,ST1003,ST1015,01/08/2026 19:28,01/08/2026 19:38,10,1.67,3.2,cb
TR2608010014145,CL105213,EN00222,velo_elec,Nantes,ST1024,ST1026,2026-08-01 19:20:25,2026-08-01 19:34:25,14,3.6,4.5,paypal
TR2608010014146,CL102848,EN00253,trottinette,Nantes,ST1026,ST1027,2026-08-01 19:27:37,2026-08-01 19:41:37,14,2.24,4.08,abonnement
TR2608010014147,CL107238,EN00292,velo_elec,Nantes,ST1029,ST1023,1785604565,1785604925,6,1.37,2.5,abonnement
TR2608010014148,CL106791,EN00317,trottinette,Nantes,ST1029,ST1032,01/08/2026 19:19,2026-08-01 19:33:42,14,4.3,4.08,cb
TR2608010014149,CL995050,EN00426,trottinette,Lille,ST1034,ST1035,2026-08-01 19:23:03,2026-08-01 19:30:03,7,1.13,2.54,cb
TR2608010014150,CL103277,EN00450,trottinette,lille,ST1039,ST1042,01/08/2026 19:28,2026-08-01 19:30:49,2,0.68,1.44,abonnement
TR2608010014151,CL105702,EN00382,trottinette,Lille,ST1040,ST1035,2026-08-01 19:17:56,2026-08-01 19:34:56,17,3.04,4.74,cb
TR2608010014152,CL105455,EN00492,velo_elec,Lille,ST1047,ST1041,2026-08-01 19:18:45,2026-08-01 19:26:45,8,1.48,3.0,abonnement
TR2608010014153,CL107555,EN00504,trottinette,Grenoble,ST1048,ST1054,2026-08-01 19:26:42,2026-08-01 19:34:42,8,1.99,2.76,abonnement
TR2608010014154,CL107625,EN00010,trottinette,Lyon,ST1001,ST1004,2026-08-01 19:39:07,2026-08-01 19:52:07,13,4.31,3.86,cb
TR2608010014155,CL108951,EN00207,velo_elec,Lyon,ST1003,ST1013,2026-08-01 19:33:32,1785606392,13,2.57,4.25,abonnement
TR2608010014156,CL107268,EN00044,trottinette,Lyon,ST1005,ST1005,2026-08-01 19:40:30,2026-08-01 19:51:30,11,2.52,3.42,paypal
TR2608010014157,CL102087,EN00085,velo_elec,Lyon,ST1006,ST1014,01/08/2026 19:45,2026-08-01 19:58:02,13,2.35,4.25,paypal
TR2608010014158,CL106137,EN00160,velo_elec,Lyonn,ST1006,ST1008,01/08/2026 19:43,1785606731,9,1.84,3.25,cb
TR2608010014159,CL108820,EN00118,trottinette,Lyon,ST1011,ST1015,2026-08-01 19:41:01,2026-08-01 19:45:01,4,1.21,1.88,cb
TR2608010014160,CL106135,EN00203,trottinette,Lyon,ST1012,ST1013,2026-08-01 19:34:55,2026-08-01 19:51:55,17,4.28,4.74,cb
TR2608010014161,CL106146,EN00146,trottinette,Lyon,ST1015,ST1014,2026-08-01 19:33:33,2026-08-01 19:56:33,23,6.32,6.06,cb
TR2608010014162,CL105961,EN00194,velo_elec,Lyon,ST1019,ST1006,2026-08-01 19:38:32,2026-08-01 19:50:32,12,2.76,4.0,abonnement
TR2608010014163,CL104385,EN00286,velo_elec,Nantes,ST1023,ST1025,01/08/2026 19:36,2026-08-01 19:46:09,10,3.4,3.5,cb
TR2608010014164,CL101508,EN00266,velo_elec,Nantes,ST1026,ST1027,01/08/2026 19:33,2026-08-01 20:02:53,29,8.73,8.25,paypal
TR2608010014165,CL104800,EN00470,trottinette,Lille,ST1039,ST1046,2026-08-01 19:32:47,2026-08-01 20:04:47,32,10.11,8.04,cb
TR2608010014166,CL104465,EN00449,trottinette,Lille,ST1044,ST1035,2026-08-01 19:31:36,2026-08-01 19:37:36,6,1.43,2.32,cb
TR2608010014167,CL108320,EN00167,trottinette,Lyon ,ST1002,ST1007,2026-08-01 19:47:56,2026-08-01 20:00:56,13,4.01,3.86,abonnement
TR2608010014168,CL100639,EN00170,trottinette,Lyon,ST1003,ST1002,1785607053,2026-08-01 20:15:33,18,3.63,4.96,
TR2608010014169,CL100595,EN00127,trottinette,Lyon,ST1005,ST1016,2026-08-01 19:49:12,2026-08-01 19:55:12,6,1.99,2.32,abonnement
TR2608010014170,CL107976,EN00132,trottinette,Lyon,ST1006,ST1019,2026-08-01 19:52:40,2026-08-01 19:58:40,6,1.41,2.32,cb
TR2608010014171,CL108177,EN00030,trottinette,Lyon,ST1007,ST1017,2026-08-01 19:56:55,2026-08-01 20:07:55,11,2.73,3.42,cb
TR2608010014172,CL102305,EN00056,velo_elec,Lyon,ST1011,ST1011,2026-08-01 19:49:00,2026-08-01 19:57:00,8,2.14,3.0,cb
TR2608010014173,CL101374,EN00073,velo_elec,Lyon,ST1012,ST1012,2026-08-01 19:57:12,,43,11.53,11.75,cb
TR2608010014174,CL105865,EN00068,velo_elec,Lyon,ST1014,ST1009,2026-08-01 19:56:23,2026-08-01 20:14:23,18,4.08,5.5,cb
TR2608010014175,CL101509,EN00118,trottinette,Lyon,ST1015,ST1011,2026-08-01 19:55:54,01/08/2026 20:06,11,2.77,3.42,abonnement
TR2608010014176,CL102072,EN00086,velo_elec,Lyon,ST1015,ST1009,2026-08-01 19:55:56,01/08/2026 20:07,12,4.06,4.0,abonnement
TR2608010014177,CL106142,EN00216,velo_elec,Lyon,ST1015,ST1013,2026-08-01 19:52:21,2026-08-01 20:03:21,11,3.7,3.75,abonnement
TR2608010014178,CL103853,EN00327,velo_elec,Nantes,ST1021,ST1028,2026-08-01 19:49:56,1785607016,7,2.15,2.75,cb
TR2608010014179,CL104292,EN00349,velo_elec,nantes,ST1023,ST1030,01/08/2026 19:51,2026-08-01 20:08:03,17,5.82,5.25,paypal
TR2608010014180,CL100054,EN00249,velo_elec,Nantes,ST1028,ST1028,1785606825,,15,3.2,4.75,cb
TR2608010014181,CL108402,EN00263,trottinette,Nantes,ST1029,ST1032,2026-08-01 19:56:27,2026-08-01 20:05:27,9,2.12,2.98,cb
TR2608010014182,CL103293,EN00316,velo_elec,Nantes,ST1031,ST1029,2026-08-01 19:49:12,2026-08-01 20:19:12,30,10.48,8.5,
TR2608010014183,CL101117,EN00372,trottinette,Lille,ST1036,ST1044,,2026-08-01 20:37:44,38,10.29,9.36,paypal
TR2608010014184,CL108212,EN00464,trottinette,Lille,ST1039,ST1043,2026-08-01 19:49:45,2026-08-01 19:59:45,10,1.9,3.2,abonnement
TR2608010014185,CL105486,EN00422,velo_elec,Lille,ST1043,ST1038,2026-08-01 19:49:33,2026-08-01 20:01:33,12,1.92,4.0,cb
TR2608010014186,CL108160,EN00598,velo_elec,GRENOBLE,ST1053,ST1055,2026-08-01 19:55:26,2026-08-01 20:06:26,11,3.74,3.75,paypal
TR2608010014187,CL102412,EN00516,velo_elec,Grenoble,ST1057,ST1049,2026-08-01 19:50:54,2026-08-01 20:03:54,13,2.71,4.25,cb
TR2608010014188,CL108098,EN00202,trottinette,LYON,ST1002,ST1007,2026-08-01 20:04:59,2026-08-01 20:11:59,7,1.23,2.54,cb
TR2608010014189,CL101430,EN00168,velo_elec,Lyon,ST1009,ST1001,01/08/2026 20:13,2026-08-01 20:31:21,18,3.1,5.5,paypal
TR2608010014190,CL103384,EN00207,velo_elec,Lyon,ST1013,ST1001,2026-08-01 20:11:26,01/08/2026 20:28,17,4.29,5.25,cb
TR2608010014191,CL104660,EN00127,trottinette,Lyon,ST1016,ST1013,2026-08-01 20:16:01,2026-08-01 20:26:01,10,3.45,3.2,abonnement
TR2608010014192,CL108182,EN00208,velo_elec,Lyon,ST1018,ST1015,2026-08-01 20:10:00,2026-08-01 20:23:00,13,3.68,4.25,cb
TR2608010014193,CL101509,EN00095,trottinette,Lyon,ST1018,ST1006,2026-08-01 20:14:17,2026-08-01 20:29:17,15,3.62,4.3,cb
TR2608010014194,CL107642,EN00273,velo_elec,Nantes,ST1023,ST1030,2026-08-01 20:03:50,2026-08-01 21:06:50,63,18.91,16.75,
TR2608010014195,CL100865,EN00221,velo_elec,Nantes,ST1025,ST1024,2026-08-01 20:04:18,2026-08-01 20:26:18,22,4.69,6.5,
TR2608010014196,CL103651,EN00351,trottinette,Nantes,ST1031,ST1029,01/08/2026 20:10,2026-08-01 20:48:44,38,8.3,9.36,abonnement
TR2608010014197,CL104237,EN00317,trottinette,Nantes,ST1032,ST1021,2026-08-01 20:04:45,01/08/2026 20:18,14,3.0,4.08,cb
TR2608010014198,CL103614,EN00426,trottinette,Lille,ST1035,ST1035,01/08/2026 20:10,2026-08-01 20:17:05,7,1.64,2.54,paypal
TR2608010014199,CL102634,EN00489,trottinette,Lille,ST1037,ST1047,2026-08-01 20:11:35,01/08/2026 20:30,19,5.98,5.18,cb
TR2608010014200,CL103413,EN00422,velo_elec,Lille,ST1038,ST1039,2026-08-01 20:03:25,2026-08-01 20:20:25,17,5.58,5.25,cb
TR2608010014201,CL103459,EN00435,trottinette,Lille,ST1038,ST1046,2026-08-01 20:13:21,2026-08-01 20:32:21,19,6.64,5.18,abonnement
TR2608010014202,CL100887,EN00374,velo_elec,Lille,ST1046,ST1046,1785607694,2026-08-01 20:17:14,9,2.41,3.25,abonnement
TR2608010014203,CL108734,EN00534,trottinette,grenoble,ST1049,ST1048,01/08/2026 20:07,2026-08-01 20:19:42,12,1.95,3.64,paypal
TR2608010014204,CL107548,EN00556,trottinette,grenoble,ST1050,ST1058,01/08/2026 20:02,2026-08-01 20:13:18,11,2.76,3.42,paypal
TR2608010014205,CL104440,EN00018,trottinette,Lyon,ST1001,ST1005,1785608781,2026-08-01 20:49:21,23,7.27,6.06,abonnement
TR2608010014206,CL107753,EN00098,velo_elec,Lyon,ST1004,ST1006,2026-08-01 20:25:20,2026-08-01 20:37:20,12,4.13,4.0,paypal
TR2608010014207,CL102915,EN00119,trottinette,Lyon,ST1008,ST1011,2026-08-01 20:17:12,1785610272,34,5.3,8.48,abonnement
TR2608010014208,CL106644,EN00158,velo_elec,Lyon,ST1010,ST1015,2026-08-01 20:28:31,2026-08-01 20:33:31,5,1.35,2.25,abonnement
TR2608010014209,CL108036,EN00142,velo_elec,Lyon,ST1015,ST1002,2026-08-01 20:18:19,01/08/2026 20:33,15,4.22,4.75,abonnement
TR2608010014210,CL107956,EN00332,trottinette,Nantes,ST1024,ST1020,01/08/2026 20:23,2026-08-01 20:37:09,14,4.67,4.08,paypal
TR2608010014211,CL106953,EN00338,velo_elec,Nantes,ST1030,ST1031,2026-08-01 20:24:21,2026-08-01 20:46:21,22,3.3,6.5,abonnement
TR2608010014212,CL106314,EN00449,trottinette,Lille,ST1035,ST1041,1785608195,,16,2.76,4.52,abonnement
TR2608010014213,CL101553,EN00411,trottinette,Lille,ST1042,ST1040,2026-08-01 20:17:39,2026-08-01 20:19:39,2,0.58,1.44,cb
TR2608010014214,CL105363,EN00374,velo_elec,Lille,ST1046,ST1042,2026-08-01 20:21:27,2026-08-01 20:30:27,9,2.26,3.25,
TR2608010014215,CL101812,EN00516,velo_elec,Grenoble,ST1049,ST1058,2026-08-01 20:19:43,2026-08-01 20:26:43,7,1.09,2.75,cb
TR2608010014216,CL106041,EN00580,velo_elec,Grenoble,ST1049,ST1056,2026-08-01 20:16:41,2026-08-01 20:23:41,7,1.06,2.75,cb
TR2608010014217,CL103934,EN00593,trottinette,Grenoble,ST1051,ST1051,2026-08-01 20:24:10,2026-08-01 20:43:10,19,3.23,5.18,cb
TR2608010014218,CL106159,EN00025,velo_elec,Lyon,ST1005,ST1002,2026-08-01 20:36:27,2026-08-01 20:43:27,7,1.22,2.75,paypal
TR2608010014219,CL108071,EN00194,velo_elec,Lyon,ST1006,ST1004,2026-08-01 20:44:48,1785610188,5,1.44,2.25,abonnement
TR2608010014220,CL101371,EN00056,velo_elec,lyon,ST1011,ST1005,2026-08-01 20:38:03,2026-08-01 20:47:03,9,3.02,3.25,cb
TR2608010014221,CL103101,EN00198,velo_elec,Lyon,ST1016,ST1009,2026-08-01 20:33:23,2026-08-01 21:20:23,47,8.89,12.75,cb
TR2608010014222,CL108170,EN00561,velo_elec,Grenoble,ST1052,ST1054,1785609488,2026-08-01 20:45:08,7,1.29,2.75,cb
TR2608010014223,CL105430,EN00514,velo_elec,Grenoble,ST1055,ST1055,2026-08-01 20:36:04,2026-08-01 20:56:04,20,4.44,6.0,abonnement
TR2608010014224,CL101806,EN00010,trottinette,LYON,ST1004,ST1009,2026-08-01 20:50:43,2026-08-01 21:06:43,16,4.86,4.52,cb
TR2608010014225,CL106199,EN00203,trottinette,Lyonn,ST1013,ST1019,2026-08-01 20:48:59,1785610619,8,2.65,2.76,abonnement
TR2608010014226,CL104695,EN00127,trottinette,Lyon,ST1013,ST1014,2026-08-01 20:53:59,01/08/2026 21:02,9,2.39,2.98,abonnement
TR2608010014227,CL100527,EN00094,velo_elec,Lyon ,ST1018,ST1011,2026-08-01 20:59:29,2026-08-01 21:08:29,9,1.86,3.25,cb
TR2608010014228,CL101793,EN00257,trottinette,Nantes,ST1033,ST1022,01/08/2026 20:46,2026-08-01 20:51:51,5,1.04,2.1,cb
TR2608010014229,CL108448,EN00426,trottinette,Lille,ST1035,ST1038,2026-08-01 20:55:18,2026-08-01 21:00:18,5,1.21,2.1,cb
TR2608010014230,CL107002,EN00504,trottinette,Grenoble,ST1054,ST1057,01/08/2026 20:58,2026-08-01 21:00:40,2,0.67,1.44,paypal
TR2608010014231,CL106035,EN00553,trottinette,grenoble,ST1055,ST1056,2026-08-01 20:51:54,,12,3.22,3.64,abonnement
TR2608010014232,CL106505,EN00524,velo_elec,Grenoble,ST1057,ST1051,2026-08-01 20:49:00,2026-08-01 20:58:00,9,2.34,3.25,abonnement
TR2608010014233,CL107917,EN00033,trottinette,Lyon,ST1002,ST1016,2026-08-01 21:12:04,2026-08-01 21:33:04,21,6.17,5.62,abonnement
TR2608010014234,CL105791,EN00245,velo_elec,Nantes,ST1025,ST1028,2026-08-01 21:15:50,01/08/2026 21:38,23,7.08,6.75,cb
TR2608010014235,CL105062,EN00253,trottinette,Nantes,ST1027,ST1031,2026-08-01 21:09:51,2026-08-01 21:15:51,6,1.34,2.32,cb
TR2608010014236,CL102572,EN00327,velo_elec,Nantes,ST1028,ST1025,2026-08-01 21:12:45,1785612645,18,5.66,5.5,paypal
TR2608010014237,CL101993,EN00519,velo_elec,Grenoble,ST1048,ST1055,2026-08-01 21:10:01,2026-08-01 21:28:01,18,2.93,5.5,cb
TR2608010014238,CL103854,EN00561,velo_elec,Grenoble,ST1054,ST1055,2026-08-01 21:05:32,2026-08-01 21:32:32,27,8.06,7.75,paypal
TR2608010014239,CL107680,EN00056,velo_elec,Lyon,ST1005,ST1018,2026-08-01 21:19:11,2026-08-01 21:37:11,18,3.48,5.5,cb
TR2608010014240,CL105606,EN00018,trottinette,Lyon,ST1005,ST1017,2026-08-01 21:27:36,,12,2.49,3.64,cb
TR2608010014241,CL107078,EN00068,velo_elec,Lyon,ST1009,ST1005,2026-08-01 21:17:47,2026-08-01 21:39:47,22,5.06,6.5,abonnement
TR2608010014242,CL105920,EN00216,velo_elec,Lyon,ST1013,ST1001,2026-08-01 21:22:01,2026-08-01 21:30:01,8,2.78,3.0,abonnement
TR2608010014243,CL108724,EN00110,velo_elec,Lyon,ST1016,ST1012,2026-08-01 21:19:55,01/08/2026 21:21,2,0.35,1.5,paypal
TR2608010014244,CL106861,EN00157,velo_elec,Lyon ,ST1018,ST1004,01/08/2026 21:19,01/08/2026 21:59,40,12.58,11.0,cb
TR2608010014245,CL107100,EN00132,trottinette,Lyon,ST1019,ST1019,2026-08-01 21:29:45,1785613845,21,4.52,5.62,cb
TR2608010014246,CL102590,EN00249,velo_elec,Nantes,ST1028,ST1024,2026-08-01 21:16:15,2026-08-01 21:24:15,8,1.79,3.0,abonnement
TR2608010014247,CL105371,EN00462,velo_elec,lille,ST1034,ST1038,2026-08-01 21:22:07,,8,1.29,3.0,cb
TR2608010014248,CL108089,EN00014,velo_elec,Lyon,ST1013,ST1012,01/08/2026 21:44,2026-08-01 21:59:02,15,3.52,4.75,abonnement
TR2608010014249,CL103485,EN00270,velo_elec,Nantes,ST1030,ST1033,2026-08-01 21:45:22,2026-08-01 21:54:22,9,2.87,3.25,cb
TR2608010014250,CL103541,EN00388,velo_elec,Lille,ST1043,ST1046,2026-08-01 21:36:29,2026-08-01 22:03:29,27,7.59,7.75,paypal
TR2608010014251,CL104605,EN00470,trottinette,Lille,ST1046,ST1038,2026-08-01 21:36:33,2026-08-01 21:42:33,6,1.73,2.32,cb
TR2608010014252,CL103397,EN00583,velo,Grenoble,ST1054,ST1057,2026-08-01 21:35:12,2026-08-01 21:50:12,15,4.98,3.25,cb
TR2608010014253,CL100097,EN00117,trottinette,Lyon,ST1002,ST1010,2026-08-01 21:54:57,2026-08-01 22:02:57,8,2.24,2.76,paypal
TR2608010014254,CL103065,EN00179,trottinette,Lyon,ST1002,ST1004,1785614350,2026-08-01 22:10:10,11,2.5,3.42,paypal
TR2608010014255,CL107914,EN00025,velo_elec,Lyon,ST1002,ST1003,2026-08-01 21:48:23,2026-08-01 22:06:23,18,2.94,5.5,cb
TR2608010014256,CL104989,EN00178,velo_elec,Lyon,ST1003,ST1008,2026-08-01 21:49:25,2026-08-01 22:01:25,12,3.99,4.0,abonnement
TR2608010014257,CL108134,EN00068,velo_elec,Lyon,ST1005,ST1015,2026-08-01 21:59:07,2026-08-01 22:08:07,4362,2.92,3.25,cb
TR2608010014258,CL100710,EN00213,trottinette,Lyon,ST1008,ST1014,1785614266,2026-08-01 22:09:46,12,2.36,3.64,abonnement
TR2608010014259,CL105698,EN00110,velo_elec,Lyon,ST1012,ST1007,2026-08-01 21:56:22,2026-08-01 22:03:22,7,1.3,2.75,paypal
TR2608010014260,CL101315,EN00085,velo_elec,Lyon,ST1014,ST1016,2026-08-01 21:57:34,2026-08-01 22:11:34,14,3.92,4.5,abonnement
TR2608010014261,CL104853,EN00003,velo_elec,Lyon,ST1015,ST1005,2026-08-01 21:59:05,01/08/2026 22:16,17,4.02,5.25,cb
TR2608010014262,CL101115,EN00042,trottinette,Lyon,ST1016,ST1005,2026-08-01 21:53:54,2026-08-01 22:11:54,18,6.11,4.96,cb
TR2608010014263,CL105967,EN00327,velo_elec,Nantes,ST1025,ST1020,01/08/2026 21:55,01/08/2026 22:07,12,2.87,4.0,cb
TR2608010014264,CL105403,EN00253,trottinette,Nantes,ST1031,ST1031,2026-08-01 21:48:34,2026-08-01 21:57:34,9,2.63,2.98,abonnement
TR2608010014265,CL107284,EN00477,trottinette,Lille,ST1034,ST1039,2026-08-01 21:57:39,2026-08-01 22:08:39,11,1.73,3.42,cb
TR2608010014266,CL108247,EN00382,trottinette,Lille,ST1035,ST1039,2026-08-01 21:59:19,2026-08-01 22:18:19,19,3.86,5.18,cb
TR2608010014267,CL102288,EN00475,trottinette,Lille,ST1037,ST1042,2026-08-01 21:51:20,01/08/2026 22:21,30,9.53,7.6,cb
TR2608010014268,CL100390,EN00372,trottinette,Lille,ST1044,ST1034,1785614219,01/08/2026 22:05,9,2.27,2.98,cb
TR2608010014269,CL108210,EN00523,velo_elec,grenoble,ST1051,ST1058,2026-08-01 21:51:45,2026-08-01 22:06:45,15,2.5,4.75,cb
TR2608010014270,CL100286,EN00593,trottinette,Grenoble,ST1051,ST1054,2026-08-01 21:57:59,2026-08-01 22:18:59,21,3.53,5.62,cb
TR2608010014271,CL108296,EN00559,trottinette,Grenoble,ST1056,ST1050,1785613922,2026-08-01 22:03:02,11,2.81,3.42,cb
TR2608010014272,CL103570,EN00118,trottinette,Lyon ,ST1011,ST1013,2026-08-01 22:03:20,2026-08-01 22:14:20,11,2.86,3.42,abonnement
TR2608010014273,CL107544,EN00077,trottinette,Lyon,ST1014,ST1012,01/08/2026 22:02,2026-08-01 22:20:08,18,4.17,4.96,cb
TR2608010014274,CL104866,EN00124,velo_elec,Lyon,ST1016,ST1005,2026-08-01 22:04:37,2026-08-01 22:28:37,24,8.31,7.0,abonnement
TR2608010014275,CL100513,EN00030,trottinette,Lyon,ST1017,ST1015,2026-08-01 22:00:55,2026-08-01 22:06:55,6,1.4,2.32,cb
TR2608010014276,CL102317,EN00411,trottinette,Lille,ST1040,ST1045,2026-08-01 22:06:02,2026-08-01 22:25:02,19,4.52,5.18,cb
TR2608010014277,CL102907,EN00474,velo_elec,Lille,ST1042,ST1034,01/08/2026 22:02,,8,1.57,3.0,cb
TR2608010014278,CL107128,EN00599,trottinette,Grenoble,ST1049,ST1057,2026-08-01 22:08:04,2026-08-01 22:15:04,7,1.43,2.54,abonnement
TR2608010014279,CL108648,EN00018,trottinette,Lyon,ST1017,ST1007,2026-08-01 22:27:56,2026-08-01 22:39:56,12,3.72,3.64,paypal
TR2608010014280,CL102953,EN00036,velo_elec,Lyon,ST1017,ST1014,2026-08-01 22:21:49,01/08/2026 22:24,3,0.98,1.75,cb
TR2608010014281,CL107059,EN00359,trottinette,Nantes,ST1026,ST1021,2026-08-01 22:27:51,2026-08-01 22:36:51,9,1.47,2.98,cb
TR2608010014282,CL108258,EN00470,trottinette,Lille,ST1038,ST1046,01/08/2026 22:26,2026-08-01 22:38:22,12,2.99,3.64,paypal
TR2608010014283,CL108447,EN00378,velo_elec,Lille,ST1045,ST1037,2026-08-01 22:17:48,2026-08-01 22:26:48,9,2.86,3.25,
TR2608010014284,CL104553,EN00415,trottinette,Lille,ST1047,ST1042,2026-08-01 22:16:28,01/08/2026 22:34,18,3.01,4.96,paypal
TR2608010014285,CL100019,EN00489,trottinette, Lille,ST1047,ST1039,2026-08-01 22:27:12,2026-08-01 22:39:12,12,4.15,3.64,cb
TR2608010014286,CL107359,EN00098,velo_elec,Lyon,ST1006,ST1003,2026-08-01 22:38:10,2026-08-01 22:41:10,3,0.67,1.75,cb
TR2608010014287,CL105159,EN00119,trottinette,Lyon,ST1011,ST1003,2026-08-01 22:33:59,2026-08-01 22:42:59,9,1.9,2.98,cb
TR2608010014288,CL102281,EN00482,velo_elec,Lille,ST1040,ST1047,2026-08-01 22:35:53,01/08/2026 22:49,14,2.18,4.5,abonnement
TR2608010014289,CL108038,EN00095,trottinette,Lyonn,ST1006,ST1017,2026-08-01 22:50:20,2026-08-01 23:15:20,25,7.8,6.5,cb
TR2608010014290,CL107634,EN00074,trottinette,Lyon,ST1008,ST1014,2026-08-01 22:47:58,2026-08-01 22:51:58,4,1.0,1.88,paypal
TR2608010014291,CL107499,EN00213,trottinette,Lyon,ST1014,ST1011,2026-08-01 22:53:46,2026-08-01 23:06:46,13,4.48,3.86,abonnement
TR2608010014292,CL105448,EN00253,trottinette,Nantes,ST1031,ST1024,2026-08-01 22:50:44,2026-08-01 23:12:44,22,6.89,5.84,abonnement
TR2608010014293,CL100215,EN00263,trottinette,Nantes,ST1032,ST1026,01/08/2026 22:50,2026-08-01 22:55:51,5,1.65,2.1,cb
TR2608010014294,CL103225,EN00287,velo_elec,Nantes,ST1033,ST1023,2026-08-01 22:54:14,2026-08-01 23:06:14,12,2.64,4.0,cb
TR2608010014295,CL104590,EN00204,velo_elec,Lyon ,ST1010,ST1009,,01/08/2026 23:21,17,2.65,5.25,abonnement
TR2608010014296,CL100153,EN00077,trottinette,Lyon,ST1012,ST1013,2026-08-01 23:03:07,2026-08-01 23:07:07,4,0.7,1.88,paypal
TR2608010014297,CL102393,EN00593,trottinette,Grenoble,ST1054,ST1053,01/08/2026 23:02,2026-08-01 23:24:03,22,6.96,5.84,cb
TR2608010014298,CL107634,EN00142,velo_elec,Lyon,ST1002,ST1006,2026-08-01 23:20:01,2026-08-01 23:29:01,9,1.95,3.25,cb
TR2608010014299,CL101361,EN00118,trottinette,Lyon,ST1013,ST1016,2026-08-01 23:28:53,1785620153,7,1.89,2.54,cb
TR2608010014300,CL104152,EN00077,trottinette,Lyon,ST1013,ST1016,2026-08-01 23:20:25,2026-08-01 23:26:25,6,1.65,2.32,
TR2608010014301,CL107184,EN00359,trottinette,Nantes,ST1021,ST1032,2026-08-01 23:22:20,2026-08-01 23:40:20,18,5.84,4.96,abonnement
TR2608010014302,CL108104,EN00422,velo_elec,lille,ST1039,ST1042,2026-08-01 23:30:14,1785619934,2,0.47,1.5,cb
TR2608010014303,CL102965,EN00207,velo_elec,Lyon,ST1001,ST1001,2026-08-01 23:34:48,2026-08-01 23:44:48,10,3.01,3.5,paypal
TR2608010014304,CL105010,EN00097,velo_elec,lyon,ST1008,ST1002,2026-08-01 23:34:46,02/08/2026 00:07,33,5.26,9.25,abonnement
TR2608010014305,CL105241,EN00003,velo_elec,Lyon,ST1005,ST1012,1785621403,2026-08-02 00:26:43,30,7.16,8.5,abonnement
TR2608010014306,CL910476,EN00117,trottinette,Lyon,ST1010,ST1013,01/08/2026 23:53,2026-08-02 00:06:55,13,2.11,3.86,cb
TR2608010014307,CL104825,EN00138,velo_elec,Lyon,ST1013,ST1004,,2026-08-02 00:14:21,23,6.95,6.75,paypal
