trajet_id,client_id,engin_id,type_engin,ville,station_depart,station_arrivee,debut,fin,duree_min,distance_km,montant_eur,moyen_paiement
TR2608070019743,CL107872,EN00029,velo_elec,Lyon,ST1002,ST1019,2026-08-07 00:03:26,2026-08-07 00:16:26,13,3.79,4.25,cb
TR2608070019744,CL105405,EN00470,trottinette,Lille,ST1047,ST1039,,1786054600,7,1.71,2.54,cb
TR2608070019745,CL106426,EN00375,trottinette,Lille,ST1040,ST1047,2026-08-07 00:27:40,07/08/2026 00:58,31,5.03,7.82,abonnement
TR2608070019746,CL100946,EN00070,trottinette,Lyon,ST1011,ST1016,2026-08-07 00:43:50,2026-08-07 00:59:50,16,2.51,4.52,cb
TR2608070019747,CL107120,EN00062,trottinette,Lyon,ST1004,ST1015,1786057806,2026-08-07 01:19:06,9,2.97,2.98,abonnement
TR2608070019748,CL104168,EN00063,velo_elec,Lyon,ST1014,ST1014,2026-08-07 01:18:57,2026-08-07 01:39:57,21,4.92,6.25,paypal
TR2608070019749,CL100302,EN00053,trottinette,Lyon,ST1008,ST1019,2026-08-07 01:55:53,2026-08-07 02:03:53,8,2.5,2.76,abonnement
TR2608070019750,CL102734,EN00587,trottinette,Grenoble,ST1053,ST9678,2026-08-07 02:04:55,2026-08-07 02:14:55,10,2.86,3.2,cb
TR2608070019751,CL108163,EN00195,velo_elec,Lyon,ST1015,ST1008,2026-08-07 02:18:54,2026-08-07 02:34:54,16,5.28,5.0,cb
TR2608070019752,CL100980,EN00481,velo_elec,Lille,ST1041,ST1039,1786066741,2026-08-07 03:44:01,5,1.67,2.25,cb
TR2608070019753,CL100636,EN00033,trottinette,Lyon,ST1010,ST1018,2026-08-07 04:10:18,1786069038,7,1.06,2.54,cb
TR2608070019754,CL106395,EN00536,velo_elec,Grenoble,ST1051,ST1052,2026-08-07 04:29:01,2026-08-07 05:20:01,51,15.52,13.75,abonnement
TR2608070019755,CL100046,EN00056,velo_elec,Lyon,ST1017,ST1002,2026-08-07 05:08:11,2026-08-07 05:25:11,17,3.54,5.25,cb
TR2608070019756,CL105554,EN00395,trottinette,Lille,ST1041,ST1038,1786071916,1786073416,25,8.36,6.5,abonnement
TR2608070019757,CL106925,EN00443,velo_elec,Lille,ST1041,ST1044,1786072093,2026-08-07 05:37:13,29,8.13,8.25,abonnement
TR2608070019758,CL103564,EN00415,trottinette,Lille,ST1046,ST1044,2026-08-07 05:11:32,2026-08-07 05:45:32,34,11.2,8.48,abonnement
TR2608070019759,CL107033,EN00526,velo_elec,Grenoble,ST1051,ST1054,1786072013,2026-08-07 05:19:53,13,2.62,4.25,cb
TR2608070019760,CL106740,EN00209,velo_elec,Lyon ,ST1005,ST1003,2026-08-07 05:20:13,2026-08-07 05:33:13,13,2.64,4.25,cb
TR2608070019761,CL108226,EN00025,velo_elec,Lyon,ST1009,ST1007,07/08/2026 05:32,2026-08-07 05:42:58,10,3.11,3.5,abonnement
TR2608070019762,CL107793,EN00481,velo_elec,Lille,ST1039,ST1041,07/08/2026 05:43,2026-08-07 05:52:01,9,2.81,3.25,cb
TR2608070019763,CL106288,EN00575,trottinette,Grenoble,ST1054,ST1052,2026-08-07 05:38:26,2026-08-07 05:49:26,11,3.44,3.42,cb
TR2608070019764,CL108481,EN00033,trottinette,Lyon,ST1018,ST1006,2026-08-07 05:54:51,2026-08-07 06:04:51,10,3.18,3.2,abonnement
TR2608070019765,CL105941,EN00545,trottinette,Grenoble,ST1051,ST1057,2026-08-07 05:53:17,1786075217,7,2.25,2.54,paypal
TR2608070019766,CL108844,EN00062,trottinette,Lyon,ST1005,ST1004,2026-08-07 06:14:52,2026-08-07 06:19:52,5,1.42,2.1,cb
TR2608070019767,CL108800,EN00205,trottinette,Lyon,ST1012,ST1003,2026-08-07 06:08:40,2026-08-07 07:13:40,65,18.85,15.3,paypal
TR2608070019768,CL104130,EN00160,velo_elec,Lyon,ST1012,ST1003,2026-08-07 06:12:52,2026-08-07 07:16:52,64,18.32,17.0,cb
TR2608070019769,CL101892,EN00106,trottinette,Lyon,ST1018,ST1008,2026-08-07 06:06:47,2026-08-07 06:09:47,3,0.59,1.66,cb
TR2608070019770,CL108904,EN00234,trottinette,Nantes,ST1024,ST1022,2026-08-07 06:03:16,,17,3.26,4.74,abonnement
TR2608070019771,CL107020,EN00305,velo_elec,NANTES,ST1024,ST1032,07/08/2026 06:01,2026-08-07 06:19:40,18,3.96,5.5,paypal
TR2608070019772,CL108782,EN00293,velo_elec,Nantes,ST1026,ST1026,07/08/2026 06:14,2026-08-07 06:31:29,17,4.03,5.25,cb
TR2608070019773,CL101640,EN00453,trottinette,Lille,ST1036,ST1040,,2026-08-07 06:15:55,8,1.93,2.76,abonnement
TR2608070019774,CL103474,EN00481,velo_elec,Lille,ST1041,ST1043,2026-08-07 06:08:07,1786076647,16,4.04,5.0,abonnement
TR2608070019775,CL102706,EN00421,velo_elec,Lille,ST1042,ST1038,07/08/2026 06:15,2026-08-07 06:25:07,10,2.1,3.5,abonnement
TR2608070019776,CL105705,EN00411,trottinette,lille,ST1043,ST1034,2026-08-07 06:11:49,2026-08-07 06:25:49,14,3.55,4.08,cb
TR2608070019777,CL100577,EN00544,velo_elec,Grenoble,ST1048,ST1051,2026-08-07 06:02:59,1786076639,21,6.84,6.25,cb
TR2608070019778,CL107980,EN00585,velo_elec,Grenoble,ST1053,ST1048,2026-08-07 06:09:16,2026-08-07 06:28:16,19,5.87,5.75,paypal
TR2608070019779,CL104713,EN00132,trottinette,Lyon,ST1001,ST1003,1786076360,2026-08-07 06:22:20,3,0.5,1.66,cb
TR2608070019780,CL105567,EN00025,velo_elec,Lyon,ST1007,ST1003,2026-08-07 06:27:01,07/08/2026 06:44,17,3.71,5.25,paypal
TR2608070019781,CL103423,EN00113,velo_elec,Lyon,ST1013,ST1001,07/08/2026 06:29,2026-08-07 06:38:57,9,2.51,3.25,abonnement
TR2608070019782,CL106386,EN00004,velo_elec,Lyon,ST1017,ST1010,07/08/2026 06:18,2026-08-07 06:33:12,15,3.94,4.75,cb
TR2608070019783,CL107061,EN00185,trottinette,Lyon,ST1018,ST1004,2026-08-07 06:28:15,2026-08-07 06:39:15,11,3.22,3.42,cb
TR2608070019784,CL107059,EN00332,trottinette,Nantes,ST1027,ST1021,1786076953,2026-08-07 06:38:13,9,2.21,2.98,cb
TR2608070019785,CL100329,EN00281,velo_elec,nantes,ST1032,ST1031,2026-08-07 06:25:31,2026-08-07 06:33:31,8,1.23,3.0,cb
TR2608070019786,CL107828,EN00442,trottinette,Lille,ST1037,ST1034,2026-08-07 06:27:48,2026-08-07 06:33:48,6,1.78,2.32,abonnement
TR2608070019787,CL108716,EN00460,velo_elec,Lille,ST1039,ST1035,2026-08-07 06:17:37,2026-08-07 06:29:37,12,2.46,4.0,cb
TR2608070019788,CL106046,EN00503,trottinette,Grenoble,ST1051,ST1048,2026-08-07 06:22:12,1786077312,13,3.88,3.86,cb
TR2608070019789,CL108264,EN00099,velo_elec,Lyon ,ST1005,ST1005,2026-08-07 06:31:17,2026-08-07 06:52:17,21,5.52,6.25,abonnement
TR2608070019790,CL102638,EN00094,velo_elec,Lyon,ST1015,ST1012,2026-08-07 06:36:35,2026-08-07 07:19:35,43,11.29,11.75,cb
TR2608070019791,CL106127,EN00142,velo_elec,Lyon,ST1017,ST1001,,2026-08-07 06:39:28,8,2.03,3.0,abonnement
TR2608070019792,CL100115,EN00152,velo_elec,Lyon,ST1019,ST1004,07/08/2026 06:42,2026-08-07 06:54:55,12,4.11,4.0,cb
TR2608070019793,CL100614,EN00063,velo_elec,Lyon,ST1019,ST1012,2026-08-07 06:41:45,,6,1.26,2.5,cb
TR2608070019794,CL105297,EN00294,velo_elec,Nantes,ST1031,ST1030,07/08/2026 06:34,2026-08-07 06:47:40,13,3.34,4.25,cb
TR2608070019795,CL108809,EN00439,velo_elec,Lille,ST1037,ST1034,2026-08-07 06:32:47,2026-08-07 06:52:47,20,3.15,6.0,abonnement
TR2608070019796,CL105544,EN00552,trottinette,Grenoble,ST1054,ST1048,2026-08-07 06:32:46,2026-08-07 06:41:46,9,3.06,2.98,cb
TR2608070019797,CL108130,EN00589,velo_elec,Grenoble,ST1055,ST1055,2026-08-07 06:35:53,2026-08-07 06:42:53,7,1.07,2.75,paypal
TR2608070019798,CL102291,EN00001,velo_elec,Lyon,ST1005,ST1012,2026-08-07 06:49:43,2026-08-07 06:55:43,6,1.79,2.5,cb
TR2608070019799,CL103579,EN00033,trottinette,Lyon,ST1006,ST1004,2026-08-07 06:49:15,,13,4.04,3.86,cb
TR2608070019800,CL106261,EN00054,trottinette,Lyon,ST1006,ST1003,2026-08-07 06:47:37,2026-08-07 07:15:37,28,7.11,7.16,abonnement
TR2608070019801,CL105852,EN00115,velo_elec,Lyon,ST1013,ST1004,2026-08-07 06:56:43,2026-08-07 07:15:43,19,6.1,5.75,abonnement
TR2608070019802,CL106286,EN00202,trottinette,Lyon,ST1014,ST1002,2026-08-07 06:55:44,07/08/2026 07:00,5,1.45,2.1,cb
TR2608070019803,CL103186,EN00293,velo_elec,Nantes,ST1026,ST1029,2026-08-07 06:58:44,2026-08-07 07:07:44,9,1.96,3.25,abonnement
TR2608070019804,CL104064,EN00281,velo_elec,Nantes,ST1031,ST1022,1786078347,2026-08-07 07:05:27,13,2.53,4.25,paypal
TR2608070019805,CL107199,EN00247,trottinette,Nantes,ST1033,ST1021,1786078743,1786079043,5,1.15,2.1,abonnement
TR2608070019806,CL101224,EN00377,trottinette,Lille,ST1047,ST1034,2026-08-07 06:57:52,2026-08-07 07:06:52,9,2.36,2.98,cb
TR2608070019807,CL100133,EN00565,trottinette,Grenoble,ST1053,ST1054,07/08/2026 06:56,07/08/2026 07:11,15,3.18,4.3,abonnement
TR2608070019808,CL100962,EN00013,velo_elec,Lyon,ST1003,ST1016,2026-08-07 07:12:52,2026-08-07 07:45:52,33,10.61,9.25,abonnement
TR2608070019809,CL102076,EN00099,velo_elec,Lyon,ST1005,ST1003,07/08/2026 07:03,2026-08-07 07:23:13,20,6.56,6.0,cb
TR2608070019810,CL108561,EN00195,velo_elec,Lyon,ST1008,ST1002,2026-08-07 07:08:47,2026-08-07 07:16:47,8,1.77,3.0,abonnement
TR2608070019811,CL100276,EN00151,trottinette,Lyon,ST1010,ST1004,2026-08-07 07:03:31,2026-08-07 07:11:31,8,2.55,2.76,abonnement
TR2608070019812,CL103727,EN00158,velo_elec,Lyon,ST1011,ST1002,2026-08-07 07:08:35,2026-08-07 07:18:35,10,2.7,3.5,abonnement
TR2608070019813,CL105148,EN00063,velo_elec,Lyon,ST1012,ST1004,1786079320,2026-08-07 07:22:40,14,2.2,4.5,paypal
TR2608070019814,CL105600,EN00070,trottinette,Lyon,ST1014,ST1019,2026-08-07 07:14:22,1786080442,13,4.11,3.86,cb
TR2608070019815,CL105482,EN00179,trottinette,Lyon,ST1014,ST1008,2026-08-07 07:11:19,2026-08-07 07:18:19,7,1.32,2.54,abonnement
TR2608070019816,CL106126,EN00108,velo_elec,Lyon,ST1015,ST1012,2026-08-07 07:04:01,2026-08-07 07:13:01,9,1.78,3.25,paypal
TR2608070019817,CL107112,EN00014,velo_elec,Lyon,ST1015,ST1004,2026-08-07 07:12:41,2026-08-07 07:24:41,12,2.75,4.0,cb
TR2608070019818,CL102452,EN00200,trottinette,Lyon,ST1015,ST1001,2026-08-07 07:15:20,2026-08-07 07:26:20,11,2.84,3.42,abonnement
TR2608070019819,CL107193,EN00234,trottinette,NANTES,ST1022,ST1029,2026-08-07 07:01:58,2026-08-07 07:09:58,8,2.55,2.76,paypal
TR2608070019820,CL103504,EN00228,trottinette,Nantes,ST1023,ST1021,2026-08-07 07:15:57,1786080597,14,3.38,4.08,abonnement
TR2608070019821,CL106152,EN00258,trottinette,Nantes,ST1023,ST1028,2026-08-07 07:04:26,2026-08-07 07:12:26,8,2.08,2.76,cb
TR2608070019822,CL107894,EN00229,trottinette,Nantes,ST1025,ST1021,2026-08-07 07:05:16,2026-08-07 07:53:16,48,8.0,11.56,abonnement
TR2608070019823,CL104335,EN00311,trottinette,Nantes,ST1028,ST1023,2026-08-07 07:04:05,2026-08-07 07:16:05,12,1.92,3.64,abonnement
TR2608070019824,CL104321,EN00283,trottinette,Nantes,ST1029,ST1029,2026-08-07 07:12:24,2026-08-07 07:31:24,19,5.12,5.18,cb
TR2608070019825,CL102173,EN00224,velo_elec,Nantes,ST1029,ST1022,2026-08-07 07:01:38,07/08/2026 07:09,8,1.86,3.0,cb
TR2608070019826,CL103313,EN00338,velo_elec,Nantes,ST1030,ST1020,07/08/2026 07:02,2026-08-07 07:13:46,11,2.99,3.75,paypal
TR2608070019827,CL106077,EN00269,velo_elec,Nantes,ST1033,ST1033,2026-08-07 07:04:34,2026-08-07 07:21:34,17,5.9,5.25,cb
TR2608070019828,CL108095,EN00482,velo_elec,Lille,ST1036,ST1040,2026-08-07 07:04:29,2026-08-07 07:22:29,18,3.91,5.5,cb
TR2608070019829,CL108490,EN00480,velo_elec,Lille,ST1038,ST1034,07/08/2026 07:03,2026-08-07 07:25:19,22,4.5,6.5,abonnement
TR2608070019830,CL102039,EN00470,trottinette,Lille,ST1039,ST1038,1786079085,2026-08-07 07:07:45,3,0.83,1.66,cb
TR2608070019831,CL104944,EN00481,velo_elec,Lille,ST1043,ST1035,2026-08-07 07:04:26,1786079426,6,1.49,2.5,cb
TR2608070019832,CL950714,EN00426,trottinette,Lille,ST1044,ST1035,2026-08-07 07:10:07,2026-08-07 07:21:07,11,3.43,3.42,cb
TR2608070019833,CL101086,EN00443,velo_elec,Lille,ST1044,ST1036,2026-08-07 07:10:19,07/08/2026 07:17,7,2.05,2.75,cb
TR2608070019834,CL108716,EN00368,trottinette,Lille,ST1045,ST1039,2026-08-07 07:14:36,2026-08-07 07:26:36,12,2.01,3.64,abonnement
TR2608070019835,CL108030,EN00440,trottinette,Lille,ST1045,ST1034,,07/08/2026 07:20,7,2.28,2.54,paypal
TR2608070019836,CL104289,EN00362,velo_elec,Lille,ST1046,ST1036,2026-08-07 07:09:25,07/08/2026 07:25,-17,4.64,5.0,paypal
TR2608070019837,CL101507,EN00372,trottinette,Lille,ST1047,ST1034,2026-08-07 07:12:46,2026-08-07 07:23:46,11,3.1,3.42,cb
TR2608070019838,CL108161,EN00592,velo_elec,Grenoble,ST1050,ST1049,07/08/2026 07:09,2026-08-07 07:14:16,5,1.49,2.25,cb
TR2608070019839,CL106927,EN00596,velo_elec,Grenoble,ST1050,ST1049,2026-08-07 07:08:38,2026-08-07 07:15:38,7,1.43,2.75,cb
TR2608070019840,CL105918,EN00544,velo_elec,Grenoble,ST1051,ST1049,2026-08-07 07:10:12,2026-08-07 07:20:12,10,1.86,3.5,abonnement
TR2608070019841,CL107379,EN00512,velo_elec,Grenoble,ST1052,ST1057,1786079187,2026-08-07 07:22:27,16,3.77,5.0,abonnement
TR2608070019842,CL106155,EN00531,trottinette,Grenoble,ST1053,ST1049,2026-08-07 07:11:16,07/08/2026 07:18,7,1.85,2.54,abonnement
TR2608070019843,CL100205,EN00526,velo_elec,Grenoble,ST1054,ST1052,2026-08-07 07:09:20,2026-08-07 07:22:20,13,4.34,4.25,abonnement
TR2608070019844,CL102190,EN00590,velo_elec,Grenoble,ST1057,ST1049,1786079094,2026-08-07 07:24:54,20,4.55,6.0,abonnement
TR2608070019845,CL102591,EN00153,velo_elec,Lyon,ST1006,ST1001,2026-08-07 07:22:12,07/08/2026 08:16,54,18.74,14.5,abonnement
TR2608070019846,CL101958,EN00213,trottinette,Lyon,ST1008,ST1003,2026-08-07 07:19:25,2026-08-07 07:42:25,23,6.92,6.06,cb
TR2608070019847,CL101755,EN00106,trottinette,Lyon,ST1008,ST1010,2026-08-07 07:20:17,2026-08-07 07:32:17,12,1.96,3.64,abonnement
TR2608070019848,CL102676,EN00182,trottinette,Lyon,ST1009,ST1003,2026-08-07 07:27:55,2026-08-07 07:38:55,11,3.04,3.42,abonnement
TR2608070019849,CL100303,EN00018,trottinette,Lyon ,ST1010,ST1008,2026-08-07 07:29:22,2026-08-07 07:40:22,11,2.52,3.42,cb
TR2608070019850,CL100955,EN00175,trottinette,Lyon,ST1014,ST1002,2026-08-07 07:19:47,2026-08-07 07:43:47,24,5.68,6.28,abonnement
TR2608070019851,CL102850,EN00187,velo_elec,Lyon,ST1015,ST1002,,2026-08-07 07:45:51,21,3.53,6.25,cb
TR2608070019852,CL103137,EN00210,trottinette,Lyon,ST1016,ST1004,2026-08-07 07:26:25,2026-08-07 07:51:25,25,4.34,6.5,cb
TR2608070019853,CL105350,EN00110,velo_elec,Lyon,ST1018,ST1004,07/08/2026 07:25,2026-08-07 07:42:55,17,2.85,5.25,cb
TR2608070019854,CL107314,EN00311,trottinette,Nantes,ST1023,ST1021,2026-08-07 07:28:25,2026-08-07 07:35:25,7,2.42,2.54,abonnement
TR2608070019855,CL104359,EN00271,velo_elec,Nantes,ST1023,ST1021,1786080379,2026-08-07 07:37:19,11,2.0,3.75,cb
TR2608070019856,CL100167,EN00301,velo_elec,Nantes,ST1027,ST1021,2026-08-07 07:22:26,2026-08-07 07:41:26,19,6.51,5.75,abonnement
TR2608070019857,CL100744,EN00293,velo_elec,Nantes,ST1029,ST1022,2026-08-07 07:24:22,2026-08-07 07:52:22,28,5.5,8.0,cb
TR2608070019858,CL107789,EN00233,velo_elec,Nantes,ST1031,ST1021,2026-08-07 07:28:19,07/08/2026 07:57,29,7.94,8.25,cb
TR2608070019859,CL106079,EN00312,trottinette,Nantes,ST1031,ST1022,07/08/2026 07:23,07/08/2026 07:33,10,3.04,3.2,
TR2608070019860,CL103283,EN00410,velo_elec,Lille,ST1035,ST1035,2026-08-07 07:26:56,2026-08-07 07:37:56,11,1.85,3.75,abonnement
TR2608070019861,CL105441,EN00495,trottinette,Lille,ST1036,ST1043,2026-08-07 07:30:16,1786081276,11,2.34,3.42,cb
TR2608070019862,CL100348,EN00380,velo_elec,LILLE,ST1037,ST1038,2026-08-07 07:22:15,2026-08-07 07:30:15,8,1.94,3.0,abonnement
TR2608070019863,CL103458,EN00441,velo_elec,Lille,ST1037,ST1034,1786080651,2026-08-07 07:53:51,23,8.0,6.75,abonnement
TR2608070019864,CL101145,EN00381,trottinette,Lille,ST1037,ST1034,2026-08-07 07:28:09,2026-08-07 07:35:09,7,2.44,2.54,paypal
TR2608070019865,CL102302,EN00470,trottinette,Lille,ST1038,ST1034,2026-08-07 07:30:07,1786081147,9,1.69,2.98,cb
TR2608070019866,CL106134,EN00421,velo_elec,Lille,ST1038,ST1036,2026-08-07 07:26:32,2026-08-07 07:37:32,11,3.19,3.75,cb
TR2608070019867,CL102999,EN00383,trottinette,Lille,ST1039,ST1035,2026-08-07 07:17:13,1786081033,20,4.08,5.4,abonnement
TR2608070019868,CL101149,EN00496,velo_elec,Lille,ST1045,ST1034,2026-08-07 07:26:52,2026-08-07 07:29:52,3,0.7,1.75,abonnement
TR2608070019869,CL100770,EN00438,trottinette,Lille,ST1046,ST1036,2026-08-07 07:15:57,2026-08-07 07:25:57,-20,1.79,3.2,abonnement
TR2608070019870,CL101970,EN00414,velo_elec,lille,ST1047,ST1042,2026-08-07 07:21:08,2026-08-07 07:37:08,16,4.8,5.0,cb
TR2608070019871,CL102199,EN00514,velo_elec,Grenoble,ST1050,ST1048,1786080275,2026-08-07 07:33:35,9,2.18,3.25,abonnement
TR2608070019872,CL108337,EN00518,trottinette,GRENOBLE,ST1050,ST1055,2026-08-07 07:21:26,07/08/2026 07:56,35,10.11,8.7,cb
TR2608070019873,CL102203,EN00567,velo_elec,GRENOBLE,ST1051,ST1049,2026-08-07 07:18:52,2026-08-07 07:30:52,12,3.02,4.0,cb
TR2608070019874,CL105665,EN00551,trottinette,Grenoble,ST1054,ST1057,2026-08-07 07:23:42,07/08/2026 07:40,17,5.21,4.74,abonnement
TR2608070019875,CL105569,EN00539,velo_elec,Grenoble,ST1055,ST1051,2026-08-07 07:25:51,07/08/2026 07:58,33,7.62,9.25,cb
TR2608070019876,CL101297,EN00501,trottinette,Grenoble,ST1058,ST1050,2026-08-07 07:18:46,1786080826,15,4.55,4.3,cb
TR2608070019877,CL105017,EN00170,trottinette,Lyon,ST1005,ST1001,07/08/2026 07:41,2026-08-07 07:47:56,6,1.41,2.32,abonnement
TR2608070019878,CL106951,EN00007,velo,Lyon,ST1005,ST1004,,2026-08-07 07:50:08,18,6.26,3.7,cb
TR2608070019879,CL107280,EN00120,velo,Lyon,ST1005,ST1002,07/08/2026 07:41,2026-08-07 08:00:41,19,6.48,3.85,cb
TR2608070019880,CL108134,EN00004,velo_elec,Lyon,ST1010,ST1011,07/08/2026 07:36,2026-08-07 07:45:24,9,2.5,3.25,paypal
TR2608070019881,CL107267,EN00183,velo_elec,Lyon,ST1011,ST1003,2026-08-07 07:36:19,07/08/2026 07:46,10,2.29,3.5,cb
TR2608070019882,CL101013,EN00109,trottinette,Lyon,ST1013,ST1004,2026-08-07 07:42:58,07/08/2026 08:03,21,4.09,5.62,paypal
TR2608070019883,CL101074,EN00164,trottinette,Lyon,ST1014,ST1003,2026-08-07 07:31:17,2026-08-07 07:38:17,7,2.1,2.54,abonnement
TR2608070019884,CL104209,EN00254,velo_elec,Nantes,ST1023,ST1022,2026-08-07 07:38:32,2026-08-07 07:41:32,3,0.61,1.75,abonnement
TR2608070019885,CL105451,EN00347,trottinette,Nantes,ST1024,ST1032,2026-08-07 07:39:28,07/08/2026 07:47,8,1.23,,paypal
TR2608070019886,CL107955,EN00299,trottinette,Nantes,ST1026,ST1029,2026-08-07 07:31:52,2026-08-07 07:39:52,8,2.18,2.76,cb
TR2608070019887,CL105078,EN00232,trottinette,Nantes,ST1027,ST1033,2026-08-07 07:32:08,2026-08-07 07:37:08,5,1.66,2.1,abonnement
TR2608070019888,CL103431,EN00272,trottinette,Nantes,ST1031,ST1022,2026-08-07 07:36:57,2026-08-07 08:06:57,30,5.58,7.6,cb
TR2608070019889,CL100074,EN00483,trottinette,Lille,ST1034,ST1045,07/08/2026 07:34,07/08/2026 07:51,17,5.53,4.74,cb
TR2608070019890,CL107513,EN00399,trottinette,Lille,ST1037,ST1034,2026-08-07 07:31:32,2026-08-07 07:44:32,13,2.81,3.86,cb
TR2608070019891,CL103838,EN00368,trottinette,Lille,ST1039,ST1035,1786080781,2026-08-07 07:44:01,11,2.69,3.42,cb
TR2608070019892,CL101344,EN00401,trottinette,Lille,ST1039,ST1042,1786080787,2026-08-07 07:58:07,25,3.86,6.5,
TR2608070019893,CL106859,EN00453,trottinette,Lille,ST1040,ST1037,2026-08-07 07:40:56,2026-08-07 07:58:56,18,5.75,4.96,paypal
TR2608070019894,CL105676,EN00477,trottinette,Lille,ST1041,ST1040,2026-08-07 07:44:27,2026-08-07 07:55:27,11,2.07,3.42,cb
TR2608070019895,CL103131,EN00428,velo_elec,Lille,ST1041,ST1044,2026-08-07 07:37:07,07/08/2026 07:49,12,2.12,4.0,cb
TR2608070019896,CL108578,EN00417,trottinette,Lille,ST1043,ST1036,2026-08-07 07:46:11,2026-08-07 07:51:11,5,0.79,2.1,cb
TR2608070019897,CL104422,EN00476,trottinette,Lille,ST1043,ST1034,2026-08-07 07:32:48,1786081188,7,1.32,2.54,cb
TR2608070019898,CL104193,EN00374,velo_elec,Lille,ST1045,ST1034,2026-08-07 07:39:15,2026-08-07 07:51:15,12,2.76,4.0,cb
TR2608070019899,CL104687,EN00456,trottinette,Lille,ST1046,ST1044,07/08/2026 07:41,2026-08-07 08:00:40,19,5.03,5.18,abonnement
TR2608070019900,CL106626,EN00559,trottinette,Grenoble,ST1050,ST1048,2026-08-07 07:33:41,2026-08-07 07:40:41,7,1.65,2.54,cb
TR2608070019901,CL100342,EN00588,velo_elec,Grenoble,ST1051,ST1049,2026-08-07 07:32:17,,8,2.26,3.0,cb
TR2608070019902,CL105690,EN00524,velo_elec,Grenoble,ST1051,ST1049,07/08/2026 07:38,2026-08-07 07:53:31,15,3.56,4.75,cb
TR2608070019903,CL107027,EN00575,trottinette,Grenoble,ST1052,ST1057,07/08/2026 07:35,2026-08-07 07:53:48,18,5.83,4.96,cb
TR2608070019904,CL108195,EN00511,trottinette,Grenoble,ST1056,ST1049,07/08/2026 07:34,2026-08-07 07:46:45,12,2.05,3.64,paypal
TR2608070019905,CL102351,EN00509,trottinette,GRENOBLE,ST1056,ST1048,1786081278,07/08/2026 08:28,47,12.93,11.34,
TR2608070019906,CL101715,EN00553,trottinette,Grenoble,ST1056,ST1048,2026-08-07 07:45:17,2026-08-07 08:02:17,17,5.04,4.74,cb
TR2608070019907,CL103282,EN00535,velo_elec,Grenoble,ST1057,ST1048,07/08/2026 07:39,07/08/2026 07:47,8,1.41,3.0,abonnement
TR2608070019908,CL105627,EN00009,velo_elec,Lyonn,ST1006,ST1004,2026-08-07 07:51:30,2026-08-07 08:14:30,23,8.01,6.75,paypal
TR2608070019909,CL102695,EN00065,trottinette,Lyon,ST1006,ST1001,2026-08-07 07:55:36,2026-08-07 08:05:36,4471,1.75,3.2,cb
TR2608070019910,CL108348,EN00179,trottinette,Lyon,ST1008,ST1004,2026-08-07 07:58:57,2026-08-07 08:03:57,5,1.6,2.1,paypal
TR2608070019911,CL103772,EN00102,velo_elec,Lyon,ST1009,ST1001,2026-08-07 07:49:59,2026-08-07 07:53:59,4,1.17,2.0,
TR2608070019912,CL102610,EN00076,velo_elec,Lyon,ST1009,ST1003,07/08/2026 07:59,2026-08-07 08:30:38,31,4.81,8.75,paypal
TR2608070019913,CL107362,EN00095,trottinette,Lyon,ST1009,ST1008,2026-08-07 07:48:00,1786083000,22,6.42,5.84,cb
TR2608070019914,CL105358,EN00106,trottinette,Lyon,ST1010,ST1001,07/08/2026 07:49,2026-08-07 08:10:06,21,5.5,5.62,cb
TR2608070019915,CL106581,EN00201,velo_elec,LYON,ST1011,ST1002,2026-08-07 07:55:22,2026-08-07 08:06:22,11,1.79,3.75,cb
TR2608070019916,CL106891,EN00119,trottinette,Lyon,ST1016,ST1017,07/08/2026 07:49,2026-08-07 07:55:33,6,1.55,2.32,cb
TR2608070019917,CL107310,EN00220,velo_elec,Lyon,ST1016,ST1002,2026-08-07 07:48:09,2026-08-07 07:59:09,11,3.33,3.75,abonnement
TR2608070019918,CL105279,EN00006,trottinette,Lyon,ST1019,ST1004,07/08/2026 07:55,2026-08-07 08:22:50,27,7.33,6.94,cb
TR2608070019919,CL103333,EN00299,trottinette,Nantes,ST1029,ST1022,2026-08-07 07:47:53,07/08/2026 08:01,14,3.37,4.08,paypal
TR2608070019920,CL100258,EN00307,trottinette,Nantes,ST1031,ST1028,2026-08-07 07:54:59,2026-08-07 07:58:59,4,1.29,1.88,cb
TR2608070019921,CL100417,EN00253,trottinette,Nantes,ST1033,ST1033,07/08/2026 07:46,2026-08-07 08:20:48,34,11.5,8.48,abonnement
TR2608070019922,CL107486,EN00404,trottinette,Lille,ST1037,ST1034,2026-08-07 07:46:54,2026-08-07 08:09:54,23,8.03,6.06,abonnement
TR2608070019923,CL102764,EN00405,trottinette,Lille,ST1037,ST1036,2026-08-07 07:51:46,2026-08-07 08:12:46,21,6.36,5.62,abonnement
TR2608070019924,CL108471,EN00380,velo_elec,Lille,ST1038,ST1036,2026-08-07 07:51:10,,26,4.28,7.5,cb
TR2608070019925,CL101947,EN00412,trottinette,Lille,ST1040,ST1035,2026-08-07 07:52:41,2026-08-07 08:04:41,12,3.14,3.64,cb
TR2608070019926,CL101184,EN00482,velo_elec,Lille,ST1040,ST1047,2026-08-07 07:53:21,2026-08-07 08:04:21,11,1.98,3.75,paypal
TR2608070019927,CL106710,EN00495,trottinette,lille,ST1043,ST1047,2026-08-07 07:51:18,2026-08-07 08:01:18,10,3.09,3.2,cb
TR2608070019928,CL104963,EN00388,velo_elec,Lille,ST1044,ST1034,2026-08-07 07:55:58,2026-08-07 08:01:58,6,1.28,2.5,abonnement
TR2608070019929,CL103470,EN00435,trottinette,Lille,ST1044,ST1034,2026-08-07 07:59:44,1786083164,13,2.27,3.86,abonnement
TR2608070019930,CL107667,EN00498,trottinette,Lille,ST1045,ST1034,2026-08-07 07:57:01,07/08/2026 08:19,22,5.1,5.84,abonnement
TR2608070019931,CL103792,EN00501,trottinette,Grenoble,ST1050,ST1049,2026-08-07 07:59:19,2026-08-07 08:12:19,13,2.04,3.86,paypal
TR2608070019932,CL100003,EN00530,velo_elec,Grenoble,ST1052,ST1053,2026-08-07 07:56:50,07/08/2026 08:10,14,2.4,4.5,abonnement
TR2608070019933,CL105728,EN00526,velo_elec,Grenoble,ST1052,ST1058,2026-08-07 07:59:00,07/08/2026 08:08,9,3.09,3.25,cb
TR2608070019934,CL104366,EN00598,velo_elec,Grenoble,ST1054,ST1054,2026-08-07 07:46:49,2026-08-07 07:52:49,6,1.48,2.5,cb
TR2608070019935,CL100267,EN00599,trottinette,Grenoble,ST1055,ST1057,2026-08-07 07:59:55,2026-08-07 08:05:55,6,1.34,2.32,cb
TR2608070019936,CL104704,EN00589,velo_elec,Grenoble,ST1055,ST1049,2026-08-07 08:00:16,2026-08-07 08:20:16,20,4.07,6.0,cb
TR2608070019937,CL103490,EN00563,trottinette,Grenoble,ST1058,ST1048,2026-08-07 07:56:14,07/08/2026 08:36,40,9.85,9.8,cb
TR2608070019938,CL991307,EN00587,trottinette,Grenoble,ST1058,ST1050,07/08/2026 07:48,,40,13.09,9.8,cb
TR2608070019939,CL106399,EN00218,velo_elec,Lyon,ST1002,ST1011,2026-08-07 08:05:00,2026-08-07 08:13:00,8,2.72,3.0,cb
TR2608070019940,CL100866,EN00014,velo_elec,Lyon,ST1004,ST1005,07/08/2026 08:11,2026-08-07 08:35:39,24,4.98,7.0,cb
TR2608070019941,CL104271,EN00077,trottinette,Lyon,ST1006,ST1002,2026-08-07 08:06:17,2026-08-07 08:29:17,23,7.65,6.06,cb
TR2608070019942,CL102663,EN00067,velo_elec,Lyon,ST1007,ST1011,2026-08-07 08:09:15,2026-08-07 08:17:15,8,1.46,3.0,cb
TR2608070019943,CL104426,EN00071,velo_elec,Lyon,ST1008,ST1003,2026-08-07 08:07:14,2026-08-07 08:25:14,18,2.77,,cb
TR2608070019944,CL102822,EN00130,velo_elec,Lyon,ST1008,ST1001,1786083325,2026-08-07 08:39:25,24,5.45,7.0,cb
TR2608070019945,CL104444,EN00135,trottinette,Lyon,ST1009,ST1017,2026-08-07 08:16:14,2026-08-07 08:31:14,15,3.48,4.3,cb
TR2608070019946,CL108722,EN00015,velo,Lyon,ST1010,ST1004,07/08/2026 08:03,07/08/2026 08:21,18,3.08,3.7,cb
TR2608070019947,CL104238,EN00016,velo,Lyon,ST1010,ST1001,07/08/2026 08:15,2026-08-07 08:21:13,-5,1.01,1.9,abonnement
TR2608070019948,CL107458,EN00041,velo_elec,Lyon,ST1011,ST1011,2026-08-07 08:04:35,2026-08-07 08:22:35,18,6.16,5.5,cb
TR2608070019949,CL102344,EN00080,trottinette,Lyon,ST1011,ST1002,2026-08-07 08:02:37,2026-08-07 08:22:37,20,5.41,5.4,cb
TR2608070019950,CL102756,EN00173,velo_elec,Lyon,ST1012,ST1002,07/08/2026 08:12,1786083571,7,1.09,2.75,abonnement
TR2608070019951,CL106921,EN00108,velo_elec,Lyon,ST1012,ST1009,2026-08-07 08:12:30,2026-08-07 08:20:30,8,1.75,3.0,abonnement
TR2608070019952,CL101626,EN00140,trottinette,Lyon,ST1013,ST1008,2026-08-07 08:06:59,2026-08-07 08:15:59,9,2.99,2.98,cb
TR2608070019953,CL101465,EN00061,trottinette,Lyon,ST1014,ST1001,2026-08-07 08:06:12,2026-08-07 08:13:12,7,1.38,2.54,paypal
TR2608070019954,CL105259,EN00069,trottinette,Lyon,ST1015,ST1019,2026-08-07 08:02:21,2026-08-07 08:19:21,17,4.6,4.74,paypal
TR2608070019955,CL106760,EN00068,velo_elec,Lyon,ST1015,ST1004,2026-08-07 08:03:19,,5,1.01,2.25,cb
TR2608070019956,CL108528,EN00119,trottinette,Lyon,ST1017,ST1004,2026-08-07 08:16:04,2026-08-07 08:30:04,14,3.58,4.08,paypal
TR2608070019957,CL105245,EN00212,trottinette,Lyon,ST1019,ST1002,2026-08-07 08:10:57,07/08/2026 08:16,6,1.08,2.32,cb
TR2608070019958,CL101225,EN00289,trottinette,Nantes,ST1022,ST1029,2026-08-07 08:16:10,2026-08-07 08:31:10,15,2.88,4.3,paypal
TR2608070019959,CL104098,EN00238,velo_elec,NANTES,ST1023,ST1020,2026-08-07 08:06:35,2026-08-07 08:16:35,10,2.38,3.5,cb
TR2608070019960,CL103755,EN00300,velo_elec,Nantes,ST1027,ST1020,2026-08-07 08:08:54,2026-08-07 08:14:54,6,1.77,2.5,cb
TR2608070019961,CL101136,EN00258,trottinette,Nantes,ST1028,ST1020,2026-08-07 08:01:16,2026-08-07 08:16:16,15,3.84,4.3,paypal
TR2608070019962,CL107971,EN00269,velo_elec,Nantes,ST1033,ST1026,2026-08-07 08:09:15,2026-08-07 08:20:15,11,3.07,3.75,cb
TR2608070019963,CL102376,EN00392,velo_elec,Lille,ST1036,ST1037,1786082756,2026-08-07 08:25:56,20,6.56,6.0,abonnement
TR2608070019964,CL100530,EN00484,velo_elec,Lille,ST1036,ST1046,2026-08-07 08:02:21,2026-08-07 08:08:21,6,0.91,2.5,cb
TR2608070019965,CL102391,EN00453,trottinette,Lille,ST1037,ST1044,2026-08-07 08:12:47,2026-08-07 08:23:47,11,3.81,3.42,cb
TR2608070019966,CL105190,EN00461,velo_elec,Lille,ST1037,ST1044,2026-08-07 08:16:15,07/08/2026 08:28,12,2.61,4.0,paypal
TR2608070019967,CL108297,EN00445,velo_elec,Lille,ST1038,ST1035,07/08/2026 08:13,2026-08-07 08:22:46,9,3.12,3.25,abonnement
TR2608070019968,CL105234,EN00490,velo,Lille,ST1039,ST1035,2026-08-07 08:02:42,1786082862,5,1.63,1.75,abonnement
TR2608070019969,CL106354,EN00488,velo_elec,Lille,ST1040,ST1034,1786082952,2026-08-07 08:15:12,6,1.34,2.5,cb
TR2608070019970,CL101594,EN00385,velo_elec,Lille,ST1041,ST1034,2026-08-07 08:15:42,2026-08-07 08:29:42,14,3.58,4.5,cb
TR2608070019971,CL104337,EN00483,trottinette,Lille,ST1045,ST1039,2026-08-07 08:04:30,2026-08-07 08:19:30,15,4.0,4.3,paypal
TR2608070019972,CL106007,EN00390,velo,LILLE,ST1045,ST1034,2026-08-07 08:04:29,2026-08-07 08:18:29,14,3.32,3.1,cb
TR2608070019973,CL107775,EN00366,trottinette,Lille,ST1046,ST1038,2026-08-07 08:15:03,2026-08-07 08:33:03,18,5.65,4.96,abonnement
TR2608070019974,CL105044,EN00446,trottinette,Lille,ST1046,ST1034,2026-08-07 08:12:22,07/08/2026 08:26,14,4.2,4.08,paypal
TR2608070019975,CL102096,EN00495,trottinette,Lille,ST1047,ST1035,2026-08-07 08:09:23,2026-08-07 08:26:23,17,3.16,4.74,abonnement
TR2608070019976,CL103700,EN00536,velo_elec,Grenoble,ST1052,ST1049,2026-08-07 08:10:18,2026-08-07 08:15:18,5,1.33,2.25,abonnement
TR2608070019977,CL103951,EN00558,trottinette,Grenoble,ST1052,ST1048,1786082594,2026-08-07 08:42:14,39,6.04,9.58,cb
TR2608070019978,CL105469,EN00528,velo_elec,Grenoble,ST1055,ST1049,07/08/2026 08:14,07/08/2026 08:18,4,0.87,2.0,cb
TR2608070019979,CL108734,EN00586,velo,Grenoble,ST1056,ST1057,2026-08-07 08:07:32,2026-08-07 08:14:32,7,1.31,2.05,cb
TR2608070019980,CL100067,EN00512,velo_elec,Grenoble,ST1057,ST1054,2026-08-07 08:03:32,07/08/2026 08:11,8,1.72,3.0,cb
TR2608070019981,CL100418,EN00545,trottinette,Grenoble,ST1057,ST1049,07/08/2026 08:03,,37,11.7,9.14,abonnement
TR2608070019982,CL105430,EN00554,velo_elec,Grenoble,ST1058,ST1049,1786082540,2026-08-07 08:09:20,7,2.05,2.75,abonnement
TR2608070019983,CL107639,EN00600,trottinette,Grenoble,ST1058,ST1049,1786083107,1786083647,9,2.89,2.98,abonnement
TR2608070019984,CL108723,EN00597,trottinette,Grenoble,ST1058,ST1053,2026-08-07 08:04:40,2026-08-07 08:14:40,10,2.55,3.2,cb
TR2608070019985,CL107914,EN00178,velo_elec,Lyon,ST1001,ST1005,07/08/2026 08:24,2026-08-07 08:38:47,14,2.42,4.5,paypal
TR2608070019986,CL104176,EN00123,velo_elec,Lyon,ST1002,ST1008,07/08/2026 08:18,2026-08-07 08:32:52,14,4.48,4.5,cb
TR2608070019987,CL108263,EN00204,velo_elec,Lyon,ST1006,ST1006,2026-08-07 08:19:32,2026-08-07 08:30:32,11,2.39,3.75,abonnement
TR2608070019988,CL108998,EN00193,trottinette,Lyon,ST1007,ST1008,1786083656,07/08/2026 08:35,15,3.83,4.3,cb
TR2608070019989,CL106313,EN00095,trottinette,Lyon ,ST1008,ST1003,2026-08-07 08:19:48,1786084188,10,1.56,3.2,paypal
TR2608070019990,CL103129,EN00140,trottinette,Lyon,ST1008,ST1004,2026-08-07 08:22:16,07/08/2026 08:36,14,4.29,4.08,cb
TR2608070019991,CL102087,EN00040,velo,Lyon,ST1008,ST1002,2026-08-07 08:30:31,2026-08-07 08:37:31,7,1.81,2.05,paypal
TR2608070019992,CL100228,EN00066,trottinette,Lyon,ST1009,ST1001,07/08/2026 08:21,2026-08-07 08:25:43,4,0.67,1.88,abonnement
TR2608070019993,CL107370,EN00191,trottinette,Lyon,ST1009,ST1009,2026-08-07 08:21:04,,11,3.82,3.42,
TR2608070019994,CL102866,EN00131,trottinette,Lyon,ST1009,ST1003,07/08/2026 08:30,2026-08-07 08:39:10,9,2.6,2.98,cb
TR2608070019995,CL105282,EN00136,trottinette,Lyon,ST1012,ST1003,07/08/2026 08:21,1786084803,19,4.48,5.18,abonnement
TR2608070019996,CL900658,EN00215,velo_elec,Lyon,ST1013,ST1003,2026-08-07 08:19:30,2026-08-07 08:23:30,4,1.09,2.0,cb
TR2608070019997,CL100424,EN00024,velo_elec,Lyon,ST1014,ST1019,2026-08-07 08:24:43,2026-08-07 08:30:43,6,1.19,2.5,cb
TR2608070019998,CL105652,EN00104,trottinette,Lyon,ST1015,ST1014,2026-08-07 08:22:16,2026-08-07 09:01:16,39,8.55,9.58,abonnement
TR2608070019999,CL103416,EN00177,velo_elec,Lyon,ST1015,ST1002,2026-08-07 08:29:07,2026-08-07 08:47:07,18,4.31,5.5,paypal
TR2608070020000,CL106970,EN00092,trottinette,Lyon,ST1016,ST1004,2026-08-07 08:27:01,07/08/2026 08:42,15,2.76,4.3,cb
TR2608070020001,CL103852,EN00081,velo_elec,Lyon,ST1016,ST1003,2026-08-07 08:25:48,2026-08-07 08:39:48,14,4.79,4.5,cb
TR2608070020002,CL106788,EN00288,trottinette,Nantes,ST1021,ST1022,2026-08-07 08:24:51,2026-08-07 08:29:51,5,0.79,2.1,paypal
TR2608070020003,CL100393,EN00227,trottinette,Nantes,ST1025,ST1021,2026-08-07 08:20:11,2026-08-07 08:27:11,7,1.12,2.54,cb
TR2608070020004,CL101825,EN00260,velo_elec,Nantes,ST1025,ST1022,2026-08-07 08:29:44,07/08/2026 08:43,14,4.53,4.5,cb
TR2608070020005,CL102271,EN00261,trottinette,Nantes,ST1026,ST1022,07/08/2026 08:23,1786084296,8,2.59,2.76,abonnement
TR2608070020006,CL103882,EN00270,velo_elec,Nantes,ST1027,ST1023,2026-08-07 08:27:38,2026-08-07 08:36:38,9,2.61,3.25,cb
TR2608070020007,CL101144,EN00283,trottinette,Nantes,ST1029,ST1021,07/08/2026 08:29,07/08/2026 08:33,4,0.97,1.88,cb
TR2608070020008,CL106667,EN00234,trottinette,Nantes,ST1029,ST1028,2026-08-07 08:23:33,2026-08-07 08:41:33,18,4.1,4.96,cb
TR2608070020009,CL102703,EN00341,velo_elec,Nantes,ST1031,ST1021,2026-08-07 08:29:04,2026-08-07 08:44:04,15,2.61,4.75,cb
TR2608070020010,CL105196,EN00268,trottinette,Nantes,ST1032,ST1022,07/08/2026 08:29,2026-08-07 08:32:33,3,0.92,1.66,cb
TR2608070020011,CL103921,EN00488,velo_elec,Lille,ST1034,ST1041,2026-08-07 08:19:19,2026-08-07 08:24:19,5,1.46,2.25,cb
TR2608070020012,CL105673,EN00410,velo_elec,Lille,ST1035,ST1040,2026-08-07 08:26:44,2026-08-07 08:31:44,5,1.16,2.25,cb
TR2608070020013,CL108710,EN00460,velo_elec, Lille,ST1035,ST1038,2026-08-07 08:26:43,2026-08-07 08:32:43,6,1.56,2.5,paypal
TR2608070020014,CL102441,EN00464,trottinette,Lille,ST1036,ST1043,07/08/2026 08:21,2026-08-07 08:35:39,14,3.3,4.08,paypal
TR2608070020015,CL100348,EN00395,trottinette,Lille,ST1038,ST1034,2026-08-07 08:23:27,2026-08-07 08:43:27,20,6.87,5.4,cb
TR2608070020016,CL102834,EN00493,velo_elec,Lille,ST1040,ST1035,2026-08-07 08:25:14,2026-08-07 08:36:14,11,2.47,3.75,cb
TR2608070020017,CL100854,EN00477,trottinette,Lille,ST1040,ST1038,2026-08-07 08:25:40,2026-08-07 08:41:40,16,2.94,4.52,paypal
TR2608070020018,CL105243,EN00425,velo_elec,Lille,ST1041,ST1039,2026-08-07 08:16:33,2026-08-07 08:26:33,10,2.61,3.5,cb
TR2608070020019,CL100061,EN00420,trottinette,Lille,ST1041,ST1040,2026-08-07 08:22:16,2026-08-07 08:27:16,5,1.54,2.1,cb
TR2608070020020,CL105195,EN00389,trottinette,Lille,ST1042,ST1035,2026-08-07 08:27:39,2026-08-07 08:34:39,7,2.23,2.54,abonnement
TR2608070020021,CL100277,EN00370,velo_elec,Lille,ST1043,ST1041,2026-08-07 08:26:49,2026-08-07 08:34:49,8,1.25,3.0,abonnement
TR2608070020022,CL108095,EN00499,velo,Lille,ST1045,ST1037,07/08/2026 08:17,2026-08-07 08:31:59,14,4.12,3.1,paypal
TR2608070020023,CL107938,EN00484,velo_elec,Lille,ST1046,ST1036,2026-08-07 08:31:09,2026-08-07 08:40:09,9,1.8,3.25,abonnement
TR2608070020024,CL102355,EN00379,velo_elec,Lille,ST1046,ST1041,2026-08-07 08:27:50,2026-08-07 08:45:50,18,4.33,5.5,paypal
TR2608070020025,CL108816,EN00486,velo,Lille,ST1046,ST1047,2026-08-07 08:26:50,2026-08-07 08:45:50,19,3.88,3.85,paypal
TR2608070020026,CL108225,EN00482,velo_elec,Lille,ST1047,ST1043,07/08/2026 08:18,1786083902,7,1.44,2.75,cb
TR2608070020027,CL108643,EN00527,velo_elec,Grenoble,ST1048,ST1057,2026-08-07 08:20:28,2026-08-07 08:34:28,14,4.61,4.5,paypal
TR2608070020028,CL108170,EN00539,velo_elec,Grenoble,ST1051,ST1048,07/08/2026 08:18,2026-08-07 08:28:26,10,3.41,3.5,cb
TR2608070020029,CL106331,EN00548,trottinette,Grenoble,ST1052,ST1057,2026-08-07 08:19:52,,2,0.61,1.44,paypal
TR2608070020030,CL102649,EN00594,velo,Grenoble,ST1052,ST1049,2026-08-07 08:19:50,1786084430,14,2.38,3.1,paypal
TR2608070020031,CL102113,EN00530,velo_elec,Grenoble,ST1053,ST1048,2026-08-07 08:17:02,07/08/2026 08:20,3,0.49,1.75,paypal
TR2608070020032,CL105578,EN00512,velo_elec,Grenoble,ST1054,ST1052,07/08/2026 08:25,2026-08-07 08:51:40,26,8.54,7.5,cb
TR2608070020033,CL101655,EN00541,velo_elec,Grenoble,ST1054,ST1048,07/08/2026 08:20,2026-08-07 08:27:14,7,1.64,2.75,paypal
TR2608070020034,CL104406,EN00580,velo_elec,Grenoble,ST1055,ST1048,2026-08-07 08:22:58,2026-08-07 08:38:58,16,5.45,5.0,cb
TR2608070020035,CL100116,EN00555,velo,Grenoble,ST1056,ST1049,2026-08-07 08:23:53,2026-08-07 08:32:53,9,2.72,2.35,cb
TR2608070020036,CL106331,EN00573,velo,Grenoble,ST1056,ST1048,2026-08-07 08:21:16,2026-08-07 08:32:16,11,3.79,2.65,cb
TR2608070020037,CL106831,EN00599,trottinette,Grenoble,ST1057,ST1048,2026-08-07 08:30:02,2026-08-07 08:38:02,8,1.96,2.76,abonnement
TR2608070020038,CL102929,EN00517,trottinette,Grenoble,ST1057,ST1049,2026-08-07 08:22:23,07/08/2026 08:38,16,3.81,4.52,cb
TR2608070020039,CL101546,EN00575,trottinette,Grenoble,ST1057,ST1051,2026-08-07 08:21:32,07/08/2026 08:25,4,1.36,1.88,abonnement
TR2608070020040,CL105796,EN00584,trottinette,Grenoble,ST1057,ST1049,1786083567,2026-08-07 08:27:27,8,1.72,2.76,cb
TR2608070020041,CL108186,EN00526,velo_elec,Grenoble,ST1058,ST1056,07/08/2026 08:24,2026-08-07 08:27:44,3,0.94,1.75,cb
TR2608070020042,CL102086,EN00583,velo,Grenoble,ST1058,ST1057,2026-08-07 08:28:34,2026-08-07 09:58:34,-1,25.33,14.5,cb
TR2608070020043,CL108687,EN00145,trottinette,Lyon,ST1002,ST1007,2026-08-07 08:33:04,2026-08-07 08:38:04,5,1.16,2.1,cb
TR2608070020044,CL106912,EN00053,trottinette,Lyon,ST1003,ST1002,07/08/2026 08:36,2026-08-07 08:45:07,9,2.08,2.98,cb
TR2608070020045,CL101290,EN00068,velo_elec,Lyon ,ST1004,ST1004,2026-08-07 08:35:00,2026-08-07 09:10:00,35,12.01,9.75,cb
TR2608070020046,CL104861,EN00101,velo_elec,Lyon,ST1007,ST1004,07/08/2026 08:43,2026-08-07 08:55:50,12,2.98,4.0,abonnement
TR2608070020047,CL105456,EN00035,velo_elec,Lyon,ST1007,ST1004,07/08/2026 08:40,2026-08-07 09:01:27,21,3.39,6.25,cb
TR2608070020048,CL101637,EN00012,velo,Lyon,ST1008,ST1004,2026-08-07 08:37:17,2026-08-07 08:45:17,8,1.9,2.2,paypal
TR2608070020049,CL100387,EN00046,velo,Lyon,ST1008,ST1003,2026-08-07 08:31:33,2026-08-07 08:44:33,13,2.31,2.95,abonnement
TR2608070020050,CL102925,EN00176,velo,Lyon,ST1008,ST1017,2026-08-07 08:39:10,,16,5.14,3.4,paypal
TR2608070020051,CL103561,EN00108,velo_elec,Lyon,ST1009,ST1019,2026-08-07 08:41:29,2026-08-07 08:47:29,6,1.3,2.5,paypal
TR2608070020052,CL102067,EN00042,trottinette,Lyonn,ST1009,ST1013,2026-08-07 08:39:59,2026-08-07 08:48:59,9,1.9,2.98,paypal
TR2608070020053,CL106682,EN00218,velo_elec,Lyon,ST1011,ST1006,2026-08-07 08:45:18,2026-08-07 08:57:18,12,3.62,4.0,abonnement
TR2608070020054,CL100747,EN00036,velo_elec,Lyon,ST1013,ST1004,2026-08-07 08:39:23,2026-08-07 08:47:23,8,1.87,3.0,cb
TR2608070020055,CL106118,EN00096,velo_elec,Lyon,ST1013,ST1001,2026-08-07 08:36:02,2026-08-07 08:58:02,22,4.61,6.5,cb
TR2608070020056,CL100280,EN00133,velo_elec,Lyonn,ST1014,ST1004,2026-08-07 08:40:41,07/08/2026 08:50,10,2.79,3.5,abonnement
TR2608070020057,CL107882,EN00028,trottinette,Lyon,ST1014,ST1013,1786084911,07/08/2026 08:49,8,2.4,2.76,cb
TR2608070020058,CL107369,EN00118,trottinette,Lyon,ST1015,ST1001,2026-08-07 08:31:26,07/08/2026 08:50,19,5.87,5.18,abonnement
TR2608070020059,CL105291,EN00039,velo_elec,lyon,ST1015,ST1004,07/08/2026 08:40,2026-08-07 09:14:55,34,9.01,9.5,cb
TR2608070020060,CL100386,EN00103,trottinette,Lyon,ST1015,ST1005,2026-08-07 08:36:01,2026-08-07 09:26:01,50,13.94,12.0,paypal
TR2608070020061,CL108579,EN00013,velo_elec,Lyon,ST1016,ST1001,2026-08-07 08:31:35,2026-08-07 08:45:35,14,2.9,4.5,cb
TR2608070020062,CL105755,EN00135,trottinette,lyon,ST1017,ST1009,2026-08-07 08:37:51,2026-08-07 09:01:51,24,6.23,6.28,cb
TR2608070020063,CL102075,EN00107,velo_elec,Lyon,ST1019,ST1017,2026-08-07 08:35:31,2026-08-07 08:45:31,10,1.96,3.5,paypal
TR2608070020064,CL107559,EN00238,velo_elec,Nantes,ST1020,ST1023,2026-08-07 08:32:18,2026-08-07 08:45:18,13,4.24,4.25,cb
TR2608070020065,CL104270,EN00351,trottinette,Nantes,ST1025,ST1022,07/08/2026 08:38,2026-08-07 08:51:43,13,2.05,3.86,abonnement
TR2608070020066,CL106881,EN00296,velo,Nantes,ST1027,ST1022,2026-08-07 08:41:40,2026-08-07 08:58:40,17,2.96,3.55,paypal
TR2608070020067,CL108373,EN00289,trottinette,Nantes,ST1029,ST1023,2026-08-07 08:40:20,2026-08-07 08:46:20,6,0.94,2.32,abonnement
TR2608070020068,CL103851,EN00294,velo_elec,Nantes,ST1030,ST1020,2026-08-07 08:37:15,2026-08-07 08:46:15,9,2.49,3.25,abonnement
TR2608070020069,CL107551,EN00241,velo,Nantes,ST1031,ST1027,07/08/2026 08:45,2026-08-07 08:55:32,10,2.84,2.5,paypal
TR2608070020070,CL104622,EN00304,velo_elec,Nantes,ST1032,ST1022,2026-08-07 08:33:52,07/08/2026 08:45,12,4.2,4.0,abonnement
TR2608070020071,CL100865,EN00355,velo_elec,Nantes,ST1033,ST1021,2026-08-07 08:31:41,2026-08-07 08:46:41,15,2.63,4.75,cb
TR2608070020072,CL104148,EN00392,velo_elec,Lille,ST1037,ST1036,2026-08-07 08:37:59,2026-08-07 08:49:59,12,3.41,4.0,cb
TR2608070020073,CL102583,EN00386,trottinette,Lille,ST1038,ST1035,2026-08-07 08:39:19,2026-08-07 08:50:19,11,2.53,3.42,cb
TR2608070020074,CL108838,EN00483,trottinette,Lille,ST1039,ST1034,2026-08-07 08:40:30,2026-08-07 08:54:30,14,4.56,4.08,cb
TR2608070020075,CL100356,EN00425,velo_elec,Lille,ST1039,ST1034,2026-08-07 08:33:28,2026-08-07 08:48:28,15,4.69,4.75,abonnement
TR2608070020076,CL103200,EN00420,trottinette,Lille,ST1040,ST1045,2026-08-07 08:35:38,2026-08-07 08:45:38,10,3.01,3.2,paypal
TR2608070020077,CL107788,EN00488,velo_elec,Lille,ST1041,ST1037,2026-08-07 08:42:14,2026-08-07 08:55:14,13,2.21,4.25,cb
TR2608070020078,CL100390,EN00365,velo_elec,Lille,ST1041,ST1035,,2026-08-07 08:49:18,10,2.75,3.5,cb
TR2608070020079,CL102164,EN00492,velo_elec,Lille,ST1042,ST1040,2026-08-07 08:38:21,2026-08-07 08:54:21,16,4.48,5.0,paypal
TR2608070020080,CL104346,EN00482,velo_elec,Lille,ST1043,ST1047,2026-08-07 08:42:07,2026-08-07 08:46:07,4,0.64,2.0,cb
TR2608070020081,CL106663,EN00428,velo_elec,Lille,ST1044,ST1035,2026-08-07 08:38:01,2026-08-07 08:50:01,12,1.93,4.0,cb
TR2608070020082,CL101800,EN00467,velo_elec,lille,ST1044,ST1039,2026-08-07 08:42:28,2026-08-07 09:04:28,22,7.52,6.5,cb
TR2608070020083,CL105644,EN00453,trottinette,Lille,ST1044,ST1035,2026-08-07 08:35:57,2026-08-07 08:53:57,18,3.81,4.96,cb
TR2608070020084,CL102662,EN00500,velo,Lille,ST1045,ST1037,2026-08-07 08:34:10,,9,1.62,2.35,cb
TR2608070020085,CL108337,EN00553,trottinette,Grenoble,ST1048,ST1056,2026-08-07 08:41:29,2026-08-07 09:01:29,20,4.44,5.4,cb
TR2608070020086,CL103309,EN00575,trottinette,Grenoble,ST1051,ST1053,2026-08-07 08:38:06,2026-08-07 08:46:06,8,2.11,2.76,cb
TR2608070020087,CL105383,EN00597,trottinette,Grenoble,ST1053,ST1048,,2026-08-07 08:45:31,9,2.78,2.98,abonnement
TR2608070020088,CL106944,EN00173,velo_elec,Lyon,ST1002,ST1016,2026-08-07 08:50:01,1786086061,11,3.46,3.75,cb
TR2608070020089,CL104081,EN00178,velo_elec,Lyon,ST1005,ST1017,07/08/2026 08:47,2026-08-07 08:53:43,6,1.59,2.5,abonnement
TR2608070020090,CL105640,EN00014,velo_elec,Lyon,ST1005,ST1004,2026-08-07 08:53:31,2026-08-07 09:18:31,25,7.48,7.25,cb
TR2608070020091,CL105185,EN00204,velo_elec,lyon,ST1006,ST1011,2026-08-07 08:56:12,2026-08-07 08:59:12,3,0.75,1.75,cb
TR2608070020092,CL104398,EN00203,trottinette,Lyon,ST1006,ST1002,2026-08-07 09:00:17,07/08/2026 09:28,28,4.95,7.16,abonnement
TR2608070020093,CL100540,EN00067,velo_elec,Lyon,ST1011,ST1003,2026-08-07 08:47:35,07/08/2026 08:54,7,1.54,2.75,abonnement
TR2608070020094,CL101582,EN00041,velo_elec,Lyon,ST1011,ST1004,2026-08-07 08:58:01,2026-08-07 09:03:01,5,0.83,2.25,abonnement
TR2608070020095,CL107290,EN00044,trottinette,Lyon,ST1016,ST1014,2026-08-07 08:59:13,2026-08-07 09:19:13,20,5.28,5.4,cb
TR2608070020096,CL106104,EN00105,velo_elec,Lyon,ST1019,ST1002,2026-08-07 08:46:01,2026-08-07 09:01:01,15,3.68,4.75,
TR2608070020097,CL106015,EN00069,trottinette,Lyon,ST1019,ST1007,2026-08-07 08:59:50,2026-08-07 09:14:50,15,2.55,4.3,cb
TR2608070020098,CL101610,EN00029,velo_elec,Lyon,ST1019,ST1014,2026-08-07 09:00:22,2026-08-07 09:03:22,3,0.98,1.75,cb
TR2608070020099,CL107699,EN00238,velo_elec,Nantes,ST1023,ST1022,2026-08-07 08:49:28,2026-08-07 09:04:28,15,3.26,,cb
TR2608070020100,CL108443,EN00289,trottinette,Nantes,ST1023,ST1020,2026-08-07 08:59:35,2026-08-07 09:14:35,15,4.83,4.3,cb
TR2608070020101,CL102183,EN00244,trottinette,Nantes,ST1023,ST1021,2026-08-07 08:47:46,07/08/2026 09:11,24,6.06,6.28,abonnement
TR2608070020102,CL102139,EN00333,trottinette,Nantes,ST1024,ST1020,2026-08-07 08:53:17,2026-08-07 09:00:17,7,1.46,2.54,cb
TR2608070020103,CL108313,EN00336,velo_elec,Nantes,ST1026,ST1021,2026-08-07 08:47:42,2026-08-07 08:52:42,5,1.13,2.25,abonnement
TR2608070020104,CL105883,EN00330,trottinette,Nantes,ST1026,ST1021,2026-08-07 08:46:20,2026-08-07 08:57:20,11,1.81,3.42,cb
TR2608070020105,CL103596,EN00307,trottinette,Nantes,ST1028,ST1022,2026-08-07 08:48:14,2026-08-07 08:55:14,7,2.18,2.54,cb
TR2608070020106,CL108746,EN00259,trottinette,Nantes,ST1029,ST1029,2026-08-07 08:54:32,2026-08-07 09:05:32,11,2.06,3.42,abonnement
TR2608070020107,CL101984,EN00237,velo_elec,Nantes,ST1029,ST1021,2026-08-07 08:48:49,2026-08-07 08:57:49,9,2.11,3.25,abonnement
TR2608070020108,CL104851,EN00308,velo,Nantes,ST1031,ST1020,2026-08-07 08:47:44,07/08/2026 08:57,10,2.29,2.5,paypal
TR2608070020109,CL104537,EN00348,velo_elec,nantes,ST1033,ST1023,2026-08-07 08:58:54,07/08/2026 09:04,6,1.38,2.5,abonnement
TR2608070020110,CL107531,EN00389,trottinette,Lille,ST1035,ST1037,07/08/2026 08:52,07/08/2026 09:07,15,3.5,4.3,cb
TR2608070020111,CL106174,EN00499,velo,Lille,ST1037,ST1035,2026-08-07 08:50:11,07/08/2026 08:57,7,2.31,2.05,abonnement
TR2608070020112,CL104113,EN00436,velo,Lille,ST1039,ST1035,2026-08-07 08:47:26,2026-08-07 09:11:26,24,5.18,4.6,cb
TR2608070020113,CL108538,EN00410,velo_elec,Lille,ST1040,ST1046,2026-08-07 08:48:26,2026-08-07 08:59:26,11,1.87,3.75,cb
TR2608070020114,CL108471,EN00420,trottinette,Lille,ST1045,ST1047,2026-08-07 08:46:47,2026-08-07 08:55:47,9,3.03,2.98,abonnement
TR2608070020115,CL107924,EN00575,trottinette,Grenoble,ST1053,ST1048,2026-08-07 08:54:14,2026-08-07 09:00:14,6,1.89,2.32,cb
TR2608070020116,CL104754,EN00522,velo_elec,GRENOBLE,ST1055,ST1048,2026-08-07 08:51:40,1786087360,31,6.84,8.75,cb
TR2608070020117,CL108349,EN00526,velo_elec,Grenoble,ST1056,ST1048,2026-08-07 08:53:35,2026-08-07 09:07:35,14,2.73,4.5,abonnement
TR2608070020118,CL107623,EN00568,velo,Grenoble,ST1056,ST1049,,07/08/2026 09:03,9,2.35,2.35,cb
TR2608070020119,CL104470,EN00542,velo,Grenoble,ST1056,ST1057,2026-08-07 08:57:14,2026-08-07 09:16:14,19,6.13,3.85,cb
TR2608070020120,CL106639,EN00527,velo_elec,Grenoble,ST1057,ST1048,2026-08-07 08:47:55,2026-08-07 08:59:55,12,3.3,4.0,abonnement
TR2608070020121,CL100847,EN00521,velo,Grenoble,ST1058,ST1049,07/08/2026 08:49,2026-08-07 09:01:35,12,4.0,2.8,cb
TR2608070020122,CL105848,EN00218,velo_elec,Lyon,ST1006,ST1004,07/08/2026 09:08,2026-08-07 09:17:04,9,1.84,3.25,cb
TR2608070020123,CL100606,EN00094,velo_elec,Lyon,ST1012,ST1002,2026-08-07 09:12:00,07/08/2026 09:17,5,1.28,2.25,abonnement
TR2608070020124,CL106823,EN00075,trottinette,Lyon,ST1012,ST1001,07/08/2026 09:02,2026-08-07 09:12:19,10,3.39,3.2,paypal
TR2608070020125,CL107287,EN00001,velo_elec,Lyon,ST1012,ST1015,07/08/2026 09:09,2026-08-07 09:22:59,13,2.74,4.25,paypal
TR2608070020126,CL108720,EN00028,trottinette,Lyon,ST1013,ST1002,1786086048,2026-08-07 09:26:48,26,8.06,6.72,cb
TR2608070020127,CL105775,EN00214,trottinette,Lyon,ST1013,ST1002,2026-08-07 09:14:58,2026-08-07 09:39:58,25,5.96,6.5,abonnement
TR2608070020128,CL102329,EN00166,velo,Lyon,ST1015,ST1016,2026-08-07 09:06:17,07/08/2026 09:22,16,2.62,3.4,cb
TR2608070020129,CL108829,EN00107,velo_elec,Lyon,ST1017,ST1004,07/08/2026 09:14,2026-08-07 09:25:17,11,3.43,3.75,abonnement
TR2608070020130,CL102823,EN00178,velo_elec,Lyon,ST1017,ST1001,2026-08-07 09:09:12,2026-08-07 09:16:12,7,1.59,2.75,abonnement
TR2608070020131,CL104157,EN00291,velo_elec,Nantes,ST1023,ST1022,2026-08-07 09:03:41,1786087361,19,4.54,5.75,cb
TR2608070020132,CL107864,EN00270,velo_elec,Nantes,ST1023,ST1027,2026-08-07 09:10:32,2026-08-07 09:16:32,6,1.96,2.5,cb
TR2608070020133,CL105122,EN00222,velo_elec,Nantes,ST1026,ST1032,2026-08-07 09:04:04,2026-08-07 09:23:04,19,5.46,5.75,abonnement
TR2608070020134,CL107862,EN00305,velo_elec,Nantes,ST1032,ST1022,2026-08-07 09:01:30,2026-08-07 09:17:30,16,3.74,5.0,cb
TR2608070020135,CL106700,EN00493,velo_elec,Lille,ST1035,ST1040,2026-08-07 09:05:38,2026-08-07 09:20:38,15,4.68,,cb
TR2608070020136,CL108103,EN00488,velo_elec,Lille,ST1037,ST1035,2026-08-07 09:02:09,2026-08-07 09:08:09,-26,1.54,2.5,
TR2608070020137,CL107077,EN00406,velo_elec,Lille,ST1042,ST1042,2026-08-07 09:11:59,2026-08-07 09:19:59,8,1.59,3.0,cb
TR2608070020138,CL101245,EN00401,trottinette,Lille,ST1042,ST1039,2026-08-07 09:12:20,2026-08-07 09:21:20,9,2.8,2.98,abonnement
TR2608070020139,CL105697,EN00464,trottinette,Lille,ST1043,ST1042,2026-08-07 09:05:57,2026-08-07 09:13:57,8,2.22,2.76,abonnement
TR2608070020140,CL101098,EN00482,velo_elec,Lille,ST1047,ST1036,2026-08-07 09:01:47,2026-08-07 09:21:47,20,3.53,6.0,cb
TR2608070020141,CL105693,EN00570,trottinette,Grenoble,ST1049,ST1050,2026-08-07 09:12:32,2026-08-07 09:26:32,14,3.78,4.08,cb
TR2608070020142,CL105779,EN00553,trottinette,Grenoble,ST1056,ST1057,1786086690,07/08/2026 09:19,8,1.58,2.76,abonnement
TR2608070020143,CL108206,EN00556,trottinette,Grenoble,ST1057,ST1057,07/08/2026 09:04,2026-08-07 09:59:00,55,10.49,13.1,cb
TR2608070020144,CL104285,EN00180,trottinette,Lyon,ST1011,ST1013,2026-08-07 09:26:25,2026-08-07 09:53:25,27,4.18,6.94,cb
TR2608070020145,CL107582,EN00005,velo_elec,Lyon,ST1012,ST1001,2026-08-07 09:15:31,2026-08-07 09:34:31,19,5.88,5.75,cb
TR2608070020146,CL103566,EN00159,velo,Lyon,ST1012,ST1009,2026-08-07 09:25:34,2026-08-07 09:42:34,17,5.05,3.55,cb
TR2608070020147,CL105854,EN00058,velo_elec,Lyon,ST1013,ST1004,2026-08-07 09:16:30,07/08/2026 09:32,16,3.55,5.0,abonnement
TR2608070020148,CL100997,EN00137,velo,LYON,ST1015,ST1003,07/08/2026 09:19,07/08/2026 09:32,13,4.54,2.95,cb
TR2608070020149,CL106080,EN00134,velo,Lyon,ST1015,ST1001,07/08/2026 09:27,2026-08-07 09:35:44,8,2.01,2.2,cb
TR2608070020150,CL101308,EN00128,velo,Lyonn,ST1015,ST1001,2026-08-07 09:26:02,2026-08-07 09:35:02,9,2.44,2.35,abonnement
TR2608070020151,CL102791,EN00176,velo,Lyon,ST1017,ST1001,07/08/2026 09:21,2026-08-07 10:11:18,50,13.7,8.5,paypal
TR2608070020152,CL102328,EN00108,velo_elec,Lyon,ST1019,ST1003,07/08/2026 09:29,2026-08-07 09:43:48,14,3.04,4.5,cb
TR2608070020153,CL101957,EN00349,velo_elec,Nantes,ST1025,ST1030,2026-08-07 09:29:54,2026-08-07 09:33:54,4,1.17,2.0,cb
TR2608070020154,CL104841,EN00241,velo,Nantes,ST1027,ST1021,2026-08-07 09:22:53,1786088453,18,3.0,3.7,abonnement
TR2608070020155,CL106422,EN00259,trottinette,Nantes,ST1029,ST1022,,2026-08-07 09:50:06,21,5.31,5.62,cb
TR2608070020156,CL106678,EN00389,trottinette,Lille,ST1037,ST1036,07/08/2026 09:22,2026-08-07 09:37:58,15,3.07,4.3,cb
TR2608070020157,CL100182,EN00366,trottinette,Lille,ST1038,ST1035,,2026-08-07 09:28:34,8,2.46,2.76,abonnement
TR2608070020158,CL101224,EN00492,velo_elec,Lille,ST1040,ST1040,2026-08-07 09:26:16,07/08/2026 09:41,15,3.09,4.75,abonnement
TR2608070020159,CL100864,EN00393,trottinette,Lille,ST1040,ST1035,2026-08-07 09:25:18,2026-08-07 09:31:18,6,1.53,2.32,paypal
TR2608070020160,CL107907,EN00485,trottinette,Lille,ST1041,ST1035,1786087212,2026-08-07 09:36:12,16,2.64,4.52,abonnement
TR2608070020161,CL100961,EN00464,trottinette,Lille,ST1042,ST9395,2026-08-07 09:30:12,2026-08-07 10:04:12,34,8.81,8.48,abonnement
TR2608070020162,CL104776,EN00391,velo_elec,Lille,ST1043,ST1036,2026-08-07 09:23:23,2026-08-07 09:32:23,9,2.37,3.25,abonnement
TR2608070020163,CL100116,EN00512,velo_elec,Grenoble,ST1052,ST1054,2026-08-07 09:21:06,07/08/2026 09:32,11,2.01,3.75,cb
TR2608070020164,CL107502,EN00565,trottinette,GRENOBLE,ST1054,ST1048,1786087419,2026-08-07 09:36:39,13,2.56,3.86,
TR2608070020165,CL107283,EN00537,velo_elec,Grenoble ,ST1057,ST1056,2026-08-07 09:22:06,2026-08-07 09:25:06,3,0.7,1.75,cb
TR2608070020166,CL101194,EN00211,velo_elec,Lyon,ST1002,ST1011,2026-08-07 09:36:58,2026-08-07 09:49:58,13,3.0,4.25,
TR2608070020167,CL106230,EN00099,velo_elec,Lyon,ST1003,ST1004,07/08/2026 09:32,2026-08-07 09:49:14,17,2.78,5.25,cb
TR2608070020168,CL102636,EN00145,trottinette,Lyon,ST1007,ST1004,1786088427,2026-08-07 09:56:27,16,5.59,4.52,abonnement
TR2608070020169,CL107067,EN00069,trottinette,Lyon,ST1007,ST1003,2026-08-07 09:42:01,2026-08-07 09:55:01,13,2.94,3.86,cb
TR2608070020170,CL107296,EN00018,trottinette,lyon,ST1008,ST1001,2026-08-07 09:37:35,2026-08-07 09:41:35,4,0.82,1.88,cb
TR2608070020171,CL104349,EN00191,trottinette,Lyon,ST1009,ST1001,2026-08-07 09:41:48,2026-08-07 09:45:48,4,0.67,1.88,cb
TR2608070020172,CL103667,EN00174,velo_elec,Lyon,ST1013,ST1004,07/08/2026 09:31,07/08/2026 09:46,15,4.43,,paypal
TR2608070020173,CL106651,EN00001,velo_elec,Lyon,ST1015,ST1016,2026-08-07 09:46:24,2026-08-07 10:24:24,38,12.07,10.5,abonnement
TR2608070020174,CL108012,EN00173,velo_elec,Lyon,ST1016,ST1008,2026-08-07 09:41:33,2026-08-07 09:57:33,16,2.72,5.0,abonnement
TR2608070020175,CL103214,EN00248,trottinette,Nantes,ST1022,ST1031,,2026-08-07 09:42:57,11,3.7,3.42,cb
TR2608070020176,CL107467,EN00337,trottinette,Nante,ST1025,ST1033,2026-08-07 09:38:24,2026-08-07 09:48:24,10,3.4,3.2,cb
TR2608070020177,CL100064,EN00235,trottinette,Nantes,ST1032,ST1031,2026-08-07 09:38:08,2026-08-07 10:20:08,42,14.2,10.24,abonnement
TR2608070020178,CL103448,EN00498,trottinette,Lille,ST1034,ST1043,2026-08-07 09:40:38,2026-08-07 09:54:38,14,4.2,4.08,cb
TR2608070020179,CL105561,EN00500,velo,Lille,ST1037,ST1036,07/08/2026 09:42,2026-08-07 09:54:04,12,2.81,2.8,paypal
TR2608070020180,CL103776,EN00460,velo_elec,Lille,ST1038,ST1045,2026-08-07 09:34:54,2026-08-07 09:53:54,19,4.18,5.75,cb
TR2608070020181,CL100428,EN00370,velo_elec,Lille,ST1041,ST1034,07/08/2026 09:37,2026-08-07 09:41:19,4,1.36,2.0,paypal
TR2608070020182,CL104158,EN00479,trottinette,Lille,ST1041,ST1042,2026-08-07 09:45:39,2026-08-07 09:54:39,9,1.5,2.98,cb
TR2608070020183,CL103011,EN00414,velo_elec,Lille,ST1042,ST1036,2026-08-07 09:38:18,2026-08-07 10:07:18,29,8.34,8.25,cb
TR2608070020184,CL104160,EN00489,trottinette,Lille,ST1044,ST1036,07/08/2026 09:41,2026-08-07 09:52:59,11,3.76,3.42,cb
TR2608070020185,CL102302,EN00455,velo_elec,Lille,ST1044,ST1035,2026-08-07 09:32:39,07/08/2026 09:48,16,5.37,5.0,abonnement
TR2608070020186,CL103263,EN00420,trottinette,Lille,ST1047,ST1034,07/08/2026 09:40,2026-08-07 10:03:54,23,5.64,6.06,cb
TR2608070020187,CL107720,EN00518,trottinette,Grenoble,ST1055,ST1048,2026-08-07 09:42:12,2026-08-07 09:49:12,7,1.45,2.54,cb
TR2608070020188,CL106784,EN00163,trottinette,Lyon,ST1002,ST1005,2026-08-07 09:48:06,2026-08-07 09:56:06,8,1.67,2.76,cb
TR2608070020189,CL105980,EN00078,velo_elec,Lyon,ST1006,ST1012,2026-08-07 09:49:42,2026-08-07 09:59:42,10,1.71,3.5,abonnement
TR2608070020190,CL100506,EN00112,velo_elec,Lyon,ST1007,ST1014,07/08/2026 09:50,2026-08-07 09:58:23,8,2.53,3.0,cb
TR2608070020191,CL107257,EN00038,velo,Lyon,ST1007,ST1010,2026-08-07 09:54:02,2026-08-07 10:13:02,19,6.26,3.85,abonnement
TR2608070020192,CL101307,EN00123,velo_elec,Lyon,ST1008,ST1001,07/08/2026 09:50,2026-08-07 10:16:55,26,6.99,7.5,cb
TR2608070020193,CL107607,EN00159,velo,Lyon,ST1009,ST1002,2026-08-07 09:50:30,2026-08-07 09:57:30,7,2.16,2.05,paypal
TR2608070020194,CL102913,EN00004,velo_elec,Lyon,ST1011,ST1003,2026-08-07 09:56:42,1786090002,10,2.27,3.5,paypal
TR2608070020195,CL101044,EN00042,trottinette,Lyonn,ST1013,ST1004,2026-08-07 09:51:44,2026-08-07 10:05:44,-23,2.25,4.08,cb
TR2608070020196,CL107250,EN00334,trottinette,Nantes,ST1021,ST1028,2026-08-07 09:53:30,07/08/2026 10:02,9,1.94,2.98,cb
TR2608070020197,CL103223,EN00248,trottinette,Nantes,ST1031,ST1021,2026-08-07 09:57:38,2026-08-07 10:03:38,6,1.55,2.32,cb
TR2608070020198,CL106556,EN00477,trottinette,lille,ST1038,ST1036,2026-08-07 09:57:11,2026-08-07 10:02:11,5,0.76,2.1,cb
TR2608070020199,CL108275,EN00408,velo_elec,Lille,ST1038,ST1035,2026-08-07 09:51:26,2026-08-07 10:00:26,9,1.64,3.25,cb
TR2608070020200,CL100047,EN00400,trottinette,Lille,ST1038,ST1035,2026-08-07 09:47:05,2026-08-07 09:53:05,6,0.97,2.32,cb
TR2608070020201,CL101537,EN00401,trottinette,Lille,ST1039,ST1041,2026-08-07 09:55:43,2026-08-07 10:01:43,6,1.14,2.32,paypal
TR2608070020202,CL108984,EN00493,velo_elec,Lille,ST1040,ST1034,2026-08-07 09:53:40,2026-08-07 09:59:40,6,0.99,2.5,cb
TR2608070020203,CL103838,EN00492,velo_elec,Lille,ST1040,ST1036,2026-08-07 09:57:35,2026-08-07 10:07:35,10,2.88,3.5,cb
TR2608070020204,CL104783,EN00457,velo,Lille,ST1043,ST1035,1786089377,2026-08-07 10:12:17,16,3.42,3.4,paypal
TR2608070020205,CL100693,EN00456,trottinette,Lille,ST1044,ST1045,2026-08-07 09:51:15,2026-08-07 09:57:15,6,1.9,2.32,cb
TR2608070020206,CL106094,EN00410,velo_elec,Lille,ST1046,ST1035,2026-08-07 09:50:28,2026-08-07 09:56:28,6,2.09,2.5,abonnement
TR2608070020207,CL108937,EN00587,trottinette,Grenoble,ST1050,ST1048,2026-08-07 09:50:32,07/08/2026 10:00,10,3.24,3.2,abonnement
TR2608070020208,CL101150,EN00525,velo,Grenoble,ST1055,ST1049,2026-08-07 09:56:20,2026-08-07 10:01:20,5,1.7,1.75,abonnement
TR2608070020209,CL103453,EN00537,velo_elec,Grenoble,ST1056,ST1049,07/08/2026 09:54,2026-08-07 10:11:39,17,3.26,5.25,paypal
TR2608070020210,CL100866,EN00105,velo_elec,Lyon,ST1002,ST1003,2026-08-07 10:05:31,2026-08-07 10:09:31,4,0.68,2.0,paypal
TR2608070020211,CL101514,EN00220,velo_elec,Lyon,ST1002,ST1009,2026-08-07 10:06:22,2026-08-07 10:16:22,10,1.89,3.5,
TR2608070020212,CL104253,EN00035,velo_elec,Lyon,ST1004,ST1019,2026-08-07 10:05:08,,35,7.14,9.75,abonnement
TR2608070020213,CL105679,EN00088,velo,Lyon,ST1007,ST1012,2026-08-07 10:14:50,2026-08-07 10:26:50,12,3.15,2.8,cb
TR2608070020214,CL106453,EN00211,velo_elec,Lyon,ST1011,ST1016,2026-08-07 10:10:49,2026-08-07 10:26:49,16,3.32,5.0,cb
TR2608070020215,CL100349,EN00277,velo_elec,Nantes,ST1020,ST1033,2026-08-07 10:13:30,2026-08-07 10:31:30,18,4.71,5.5,paypal
TR2608070020216,CL107706,EN00320,velo,Nante,ST1029,ST1023,07/08/2026 10:03,2026-08-07 10:15:30,12,4.11,2.8,abonnement
TR2608070020217,CL102634,EN00487,velo,Lille,ST1046,ST1036,2026-08-07 10:14:59,2026-08-07 10:22:59,8,2.11,2.2,abonnement
TR2608070020218,CL103218,EN00289,trottinette,Nantes,ST1020,ST1027,2026-08-07 10:18:48,2026-08-07 10:29:48,11,3.26,3.42,cb
TR2608070020219,CL108216,EN00269,velo_elec,Nantes,ST1026,ST1026,1786090780,2026-08-07 10:32:40,13,3.3,4.25,abonnement
TR2608070020220,CL100260,EN00349,velo_elec,Nantes,ST1030,ST1022,2026-08-07 10:26:15,2026-08-07 10:38:15,12,2.66,4.0,abonnement
TR2608070020221,CL101056,EN00405,trottinette,Lille,ST1036,ST1046,1786090965,2026-08-07 10:44:45,22,3.32,5.84,abonnement
TR2608070020222,CL105002,EN00461,velo_elec,Lille,ST1044,ST1047,2026-08-07 10:26:02,2026-08-07 10:40:02,14,3.08,4.5,abonnement
TR2608070020223,CL103800,EN00427,trottinette,Lille,ST1044,ST1042,2026-08-07 10:26:10,2026-08-07 10:31:10,5,1.48,2.1,cb
TR2608070020224,CL101738,EN00142,velo_elec,Lyon,ST1001,ST1014,2026-08-07 10:35:07,2026-08-07 10:47:07,12,3.1,4.0,abonnement
TR2608070020225,CL102858,EN00101,velo_elec,Lyon ,ST1004,ST1014,2026-08-07 10:36:39,2026-08-07 10:39:39,3,0.74,,cb
TR2608070020226,CL108327,EN00103,trottinette,Lyon,ST1005,ST1014,2026-08-07 10:44:41,,7,2.4,2.54,abonnement
TR2608070020227,CL100531,EN00220,velo_elec,Lyon,ST1009,ST1008,2026-08-07 10:31:02,2026-08-07 10:38:02,7,1.23,2.75,abonnement
TR2608070020228,CL105976,EN00070,trottinette,Lyon,ST1019,ST1014,2026-08-07 10:35:20,2026-08-07 10:39:20,4,0.89,1.88,cb
TR2608070020229,CL108346,EN00303,velo_elec,Nantes,ST1024,ST1024,2026-08-07 10:42:31,2026-08-07 11:27:31,45,11.52,12.25,abonnement
TR2608070020230,CL100298,EN00360,trottinette,Nantes,ST1024,ST1032,1786091559,,6,1.12,2.32,cb
TR2608070020231,CL103260,EN00289,trottinette,Nantes,ST1027,ST1020,2026-08-07 10:36:19,07/08/2026 10:41,5,1.09,2.1,abonnement
TR2608070020232,CL107932,EN00292,velo_elec,Nantes,ST1032,ST1022,2026-08-07 10:41:24,2026-08-07 10:55:24,14,4.43,4.5,cb
TR2608070020233,CL101321,EN00427,trottinette,Lille,ST1042,ST1037,07/08/2026 10:44,2026-08-07 10:50:21,6,1.02,2.32,cb
TR2608070020234,CL101050,EN00093,velo_elec,Lyon,ST1003,ST1018,,1786094010,13,4.38,4.25,abonnement
TR2608070020235,CL100076,EN00205,trottinette,Lyon,ST1003,ST1004,2026-08-07 10:54:34,07/08/2026 11:06,12,2.68,3.64,cb
TR2608070020236,CL104979,EN00163,trottinette,Lyonn,ST1005,ST1004,2026-08-07 10:51:20,2026-08-07 11:00:20,9,2.22,2.98,cb
TR2608070020237,CL107372,EN00216,velo_elec,Lyon,ST1006,ST1007,2026-08-07 10:51:04,1786093024,6,1.71,2.5,cb
TR2608070020238,CL103341,EN00078,velo_elec,Lyon,ST1012,ST1007,2026-08-07 10:55:50,2026-08-07 11:01:50,6,1.65,2.5,paypal
TR2608070020239,CL103826,EN00101,velo_elec,Lyonn,ST1014,ST1005,07/08/2026 10:51,,11,3.3,3.75,abonnement
TR2608070020240,CL102608,EN00211,velo_elec,Lyon,ST1016,ST1018,2026-08-07 10:49:23,2026-08-07 10:58:23,9,2.56,3.25,abonnement
TR2608070020241,CL108616,EN00035,velo_elec,Lyon,ST1019,ST1011,2026-08-07 10:50:43,2026-08-07 10:54:43,4,1.14,2.0,cb
TR2608070020242,CL101544,EN00348,velo_elec,Nantes,ST1023,ST1020,2026-08-07 10:51:25,2026-08-07 11:04:25,13,4.39,4.25,abonnement
TR2608070020243,CL105884,EN00295,velo_elec,Nante,ST1025,ST1027,2026-08-07 10:53:37,2026-08-07 11:14:37,21,7.03,6.25,paypal
TR2608070020244,CL917127,EN00334,trottinette,Nantes,ST1028,ST1022,2026-08-07 10:57:12,2026-08-07 11:07:12,10,2.2,3.2,abonnement
TR2608070020245,CL100815,EN00558,trottinette,Grenoble,ST1048,ST1054,2026-08-07 10:59:01,07/08/2026 11:06,7,1.25,2.54,abonnement
TR2608070020246,CL107966,EN00512,velo_elec,Grenoble,ST1054,ST1052,2026-08-07 11:00:01,1786094341,19,6.17,5.75,cb
TR2608070020247,CL107617,EN00502,velo,Grenoble,ST1055,ST1058,2026-08-07 10:48:41,07/08/2026 11:08,20,5.16,4.0,cb
TR2608070020248,CL105295,EN00574,velo,Grenoble,ST1055,ST1054,07/08/2026 10:56,2026-08-07 11:11:18,15,2.56,3.25,paypal
TR2608070020249,CL105775,EN00118,trottinette,Lyon,ST1001,ST1001,2026-08-07 11:14:06,1786094586,9,3.08,2.98,cb
TR2608070020250,CL108417,EN00160,velo_elec,Lyon,ST1003,ST1016,2026-08-07 11:09:33,1786094793,17,4.02,5.25,cb
TR2608070020251,CL106571,EN00004,velo_elec,Lyonn,ST1003,ST1011,2026-08-07 11:07:39,2026-08-07 11:22:39,15,2.34,4.75,abonnement
TR2608070020252,CL100115,EN00032,velo,Lyon,ST1015,ST1015,2026-08-07 11:12:58,07/08/2026 11:22,10,1.57,2.5,cb
TR2608070020253,CL108891,EN00320,velo,Nantes,ST1023,ST1032,2026-08-07 11:07:26,2026-08-07 11:19:26,12,2.93,2.8,cb
TR2608070020254,CL104610,EN00427,trottinette,Lille,ST1037,ST1039,07/08/2026 11:01,07/08/2026 11:18,17,5.7,4.74,cb
TR2608070020255,CL100899,EN00456,trottinette,Lille,ST1045,ST1047,2026-08-07 11:13:11,2026-08-07 11:29:11,16,4.95,4.52,cb
TR2608070020256,CL105433,EN00545,trottinette,Grenoble,ST1049,ST1051,2026-08-07 11:14:05,2026-08-07 11:24:05,10,2.42,3.2,abonnement
TR2608070020257,CL100631,EN00105,velo_elec,Lyon,ST1003,ST1005,07/08/2026 11:21,2026-08-07 11:42:29,21,4.14,6.25,cb
TR2608070020258,CL108599,EN00101,velo_elec,LYON,ST1005,ST1005,2026-08-07 11:29:37,07/08/2026 12:15,46,10.69,12.5,paypal
TR2608070020259,CL105961,EN00135,trottinette,Lyon,ST1009,ST1008,2026-08-07 11:22:22,1786094902,6,1.88,2.32,cb
TR2608070020260,CL100990,EN00038,velo,Lyon,ST1010,ST1006,2026-08-07 11:28:55,2026-08-07 11:30:55,2,0.49,1.3,cb
TR2608070020261,CL103348,EN00088,velo,LYON,ST1012,ST1006,07/08/2026 11:18,2026-08-07 11:36:02,18,3.32,3.7,cb
TR2608070020262,CL107544,EN00031,velo_elec,Lyon,ST1019,ST1006,2026-08-07 11:17:30,07/08/2026 11:28,11,2.53,3.75,abonnement
TR2608070020263,CL102430,EN00250,velo_elec,Nantes,ST1024,ST1030,2026-08-07 11:16:46,2026-08-07 11:42:46,26,7.92,7.5,cb
TR2608070020264,CL106621,EN00231,velo,Nantes,ST1024,ST1021,2026-08-07 11:28:04,2026-08-07 12:04:04,36,6.73,6.4,cb
TR2608070020265,CL104563,EN00464,trottinette,lille,ST1034,ST1043,07/08/2026 11:29,2026-08-07 11:37:58,8,1.78,2.76,abonnement
TR2608070020266,CL108058,EN00365,velo_elec,Lille,ST1035,ST1037,2026-08-07 11:17:45,2026-08-07 11:25:45,8,2.32,3.0,abonnement
TR2608070020267,CL100049,EN00400,trottinette,Lille,ST1035,ST1040,2026-08-07 11:19:06,,11,1.95,3.42,paypal
TR2608070020268,CL102670,EN00406,velo_elec,Lille,ST1042,ST1034,2026-08-07 11:30:05,2026-08-07 11:34:05,4439,1.0,2.0,cb
TR2608070020269,CL104471,EN00498,trottinette,Lille,ST1043,ST1044,2026-08-07 11:28:41,2026-08-07 11:55:41,27,4.07,6.94,cb
TR2608070020270,CL105918,EN00570,trottinette,Grenoble,ST1050,ST1056,2026-08-07 11:30:26,2026-08-07 11:35:26,5,0.87,2.1,cb
TR2608070020271,CL101434,EN00502,velo,Grenoble,ST1058,ST1055,2026-08-07 11:26:00,2026-08-07 11:51:00,25,6.05,4.75,cb
TR2608070020272,CL107753,EN00078,velo_elec,Lyon,ST1007,ST1013,2026-08-07 11:36:26,2026-08-07 11:50:26,14,3.8,4.5,abonnement
TR2608070020273,CL107745,EN00468,trottinette,Lille,ST1044,ST1046,1786095588,2026-08-07 11:54:48,15,3.13,4.3,cb
TR2608070020274,CL107569,EN00416,trottinette,Lille,ST1044,ST1043,2026-08-07 11:39:27,2026-08-07 11:46:27,7,2.01,2.54,abonnement
TR2608070020275,CL107829,EN00415,trottinette,Lille,ST1044,ST1038,07/08/2026 11:38,2026-08-07 11:55:18,17,3.73,4.74,cb
TR2608070020276,CL107024,EN00563,trottinette,Grenoble,ST1048,ST1054,07/08/2026 11:43,2026-08-07 11:50:10,7,2.43,2.54,cb
TR2608070020277,CL104627,EN00558,trottinette,GRENOBLE,ST1054,ST1052,2026-08-07 11:41:55,2026-08-07 12:04:55,23,6.13,6.06,cb
TR2608070020278,CL106131,EN00028,trottinette,Lyon,ST1002,ST1012,2026-08-07 11:50:12,2026-08-07 12:19:12,29,7.04,7.38,cb
TR2608070020279,CL105214,EN00027,velo_elec,Lyon,ST1011,ST1004,2026-08-07 11:49:26,2026-08-07 11:57:26,8,2.78,,abonnement
TR2608070020280,CL107865,EN00226,velo_elec,Nantes,ST1033,ST1026,07/08/2026 11:52,2026-08-07 12:14:00,22,3.52,6.5,cb
TR2608070020281,CL102560,EN00478,trottinette,Lille,ST1035,ST1038,2026-08-07 11:49:54,2026-08-07 12:14:54,25,3.94,6.5,cb
TR2608070020282,CL108505,EN00489,trottinette,Lille,ST1036,ST1036,2026-08-07 11:48:18,2026-08-07 12:23:18,35,6.13,8.7,cb
TR2608070020283,CL107303,EN00461,velo_elec,Lille,ST1047,ST1046,2026-08-07 11:59:24,2026-08-07 12:10:24,11,2.43,3.75,cb
TR2608070020284,CL102415,EN00545,trottinette,Grenoble,ST1051,ST1056,2026-08-07 11:47:30,07/08/2026 11:58,11,3.72,3.42,cb
TR2608070020285,CL102440,EN00512,velo_elec,Grenoble,ST1052,ST1049,2026-08-07 11:51:32,07/08/2026 12:32,41,8.5,11.25,
TR2608070020286,CL101881,EN00005,velo_elec,Lyon,ST1001,ST1017,2026-08-07 12:08:45,07/08/2026 12:14,6,1.96,2.5,cb
TR2608070020287,CL100824,EN00096,velo_elec,Lyon,ST1001,ST1017,2026-08-07 12:06:43,2026-08-07 12:17:43,11,2.07,3.75,abonnement
TR2608070020288,CL102100,EN00058,velo_elec,Lyon,ST1004,ST1018,2026-08-07 12:14:42,2026-08-07 12:29:42,15,4.61,4.75,cb
TR2608070020289,CL102610,EN00073,velo_elec,Lyon,ST1014,ST1010,2026-08-07 12:13:47,1786097987,6,1.0,2.5,cb
TR2608070020290,CL103161,EN00112,velo_elec,Lyon,ST1014,ST1012,2026-08-07 12:04:49,2026-08-07 12:23:49,19,3.51,5.75,abonnement
TR2608070020291,CL108932,EN00001,velo_elec,Lyon,ST1016,ST1019,2026-08-07 12:14:35,2026-08-07 12:29:35,15,3.76,4.75,cb
TR2608070020292,CL104338,EN00160,velo_elec,Lyon,ST1016,ST1010,07/08/2026 12:13,07/08/2026 12:21,8,2.75,3.0,cb
TR2608070020293,CL107707,EN00093,velo_elec,Lyon,ST1018,ST1015,2026-08-07 12:04:30,1786098210,19,6.13,5.75,cb
TR2608070020294,CL107126,EN00265,trottinette,Nantes,ST1022,ST1025,2026-08-07 12:03:04,2026-08-07 12:14:04,11,2.39,3.42,cb
TR2608070020295,CL104268,EN00286,velo_elec,Nantes,ST1026,ST1023,2026-08-07 12:07:48,2026-08-07 12:37:48,30,8.7,8.5,paypal
TR2608070020296,CL102677,EN00250,velo_elec,Nantes,ST1030,ST1032,2026-08-07 12:14:17,2026-08-07 12:22:17,8,1.91,3.0,cb
TR2608070020297,CL106268,EN00253,trottinette,Nantes,ST1033,ST1024,2026-08-07 12:08:44,2026-08-07 12:33:44,25,6.07,6.5,paypal
TR2608070020298,CL104614,EN00460,velo_elec,Lille,ST1045,ST1038,07/08/2026 12:10,2026-08-07 12:34:26,24,5.17,7.0,cb
TR2608070020299,CL105342,EN00575,trottinette,Grenoble,ST1048,ST1053,2026-08-07 12:06:33,1786097973,13,4.04,3.86,cb
TR2608070020300,CL102024,EN00502,velo,Grenoble,ST1055,ST1056,07/08/2026 12:04,2026-08-07 12:32:35,28,8.21,5.2,paypal
TR2608070020301,CL108073,EN00170,trottinette,Lyon ,ST1001,ST1003,,2026-08-07 12:31:52,12,3.91,3.64,paypal
TR2608070020302,CL108338,EN00130,velo_elec,Lyon,ST1001,ST1011,1786097857,07/08/2026 12:30,13,3.97,4.25,cb
TR2608070020303,CL106906,EN00131,trottinette,Lyon,ST1003,ST1009,2026-08-07 12:22:36,2026-08-07 12:28:36,6,1.04,2.32,abonnement
TR2608070020304,CL105011,EN00031,velo_elec,Lyonn,ST1006,ST1001,2026-08-07 12:19:06,07/08/2026 12:25,6,2.04,2.5,cb
TR2608070020305,CL106090,EN00216,velo_elec,Lyon,ST1007,ST1016,1786097947,2026-08-07 12:34:07,15,4.54,4.75,cb
TR2608070020306,CL107419,EN00211,velo_elec,Lyon,ST1018,ST1001,2026-08-07 12:15:46,1786099066,22,6.09,6.5,paypal
TR2608070020307,CL100281,EN00024,velo_elec,Lyon,ST1019,ST1002,2026-08-07 12:21:00,2026-08-07 12:28:00,7,1.18,2.75,cb
TR2608070020308,CL108916,EN00020,velo_elec,Lyon,ST1019,ST1010,2026-08-07 12:26:50,2026-08-07 12:35:50,9,2.95,3.25,cb
TR2608070020309,CL102359,EN00358,trottinette,Nantes,ST1022,ST1026,2026-08-07 12:24:45,2026-08-07 12:46:45,22,7.08,5.84,abonnement
TR2608070020310,CL100260,EN00303,velo_elec,Nantes,ST1024,ST1032,2026-08-07 12:21:56,07/08/2026 12:42,21,5.53,6.25,cb
TR2608070020311,CL100048,EN00226,velo_elec,Nantes,ST1026,ST1032,2026-08-07 12:26:41,07/08/2026 12:37,11,3.42,3.75,abonnement
TR2608070020312,CL102629,EN00327,velo_elec,Nantes,ST1033,ST1020,2026-08-07 12:20:11,1786098431,7,1.59,2.75,cb
TR2608070020313,CL106769,EN00365,velo_elec,Lille,ST1037,ST1036,1786098078,1786098378,5,0.95,2.25,cb
TR2608070020314,CL108103,EN00478,trottinette,Lille,ST1038,ST1035,2026-08-07 12:24:06,2026-08-07 12:34:06,10,2.06,3.2,abonnement
TR2608070020315,CL104255,EN00415,trottinette,Lille,ST1038,ST1037,2026-08-07 12:19:21,2026-08-07 12:30:21,11,2.34,3.42,cb
TR2608070020316,CL104254,EN00427,trottinette,Lille,ST1039,ST1034,07/08/2026 12:20,2026-08-07 12:23:52,3,0.72,1.66,cb
TR2608070020317,CL107756,EN00461,velo_elec,lille,ST1046,ST1047,2026-08-07 12:20:24,2026-08-07 12:33:24,13,4.21,4.25,abonnement
TR2608070020318,CL100446,EN00558,trottinette,Grenoble,ST1052,ST1054,2026-08-07 12:19:47,2026-08-07 12:29:47,10,2.66,3.2,abonnement
TR2608070020319,CL103116,EN00011,velo_elec,Lyon,ST1002,ST1016,2026-08-07 12:34:56,2026-08-07 12:42:56,8,1.43,3.0,cb
TR2608070020320,CL103579,EN00203,trottinette,Lyon,ST1002,ST1008,2026-08-07 12:42:10,2026-08-07 12:46:10,4,0.68,1.88,abonnement
TR2608070020321,CL102695,EN00192,velo_elec,Lyon,ST1006,ST1007,2026-08-07 12:37:30,07/08/2026 12:49,12,3.53,4.0,cb
TR2608070020322,CL105886,EN00112,velo_elec,Lyon,ST1012,ST1004,2026-08-07 12:37:12,,27,7.54,7.75,paypal
TR2608070020323,CL100599,EN00142,velo_elec,Lyon,ST1014,ST1003,1786099187,2026-08-07 13:10:47,31,6.68,8.75,abonnement
TR2608070020324,CL981662,EN00093,velo_elec,Lyon,ST1015,ST1012,1786098761,2026-08-07 13:04:41,32,8.88,9.0,cb
TR2608070020325,CL108398,EN00047,velo_elec,Lyon,ST1016,ST1004,2026-08-07 12:35:47,2026-08-07 12:59:47,24,6.97,7.0,cb
TR2608070020326,CL101315,EN00001,velo_elec,Lyon,ST1019,ST1003,2026-08-07 12:37:29,2026-08-07 13:26:29,49,14.84,13.25,paypal
TR2608070020327,CL100687,EN00338,velo_elec,Nantes,ST1020,ST1021,2026-08-07 12:32:50,07/08/2026 13:26,54,12.35,14.5,cb
TR2608070020328,CL102989,EN00415,trottinette,Lille,ST1037,ST1045,07/08/2026 12:44,2026-08-07 13:10:55,26,5.75,6.72,paypal
TR2608070020329,CL101078,EN00467,velo_elec,Lille,ST1039,ST1035,2026-08-07 12:34:28,2026-08-07 13:07:28,33,5.13,9.25,abonnement
TR2608070020330,CL106262,EN00575,trottinette,Grenoble,ST1053,ST1053,2026-08-07 12:33:35,2026-08-07 12:38:35,5,1.49,2.1,abonnement
TR2608070020331,CL100247,EN00105,velo_elec,Lyon,ST1005,ST1016,2026-08-07 12:49:16,2026-08-07 13:16:16,27,4.41,7.75,abonnement
TR2608070020332,CL104772,EN00101,velo_elec,Lyon,ST1005,ST1004,2026-08-07 12:46:29,1786100669,18,5.3,5.5,cb
TR2608070020333,CL102182,EN00038,velo,Lyon,ST1006,ST1014,2026-08-07 12:52:20,07/08/2026 13:06,14,2.21,3.1,abonnement
TR2608070020334,CL104688,EN00186,trottinette,Lyon,ST1011,ST1011,2026-08-07 12:50:07,2026-08-07 13:02:07,12,3.84,3.64,abonnement
TR2608070020335,CL102636,EN00028,trottinette,Lyon,ST1012,ST1012,2026-08-07 12:51:26,2026-08-07 12:59:26,8,2.4,2.76,cb
TR2608070020336,CL107145,EN00103,trottinette,Lyon,ST1014,ST1013,2026-08-07 12:49:41,2026-08-07 13:02:41,13,2.04,3.86,abonnement
TR2608070020337,CL103753,EN00272,trottinette,Nantes,ST1022,ST1033,2026-08-07 12:57:26,2026-08-07 13:15:26,18,4.9,4.96,cb
TR2608070020338,CL101438,EN00460,velo_elec,Lille,ST1038,ST1041,2026-08-07 12:49:34,2026-08-07 12:58:34,9,1.74,3.25,cb
TR2608070020339,CL102300,EN00379,velo_elec,Lille,ST1041,ST1047,2026-08-07 12:59:28,2026-08-07 13:20:28,21,6.48,6.25,cb
TR2608070020340,CL106812,EN00479,trottinette,Lille,ST1042,ST1037,2026-08-07 12:58:09,2026-08-07 13:22:09,24,6.54,6.28,paypal
TR2608070020341,CL105436,EN00575,trottinette,Grenoble,ST1053,ST1049,2026-08-07 12:55:16,07/08/2026 13:35,40,9.88,9.8,paypal
TR2608070020342,CL106818,EN00563,trottinette,Grenoble,ST1054,ST1050,2026-08-07 12:56:42,2026-08-07 13:04:42,8,1.34,2.76,paypal
TR2608070020343,CL107449,EN00203,trottinette,Lyon,ST1008,ST1006,2026-08-07 13:03:07,2026-08-07 13:31:07,28,4.6,7.16,cb
TR2608070020344,CL107175,EN00130,velo_elec,Lyon,ST1011,ST1010,2026-08-07 13:15:26,2026-08-07 13:33:26,18,3.26,5.5,cb
TR2608070020345,CL100703,EN00074,trottinette,Lyon,ST1019,ST1004,2026-08-07 13:02:32,07/08/2026 13:08,6,1.55,2.32,cb
TR2608070020346,CL103149,EN00237,velo_elec,Nantes,ST1021,ST1021,1786101193,2026-08-07 13:26:13,13,2.63,4.25,paypal
TR2608070020347,CL103649,EN00496,velo_elec,Lille,ST1034,ST1037,2026-08-07 13:11:32,2026-08-07 13:20:32,9,3.11,3.25,cb
TR2608070020348,CL107608,EN00405,trottinette,Lille,ST1046,ST1045,,2026-08-07 13:19:29,9,2.22,2.98,cb
TR2608070020349,CL103229,EN00548,trottinette,Grenoble,ST1057,ST1048,2026-08-07 13:03:41,2026-08-07 13:11:41,8,1.24,2.76,cb
TR2608070020350,CL105031,EN00135,trottinette,Lyon,ST1008,ST1019,2026-08-07 13:26:04,2026-08-07 13:39:04,13,2.09,3.86,cb
TR2608070020351,CL106598,EN00028,trottinette,Lyon,ST1012,ST1005,2026-08-07 13:30:16,2026-08-07 13:50:16,20,6.42,5.4,cb
TR2608070020352,CL106584,EN00029,velo_elec,Lyon,ST1014,ST1001,2026-08-07 13:20:36,2026-08-07 13:38:36,18,3.76,5.5,cb
TR2608070020353,CL106227,EN00216,velo_elec,Lyon,ST1016,ST1010,2026-08-07 13:17:41,07/08/2026 13:29,12,1.89,4.0,abonnement
TR2608070020354,CL105739,EN00005,velo_elec,Lyon,ST1017,ST1001,07/08/2026 13:29,2026-08-07 13:38:33,9,2.22,3.25,abonnement
TR2608070020355,CL108753,EN00058,velo_elec,Lyon,ST1018,ST1015,2026-08-07 13:22:03,2026-08-07 13:43:03,21,3.23,6.25,abonnement
TR2608070020356,CL101443,EN00253,trottinette,Nantes,ST1024,ST1028,2026-08-07 13:29:03,2026-08-07 14:06:03,37,8.11,9.14,paypal
TR2608070020357,CL103191,EN00408,velo_elec,Lille,ST1035,ST1034,2026-08-07 13:23:11,2026-08-07 13:36:11,13,3.07,4.25,paypal
TR2608070020358,CL103541,EN00464,trottinette,Lille,ST1043,ST1036,07/08/2026 13:16,07/08/2026 13:21,5,1.27,2.1,paypal
TR2608070020359,CL102730,EN00468,trottinette,Lille,ST1046,ST1045,2026-08-07 13:22:14,2026-08-07 13:36:14,14,3.34,4.08,abonnement
TR2608070020360,CL101503,EN00398,velo,Lille,ST1046,ST1043,07/08/2026 13:19,07/08/2026 13:34,15,4.42,3.25,paypal
TR2608070020361,CL101746,EN00559,trottinette,grenoble,ST1048,ST1053,2026-08-07 13:25:46,2026-08-07 13:32:46,7,1.3,2.54,cb
TR2608070020362,CL101866,EN00509,trottinette,Grenoble,ST1048,ST1056,2026-08-07 13:25:20,2026-08-07 13:33:20,8,2.67,2.76,cb
TR2608070020363,CL106337,EN00545,trottinette,Grenoble,ST1056,ST1053,07/08/2026 13:19,2026-08-07 13:27:32,8,1.39,2.76,cb
TR2608070020364,CL102568,EN00170,trottinette,Lyon,ST1003,ST1004,2026-08-07 13:35:27,1786103487,16,4.43,4.52,cb
TR2608070020365,CL103155,EN00294,velo_elec,Nantes,ST1020,ST1022,07/08/2026 13:34,2026-08-07 13:45:38,11,3.03,3.75,paypal
TR2608070020366,CL108443,EN00358,trottinette,Nantes,ST1026,ST1029,2026-08-07 13:37:24,2026-08-07 13:41:24,4,1.23,1.88,cb
TR2608070020367,CL101323,EN00446,trottinette,Lille,ST1034,ST1043,07/08/2026 13:33,07/08/2026 13:38,5,1.56,2.1,abonnement
TR2608070020368,CL101416,EN00467,velo_elec,Lille,ST1035,ST1042,2026-08-07 13:32:59,2026-08-07 13:45:59,13,2.26,4.25,cb
TR2608070020369,CL105659,EN00402,trottinette, Lille,ST1036,ST1042,2026-08-07 13:42:45,07/08/2026 14:07,25,4.0,6.5,paypal
TR2608070020370,CL101056,EN00496,velo_elec,Lille,ST1037,ST1037,1786102704,07/08/2026 13:50,12,3.28,4.0,abonnement
TR2608070020371,CL106772,EN00545,trottinette,Grenoble,ST1053,ST1050,2026-08-07 13:45:00,2026-08-07 13:54:00,9,3.06,2.98,cb
TR2608070020372,CL976443,EN00214,trottinette,Lyon,ST1002,ST1009,2026-08-07 13:57:57,2026-08-07 14:18:57,21,3.2,5.62,abonnement
TR2608070020373,CL108617,EN00074,trottinette,Lyon,ST1004,ST1002,2026-08-07 13:48:10,2026-08-07 13:54:10,6,1.82,2.32,abonnement
TR2608070020374,CL100947,EN00203,trottinette,Lyon,ST1006,ST1001,2026-08-07 13:46:33,2026-08-07 13:58:33,12,4.02,3.64,cb
TR2608070020375,CL105530,EN00043,velo,Lyon,ST1006,ST1010,2026-08-07 13:55:26,2026-08-07 14:06:26,11,3.29,2.65,cb
TR2608070020376,CL100652,EN00192,velo_elec,Lyon,ST1007,ST1017,2026-08-07 13:54:23,2026-08-07 14:02:23,8,2.6,3.0,paypal
TR2608070020377,CL106563,EN00104,trottinette,Lyon,ST1014,ST1002,2026-08-07 13:56:43,2026-08-07 14:29:43,33,6.23,8.26,cb
TR2608070020378,CL102860,EN00096,velo_elec,Lyon,ST1017,ST1016,2026-08-07 13:51:32,2026-08-07 13:55:32,4,1.19,2.0,cb
TR2608070020379,CL100928,EN00265,trottinette,Nantes,ST1025,ST1021,2026-08-07 13:58:09,2026-08-07 14:07:09,9,2.3,2.98,paypal
TR2608070020380,CL104888,EN00360,trottinette,Nantes,ST1032,ST1021,07/08/2026 13:47,2026-08-07 13:54:11,7,1.6,2.54,
TR2608070020381,CL108869,EN00272,trottinette,Nantes,ST1033,ST1030,07/08/2026 13:55,07/08/2026 14:02,7,1.25,2.54,paypal
TR2608070020382,CL104114,EN00479,trottinette,Lille,ST1037,ST1038,,2026-08-07 14:02:26,6,1.07,2.32,cb
TR2608070020383,CL100366,EN00401,trottinette,Lille,ST1041,ST1037,07/08/2026 13:52,07/08/2026 14:12,20,4.53,5.4,cb
TR2608070020384,CL105153,EN00446,trottinette,Lille,ST1043,ST1039,2026-08-07 13:54:15,2026-08-07 14:00:15,6,1.65,2.32,cb
TR2608070020385,CL105395,EN00110,velo_elec,Lyon,ST1004,ST1009,2026-08-07 14:05:56,07/08/2026 14:23,18,4.7,5.5,cb
TR2608070020386,CL107613,EN00042,trottinette,Lyon,ST1004,ST1009,2026-08-07 14:13:06,07/08/2026 14:21,8,2.53,2.76,
TR2608070020387,CL105008,EN00131,trottinette,Lyon,ST1009,ST1016,2026-08-07 14:03:50,2026-08-07 14:09:50,6,1.18,2.32,cb
TR2608070020388,CL106274,EN00011,velo_elec,Lyon,ST1016,ST1010,2026-08-07 14:01:07,2026-08-07 14:06:07,5,1.11,2.25,abonnement
TR2608070020389,CL102473,EN00189,trottinette,Lyon,ST1019,ST1009,2026-08-07 14:14:25,2026-08-07 14:24:25,10,1.74,3.2,paypal
TR2608070020390,CL105094,EN00244,trottinette,Nantes,ST1021,ST1028,2026-08-07 14:01:32,2026-08-07 14:16:32,15,4.34,4.3,abonnement
TR2608070020391,CL107390,EN00420,trottinette,Lille,ST1034,ST1036,2026-08-07 14:10:02,07/08/2026 14:19,9,1.42,2.98,cb
TR2608070020392,CL105421,EN00451,velo_elec, Lille,ST1036,ST1043,07/08/2026 14:02,2026-08-07 14:08:45,6,1.37,2.5,cb
TR2608070020393,CL106869,EN00361,trottinette,Lille,ST1036,ST1047,2026-08-07 14:12:23,2026-08-07 14:33:23,21,5.89,5.62,cb
TR2608070020394,CL104408,EN00423,velo_elec,Lille,ST1040,ST1038,2026-08-07 14:08:45,2026-08-07 14:26:45,18,3.11,5.5,cb
TR2608070020395,CL101053,EN00467,velo_elec,Lille,ST1042,ST1047,2026-08-07 14:08:18,2026-08-07 14:22:18,14,2.93,4.5,cb
TR2608070020396,CL103969,EN00518,trottinette,Grenoble,ST1048,ST1051,2026-08-07 14:11:08,2026-08-07 14:14:08,3,0.45,1.66,cb
TR2608070020397,CL105633,EN00548,trottinette,Grenoble,ST1048,ST1053,2026-08-07 14:06:39,1786104879,8,1.9,2.76,cb
TR2608070020398,CL107665,EN00597,trottinette,Grenoble,ST1048,ST1056,2026-08-07 14:15:22,2026-08-07 14:31:22,16,5.47,4.52,abonnement
TR2608070020399,CL105632,EN00018,trottinette,Lyon ,ST1001,ST1012,2026-08-07 14:24:20,2026-08-07 14:36:20,12,3.16,3.64,abonnement
TR2608070020400,CL102381,EN00074,trottinette,Lyon,ST1002,ST1004,2026-08-07 14:18:36,1786105656,9,2.02,2.98,abonnement
TR2608070020401,CL101843,EN00028,trottinette,LYON,ST1005,ST1012,2026-08-07 14:16:30,07/08/2026 14:28,12,2.02,3.64,cb
TR2608070020402,CL101220,EN00173,velo_elec,Lyon,ST1008,ST1008,2026-08-07 14:22:31,2026-08-07 14:26:31,4,0.7,2.0,cb
TR2608070020403,CL101997,EN00180,trottinette,Lyon,ST1013,ST1009,2026-08-07 14:23:31,2026-08-07 14:41:31,18,3.14,4.96,cb
TR2608070020404,CL104580,EN00327,velo_elec,Nantes,ST1020,ST1023,2026-08-07 14:17:50,2026-08-07 14:28:50,11,3.2,3.75,abonnement
TR2608070020405,CL104197,EN00496,velo_elec,Lille,ST1037,ST1035,07/08/2026 14:18,2026-08-07 14:24:03,6,1.56,2.5,abonnement
TR2608070020406,CL106040,EN00158,velo_elec,Lyon,ST1002,ST1017,2026-08-07 14:31:00,2026-08-07 14:39:00,8,2.33,3.0,abonnement
TR2608070020407,CL107501,EN00173,velo_elec,Lyon,ST1008,ST1012,2026-08-07 14:32:15,2026-08-07 14:35:15,3,0.67,1.75,cb
TR2608070020408,CL104842,EN00216,velo_elec,Lyon,ST1010,ST1005,2026-08-07 14:45:20,2026-08-07 15:11:20,26,5.44,7.5,cb
TR2608070020409,CL100550,EN00093,velo_elec,Lyon,ST1012,ST1001,2026-08-07 14:39:00,2026-08-07 14:50:00,11,2.37,3.75,abonnement
TR2608070020410,CL105724,EN00028,trottinette,Lyon,ST1012,ST1017,2026-08-07 14:34:58,2026-08-07 14:48:58,14,2.81,4.08,
TR2608070020411,CL104175,EN00096,velo_elec,Lyon,ST1016,ST1013,2026-08-07 14:36:28,2026-08-07 14:53:28,17,4.2,5.25,abonnement
TR2608070020412,CL107928,EN00192,velo_elec,Lyonn,ST1017,ST1008,2026-08-07 14:39:14,2026-08-07 14:48:14,9,1.46,3.25,abonnement
TR2608070020413,CL108596,EN00349,velo_elec,Nantes,ST1022,ST1033,2026-08-07 14:31:01,2026-08-07 14:41:01,10,3.11,3.5,cb
TR2608070020414,CL106292,EN00259,trottinette,Nantes,ST1022,ST1020,2026-08-07 14:31:38,2026-08-07 14:39:38,8,2.37,2.76,cb
TR2608070020415,CL106698,EN00368,trottinette,Lille,ST1035,ST1044,2026-08-07 14:36:42,2026-08-07 14:45:42,9,2.2,2.98,paypal
TR2608070020416,CL102794,EN00401,trottinette,lille,ST1037,ST1038,2026-08-07 14:35:19,2026-08-07 14:51:19,16,3.53,4.52,abonnement
TR2608070020417,CL106280,EN00402,trottinette,Lille,ST1042,ST1042,07/08/2026 14:39,07/08/2026 14:57,18,3.42,4.96,cb
TR2608070020418,CL102156,EN00451,velo_elec,Lille,ST1043,ST9179,2026-08-07 14:36:46,2026-08-07 14:51:46,15,4.84,4.75,abonnement
TR2608070020419,CL107944,EN00415,trottinette,Lille,ST1045,ST1041,2026-08-07 14:37:24,2026-08-07 14:47:24,10,3.32,3.2,cb
TR2608070020420,CL104770,EN00563,trottinette,Grenoble,ST1050,ST1055,2026-08-07 14:33:21,2026-08-07 15:09:21,36,9.94,8.92,cb
TR2608070020421,CL108028,EN00005,velo_elec,Lyon,ST1001,ST1001,2026-08-07 14:53:54,2026-08-07 15:04:54,11,3.63,3.75,cb
TR2608070020422,CL101705,EN00175,trottinette,Lyon,ST1002,ST1019,2026-08-07 14:48:11,1786107251,6,1.27,2.32,paypal
TR2608070020423,CL104395,EN00023,trottinette,Lyon,ST1003,ST1004,2026-08-07 14:50:18,2026-08-07 14:55:18,5,1.13,2.1,cb
TR2608070020424,CL101585,EN00039,velo_elec,Lyon,ST1004,ST1012,07/08/2026 14:47,2026-08-07 14:50:27,3,0.88,1.75,abonnement
TR2608070020425,CL103692,EN00070,trottinette,Lyon,ST1014,ST1011,2026-08-07 14:48:07,2026-08-07 15:00:07,12,4.16,3.64,cb
TR2608070020426,CL107688,EN00339,velo_elec,Nantes,ST1025,ST1020,2026-08-07 14:46:48,2026-08-07 15:00:48,14,3.34,4.5,abonnement
TR2608070020427,CL106077,EN00315,velo_elec,Nantes,ST1026,ST1026,2026-08-07 14:49:01,2026-08-07 15:03:01,14,4.59,4.5,abonnement
TR2608070020428,CL106729,EN00272,trottinette,Nantes,ST1030,ST1028,2026-08-07 14:51:34,07/08/2026 15:04,13,3.27,3.86,cb
TR2608070020429,CL103532,EN00226,velo_elec,Nantes,ST1032,ST1025,07/08/2026 14:50,2026-08-07 15:08:30,18,4.94,5.5,abonnement
TR2608070020430,CL103250,EN00446,trottinette,lille,ST1039,ST1039,07/08/2026 14:54,2026-08-07 15:08:24,-15,4.13,4.08,abonnement
TR2608070020431,CL100464,EN00405,trottinette,Lille,ST1045,ST1045,2026-08-07 14:56:50,1786107650,4,0.7,1.88,cb
TR2608070020432,CL104144,EN00545,trottinette,Grenoble,ST1050,ST1056,2026-08-07 14:49:27,2026-08-07 14:57:27,8,1.45,2.76,cb
TR2608070020433,CL102387,EN00073,velo_elec,Lyon,ST1010,ST1004,2026-08-07 15:11:39,2026-08-07 15:48:39,37,9.4,10.25,cb
TR2608070020434,CL104517,EN00044,trottinette,Lyon,ST1014,ST1006,2026-08-07 15:07:30,2026-08-07 15:12:30,5,1.45,2.1,cb
TR2608070020435,CL106095,EN00058,velo_elec,Lyon,ST1015,ST1012,2026-08-07 15:10:36,07/08/2026 15:17,7,1.51,2.75,cb
TR2608070020436,CL107751,EN00158,velo_elec,lyon,ST1017,ST1004,2026-08-07 15:05:53,2026-08-07 15:18:53,13,2.64,4.25,abonnement
TR2608070020437,CL108764,EN00255,velo,Nantes,ST1024,ST1033,07/08/2026 15:04,2026-08-07 15:16:50,12,2.18,2.8,cb
TR2608070020438,CL100140,EN00317,trottinette,Nantes,ST1028,ST1021,2026-08-07 15:10:53,,4,1.05,1.88,paypal
TR2608070020439,CL102905,EN00402,trottinette,Lille,ST1042,ST1042,2026-08-07 15:09:52,2026-08-07 15:14:52,5,1.23,2.1,cb
TR2608070020440,CL106054,EN00416,trottinette,Lille,ST1043,ST1038,2026-08-07 15:13:18,2026-08-07 15:36:18,23,6.05,6.06,cb
TR2608070020441,CL102166,EN00405,trottinette,Lille,ST1045,ST1034,2026-08-07 15:12:59,07/08/2026 15:17,5,0.9,2.1,abonnement
TR2608070020442,CL102327,EN00379,velo_elec,Lille,ST1047,ST1038,2026-08-07 15:06:29,2026-08-07 15:21:29,15,4.62,4.75,cb
TR2608070020443,CL100457,EN00522,velo_elec,Grenoble,ST1048,ST1050,2026-08-07 15:02:51,2026-08-07 15:26:51,24,3.74,7.0,cb
TR2608070020444,CL103394,EN00504,trottinette,Grenoble,ST1057,ST1053,2026-08-07 15:04:19,2026-08-07 15:26:19,22,5.45,5.84,paypal
TR2608070020445,CL104210,EN00553,trottinette,Grenoble,ST1057,ST1056,2026-08-07 15:07:33,1786110153,35,10.9,8.7,
TR2608070020446,CL101833,EN00056,velo_elec,Lyon,ST1002,ST1001,2026-08-07 15:18:17,2026-08-07 16:04:17,46,7.49,12.5,
TR2608070020447,CL102056,EN00358,trottinette,Nantes,ST1029,ST1032,07/08/2026 15:28,07/08/2026 15:42,14,2.66,4.08,cb
TR2608070020448,CL106266,EN00423,velo_elec,Lille,ST1038,ST1044,2026-08-07 15:19:14,2026-08-07 15:31:14,12,2.53,4.0,cb
TR2608070020449,CL104990,EN00424,velo_elec,Lille,ST1040,ST1047,2026-08-07 15:24:10,2026-08-07 15:29:10,5,1.49,2.25,paypal
TR2608070020450,CL106089,EN00418,trottinette,Lille,ST1044,ST1038,2026-08-07 15:25:09,2026-08-07 15:38:09,13,3.2,3.86,cb
TR2608070020451,CL108003,EN00587,trottinette,Grenoble,ST1048,ST1048,2026-08-07 15:22:34,2026-08-07 15:30:34,8,2.61,2.76,
TR2608070020452,CL101268,EN00584,trottinette,Grenoble,ST1049,ST1055,1786109233,2026-08-07 15:33:13,6,1.36,2.32,abonnement
TR2608070020453,CL102229,EN00003,velo_elec,Lyon,ST1004,ST1001,2026-08-07 15:41:44,2026-08-07 15:51:44,10,3.32,3.5,abonnement
TR2608070020454,CL101371,EN00011,velo_elec,Lyon,ST1010,ST1001,2026-08-07 15:31:42,2026-08-07 15:36:42,5,1.33,2.25,abonnement
TR2608070020455,CL102425,EN00039,velo_elec,Lyon ,ST1012,ST1016,1786109614,2026-08-07 15:40:34,7,2.09,2.75,abonnement
TR2608070020456,CL107986,EN00184,velo_elec,Lyon,ST1016,ST1003,2026-08-07 15:33:33,07/08/2026 15:46,13,2.7,4.25,paypal
TR2608070020457,CL104090,EN00028,trottinette,Lyon,ST1017,ST1013,1786109789,2026-08-07 15:49:29,13,2.35,3.86,cb
TR2608070020458,CL104719,EN00349,velo_elec,Nantes,ST1033,ST1020,2026-08-07 15:38:00,2026-08-07 15:45:00,7,1.67,2.75,abonnement
TR2608070020459,CL106174,EN00368,trottinette,Lille,ST1044,ST1044,2026-08-07 15:38:34,2026-08-07 15:43:34,5,1.47,2.1,cb
TR2608070020460,CL100234,EN00565,trottinette,Grenoble,ST1048,ST1049,2026-08-07 15:37:30,2026-08-07 15:52:30,15,3.11,4.3,abonnement
TR2608070020461,CL104082,EN00522,velo_elec,Grenoble,ST1050,ST1052,2026-08-07 15:41:30,2026-08-07 16:03:30,22,7.51,6.5,cb
TR2608070020462,CL101462,EN00518,trottinette,Grenoble,ST1051,ST1048,2026-08-07 15:36:03,2026-08-07 15:41:03,5,0.9,2.1,cb
TR2608070020463,CL105668,EN00509,trottinette,Grenoble,ST1056,ST1051,2026-08-07 15:34:49,2026-08-07 15:47:49,13,2.89,3.86,cb
TR2608070020464,CL105063,EN00192,velo_elec,Lyon,ST1008,ST1013,2026-08-07 15:46:49,2026-08-07 15:57:49,11,2.97,3.75,cb
TR2608070020465,CL103165,EN00078,velo_elec,Lyon,ST1013,ST1019,2026-08-07 15:52:27,2026-08-07 16:10:27,18,4.0,5.5,paypal
TR2608070020466,CL107533,EN00270,velo_elec,Nantes,ST1027,ST1024,2026-08-07 15:50:12,07/08/2026 16:19,29,5.91,8.25,cb
TR2608070020467,CL105824,EN00365,velo_elec,Lille,ST1036,ST1038,,2026-08-07 16:10:22,20,5.64,6.0,abonnement
TR2608070020468,CL100560,EN00400,trottinette,Lille,ST1040,ST1037,2026-08-07 15:51:47,2026-08-07 16:09:47,18,5.62,4.96,paypal
TR2608070020469,CL102801,EN00474,velo_elec,Lille,ST1040,ST1037,2026-08-07 15:50:14,2026-08-07 16:14:14,24,3.74,7.0,paypal
TR2608070020470,CL108889,EN00402,trottinette,Lille,ST1042,ST1041,2026-08-07 15:54:48,07/08/2026 15:56,2,0.43,1.44,abonnement
TR2608070020471,CL101890,EN00558,trottinette,Grenoble,ST1054,ST1054,2026-08-07 15:55:39,2026-08-07 16:00:39,5,1.58,2.1,cb
TR2608070020472,CL102526,EN00003,velo_elec,Lyon,ST1001,ST1015,2026-08-07 16:08:02,2026-08-07 16:14:02,6,1.4,2.5,cb
TR2608070020473,CL103356,EN00011,velo_elec,Lyon,ST1001,ST1019,2026-08-07 16:01:41,2026-08-07 16:11:41,10,2.11,3.5,abonnement
TR2608070020474,CL102148,EN00118,trottinette,Lyon,ST1001,ST1001,07/08/2026 16:13,2026-08-07 16:32:32,19,5.15,5.18,paypal
TR2608070020475,CL104228,EN00195,velo_elec,Lyon,ST1002,ST1006,2026-08-07 16:03:36,1786112736,22,6.56,6.5,abonnement
TR2608070020476,CL102568,EN00184,velo_elec,Lyon,ST1003,ST1018,2026-08-07 16:10:57,2026-08-07 16:16:57,6,0.99,2.5,cb
TR2608070020477,CL102991,EN00189,trottinette,Lyon,ST1009,ST1008,2026-08-07 16:07:29,1786112129,8,1.48,2.76,cb
TR2608070020478,CL102797,EN00091,velo_elec,Lyon,ST1011,ST1019,2026-08-07 16:07:21,2026-08-07 16:35:21,28,5.09,8.0,paypal
TR2608070020479,CL107305,EN00050,velo_elec,Lyon,ST1016,ST1019,2026-08-07 16:01:47,2026-08-07 16:22:47,21,4.25,6.25,cb
TR2608070020480,CL102252,EN00039,velo_elec,Lyon,ST1016,ST1002,2026-08-07 16:09:14,2026-08-07 16:54:14,45,13.84,12.25,abonnement
TR2608070020481,CL106172,EN00298,trottinette,Nantes,ST1032,ST1029,07/08/2026 16:15,07/08/2026 16:21,6,1.69,2.32,cb
TR2608070020482,CL106051,EN00386,trottinette,Lille,ST1035,ST1038,2026-08-07 16:10:28,1786112728,15,3.33,4.3,
TR2608070020483,CL107486,EN00455,velo_elec,Lille,ST1035,ST1037,2026-08-07 16:06:51,2026-08-07 16:16:51,10,2.94,3.5,cb
TR2608070020484,CL107395,EN00496,velo_elec,Lille,ST1035,ST1037,2026-08-07 16:04:22,2026-08-07 16:10:22,6,1.33,2.5,cb
TR2608070020485,CL105697,EN00366,trottinette,Lille,ST1035,ST1047,2026-08-07 16:02:13,2026-08-07 16:40:13,38,9.73,9.36,abonnement
TR2608070020486,CL103954,EN00485,trottinette,Lille,ST1035,ST1040,2026-08-07 16:08:15,2026-08-07 16:16:15,6365,1.3,2.76,cb
TR2608070020487,CL108244,EN00420,trottinette,Lille,ST1036,ST1037,2026-08-07 16:03:08,,4,0.74,1.88,abonnement
TR2608070020488,CL101733,EN00464,trottinette,LILLE,ST1036,ST1040,2026-08-07 16:10:42,2026-08-07 16:47:42,37,11.37,9.14,abonnement
TR2608070020489,CL105714,EN00398,velo,Lille,ST1043,ST1034,07/08/2026 16:07,1786111997,6,1.19,1.9,cb
TR2608070020490,CL100266,EN00468,trottinette,Lille,ST1045,ST1047,2026-08-07 16:06:09,2026-08-07 16:40:09,34,10.42,8.48,paypal
TR2608070020491,CL102965,EN00054,trottinette,Lyon,ST1003,ST1018,07/08/2026 16:29,1786115425,41,8.51,10.02,cb
TR2608070020492,CL100507,EN00133,velo_elec,Lyon,ST1004,ST1006,1786112486,,3,0.47,1.75,abonnement
TR2608070020493,CL104180,EN00286,velo_elec,Nantes,ST1023,ST1029,2026-08-07 16:27:30,2026-08-07 16:36:30,9,2.61,3.25,cb
TR2608070020494,CL106425,EN00315,velo_elec,NANTES,ST1026,ST1028,2026-08-07 16:17:28,2026-08-07 16:34:28,17,4.98,5.25,cb
TR2608070020495,CL103074,EN00337,trottinette,Nantes,ST1033,ST1033,07/08/2026 16:16,2026-08-07 16:31:48,15,2.51,4.3,abonnement
TR2608070020496,CL104505,EN00488,velo_elec,LILLE,ST1035,ST1037,2026-08-07 16:24:18,2026-08-07 16:32:18,8,1.85,3.0,abonnement
TR2608070020497,CL103559,EN00410,velo_elec,Lille,ST1035,ST1041,2026-08-07 16:22:50,1786113890,22,4.71,6.5,paypal
TR2608070020498,CL107027,EN00518,trottinette,Grenoble,ST1048,ST1052,2026-08-07 16:17:43,1786112383,2,0.69,1.44,cb
TR2608070020499,CL105132,EN00596,velo_elec,Grenoble,ST1049,ST1048,2026-08-07 16:26:41,07/08/2026 16:39,13,2.34,4.25,abonnement
TR2608070020500,CL107769,EN00132,trottinette,Lyon,ST1003,ST1004,07/08/2026 16:38,07/08/2026 16:48,10,3.05,3.2,paypal
TR2608070020501,CL108187,EN00086,velo_elec,Lyon,ST1004,ST1006,2026-08-07 16:42:33,2026-08-07 16:58:33,16,4.95,5.0,
TR2608070020502,CL101024,EN00027,velo_elec,Lyon,ST1004,ST1014,,2026-08-07 16:54:40,11,2.6,3.75,cb
TR2608070020503,CL101191,EN00028,trottinette,Lyon,ST1013,ST1017,2026-08-07 16:46:16,2026-08-07 16:51:16,5,1.18,2.1,cb
TR2608070020504,CL101722,EN00157,velo_elec,Lyon,ST1014,ST1011,,07/08/2026 16:49,16,5.39,5.0,cb
TR2608070020505,CL108064,EN00165,trottinette,Lyon,ST1014,ST1009,2026-08-07 16:30:34,2026-08-07 16:36:34,6,1.18,2.32,cb
TR2608070020506,CL105099,EN00131,trottinette,Lyon,ST1016,ST1017,2026-08-07 16:41:58,1786114078,6,0.94,2.32,cb
TR2608070020507,CL108848,EN00244,trottinette,Nantes,ST1028,ST1023,2026-08-07 16:42:55,07/08/2026 17:05,23,4.12,6.06,paypal
TR2608070020508,CL101198,EN00404,trottinette,Lille,ST1034,ST1046,2026-08-07 16:42:26,2026-08-07 16:53:26,7976,2.0,3.42,cb
TR2608070020509,CL105874,EN00414,velo_elec,Lille,ST1036,ST1041,2026-08-07 16:45:00,2026-08-07 16:57:00,12,1.83,4.0,cb
TR2608070020510,CL105373,EN00587,trottinette,Grenoble,ST1048,ST1050,2026-08-07 16:37:16,2026-08-07 16:51:16,14,2.48,4.08,cb
TR2608070020511,CL101918,EN00202,trottinette,Lyon,ST1002,ST1007,2026-08-07 16:53:37,2026-08-07 17:07:37,14,2.18,4.08,abonnement
TR2608070020512,CL108147,EN00142,velo_elec,Lyon,ST1003,ST1002,2026-08-07 16:48:17,2026-08-07 16:54:17,-20,1.38,2.5,cb
TR2608070020513,CL106240,EN00174,velo_elec,Lyon,ST1004,ST1016,2026-08-07 16:54:23,2026-08-07 17:04:23,10,1.5,3.5,cb
TR2608070020514,CL107092,EN00023,trottinette,Lyon,ST1004,ST1011,2026-08-07 16:50:28,2026-08-07 17:13:28,23,6.93,6.06,paypal
TR2608070020515,CL105075,EN00216,velo_elec,Lyon,ST1005,ST1016,2026-08-07 16:51:31,2026-08-07 16:59:31,8,1.36,3.0,cb
TR2608070020516,CL106039,EN00133,velo_elec,Lyon,ST1006,ST1016,2026-08-07 17:00:38,2026-08-07 17:12:38,12,2.5,4.0,cb
TR2608070020517,CL108938,EN00189,trottinette,Lyon,ST1008,ST1006,2026-08-07 16:58:04,07/08/2026 17:24,26,5.66,6.72,cb
TR2608070020518,CL106949,EN00110,velo_elec,Lyon,ST1009,ST1015,2026-08-07 16:45:54,2026-08-07 17:07:54,22,6.25,6.5,cb
TR2608070020519,CL108412,EN00240,trottinette,Nantes,ST1021,ST1026,2026-08-07 16:58:12,07/08/2026 17:25,27,5.85,6.94,cb
TR2608070020520,CL100131,EN00295,velo_elec,Nantes,ST1027,ST1026,2026-08-07 16:52:02,2026-08-07 17:03:02,11,3.49,3.75,cb
TR2608070020521,CL106295,EN00406,velo_elec,Lille,ST1034,ST1039,07/08/2026 16:50,2026-08-07 16:54:38,4,0.87,2.0,cb
TR2608070020522,CL104729,EN00478,trottinette,Lille,ST1035,ST1046,2026-08-07 16:52:24,2026-08-07 17:19:24,27,9.08,6.94,cb
TR2608070020523,CL104461,EN00391,velo_elec,Lille,ST1036,ST1037,07/08/2026 16:59,07/08/2026 17:07,8,2.69,3.0,abonnement
TR2608070020524,CL105168,EN00556,trottinette,Grenoble,ST1057,ST1057,2026-08-07 16:50:16,2026-08-07 17:09:16,19,3.8,5.18,paypal
TR2608070020525,CL107330,EN00019,trottinette,LYON,ST1001,ST1010,2026-08-07 17:11:15,1786116195,12,3.33,3.64,paypal
TR2608070020526,CL103146,EN00142,velo_elec,Lyon,ST1002,ST1005,2026-08-07 17:10:57,2026-08-07 17:18:57,8,2.11,3.0,abonnement
TR2608070020527,CL107372,EN00183,velo_elec,Lyon,ST1003,ST1016,2026-08-07 17:07:40,2026-08-07 17:17:40,10,1.8,3.5,cb
TR2608070020528,CL106076,EN00197,velo_elec,Lyon,ST1003,ST1015,1786114869,2026-08-07 17:08:09,7,1.25,2.75,cb
TR2608070020529,CL108930,EN00099,velo_elec,Lyon,ST1004,ST1005,,2026-08-07 17:18:03,17,4.63,5.25,abonnement
TR2608070020530,CL103213,EN00107,velo_elec,LYON,ST1004,ST1008,2026-08-07 17:13:02,2026-08-07 17:23:02,-28,1.65,3.5,abonnement
TR2608070020531,CL100004,EN00205,trottinette,Lyon,ST1004,ST1009,2026-08-07 17:15:25,2026-08-07 17:36:25,21,3.61,5.62,cb
TR2608070020532,CL102610,EN00074,trottinette,Lyonn,ST1004,ST1004,2026-08-07 17:13:38,2026-08-07 17:18:38,5,1.21,2.1,cb
TR2608070020533,CL108899,EN00055,trottinette,Lyon,ST1011,ST1017,1786114884,2026-08-07 17:05:24,4,0.98,1.88,abonnement
TR2608070020534,CL108116,EN00157,velo_elec,Lyon,ST1011,ST9093,07/08/2026 17:01,07/08/2026 17:11,10,3.38,3.5,cb
TR2608070020535,CL107562,EN00192,velo_elec,Lyon,ST1013,ST1018,2026-08-07 17:11:08,2026-08-07 17:18:08,7,1.46,2.75,paypal
TR2608070020536,CL103787,EN00216,velo_elec,Lyon,ST1016,ST1003,07/08/2026 17:07,2026-08-07 17:15:14,8,1.84,3.0,cb
TR2608070020537,CL107020,EN00256,velo_elec,Nantes,ST1020,ST1027,2026-08-07 17:13:38,2026-08-07 17:19:38,6,1.37,2.5,abonnement
TR2608070020538,CL107967,EN00297,trottinette,Nantes,ST1020,ST1031,2026-08-07 17:15:14,2026-08-07 17:29:14,14,4.31,4.08,paypal
TR2608070020539,CL107991,EN00348,velo_elec,Nantes,ST1020,ST1032,2026-08-07 17:15:06,2026-08-07 17:22:06,7,1.88,2.75,cb
TR2608070020540,CL106840,EN00351,trottinette,Nantes,ST1022,ST1033,2026-08-07 17:07:45,07/08/2026 17:15,8,1.4,2.76,abonnement
TR2608070020541,CL106440,EN00269,velo_elec,Nantes,ST1026,ST1022,2026-08-07 17:04:52,07/08/2026 17:10,6,1.95,2.5,cb
TR2608070020542,CL104416,EN00282,velo,Nantes,ST1026,ST1028,2026-08-07 17:06:42,2026-08-07 17:15:42,-18,2.71,2.35,cb
TR2608070020543,CL103056,EN00329,trottinette,Nantes,ST1033,ST1023,2026-08-07 17:13:22,2026-08-07 17:35:22,22,4.02,5.84,cb
TR2608070020544,CL101583,EN00492,velo_elec,Lille,ST1036,ST1047,2026-08-07 17:15:33,2026-08-07 17:28:33,-28,2.3,4.25,cb
TR2608070020545,CL101066,EN00389,trottinette,Lille,ST1036,ST1042,2026-08-07 17:13:22,2026-08-07 17:30:22,17,5.13,4.74,cb
TR2608070020546,CL101786,EN00380,velo_elec,Lille,ST1036,ST1039,2026-08-07 17:08:44,2026-08-07 17:16:44,8,1.33,3.0,cb
TR2608070020547,CL108718,EN00451,velo_elec,Lille,ST1041,ST1035,2026-08-07 17:07:15,07/08/2026 17:35,28,8.04,8.0,cb
TR2608070020548,CL100397,EN00415,trottinette,Lille,ST1041,ST1037,2026-08-07 17:02:18,1786115478,9,1.45,2.98,cb
TR2608070020549,CL102491,EN00468,trottinette,Lille,ST1047,ST1040,2026-08-07 17:02:18,2026-08-07 17:08:18,6,1.09,2.32,abonnement
TR2608070020550,CL107572,EN00596,velo_elec,Grenoble,ST1048,ST1051,2026-08-07 17:08:30,2026-08-07 17:24:30,16,3.1,5.0,paypal
TR2608070020551,CL103548,EN00514,velo_elec,Grenoble,ST1048,ST1055,2026-08-07 17:00:59,2026-08-07 17:21:59,21,6.44,6.25,cb
TR2608070020552,CL108712,EN00580,velo_elec,Grenoble,ST1048,ST1048,2026-08-07 17:11:19,2026-08-07 17:21:19,10,3.45,3.5,cb
TR2608070020553,CL102343,EN00591,velo_elec,Grenoble,ST1049,ST1057,2026-08-07 17:03:33,2026-08-07 17:22:33,19,4.63,5.75,cb
TR2608070020554,CL107655,EN00587,trottinette,Grenoble,ST1050,ST1050,1786115459,2026-08-07 17:27:59,17,4.98,4.74,paypal
TR2608070020555,CL105115,EN00551,trottinette,Grenoble,ST1057,ST1058,2026-08-07 17:11:27,2026-08-07 17:14:27,3,0.72,1.66,cb
TR2608070020556,CL102660,EN00005,velo_elec,Lyon,ST1001,ST1018,2026-08-07 17:18:52,2026-08-07 17:30:52,12,2.21,4.0,cb
TR2608070020557,CL101305,EN00178,velo_elec,Lyon,ST1001,ST1018,2026-08-07 17:29:32,2026-08-07 17:37:32,8,1.33,3.0,abonnement
TR2608070020558,CL100765,EN00123,velo_elec,Lyon,ST1001,ST1019,07/08/2026 17:23,2026-08-07 17:32:25,9,2.71,3.25,cb
TR2608070020559,CL100426,EN00218,velo_elec,Lyon,ST1004,ST1013,2026-08-07 17:17:20,2026-08-07 17:24:20,7,1.82,2.75,paypal
TR2608070020560,CL100700,EN00086,velo_elec,Lyon,ST1006,ST1012,2026-08-07 17:30:22,2026-08-07 17:49:22,19,5.55,5.75,cb
TR2608070020561,CL106673,EN00220,velo_elec,Lyon,ST1008,ST1013,2026-08-07 17:19:24,2026-08-07 17:36:24,17,2.73,5.25,cb
TR2608070020562,CL101850,EN00357,trottinette,Nantes,ST1020,ST1028,2026-08-07 17:23:54,2026-08-07 17:33:54,10,2.94,3.2,cb
TR2608070020563,CL106434,EN00229,trottinette,Nantes,ST1021,ST1027,07/08/2026 17:25,2026-08-07 17:32:54,7,2.0,2.54,cb
TR2608070020564,CL101363,EN00295,velo_elec,Nantes,ST1026,ST1024,2026-08-07 17:25:08,2026-08-07 17:35:08,8494,3.09,3.5,cb
TR2608070020565,CL108072,EN00286,velo_elec,Nantes,ST1029,ST1027,1786116475,1786117075,10,3.17,3.5,cb
TR2608070020566,CL108165,EN00250,velo_elec,Nante,ST1032,ST1021,2026-08-07 17:27:28,2026-08-07 17:30:28,3,0.74,1.75,cb
TR2608070020567,CL101235,EN00374,velo_elec,Lille,ST1034,ST1038,07/08/2026 17:18,2026-08-07 17:37:52,19,5.25,5.75,cb
TR2608070020568,CL955591,EN00388,velo_elec,Lille,ST1034,ST1041,2026-08-07 17:29:39,2026-08-07 17:35:39,6,1.98,2.5,cb
TR2608070020569,CL108328,EN00481,velo_elec,Lille,ST1035,ST1046,2026-08-07 17:21:34,2026-08-07 18:13:34,52,10.31,14.0,abonnement
TR2608070020570,CL105539,EN00474,velo_elec,Lille,ST1037,ST1034,2026-08-07 17:26:32,,7,1.91,2.75,cb
TR2608070020571,CL106917,EN00406,velo_elec,Lille,ST1039,ST1038,2026-08-07 17:23:50,07/08/2026 17:38,15,3.88,4.75,cb
TR2608070020572,CL103891,EN00423,velo_elec,Lille,ST1044,ST1045,2026-08-07 17:23:34,,35,6.71,9.75,cb
TR2608070020573,CL103372,EN00527,velo_elec,Grenoble,ST1048,ST1056,07/08/2026 17:19,2026-08-07 17:25:22,6,2.09,2.5,abonnement
TR2608070020574,CL100270,EN00599,trottinette,Grenoble,ST1048,ST1053,07/08/2026 17:21,1786116977,15,3.24,4.3,cb
TR2608070020575,CL103389,EN00509,trottinette,grenoble,ST1051,ST1052,2026-08-07 17:18:51,1786117131,20,5.77,5.4,abonnement
TR2608070020576,CL101575,EN00518,trottinette,Grenoble,ST1052,ST1055,2026-08-07 17:22:38,07/08/2026 17:43,21,3.61,5.62,cb
TR2608070020577,CL107525,EN00522,velo_elec,Grenoble,ST1052,ST1053,2026-08-07 17:26:17,2026-08-07 17:29:17,3,0.5,1.75,cb
TR2608070020578,CL103362,EN00558,trottinette,Grenoble,ST1054,ST1050,2026-08-07 17:27:30,2026-08-07 17:47:30,20,3.25,5.4,cb
TR2608070020579,CL101279,EN00584,trottinette,Grenoble,ST1055,ST1058,2026-08-07 17:24:18,2026-08-07 17:42:18,18,6.07,4.96,abonnement
TR2608070020580,CL102775,EN00597,trottinette,Grenoble,ST1056,ST1054,2026-08-07 17:22:07,1786118107,33,8.72,8.26,abonnement
TR2608070020581,CL105707,EN00570,trottinette,Grenoble,ST1056,ST1048,2026-08-07 17:25:01,2026-08-07 17:56:01,31,7.15,7.82,cb
TR2608070020582,CL100733,EN00102,velo_elec,Lyon,ST1001,ST1005,2026-08-07 17:32:11,2026-08-07 17:45:11,13,3.74,4.25,abonnement
TR2608070020583,CL105775,EN00118,trottinette,Lyon,ST1001,ST1014,2026-08-07 17:35:11,2026-08-07 17:44:11,9,1.98,2.98,paypal
TR2608070020584,CL108422,EN00053,trottinette,Lyon,ST1002,ST1008,2026-08-07 17:35:15,1786117275,6,1.91,2.32,abonnement
TR2608070020585,CL102263,EN00119,trottinette,Lyon,ST1004,ST1005,2026-08-07 17:38:18,07/08/2026 17:50,12,2.43,3.64,abonnement
TR2608070020586,CL108534,EN00099,velo_elec,Lyon,ST1005,ST1016,2026-08-07 17:41:05,2026-08-07 17:49:05,8,1.51,3.0,cb
TR2608070020587,CL103644,EN00202,trottinette,lyon,ST1007,ST1006,2026-08-07 17:42:39,07/08/2026 17:54,12,4.02,3.64,abonnement
TR2608070020588,CL107504,EN00107,velo_elec,Lyon,ST1008,ST1012,2026-08-07 17:33:30,07/08/2026 17:51,18,5.28,5.5,cb
TR2608070020589,CL106937,EN00019,trottinette,lyon,ST1010,ST1006,2026-08-07 17:36:12,2026-08-07 17:43:12,7,1.35,2.54,cb
TR2608070020590,CL107431,EN00018,trottinette,Lyon,ST1012,ST1009,2026-08-07 17:40:19,1786117819,10,2.23,3.2,cb
TR2608070020591,CL100435,EN00027,velo_elec,Lyon,ST1014,ST1012,2026-08-07 17:41:07,2026-08-07 17:53:07,12,4.11,4.0,abonnement
TR2608070020592,CL100340,EN00219,velo_elec,Lyon,ST1014,ST1010,07/08/2026 17:31,2026-08-07 17:44:24,13,2.34,4.25,cb
TR2608070020593,CL104660,EN00133,velo_elec,Lyon,ST1016,ST1014,,07/08/2026 17:55,15,2.77,4.75,abonnement
TR2608070020594,CL106408,EN00249,velo_elec,Nantes,ST1020,ST1030,2026-08-07 17:46:20,2026-08-07 17:56:20,10,2.26,3.5,cb
TR2608070020595,CL100580,EN00273,velo_elec,Nantes,ST1021,ST1024,2026-08-07 17:36:39,2026-08-07 17:55:39,19,5.24,5.75,paypal
TR2608070020596,CL108782,EN00305,velo_elec,nantes,ST1022,ST1028,07/08/2026 17:45,2026-08-07 18:17:08,32,6.88,9.0,cb
TR2608070020597,CL105891,EN00284,trottinette,Nantes,ST1025,ST1028,2026-08-07 17:34:43,2026-08-07 17:51:43,17,3.48,4.74,paypal
TR2608070020598,CL104370,EN00315,velo_elec,Nantes,ST1028,ST1027,2026-08-07 17:31:18,2026-08-07 17:44:18,13,3.3,4.25,abonnement
TR2608070020599,CL106706,EN00340,velo_elec,Nantes,ST1032,ST1030,2026-08-07 17:38:55,2026-08-07 17:52:55,14,2.57,4.5,abonnement
TR2608070020600,CL108225,EN00445,velo_elec,Lille,ST1035,ST1036,2026-08-07 17:42:43,2026-08-07 17:54:43,12,4.11,4.0,paypal
TR2608070020601,CL108357,EN00495,trottinette,lille,ST1035,ST1037,07/08/2026 17:33,,20,6.48,5.4,paypal
TR2608070020602,CL100084,EN00412,trottinette,Lille,ST1035,ST1044,1786117492,2026-08-07 18:11:52,27,7.35,6.94,cb
TR2608070020603,CL101858,EN00421,velo_elec,Lille,ST1036,ST1038,2026-08-07 17:36:16,2026-08-07 17:44:16,8,1.7,3.0,cb
TR2608070020604,CL101526,EN00580,velo_elec,Grenoble,ST1048,ST1055,2026-08-07 17:44:14,2026-08-07 17:57:14,13,2.87,4.25,cb
TR2608070020605,CL103627,EN00537,velo_elec,Grenoble,ST1049,ST1054,2026-08-07 17:41:05,2026-08-07 17:54:05,13,2.64,4.25,abonnement
TR2608070020606,CL101739,EN00524,velo_elec,Grenoble,ST1049,ST1049,2026-08-07 17:37:59,2026-08-07 18:06:59,29,4.96,8.25,paypal
TR2608070020607,CL107702,EN00587,trottinette,Grenoble,ST1050,ST1052,07/08/2026 17:40,,13,2.42,3.86,cb
TR2608070020608,CL101881,EN00037,trottinette,Lyon,ST1001,ST1018,2026-08-07 17:48:20,07/08/2026 17:56,8,1.22,2.76,cb
TR2608070020609,CL105982,EN00113,velo_elec,Lyon,ST1001,ST1015,07/08/2026 17:47,2026-08-07 18:02:28,15,4.01,4.75,abonnement
TR2608070020610,CL105951,EN00177,velo_elec,Lyon,ST1002,ST1011,07/08/2026 17:58,2026-08-07 18:07:15,9,2.92,3.25,paypal
TR2608070020611,CL100273,EN00094,velo_elec,Lyon,ST1002,ST1012,2026-08-07 18:00:26,2026-08-07 18:14:26,14,3.84,4.5,abonnement
TR2608070020612,CL104743,EN00212,trottinette,Lyon,ST1002,ST1006,2026-08-07 17:54:22,2026-08-07 18:13:22,19,5.44,5.18,cb
TR2608070020613,CL103054,EN00226,velo_elec,nantes,ST1025,ST1020,2026-08-07 17:54:15,2026-08-07 18:38:15,44,11.33,12.0,paypal
TR2608070020614,CL104644,EN00240,trottinette,Nantes,ST1026,ST1027,2026-08-07 17:46:44,2026-08-07 17:58:44,12,4.15,3.64,abonnement
TR2608070020615,CL103353,EN00351,trottinette,Nantes,ST1033,ST1033,2026-08-07 17:46:23,2026-08-07 17:52:23,6,0.97,2.32,abonnement
TR2608070020616,CL103254,EN00474,velo_elec,Lille,ST1034,ST1037,2026-08-07 17:54:21,2026-08-07 18:02:21,8,1.28,3.0,paypal
TR2608070020617,CL106750,EN00408,velo_elec,Lille,ST1034,ST1045,2026-08-07 17:52:09,2026-08-07 18:33:09,41,8.12,11.25,abonnement
TR2608070020618,CL104818,EN00383,trottinette,Lille,ST1035,ST1035,1786117667,07/08/2026 17:53,6,1.24,2.32,paypal
TR2608070020619,CL107848,EN00451,velo_elec,Lille,ST1035,ST1045,2026-08-07 17:47:33,2026-08-07 17:55:33,8,1.57,3.0,cb
TR2608070020620,CL107026,EN00468,trottinette,Lille,ST1040,ST1038,2026-08-07 17:58:55,2026-08-07 18:21:55,23,7.39,6.06,abonnement
TR2608070020621,CL101713,EN00404,trottinette,Lille,ST1046,ST1036,2026-08-07 17:55:27,07/08/2026 18:18,23,3.68,6.06,cb
TR2608070020622,CL100035,EN00478,trottinette,Lille,ST1046,ST1041,2026-08-07 17:52:18,2026-08-07 18:09:18,17,5.17,4.74,paypal
TR2608070020623,CL108194,EN00424,velo_elec,Lille,ST1047,ST1046,2026-08-07 18:01:20,2026-08-07 18:10:20,9,2.6,3.25,abonnement
TR2608070020624,CL102558,EN00560,velo_elec,Grenoble,ST1048,ST1048,2026-08-07 17:55:20,2026-08-07 18:04:20,9,2.53,3.25,cb
TR2608070020625,CL100327,EN00523,velo_elec,Grenoble,ST1048,ST1052,,2026-08-07 17:59:28,13,3.06,4.25,cb
TR2608070020626,CL104796,EN00588,velo_elec,Grenoble,ST1049,ST1048,2026-08-07 17:59:38,2026-08-07 18:10:38,11,1.96,3.75,abonnement
TR2608070020627,CL103963,EN00549,velo_elec,Grenoble,ST1049,ST1051,2026-08-07 17:49:22,2026-08-07 17:58:22,9,2.18,3.25,abonnement
TR2608070020628,CL100873,EN00590,velo_elec,Grenoble,ST1049,ST1054,2026-08-07 17:47:13,2026-08-07 17:58:13,11,3.14,3.75,cb
TR2608070020629,CL103372,EN00559,trottinette,Grenoble,ST1053,ST1053,,2026-08-07 18:17:07,18,5.99,4.96,abonnement
TR2608070020630,CL104101,EN00207,velo_elec,Lyon,ST1001,ST1011,2026-08-07 18:14:32,2026-08-07 18:34:32,20,3.66,6.0,paypal
TR2608070020631,CL105493,EN00013,velo_elec,Lyonn,ST1001,ST1011,2026-08-07 18:06:53,2026-08-07 18:31:53,25,6.53,7.25,abonnement
TR2608070020632,CL105046,EN00093,velo_elec,Lyon,ST1001,ST1011,2026-08-07 18:12:19,2026-08-07 18:37:19,25,5.19,7.25,cb
TR2608070020633,CL106346,EN00039,velo_elec,Lyon,ST1002,ST1010,2026-08-07 18:04:27,2026-08-07 18:06:27,2,0.58,1.5,cb
TR2608070020634,CL100077,EN00098,velo_elec,Lyon,ST1002,ST1003,2026-08-07 18:03:39,2026-08-07 18:08:39,5,1.59,2.25,cb
TR2608070020635,CL104654,EN00157,velo_elec,Lyon,ST1003,ST1014,2026-08-07 18:01:01,2026-08-07 18:25:01,24,4.62,7.0,abonnement
TR2608070020636,CL103852,EN00074,trottinette,Lyon,ST1004,ST1009,2026-08-07 18:10:04,2026-08-07 18:24:04,14,4.62,4.08,cb
TR2608070020637,CL102381,EN00073,velo_elec,Lyon,ST1004,ST1013,2026-08-07 18:13:32,2026-08-07 18:26:32,13,3.41,4.25,cb
TR2608070020638,CL106453,EN00019,trottinette,Lyon,ST1006,ST1017,2026-08-07 18:04:19,2026-08-07 18:11:19,7,2.09,2.54,cb
TR2608070020639,CL108914,EN00053,trottinette,Lyon,ST1008,ST1004,2026-08-07 18:01:45,2026-08-07 18:08:45,7,2.36,2.54,cb
TR2608070020640,CL106121,EN00042,trottinette,Lyon,ST1009,ST1013,2026-08-07 18:01:59,2026-08-07 18:13:59,12,2.78,3.64,abonnement
TR2608070020641,CL101707,EN00086,velo_elec,Lyon,ST1012,ST1017,2026-08-07 18:09:55,07/08/2026 18:12,3,0.94,1.75,cb
TR2608070020642,CL103962,EN00003,velo_elec,Lyon,ST1015,ST1011,2026-08-07 18:02:29,2026-08-07 18:20:29,18,3.17,5.5,cb
TR2608070020643,CL106332,EN00301,velo_elec,Nantes,ST1021,ST1021,2026-08-07 18:06:36,2026-08-07 18:23:36,17,5.47,5.25,abonnement
TR2608070020644,CL107991,EN00354,velo_elec,Nantes,ST1022,ST1032,2026-08-07 18:05:33,07/08/2026 18:18,13,3.77,4.25,abonnement
TR2608070020645,CL108137,EN00327,velo_elec,Nantes,ST1023,ST1027,1786118860,1786120720,31,10.13,8.75,abonnement
TR2608070020646,CL107593,EN00298,trottinette,Nantes,ST1029,ST1033,,2026-08-07 18:09:17,7,1.48,2.54,cb
TR2608070020647,CL104335,EN00235,trottinette,Nantes,ST1031,ST1025,07/08/2026 18:11,2026-08-07 18:31:43,20,3.84,5.4,abonnement
TR2608070020648,CL101063,EN00385,velo_elec,Lille,ST1034,ST1046,07/08/2026 18:14,2026-08-07 18:26:52,12,2.03,4.0,abonnement
TR2608070020649,CL103799,EN00383,trottinette, Lille,ST1035,ST1044,2026-08-07 18:15:23,2026-08-07 18:32:23,17,4.64,4.74,cb
TR2608070020650,CL100887,EN00428,velo_elec,Lille,ST1035,ST1040,2026-08-07 18:06:46,2026-08-07 18:14:46,8,1.28,3.0,cb
TR2608070020651,CL102165,EN00484,velo_elec,Lille,ST1036,ST1039,2026-08-07 18:07:19,2026-08-07 18:32:19,25,4.51,7.25,cb
TR2608070020652,CL103612,EN00362,velo_elec,Lille,ST1036,ST1038,1786119065,2026-08-07 18:14:05,3,1.04,1.75,abonnement
TR2608070020653,CL100400,EN00443,velo_elec,Lille,ST1036,ST1039,2026-08-07 18:08:02,2026-08-07 18:21:02,13,3.39,4.25,abonnement
TR2608070020654,CL101934,EN00485,trottinette,Lille,ST1040,ST1047,2026-08-07 18:08:58,1786119598,11,3.79,3.42,cb
TR2608070020655,CL107156,EN00388,velo_elec,Lille,ST1041,ST1037,2026-08-07 18:13:38,2026-08-07 18:34:38,21,3.92,6.25,cb
TR2608070020656,CL102983,EN00471,velo,Lille,ST1046,ST1039,2026-08-07 18:11:40,2026-08-07 18:32:40,21,3.24,4.15,cb
TR2608070020657,CL100207,EN00515,trottinette,Grenoble,ST1048,ST1052,1786119308,2026-08-07 18:35:08,20,6.3,5.4,cb
TR2608070020658,CL107874,EN00535,velo_elec,Grenoble,ST1048,ST1057,07/08/2026 18:06,2026-08-07 18:17:31,11,1.8,3.75,paypal
TR2608070020659,CL106535,EN00552,trottinette,Grenoble,ST1048,ST1055,2026-08-07 18:00:55,2026-08-07 18:08:55,8,1.66,2.76,cb
TR2608070020660,CL108961,EN00512,velo_elec,Grenoble,ST1049,ST1052,2026-08-07 18:06:10,2026-08-07 18:17:10,11,3.19,3.75,cb
TR2608070020661,CL101890,EN00565,trottinette,Grenoble,ST1049,ST1056,2026-08-07 18:06:53,2026-08-07 18:17:53,11,3.58,3.42,cb
TR2608070020662,CL104221,EN00566,trottinette,Grenoble,ST1049,ST1049,2026-08-07 18:05:27,2026-08-07 18:18:27,13,3.68,3.86,cb
TR2608070020663,CL103802,EN00558,trottinette,Grenoble,ST1050,ST1053,2026-08-07 18:11:21,2026-08-07 18:18:21,7,1.84,2.54,paypal
TR2608070020664,CL108878,EN00549,velo_elec,Grenoble,ST1051,ST1054,2026-08-07 18:02:18,1786119558,17,3.59,5.25,cb
TR2608070020665,CL100750,EN00518,trottinette,Grenoble,ST1055,ST1054,2026-08-07 18:08:39,07/08/2026 18:14,6,1.93,2.32,cb
TR2608070020666,CL101178,EN00514,velo_elec,Grenoble,ST1055,ST1051,2026-08-07 18:05:20,2026-08-07 18:15:20,10,1.98,3.5,cb
TR2608070020667,CL104517,EN00029,velo_elec,Lyon,ST1001,ST1009,2026-08-07 18:23:44,2026-08-07 18:35:44,12,3.98,4.0,abonnement
TR2608070020668,CL103328,EN00122,trottinette,Lyon,ST1001,ST1013,2026-08-07 18:26:57,07/08/2026 18:33,7,2.12,2.54,abonnement
TR2608070020669,CL103821,EN00203,trottinette,lyon,ST1001,ST1016,2026-08-07 18:28:24,2026-08-07 18:45:24,17,5.54,4.74,abonnement
TR2608070020670,CL105549,EN00026,trottinette,Lyon,ST1002,ST1012,2026-08-07 18:31:17,2026-08-07 18:42:17,11,2.31,3.42,paypal
TR2608070020671,CL107652,EN00162,velo_elec,Lyon,ST1002,ST1019,2026-08-07 18:30:04,2026-08-07 18:39:04,9,1.64,3.25,abonnement
TR2608070020672,CL100600,EN00201,velo_elec,Lyon,ST1002,ST1010,2026-08-07 18:26:43,2026-08-07 18:32:43,6,1.15,2.5,abonnement
TR2608070020673,CL103000,EN00208,velo_elec,Lyon,ST1002,ST1002,2026-08-07 18:19:30,2026-08-07 18:22:30,3,0.8,1.75,abonnement
TR2608070020674,CL105820,EN00213,trottinette,Lyon,ST1003,ST1010,2026-08-07 18:28:36,2026-08-07 18:34:36,6,1.91,2.32,cb
TR2608070020675,CL103874,EN00006,trottinette,Lyon,ST1004,ST1012,2026-08-07 18:21:23,2026-08-07 18:30:23,9,2.75,2.98,
TR2608070020676,CL100600,EN00193,trottinette,Lyon,ST1008,ST1017,2026-08-07 18:27:32,2026-08-07 18:35:32,8,2.56,2.76,abonnement
TR2608070020677,CL108010,EN00018,trottinette,Lyon,ST1009,ST1012,2026-08-07 18:20:54,07/08/2026 18:25,5,0.82,2.1,paypal
TR2608070020678,CL107716,EN00219,velo_elec,Lyon,ST1010,ST1018,07/08/2026 18:22,07/08/2026 18:31,9,1.45,3.25,cb
TR2608070020679,CL105551,EN00177,velo_elec,Lyon,ST1011,ST1002,2026-08-07 18:29:56,2026-08-07 18:39:56,10,2.96,3.5,cb
TR2608070020680,CL107761,EN00186,trottinette,Lyon,ST1011,ST1005,2026-08-07 18:27:06,2026-08-07 18:43:06,16,3.19,4.52,cb
TR2608070020681,CL104313,EN00027,velo_elec,Lyon,ST1012,ST1003,07/08/2026 18:16,2026-08-07 18:45:12,29,6.35,8.25,cb
TR2608070020682,CL100974,EN00173,velo_elec,Lyon,ST1012,ST1005,2026-08-07 18:27:52,2026-08-07 18:41:52,14,4.7,4.5,cb
TR2608070020683,CL105144,EN00133,velo_elec,Lyon,ST1014,ST1001,2026-08-07 18:28:43,2026-08-07 18:40:43,12,2.68,4.0,abonnement
TR2608070020684,CL104228,EN00110,velo_elec,Lyon,ST1015,ST1011,2026-08-07 18:28:03,07/08/2026 18:42,14,2.84,4.5,cb
TR2608070020685,CL103978,EN00197,velo_elec,Lyon,ST1015,ST1008,2026-08-07 18:24:43,2026-08-07 18:29:43,5,0.78,2.25,abonnement
TR2608070020686,CL106533,EN00028,trottinette,Lyon,ST1017,ST1009,2026-08-07 18:18:05,1786119785,5,1.31,2.1,cb
TR2608070020687,CL100732,EN00055,trottinette,Lyon,ST1017,ST1019,07/08/2026 18:16,2026-08-07 18:30:21,14,4.1,4.08,paypal
TR2608070020688,CL103927,EN00168,velo_elec,Lyon,ST1019,ST1003,07/08/2026 18:29,07/08/2026 18:42,13,2.93,4.25,abonnement
TR2608070020689,CL103945,EN00199,velo_elec,LYON,ST1019,ST1005,2026-08-07 18:23:28,2026-08-07 18:52:28,29,5.42,8.25,cb
TR2608070020690,CL100983,EN00329,trottinette,Nantes,ST1023,ST1026,2026-08-07 18:28:19,07/08/2026 18:40,12,3.25,3.64,cb
TR2608070020691,CL104544,EN00244,trottinette,Nantes,ST1023,ST1022,07/08/2026 18:17,2026-08-07 18:26:36,9,1.39,2.98,cb
TR2608070020692,CL107777,EN00273,velo_elec,Nantes,ST1024,ST1021,2026-08-07 18:30:24,2026-08-07 18:42:24,12,2.29,4.0,cb
TR2608070020693,CL103947,EN00348,velo_elec,Nantes,ST1032,ST1026,2026-08-07 18:18:21,07/08/2026 18:30,12,2.43,4.0,abonnement
TR2608070020694,CL100834,EN00298,trottinette,Nantes,ST1033,ST1030,2026-08-07 18:28:40,2026-08-07 18:34:40,6,1.11,2.32,cb
TR2608070020695,CL105507,EN00493,velo_elec,Lille,ST1034,ST1040,1786119937,2026-08-07 18:43:37,18,3.64,5.5,cb
TR2608070020696,CL107994,EN00489,trottinette,Lille,ST1036,ST1045,2026-08-07 18:16:33,2026-08-07 18:28:33,12,2.2,3.64,abonnement
TR2608070020697,CL102236,EN00389,trottinette,Lille,ST1042,ST1040,2026-08-07 18:19:38,2026-08-07 18:36:38,17,5.91,4.74,cb
TR2608070020698,CL101438,EN00387,velo,Lille,ST1042,ST1040,1786119725,2026-08-07 18:37:05,15,4.68,3.25,cb
TR2608070020699,CL104235,EN00368,trottinette,Lille,ST1044,ST1041,1786119978,07/08/2026 18:46,20,5.82,5.4,cb
TR2608070020700,CL102331,EN00498,trottinette,Lille,ST1044,ST1037,2026-08-07 18:17:55,2026-08-07 18:52:55,35,6.49,8.7,cb
TR2608070020701,CL103411,EN00451,velo_elec,Lille,ST1045,ST1040,2026-08-07 18:18:07,1786120267,13,2.52,4.25,cb
TR2608070020702,CL102910,EN00523,velo_elec,Grenoble,ST1052,ST1053,,,10,3.06,3.5,cb
TR2608070020703,CL100993,EN00548,trottinette,Grenoble,ST1053,ST1055,2026-08-07 18:19:41,2026-08-07 18:27:41,8,2.19,2.76,abonnement
TR2608070020704,CL100867,EN00591,velo_elec,Grenoble,ST1057,ST1055,2026-08-07 18:27:55,1786121215,19,3.35,5.75,abonnement
TR2608070020705,CL103069,EN00056,velo_elec,Lyon,ST1001,ST1018,2026-08-07 18:39:00,2026-08-07 18:55:00,16,4.59,5.0,cb
TR2608070020706,CL104933,EN00208,velo_elec,Lyon,ST1002,ST1016,07/08/2026 18:45,2026-08-07 18:47:42,2,0.53,1.5,paypal
TR2608070020707,CL101358,EN00081,velo_elec,Lyon,ST1003,ST1017,2026-08-07 18:33:50,2026-08-07 18:43:50,10,2.71,3.5,cb
TR2608070020708,CL102507,EN00142,velo_elec,Lyon,ST1005,ST1003,2026-08-07 18:39:19,1786121179,7,1.76,2.75,abonnement
TR2608070020709,CL105283,EN00197,velo_elec,Lyon,ST1008,ST1014,2026-08-07 18:45:39,2026-08-07 19:00:39,15,4.94,4.75,abonnement
TR2608070020710,CL100918,EN00058,velo_elec,Lyon,ST1012,ST1018,2026-08-07 18:30:44,07/08/2026 18:41,11,3.69,3.75,cb
TR2608070020711,CL102565,EN00157,velo_elec,Lyon,ST1014,ST1006,2026-08-07 18:41:27,2026-08-07 18:46:27,5,1.07,2.25,abonnement
TR2608070020712,CL104245,EN00118,trottinette,Lyon,ST1014,ST1009,07/08/2026 18:31,2026-08-07 18:47:35,16,2.84,4.52,abonnement
TR2608070020713,CL100484,EN00131,trottinette,Lyonn,ST1017,ST1008,07/08/2026 18:37,2026-08-07 18:42:14,5,1.23,2.1,cb
TR2608070020714,CL107707,EN00219,velo_elec,Lyon,ST1018,ST1003,2026-08-07 18:37:19,2026-08-07 18:55:19,18,2.84,5.5,cb
TR2608070020715,CL107426,EN00050,velo_elec,Lyon,ST1019,ST1005,2026-08-07 18:32:12,07/08/2026 18:48,16,5.21,5.0,paypal
TR2608070020716,CL101247,EN00300,velo_elec,nantes,ST1020,ST1022,2026-08-07 18:43:23,07/08/2026 19:03,20,4.48,6.0,cb
TR2608070020717,CL102062,EN00257,trottinette,Nantes,ST1022,ST1020,1786120986,2026-08-07 18:55:06,12,2.68,3.64,cb
TR2608070020718,CL104072,EN00291,velo_elec,Nantes,ST1022,ST1025,2026-08-07 18:43:53,2026-08-07 18:58:53,15,4.23,4.75,cb
TR2608070020719,CL102015,EN00276,velo_elec,Nantes,ST1025,ST1030,2026-08-07 18:40:24,2026-08-07 19:22:24,42,11.93,11.5,
TR2608070020720,CL106297,EN00266,velo_elec,Nantes,ST1025,ST1020,07/08/2026 18:37,2026-08-07 18:41:45,4,0.97,2.0,abonnement
TR2608070020721,CL105712,EN00324,velo,NANTES,ST1025,ST1025,2026-08-07 18:33:47,2026-08-07 18:38:47,5,1.2,1.75,paypal
TR2608070020722,CL100213,EN00348,velo_elec,nantes,ST1026,ST1031,2026-08-07 18:44:18,2026-08-07 19:00:18,16,5.21,5.0,paypal
TR2608070020723,CL101113,EN00256,velo_elec,Nantes,ST1027,ST1021,07/08/2026 18:34,2026-08-07 18:45:25,11,1.78,3.75,abonnement
TR2608070020724,CL103441,EN00352,velo_elec,Nantes,ST1028,ST1027,2026-08-07 18:30:55,2026-08-07 18:46:55,16,4.5,5.0,paypal
TR2608070020725,CL106942,EN00442,trottinette,Lille,ST1034,ST1046,1786120623,2026-08-07 18:46:03,9,1.36,2.98,cb
TR2608070020726,CL103690,EN00413,trottinette,Lille,ST1035,ST1047,2026-08-07 18:38:46,2026-08-07 18:54:46,16,4.24,4.52,abonnement
TR2608070020727,CL108427,EN00396,velo_elec,Lille,ST1035,ST1037,2026-08-07 18:43:13,2026-08-07 18:55:13,12,2.16,4.0,paypal
TR2608070020728,CL106603,EN00404,trottinette,Lille,ST1036,ST1047,07/08/2026 18:36,1786121152,9,2.38,2.98,cb
TR2608070020729,CL104408,EN00445,velo_elec,Lille,ST1036,ST1040,1786120307,2026-08-07 18:34:47,3,0.96,1.75,paypal
TR2608070020730,CL102970,EN00391,velo_elec, Lille,ST1037,ST1045,2026-08-07 18:44:58,2026-08-07 18:49:58,5,0.87,2.25,abonnement
TR2608070020731,CL106007,EN00451,velo_elec,Lille,ST1040,ST1038,2026-08-07 18:31:47,2026-08-07 18:39:47,8,2.62,3.0,cb
TR2608070020732,CL104193,EN00364,velo,Lille,ST1042,ST1041,2026-08-07 18:44:56,1786121696,10,2.16,2.5,cb
TR2608070020733,CL100174,EN00423,velo_elec,Lille,ST1045,ST1043,2026-08-07 18:39:44,2026-08-07 18:45:44,6,0.96,2.5,paypal
TR2608070020734,CL105497,EN00424,velo_elec,Lille,ST1046,ST1035,2026-08-07 18:41:51,07/08/2026 18:47,6,2.09,2.5,abonnement
TR2608070020735,CL101999,EN00385,velo_elec,Lille,ST1046,ST1034,2026-08-07 18:41:23,2026-08-07 18:52:23,11,2.54,3.75,paypal
TR2608070020736,CL108247,EN00456,trottinette,Lille,ST1047,ST1035,2026-08-07 18:34:41,2026-08-07 18:48:41,14,3.26,4.08,abonnement
TR2608070020737,CL100666,EN00588,velo_elec,Grenoble,ST1048,ST1054,2026-08-07 18:36:00,2026-08-07 18:54:00,18,4.71,5.5,paypal
TR2608070020738,CL102482,EN00560,velo_elec,Grenoble,ST1048,ST1057,07/08/2026 18:38,2026-08-07 18:51:29,13,3.0,4.25,abonnement
TR2608070020739,CL106671,EN00516,velo_elec,Grenoble,ST1049,ST1057,2026-08-07 18:39:37,07/08/2026 18:50,11,3.85,3.75,abonnement
TR2608070020740,CL101567,EN00596,velo_elec,Grenoble,ST1051,ST1058,1786120753,2026-08-07 19:12:13,33,8.88,9.25,paypal
TR2608070020741,CL100344,EN00177,velo_elec,Lyon,ST1002,ST1008,1786121259,2026-08-07 18:56:39,9,2.38,3.25,
TR2608070020742,CL103826,EN00206,velo_elec,Lyon,ST1002,ST1007,07/08/2026 18:52,1786122862,22,5.99,6.5,cb
TR2608070020743,CL103384,EN00168,velo_elec,Lyon,ST1003,ST1007,2026-08-07 18:50:16,2026-08-07 19:07:16,17,4.98,5.25,cb
TR2608070020744,CL102381,EN00216,velo_elec,Lyon,ST1003,ST1019,07/08/2026 18:57,2026-08-07 19:21:04,24,6.35,7.0,abonnement
TR2608070020745,CL104764,EN00152,velo_elec,Lyon,ST1004,ST1019,1786121885,2026-08-07 19:03:05,5,0.79,2.25,abonnement
TR2608070020746,CL100240,EN00163,trottinette,Lyon,ST1004,ST1002,07/08/2026 18:47,07/08/2026 18:55,8,2.29,2.76,abonnement
TR2608070020747,CL106781,EN00170,trottinette,Lyon,ST1004,ST1007,2026-08-07 18:55:57,2026-08-07 19:06:57,11,2.38,3.42,abonnement
TR2608070020748,CL108886,EN00157,velo_elec,Lyon,ST1006,ST1015,2026-08-07 18:56:10,2026-08-07 19:11:10,15,2.87,4.75,cb
TR2608070020749,CL108656,EN00096,velo_elec,Lyon,ST1013,ST1015,2026-08-07 18:54:02,2026-08-07 19:06:02,8047,4.05,4.0,abonnement
TR2608070020750,CL101771,EN00266,velo_elec,Nantes,ST1020,ST1020,1786121818,2026-08-07 19:09:58,13,4.3,4.25,cb
TR2608070020751,CL103312,EN00286,velo_elec,Nantes,ST1027,ST1031,2026-08-07 18:52:35,2026-08-07 18:54:35,2,0.57,1.5,cb
TR2608070020752,CL102712,EN00357,trottinette,Nantes,ST1028,ST1024,2026-08-07 18:53:16,2026-08-07 18:59:16,6,1.76,2.32,abonnement
TR2608070020753,CL108902,EN00470,trottinette,Lille,ST1034,ST1045,2026-08-07 18:53:46,2026-08-07 19:02:46,9,1.78,2.98,abonnement
TR2608070020754,CL104325,EN00480,velo_elec,Lille,ST1034,ST1037,2026-08-07 18:48:55,2026-08-07 18:57:55,9,2.62,3.25,cb
TR2608070020755,CL103482,EN00403,trottinette,Lille,ST1034,ST1046,2026-08-07 18:53:07,2026-08-07 18:57:07,4,0.67,1.88,abonnement
TR2608070020756,CL101011,EN00405,trottinette,Lille,ST1034,ST1044,1786121699,2026-08-07 19:19:59,25,5.63,6.5,cb
TR2608070020757,CL103604,EN00459,velo_elec,Lille,ST1035,ST1036,2026-08-07 18:47:17,2026-08-07 18:51:17,-22,1.11,2.0,paypal
TR2608070020758,CL106447,EN00375,trottinette,Lille,ST1035,ST1037,2026-08-07 18:50:45,2026-08-07 18:54:45,4,0.62,1.88,cb
TR2608070020759,CL102135,EN00453,trottinette,Lille,ST1035,ST1045,2026-08-07 18:49:19,2026-08-07 19:06:19,17,4.32,4.74,cb
TR2608070020760,CL104037,EN00426,trottinette,Lille,ST1035,ST1039,2026-08-07 18:48:08,07/08/2026 19:04,16,4.97,4.52,abonnement
TR2608070020761,CL107861,EN00409,trottinette,Lille,ST1035,ST1037,2026-08-07 18:51:32,2026-08-07 19:02:32,11,2.63,3.42,cb
TR2608070020762,CL103866,EN00392,velo_elec, Lille,ST1036,ST1042,07/08/2026 18:52,2026-08-07 19:02:03,10,1.58,3.5,abonnement
TR2608070020763,CL104480,EN00462,velo_elec,Lille,ST1036,ST1045,2026-08-07 18:55:39,2026-08-07 19:12:39,17,5.63,5.25,cb
TR2608070020764,CL105790,EN00474,velo_elec,Lille,ST1037,ST1042,2026-08-07 18:53:41,2026-08-07 18:58:41,5,1.21,2.25,abonnement
TR2608070020765,CL107762,EN00437,velo,Lille,ST1042,ST1047,07/08/2026 18:52,07/08/2026 19:09,17,3.76,3.55,paypal
TR2608070020766,CL106773,EN00383,trottinette,Lille,ST1044,ST1037,07/08/2026 18:46,2026-08-07 18:53:01,7,1.57,2.54,cb
TR2608070020767,CL106442,EN00408,velo_elec,Lille,ST1045,ST1034,07/08/2026 18:48,2026-08-07 19:13:46,25,8.23,7.25,abonnement
TR2608070020768,CL104196,EN00361,trottinette,Lille,ST1047,ST1045,07/08/2026 18:48,2026-08-07 19:01:43,13,2.43,3.86,abonnement
TR2608070020769,CL103574,EN00533,velo_elec,Grenoble,ST1048,ST1055,2026-08-07 18:55:03,2026-08-07 19:19:03,24,4.69,7.0,cb
TR2608070020770,CL108273,EN00524,velo_elec,Grenoble,ST1049,ST1054,2026-08-07 18:58:32,2026-08-07 19:14:32,16,3.68,5.0,cb
TR2608070020771,CL106044,EN00577,velo_elec,Grenoble,ST1049,ST1048,2026-08-07 18:55:48,2026-08-07 19:03:48,8,1.54,3.0,cb
TR2608070020772,CL108511,EN00561,velo_elec,Grenoble,ST1049,ST1051,2026-08-07 18:49:55,2026-08-07 18:59:55,10,2.9,3.5,cb
TR2608070020773,CL107224,EN00548,trottinette,Grenoble,ST1055,ST1052,2026-08-07 18:52:14,2026-08-07 18:58:14,6,1.41,2.32,
TR2608070020774,CL106087,EN00535,velo_elec,Grenoble,ST1057,ST1057,2026-08-07 18:55:14,2026-08-07 19:05:14,10,2.41,3.5,paypal
TR2608070020775,CL104884,EN00219,velo_elec,Lyon,ST1003,ST1008,07/08/2026 19:03,2026-08-07 19:13:16,10,2.15,3.5,cb
TR2608070020776,CL101022,EN00112,velo_elec,Lyon,ST1004,ST1017,2026-08-07 19:13:22,2026-08-07 19:19:22,6,1.86,2.5,paypal
TR2608070020777,CL100702,EN00199,velo_elec,Lyon,ST1005,ST1003,2026-08-07 19:06:49,2026-08-07 19:15:49,9,2.45,3.25,cb
TR2608070020778,CL101523,EN00103,trottinette,LYON,ST1013,ST1003,2026-08-07 19:09:27,2026-08-07 19:54:27,45,14.06,10.9,cb
TR2608070020779,CL107175,EN00197,velo_elec,Lyon,ST1014,ST1016,,2026-08-07 19:16:39,10,2.21,3.5,cb
TR2608070020780,CL102136,EN00091,velo_elec,Lyon,ST1019,ST1012,07/08/2026 19:14,2026-08-07 19:28:58,14,4.5,4.5,paypal
TR2608070020781,CL103668,EN00333,trottinette,Nantes,ST1020,ST1031,2026-08-07 19:04:31,2026-08-07 19:16:31,12,1.81,3.64,cb
TR2608070020782,CL102312,EN00309,trottinette,Nantes,ST1021,ST1031,1786122083,2026-08-07 19:34:23,33,11.3,8.26,abonnement
TR2608070020783,CL108068,EN00328,velo_elec,Nantes,ST1022,ST1028,07/08/2026 19:03,2026-08-07 19:20:25,17,5.41,5.25,cb
TR2608070020784,CL102723,EN00291,velo_elec,Nantes,ST1025,ST1032,2026-08-07 19:09:12,2026-08-07 19:13:12,4,0.81,2.0,abonnement
TR2608070020785,CL108363,EN00424,velo_elec,Lille,ST1035,ST1040,2026-08-07 19:08:53,1786123253,12,2.48,4.0,abonnement
TR2608070020786,CL104729,EN00456,trottinette,Lille,ST1035,ST1039,2026-08-07 19:11:29,2026-08-07 19:14:29,3,0.7,1.66,cb
TR2608070020787,CL102215,EN00461,velo_elec,Lille,ST1047,ST1046,1786122752,2026-08-07 19:29:32,17,3.55,5.25,cb
TR2608070020788,CL105230,EN00547,trottinette,Grenoble,ST1048,ST1051,07/08/2026 19:03,07/08/2026 19:08,5,1.2,2.1,abonnement
TR2608070020789,CL106657,EN00519,velo_elec,Grenoble,ST1049,ST1056,1786122480,2026-08-07 19:32:00,24,7.93,7.0,cb
TR2608070020790,CL101780,EN00527,velo_elec,Grenoble,ST1056,ST1055,1786122829,2026-08-07 19:36:49,23,5.38,6.75,abonnement
TR2608070020791,CL105975,EN00133,velo_elec,Lyon,ST1001,ST1019,2026-08-07 19:22:46,2026-08-07 19:28:46,6,1.24,2.5,cb
TR2608070020792,CL106990,EN00066,trottinette,Lyon,ST1001,ST1010,07/08/2026 19:19,1786124894,29,4.63,7.38,abonnement
TR2608070020793,CL101989,EN00132,trottinette,Lyon,ST1004,ST1013,2026-08-07 19:24:27,2026-08-07 19:33:27,9,2.31,2.98,cb
TR2608070020794,CL103242,EN00168,velo_elec,Lyon,ST1007,ST1018,1786123127,2026-08-07 19:24:47,6,2.06,2.5,paypal
TR2608070020795,CL102888,EN00004,velo_elec,Lyon,ST1011,ST1011,2026-08-07 19:28:43,2026-08-07 19:53:43,25,5.71,7.25,
TR2608070020796,CL105462,EN00035,velo_elec,Lyon,ST1011,ST1013,2026-08-07 19:28:49,2026-08-07 19:35:49,7,2.32,2.75,cb
TR2608070020797,CL100513,EN00096,velo_elec,Lyon,ST1015,ST1005,2026-08-07 19:24:24,07/08/2026 20:05,41,10.36,11.25,paypal
TR2608070020798,CL104808,EN00086,velo_elec,Lyon,ST1017,ST1016,2026-08-07 19:29:23,,18,4.73,5.5,cb
TR2608070020799,CL102473,EN00019,trottinette,lyon,ST1017,ST1002,2026-08-07 19:25:53,2026-08-07 19:40:53,15,4.12,,cb
TR2608070020800,CL108325,EN00081,velo_elec,Lyon,ST1017,ST1017,2026-08-07 19:18:47,2026-08-07 20:08:47,50,17.21,13.5,cb
TR2608070020801,CL101206,EN00011,velo_elec,Lyon,ST1019,ST1010,2026-08-07 19:21:00,2026-08-07 19:50:00,29,9.29,8.25,paypal
TR2608070020802,CL108785,EN00319,velo_elec,Nantes,ST1021,ST1020,2026-08-07 19:21:49,,28,5.94,8.0,abonnement
TR2608070020803,CL101804,EN00317,trottinette,Nantes,ST1021,ST1024,2026-08-07 19:25:15,2026-08-07 19:58:15,33,8.22,8.26,abonnement
TR2608070020804,CL106901,EN00233,velo_elec,Nantes,ST1021,ST1032,2026-08-07 19:17:10,2026-08-07 19:30:10,13,2.69,4.25,abonnement
TR2608070020805,CL100796,EN00329,trottinette,Nantes,ST1026,ST1025,2026-08-07 19:19:24,2026-08-07 19:27:24,8,2.17,2.76,cb
TR2608070020806,CL104662,EN00482,velo_elec,Lille,ST1036,ST1043,2026-08-07 19:25:31,2026-08-07 19:28:31,3,0.76,1.75,abonnement
TR2608070020807,CL106871,EN00416,trottinette,lille,ST1038,ST1038,2026-08-07 19:20:28,2026-08-07 19:31:28,11,2.37,3.42,cb
TR2608070020808,CL101184,EN00493,velo_elec,Lille,ST1040,ST1038,2026-08-07 19:25:06,2026-08-07 19:32:06,7,2.21,2.75,cb
TR2608070020809,CL103674,EN00474,velo_elec,LILLE,ST1042,ST1040,2026-08-07 19:20:36,2026-08-07 19:26:36,6,1.47,2.5,cb
TR2608070020810,CL105611,EN00412,trottinette,Lille,ST1044,ST1034,2026-08-07 19:19:20,2026-08-07 19:38:20,19,4.46,5.18,cb
TR2608070020811,CL103634,EN00473,trottinette, Lille,ST1044,ST1034,07/08/2026 19:20,2026-08-07 19:26:07,6,1.44,2.32,abonnement
TR2608070020812,CL107823,EN00591,velo_elec,Grenoble,ST1055,ST1057,2026-08-07 19:29:17,2026-08-07 19:46:17,17,4.79,5.25,cb
TR2608070020813,CL108629,EN00516,velo_elec,GRENOBLE,ST1057,ST1058,2026-08-07 19:21:04,1786124224,16,3.04,5.0,abonnement
TR2608070020814,CL107325,EN00077,trottinette,Lyon,ST1002,ST1006,2026-08-07 19:44:52,2026-08-07 19:56:52,12,3.22,3.64,cb
TR2608070020815,CL102435,EN00092,trottinette,Lyon,ST1004,ST1010,2026-08-07 19:32:27,2026-08-07 19:38:27,6,1.81,2.32,cb
TR2608070020816,CL103384,EN00158,velo_elec,Lyon,ST1004,ST1015,,2026-08-07 19:56:37,3022,3.02,5.5,abonnement
TR2608070020817,CL106454,EN00050,velo_elec,Lyon,ST1005,ST1003,2026-08-07 19:40:26,07/08/2026 20:04,24,7.77,7.0,cb
TR2608070020818,CL101660,EN00184,velo_elec,Lyon ,ST1018,ST1011,2026-08-07 19:34:52,2026-08-07 19:40:52,6,1.56,2.5,cb
TR2608070020819,CL106564,EN00168,velo_elec,Lyon,ST1018,ST1003,2026-08-07 19:44:14,2026-08-07 19:51:14,7,2.06,2.75,abonnement
TR2608070020820,CL108153,EN00239,trottinette,Nantes,ST1022,ST1027,2026-08-07 19:40:13,2026-08-07 19:55:13,15,4.03,4.3,cb
TR2608070020821,CL105074,EN00328,velo_elec,Nantes,ST1028,ST1029,07/08/2026 19:39,2026-08-07 20:06:08,27,8.4,7.75,
TR2608070020822,CL101796,EN00340,velo_elec,Nantes,ST1030,ST1024,2026-08-07 19:36:51,,10,3.36,3.5,cb
TR2608070020823,CL100001,EN00286,velo_elec,Nantes,ST1031,ST1022,2026-08-07 19:44:17,2026-08-07 20:00:17,16,4.76,5.0,cb
TR2608070020824,CL105666,EN00382,trottinette,Lille,ST1035,ST1046,2026-08-07 19:37:43,2026-08-07 19:51:43,14,4.74,4.08,abonnement
TR2608070020825,CL102917,EN00477,trottinette,Lille,ST1036,ST1045,2026-08-07 19:42:57,07/08/2026 19:51,9,2.55,2.98,
TR2608070020826,CL100143,EN00459,velo_elec, Lille,ST1036,ST1047,07/08/2026 19:35,2026-08-07 19:47:26,12,2.89,4.0,abonnement
TR2608070020827,CL100601,EN00450,trottinette,Lille,ST1036,ST1039,2026-08-07 19:34:55,2026-08-07 19:48:55,14,2.6,4.08,abonnement
TR2608070020828,CL106698,EN00417,trottinette,Lille,ST1036,ST1037,2026-08-07 19:45:03,,6,0.94,2.32,cb
TR2608070020829,CL100802,EN00498,trottinette,Lille,ST1037,ST1041,2026-08-07 19:36:57,2026-08-07 19:49:57,13,2.07,3.86,cb
TR2608070020830,CL103093,EN00409,trottinette,Lille,ST1037,ST1041,07/08/2026 19:44,2026-08-07 20:01:35,17,4.66,4.74,cb
TR2608070020831,CL105418,EN00414,velo_elec,Lille,ST1041,ST1036,2026-08-07 19:36:16,2026-08-07 19:45:16,9,2.89,3.25,abonnement
TR2608070020832,CL102412,EN00512,velo_elec,Grenoble,ST1052,ST1058,2026-08-07 19:35:11,2026-08-07 19:50:11,15,3.86,4.75,cb
TR2608070020833,CL108318,EN00127,trottinette,Lyon,ST1001,ST1003,07/08/2026 19:46,2026-08-07 20:03:28,17,5.37,4.74,abonnement
TR2608070020834,CL106031,EN00199,velo_elec,Lyon,ST1003,ST1012,2026-08-07 20:00:32,2026-08-07 20:05:32,5,1.1,2.25,cb
TR2608070020835,CL108760,EN00087,trottinette,LYON,ST1003,ST1015,1786125435,2026-08-07 20:10:15,13,3.11,3.86,abonnement
TR2608070020836,CL107408,EN00063,velo_elec,Lyon,ST1004,ST1016,2026-08-07 19:49:15,1786125795,14,3.57,4.5,cb
TR2608070020837,CL103399,EN00112,velo_elec,Lyon ,ST1017,ST1011,,2026-08-07 20:03:18,5,0.83,2.25,abonnement
TR2608070020838,CL104300,EN00340,velo_elec,Nantes,ST1024,ST1030,1786125552,2026-08-07 20:09:12,10,2.47,3.5,abonnement
TR2608070020839,CL904356,EN00229,trottinette,Nantes,ST1027,ST1029,2026-08-07 19:49:32,2026-08-07 19:52:32,3,0.78,1.66,abonnement
TR2608070020840,CL107542,EN00249,velo_elec,Nantes,ST1030,ST1028,2026-08-07 19:57:38,2026-08-07 20:00:38,3,0.96,1.75,abonnement
TR2608070020841,CL102683,EN00393,trottinette,Lille,ST1035,ST1047,07/08/2026 19:53,07/08/2026 19:59,6,0.93,2.32,cb
TR2608070020842,CL100808,EN00414,velo_elec,Lille,ST1036,ST1036,2026-08-07 19:55:49,2026-08-07 20:12:49,17,4.98,5.25,paypal
TR2608070020843,CL101782,EN00420,trottinette,Lille,ST1037,ST1045,07/08/2026 19:54,07/08/2026 20:11,17,3.78,4.74,paypal
TR2608070020844,CL105486,EN00453,trottinette,Lille,ST1045,ST1044,2026-08-07 19:53:07,2026-08-07 20:05:07,12,2.29,3.64,abonnement
TR2608070020845,CL100665,EN00467,velo_elec,Lille,ST1047,ST1044,,07/08/2026 20:00,9,2.35,3.25,paypal
TR2608070020846,CL101434,EN00577,velo_elec,Grenoble,ST1048,ST1057,,07/08/2026 20:06,13,2.57,4.25,cb
TR2608070020847,CL102780,EN00600,trottinette,Grenoble,ST1049,ST1052,2026-08-07 19:57:15,1786126155,12,2.8,3.64,cb
TR2608070020848,CL106828,EN00544,velo_elec,Grenoble,ST1049,ST1051,2026-08-07 19:55:12,2026-08-07 20:05:12,10,1.55,3.5,abonnement
TR2608070020849,CL108341,EN00534,trottinette,Grenoble,ST1049,ST1057,2026-08-07 19:55:48,2026-08-07 20:04:48,9,2.78,2.98,abonnement
TR2608070020850,CL107577,EN00591,velo_elec,Grenoble,ST1057,ST1049,2026-08-07 19:53:48,2026-08-07 20:08:48,15,3.86,4.75,cb
TR2608070020851,CL108937,EN00560,velo_elec,Grenoble,ST1057,ST1055,2026-08-07 19:57:11,2026-08-07 20:01:11,4,0.8,2.0,cb
TR2608070020852,CL100209,EN00535,velo_elec,Grenoble,ST1057,ST1058,2026-08-07 19:54:03,07/08/2026 20:19,25,5.01,7.25,cb
TR2608070020853,CL105800,EN00186,trottinette,Lyon,ST1005,ST1006,07/08/2026 20:02,2026-08-07 20:19:35,17,5.21,4.74,paypal
TR2608070020854,CL104319,EN00028,trottinette,Lyon,ST1009,ST1012,2026-08-07 20:05:18,2026-08-07 20:33:18,28,6.81,7.16,abonnement
TR2608070020855,CL108307,EN00213,trottinette,lyon,ST1010,ST1017,2026-08-07 20:11:33,2026-08-07 20:31:33,20,6.05,5.4,cb
TR2608070020856,CL101307,EN00184,velo_elec,Lyon,ST1011,ST1014,2026-08-07 20:15:43,07/08/2026 20:22,7,2.09,2.75,paypal
TR2608070020857,CL106727,EN00055,trottinette,Lyon,ST1019,ST1015,2026-08-07 20:08:27,2026-08-07 20:15:27,7,1.3,2.54,cb
TR2608070020858,CL106555,EN00266,velo_elec,Nantes,ST1020,ST1021,2026-08-07 20:09:04,2026-08-07 20:28:04,19,4.68,5.75,abonnement
TR2608070020859,CL104297,EN00349,velo_elec,nantes,ST1020,ST1020,2026-08-07 20:14:59,2026-08-07 20:36:59,22,7.51,6.5,cb
TR2608070020860,CL105181,EN00235,trottinette,Nantes,ST1025,ST1031,2026-08-07 20:10:25,07/08/2026 20:19,9,2.85,2.98,abonnement
TR2608070020861,CL102788,EN00351,trottinette,Nantes,ST1033,ST1032,2026-08-07 20:14:16,2026-08-07 20:32:16,18,6.0,4.96,paypal
TR2608070020862,CL104233,EN00416,trottinette,LILLE,ST1038,ST1043,2026-08-07 20:14:06,07/08/2026 20:42,28,8.51,7.16,cb
TR2608070020863,CL104477,EN00423,velo_elec,Lille,ST1043,ST1047,2026-08-07 20:15:17,2026-08-07 20:20:17,7981,1.75,2.25,abonnement
TR2608070020864,CL102830,EN00492,velo_elec,Lille,ST1047,ST1037,2026-08-07 20:10:38,1786127078,14,3.64,4.5,cb
TR2608070020865,CL104052,EN00404,trottinette,Lille,ST1047,ST1042,2026-08-07 20:05:15,07/08/2026 20:20,15,3.86,4.3,
TR2608070020866,CL105741,EN00578,velo_elec,Grenoble,ST1048,ST1056,2026-08-07 20:15:49,2026-08-07 20:20:49,5,1.03,2.25,abonnement
TR2608070020867,CL100478,EN00556,trottinette,Grenoble,ST1057,ST1052,2026-08-07 20:05:56,2026-08-07 20:28:56,23,4.87,6.06,cb
TR2608070020868,CL108140,EN00551,trottinette,Grenoble,ST1058,ST1048,07/08/2026 20:04,2026-08-07 20:17:57,13,2.14,3.86,abonnement
TR2608070020869,CL103267,EN00127,trottinette,Lyon,ST1003,ST1012,2026-08-07 20:22:31,2026-08-07 20:39:31,17,5.07,4.74,abonnement
TR2608070020870,CL108778,EN00077,trottinette,Lyon,ST1006,ST1010,2026-08-07 20:23:26,07/08/2026 20:37,14,4.47,4.08,abonnement
TR2608070020871,CL108704,EN00170,trottinette,Lyon,ST1007,ST1011,07/08/2026 20:25,07/08/2026 20:38,13,4.12,3.86,cb
TR2608070020872,CL107903,EN00218,velo_elec,lyon,ST1013,ST1015,2026-08-07 20:26:55,2026-08-07 20:42:55,16,3.23,5.0,cb
TR2608070020873,CL103765,EN00081,velo_elec,Lyon,ST1017,ST1007,2026-08-07 20:16:50,2026-08-07 20:27:50,11,2.15,3.75,cb
TR2608070020874,CL102849,EN00229,trottinette,Nantes,ST1029,ST1023,07/08/2026 20:22,07/08/2026 20:33,11,3.51,3.42,cb
TR2608070020875,CL105744,EN00475,trottinette,Lille,ST1035,ST1036,07/08/2026 20:16,2026-08-07 20:28:03,12,3.47,3.64,cb
TR2608070020876,CL100040,EN00474,velo_elec,Lille,ST1040,ST1039,2026-08-07 20:25:03,2026-08-07 20:53:03,28,9.29,8.0,abonnement
TR2608070020877,CL100366,EN00392,velo_elec, Lille,ST1042,ST1036,2026-08-07 20:26:51,2026-08-07 20:46:51,20,3.32,6.0,cb
TR2608070020878,CL106180,EN00482,velo_elec,Lille,ST1043,ST1040,2026-08-07 20:17:01,1786127041,7,1.76,2.75,cb
TR2608070020879,CL108358,EN00461,velo_elec,Lille,ST1046,ST1035,1786126582,07/08/2026 21:05,49,7.45,13.25,cb
TR2608070020880,CL106674,EN00485,trottinette,Lille,ST1047,ST1044,07/08/2026 20:16,07/08/2026 20:23,7,2.0,2.54,cb
TR2608070020881,CL103360,EN00413,trottinette,Lille,ST1047,ST1043,07/08/2026 20:20,07/08/2026 20:32,12,2.8,3.64,abonnement
TR2608070020882,CL102451,EN00565,trottinette,Grenoble,ST1056,ST1049,2026-08-07 20:24:19,2026-08-07 20:36:19,12,3.79,3.64,cb
TR2608070020883,CL107245,EN00516,velo_elec,Grenoble,ST1058,ST1057,1786126598,2026-08-07 20:40:38,24,5.4,7.0,cb
TR2608070020884,CL100705,EN00160,velo_elec,Lyon,ST1010,ST1009,2026-08-07 20:42:19,2026-08-07 20:48:19,6,1.41,2.5,paypal
TR2608070020885,CL106199,EN00042,trottinette,Lyon,ST1013,ST1006,07/08/2026 20:38,2026-08-07 20:54:15,16,4.34,4.52,cb
TR2608070020886,CL101589,EN00035,velo_elec,Lyon,ST1013,ST1003,2026-08-07 20:42:19,1786129159,17,4.94,5.25,cb
TR2608070020887,CL108292,EN00357,trottinette,Nantes,ST1024,ST1025,2026-08-07 20:34:41,07/08/2026 20:44,10,2.74,3.2,cb
TR2608070020888,CL105319,EN00329,trottinette,Nantes,ST1025,ST1025,07/08/2026 20:34,2026-08-07 20:39:34,5,1.7,2.1,abonnement
TR2608070020889,CL101904,EN00306,velo,Nantes,ST1026,ST1020,2026-08-07 20:38:42,2026-08-07 21:17:42,39,7.53,6.85,abonnement
TR2608070020890,CL100234,EN00551,trottinette,Grenoble,ST1048,ST1052,2026-08-07 20:32:33,07/08/2026 22:02,90,27.04,20.8,cb
TR2608070020891,CL107002,EN00584,trottinette,Grenoble,ST1058,ST1054,2026-08-07 20:40:09,2026-08-07 20:44:09,4,1.11,1.88,cb
TR2608070020892,CL101806,EN00031,velo_elec,Lyon,ST1001,ST1005,2026-08-07 21:00:01,2026-08-07 21:20:01,20,3.97,6.0,
TR2608070020893,CL103756,EN00168,velo_elec,Lyon,ST1003,ST1018,07/08/2026 20:48,2026-08-07 21:04:21,16,3.28,5.0,cb
TR2608070020894,CL108413,EN00219,velo_elec,Lyon,ST1008,ST1009,07/08/2026 20:56,2026-08-07 21:20:42,24,7.59,7.0,paypal
TR2608070020895,CL106099,EN00130,velo_elec,Lyon,ST1010,ST1014,2026-08-07 20:47:37,2026-08-07 20:57:37,10,2.37,3.5,abonnement
TR2608070020896,CL103584,EN00271,velo_elec,Nantes,ST1021,ST1024,2026-08-07 20:58:54,2026-08-07 21:06:54,8,2.47,3.0,cb
TR2608070020897,CL102140,EN00346,velo,Nantes,ST1026,ST1025,2026-08-07 20:56:29,2026-08-07 21:07:29,11,2.25,2.65,cb
TR2608070020898,CL105843,EN00412,trottinette,Lille,ST1034,ST1036,07/08/2026 20:50,,31,9.5,7.82,abonnement
TR2608070020899,CL103433,EN00418,trottinette,Lille,ST1038,ST1046,2026-08-07 20:54:42,2026-08-07 21:05:42,11,2.69,3.42,cb
TR2608070020900,CL101803,EN00423,velo_elec,Lille,ST1047,ST1041,2026-08-07 20:53:49,2026-08-07 21:06:49,13,2.81,4.25,abonnement
TR2608070020901,CL107874,EN00591,velo_elec,Grenoble,ST1049,ST1056,2026-08-07 20:53:14,2026-08-07 20:59:14,6,1.2,2.5,abonnement
TR2608070020902,CL108487,EN00522,velo_elec,Grenoble,ST1053,ST1053,2026-08-07 20:50:49,2026-08-07 20:57:49,7,1.81,2.75,cb
TR2608070020903,CL106936,EN00545,trottinette,Grenoble,ST1056,ST1049,2026-08-07 20:47:12,,18,3.47,4.96,paypal
TR2608070020904,CL103101,EN00138,velo_elec,Lyon,ST1001,ST1017,2026-08-07 21:01:13,2026-08-07 21:15:13,14,2.63,4.5,abonnement
TR2608070020905,CL107872,EN00173,velo_elec,Lyon,ST1005,ST1019,2026-08-07 21:06:32,2026-08-07 21:20:32,14,3.23,4.5,paypal
TR2608070020906,CL105231,EN00160,velo_elec,Lyon,ST1009,ST1003,2026-08-07 21:15:23,2026-08-07 21:31:23,16,3.34,5.0,cb
TR2608070020907,CL104047,EN00174,velo_elec,Lyon,ST1016,ST1016,2026-08-07 21:04:44,2026-08-07 21:19:44,15,2.76,4.75,paypal
TR2608070020908,CL103522,EN00259,trottinette,Nantes,ST1020,ST1025,2026-08-07 21:01:10,2026-08-07 21:06:10,5,1.73,2.1,cb
TR2608070020909,CL104951,EN00229,trottinette,Nantes,ST1023,ST1024,2026-08-07 21:09:45,2026-08-07 21:15:45,6,1.67,2.32,paypal
TR2608070020910,CL105805,EN00385,velo_elec,Lille,ST1034,ST1035,2026-08-07 21:09:24,2026-08-07 21:24:24,15,2.64,4.75,cb
TR2608070020911,CL108900,EN00424,velo_elec,Lille,ST1040,ST1037,2026-08-07 21:11:47,2026-08-07 21:14:47,3,0.66,1.75,abonnement
TR2608070020912,CL107589,EN00453,trottinette,Lille,ST1044,ST1037,2026-08-07 21:09:07,2026-08-07 21:24:07,15,5.23,4.3,abonnement
TR2608070020913,CL100517,EN00570,trottinette,Grenoble,ST1048,ST1051,2026-08-07 21:09:46,2026-08-07 21:15:46,6,1.92,2.32,abonnement
TR2608070020914,CL102943,EN00061,trottinette,LYON,ST1001,ST1015,2026-08-07 21:22:49,2026-08-07 21:40:49,18,2.72,4.96,abonnement
TR2608070020915,CL102975,EN00119,trottinette,Lyon,ST1005,ST1005,2026-08-07 21:24:24,07/08/2026 21:37,13,3.17,3.86,abonnement
TR2608070020916,CL107677,EN00192,velo_elec,Lyon,ST1018,ST1010,2026-08-07 21:23:43,07/08/2026 21:40,17,2.77,5.25,cb
TR2608070020917,CL106088,EN00078,velo_elec,Lyon,ST1019,ST1011,2026-08-07 21:28:38,2026-08-07 22:09:38,41,11.96,11.25,cb
TR2608070020918,CL102485,EN00221,velo_elec,Nantes,ST1021,ST1033,2026-08-07 21:18:11,2026-08-07 21:23:11,5,1.63,2.25,cb
TR2608070020919,CL102777,EN00340,velo_elec,Nantes,ST1030,ST1031,2026-08-07 21:23:19,2026-08-07 21:53:19,30,6.4,8.5,cb
TR2608070020920,CL103076,EN00498,trottinette,Lille,ST1041,ST1036,2026-08-07 21:18:40,2026-08-07 21:24:40,6,2.08,2.32,abonnement
TR2608070020921,CL102942,EN00571,trottinette,Grenoble,ST1048,ST1050,2026-08-07 21:20:46,07/08/2026 21:26,6,1.12,2.32,cb
TR2608070020922,CL100880,EN00565,trottinette,Grenoble,ST1049,ST1055,2026-08-07 21:18:40,2026-08-07 21:23:40,5,1.04,2.1,cb
TR2608070020923,CL108853,EN00566,trottinette,Grenoble,ST1049,ST1048,2026-08-07 21:24:06,2026-08-07 21:37:06,13,3.65,3.86,cb
TR2608070020924,CL102418,EN00512,velo_elec,Grenoble,ST1058,ST1050,1786130907,2026-08-07 21:51:27,23,5.5,6.75,paypal
TR2608070020925,CL103584,EN00256,velo_elec,Nantes,ST1021,ST1025,2026-08-07 21:31:54,2026-08-07 21:38:54,7,1.85,2.75,abonnement
TR2608070020926,CL106406,EN00467,velo_elec,Lille,ST1044,ST1043,2026-08-07 21:31:42,,13,4.11,4.25,cb
TR2608070020927,CL107791,EN00393,trottinette,Lille,ST1047,ST1042,2026-08-07 21:43:45,2026-08-07 22:02:45,19,4.84,5.18,abonnement
TR2608070020928,CL103156,EN00115,velo_elec,Lyon,ST1004,ST1009,07/08/2026 21:52,2026-08-07 22:05:45,13,2.23,4.25,abonnement
TR2608070020929,CL100030,EN00004,velo_elec,Lyon,ST1011,ST1007,2026-08-07 21:54:29,2026-08-07 22:00:29,6,1.21,2.5,cb
TR2608070020930,CL102313,EN00073,velo_elec,Lyon,ST1013,ST1018,2026-08-07 21:58:38,07/08/2026 22:16,18,6.12,5.5,paypal
TR2608070020931,CL102774,EN00132,trottinette,Lyon,ST1013,ST1010,2026-08-07 21:52:20,2026-08-07 22:02:20,10,2.83,3.2,abonnement
TR2608070020932,CL105030,EN00417,trottinette,Lille,ST1037,ST1047,07/08/2026 21:52,2026-08-07 22:06:04,14,3.93,4.08,cb
TR2608070020933,CL102273,EN00405,trottinette,Lille,ST1044,ST1038,2026-08-07 21:50:56,2026-08-07 22:04:56,14,4.12,4.08,cb
TR2608070020934,CL106294,EN00516,velo_elec,Grenoble,ST1057,ST1055,07/08/2026 21:59,2026-08-07 22:10:13,11,1.87,3.75,cb
TR2608070020935,CL100242,EN00160,velo_elec,Lyon,ST1003,ST1007,2026-08-07 22:11:59,2026-08-07 22:23:59,12,3.21,4.0,abonnement
TR2608070020936,CL100561,EN00055,trottinette,Lyon,ST1015,ST1010,1786133428,2026-08-07 22:23:28,13,3.3,3.86,cb
TR2608070020937,CL105299,EN00236,velo_elec,Nantes,ST1032,ST1027,07/08/2026 22:06,1786134179,16,5.35,5.0,cb
TR2608070020938,CL100089,EN00506,trottinette,Grenoble,ST1049,ST1049,07/08/2026 22:07,2026-08-07 22:25:51,-7,4.81,4.96,paypal
TR2608070020939,CL107659,EN00522,velo_elec,Grenoble,ST1053,ST1052,2026-08-07 22:04:12,07/08/2026 22:09,5,1.31,2.25,paypal
TR2608070020940,CL106148,EN00591,velo_elec,Grenoble,ST1056,ST1056,2026-08-07 22:04:26,2026-08-07 22:13:26,9,2.85,3.25,cb
TR2608070020941,CL106958,EN00004,velo_elec,Lyon,ST1007,ST1019,07/08/2026 22:24,1786134674,7,1.38,2.75,paypal
TR2608070020942,CL104513,EN00005,velo_elec,Lyon,ST1018,ST1003,2026-08-07 22:24:58,2026-08-07 22:33:58,9,2.65,3.25,cb
TR2608070020943,CL108123,EN00249,velo_elec,Nantes,ST1028,ST1029,2026-08-07 22:20:55,2026-08-07 22:36:55,16,5.15,5.0,cb
TR2608070020944,CL107151,EN00354,velo_elec,Nantes,ST1032,ST1029,07/08/2026 22:18,2026-08-07 22:30:31,12,4.19,4.0,paypal
TR2608070020945,CL105453,EN00213,trottinette,Lyon,ST1017,ST1010,2026-08-07 22:37:03,2026-08-07 22:45:03,8,2.0,2.76,cb
TR2608070020946,CL103572,EN00393,trottinette,Lille,ST1042,ST1036,07/08/2026 22:43,2026-08-07 23:05:12,22,7.01,5.84,paypal
TR2608070020947,CL103380,EN00591,velo_elec,Grenoble,ST1056,ST1054,2026-08-07 22:43:57,2026-08-07 22:58:57,15,4.91,4.75,cb
TR2608070020948,CL108098,EN00218,velo_elec,Lyon,ST1015,ST1002,2026-08-07 22:51:23,2026-08-07 23:02:23,11,3.2,3.75,cb
TR2608070020949,CL104219,EN00339,velo_elec,Nantes,ST1020,ST1032,2026-08-07 22:51:06,2026-08-07 22:54:06,3,0.8,1.75,cb
TR2608070020950,CL103903,EN00350,velo,Nantes,ST1026,ST1023,,2026-08-07 23:23:14,25,5.8,4.75,paypal
TR2608070020951,CL100492,EN00512,velo_elec,Grenoble,ST1050,ST1056,2026-08-07 22:59:44,2026-08-07 23:15:44,16,4.02,5.0,abonnement
TR2608070020952,CL101122,EN00005,velo_elec,Lyon,ST1003,ST1014,2026-08-07 23:05:49,2026-08-07 23:10:49,5,1.26,2.25,paypal
TR2608070020953,CL108660,EN00174,velo_elec,Lyon,ST1016,ST1016,2026-08-07 23:06:19,2026-08-07 23:23:19,17,2.79,5.25,
TR2608070020954,CL101327,EN00507,trottinette,Grenoble,ST1049,ST1049,2026-08-07 23:31:03,2026-08-07 23:38:03,7,1.26,2.54,abonnement
TR2608070020955,CL104930,EN00559,trottinette,Grenoble,ST1053,ST1048,07/08/2026 23:19,07/08/2026 23:31,12,2.87,3.64,cb
TR2608070020956,CL106536,EN00516,velo_elec,Grenoble,ST1055,ST1053,2026-08-07 23:23:22,2026-08-07 23:32:22,9,2.14,3.25,cb
TR2608070020957,CL104589,EN00577,velo_elec,Grenoble,ST1057,ST1048,1786138209,1786138929,12,4.07,4.0,cb
TR2608070020958,CL101770,EN00099,velo_elec,Lyon,ST1016,ST1003,2026-08-07 23:31:55,2026-08-07 23:39:55,8,2.32,3.0,cb
TR2608070020959,CL107114,EN00123,velo_elec,lyon,ST1019,ST1015,07/08/2026 23:41,08/08/2026 00:20,39,9.45,10.75,cb
TR2608070020960,CL107085,EN00382,trottinette,Lille,ST1046,ST1035,2026-08-07 23:53:58,2026-08-07 23:59:58,6,2.08,2.32,cb
