trajet_id,client_id,engin_id,type_engin,ville,station_depart,station_arrivee,debut,fin,duree_min,distance_km,montant_eur,moyen_paiement
TR2608150028971,CL105644,EN00420,trottinette,Lille,ST1047,ST1047,2026-08-15 00:03:02,2026-08-15 00:11:02,8,1.65,2.76,paypal
TR2608150028972,CL101567,EN00539,velo_elec,Grenoble,ST1052,ST1048,2026-08-15 00:26:21,2026-08-15 00:45:21,-27,3.81,5.75,abonnement
TR2608150028973,CL107760,EN00028,trottinette,Lyon,ST1014,ST1009,2026-08-15 00:48:38,2026-08-15 01:08:38,20,4.08,5.4,cb
TR2608150028974,CL100907,EN00361,trottinette,Lille,ST1034,ST1039,2026-08-15 01:24:14,2026-08-15 01:36:14,12,3.05,3.64,cb
TR2608150028975,CL104046,EN00462,velo_elec,Lille,ST1046,ST1039,2026-08-15 01:26:30,15/08/2026 01:34,8,2.8,3.0,abonnement
TR2608150028976,CL102503,EN00565,trottinette,Grenoble,ST1052,ST1058,15/08/2026 01:40,2026-08-15 01:57:22,17,5.67,4.74,abonnement
TR2608150028977,CL105251,EN00592,velo_elec,Grenoble,ST1057,ST1057,2026-08-15 01:37:36,15/08/2026 02:12,35,8.03,9.75,abonnement
TR2608150028978,CL106380,EN00258,trottinette,Nantes,ST1022,ST1023,15/08/2026 02:57,15/08/2026 03:11,14,4.56,4.08,cb
TR2608150028979,CL105554,EN00456,trottinette,Lille,ST1036,ST1034,2026-08-15 03:04:40,15/08/2026 03:09,5,1.28,2.1,paypal
TR2608150028980,CL108866,EN00304,velo_elec,Nantes,ST1021,ST1020,2026-08-15 03:36:42,2026-08-15 03:55:42,19,5.99,5.75,paypal
TR2608150028981,CL102032,EN00307,trottinette,Nantes,ST1029,ST1023,2026-08-15 03:39:30,2026-08-15 03:44:30,5,1.41,2.1,abonnement
TR2608150028982,CL108210,EN00577,velo_elec,Grenoble,ST1055,ST1056,2026-08-15 03:39:38,2026-08-15 03:57:38,18,4.35,5.5,abonnement
TR2608150028983,CL102056,EN00227,trottinette,Nantes,ST1030,ST1020,2026-08-15 04:02:19,2026-08-15 04:16:19,14,3.18,4.08,cb
TR2608150028984,CL103192,EN00039,velo_elec,Lyon,ST1018,ST1016,2026-08-15 04:54:03,1786762743,5,1.43,2.25,cb
TR2608150028985,CL100659,EN00014,velo_elec,Lyon,ST1017,ST1017,,15/08/2026 06:29,63,11.4,16.75,cb
TR2608150028986,CL102097,EN00544,velo_elec,Grenoble,ST1054,ST1054,15/08/2026 05:27,2026-08-15 05:50:12,23,4.28,6.75,cb
TR2608150028987,CL101054,EN00588,velo_elec,Grenoble,ST1055,ST1056,2026-08-15 05:25:35,2026-08-15 05:35:35,10,3.1,3.5,cb
TR2608150028988,CL100250,EN00352,velo_elec,Nantes,ST1020,ST1026,2026-08-15 05:36:28,2026-08-15 05:43:28,7,2.07,2.75,abonnement
TR2608150028989,CL107713,EN00512,velo_elec,Grenoble,ST1049,ST1050,2026-08-15 05:39:06,2026-08-15 05:53:06,14,2.48,4.5,abonnement
TR2608150028990,CL102854,EN00512,velo_elec,Grenoble,ST1050,ST1052,2026-08-15 06:12:03,2026-08-15 06:31:03,19,4.03,5.75,cb
TR2608150028991,CL103675,EN00271,velo_elec,Nantes,ST1033,ST1027,,2026-08-15 06:34:26,14,2.34,4.5,cb
TR2608150028992,CL106054,EN00428,velo_elec,Lille,ST1040,ST1039,2026-08-15 06:17:50,2026-08-15 06:25:50,8,2.7,3.0,cb
TR2608150028993,CL107249,EN00483,trottinette,Lille,ST1043,ST1035,2026-08-15 06:46:01,2026-08-15 06:55:01,9,1.86,2.98,abonnement
TR2608150028994,CL105489,EN00264,trottinette,Nantes,ST1020,ST1032,2026-08-15 07:12:45,2026-08-15 07:27:45,15,2.29,,cb
TR2608150028995,CL104416,EN00229,trottinette,Nantes,ST1021,ST1025,2026-08-15 07:10:44,2026-08-15 07:28:44,18,3.52,4.96,cb
TR2608150028996,CL106849,EN00284,trottinette,Nantes,ST1023,ST1021,2026-08-15 07:02:47,2026-08-15 07:22:47,20,6.77,5.4,cb
TR2608150028997,CL107588,EN00230,velo_elec,Nantes,ST1033,ST1027,15/08/2026 07:01,2026-08-15 07:25:39,24,7.38,7.0,cb
TR2608150028998,CL108367,EN00451,velo_elec,Lille,ST1038,ST1043,2026-08-15 07:02:09,2026-08-15 07:11:09,3894,1.69,3.25,cb
TR2608150028999,CL103697,EN00417,trottinette,Lille,ST1045,ST1039,2026-08-15 07:11:11,15/08/2026 07:27,16,5.39,4.52,cb
TR2608150029000,CL106627,EN00253,trottinette,NANTES,ST1020,ST1028,2026-08-15 07:16:50,1786771550,9,3.09,2.98,abonnement
TR2608150029001,CL101302,EN00238,velo_elec,Nante,ST1021,ST1021,2026-08-15 07:29:40,1786772320,9,2.43,3.25,abonnement
TR2608150029002,CL103333,EN00259,trottinette,Nantes,ST1032,ST1030,2026-08-15 07:29:14,2026-08-15 07:53:14,24,5.29,6.28,paypal
TR2608150029003,CL101363,EN00268,trottinette,Nantes,ST1033,ST1023,2026-08-15 07:30:33,2026-08-15 07:57:33,27,9.44,6.94,cb
TR2608150029004,CL108913,EN00420,trottinette,Lille,ST1044,ST1034,1786771332,2026-08-15 07:35:12,13,4.42,3.86,cb
TR2608150029005,CL103632,EN00517,trottinette,Grenoble,ST1053,ST1058,2026-08-15 07:17:33,15/08/2026 07:24,7,2.04,2.54,cb
TR2608150029006,CL104521,EN00056,velo_elec,Lyon,ST1004,ST1016,15/08/2026 07:44,2026-08-15 07:48:54,4,1.1,2.0,cb
TR2608150029007,CL102131,EN00304,velo_elec,Nantes,ST1020,ST1032,2026-08-15 07:44:05,2026-08-15 07:55:05,11,1.67,3.75,cb
TR2608150029008,CL108164,EN00358,trottinette,Nantes,ST1022,ST1026,2026-08-15 07:33:57,2026-08-15 07:40:57,7,1.32,2.54,cb
TR2608150029009,CL107093,EN00560,velo_elec,Grenoble,ST1054,ST1048,15/08/2026 07:35,2026-08-15 07:41:15,6,1.03,2.5,abonnement
TR2608150029010,CL100930,EN00509,trottinette,GRENOBLE,ST1057,ST1057,2026-08-15 07:40:19,,20,4.39,5.4,abonnement
TR2608150029011,CL103036,EN00018,trottinette,Lyon,ST1008,ST1005,2026-08-15 07:46:44,2026-08-15 07:49:44,3,0.9,1.66,abonnement
TR2608150029012,CL106401,EN00421,velo_elec,Lille,ST1044,ST1044,2026-08-15 08:00:58,2026-08-15 08:16:58,16,3.94,5.0,abonnement
TR2608150029013,CL103309,EN00533,velo_elec,Grenoble,ST1052,ST1048,2026-08-15 07:49:39,2026-08-15 08:07:39,18,5.37,5.5,paypal
TR2608150029014,CL102653,EN00202,trottinette,Lyon,ST1005,ST1013,2026-08-15 08:11:05,2026-08-15 08:31:05,20,3.07,5.4,paypal
TR2608150029015,CL108700,EN00197,velo_elec,Lyon,ST1014,ST1016,2026-08-15 08:04:09,2026-08-15 08:32:09,28,8.49,8.0,cb
TR2608150029016,CL103566,EN00140,trottinette,Lyon,ST1019,ST1003,15/08/2026 08:06,15/08/2026 08:31,25,7.02,6.5,cb
TR2608150029017,CL100596,EN00023,trottinette,Lyonn,ST1019,ST1010,15/08/2026 08:05,2026-08-15 08:26:52,21,5.34,5.62,cb
TR2608150029018,CL105723,EN00325,trottinette,Nantes,ST1020,ST1027,15/08/2026 08:03,2026-08-15 08:21:35,18,4.97,4.96,cb
TR2608150029019,CL107438,EN00266,velo_elec,Nantes,ST1024,ST1031,2026-08-15 08:11:08,2026-08-15 08:35:08,24,6.37,7.0,cb
TR2608150029020,CL102045,EN00460,velo_elec,Lille,ST1035,ST1042,2026-08-15 08:07:30,15/08/2026 08:15,8,1.53,3.0,cb
TR2608150029021,CL100444,EN00453,trottinette,Lille,ST1037,ST1043,2026-08-15 08:10:22,2026-08-15 08:40:22,30,8.78,7.6,cb
TR2608150029022,CL105843,EN00496,velo_elec,Lille,ST1038,ST1046,2026-08-15 08:03:39,2026-08-15 08:09:39,6,1.33,2.5,cb
TR2608150029023,CL108672,EN00422,velo_elec,Lille,ST1041,ST1045,,2026-08-15 08:03:30,2,0.51,1.5,paypal
TR2608150029024,CL104855,EN00067,velo_elec,lyon,ST1007,ST1005,2026-08-15 08:28:33,2026-08-15 08:35:33,7,1.39,2.75,abonnement
TR2608150029025,CL107428,EN00278,trottinette,Nantes,ST1022,ST1030,2026-08-15 08:22:15,2026-08-15 08:31:15,9,2.3,2.98,cb
TR2608150029026,CL102920,EN00321,velo_elec,Nantes,ST1022,ST1024,2026-08-15 08:20:54,2026-08-15 08:28:54,8,1.44,3.0,cb
TR2608150029027,CL106083,EN00287,velo_elec,Nantes,ST1033,ST1021,1786775105,15/08/2026 08:34,9,2.21,,abonnement
TR2608150029028,CL101198,EN00484,velo_elec,Lille,ST1034,ST1038,2026-08-15 08:29:05,2026-08-15 09:15:05,46,7.65,12.5,
TR2608150029029,CL103671,EN00411,trottinette,Lille,ST1035,ST1045,2026-08-15 08:26:44,15/08/2026 08:39,13,2.32,3.86,cb
TR2608150029030,CL103189,EN00475,trottinette,Lille,ST1036,ST1044,15/08/2026 08:21,15/08/2026 08:35,14,4.76,4.08,abonnement
TR2608150029031,CL107266,EN00402,trottinette,Lille,ST1039,ST1041,2026-08-15 08:23:07,2026-08-15 08:31:07,8,2.62,2.76,paypal
TR2608150029032,CL103904,EN00380,velo_elec,Lille,ST1045,ST1044,2026-08-15 08:21:19,2026-08-15 08:34:19,13,2.24,4.25,cb
TR2608150029033,CL101224,EN00422,velo_elec,Lille,ST1045,ST1037,2026-08-15 08:30:08,2026-08-15 08:39:08,9,1.71,3.25,abonnement
TR2608150029034,CL105675,EN00523,velo_elec,Grenoble,ST1055,ST1048,15/08/2026 08:25,2026-08-15 08:33:03,-25,2.65,3.0,cb
TR2608150029035,CL107746,EN00501,trottinette,GRENOBLE,ST1056,ST1054,2026-08-15 08:19:25,2026-08-15 08:21:25,2,0.39,1.44,cb
TR2608150029036,CL105818,EN00220,velo_elec,Lyon,ST1001,ST1007,15/08/2026 08:33,2026-08-15 08:40:08,7,1.08,2.75,abonnement
TR2608150029037,CL104616,EN00142,velo_elec,LYON,ST1019,ST1007,1786775772,2026-08-15 08:49:12,13,4.53,4.25,abonnement
TR2608150029038,CL103094,EN00270,velo_elec,NANTES,ST1022,ST1028,1786775987,2026-08-15 08:46:47,7,1.9,2.75,paypal
TR2608150029039,CL104609,EN00337,trottinette,Nantes,ST1024,ST1024,15/08/2026 08:43,2026-08-15 09:08:11,25,5.72,6.5,cb
TR2608150029040,CL100339,EN00352,velo_elec,Nantes,ST1026,ST1028,2026-08-15 08:38:15,1786776615,12,2.27,4.0,abonnement
TR2608150029041,CL107382,EN00232,trottinette,Nantes,ST1031,ST1029,2026-08-15 08:32:33,2026-08-15 08:38:33,6,1.88,2.32,cb
TR2608150029042,CL100846,EN00449,trottinette,Lille,ST1036,ST1043,2026-08-15 08:33:21,2026-08-15 08:51:21,-21,4.6,4.96,cb
TR2608150029043,CL104576,EN00379,velo_elec,Lille,ST1036,ST1040,2026-08-15 08:31:21,2026-08-15 08:51:21,20,5.34,6.0,abonnement
TR2608150029044,CL107331,EN00402,trottinette,Lille,ST1041,ST1045,2026-08-15 08:44:44,1786776524,4,0.91,1.88,cb
TR2608150029045,CL107081,EN00477,trottinette, Lille,ST1041,ST1047,2026-08-15 08:40:09,2026-08-15 08:47:09,7,1.11,2.54,abonnement
TR2608150029046,CL107324,EN00570,trottinette,Grenoble,ST1057,ST1051,2026-08-15 08:45:51,2026-08-15 08:56:51,11,1.87,3.42,cb
TR2608150029047,CL101200,EN00185,trottinette,Lyon,ST1007,ST1002,2026-08-15 08:47:08,,14,2.51,4.08,abonnement
TR2608150029048,CL104942,EN00307,trottinette,Nantes,ST1023,ST1027,2026-08-15 08:55:40,2026-08-15 09:28:40,33,10.1,8.26,abonnement
TR2608150029049,CL100285,EN00355,velo_elec,Nantes,ST1028,ST1024,15/08/2026 08:46,2026-08-15 09:01:38,15,3.38,4.75,cb
TR2608150029050,CL101246,EN00342,velo_elec,Nantes,ST1031,ST1023,2026-08-15 08:50:46,2026-08-15 09:31:46,41,10.07,11.25,abonnement
TR2608150029051,CL102376,EN00381,trottinette,Lille,ST1036,ST1046,2026-08-15 08:57:25,15/08/2026 09:09,12,3.26,3.64,cb
TR2608150029052,CL101335,EN00422,velo_elec,Lille,ST1037,ST1047,2026-08-15 08:59:51,,7,2.24,2.75,abonnement
TR2608150029053,CL106028,EN00504,trottinette,Grenoble,ST1050,ST1051,2026-08-15 08:57:30,2026-08-15 09:01:30,4,1.13,1.88,paypal
TR2608150029054,CL103960,EN00565,trottinette,Grenoble,ST1051,ST1050,2026-08-15 08:51:08,2026-08-15 09:15:08,24,7.1,6.28,abonnement
TR2608150029055,CL107609,EN00577,velo_elec,Grenoble,ST1056,ST1050,2026-08-15 08:53:20,15/08/2026 09:09,16,5.04,5.0,cb
TR2608150029056,CL100993,EN00539,velo_elec,Grenoble,ST1058,ST1049,15/08/2026 08:49,2026-08-15 09:22:24,33,7.57,9.25,paypal
TR2608150029057,CL100318,EN00063,velo_elec,Lyon,ST1001,ST1014,15/08/2026 09:01,2026-08-15 09:16:50,15,3.38,4.75,abonnement
TR2608150029058,CL102861,EN00192,velo_elec,Lyon,ST1001,ST1016,2026-08-15 09:08:05,2026-08-15 09:19:05,11,3.12,3.75,abonnement
TR2608150029059,CL108401,EN00227,trottinette,Nante,ST1020,ST1028,2026-08-15 09:13:18,2026-08-15 09:15:18,2,0.31,1.44,paypal
TR2608150029060,CL100012,EN00302,velo_elec,Nantes,ST1022,ST1022,2026-08-15 09:03:08,2026-08-15 09:22:08,19,6.49,5.75,cb
TR2608150029061,CL101107,EN00292,velo_elec,Nantes,ST1023,ST1026,2026-08-15 09:02:50,2026-08-15 09:13:50,11,1.74,3.75,cb
TR2608150029062,CL100591,EN00358,trottinette,Nantes,ST1026,ST1027,1786777342,15/08/2026 09:15,13,2.43,3.86,abonnement
TR2608150029063,CL106212,EN00226,velo_elec,Nantes,ST1027,ST1023,2026-08-15 09:02:51,2026-08-15 09:10:51,8,2.4,3.0,abonnement
TR2608150029064,CL105065,EN00234,trottinette,Nantes,ST1032,ST1029,2026-08-15 09:13:21,15/08/2026 09:21,8,2.41,2.76,cb
TR2608150029065,CL103132,EN00300,velo_elec,Nantes,ST1033,ST1024,2026-08-15 09:06:14,2026-08-15 09:12:14,6,1.85,2.5,cb
TR2608150029066,CL105407,EN00404,trottinette,Lille,ST1035,ST1043,1786777855,2026-08-15 09:33:55,23,4.75,6.06,cb
TR2608150029067,CL108920,EN00396,velo_elec,Lille,ST1037,ST1044,2026-08-15 09:13:58,2026-08-15 09:31:58,18,5.28,5.5,abonnement
TR2608150029068,CL108167,EN00428,velo_elec,Lille,ST1039,ST1044,2026-08-15 09:13:20,1786778240,4,1.36,2.0,cb
TR2608150029069,CL106821,EN00418,trottinette,Lille,ST1041,ST1046,15/08/2026 09:14,2026-08-15 09:28:50,14,4.2,4.08,cb
TR2608150029070,CL108176,EN00453,trottinette,Lille,ST1043,ST1043,2026-08-15 09:01:01,2026-08-15 09:04:01,3,0.82,1.66,abonnement
TR2608150029071,CL100243,EN00402,trottinette,Lille,ST1045,ST1044,2026-08-15 09:07:30,15/08/2026 09:22,15,4.69,4.3,cb
TR2608150029072,CL105523,EN00535,velo_elec,grenoble,ST1048,ST1055,2026-08-15 09:10:52,2026-08-15 09:21:52,11,1.97,3.75,paypal
TR2608150029073,CL101955,EN00549,velo_elec,Grenoble,ST1049,ST1055,2026-08-15 09:01:53,2026-08-15 09:20:53,19,5.05,5.75,abonnement
TR2608150029074,CL105262,EN00522,velo_elec,Grenoble,ST1049,ST1051,2026-08-15 09:06:27,2026-08-15 09:14:27,8,2.03,3.0,paypal
TR2608150029075,CL102800,EN00528,velo_elec,Grenoble,ST1055,ST1048,2026-08-15 09:08:51,2026-08-15 09:29:51,21,3.68,6.25,paypal
TR2608150029076,CL101223,EN00085,velo_elec,Lyon,ST1002,ST1006,2026-08-15 09:24:28,,9,2.61,3.25,cb
TR2608150029077,CL102329,EN00178,velo_elec,Lyon,ST1007,ST1003,2026-08-15 09:24:29,15/08/2026 09:34,10,2.65,3.5,cb
TR2608150029078,CL105759,EN00141,velo_elec,Lyon,ST1010,ST1011,2026-08-15 09:16:57,2026-08-15 09:41:57,25,7.54,7.25,abonnement
TR2608150029079,CL101155,EN00023,trottinette,Lyon,ST1010,ST1005,15/08/2026 09:31,15/08/2026 09:41,10,3.48,3.2,cb
TR2608150029080,CL107134,EN00063,velo_elec,Lyon,ST1014,ST1008,2026-08-15 09:29:35,1786779635,-6,3.4,3.75,cb
TR2608150029081,CL103657,EN00107,velo_elec,Lyon,ST1016,ST1007,2026-08-15 09:20:19,2026-08-15 09:29:19,9,2.99,3.25,cb
TR2608150029082,CL107192,EN00106,trottinette,Lyon,ST1017,ST1009,2026-08-15 09:19:50,2026-08-15 09:35:50,16,4.76,4.52,cb
TR2608150029083,CL108931,EN00354,velo_elec,Nante,ST1020,ST1029,2026-08-15 09:23:48,2026-08-15 09:32:48,9,3.05,3.25,paypal
TR2608150029084,CL106246,EN00359,trottinette,Nantes,ST1026,ST1026,2026-08-15 09:18:24,2026-08-15 09:26:24,8,1.36,2.76,cb
TR2608150029085,CL108771,EN00292,velo_elec,Nantes,ST1026,ST1027,2026-08-15 09:22:13,1786778773,4,1.0,2.0,abonnement
TR2608150029086,CL107428,EN00332,trottinette,Nantes,ST1026,ST1020,2026-08-15 09:29:34,,16,5.14,4.52,cb
TR2608150029087,CL100249,EN00439,velo_elec,Lille,ST1039,ST1037,2026-08-15 09:23:31,2026-08-15 09:41:31,18,4.72,5.5,abonnement
TR2608150029088,CL101295,EN00481,velo_elec,Lille,ST1039,ST1035,2026-08-15 09:18:26,2026-08-15 09:27:26,9,2.92,3.25,paypal
TR2608150029089,CL100967,EN00362,velo_elec,Lille,ST1047,ST1040,15/08/2026 09:21,15/08/2026 09:49,28,7.55,8.0,cb
TR2608150029090,CL108045,EN00522,velo_elec,Grenoble,ST1051,ST1054,15/08/2026 09:17,2026-08-15 09:30:43,13,3.08,4.25,cb
TR2608150029091,CL105367,EN00504,trottinette,Grenoble,ST1051,ST1057,2026-08-15 09:22:15,2026-08-15 09:38:15,16,3.56,4.52,abonnement
TR2608150029092,CL108723,EN00591,velo_elec,Grenoble,ST1053,ST1055,2026-08-15 09:23:56,2026-08-15 09:34:56,11,2.44,3.75,paypal
TR2608150029093,CL106978,EN00517,trottinette,Grenoble,ST1058,ST1054,2026-08-15 09:28:12,2026-08-15 09:31:12,3,0.64,1.66,cb
TR2608150029094,CL106876,EN00111,trottinette,Lyon,ST1011,ST1006,2026-08-15 09:43:35,15/08/2026 09:52,9,3.11,2.98,cb
TR2608150029095,CL101018,EN00290,trottinette,Nantes,ST1021,ST1027,2026-08-15 09:31:25,2026-08-15 09:47:25,16,5.31,4.52,abonnement
TR2608150029096,CL105068,EN00278,trottinette,NANTES,ST1030,ST1020,2026-08-15 09:39:15,2026-08-15 09:56:15,17,3.22,4.74,abonnement
TR2608150029097,CL107087,EN00453,trottinette,Lille,ST1043,ST1046,2026-08-15 09:43:50,15/08/2026 10:07,24,4.92,6.28,cb
TR2608150029098,CL100333,EN00449,trottinette,Lille,ST1043,ST1041,2026-08-15 09:34:16,2026-08-15 09:44:16,10,3.44,3.2,cb
TR2608150029099,CL101495,EN00451,velo_elec,Lille,ST1043,ST1044,2026-08-15 09:35:49,2026-08-15 09:47:49,12,3.43,4.0,paypal
TR2608150029100,CL107173,EN00496,velo_elec,Lille,ST1046,ST1034,2026-08-15 09:35:24,2026-08-15 10:07:24,32,6.44,9.0,cb
TR2608150029101,CL106324,EN00597,trottinette,Grenoble,ST1048,ST1050,2026-08-15 09:37:22,15/08/2026 10:12,35,7.09,8.7,cb
TR2608150029102,CL102013,EN00565,trottinette,Grenoble,ST1050,ST1057,2026-08-15 09:34:51,2026-08-15 09:51:51,17,3.17,4.74,cb
TR2608150029103,CL100192,EN00512,velo_elec,Grenoble,ST1052,ST1052,15/08/2026 09:34,2026-08-15 09:46:50,12,4.01,4.0,cb
TR2608150029104,CL101564,EN00524,velo_elec,GRENOBLE,ST1053,ST1049,2026-08-15 09:44:05,1786780145,5,1.7,2.25,paypal
TR2608150029105,CL106405,EN00559,trottinette,Grenoble,ST1053,ST1048,15/08/2026 09:37,2026-08-15 10:10:13,33,11.49,8.26,cb
TR2608150029106,CL103969,EN00578,velo_elec,Grenoble,ST1056,ST1055,2026-08-15 09:43:21,2026-08-15 09:48:21,5,1.59,2.25,abonnement
TR2608150029107,CL102160,EN00069,trottinette,Lyon,ST1001,ST1011,2026-08-15 09:53:50,2026-08-15 10:03:50,10,2.63,3.2,cb
TR2608150029108,CL103485,EN00359,trottinette,Nantes,ST1026,ST1026,2026-08-15 10:00:14,2026-08-15 10:08:14,8,2.3,2.76,cb
TR2608150029109,CL104449,EN00286,velo_elec,Nantes,ST1027,ST1022,2026-08-15 09:57:51,2026-08-15 10:04:51,7,1.44,2.75,paypal
TR2608150029110,CL104936,EN00232,trottinette,Nantes,ST1029,ST1031,15/08/2026 09:46,2026-08-15 09:52:33,6,1.42,2.32,cb
TR2608150029111,CL105452,EN00221,velo_elec,Nantes,ST1029,ST1033,15/08/2026 09:59,2026-08-15 10:06:34,7,1.94,2.75,abonnement
TR2608150029112,CL108452,EN00234,trottinette,nantes,ST1029,ST1033,1786780020,2026-08-15 09:58:00,11,1.97,3.42,abonnement
TR2608150029113,CL106290,EN00280,trottinette,Nantes,ST1032,ST1028,2026-08-15 09:46:08,2026-08-15 09:57:08,11,2.34,3.42,paypal
TR2608150029114,CL101063,EN00424,velo_elec,Lille,ST1034,ST1039,2026-08-15 09:47:59,2026-08-15 09:59:59,12,4.15,4.0,
TR2608150029115,CL101558,EN00412,trottinette,Lille,ST1036,ST1042,2026-08-15 09:53:20,2026-08-15 10:05:20,12,2.42,3.64,cb
TR2608150029116,CL103162,EN00368,trottinette,Lille,ST1042,ST1035,15/08/2026 09:55,1786781231,12,3.31,3.64,cb
TR2608150029117,CL108963,EN00460,velo_elec,Lille,ST1042,ST1037,15/08/2026 09:55,2026-08-15 10:07:15,12,3.07,4.0,
TR2608150029118,CL108770,EN00366,trottinette,Lille,ST1044,ST1042,2026-08-15 09:56:49,15/08/2026 10:12,16,4.02,4.52,
TR2608150029119,CL102470,EN00381,trottinette,Lille,ST1046,ST1035,15/08/2026 09:58,2026-08-15 10:07:48,9,1.7,2.98,cb
TR2608150029120,CL101349,EN00525,velo,Grenoble,ST1052,ST1051,2026-08-15 10:00:27,2026-08-15 10:04:27,4,0.74,1.6,cb
TR2608150029121,CL104002,EN00588,velo_elec,Grenoble,ST1056,ST1055,2026-08-15 09:48:53,2026-08-15 10:06:53,18,3.27,5.5,paypal
TR2608150029122,CL106681,EN00028,trottinette,Lyon,ST1008,ST1004,15/08/2026 10:08,1786781568,4,1.13,1.88,abonnement
TR2608150029123,CL104925,EN00011,velo_elec,Lyon,ST1013,ST1004,2026-08-15 10:08:52,,13,2.92,4.25,abonnement
TR2608150029124,CL100331,EN00339,velo_elec,Nantes,ST1021,ST1030,2026-08-15 10:11:34,15/08/2026 10:17,6,1.28,2.5,abonnement
TR2608150029125,CL106498,EN00302,velo_elec,Nantes,ST1022,ST1021,2026-08-15 10:09:05,15/08/2026 10:16,7,2.21,2.75,cb
TR2608150029126,CL108869,EN00352,velo_elec,Nantes,ST1028,ST1021,2026-08-15 10:09:39,15/08/2026 10:13,4,1.23,2.0,abonnement
TR2608150029127,CL108776,EN00354,velo_elec,Nantes,ST1029,ST1022,2026-08-15 10:05:49,2026-08-15 10:09:49,4,0.66,2.0,abonnement
TR2608150029128,CL101449,EN00259,trottinette,Nantes,ST1030,ST1033,2026-08-15 10:03:41,2026-08-15 10:15:41,12,4.0,3.64,cb
TR2608150029129,CL107699,EN00232,trottinette,Nantes,ST1031,ST1020,2026-08-15 10:13:08,2026-08-15 10:20:08,7,1.79,2.54,cb
TR2608150029130,CL104567,EN00338,velo_elec,Nantes,ST1032,ST1029,2026-08-15 10:01:46,2026-08-15 10:10:46,9,1.63,3.25,abonnement
TR2608150029131,CL107337,EN00394,velo_elec,Lille,ST1035,ST1039,1786781238,2026-08-15 10:11:18,4,1.33,2.0,cb
TR2608150029132,CL102831,EN00384,trottinette,Lille,ST1036,ST1043,2026-08-15 10:01:27,2026-08-15 10:21:27,20,5.3,5.4,cb
TR2608150029133,CL101381,EN00390,velo,Lille,ST1036,ST1039,15/08/2026 10:13,2026-08-15 10:19:15,6,1.13,1.9,abonnement
TR2608150029134,CL106943,EN00391,velo_elec,Lille,ST1040,ST1043,2026-08-15 10:08:07,1786782127,14,4.35,4.5,paypal
TR2608150029135,CL105554,EN00482,velo_elec, Lille,ST1042,ST1037,2026-08-15 10:09:10,2026-08-15 10:34:10,25,8.06,7.25,
TR2608150029136,CL104140,EN00440,trottinette,Lille,ST1042,ST1042,2026-08-15 10:04:38,2026-08-15 10:15:38,11,3.51,3.42,cb
TR2608150029137,CL103559,EN00422,velo_elec,Lille,ST1047,ST1045,2026-08-15 10:13:05,2026-08-15 10:39:05,26,8.38,7.5,abonnement
TR2608150029138,CL106133,EN00596,velo_elec,Grenoble,ST1048,ST1058,2026-08-15 10:10:50,15/08/2026 10:27,17,5.4,5.25,cb
TR2608150029139,CL104002,EN00594,velo,Grenoble,ST1053,ST1048,2026-08-15 10:01:37,2026-08-15 10:09:37,8,1.54,2.2,cb
TR2608150029140,CL104397,EN00504,trottinette,Grenoble,ST1057,ST1049,2026-08-15 10:12:08,2026-08-15 10:37:08,25,4.39,6.5,cb
TR2608150029141,CL107888,EN00195,velo_elec,Lyon,ST1001,ST1005,2026-08-15 10:22:10,2026-08-15 10:29:10,7,1.38,2.75,abonnement
TR2608150029142,CL102846,EN00083,velo_elec,Lyonn,ST1018,ST1015,2026-08-15 10:22:29,1786783109,16,2.89,5.0,cb
TR2608150029143,CL108729,EN00338,velo_elec,Nantes,ST1029,ST1025,1786782007,2026-08-15 10:46:07,26,6.25,7.5,cb
TR2608150029144,CL102321,EN00269,velo_elec,Nantes,ST1030,ST1031,2026-08-15 10:24:32,15/08/2026 10:31,7,1.05,2.75,paypal
TR2608150029145,CL102883,EN00266,velo_elec,Nantes,ST1031,ST1032,1786782485,15/08/2026 10:36,8,1.25,3.0,cb
TR2608150029146,CL107472,EN00333,trottinette,Nantes,ST1031,ST1023,2026-08-15 10:28:03,2026-08-15 10:50:03,22,4.18,5.84,abonnement
TR2608150029147,CL100771,EN00221,velo_elec,Nantes,ST1033,ST1030,2026-08-15 10:20:52,2026-08-15 10:47:52,27,8.83,7.75,cb
TR2608150029148,CL104982,EN00460,velo_elec,Lille,ST1037,ST1039,2026-08-15 10:21:23,15/08/2026 10:47,26,6.96,7.5,cb
TR2608150029149,CL105699,EN00484,velo_elec,Lille,ST1038,ST1044,2026-08-15 10:16:42,2026-08-15 10:33:42,17,3.7,5.25,cb
TR2608150029150,CL106007,EN00424,velo_elec,Lille,ST1039,ST1039,15/08/2026 10:24,2026-08-15 10:47:52,23,7.0,6.75,cb
TR2608150029151,CL108291,EN00580,velo_elec,Grenoble,ST1049,ST1058,2026-08-15 10:20:10,2026-08-15 10:32:10,12,2.28,4.0,cb
TR2608150029152,CL100222,EN00512,velo_elec,Grenoble,ST1052,ST1056,2026-08-15 10:30:38,2026-08-15 10:49:38,19,2.91,5.75,cb
TR2608150029153,CL100874,EN00085,velo_elec,Lyon,ST1006,ST1009,2026-08-15 10:45:01,2026-08-15 11:34:01,49,10.54,13.25,abonnement
TR2608150029154,CL103639,EN00075,trottinette,Lyon,ST1007,ST1009,2026-08-15 10:38:27,2026-08-15 10:57:27,19,4.43,5.18,cb
TR2608150029155,CL108254,EN00037,trottinette,Lyon,ST1010,ST1014,2026-08-15 10:37:35,2026-08-15 10:43:35,6,1.45,2.32,paypal
TR2608150029156,CL107872,EN00211,velo_elec,Lyon,ST1018,ST1010,2026-08-15 10:32:25,2026-08-15 11:01:25,29,7.71,8.25,abonnement
TR2608150029157,CL100122,EN00286,velo_elec,Nantes,ST1022,ST1022,2026-08-15 10:31:41,2026-08-15 10:42:41,11,2.68,3.75,cb
TR2608150029158,CL101476,EN00225,velo_elec,Nantes,ST1024,ST1026,2026-08-15 10:34:27,15/08/2026 10:49,15,3.53,4.75,cb
TR2608150029159,CL103293,EN00281,velo_elec,Nantes,ST1025,ST1023,2026-08-15 10:40:36,2026-08-15 10:55:36,15,3.7,4.75,cb
TR2608150029160,CL101621,EN00290,trottinette,Nantes,ST1027,ST1022,2026-08-15 10:34:10,2026-08-15 10:48:10,14,2.53,4.08,abonnement
TR2608150029161,CL107860,EN00325,trottinette,Nantes,ST1027,ST1020,,15/08/2026 11:10,26,5.25,6.72,cb
TR2608150029162,CL104794,EN00271,velo_elec,Nantes,ST1027,ST1024,2026-08-15 10:40:13,15/08/2026 11:11,31,6.21,8.75,paypal
TR2608150029163,CL105620,EN00270,velo_elec,Nantes,ST1028,ST1031,2026-08-15 10:37:12,2026-08-15 10:44:12,7,1.81,2.75,cb
TR2608150029164,CL103924,EN00341,velo_elec,nantes,ST1031,ST1032,2026-08-15 10:41:21,15/08/2026 11:08,27,8.71,7.75,paypal
TR2608150029165,CL100786,EN00340,velo_elec,Nantes,ST1033,ST1032,2026-08-15 10:42:08,15/08/2026 10:45,3,0.47,1.75,abonnement
TR2608150029166,CL103115,EN00427,trottinette,Lille,ST1040,ST1044,1786783020,2026-08-15 10:45:00,8,2.0,2.76,cb
TR2608150029167,CL101978,EN00440,trottinette,Lille,ST1042,ST1040,2026-08-15 10:42:01,15/08/2026 10:59,17,3.05,4.74,abonnement
TR2608150029168,CL108592,EN00366,trottinette,Lille,ST1042,ST1046,2026-08-15 10:32:59,2026-08-15 10:41:59,9,1.85,2.98,cb
TR2608150029169,CL104789,EN00412,trottinette,Lille,ST1042,ST1040,2026-08-15 10:36:48,2026-08-15 11:02:48,26,7.78,6.72,cb
TR2608150029170,CL101732,EN00559,trottinette,Grenoble,ST1048,ST1048,2026-08-15 10:42:15,15/08/2026 10:48,6,1.26,2.32,cb
TR2608150029171,CL102028,EN00585,velo_elec,Grenoble,ST1049,ST1057,1786783183,2026-08-15 10:57:43,18,3.37,5.5,
TR2608150029172,CL106828,EN00539,velo_elec,Grenoble,ST1049,ST1056,2026-08-15 10:38:21,1786784481,23,4.17,6.75,paypal
TR2608150029173,CL100067,EN00570,trottinette,Grenoble,ST1051,ST1052,2026-08-15 10:39:54,2026-08-15 10:45:54,6,1.76,2.32,cb
TR2608150029174,CL108075,EN00194,velo_elec,Lyon ,ST1014,ST1015,2026-08-15 10:49:54,2026-08-15 11:12:54,23,5.86,6.75,paypal
TR2608150029175,CL108926,EN00102,velo_elec,Lyon,ST1017,ST1013,2026-08-15 10:53:22,2026-08-15 11:13:22,20,4.64,6.0,paypal
TR2608150029176,CL105887,EN00277,velo_elec,NANTES,ST1020,ST1022,2026-08-15 10:52:12,15/08/2026 11:00,8,1.66,3.0,abonnement
TR2608150029177,CL106884,EN00355,velo_elec,Nantes,ST1024,ST1033,2026-08-15 10:55:44,2026-08-15 11:08:44,13,3.79,4.25,cb
TR2608150029178,CL103920,EN00256,velo_elec,Nantes,ST1025,ST1021,2026-08-15 10:59:18,15/08/2026 11:08,9,2.28,3.25,paypal
TR2608150029179,CL100758,EN00334,trottinette,Nantes,ST1026,ST1029,2026-08-15 10:50:13,1786785613,30,8.31,7.6,cb
TR2608150029180,CL105793,EN00486,velo,Lille,ST1036,ST1035,2026-08-15 10:56:59,2026-08-15 11:13:59,17,5.5,3.55,cb
TR2608150029181,CL105354,EN00364,velo,Lille,ST1036,ST1039,,2026-08-15 11:12:41,21,5.41,4.15,cb
TR2608150029182,CL101657,EN00427,trottinette,Lille,ST1044,ST1043,2026-08-15 10:51:52,,22,4.83,5.84,abonnement
TR2608150029183,CL102228,EN00411,trottinette,Lille,ST1045,ST1046,2026-08-15 10:51:41,2026-08-15 11:08:41,17,2.68,4.74,abonnement
TR2608150029184,CL102780,EN00515,trottinette,grenoble,ST1049,ST9381,2026-08-15 10:46:05,2026-08-15 10:57:05,11,1.8,3.42,
TR2608150029185,CL104287,EN00501,trottinette,Grenoble,ST1054,ST1053,15/08/2026 10:53,2026-08-15 11:26:13,33,9.52,8.26,abonnement
TR2608150029186,CL104788,EN00558,trottinette,Grenoble,ST1058,ST1052,2026-08-15 10:55:38,15/08/2026 11:03,8,2.43,2.76,cb
TR2608150029187,CL105907,EN00136,trottinette,Lyon,ST1001,ST1017,2026-08-15 11:15:16,15/08/2026 11:27,12,3.39,3.64,abonnement
TR2608150029188,CL101608,EN00005,velo_elec,Lyon,ST1001,ST1002,1786784975,2026-08-15 11:22:35,13,4.43,4.25,abonnement
TR2608150029189,CL100672,EN00199,velo_elec,Lyon,ST1013,ST1016,2026-08-15 11:05:50,2026-08-15 11:16:50,11,2.81,3.75,cb
TR2608150029190,CL104604,EN00193,trottinette,Lyon,ST1019,ST1001,15/08/2026 11:07,2026-08-15 11:41:56,34,8.89,8.48,paypal
TR2608150029191,CL101831,EN00302,velo_elec,Nantes,ST1021,ST1033,2026-08-15 11:05:28,2026-08-15 11:08:28,3,0.77,1.75,cb
TR2608150029192,CL101933,EN00277,velo_elec,Nantes,ST1022,ST1028,2026-08-15 11:09:47,2026-08-15 11:19:47,10,1.8,3.5,cb
TR2608150029193,CL107039,EN00286,velo_elec,Nantes,ST1022,ST1030,2026-08-15 11:11:48,2026-08-15 11:23:48,12,3.37,4.0,cb
TR2608150029194,CL100140,EN00249,velo_elec,Nante,ST1024,ST1023,15/08/2026 11:12,2026-08-15 11:34:26,22,4.28,6.5,paypal
TR2608150029195,CL104834,EN00349,velo_elec,Nantes,ST1025,ST1032,2026-08-15 11:04:06,15/08/2026 11:12,8,1.69,3.0,paypal
TR2608150029196,CL104040,EN00245,velo_elec,Nantes,ST1025,ST1032,2026-08-15 11:15:00,2026-08-15 11:26:00,11,3.17,3.75,cb
TR2608150029197,CL108650,EN00225,velo_elec,Nantes,ST1026,ST1021,2026-08-15 11:12:11,2026-08-15 11:40:11,28,5.97,8.0,cb
TR2608150029198,CL102455,EN00272,trottinette,Nantes,ST1028,ST1031,2026-08-15 11:02:50,2026-08-15 11:12:50,10,3.49,3.2,
TR2608150029199,CL105094,EN00270,velo_elec,Nantes,ST1031,ST1027,2026-08-15 11:14:53,1786785773,8,1.7,3.0,cb
TR2608150029200,CL106558,EN00250,velo_elec,Nantes,ST1032,ST1028,2026-08-15 11:12:54,2026-08-15 11:19:54,7,2.04,2.75,abonnement
TR2608150029201,CL108736,EN00368,trottinette,Lille,ST1035,ST1043,1786785112,2026-08-15 11:17:52,6,1.23,2.32,abonnement
TR2608150029202,CL107887,EN00500,velo,Lille,ST1036,ST1044,2026-08-15 11:13:59,2026-08-15 11:17:59,4,0.8,1.6,abonnement
TR2608150029203,CL106094,EN00416,trottinette, Lille,ST1038,ST1044,2026-08-15 11:07:15,2026-08-15 12:18:15,71,20.16,16.62,cb
TR2608150029204,CL101067,EN00478,trottinette,Lille,ST1040,ST1046,2026-08-15 11:01:48,2026-08-15 11:11:48,10,1.65,3.2,abonnement
TR2608150029205,CL100444,EN00468,trottinette,Lille,ST1042,ST1037,15/08/2026 11:06,2026-08-15 11:17:55,11,3.5,3.42,paypal
TR2608150029206,CL106830,EN00457,velo,Lille,ST1042,ST1044,15/08/2026 11:07,2026-08-15 11:16:34,9,3.13,2.35,abonnement
TR2608150029207,CL102304,EN00384,trottinette,Lille,ST1043,ST1043,15/08/2026 11:14,2026-08-15 11:17:36,3,0.76,1.66,cb
TR2608150029208,CL104312,EN00506,trottinette,Grenoble,ST1049,ST1051,15/08/2026 11:04,2026-08-15 11:08:23,4,1.26,1.88,cb
TR2608150029209,CL108285,EN00570,trottinette,Grenoble,ST1052,ST1048,2026-08-15 11:13:10,2026-08-15 11:37:10,24,4.85,6.28,abonnement
TR2608150029210,CL107343,EN00527,velo_elec,Grenoble,ST1054,ST1050,2026-08-15 11:15:38,15/08/2026 11:24,9,1.81,3.25,cb
TR2608150029211,CL100801,EN00593,trottinette,Grenoble,ST1055,ST1058,2026-08-15 11:15:30,2026-08-15 11:29:30,14,2.16,4.08,abonnement
TR2608150029212,CL107336,EN00580,velo_elec,grenoble,ST1058,ST1058,2026-08-15 11:09:10,2026-08-15 11:24:10,15,2.4,4.75,cb
TR2608150029213,CL103230,EN00195,velo_elec,Lyon,ST1005,ST1003,2026-08-15 11:22:31,2026-08-15 11:29:31,7,1.84,2.75,cb
TR2608150029214,CL104187,EN00067,velo_elec,Lyon,ST1005,ST1011,15/08/2026 11:28,2026-08-15 11:35:38,7,1.65,2.75,cb
TR2608150029215,CL100694,EN00058,velo_elec,LYON,ST1015,ST1002,2026-08-15 11:25:55,,9,1.94,3.25,cb
TR2608150029216,CL972983,EN00133,velo_elec,Lyon,ST1018,ST1007,2026-08-15 11:24:19,2026-08-15 11:39:19,15,5.0,4.75,cb
TR2608150029217,CL106860,EN00232,trottinette,Nantes,ST1020,ST1028,1786785721,2026-08-15 11:38:01,16,3.76,4.52,cb
TR2608150029218,CL105249,EN00278,trottinette,Nantes,ST1020,ST1033,2026-08-15 11:17:13,2026-08-15 11:38:13,21,5.63,5.62,abonnement
TR2608150029219,CL106260,EN00325,trottinette,Nantes,ST1020,ST1030,2026-08-15 11:16:48,2026-08-15 11:39:48,23,6.95,6.06,abonnement
TR2608150029220,CL101880,EN00226,velo_elec,Nantes,ST1023,ST1028,2026-08-15 11:20:59,15/08/2026 11:25,5,1.69,2.25,abonnement
TR2608150029221,CL106122,EN00312,trottinette,Nantes,ST1025,ST1021,,15/08/2026 11:37,7,1.63,2.54,cb
TR2608150029222,CL101565,EN00236,velo_elec,Nantes,ST1025,ST1021,2026-08-15 11:22:53,2026-08-15 11:30:53,8,2.5,3.0,cb
TR2608150029223,CL101443,EN00311,trottinette,Nantes,ST1026,ST1029,2026-08-15 11:21:55,2026-08-15 12:28:55,67,21.85,15.74,paypal
TR2608150029224,CL104297,EN00292,velo_elec,Nantes,ST1027,ST1026,2026-08-15 11:21:45,2026-08-15 11:41:45,20,3.07,6.0,cb
TR2608150029225,CL104910,EN00339,velo_elec,Nantes,ST1030,ST1024,2026-08-15 11:16:52,15/08/2026 11:26,10,1.78,3.5,cb
TR2608150029226,CL108588,EN00272,trottinette,NANTES,ST1031,ST1026,2026-08-15 11:16:05,2026-08-15 11:23:05,7,1.63,2.54,abonnement
TR2608150029227,CL104063,EN00269,velo_elec,Nantes,ST1031,ST1020,,1786785782,5,1.19,2.25,abonnement
TR2608150029228,CL108420,EN00349,velo_elec,Nantes,ST1032,ST1025,2026-08-15 11:26:52,15/08/2026 11:38,12,3.96,4.0,cb
TR2608150029229,CL107390,EN00365,velo_elec,Lille,ST1035,ST1035,2026-08-15 11:18:49,2026-08-15 11:38:49,20,5.79,6.0,cb
TR2608150029230,CL104493,EN00406,velo_elec,Lille,ST1038,ST1034,1786785997,2026-08-15 11:43:37,17,2.63,5.25,cb
TR2608150029231,CL108192,EN00495,trottinette,Lille,ST1038,ST1036,2026-08-15 11:18:51,2026-08-15 11:23:51,5,1.39,2.1,paypal
TR2608150029232,CL103716,EN00475,trottinette,Lille,ST1044,ST1041,2026-08-15 11:28:25,2026-08-15 11:42:25,14,4.02,4.08,cb
TR2608150029233,CL108842,EN00422,velo_elec,Lille,ST1045,ST1038,2026-08-15 11:30:18,,6,1.53,2.5,abonnement
TR2608150029234,CL100937,EN00478,trottinette,Lille,ST1046,ST1046,15/08/2026 11:18,2026-08-15 11:38:07,20,4.97,5.4,cb
TR2608150029235,CL107436,EN00559,trottinette,Grenoble,ST1048,ST1049,2026-08-15 11:29:21,2026-08-15 11:38:21,9,3.01,2.98,cb
TR2608150029236,CL103299,EN00597,trottinette,Grenoble,ST1050,ST1056,2026-08-15 11:17:17,2026-08-15 11:22:17,5,0.81,2.1,cb
TR2608150029237,CL107964,EN00577,velo_elec,Grenoble,ST1050,ST1055,1786786125,2026-08-15 11:58:45,30,9.48,8.5,abonnement
TR2608150029238,CL106987,EN00535,velo_elec,Grenoble,ST1055,ST1057,2026-08-15 11:23:40,2026-08-15 11:47:40,24,5.22,7.0,abonnement
TR2608150029239,CL102290,EN00539,velo_elec,Grenoble,ST1056,ST1052,2026-08-15 11:18:09,15/08/2026 11:37,19,4.65,5.75,abonnement
TR2608150029240,CL103298,EN00205,trottinette,Lyon,ST1004,ST1014,15/08/2026 11:30,1786786777,9,2.0,2.98,cb
TR2608150029241,CL102232,EN00003,velo_elec,Lyon,ST1008,ST1002,2026-08-15 11:32:56,2026-08-15 11:42:56,10,2.27,3.5,
TR2608150029242,CL104550,EN00071,velo_elec,Lyon ,ST1009,ST1011,2026-08-15 11:43:58,2026-08-15 11:51:58,8,1.34,3.0,
TR2608150029243,CL101034,EN00109,trottinette,Lyon,ST1018,ST1013,2026-08-15 11:36:55,,11,3.76,3.42,cb
TR2608150029244,CL104425,EN00258,trottinette,Nantes,ST1023,ST1031,2026-08-15 11:33:14,1786786994,10,2.56,3.2,cb
TR2608150029245,CL107225,EN00281,velo_elec,Nantes,ST1023,ST1020,2026-08-15 11:39:53,1786787453,11,3.81,3.75,abonnement
TR2608150029246,CL107557,EN00342,velo_elec,Nantes,ST1023,ST1031,2026-08-15 11:33:42,2026-08-15 11:42:42,9,1.62,3.25,cb
TR2608150029247,CL106611,EN00229,trottinette,Nantes,ST1025,ST1029,2026-08-15 11:32:11,2026-08-15 11:52:11,20,4.31,5.4,cb
TR2608150029248,CL105131,EN00250,velo_elec,Nantes,ST1028,ST1032,1786786615,2026-08-15 11:55:55,19,6.03,5.75,abonnement
TR2608150029249,CL107196,EN00277,velo_elec,Nantes,ST1028,ST1020,2026-08-15 11:43:25,1786787425,7,1.46,2.75,cb
TR2608150029250,CL102739,EN00334,trottinette,Nantes,ST1029,ST1022,2026-08-15 11:44:47,2026-08-15 12:04:47,-1,5.38,5.4,cb
TR2608150029251,CL104099,EN00266,velo_elec,Nantes,ST1032,ST1031,1786786956,2026-08-15 11:52:36,10,3.39,3.5,cb
TR2608150029252,CL108396,EN00245,velo_elec,Nantes,ST1032,ST1023,15/08/2026 11:37,2026-08-15 11:41:40,4,0.97,2.0,cb
TR2608150029253,CL100428,EN00495,trottinette,Lille,ST1036,ST1043,2026-08-15 11:41:09,2026-08-15 11:47:09,6,0.98,2.32,cb
TR2608150029254,CL105422,EN00439,velo_elec,Lille,ST1037,ST1034,2026-08-15 11:41:35,2026-08-15 11:50:35,9,1.41,3.25,cb
TR2608150029255,CL100704,EN00441,velo_elec,Lille,ST1038,ST1047,2026-08-15 11:38:44,1786787204,8,2.29,3.0,abonnement
TR2608150029256,CL100266,EN00424,velo_elec,Lille,ST1039,ST1043,2026-08-15 11:42:18,15/08/2026 11:57,15,4.25,4.75,cb
TR2608150029257,CL101295,EN00449,trottinette,Lille,ST1041,ST1036,2026-08-15 11:31:42,2026-08-15 11:51:42,20,4.93,5.4,cb
TR2608150029258,CL106054,EN00370,velo_elec,Lille,ST1045,ST1038,2026-08-15 11:41:44,2026-08-15 11:45:44,4,1.1,2.0,cb
TR2608150029259,CL103842,EN00556,trottinette,Grenoble,ST1051,ST1050,15/08/2026 11:41,15/08/2026 11:50,9,2.66,2.98,paypal
TR2608150029260,CL106511,EN00506,trottinette,Grenoble,ST1051,ST1054,2026-08-15 11:38:46,2026-08-15 11:43:46,5,1.52,2.1,abonnement
TR2608150029261,CL107195,EN00558,trottinette,Grenoble,ST1052,ST1057,2026-08-15 11:41:38,2026-08-15 11:44:38,3,0.7,1.66,abonnement
TR2608150029262,CL103842,EN00501,trottinette,grenoble,ST1053,ST1053,2026-08-15 11:33:56,2026-08-15 11:47:56,14,3.27,4.08,abonnement
TR2608150029263,CL106418,EN00207,velo_elec,Lyon,ST1011,ST1009,2026-08-15 11:50:29,2026-08-15 12:01:29,11,2.7,3.75,cb
TR2608150029264,CL104120,EN00053,trottinette,Lyon,ST1015,ST1014,,2026-08-15 11:59:18,6,1.11,2.32,paypal
TR2608150029265,CL107904,EN00203,trottinette,LYON,ST1019,ST1014,2026-08-15 11:53:16,2026-08-15 12:03:16,10,1.62,3.2,cb
TR2608150029266,CL102120,EN00256,velo_elec,Nantes,ST1021,ST1032,2026-08-15 11:52:06,15/08/2026 12:12,20,5.56,6.0,abonnement
TR2608150029267,CL104018,EN00290,trottinette,Nantes,ST1022,ST1029,2026-08-15 12:00:22,2026-08-15 12:14:22,14,3.39,4.08,cb
TR2608150029268,CL103386,EN00339,velo_elec,Nantes,ST1024,ST1021,2026-08-15 11:48:06,2026-08-15 12:00:06,12,3.99,4.0,abonnement
TR2608150029269,CL102364,EN00349,velo_elec,Nantes,ST1025,ST1030,2026-08-15 11:59:07,2026-08-15 12:04:07,5,1.43,2.25,cb
TR2608150029270,CL105967,EN00310,trottinette,Nantes,ST1025,ST1029,1786787553,1786788033,8,1.79,2.76,abonnement
TR2608150029271,CL104669,EN00292,velo_elec,Nantes,ST1026,ST1033,2026-08-15 12:00:32,2026-08-15 12:14:32,14,3.77,4.5,abonnement
TR2608150029272,CL104882,EN00228,trottinette,Nantes,ST1032,ST1030,15/08/2026 11:47,15/08/2026 11:53,6,1.33,2.32,cb
TR2608150029273,CL104990,EN00394,velo_elec,Lille,ST1039,ST1043,2026-08-15 11:54:55,2026-08-15 12:11:55,-4,4.19,5.25,cb
TR2608150029274,CL101300,EN00460,velo_elec,LILLE,ST1039,ST1036,2026-08-15 11:48:05,2026-08-15 11:58:05,10,2.49,3.5,abonnement
TR2608150029275,CL106221,EN00384,trottinette,Lille,ST1043,ST1039,1786787520,2026-08-15 12:08:00,16,4.87,4.52,cb
TR2608150029276,CL106773,EN00380,velo_elec,Lille,ST1044,ST1046,2026-08-15 11:51:01,2026-08-15 12:01:01,10,2.01,3.5,paypal
TR2608150029277,CL103752,EN00453,trottinette,Lille,ST1046,ST1039,1786787437,15/08/2026 12:30,40,12.14,9.8,cb
TR2608150029278,CL103394,EN00527,velo_elec,Grenoble,ST1050,ST1049,1786787734,2026-08-15 12:00:34,5,0.8,2.25,paypal
TR2608150029279,CL104895,EN00539,velo_elec,Grenoble,ST1052,ST1048,1786787514,2026-08-15 12:06:54,15,5.13,4.75,cb
TR2608150029280,CL108919,EN00549,velo_elec,Grenoble,ST1055,ST1053,2026-08-15 11:58:00,1786788600,12,2.67,4.0,cb
TR2608150029281,CL102418,EN00558,trottinette,Grenoble,ST1057,ST1055,2026-08-15 11:49:23,2026-08-15 11:54:23,5,1.46,2.1,paypal
TR2608150029282,CL104489,EN00593,trottinette,GRENOBLE,ST1058,ST1052,2026-08-15 11:54:16,,10,1.81,3.2,abonnement
TR2608150029283,CL108219,EN00103,trottinette,Lyon ,ST1006,ST1001,2026-08-15 12:15:55,2026-08-15 12:24:55,9,1.42,2.98,paypal
TR2608150029284,CL101685,EN00035,velo_elec,Lyon,ST1012,ST1019,2026-08-15 12:06:21,2026-08-15 12:16:21,10,2.24,3.5,cb
TR2608150029285,CL100758,EN00338,velo_elec,Nantes,ST1025,ST1026,15/08/2026 12:07,2026-08-15 12:18:18,11,3.82,3.75,cb
TR2608150029286,CL103313,EN00359,trottinette,Nantes,ST1026,ST1020,1786788039,2026-08-15 12:19:39,19,4.23,5.18,cb
TR2608150029287,CL103180,EN00226,velo_elec,Nantes,ST1028,ST1020,2026-08-15 12:13:54,2026-08-15 12:25:54,12,2.42,4.0,cb
TR2608150029288,CL100166,EN00258,trottinette,Nantes,ST1031,ST1033,2026-08-15 12:03:50,2026-08-15 12:11:50,8,2.5,2.76,paypal
TR2608150029289,CL104157,EN00250,velo_elec,Nantes,ST1032,ST1025,2026-08-15 12:02:40,2026-08-15 12:12:40,-8,1.55,3.5,cb
TR2608150029290,CL105898,EN00460,velo_elec,Lille,ST1036,ST1034,2026-08-15 12:06:56,2026-08-15 12:33:56,27,9.13,,abonnement
TR2608150029291,CL107970,EN00468,trottinette,Lille,ST1037,ST1045,2026-08-15 12:14:11,2026-08-15 12:27:11,13,3.04,3.86,abonnement
TR2608150029292,CL105889,EN00426,trottinette,Lille,ST1041,ST1042,2026-08-15 12:12:57,2026-08-15 12:28:57,16,2.58,4.52,cb
TR2608150029293,CL102236,EN00436,velo,Lille,ST1042,ST1035,2026-08-15 12:12:17,2026-08-15 12:20:17,2205,2.31,2.2,paypal
TR2608150029294,CL108247,EN00415,trottinette,Lille,ST1045,ST1035,2026-08-15 12:02:40,2026-08-15 12:11:40,9,1.94,2.98,cb
TR2608150029295,CL106134,EN00462,velo_elec,Lille,ST1045,ST1038,2026-08-15 12:08:37,2026-08-15 12:17:37,9,1.79,3.25,cb
TR2608150029296,CL106883,EN00501,trottinette,Grenoble,ST1053,ST1052,2026-08-15 12:11:43,2026-08-15 12:31:43,20,3.09,5.4,cb
TR2608150029297,CL103990,EN00522,velo_elec,Grenoble,ST1054,ST1056,2026-08-15 12:06:17,15/08/2026 12:26,-21,6.91,6.0,abonnement
TR2608150029298,CL102009,EN00512,velo_elec,Grenoble,ST1056,ST1055,15/08/2026 12:08,2026-08-15 12:23:59,15,5.12,4.75,abonnement
TR2608150029299,CL106231,EN00218,velo_elec,Lyon,ST1001,ST1001,2026-08-15 12:28:48,15/08/2026 12:36,8,2.18,3.0,paypal
TR2608150029300,CL105998,EN00084,velo_elec,Lyon,ST1003,ST1005,2026-08-15 12:21:36,15/08/2026 12:28,7,2.22,2.75,cb
TR2608150029301,CL103552,EN00195,velo_elec,Lyon,ST1003,ST1016,2026-08-15 12:18:27,2026-08-15 12:22:27,4,1.04,2.0,
TR2608150029302,CL101751,EN00018,trottinette,Lyon,ST1005,ST1014,2026-08-15 12:30:37,2026-08-15 12:32:37,2,0.56,1.44,cb
TR2608150029303,CL100968,EN00208,velo_elec,Lyon,ST1007,ST1002,2026-08-15 12:21:19,2026-08-15 12:54:19,33,7.44,9.25,paypal
TR2608150029304,CL103247,EN00230,velo_elec,Nantes,ST1027,ST1031,2026-08-15 12:20:41,2026-08-15 12:41:41,21,6.95,6.25,cb
TR2608150029305,CL103668,EN00232,trottinette,Nantes,ST1028,ST1026,1786789256,2026-08-15 12:29:56,9,3.11,2.98,paypal
TR2608150029306,CL108208,EN00286,velo_elec,Nantes,ST1030,ST1020,2026-08-15 12:24:44,2026-08-15 12:32:44,8,2.25,3.0,paypal
TR2608150029307,CL104370,EN00349,velo_elec,Nantes,ST1030,ST1030,15/08/2026 12:28,15/08/2026 12:47,19,3.42,5.75,cb
TR2608150029308,CL103266,EN00256,velo_elec,Nantes,ST1032,ST1021,2026-08-15 12:17:59,2026-08-15 12:25:59,8,1.72,3.0,
TR2608150029309,CL103886,EN00302,velo_elec,Nantes,ST1033,ST1028,,2026-08-15 12:41:02,13,2.58,4.25,cb
TR2608150029310,CL105030,EN00496,velo_elec,Lille,ST1034,ST1042,2026-08-15 12:28:02,2026-08-15 12:37:02,9,2.44,3.25,paypal
TR2608150029311,CL105624,EN00414,velo_elec,Lille,ST1034,ST1045,2026-08-15 12:19:48,2026-08-15 12:36:48,17,3.76,5.25,cb
TR2608150029312,CL104352,EN00489,trottinette,Lille,ST1035,ST1038,2026-08-15 12:17:14,1786790294,21,5.4,5.62,paypal
TR2608150029313,CL105072,EN00438,trottinette,Lille,ST1038,ST1046,2026-08-15 12:22:39,15/08/2026 12:26,4,0.94,1.88,abonnement
TR2608150029314,CL104046,EN00370,velo_elec,Lille,ST1038,ST1039,2026-08-15 12:25:09,2026-08-15 12:36:09,11,2.23,3.75,paypal
TR2608150029315,CL102184,EN00475,trottinette,lille,ST1041,ST1042,2026-08-15 12:18:21,2026-08-15 12:31:21,13,2.76,3.86,cb
TR2608150029316,CL101974,EN00391,velo_elec,Lille,ST1043,ST1035,2026-08-15 12:27:12,1786790712,18,3.44,5.5,cb
TR2608150029317,CL104542,EN00419,velo,Lille,ST1045,ST9456,2026-08-15 12:20:31,2026-08-15 12:31:31,11,2.51,2.65,abonnement
TR2608150029318,CL108341,EN00517,trottinette,Grenoble,ST1054,ST1058,,2026-08-15 12:32:05,13,2.75,3.86,abonnement
TR2608150029319,CL104028,EN00535,velo_elec,grenoble,ST1057,ST1052,2026-08-15 12:31:01,2026-08-15 12:50:01,19,6.51,5.75,cb
TR2608150029320,CL108581,EN00580,velo_elec,Grenoble,ST1058,ST1050,1786789704,2026-08-15 12:37:24,9,2.36,3.25,abonnement
TR2608150029321,CL108776,EN00277,velo_elec,Nantes,ST1020,ST1031,,2026-08-15 12:48:08,10,3.0,3.5,abonnement
TR2608150029322,CL103003,EN00336,velo_elec,Nantes,ST1022,ST1023,2026-08-15 12:36:41,15/08/2026 12:53,17,5.7,5.25,abonnement
TR2608150029323,CL103887,EN00245,velo_elec,Nantes,ST1023,ST1030,1786790404,2026-08-15 12:53:04,13,2.79,4.25,cb
TR2608150029324,CL108636,EN00249,velo_elec,Nantes,ST1023,ST1028,15/08/2026 12:40,2026-08-15 13:01:36,21,3.26,6.25,cb
TR2608150029325,CL101694,EN00321,velo_elec,Nantes,ST1024,ST1030,2026-08-15 12:43:09,2026-08-15 12:55:09,12,2.69,4.0,abonnement
TR2608150029326,CL106173,EN00250,velo_elec,Nante,ST1025,ST1022,2026-08-15 12:45:49,2026-08-15 13:01:49,16,4.41,5.0,paypal
TR2608150029327,CL100556,EN00232,trottinette,Nantes,ST1026,ST1029,2026-08-15 12:39:02,2026-08-15 12:45:02,6,1.69,2.32,cb
TR2608150029328,CL107860,EN00221,velo_elec,Nantes,ST1030,ST1024,2026-08-15 12:36:59,2026-08-15 12:49:59,13,3.22,4.25,cb
TR2608150029329,CL108016,EN00266,velo_elec,Nantes,ST1031,ST1022,1786790457,2026-08-15 12:45:57,5,0.95,2.25,cb
TR2608150029330,CL103478,EN00264,trottinette,Nantes,ST1032,ST1026,2026-08-15 12:37:26,2026-08-15 12:53:26,16,5.59,4.52,cb
TR2608150029331,CL100040,EN00422,velo_elec,Lille,ST1038,ST1034,2026-08-15 12:42:26,2026-08-15 13:06:26,24,7.03,7.0,abonnement
TR2608150029332,CL102642,EN00368,trottinette,Lille,ST1043,ST1043,15/08/2026 12:39,2026-08-15 12:45:55,6,1.62,2.32,abonnement
TR2608150029333,CL102567,EN00424,velo_elec,LILLE,ST1043,ST1039,2026-08-15 12:43:20,2026-08-15 12:55:20,12,3.89,4.0,paypal
TR2608150029334,CL107308,EN00402,trottinette,Lille,ST1044,ST1044,2026-08-15 12:33:15,2026-08-15 12:38:15,5,0.9,2.1,cb
TR2608150029335,CL102983,EN00477,trottinette,Lille,ST1047,ST1038,2026-08-15 12:30:44,15/08/2026 12:42,12,1.8,3.64,abonnement
TR2608150029336,CL100847,EN00556,trottinette,Grenoble,ST1050,ST1051,2026-08-15 12:45:24,1786791384,11,2.06,3.42,cb
TR2608150029337,CL108665,EN00071,velo_elec,Lyon,ST1011,ST1014,15/08/2026 12:58,,5,0.82,2.25,cb
TR2608150029338,CL105546,EN00097,velo_elec,Lyon,ST1016,ST1002,15/08/2026 12:51,15/08/2026 13:07,16,3.22,5.0,abonnement
TR2608150029339,CL101622,EN00339,velo_elec,Nantes,ST1021,ST1023,2026-08-15 12:52:03,2026-08-15 13:00:03,8,2.34,3.0,abonnement
TR2608150029340,CL101454,EN00297,trottinette,Nante,ST1023,ST1028,15/08/2026 12:52,2026-08-15 12:56:11,4,1.23,1.88,paypal
TR2608150029341,CL104063,EN00239,trottinette,Nantes,ST1025,ST1025,2026-08-15 12:54:53,2026-08-15 13:02:53,8,2.63,2.76,cb
TR2608150029342,CL105189,EN00302,velo_elec,Nantes,ST1028,ST1025,,2026-08-15 13:40:19,50,12.0,13.5,abonnement
TR2608150029343,CL101269,EN00342,velo_elec,Nantes,ST1031,ST1029,2026-08-15 12:54:05,15/08/2026 13:08,14,3.55,4.5,cb
TR2608150029344,CL102030,EN00493,velo_elec,Lille,ST1034,ST9690,2026-08-15 12:49:23,2026-08-15 12:58:23,9,2.27,3.25,abonnement
TR2608150029345,CL100361,EN00415,trottinette,Lille,ST1035,ST1035,2026-08-15 12:53:16,2026-08-15 13:11:16,18,5.53,4.96,cb
TR2608150029346,CL104332,EN00449,trottinette,Lille,ST1036,ST1041,2026-08-15 12:56:20,2026-08-15 13:07:20,11,2.38,3.42,abonnement
TR2608150029347,CL107179,EN00477,trottinette,Lille,ST1038,ST1036,2026-08-15 12:48:30,2026-08-15 13:04:30,16,3.7,4.52,abonnement
TR2608150029348,CL102348,EN00412,trottinette,Lille,ST1040,ST1034,2026-08-15 12:51:48,2026-08-15 13:12:48,21,4.87,5.62,cb
TR2608150029349,CL101661,EN00382,trottinette,Lille,ST1041,ST1036,2026-08-15 12:52:46,2026-08-15 13:10:46,18,6.24,4.96,cb
TR2608150029350,CL105513,EN00380,velo_elec,Lille,ST1046,ST1045,1786791516,2026-08-15 13:10:36,12,2.17,4.0,cb
TR2608150029351,CL107720,EN00583,velo,Grenoble,ST1051,ST1055,2026-08-15 12:49:51,2026-08-15 12:56:51,7,2.38,2.05,cb
TR2608150029352,CL100780,EN00522,velo_elec,Grenoble,ST1056,ST1051,2026-08-15 12:52:45,2026-08-15 13:10:45,18,5.03,5.5,cb
TR2608150029353,CL105192,EN00054,trottinette,Lyon,ST1003,ST1008,1786791806,2026-08-15 13:06:26,3,0.5,1.66,cb
TR2608150029354,CL103992,EN00013,velo_elec,Lyon,ST1003,ST1007,15/08/2026 13:13,1786792754,6,2.06,2.5,cb
TR2608150029355,CL106559,EN00107,velo_elec,Lyon,ST1007,ST1001,2026-08-15 13:13:58,2026-08-15 13:23:58,10,3.44,3.5,paypal
TR2608150029356,CL106861,EN00030,trottinette,Lyon,ST1017,ST1013,2026-08-15 13:11:42,2026-08-15 13:35:42,24,4.78,6.28,cb
TR2608150029357,CL104906,EN00253,trottinette,Nantes,ST1028,ST1031,2026-08-15 13:06:58,1786792738,12,3.25,3.64,paypal
TR2608150029358,CL108489,EN00277,velo_elec,Nantes,ST1031,ST1032,,1786793708,25,6.04,7.25,abonnement
TR2608150029359,CL105215,EN00445,velo_elec,Lille,ST1041,ST1047,2026-08-15 13:10:38,1786792958,12,3.63,4.0,abonnement
TR2608150029360,CL100528,EN00556,trottinette,Grenoble,ST1051,ST1050,2026-08-15 13:06:48,2026-08-15 13:17:48,11,3.29,3.42,cb
TR2608150029361,CL102579,EN00585,velo_elec,Grenoble,ST1057,ST1058,2026-08-15 13:12:36,2026-08-15 13:23:36,11,2.4,3.75,cb
TR2608150029362,CL108894,EN00076,velo_elec,Lyon,ST1006,ST1010,2026-08-15 13:20:47,2026-08-15 13:36:47,16,5.13,5.0,cb
TR2608150029363,CL108737,EN00092,trottinette,lyon,ST1015,ST1013,15/08/2026 13:22,2026-08-15 13:33:16,11,2.49,3.42,cb
TR2608150029364,CL107869,EN00250,velo_elec,Nantes,ST1022,ST1022,2026-08-15 13:24:08,2026-08-15 13:33:08,9,1.35,3.25,paypal
TR2608150029365,CL102857,EN00339,velo_elec,Nantes,ST1023,ST1033,2026-08-15 13:19:46,2026-08-15 13:26:46,7,1.19,2.75,paypal
TR2608150029366,CL107522,EN00273,velo_elec,Nantes,ST1024,ST1031,15/08/2026 13:29,2026-08-15 13:35:38,6,1.58,2.5,cb
TR2608150029367,CL104018,EN00316,velo_elec,Nantes,ST1024,ST1024,2026-08-15 13:30:31,2026-08-15 13:40:31,10,2.12,3.5,abonnement
TR2608150029368,CL106062,EN00300,velo_elec,Nantes,ST1024,ST1029,15/08/2026 13:22,2026-08-15 13:32:14,10,1.93,3.5,abonnement
TR2608150029369,CL101247,EN00360,trottinette,Nantes,ST1026,ST1024,1786793263,2026-08-15 13:33:43,6,1.29,2.32,cb
TR2608150029370,CL102677,EN00348,velo_elec,Nantes,ST1026,ST1033,2026-08-15 13:21:15,15/08/2026 13:32,11,1.76,3.75,cb
TR2608150029371,CL944682,EN00233,velo_elec,NANTES,ST1027,ST1021,2026-08-15 13:16:46,2026-08-15 13:34:46,18,4.6,5.5,cb
TR2608150029372,CL104919,EN00290,trottinette,NANTES,ST1029,ST1030,2026-08-15 13:21:49,2026-08-15 13:28:49,7,2.28,2.54,cb
TR2608150029373,CL103755,EN00228,trottinette,Nante,ST1030,ST1030,2026-08-15 13:15:49,2026-08-15 13:20:49,5,0.97,2.1,cb
TR2608150029374,CL103663,EN00412,trottinette,Lille,ST1034,ST1039,2026-08-15 13:24:12,15/08/2026 13:50,26,8.11,6.72,cb
TR2608150029375,CL104280,EN00420,trottinette,Lille,ST1034,ST1047,2026-08-15 13:19:18,2026-08-15 13:40:18,21,5.79,5.62,abonnement
TR2608150029376,CL106629,EN00456,trottinette,Lille,ST1034,ST1043,2026-08-15 13:24:18,2026-08-15 13:48:18,24,6.24,6.28,cb
TR2608150029377,CL105906,EN00391,velo_elec,Lille,ST1035,ST1036,2026-08-15 13:29:36,2026-08-15 13:46:36,17,2.75,5.25,cb
TR2608150029378,CL108157,EN00477,trottinette,Lille,ST1036,ST1036,2026-08-15 13:25:48,2026-08-15 13:36:48,11,3.15,3.42,cb
TR2608150029379,CL104111,EN00461,velo_elec,Lille,ST1044,ST1039,2026-08-15 13:17:02,15/08/2026 13:46,29,5.19,8.25,abonnement
TR2608150029380,CL105132,EN00559,trottinette,Grenoble,ST1049,ST1051,2026-08-15 13:30:24,2026-08-15 13:39:24,9,2.1,2.98,paypal
TR2608150029381,CL102285,EN00522,velo_elec,Grenoble,ST1051,ST1058,2026-08-15 13:22:28,2026-08-15 13:37:28,15,2.26,4.75,cb
TR2608150029382,CL100146,EN00593,trottinette,Grenoble,ST1052,ST1058,2026-08-15 13:19:21,2026-08-15 13:41:21,5409,4.93,5.84,abonnement
TR2608150029383,CL103038,EN00598,velo_elec,Grenoble,ST1056,ST1049,2026-08-15 13:20:24,2026-08-15 13:39:24,19,4.67,5.75,paypal
TR2608150029384,CL104214,EN00526,velo_elec,Grenoble ,ST1057,ST1058,2026-08-15 13:17:04,2026-08-15 13:31:04,14,2.97,4.5,cb
TR2608150029385,CL101788,EN00589,velo_elec,Grenoble,ST1058,ST1052,15/08/2026 13:16,15/08/2026 13:34,18,4.5,5.5,cb
TR2608150029386,CL101125,EN00084,velo_elec,Lyon,ST1005,ST1007,2026-08-15 13:42:40,2026-08-15 13:56:40,14,3.9,4.5,abonnement
TR2608150029387,CL108154,EN00013,velo_elec,Lyon,ST1007,ST1005,2026-08-15 13:40:49,2026-08-15 13:55:49,15,4.6,4.75,cb
TR2608150029388,CL104513,EN00189,trottinette,Lyon,ST1013,ST1005,2026-08-15 13:40:56,2026-08-15 13:48:56,8,1.52,2.76,cb
TR2608150029389,CL108181,EN00071,velo_elec,Lyon,ST1014,ST1004,2026-08-15 13:39:14,1786794374,7,2.2,2.75,abonnement
TR2608150029390,CL104387,EN00083,velo_elec,Lyon,ST1015,ST1019,2026-08-15 13:35:38,2026-08-15 14:07:38,32,5.32,9.0,cb
TR2608150029391,CL100430,EN00314,trottinette,Nantes,ST1025,ST1024,15/08/2026 13:42,2026-08-15 13:54:11,12,3.59,3.64,cb
TR2608150029392,CL103079,EN00301,velo_elec,Nantes,ST1027,ST1033,15/08/2026 13:44,1786795454,20,5.51,6.0,cb
TR2608150029393,CL105205,EN00232,trottinette,Nantes,ST1029,ST1021,2026-08-15 13:33:34,2026-08-15 13:43:34,10,2.45,3.2,cb
TR2608150029394,CL102270,EN00321,velo_elec,Nantes,ST1030,ST1027,2026-08-15 13:31:01,2026-08-15 13:48:01,17,2.77,5.25,cb
TR2608150029395,CL103810,EN00422,velo_elec,Lille,ST1034,ST1040,2026-08-15 13:42:56,2026-08-15 14:31:56,49,16.12,13.25,cb
TR2608150029396,CL101100,EN00415,trottinette,Lille,ST1035,ST1036,2026-08-15 13:44:41,2026-08-15 13:56:41,12,2.61,3.64,cb
TR2608150029397,CL102513,EN00437,velo,Lille,ST1036,ST1043,2026-08-15 13:44:35,2026-08-15 13:53:35,9,1.7,2.35,cb
TR2608150029398,CL108450,EN00366,trottinette, Lille,ST1046,ST1047,2026-08-15 13:31:13,,10,1.88,3.2,cb
TR2608150029399,CL104576,EN00478,trottinette,Lille,ST1046,ST1041,,15/08/2026 13:54,14,3.28,4.08,paypal
TR2608150029400,CL104658,EN00521,velo,Grenoble,ST1051,ST1057,2026-08-15 13:45:18,2026-08-15 13:54:18,9,3.02,2.35,abonnement
TR2608150029401,CL108522,EN00506,trottinette,Grenoble,ST1054,ST1049,2026-08-15 13:38:22,2026-08-15 14:03:22,25,7.83,6.5,abonnement
TR2608150029402,CL106657,EN00582,trottinette,Grenoble,ST1057,ST1052,2026-08-15 13:41:46,2026-08-15 13:51:46,10,1.56,3.2,paypal
TR2608150029403,CL108795,EN00140,trottinette,Lyon,ST1003,ST1013,15/08/2026 13:56,,24,6.73,6.28,cb
TR2608150029404,CL102768,EN00211,velo_elec,Lyon,ST1010,ST1017,1786794892,15/08/2026 14:03,9,2.22,3.25,cb
TR2608150029405,CL105150,EN00055,trottinette,Lyon,ST1011,ST1002,15/08/2026 13:57,2026-08-15 14:09:12,12,2.37,3.64,cb
TR2608150029406,CL107986,EN00205,trottinette,Lyon,ST1014,ST1004,2026-08-15 13:55:34,2026-08-15 14:28:34,33,7.35,8.26,cb
TR2608150029407,CL106681,EN00095,trottinette,Lyon,ST1015,ST1007,2026-08-15 13:58:52,15/08/2026 14:11,13,2.67,3.86,cb
TR2608150029408,CL100303,EN00035,velo_elec,Lyon,ST1019,ST1003,15/08/2026 13:56,15/08/2026 14:14,18,3.15,5.5,abonnement
TR2608150029409,CL105996,EN00266,velo_elec,Nantes,ST1022,ST1033,2026-08-15 13:57:56,2026-08-15 14:01:56,4,1.33,2.0,abonnement
TR2608150029410,CL102212,EN00302,velo_elec,Nantes,ST1025,ST1027,15/08/2026 14:01,2026-08-15 14:13:21,12,4.05,4.0,abonnement
TR2608150029411,CL102644,EN00320,velo,Nantes,ST1025,ST1025,1786794796,2026-08-15 14:01:16,8,1.54,2.2,cb
TR2608150029412,CL100667,EN00358,trottinette,Nantes,ST1027,ST1027,2026-08-15 13:46:38,1786794638,4,1.03,1.88,cb
TR2608150029413,CL100769,EN00265,trottinette,Nantes,ST1027,ST1022,2026-08-15 14:00:08,2026-08-15 14:10:08,10,2.01,3.2,cb
TR2608150029414,CL106905,EN00227,trottinette,Nantes,ST1028,ST1033,2026-08-15 14:00:48,2026-08-15 14:14:48,14,3.98,4.08,abonnement
TR2608150029415,CL102574,EN00240,trottinette,Nantes,ST1028,ST1030,2026-08-15 13:55:29,15/08/2026 14:17,22,4.49,5.84,cb
TR2608150029416,CL101994,EN00273,velo_elec,Nantes,ST1031,ST1022,2026-08-15 13:58:43,2026-08-15 14:11:43,13,2.83,4.25,paypal
TR2608150029417,CL107533,EN00230,velo_elec,Nantes,ST1031,ST1031,1786794482,2026-08-15 13:58:02,10,1.92,3.5,abonnement
TR2608150029418,CL103311,EN00253,trottinette,Nantes,ST1031,ST1024,2026-08-15 13:54:22,2026-08-15 14:07:22,13,4.42,3.86,abonnement
TR2608150029419,CL102270,EN00263,trottinette,Nantes,ST1032,ST1022,2026-08-15 13:58:44,2026-08-15 14:33:44,35,9.0,8.7,cb
TR2608150029420,CL103987,EN00222,velo_elec,NANTES,ST1032,ST1033,2026-08-15 14:00:28,2026-08-15 14:15:28,15,3.94,4.75,abonnement
TR2608150029421,CL102161,EN00482,velo_elec,Lille,ST1037,ST1035,2026-08-15 13:53:14,2026-08-15 14:11:14,18,5.62,5.5,cb
TR2608150029422,CL105659,EN00498,trottinette,Lille,ST1040,ST1035,15/08/2026 13:51,2026-08-15 13:58:10,7,1.37,2.54,abonnement
TR2608150029423,CL108053,EN00488,velo_elec,lille,ST1040,ST1047,2026-08-15 13:56:36,2026-08-15 14:06:36,10,3.25,3.5,cb
TR2608150029424,CL105298,EN00449,trottinette,Lille,ST1041,ST1047,2026-08-15 13:52:17,15/08/2026 14:02,10,1.55,3.2,cb
TR2608150029425,CL105136,EN00409,trottinette, Lille,ST1043,ST1044,15/08/2026 13:51,2026-08-15 14:11:48,20,5.19,5.4,cb
TR2608150029426,CL106066,EN00598,velo_elec,Grenoble,ST1049,ST1057,2026-08-15 13:57:22,1786795702,11,2.09,3.75,abonnement
TR2608150029427,CL101951,EN00558,trottinette,Grenoble,ST1055,ST1048,2026-08-15 13:59:00,2026-08-15 14:08:00,9,2.32,2.98,cb
TR2608150029428,CL104704,EN00597,trottinette,Grenoble,ST1056,ST1048,2026-08-15 13:48:44,2026-08-15 14:08:44,20,5.55,5.4,abonnement
TR2608150029429,CL101617,EN00522,velo_elec,GRENOBLE,ST1058,ST1050,2026-08-15 14:00:07,2026-08-15 14:13:07,13,2.99,4.25,abonnement
TR2608150029430,CL104305,EN00058,velo_elec,Lyon,ST1002,ST1002,2026-08-15 14:04:14,1786796054,10,2.04,3.5,paypal
TR2608150029431,CL104488,EN00111,trottinette,Lyon,ST1006,ST1016,2026-08-15 14:11:05,2026-08-15 14:23:05,12,3.32,3.64,cb
TR2608150029432,CL104278,EN00061,trottinette,Lyon,ST1019,ST1014,2026-08-15 14:05:41,2026-08-15 14:39:41,34,11.38,8.48,paypal
TR2608150029433,CL108013,EN00286,velo_elec,Nantes,ST1020,ST1020,2026-08-15 14:15:29,2026-08-15 14:23:29,8,2.57,3.0,paypal
TR2608150029434,CL102611,EN00226,velo_elec,Nantes,ST1020,ST1022,2026-08-15 14:04:15,2026-08-15 14:10:15,6,1.21,2.5,abonnement
TR2608150029435,CL100839,EN00233,velo_elec,Nantes,ST1021,ST1031,2026-08-15 14:13:00,15/08/2026 14:40,27,6.34,7.75,cb
TR2608150029436,CL100551,EN00225,velo_elec,Nantes,ST1021,ST1027,15/08/2026 14:01,,16,2.41,5.0,cb
TR2608150029437,CL103155,EN00316,velo_elec,Nantes,ST1024,ST1028,2026-08-15 14:09:58,2026-08-15 14:20:58,11,3.07,3.75,cb
TR2608150029438,CL107714,EN00272,trottinette,Nantes,ST1026,ST1024,2026-08-15 14:13:54,2026-08-15 15:29:54,76,12.91,17.72,paypal
TR2608150029439,CL105235,EN00358,trottinette,nantes,ST1027,ST1032,2026-08-15 14:08:40,1786796200,8,1.43,2.76,abonnement
TR2608150029440,CL106642,EN00270,velo_elec,Nantes,ST1027,ST1020,2026-08-15 14:12:40,1786797580,27,5.46,7.75,cb
TR2608150029441,CL106950,EN00307,trottinette,NANTES,ST1027,ST1029,2026-08-15 14:03:32,2026-08-15 14:19:32,16,3.76,4.52,cb
TR2608150029442,CL105384,EN00298,trottinette,Nantes,ST1028,ST1030,2026-08-15 14:11:32,2026-08-15 14:21:32,10,1.99,3.2,cb
TR2608150029443,CL101398,EN00280,trottinette,Nantes,ST1028,ST1026,2026-08-15 14:10:22,15/08/2026 14:44,34,9.39,8.48,abonnement
TR2608150029444,CL100959,EN00342,velo_elec,Nantes,ST1029,ST1024,15/08/2026 14:14,,7,2.12,2.75,cb
TR2608150029445,CL105609,EN00290,trottinette,Nantes,ST1030,ST1031,2026-08-15 14:04:46,2026-08-15 14:14:46,10,2.87,3.2,cb
TR2608150029446,CL106260,EN00245,velo_elec,Nantes,ST1030,ST1031,2026-08-15 14:09:04,2026-08-15 14:19:04,10,2.93,3.5,cb
TR2608150029447,CL101865,EN00230,velo_elec,Nantes,ST1031,ST1027,2026-08-15 14:14:35,2026-08-15 14:40:35,-15,4.47,7.5,cb
TR2608150029448,CL103173,EN00246,trottinette,Nantes,ST1031,ST1020,15/08/2026 14:12,2026-08-15 14:23:36,11,2.05,3.42,abonnement
TR2608150029449,CL108120,EN00317,trottinette,Nantes,ST1033,ST1025,2026-08-15 14:15:09,1786796589,8,1.71,2.76,cb
TR2608150029450,CL108718,EN00462,velo_elec,Lille,ST1038,ST1041,2026-08-15 14:08:56,2026-08-15 15:38:56,90,17.11,23.5,cb
TR2608150029451,CL107031,EN00440,trottinette,Lille,ST1040,ST1045,2026-08-15 14:10:11,15/08/2026 14:14,4,1.07,1.88,cb
TR2608150029452,CL102331,EN00368,trottinette,Lille,ST1043,ST1035,2026-08-15 14:15:19,2026-08-15 14:42:19,27,5.61,6.94,cb
TR2608150029453,CL103489,EN00533,velo_elec,Grenoble,ST1048,ST1049,2026-08-15 14:15:32,2026-08-15 14:39:32,24,7.72,7.0,cb
TR2608150029454,CL106963,EN00559,trottinette,Grenoble,ST1051,ST1056,2026-08-15 14:04:36,15/08/2026 14:15,11,3.43,3.42,cb
TR2608150029455,CL106431,EN00599,trottinette,Grenoble,ST1056,ST1051,2026-08-15 14:11:54,2026-08-15 14:26:54,15,4.74,4.3,paypal
TR2608150029456,CL101085,EN00563,trottinette,Grenoble,ST1056,ST1048,2026-08-15 14:03:20,2026-08-15 14:07:20,4,0.71,1.88,abonnement
TR2608150029457,CL103031,EN00557,velo,Grenoble,ST1056,ST1050,2026-08-15 14:09:34,2026-08-15 14:31:34,22,5.66,4.3,paypal
TR2608150029458,CL103664,EN00593,trottinette,Grenoble,ST1058,ST1056,2026-08-15 14:15:07,2026-08-15 14:30:07,15,4.96,4.3,cb
TR2608150029459,CL100504,EN00076,velo_elec,LYON,ST1010,ST1002,1786797048,2026-08-15 15:15:48,45,14.2,12.25,cb
TR2608150029460,CL107812,EN00177,velo_elec,Lyon,ST1010,ST1019,2026-08-15 14:22:14,2026-08-15 14:31:14,9,1.68,3.25,cb
TR2608150029461,CL102087,EN00067,velo_elec,Lyon,ST1011,ST1011,15/08/2026 14:19,2026-08-15 14:27:45,8,1.44,3.0,cb
TR2608150029462,CL108744,EN00281,velo_elec,Nantes,ST1020,ST1029,2026-08-15 14:18:37,2026-08-15 14:29:37,11,2.43,3.75,cb
TR2608150029463,CL103504,EN00332,trottinette,Nantes,ST1020,ST1020,2026-08-15 14:27:13,2026-08-15 14:38:13,11,2.45,3.42,cb
TR2608150029464,CL105189,EN00226,velo_elec,Nantes,ST1022,ST1024,2026-08-15 14:23:38,15/08/2026 14:47,24,6.99,7.0,abonnement
TR2608150029465,CL101752,EN00221,velo_elec,Nantes,ST1024,ST1027,15/08/2026 14:25,2026-08-15 14:36:17,11,2.51,3.75,cb
TR2608150029466,CL102388,EN00320,velo,Nantes,ST1025,ST1030,15/08/2026 14:19,2026-08-15 14:24:49,5,1.31,1.75,cb
TR2608150029467,CL108390,EN00302,velo_elec,Nantes,ST1027,ST1033,2026-08-15 14:21:47,2026-08-15 14:34:47,13,3.3,4.25,cb
TR2608150029468,CL108731,EN00327,velo_elec,Nantes,ST1028,ST1029,15/08/2026 14:20,2026-08-15 15:08:12,48,7.57,13.0,cb
TR2608150029469,CL100025,EN00249,velo_elec,Nantes,ST1028,ST1023,2026-08-15 14:29:22,2026-08-15 14:44:22,15,2.52,4.75,abonnement
TR2608150029470,CL108406,EN00349,velo_elec,Nantes,ST1030,ST1024,,2026-08-15 14:25:41,9,1.49,3.25,cb
TR2608150029471,CL101896,EN00228,trottinette,NANTES,ST1030,ST1031,2026-08-15 14:23:43,2026-08-15 14:26:43,3,0.59,1.66,abonnement
TR2608150029472,CL104789,EN00477,trottinette,Lille,ST1036,ST1047,2026-08-15 14:16:47,2026-08-15 14:25:47,9,1.89,2.98,paypal
TR2608150029473,CL101444,EN00388,velo_elec,lille,ST1037,ST1046,2026-08-15 14:16:58,1786797538,22,7.01,6.5,cb
TR2608150029474,CL104415,EN00489,trottinette,Lille,ST1038,ST1042,2026-08-15 14:27:01,2026-08-15 14:45:01,18,2.99,4.96,cb
TR2608150029475,CL104041,EN00466,velo,Lille,ST1038,ST1046,2026-08-15 14:19:02,2026-08-15 14:32:02,13,2.36,2.95,
TR2608150029476,CL104563,EN00417,trottinette,Lille,ST1039,ST1047,1786796940,2026-08-15 14:48:00,19,4.28,5.18,cb
TR2608150029477,CL104710,EN00394,velo_elec,Lille,ST1043,ST1042,2026-08-15 14:23:21,15/08/2026 14:28,5,1.21,2.25,paypal
TR2608150029478,CL103439,EN00396,velo_elec,Lille,ST1044,ST1046,2026-08-15 14:20:14,2026-08-15 14:42:14,22,4.96,6.5,cb
TR2608150029479,CL100846,EN00468,trottinette,Lille,ST1045,ST1046,,2026-08-15 14:34:42,13,4.29,3.86,cb
TR2608150029480,CL102613,EN00440,trottinette,Lille,ST1045,ST1034,2026-08-15 14:24:05,2026-08-15 14:30:05,6,1.37,2.32,cb
TR2608150029481,CL104074,EN00443,velo_elec,Lille,ST1046,ST1040,2026-08-15 14:23:18,2026-08-15 14:34:18,11,2.93,3.75,
TR2608150029482,CL101583,EN00449,trottinette,Lille,ST1047,ST1040,2026-08-15 14:20:15,2026-08-15 14:37:15,17,5.59,4.74,abonnement
TR2608150029483,CL108491,EN00558,trottinette,grenoble,ST1048,ST1051,2026-08-15 14:29:19,2026-08-15 14:39:19,10,3.26,3.2,cb
TR2608150029484,CL107391,EN00590,velo_elec,Grenoble,ST1048,ST1054,2026-08-15 14:23:46,15/08/2026 14:44,21,6.03,6.25,cb
TR2608150029485,CL102201,EN00527,velo_elec,Grenoble ,ST1049,ST1050,,,13,4.43,4.25,abonnement
TR2608150029486,CL107957,EN00556,trottinette,Grenoble,ST1050,ST1052,2026-08-15 14:21:20,15/08/2026 14:44,23,5.51,6.06,abonnement
TR2608150029487,CL108607,EN00525,velo,Grenoble,ST1051,ST1055,2026-08-15 14:19:22,2026-08-15 14:33:22,14,3.36,3.1,cb
TR2608150029488,CL100893,EN00542,velo,Grenoble ,ST1051,ST1049,2026-08-15 14:20:01,15/08/2026 14:40,20,6.15,4.0,cb
TR2608150029489,CL102746,EN00544,velo_elec,Grenoble,ST1054,ST1056,2026-08-15 14:29:02,2026-08-15 14:56:02,27,9.09,7.75,cb
TR2608150029490,CL102550,EN00515,trottinette,Grenoble,ST1055,ST1055,2026-08-15 14:29:34,2026-08-15 14:51:34,22,7.27,5.84,paypal
TR2608150029491,CL102408,EN00578,velo_elec,Grenoble,ST1055,ST1050,2026-08-15 14:18:40,2026-08-15 14:29:40,11,2.66,3.75,cb
TR2608150029492,CL106041,EN00598,velo_elec,Grenoble,ST1057,ST1053,15/08/2026 14:28,2026-08-15 15:41:32,73,12.04,19.25,abonnement
TR2608150029493,CL104922,EN00509,trottinette,grenoble,ST1057,ST1050,2026-08-15 14:28:07,2026-08-15 14:38:07,10,2.7,3.2,cb
TR2608150029494,CL101147,EN00218,velo_elec,Lyon,ST1001,ST1015,2026-08-15 14:31:31,2026-08-15 14:46:31,15,2.33,4.75,cb
TR2608150029495,CL103782,EN00031,velo_elec,Lyon,ST1008,ST1004,2026-08-15 14:38:06,2026-08-15 14:52:06,14,4.67,4.5,cb
TR2608150029496,CL103653,EN00268,trottinette,Nantes,ST1023,ST1028,2026-08-15 14:33:28,2026-08-15 14:45:28,12,1.86,3.64,abonnement
TR2608150029497,CL106083,EN00336,velo_elec,Nantes,ST1023,ST1031,1786797843,2026-08-15 14:56:03,12,2.85,4.0,cb
TR2608150029498,CL107627,EN00314,trottinette,Nantes,ST1024,ST1020,2026-08-15 14:40:06,15/08/2026 15:10,30,7.66,7.6,paypal
TR2608150029499,CL104329,EN00225,velo_elec,Nantes,ST1027,ST1029,2026-08-15 14:43:22,2026-08-15 14:55:22,12,4.2,4.0,cb
TR2608150029500,CL102595,EN00321,velo_elec,Nantes,ST1027,ST1026,2026-08-15 14:44:44,2026-08-15 14:47:44,3,0.75,1.75,paypal
TR2608150029501,CL107483,EN00277,velo_elec,NANTES,ST1032,ST1024,2026-08-15 14:32:03,2026-08-15 14:56:03,24,8.15,7.0,paypal
TR2608150029502,CL100028,EN00222,velo_elec,Nantes,ST1033,ST1032,15/08/2026 14:38,2026-08-15 14:47:07,9,2.98,3.25,abonnement
TR2608150029503,CL108139,EN00459,velo_elec,Lille,ST1035,ST1037,15/08/2026 14:40,2026-08-15 14:50:43,10,2.66,3.5,abonnement
TR2608150029504,CL102553,EN00382,trottinette,Lille,ST1036,ST1043,15/08/2026 14:39,15/08/2026 14:43,4,1.02,1.88,paypal
TR2608150029505,CL103856,EN00376,velo,Lille,ST1038,ST1034,2026-08-15 14:44:27,2026-08-15 14:49:27,5,0.81,1.75,paypal
TR2608150029506,CL103749,EN00427,trottinette,Lille,ST1043,ST1038,2026-08-15 14:37:55,15/08/2026 14:49,12,2.54,3.64,abonnement
TR2608150029507,CL106971,EN00411,trottinette,Lille,ST1046,ST1035,2026-08-15 14:35:13,2026-08-15 14:39:13,4,1.28,1.88,cb
TR2608150029508,CL101284,EN00569,trottinette,Grenoble,ST1048,ST1056,2026-08-15 14:40:40,1786798240,10,3.15,3.2,cb
TR2608150029509,CL106930,EN00535,velo_elec,Grenoble,ST1052,ST1048,2026-08-15 14:32:54,2026-08-15 15:20:54,48,12.54,13.0,abonnement
TR2608150029510,CL108410,EN00589,velo_elec,Grenoble,ST1052,ST1057,2026-08-15 14:46:01,2026-08-15 15:02:01,16,3.57,5.0,cb
TR2608150029511,CL108046,EN00179,trottinette,Lyon,ST1012,ST1014,2026-08-15 15:00:21,2026-08-15 15:21:21,21,4.87,5.62,cb
TR2608150029512,CL984433,EN00218,velo_elec,Lyon,ST1015,ST1001,2026-08-15 14:49:56,15/08/2026 14:57,8,1.42,3.0,paypal
TR2608150029513,CL107626,EN00081,velo_elec,Lyon,ST1018,ST1017,2026-08-15 14:52:24,2026-08-15 15:07:24,15,2.58,4.75,cb
TR2608150029514,CL107333,EN00352,velo_elec,Nantes,ST1021,ST1030,2026-08-15 14:52:54,2026-08-15 15:01:54,9,2.32,3.25,cb
TR2608150029515,CL103259,EN00263,trottinette,Nantes,ST1022,ST1025,2026-08-15 14:57:22,2026-08-15 15:23:22,26,6.48,6.72,abonnement
TR2608150029516,CL100063,EN00337,trottinette,Nantes,ST1024,ST1025,2026-08-15 14:45:57,2026-08-15 14:54:57,9,1.96,2.98,paypal
TR2608150029517,CL106595,EN00349,velo_elec,Nantes,ST1024,ST1028,15/08/2026 14:50,2026-08-15 14:54:03,4,0.61,2.0,cb
TR2608150029518,CL104837,EN00317,trottinette,Nante,ST1025,ST1033,2026-08-15 14:53:10,2026-08-15 15:09:10,3936,4.52,4.52,cb
TR2608150029519,CL107987,EN00264,trottinette,Nantes,ST1026,ST1023,15/08/2026 14:49,2026-08-15 14:57:00,8,1.62,2.76,paypal
TR2608150029520,CL102001,EN00338,velo_elec,Nantes,ST1026,ST1028,2026-08-15 14:57:43,2026-08-15 15:03:43,6,1.58,2.5,cb
TR2608150029521,CL105067,EN00316,velo_elec,Nantes,ST1028,ST1020,2026-08-15 14:57:33,2026-08-15 15:03:33,6,1.23,2.5,cb
TR2608150029522,CL102604,EN00297,trottinette,Nantes,ST1028,ST1031,2026-08-15 14:47:28,2026-08-15 14:54:28,7,1.49,2.54,cb
TR2608150029523,CL105000,EN00233,velo_elec,Nantes,ST1031,ST1026,2026-08-15 14:58:51,2026-08-15 15:05:51,7,2.36,2.75,cb
TR2608150029524,CL104270,EN00228,trottinette,Nantes,ST1031,ST1033,2026-08-15 14:54:28,2026-08-15 15:09:28,15,2.8,4.3,abonnement
TR2608150029525,CL108165,EN00304,velo_elec,Nantes,ST1032,ST1025,2026-08-15 14:58:17,2026-08-15 15:05:17,7,1.94,2.75,cb
TR2608150029526,CL103987,EN00339,velo_elec,Nantes,ST1033,ST1031,15/08/2026 14:51,2026-08-15 14:59:04,8,2.58,3.0,abonnement
TR2608150029527,CL100635,EN00461,velo_elec,Lille,ST1039,ST1044,2026-08-15 14:57:58,2026-08-15 15:12:58,15,2.88,4.75,cb
TR2608150029528,CL108288,EN00380,velo_elec, Lille,ST1045,ST1034,2026-08-15 14:47:50,2026-08-15 14:54:50,7,2.0,2.75,paypal
TR2608150029529,CL101915,EN00597,trottinette,Grenoble,ST1048,ST1050,15/08/2026 14:57,2026-08-15 15:01:08,4,1.08,1.88,cb
TR2608150029530,CL106770,EN00523,velo_elec,Grenoble,ST1048,ST1058,2026-08-15 14:46:21,2026-08-15 15:05:21,19,3.87,5.75,abonnement
TR2608150029531,CL102780,EN00527,velo_elec,Grenoble,ST1050,ST1054,2026-08-15 14:56:19,2026-08-15 15:06:19,10,2.02,3.5,abonnement
TR2608150029532,CL101189,EN00590,velo_elec,Grenoble,ST1054,ST1050,2026-08-15 14:52:10,2026-08-15 15:34:10,42,11.53,11.5,cb
TR2608150029533,CL100902,EN00567,velo_elec,Grenoble ,ST1057,ST1049,1786798031,15/08/2026 14:59,12,2.85,4.0,cb
TR2608150029534,CL101486,EN00585,velo_elec,Grenoble,ST1058,ST1051,2026-08-15 14:52:05,2026-08-15 15:00:05,8,1.48,3.0,cb
TR2608150029535,CL107949,EN00100,velo_elec,Lyon,ST1001,ST1015,2026-08-15 15:15:55,1786801315,26,4.31,7.5,abonnement
TR2608150029536,CL101987,EN00218,velo_elec,Lyon,ST1001,ST1004,2026-08-15 15:14:58,2026-08-15 15:21:58,7,1.37,2.75,cb
TR2608150029537,CL105411,EN00086,velo_elec,Lyon,ST1013,ST1005,15/08/2026 15:02,2026-08-15 15:20:36,18,4.98,5.5,cb
TR2608150029538,CL102689,EN00073,velo_elec,Lyon,ST1015,ST1013,15/08/2026 15:10,2026-08-15 15:20:39,10,2.26,3.5,paypal
TR2608150029539,CL107730,EN00136,trottinette,Lyon,ST1017,ST1009,2026-08-15 15:03:52,2026-08-15 15:07:52,4,1.28,1.88,abonnement
TR2608150029540,CL102938,EN00286,velo_elec,Nantes,ST1020,ST1023,1786799049,2026-08-15 15:10:09,6,1.1,2.5,cb
TR2608150029541,CL107826,EN00270,velo_elec,Nantes,ST1020,ST1025,2026-08-15 15:01:59,2026-08-15 15:08:59,7,1.18,2.75,cb
TR2608150029542,CL104173,EN00284,trottinette,Nantes,ST1021,ST1027,2026-08-15 15:15:27,2026-08-15 15:55:27,40,13.39,9.8,paypal
TR2608150029543,CL107557,EN00249,velo_elec,Nantes,ST1023,ST1030,2026-08-15 15:06:13,15/08/2026 15:18,12,4.06,4.0,cb
TR2608150029544,CL102629,EN00235,trottinette,Nantes,ST1023,ST1020,2026-08-15 15:10:00,2026-08-15 15:22:00,12,4.12,3.64,cb
TR2608150029545,CL102571,EN00277,velo_elec,Nantes,ST1024,ST1026,2026-08-15 15:14:31,2026-08-15 15:23:31,9,1.54,3.25,cb
TR2608150029546,CL106254,EN00226,velo_elec,Nantes,ST1024,ST1021,2026-08-15 15:12:57,2026-08-15 15:19:57,7,2.39,2.75,cb
TR2608150029547,CL100353,EN00221,velo_elec,Nantes,ST1027,ST1028,2026-08-15 15:06:59,2026-08-15 15:13:59,7,2.34,2.75,abonnement
TR2608150029548,CL108577,EN00349,velo_elec,Nantes,ST1028,ST1026,2026-08-15 15:10:42,2026-08-15 15:29:42,19,4.01,5.75,paypal
TR2608150029549,CL100623,EN00298,trottinette,Nantes,ST1030,ST1033,15/08/2026 15:14,1786800410,12,3.02,3.64,cb
TR2608150029550,CL106655,EN00443,velo_elec,Lille,ST1040,ST1045,2026-08-15 15:07:19,15/08/2026 15:18,11,3.59,3.75,abonnement
TR2608150029551,CL107140,EN00506,trottinette,Grenoble,ST1049,ST1056,15/08/2026 15:14,2026-08-15 15:30:03,16,2.67,4.52,cb
TR2608150029552,CL102074,EN00549,velo_elec,Grenoble,ST1053,ST1050,1786799723,2026-08-15 15:38:23,-4,3.58,6.75,abonnement
TR2608150029553,CL107639,EN00596,velo_elec,Grenoble,ST1058,ST1056,2026-08-15 15:07:40,2026-08-15 15:17:40,10,2.09,3.5,cb
TR2608150029554,CL100044,EN00009,velo_elec,Lyon,ST1015,ST1013,2026-08-15 15:26:12,2026-08-15 15:56:12,30,9.91,8.5,abonnement
TR2608150029555,CL104536,EN00250,velo_elec,Nantes,ST1022,ST1032,2026-08-15 15:25:09,2026-08-15 15:30:09,5,1.46,2.25,paypal
TR2608150029556,CL101839,EN00295,velo_elec,Nantes,ST1024,ST1032,2026-08-15 15:17:08,2026-08-15 15:31:08,14,2.35,4.5,abonnement
TR2608150029557,CL100343,EN00281,velo_elec,Nantes,ST1029,ST1033,2026-08-15 15:23:11,2026-08-15 15:39:11,16,4.02,5.0,abonnement
TR2608150029558,CL104631,EN00222,velo_elec,Nantes,ST1032,ST1021,2026-08-15 15:17:25,2026-08-15 15:23:25,6,1.04,2.5,paypal
TR2608150029559,CL102805,EN00317,trottinette,Nantes,ST1033,ST1030,2026-08-15 15:23:44,2026-08-15 15:42:44,19,5.32,5.18,cb
TR2608150029560,CL101416,EN00459,velo_elec,LILLE,ST1037,ST1034,2026-08-15 15:16:30,2026-08-15 15:29:30,13,4.07,4.25,cb
TR2608150029561,CL102541,EN00427,trottinette, Lille,ST1038,ST1042,2026-08-15 15:26:24,1786800504,2,0.55,1.44,abonnement
TR2608150029562,CL104717,EN00384,trottinette,Lille,ST1039,ST1043,2026-08-15 15:30:06,2026-08-15 15:41:06,11,1.77,3.42,cb
TR2608150029563,CL106816,EN00563,trottinette,Grenoble,ST1048,ST1055,2026-08-15 15:24:41,15/08/2026 15:35,11,2.33,3.42,cb
TR2608150029564,CL103282,EN00566,trottinette,grenoble,ST1048,ST1051,2026-08-15 15:28:03,2026-08-15 15:40:03,12,2.79,3.64,paypal
TR2608150029565,CL107964,EN00533,velo_elec,Grenoble ,ST1049,ST1055,1786800126,15/08/2026 15:28,6,1.04,2.5,paypal
TR2608150029566,CL103834,EN00597,trottinette,Grenoble,ST1050,ST1053,2026-08-15 15:17:36,15/08/2026 15:27,10,3.17,3.2,abonnement
TR2608150029567,CL104586,EN00527,velo_elec,Grenoble,ST1054,ST1049,2026-08-15 15:26:28,15/08/2026 15:51,4604,7.69,7.25,paypal
TR2608150029568,CL105167,EN00517,trottinette,Grenoble,ST1058,ST1055,2026-08-15 15:31:07,,3,0.93,1.66,paypal
TR2608150029569,CL100920,EN00084,velo_elec,Lyon,ST1007,ST1014,2026-08-15 15:42:00,2026-08-15 15:52:00,10,2.16,3.5,abonnement
TR2608150029570,CL105725,EN00314,trottinette,Nantes,ST1020,ST1023,,2026-08-15 15:50:15,18,6.22,4.96,paypal
TR2608150029571,CL100419,EN00318,velo_elec,Nantes,ST1024,ST1033,2026-08-15 15:38:51,2026-08-15 15:48:51,10,2.25,3.5,cb
TR2608150029572,CL101229,EN00233,velo_elec,Nantes,ST1026,ST1029,15/08/2026 15:36,1786802369,23,4.91,6.75,abonnement
TR2608150029573,CL108416,EN00221,velo_elec,Nantes,ST1028,ST1031,2026-08-15 15:46:21,2026-08-15 16:10:21,24,5.5,7.0,cb
TR2608150029574,CL107799,EN00339,velo_elec,Nantes,ST1031,ST1029,2026-08-15 15:39:58,15/08/2026 15:52,13,4.47,4.25,cb
TR2608150029575,CL106000,EN00295,velo_elec,Nantes,ST1032,ST1027,1786800843,2026-08-15 15:52:03,18,6.2,5.5,cb
TR2608150029576,CL102444,EN00498,trottinette,Lille,ST1035,ST1047,2026-08-15 15:36:55,2026-08-15 15:57:55,21,6.69,5.62,cb
TR2608150029577,CL106107,EN00378,velo_elec,Lille,ST1035,ST1041,2026-08-15 15:31:09,2026-08-15 15:42:09,11,2.51,3.75,cb
TR2608150029578,CL105508,EN00383,trottinette,Lille,ST1037,ST1042,15/08/2026 15:42,2026-08-15 15:50:27,8,1.78,2.76,cb
TR2608150029579,CL100980,EN00478,trottinette,Lille,ST1041,ST1039,2026-08-15 15:40:44,2026-08-15 15:50:44,10,3.12,3.2,abonnement
TR2608150029580,CL102293,EN00443,velo_elec,Lille,ST1045,ST1044,2026-08-15 15:34:46,15/08/2026 16:01,27,9.1,7.75,paypal
TR2608150029581,CL102926,EN00535,velo_elec,Grenoble,ST1048,ST1058,2026-08-15 15:42:55,2026-08-15 15:48:55,6,1.87,2.5,cb
TR2608150029582,CL104769,EN00599,trottinette,Grenoble,ST1051,ST1052,2026-08-15 15:44:48,,10,1.98,3.2,abonnement
TR2608150029583,CL100795,EN00556,trottinette,Grenoble,ST1052,ST1048,2026-08-15 15:35:05,15/08/2026 15:49,14,3.57,4.08,cb
TR2608150029584,CL100116,EN00574,velo,Grenoble,ST1054,ST1058,2026-08-15 15:35:58,2026-08-15 15:58:58,23,7.9,4.45,cb
TR2608150029585,CL102675,EN00587,trottinette,GRENOBLE,ST1055,ST1052,2026-08-15 15:41:39,2026-08-15 16:09:39,28,7.26,7.16,abonnement
TR2608150029586,CL102568,EN00107,velo_elec,Lyon,ST1001,ST1003,2026-08-15 15:49:04,1786802224,8,1.31,3.0,paypal
TR2608150029587,CL100772,EN00010,trottinette,Lyon,ST1003,ST1002,15/08/2026 15:52,2026-08-15 16:10:11,18,2.73,4.96,paypal
TR2608150029588,CL107712,EN00144,trottinette,Lyon,ST1005,ST1013,2026-08-15 15:57:01,2026-08-15 16:10:01,13,3.55,3.86,abonnement
TR2608150029589,CL103558,EN00189,trottinette,Lyon,ST1005,ST1015,2026-08-15 15:52:48,2026-08-15 16:01:48,9,2.16,2.98,cb
TR2608150029590,CL106374,EN00072,velo,Lyon,ST1010,ST1010,2026-08-15 15:55:54,2026-08-15 16:30:54,35,10.98,6.25,cb
TR2608150029591,CL101682,EN00273,velo_elec,Nantes,ST1022,ST1031,15/08/2026 15:49,2026-08-15 15:51:37,2,0.43,1.5,abonnement
TR2608150029592,CL106355,EN00342,velo_elec,Nantes,ST1024,ST1026,2026-08-15 15:57:00,2026-08-15 16:12:00,15,2.76,4.75,paypal
TR2608150029593,CL105489,EN00277,velo_elec,Nantes,ST1026,ST1027,2026-08-15 15:56:12,2026-08-15 16:11:12,15,4.36,4.75,abonnement
TR2608150029594,CL101113,EN00338,velo_elec,Nantes,ST1028,ST1028,2026-08-15 15:54:01,2026-08-15 16:15:01,21,3.9,6.25,cb
TR2608150029595,CL102306,EN00317,trottinette,Nantes,ST1030,ST1031,2026-08-15 15:46:45,2026-08-15 15:59:45,13,4.22,3.86,paypal
TR2608150029596,CL105901,EN00340,velo_elec,Nantes,ST1032,ST1030,2026-08-15 15:47:18,,14,2.21,4.5,abonnement
TR2608150029597,CL106654,EN00250,velo_elec,Nantes,ST1032,ST1021,15/08/2026 15:50,2026-08-15 16:15:54,25,5.33,7.25,cb
TR2608150029598,CL106957,EN00459,velo_elec,Lille,ST1034,ST1037,,2026-08-15 16:04:32,10,1.54,3.5,cb
TR2608150029599,CL108816,EN00440,trottinette,Lille,ST1034,ST1047,2026-08-15 15:56:01,2026-08-15 15:59:01,3,0.58,1.66,paypal
TR2608150029600,CL107856,EN00391,velo_elec,Lille,ST1036,ST1045,15/08/2026 15:59,2026-08-15 16:13:29,14,3.17,4.5,abonnement
TR2608150029601,CL102391,EN00446,trottinette,Lille,ST1037,ST1040,,1786802642,6,1.11,2.32,cb
TR2608150029602,CL104500,EN00412,trottinette,lille,ST1039,ST1040,2026-08-15 15:52:42,2026-08-15 16:02:42,10,2.72,3.2,abonnement
TR2608150029603,CL105234,EN00424,velo_elec,Lille,ST1039,ST1038,2026-08-15 15:53:07,2026-08-15 15:58:07,5,1.44,2.25,cb
TR2608150029604,CL108711,EN00422,velo_elec,Lille,ST1040,ST1036,2026-08-15 15:58:22,2026-08-15 16:02:22,4,0.97,2.0,cb
TR2608150029605,CL105624,EN00416,trottinette,Lille,ST1044,ST1041,2026-08-15 16:00:01,15/08/2026 16:32,32,6.46,8.04,cb
TR2608150029606,CL102643,EN00461,velo_elec,Lille,ST1044,ST1039,2026-08-15 15:46:35,2026-08-15 15:59:35,13,4.48,4.25,paypal
TR2608150029607,CL101403,EN00409,trottinette,Lille,ST1044,ST1047,2026-08-15 15:49:25,2026-08-15 15:58:25,9,1.47,2.98,abonnement
TR2608150029608,CL105081,EN00388,velo_elec,Lille,ST1046,ST1036,15/08/2026 15:51,2026-08-15 16:00:06,9,2.31,3.25,cb
TR2608150029609,CL102567,EN00418,trottinette,Lille,ST1046,ST1045,2026-08-15 15:57:45,,20,4.57,5.4,cb
TR2608150029610,CL108643,EN00558,trottinette,Grenoble,ST1051,ST1049,2026-08-15 15:58:28,2026-08-15 16:40:28,42,13.21,10.24,cb
TR2608150029611,CL107702,EN00501,trottinette,Grenoble,ST1052,ST1058,2026-08-15 15:52:15,2026-08-15 16:16:15,24,7.47,6.28,abonnement
TR2608150029612,CL107450,EN00563,trottinette,Grenoble ,ST1055,ST1053,2026-08-15 15:55:02,2026-08-15 16:00:02,5,1.35,2.1,cb
TR2608150029613,CL107858,EN00534,trottinette,Grenoble,ST1058,ST1048,2026-08-15 15:55:07,15/08/2026 16:06,11,3.72,3.42,cb
TR2608150029614,CL103354,EN00105,velo_elec,Lyon,ST1003,ST1010,2026-08-15 16:15:45,2026-08-15 16:22:45,7,1.83,2.75,abonnement
TR2608150029615,CL107620,EN00100,velo_elec,Lyon,ST1015,ST1011,2026-08-15 16:03:43,1786803823,20,3.74,6.0,cb
TR2608150029616,CL105134,EN00211,velo_elec,Lyon,ST1017,ST1019,2026-08-15 16:02:35,2026-08-15 16:16:35,14,3.1,4.5,cb
TR2608150029617,CL101837,EN00020,velo_elec,Lyon ,ST1018,ST1004,2026-08-15 16:10:59,2026-08-15 16:22:59,12,3.64,4.0,cb
TR2608150029618,CL108868,EN00316,velo_elec,Nantes,ST1020,ST1028,,2026-08-15 16:26:56,17,2.84,5.25,paypal
TR2608150029619,CL102885,EN00359,trottinette,Nantes,ST1020,ST1023,2026-08-15 16:01:42,2026-08-15 16:08:42,7,1.52,2.54,cb
TR2608150029620,CL108928,EN00265,trottinette,Nantes,ST1022,ST1022,2026-08-15 16:13:17,2026-08-15 16:17:17,4,0.66,1.88,abonnement
TR2608150029621,CL106179,EN00304,velo_elec,Nantes,ST1025,ST1022,2026-08-15 16:12:43,2026-08-15 16:22:43,10,2.27,3.5,abonnement
TR2608150029622,CL104629,EN00321,velo_elec,Nantes,ST1026,ST1027,2026-08-15 16:13:15,2026-08-15 16:33:15,20,6.34,6.0,abonnement
TR2608150029623,CL100050,EN00295,velo_elec,nantes,ST1027,ST1027,2026-08-15 16:16:07,2026-08-15 16:19:07,3,1.03,1.75,paypal
TR2608150029624,CL106349,EN00237,velo_elec,Nantes,ST1027,ST1022,1786802581,2026-08-15 16:11:01,8,2.45,3.0,abonnement
TR2608150029625,CL108917,EN00294,velo_elec,Nantes,ST1027,ST1023,2026-08-15 16:03:24,2026-08-15 16:53:24,50,10.02,13.5,abonnement
TR2608150029626,CL105114,EN00317,trottinette,Nantes,ST1031,ST1032,15/08/2026 16:08,2026-08-15 16:19:57,11,3.17,3.42,cb
TR2608150029627,CL101062,EN00358,trottinette,Nantes,ST1032,ST1020,2026-08-15 16:08:25,1786804345,24,7.37,6.28,abonnement
TR2608150029628,CL100538,EN00493,velo_elec,Lille,ST1034,ST1044,2026-08-15 16:01:26,2026-08-15 16:10:26,9,1.44,3.25,cb
TR2608150029629,CL100937,EN00387,velo,Lille,ST1037,ST1035,2026-08-15 16:08:56,2026-08-15 16:26:56,18,5.97,3.7,cb
TR2608150029630,CL101259,EN00378,velo_elec,Lille,ST1041,ST1044,2026-08-15 16:08:46,1786803826,15,2.82,4.75,cb
TR2608150029631,CL105715,EN00382,trottinette,Lille,ST1043,ST1038,15/08/2026 16:11,2026-08-15 16:43:41,32,5.26,8.04,cb
TR2608150029632,CL108212,EN00396,velo_elec,Lille,ST1046,ST1045,2026-08-15 16:14:56,2026-08-15 16:30:56,16,4.18,5.0,abonnement
TR2608150029633,CL106347,EN00477,trottinette,Lille,ST1047,ST1036,2026-08-15 16:16:14,2026-08-15 16:27:14,11,3.11,3.42,abonnement
TR2608150029634,CL104366,EN00556,trottinette,Grenoble,ST1048,ST1056,1786803144,2026-08-15 16:33:24,21,5.15,5.62,cb
TR2608150029635,CL103633,EN00589,velo_elec,Grenoble,ST1057,ST1057,2026-08-15 16:00:43,2026-08-15 16:16:43,16,4.98,5.0,cb
TR2608150029636,CL105694,EN00017,velo,Lyon,ST1010,ST1003,15/08/2026 16:20,2026-08-15 16:25:37,5,0.78,1.75,cb
TR2608150029637,CL102249,EN00189,trottinette,Lyon,ST1015,ST1004,2026-08-15 16:20:08,1786804268,11,3.13,3.42,cb
TR2608150029638,CL996681,EN00066,trottinette,Lyon,ST1018,ST1003,2026-08-15 16:22:05,2026-08-15 16:43:05,21,3.16,5.62,paypal
TR2608150029639,CL101261,EN00051,velo,Lyon,ST1018,ST1012,2026-08-15 16:27:27,2026-08-15 16:34:27,7,2.25,2.05,abonnement
TR2608150029640,CL102068,EN00237,velo_elec,Nantes,ST1022,ST1021,,15/08/2026 17:03,34,10.35,9.5,abonnement
TR2608150029641,CL108649,EN00285,trottinette,Nantes,ST1022,ST1030,2026-08-15 16:18:27,2026-08-15 16:41:27,23,7.81,6.06,cb
TR2608150029642,CL107196,EN00354,velo_elec,Nantes,ST1022,ST1020,2026-08-15 16:27:11,2026-08-15 16:32:11,5,1.63,2.25,abonnement
TR2608150029643,CL103516,EN00286,velo_elec,Nantes,ST1023,ST1028,2026-08-15 16:26:01,2026-08-15 16:46:01,20,4.12,6.0,abonnement
TR2608150029644,CL106904,EN00314,trottinette,Nantes,ST1023,ST1031,2026-08-15 16:20:50,2026-08-15 16:41:50,21,5.93,5.62,paypal
TR2608150029645,CL105596,EN00248,trottinette,Nantes,ST1026,ST1031,2026-08-15 16:17:46,2026-08-15 16:35:46,18,3.77,4.96,cb
TR2608150029646,CL103041,EN00277,velo_elec,Nantes,ST1027,ST1021,2026-08-15 16:29:36,2026-08-15 17:00:36,5763,8.11,8.75,cb
TR2608150029647,CL103491,EN00252,velo_elec,nantes,ST1027,ST1023,2026-08-15 16:25:48,2026-08-15 16:37:48,12,3.99,4.0,
TR2608150029648,CL101404,EN00352,velo_elec,Nantes,ST1030,ST1020,2026-08-15 16:17:57,2026-08-15 16:34:57,17,4.53,5.25,paypal
TR2608150029649,CL100956,EN00340,velo_elec,Nantes,ST1030,ST1030,2026-08-15 16:22:50,2026-08-15 16:30:50,8,2.71,3.0,cb
TR2608150029650,CL102220,EN00273,velo_elec,Nantes,ST1031,ST1030,2026-08-15 16:24:33,2026-08-15 16:34:33,10,2.58,3.5,abonnement
TR2608150029651,CL105688,EN00341,velo_elec,Nantes,ST1032,ST1023,2026-08-15 16:24:42,2026-08-15 16:40:42,16,5.11,5.0,abonnement
TR2608150029652,CL108903,EN00289,trottinette,Nantes,ST1032,ST1024,1786804097,1786804577,8,2.79,2.76,cb
TR2608150029653,CL101042,EN00355,velo_elec,Nantes,ST1033,ST1031,2026-08-15 16:30:13,15/08/2026 17:15,45,7.73,12.25,abonnement
TR2608150029654,CL106322,EN00365,velo_elec,Lille,ST1035,ST1036,2026-08-15 16:15:38,2026-08-15 16:31:38,16,5.42,5.0,paypal
TR2608150029655,CL106224,EN00374,velo_elec,Lille,ST1035,ST1040,1786803557,2026-08-15 16:24:17,5,1.01,2.25,paypal
TR2608150029656,CL102781,EN00459,velo_elec,Lille,ST1037,ST1044,2026-08-15 16:29:04,2026-08-15 16:35:04,6,1.06,2.5,abonnement
TR2608150029657,CL101992,EN00424,velo_elec,Lille,ST1038,ST1041,2026-08-15 16:27:34,2026-08-15 16:35:34,8,2.4,3.0,paypal
TR2608150029658,CL107633,EN00377,trottinette,Lille,ST1040,ST1044,2026-08-15 16:25:57,2026-08-15 16:35:57,10,2.38,3.2,abonnement
TR2608150029659,CL102316,EN00383,trottinette,Lille,ST1042,ST1042,2026-08-15 16:25:43,2026-08-15 16:33:43,8,2.23,2.76,cb
TR2608150029660,CL103365,EN00384,trottinette,lille,ST1043,ST1035,2026-08-15 16:15:44,1786804064,12,4.19,3.64,cb
TR2608150029661,CL108140,EN00554,velo_elec,Grenoble,ST1048,ST1058,2026-08-15 16:27:35,2026-08-15 16:43:35,16,3.82,5.0,cb
TR2608150029662,CL108343,EN00532,velo_elec,Grenoble,ST1048,ST1049,2026-08-15 16:29:33,2026-08-15 17:06:33,37,7.27,10.25,abonnement
TR2608150029663,CL101039,EN00527,velo_elec,Grenoble,ST1049,ST1054,1786803863,2026-08-15 16:49:23,25,4.94,7.25,cb
TR2608150029664,CL108330,EN00563,trottinette,Grenoble,ST1053,ST1054,2026-08-15 16:21:52,2026-08-15 16:26:52,5,1.01,2.1,cb
TR2608150029665,CL107283,EN00565,trottinette,GRENOBLE,ST1057,ST1049,2026-08-15 16:24:57,2026-08-15 16:49:57,25,6.46,6.5,cb
TR2608150029666,CL101458,EN00103,trottinette,Lyon,ST1001,ST1014,2026-08-15 16:45:42,2026-08-15 16:51:42,6,1.21,2.32,cb
TR2608150029667,CL108389,EN00193,trottinette,Lyon,ST1001,ST1010,1786804700,2026-08-15 16:47:20,9,2.34,2.98,cb
TR2608150029668,CL107678,EN00206,velo_elec,Lyon,ST1006,ST1013,,2026-08-15 17:00:57,20,3.11,6.0,cb
TR2608150029669,CL100574,EN00194,velo_elec,Lyon,ST1015,ST1005,2026-08-15 16:37:41,2026-08-15 16:52:41,15,2.64,4.75,cb
TR2608150029670,CL100739,EN00057,velo_elec,Lyon,ST1016,ST1003,15/08/2026 16:39,15/08/2026 16:48,9,2.99,3.25,paypal
TR2608150029671,CL102464,EN00222,velo_elec,Nantes,ST1021,ST1028,15/08/2026 16:38,2026-08-15 16:55:24,17,5.79,5.25,cb
TR2608150029672,CL103312,EN00304,velo_elec,Nantes,ST1022,ST1027,2026-08-15 16:39:24,15/08/2026 16:50,11,1.65,3.75,cb
TR2608150029673,CL104863,EN00264,trottinette,NANTES,ST1023,ST1022,15/08/2026 16:40,2026-08-15 16:53:47,13,3.71,3.86,abonnement
TR2608150029674,CL108567,EN00263,trottinette,Nantes,ST1025,ST1022,2026-08-15 16:36:57,2026-08-15 16:46:57,10,2.44,3.2,cb
TR2608150029675,CL102118,EN00342,velo_elec,Nantes,ST1026,ST1033,2026-08-15 16:44:04,2026-08-15 16:51:04,7,2.01,2.75,cb
TR2608150029676,CL106467,EN00349,velo_elec,Nantes,ST1026,ST1024,2026-08-15 16:40:01,2026-08-15 16:45:01,5,0.95,2.25,cb
TR2608150029677,CL107538,EN00316,velo_elec,Nantes,ST1028,ST1033,2026-08-15 16:38:27,2026-08-15 16:47:27,9,2.13,3.25,cb
TR2608150029678,CL100157,EN00380,velo_elec,Lille,ST1034,ST1042,2026-08-15 16:46:01,2026-08-15 16:52:01,6,1.37,2.5,cb
TR2608150029679,CL103474,EN00429,velo, Lille,ST1037,ST1035,2026-08-15 16:36:25,1786804885,5,1.62,1.75,cb
TR2608150029680,CL100898,EN00461,velo_elec,Lille,ST1039,ST1042,2026-08-15 16:31:10,2026-08-15 16:39:10,8,1.22,3.0,cb
TR2608150029681,CL107179,EN00404,trottinette,Lille,ST1043,ST1040,1786804624,2026-08-15 16:54:04,17,2.78,4.74,cb
TR2608150029682,CL108247,EN00468,trottinette,Lille,ST1046,ST1041,2026-08-15 16:34:21,2026-08-15 16:51:21,17,4.04,4.74,cb
TR2608150029683,CL100657,EN00585,velo_elec,Grenoble,ST1051,ST1054,2026-08-15 16:33:11,2026-08-15 16:39:11,6,1.95,2.5,abonnement
TR2608150029684,CL100002,EN00196,velo_elec,Lyon,ST1004,ST1010,2026-08-15 16:56:23,2026-08-15 17:03:23,7,1.06,2.75,cb
TR2608150029685,CL108057,EN00238,velo_elec,Nantes,ST1021,ST1024,2026-08-15 16:53:56,2026-08-15 16:56:56,3,1.05,1.75,cb
TR2608150029686,CL103795,EN00312,trottinette,Nantes,ST1021,ST1030,2026-08-15 16:49:22,1786806322,16,4.04,4.52,cb
TR2608150029687,CL107522,EN00265,trottinette,Nantes,ST1022,ST1022,15/08/2026 16:54,1786806063,7,1.65,2.54,abonnement
TR2608150029688,CL101835,EN00247,trottinette,Nantes,ST1022,ST1033,2026-08-15 16:53:32,2026-08-15 17:01:32,8,2.15,2.76,
TR2608150029689,CL102684,EN00360,trottinette,Nantes,ST1024,ST1032,15/08/2026 16:56,2026-08-15 17:18:11,22,4.16,5.84,cb
TR2608150029690,CL101820,EN00337,trottinette,Nantes,ST1025,ST1022,15/08/2026 16:53,2026-08-15 16:57:11,4,1.01,1.88,abonnement
TR2608150029691,CL107538,EN00288,trottinette,Nantes,ST1026,ST1033,2026-08-15 16:49:47,2026-08-15 17:08:47,19,6.31,5.18,abonnement
TR2608150029692,CL107646,EN00295,velo_elec,Nantes,ST1027,ST1033,2026-08-15 16:53:30,2026-08-15 17:15:30,22,5.6,6.5,abonnement
TR2608150029693,CL103340,EN00286,velo_elec,Nantes,ST1028,ST1033,2026-08-15 16:51:50,15/08/2026 17:10,19,3.04,5.75,cb
TR2608150029694,CL105122,EN00245,velo_elec,Nantes,ST1031,ST1030,,2026-08-15 17:03:25,16,3.84,5.0,abonnement
TR2608150029695,CL105384,EN00290,trottinette,Nantes,ST1031,ST1025,2026-08-15 16:53:39,2026-08-15 17:03:39,10,2.29,3.2,abonnement
TR2608150029696,CL101377,EN00317,trottinette,Nantes,ST1032,ST1033,2026-08-15 16:55:48,15/08/2026 17:00,5,1.56,2.1,abonnement
TR2608150029697,CL107793,EN00413,trottinette,lille,ST1034,ST1044,2026-08-15 16:50:30,2026-08-15 16:57:30,7,1.26,2.54,abonnement
TR2608150029698,CL106504,EN00386,trottinette,Lille,ST1034,ST1041,2026-08-15 16:51:36,2026-08-15 17:03:36,12,3.82,3.64,abonnement
TR2608150029699,CL106248,EN00442,trottinette,Lille,ST1034,ST1043,15/08/2026 16:53,15/08/2026 16:58,5,1.24,2.1,cb
TR2608150029700,CL101603,EN00384,trottinette,Lille,ST1035,ST1036,2026-08-15 17:00:24,1786807464,24,7.91,6.28,abonnement
TR2608150029701,CL108439,EN00385,velo_elec,Lille,ST1035,ST1034,2026-08-15 16:47:14,2026-08-15 17:05:14,18,4.08,5.5,cb
TR2608150029702,CL101733,EN00388,velo_elec,Lille,ST1036,ST1036,2026-08-15 16:52:46,2026-08-15 17:03:46,11,3.15,3.75,cb
TR2608150029703,CL103261,EN00431,velo,Lille,ST1037,ST1042,15/08/2026 16:54,2026-08-15 17:04:02,10,2.02,2.5,abonnement
TR2608150029704,CL102288,EN00478,trottinette,Lille,ST1039,ST1035,2026-08-15 16:56:39,2026-08-15 17:05:39,9,2.03,2.98,cb
TR2608150029705,CL104037,EN00489,trottinette,Lille,ST1042,ST1044,15/08/2026 16:58,2026-08-15 17:14:32,16,5.5,4.52,abonnement
TR2608150029706,CL101321,EN00425,velo_elec,Lille,ST1046,ST1037,2026-08-15 16:46:06,2026-08-15 17:03:06,17,5.68,5.25,cb
TR2608150029707,CL105941,EN00566,trottinette,Grenoble,ST1051,ST1050,2026-08-15 16:51:02,2026-08-15 17:03:02,12,3.91,3.64,cb
TR2608150029708,CL103792,EN00576,velo,Grenoble,ST1051,ST1049,2026-08-15 16:52:07,2026-08-15 17:25:07,33,10.71,5.95,paypal
TR2608150029709,CL108611,EN00587,trottinette,grenoble,ST1052,ST1050,15/08/2026 16:46,2026-08-15 16:56:28,-8,1.67,3.2,abonnement
TR2608150029710,CL105671,EN00563,trottinette,Grenoble,ST1054,ST1051,2026-08-15 16:56:43,1786806463,11,3.62,3.42,cb
TR2608150029711,CL108524,EN00585,velo_elec,grenoble,ST1054,ST1049,2026-08-15 16:56:37,15/08/2026 17:03,7,1.54,2.75,cb
TR2608150029712,CL101627,EN00544,velo_elec,Grenoble,ST1056,ST1055,1786805431,2026-08-15 17:18:31,28,9.73,8.0,cb
TR2608150029713,CL105607,EN00506,trottinette,Grenoble,ST1056,ST1058,15/08/2026 16:54,2026-08-15 17:00:14,6,1.74,2.32,cb
TR2608150029714,CL108038,EN00097,velo_elec,Lyon,ST1002,ST1017,2026-08-15 17:10:42,1786807122,8,2.7,3.0,cb
TR2608150029715,CL101666,EN00162,velo_elec,Lyon,ST1004,ST1004,1786806266,1786806506,4,1.08,2.0,abonnement
TR2608150029716,CL105318,EN00104,trottinette,Lyon,ST1017,ST1004,2026-08-15 17:02:15,2026-08-15 17:07:15,5,1.54,2.1,cb
TR2608150029717,CL105169,EN00177,velo_elec,Lyon,ST1019,ST1019,2026-08-15 17:10:32,2026-08-15 17:17:32,7,1.86,2.75,paypal
TR2608150029718,CL108356,EN00238,velo_elec,Nantes,ST1024,ST1031,2026-08-15 17:02:50,2026-08-15 17:13:50,11,2.96,3.75,cb
TR2608150029719,CL103719,EN00271,velo_elec,Nantes,ST1024,ST1033,2026-08-15 17:10:16,2026-08-15 17:36:16,26,7.04,7.5,cb
TR2608150029720,CL103268,EN00254,velo_elec,Nantes,ST1026,ST1020,2026-08-15 17:12:23,2026-08-15 17:19:23,7,1.8,2.75,cb
TR2608150029721,CL105403,EN00324,velo,Nantes,ST1026,ST1023,2026-08-15 17:08:11,15/08/2026 17:22,14,4.71,3.1,abonnement
TR2608150029722,CL107995,EN00222,velo_elec,Nantes,ST1028,ST1022,2026-08-15 17:02:40,2026-08-15 17:20:40,18,3.17,5.5,paypal
TR2608150029723,CL101037,EN00339,velo_elec,Nantes,ST1029,ST1029,2026-08-15 17:06:22,2026-08-15 17:16:22,10,2.49,3.5,cb
TR2608150029724,CL105791,EN00273,velo_elec,Nantes,ST1030,ST1021,2026-08-15 17:04:01,2026-08-15 17:19:01,15,4.11,4.75,abonnement
TR2608150029725,CL105888,EN00340,velo_elec,Nantes,ST1030,ST1026,15/08/2026 17:08,2026-08-15 17:23:58,15,2.97,4.75,abonnement
TR2608150029726,CL105372,EN00314,trottinette,Nantes,ST1031,ST1024,2026-08-15 17:14:16,15/08/2026 17:55,41,13.57,10.02,abonnement
TR2608150029727,CL104781,EN00448,velo,Lille,ST1037,ST1045,15/08/2026 17:12,2026-08-15 17:40:06,28,7.16,5.2,cb
TR2608150029728,CL103474,EN00382,trottinette,Lille,ST1038,ST1036,2026-08-15 17:12:24,15/08/2026 17:26,14,2.26,4.08,abonnement
TR2608150029729,CL103390,EN00416,trottinette,Lille,ST1041,ST1044,2026-08-15 17:11:00,15/08/2026 17:14,3,0.57,1.66,
TR2608150029730,CL100407,EN00468,trottinette,Lille,ST1041,ST1035,2026-08-15 17:05:14,15/08/2026 17:21,16,4.54,4.52,abonnement
TR2608150029731,CL108892,EN00456,trottinette,Lille,ST1043,ST1042,2026-08-15 17:07:11,2026-08-15 17:18:11,11,2.01,3.42,cb
TR2608150029732,CL107424,EN00443,velo_elec,Lille,ST1044,ST1039,2026-08-15 17:05:26,15/08/2026 17:22,17,5.65,5.25,cb
TR2608150029733,CL107803,EN00488,velo_elec,Lille,ST1047,ST1041,2026-08-15 17:10:06,2026-08-15 17:27:06,17,5.89,5.25,abonnement
TR2608150029734,CL105857,EN00527,velo_elec,Grenoble,ST1054,ST1051,2026-08-15 17:02:51,1786807371,20,4.21,6.0,cb
TR2608150029735,CL103832,EN00533,velo_elec,Grenoble ,ST1055,ST1055,2026-08-15 17:12:50,15/08/2026 17:32,20,6.04,6.0,abonnement
TR2608150029736,CL108162,EN00559,trottinette,Grenoble,ST1056,ST1048,2026-08-15 17:06:51,2026-08-15 17:15:51,9,2.4,2.98,cb
TR2608150029737,CL105633,EN00501,trottinette,Grenoble,ST1058,ST1050,2026-08-15 17:07:37,15/08/2026 17:15,8,1.8,2.76,abonnement
TR2608150029738,CL103652,EN00058,velo_elec,Lyon,ST1002,ST1016,2026-08-15 17:29:01,,8,2.27,3.0,cb
TR2608150029739,CL104199,EN00068,velo_elec,Lyon,ST1009,ST1010,2026-08-15 17:19:29,15/08/2026 17:24,5,1.34,2.25,abonnement
TR2608150029740,CL108561,EN00067,velo_elec,Lyon,ST1011,ST1006,15/08/2026 17:24,2026-08-15 17:42:11,18,4.72,5.5,abonnement
TR2608150029741,CL100450,EN00115,velo_elec,Lyonn,ST1011,ST1004,2026-08-15 17:28:31,15/08/2026 17:38,10,2.63,3.5,abonnement
TR2608150029742,CL106867,EN00131,trottinette,lyon,ST1012,ST1007,2026-08-15 17:19:50,1786809110,32,7.09,8.04,cb
TR2608150029743,CL105865,EN00014,velo_elec,Lyon,ST1017,ST1010,2026-08-15 17:30:46,2026-08-15 17:53:46,23,3.69,6.75,cb
TR2608150029744,CL102844,EN00352,velo_elec,NANTES,ST1020,ST1031,15/08/2026 17:22,2026-08-15 17:34:22,12,3.32,4.0,abonnement
TR2608150029745,CL100264,EN00269,velo_elec,Nantes,ST1020,ST1021,1786807312,2026-08-15 17:41:52,20,3.18,6.0,cb
TR2608150029746,CL103784,EN00332,trottinette,Nantes,ST1020,ST1031,2026-08-15 17:21:30,2026-08-15 17:27:30,6,1.49,2.32,abonnement
TR2608150029747,CL104552,EN00304,velo_elec,Nantes,ST1027,ST1025,,2026-08-15 17:29:21,5,1.71,2.25,abonnement
TR2608150029748,CL102789,EN00312,trottinette,Nante,ST1030,ST1030,2026-08-15 17:30:07,2026-08-15 17:49:07,19,3.77,5.18,abonnement
TR2608150029749,CL107048,EN00295,velo_elec,Nantes,ST1033,ST1026,2026-08-15 17:21:08,15/08/2026 17:37,16,3.15,5.0,cb
TR2608150029750,CL108409,EN00401,trottinette,Lille,ST1034,ST1047,15/08/2026 17:29,2026-08-15 18:01:01,32,8.27,8.04,cb
TR2608150029751,CL104994,EN00385,velo_elec, Lille,ST1034,ST1047,2026-08-15 17:16:40,2026-08-15 17:34:40,18,4.34,5.5,cb
TR2608150029752,CL101020,EN00453,trottinette,Lille,ST1039,ST1034,2026-08-15 17:27:08,2026-08-15 17:56:08,29,7.21,7.38,abonnement
TR2608150029753,CL103463,EN00424,velo_elec,Lille,ST1041,ST1046,2026-08-15 17:22:37,2026-08-15 17:29:37,7,2.21,2.75,cb
TR2608150029754,CL100677,EN00418,trottinette,Lille,ST1045,ST1038,2026-08-15 17:18:43,2026-08-15 17:25:43,7,2.24,2.54,abonnement
TR2608150029755,CL105210,EN00417,trottinette,Lille,ST1047,ST1036,2026-08-15 17:20:31,,14,4.39,4.08,abonnement
TR2608150029756,CL101150,EN00559,trottinette,Grenoble,ST1048,ST1054,2026-08-15 17:30:02,15/08/2026 17:49,19,5.31,5.18,abonnement
TR2608150029757,CL105703,EN00563,trottinette,Grenoble,ST1051,ST1051,2026-08-15 17:28:33,1786808193,8,1.96,2.76,cb
TR2608150029758,CL108536,EN00066,trottinette,Lyon,ST1003,ST1018,,1786808886,12,2.62,3.64,cb
TR2608150029759,CL105995,EN00112,velo_elec,Lyon,ST1011,ST1007,,2026-08-15 17:57:46,15,3.58,4.75,paypal
TR2608150029760,CL108432,EN00260,velo_elec,Nantes,ST1020,ST1024,2026-08-15 17:45:47,2026-08-15 17:57:47,12,3.39,4.0,cb
TR2608150029761,CL101767,EN00236,velo_elec,Nantes,ST1021,ST1033,2026-08-15 17:44:51,2026-08-15 17:55:51,11,2.46,3.75,cb
TR2608150029762,CL105990,EN00287,velo_elec,Nantes,ST1021,ST1021,2026-08-15 17:37:21,,9,1.44,3.25,cb
TR2608150029763,CL106422,EN00357,trottinette,Nantes,ST1023,ST1023,2026-08-15 17:36:33,2026-08-15 17:43:33,7,1.4,2.54,abonnement
TR2608150029764,CL100130,EN00305,velo_elec,Nantes,ST1024,ST1027,2026-08-15 17:33:55,2026-08-15 17:49:55,16,4.39,5.0,abonnement
TR2608150029765,CL104317,EN00304,velo_elec,Nantes,ST1025,ST1021,15/08/2026 17:31,2026-08-15 17:46:21,15,2.43,4.75,cb
TR2608150029766,CL102844,EN00268,trottinette,Nantes,ST1028,ST1032,2026-08-15 17:36:57,2026-08-15 18:13:57,37,11.77,9.14,abonnement
TR2608150029767,CL102091,EN00339,velo_elec,Nantes,ST1029,ST1032,2026-08-15 17:37:22,2026-08-15 17:45:22,8,1.26,3.0,abonnement
TR2608150029768,CL107131,EN00245,velo_elec,Nantes,ST1030,ST1022,2026-08-15 17:43:39,2026-08-15 18:18:39,35,9.68,9.75,abonnement
TR2608150029769,CL106593,EN00313,trottinette,Nantes,ST1030,ST1020,15/08/2026 17:38,15/08/2026 17:47,9,2.71,2.98,cb
TR2608150029770,CL101435,EN00266,velo_elec,Nantes,ST1033,ST1028,1786808772,15/08/2026 17:59,13,4.0,4.25,cb
TR2608150029771,CL105625,EN00388,velo_elec,Lille,ST1036,ST1042,2026-08-15 17:34:25,2026-08-15 17:44:25,10,2.98,3.5,paypal
TR2608150029772,CL102525,EN00418,trottinette,Lille,ST1038,ST1034,2026-08-15 17:45:17,1786810457,29,9.26,7.38,cb
TR2608150029773,CL104605,EN00474,velo_elec,Lille,ST1039,ST1043,2026-08-15 17:30:45,2026-08-15 17:35:45,5,1.74,2.25,cb
TR2608150029774,CL101612,EN00443,velo_elec,Lille,ST1039,ST1035,2026-08-15 17:32:24,2026-08-15 17:35:24,3,0.87,1.75,paypal
TR2608150029775,CL100650,EN00383,trottinette, Lille,ST1042,ST1046,2026-08-15 17:41:25,2026-08-15 18:18:25,37,12.73,9.14,cb
TR2608150029776,CL105683,EN00426,trottinette,Lille,ST1042,ST1047,2026-08-15 17:31:35,2026-08-15 17:42:35,11,3.47,3.42,cb
TR2608150029777,CL106786,EN00396,velo_elec,Lille,ST1045,ST1034,2026-08-15 17:37:43,2026-08-15 17:59:43,22,4.74,6.5,cb
TR2608150029778,CL107064,EN00424,velo_elec,Lille,ST1046,ST1042,2026-08-15 17:31:25,2026-08-15 17:33:25,2,0.49,1.5,cb
TR2608150029779,CL108192,EN00440,trottinette,Lille,ST1047,ST1044,2026-08-15 17:42:53,2026-08-15 17:47:53,5,1.75,2.1,paypal
TR2608150029780,CL102593,EN00599,trottinette,Grenoble,ST1052,ST1048,2026-08-15 17:34:28,2026-08-15 17:42:28,8,2.75,2.76,cb
TR2608150029781,CL108038,EN00055,trottinette,Lyon,ST1002,ST1015,2026-08-15 17:55:00,2026-08-15 18:19:00,24,7.02,6.28,abonnement
TR2608150029782,CL104908,EN00095,trottinette,Lyon ,ST1007,ST1010,2026-08-15 17:47:32,2026-08-15 17:53:32,6,0.95,2.32,cb
TR2608150029783,CL103575,EN00075,trottinette,Lyon,ST1009,ST1011,2026-08-15 17:52:55,2026-08-15 17:58:55,6,0.99,2.32,abonnement
TR2608150029784,CL103567,EN00108,velo_elec,Lyon,ST1012,ST1012,15/08/2026 17:51,2026-08-15 17:58:35,7,1.93,2.75,abonnement
TR2608150029785,CL108024,EN00079,velo_elec,Lyon,ST1015,ST1002,2026-08-15 17:56:48,2026-08-15 18:10:48,14,4.6,4.5,abonnement
TR2608150029786,CL106073,EN00022,velo,Lyon,ST1018,ST1015,2026-08-15 17:55:48,2026-08-15 18:15:48,20,5.94,4.0,cb
TR2608150029787,CL102750,EN00222,velo_elec,Nantes,ST1022,ST1029,2026-08-15 17:59:37,2026-08-15 18:13:37,14,4.3,4.5,abonnement
TR2608150029788,CL108501,EN00263,trottinette,Nantes,ST1022,ST1027,15/08/2026 17:57,15/08/2026 18:06,9,2.65,2.98,cb
TR2608150029789,CL105378,EN00357,trottinette,Nantes,ST1023,ST1032,2026-08-15 17:57:47,2026-08-15 18:51:47,54,11.22,12.88,abonnement
TR2608150029790,CL101435,EN00253,trottinette,Nante,ST1024,ST1026,2026-08-15 17:57:12,2026-08-15 18:01:12,4,1.17,1.88,paypal
TR2608150029791,CL104487,EN00351,trottinette,Nantes,ST1027,ST1026,2026-08-15 17:56:48,2026-08-15 18:26:48,30,8.8,7.6,abonnement
TR2608150029792,CL100393,EN00338,velo_elec,Nantes,ST1028,ST1031,2026-08-15 17:47:04,15/08/2026 18:03,16,4.03,5.0,paypal
TR2608150029793,CL104371,EN00233,velo_elec,Nantes,ST1029,ST1024,2026-08-15 17:47:22,2026-08-15 17:55:22,8,2.44,3.0,abonnement
TR2608150029794,CL101332,EN00300,velo_elec,Nantes,ST1029,ST1026,2026-08-15 17:48:33,15/08/2026 18:02,14,4.3,4.5,abonnement
TR2608150029795,CL104218,EN00309,trottinette,Nantes,ST1030,ST1027,2026-08-15 17:58:47,2026-08-15 18:03:47,5,1.34,,abonnement
TR2608150029796,CL104580,EN00339,velo_elec,Nante,ST1032,ST1022,2026-08-15 17:53:22,2026-08-15 18:04:22,11,1.75,3.75,abonnement
TR2608150029797,CL103900,EN00360,trottinette,Nantes,ST1032,ST1028,1786809132,15/08/2026 18:20,28,9.05,7.16,cb
TR2608150029798,CL108110,EN00258,trottinette,Nantes,ST1033,ST1020,2026-08-15 17:54:48,2026-08-15 18:03:48,9,2.72,2.98,abonnement
TR2608150029799,CL104441,EN00477,trottinette,Lille,ST1036,ST1035,2026-08-15 17:54:06,2026-08-15 18:03:06,9,2.61,2.98,cb
TR2608150029800,CL102540,EN00388,velo_elec,Lille,ST1042,ST1040,2026-08-15 17:53:33,2026-08-15 18:06:33,13,3.84,4.25,cb
TR2608150029801,CL101412,EN00474,velo_elec,Lille,ST1043,ST1045,2026-08-15 17:59:19,2026-08-15 18:08:19,9,2.1,3.25,cb
TR2608150029802,CL101426,EN00489,trottinette,Lille,ST1044,ST1046,2026-08-15 17:48:18,1786810218,22,7.54,5.84,cb
TR2608150029803,CL104754,EN00532,velo_elec,Grenoble,ST1049,ST1048,2026-08-15 17:56:51,2026-08-15 17:59:51,3,0.91,1.75,abonnement
TR2608150029804,CL100731,EN00590,velo_elec,Grenoble,ST1050,ST1058,2026-08-15 17:53:43,2026-08-15 18:14:43,21,4.13,6.25,cb
TR2608150029805,CL105287,EN00582,trottinette,Grenoble,ST1052,ST1055,15/08/2026 17:55,2026-08-15 18:04:37,9,1.46,2.98,cb
TR2608150029806,CL101695,EN00597,trottinette,Grenoble,ST1053,ST1053,15/08/2026 17:50,2026-08-15 18:03:41,13,2.04,3.86,abonnement
TR2608150029807,CL100289,EN00556,trottinette,Grenoble,ST1056,ST1051,2026-08-15 18:00:58,,12,2.78,3.64,cb
TR2608150029808,CL107620,EN00173,velo_elec,Lyon,ST1001,ST1019,2026-08-15 18:08:30,2026-08-15 18:29:30,21,6.27,6.25,cb
TR2608150029809,CL103073,EN00153,velo_elec,Lyon,ST1001,ST1012,15/08/2026 18:10,15/08/2026 18:25,15,4.68,4.75,paypal
TR2608150029810,CL100173,EN00057,velo_elec,Lyon,ST1003,ST1010,2026-08-15 18:09:25,2026-08-15 18:15:25,6,1.19,2.5,cb
TR2608150029811,CL108575,EN00034,velo_elec,Lyon,ST1008,ST1014,2026-08-15 18:03:00,2026-08-15 18:18:00,15,4.11,4.75,cb
TR2608150029812,CL106125,EN00093,velo_elec,Lyon,ST1016,ST1017,2026-08-15 18:01:37,15/08/2026 18:05,4,1.12,2.0,cb
TR2608150029813,CL108369,EN00337,trottinette,Nantes,ST1022,ST1022,2026-08-15 18:12:29,2026-08-15 18:21:29,9,2.91,2.98,paypal
TR2608150029814,CL102255,EN00233,velo_elec,Nantes,ST1024,ST1024,2026-08-15 18:07:07,15/08/2026 18:17,10,3.46,3.5,cb
TR2608150029815,CL103342,EN00295,velo_elec,Nantes,ST1026,ST1028,2026-08-15 18:07:54,15/08/2026 18:11,4,1.11,2.0,paypal
TR2608150029816,CL103485,EN00238,velo_elec,Nantes,ST1031,ST1032,2026-08-15 18:06:43,2026-08-15 18:26:43,20,5.41,6.0,paypal
TR2608150029817,CL100744,EN00261,trottinette,Nantes,ST1032,ST1023,2026-08-15 18:02:03,2026-08-15 18:09:03,7,2.36,2.54,cb
TR2608150029818,CL101226,EN00291,velo_elec,nantes,ST1033,ST1032,15/08/2026 18:08,2026-08-15 18:23:47,15,2.8,4.75,cb
TR2608150029819,CL105448,EN00286,velo_elec,Nantes,ST1033,ST1031,2026-08-15 18:09:14,2026-08-15 18:19:14,10,3.42,3.5,abonnement
TR2608150029820,CL100243,EN00396,velo_elec,Lille,ST1034,ST1037,2026-08-15 18:07:17,2026-08-15 18:15:17,8,1.41,3.0,cb
TR2608150029821,CL100584,EN00391,velo_elec,Lille,ST1045,ST1044,2026-08-15 18:12:07,2026-08-15 18:20:07,8,2.78,3.0,paypal
TR2608150029822,CL107621,EN00565,trottinette,Grenoble,ST1049,ST1050,2026-08-15 18:03:24,2026-08-15 18:11:24,8,1.56,2.76,abonnement
TR2608150029823,CL100037,EN00028,trottinette,Lyon,ST1004,ST1002,2026-08-15 18:26:31,2026-08-15 18:46:31,20,5.39,5.4,cb
TR2608150029824,CL108656,EN00086,velo_elec,Lyon,ST1005,ST1010,2026-08-15 18:28:28,2026-08-15 18:48:28,20,5.31,6.0,abonnement
TR2608150029825,CL101928,EN00075,trottinette,Lyon,ST1011,ST1015,,2026-08-15 18:26:15,-26,1.37,2.1,abonnement
TR2608150029826,CL103307,EN00061,trottinette,Lyon,ST1014,ST1017,2026-08-15 18:30:03,2026-08-15 18:47:03,17,2.58,4.74,cb
TR2608150029827,CL102333,EN00066,trottinette,Lyon,ST1018,ST1002,2026-08-15 18:21:27,2026-08-15 18:28:27,7,1.58,2.54,cb
TR2608150029828,CL104543,EN00256,velo_elec,Nantes,ST1021,ST1026,2026-08-15 18:21:23,2026-08-15 18:32:23,11,2.17,3.75,cb
TR2608150029829,CL106643,EN00287,velo_elec,Nantes,ST1021,ST1021,2026-08-15 18:29:50,2026-08-15 18:35:50,6,2.02,2.5,cb
TR2608150029830,CL106172,EN00290,trottinette,Nantes,ST1025,ST1026,15/08/2026 18:27,2026-08-15 18:40:48,13,2.66,3.86,paypal
TR2608150029831,CL108744,EN00270,velo_elec,Nantes,ST1025,ST1022,2026-08-15 18:28:07,1786812607,22,6.1,6.5,abonnement
TR2608150029832,CL102147,EN00321,velo_elec,Nantes,ST1027,ST1026,15/08/2026 18:28,2026-08-15 18:49:37,21,5.42,6.25,abonnement
TR2608150029833,CL100053,EN00240,trottinette,Nantes,ST1030,ST1023,2026-08-15 18:16:42,2026-08-15 18:36:42,20,6.39,5.4,cb
TR2608150029834,CL105346,EN00275,velo,Nantes,ST1032,ST1020,2026-08-15 18:26:50,2026-08-15 18:45:50,19,3.77,3.85,paypal
TR2608150029835,CL105243,EN00453,trottinette,Lille,ST1034,ST1042,2026-08-15 18:22:54,2026-08-15 18:48:54,26,7.51,6.72,abonnement
TR2608150029836,CL101069,EN00477,trottinette,Lille,ST1035,ST1047,2026-08-15 18:23:43,15/08/2026 18:47,24,4.38,6.28,cb
TR2608150029837,CL104465,EN00415,trottinette,Lille,ST1036,ST1046,2026-08-15 18:26:44,15/08/2026 18:30,4,0.87,1.88,cb
TR2608150029838,CL101117,EN00474,velo_elec,Lille,ST1045,ST1043,2026-08-15 18:28:32,2026-08-15 18:39:32,11,3.56,3.75,cb
TR2608150029839,CL108008,EN00532,velo_elec,Grenoble,ST1048,ST1049,2026-08-15 18:27:00,15/08/2026 18:36,9,2.36,3.25,paypal
TR2608150029840,CL106061,EN00566,trottinette,Grenoble,ST1050,ST1058,1786811362,2026-08-15 18:39:22,10,2.19,3.2,cb
TR2608150029841,CL101737,EN00527,velo_elec,Grenoble,ST1051,ST1048,2026-08-15 18:22:25,2026-08-15 18:41:25,19,6.16,5.75,abonnement
TR2608150029842,CL103958,EN00588,velo_elec,Grenoble,ST1055,ST1051,15/08/2026 18:28,,31,7.9,8.75,abonnement
TR2608150029843,CL106637,EN00546,trottinette,Grenoble,ST1057,ST1051,2026-08-15 18:19:50,2026-08-15 18:32:50,13,2.3,3.86,abonnement
TR2608150029844,CL107620,EN00220,velo_elec,Lyon,ST1007,ST1012,2026-08-15 18:44:42,2026-08-15 18:59:42,15,2.34,4.75,cb
TR2608150029845,CL100679,EN00141,velo_elec,Lyon,ST1011,ST1009,2026-08-15 18:32:28,2026-08-15 18:41:28,9,3.1,3.25,paypal
TR2608150029846,CL104951,EN00254,velo_elec,Nantes,ST1020,ST1030,1786812243,15/08/2026 18:58,14,2.44,4.5,cb
TR2608150029847,CL106832,EN00329,trottinette,Nantes,ST1021,ST1024,2026-08-15 18:37:30,2026-08-15 18:48:30,11,2.72,3.42,cb
TR2608150029848,CL102173,EN00295,velo_elec,Nantes,ST1028,ST1032,2026-08-15 18:45:16,2026-08-15 18:51:16,6,1.21,2.5,abonnement
TR2608150029849,CL101815,EN00291,velo_elec,Nantes,ST1032,ST1029,2026-08-15 18:37:45,1786812945,18,4.25,5.5,paypal
TR2608150029850,CL105946,EN00496,velo_elec,Lille,ST1042,ST1044,2026-08-15 18:45:51,2026-08-15 19:09:51,24,7.76,7.0,cb
TR2608150029851,CL102031,EN00414,velo_elec,Lille,ST1045,ST1043,2026-08-15 18:33:41,15/08/2026 18:51,18,5.77,5.5,abonnement
TR2608150029852,CL101531,EN00415,trottinette,Lille,ST1046,ST1045,2026-08-15 18:38:37,2026-08-15 19:02:37,24,4.82,6.28,abonnement
TR2608150029853,CL108121,EN00599,trottinette,Grenoble,ST1048,ST1055,2026-08-15 18:40:27,15/08/2026 18:51,11,1.81,3.42,abonnement
TR2608150029854,CL105602,EN00563,trottinette,Grenoble,ST1051,ST1054,2026-08-15 18:33:33,2026-08-15 18:58:33,25,7.83,6.5,abonnement
TR2608150029855,CL102412,EN00556,trottinette,GRENOBLE,ST1051,ST1057,2026-08-15 18:45:33,2026-08-15 18:51:33,6,1.82,2.32,abonnement
TR2608150029856,CL101873,EN00079,velo_elec,Lyon,ST1002,ST1018,2026-08-15 18:49:28,2026-08-15 19:10:28,21,3.36,6.25,abonnement
TR2608150029857,CL100132,EN00026,trottinette,Lyon,ST1009,ST1006,2026-08-15 18:53:47,15/08/2026 19:03,10,2.51,3.2,abonnement
TR2608150029858,CL978367,EN00258,trottinette,Nantes,ST1020,ST1029,2026-08-15 18:46:27,2026-08-15 19:13:27,27,6.99,6.94,cb
TR2608150029859,CL105346,EN00354,velo_elec,Nantes,ST1020,ST1028,2026-08-15 18:57:22,15/08/2026 19:04,7,1.66,2.75,cb
TR2608150029860,CL957236,EN00276,velo_elec,Nantes,ST1020,ST1023,2026-08-15 19:01:20,2026-08-15 19:12:20,11,2.24,3.75,paypal
TR2608150029861,CL107213,EN00328,velo_elec,NANTES,ST1020,ST1020,2026-08-15 18:46:30,2026-08-15 18:52:30,6,1.99,2.5,cb
TR2608150029862,CL108354,EN00339,velo_elec,Nantes,ST1022,ST1027,2026-08-15 18:58:23,2026-08-15 19:03:23,5,1.5,2.25,abonnement
TR2608150029863,CL104065,EN00359,trottinette,Nante,ST1023,ST1026,2026-08-15 18:57:25,2026-08-15 19:00:25,3,0.55,1.66,
TR2608150029864,CL108942,EN00256,velo_elec,Nantes,ST1026,ST1021,15/08/2026 18:47,2026-08-15 18:54:17,7,1.76,2.75,cb
TR2608150029865,CL107015,EN00286,velo_elec,Nantes,ST1031,ST1029,2026-08-15 18:56:24,2026-08-15 19:11:24,15,2.91,4.75,cb
TR2608150029866,CL104180,EN00352,velo_elec,Nantes,ST1031,ST1032,2026-08-15 18:48:34,2026-08-15 18:56:34,8,1.58,3.0,abonnement
TR2608150029867,CL100452,EN00234,trottinette,Nantes,ST1033,ST1021,2026-08-15 18:59:51,15/08/2026 19:09,10,2.48,3.2,cb
TR2608150029868,CL100726,EN00236,velo_elec,Nantes,ST1033,ST1025,2026-08-15 18:53:27,2026-08-15 19:07:27,14,3.56,4.5,paypal
TR2608150029869,CL107046,EN00464,trottinette,Lille,ST1039,ST1038,2026-08-15 18:59:16,2026-08-15 19:14:16,15,4.8,4.3,abonnement
TR2608150029870,CL104962,EN00446,trottinette,Lille,ST1040,ST1043,2026-08-15 18:54:27,2026-08-15 19:07:27,13,3.33,3.86,cb
TR2608150029871,CL101180,EN00474,velo_elec,Lille,ST1043,ST1035,2026-08-15 18:56:08,2026-08-15 19:00:08,4,1.18,2.0,paypal
TR2608150029872,CL103339,EN00442,trottinette,Lille,ST1043,ST1037,2026-08-15 18:59:27,2026-08-15 19:02:27,3,0.97,1.66,cb
TR2608150029873,CL107440,EN00441,velo_elec,Lille,ST1047,ST1037,2026-08-15 18:52:29,15/08/2026 19:08,16,4.44,5.0,cb
TR2608150029874,CL103915,EN00546,trottinette,Grenoble,ST1051,ST1052,2026-08-15 18:59:26,2026-08-15 19:21:26,22,5.87,5.84,abonnement
TR2608150029875,CL103680,EN00117,trottinette,Lyon,ST1001,ST1014,15/08/2026 19:06,2026-08-15 19:15:37,9,2.58,2.98,paypal
TR2608150029876,CL107913,EN00145,trottinette,Lyon,ST1009,ST1009,2026-08-15 19:06:44,15/08/2026 19:19,13,3.11,3.86,cb
TR2608150029877,CL100417,EN00265,trottinette,Nantes,ST1022,ST1028,2026-08-15 19:03:37,2026-08-15 19:10:37,7,1.92,2.54,cb
TR2608150029878,CL102330,EN00300,velo_elec,Nantes,ST1026,ST1023,2026-08-15 19:09:45,15/08/2026 19:12,3,0.94,1.75,cb
TR2608150029879,CL108175,EN00266,velo_elec,Nante,ST1028,ST1032,,2026-08-15 19:20:58,6,1.43,2.5,cb
TR2608150029880,CL105080,EN00311,trottinette,Nante,ST1029,ST1031,2026-08-15 19:07:22,2026-08-15 19:25:22,18,3.86,4.96,cb
TR2608150029881,CL107865,EN00254,velo_elec,Nantes,ST1030,ST1030,,2026-08-15 19:16:45,3,0.59,1.75,abonnement
TR2608150029882,CL100117,EN00281,velo_elec,Nantes,ST1033,ST1023,2026-08-15 19:07:58,,24,5.86,7.0,cb
TR2608150029883,CL105896,EN00418,trottinette,Lille,ST1034,ST1043,1786814093,2026-08-15 19:26:53,12,2.91,3.64,abonnement
TR2608150029884,CL103438,EN00474,velo_elec,Lille,ST1035,ST1040,2026-08-15 19:13:52,15/08/2026 19:19,6,2.09,2.5,paypal
TR2608150029885,CL101709,EN00488,velo_elec,Lille,ST1041,ST1039,2026-08-15 19:09:13,2026-08-15 19:32:13,23,4.13,6.75,abonnement
TR2608150029886,CL100439,EN00367,velo,Lille,ST1045,ST1040,2026-08-15 19:11:21,2026-08-15 19:20:21,9,2.74,2.35,cb
TR2608150029887,CL107997,EN00463,velo,Lille,ST1045,ST1041,2026-08-15 19:03:20,2026-08-15 19:21:20,18,5.19,3.7,cb
TR2608150029888,CL103357,EN00448,velo,Lille,ST1045,ST1036,2026-08-15 19:11:10,2026-08-15 19:16:10,5,1.45,1.75,cb
TR2608150029889,CL102134,EN00597,trottinette,Grenoble,ST1053,ST1048,2026-08-15 19:14:01,2026-08-15 19:49:01,35,5.88,8.7,cb
TR2608150029890,CL102635,EN00559,trottinette,Grenoble,ST1054,ST1051,1786813873,2026-08-15 19:55:13,44,14.85,10.68,abonnement
TR2608150029891,CL107143,EN00593,trottinette,Grenoble,ST1056,ST1052,2026-08-15 19:13:27,2026-08-15 19:39:27,26,4.29,6.72,cb
TR2608150029892,CL102111,EN00107,velo_elec,Lyon,ST1003,ST1004,2026-08-15 19:23:44,2026-08-15 19:45:44,22,3.68,6.5,cb
TR2608150029893,CL104172,EN00178,velo_elec,Lyon,ST1003,ST1001,2026-08-15 19:26:25,15/08/2026 19:32,6,1.47,2.5,cb
TR2608150029894,CL106694,EN00133,velo_elec,Lyon,ST1007,ST1006,2026-08-15 19:18:03,2026-08-15 19:28:03,10,1.76,3.5,abonnement
TR2608150029895,CL105868,EN00100,velo_elec,Lyon,ST1011,ST1011,15/08/2026 19:27,2026-08-15 19:40:55,13,3.08,4.25,abonnement
TR2608150029896,CL108180,EN00069,trottinette,Lyon,ST1011,ST1005,2026-08-15 19:16:07,2026-08-15 19:28:07,12,2.83,3.64,abonnement
TR2608150029897,CL106217,EN00079,velo_elec,Lyon,ST1018,ST1014,,2026-08-15 19:35:59,14,2.2,4.5,cb
TR2608150029898,CL107642,EN00337,trottinette,Nante,ST1022,ST9208,15/08/2026 19:25,2026-08-15 19:30:31,5,0.98,2.1,abonnement
TR2608150029899,CL105027,EN00315,velo_elec,nantes,ST1022,ST1024,2026-08-15 19:20:13,2026-08-15 19:45:13,25,7.86,7.25,abonnement
TR2608150029900,CL100580,EN00300,velo_elec,Nantes,ST1023,ST1023,2026-08-15 19:28:01,2026-08-15 19:38:01,10,2.41,3.5,cb
TR2608150029901,CL100378,EN00341,velo_elec,Nantes,ST1023,ST1031,15/08/2026 19:28,2026-08-15 19:44:06,16,3.86,5.0,paypal
TR2608150029902,CL104108,EN00252,velo_elec,Nantes,ST1023,ST1024,2026-08-15 19:25:37,2026-08-15 19:47:37,22,5.18,6.5,cb
TR2608150029903,CL108380,EN00233,velo_elec,Nantes,ST1024,ST1025,2026-08-15 19:30:29,1786816109,18,2.78,5.5,abonnement
TR2608150029904,CL108292,EN00339,velo_elec,Nantes,ST1027,ST1023,2026-08-15 19:24:14,,7,2.44,2.75,abonnement
TR2608150029905,CL105915,EN00265,trottinette,Nantes,ST1028,ST1024,2026-08-15 19:28:09,15/08/2026 19:49,21,4.39,5.62,paypal
TR2608150029906,CL105332,EN00399,trottinette,Lille,ST1034,ST1047,1786814781,,13,2.3,3.86,cb
TR2608150029907,CL104783,EN00422,velo_elec,Lille,ST1036,ST1037,2026-08-15 19:21:51,2026-08-15 19:44:51,23,5.36,6.75,abonnement
TR2608150029908,CL101162,EN00370,velo_elec,Lille,ST1039,ST1035,1786814822,,25,4.33,7.25,cb
TR2608150029909,CL103604,EN00405,trottinette,Lille,ST1040,ST1036,2026-08-15 19:22:03,2026-08-15 19:24:03,2,0.59,,paypal
TR2608150029910,CL103458,EN00467,velo_elec,Lille,ST1040,ST1035,2026-08-15 19:20:33,2026-08-15 20:07:33,47,11.0,12.75,abonnement
TR2608150029911,CL994888,EN00402,trottinette,Lille,ST1044,ST1046,2026-08-15 19:26:14,15/08/2026 19:29,3,0.7,1.66,cb
TR2608150029912,CL102360,EN00401,trottinette,lille,ST1047,ST1040,2026-08-15 19:23:16,2026-08-15 19:32:16,9,1.74,2.98,cb
TR2608150029913,CL107978,EN00598,velo_elec,Grenoble,ST1053,ST1050,2026-08-15 19:22:52,2026-08-15 19:28:52,6,0.94,2.5,abonnement
TR2608150029914,CL104626,EN00563,trottinette,Grenoble,ST1054,ST1050,2026-08-15 19:28:19,2026-08-15 19:43:19,15,2.74,4.3,cb
TR2608150029915,CL103486,EN00582,trottinette,Grenoble,ST1055,ST1057,2026-08-15 19:21:34,1786814974,8,2.55,2.76,cb
TR2608150029916,CL108688,EN00196,velo_elec,Lyon,ST1010,ST1010,2026-08-15 19:34:22,15/08/2026 20:06,32,5.14,9.0,abonnement
TR2608150029917,CL102886,EN00329,trottinette,Nantes,ST1024,ST1027,15/08/2026 19:39,2026-08-15 19:54:54,15,4.81,4.3,cb
TR2608150029918,CL103149,EN00325,trottinette,Nantes,ST1030,ST1025,2026-08-15 19:39:14,2026-08-15 19:46:14,7,1.83,2.54,abonnement
TR2608150029919,CL102015,EN00295,velo_elec,Nantes,ST1032,ST1025,2026-08-15 19:36:07,2026-08-15 19:51:07,2656,4.04,4.75,abonnement
TR2608150029920,CL100935,EN00292,velo_elec,Nantes,ST1033,ST1033,15/08/2026 19:44,2026-08-15 20:29:01,45,10.66,12.25,paypal
TR2608150029921,CL100348,EN00390,velo,Lille,ST1039,ST1038,2026-08-15 19:35:51,2026-08-15 19:45:51,10,1.97,2.5,cb
TR2608150029922,CL104229,EN00402,trottinette,Lille,ST1046,ST1047,2026-08-15 19:45:28,2026-08-15 19:59:28,14,4.09,4.08,cb
TR2608150029923,CL108545,EN00532,velo_elec,Grenoble,ST1049,ST1050,2026-08-15 19:37:02,2026-08-15 19:52:02,15,2.52,,cb
TR2608150029924,CL108124,EN00544,velo_elec,Grenoble,ST1055,ST1051,15/08/2026 19:31,2026-08-15 19:36:41,5,0.81,2.25,cb
TR2608150029925,CL108098,EN00035,velo_elec,Lyon,ST1003,ST1009,2026-08-15 19:52:29,2026-08-15 19:55:29,-24,0.55,1.75,cb
TR2608150029926,CL104926,EN00004,velo_elec,Lyon,ST1009,ST1012,2026-08-15 19:53:07,2026-08-15 19:59:07,6,2.06,2.5,abonnement
TR2608150029927,CL101918,EN00206,velo_elec,Lyon,ST1013,ST1005,2026-08-15 19:47:36,1786816236,3,0.8,1.75,cb
TR2608150029928,CL101638,EN00339,velo_elec,Nantes,ST1023,ST1021,2026-08-15 19:56:06,15/08/2026 20:31,35,7.03,9.75,cb
TR2608150029929,CL108402,EN00281,velo_elec,Nantes,ST1023,ST1029,2026-08-15 19:54:55,15/08/2026 20:04,10,2.92,3.5,abonnement
TR2608150029930,CL104665,EN00230,velo_elec,Nantes,ST1027,ST1026,1786816698,2026-08-15 20:13:18,15,5.04,4.75,cb
TR2608150029931,CL100992,EN00291,velo_elec,Nantes,ST1029,ST1020,2026-08-15 19:50:50,2026-08-15 20:20:50,30,7.45,8.5,cb
TR2608150029932,CL102382,EN00488,velo_elec,Lille,ST1039,ST1047,2026-08-15 19:55:05,2026-08-15 20:20:05,25,5.29,7.25,
TR2608150029933,CL107440,EN00386,trottinette,Lille,ST1041,ST1037,15/08/2026 19:58,2026-08-15 20:12:52,14,4.48,4.08,cb
TR2608150029934,CL106786,EN00446,trottinette,Lille,ST1043,ST1043,2026-08-15 19:53:08,2026-08-15 20:17:08,24,8.39,6.28,cb
TR2608150029935,CL105153,EN00414,velo_elec,Lille,ST1043,ST1038,2026-08-15 19:50:24,2026-08-15 20:09:24,19,4.69,5.75,cb
TR2608150029936,CL104242,EN00459,velo_elec,Lille,ST1044,ST1047,2026-08-15 19:49:58,2026-08-15 20:08:58,19,5.21,5.75,abonnement
TR2608150029937,CL100377,EN00571,trottinette,Grenoble,ST1058,ST1052,2026-08-15 19:57:42,,23,6.1,6.06,cb
TR2608150029938,CL105717,EN00053,trottinette,Lyon,ST1014,ST1012,2026-08-15 20:12:12,2026-08-15 20:17:12,5,0.76,2.1,abonnement
TR2608150029939,CL104023,EN00325,trottinette,Nantes,ST1025,ST1029,15/08/2026 20:01,2026-08-15 20:25:51,24,5.61,6.28,cb
TR2608150029940,CL104631,EN00267,trottinette,Nantes,ST1028,ST1025,2026-08-15 20:15:22,2026-08-15 20:20:22,5,1.15,2.1,cb
TR2608150029941,CL103706,EN00222,velo_elec,Nantes,ST1029,ST1026,1786817389,1786818949,26,7.26,7.5,cb
TR2608150029942,CL108253,EN00415,trottinette,Lille,ST1045,ST1044,2026-08-15 20:07:55,2026-08-15 20:37:55,30,8.64,7.6,cb
TR2608150029943,CL105524,EN00516,velo_elec,Grenoble,ST1049,ST1057,,2026-08-15 20:22:34,9,2.95,3.25,abonnement
TR2608150029944,CL102656,EN00524,velo_elec,Grenoble,ST1049,ST1049,2026-08-15 20:13:36,2026-08-15 20:34:36,21,6.36,6.25,cb
TR2608150029945,CL102454,EN00552,trottinette,grenoble,ST1049,ST1051,2026-08-15 20:12:31,2026-08-15 20:21:31,9,1.47,,abonnement
TR2608150029946,CL102185,EN00599,trottinette,Grenoble,ST1055,ST1057,2026-08-15 20:15:05,2026-08-15 20:24:05,9,1.74,2.98,abonnement
TR2608150029947,CL103611,EN00044,trottinette,Lyon,ST1002,ST1007,1786818219,2026-08-15 20:26:39,3,0.64,1.66,abonnement
TR2608150029948,CL104792,EN00215,velo_elec,Lyon,ST1003,ST1010,2026-08-15 20:20:49,2026-08-15 20:31:49,11,2.47,3.75,abonnement
TR2608150029949,CL105599,EN00340,velo_elec,Nantes,ST1026,ST1024,15/08/2026 20:18,2026-08-15 20:22:12,4,1.32,2.0,abonnement
TR2608150029950,CL107151,EN00354,velo_elec,Nantes,ST1028,ST1032,15/08/2026 20:19,2026-08-15 20:27:41,8,2.28,3.0,abonnement
TR2608150029951,CL103849,EN00343,velo,nantes,ST1028,ST1027,15/08/2026 20:17,2026-08-15 20:20:58,3,0.97,1.45,cb
TR2608150029952,CL103899,EN00397,velo,Lille,ST1039,ST1037,2026-08-15 20:23:29,2026-08-15 20:32:29,9,2.14,2.35,abonnement
TR2608150029953,CL105195,EN00453,trottinette,Lille,ST1042,ST1036,2026-08-15 20:26:06,15/08/2026 20:33,7,2.22,2.54,cb
TR2608150029954,CL106536,EN00544,velo_elec,Grenoble,ST1051,ST1057,2026-08-15 20:28:57,2026-08-15 20:35:57,7,1.9,2.75,abonnement
TR2608150029955,CL100646,EN00593,trottinette,Grenoble,ST1052,ST1049,,2026-08-15 20:37:05,9,2.9,2.98,paypal
TR2608150029956,CL104000,EN00569,trottinette,Grenoble,ST1056,ST1057,2026-08-15 20:22:27,2026-08-15 20:43:27,21,6.48,5.62,abonnement
TR2608150029957,CL108930,EN00207,velo_elec,Lyon,ST1009,ST1015,2026-08-15 20:41:27,2026-08-15 20:54:27,13,2.62,4.25,paypal
TR2608150029958,CL105768,EN00144,trottinette,Lyon,ST1013,ST1015,2026-08-15 20:37:54,2026-08-15 20:44:54,7,1.3,2.54,cb
TR2608150029959,CL104401,EN00199,velo_elec,Lyon,ST1016,ST1018,2026-08-15 20:31:57,2026-08-15 20:36:57,5,1.48,2.25,cb
TR2608150029960,CL104865,EN00287,velo_elec,Nantes,ST1021,ST1030,,2026-08-15 21:04:39,34,11.23,9.5,cb
TR2608150029961,CL104950,EN00349,velo_elec,Nantes,ST1024,ST1033,2026-08-15 20:40:47,2026-08-15 20:45:47,5,0.79,2.25,abonnement
TR2608150029962,CL104420,EN00253,trottinette,Nantes,ST1026,ST1030,2026-08-15 20:40:14,2026-08-15 21:03:14,23,5.39,6.06,abonnement
TR2608150029963,CL104942,EN00353,velo,Nantes,ST1028,ST1028,2026-08-15 20:42:57,2026-08-15 20:54:57,12,3.9,2.8,cb
TR2608150029964,CL101851,EN00254,velo_elec,Nantes,ST1030,ST1022,15/08/2026 20:41,2026-08-15 20:51:22,10,1.72,3.5,cb
TR2608150029965,CL105369,EN00406,velo_elec,Lille,ST1034,ST1039,2026-08-15 20:39:57,2026-08-15 21:02:57,23,7.31,6.75,paypal
TR2608150029966,CL106057,EN00482,velo_elec,Lille,ST1035,ST1035,2026-08-15 20:37:08,2026-08-15 20:55:08,18,5.38,5.5,cb
TR2608150029967,CL102576,EN00489,trottinette,Lille,ST1046,ST1043,2026-08-15 20:41:33,2026-08-15 21:04:33,23,4.72,6.06,paypal
TR2608150029968,CL102203,EN00559,trottinette,Grenoble,ST1051,ST1052,2026-08-15 20:43:00,2026-08-15 20:51:00,8,1.48,2.76,abonnement
TR2608150029969,CL106113,EN00571,trottinette,Grenoble,ST1052,ST1051,2026-08-15 20:38:59,2026-08-15 20:47:59,9,1.96,2.98,abonnement
TR2608150029970,CL104484,EN00044,trottinette,Lyon,ST1007,ST1004,2026-08-15 20:51:01,2026-08-15 21:13:01,22,7.43,5.84,paypal
TR2608150029971,CL102896,EN00093,velo_elec,Lyon,ST1017,ST1019,2026-08-15 20:47:41,2026-08-15 21:00:41,13,4.05,4.25,cb
TR2608150029972,CL105913,EN00061,trottinette,Lyon,ST1017,ST1008,2026-08-15 20:47:31,2026-08-15 21:07:31,20,4.83,5.4,cb
TR2608150029973,CL103720,EN00334,trottinette,Nantes,ST1022,ST1023,2026-08-15 20:50:57,2026-08-15 20:58:57,8,2.25,2.76,cb
TR2608150029974,CL102139,EN00249,velo_elec,Nantes,ST1030,ST1027,2026-08-15 20:51:10,2026-08-15 21:03:10,12,3.81,4.0,paypal
TR2608150029975,CL105903,EN00386,trottinette,Lille,ST1037,ST1041,2026-08-15 20:47:46,2026-08-15 20:55:46,8,1.32,2.76,cb
TR2608150029976,CL107947,EN00462,velo_elec,Lille,ST1041,ST1040,2026-08-15 20:46:31,2026-08-15 21:04:31,18,5.8,5.5,abonnement
TR2608150029977,CL107335,EN00383,trottinette,Lille,ST1046,ST1047,2026-08-15 20:52:35,2026-08-15 20:55:35,3,0.64,1.66,cb
TR2608150029978,CL107135,EN00546,trottinette,Grenoble ,ST1052,ST1052,2026-08-15 20:52:06,2026-08-15 21:20:06,28,6.39,7.16,cb
TR2608150029979,CL101929,EN00596,velo_elec,Grenoble ,ST1056,ST1053,1786819823,2026-08-15 20:57:23,7,1.4,2.75,paypal
TR2608150029980,CL100328,EN00246,trottinette,Nantes,ST1020,ST1031,2026-08-15 21:07:36,2026-08-15 21:19:36,12,3.34,3.64,cb
TR2608150029981,CL106852,EN00368,trottinette,Lille,ST1035,ST1041,2026-08-15 21:13:02,2026-08-15 21:26:02,13,2.99,3.86,abonnement
TR2608150029982,CL105369,EN00441,velo_elec,Lille,ST1037,ST1037,2026-08-15 21:11:58,15/08/2026 21:27,16,4.69,5.0,abonnement
TR2608150029983,CL105572,EN00531,trottinette,GRENOBLE,ST1049,ST1051,1786820614,2026-08-15 21:10:34,7,2.05,2.54,cb
TR2608150029984,CL108728,EN00593,trottinette,Grenoble,ST1049,ST1052,15/08/2026 21:02,,8,2.21,2.76,cb
TR2608150029985,CL100807,EN00588,velo_elec,Grenoble,ST1051,ST1049,2026-08-15 21:04:24,2026-08-15 21:29:24,25,4.47,7.25,abonnement
TR2608150029986,CL105385,EN00551,trottinette,Grenoble,ST1057,ST1049,2026-08-15 21:13:01,2026-08-15 21:24:01,11,2.8,3.42,abonnement
TR2608150029987,CL105038,EN00010,trottinette,Lyon,ST1002,ST1016,2026-08-15 21:25:48,2026-08-15 21:39:48,14,4.52,4.08,cb
TR2608150029988,CL104473,EN00291,velo_elec,Nante,ST1020,ST1031,2026-08-15 21:15:59,15/08/2026 21:50,35,11.59,9.75,abonnement
TR2608150029989,CL103924,EN00226,velo_elec,Nantes,ST1021,ST1022,2026-08-15 21:29:57,2026-08-15 21:37:57,8,2.31,3.0,cb
TR2608150029990,CL104553,EN00405,trottinette,Lille,ST1036,ST1038,2026-08-15 21:17:33,2026-08-15 21:48:33,31,8.12,7.82,abonnement
TR2608150029991,CL100357,EN00406,velo_elec,Lille,ST1039,ST1047,2026-08-15 21:23:18,2026-08-15 21:29:18,6,1.52,2.5,cb
TR2608150029992,CL106799,EN00162,velo_elec,Lyon,ST1004,ST1008,2026-08-15 21:36:34,2026-08-15 21:55:34,19,3.27,5.75,
TR2608150029993,CL102692,EN00100,velo_elec,lyon,ST1011,ST1013,15/08/2026 21:38,2026-08-15 21:47:08,9,1.46,3.25,paypal
TR2608150029994,CL103497,EN00222,velo_elec,Nantes,ST1026,ST1029,2026-08-15 21:45:16,2026-08-15 21:50:16,5,1.73,2.25,abonnement
TR2608150029995,CL100315,EN00302,velo_elec,Nantes,ST1033,ST1023,15/08/2026 21:43,2026-08-15 22:00:12,17,2.98,5.25,abonnement
TR2608150029996,CL102172,EN00472,velo_elec,Lille,ST1046,ST1042,2026-08-15 21:40:11,1786823891,18,4.7,5.5,abonnement
TR2608150029997,CL103170,EN00559,trottinette,Grenoble,ST1052,ST1056,2026-08-15 21:35:49,2026-08-15 22:02:49,27,8.46,6.94,cb
TR2608150029998,CL102043,EN00568,velo,Grenoble,ST1056,ST1055,15/08/2026 21:39,2026-08-15 22:12:48,33,9.64,5.95,abonnement
TR2608150029999,CL107314,EN00358,trottinette,NANTES,ST1020,ST1029,15/08/2026 21:50,2026-08-15 22:12:52,22,5.27,5.84,paypal
TR2608150030000,CL104487,EN00334,trottinette,Nantes,ST1023,ST1033,2026-08-15 21:55:25,2026-08-15 22:07:25,12,3.81,3.64,cb
TR2608150030001,CL104019,EN00325,trottinette,Nante,ST1029,ST1021,2026-08-15 21:56:06,2026-08-15 22:05:06,9,2.34,2.98,cb
TR2608150030002,CL107636,EN00438,trottinette,Lille,ST1046,ST1035,15/08/2026 21:46,2026-08-15 21:57:46,11,3.21,3.42,paypal
TR2608150030003,CL101222,EN00551,trottinette,Grenoble,ST1049,ST1052,2026-08-15 21:54:25,1786824265,10,2.01,3.2,cb
TR2608150030004,CL106245,EN00588,velo_elec,Grenoble,ST1049,ST1056,2026-08-15 21:48:17,1786824077,13,3.41,,cb
TR2608150030005,CL106831,EN00531,trottinette,Grenoble,ST1051,ST1057,2026-08-15 21:52:22,2026-08-15 22:07:22,15,2.85,4.3,abonnement
TR2608150030006,CL103288,EN00517,trottinette,Grenoble,ST1055,ST1053,15/08/2026 21:54,2026-08-15 22:09:16,15,2.67,4.3,abonnement
TR2608150030007,CL101091,EN00195,velo_elec,Lyon,ST1016,ST1007,2026-08-15 22:10:28,2026-08-15 22:26:28,16,4.06,5.0,abonnement
TR2608150030008,CL101570,EN00328,velo_elec,Nantes,ST1020,ST1022,2026-08-15 22:11:28,2026-08-15 22:17:28,6,1.58,2.5,cb
TR2608150030009,CL107020,EN00331,velo,Nantes,ST1020,ST1026,,2026-08-15 22:13:05,5,1.22,1.75,cb
TR2608150030010,CL102001,EN00239,trottinette,Nantes,ST1025,ST1031,2026-08-15 22:13:59,1786825079,4,1.37,1.88,cb
TR2608150030011,CL104220,EN00460,velo_elec,Lille,ST1034,ST1042,2026-08-15 22:04:28,2026-08-15 22:18:28,14,4.06,4.5,abonnement
TR2608150030012,CL104903,EN00415,trottinette,Lille,ST1044,ST1035,15/08/2026 22:06,2026-08-15 22:10:43,4,1.28,1.88,abonnement
TR2608150030013,CL101103,EN00287,velo_elec,Nantes,ST1030,ST1020,2026-08-15 22:23:43,15/08/2026 22:40,17,4.38,5.25,cb
TR2608150030014,CL100983,EN00357,trottinette,Nantes,ST1032,ST1030,2026-08-15 22:20:08,2026-08-15 22:24:08,4,1.34,1.88,abonnement
TR2608150030015,CL103176,EN00416,trottinette,Lille,ST1044,ST1035,15/08/2026 22:23,2026-08-15 22:42:29,19,5.69,5.18,paypal
TR2608150030016,CL104836,EN00172,trottinette,Lyon,ST1006,ST1001,2026-08-15 22:43:00,2026-08-15 23:11:00,28,8.67,7.16,cb
TR2608150030017,CL104300,EN00295,velo_elec,Nantes,ST1025,ST1025,2026-08-15 22:31:48,2026-08-15 22:59:48,28,4.44,8.0,cb
TR2608150030018,CL101473,EN00353,velo,Nantes,ST1028,ST1029,2026-08-15 22:35:22,2026-08-15 22:40:22,5,1.09,1.75,cb
TR2608150030019,CL100060,EN00441,velo_elec,Lille,ST1037,ST1040,1786826202,2026-08-15 22:43:42,7,1.4,2.75,abonnement
TR2608150030020,CL100038,EN00364,velo,Lille,ST1039,ST1044,2026-08-15 22:36:31,2026-08-15 22:48:31,12,2.1,2.8,cb
TR2608150030021,CL100984,EN00461,velo_elec,Lille,ST1042,ST1040,2026-08-15 22:41:15,15/08/2026 22:46,5,1.46,2.25,paypal
TR2608150030022,CL101026,EN00517,trottinette,grenoble,ST1053,ST1055,2026-08-15 22:40:45,2026-08-15 22:48:45,8,2.4,2.76,abonnement
TR2608150030023,CL108655,EN00066,trottinette,Lyon,ST1002,ST1013,2026-08-15 22:52:32,2026-08-15 23:13:32,21,4.33,5.62,cb
TR2608150030024,CL107840,EN00325,trottinette,Nantes,ST1021,ST1025,1786827298,2026-08-15 22:56:58,2,0.63,1.44,cb
TR2608150030025,CL103494,EN00302,velo_elec,Nantes,ST1023,ST1033,15/08/2026 22:59,15/08/2026 23:14,15,3.62,4.75,cb
TR2608150030026,CL106253,EN00357,trottinette,Nantes,ST1030,ST1031,2026-08-15 22:59:36,2026-08-15 23:02:36,3,0.58,1.66,cb
TR2608150030027,CL101246,EN00239,trottinette,Nantes,ST1031,ST1029,,2026-08-15 23:22:40,27,5.8,6.94,cb
TR2608150030028,CL100682,EN00475,trottinette,Lille,ST1042,ST1046,2026-08-15 22:56:45,2026-08-15 23:14:45,18,3.15,4.96,cb
TR2608150030029,CL106398,EN00440,trottinette,Lille,ST1044,ST1037,2026-08-15 22:50:49,2026-08-15 23:06:49,16,2.46,4.52,cb
TR2608150030030,CL101527,EN00597,trottinette,Grenoble,ST1048,ST1052,2026-08-15 22:47:49,15/08/2026 22:58,11,3.79,3.42,cb
TR2608150030031,CL101418,EN00596,velo_elec,Grenoble,ST1053,ST1048,1786827034,2026-08-15 23:02:34,12,2.64,4.0,abonnement
TR2608150030032,CL104885,EN00559,trottinette,Grenoble,ST1056,ST1052,2026-08-15 23:07:05,2026-08-15 23:14:05,7,1.45,2.54,cb
TR2608150030033,CL105241,EN00047,velo_elec,Lyon,ST1011,ST1018,,2026-08-15 23:55:20,11,3.71,3.75,paypal
TR2608150030034,CL103759,EN00340,velo_elec,Nantes,ST1024,ST1030,2026-08-15 23:35:23,2026-08-15 23:39:23,4,1.14,2.0,paypal
