trajet_id,client_id,engin_id,type_engin,ville,station_depart,station_arrivee,debut,fin,duree_min,distance_km,montant_eur,moyen_paiement
TR2608210034261,CL104606,EN00567,velo_elec,Grenoble,ST1049,ST1052,2026-08-21 00:15:47,2026-08-21 00:21:47,6,1.77,2.5,abonnement
TR2608210034262,CL108406,EN00271,velo_elec,Nantes,ST1023,ST1033,2026-08-21 00:15:45,21/08/2026 00:24,9,1.57,3.25,cb
TR2608210034263,CL100500,EN00388,velo_elec, Lille,ST1038,ST1037,21/08/2026 00:29,2026-08-21 00:36:18,7,1.68,2.75,cb
TR2608210034264,CL106908,EN00411,trottinette,Lille,ST1047,ST1046,2026-08-21 00:51:16,,9,2.24,2.98,cb
TR2608210034265,CL103088,EN00565,trottinette,Grenoble,ST1054,ST1049,21/08/2026 00:52,21/08/2026 01:13,21,7.09,5.62,cb
TR2608210034266,CL105243,EN00441,velo_elec,LILLE,ST1037,ST1037,2026-08-21 04:58:54,21/08/2026 05:05,7,2.29,2.75,cb
TR2608210034267,CL103084,EN00591,velo_elec,Grenoble,ST1051,ST1049,2026-08-21 05:11:48,,8,2.52,3.0,paypal
TR2608210034268,CL107446,EN00512,velo_elec,Grenoble,ST1055,ST1050,2026-08-21 05:06:39,2026-08-21 05:11:39,5,1.51,2.25,abonnement
TR2608210034269,CL103565,EN00589,velo_elec,Grenoble,ST1056,ST1057,21/08/2026 05:28,2026-08-21 05:39:40,11,2.11,3.75,abonnement
TR2608210034270,CL105005,EN00556,trottinette,Grenoble,ST1058,ST1051,21/08/2026 05:35,2026-08-21 05:43:41,8,2.8,2.76,paypal
TR2608210034271,CL107897,EN00355,velo_elec,Nantes,ST1024,ST1025,2026-08-21 05:47:35,21/08/2026 05:56,9,2.09,3.25,abonnement
TR2608210034272,CL103271,EN00363,velo_elec,Lille,ST1038,ST1045,21/08/2026 05:51,2026-08-21 05:55:32,4,0.91,2.0,abonnement
TR2608210034273,CL108730,EN00119,trottinette,Lyon,ST1011,ST1007,2026-08-21 06:12:18,2026-08-21 06:23:18,11,3.41,3.42,abonnement
TR2608210034274,CL100606,EN00039,velo_elec,Lyon,ST1014,ST1002,2026-08-21 06:14:10,1787286010,6,1.28,2.5,cb
TR2608210034275,CL100354,EN00086,velo_elec,Lyon,ST1015,ST1001,2026-08-21 06:04:58,2026-08-21 06:08:58,4,1.28,2.0,paypal
TR2608210034276,CL100641,EN00239,trottinette,Nantes,ST1024,ST1020,1787285747,2026-08-21 06:31:47,16,4.82,4.52,cb
TR2608210034277,CL106840,EN00352,velo_elec,Nantes,ST1033,ST1020,,2026-08-21 06:28:05,14,3.48,4.5,cb
TR2608210034278,CL104850,EN00441,velo_elec,Lille,ST1037,ST1042,2026-08-21 06:04:36,2026-08-21 06:11:36,7,1.12,2.75,cb
TR2608210034279,CL107530,EN00494,velo_elec,Lille,ST1038,ST1039,1787285375,2026-08-21 06:23:35,14,2.27,4.5,cb
TR2608210034280,CL107673,EN00368,trottinette,Lille,ST1044,ST1034,2026-08-21 06:14:56,2026-08-21 06:21:56,7,1.86,2.54,
TR2608210034281,CL106245,EN00512,velo_elec,Grenoble,ST1050,ST1048,1787285633,2026-08-21 06:28:53,15,2.61,4.75,cb
TR2608210034282,CL100754,EN00552,trottinette,Grenoble,ST1051,ST1048,21/08/2026 06:11,2026-08-21 06:20:45,9,1.55,2.98,cb
TR2608210034283,CL103685,EN00587,trottinette,Grenoble,ST1052,ST1049,2026-08-21 06:11:23,2026-08-21 06:22:23,11,2.74,3.42,cb
TR2608210034284,CL102479,EN00589,velo_elec,GRENOBLE,ST1057,ST1049,2026-08-21 06:07:54,2026-08-21 06:43:54,36,6.94,10.0,cb
TR2608210034285,CL108047,EN00031,velo_elec,lyon,ST1002,ST1010,2026-08-21 06:25:53,2026-08-21 06:46:53,21,6.33,6.25,paypal
TR2608210034286,CL101551,EN00001,velo_elec,Lyon,ST1004,ST1016,2026-08-21 06:21:57,21/08/2026 06:48,27,4.86,7.75,cb
TR2608210034287,CL101830,EN00110,velo_elec,Lyon,ST1015,ST1001,2026-08-21 06:23:19,2026-08-21 06:27:19,4,0.97,2.0,cb
TR2608210034288,CL106225,EN00297,trottinette,Nantes,ST1024,ST1021,2026-08-21 06:28:47,2026-08-21 06:33:47,5,1.13,2.1,paypal
TR2608210034289,CL108166,EN00329,trottinette,Nantes,ST1032,ST1020,2026-08-21 06:17:40,2026-08-21 06:23:40,6,1.9,2.32,cb
TR2608210034290,CL103778,EN00467,velo_elec,Lille,ST1040,ST1037,21/08/2026 06:24,1787287804,26,5.54,7.5,cb
TR2608210034291,CL107704,EN00473,trottinette,Lille,ST1040,ST1042,2026-08-21 06:25:34,,19,5.77,5.18,cb
TR2608210034292,CL103559,EN00409,trottinette,LILLE,ST1040,ST1034,2026-08-21 06:27:18,2026-08-21 06:38:18,11,1.72,3.42,cb
TR2608210034293,CL107537,EN00402,trottinette,Lille,ST1046,ST1047,,2026-08-21 06:55:38,26,4.92,6.72,abonnement
TR2608210034294,CL102390,EN00563,trottinette,Grenoble,ST1052,ST1048,2026-08-21 06:19:54,2026-08-21 06:35:54,16,3.15,4.52,cb
TR2608210034295,CL103858,EN00119,trottinette,Lyon,ST1007,ST1003,21/08/2026 06:41,2026-08-21 07:23:08,42,6.75,10.24,abonnement
TR2608210034296,CL104998,EN00009,velo_elec,Lyon,ST1012,ST1017,21/08/2026 06:31,21/08/2026 06:40,9,2.47,3.25,abonnement
TR2608210034297,CL102976,EN00184,velo_elec,Lyon,ST1017,ST1003,21/08/2026 06:43,2026-08-21 06:51:05,8,2.66,3.0,abonnement
TR2608210034298,CL107971,EN00359,trottinette,Nantes,ST1021,ST1028,2026-08-21 06:35:10,2026-08-21 06:38:10,3,0.54,1.66,paypal
TR2608210034299,CL101665,EN00244,trottinette,Nantes,ST1033,ST1021,2026-08-21 06:41:16,1787287696,7,1.94,2.54,abonnement
TR2608210034300,CL103087,EN00441,velo_elec,Lille,ST1042,ST1038,2026-08-21 06:40:56,2026-08-21 06:51:56,11,2.74,3.75,cb
TR2608210034301,CL104968,EN00598,velo_elec,Grenoble,ST1050,ST1056,2026-08-21 06:35:03,2026-08-21 06:39:03,4,0.62,2.0,cb
TR2608210034302,CL107853,EN00504,trottinette,Grenoble,ST1050,ST1057,2026-08-21 06:34:01,2026-08-21 06:38:01,4,0.76,1.88,abonnement
TR2608210034303,CL105543,EN00565,trottinette,Grenoble,ST1057,ST1051,2026-08-21 06:37:30,2026-08-21 07:01:30,24,6.89,6.28,abonnement
TR2608210034304,CL105998,EN00136,trottinette,Lyon,ST1009,ST1006,2026-08-21 06:52:06,2026-08-21 07:03:06,11,1.91,3.42,cb
TR2608210034305,CL106728,EN00009,velo_elec,Lyon,ST1017,ST1010,2026-08-21 06:55:05,2026-08-21 07:05:05,10,3.24,3.5,cb
TR2608210034306,CL103900,EN00273,velo_elec,Nantes,ST1026,ST1031,2026-08-21 06:52:37,2026-08-21 07:02:37,10,3.14,3.5,cb
TR2608210034307,CL108007,EN00226,velo_elec,Nantes,ST1028,ST1022,2026-08-21 06:59:23,2026-08-21 07:05:23,6,0.91,2.5,abonnement
TR2608210034308,CL101145,EN00372,trottinette,Lille,ST1037,ST1046,2026-08-21 06:50:24,2026-08-21 07:37:24,47,13.71,11.34,cb
TR2608210034309,CL105744,EN00472,velo_elec,Lille,ST1038,ST1035,21/08/2026 06:59,21/08/2026 07:08,9,2.28,3.25,cb
TR2608210034310,CL107329,EN00586,velo,Grenoble,ST1050,ST1048,2026-08-21 06:53:24,2026-08-21 07:07:24,14,4.75,3.1,cb
TR2608210034311,CL105426,EN00582,trottinette,Grenoble,ST1055,ST1049,2026-08-21 06:59:35,21/08/2026 07:21,22,5.35,5.84,
TR2608210034312,CL108692,EN00539,velo_elec,Grenoble,ST1056,ST1048,2026-08-21 06:49:20,2026-08-21 07:33:20,44,10.3,12.0,cb
TR2608210034313,CL105083,EN00571,trottinette,Grenoble,ST1057,ST1054,21/08/2026 06:53,1787288229,4,0.88,1.88,cb
TR2608210034314,CL108408,EN00219,velo_elec,Lyon,ST1005,ST1004,2026-08-21 07:14:27,2026-08-21 07:21:27,7,1.65,2.75,cb
TR2608210034315,CL103242,EN00077,trottinette,Lyon,ST1005,ST1002,21/08/2026 07:11,2026-08-21 07:20:36,9,3.15,2.98,abonnement
TR2608210034316,CL103735,EN00020,velo_elec,lyon,ST1005,ST1002,1787288854,2026-08-21 07:19:34,12,2.79,4.0,abonnement
TR2608210034317,CL103242,EN00103,trottinette,Lyon,ST1008,ST1017,2026-08-21 07:14:26,2026-08-21 07:29:26,15,4.59,4.3,
TR2608210034318,CL103500,EN00206,velo_elec,Lyon,ST1017,ST1003,2026-08-21 07:07:38,2026-08-21 07:14:38,7,1.83,2.75,cb
TR2608210034319,CL107227,EN00025,velo_elec,Lyon,ST1019,ST1002,2026-08-21 07:14:49,21/08/2026 07:24,10,2.79,3.5,cb
TR2608210034320,CL100523,EN00260,velo_elec,Nantes,ST1021,ST1020,2026-08-21 07:06:27,1787289507,12,3.71,4.0,paypal
TR2608210034321,CL108208,EN00340,velo_elec,Nantes,ST1023,ST1030,2026-08-21 07:07:03,2026-08-21 07:14:03,7,1.77,2.75,cb
TR2608210034322,CL108781,EN00321,velo_elec,NANTES,ST1023,ST1022,2026-08-21 07:10:31,2026-08-21 07:17:31,7,2.14,2.75,cb
TR2608210034323,CL106904,EN00322,velo,Nantes,ST1024,ST1021,1787288753,1787289533,13,4.06,2.95,cb
TR2608210034324,CL107400,EN00241,velo,Nantes,ST1024,ST1021,2026-08-21 07:05:40,21/08/2026 07:14,9,2.5,2.35,abonnement
TR2608210034325,CL106154,EN00359,trottinette,Nantes,ST1028,ST1032,2026-08-21 07:05:39,2026-08-21 07:29:39,24,7.07,6.28,paypal
TR2608210034326,CL107719,EN00287,velo_elec,Nante,ST1030,ST1022,2026-08-21 07:12:03,2026-08-21 07:39:03,-18,8.84,7.75,cb
TR2608210034327,CL101682,EN00225,velo_elec,Nantes,ST1033,ST1027,2026-08-21 07:09:59,2026-08-21 07:26:59,17,5.3,5.25,cb
TR2608210034328,CL101455,EN00438,trottinette,Lille,ST1034,ST1039,2026-08-21 07:03:45,2026-08-21 07:11:45,8,1.29,2.76,abonnement
TR2608210034329,CL105261,EN00475,trottinette,Lille,ST1034,ST1046,2026-08-21 07:14:38,2026-08-21 07:22:38,8,2.74,2.76,cb
TR2608210034330,CL104216,EN00467,velo_elec,Lille,ST1037,ST1035,21/08/2026 07:09,1787289869,15,3.9,4.75,paypal
TR2608210034331,CL102128,EN00423,velo_elec,Lille,ST1037,ST1035,2026-08-21 07:13:45,2026-08-21 07:17:45,4,1.26,2.0,abonnement
TR2608210034332,CL100390,EN00393,trottinette,Lille,ST1040,ST1034,2026-08-21 07:06:39,2026-08-21 07:28:39,22,5.06,5.84,cb
TR2608210034333,CL103050,EN00379,velo_elec,Lille,ST1041,ST1036,2026-08-21 07:07:54,2026-08-21 07:22:54,15,2.5,4.75,cb
TR2608210034334,CL106851,EN00450,trottinette,Lille,ST1047,ST1034,2026-08-21 07:13:56,2026-08-21 07:24:56,11,2.53,3.42,cb
TR2608210034335,CL101541,EN00401,trottinette,Lille,ST1047,ST1044,2026-08-21 07:04:04,2026-08-21 07:10:04,6,1.04,2.32,paypal
TR2608210034336,CL106535,EN00532,velo_elec,Grenoble,ST1053,ST1048,2026-08-21 07:12:40,2026-08-21 07:38:40,26,4.49,7.5,cb
TR2608210034337,CL101959,EN00535,velo_elec,Grenoble,ST1056,ST1056,2026-08-21 07:07:41,2026-08-21 07:10:41,3,0.88,1.75,cb
TR2608210034338,CL100404,EN00106,trottinette,Lyon,ST1002,ST1007,2026-08-21 07:28:47,2026-08-21 07:46:47,18,4.18,4.96,abonnement
TR2608210034339,CL106129,EN00030,trottinette,Lyon,ST1002,ST1016,1787290076,2026-08-21 07:37:56,10,3.08,3.2,cb
TR2608210034340,CL101637,EN00124,velo_elec,Lyon,ST1004,ST1017,1787289379,2026-08-21 07:25:19,9,1.37,3.25,cb
TR2608210034341,CL107421,EN00201,velo_elec,Lyon,ST1005,ST1002,1787289497,21/08/2026 07:31,13,1.97,4.25,abonnement
TR2608210034342,CL107117,EN00136,trottinette,Lyon,ST1006,ST1004,2026-08-21 07:23:38,1787290898,18,2.91,4.96,abonnement
TR2608210034343,CL106319,EN00031,velo_elec,Lyon,ST1010,ST1006,2026-08-21 07:29:11,2026-08-21 07:39:11,10,2.51,3.5,cb
TR2608210034344,CL105224,EN00175,trottinette,Lyon,ST1013,ST1018,2026-08-21 07:22:56,2026-08-21 07:34:56,12,3.44,3.64,cb
TR2608210034345,CL103301,EN00194,velo_elec,Lyon,ST1014,ST1002,2026-08-21 07:17:38,2026-08-21 07:24:38,7,2.23,2.75,paypal
TR2608210034346,CL100608,EN00127,trottinette,Lyon,ST1016,ST1001,1787289803,2026-08-21 07:35:23,12,3.86,3.64,
TR2608210034347,CL105990,EN00360,trottinette,Nantes,ST1023,ST1022,2026-08-21 07:28:39,2026-08-21 07:46:39,18,5.05,4.96,cb
TR2608210034348,CL101401,EN00274,velo,Nantes,ST1024,ST1033,2026-08-21 07:20:16,2026-08-21 07:40:16,20,5.48,4.0,cb
TR2608210034349,CL103412,EN00293,velo_elec,Nantes,ST1026,ST1030,2026-08-21 07:17:08,2026-08-21 07:32:08,15,3.92,4.75,abonnement
TR2608210034350,CL103223,EN00338,velo_elec,Nantes,ST1026,ST1022,21/08/2026 07:25,21/08/2026 07:48,23,5.47,6.75,cb
TR2608210034351,CL104219,EN00317,trottinette,Nantes,ST1026,ST1021,2026-08-21 07:18:41,2026-08-21 07:24:41,6,1.91,2.32,abonnement
TR2608210034352,CL101345,EN00284,trottinette,Nantes,ST1027,ST1021,2026-08-21 07:18:55,2026-08-21 07:30:55,12,2.97,3.64,cb
TR2608210034353,CL102750,EN00304,velo_elec,nantes,ST1028,ST1020,2026-08-21 07:19:27,2026-08-21 07:30:27,11,1.93,3.75,abonnement
TR2608210034354,CL106172,EN00271,velo_elec,Nantes,ST1028,ST1020,2026-08-21 07:30:46,2026-08-21 07:50:46,20,5.22,6.0,paypal
TR2608210034355,CL101467,EN00340,velo_elec,nantes,ST1030,ST1021,2026-08-21 07:16:09,2026-08-21 07:32:09,16,5.04,5.0,cb
TR2608210034356,CL108891,EN00273,velo_elec,Nantes,ST1031,ST1020,21/08/2026 07:21,2026-08-21 07:28:22,7,1.29,2.75,paypal
TR2608210034357,CL100073,EN00252,velo_elec,Nantes,ST1033,ST1020,2026-08-21 07:21:14,21/08/2026 07:32,11,2.76,3.75,cb
TR2608210034358,CL107750,EN00327,velo_elec,Nantes,ST1033,ST1020,2026-08-21 07:27:52,2026-08-21 07:37:52,10,2.32,3.5,cb
TR2608210034359,CL901509,EN00420,trottinette,Lille,ST1037,ST1036,2026-08-21 07:26:50,21/08/2026 07:44,18,3.62,4.96,abonnement
TR2608210034360,CL101025,EN00386,trottinette,Lille,ST1039,ST1034,2026-08-21 07:25:26,2026-08-21 07:29:26,4,0.89,1.88,abonnement
TR2608210034361,CL103277,EN00438,trottinette,Lille,ST1039,ST1035,2026-08-21 07:22:57,2026-08-21 07:34:57,12,2.41,3.64,cb
TR2608210034362,CL105195,EN00382,trottinette,Lille,ST1040,ST1035,2026-08-21 07:17:25,2026-08-21 07:41:25,24,3.68,6.28,cb
TR2608210034363,CL108105,EN00484,velo_elec,lille,ST1040,ST1041,2026-08-21 07:19:09,2026-08-21 07:44:09,25,6.09,7.25,paypal
TR2608210034364,CL108004,EN00388,velo_elec,lille,ST1041,ST1036,2026-08-21 07:18:06,2026-08-21 07:25:06,7,2.19,2.75,cb
TR2608210034365,CL107570,EN00482,velo_elec,Lille,ST1042,ST1035,1787289469,2026-08-21 07:38:49,21,7.07,6.25,cb
TR2608210034366,CL105653,EN00446,trottinette,lille,ST1042,ST1035,21/08/2026 07:21,2026-08-21 07:28:27,7,2.13,2.54,cb
TR2608210034367,CL102853,EN00418,trottinette,Lille,ST1042,ST1035,2026-08-21 07:19:29,2026-08-21 07:25:29,6,1.88,2.32,abonnement
TR2608210034368,CL108986,EN00394,velo_elec,Lille,ST1042,ST1036,21/08/2026 07:23,21/08/2026 07:49,26,7.94,7.5,cb
TR2608210034369,CL102851,EN00370,velo_elec,Lille,ST1043,ST1045,2026-08-21 07:23:41,1787290061,4,0.96,2.0,cb
TR2608210034370,CL101842,EN00517,trottinette,Grenoble,ST1051,ST1052,2026-08-21 07:27:07,1787291167,19,3.86,5.18,cb
TR2608210034371,CL103832,EN00567,velo_elec,Grenoble,ST1053,ST1048,2026-08-21 07:27:33,21/08/2026 07:43,16,3.32,5.0,abonnement
TR2608210034372,CL107073,EN00578,velo_elec,Grenoble,ST1053,ST1054,21/08/2026 07:31,2026-08-21 07:53:07,22,5.52,6.5,cb
TR2608210034373,CL107113,EN00575,trottinette,Grenoble,ST1053,ST1049,2026-08-21 07:25:29,2026-08-21 07:51:29,26,5.23,6.72,abonnement
TR2608210034374,CL106714,EN00508,trottinette,Grenoble,ST1053,ST1049,2026-08-21 07:21:43,1787290663,16,3.38,4.52,abonnement
TR2608210034375,CL104788,EN00553,trottinette,Grenoble,ST1054,ST1048,21/08/2026 07:22,1787290067,5,1.09,2.1,cb
TR2608210034376,CL106411,EN00506,trottinette,Grenoble,ST1055,ST1053,2026-08-21 07:21:19,2026-08-21 07:26:19,5,1.19,2.1,abonnement
TR2608210034377,CL101636,EN00548,trottinette,Grenoble,ST1055,ST1049,2026-08-21 07:17:25,2026-08-21 07:42:25,25,8.19,6.5,abonnement
TR2608210034378,CL102155,EN00544,velo_elec,Grenoble,ST1055,ST1049,2026-08-21 07:17:38,2026-08-21 07:26:38,9,1.75,3.25,cb
TR2608210034379,CL107028,EN00535,velo_elec,Grenoble,ST1056,ST1050,1787289579,2026-08-21 07:45:39,26,4.92,7.5,cb
TR2608210034380,CL107786,EN00598,velo_elec,Grenoble,ST1056,ST1049,2026-08-21 07:21:15,2026-08-21 07:25:15,4,1.19,2.0,cb
TR2608210034381,CL100657,EN00507,trottinette,Grenoble,ST1058,ST1048,2026-08-21 07:24:13,2026-08-21 07:31:13,7,1.68,2.54,cb
TR2608210034382,CL106514,EN00528,velo_elec,Grenoble,ST1058,ST1051,2026-08-21 07:20:35,2026-08-21 07:23:35,3,0.98,1.75,cb
TR2608210034383,CL108226,EN00084,velo_elec,Lyon,ST1005,ST1004,2026-08-21 07:40:33,2026-08-21 07:50:33,10,1.77,3.5,cb
TR2608210034384,CL102240,EN00138,velo_elec,Lyon,ST1010,ST1011,2026-08-21 07:44:12,21/08/2026 07:50,6,1.66,2.5,paypal
TR2608210034385,CL107781,EN00203,trottinette,lyon,ST1013,ST1003,2026-08-21 07:40:27,2026-08-21 07:51:27,11,2.45,3.42,cb
TR2608210034386,CL102652,EN00199,velo_elec,Lyon,ST1016,ST1002,2026-08-21 07:38:53,2026-08-21 07:50:53,12,3.38,4.0,
TR2608210034387,CL103947,EN00233,velo_elec,Nantes,ST1023,ST1020,2026-08-21 07:32:41,2026-08-21 07:43:41,11,3.82,3.75,cb
TR2608210034388,CL107826,EN00328,velo_elec,Nantes,ST1025,ST1021,21/08/2026 07:33,2026-08-21 07:47:45,14,3.64,4.5,paypal
TR2608210034389,CL103340,EN00240,trottinette,Nantes,ST1025,ST1020,2026-08-21 07:35:53,2026-08-21 07:43:53,8,2.45,2.76,paypal
TR2608210034390,CL101831,EN00256,velo_elec,Nantes,ST1027,ST1022,2026-08-21 07:34:45,1787291385,2438,3.68,4.75,abonnement
TR2608210034391,CL100025,EN00336,velo_elec,Nantes,ST1028,ST1021,2026-08-21 07:37:09,2026-08-21 07:42:09,5,0.9,2.25,cb
TR2608210034392,CL102790,EN00253,trottinette,Nantes,ST1029,ST1020,21/08/2026 07:43,2026-08-21 07:45:26,2,0.53,1.44,cb
TR2608210034393,CL103532,EN00235,trottinette,NANTES,ST1029,ST1022,21/08/2026 07:45,2026-08-21 08:10:27,25,6.58,6.5,abonnement
TR2608210034394,CL102551,EN00292,velo_elec,Nantes,ST1031,ST1031,2026-08-21 07:31:37,2026-08-21 07:56:37,25,4.26,7.25,paypal
TR2608210034395,CL105181,EN00354,velo_elec,Nantes,ST1033,ST1020,2026-08-21 07:43:27,2026-08-21 07:55:27,12,2.41,4.0,paypal
TR2608210034396,CL107877,EN00430,velo_elec,Lille,ST1036,ST1044,2026-08-21 07:35:20,1787292080,26,8.06,7.5,cb
TR2608210034397,CL102564,EN00434,velo_elec,Lille,ST1037,ST1034,2026-08-21 07:40:50,2026-08-21 07:57:50,17,4.97,5.25,abonnement
TR2608210034398,CL101524,EN00398,velo,LILLE,ST1037,ST1036,2026-08-21 07:39:17,2026-08-21 07:52:17,13,2.75,2.95,cb
TR2608210034399,CL105407,EN00441,velo_elec,Lille,ST1038,ST1036,,21/08/2026 08:11,37,6.47,10.25,cb
TR2608210034400,CL107064,EN00425,velo_elec,Lille,ST1041,ST1046,2026-08-21 07:45:22,21/08/2026 08:01,16,2.6,5.0,abonnement
TR2608210034401,CL102391,EN00470,trottinette,Lille,ST1042,ST1034,2026-08-21 07:34:48,2026-08-21 07:49:48,15,3.24,4.3,paypal
TR2608210034402,CL100047,EN00445,velo_elec,Lille,ST1042,ST1044,21/08/2026 07:44,2026-08-21 07:52:27,8,2.04,3.0,paypal
TR2608210034403,CL107805,EN00422,velo_elec,Lille,ST1043,ST1047,2026-08-21 07:44:30,2026-08-21 07:50:30,6,1.56,2.5,cb
TR2608210034404,CL951815,EN00477,trottinette,Lille,ST1043,ST1035,2026-08-21 07:38:02,21/08/2026 08:25,47,8.58,11.34,abonnement
TR2608210034405,CL105992,EN00383,trottinette,Lille,ST1044,ST1036,2026-08-21 07:44:48,21/08/2026 08:05,21,3.43,5.62,cb
TR2608210034406,CL100673,EN00401,trottinette,Lille,ST1044,ST1036,1787290699,2026-08-21 07:44:19,6,1.84,2.32,abonnement
TR2608210034407,CL108934,EN00396,velo_elec,Lille,ST1044,ST1045,2026-08-21 07:33:59,21/08/2026 07:46,13,3.21,4.25,paypal
TR2608210034408,CL104527,EN00410,velo_elec,Lille,ST1044,ST1043,2026-08-21 07:40:47,2026-08-21 07:49:47,9,2.24,3.25,paypal
TR2608210034409,CL106575,EN00488,velo_elec,Lille,ST1045,ST1042,2026-08-21 07:39:22,2026-08-21 08:10:22,31,9.35,8.75,cb
TR2608210034410,CL108357,EN00402,trottinette,Lille,ST1047,ST1035,2026-08-21 07:43:28,2026-08-21 07:53:28,10,2.67,3.2,cb
TR2608210034411,CL105079,EN00492,velo_elec,Lille,ST1047,ST1040,2026-08-21 07:32:36,2026-08-21 08:31:36,59,17.42,15.75,cb
TR2608210034412,CL107828,EN00429,velo,Lille,ST1047,ST1035,2026-08-21 07:42:22,2026-08-21 07:55:22,13,3.36,2.95,cb
TR2608210034413,CL107001,EN00505,velo,grenoble,ST1050,ST1048,2026-08-21 07:40:23,21/08/2026 07:51,11,1.91,2.65,cb
TR2608210034414,CL108386,EN00515,trottinette,Grenoble,ST1052,ST1052,2026-08-21 07:40:37,1787294377,59,14.08,13.98,cb
TR2608210034415,CL105944,EN00506,trottinette,Grenoble,ST1053,ST1051,2026-08-21 07:43:10,21/08/2026 07:53,10,2.17,3.2,cb
TR2608210034416,CL101633,EN00559,trottinette,Grenoble,ST1055,ST1049,2026-08-21 07:36:41,2026-08-21 07:59:41,23,4.91,6.06,cb
TR2608210034417,CL106601,EN00537,velo_elec,Grenoble,ST1058,ST1050,2026-08-21 07:34:36,2026-08-21 07:47:36,13,4.3,4.25,cb
TR2608210034418,CL106719,EN00588,velo_elec,Grenoble,ST1058,ST1051,21/08/2026 07:34,2026-08-21 07:50:31,16,3.8,5.0,cb
TR2608210034419,CL106361,EN00518,trottinette,Grenoble,ST1058,ST1050,1787291015,2026-08-21 08:02:35,19,3.95,5.18,cb
TR2608210034420,CL104594,EN00122,trottinette,Lyon,ST1005,ST1002,2026-08-21 07:53:42,,8,1.42,2.76,cb
TR2608210034421,CL102249,EN00093,velo_elec,Lyon,ST1008,ST1002,,2026-08-21 08:20:21,31,9.09,8.75,cb
TR2608210034422,CL102080,EN00076,velo_elec,Lyon,ST1014,ST1008,2026-08-21 07:46:30,2026-08-21 08:00:30,14,2.86,4.5,cb
TR2608210034423,CL107719,EN00264,trottinette,Nantes,ST1023,ST1026,2026-08-21 07:56:05,2026-08-21 08:19:05,23,5.77,6.06,cb
TR2608210034424,CL106082,EN00299,trottinette,Nantes,ST1026,ST1024,21/08/2026 07:50,2026-08-21 08:15:35,25,6.51,6.5,cb
TR2608210034425,CL108781,EN00347,trottinette,Nantes,ST1027,ST1022,1787291327,2026-08-21 08:06:47,18,4.72,4.96,cb
TR2608210034426,CL104638,EN00348,velo_elec,Nantes,ST1028,ST1026,2026-08-21 07:46:57,2026-08-21 07:52:57,6,1.39,2.5,cb
TR2608210034427,CL107890,EN00323,velo,Nantes,ST1029,ST1024,2026-08-21 07:55:56,2026-08-21 08:05:56,10,3.15,2.5,paypal
TR2608210034428,CL107998,EN00236,velo_elec,Nantes,ST1032,ST1021,2026-08-21 07:50:25,2026-08-21 07:57:25,7,1.29,2.75,cb
TR2608210034429,CL102603,EN00453,trottinette, Lille,ST1035,ST1036,2026-08-21 07:49:34,2026-08-21 08:01:34,12,2.36,3.64,
TR2608210034430,CL100640,EN00367,velo,Lille,ST1037,ST1041,2026-08-21 07:48:34,2026-08-21 08:07:34,19,5.92,3.85,cb
TR2608210034431,CL106203,EN00403,trottinette,Lille,ST1038,ST1036,2026-08-21 07:58:44,2026-08-21 08:11:44,13,3.92,3.86,abonnement
TR2608210034432,CL104216,EN00494,velo_elec,Lille,ST1039,ST1045,2026-08-21 08:00:52,2026-08-21 08:18:52,18,6.3,5.5,cb
TR2608210034433,CL106670,EN00390,velo,Lille,ST1040,ST1035,2026-08-21 07:56:34,2026-08-21 08:38:34,42,10.99,7.3,cb
TR2608210034434,CL106343,EN00443,velo_elec,Lille,ST1041,ST1036,21/08/2026 07:47,2026-08-21 08:04:20,17,5.92,5.25,
TR2608210034435,CL103432,EN00362,velo_elec,Lille,ST1041,ST1036,1787291320,21/08/2026 07:52,4,0.69,2.0,cb
TR2608210034436,CL106678,EN00496,velo_elec,Lille,ST1042,ST1035,2026-08-21 07:47:13,1787292553,22,3.51,6.5,cb
TR2608210034437,CL108044,EN00419,velo,Lille,ST1044,ST1035,2026-08-21 07:56:18,2026-08-21 08:02:18,6,1.24,1.9,cb
TR2608210034438,CL102304,EN00370,velo_elec,Lille,ST1045,ST1045,21/08/2026 07:50,2026-08-21 07:53:04,3,1.02,,abonnement
TR2608210034439,CL102048,EN00561,velo_elec,Grenoble,ST1049,ST1051,21/08/2026 07:53,2026-08-21 08:18:48,-14,8.58,7.25,paypal
TR2608210034440,CL105690,EN00556,trottinette,Grenoble,ST1051,ST1049,,2026-08-21 08:08:03,13,2.63,3.86,cb
TR2608210034441,CL103435,EN00533,velo_elec,GRENOBLE,ST1053,ST1049,1787291282,2026-08-21 08:01:02,13,3.41,4.25,paypal
TR2608210034442,CL101138,EN00597,trottinette,Grenoble,ST1055,ST1058,2026-08-21 07:50:42,2026-08-21 07:55:42,5,1.18,2.1,cb
TR2608210034443,CL108734,EN00600,trottinette,Grenoble,ST1058,ST1050,2026-08-21 07:58:17,2026-08-21 08:29:17,31,8.32,7.82,cb
TR2608210034444,CL107004,EN00164,trottinette,Lyon,ST1001,ST1011,2026-08-21 08:13:01,2026-08-21 08:16:01,3,0.67,1.66,cb
TR2608210034445,CL100017,EN00122,trottinette,Lyon,ST1002,ST1004,,2026-08-21 08:22:23,8,1.34,2.76,cb
TR2608210034446,CL107801,EN00052,trottinette,Lyon,ST1003,ST1007,,2026-08-21 08:19:50,16,2.69,4.52,cb
TR2608210034447,CL107178,EN00029,velo_elec,Lyon,ST1006,ST1001,21/08/2026 08:03,,15,2.44,4.75,abonnement
TR2608210034448,CL106577,EN00105,velo_elec,LYON,ST1007,ST1004,2026-08-21 08:08:01,2026-08-21 08:16:01,8,1.78,3.0,cb
TR2608210034449,CL107163,EN00106,trottinette,Lyon,ST1007,ST1001,2026-08-21 08:14:47,2026-08-21 08:21:47,7,1.12,2.54,
TR2608210034450,CL104618,EN00146,trottinette,Lyon,ST1010,ST1002,21/08/2026 08:11,2026-08-21 08:20:36,9,2.25,2.98,paypal
TR2608210034451,CL103638,EN00047,velo_elec,Lyon,ST1012,ST1011,2026-08-21 08:08:42,2026-08-21 08:17:42,9,2.69,3.25,cb
TR2608210034452,CL100957,EN00095,trottinette,Lyon,ST1014,ST1003,,2026-08-21 08:17:19,3,0.9,1.66,cb
TR2608210034453,CL104696,EN00150,trottinette,Lyon,ST1014,ST1011,2026-08-21 08:09:16,1787292916,6,1.92,2.32,cb
TR2608210034454,CL107718,EN00180,trottinette,Lyon,ST1014,ST1003,2026-08-21 08:13:08,2026-08-21 08:48:08,35,5.27,8.7,abonnement
TR2608210034455,CL100161,EN00070,trottinette,Lyon,ST1015,ST1015,2026-08-21 08:03:47,2026-08-21 08:20:47,17,2.68,4.74,cb
TR2608210034456,CL108456,EN00005,velo_elec,Lyon,ST1016,ST1011,2026-08-21 08:05:44,2026-08-21 08:13:44,8,2.13,3.0,cb
TR2608210034457,CL100488,EN00130,velo_elec,Lyon,ST1016,ST1001,2026-08-21 08:11:29,2026-08-21 08:23:29,12,2.52,4.0,cb
TR2608210034458,CL106996,EN00066,trottinette,Lyon,ST1018,ST1016,2026-08-21 08:07:32,2026-08-21 08:17:32,10,1.85,3.2,cb
TR2608210034459,CL105990,EN00269,velo_elec,Nantes,ST1022,ST1031,2026-08-21 08:00:57,2026-08-21 08:12:57,12,2.17,4.0,cb
TR2608210034460,CL101332,EN00296,velo,Nantes,ST1023,ST1020,2026-08-21 08:13:21,21/08/2026 08:25,12,3.17,2.8,abonnement
TR2608210034461,CL103033,EN00349,velo_elec,Nantes,ST1025,ST1026,2026-08-21 08:06:51,2026-08-21 08:22:51,16,3.12,5.0,cb
TR2608210034462,CL103149,EN00229,trottinette,Nantes,ST1025,ST1021,2026-08-21 08:12:45,2026-08-21 08:24:45,12,3.29,3.64,abonnement
TR2608210034463,CL107936,EN00319,velo_elec,Nantes,ST1026,ST1029,2026-08-21 08:14:06,1787293206,6,1.22,2.5,cb
TR2608210034464,CL105861,EN00230,velo_elec,Nantes,ST1026,ST1020,2026-08-21 08:07:11,21/08/2026 08:19,12,2.25,4.0,cb
TR2608210034465,CL108848,EN00225,velo_elec,Nantes,ST1027,ST1020,2026-08-21 08:04:18,2026-08-21 08:10:18,6,1.57,2.5,abonnement
TR2608210034466,CL105950,EN00234,trottinette,Nantes,ST1027,ST1032,2026-08-21 08:01:06,21/08/2026 08:20,19,4.02,5.18,paypal
TR2608210034467,CL108393,EN00249,velo_elec,Nantes,ST1028,ST1022,,2026-08-21 08:31:14,18,3.25,5.5,abonnement
TR2608210034468,CL107905,EN00309,trottinette,Nantes,ST1031,ST1032,2026-08-21 08:06:12,2026-08-21 08:21:12,15,2.43,4.3,abonnement
TR2608210034469,CL101461,EN00221,velo_elec,Nantes,ST1031,ST1020,2026-08-21 08:05:17,,10,2.48,3.5,cb
TR2608210034470,CL108549,EN00259,trottinette,Nantes,ST1033,ST1022,,2026-08-21 08:27:09,14,4.55,4.08,abonnement
TR2608210034471,CL105562,EN00438,trottinette,Lille,ST1035,ST1036,2026-08-21 08:15:22,2026-08-21 08:30:22,15,4.72,4.3,cb
TR2608210034472,CL102058,EN00378,velo_elec,Lille,ST1036,ST1038,2026-08-21 08:13:57,2026-08-21 08:22:57,9,1.79,3.25,abonnement
TR2608210034473,CL102529,EN00413,trottinette,Lille,ST1036,ST1036,2026-08-21 08:10:18,2026-08-21 08:24:18,14,4.74,4.08,cb
TR2608210034474,CL105912,EN00456,trottinette,Lille,ST1038,ST1035,21/08/2026 08:06,21/08/2026 08:15,9,2.67,2.98,cb
TR2608210034475,CL102257,EN00424,velo_elec,Lille,ST1038,ST1044,21/08/2026 08:12,2026-08-21 08:25:21,13,3.97,4.25,paypal
TR2608210034476,CL101078,EN00471,velo,Lille,ST1040,ST1034,21/08/2026 08:03,2026-08-21 08:14:07,11,2.18,2.65,abonnement
TR2608210034477,CL108278,EN00478,trottinette,lille,ST1041,ST1042,2026-08-21 08:12:28,21/08/2026 08:27,15,4.86,4.3,cb
TR2608210034478,CL108083,EN00431,velo,Lille,ST1041,ST1036,21/08/2026 08:01,2026-08-21 08:13:03,12,2.26,2.8,cb
TR2608210034479,CL101259,EN00473,trottinette,lille,ST1042,ST1036,2026-08-21 08:07:50,2026-08-21 08:22:50,15,3.97,4.3,cb
TR2608210034480,CL107481,EN00373,velo_elec,Lille,ST1042,ST1041,2026-08-21 08:05:31,2026-08-21 08:44:31,39,6.22,10.75,abonnement
TR2608210034481,CL101821,EN00464,trottinette,Lille,ST1043,ST1034,21/08/2026 08:04,2026-08-21 08:07:43,3,0.72,1.66,abonnement
TR2608210034482,CL107214,EN00414,velo_elec,Lille,ST1045,ST1036,2026-08-21 08:14:12,2026-08-21 08:38:12,24,5.3,7.0,cb
TR2608210034483,CL106343,EN00422,velo_elec,Lille,ST1047,ST1035,1787292738,2026-08-21 08:17:18,5,1.64,2.25,cb
TR2608210034484,CL100033,EN00507,trottinette,Grenoble,ST1048,ST1056,2026-08-21 08:01:58,2026-08-21 08:13:58,12,2.35,3.64,cb
TR2608210034485,CL108556,EN00560,velo_elec,Grenoble,ST1051,ST1052,,2026-08-21 08:26:43,20,5.0,6.0,abonnement
TR2608210034486,CL106294,EN00523,velo_elec,Grenoble,ST1052,ST1054,,21/08/2026 08:28,21,5.45,6.25,paypal
TR2608210034487,CL104379,EN00517,trottinette,Grenoble,ST1052,ST1054,2026-08-21 08:14:52,1787294212,22,7.21,5.84,paypal
TR2608210034488,CL106013,EN00585,velo_elec,grenoble,ST1055,ST1049,2026-08-21 08:08:05,2026-08-21 08:19:05,11,1.72,3.75,paypal
TR2608210034489,CL108025,EN00530,velo_elec,Grenoble,ST1055,ST1048,21/08/2026 08:06,2026-08-21 08:31:37,25,7.49,7.25,abonnement
TR2608210034490,CL101431,EN00527,velo_elec,grenoble,ST1055,ST1051,21/08/2026 08:12,1787293342,10,2.32,3.5,cb
TR2608210034491,CL104953,EN00522,velo_elec,Grenoble ,ST1056,ST1049,2026-08-21 08:04:21,2026-08-21 08:09:21,5,0.79,2.25,abonnement
TR2608210034492,CL106364,EN00084,velo_elec,Lyon,ST1004,ST1008,2026-08-21 08:30:26,2026-08-21 08:44:26,14,2.77,4.5,cb
TR2608210034493,CL100188,EN00111,trottinette,Lyon,ST1005,ST1004,2026-08-21 08:19:06,2026-08-21 08:30:06,11,1.9,3.42,cb
TR2608210034494,CL106468,EN00043,velo,Lyon,ST1007,ST1001,2026-08-21 08:21:31,2026-08-21 08:39:31,6885,4.0,3.7,abonnement
TR2608210034495,CL104520,EN00117,trottinette,Lyon,ST1008,ST1017,21/08/2026 08:26,2026-08-21 08:42:17,16,4.14,4.52,cb
TR2608210034496,CL105555,EN00145,trottinette,Lyon,ST1010,ST1008,2026-08-21 08:18:53,2026-08-21 08:52:53,34,10.78,8.48,cb
TR2608210034497,CL104078,EN00009,velo_elec,Lyonn,ST1010,ST1008,2026-08-21 08:25:42,2026-08-21 08:34:42,9,1.86,3.25,abonnement
TR2608210034498,CL105541,EN00142,velo_elec,Lyon,ST1010,ST1002,2026-08-21 08:19:23,2026-08-21 08:22:23,3,0.71,1.75,abonnement
TR2608210034499,CL103639,EN00124,velo_elec,Lyon,ST1017,ST1004,2026-08-21 08:17:54,2026-08-21 08:21:54,4,0.98,2.0,abonnement
TR2608210034500,CL106888,EN00080,trottinette,Lyon,ST1019,ST1005,2026-08-21 08:20:49,2026-08-21 09:04:49,44,14.99,10.68,abonnement
TR2608210034501,CL108977,EN00245,velo_elec,nantes,ST1020,ST1027,,1787294830,20,3.58,6.0,cb
TR2608210034502,CL107217,EN00335,velo,NANTES,ST1023,ST1030,2026-08-21 08:29:08,1787295068,22,5.26,4.3,paypal
TR2608210034503,CL101549,EN00306,velo,Nantes,ST1023,ST1020,21/08/2026 08:17,2026-08-21 08:31:47,14,4.77,3.1,abonnement
TR2608210034504,CL102485,EN00300,velo_elec,Nantes,ST1025,ST1023,2026-08-21 08:23:30,1787294310,15,2.76,4.75,cb
TR2608210034505,CL105769,EN00348,velo_elec,NANTES,ST1026,ST1027,2026-08-21 08:27:06,2026-08-21 08:38:06,11,2.32,3.75,cb
TR2608210034506,CL105264,EN00353,velo,Nantes,ST1028,ST1022,2026-08-21 08:23:46,2026-08-21 08:35:46,12,2.34,2.8,abonnement
TR2608210034507,CL107103,EN00269,velo_elec,Nantes,ST1031,ST1029,2026-08-21 08:28:33,2026-08-21 08:38:33,10,3.21,3.5,cb
TR2608210034508,CL108373,EN00310,trottinette,Nantes,ST1032,ST1031,2026-08-21 08:29:55,2026-08-21 08:35:55,6,1.71,2.32,abonnement
TR2608210034509,CL101923,EN00301,velo_elec,Nantes,ST1032,ST1029,2026-08-21 08:28:00,2026-08-21 08:36:00,8,2.12,3.0,cb
TR2608210034510,CL103482,EN00481,velo_elec,Lille,ST1034,ST1041,21/08/2026 08:18,2026-08-21 08:30:16,12,3.15,4.0,cb
TR2608210034511,CL102729,EN00446,trottinette,Lille,ST1035,ST1043,2026-08-21 08:20:49,21/08/2026 08:27,7,1.16,2.54,abonnement
TR2608210034512,CL100549,EN00482,velo_elec,Lille,ST1035,ST1039,2026-08-21 08:16:43,2026-08-21 08:18:43,2,0.5,1.5,cb
TR2608210034513,CL101581,EN00439,velo_elec,Lille,ST1039,ST1035,1787293176,2026-08-21 08:28:36,9,2.03,3.25,paypal
TR2608210034514,CL101604,EN00476,trottinette,Lille,ST1039,ST1034,2026-08-21 08:26:27,2026-08-21 08:30:27,4,1.15,1.88,cb
TR2608210034515,CL102166,EN00489,trottinette,Lille,ST1039,ST1034,2026-08-21 08:25:49,2026-08-21 08:32:49,7,2.21,2.54,cb
TR2608210034516,CL108262,EN00488,velo_elec,Lille,ST1042,ST1037,2026-08-21 08:17:04,1787293864,14,4.75,4.5,paypal
TR2608210034517,CL108797,EN00460,velo_elec,Lille,ST1042,ST1035,2026-08-21 08:18:37,2026-08-21 08:29:37,11,2.77,3.75,paypal
TR2608210034518,CL107352,EN00377,trottinette, Lille,ST1045,ST1034,2026-08-21 08:28:26,1787294606,15,2.47,4.3,cb
TR2608210034519,CL102744,EN00370,velo_elec,Lille,ST1045,ST1035,2026-08-21 08:25:39,2026-08-21 08:33:39,8,1.37,3.0,cb
TR2608210034520,CL101003,EN00475,trottinette,Lille,ST1046,ST1036,21/08/2026 08:26,1787293880,5,1.63,2.1,cb
TR2608210034521,CL108629,EN00553,trottinette,Grenoble,ST1048,ST1057,2026-08-21 08:17:55,2026-08-21 08:57:55,40,7.65,9.8,cb
TR2608210034522,CL105604,EN00537,velo_elec,Grenoble,ST1050,ST1054,2026-08-21 08:18:35,,12,1.96,4.0,abonnement
TR2608210034523,CL104166,EN00534,trottinette,Grenoble,ST1051,ST1048,21/08/2026 08:20,2026-08-21 08:38:00,18,6.04,4.96,abonnement
TR2608210034524,CL100555,EN00577,velo_elec,Grenoble,ST1052,ST1049,2026-08-21 08:21:07,2026-08-21 09:26:07,65,12.86,17.25,cb
TR2608210034525,CL101808,EN00513,velo_elec,Grenoble,ST1054,ST1055,1787293434,2026-08-21 08:31:54,8,1.41,3.0,cb
TR2608210034526,CL104318,EN00554,velo_elec,Grenoble,ST1055,ST1048,2026-08-21 08:27:19,,5,1.27,2.25,paypal
TR2608210034527,CL103538,EN00507,trottinette,Grenoble,ST1056,ST1048,2026-08-21 08:16:29,2026-08-21 08:42:29,26,7.41,6.72,cb
TR2608210034528,CL108476,EN00051,velo,Lyon,ST1005,ST1004,2026-08-21 08:31:17,21/08/2026 08:43,12,4.18,2.8,paypal
TR2608210034529,CL103197,EN00060,velo,Lyon,ST1005,ST1001,1787294091,2026-08-21 08:43:51,9,2.54,2.35,cb
TR2608210034530,CL102405,EN00031,velo_elec,Lyon,ST1006,ST1006,21/08/2026 08:32,2026-08-21 08:48:56,16,4.93,5.0,abonnement
TR2608210034531,CL101059,EN00021,trottinette,Lyon,ST1009,ST1002,2026-08-21 08:31:15,2026-08-21 08:41:15,10,3.08,3.2,cb
TR2608210034532,CL103492,EN00213,trottinette,Lyon,ST1011,ST1004,2026-08-21 08:32:13,2026-08-21 08:41:13,9,1.57,2.98,cb
TR2608210034533,CL102737,EN00049,trottinette,Lyon,ST1015,ST1001,1787293871,1787294411,9,2.93,2.98,cb
TR2608210034534,CL106135,EN00070,trottinette,Lyon,ST1015,ST1002,2026-08-21 08:45:09,2026-08-21 08:58:09,13,2.27,3.86,cb
TR2608210034535,CL103550,EN00066,trottinette,Lyon,ST1016,ST1002,2026-08-21 08:43:11,21/08/2026 09:02,19,4.59,5.18,cb
TR2608210034536,CL105818,EN00217,velo_elec,Lyon,ST1016,ST1016,21/08/2026 08:39,2026-08-21 09:04:35,25,5.09,7.25,paypal
TR2608210034537,CL103790,EN00243,velo,Nantes,ST1023,ST1020,2026-08-21 08:31:20,2026-08-21 08:43:20,12,2.66,2.8,cb
TR2608210034538,CL105730,EN00266,velo_elec,Nantes,ST1026,ST1032,2026-08-21 08:41:23,2026-08-21 08:53:23,12,3.12,4.0,abonnement
TR2608210034539,CL101887,EN00349,velo_elec,Nantes,ST1026,ST1021,21/08/2026 08:36,21/08/2026 08:42,6,1.61,2.5,cb
TR2608210034540,CL107222,EN00357,trottinette,Nantes,ST1026,ST1022,2026-08-21 08:38:58,2026-08-21 08:50:58,12,2.06,3.64,paypal
TR2608210034541,CL100806,EN00312,trottinette,Nantes,ST1027,ST1021,2026-08-21 08:35:34,21/08/2026 08:57,22,7.42,5.84,cb
TR2608210034542,CL106508,EN00309,trottinette,Nantes,ST1032,ST1022,1787294426,2026-08-21 08:56:26,16,4.51,4.52,abonnement
TR2608210034543,CL103687,EN00358,trottinette,Nantes,ST1033,ST1020,2026-08-21 08:38:39,2026-08-21 08:51:39,13,2.26,3.86,abonnement
TR2608210034544,CL101078,EN00488,velo_elec, Lille,ST1037,ST1035,21/08/2026 08:42,2026-08-21 09:01:03,19,5.12,5.75,cb
TR2608210034545,CL107754,EN00378,velo_elec,Lille,ST1038,ST1036,2026-08-21 08:44:31,21/08/2026 09:03,19,6.41,5.75,cb
TR2608210034546,CL103952,EN00384,trottinette,Lille,ST1042,ST1035,2026-08-21 08:38:51,2026-08-21 08:48:51,10,3.48,3.2,cb
TR2608210034547,CL101342,EN00466,velo,Lille,ST1042,ST1035,2026-08-21 08:36:00,2026-08-21 08:43:00,7,1.3,2.05,
TR2608210034548,CL102125,EN00415,trottinette,Lille,ST1043,ST1046,2026-08-21 08:45:09,2026-08-21 08:54:09,9,1.5,2.98,cb
TR2608210034549,CL103605,EN00427,trottinette,Lille,ST1046,ST1042,2026-08-21 08:36:31,1787294551,6,1.84,2.32,cb
TR2608210034550,CL107247,EN00552,trottinette,Grenoble,ST1048,ST1055,2026-08-21 08:43:10,2026-08-21 08:56:10,13,4.3,3.86,paypal
TR2608210034551,CL106238,EN00520,velo_elec,Grenoble,ST1048,ST1057,2026-08-21 08:41:12,2026-08-21 08:55:12,14,2.33,4.5,abonnement
TR2608210034552,CL107740,EN00522,velo_elec,Grenoble,ST1049,ST1057,,2026-08-21 08:45:03,6,1.07,2.5,cb
TR2608210034553,CL100814,EN00535,velo_elec,GRENOBLE,ST1050,ST1049,2026-08-21 08:43:21,2026-08-21 08:52:21,9,2.08,3.25,paypal
TR2608210034554,CL101077,EN00518,trottinette,Grenoble,ST1050,ST1058,,2026-08-21 08:43:43,10,3.24,3.2,abonnement
TR2608210034555,CL106580,EN00561,velo_elec,Grenoble,ST1051,ST1049,2026-08-21 08:43:43,2026-08-21 08:55:43,12,1.92,4.0,cb
TR2608210034556,CL102201,EN00560,velo_elec,Grenoble,ST1052,ST1048,2026-08-21 08:42:18,2026-08-21 09:04:18,22,4.04,6.5,cb
TR2608210034557,CL103440,EN00513,velo_elec,Grenoble,ST1055,ST1052,2026-08-21 08:34:18,21/08/2026 09:01,27,5.74,7.75,paypal
TR2608210034558,CL102451,EN00536,velo_elec,Grenoble,ST1055,ST1048,2026-08-21 08:39:02,2026-08-21 08:59:02,20,6.32,6.0,cb
TR2608210034559,CL102554,EN00504,trottinette,Grenoble,ST1057,ST1049,2026-08-21 08:33:17,2026-08-21 08:38:17,5,1.58,2.1,cb
TR2608210034560,CL102113,EN00597,trottinette,Grenoble,ST1058,ST1049,2026-08-21 08:36:02,2026-08-21 08:40:02,4,0.74,1.88,abonnement
TR2608210034561,CL100528,EN00525,velo,Grenoble,ST1058,ST1049,2026-08-21 08:41:22,2026-08-21 08:46:22,5,0.75,1.75,
TR2608210034562,CL101022,EN00084,velo_elec,Lyon,ST1008,ST1001,21/08/2026 08:57,2026-08-21 09:03:40,6,1.92,2.5,abonnement
TR2608210034563,CL105820,EN00083,velo_elec,Lyon,ST1010,ST1016,21/08/2026 08:47,2026-08-21 09:07:37,20,6.36,6.0,abonnement
TR2608210034564,CL104853,EN00178,velo_elec,Lyon,ST1016,ST1002,21/08/2026 08:46,2026-08-21 09:04:26,18,6.08,5.5,cb
TR2608210034565,CL106517,EN00227,trottinette,Nantes,ST1020,ST1032,2026-08-21 08:49:17,2026-08-21 09:06:17,17,5.28,4.74,
TR2608210034566,CL104957,EN00354,velo_elec,Nantes,ST1020,ST1027,2026-08-21 08:50:15,2026-08-21 08:54:15,4,1.12,2.0,cb
TR2608210034567,CL101827,EN00300,velo_elec,Nantes,ST1023,ST1022,2026-08-21 08:46:30,21/08/2026 09:29,43,12.59,11.75,cb
TR2608210034568,CL108981,EN00293,velo_elec,Nantes,ST1030,ST1030,2026-08-21 08:54:00,21/08/2026 09:09,15,3.41,4.75,abonnement
TR2608210034569,CL104416,EN00310,trottinette,Nantes,ST1031,ST1026,2026-08-21 08:55:45,2026-08-21 09:09:45,14,2.53,4.08,cb
TR2608210034570,CL100514,EN00417,trottinette,lille,ST1038,ST1035,2026-08-21 08:58:22,2026-08-21 09:13:22,15,2.65,4.3,cb
TR2608210034571,CL105835,EN00380,velo_elec,Lille,ST1038,ST1038,2026-08-21 08:54:21,2026-08-21 09:11:21,17,5.03,5.25,cb
TR2608210034572,CL102560,EN00480,velo_elec,Lille,ST1039,ST1042,2026-08-21 08:57:24,2026-08-21 09:15:24,18,3.03,5.5,paypal
TR2608210034573,CL106218,EN00481,velo_elec,Lille,ST1041,ST1034,2026-08-21 08:50:26,2026-08-21 08:57:26,7,2.05,2.75,cb
TR2608210034574,CL105999,EN00367,velo,Lille,ST1041,ST1034,2026-08-21 08:55:04,2026-08-21 09:04:04,9,2.94,2.35,cb
TR2608210034575,CL105844,EN00427,trottinette,Lille,ST1042,ST1036,2026-08-21 09:01:18,2026-08-21 09:23:18,22,6.16,5.84,abonnement
TR2608210034576,CL103625,EN00499,velo,Lille,ST1042,ST1042,2026-08-21 08:53:12,1787296092,15,3.77,3.25,abonnement
TR2608210034577,CL102163,EN00430,velo_elec,Lille,ST1044,ST1039,2026-08-21 08:57:33,2026-08-21 09:06:33,9,1.93,3.25,cb
TR2608210034578,CL108427,EN00412,trottinette,lille,ST1045,ST1034,2026-08-21 08:58:04,2026-08-21 09:24:04,26,6.88,6.72,paypal
TR2608210034579,CL107530,EN00425,velo_elec,Lille,ST1046,ST1035,2026-08-21 08:54:39,2026-08-21 09:15:39,21,4.34,6.25,cb
TR2608210034580,CL108382,EN00516,velo_elec,Grenoble,ST1053,ST1049,2026-08-21 08:57:34,2026-08-21 09:08:34,11,2.64,3.75,abonnement
TR2608210034581,CL103618,EN00523,velo_elec,Grenoble,ST1054,ST1048,2026-08-21 08:55:23,1787295983,11,1.79,3.75,cb
TR2608210034582,CL108102,EN00546,trottinette,Grenoble,ST1055,ST1048,2026-08-21 08:49:45,2026-08-21 09:06:45,17,5.72,4.74,cb
TR2608210034583,CL101284,EN00570,trottinette,Grenoble,ST1055,ST1048,2026-08-21 08:46:12,2026-08-21 08:55:12,9,2.91,2.98,abonnement
TR2608210034584,CL100611,EN00555,velo,Grenoble,ST1056,ST1050,2026-08-21 08:56:58,2026-08-21 09:09:58,13,3.4,2.95,cb
TR2608210034585,CL100153,EN00042,trottinette,Lyon,ST1004,ST1008,21/08/2026 09:14,2026-08-21 09:28:44,14,2.37,4.08,paypal
TR2608210034586,CL105920,EN00204,velo_elec,Lyon,ST1009,ST1004,2026-08-21 09:01:48,2026-08-21 09:18:48,17,2.69,5.25,cb
TR2608210034587,CL104132,EN00163,trottinette,Lyon,ST1010,ST1004,2026-08-21 09:12:44,2026-08-21 09:17:44,5,1.58,2.1,cb
TR2608210034588,CL100433,EN00079,velo_elec,Lyon,ST1015,ST1017,2026-08-21 09:10:16,2026-08-21 09:25:16,15,3.58,4.75,cb
TR2608210034589,CL102449,EN00002,velo_elec,Lyon,ST1016,ST1008,2026-08-21 09:13:49,1787297389,16,2.52,5.0,cb
TR2608210034590,CL100771,EN00323,velo,Nantes,ST1024,ST1033,,2026-08-21 09:33:08,18,2.73,3.7,paypal
TR2608210034591,CL106103,EN00354,velo_elec,Nantes,ST1027,ST1022,2026-08-21 09:01:57,2026-08-21 09:08:57,7,1.87,2.75,cb
TR2608210034592,CL101771,EN00295,velo_elec,Nantes,ST1030,ST1025,,2026-08-21 09:18:39,17,4.55,5.25,abonnement
TR2608210034593,CL102287,EN00274,velo,Nantes,ST1033,ST1022,2026-08-21 09:02:57,21/08/2026 09:11,9,3.06,2.35,cb
TR2608210034594,CL108396,EN00275,velo,Nantes,ST1033,ST1022,2026-08-21 09:14:48,2026-08-21 09:24:48,10,3.16,2.5,cb
TR2608210034595,CL104477,EN00478,trottinette,Lille,ST1042,ST1041,21/08/2026 09:02,2026-08-21 09:12:06,10,3.44,3.2,abonnement
TR2608210034596,CL988613,EN00446,trottinette,Lille,ST1043,ST1034,21/08/2026 09:14,2026-08-21 09:36:58,22,5.16,5.84,paypal
TR2608210034597,CL104475,EN00361,trottinette,Lille,ST1043,ST1034,21/08/2026 09:13,2026-08-21 09:24:16,11,3.44,3.42,paypal
TR2608210034598,CL102233,EN00578,velo_elec,Grenoble,ST1054,ST1048,21/08/2026 09:13,2026-08-21 09:24:46,11,2.88,3.75,cb
TR2608210034599,CL100090,EN00529,velo,Grenoble,ST1056,ST1049,2026-08-21 09:02:53,2026-08-21 09:04:53,2,0.49,1.3,cb
TR2608210034600,CL101421,EN00522,velo_elec,Grenoble,ST1057,ST1049,2026-08-21 09:10:48,2026-08-21 09:19:48,9,1.66,3.25,cb
TR2608210034601,CL102969,EN00520,velo_elec,grenoble,ST1057,ST1048,2026-08-21 09:01:40,2026-08-21 09:08:40,7,2.3,2.75,cb
TR2608210034602,CL103520,EN00080,trottinette,Lyon,ST1005,ST1004,2026-08-21 09:18:21,2026-08-21 09:26:21,8,2.04,2.76,abonnement
TR2608210034603,CL104725,EN00063,velo_elec,Lyon,ST1008,ST1004,2026-08-21 09:19:31,21/08/2026 09:43,24,7.49,7.0,abonnement
TR2608210034604,CL102859,EN00115,velo_elec,Lyon,ST1013,ST1003,2026-08-21 09:22:04,21/08/2026 09:33,11,3.07,3.75,cb
TR2608210034605,CL108178,EN00103,trottinette,Lyon,ST1017,ST1006,2026-08-21 09:21:11,2026-08-21 09:41:11,20,3.38,5.4,paypal
TR2608210034606,CL106393,EN00299,trottinette,Nantes,ST1024,ST1026,2026-08-21 09:29:50,,6,0.91,2.32,cb
TR2608210034607,CL102411,EN00245,velo_elec,NANTES,ST1027,ST1021,1787296728,2026-08-21 09:26:48,8,2.1,3.0,cb
TR2608210034608,CL102738,EN00269,velo_elec,Nantes,ST1029,ST1027,2026-08-21 09:29:48,2026-08-21 09:47:48,18,3.02,5.5,cb
TR2608210034609,CL102916,EN00379,velo_elec,Lille,ST1036,ST1034,2026-08-21 09:25:25,2026-08-21 09:28:25,3,0.91,1.75,paypal
TR2608210034610,CL107975,EN00430,velo_elec,LILLE,ST1039,ST1034,2026-08-21 09:28:41,2026-08-21 09:53:41,25,7.55,7.25,abonnement
TR2608210034611,CL107423,EN00480,velo_elec,Lille,ST1042,ST1037,2026-08-21 09:26:27,2026-08-21 09:58:27,32,9.44,9.0,cb
TR2608210034612,CL106603,EN00451,velo_elec,Lille,ST1043,ST1036,21/08/2026 09:22,2026-08-21 09:34:17,12,3.5,4.0,paypal
TR2608210034613,CL100519,EN00406,velo_elec,Lille,ST1043,ST1038,1787296790,2026-08-21 09:23:50,4,0.73,2.0,cb
TR2608210034614,CL101256,EN00385,velo_elec,Lille,ST1043,ST1036,2026-08-21 09:28:42,21/08/2026 09:39,11,2.15,3.75,abonnement
TR2608210034615,CL106447,EN00415,trottinette,Lille,ST1046,ST1035,2026-08-21 09:25:25,2026-08-21 09:30:25,5,1.27,2.1,cb
TR2608210034616,CL104424,EN00428,velo_elec,Lille,ST1046,ST1036,2026-08-21 09:28:24,,8,1.77,3.0,cb
TR2608210034617,CL106185,EN00461,velo_elec,Lille,ST1046,ST1035,2026-08-21 09:21:24,1787297664,13,3.32,4.25,cb
TR2608210034618,CL103380,EN00555,velo,Grenoble,ST1050,ST1049,2026-08-21 09:30:16,21/08/2026 09:48,18,3.52,3.7,cb
TR2608210034619,CL106041,EN00528,velo_elec,Grenoble,ST1051,ST1048,2026-08-21 09:19:54,1787297394,10,3.37,3.5,cb
TR2608210034620,CL105866,EN00526,velo_elec,Grenoble,ST1053,ST1048,21/08/2026 09:17,2026-08-21 09:20:24,3,0.95,1.75,abonnement
TR2608210034621,CL104762,EN00551,trottinette,Grenoble,ST1054,ST1050,2026-08-21 09:16:33,2026-08-21 09:33:33,17,4.18,4.74,cb
TR2608210034622,CL107607,EN00042,trottinette,Lyon,ST1008,ST1010,21/08/2026 09:36,2026-08-21 09:47:59,11,2.47,,cb
TR2608210034623,CL104089,EN00050,velo_elec,Lyon,ST1017,ST1001,2026-08-21 09:42:42,2026-08-21 09:56:42,14,2.66,4.5,paypal
TR2608210034624,CL101742,EN00283,trottinette,Nantes,ST1021,ST1023,2026-08-21 09:32:20,2026-08-21 09:40:20,8,1.4,2.76,cb
TR2608210034625,CL106560,EN00301,velo_elec,Nantes,ST1029,ST1020,2026-08-21 09:39:52,2026-08-21 10:12:52,33,5.92,9.25,abonnement
TR2608210034626,CL103378,EN00293,velo_elec,Nantes,ST1030,ST1020,2026-08-21 09:45:15,2026-08-21 10:38:15,53,12.08,14.25,cb
TR2608210034627,CL103985,EN00288,trottinette,Nantes,ST1030,ST1023,2026-08-21 09:40:24,2026-08-21 09:56:24,16,4.57,4.52,
TR2608210034628,CL108107,EN00342,velo_elec,Nantes,ST1031,ST9664,1787298206,2026-08-21 09:51:26,8,2.33,3.0,cb
TR2608210034629,CL102040,EN00482,velo_elec,Lille,ST1039,ST1035,2026-08-21 09:44:37,21/08/2026 09:48,4,0.78,2.0,paypal
TR2608210034630,CL107944,EN00478,trottinette,Lille,ST1041,ST1035,2026-08-21 09:38:46,1787298826,15,3.87,4.3,cb
TR2608210034631,CL107156,EN00499,velo,Lille,ST1042,ST1036,2026-08-21 09:44:57,2026-08-21 09:54:57,10,1.71,2.5,cb
TR2608210034632,CL106378,EN00445,velo_elec,Lille,ST1044,ST1040,2026-08-21 09:33:56,2026-08-21 09:51:56,18,3.95,5.5,cb
TR2608210034633,CL104790,EN00509,trottinette,Grenoble,ST1049,ST1050,2026-08-21 09:40:40,2026-08-21 09:50:40,10,3.44,3.2,paypal
TR2608210034634,CL106415,EN00513,velo_elec,Grenoble,ST1052,ST1058,2026-08-21 09:44:59,2026-08-21 10:09:59,25,7.68,7.25,cb
TR2608210034635,CL107879,EN00531,trottinette,Grenoble,ST1053,ST1052,2026-08-21 09:33:04,21/08/2026 09:48,15,3.75,4.3,abonnement
TR2608210034636,CL108477,EN00537,velo_elec,Grenoble ,ST1054,ST1051,2026-08-21 09:33:06,2026-08-21 09:43:06,10,1.76,3.5,cb
TR2608210034637,CL100296,EN00052,trottinette,Lyon,ST1007,ST1002,2026-08-21 10:00:01,,8,2.06,2.76,cb
TR2608210034638,CL108820,EN00145,trottinette,Lyon,ST1008,ST1010,1787298437,21/08/2026 10:11,24,8.09,6.28,paypal
TR2608210034639,CL106563,EN00182,trottinette,Lyon,ST1008,ST1004,2026-08-21 09:55:22,2026-08-21 10:07:22,12,2.93,3.64,abonnement
TR2608210034640,CL103375,EN00033,trottinette,Lyon,ST1009,ST1003,1787299127,2026-08-21 10:05:47,7,1.17,2.54,paypal
TR2608210034641,CL106959,EN00148,velo,Lyon,ST1015,ST1001,2026-08-21 09:56:10,21/08/2026 10:19,23,4.19,4.45,cb
TR2608210034642,CL107551,EN00264,trottinette,Nantes,ST1026,ST1020,2026-08-21 09:46:54,2026-08-21 09:53:54,5729,2.0,2.54,abonnement
TR2608210034643,CL104072,EN00319,velo_elec,Nantes,ST1029,ST1025,2026-08-21 09:58:07,2026-08-21 10:11:07,13,4.04,4.25,cb
TR2608210034644,CL103352,EN00247,trottinette,Nantes,ST1031,ST1028,2026-08-21 09:48:57,2026-08-21 10:01:57,13,3.42,3.86,cb
TR2608210034645,CL104153,EN00323,velo,Nantes,ST1033,ST1020,2026-08-21 09:57:28,2026-08-21 10:06:28,9,3.14,2.35,abonnement
TR2608210034646,CL107506,EN00408,velo_elec,Lille,ST1034,ST1042,2026-08-21 09:58:51,2026-08-21 10:10:51,12,2.73,4.0,cb
TR2608210034647,CL107877,EN00498,trottinette,Lille,ST1046,ST1034,2026-08-21 09:57:50,2026-08-21 10:37:50,40,8.36,9.8,abonnement
TR2608210034648,CL106845,EN00551,trottinette,Grenoble,ST1050,ST1050,2026-08-21 10:00:42,2026-08-21 10:08:42,8,2.65,2.76,cb
TR2608210034649,CL102199,EN00545,trottinette,Grenoble,ST1051,ST1049,2026-08-21 09:50:25,2026-08-21 10:00:25,10,3.16,3.2,abonnement
TR2608210034650,CL100512,EN00552,trottinette,Grenoble ,ST1055,ST1048,2026-08-21 09:49:42,2026-08-21 09:56:42,7,1.89,2.54,cb
TR2608210034651,CL106369,EN00079,velo_elec,Lyon,ST1017,ST1007,2026-08-21 10:09:36,2026-08-21 10:21:36,12,1.91,4.0,cb
TR2608210034652,CL107597,EN00264,trottinette,Nantes,ST1020,ST1025,2026-08-21 10:06:20,2026-08-21 10:13:20,7,2.22,2.54,cb
TR2608210034653,CL108069,EN00480,velo_elec,Lille,ST1037,ST1040,2026-08-21 10:04:39,21/08/2026 10:08,4,1.29,2.0,cb
TR2608210034654,CL102540,EN00406,velo_elec,Lille,ST1038,ST1034,2026-08-21 10:09:38,2026-08-21 10:26:38,17,3.25,5.25,cb
TR2608210034655,CL104687,EN00442,trottinette,Lille,ST1046,ST1044,2026-08-21 10:15:50,21/08/2026 11:04,49,8.16,11.78,cb
TR2608210034656,CL104485,EN00595,velo,Grenoble ,ST1056,ST1053,2026-08-21 10:04:26,1787300366,15,2.25,3.25,cb
TR2608210034657,CL102772,EN00553,trottinette,Grenoble,ST1057,ST1051,2026-08-21 10:11:49,21/08/2026 10:30,19,6.46,5.18,
TR2608210034658,CL104779,EN00264,trottinette,Nantes,ST1025,ST1028,2026-08-21 10:26:31,2026-08-21 10:44:31,18,2.73,4.96,abonnement
TR2608210034659,CL104797,EN00307,trottinette,Nantes,ST1030,ST1025,2026-08-21 10:26:29,2026-08-21 10:38:29,12,2.77,3.64,cb
TR2608210034660,CL103470,EN00384,trottinette,Lille,ST1035,ST1045,2026-08-21 10:24:06,2026-08-21 10:31:06,7,1.18,2.54,cb
TR2608210034661,CL101936,EN00484,velo_elec,Lille,ST1041,ST1045,21/08/2026 10:28,2026-08-21 10:39:52,11,3.0,3.75,cb
TR2608210034662,CL100846,EN00474,velo_elec,Lille,ST1045,ST1035,2026-08-21 10:27:04,2026-08-21 10:58:04,3098,9.78,8.75,abonnement
TR2608210034663,CL106534,EN00562,velo,Grenoble,ST1053,ST1055,21/08/2026 10:23,2026-08-21 10:27:52,4,1.17,1.6,cb
TR2608210034664,CL104928,EN00348,velo_elec,Nantes,ST1027,ST1025,1787301454,1787302174,12,2.18,4.0,abonnement
TR2608210034665,CL100260,EN00247,trottinette,NANTES,ST1028,ST1029,2026-08-21 10:45:11,21/08/2026 11:03,18,3.64,4.96,abonnement
TR2608210034666,CL101508,EN00234,trottinette,Nantes,ST1032,ST1030,2026-08-21 10:42:28,2026-08-21 10:50:28,8,1.81,2.76,abonnement
TR2608210034667,CL106048,EN00384,trottinette,Lille,ST1045,ST1046,2026-08-21 10:39:24,1787302284,12,3.59,3.64,paypal
TR2608210034668,CL105914,EN00503,trottinette,Grenoble,ST1049,ST1057,1787301065,2026-08-21 11:10:05,39,13.54,9.58,abonnement
TR2608210034669,CL101367,EN00571,trottinette,Grenoble,ST1054,ST1056,2026-08-21 10:41:08,2026-08-21 10:52:08,11,2.86,3.42,cb
TR2608210034670,CL101006,EN00513,velo_elec,Grenoble,ST1058,ST1053,2026-08-21 10:44:10,2026-08-21 10:53:10,9,2.88,3.25,cb
TR2608210034671,CL106016,EN00079,velo_elec,Lyon,ST1007,ST1005,2026-08-21 10:55:01,2026-08-21 11:11:01,8681,4.94,5.0,abonnement
TR2608210034672,CL104230,EN00175,trottinette,Lyon,ST1018,ST1010,21/08/2026 10:54,21/08/2026 11:17,23,4.77,6.06,abonnement
TR2608210034673,CL107098,EN00283,trottinette,Nantes,ST1023,ST1031,2026-08-21 10:53:49,2026-08-21 11:06:49,13,2.86,3.86,cb
TR2608210034674,CL101688,EN00292,velo_elec,Nantes,ST1031,ST1027,,2026-08-21 11:08:28,9,3.08,3.25,paypal
TR2608210034675,CL107335,EN00382,trottinette,Lille,ST1035,ST1040,2026-08-21 10:53:42,2026-08-21 11:01:42,8,1.76,2.76,cb
TR2608210034676,CL106579,EN00408,velo_elec,Lille,ST1042,ST1039,2026-08-21 10:56:01,2026-08-21 11:11:01,15,3.92,4.75,cb
TR2608210034677,CL102795,EN00410,velo_elec,Lille,ST1043,ST1041,2026-08-21 10:49:31,2026-08-21 10:58:31,9,2.75,3.25,cb
TR2608210034678,CL105377,EN00372,trottinette, Lille,ST1046,ST1036,2026-08-21 10:53:19,2026-08-21 10:58:19,5,1.0,2.1,abonnement
TR2608210034679,CL106672,EN00509,trottinette,Grenoble,ST1050,ST1053,2026-08-21 10:59:17,1787304437,28,7.16,7.16,cb
TR2608210034680,CL102601,EN00514,velo_elec,Grenoble,ST1051,ST1057,2026-08-21 10:50:18,1787304078,31,8.6,8.75,abonnement
TR2608210034681,CL103167,EN00195,velo_elec,Lyon ,ST1008,ST1018,2026-08-21 11:07:52,2026-08-21 11:19:52,12,3.31,4.0,abonnement
TR2608210034682,CL107650,EN00288,trottinette,Nantes,ST1023,ST1021,2026-08-21 11:11:00,2026-08-21 11:17:00,6,1.0,2.32,abonnement
TR2608210034683,CL107610,EN00234,trottinette,nantes,ST1030,ST1025,21/08/2026 11:05,21/08/2026 11:19,14,3.96,4.08,abonnement
TR2608210034684,CL103665,EN00224,velo_elec,Nantes,ST1031,ST1028,2026-08-21 11:03:25,2026-08-21 11:14:25,11,1.72,3.75,abonnement
TR2608210034685,CL105164,EN00465,velo, Lille,ST1039,ST1038,2026-08-21 11:10:24,2026-08-21 11:21:24,11,1.97,2.65,cb
TR2608210034686,CL103413,EN00384,trottinette,lille,ST1046,ST1034,1787303254,2026-08-21 11:17:34,10,1.98,3.2,cb
TR2608210034687,CL101367,EN00536,velo_elec,Grenoble,ST1048,ST1057,2026-08-21 11:05:59,2026-08-21 11:13:59,8,2.01,3.0,paypal
TR2608210034688,CL106294,EN00506,trottinette,Grenoble,ST1051,ST1051,2026-08-21 11:07:01,2026-08-21 11:35:01,28,8.92,7.16,cb
TR2608210034689,CL107259,EN00517,trottinette,Grenoble,ST1054,ST9116,21/08/2026 11:03,2026-08-21 11:17:34,14,2.51,4.08,cb
TR2608210034690,CL107567,EN00084,velo_elec,Lyon,ST1001,ST1014,2026-08-21 11:20:28,2026-08-21 11:33:28,13,3.5,4.25,cb
TR2608210034691,CL100508,EN00126,velo,Lyon,ST1015,ST1018,2026-08-21 11:26:35,2026-08-21 11:46:35,20,4.66,4.0,cb
TR2608210034692,CL108942,EN00266,velo_elec,Nantes,ST1032,ST1031,,2026-08-21 11:39:15,16,4.39,5.0,abonnement
TR2608210034693,CL101416,EN00492,velo_elec,Lille,ST1040,ST1042,2026-08-21 11:23:11,21/08/2026 11:31,8,2.35,3.0,cb
TR2608210034694,CL106224,EN00463,velo,Lille,ST1046,ST1039,1787304477,2026-08-21 11:50:57,7792,7.73,4.45,paypal
TR2608210034695,CL106207,EN00537,velo_elec,Grenoble,ST1051,ST1055,2026-08-21 11:29:33,21/08/2026 11:35,6,0.99,2.5,cb
TR2608210034696,CL104914,EN00515,trottinette,Grenoble,ST1052,ST1054,2026-08-21 11:24:57,21/08/2026 11:49,25,7.22,6.5,cb
TR2608210034697,CL101706,EN00540,velo,Grenoble,ST1056,ST1056,2026-08-21 11:28:16,2026-08-21 11:54:16,26,8.07,4.9,cb
TR2608210034698,CL106393,EN00299,trottinette,NANTES,ST1026,ST1027,2026-08-21 11:34:41,2026-08-21 11:42:41,8,2.48,2.76,cb
TR2608210034699,CL106638,EN00365,velo_elec,Lille,ST1035,ST1036,21/08/2026 11:31,2026-08-21 11:46:26,15,2.46,4.75,paypal
TR2608210034700,CL107156,EN00408,velo_elec,Lille,ST1039,ST1040,2026-08-21 11:36:06,2026-08-21 11:47:06,11,2.47,3.75,abonnement
TR2608210034701,CL103730,EN00382,trottinette,Lille,ST1040,ST1047,2026-08-21 11:34:51,21/08/2026 11:41,7,2.17,2.54,abonnement
TR2608210034702,CL107716,EN00102,velo_elec,Lyon ,ST1009,ST1012,2026-08-21 11:58:38,21/08/2026 12:42,44,13.21,12.0,cb
TR2608210034703,CL101345,EN00247,trottinette,Nantes,ST1029,ST1033,2026-08-21 11:50:40,2026-08-21 12:00:40,10,2.13,3.2,cb
TR2608210034704,CL103605,EN00420,trottinette,Lille,ST1036,ST1035,2026-08-21 11:59:09,2026-08-21 12:08:09,9,2.12,2.98,cb
TR2608210034705,CL106188,EN00443,velo_elec,Lille,ST1036,ST1046,2026-08-21 11:48:25,2026-08-21 11:51:25,3,0.69,1.75,cb
TR2608210034706,CL102781,EN00480,velo_elec,Lille,ST1040,ST1044,21/08/2026 11:57,2026-08-21 12:16:11,19,5.95,5.75,abonnement
TR2608210034707,CL104242,EN00424,velo_elec,Lille,ST1044,ST1037,1787306278,2026-08-21 12:08:58,11,2.2,3.75,cb
TR2608210034708,CL101992,EN00487,velo,Lille,ST1044,ST1041,2026-08-21 11:57:32,2026-08-21 12:14:32,17,4.13,3.55,abonnement
TR2608210034709,CL105079,EN00382,trottinette,Lille,ST1047,ST1034,2026-08-21 11:59:51,1787307711,22,5.41,5.84,paypal
TR2608210034710,CL104033,EN00563,trottinette,Grenoble,ST1048,ST1049,,2026-08-21 11:51:19,5,1.43,2.1,abonnement
TR2608210034711,CL101028,EN00193,trottinette,Lyon,ST1018,ST1014,2026-08-21 12:15:32,2026-08-21 12:23:32,8,2.06,2.76,cb
TR2608210034712,CL106355,EN00314,trottinette,Nantes,ST1021,ST1024,2026-08-21 12:11:42,2026-08-21 12:39:42,28,4.94,7.16,cb
TR2608210034713,CL105398,EN00348,velo_elec,Nantes,ST1025,ST1025,2026-08-21 12:12:53,21/08/2026 12:21,9,2.67,3.25,paypal
TR2608210034714,CL104114,EN00460,velo_elec,Lille,ST1035,ST1045,2026-08-21 12:11:03,21/08/2026 12:27,16,5.45,5.0,abonnement
TR2608210034715,CL101376,EN00492,velo_elec,Lille,ST1042,ST1038,2026-08-21 12:11:54,2026-08-21 12:39:54,28,9.53,8.0,paypal
TR2608210034716,CL105576,EN00457,velo,Lille,ST1044,ST1044,2026-08-21 12:14:22,2026-08-21 12:21:22,7,1.57,2.05,cb
TR2608210034717,CL104412,EN00515,trottinette,Grenoble,ST1054,ST1054,2026-08-21 12:12:21,2026-08-21 12:19:21,7,2.16,2.54,cb
TR2608210034718,CL102343,EN00557,velo,Grenoble,ST1054,ST1057,2026-08-21 12:00:54,2026-08-21 12:13:54,13,2.34,2.95,paypal
TR2608210034719,CL106448,EN00537,velo_elec,Grenoble,ST1055,ST1051,21/08/2026 12:09,2026-08-21 12:13:06,4,1.0,2.0,cb
TR2608210034720,CL107892,EN00536,velo_elec,Grenoble ,ST1057,ST1055,2026-08-21 12:03:24,2026-08-21 12:08:24,5,1.71,2.25,paypal
TR2608210034721,CL100026,EN00117,trottinette,Lyon,ST1017,ST1007,21/08/2026 12:26,21/08/2026 12:36,10,1.55,3.2,cb
TR2608210034722,CL102698,EN00266,velo_elec,nantes,ST1031,ST1025,21/08/2026 12:17,2026-08-21 12:24:00,7,1.79,2.75,cb
TR2608210034723,CL102121,EN00385,velo_elec,Lille,ST1036,ST1038,2026-08-21 12:26:39,21/08/2026 12:41,15,3.42,4.75,cb
TR2608210034724,CL108557,EN00480,velo_elec,Lille,ST1044,ST1036,21/08/2026 12:18,2026-08-21 12:54:02,36,7.37,10.0,abonnement
TR2608210034725,CL108661,EN00396,velo_elec,Lille,ST1045,ST1042,2026-08-21 12:22:47,21/08/2026 12:33,11,3.23,3.75,cb
TR2608210034726,CL104885,EN00518,trottinette,Grenoble,ST1058,ST1054,2026-08-21 12:29:53,21/08/2026 12:45,16,4.48,4.52,cb
TR2608210034727,CL101802,EN00075,trottinette,Lyon,ST1002,ST1018,21/08/2026 12:41,2026-08-21 12:47:22,6,1.64,2.32,abonnement
TR2608210034728,CL105531,EN00119,trottinette,Lyon,ST1003,ST1006,1787308698,2026-08-21 12:47:18,9,2.42,2.98,cb
TR2608210034729,CL104444,EN00129,velo_elec,Lyonn,ST1006,ST1010,2026-08-21 12:35:29,2026-08-21 13:02:29,27,7.58,7.75,paypal
TR2608210034730,CL101726,EN00150,trottinette,Lyon,ST1011,ST1017,2026-08-21 12:37:56,2026-08-21 12:52:56,15,3.56,4.3,abonnement
TR2608210034731,CL102701,EN00094,velo_elec,Lyon,ST1013,ST1015,2026-08-21 12:41:06,2026-08-21 12:53:06,12,3.52,4.0,cb
TR2608210034732,CL103751,EN00259,trottinette,Nantes,ST1022,ST1027,21/08/2026 12:31,2026-08-21 12:43:04,12,1.89,3.64,abonnement
TR2608210034733,CL107394,EN00310,trottinette,Nante,ST1026,ST1022,2026-08-21 12:39:56,2026-08-21 13:01:56,22,5.59,5.84,cb
TR2608210034734,CL103232,EN00224,velo_elec,NANTES,ST1028,ST1033,21/08/2026 12:33,2026-08-21 12:51:32,18,4.25,5.5,cb
TR2608210034735,CL107205,EN00335,velo,NANTES,ST1030,ST1026,21/08/2026 12:44,2026-08-21 12:57:09,13,2.64,2.95,paypal
TR2608210034736,CL103353,EN00227,trottinette,NANTES,ST1032,ST1029,2026-08-21 12:39:10,2026-08-21 12:52:10,13,2.08,3.86,cb
TR2608210034737,CL108169,EN00439,velo_elec,Lille,ST1035,ST1039,2026-08-21 12:39:01,21/08/2026 12:59,20,6.04,6.0,cb
TR2608210034738,CL106756,EN00536,velo_elec,Grenoble,ST1055,ST1054,2026-08-21 12:37:48,2026-08-21 12:43:48,6,1.21,2.5,abonnement
TR2608210034739,CL100701,EN00111,trottinette,Lyon,ST1004,ST1002,2026-08-21 12:59:02,21/08/2026 13:16,17,3.89,4.74,cb
TR2608210034740,CL102955,EN00168,velo_elec,Lyon,ST1009,ST1017,2026-08-21 12:47:56,2026-08-21 13:09:56,22,5.23,6.5,cb
TR2608210034741,CL104034,EN00314,trottinette,Nantes,ST1024,ST1023,21/08/2026 12:50,2026-08-21 13:01:04,11,2.35,3.42,cb
TR2608210034742,CL102734,EN00600,trottinette,Grenoble,ST1050,ST1058,2026-08-21 12:52:32,2026-08-21 13:08:32,16,5.12,4.52,cb
TR2608210034743,CL108206,EN00536,velo_elec,Grenoble,ST1054,ST1058,2026-08-21 13:00:05,2026-08-21 13:34:05,34,11.5,9.5,
TR2608210034744,CL103998,EN00084,velo_elec,Lyon,ST1014,ST1016,2026-08-21 13:15:07,2026-08-21 13:33:07,18,5.14,5.5,cb
TR2608210034745,CL103469,EN00075,trottinette,Lyon,ST1018,ST1015,2026-08-21 13:11:20,1787311280,10,1.8,3.2,paypal
TR2608210034746,CL108746,EN00357,trottinette,Nantes,ST1022,ST1021,,21/08/2026 13:22,8,2.01,2.76,cb
TR2608210034747,CL101216,EN00348,velo_elec,Nantes,ST1025,ST1025,21/08/2026 13:14,2026-08-21 13:16:00,2,0.52,1.5,abonnement
TR2608210034748,CL105988,EN00283,trottinette,Nantes,ST1031,ST1028,2026-08-21 13:12:34,2026-08-21 13:17:34,5,0.87,2.1,cb
TR2608210034749,CL106631,EN00359,trottinette,Nantes,ST1032,ST1027,21/08/2026 13:05,2026-08-21 13:16:15,11,2.25,3.42,cb
TR2608210034750,CL108385,EN00368,trottinette,Lille,ST1034,ST1034,2026-08-21 13:08:01,2026-08-21 13:25:01,17,2.67,4.74,cb
TR2608210034751,CL102095,EN00420,trottinette,Lille,ST1035,ST1036,2026-08-21 13:13:59,2026-08-21 13:22:59,9,2.46,2.98,paypal
TR2608210034752,CL100040,EN00370,velo_elec,Lille,ST1035,ST1038,2026-08-21 13:11:04,2026-08-21 13:23:04,12,2.15,4.0,abonnement
TR2608210034753,CL104115,EN00439,velo_elec,Lille,ST1039,ST1037,2026-08-21 13:02:49,,6,1.59,2.5,cb
TR2608210034754,CL106058,EN00559,trottinette,Grenoble,ST1049,ST1048,2026-08-21 13:08:49,2026-08-21 13:28:49,20,5.99,5.4,cb
TR2608210034755,CL101623,EN00509,trottinette,Grenoble,ST1053,ST1057,21/08/2026 13:03,21/08/2026 13:11,8,1.21,2.76,
TR2608210034756,CL101277,EN00189,trottinette,Lyon,ST1001,ST1009,2026-08-21 13:23:23,2026-08-21 13:34:23,11,2.23,3.42,cb
TR2608210034757,CL103611,EN00094,velo_elec,Lyon,ST1015,ST1007,2026-08-21 13:25:40,2026-08-21 13:43:40,18,2.8,5.5,cb
TR2608210034758,CL102547,EN00131,trottinette,Lyon,ST1018,ST1019,,2026-08-21 13:35:14,10,2.19,3.2,cb
TR2608210034759,CL104898,EN00358,trottinette,Nantes,ST1020,ST1028,2026-08-21 13:20:30,2026-08-21 13:42:30,22,6.37,5.84,cb
TR2608210034760,CL102480,EN00259,trottinette,Nantes,ST1027,ST1026,2026-08-21 13:21:19,21/08/2026 13:49,28,7.66,7.16,abonnement
TR2608210034761,CL107507,EN00223,velo,Nantes,ST1030,ST1026,2026-08-21 13:19:42,21/08/2026 13:31,12,2.03,2.8,paypal
TR2608210034762,CL107959,EN00332,trottinette,Nantes,ST1031,ST1030,2026-08-21 13:30:31,1787312971,19,4.51,5.18,
TR2608210034763,CL104034,EN00294,velo_elec,Nantes,ST1032,ST1029,2026-08-21 13:18:20,2026-08-21 13:46:20,28,9.36,8.0,cb
TR2608210034764,CL103037,EN00476,trottinette,Lille,ST1034,ST1038,2026-08-21 13:15:56,2026-08-21 13:37:56,22,4.66,5.84,cb
TR2608210034765,CL103123,EN00380,velo_elec,Lille,ST1038,ST1041,1787311629,,20,3.81,6.0,cb
TR2608210034766,CL105732,EN00399,trottinette,Lille,ST1038,ST1039,2026-08-21 13:22:38,2026-08-21 13:26:38,4,1.24,1.88,abonnement
TR2608210034767,CL107877,EN00408,velo_elec,Lille,ST1040,ST1036,,2026-08-21 13:22:43,7,1.96,2.75,cb
TR2608210034768,CL107553,EN00445,velo_elec,Lille,ST1040,ST1047,2026-08-21 13:26:43,2026-08-21 13:40:43,14,4.6,4.5,paypal
TR2608210034769,CL103967,EN00410,velo_elec,Lille,ST1041,ST1034,2026-08-21 13:29:55,2026-08-21 13:35:55,6,1.9,2.5,cb
TR2608210034770,CL105405,EN00457,velo,LILLE,ST1044,ST1034,2026-08-21 13:28:49,2026-08-21 13:41:49,13,3.61,2.95,paypal
TR2608210034771,CL104243,EN00443,velo_elec,Lille,ST1046,ST1044,2026-08-21 13:30:38,2026-08-21 13:43:38,13,4.39,4.25,abonnement
TR2608210034772,CL101641,EN00527,velo_elec,Grenoble,ST1051,ST1057,2026-08-21 13:21:50,2026-08-21 13:27:50,6,1.92,2.5,cb
TR2608210034773,CL100090,EN00600,trottinette,Grenoble,ST1058,ST1058,21/08/2026 13:28,2026-08-21 13:38:20,10,2.38,3.2,abonnement
TR2608210034774,CL105661,EN00080,trottinette,Lyon,ST1004,ST1013,1787311944,2026-08-21 13:37:24,5,1.06,2.1,cb
TR2608210034775,CL100607,EN00023,trottinette,Lyon,ST1004,ST1014,2026-08-21 13:38:37,2026-08-21 13:49:37,11,2.99,3.42,abonnement
TR2608210034776,CL106808,EN00161,velo_elec,LYON,ST1008,ST1019,21/08/2026 13:36,2026-08-21 13:43:42,7,1.9,2.75,cb
TR2608210034777,CL100702,EN00044,trottinette,Lyon,ST1016,ST1016,2026-08-21 13:39:35,21/08/2026 13:44,5,1.71,2.1,abonnement
TR2608210034778,CL104059,EN00220,velo_elec,Lyon,ST1018,ST1004,2026-08-21 13:38:27,21/08/2026 13:57,19,5.5,5.75,cb
TR2608210034779,CL100308,EN00301,velo_elec,Nantes,ST1020,ST1022,2026-08-21 13:40:32,2026-08-21 13:51:32,11,2.44,3.75,cb
TR2608210034780,CL104099,EN00249,velo_elec,Nantes,ST1022,ST1033,2026-08-21 13:34:15,2026-08-21 13:41:15,7,1.11,2.75,cb
TR2608210034781,CL101598,EN00298,trottinette,Nantes,ST1022,ST1028,2026-08-21 13:43:59,2026-08-21 14:02:59,19,4.24,5.18,cb
TR2608210034782,CL103985,EN00227,trottinette,Nantes,ST1029,ST1026,21/08/2026 13:39,2026-08-21 13:56:08,17,3.44,4.74,cb
TR2608210034783,CL101119,EN00422,velo_elec, Lille,ST1035,ST1045,2026-08-21 13:45:12,21/08/2026 13:58,13,2.29,4.25,cb
TR2608210034784,CL101734,EN00362,velo_elec,Lille,ST1036,ST1044,,2026-08-21 13:37:35,5,1.6,2.25,abonnement
TR2608210034785,CL105218,EN00439,velo_elec,Lille,ST1037,ST1036,2026-08-21 13:40:58,1787312938,8,1.26,3.0,paypal
TR2608210034786,CL103943,EN00399,trottinette,Lille,ST1039,ST1036,2026-08-21 13:44:28,21/08/2026 13:49,5,1.11,2.1,cb
TR2608210034787,CL108889,EN00411,trottinette,Lille,ST1045,ST1045,2026-08-21 13:44:53,21/08/2026 13:52,8,2.52,2.76,cb
TR2608210034788,CL103636,EN00553,trottinette,Grenoble,ST1051,ST1056,21/08/2026 13:31,2026-08-21 13:54:34,23,7.01,6.06,abonnement
TR2608210034789,CL108545,EN00518,trottinette,Grenoble,ST1054,ST1049,2026-08-21 13:40:06,2026-08-21 13:59:06,19,3.08,5.18,cb
TR2608210034790,CL105353,EN00154,trottinette,Lyon,ST1012,ST1009,21/08/2026 13:57,2026-08-21 14:03:44,6,1.84,2.32,cb
TR2608210034791,CL100350,EN00102,velo_elec,Lyon,ST1012,ST1011,2026-08-21 13:59:37,2026-08-21 14:19:37,20,3.33,6.0,cb
TR2608210034792,CL107372,EN00080,trottinette,Lyon,ST1013,ST1002,2026-08-21 13:53:21,21/08/2026 14:07,14,2.95,4.08,cb
TR2608210034793,CL102785,EN00271,velo_elec,Nantes,ST1020,ST1027,,2026-08-21 14:06:24,12,1.8,4.0,cb
TR2608210034794,CL102015,EN00285,trottinette,Nantes,ST1020,ST1032,2026-08-21 14:00:22,2026-08-21 14:07:22,7,1.83,2.54,cb
TR2608210034795,CL108068,EN00235,trottinette,Nantes,ST1022,ST1021,21/08/2026 13:54,1787313669,7,2.12,2.54,paypal
TR2608210034796,CL108508,EN00314,trottinette,Nantes,ST1023,ST1021,2026-08-21 13:50:25,2026-08-21 13:58:25,8,2.77,2.76,abonnement
TR2608210034797,CL105293,EN00484,velo_elec,lille,ST1045,ST1038,21/08/2026 13:59,2026-08-21 14:14:19,15,4.74,4.75,cb
TR2608210034798,CL103957,EN00445,velo_elec,Lille,ST1047,ST1046,2026-08-21 13:59:05,2026-08-21 14:43:05,44,15.04,12.0,cb
TR2608210034799,CL104315,EN00531,trottinette,Grenoble,ST1052,ST1058,2026-08-21 13:56:17,21/08/2026 14:15,19,4.0,5.18,cb
TR2608210034800,CL107648,EN00515,trottinette,Grenoble,ST1054,ST1051,2026-08-21 13:49:40,21/08/2026 13:59,10,2.3,3.2,abonnement
TR2608210034801,CL103722,EN00067,velo_elec,Lyon,ST1012,ST1019,2026-08-21 14:11:11,2026-08-21 14:32:11,21,5.42,6.25,cb
TR2608210034802,CL105363,EN00489,trottinette,Lille,ST1034,ST1039,2026-08-21 14:04:24,21/08/2026 14:21,4790,4.58,4.74,cb
TR2608210034803,CL107441,EN00396,velo_elec,Lille,ST1042,ST1041,2026-08-21 14:15:41,1787315261,12,1.91,4.0,abonnement
TR2608210034804,CL103948,EN00527,velo_elec,Grenoble,ST1057,ST1055,2026-08-21 14:15:53,2026-08-21 14:28:53,13,3.63,4.25,abonnement
TR2608210034805,CL102272,EN00600,trottinette,Grenoble,ST1058,ST1052,2026-08-21 14:03:44,2026-08-21 14:16:44,13,4.0,3.86,abonnement
TR2608210034806,CL935171,EN00536,velo_elec,Grenoble,ST1058,ST1049,2026-08-21 14:13:19,1787314939,9,3.12,3.25,abonnement
TR2608210034807,CL102502,EN00347,trottinette,Nantes,ST1022,ST1033,2026-08-21 14:27:00,21/08/2026 14:32,5,1.6,2.1,paypal
TR2608210034808,CL103903,EN00301,velo_elec,Nantes,ST1022,ST1031,2026-08-21 14:16:00,2026-08-21 14:55:00,39,7.46,10.75,cb
TR2608210034809,CL106882,EN00406,velo_elec,Lille,ST1034,ST1034,2026-08-21 14:21:33,2026-08-21 14:33:33,12,3.49,4.0,paypal
TR2608210034810,CL108213,EN00391,velo_elec,Lille,ST1034,ST1044,2026-08-21 14:23:13,21/08/2026 14:36,13,4.05,4.25,abonnement
TR2608210034811,CL100937,EN00385,velo_elec,Lille,ST1038,ST1038,2026-08-21 14:22:36,2026-08-21 14:27:36,5,1.67,2.25,abonnement
TR2608210034812,CL100948,EN00127,trottinette,Lyon ,ST1001,ST1018,2026-08-21 14:42:09,2026-08-21 14:54:09,12,4.03,3.64,cb
TR2608210034813,CL103499,EN00083,velo_elec,Lyon,ST1016,ST1009,2026-08-21 14:34:47,2026-08-21 14:45:47,11,1.71,3.75,cb
TR2608210034814,CL103860,EN00312,trottinette,Nantes,ST1021,ST1024,2026-08-21 14:40:35,,24,4.49,6.28,paypal
TR2608210034815,CL100417,EN00354,velo_elec,Nantes,ST1022,ST1033,,2026-08-21 14:56:25,13,3.44,4.25,cb
TR2608210034816,CL103313,EN00311,trottinette,nantes,ST1022,ST1033,2026-08-21 14:40:52,2026-08-21 14:56:52,16,2.49,4.52,cb
TR2608210034817,CL100786,EN00300,velo_elec,Nantes,ST1022,ST1020,2026-08-21 14:36:05,1787317385,27,4.31,7.75,cb
TR2608210034818,CL102819,EN00358,trottinette,Nantes,ST1028,ST1027,2026-08-21 14:37:50,2026-08-21 15:05:50,28,4.63,7.16,cb
TR2608210034819,CL102648,EN00513,velo_elec,Grenoble,ST1053,ST1051,2026-08-21 14:40:51,2026-08-21 14:52:51,12,3.48,4.0,abonnement
TR2608210034820,CL100146,EN00502,velo,Grenoble,ST1054,ST1058,2026-08-21 14:35:01,2026-08-21 14:55:01,20,4.91,4.0,cb
TR2608210034821,CL108916,EN00023,trottinette,Lyon,ST1014,ST1011,2026-08-21 14:52:59,2026-08-21 15:00:59,8,2.74,2.76,cb
TR2608210034822,CL101694,EN00280,trottinette,Nantes,ST1020,ST1026,2026-08-21 14:50:08,21/08/2026 15:13,23,5.69,6.06,cb
TR2608210034823,CL102316,EN00440,trottinette, Lille,ST1034,ST1037,2026-08-21 14:56:30,2026-08-21 15:22:30,26,7.86,6.72,cb
TR2608210034824,CL105612,EN00483,trottinette,Lille,ST1035,ST1046,2026-08-21 14:59:37,21/08/2026 15:05,6,1.83,2.32,cb
TR2608210034825,CL104360,EN00598,velo_elec,Grenoble,ST1049,ST1053,2026-08-21 14:57:38,21/08/2026 15:08,11,2.3,3.75,cb
TR2608210034826,CL107648,EN00517,trottinette,Grenoble,ST1051,ST1057,2026-08-21 14:47:05,2026-08-21 15:01:05,14,2.79,4.08,cb
TR2608210034827,CL105825,EN00020,velo_elec,Lyon,ST1002,ST1013,1787318058,2026-08-21 16:00:18,46,9.27,12.5,abonnement
TR2608210034828,CL106099,EN00081,velo_elec,lyon,ST1004,ST1011,2026-08-21 15:01:55,2026-08-21 15:10:55,9,2.21,3.25,paypal
TR2608210034829,CL106574,EN00094,velo_elec,Lyon,ST1007,ST1018,21/08/2026 15:13,2026-08-21 15:23:51,10,2.93,3.5,cb
TR2608210034830,CL100302,EN00002,velo_elec,lyon,ST1008,ST1003,21/08/2026 15:11,21/08/2026 15:19,8,2.14,3.0,cb
TR2608210034831,CL103892,EN00297,trottinette,Nantes,ST1021,ST1021,2026-08-21 15:07:00,2026-08-21 15:18:00,11,1.73,3.42,cb
TR2608210034832,CL104384,EN00332,trottinette,Nantes,ST1030,ST1030,2026-08-21 15:05:13,2026-08-21 15:25:13,20,6.67,5.4,paypal
TR2608210034833,CL108686,EN00434,velo_elec,Lille,ST1034,ST1043,21/08/2026 15:14,2026-08-21 15:22:52,8,1.53,3.0,cb
TR2608210034834,CL102049,EN00461,velo_elec,Lille,ST1035,ST1042,2026-08-21 15:04:50,2026-08-21 15:09:50,5,1.31,2.25,cb
TR2608210034835,CL104528,EN00445,velo_elec,Lille,ST1046,ST1037,21/08/2026 15:02,2026-08-21 15:07:56,5,1.12,2.25,abonnement
TR2608210034836,CL103636,EN00527,velo_elec,Grenoble,ST1055,ST1048,21/08/2026 15:09,2026-08-21 15:13:34,4,0.66,2.0,cb
TR2608210034837,CL105292,EN00208,velo_elec,Lyon ,ST1003,ST1019,2026-08-21 15:27:26,2026-08-21 16:04:26,37,12.15,10.25,cb
TR2608210034838,CL108671,EN00117,trottinette,Lyon,ST1007,ST1017,2026-08-21 15:30:00,21/08/2026 15:35,5,1.03,2.1,abonnement
TR2608210034839,CL100450,EN00042,trottinette,Lyonn,ST1010,ST1010,1787318510,21/08/2026 15:47,26,5.78,6.72,cb
TR2608210034840,CL107477,EN00309,trottinette,Nantes,ST1022,ST1031,2026-08-21 15:24:27,2026-08-21 15:47:27,23,5.67,6.06,cb
TR2608210034841,CL107222,EN00285,trottinette,Nantes,ST1032,ST1021,2026-08-21 15:19:03,2026-08-21 15:24:03,5,1.32,2.1,abonnement
TR2608210034842,CL107213,EN00247,trottinette,Nantes,ST1033,ST1033,2026-08-21 15:17:05,1787318825,10,2.53,3.2,cb
TR2608210034843,CL104848,EN00373,velo_elec,Lille,ST1041,ST1044,2026-08-21 15:21:16,2026-08-21 15:33:16,12,1.91,4.0,cb
TR2608210034844,CL105082,EN00548,trottinette,Grenoble,ST1049,ST1055,1787318806,2026-08-21 15:29:46,3,1.02,1.66,cb
TR2608210034845,CL107648,EN00600,trottinette,Grenoble,ST1052,ST1052,2026-08-21 15:28:14,2026-08-21 15:57:14,29,4.4,7.38,cb
TR2608210034846,CL103380,EN00571,trottinette,Grenoble,ST1056,ST1053,2026-08-21 15:24:30,2026-08-21 15:30:30,6,1.57,2.32,abonnement
TR2608210034847,CL106831,EN00531,trottinette,Grenoble,ST1058,ST1055,2026-08-21 15:29:28,2026-08-21 15:42:28,13,3.41,3.86,cb
TR2608210034848,CL105237,EN00200,trottinette,Lyon,ST1019,ST1010,2026-08-21 15:40:55,2026-08-21 15:47:55,7,2.44,2.54,cb
TR2608210034849,CL102104,EN00277,velo_elec,Nantes,ST1020,ST1023,2026-08-21 15:37:17,2026-08-21 15:41:17,4,0.65,2.0,cb
TR2608210034850,CL103346,EN00321,velo_elec,Nantes,ST1022,ST1030,2026-08-21 15:32:11,2026-08-21 15:43:11,11,3.64,3.75,cb
TR2608210034851,CL106204,EN00280,trottinette,Nantes,ST1026,ST1031,2026-08-21 15:40:51,2026-08-21 15:49:51,9,2.61,2.98,cb
TR2608210034852,CL103223,EN00294,velo_elec,Nante,ST1029,ST1027,21/08/2026 15:34,2026-08-21 15:55:33,21,4.66,6.25,paypal
TR2608210034853,CL103580,EN00489,trottinette,Lille,ST1039,ST1043,2026-08-21 15:34:06,2026-08-21 15:46:06,12,2.02,3.64,cb
TR2608210034854,CL106544,EN00442,trottinette,Lille,ST1044,ST1047,2026-08-21 15:38:19,2026-08-21 15:50:19,12,4.13,3.64,paypal
TR2608210034855,CL108351,EN00551,trottinette,Grenoble,ST1050,ST1053,2026-08-21 15:31:22,2026-08-21 16:08:22,37,6.59,9.14,paypal
TR2608210034856,CL105869,EN00068,velo_elec,Lyon,ST1012,ST1015,2026-08-21 15:52:49,2026-08-21 16:00:49,8,2.66,3.0,paypal
TR2608210034857,CL106268,EN00312,trottinette,Nantes,ST1024,ST1024,2026-08-21 15:54:14,2026-08-21 16:09:14,15,2.63,4.3,paypal
TR2608210034858,CL106315,EN00271,velo_elec,Nantes,ST1027,ST1031,21/08/2026 15:52,2026-08-21 15:59:17,7,2.15,2.75,abonnement
TR2608210034859,CL104348,EN00410,velo_elec,Lille,ST1034,ST1040,2026-08-21 15:56:03,2026-08-21 16:14:03,18,3.35,5.5,paypal
TR2608210034860,CL103824,EN00463,velo,Lille,ST1039,ST1038,2026-08-21 15:59:38,1787322038,21,5.11,4.15,cb
TR2608210034861,CL104678,EN00526,velo_elec,Grenoble,ST1048,ST1058,2026-08-21 15:47:22,2026-08-21 15:59:22,12,3.43,4.0,abonnement
TR2608210034862,CL102509,EN00588,velo_elec,Grenoble,ST1051,ST1052,2026-08-21 15:59:48,2026-08-21 16:05:48,6,1.51,2.5,abonnement
TR2608210034863,CL106600,EN00517,trottinette,Grenoble,ST1057,ST1052,2026-08-21 15:47:21,2026-08-21 15:55:21,8,2.65,2.76,paypal
TR2608210034864,CL100652,EN00074,trottinette,LYON,ST1001,ST1011,2026-08-21 16:05:12,21/08/2026 16:13,8,2.71,2.76,cb
TR2608210034865,CL100043,EN00140,trottinette,Lyon,ST1012,ST1014,2026-08-21 16:11:10,2026-08-21 16:25:10,14,3.21,4.08,cb
TR2608210034866,CL106857,EN00075,trottinette,Lyon,ST1015,ST1015,2026-08-21 16:12:29,2026-08-21 16:21:29,9,2.65,2.98,cb
TR2608210034867,CL100466,EN00230,velo_elec,Nantes,ST1020,ST1021,2026-08-21 16:10:34,2026-08-21 16:20:34,10,3.15,3.5,cb
TR2608210034868,CL107734,EN00248,trottinette,NANTES,ST1020,ST1025,2026-08-21 16:02:06,2026-08-21 16:06:06,4,0.93,1.88,cb
TR2608210034869,CL106506,EN00226,velo_elec,Nantes,ST1022,ST1025,21/08/2026 16:08,2026-08-21 16:23:08,15,2.97,4.75,cb
TR2608210034870,CL101139,EN00434,velo_elec,Lille,ST1043,ST1040,2026-08-21 16:12:37,2026-08-21 16:31:37,19,3.78,5.75,paypal
TR2608210034871,CL103274,EN00460,velo_elec,Lille,ST1045,ST1042,2026-08-21 16:11:06,2026-08-21 16:16:06,5,0.77,2.25,cb
TR2608210034872,CL107981,EN00516,velo_elec,Grenoble,ST1049,ST1057,21/08/2026 16:12,2026-08-21 16:29:39,17,5.13,5.25,cb
TR2608210034873,CL100300,EN00513,velo_elec,Grenoble,ST1051,ST1049,2026-08-21 16:13:28,2026-08-21 16:23:28,10,3.36,3.5,cb
TR2608210034874,CL100078,EN00548,trottinette,Grenoble,ST1055,ST1057,2026-08-21 16:15:51,2026-08-21 16:37:51,22,6.65,5.84,cb
TR2608210034875,CL108908,EN00069,trottinette,Lyon,ST1001,ST1016,2026-08-21 16:26:19,2026-08-21 16:40:19,14,4.26,4.08,abonnement
TR2608210034876,CL105635,EN00001,velo_elec,Lyon,ST1016,ST1013,21/08/2026 16:25,2026-08-21 16:35:48,10,3.4,3.5,cb
TR2608210034877,CL106377,EN00246,trottinette,Nantes,ST1022,ST1023,2026-08-21 16:19:27,2026-08-21 16:37:27,18,5.85,4.96,paypal
TR2608210034878,CL102700,EN00372,trottinette,Lille,ST1036,ST1041,21/08/2026 16:21,1787323689,27,7.53,6.94,cb
TR2608210034879,CL106670,EN00385,velo_elec,LILLE,ST1038,ST1046,2026-08-21 16:26:04,2026-08-21 16:48:04,22,3.39,6.5,abonnement
TR2608210034880,CL102399,EN00380,velo_elec,Lille,ST1041,ST1041,2026-08-21 16:20:15,2026-08-21 16:34:15,14,3.35,4.5,cb
TR2608210034881,CL102492,EN00411,trottinette,Lille,ST1045,ST1037,2026-08-21 16:17:25,2026-08-21 16:31:25,14,2.88,4.08,cb
TR2608210034882,CL107143,EN00506,trottinette,Grenoble,ST1051,ST1058,2026-08-21 16:21:16,21/08/2026 16:31,10,2.41,3.2,cb
TR2608210034883,CL103750,EN00588,velo_elec,Grenoble ,ST1052,ST1055,21/08/2026 16:17,2026-08-21 16:35:08,18,4.9,5.5,abonnement
TR2608210034884,CL101651,EN00553,trottinette,Grenoble,ST1056,ST1058,2026-08-21 16:23:01,2026-08-21 16:31:01,8,2.55,2.76,paypal
TR2608210034885,CL107920,EN00079,velo_elec,Lyon,ST1005,ST1017,2026-08-21 16:37:08,2026-08-21 16:52:08,15,3.91,4.75,abonnement
TR2608210034886,CL101246,EN00341,velo_elec,Nantes,ST1022,ST1029,2026-08-21 16:42:09,2026-08-21 17:15:09,33,5.69,9.25,abonnement
TR2608210034887,CL105926,EN00277,velo_elec,Nantes,ST1023,ST1027,2026-08-21 16:32:19,21/08/2026 16:52,20,5.19,6.0,paypal
TR2608210034888,CL107932,EN00325,trottinette,Nantes,ST1032,ST1032,2026-08-21 16:39:41,21/08/2026 16:54,15,4.66,4.3,abonnement
TR2608210034889,CL100174,EN00464,trottinette,Lille,ST1034,ST1045,2026-08-21 16:31:46,2026-08-21 16:49:46,18,5.74,4.96,abonnement
TR2608210034890,CL100863,EN00406,velo_elec,Lille,ST1034,ST1047,1787322716,2026-08-21 16:37:56,6,1.79,2.5,paypal
TR2608210034891,CL107933,EN00481,velo_elec,Lille,ST1034,ST1040,2026-08-21 16:34:52,21/08/2026 16:46,12,3.51,4.0,cb
TR2608210034892,CL101352,EN00389,trottinette,Lille,ST1035,ST1041,2026-08-21 16:36:20,2026-08-21 16:43:20,7,2.24,2.54,cb
TR2608210034893,CL101491,EN00426,trottinette,Lille,ST1035,ST1043,21/08/2026 16:43,2026-08-21 16:53:58,10,2.06,3.2,abonnement
TR2608210034894,CL102493,EN00424,velo_elec,Lille,ST1037,ST1045,2026-08-21 16:42:35,2026-08-21 17:05:35,23,7.99,6.75,cb
TR2608210034895,CL106922,EN00362,velo_elec,Lille,ST1044,ST1037,21/08/2026 16:45,1787323741,4,1.26,2.0,abonnement
TR2608210034896,CL107413,EN00530,velo_elec,Grenoble,ST1048,ST1058,2026-08-21 16:40:39,2026-08-21 16:46:39,6,1.28,2.5,paypal
TR2608210034897,CL105914,EN00592,velo_elec,Grenoble,ST1048,ST1050,2026-08-21 16:36:17,21/08/2026 16:55,19,5.4,5.75,abonnement
TR2608210034898,CL104968,EN00508,trottinette,Grenoble,ST1049,ST1053,21/08/2026 16:37,21/08/2026 16:43,6,1.92,2.32,cb
TR2608210034899,CL100711,EN00236,velo_elec,Nantes,ST1021,ST1031,21/08/2026 16:47,2026-08-21 16:51:04,4,1.39,2.0,cb
TR2608210034900,CL108735,EN00435,trottinette,Lille,ST1036,ST1039,21/08/2026 17:00,2026-08-21 17:10:02,10,2.48,3.2,abonnement
TR2608210034901,CL108777,EN00484,velo_elec,Lille,ST1038,ST1041,21/08/2026 16:56,21/08/2026 17:04,8,1.49,3.0,cb
TR2608210034902,CL105252,EN00554,velo_elec,Grenoble,ST1048,ST1056,2026-08-21 16:50:40,2026-08-21 17:11:40,21,6.01,6.25,abonnement
TR2608210034903,CL102815,EN00230,velo_elec,Nantes,ST1021,ST1029,21/08/2026 17:10,21/08/2026 17:17,7,2.06,2.75,cb
TR2608210034904,CL107551,EN00287,velo_elec,Nantes,ST1022,ST1033,2026-08-21 17:02:56,21/08/2026 17:14,12,2.12,4.0,paypal
TR2608210034905,CL106986,EN00272,trottinette,Nantes,ST1022,ST1021,21/08/2026 17:16,2026-08-21 17:27:16,11,2.79,3.42,paypal
TR2608210034906,CL104951,EN00246,trottinette,Nantes,ST1023,ST1027,2026-08-21 17:06:53,1787325113,5,1.31,2.1,abonnement
TR2608210034907,CL104603,EN00294,velo_elec,Nantes,ST1027,ST1024,2026-08-21 17:12:34,21/08/2026 17:18,6,1.41,2.5,cb
TR2608210034908,CL107847,EN00299,trottinette,Nantes,ST1027,ST1026,2026-08-21 17:05:48,2026-08-21 17:15:48,10,2.85,3.2,cb
TR2608210034909,CL108101,EN00474,velo_elec,Lille,ST1035,ST1039,2026-08-21 17:12:34,2026-08-21 17:27:34,15,4.05,4.75,cb
TR2608210034910,CL108842,EN00399,trottinette,Lille,ST1036,ST1035,2026-08-21 17:05:23,2026-08-21 17:09:23,4,0.94,1.88,abonnement
TR2608210034911,CL102125,EN00365,velo_elec,Lille,ST1036,ST1034,2026-08-21 17:08:29,21/08/2026 17:25,17,4.72,5.25,cb
TR2608210034912,CL106699,EN00461,velo_elec,Lille,ST1042,ST1045,1787325136,2026-08-21 17:41:16,29,7.79,8.25,
TR2608210034913,CL101214,EN00373,velo_elec,Lille,ST1044,ST1043,2026-08-21 17:02:27,2026-08-21 17:26:27,24,4.01,7.0,paypal
TR2608210034914,CL107638,EN00483,trottinette,Lille,ST1046,ST1043,2026-08-21 17:03:55,2026-08-21 17:23:55,20,6.12,5.4,cb
TR2608210034915,CL102316,EN00385,velo_elec,Lille,ST1046,ST1037,2026-08-21 17:15:57,21/08/2026 17:22,7,1.46,2.75,cb
TR2608210034916,CL108021,EN00406,velo_elec,Lille,ST1047,ST1042,2026-08-21 17:10:47,2026-08-21 17:23:47,13,2.94,4.25,abonnement
TR2608210034917,CL102882,EN00442,trottinette, Lille,ST1047,ST1039,21/08/2026 17:04,2026-08-21 17:29:39,25,8.05,6.5,cb
TR2608210034918,CL104223,EN00577,velo_elec,Grenoble,ST1049,ST1053,2026-08-21 17:03:36,2026-08-21 17:19:36,16,4.97,5.0,cb
TR2608210034919,CL108375,EN00588,velo_elec,Grenoble,ST1055,ST1051,2026-08-21 17:14:12,2026-08-21 17:29:12,15,4.31,4.75,cb
TR2608210034920,CL101552,EN00540,velo,Grenoble,ST1056,ST1056,2026-08-21 17:13:59,2026-08-21 17:19:59,6,1.76,1.9,cb
TR2608210034921,CL107176,EN00530,velo_elec,Grenoble,ST1058,ST1056,2026-08-21 17:10:24,2026-08-21 17:21:24,11,3.15,3.75,paypal
TR2608210034922,CL105323,EN00003,velo_elec,Lyon,ST1003,ST1008,2026-08-21 17:29:25,2026-08-21 17:35:25,6,1.79,2.5,abonnement
TR2608210034923,CL108451,EN00119,trottinette,Lyon,ST1006,ST1007,1787325814,,5,1.4,2.1,abonnement
TR2608210034924,CL107470,EN00081,velo_elec,Lyon,ST1011,ST1008,2026-08-21 17:25:38,2026-08-21 17:40:38,15,4.48,4.75,cb
TR2608210034925,CL107294,EN00068,velo_elec,Lyon,ST1015,ST1004,2026-08-21 17:30:58,2026-08-21 17:40:58,10,2.85,3.5,cb
TR2608210034926,CL105219,EN00044,trottinette,Lyon,ST1016,ST1004,21/08/2026 17:26,1787327539,26,5.83,6.72,cb
TR2608210034927,CL100482,EN00276,velo_elec,Nantes,ST1020,ST1030,2026-08-21 17:18:20,2026-08-21 17:33:20,15,4.92,4.75,cb
TR2608210034928,CL102966,EN00289,trottinette,Nantes,ST1020,ST1028,1787325800,2026-08-21 17:33:20,10,1.54,3.2,cb
TR2608210034929,CL100501,EN00330,trottinette,Nantes,ST1021,ST1033,2026-08-21 17:22:02,2026-08-21 17:54:02,32,9.6,8.04,cb
TR2608210034930,CL104342,EN00332,trottinette,Nantes,ST1030,ST1022,2026-08-21 17:28:02,2026-08-21 17:50:02,22,7.14,5.84,cb
TR2608210034931,CL108959,EN00302,velo_elec,Nantes,ST1031,ST1024,2026-08-21 17:30:53,2026-08-21 17:48:53,18,4.65,5.5,abonnement
TR2608210034932,CL105806,EN00236,velo_elec,Nantes,ST1031,ST1027,2026-08-21 17:17:58,2026-08-21 17:19:58,2,0.45,1.5,cb
TR2608210034933,CL104524,EN00249,velo_elec,Nantes,ST1033,ST1023,1787325729,2026-08-21 17:29:09,7,1.87,2.75,
TR2608210034934,CL106213,EN00386,trottinette,Lille,ST1034,ST1044,21/08/2026 17:15,2026-08-21 17:25:35,10,1.71,3.2,paypal
TR2608210034935,CL100297,EN00377,trottinette,Lille,ST1034,ST1044,,21/08/2026 18:19,54,14.79,12.88,cb
TR2608210034936,CL103724,EN00379,velo_elec,Lille,ST1034,ST1035,21/08/2026 17:22,2026-08-21 17:37:36,15,3.13,4.75,abonnement
TR2608210034937,CL108446,EN00368,trottinette,Lille,ST1034,ST1042,2026-08-21 17:20:21,2026-08-21 17:32:21,12,3.83,3.64,cb
TR2608210034938,CL108889,EN00402,trottinette,Lille,ST1035,ST1043,2026-08-21 17:25:33,2026-08-21 17:45:33,20,5.6,5.4,abonnement
TR2608210034939,CL106256,EN00413,trottinette,Lille,ST1036,ST1042,2026-08-21 17:19:18,2026-08-21 17:26:18,7,1.32,2.54,cb
TR2608210034940,CL108837,EN00378,velo_elec,Lille,ST1036,ST1047,2026-08-21 17:27:58,2026-08-21 17:37:58,10,2.68,3.5,abonnement
TR2608210034941,CL103950,EN00445,velo_elec,Lille,ST1037,ST1046,2026-08-21 17:24:43,21/08/2026 17:33,9,1.92,3.25,cb
TR2608210034942,CL104207,EN00389,trottinette,Lille,ST1041,ST1044,2026-08-21 17:19:51,21/08/2026 17:24,5,1.47,2.1,paypal
TR2608210034943,CL100110,EN00424,velo_elec,Lille,ST1045,ST1042,21/08/2026 17:16,21/08/2026 17:25,9,2.27,3.25,cb
TR2608210034944,CL105049,EN00570,trottinette,Grenoble,ST1048,ST1048,2026-08-21 17:26:46,2026-08-21 17:38:46,12,3.18,3.64,paypal
TR2608210034945,CL108610,EN00559,trottinette,Grenoble,ST1048,ST1049,21/08/2026 17:25,1787326762,14,2.72,,cb
TR2608210034946,CL101046,EN00523,velo_elec,Grenoble,ST1048,ST1054,2026-08-21 17:17:47,2026-08-21 17:27:47,10,2.75,3.5,abonnement
TR2608210034947,CL100524,EN00513,velo_elec,Grenoble,ST1049,ST1057,2026-08-21 17:24:08,1787326328,8,2.15,3.0,abonnement
TR2608210034948,CL101563,EN00563,trottinette,Grenoble,ST1049,ST1057,2026-08-21 17:20:19,2026-08-21 17:30:19,10,3.43,3.2,abonnement
TR2608210034949,CL108102,EN00585,velo_elec,Grenoble,ST1049,ST1049,2026-08-21 17:24:47,2026-08-21 18:02:47,38,10.11,10.5,cb
TR2608210034950,CL104565,EN00592,velo_elec,Grenoble,ST1050,ST1057,2026-08-21 17:27:53,2026-08-21 17:40:53,13,3.23,4.25,cb
TR2608210034951,CL106541,EN00516,velo_elec,grenoble,ST1057,ST1056,1787326241,2026-08-21 17:40:41,10,2.39,3.5,paypal
TR2608210034952,CL104202,EN00526,velo_elec,Grenoble,ST1058,ST1052,2026-08-21 17:16:45,2026-08-21 17:25:45,9,2.42,3.25,abonnement
TR2608210034953,CL101817,EN00086,velo_elec,Lyon,ST1001,ST1012,2026-08-21 17:39:00,21/08/2026 17:46,7,1.88,2.75,paypal
TR2608210034954,CL104907,EN00163,trottinette,Lyon,ST1004,ST1014,21/08/2026 17:32,2026-08-21 17:48:36,16,3.74,4.52,cb
TR2608210034955,CL106886,EN00009,velo_elec,Lyon,ST1008,ST1017,2026-08-21 17:41:45,2026-08-21 17:47:45,6,1.01,2.5,paypal
TR2608210034956,CL102820,EN00145,trottinette,Lyon,ST1010,ST1006,1787327060,2026-08-21 17:53:20,9,1.58,2.98,cb
TR2608210034957,CL108468,EN00211,velo_elec,Lyon,ST1011,ST1006,2026-08-21 17:38:24,2026-08-21 17:49:24,11,1.99,3.75,abonnement
TR2608210034958,CL104351,EN00117,trottinette,Lyon,ST1017,ST1015,21/08/2026 17:33,21/08/2026 17:36,3,0.57,1.66,cb
TR2608210034959,CL104779,EN00225,velo_elec,Nantes,ST1020,ST1032,2026-08-21 17:42:08,1787327768,14,4.75,4.5,cb
TR2608210034960,CL108868,EN00298,trottinette,Nantes,ST1028,ST1026,2026-08-21 17:33:21,21/08/2026 17:52,19,3.38,5.18,abonnement
TR2608210034961,CL104828,EN00399,trottinette,Lille,ST1035,ST1037,21/08/2026 17:35,2026-08-21 17:45:54,10,2.34,3.2,cb
TR2608210034962,CL102257,EN00478,trottinette,Lille,ST1035,ST1045,2026-08-21 17:36:12,2026-08-21 18:06:12,30,6.46,7.6,abonnement
TR2608210034963,CL102567,EN00417,trottinette,Lille,ST1035,ST1041,2026-08-21 17:37:54,2026-08-21 17:55:54,18,4.69,4.96,cb
TR2608210034964,CL105713,EN00420,trottinette,Lille,ST1036,ST1041,2026-08-21 17:39:15,21/08/2026 17:52,13,3.45,3.86,paypal
TR2608210034965,CL108718,EN00414,velo_elec,Lille,ST1036,ST1039,2026-08-21 17:33:57,2026-08-21 17:47:57,14,2.36,4.5,cb
TR2608210034966,CL107729,EN00362,velo_elec,Lille,ST1037,ST1035,2026-08-21 17:37:15,2026-08-21 17:41:15,4,0.87,2.0,cb
TR2608210034967,CL107523,EN00410,velo_elec,LILLE,ST1040,ST1036,2026-08-21 17:30:59,1787327879,27,4.86,7.75,cb
TR2608210034968,CL106578,EN00434,velo_elec,Lille,ST1040,ST1038,2026-08-21 17:39:15,2026-08-21 17:51:15,12,3.07,4.0,abonnement
TR2608210034969,CL103724,EN00426,trottinette,Lille,ST1043,ST1047,2026-08-21 17:33:09,1787327949,26,5.31,6.72,cb
TR2608210034970,CL106446,EN00391,velo_elec,Lille,ST1044,ST1046,2026-08-21 17:36:50,2026-08-21 17:48:50,12,3.86,4.0,cb
TR2608210034971,CL108442,EN00527,velo_elec,Grenoble,ST1048,ST1048,2026-08-21 17:36:03,2026-08-21 17:54:03,18,6.1,5.5,abonnement
TR2608210034972,CL100288,EN00596,velo_elec,Grenoble,ST1049,ST1054,2026-08-21 17:35:28,2026-08-21 17:56:28,21,4.63,6.25,cb
TR2608210034973,CL106059,EN00523,velo_elec,Grenoble,ST1054,ST1050,1787326856,2026-08-21 17:50:56,10,2.09,3.5,abonnement
TR2608210034974,CL105342,EN00531,trottinette,Grenoble,ST1055,ST1058,2026-08-21 17:32:54,2026-08-21 17:47:54,15,3.64,4.3,cb
TR2608210034975,CL108795,EN00110,velo_elec,Lyon,ST1001,ST1006,2026-08-21 17:50:56,1787327756,5,1.18,2.25,paypal
TR2608210034976,CL102239,EN00115,velo_elec,Lyon,ST1003,ST1019,2026-08-21 17:52:22,2026-08-21 18:07:22,15,2.54,4.75,
TR2608210034977,CL106150,EN00140,trottinette,Lyon,ST1014,ST1013,2026-08-21 17:55:13,2026-08-21 18:09:13,14,2.85,4.08,abonnement
TR2608210034978,CL100869,EN00127,trottinette,Lyon,ST1018,ST1017,2026-08-21 17:57:42,2026-08-21 18:44:42,47,12.78,11.34,abonnement
TR2608210034979,CL100910,EN00191,trottinette,Lyon,ST1019,ST1019,2026-08-21 17:57:42,21/08/2026 18:25,28,9.44,7.16,abonnement
TR2608210034980,CL107682,EN00357,trottinette,Nantes,ST1021,ST1029,2026-08-21 17:48:26,2026-08-21 17:58:26,10,2.33,3.2,cb
TR2608210034981,CL103237,EN00281,velo_elec,Nantes,ST1022,ST1030,2026-08-21 18:00:12,1787328852,14,3.41,4.5,abonnement
TR2608210034982,CL104996,EN00338,velo_elec,Nantes,ST1022,ST1028,,21/08/2026 18:24,29,6.76,8.25,abonnement
TR2608210034983,CL101070,EN00360,trottinette,Nantes,ST1022,ST1023,21/08/2026 17:56,2026-08-21 18:04:11,8,1.71,,cb
TR2608210034984,CL108444,EN00249,velo_elec,Nante,ST1023,ST1028,2026-08-21 17:49:52,2026-08-21 17:56:52,7,1.16,2.75,abonnement
TR2608210034985,CL101299,EN00236,velo_elec,Nantes,ST1027,ST1031,2026-08-21 17:50:11,2026-08-21 17:59:11,9,1.85,3.25,abonnement
TR2608210034986,CL106385,EN00224,velo_elec,Nantes,ST1033,ST1032,2026-08-21 17:54:24,2026-08-21 18:03:24,9,2.97,3.25,cb
TR2608210034987,CL106908,EN00365,velo_elec,Lille,ST1034,ST1036,2026-08-21 17:59:34,2026-08-21 18:07:34,8,1.78,3.0,paypal
TR2608210034988,CL104763,EN00384,trottinette,Lille,ST1034,ST1039,2026-08-21 17:51:41,2026-08-21 18:06:41,15,4.43,4.3,abonnement
TR2608210034989,CL101503,EN00362,velo_elec,Lille,ST1035,ST1046,2026-08-21 17:58:54,2026-08-21 18:04:54,6,1.49,2.5,cb
TR2608210034990,CL105713,EN00399,trottinette,Lille,ST1037,ST1041,2026-08-21 17:47:56,2026-08-21 17:59:56,12,3.55,3.64,cb
TR2608210034991,CL101947,EN00440,trottinette,Lille,ST1037,ST1039,2026-08-21 17:55:36,2026-08-21 18:10:36,15,2.29,4.3,paypal
TR2608210034992,CL106444,EN00435,trottinette,Lille,ST1039,ST1044,21/08/2026 18:00,1787329913,31,8.85,7.82,cb
TR2608210034993,CL101095,EN00443,velo_elec,Lille,ST1044,ST1042,1787327631,2026-08-21 18:06:51,13,2.35,4.25,cb
TR2608210034994,CL106128,EN00378,velo_elec,Lille,ST1047,ST1035,2026-08-21 17:47:23,2026-08-21 18:27:23,40,13.32,11.0,cb
TR2608210034995,CL102024,EN00570,trottinette,Grenoble,ST1048,ST1058,2026-08-21 17:54:56,21/08/2026 18:11,17,3.84,4.74,abonnement
TR2608210034996,CL108919,EN00546,trottinette,Grenoble,ST1048,ST1054,21/08/2026 17:48,2026-08-21 17:57:11,9,1.69,2.98,cb
TR2608210034997,CL106001,EN00135,trottinette,Lyon,ST1003,ST1014,21/08/2026 18:04,1787328657,6,1.01,2.32,cb
TR2608210034998,CL105459,EN00154,trottinette,Lyon,ST1009,ST1013,,2026-08-21 18:25:34,12,2.04,3.64,abonnement
TR2608210034999,CL102133,EN00352,velo_elec,Nantes,ST1020,ST1026,2026-08-21 18:02:48,2026-08-21 18:16:48,14,3.98,4.5,cb
TR2608210035000,CL100039,EN00273,velo_elec,Nantes,ST1020,ST1023,1787328223,2026-08-21 18:27:43,24,5.2,7.0,cb
TR2608210035001,CL104782,EN00297,trottinette,Nantes,ST1021,ST1028,2026-08-21 18:08:02,2026-08-21 18:18:02,10,1.62,3.2,cb
TR2608210035002,CL106935,EN00340,velo_elec,Nantes,ST1021,ST1026,2026-08-21 18:06:11,1787329451,18,2.99,5.5,cb
TR2608210035003,CL108208,EN00328,velo_elec,Nantes,ST1021,ST1031,2026-08-21 18:02:09,2026-08-21 18:13:09,11,3.42,3.75,cb
TR2608210035004,CL104257,EN00245,velo_elec,Nantes,ST1021,ST1032,2026-08-21 18:09:27,21/08/2026 18:14,5,1.15,2.25,paypal
TR2608210035005,CL107827,EN00288,trottinette,Nantes,ST1021,ST1030,2026-08-21 18:15:52,1787329972,17,2.65,4.74,cb
TR2608210035006,CL100131,EN00332,trottinette,Nantes,ST1022,ST1032,2026-08-21 18:04:56,2026-08-21 18:14:56,10,3.18,3.2,paypal
TR2608210035007,CL105831,EN00256,velo_elec,Nantes,ST1022,ST1028,2026-08-21 18:04:19,2026-08-21 18:10:19,6,1.94,2.5,cb
TR2608210035008,CL108501,EN00299,trottinette,Nantes,ST1026,ST1025,2026-08-21 18:02:54,21/08/2026 18:16,14,3.99,4.08,paypal
TR2608210035009,CL108600,EN00289,trottinette,Nantes,ST1028,ST1032,2026-08-21 18:09:10,2026-08-21 18:25:10,16,2.47,4.52,abonnement
TR2608210035010,CL107056,EN00230,velo_elec,Nantes,ST1029,ST1023,2026-08-21 18:04:34,2026-08-21 18:14:34,10,2.74,3.5,cb
TR2608210035011,CL106467,EN00236,velo_elec,Nantes,ST1031,ST1020,2026-08-21 18:03:15,21/08/2026 18:09,6,1.61,2.5,abonnement
TR2608210035012,CL104029,EN00271,velo_elec,Nantes,ST1031,ST1033,2026-08-21 18:12:11,1787329331,10,2.8,3.5,cb
TR2608210035013,CL108340,EN00325,trottinette,Nantes,ST1032,ST1027,2026-08-21 18:10:47,2026-08-21 18:22:47,12,4.15,3.64,cb
TR2608210035014,CL103860,EN00247,trottinette,Nantes,ST1033,ST1021,2026-08-21 18:06:20,2026-08-21 18:10:20,4,0.64,1.88,cb
TR2608210035015,CL108711,EN00412,trottinette,Lille,ST1034,ST1041,2026-08-21 18:01:40,,17,5.26,4.74,abonnement
TR2608210035016,CL108329,EN00382,trottinette,LILLE,ST1034,ST1034,2026-08-21 18:04:03,21/08/2026 18:40,36,5.8,8.92,cb
TR2608210035017,CL104723,EN00430,velo_elec,Lille,ST1034,ST1038,1787328101,,8,1.55,3.0,abonnement
TR2608210035018,CL108539,EN00400,trottinette,Lille,ST1034,ST1045,,21/08/2026 18:34,20,5.77,5.4,abonnement
TR2608210035019,CL102084,EN00404,trottinette,Lille,ST1036,ST1047,2026-08-21 18:01:40,2026-08-21 18:06:40,5,1.19,2.1,abonnement
TR2608210035020,CL107390,EN00439,velo_elec,LILLE,ST1036,ST1047,2026-08-21 18:15:25,21/08/2026 18:38,23,4.63,6.75,cb
TR2608210035021,CL105089,EN00385,velo_elec,Lille,ST1037,ST1046,2026-08-21 18:08:17,2026-08-21 18:15:17,7,2.02,2.75,cb
TR2608210035022,CL100924,EN00370,velo_elec,Lille,ST1038,ST1041,2026-08-21 18:01:32,2026-08-21 18:12:32,11,2.38,3.75,abonnement
TR2608210035023,CL101021,EN00460,velo_elec,Lille,ST1042,ST1035,2026-08-21 18:06:36,2026-08-21 18:17:36,11,1.84,3.75,abonnement
TR2608210035024,CL107999,EN00402,trottinette,Lille,ST1043,ST1047,2026-08-21 18:11:20,2026-08-21 18:18:20,7,2.16,2.54,cb
TR2608210035025,CL104365,EN00461,velo_elec,Lille,ST1045,ST1040,2026-08-21 18:02:34,21/08/2026 18:11,9,2.13,3.25,cb
TR2608210035026,CL100750,EN00527,velo_elec,Grenoble,ST1048,ST1055,2026-08-21 18:04:38,2026-08-21 18:12:38,8,1.82,3.0,cb
TR2608210035027,CL107963,EN00507,trottinette,Grenoble,ST1048,ST1058,21/08/2026 18:07,2026-08-21 18:26:33,19,5.81,5.18,
TR2608210035028,CL105900,EN00501,trottinette,Grenoble,ST1048,ST1052,2026-08-21 18:09:26,2026-08-21 18:20:26,11,2.54,3.42,cb
TR2608210035029,CL101715,EN00558,trottinette,Grenoble,ST1048,ST1057,2026-08-21 18:13:27,2026-08-21 18:15:27,2,0.44,1.44,abonnement
TR2608210035030,CL101215,EN00523,velo_elec,Grenoble,ST1050,ST1054,2026-08-21 18:13:59,2026-08-21 18:34:59,21,5.03,6.25,paypal
TR2608210035031,CL107393,EN00565,trottinette,Grenoble,ST1051,ST1050,2026-08-21 18:11:42,2026-08-21 18:17:42,6,1.78,2.32,paypal
TR2608210035032,CL106929,EN00562,velo,Grenoble,ST1055,ST1048,,2026-08-21 18:24:23,15,5.11,3.25,cb
TR2608210035033,CL102649,EN00530,velo_elec,Grenoble,ST1056,ST1050,21/08/2026 18:02,2026-08-21 18:37:35,35,7.9,9.75,paypal
TR2608210035034,CL101346,EN00108,velo_elec,Lyon,ST1002,ST1002,1787329656,2026-08-21 18:42:36,15,4.26,4.75,cb
TR2608210035035,CL100990,EN00180,trottinette,Lyon,ST1003,ST1013,1787329849,2026-08-21 18:34:49,-21,1.3,1.88,cb
TR2608210035036,CL910134,EN00054,trottinette,Lyon,ST1003,ST1016,2026-08-21 18:24:26,2026-08-21 18:36:26,12,4.15,3.64,abonnement
TR2608210035037,CL101560,EN00145,trottinette,Lyon,ST1006,ST1017,2026-08-21 18:24:24,2026-08-21 18:47:24,23,4.88,6.06,abonnement
TR2608210035038,CL105348,EN00163,trottinette,Lyon,ST1014,ST1016,,1787330888,19,5.4,5.18,abonnement
TR2608210035039,CL107134,EN00117,trottinette,Lyon ,ST1015,ST1003,2026-08-21 18:22:45,2026-08-21 18:35:45,13,3.76,3.86,paypal
TR2608210035040,CL101846,EN00075,trottinette,Lyon,ST1015,ST1011,2026-08-21 18:28:29,2026-08-21 18:43:29,15,3.16,4.3,cb
TR2608210035041,CL105943,EN00236,velo_elec,Nantes,ST1020,ST1029,1787329860,2026-08-21 18:39:00,8,1.99,3.0,cb
TR2608210035042,CL107960,EN00235,trottinette,Nantes,ST1021,ST1026,21/08/2026 18:30,2026-08-21 18:42:11,12,2.98,3.64,cb
TR2608210035043,CL100834,EN00305,velo_elec,Nantes,ST1022,ST1028,2026-08-21 18:20:41,21/08/2026 18:40,20,3.12,6.0,abonnement
TR2608210035044,CL104960,EN00261,trottinette,nantes,ST1022,ST1022,2026-08-21 18:27:52,2026-08-21 18:38:52,11,2.9,3.42,abonnement
TR2608210035045,CL103807,EN00348,velo_elec,Nantes,ST1025,ST1033,2026-08-21 18:29:06,2026-08-21 18:48:06,19,4.79,5.75,paypal
TR2608210035046,CL101004,EN00354,velo_elec,Nantes,ST1033,ST1023,2026-08-21 18:24:45,2026-08-21 19:01:45,37,12.93,10.25,cb
TR2608210035047,CL100994,EN00450,trottinette,Lille,ST1034,ST1040,2026-08-21 18:24:30,21/08/2026 18:46,22,5.8,5.84,
TR2608210035048,CL107284,EN00444,trottinette, Lille,ST1034,ST1047,2026-08-21 18:26:21,2026-08-21 18:39:21,13,3.7,3.86,abonnement
TR2608210035049,CL107049,EN00392,velo_elec,Lille,ST1034,ST1043,21/08/2026 18:28,2026-08-21 18:48:41,20,5.54,6.0,abonnement
TR2608210035050,CL104641,EN00379,velo_elec,Lille,ST1035,ST1045,2026-08-21 18:20:36,21/08/2026 18:54,34,7.71,9.5,cb
TR2608210035051,CL105924,EN00482,velo_elec,LILLE,ST1035,ST1047,2026-08-21 18:18:58,2026-08-21 18:30:58,12,3.21,4.0,cb
TR2608210035052,CL108194,EN00418,trottinette,Lille,ST1035,ST1039,2026-08-21 18:30:15,2026-08-21 18:38:15,8,2.44,2.76,abonnement
TR2608210035053,CL106925,EN00415,trottinette,Lille,ST1035,ST1038,2026-08-21 18:20:04,2026-08-21 18:44:04,24,6.08,6.28,cb
TR2608210035054,CL102125,EN00423,velo_elec,Lille,ST1035,ST1042,2026-08-21 18:25:49,2026-08-21 18:30:49,5,1.16,2.25,cb
TR2608210035055,CL101053,EN00472,velo_elec,Lille,ST1035,ST1043,2026-08-21 18:28:45,2026-08-21 18:36:45,8,2.48,3.0,cb
TR2608210035056,CL106698,EN00477,trottinette,Lille,ST1035,ST1045,1787329006,21/08/2026 18:59,43,13.84,10.46,cb
TR2608210035057,CL100887,EN00383,trottinette,Lille,ST1036,ST1038,2026-08-21 18:19:22,2026-08-21 18:51:22,32,8.13,8.04,paypal
TR2608210035058,CL101543,EN00408,velo_elec,Lille,ST1036,ST1043,2026-08-21 18:26:08,2026-08-21 18:38:08,12,3.23,4.0,cb
TR2608210035059,CL106226,EN00492,velo_elec,lille,ST1038,ST1043,2026-08-21 18:21:38,2026-08-21 18:37:38,16,5.16,5.0,paypal
TR2608210035060,CL105275,EN00476,trottinette,Lille,ST1038,ST1042,2026-08-21 18:22:59,2026-08-21 18:26:59,4,0.84,,abonnement
TR2608210035061,CL105001,EN00464,trottinette,Lille,ST1045,ST1039,2026-08-21 18:20:38,,13,3.23,3.86,cb
TR2608210035062,CL102474,EN00445,velo_elec,Lille,ST1046,ST1034,2026-08-21 18:19:47,2026-08-21 18:28:47,9,2.83,3.25,cb
TR2608210035063,CL101162,EN00362,velo_elec,Lille,ST1046,ST1046,2026-08-21 18:22:26,2026-08-21 18:32:26,10,1.97,3.5,cb
TR2608210035064,CL104726,EN00566,trottinette,Grenoble,ST1048,ST1058,2026-08-21 18:17:56,2026-08-21 18:28:56,11,2.6,3.42,abonnement
TR2608210035065,CL107478,EN00520,velo_elec,Grenoble,ST1048,ST1057,2026-08-21 18:25:44,2026-08-21 19:00:44,3757,6.27,9.75,abonnement
TR2608210035066,CL100121,EN00527,velo_elec,Grenoble,ST1055,ST1049,2026-08-21 18:17:38,2026-08-21 18:42:38,25,8.08,7.25,abonnement
TR2608210035067,CL105643,EN00568,velo,Grenoble,ST1055,ST1058,,2026-08-21 18:35:29,6,0.92,1.9,paypal
TR2608210035068,CL107093,EN00538,velo,GRENOBLE,ST1055,ST1054,2026-08-21 18:21:39,2026-08-21 18:38:39,17,2.86,3.55,cb
TR2608210035069,CL106637,EN00554,velo_elec,Grenoble,ST1056,ST1055,2026-08-21 18:16:01,2026-08-21 18:36:01,20,5.22,6.0,abonnement
TR2608210035070,CL101252,EN00121,trottinette,Lyon,ST1001,ST1018,2026-08-21 18:39:48,2026-08-21 18:57:48,18,5.44,4.96,paypal
TR2608210035071,CL106761,EN00029,velo_elec,Lyon,ST1001,ST1008,2026-08-21 18:31:40,1787330260,6,1.05,2.5,cb
TR2608210035072,CL105337,EN00216,velo_elec,Lyon,ST1003,ST1014,2026-08-21 18:37:59,2026-08-21 18:44:59,7,2.25,2.75,paypal
TR2608210035073,CL105468,EN00135,trottinette,Lyon,ST1014,ST1005,1787329878,2026-08-21 19:00:18,29,8.57,7.38,abonnement
TR2608210035074,CL107551,EN00340,velo_elec,Nantes,ST1026,ST1025,21/08/2026 18:34,2026-08-21 18:43:55,9,1.58,3.25,cb
TR2608210035075,CL102162,EN00325,trottinette,Nantes,ST1027,ST1028,2026-08-21 18:34:39,2026-08-21 18:44:39,10,1.61,3.2,abonnement
TR2608210035076,CL105547,EN00357,trottinette,Nantes,ST1029,ST1020,2026-08-21 18:40:05,2026-08-21 19:07:05,27,7.79,6.94,cb
TR2608210035077,CL105491,EN00347,trottinette,Nantes,ST1033,ST1030,2026-08-21 18:43:31,21/08/2026 18:56,13,4.31,3.86,cb
TR2608210035078,CL106057,EN00445,velo_elec,Lille,ST1034,ST1035,21/08/2026 18:33,2026-08-21 18:46:31,13,4.39,4.25,abonnement
TR2608210035079,CL103444,EN00470,trottinette,Lille,ST1034,ST1041,2026-08-21 18:42:31,2026-08-21 18:48:31,6,1.4,2.32,paypal
TR2608210035080,CL104293,EN00460,velo_elec,Lille,ST1035,ST1035,21/08/2026 18:39,21/08/2026 18:54,15,3.21,4.75,paypal
TR2608210035081,CL103191,EN00378,velo_elec,Lille,ST1035,ST1037,21/08/2026 18:39,2026-08-21 18:49:09,10,3.09,3.5,cb
TR2608210035082,CL105817,EN00488,velo_elec,Lille,ST1035,ST1042,2026-08-21 18:39:55,2026-08-21 18:59:55,20,5.6,6.0,abonnement
TR2608210035083,CL102641,EN00484,velo_elec,Lille,ST1041,ST1036,2026-08-21 18:38:56,2026-08-21 19:00:56,22,4.27,6.5,cb
TR2608210035084,CL101367,EN00567,velo_elec,Grenoble,ST1048,ST1057,2026-08-21 18:44:48,1787331768,18,3.24,5.5,cb
TR2608210035085,CL105032,EN00545,trottinette,Grenoble,ST1049,ST1051,2026-08-21 18:37:17,2026-08-21 18:41:17,4,0.98,1.88,abonnement
TR2608210035086,CL104658,EN00575,trottinette,GRENOBLE,ST1049,ST1052,2026-08-21 18:43:30,2026-08-21 19:02:30,19,6.18,5.18,
TR2608210035087,CL101739,EN00522,velo_elec,Grenoble,ST1049,ST1055,2026-08-21 18:39:53,2026-08-21 18:53:53,14,3.06,4.5,cb
TR2608210035088,CL107113,EN00504,trottinette,Grenoble,ST1049,ST1051,2026-08-21 18:31:02,21/08/2026 18:53,22,5.87,5.84,cb
TR2608210035089,CL103090,EN00526,velo_elec,Grenoble,ST1052,ST1050,2026-08-21 18:37:13,2026-08-21 18:47:13,10,3.31,3.5,cb
TR2608210035090,CL106262,EN00596,velo_elec,Grenoble,ST1054,ST1054,2026-08-21 18:44:44,,13,3.72,4.25,cb
TR2608210035091,CL101926,EN00513,velo_elec,Grenoble,ST1057,ST1057,1787330281,2026-08-21 18:49:01,11,2.82,3.75,abonnement
TR2608210035092,CL103842,EN00506,trottinette,Grenoble,ST1058,ST1057,2026-08-21 18:44:18,2026-08-21 18:50:18,6,1.87,2.32,cb
TR2608210035093,CL101200,EN00141,velo_elec,Lyon,ST1001,ST1009,2026-08-21 18:54:21,2026-08-21 19:34:21,40,7.57,11.0,abonnement
TR2608210035094,CL103789,EN00130,velo_elec,Lyon,ST1001,ST1002,2026-08-21 18:50:13,2026-08-21 18:57:13,7,1.69,2.75,abonnement
TR2608210035095,CL105042,EN00185,trottinette,Lyon,ST1002,ST1006,21/08/2026 18:57,2026-08-21 19:05:39,8,1.61,2.76,paypal
TR2608210035096,CL100949,EN00063,velo_elec,Lyon,ST1004,ST1001,2026-08-21 18:51:36,2026-08-21 18:53:36,2,0.33,,abonnement
TR2608210035097,CL101126,EN00211,velo_elec,Lyon,ST1006,ST1014,1787331499,2026-08-21 19:18:19,20,6.88,6.0,abonnement
TR2608210035098,CL108143,EN00253,trottinette,Nantes,ST1020,ST1033,,2026-08-21 19:02:52,7,1.83,2.54,cb
TR2608210035099,CL103908,EN00250,velo_elec,Nantes,ST1022,ST1029,2026-08-21 18:51:31,2026-08-21 18:59:31,8,2.51,3.0,abonnement
TR2608210035100,CL101472,EN00319,velo_elec,Nantes,ST1025,ST1024,2026-08-21 18:56:39,21/08/2026 19:01,5,1.66,2.25,paypal
TR2608210035101,CL102515,EN00266,velo_elec,Nantes,ST1025,ST1021,2026-08-21 18:46:25,2026-08-21 18:51:25,5,1.62,2.25,cb
TR2608210035102,CL101896,EN00235,trottinette,Nantes,ST1026,ST1033,2026-08-21 18:52:53,,14,4.76,4.08,abonnement
TR2608210035103,CL102618,EN00249,velo_elec,Nantes,ST1028,ST1027,21/08/2026 19:01,2026-08-21 19:13:18,12,3.09,4.0,cb
TR2608210035104,CL105616,EN00328,velo_elec,Nantes,ST1031,ST1030,2026-08-21 18:53:40,21/08/2026 19:10,17,3.94,5.25,abonnement
TR2608210035105,CL102885,EN00225,velo_elec,Nantes,ST1032,ST1022,2026-08-21 18:51:08,2026-08-21 19:10:08,19,5.0,5.75,cb
TR2608210035106,CL107656,EN00361,trottinette,Lille,ST1034,ST1034,2026-08-21 18:45:49,21/08/2026 18:53,8,1.95,2.76,abonnement
TR2608210035107,CL103957,EN00498,trottinette,Lille,ST1034,ST1047,2026-08-21 18:56:30,2026-08-21 19:04:30,8,2.27,2.76,paypal
TR2608210035108,CL106134,EN00495,trottinette,Lille,ST1034,ST1041,,2026-08-21 19:10:01,9,3.04,2.98,abonnement
TR2608210035109,CL101970,EN00445,velo_elec,Lille,ST1035,ST1042,2026-08-21 18:51:08,2026-08-21 18:56:08,5,0.78,2.25,cb
TR2608210035110,CL101056,EN00405,trottinette,Lille,ST1035,ST1041,2026-08-21 18:51:04,2026-08-21 19:01:04,10,3.13,3.2,cb
TR2608210035111,CL102121,EN00365,velo_elec,Lille,ST1036,ST1042,2026-08-21 18:58:16,2026-08-21 19:10:16,12,3.09,4.0,abonnement
TR2608210035112,CL106421,EN00453,trottinette,Lille,ST1036,ST1036,2026-08-21 18:52:04,2026-08-21 19:04:04,12,2.34,3.64,cb
TR2608210035113,CL101082,EN00411,trottinette,Lille,ST1037,ST1047,2026-08-21 18:54:33,,6,1.99,2.32,cb
TR2608210035114,CL102398,EN00481,velo_elec,Lille,ST1040,ST1045,,21/08/2026 19:12,18,4.48,5.5,abonnement
TR2608210035115,CL103572,EN00370,velo_elec,Lille,ST1041,ST1038,2026-08-21 18:58:00,2026-08-21 19:10:00,12,2.7,4.0,cb
TR2608210035116,CL108126,EN00363,velo_elec,Lille,ST1045,ST1040,2026-08-21 18:53:24,2026-08-21 20:01:24,68,20.94,18.0,cb
TR2608210035117,CL102603,EN00362,velo_elec,Lille,ST1046,ST1038,2026-08-21 18:55:18,21/08/2026 19:07,12,3.49,4.0,cb
TR2608210035118,CL103204,EN00404,trottinette,Lille,ST1047,ST1036,2026-08-21 18:49:49,2026-08-21 18:54:49,5,1.42,2.1,cb
TR2608210035119,CL105794,EN00528,velo_elec,grenoble,ST1048,ST1056,2026-08-21 18:55:14,2026-08-21 19:06:14,11,2.87,3.75,cb
TR2608210035120,CL108315,EN00597,trottinette,Grenoble,ST1049,ST1056,21/08/2026 18:58,2026-08-21 19:26:19,28,8.33,7.16,cb
TR2608210035121,CL106236,EN00585,velo_elec,Grenoble,ST1049,ST1054,21/08/2026 18:49,2026-08-21 19:06:43,17,2.86,5.25,paypal
TR2608210035122,CL101015,EN00559,trottinette,Grenoble,ST1049,ST1056,2026-08-21 18:57:44,2026-08-21 19:29:44,32,10.76,8.04,abonnement
TR2608210035123,CL106649,EN00561,velo_elec,Grenoble,ST1049,ST1058,2026-08-21 18:48:35,,29,7.69,8.25,paypal
TR2608210035124,CL106345,EN00536,velo_elec,Grenoble,ST1049,ST1049,2026-08-21 18:58:36,2026-08-21 19:07:36,9,2.94,3.25,paypal
TR2608210035125,CL103825,EN00554,velo_elec,Grenoble,ST1055,ST1052,21/08/2026 18:57,21/08/2026 19:06,9,2.08,3.25,cb
TR2608210035126,CL108798,EN00117,trottinette,Lyon,ST1003,ST1008,2026-08-21 19:07:20,2026-08-21 19:29:20,22,7.02,5.84,paypal
TR2608210035127,CL102972,EN00135,trottinette,Lyon,ST1005,ST1015,21/08/2026 19:04,2026-08-21 19:16:50,12,2.89,3.64,cb
TR2608210035128,CL104089,EN00144,trottinette,lyon,ST1008,ST1019,2026-08-21 19:09:15,2026-08-21 19:27:15,18,3.27,4.96,cb
TR2608210035129,CL103732,EN00200,trottinette,Lyon,ST1010,ST1012,2026-08-21 19:11:18,2026-08-21 19:34:18,23,4.34,6.06,abonnement
TR2608210035130,CL103628,EN00266,velo_elec,Nantes,ST1021,ST1023,2026-08-21 19:10:20,2026-08-21 19:24:20,14,3.46,4.5,cb
TR2608210035131,CL105682,EN00247,trottinette,Nantes,ST1021,ST1029,2026-08-21 19:05:00,2026-08-21 19:21:00,16,2.68,4.52,paypal
TR2608210035132,CL102745,EN00268,trottinette,Nantes,ST1022,ST1027,2026-08-21 19:12:30,2026-08-21 19:17:30,5,0.86,2.1,cb
TR2608210035133,CL104188,EN00310,trottinette,Nantes,ST1022,ST1027,2026-08-21 19:11:59,2026-08-21 19:21:59,10,3.39,3.2,abonnement
TR2608210035134,CL101957,EN00277,velo_elec,NANTES,ST1027,ST1021,2026-08-21 19:13:30,2026-08-21 19:27:30,14,4.57,4.5,cb
TR2608210035135,CL108950,EN00236,velo_elec,Nantes,ST1029,ST1029,21/08/2026 19:12,2026-08-21 19:21:37,9,1.64,3.25,cb
TR2608210035136,CL104099,EN00245,velo_elec,Nantes,ST1032,ST1030,2026-08-21 19:05:45,2026-08-21 19:19:45,14,4.69,4.5,abonnement
TR2608210035137,CL102170,EN00460,velo_elec,Lille,ST1035,ST1045,21/08/2026 19:05,2026-08-21 19:34:59,29,6.17,8.25,cb
TR2608210035138,CL102670,EN00404,trottinette,LILLE,ST1036,ST1041,2026-08-21 19:04:02,2026-08-21 19:19:02,15,4.01,4.3,cb
TR2608210035139,CL107298,EN00512,velo_elec,Grenoble,ST1048,ST1052,21/08/2026 19:03,2026-08-21 19:13:41,10,1.64,3.5,paypal
TR2608210035140,CL100211,EN00184,velo_elec,Lyon,ST1003,ST1006,2026-08-21 19:24:42,2026-08-21 19:35:42,11,2.86,3.75,cb
TR2608210035141,CL104009,EN00119,trottinette,Lyon,ST1007,ST1008,2026-08-21 19:17:03,21/08/2026 19:21,4,0.75,,cb
TR2608210035142,CL106778,EN00042,trottinette,Lyon,ST1010,ST1002,2026-08-21 19:17:00,2026-08-21 19:40:00,23,8.03,6.06,abonnement
TR2608210035143,CL105615,EN00140,trottinette,Lyon,ST1013,ST1015,,2026-08-21 19:27:31,10,1.8,3.2,abonnement
TR2608210035144,CL103406,EN00216,velo_elec,Lyon,ST1014,ST1014,2026-08-21 19:28:15,2026-08-21 19:33:15,5,1.35,2.25,abonnement
TR2608210035145,CL105883,EN00221,velo_elec,Nantes,ST1020,ST1031,2026-08-21 19:27:03,2026-08-21 19:44:03,17,5.61,5.25,paypal
TR2608210035146,CL100717,EN00285,trottinette,Nantes,ST1021,ST1029,2026-08-21 19:24:15,2026-08-21 20:04:15,40,9.89,9.8,paypal
TR2608210035147,CL106296,EN00349,velo_elec,Nantes,ST1021,ST1023,2026-08-21 19:29:12,2026-08-21 19:44:12,15,3.02,4.75,abonnement
TR2608210035148,CL102957,EN00229,trottinette,Nantes,ST1021,ST1033,2026-08-21 19:28:08,21/08/2026 20:01,33,5.7,8.26,paypal
TR2608210035149,CL101496,EN00225,velo_elec,Nantes,ST1022,ST1029,2026-08-21 19:19:43,2026-08-21 19:28:43,9,2.11,3.25,abonnement
TR2608210035150,CL101932,EN00341,velo_elec,Nantes,ST1029,ST1031,2026-08-21 19:28:39,21/08/2026 19:49,21,3.81,6.25,abonnement
TR2608210035151,CL101950,EN00316,velo_elec,nantes,ST1032,ST1031,2026-08-21 19:30:13,2026-08-21 19:53:13,23,6.53,6.75,paypal
TR2608210035152,CL105894,EN00446,trottinette,Lille,ST1034,ST1046,21/08/2026 19:20,2026-08-21 19:25:27,5,1.0,2.1,cb
TR2608210035153,CL997038,EN00410,velo_elec,Lille,ST1036,ST1040,21/08/2026 19:22,21/08/2026 19:29,7,2.13,2.75,abonnement
TR2608210035154,CL102499,EN00389,trottinette,lille,ST1044,ST1035,2026-08-21 19:25:26,2026-08-21 20:07:26,42,10.04,10.24,
TR2608210035155,CL100261,EN00518,trottinette,Grenoble ,ST1049,ST1054,2026-08-21 19:18:50,2026-08-21 19:29:50,11,2.48,3.42,cb
TR2608210035156,CL102155,EN00575,trottinette,Grenoble,ST1052,ST1050,2026-08-21 19:29:13,2026-08-21 19:37:13,8,2.18,2.76,paypal
TR2608210035157,CL104213,EN00596,velo_elec,GRENOBLE,ST1054,ST1057,2026-08-21 19:19:48,2026-08-21 19:36:48,17,3.98,5.25,paypal
TR2608210035158,CL101015,EN00522,velo_elec,GRENOBLE,ST1055,ST1055,2026-08-21 19:23:25,21/08/2026 19:39,16,4.13,5.0,paypal
TR2608210035159,CL107393,EN00553,trottinette,Grenoble,ST1058,ST1056,21/08/2026 19:30,2026-08-21 19:52:37,22,4.13,5.84,abonnement
TR2608210035160,CL105525,EN00207,velo_elec,Lyon,ST1001,ST1009,2026-08-21 19:44:52,2026-08-21 20:06:52,22,6.03,6.5,abonnement
TR2608210035161,CL103680,EN00063,velo_elec,Lyon,ST1001,ST1002,2026-08-21 19:30:54,1787334354,15,2.76,4.75,cb
TR2608210035162,CL103880,EN00033,trottinette,Lyon,ST1003,ST1010,2026-08-21 19:35:38,2026-08-21 19:45:38,10,3.35,3.2,
TR2608210035163,CL106151,EN00189,trottinette,Lyon,ST1009,ST1015,2026-08-21 19:41:47,2026-08-21 19:48:47,7,1.14,2.54,cb
TR2608210035164,CL108453,EN00175,trottinette,Lyon,ST1010,ST1002,1787333824,1787335204,23,4.68,6.06,cb
TR2608210035165,CL108290,EN00252,velo_elec,Nantes,ST1020,ST1025,21/08/2026 19:44,2026-08-21 20:06:13,22,3.59,6.5,cb
TR2608210035166,CL106587,EN00261,trottinette,Nantes,ST1022,ST1029,2026-08-21 19:38:32,2026-08-21 19:47:32,9,2.94,2.98,cb
TR2608210035167,CL100717,EN00274,velo,Nantes,ST1022,ST1027,2026-08-21 19:38:55,21/08/2026 19:50,12,2.62,2.8,cb
TR2608210035168,CL104065,EN00230,velo_elec,Nantes,ST1023,ST1028,2026-08-21 19:35:59,1787335199,24,8.35,7.0,cb
TR2608210035169,CL102275,EN00319,velo_elec,Nante,ST1024,ST1031,2026-08-21 19:34:03,2026-08-21 19:57:03,23,5.82,6.75,paypal
TR2608210035170,CL108592,EN00414,velo_elec,Lille,ST1039,ST1042,21/08/2026 19:44,21/08/2026 19:49,5,1.03,2.25,paypal
TR2608210035171,CL103912,EN00461,velo_elec,Lille,ST1040,ST1045,2026-08-21 19:37:06,2026-08-21 19:44:06,7,1.43,2.75,paypal
TR2608210035172,CL106174,EN00443,velo_elec,Lille,ST1042,ST1035,2026-08-21 19:41:55,2026-08-21 19:48:55,7,2.01,2.75,abonnement
TR2608210035173,CL103444,EN00373,velo_elec,lille,ST1043,ST1039,1787334247,21/08/2026 19:56,12,2.85,4.0,cb
TR2608210035174,CL104534,EN00532,velo_elec,Grenoble,ST1048,ST1057,2026-08-21 19:42:59,2026-08-21 20:07:59,25,8.02,7.25,cb
TR2608210035175,CL101431,EN00516,velo_elec,Grenoble,ST1056,ST1048,2026-08-21 19:33:50,2026-08-21 19:42:50,9,3.06,3.25,cb
TR2608210035176,CL101722,EN00070,trottinette,Lyon,ST1002,ST1006,2026-08-21 19:54:23,2026-08-21 20:12:23,18,5.32,4.96,cb
TR2608210035177,CL107663,EN00102,velo_elec,Lyon,ST1011,ST1011,2026-08-21 19:47:59,2026-08-21 19:55:59,8,2.43,3.0,cb
TR2608210035178,CL105071,EN00240,trottinette,Nantes,ST1020,ST1024,2026-08-21 19:53:48,2026-08-21 20:05:48,12,1.88,3.64,paypal
TR2608210035179,CL105861,EN00237,velo_elec,Nantes,ST1020,ST1027,2026-08-21 19:54:44,2026-08-21 20:31:44,37,9.16,10.25,cb
TR2608210035180,CL101454,EN00277,velo_elec,Nantes,ST1021,ST1031,2026-08-21 20:01:14,2026-08-21 20:12:14,11,2.17,3.75,paypal
TR2608210035181,CL102015,EN00234,trottinette,Nantes,ST1025,ST1030,2026-08-21 20:00:36,21/08/2026 20:06,6,1.4,2.32,cb
TR2608210035182,CL108647,EN00259,trottinette,Nantes,ST1026,ST1024,1787334837,2026-08-21 20:09:57,16,5.25,4.52,cb
TR2608210035183,CL102938,EN00310,trottinette,Nantes,ST1027,ST1033,2026-08-21 19:55:28,2026-08-21 20:09:28,14,2.48,4.08,cb
TR2608210035184,CL100914,EN00249,velo_elec,Nantes,ST1027,ST1023,2026-08-21 19:57:22,21/08/2026 20:23,26,8.46,7.5,cb
TR2608210035185,CL102140,EN00269,velo_elec,Nantes,ST1027,ST1021,2026-08-21 19:56:47,,14,4.06,4.5,cb
TR2608210035186,CL106705,EN00297,trottinette,Nantes,ST1028,ST1027,2026-08-21 19:53:16,2026-08-21 19:59:16,6,1.33,2.32,cb
TR2608210035187,CL103297,EN00283,trottinette,Nantes,ST1028,ST1027,2026-08-21 19:57:59,2026-08-21 20:21:59,24,6.48,6.28,cb
TR2608210035188,CL101217,EN00459,velo_elec,Lille,ST1035,ST1041,21/08/2026 19:50,1787336014,23,5.63,6.75,abonnement
TR2608210035189,CL108155,EN00378,velo_elec,Lille,ST1037,ST1040,2026-08-21 19:57:22,2026-08-21 20:13:22,16,4.5,5.0,cb
TR2608210035190,CL105413,EN00402,trottinette,Lille,ST1047,ST1046,2026-08-21 19:46:54,21/08/2026 20:05,19,3.85,5.18,cb
TR2608210035191,CL106902,EN00516,velo_elec,Grenoble,ST1048,ST1058,2026-08-21 19:51:15,2026-08-21 20:07:15,16,4.97,5.0,cb
TR2608210035192,CL101913,EN00517,trottinette,Grenoble,ST1052,ST1052,2026-08-21 19:47:02,21/08/2026 19:53,6,1.94,2.32,cb
TR2608210035193,CL103366,EN00598,velo_elec,Grenoble,ST1053,ST1054,2026-08-21 19:56:54,2026-08-21 20:11:54,15,3.83,4.75,paypal
TR2608210035194,CL101651,EN00585,velo_elec,Grenoble,ST1054,ST1058,21/08/2026 19:47,2026-08-21 20:08:55,3844,6.93,6.25,abonnement
TR2608210035195,CL102463,EN00513,velo_elec,Grenoble,ST1057,ST1058,2026-08-21 19:54:54,21/08/2026 20:30,36,11.54,10.0,cb
TR2608210035196,CL104508,EN00141,velo_elec,Lyon,ST1009,ST1017,2026-08-21 20:05:28,1787335888,6,1.63,2.5,cb
TR2608210035197,CL103775,EN00033,trottinette,Lyon,ST1010,ST1003,2026-08-21 20:02:22,21/08/2026 20:14,12,2.07,3.64,abonnement
TR2608210035198,CL105412,EN00260,velo_elec,Nantes,ST1020,ST1020,2026-08-21 20:13:08,2026-08-21 20:31:08,18,4.84,5.5,cb
TR2608210035199,CL100279,EN00275,velo,Nantes,ST1022,ST1032,2026-08-21 20:09:04,2026-08-21 20:31:04,22,3.52,4.3,abonnement
TR2608210035200,CL100575,EN00297,trottinette,Nantes,ST1027,ST1029,2026-08-21 20:08:30,2026-08-21 20:22:30,14,3.32,4.08,paypal
TR2608210035201,CL108104,EN00404,trottinette,Lille,ST1041,ST1046,21/08/2026 20:12,2026-08-21 20:26:39,14,4.22,4.08,cb
TR2608210035202,CL100961,EN00477,trottinette,lille,ST1045,ST1042,2026-08-21 20:14:01,2026-08-21 20:26:01,12,3.26,3.64,cb
TR2608210035203,CL106021,EN00522,velo_elec,Grenoble ,ST1055,ST1057,2026-08-21 20:02:29,2026-08-21 20:16:29,14,4.62,4.5,cb
TR2608210035204,CL100129,EN00553,trottinette,Grenoble ,ST1056,ST1049,21/08/2026 20:12,2026-08-21 20:29:30,17,5.27,4.74,cb
TR2608210035205,CL100000,EN00129,velo_elec,Lyon,ST1010,ST1012,21/08/2026 20:25,2026-08-21 20:35:35,10,3.35,3.5,abonnement
TR2608210035206,CL104981,EN00211,velo_elec,Lyon,ST1014,ST1008,1787336660,2026-08-21 20:30:20,6,1.43,2.5,cb
TR2608210035207,CL105812,EN00054,trottinette,Lyon,ST1016,ST1010,2026-08-21 20:18:42,2026-08-21 20:24:42,6,1.34,2.32,paypal
TR2608210035208,CL104620,EN00172,trottinette,Lyon,ST1019,ST1008,2026-08-21 20:22:05,2026-08-21 20:26:05,4,0.69,1.88,cb
TR2608210035209,CL101378,EN00304,velo_elec,nantes,ST1020,ST1031,2026-08-21 20:16:20,2026-08-21 20:35:20,19,4.35,5.75,abonnement
TR2608210035210,CL108383,EN00279,velo,Nantes,ST1022,ST1030,2026-08-21 20:30:31,21/08/2026 20:40,10,3.36,2.5,abonnement
TR2608210035211,CL103046,EN00266,velo_elec,Nantes,ST1023,ST1027,2026-08-21 20:30:39,2026-08-21 20:39:39,9,2.87,3.25,paypal
TR2608210035212,CL107090,EN00362,velo_elec,Lille,ST1038,ST1043,2026-08-21 20:30:20,,12,3.32,4.0,paypal
TR2608210035213,CL107335,EN00483,trottinette, Lille,ST1043,ST1035,2026-08-21 20:27:07,2026-08-21 20:37:07,10,2.5,3.2,abonnement
TR2608210035214,CL107687,EN00508,trottinette,Grenoble,ST1053,ST1050,2026-08-21 20:19:24,21/08/2026 20:29,10,2.06,3.2,abonnement
TR2608210035215,CL105867,EN00571,trottinette,Grenoble,ST1053,ST1048,2026-08-21 20:23:41,1787337281,11,1.72,3.42,paypal
TR2608210035216,CL101178,EN00516,velo_elec,Grenoble,ST1058,ST1049,2026-08-21 20:23:03,1787337483,15,4.31,,cb
TR2608210035217,CL101196,EN00216,velo_elec,Lyon,ST1014,ST1001,1787337243,1787337543,5,1.42,2.25,cb
TR2608210035218,CL107473,EN00300,velo_elec,Nantes,ST1020,ST1020,2026-08-21 20:39:55,2026-08-21 20:54:55,15,4.56,4.75,cb
TR2608210035219,CL101949,EN00305,velo_elec,Nantes,ST1028,ST1024,1787337632,2026-08-21 21:05:32,25,7.98,7.25,abonnement
TR2608210035220,CL104999,EN00261,trottinette,Nantes,ST1029,ST1031,2026-08-21 20:45:20,2026-08-21 20:52:20,7,1.53,2.54,cb
TR2608210035221,CL106984,EN00238,velo_elec,Nantes,ST1031,ST1026,2026-08-21 20:33:29,2026-08-21 20:42:29,9,1.92,3.25,cb
TR2608210035222,CL101902,EN00224,velo_elec,Nantes,ST1032,ST1021,2026-08-21 20:36:44,2026-08-21 20:48:44,12,2.01,4.0,abonnement
TR2608210035223,CL107094,EN00443,velo_elec,Lille,ST1035,ST1039,2026-08-21 20:32:03,2026-08-21 20:43:03,11,3.01,3.75,abonnement
TR2608210035224,CL106158,EN00489,trottinette,Lille,ST1043,ST1035,2026-08-21 20:42:11,2026-08-21 20:52:11,10,3.05,3.2,paypal
TR2608210035225,CL100237,EN00386,trottinette,Lille,ST1044,ST1040,2026-08-21 20:42:15,2026-08-21 20:48:15,6,1.15,2.32,cb
TR2608210035226,CL108306,EN00517,trottinette,Grenoble,ST1052,ST1058,21/08/2026 20:41,2026-08-21 20:58:28,7106,3.5,4.74,paypal
TR2608210035227,CL107614,EN00598,velo_elec,Grenoble,ST1054,ST1054,21/08/2026 20:43,2026-08-21 20:56:22,13,3.96,4.25,cb
TR2608210035228,CL101361,EN00102,velo_elec,Lyon,ST1011,ST1019,2026-08-21 20:57:23,2026-08-21 21:09:23,12,3.06,4.0,
TR2608210035229,CL100334,EN00200,trottinette,Lyon,ST1012,ST1006,2026-08-21 20:55:36,,15,3.33,4.3,paypal
TR2608210035230,CL930839,EN00140,trottinette,Lyon,ST1015,ST1009,,2026-08-21 21:00:33,12,2.82,3.64,cb
TR2608210035231,CL106986,EN00314,trottinette,Nantes,ST1021,ST1029,2026-08-21 20:58:23,2026-08-21 21:09:23,11,2.26,3.42,abonnement
TR2608210035232,CL105522,EN00554,velo_elec,Grenoble,ST1052,ST1051,2026-08-21 20:57:13,2026-08-21 21:03:13,6,1.27,2.5,cb
TR2608210035233,CL100018,EN00003,velo_elec,Lyon,ST1008,ST1018,2026-08-21 21:08:13,2026-08-21 21:12:13,4,1.01,2.0,paypal
TR2608210035234,CL108502,EN00195,velo_elec,Lyon,ST1018,ST1015,2026-08-21 21:14:14,2026-08-21 21:24:14,10,3.27,3.5,abonnement
TR2608210035235,CL108403,EN00307,trottinette,Nantes,ST1025,ST1027,2026-08-21 21:05:04,1787339884,13,2.24,3.86,cb
TR2608210035236,CL107351,EN00289,trottinette,Nantes,ST1032,ST1020,2026-08-21 21:09:48,2026-08-21 21:20:48,11,2.94,3.42,cb
TR2608210035237,CL102602,EN00395,trottinette,Lille,ST1036,ST1039,2026-08-21 21:10:58,2026-08-21 21:25:58,15,3.47,4.3,cb
TR2608210035238,CL108975,EN00443,velo_elec,Lille,ST1039,ST1047,21/08/2026 21:07,2026-08-21 21:16:12,9,1.57,3.25,cb
TR2608210035239,CL100061,EN00386,trottinette,LILLE,ST1040,ST1034,21/08/2026 21:11,21/08/2026 21:33,22,6.38,5.84,abonnement
TR2608210035240,CL101400,EN00477,trottinette,Lille,ST1042,ST1034,1787339695,2026-08-21 21:23:55,9,1.48,2.98,abonnement
TR2608210035241,CL100653,EN00391,velo_elec,Lille,ST1046,ST1040,2026-08-21 21:05:39,1787339679,9,1.55,3.25,cb
TR2608210035242,CL101376,EN00483,trottinette,Lille,ST1035,ST1040,21/08/2026 21:20,2026-08-21 21:32:44,12,3.91,3.64,cb
TR2608210035243,CL108132,EN00441,velo_elec,Lille,ST1036,ST1036,2026-08-21 21:20:36,2026-08-21 21:30:36,10,1.81,3.5,cb
TR2608210035244,CL100049,EN00362,velo_elec,Lille,ST1043,ST1040,2026-08-21 21:17:23,1787340263,7,2.0,2.75,paypal
TR2608210035245,CL104431,EN00385,velo_elec,Lille,ST1046,ST1035,2026-08-21 21:16:04,21/08/2026 21:29,13,4.03,4.25,cb
TR2608210035246,CL101955,EN00593,trottinette,Grenoble,ST1049,ST1052,21/08/2026 21:18,2026-08-21 21:23:05,5,1.71,2.1,abonnement
TR2608210035247,CL101019,EN00591,velo_elec,Grenoble,ST1049,ST1054,2026-08-21 21:31:14,2026-08-21 21:55:14,24,5.12,7.0,cb
TR2608210035248,CL104657,EN00537,velo_elec,Grenoble,ST1051,ST1058,2026-08-21 21:21:08,2026-08-21 21:26:08,5,0.92,2.25,abonnement
TR2608210035249,CL104831,EN00054,trottinette,Lyon,ST1010,ST1012,2026-08-21 21:37:47,21/08/2026 21:57,20,5.08,5.4,abonnement
TR2608210035250,CL105022,EN00141,velo_elec,Lyon,ST1017,ST1011,2026-08-21 21:36:59,2026-08-21 21:53:59,17,5.68,5.25,paypal
TR2608210035251,CL105725,EN00236,velo_elec,Nantes,ST1029,ST1026,2026-08-21 21:31:21,1787340981,5,1.65,2.25,cb
TR2608210035252,CL104436,EN00434,velo_elec,Lille,ST1038,ST1040,21/08/2026 21:32,2026-08-21 21:45:49,13,3.16,4.25,cb
TR2608210035253,CL108000,EN00443,velo_elec,Lille,ST1047,ST1036,,2026-08-21 22:01:00,15,3.02,4.75,abonnement
TR2608210035254,CL107240,EN00439,velo_elec,Lille,ST1047,ST1047,2026-08-21 21:37:42,2026-08-21 21:44:42,7,1.61,2.75,cb
TR2608210035255,CL105505,EN00537,velo_elec,Grenoble,ST1058,ST1055,2026-08-21 21:36:43,2026-08-21 21:46:43,10,3.39,3.5,paypal
TR2608210035256,CL104633,EN00124,velo_elec,Lyon,ST1004,ST1007,2026-08-21 21:58:19,2026-08-21 22:09:19,11,2.88,3.75,cb
TR2608210035257,CL100177,EN00252,velo_elec,Nantes,ST1025,ST1025,2026-08-21 21:46:56,2026-08-21 21:56:56,10,3.14,3.5,cb
TR2608210035258,CL102902,EN00310,trottinette,Nante,ST1033,ST1022,2026-08-21 21:56:29,2026-08-21 22:19:29,23,6.09,6.06,cb
TR2608210035259,CL106614,EN00207,velo_elec,Lyon,ST1009,ST1009,2026-08-21 22:11:57,2026-08-21 22:17:57,6,1.65,2.5,cb
TR2608210035260,CL105995,EN00086,velo_elec,Lyon,ST1012,ST1010,2026-08-21 22:13:36,21/08/2026 22:25,12,3.79,4.0,cb
TR2608210035261,CL103866,EN00485,trottinette,Lille,ST1034,ST1047,2026-08-21 22:05:56,2026-08-21 22:12:56,7,1.79,2.54,cb
TR2608210035262,CL102642,EN00395,trottinette,Lille,ST1039,ST1038,2026-08-21 22:05:51,21/08/2026 22:12,7,1.37,2.54,cb
TR2608210035263,CL103690,EN00373,velo_elec,Lille,ST1039,ST1040,2026-08-21 22:11:58,21/08/2026 22:14,3,0.82,1.75,cb
TR2608210035264,CL105569,EN00506,trottinette,Grenoble,ST1057,ST1048,2026-08-21 22:10:21,21/08/2026 22:19,9,3.0,2.98,abonnement
TR2608210035265,CL107115,EN00087,trottinette,Lyon,ST1019,ST1002,21/08/2026 22:16,2026-08-21 22:25:28,9,1.47,2.98,cb
TR2608210035266,CL101377,EN00249,velo_elec,Nantes,ST1023,ST1032,21/08/2026 22:43,2026-08-21 23:05:28,22,5.51,6.5,cb
TR2608210035267,CL103144,EN00348,velo_elec,Nantes,ST1033,ST1022,2026-08-21 22:45:59,2026-08-21 22:54:59,9,1.99,3.25,cb
TR2608210035268,CL100581,EN00213,trottinette,Lyon,ST1004,ST1002,2026-08-21 22:57:49,2026-08-21 23:07:49,10,2.05,3.2,
TR2608210035269,CL105869,EN00140,trottinette,Lyon,ST1009,ST1016,2026-08-21 22:47:53,2026-08-21 22:57:53,10,2.61,3.2,cb
TR2608210035270,CL106810,EN00003,velo_elec,Lyon,ST1018,ST1009,2026-08-21 22:57:27,2026-08-21 23:14:27,17,5.32,5.25,abonnement
TR2608210035271,CL102120,EN00276,velo_elec,Nantes,ST1030,ST1022,2026-08-21 23:00:13,2026-08-21 23:08:13,8,2.4,3.0,cb
TR2608210035272,CL104096,EN00391,velo_elec,Lille,ST1040,ST1042,2026-08-21 22:55:23,2026-08-21 23:08:23,13,2.16,4.25,abonnement
TR2608210035273,CL103188,EN00485,trottinette,Lille,ST1047,ST1046,1787345761,21/08/2026 23:00,4,1.37,1.88,cb
TR2608210035274,CL106588,EN00516,velo_elec,Grenoble,ST1049,ST1055,2026-08-21 23:00:57,21/08/2026 23:06,6,1.06,2.5,
TR2608210035275,CL107685,EN00189,trottinette,Lyon,ST1015,ST1005,2026-08-21 23:07:34,2026-08-21 23:19:34,12,2.91,3.64,paypal
TR2608210035276,CL100706,EN00513,velo_elec,Grenoble,ST1058,ST1058,2026-08-21 23:04:05,2026-08-21 23:19:05,15,2.48,4.75,cb
TR2608210035277,CL105160,EN00302,velo_elec,Nantes,ST1024,ST1032,2026-08-21 23:28:33,2026-08-21 23:52:33,24,8.19,7.0,cb
TR2608210035278,CL105136,EN00489,trottinette,Lille,ST1035,ST1042,2026-08-21 23:23:39,2026-08-21 23:31:39,8,2.35,,cb
TR2608210035279,CL102203,EN00577,velo_elec,Grenoble,ST1053,ST1057,21/08/2026 23:26,2026-08-21 23:35:13,9,2.6,3.25,abonnement
TR2608210035280,CL103862,EN00571,trottinette,Grenoble,ST1048,ST1057,21/08/2026 23:52,2026-08-22 00:21:06,29,9.71,7.38,cb
