trajet_id,client_id,engin_id,type_engin,ville,station_depart,station_arrivee,debut,fin,duree_min,distance_km,montant_eur,moyen_paiement
TR2608130026844,CL102070,EN00551,trottinette,Grenoble,ST1057,ST1052,,2026-08-13 00:38:13,10,2.07,3.2,cb
TR2608130026845,CL100731,EN00541,velo_elec,GRENOBLE,ST1053,ST1052,2026-08-13 00:55:06,2026-08-13 01:16:06,21,5.04,6.25,paypal
TR2608130026846,CL106392,EN00135,trottinette,Lyon,ST1003,ST1012,13/08/2026 01:56,2026-08-13 02:17:23,21,4.32,5.62,abonnement
TR2608130026847,CL102208,EN00238,velo_elec,Nantes,ST1027,ST1031,2026-08-13 01:56:29,,46,7.21,12.5,paypal
TR2608130026848,CL106681,EN00097,velo_elec,Lyon,ST1001,ST1004,2026-08-13 03:53:23,2026-08-13 04:00:23,7,1.48,2.75,cb
TR2608130026849,CL108404,EN00261,trottinette,Nantes,ST1021,ST1028,2026-08-13 05:15:13,2026-08-13 05:20:13,5,1.64,2.1,abonnement
TR2608130026850,CL105905,EN00354,velo_elec,Nantes,ST1033,ST1033,,2026-08-13 05:30:33,6,1.48,2.5,cb
TR2608130026851,CL107736,EN00047,velo_elec,lyon,ST1008,ST1015,2026-08-13 05:35:01,2026-08-13 05:48:01,13,3.58,4.25,cb
TR2608130026852,CL108392,EN00352,velo_elec,Nantes,ST1021,ST1029,2026-08-13 05:36:05,2026-08-13 05:47:05,11,3.71,3.75,abonnement
TR2608130026853,CL103270,EN00360,trottinette,Nante,ST1022,ST1024,2026-08-13 05:34:25,2026-08-13 05:54:25,20,6.67,5.4,
TR2608130026854,CL104610,EN00472,velo_elec,LILLE,ST1046,ST1046,2026-08-13 05:38:43,1786593043,12,3.33,4.0,cb
TR2608130026855,CL100427,EN00354,velo_elec,Nantes,ST1033,ST1025,,2026-08-13 06:03:54,8,2.7,3.0,abonnement
TR2608130026856,CL104608,EN00478,trottinette,Lille,ST1038,ST1036,1786593390,2026-08-13 06:01:30,5,0.95,2.1,cb
TR2608130026857,CL104447,EN00440,trottinette,Lille,ST1044,ST1043,2026-08-13 05:59:30,13/08/2026 06:10,11,3.44,3.42,
TR2608130026858,CL108861,EN00560,velo_elec,Grenoble,ST1055,ST1050,2026-08-13 05:46:11,2026-08-13 06:18:11,32,7.7,9.0,cb
TR2608130026859,CL100290,EN00099,velo_elec,Lyon,ST1009,ST1004,2026-08-13 06:14:35,2026-08-13 06:33:35,19,3.62,5.75,paypal
TR2608130026860,CL107844,EN00094,velo_elec,Lyon,ST1012,ST1014,13/08/2026 06:05,2026-08-13 06:10:49,5,0.76,2.25,abonnement
TR2608130026861,CL106611,EN00227,trottinette,Nantes,ST1026,ST1021,13/08/2026 06:03,,9,1.54,2.98,abonnement
TR2608130026862,CL103259,EN00273,velo_elec,Nantes,ST1027,ST1026,2026-08-13 06:06:04,2026-08-13 06:11:04,5,1.09,2.25,cb
TR2608130026863,CL103414,EN00303,velo_elec,Nantes,ST1030,ST1030,2026-08-13 06:07:31,2026-08-13 06:20:31,13,4.49,4.25,abonnement
TR2608130026864,CL103123,EN00403,trottinette,Lille,ST1043,ST1035,,2026-08-13 06:10:39,8,2.61,2.76,abonnement
TR2608130026865,CL108504,EN00378,velo_elec,Lille,ST1044,ST1034,2026-08-13 06:06:48,2026-08-13 06:13:48,7,2.15,2.75,cb
TR2608130026866,CL102876,EN00472,velo_elec,Lille,ST1046,ST1035,2026-08-13 06:03:09,2026-08-13 06:17:09,14,2.57,4.5,paypal
TR2608130026867,CL101431,EN00556,trottinette,Grenoble,ST1051,ST1048,2026-08-13 06:10:08,2026-08-13 06:14:08,4,0.73,1.88,cb
TR2608130026868,CL102036,EN00566,trottinette,Grenoble,ST1052,ST1052,2026-08-13 06:07:06,1786594206,3,0.56,1.66,cb
TR2608130026869,CL104819,EN00508,trottinette,Grenoble,ST1057,ST1048,2026-08-13 06:02:16,2026-08-13 06:17:16,15,2.99,4.3,cb
TR2608130026870,CL102942,EN00532,velo_elec,Grenoble,ST1058,ST1049,2026-08-13 06:02:56,13/08/2026 06:21,19,4.8,5.75,cb
TR2608130026871,CL106307,EN00080,trottinette,Lyon,ST1016,ST1007,2026-08-13 06:26:33,,3,0.74,1.66,abonnement
TR2608130026872,CL106494,EN00287,velo_elec,Nantes,ST1023,ST1021,2026-08-13 06:16:27,2026-08-13 06:32:27,16,5.52,5.0,paypal
TR2608130026873,CL108669,EN00232,trottinette,Nantes,ST1024,ST1022,2026-08-13 06:21:56,2026-08-13 06:33:56,12,3.2,3.64,cb
TR2608130026874,CL101190,EN00309,trottinette,Nantes,ST1027,ST1021,1786595257,2026-08-13 06:55:37,28,8.13,7.16,cb
TR2608130026875,CL105260,EN00268,trottinette,Nantes,ST1027,ST1029,1786595357,2026-08-13 06:55:17,26,4.01,6.72,cb
TR2608130026876,CL103717,EN00492,velo_elec,Lille,ST1037,ST1035,2026-08-13 06:18:13,1786595653,16,4.58,5.0,cb
TR2608130026877,CL997300,EN00416,trottinette,Lille,ST1038,ST1038,2026-08-13 06:29:10,1786596190,14,2.96,4.08,cb
TR2608130026878,CL107946,EN00388,velo_elec,Lille,ST1047,ST1036,2026-08-13 06:22:03,13/08/2026 06:41,19,6.59,5.75,paypal
TR2608130026879,CL103122,EN00078,velo_elec,Lyon,ST1003,ST1018,2026-08-13 06:32:19,2026-08-13 06:38:19,6,1.08,2.5,paypal
TR2608130026880,CL102174,EN00080,trottinette,Lyon,ST1007,ST1002,1786595652,2026-08-13 06:51:12,17,5.06,4.74,paypal
TR2608130026881,CL108429,EN00135,trottinette,Lyon,ST1008,ST1015,13/08/2026 06:43,13/08/2026 06:52,9,1.58,2.98,cb
TR2608130026882,CL103023,EN00093,velo_elec,Lyon,ST1011,ST1003,2026-08-13 06:41:23,2026-08-13 06:55:23,14,2.62,4.5,cb
TR2608130026883,CL104980,EN00181,velo_elec,Lyon,ST1014,ST1001,2026-08-13 06:43:53,2026-08-13 07:15:53,32,5.03,9.0,cb
TR2608130026884,CL108280,EN00186,trottinette,Lyon,ST1014,ST1004,13/08/2026 06:39,2026-08-13 06:52:18,13,4.2,3.86,paypal
TR2608130026885,CL102921,EN00054,trottinette,Lyon,ST1014,ST1008,2026-08-13 06:34:43,2026-08-13 06:50:43,16,4.08,4.52,cb
TR2608130026886,CL103833,EN00021,trottinette,Lyon,ST1015,ST1008,13/08/2026 06:37,2026-08-13 06:44:00,7,1.58,2.54,cb
TR2608130026887,CL102336,EN00172,trottinette,Lyon,ST1016,ST1004,2026-08-13 06:39:38,1786598318,39,12.19,9.58,cb
TR2608130026888,CL101778,EN00303,velo_elec,Nantes,ST1030,ST1021,2026-08-13 06:42:16,2026-08-13 06:50:16,8,2.4,3.0,cb
TR2608130026889,CL100329,EN00295,velo_elec,Nantes,ST1030,ST1020,2026-08-13 06:35:14,2026-08-13 06:46:14,11,3.3,3.75,paypal
TR2608130026890,CL106722,EN00229,trottinette,Nantes,ST1031,ST1028,2026-08-13 06:40:42,2026-08-13 06:57:42,17,5.26,4.74,cb
TR2608130026891,CL101687,EN00302,velo_elec,Nantes,ST1032,ST1027,2026-08-13 06:37:51,2026-08-13 06:48:51,11,1.68,3.75,cb
TR2608130026892,CL101094,EN00410,velo_elec,Lille,ST1037,ST1036,2026-08-13 06:42:13,13/08/2026 06:51,9,2.8,3.25,cb
TR2608130026893,CL102587,EN00397,velo,Lille,ST1039,ST1036,,2026-08-13 07:01:17,16,4.46,3.4,cb
TR2608130026894,CL101558,EN00443,velo_elec,Lille,ST1041,ST1036,2026-08-13 06:44:44,2026-08-13 06:51:44,7,2.04,2.75,cb
TR2608130026895,CL102729,EN00498,trottinette,Lille,ST1046,ST1036,2026-08-13 06:36:00,2026-08-13 06:41:00,5,0.82,2.1,cb
TR2608130026896,CL100159,EN00097,velo_elec,Lyon,ST1004,ST1015,2026-08-13 06:46:30,1786597710,22,4.88,6.5,cb
TR2608130026897,CL108036,EN00121,trottinette,Lyon,ST1015,ST1003,2026-08-13 06:51:49,13/08/2026 07:04,13,4.42,3.86,abonnement
TR2608130026898,CL108754,EN00061,trottinette,Lyon,ST1017,ST1001,2026-08-13 06:50:04,13/08/2026 06:59,9,2.95,2.98,
TR2608130026899,CL105645,EN00300,velo_elec,NANTES,ST1023,ST1020,2026-08-13 06:49:26,2026-08-13 08:04:26,75,14.24,19.75,abonnement
TR2608130026900,CL103152,EN00339,velo_elec,Nantes,ST1029,ST1030,13/08/2026 06:54,2026-08-13 07:01:31,7,1.41,2.75,cb
TR2608130026901,CL101436,EN00352,velo_elec,Nantes,ST1029,ST1022,2026-08-13 06:53:30,2026-08-13 07:07:30,14,3.89,4.5,cb
TR2608130026902,CL105471,EN00230,velo_elec,Nantes,ST1031,ST1030,2026-08-13 06:50:30,2026-08-13 07:03:30,13,4.04,4.25,abonnement
TR2608130026903,CL100233,EN00248,trottinette,Nantes,ST1032,ST1021,2026-08-13 06:46:34,2026-08-13 06:58:34,12,2.02,3.64,cb
TR2608130026904,CL103891,EN00442,trottinette,Lille,ST1038,ST1035,2026-08-13 06:57:35,2026-08-13 07:03:35,6,1.78,2.32,abonnement
TR2608130026905,CL104115,EN00416,trottinette,Lille,ST1038,ST1034,2026-08-13 06:54:11,2026-08-13 07:10:11,16,3.83,4.52,cb
TR2608130026906,CL103208,EN00454,velo,Lille,ST1039,ST1044,2026-08-13 06:53:05,2026-08-13 07:09:05,16,3.65,3.4,
TR2608130026907,CL102184,EN00408,velo_elec,Lille,ST1047,ST1034,2026-08-13 06:58:34,2026-08-13 07:11:34,13,2.97,4.25,abonnement
TR2608130026908,CL100360,EN00415,trottinette,Lille,ST1047,ST1044,2026-08-13 06:55:15,2026-08-13 07:16:15,21,3.49,5.62,abonnement
TR2608130026909,CL100057,EN00026,trottinette,Lyon,ST1003,ST1012,2026-08-13 07:04:35,2026-08-13 07:14:35,10,3.03,3.2,abonnement
TR2608130026910,CL106620,EN00006,trottinette,Lyon,ST1006,ST1004,2026-08-13 07:11:11,2026-08-13 07:30:11,19,4.56,5.18,cb
TR2608130026911,CL107425,EN00004,velo_elec,Lyon,ST1007,ST1001,2026-08-13 07:03:44,2026-08-13 07:12:44,-25,2.69,3.25,paypal
TR2608130026912,CL106047,EN00106,trottinette,Lyon,ST1007,ST1018,2026-08-13 07:07:31,2026-08-13 07:15:31,8,2.42,2.76,abonnement
TR2608130026913,CL100435,EN00021,trottinette,Lyon,ST1008,ST1001,2026-08-13 07:03:22,2026-08-13 07:14:22,11,1.82,3.42,abonnement
TR2608130026914,CL108211,EN00158,velo_elec,Lyon,ST1009,ST1001,2026-08-13 07:02:26,13/08/2026 07:08,6,1.93,2.5,abonnement
TR2608130026915,CL944604,EN00071,velo_elec,Lyon,ST1010,ST1001,2026-08-13 07:01:04,2026-08-13 07:10:04,9,1.48,3.25,abonnement
TR2608130026916,CL101898,EN00194,velo_elec,lyon,ST1011,ST1001,2026-08-13 07:04:52,2026-08-13 07:54:52,50,13.42,13.5,paypal
TR2608130026917,CL108534,EN00206,velo_elec,Lyon,ST1011,ST1003,2026-08-13 07:11:08,1786598288,7,1.57,2.75,cb
TR2608130026918,CL104520,EN00047,velo_elec,Lyon,ST1015,ST1002,1786597992,2026-08-13 07:21:12,8,1.56,3.0,cb
TR2608130026919,CL104387,EN00145,trottinette,Lyon,ST1015,ST1016,2026-08-13 07:14:41,2026-08-13 07:23:41,9,1.89,2.98,cb
TR2608130026920,CL103524,EN00177,velo_elec,Lyon,ST1017,ST1001,2026-08-13 07:15:00,2026-08-13 07:31:00,16,3.17,5.0,cb
TR2608130026921,CL101650,EN00078,velo_elec,Lyon,ST1018,ST1009,2026-08-13 07:10:10,2026-08-13 07:31:10,21,6.77,6.25,paypal
TR2608130026922,CL100543,EN00191,trottinette,Lyon,ST1018,ST1012,2026-08-13 07:10:01,2026-08-13 07:44:01,34,5.98,8.48,abonnement
TR2608130026923,CL106911,EN00321,velo_elec,NANTES,ST1024,ST1022,2026-08-13 07:15:47,2026-08-13 07:27:47,12,2.94,4.0,paypal
TR2608130026924,CL102171,EN00273,velo_elec,Nantes,ST1026,ST1020,2026-08-13 07:07:53,2026-08-13 07:17:53,10,1.74,3.5,cb
TR2608130026925,CL100452,EN00342,velo_elec,Nantes,ST1026,ST1026,2026-08-13 07:05:17,2026-08-13 07:24:17,19,3.88,5.75,abonnement
TR2608130026926,CL105108,EN00235,trottinette,Nantes,ST1026,ST1024,2026-08-13 07:01:14,2026-08-13 07:08:14,7,1.37,2.54,cb
TR2608130026927,CL104342,EN00302,velo_elec,nantes,ST1027,ST1022,2026-08-13 07:07:53,2026-08-13 07:13:53,6,1.39,2.5,abonnement
TR2608130026928,CL103966,EN00229,trottinette,Nantes,ST1028,ST1022,2026-08-13 07:06:15,2026-08-13 07:20:15,14,3.35,4.08,cb
TR2608130026929,CL106154,EN00234,trottinette,Nantes,ST1029,ST1024,2026-08-13 07:13:10,2026-08-13 07:25:10,12,2.64,3.64,cb
TR2608130026930,CL103681,EN00285,trottinette,Nantes,ST1029,ST1022,2026-08-13 07:03:49,13/08/2026 07:29,26,7.95,6.72,paypal
TR2608130026931,CL104449,EN00236,velo_elec,Nantes,ST1030,ST1021,2026-08-13 07:07:27,2026-08-13 07:19:27,12,3.97,4.0,paypal
TR2608130026932,CL105089,EN00361,trottinette,Lille,ST1035,ST1036,2026-08-13 07:04:22,2026-08-13 07:24:22,20,3.74,5.4,cb
TR2608130026933,CL105537,EN00475,trottinette,Lille,ST1037,ST1035,2026-08-13 07:14:35,2026-08-13 07:21:35,7,1.2,2.54,abonnement
TR2608130026934,CL100313,EN00450,trottinette,Lille,ST1038,ST1034,1786597364,2026-08-13 07:07:44,5,1.66,2.1,abonnement
TR2608130026935,CL102198,EN00490,velo,Lille,ST1038,ST1037,13/08/2026 07:04,2026-08-13 07:19:21,15,3.48,3.25,cb
TR2608130026936,CL103433,EN00429,velo,Lille,ST1038,ST1035,2026-08-13 07:06:59,13/08/2026 07:23,17,2.89,3.55,cb
TR2608130026937,CL100714,EN00395,trottinette,Lille,ST1040,ST1036,2026-08-13 07:02:23,2026-08-13 07:20:23,18,4.64,4.96,abonnement
TR2608130026938,CL101861,EN00375,trottinette,Lille,ST1041,ST1034,2026-08-13 07:09:25,2026-08-13 07:18:25,9,2.4,2.98,cb
TR2608130026939,CL103250,EN00495,trottinette,Lille,ST1041,ST1035,2026-08-13 07:08:55,1786598995,21,4.31,5.62,abonnement
TR2608130026940,CL103204,EN00468,trottinette,Lille,ST1042,ST1044,13/08/2026 07:12,1786598446,8,2.49,2.76,abonnement
TR2608130026941,CL107615,EN00423,velo_elec,Lille,ST1045,ST1035,,2026-08-13 07:22:12,17,3.61,5.25,abonnement
TR2608130026942,CL107476,EN00513,velo_elec,Grenoble,ST1050,ST1058,1786597845,2026-08-13 07:23:45,13,3.22,4.25,cb
TR2608130026943,CL103489,EN00539,velo_elec,Grenoble,ST1050,ST1048,2026-08-13 07:02:29,1786597949,10,1.88,3.5,cb
TR2608130026944,CL104530,EN00533,velo_elec,Grenoble,ST1051,ST1048,2026-08-13 07:03:12,2026-08-13 07:11:12,8,1.92,3.0,paypal
TR2608130026945,CL106735,EN00563,trottinette,Grenoble,ST1053,ST1051,2026-08-13 07:03:33,2026-08-13 07:16:33,13,3.42,3.86,cb
TR2608130026946,CL102415,EN00586,velo,Grenoble,ST1053,ST1049,2026-08-13 07:06:51,2026-08-13 07:21:51,15,4.67,3.25,abonnement
TR2608130026947,CL101140,EN00518,trottinette,Grenoble,ST1054,ST1048,2026-08-13 07:05:26,2026-08-13 07:15:26,10,3.24,3.2,abonnement
TR2608130026948,CL107990,EN00536,velo_elec,grenoble,ST1058,ST1049,2026-08-13 07:05:56,2026-08-13 07:28:56,23,5.86,6.75,cb
TR2608130026949,CL106237,EN00061,trottinette,Lyon,ST1001,ST1018,2026-08-13 07:25:17,2026-08-13 07:33:17,8,2.33,2.76,paypal
TR2608130026950,CL104518,EN00014,velo_elec,Lyon,ST1004,ST1013,2026-08-13 07:20:02,2026-08-13 07:26:02,6,0.95,2.5,cb
TR2608130026951,CL102339,EN00068,velo_elec,Lyon,ST1009,ST1001,2026-08-13 07:27:45,2026-08-13 07:36:45,9,1.8,3.25,cb
TR2608130026952,CL100945,EN00189,trottinette,Lyon,ST1013,ST1004,2026-08-13 07:24:31,2026-08-13 07:36:31,12,3.57,3.64,paypal
TR2608130026953,CL101402,EN00029,velo_elec,Lyon,ST1013,ST1012,2026-08-13 07:29:07,2026-08-13 07:37:07,8,1.43,3.0,cb
TR2608130026954,CL103454,EN00079,velo_elec,Lyon,ST1014,ST1004,2026-08-13 07:29:15,2026-08-13 07:38:15,9,1.66,3.25,paypal
TR2608130026955,CL104618,EN00097,velo_elec,Lyon,ST1015,ST1004,2026-08-13 07:26:46,13/08/2026 07:42,16,2.91,5.0,
TR2608130026956,CL105163,EN00205,trottinette,Lyon,ST1017,ST1014,13/08/2026 07:26,2026-08-13 07:45:03,19,6.03,5.18,cb
TR2608130026957,CL106986,EN00252,velo_elec,Nantes,ST1020,ST1027,2026-08-13 07:23:16,2026-08-13 07:30:16,7,1.27,2.75,abonnement
TR2608130026958,CL103708,EN00353,velo,Nantes,ST1027,ST1020,2026-08-13 07:24:14,2026-08-13 07:32:14,8,2.02,2.2,abonnement
TR2608130026959,CL108612,EN00327,velo_elec,NANTES,ST1029,ST1025,2026-08-13 07:16:28,2026-08-13 07:25:28,9,1.66,3.25,cb
TR2608130026960,CL106052,EN00230,velo_elec,Nantes,ST1030,ST1028,2026-08-13 07:24:43,2026-08-13 07:41:43,17,5.1,5.25,cb
TR2608130026961,CL105682,EN00297,trottinette,Nantes,ST1031,ST1021,13/08/2026 07:18,2026-08-13 07:25:53,7,2.37,2.54,cb
TR2608130026962,CL100734,EN00286,velo_elec,Nantes,ST1031,ST1021,13/08/2026 07:31,13/08/2026 07:46,15,2.68,4.75,cb
TR2608130026963,CL103807,EN00292,velo_elec,Nantes,ST1032,ST1020,13/08/2026 07:20,2026-08-13 07:28:48,8,2.69,3.0,cb
TR2608130026964,CL103900,EN00266,velo_elec,nantes,ST1032,ST1025,2026-08-13 07:17:07,2026-08-13 07:25:07,8,2.8,3.0,cb
TR2608130026965,CL107434,EN00367,velo,Lille,ST1037,ST1034,2026-08-13 07:28:08,2026-08-13 07:39:08,11,3.31,2.65,cb
TR2608130026966,CL104415,EN00431,velo,Lille,ST1037,ST1034,2026-08-13 07:23:43,2026-08-13 07:51:43,28,8.67,5.2,cb
TR2608130026967,CL100704,EN00371,velo,Lille,ST1038,ST1043,13/08/2026 07:21,2026-08-13 07:34:36,13,2.51,2.95,paypal
TR2608130026968,CL106472,EN00481,velo_elec, Lille,ST1040,ST1036,2026-08-13 07:20:55,2026-08-13 07:37:55,17,5.24,5.25,abonnement
TR2608130026969,CL105190,EN00389,trottinette,Lille,ST1041,ST1045,13/08/2026 07:25,2026-08-13 07:33:01,8,2.21,2.76,abonnement
TR2608130026970,CL101407,EN00489,trottinette,Lille,ST1042,ST1036,2026-08-13 07:21:51,2026-08-13 07:31:51,10,1.62,3.2,cb
TR2608130026971,CL102548,EN00392,velo_elec,Lille,ST1042,ST1034,13/08/2026 07:20,2026-08-13 07:38:24,18,4.67,5.5,paypal
TR2608130026972,CL107291,EN00455,velo_elec,Lille,ST1043,ST1034,2026-08-13 07:29:23,2026-08-13 07:43:23,14,2.73,4.5,cb
TR2608130026973,CL106971,EN00383,trottinette,Lille,ST1045,ST1043,2026-08-13 07:25:03,13/08/2026 07:50,25,7.41,6.5,abonnement
TR2608130026974,CL103392,EN00428,velo_elec,Lille,ST1046,ST1035,2026-08-13 07:29:43,2026-08-13 07:35:43,6,1.06,2.5,cb
TR2608130026975,CL103739,EN00488,velo_elec,Lille,ST1047,ST1034,2026-08-13 07:20:59,2026-08-13 07:36:59,16,5.55,5.0,cb
TR2608130026976,CL108427,EN00379,velo_elec,Lille,ST1047,ST1047,2026-08-13 07:30:13,2026-08-13 07:38:13,8,1.32,3.0,cb
TR2608130026977,CL106747,EN00531,trottinette,Grenoble,ST1048,ST1053,1786598571,2026-08-13 07:34:51,12,3.27,3.64,abonnement
TR2608130026978,CL103397,EN00599,trottinette,Grenoble,ST1050,ST1056,2026-08-13 07:17:22,2026-08-13 07:26:22,9,2.71,2.98,paypal
TR2608130026979,CL103370,EN00546,trottinette,grenoble,ST1054,ST1048,2026-08-13 07:18:03,13/08/2026 07:31,13,3.96,3.86,cb
TR2608130026980,CL102940,EN00541,velo_elec,Grenoble,ST1058,ST1049,2026-08-13 07:24:51,1786599651,16,3.38,5.0,paypal
TR2608130026981,CL104804,EN00512,velo_elec,Grenoble,ST1058,ST1048,2026-08-13 07:20:28,2026-08-13 07:28:28,8,2.76,3.0,paypal
TR2608130026982,CL106499,EN00565,trottinette,Grenoble,ST1058,ST1051,,2026-08-13 07:35:10,13,2.98,3.86,cb
TR2608130026983,CL101387,EN00213,trottinette,Lyon,ST1001,ST1015,2026-08-13 07:42:38,2026-08-13 07:48:38,6,2.08,2.32,cb
TR2608130026984,CL101928,EN00124,velo_elec,Lyon,ST1010,ST1001,2026-08-13 07:35:40,2026-08-13 07:55:40,20,4.11,6.0,abonnement
TR2608130026985,CL105059,EN00138,velo_elec,Lyon,ST1013,ST1001,2026-08-13 07:31:53,2026-08-13 07:36:53,5,0.76,2.25,abonnement
TR2608130026986,CL106452,EN00039,velo_elec,Lyon,ST1014,ST1001,2026-08-13 07:39:40,2026-08-13 08:08:40,29,9.2,8.25,cb
TR2608130026987,CL104604,EN00094,velo_elec,Lyon,ST1014,ST1011,2026-08-13 07:35:10,2026-08-13 07:43:10,8,1.25,3.0,cb
TR2608130026988,CL101650,EN00033,trottinette,Lyon,ST1014,ST1003,2026-08-13 07:32:43,2026-08-13 08:03:43,31,7.88,7.82,cb
TR2608130026989,CL104176,EN00104,trottinette,Lyon,ST1018,ST1003,2026-08-13 07:35:44,,20,3.71,5.4,abonnement
TR2608130026990,CL106905,EN00303,velo_elec,Nantes,ST1021,ST1033,2026-08-13 07:40:46,2026-08-13 07:50:46,10,3.16,3.5,cb
TR2608130026991,CL102998,EN00284,trottinette,Nantes,ST1024,ST1020,2026-08-13 07:45:00,13/08/2026 07:59,14,4.15,4.08,abonnement
TR2608130026992,CL106243,EN00354,velo_elec,Nantes,ST1025,ST1022,2026-08-13 07:43:14,13/08/2026 08:25,42,7.38,11.5,abonnement
TR2608130026993,CL101745,EN00318,velo_elec,Nantes,ST1025,ST1022,2026-08-13 07:39:05,2026-08-13 07:48:05,9,2.72,3.25,cb
TR2608130026994,CL105223,EN00246,trottinette,Nantes,ST1026,ST1024,2026-08-13 07:36:25,1786599745,6,1.57,2.32,cb
TR2608130026995,CL105116,EN00252,velo_elec,Nantes,ST1027,ST1023,1786599615,1786599975,6,1.07,2.5,paypal
TR2608130026996,CL102536,EN00331,velo,Nantes,ST1027,ST1021,2026-08-13 07:40:37,2026-08-13 07:49:37,9,2.38,2.35,cb
TR2608130026997,CL107533,EN00261,trottinette,Nantes,ST1028,ST1022,2026-08-13 07:43:01,2026-08-13 07:55:01,12,2.13,3.64,cb
TR2608130026998,CL100717,EN00244,trottinette,Nantes,ST1029,ST1020,2026-08-13 07:40:14,2026-08-13 07:48:14,8,1.97,2.76,paypal
TR2608130026999,CL101665,EN00262,velo,Nantes,ST1029,ST1022,2026-08-13 07:36:21,2026-08-13 07:41:21,5,1.03,1.75,cb
TR2608130027000,CL107873,EN00293,velo_elec,Nante,ST1031,ST1020,2026-08-13 07:45:27,2026-08-13 08:06:27,21,3.29,6.25,abonnement
TR2608130027001,CL102538,EN00314,trottinette,Nantes,ST1033,ST1022,2026-08-13 07:34:40,2026-08-13 07:41:40,7,1.37,2.54,cb
TR2608130027002,CL100634,EN00388,velo_elec,Lille,ST1036,ST1047,2026-08-13 07:37:30,2026-08-13 07:44:30,7,1.46,2.75,cb
TR2608130027003,CL103743,EN00490,velo,Lille,ST1037,ST1034,2026-08-13 07:32:42,2026-08-13 07:45:42,13,3.94,2.95,paypal
TR2608130027004,CL107946,EN00483,trottinette,Lille,ST1042,ST1045,2026-08-13 07:37:23,2026-08-13 07:52:23,15,4.0,4.3,cb
TR2608130027005,CL105748,EN00453,trottinette,Lille,ST1045,ST1034,2026-08-13 07:42:29,2026-08-13 07:54:29,12,2.51,3.64,cb
TR2608130027006,CL104698,EN00479,trottinette,Lille,ST1046,ST1035,2026-08-13 07:38:13,2026-08-13 07:52:13,14,3.49,4.08,abonnement
TR2608130027007,CL101834,EN00365,velo_elec, Lille,ST1046,ST1036,2026-08-13 07:35:14,2026-08-13 07:41:14,6,1.32,2.5,paypal
TR2608130027008,CL102912,EN00526,velo_elec,Grenoble,ST1051,ST1049,2026-08-13 07:32:49,2026-08-13 07:46:49,14,4.28,4.5,cb
TR2608130027009,CL101099,EN00588,velo_elec,Grenoble,ST1054,ST1048,2026-08-13 07:33:38,2026-08-13 07:47:38,14,4.39,4.5,paypal
TR2608130027010,CL102708,EN00503,trottinette,grenoble,ST1056,ST1058,2026-08-13 07:35:33,2026-08-13 07:42:33,7,1.46,2.54,cb
TR2608130027011,CL106569,EN00190,trottinette,Lyon,ST1003,ST1006,2026-08-13 07:53:18,2026-08-13 08:07:18,6916,2.55,4.08,abonnement
TR2608130027012,CL102803,EN00006,trottinette,Lyon,ST1004,ST1019,2026-08-13 08:00:11,2026-08-13 08:11:11,11,1.85,3.42,paypal
TR2608130027013,CL106329,EN00195,velo_elec,Lyon,ST1005,ST1004,2026-08-13 07:51:18,2026-08-13 08:01:18,10,2.75,3.5,cb
TR2608130027014,CL102303,EN00144,trottinette,Lyon,ST1007,ST1001,2026-08-13 07:48:45,2026-08-13 07:54:45,6,1.28,2.32,
TR2608130027015,CL101789,EN00020,velo_elec,Lyon,ST1007,ST1001,,2026-08-13 07:55:17,7,1.89,2.75,paypal
TR2608130027016,CL107287,EN00010,trottinette,Lyon ,ST1011,ST1002,2026-08-13 07:58:37,2026-08-13 08:05:37,7,1.9,2.54,cb
TR2608130027017,CL103104,EN00014,velo_elec,Lyon,ST1013,ST1002,2026-08-13 07:55:55,2026-08-13 08:10:55,15,4.27,4.75,abonnement
TR2608130027018,CL104272,EN00031,velo_elec,Lyon,ST1017,ST1001,2026-08-13 07:50:51,2026-08-13 08:00:51,10,2.49,3.5,cb
TR2608130027019,CL108073,EN00061,trottinette,Lyon,ST1018,ST1018,2026-08-13 07:58:11,2026-08-13 08:28:11,30,8.5,7.6,cb
TR2608130027020,CL103549,EN00106,trottinette,Lyon,ST1018,ST1001,2026-08-13 07:55:44,2026-08-13 08:23:44,28,7.47,7.16,abonnement
TR2608130027021,CL104161,EN00316,velo_elec,Nantes,ST1020,ST1031,2026-08-13 07:52:47,2026-08-13 07:55:47,3,1.0,1.75,cb
TR2608130027022,CL103773,EN00257,trottinette,Nantes,ST1021,ST1025,2026-08-13 07:45:34,2026-08-13 07:50:34,5,1.25,2.1,abonnement
TR2608130027023,CL102826,EN00252,velo_elec,Nantes,ST1023,ST1026,2026-08-13 07:54:00,2026-08-13 08:05:00,11,2.12,3.75,abonnement
TR2608130027024,CL101508,EN00246,trottinette,Nantes,ST1024,ST1031,,2026-08-13 08:09:06,20,5.59,5.4,cb
TR2608130027025,CL104536,EN00233,velo_elec,Nantes,ST1025,ST1020,1786600075,2026-08-13 08:12:55,25,4.32,,paypal
TR2608130027026,CL106758,EN00304,velo_elec,Nantes,ST1025,ST1020,2026-08-13 07:54:37,2026-08-13 08:04:37,10,3.25,3.5,cb
TR2608130027027,CL108303,EN00265,trottinette,Nantes,ST1025,ST1023,1786600738,2026-08-13 08:11:58,13,4.36,3.86,paypal
TR2608130027028,CL102153,EN00341,velo_elec,Nante,ST1025,ST1021,2026-08-13 07:53:27,2026-08-13 08:01:27,8,1.54,3.0,cb
TR2608130027029,CL108466,EN00294,velo_elec,Nantes,ST1025,ST1027,2026-08-13 07:49:35,13/08/2026 07:54,5,1.54,2.25,abonnement
TR2608130027030,CL102536,EN00307,trottinette,Nante,ST1026,ST1020,2026-08-13 07:46:20,2026-08-13 08:01:20,15,5.05,4.3,abonnement
TR2608130027031,CL100919,EN00349,velo_elec,Nantes,ST1028,ST1021,2026-08-13 07:47:40,2026-08-13 07:56:40,9,2.82,3.25,cb
TR2608130027032,CL102138,EN00425,velo_elec,Lille,ST1040,ST1035,13/08/2026 08:00,2026-08-13 08:13:37,13,2.83,4.25,cb
TR2608130027033,CL101426,EN00452,velo,Lille,ST1041,ST1037,13/08/2026 07:46,1786600672,11,2.65,2.65,paypal
TR2608130027034,CL104469,EN00433,velo,Lille,ST1041,ST1035,13/08/2026 07:49,2026-08-13 07:54:39,5,1.0,1.75,cb
TR2608130027035,CL108640,EN00399,trottinette,Lille,ST1043,ST1040,2026-08-13 07:52:42,2026-08-13 08:03:42,11,3.8,3.42,cb
TR2608130027036,CL108278,EN00426,trottinette,Lille,ST1044,ST1043,2026-08-13 08:00:01,2026-08-13 08:12:01,12,3.42,3.64,
TR2608130027037,CL104333,EN00457,velo,Lille,ST1045,ST1034,2026-08-13 07:51:41,2026-08-13 07:58:41,7,1.98,2.05,abonnement
TR2608130027038,CL107071,EN00402,trottinette,Lille,ST1046,ST1036,2026-08-13 07:53:07,2026-08-13 07:59:07,6,2.07,2.32,cb
TR2608130027039,CL104843,EN00432,velo,Lille,ST1046,ST1036,2026-08-13 07:55:24,2026-08-13 08:15:24,20,4.14,4.0,cb
TR2608130027040,CL108557,EN00388,velo_elec,Lille,ST1047,ST1039,2026-08-13 07:47:27,2026-08-13 08:04:27,17,3.23,5.25,cb
TR2608130027041,CL102169,EN00578,velo_elec,Grenoble,ST1050,ST1048,1786599977,2026-08-13 07:53:17,7,2.39,2.75,paypal
TR2608130027042,CL104379,EN00566,trottinette,grenoble,ST1052,ST1049,2026-08-13 07:55:51,2026-08-13 08:20:51,25,4.19,6.5,cb
TR2608130027043,CL108602,EN00597,trottinette,Grenoble,ST1052,ST1051,2026-08-13 07:52:50,2026-08-13 07:59:50,7,2.3,2.54,paypal
TR2608130027044,CL100829,EN00504,trottinette,Grenoble,ST1056,ST1049,2026-08-13 07:48:57,2026-08-13 08:01:57,13,3.99,3.86,paypal
TR2608130027045,CL105662,EN00559,trottinette,Grenoble,ST1056,ST1048,2026-08-13 07:58:20,2026-08-13 08:21:20,23,6.01,6.06,abonnement
TR2608130027046,CL101669,EN00035,velo_elec,Lyon,ST1005,ST1001,2026-08-13 08:10:17,2026-08-13 08:20:17,10,1.86,3.5,abonnement
TR2608130027047,CL100656,EN00002,velo_elec,Lyon,ST1007,ST1004,2026-08-13 08:06:26,2026-08-13 08:13:26,7,1.68,2.75,cb
TR2608130027048,CL101483,EN00151,trottinette,Lyon,ST1008,ST1004,13/08/2026 08:05,2026-08-13 08:28:32,23,4.98,6.06,cb
TR2608130027049,CL103740,EN00078,velo_elec,Lyon,ST1009,ST1003,2026-08-13 08:04:08,2026-08-13 08:32:08,28,5.31,8.0,cb
TR2608130027050,CL107341,EN00202,trottinette,Lyon,ST1009,ST1002,13/08/2026 08:12,2026-08-13 08:23:30,11,2.7,3.42,abonnement
TR2608130027051,CL107612,EN00029,velo_elec,Lyon,ST1012,ST1004,2026-08-13 08:07:23,1786602023,13,3.69,4.25,abonnement
TR2608130027052,CL107913,EN00220,velo_elec,Lyon,ST1013,ST1004,2026-08-13 08:04:48,2026-08-13 08:47:48,43,10.82,11.75,abonnement
TR2608130027053,CL104583,EN00084,velo_elec,Lyon,ST1013,ST1004,2026-08-13 08:05:21,2026-08-13 08:11:21,6,2.07,2.5,abonnement
TR2608130027054,CL100024,EN00055,trottinette,Lyon,ST1015,ST1016,13/08/2026 08:09,2026-08-13 08:32:48,23,4.24,6.06,
TR2608130027055,CL108312,EN00213,trottinette,Lyon,ST1015,ST1015,13/08/2026 08:10,2026-08-13 08:18:53,8,2.78,2.76,abonnement
TR2608130027056,CL105462,EN00058,velo_elec,Lyonn,ST1016,ST1002,2026-08-13 08:05:26,13/08/2026 08:20,15,4.99,4.75,cb
TR2608130027057,CL106258,EN00197,velo_elec,Lyon,ST1016,ST1011,13/08/2026 08:11,13/08/2026 08:21,10,3.48,3.5,cb
TR2608130027058,CL105533,EN00083,velo_elec,Lyon,ST1019,ST1004,2026-08-13 08:15:04,2026-08-13 08:33:04,18,5.99,5.5,paypal
TR2608130027059,CL105755,EN00165,trottinette,Lyon,ST1019,ST1005,13/08/2026 08:04,2026-08-13 08:13:08,9,2.95,2.98,cb
TR2608130027060,CL103525,EN00289,trottinette,nantes,ST1022,ST1029,2026-08-13 08:03:48,2026-08-13 08:21:48,18,3.29,4.96,cb
TR2608130027061,CL108223,EN00257,trottinette,Nantes,ST1025,ST1021,2026-08-13 08:05:51,13/08/2026 08:27,22,7.28,5.84,paypal
TR2608130027062,CL106043,EN00294,velo_elec,Nantes,ST1027,ST1033,2026-08-13 08:03:03,13/08/2026 08:09,6,1.15,2.5,cb
TR2608130027063,CL106507,EN00230,velo_elec,Nantes,ST1028,ST1032,13/08/2026 08:13,2026-08-13 08:22:58,9,2.04,3.25,cb
TR2608130027064,CL107869,EN00339,velo_elec,Nantes,ST1030,ST1022,2026-08-13 08:12:08,2026-08-13 08:21:08,9,2.43,3.25,abonnement
TR2608130027065,CL104420,EN00316,velo_elec,Nantes,ST1031,ST1026,2026-08-13 08:15:17,13/08/2026 08:26,11,3.44,3.75,abonnement
TR2608130027066,CL103085,EN00303,velo_elec,Nantes,ST1033,ST1020,2026-08-13 08:10:58,2026-08-13 08:19:58,9,2.84,3.25,paypal
TR2608130027067,CL108690,EN00328,velo_elec,Nantes,ST1033,ST1022,2026-08-13 08:14:16,2026-08-13 08:27:16,13,3.02,4.25,cb
TR2608130027068,CL101708,EN00363,velo_elec,Lille,ST1034,ST1037,13/08/2026 08:09,2026-08-13 08:48:48,39,13.07,10.75,cb
TR2608130027069,CL104435,EN00496,velo_elec,Lille,ST1040,ST1038,2026-08-13 08:14:58,2026-08-13 08:51:58,37,11.3,10.25,cb
TR2608130027070,CL103806,EN00441,velo_elec,Lille,ST1042,ST1045,13/08/2026 08:06,2026-08-13 08:15:41,9,2.56,3.25,cb
TR2608130027071,CL104119,EN00446,trottinette, Lille,ST1042,ST1040,2026-08-13 08:13:00,2026-08-13 08:30:00,17,3.21,4.74,abonnement
TR2608130027072,CL107410,EN00386,trottinette,LILLE,ST1042,ST1035,2026-08-13 08:15:22,2026-08-13 08:33:22,18,5.34,4.96,cb
TR2608130027073,CL102781,EN00396,velo_elec,Lille,ST1043,ST1036,2026-08-13 08:04:00,2026-08-13 08:13:00,9,2.07,3.25,cb
TR2608130027074,CL102764,EN00458,velo,Lille,ST1045,ST1044,1786600913,2026-08-13 08:17:53,16,4.92,3.4,abonnement
TR2608130027075,CL100023,EN00398,velo,Lille,ST1045,ST1036,2026-08-13 08:08:05,2026-08-13 08:17:05,9,1.98,2.35,cb
TR2608130027076,CL102257,EN00447,velo,Lille,ST1046,ST1038,2026-08-13 08:16:03,2026-08-13 08:34:03,18,3.58,3.7,cb
TR2608130027077,CL104365,EN00448,velo,Lille,ST1046,ST1036,2026-08-13 08:04:55,2026-08-13 08:17:55,13,3.74,2.95,cb
TR2608130027078,CL104333,EN00379,velo_elec,Lille,ST1047,ST1035,2026-08-13 08:15:43,2026-08-13 08:45:43,30,5.07,8.5,cb
TR2608130027079,CL106629,EN00445,velo_elec,Lille,ST1047,ST1041,2026-08-13 08:09:27,13/08/2026 08:13,4,0.99,2.0,cb
TR2608130027080,CL104585,EN00560,velo_elec,Grenoble,ST1050,ST1051,2026-08-13 08:06:41,2026-08-13 08:34:41,28,5.43,8.0,abonnement
TR2608130027081,CL106337,EN00597,trottinette,Grenoble,ST1051,ST1048,2026-08-13 08:07:47,,24,5.55,6.28,cb
TR2608130027082,CL102824,EN00531,trottinette,Grenoble,ST1053,ST1049,2026-08-13 08:04:25,2026-08-13 08:13:25,9,2.76,2.98,cb
TR2608130027083,CL100930,EN00561,velo_elec,Grenoble,ST1054,ST1048,1786601349,2026-08-13 08:25:09,16,5.13,5.0,cb
TR2608130027084,CL105703,EN00506,trottinette,Grenoble,ST1055,ST1049,2026-08-13 08:05:13,,15,5.21,4.3,cb
TR2608130027085,CL108987,EN00513,velo_elec,Grenoble,ST1058,ST1052,2026-08-13 08:06:46,2026-08-13 08:45:46,39,6.79,10.75,cb
TR2608130027086,CL101026,EN00596,velo_elec,GRENOBLE,ST1058,ST1048,2026-08-13 08:13:53,2026-08-13 08:35:53,22,5.24,6.5,cb
TR2608130027087,CL108712,EN00503,trottinette,Grenoble,ST1058,ST1048,2026-08-13 08:03:01,13/08/2026 08:40,37,8.27,9.14,abonnement
TR2608130027088,CL105838,EN00008,trottinette,Lyon,ST1007,ST1004,2026-08-13 08:18:05,1786603145,21,7.03,5.62,cb
TR2608130027089,CL100212,EN00160,velo_elec,Lyon,ST1009,ST1014,2026-08-13 08:23:20,2026-08-13 08:33:20,10,2.13,3.5,cb
TR2608130027090,CL100097,EN00013,velo_elec,Lyonn,ST1009,ST1004,1786602563,2026-08-13 08:47:23,18,4.19,5.5,abonnement
TR2608130027091,CL107774,EN00157,velo_elec,Lyon,ST1009,ST1001,1786601920,13/08/2026 08:35,17,4.81,5.25,abonnement
TR2608130027092,CL101996,EN00094,velo_elec,Lyon,ST1011,ST1010,2026-08-13 08:20:15,2026-08-13 08:42:15,22,6.74,6.5,abonnement
TR2608130027093,CL104520,EN00019,trottinette,Lyon,ST1011,ST1001,2026-08-13 08:30:29,2026-08-13 08:38:29,8,1.37,2.76,cb
TR2608130027094,CL104598,EN00026,trottinette,Lyon,ST1012,ST1001,2026-08-13 08:17:24,2026-08-13 08:28:24,11,1.92,3.42,abonnement
TR2608130027095,CL104909,EN00216,velo_elec,Lyon,ST1012,ST1002,2026-08-13 08:23:17,2026-08-13 08:37:17,14,2.7,4.5,cb
TR2608130027096,CL936718,EN00113,velo_elec,Lyon,ST1012,ST1004,2026-08-13 08:17:30,2026-08-13 08:26:30,9,2.37,3.25,cb
TR2608130027097,CL103822,EN00117,trottinette,lyon,ST1012,ST1004,2026-08-13 08:22:24,2026-08-13 08:34:24,12,3.18,3.64,cb
TR2608130027098,CL102216,EN00062,trottinette,Lyon,ST1012,ST1001,2026-08-13 08:19:04,2026-08-13 08:34:04,15,3.39,4.3,abonnement
TR2608130027099,CL100882,EN00153,velo_elec,Lyon,ST1013,ST1004,2026-08-13 08:19:28,2026-08-13 08:57:28,38,6.06,10.5,cb
TR2608130027100,CL107885,EN00069,trottinette,Lyon,ST1014,ST1004,2026-08-13 08:20:49,2026-08-13 08:34:49,14,4.73,4.08,cb
TR2608130027101,CL107712,EN00011,velo_elec,Lyon,ST1014,ST1018,2026-08-13 08:30:07,2026-08-13 08:40:07,10,3.42,3.5,cb
TR2608130027102,CL103507,EN00135,trottinette,Lyon,ST1015,ST1002,2026-08-13 08:26:02,2026-08-13 08:33:02,7,1.27,2.54,paypal
TR2608130027103,CL103782,EN00103,trottinette,Lyon,ST1016,ST1007,2026-08-13 08:20:02,2026-08-13 08:45:02,25,7.08,6.5,cb
TR2608130027104,CL106972,EN00187,velo_elec,Lyon,ST1016,ST1005,2026-08-13 08:26:05,2026-08-13 08:40:05,14,4.33,4.5,cb
TR2608130027105,CL107257,EN00091,velo_elec,Lyon,ST1017,ST1003,2026-08-13 08:19:42,2026-08-13 08:26:42,7,1.79,2.75,cb
TR2608130027106,CL102646,EN00006,trottinette,Lyon,ST1019,ST1001,13/08/2026 08:25,2026-08-13 08:32:40,7,1.05,2.54,cb
TR2608130027107,CL100098,EN00162,velo_elec,lyon,ST1019,ST1002,2026-08-13 08:23:34,13/08/2026 08:53,30,10.35,8.5,paypal
TR2608130027108,CL105836,EN00297,trottinette,Nantes,ST1021,ST1023,2026-08-13 08:17:03,2026-08-13 08:20:03,3,0.63,1.66,cb
TR2608130027109,CL100933,EN00314,trottinette,Nantes,ST1022,ST1031,13/08/2026 08:21,2026-08-13 08:35:57,14,2.82,4.08,cb
TR2608130027110,CL104683,EN00265,trottinette,Nantes,ST1023,ST1030,13/08/2026 08:26,2026-08-13 08:52:05,26,4.96,6.72,cb
TR2608130027111,CL102939,EN00221,velo_elec,Nantes,ST1024,ST1021,2026-08-13 08:27:59,2026-08-13 08:41:59,14,3.08,4.5,cb
TR2608130027112,CL105489,EN00226,velo_elec,nantes,ST1024,ST1021,2026-08-13 08:16:18,2026-08-13 08:48:18,32,7.37,9.0,paypal
TR2608130027113,CL102008,EN00266,velo_elec,Nante,ST1025,ST1021,2026-08-13 08:23:54,2026-08-13 08:27:54,4,0.87,2.0,cb
TR2608130027114,CL102661,EN00280,trottinette,Nantes,ST1025,ST1020,2026-08-13 08:23:22,2026-08-13 08:34:22,11,2.85,3.42,abonnement
TR2608130027115,CL106434,EN00269,velo_elec,Nantes,ST1028,ST1022,13/08/2026 08:24,1786604129,31,8.65,8.75,cb
TR2608130027116,CL105297,EN00357,trottinette,Nantes,ST1030,ST1022,2026-08-13 08:29:51,13/08/2026 08:43,14,2.17,4.08,abonnement
TR2608130027117,CL102671,EN00351,trottinette,Nantes,ST1031,ST1021,13/08/2026 08:20,2026-08-13 08:28:35,8,2.2,2.76,cb
TR2608130027118,CL107193,EN00246,trottinette,Nantes,ST1031,ST1030,2026-08-13 08:27:09,2026-08-13 08:38:09,11,2.95,3.42,cb
TR2608130027119,CL101229,EN00270,velo_elec,Nantes,ST1033,ST1029,2026-08-13 08:17:59,2026-08-13 08:41:59,24,6.55,7.0,paypal
TR2608130027120,CL101217,EN00485,trottinette,Lille,ST1034,ST1036,2026-08-13 08:21:20,2026-08-13 08:29:20,8,1.27,2.76,cb
TR2608130027121,CL105536,EN00452,velo,Lille,ST1037,ST1041,2026-08-13 08:21:37,2026-08-13 08:35:37,14,3.12,3.1,paypal
TR2608130027122,CL108027,EN00426,trottinette, Lille,ST1043,ST1036,2026-08-13 08:30:23,2026-08-13 08:46:23,16,5.18,4.52,paypal
TR2608130027123,CL103771,EN00420,trottinette,Lille,ST1047,ST1034,2026-08-13 08:26:04,2026-08-13 08:43:04,17,2.64,4.74,cb
TR2608130027124,CL106703,EN00376,velo,Lille,ST1047,ST1036,2026-08-13 08:27:55,,5,1.36,1.75,cb
TR2608130027125,CL102350,EN00592,velo_elec,grenoble,ST1050,ST1048,1786602615,2026-08-13 08:54:15,24,4.65,7.0,cb
TR2608130027126,CL102013,EN00579,trottinette,Grenoble,ST1051,ST1048,2026-08-13 08:19:20,2026-08-13 08:22:20,3,0.65,1.66,paypal
TR2608130027127,CL100689,EN00565,trottinette,Grenoble,ST1051,ST1048,2026-08-13 08:16:16,2026-08-13 08:23:16,7,2.42,2.54,cb
TR2608130027128,CL107818,EN00537,velo_elec,Grenoble,ST1052,ST1049,2026-08-13 08:24:37,2026-08-13 09:05:37,41,8.43,11.25,abonnement
TR2608130027129,CL103700,EN00570,trottinette,Grenoble,ST1052,ST1049,2026-08-13 08:20:51,1786602651,10,1.51,3.2,cb
TR2608130027130,CL106155,EN00534,trottinette,Grenoble,ST1057,ST1049,13/08/2026 08:29,2026-08-13 08:38:21,9,3.15,2.98,cb
TR2608130027131,CL101281,EN00554,velo_elec,Grenoble,ST1058,ST1052,,2026-08-13 08:32:39,9,2.84,3.25,abonnement
TR2608130027132,CL107370,EN00142,velo_elec,Lyon,ST1002,ST1016,13/08/2026 08:43,2026-08-13 08:53:32,10,2.36,3.5,cb
TR2608130027133,CL107369,EN00165,trottinette,Lyon ,ST1005,ST1004,2026-08-13 08:41:48,2026-08-13 09:07:48,26,7.75,6.72,cb
TR2608130027134,CL104583,EN00190,trottinette,Lyon,ST1006,ST1014,1786602709,2026-08-13 08:53:49,22,6.66,5.84,cb
TR2608130027135,CL100989,EN00164,trottinette,Lyon,ST1009,ST1002,2026-08-13 08:43:04,2026-08-13 09:48:04,65,19.68,15.3,paypal
TR2608130027136,CL101324,EN00051,velo,Lyon,ST1010,ST1005,2026-08-13 08:40:11,2026-08-13 08:54:11,14,4.53,3.1,abonnement
TR2608130027137,CL108765,EN00197,velo_elec,Lyon,ST1011,ST1001,2026-08-13 08:30:54,2026-08-13 08:39:54,9,2.24,3.25,cb
TR2608130027138,CL107132,EN00179,trottinette,Lyon,ST1013,ST1003,1786602796,2026-08-13 08:46:16,13,3.74,3.86,cb
TR2608130027139,CL103124,EN00214,trottinette,lyon,ST1014,ST1002,2026-08-13 08:35:51,2026-08-13 08:48:51,13,2.9,3.86,cb
TR2608130027140,CL101218,EN00205,trottinette,Lyon,ST1014,ST1001,13/08/2026 08:42,2026-08-13 08:58:15,16,4.98,4.52,abonnement
TR2608130027141,CL105975,EN00115,velo_elec,Lyon,ST1017,ST1013,2026-08-13 08:37:46,2026-08-13 09:23:46,46,12.52,12.5,cb
TR2608130027142,CL104363,EN00119,trottinette,Lyon,ST1017,ST1009,13/08/2026 08:39,2026-08-13 08:50:49,11,3.55,3.42,cb
TR2608130027143,CL100283,EN00170,trottinette,Lyon,ST1019,ST1016,2026-08-13 08:45:47,2026-08-13 08:54:47,9,1.5,2.98,abonnement
TR2608130027144,CL106441,EN00297,trottinette,Nantes,ST1023,ST1022,2026-08-13 08:45:32,13/08/2026 09:00,15,4.33,4.3,abonnement
TR2608130027145,CL106023,EN00291,velo_elec,Nantes,ST1024,ST1029,2026-08-13 08:36:33,2026-08-13 09:14:33,38,8.1,10.5,paypal
TR2608130027146,CL101467,EN00360,trottinette,NANTES,ST1024,ST1022,2026-08-13 08:40:17,2026-08-13 09:07:17,27,8.66,6.94,abonnement
TR2608130027147,CL104453,EN00234,trottinette,NANTES,ST1024,ST1032,2026-08-13 08:37:13,2026-08-13 08:46:13,9,1.92,2.98,cb
TR2608130027148,CL103873,EN00235,trottinette,Nantes,ST1024,ST1024,2026-08-13 08:31:33,2026-08-13 08:50:33,19,3.22,5.18,abonnement
TR2608130027149,CL102208,EN00252,velo_elec,Nantes,ST1026,ST1020,2026-08-13 08:34:21,13/08/2026 08:37,3,1.04,1.75,abonnement
TR2608130027150,CL107168,EN00316,velo_elec,Nantes,ST1026,ST1021,2026-08-13 08:39:54,2026-08-13 08:50:54,11,3.17,3.75,abonnement
TR2608130027151,CL105256,EN00337,trottinette,Nantes,ST1028,ST1030,13/08/2026 08:41,,5,1.5,2.1,cb
TR2608130027152,CL101875,EN00289,trottinette,Nantes,ST1029,ST1020,2026-08-13 08:43:30,2026-08-13 09:14:30,31,8.15,7.82,abonnement
TR2608130027153,CL108781,EN00315,velo_elec,Nantes,ST1030,ST1027,13/08/2026 08:32,2026-08-13 08:48:40,16,3.26,5.0,cb
TR2608130027154,CL107643,EN00322,velo,Nantes,ST1030,ST1031,2026-08-13 08:40:53,2026-08-13 08:57:53,17,4.07,3.55,cb
TR2608130027155,CL101208,EN00231,velo,Nantes,ST1030,ST1028,2026-08-13 08:41:17,2026-08-13 08:48:17,7,1.23,2.05,paypal
TR2608130027156,CL104162,EN00299,trottinette,Nantes,ST1031,ST1020,1786603267,1786605247,-28,5.27,8.26,paypal
TR2608130027157,CL100291,EN00323,velo,Nantes,ST1031,ST1023,2026-08-13 08:33:27,1786603047,4,0.83,1.6,abonnement
TR2608130027158,CL102784,EN00237,velo_elec,Nante,ST1032,ST1022,2026-08-13 08:40:24,2026-08-13 08:57:24,17,5.75,5.25,cb
TR2608130027159,CL107669,EN00385,velo_elec,lille,ST1034,ST1035,2026-08-13 08:41:13,2026-08-13 08:49:13,8,1.66,3.0,cb
TR2608130027160,CL107337,EN00412,trottinette,Lille,ST1040,ST1035,2026-08-13 08:40:36,2026-08-13 08:47:36,7,2.16,2.54,paypal
TR2608130027161,CL104138,EN00445,velo_elec,Lille,ST1041,ST1039,2026-08-13 08:33:55,2026-08-13 08:55:55,22,6.26,6.5,cb
TR2608130027162,CL100241,EN00499,velo,Lille,ST1042,ST1041,2026-08-13 08:31:20,13/08/2026 08:47,16,4.24,3.4,abonnement
TR2608130027163,CL103659,EN00437,velo,Lille,ST1042,ST1034,,2026-08-13 08:51:29,19,4.94,3.85,abonnement
TR2608130027164,CL102144,EN00480,velo_elec,Lille,ST1044,ST1034,13/08/2026 08:39,1786606299,52,11.3,14.0,cb
TR2608130027165,CL102764,EN00468,trottinette,Lille,ST1044,ST1035,2026-08-13 08:32:54,,8,2.4,2.76,abonnement
TR2608130027166,CL101740,EN00415,trottinette,Lille,ST1044,ST1034,2026-08-13 08:31:55,2026-08-13 08:44:55,13,4.11,3.86,abonnement
TR2608130027167,CL106294,EN00587,trottinette,GRENOBLE,ST1050,ST1048,2026-08-13 08:33:28,13/08/2026 08:46,13,2.29,3.86,cb
TR2608130027168,CL106649,EN00562,velo,Grenoble,ST1050,ST1057,2026-08-13 08:39:51,13/08/2026 08:46,7,1.49,,cb
TR2608130027169,CL107121,EN00563,trottinette,Grenoble,ST1051,ST1048,2026-08-13 08:35:05,2026-08-13 08:40:05,5,1.02,2.1,paypal
TR2608130027170,CL104941,EN00515,trottinette,Grenoble,ST1052,ST1048,2026-08-13 08:41:18,2026-08-13 08:44:18,3,0.81,1.66,cb
TR2608130027171,CL100090,EN00509,trottinette,Grenoble,ST1055,ST1048,1786603261,2026-08-13 09:11:01,30,7.96,7.6,abonnement
TR2608130027172,CL100509,EN00545,trottinette,Grenoble,ST1055,ST1051,2026-08-13 08:31:30,13/08/2026 08:34,3,0.69,1.66,cb
TR2608130027173,CL108624,EN00516,velo_elec,Grenoble,ST1056,ST1048,2026-08-13 08:45:26,2026-08-13 08:54:26,9,2.27,3.25,paypal
TR2608130027174,CL107008,EN00524,velo_elec,Grenoble,ST1057,ST1057,2026-08-13 08:38:01,2026-08-13 08:53:01,15,2.54,4.75,cb
TR2608130027175,CL101293,EN00571,trottinette,Grenoble,ST1058,ST1048,2026-08-13 08:39:06,2026-08-13 08:57:06,18,2.91,4.96,abonnement
TR2608130027176,CL108181,EN00083,velo_elec,Lyon,ST1004,ST1010,13/08/2026 08:46,2026-08-13 09:11:42,25,4.55,7.25,cb
TR2608130027177,CL101347,EN00187,velo_elec,Lyon,ST1005,ST1006,1786603561,2026-08-13 09:01:01,15,5.05,4.75,abonnement
TR2608130027178,CL101726,EN00067,velo_elec,Lyon,ST1005,ST1002,1786604240,2026-08-13 09:16:20,19,5.15,5.75,paypal
TR2608130027179,CL108301,EN00163,trottinette,Lyon,ST1005,ST1002,1786604177,13/08/2026 09:13,17,2.69,4.74,cb
TR2608130027180,CL106689,EN00103,trottinette,Lyon,ST1007,ST1002,2026-08-13 08:55:51,2026-08-13 09:14:51,19,6.06,5.18,cb
TR2608130027181,CL102033,EN00077,trottinette,Lyon,ST1008,ST1001,13/08/2026 08:53,2026-08-13 09:35:39,42,6.76,10.24,cb
TR2608130027182,CL107374,EN00107,velo_elec,Lyon,ST1008,ST1001,2026-08-13 08:47:54,2026-08-13 09:01:54,3206,2.84,4.5,cb
TR2608130027183,CL104497,EN00215,velo_elec,Lyon,ST1011,ST1004,2026-08-13 08:46:20,2026-08-13 09:05:20,19,4.04,5.75,abonnement
TR2608130027184,CL101265,EN00036,velo_elec,Lyon,ST1013,ST1011,1786603941,13/08/2026 09:03,11,2.2,3.75,cb
TR2608130027185,CL108715,EN00184,velo_elec,Lyon,ST1013,ST1001,2026-08-13 08:53:39,2026-08-13 09:17:39,24,4.22,7.0,paypal
TR2608130027186,CL107132,EN00160,velo_elec,Lyon,ST1014,ST1002,1786604135,1786604675,9,1.49,3.25,cb
TR2608130027187,CL104440,EN00161,velo_elec,Lyon,ST1014,ST1012,2026-08-13 08:50:42,2026-08-13 08:55:42,5,1.01,2.25,cb
TR2608130027188,CL106482,EN00213,trottinette,Lyon,ST1015,ST1001,2026-08-13 08:52:07,2026-08-13 08:57:07,5,1.27,2.1,cb
TR2608130027189,CL101186,EN00109,trottinette,Lyon,ST1017,ST1017,2026-08-13 08:50:13,2026-08-13 09:00:13,10,2.3,3.2,abonnement
TR2608130027190,CL105038,EN00086,velo_elec,Lyon,ST1019,ST1004,2026-08-13 08:52:28,2026-08-13 09:13:28,21,5.89,6.25,cb
TR2608130027191,CL106458,EN00323,velo,Nantes,ST1023,ST1021,13/08/2026 08:48,2026-08-13 08:56:45,8,1.43,2.2,cb
TR2608130027192,CL108825,EN00313,trottinette,Nantes,ST1024,ST1022,2026-08-13 08:59:57,2026-08-13 09:04:57,5,0.87,2.1,abonnement
TR2608130027193,CL104244,EN00327,velo_elec,Nantes,ST1025,ST1020,2026-08-13 08:51:10,13/08/2026 08:57,6,1.7,2.5,cb
TR2608130027194,CL106336,EN00340,velo_elec,Nantes,ST1025,ST1022,2026-08-13 08:50:17,2026-08-13 08:57:17,7,2.09,2.75,cb
TR2608130027195,CL106458,EN00267,trottinette,Nantes,ST1028,ST1029,2026-08-13 08:52:02,2026-08-13 09:00:02,8,2.38,2.76,abonnement
TR2608130027196,CL103616,EN00314,trottinette,Nantes,ST1031,ST1021,2026-08-13 08:50:24,2026-08-13 09:01:24,11,2.45,3.42,paypal
TR2608130027197,CL104454,EN00350,velo,Nantes,ST1031,ST1022,2026-08-13 08:59:03,2026-08-13 09:12:03,13,3.64,2.95,abonnement
TR2608130027198,CL104073,EN00320,velo,Nantes,ST1031,ST1032,2026-08-13 08:48:03,2026-08-13 08:59:03,11,1.69,2.65,abonnement
TR2608130027199,CL104437,EN00253,trottinette,Nantes,ST1033,ST1020,2026-08-13 08:58:33,13/08/2026 09:15,17,4.77,4.74,cb
TR2608130027200,CL103358,EN00224,velo_elec,Nantes,ST1033,ST1020,2026-08-13 08:57:50,,4,1.02,2.0,abonnement
TR2608130027201,CL108661,EN00447,velo,Lille,ST1038,ST1035,2026-08-13 08:51:08,2026-08-13 09:04:08,13,3.97,2.95,abonnement
TR2608130027202,CL104573,EN00399,trottinette,Lille,ST1040,ST1047,2026-08-13 08:58:43,,12,3.52,3.64,abonnement
TR2608130027203,CL108061,EN00411,trottinette,Lille,ST1040,ST1035,2026-08-13 08:48:30,2026-08-13 08:56:30,8,2.46,2.76,abonnement
TR2608130027204,CL102525,EN00452,velo,Lille,ST1041,ST1035,2026-08-13 08:50:13,2026-08-13 08:58:13,8,1.32,2.2,cb
TR2608130027205,CL107479,EN00405,trottinette,Lille,ST1043,ST1044,2026-08-13 08:52:38,2026-08-13 08:59:38,7,2.42,2.54,cb
TR2608130027206,CL106444,EN00454,velo,Lille,ST1044,ST1040,13/08/2026 08:56,2026-08-13 09:09:28,13,2.69,2.95,cb
TR2608130027207,CL101597,EN00458,velo,Lille,ST1044,ST1047,2026-08-13 08:51:55,2026-08-13 09:00:55,9,1.36,2.35,cb
TR2608130027208,CL103711,EN00578,velo_elec,Grenoble,ST1048,ST1057,2026-08-13 08:59:20,2026-08-13 09:13:20,14,3.76,4.5,cb
TR2608130027209,CL105867,EN00593,trottinette,grenoble,ST1049,ST1055,2026-08-13 08:48:59,2026-08-13 09:04:59,16,5.22,4.52,abonnement
TR2608130027210,CL106331,EN00502,velo,Grenoble ,ST1050,ST1048,2026-08-13 08:59:41,2026-08-13 09:09:41,10,2.41,2.5,abonnement
TR2608130027211,CL108556,EN00510,velo,Grenoble,ST1050,ST1049,2026-08-13 08:56:48,2026-08-13 09:07:48,11,3.69,2.65,cb
TR2608130027212,CL103102,EN00513,velo_elec,Grenoble,ST1052,ST1049,2026-08-13 08:59:55,2026-08-13 09:11:55,12,2.13,4.0,cb
TR2608130027213,CL103781,EN00554,velo_elec,Grenoble,ST1052,ST1049,2026-08-13 08:52:23,2026-08-13 08:55:23,3,0.94,1.75,abonnement
TR2608130027214,CL105049,EN00575,trottinette,Grenoble,ST1055,ST1048,2026-08-13 08:50:28,2026-08-13 08:54:28,4,1.12,1.88,paypal
TR2608130027215,CL105283,EN00192,velo_elec,Lyon,ST1008,ST1002,2026-08-13 09:13:28,13/08/2026 09:17,4,0.67,2.0,cb
TR2608130027216,CL108144,EN00118,trottinette,Lyonn,ST1009,ST1001,13/08/2026 09:12,13/08/2026 09:15,3,0.85,1.66,cb
TR2608130027217,CL106193,EN00049,trottinette,Lyon,ST1011,ST1001,13/08/2026 09:14,13/08/2026 09:18,4,1.02,1.88,paypal
TR2608130027218,CL104176,EN00003,velo_elec,Lyon,ST1015,ST1001,13/08/2026 09:02,2026-08-13 09:30:23,28,6.96,8.0,cb
TR2608130027219,CL107646,EN00263,trottinette,Nantes,ST1020,ST1033,13/08/2026 09:05,2026-08-13 09:09:49,4,0.82,1.88,cb
TR2608130027220,CL100621,EN00264,trottinette,NANTES,ST1022,ST1028,2026-08-13 09:07:46,2026-08-13 09:16:46,9,2.79,2.98,cb
TR2608130027221,CL101463,EN00237,velo_elec,Nantes,ST1022,ST1020,2026-08-13 09:13:35,2026-08-13 09:28:35,15,2.99,4.75,cb
TR2608130027222,CL108235,EN00298,trottinette,Nantes,ST1024,ST1022,2026-08-13 09:06:19,13/08/2026 09:15,9,2.31,2.98,abonnement
TR2608130027223,CL105806,EN00274,velo,NANTES,ST1024,ST1021,2026-08-13 09:07:46,13/08/2026 09:39,32,6.47,5.8,cb
TR2608130027224,CL108743,EN00322,velo,Nante,ST1031,ST1020,2026-08-13 09:02:26,,4,0.82,1.6,paypal
TR2608130027225,CL107018,EN00305,velo_elec,Nantes,ST1032,ST1020,2026-08-13 09:04:32,2026-08-13 09:18:32,14,4.62,4.5,cb
TR2608130027226,CL103795,EN00325,trottinette,Nantes,ST1032,ST1021,2026-08-13 09:15:04,2026-08-13 09:58:04,43,7.02,10.46,abonnement
TR2608130027227,CL103188,EN00386,trottinette,Lille,ST1035,ST1035,2026-08-13 09:08:58,2026-08-13 09:24:58,16,2.49,4.52,cb
TR2608130027228,CL106057,EN00362,velo_elec,Lille,ST1036,ST1035,13/08/2026 09:09,2026-08-13 09:41:35,32,7.94,9.0,cb
TR2608130027229,CL101008,EN00363,velo_elec,Lille,ST1037,ST1035,2026-08-13 09:10:50,2026-08-13 09:22:50,12,4.06,4.0,cb
TR2608130027230,CL108155,EN00496,velo_elec,Lille,ST1038,ST1045,2026-08-13 09:03:47,2026-08-13 09:12:47,9,2.6,3.25,abonnement
TR2608130027231,CL103194,EN00388,velo_elec, Lille,ST1039,ST1035,2026-08-13 09:05:32,2026-08-13 09:15:32,10,2.62,3.5,abonnement
TR2608130027232,CL102831,EN00422,velo_elec,Lille,ST1040,ST1039,2026-08-13 09:04:02,13/08/2026 09:11,7,2.05,2.75,paypal
TR2608130027233,CL107385,EN00493,velo_elec,Lille,ST1043,ST1034,2026-08-13 09:11:19,2026-08-13 09:36:19,25,6.52,7.25,cb
TR2608130027234,CL101084,EN00405,trottinette,LILLE,ST1044,ST1035,2026-08-13 09:11:06,2026-08-13 09:21:06,10,2.52,3.2,cb
TR2608130027235,CL103181,EN00560,velo_elec,Grenoble,ST1051,ST1049,2026-08-13 09:09:49,2026-08-13 09:17:49,8,1.55,3.0,cb
TR2608130027236,CL100403,EN00581,velo,Grenoble,ST1052,ST1048,2026-08-13 09:02:36,2026-08-13 09:05:36,3,0.83,1.45,
TR2608130027237,CL101890,EN00599,trottinette,Grenoble,ST1056,ST1048,13/08/2026 09:10,2026-08-13 09:22:17,12,2.01,3.64,cb
TR2608130027238,CL100300,EN00527,velo_elec,grenoble,ST1058,ST1049,2026-08-13 09:12:50,2026-08-13 09:31:50,19,3.08,5.75,cb
TR2608130027239,CL100394,EN00212,trottinette,Lyon,ST1003,ST1011,13/08/2026 09:30,13/08/2026 09:41,11,2.13,3.42,abonnement
TR2608130027240,CL100805,EN00172,trottinette,Lyon,ST1004,ST1011,,,25,5.75,6.5,abonnement
TR2608130027241,CL106220,EN00036,velo_elec,Lyon,ST1011,ST1015,13/08/2026 09:27,2026-08-13 09:38:35,11,3.02,3.75,cb
TR2608130027242,CL108388,EN00201,velo_elec,Lyon,ST1014,ST1013,1786606235,2026-08-13 09:43:35,13,2.61,4.25,cb
TR2608130027243,CL105819,EN00190,trottinette,Lyon,ST1014,ST1002,2026-08-13 09:19:26,2026-08-13 09:35:26,16,3.92,4.52,paypal
TR2608130027244,CL103851,EN00309,trottinette,Nantes,ST1021,ST1020,2026-08-13 09:21:33,2026-08-13 09:30:33,9,2.11,2.98,paypal
TR2608130027245,CL103759,EN00342,velo_elec,Nantes,ST1026,ST1021,2026-08-13 09:16:50,2026-08-13 09:37:50,21,7.06,6.25,cb
TR2608130027246,CL106476,EN00246,trottinette,Nantes,ST1030,ST1023,1786605773,2026-08-13 09:41:53,19,5.55,5.18,cb
TR2608130027247,CL103259,EN00337,trottinette,Nantes,ST1030,ST1020,13/08/2026 09:26,2026-08-13 09:32:29,6,1.72,2.32,cb
TR2608130027248,CL104015,EN00230,velo_elec,Nantes,ST1032,ST1021,2026-08-13 09:21:51,2026-08-13 09:34:51,13,2.77,4.25,cb
TR2608130027249,CL104692,EN00348,velo_elec,Nantes,ST1032,ST1022,2026-08-13 09:28:05,2026-08-13 10:20:05,52,12.28,14.0,paypal
TR2608130027250,CL104108,EN00259,trottinette,Nantes,ST1032,ST1030,2026-08-13 09:18:37,2026-08-13 09:33:37,15,2.32,4.3,cb
TR2608130027251,CL101173,EN00263,trottinette,Nantes,ST1033,ST1027,2026-08-13 09:21:50,2026-08-13 09:38:50,17,4.99,4.74,abonnement
TR2608130027252,CL108335,EN00277,velo_elec,Nantes,ST1033,ST1020,1786606252,2026-08-13 09:38:52,8,2.39,3.0,cb
TR2608130027253,CL106850,EN00422,velo_elec,Lille,ST1039,ST1036,2026-08-13 09:25:51,2026-08-13 09:34:51,9,2.18,3.25,paypal
TR2608130027254,CL107455,EN00383,trottinette,Lille,ST1043,ST1037,2026-08-13 09:30:09,2026-08-13 09:44:09,14,4.57,4.08,paypal
TR2608130027255,CL102441,EN00463,velo,lille,ST1044,ST1034,2026-08-13 09:19:03,1786605903,6,1.38,1.9,cb
TR2608130027256,CL100041,EN00399,trottinette,Lille,ST1047,ST1035,2026-08-13 09:16:57,2026-08-13 09:26:57,10,1.76,3.2,cb
TR2608130027257,CL107463,EN00458,velo,Lille,ST1047,ST1041,2026-08-13 09:31:16,2026-08-13 09:34:16,3,0.48,1.45,abonnement
TR2608130027258,CL108477,EN00578,velo_elec,Grenoble,ST1057,ST1049,2026-08-13 09:17:43,2026-08-13 09:33:43,16,3.94,5.0,cb
TR2608130027259,CL108935,EN00507,trottinette,Grenoble,ST1058,ST1048,2026-08-13 09:19:51,2026-08-13 09:37:51,18,4.06,4.96,cb
TR2608130027260,CL107939,EN00165,trottinette,Lyon,ST1004,ST1005,2026-08-13 09:41:32,1786607372,8,1.21,2.76,abonnement
TR2608130027261,CL103747,EN00187,velo_elec,Lyon,ST1006,ST1003,13/08/2026 09:34,2026-08-13 09:45:42,11,2.39,3.75,paypal
TR2608130027262,CL102823,EN00054,trottinette,Lyon,ST1008,ST1003,2026-08-13 09:33:33,13/08/2026 09:52,19,3.68,5.18,cb
TR2608130027263,CL105162,EN00219,velo_elec,Lyon,ST1009,ST1018,2026-08-13 09:34:04,2026-08-13 09:45:04,11,2.76,3.75,cb
TR2608130027264,CL106867,EN00173,velo_elec,lyon,ST1009,ST1009,2026-08-13 09:43:49,2026-08-13 09:58:49,15,3.0,4.75,cb
TR2608130027265,CL106399,EN00083,velo_elec,Lyonn,ST1010,ST1019,2026-08-13 09:42:51,2026-08-13 10:05:51,23,7.35,6.75,cb
TR2608130027266,CL106687,EN00129,velo_elec,Lyon,ST1011,ST1003,2026-08-13 09:33:03,13/08/2026 09:40,7,1.14,2.75,cb
TR2608130027267,CL101779,EN00070,trottinette,Lyon,ST1012,ST1004,2026-08-13 09:43:11,2026-08-13 09:52:11,9,2.87,2.98,cb
TR2608130027268,CL103325,EN00191,trottinette,Lyonn,ST1012,ST1003,2026-08-13 09:34:07,1786607587,19,5.3,5.18,paypal
TR2608130027269,CL105877,EN00017,velo,Lyon,ST1014,ST1004,13/08/2026 09:33,2026-08-13 09:42:49,9,2.17,2.35,cb
TR2608130027270,CL102297,EN00109,trottinette,Lyonn,ST1017,ST1018,2026-08-13 09:40:14,2026-08-13 10:20:14,40,10.56,9.8,abonnement
TR2608130027271,CL102741,EN00102,velo_elec,Lyon,ST1019,ST1003,13/08/2026 09:36,2026-08-13 09:59:32,23,4.32,6.75,cb
TR2608130027272,CL103105,EN00346,velo,nantes,ST1026,ST1027,2026-08-13 09:45:28,2026-08-13 09:59:28,14,2.39,3.1,
TR2608130027273,CL105078,EN00241,velo,Nantes,ST1026,ST1020,1786606357,2026-08-13 09:58:37,26,4.28,4.9,paypal
TR2608130027274,CL100396,EN00344,velo,Nantes,ST1026,ST1020,2026-08-13 09:37:40,2026-08-13 09:51:40,14,2.63,3.1,cb
TR2608130027275,CL106260,EN00282,velo,Nantes,ST1026,ST1031,2026-08-13 09:45:20,2026-08-13 09:49:20,4,0.84,1.6,cb
TR2608130027276,CL101828,EN00315,velo_elec,Nantes,ST1027,ST1021,2026-08-13 09:41:25,2026-08-13 09:57:25,16,3.9,5.0,cb
TR2608130027277,CL100455,EN00240,trottinette,nantes,ST1033,ST1020,2026-08-13 09:41:48,2026-08-13 10:07:48,26,7.01,6.72,paypal
TR2608130027278,CL991471,EN00294,velo_elec,Nantes,ST1033,ST1020,2026-08-13 09:33:01,2026-08-13 09:45:01,12,3.72,4.0,cb
TR2608130027279,CL101176,EN00450,trottinette,Lille,ST1034,ST1035,13/08/2026 09:35,2026-08-13 09:56:24,21,3.36,5.62,abonnement
TR2608130027280,CL103263,EN00499,velo,Lille,ST1041,ST1036,2026-08-13 09:38:48,2026-08-13 10:00:48,22,5.44,4.3,cb
TR2608130027281,CL102190,EN00553,trottinette,Grenoble,ST1056,ST1049,13/08/2026 09:41,2026-08-13 09:55:47,14,2.43,4.08,cb
TR2608130027282,CL103114,EN00591,velo_elec,Grenoble,ST1056,ST1048,2026-08-13 09:36:51,2026-08-13 10:09:51,33,8.93,9.25,paypal
TR2608130027283,CL106306,EN00544,velo_elec,Grenoble,ST1056,ST1049,2026-08-13 09:38:40,13/08/2026 09:49,11,1.77,3.75,cb
TR2608130027284,CL102779,EN00520,velo_elec,Grenoble,ST1058,ST1056,13/08/2026 09:41,2026-08-13 10:24:27,43,6.72,11.75,cb
TR2608130027285,CL108760,EN00189,trottinette,Lyon,ST1004,ST1007,2026-08-13 09:49:12,2026-08-13 09:58:12,9,1.52,2.98,cb
TR2608130027286,CL104583,EN00029,velo_elec,Lyonn,ST1004,ST1011,2026-08-13 09:49:10,2026-08-13 09:56:10,7,1.95,2.75,abonnement
TR2608130027287,CL104376,EN00146,trottinette,Lyon,ST1005,ST1003,2026-08-13 09:51:11,1786608011,9,2.91,2.98,paypal
TR2608130027288,CL108038,EN00045,trottinette,Lyon,ST1009,ST1003,2026-08-13 09:47:53,13/08/2026 10:21,34,6.46,8.48,abonnement
TR2608130027289,CL104047,EN00212,trottinette,Lyon,ST1011,ST1002,2026-08-13 09:56:49,13/08/2026 10:00,4,1.0,1.88,cb
TR2608130027290,CL101884,EN00025,velo_elec,Lyon,ST1015,ST1011,2026-08-13 09:54:17,13/08/2026 10:14,20,3.03,6.0,cb
TR2608130027291,CL105296,EN00200,trottinette,Lyon,ST1016,ST1004,2026-08-13 09:55:01,13/08/2026 10:33,38,7.83,9.36,abonnement
TR2608130027292,CL106241,EN00142,velo_elec,Lyonn,ST1016,ST1014,2026-08-13 09:55:24,2026-08-13 10:00:24,5,0.83,2.25,abonnement
TR2608130027293,CL104411,EN00300,velo_elec,Nantes,ST1020,ST1032,2026-08-13 09:53:47,2026-08-13 10:12:47,19,5.82,5.75,cb
TR2608130027294,CL102220,EN00246,trottinette,NANTES,ST1023,ST1032,2026-08-13 09:48:51,2026-08-13 09:59:51,11,1.99,3.42,paypal
TR2608130027295,CL107307,EN00263,trottinette,Nantes,ST1027,ST1022,2026-08-13 09:59:25,2026-08-13 10:15:25,16,5.51,4.52,abonnement
TR2608130027296,CL103003,EN00264,trottinette,Nantes,ST1028,ST1023,,2026-08-13 09:57:48,3,0.58,1.66,abonnement
TR2608130027297,CL103033,EN00358,trottinette,Nantes,ST1028,ST1022,2026-08-13 09:52:10,2026-08-13 10:01:10,9,1.57,2.98,cb
TR2608130027298,CL101058,EN00383,trottinette, Lille,ST1037,ST1036,13/08/2026 09:55,1786608121,7,1.44,2.54,cb
TR2608130027299,CL103926,EN00446,trottinette,Lille,ST1040,ST1035,2026-08-13 09:58:53,2026-08-13 10:10:53,12,2.26,3.64,abonnement
TR2608130027300,CL103095,EN00372,trottinette,Lille,ST1040,ST1034,2026-08-13 09:54:26,2026-08-13 10:09:26,15,3.89,4.3,cb
TR2608130027301,CL100584,EN00413,trottinette,LILLE,ST1040,ST1047,13/08/2026 09:56,2026-08-13 10:08:34,12,4.01,3.64,cb
TR2608130027302,CL102288,EN00440,trottinette,Lille,ST1043,ST1034,2026-08-13 09:59:58,2026-08-13 10:07:58,8,2.24,2.76,abonnement
TR2608130027303,CL108736,EN00470,trottinette,Lille,ST1043,ST1046,2026-08-13 09:57:11,2026-08-13 10:03:11,6,1.5,2.32,cb
TR2608130027304,CL102548,EN00465,velo,Lille,ST1044,ST1036,2026-08-13 09:48:30,13/08/2026 09:59,11,3.5,2.65,
TR2608130027305,CL103365,EN00441,velo_elec,Lille,ST1045,ST1036,13/08/2026 09:53,2026-08-13 10:08:35,15,2.59,4.75,cb
TR2608130027306,CL108790,EN00496,velo_elec,Lille,ST1045,ST1036,2026-08-13 09:48:16,2026-08-13 10:02:16,6912,2.88,4.5,abonnement
TR2608130027307,CL102065,EN00545,trottinette,Grenoble,ST1051,ST1051,2026-08-13 09:55:25,2026-08-13 10:05:25,10,1.53,3.2,abonnement
TR2608130027308,CL107409,EN00529,velo,Grenoble,ST1051,ST1048,2026-08-13 09:50:40,2026-08-13 10:05:40,15,5.11,3.25,abonnement
TR2608130027309,CL101181,EN00517,trottinette,Grenoble,ST1055,ST1048,2026-08-13 09:51:08,2026-08-13 10:01:08,10,2.95,3.2,paypal
TR2608130027310,CL106461,EN00548,trottinette,Grenoble,ST1056,ST1053,13/08/2026 09:54,2026-08-13 10:03:08,9,2.37,2.98,abonnement
TR2608130027311,CL107543,EN00582,trottinette,Grenoble,ST1057,ST1048,2026-08-13 09:56:09,,5,1.3,2.1,cb
TR2608130027312,CL107414,EN00524,velo_elec,grenoble,ST1057,ST1052,13/08/2026 09:47,2026-08-13 10:02:31,15,3.98,4.75,cb
TR2608130027313,CL107033,EN00568,velo,Grenoble,ST1058,ST1048,2026-08-13 09:57:18,2026-08-13 10:18:18,21,4.08,4.15,paypal
TR2608130027314,CL104572,EN00525,velo,Grenoble,ST1058,ST1049,13/08/2026 09:56,2026-08-13 10:15:54,19,3.92,3.85,cb
TR2608130027315,CL102003,EN00165,trottinette,Lyon,ST1005,ST1001,2026-08-13 10:05:59,2026-08-13 10:15:59,10,1.59,3.2,paypal
TR2608130027316,CL102216,EN00094,velo_elec,Lyon,ST1010,ST1018,2026-08-13 10:02:56,2026-08-13 10:16:56,14,4.74,4.5,paypal
TR2608130027317,CL102563,EN00172,trottinette,LYON,ST1011,ST1018,2026-08-13 10:09:47,2026-08-13 10:14:47,5,1.35,2.1,cb
TR2608130027318,CL106959,EN00096,velo_elec,Lyon,ST1012,ST1015,2026-08-13 10:12:19,2026-08-13 10:29:19,17,3.12,5.25,cb
TR2608130027319,CL106353,EN00246,trottinette,Nantes,ST1032,ST1032,2026-08-13 10:11:31,2026-08-13 10:16:31,5,0.76,2.1,cb
TR2608130027320,CL104941,EN00593,trottinette,Grenoble,ST1055,ST1056,2026-08-13 10:12:15,2026-08-13 10:26:15,14,2.19,4.08,cb
TR2608130027321,CL106747,EN00521,velo,Grenoble,ST1057,ST1052,2026-08-13 10:06:45,2026-08-13 10:28:45,22,4.99,4.3,paypal
TR2608130027322,CL105993,EN00256,velo_elec,Nantes,ST1028,ST1022,2026-08-13 10:26:38,13/08/2026 10:32,6,2.05,2.5,paypal
TR2608130027323,CL105369,EN00371,velo,Lille,ST1043,ST1034,2026-08-13 10:16:59,2026-08-13 10:21:59,5,1.62,1.75,abonnement
TR2608130027324,CL102831,EN00497,velo,Lille,ST1044,ST1046,2026-08-13 10:20:15,2026-08-13 10:27:15,7,1.06,2.05,abonnement
TR2608130027325,CL102727,EN00548,trottinette,Grenoble,ST1053,ST1052,2026-08-13 10:28:38,2026-08-13 10:35:38,7,1.31,2.54,cb
TR2608130027326,CL105586,EN00584,trottinette,Grenoble,ST1056,ST1058,13/08/2026 10:19,13/08/2026 10:33,14,2.8,4.08,paypal
TR2608130027327,CL101918,EN00104,trottinette,Lyon,ST1003,ST1005,13/08/2026 10:35,1786611288,19,3.48,5.18,cb
TR2608130027328,CL106220,EN00096,velo_elec,Lyon,ST1015,ST1009,2026-08-13 10:42:02,2026-08-13 11:24:02,42,8.93,11.5,cb
TR2608130027329,CL101364,EN00271,velo_elec,Nantes,ST1028,ST1020,2026-08-13 10:31:37,2026-08-13 10:45:37,14,2.69,4.5,paypal
TR2608130027330,CL104001,EN00259,trottinette,Nantes,ST1030,ST1032,2026-08-13 10:41:23,2026-08-13 10:59:23,18,5.12,4.96,cb
TR2608130027331,CL100663,EN00504,trottinette,Grenoble,ST1049,ST1056,1786610153,2026-08-13 10:44:53,9,2.62,2.98,abonnement
TR2608130027332,CL105595,EN00521,velo,Grenoble,ST1052,ST1058,2026-08-13 10:45:46,1786610986,4,0.87,1.6,
TR2608130027333,CL106035,EN00593,trottinette,Grenoble,ST1056,ST1049,2026-08-13 10:44:22,2026-08-13 11:22:22,38,12.83,9.36,cb
TR2608130027334,CL103787,EN00042,trottinette,Lyon,ST1012,ST1005,2026-08-13 10:51:54,2026-08-13 11:00:54,9,2.0,2.98,cb
TR2608130027335,CL106590,EN00081,velo_elec,Lyon,ST1015,ST1006,1786610918,13/08/2026 11:12,24,5.11,7.0,cb
TR2608130027336,CL104271,EN00083,velo_elec,Lyon,ST1019,ST1005,2026-08-13 11:00:22,2026-08-13 11:23:22,23,4.52,6.75,cb
TR2608130027337,CL104184,EN00288,trottinette,Nantes,ST1022,ST1027,2026-08-13 10:57:53,13/08/2026 11:11,14,3.56,4.08,cb
TR2608130027338,CL103942,EN00268,trottinette,NANTES,ST1029,ST1025,2026-08-13 10:48:18,2026-08-13 10:54:18,6,1.78,2.32,paypal
TR2608130027339,CL100569,EN00300,velo_elec,Nantes,ST1032,ST1020,1786611451,2026-08-13 11:01:31,4,1.4,2.0,abonnement
TR2608130027340,CL103715,EN00246,trottinette,Nantes,ST1032,ST1028,2026-08-13 10:56:39,13/08/2026 11:18,22,7.55,5.84,paypal
TR2608130027341,CL102022,EN00214,trottinette,Lyon,ST1002,ST1012,2026-08-13 11:04:58,2026-08-13 11:15:58,11,1.98,3.42,cb
TR2608130027342,CL103053,EN00164,trottinette,Lyon,ST1002,ST1017,2026-08-13 11:06:58,13/08/2026 11:11,5,0.75,2.1,cb
TR2608130027343,CL930552,EN00189,trottinette,Lyon,ST1007,ST1004,2026-08-13 11:13:58,1786613038,10,2.44,3.2,cb
TR2608130027344,CL102248,EN00090,trottinette,Lyon,ST1015,ST1004,2026-08-13 11:06:45,13/08/2026 11:12,6,2.09,2.32,cb
TR2608130027345,CL102242,EN00055,trottinette,Lyon,ST1016,ST1018,13/08/2026 11:01,2026-08-13 11:09:11,8,1.45,2.76,abonnement
TR2608130027346,CL105264,EN00264,trottinette,Nantes,ST1023,ST1032,2026-08-13 11:11:52,2026-08-13 11:23:52,12,2.71,3.64,cb
TR2608130027347,CL101825,EN00268,trottinette,Nantes,ST1025,ST1024,,2026-08-13 11:31:46,16,5.52,4.52,cb
TR2608130027348,CL104226,EN00330,trottinette,Nantes,ST1033,ST1029,2026-08-13 11:03:45,2026-08-13 11:10:45,7,1.57,2.54,paypal
TR2608130027349,CL102597,EN00400,trottinette,Lille,ST1040,ST1042,2026-08-13 11:11:25,2026-08-13 11:16:25,5,1.29,2.1,paypal
TR2608130027350,CL103087,EN00458,velo,Lille,ST1041,ST1047,2026-08-13 11:04:45,2026-08-13 11:11:45,7,2.22,2.05,cb
TR2608130027351,CL106515,EN00212,trottinette,Lyon,ST1002,ST1003,13/08/2026 11:24,2026-08-13 11:27:18,3,0.7,1.66,paypal
TR2608130027352,CL107645,EN00204,velo_elec,Lyon,ST1015,ST1011,2026-08-13 11:16:31,,9,2.66,3.25,abonnement
TR2608130027353,CL108871,EN00293,velo_elec,Nantes,ST1020,ST1020,2026-08-13 11:30:34,2026-08-13 11:43:34,13,3.13,4.25,cb
TR2608130027354,CL103512,EN00310,trottinette,Nantes,ST1021,ST1027,2026-08-13 11:20:59,13/08/2026 11:36,16,3.87,4.52,cb
TR2608130027355,CL107591,EN00357,trottinette,Nantes,ST1022,ST1031,2026-08-13 11:17:34,2026-08-13 11:36:34,19,5.9,5.18,cb
TR2608130027356,CL100427,EN00359,trottinette,Nantes,ST1028,ST1030,2026-08-13 11:22:19,2026-08-13 11:40:19,18,4.28,4.96,abonnement
TR2608130027357,CL107598,EN00260,velo_elec,Nantes,ST1028,ST1033,2026-08-13 11:19:43,13/08/2026 11:34,15,2.6,4.75,cb
TR2608130027358,CL106062,EN00334,trottinette,Nantes,ST1032,ST1023,2026-08-13 11:21:27,2026-08-13 11:34:27,13,2.53,3.86,paypal
TR2608130027359,CL100738,EN00416,trottinette,Lille,ST1034,ST1042,13/08/2026 11:18,2026-08-13 11:42:28,24,6.01,6.28,cb
TR2608130027360,CL105041,EN00391,velo_elec,Lille,ST1035,ST1040,2026-08-13 11:15:28,13/08/2026 11:24,9,1.36,3.25,paypal
TR2608130027361,CL104053,EN00470,trottinette,Lille,ST1046,ST1038,2026-08-13 11:29:10,13/08/2026 11:36,7,1.55,2.54,abonnement
TR2608130027362,CL106396,EN00112,velo_elec,Lyon,ST1008,ST1009,2026-08-13 11:41:38,2026-08-13 11:53:38,12,2.45,4.0,paypal
TR2608130027363,CL103325,EN00029,velo_elec,Lyon ,ST1011,ST1002,2026-08-13 11:44:29,2026-08-13 11:58:29,14,3.58,4.5,paypal
TR2608130027364,CL101760,EN00142,velo_elec,Lyon,ST1014,ST1014,2026-08-13 11:39:57,2026-08-13 11:56:57,17,5.83,5.25,cb
TR2608130027365,CL103307,EN00037,trottinette,Lyon,ST1015,ST1006,1786613986,1786614286,5,1.04,2.1,cb
TR2608130027366,CL107620,EN00055,trottinette,Lyon,ST1018,ST1004,2026-08-13 11:36:41,2026-08-13 11:46:41,10,1.98,3.2,paypal
TR2608130027367,CL108956,EN00340,velo_elec,Nantes,ST1022,ST1031,2026-08-13 11:31:42,2026-08-13 11:44:42,13,3.26,4.25,cb
TR2608130027368,CL106325,EN00268,trottinette,Nantes,ST1024,ST1023,2026-08-13 11:38:39,13/08/2026 11:52,8416,3.34,4.08,cb
TR2608130027369,CL103513,EN00282,velo,nantes,ST1031,ST1024,2026-08-13 11:38:53,2026-08-13 11:42:53,4,0.99,1.6,paypal
TR2608130027370,CL105139,EN00538,velo,Grenoble,ST1055,ST1050,2026-08-13 11:34:35,2026-08-13 11:43:35,9,2.6,2.35,abonnement
TR2608130027371,CL101481,EN00146,trottinette,Lyon,ST1003,ST1012,2026-08-13 11:55:30,2026-08-13 12:00:30,5,1.15,2.1,cb
TR2608130027372,CL103423,EN00215,velo_elec,Lyon,ST1004,ST1008,2026-08-13 11:53:56,13/08/2026 12:10,17,4.12,5.25,cb
TR2608130027373,CL105456,EN00037,trottinette,Lyon,ST1006,ST1014,,2026-08-13 12:15:00,22,4.02,5.84,paypal
TR2608130027374,CL100824,EN00081,velo_elec,Lyon,ST1006,ST1011,2026-08-13 11:58:51,2026-08-13 12:20:51,22,4.07,6.5,cb
TR2608130027375,CL107374,EN00164,trottinette,Lyon,ST1017,ST1010,2026-08-13 11:49:15,13/08/2026 11:57,8,2.67,2.76,abonnement
TR2608130027376,CL103766,EN00109,trottinette,Lyon,ST1018,ST1017,2026-08-13 11:53:47,2026-08-13 12:21:47,28,6.46,7.16,abonnement
TR2608130027377,CL104692,EN00285,trottinette,Nantes,ST1022,ST1029,2026-08-13 11:56:40,2026-08-13 12:07:40,11,3.27,3.42,paypal
TR2608130027378,CL101796,EN00334,trottinette,Nantes,ST1023,ST1022,2026-08-13 11:51:49,2026-08-13 12:03:49,12,3.8,3.64,paypal
TR2608130027379,CL105454,EN00264,trottinette,Nantes,ST1032,ST1024,,2026-08-13 12:09:12,8,1.28,2.76,cb
TR2608130027380,CL103971,EN00415,trottinette,Lille,ST1034,ST1035,2026-08-13 11:46:50,2026-08-13 11:55:50,9,1.89,2.98,abonnement
TR2608130027381,CL103838,EN00420,trottinette,Lille,ST1034,ST1039,2026-08-13 11:54:54,2026-08-13 12:08:54,14,4.11,4.08,cb
TR2608130027382,CL105496,EN00455,velo_elec,Lille,ST1034,ST1045,2026-08-13 11:59:58,2026-08-13 12:11:58,12,3.61,4.0,abonnement
TR2608130027383,CL101792,EN00370,velo_elec,LILLE,ST1035,ST1035,2026-08-13 11:58:26,2026-08-13 12:08:26,10,3.46,3.5,paypal
TR2608130027384,CL101978,EN00442,trottinette,Lille,ST1035,ST1034,2026-08-13 11:48:47,1786614947,7,1.33,2.54,paypal
TR2608130027385,CL106213,EN00470,trottinette,Lille,ST1038,ST1038,2026-08-13 11:55:39,2026-08-13 12:09:39,14,3.4,4.08,abonnement
TR2608130027386,CL103898,EN00416,trottinette,Lille,ST1042,ST1046,2026-08-13 11:53:19,2026-08-13 11:57:19,4,0.91,1.88,abonnement
TR2608130027387,CL102004,EN00497,velo,Lille,ST1046,ST1035,2026-08-13 11:59:58,2026-08-13 12:04:58,5,0.81,1.75,abonnement
TR2608130027388,CL103130,EN00590,velo_elec,Grenoble,ST1049,ST1055,2026-08-13 11:47:16,2026-08-13 11:52:16,5,1.07,2.25,paypal
TR2608130027389,CL106439,EN00594,velo,Grenoble,ST1051,ST1054,2026-08-13 11:56:06,2026-08-13 12:12:06,16,4.47,3.4,cb
TR2608130027390,CL103168,EN00104,trottinette,Lyon,ST1005,ST1018,2026-08-13 12:03:27,2026-08-13 12:18:27,15,2.88,4.3,abonnement
TR2608130027391,CL107739,EN00161,velo_elec,lyon,ST1012,ST1002,2026-08-13 12:07:12,2026-08-13 12:23:12,16,3.97,5.0,abonnement
TR2608130027392,CL105442,EN00115,velo_elec,Lyon,ST1013,ST1010,2026-08-13 12:11:00,2026-08-13 12:19:00,8,1.77,3.0,paypal
TR2608130027393,CL105841,EN00172,trottinette,Lyon,ST1018,ST9801,2026-08-13 12:07:05,2026-08-13 12:18:05,11,3.41,3.42,abonnement
TR2608130027394,CL101614,EN00340,velo_elec,Nantes,ST1031,ST1024,2026-08-13 12:12:03,2026-08-13 12:26:03,14,2.95,4.5,cb
TR2608130027395,CL107447,EN00357,trottinette,Nantes,ST1031,ST1026,2026-08-13 12:04:22,2026-08-13 12:16:22,12,2.23,3.64,abonnement
TR2608130027396,CL100564,EN00234,trottinette,Nantes,ST1032,ST1023,1786615967,13/08/2026 12:20,8,2.63,2.76,paypal
TR2608130027397,CL101742,EN00260,velo_elec,NANTES,ST1033,ST1028,2026-08-13 12:06:40,2026-08-13 12:17:40,11,3.37,3.75,cb
TR2608130027398,CL103988,EN00442,trottinette,Lille,ST1034,ST1041,2026-08-13 12:02:28,2026-08-13 12:05:28,3,0.5,1.66,cb
TR2608130027399,CL101714,EN00462,velo_elec,Lille,ST1040,ST1040,2026-08-13 12:15:52,13/08/2026 12:21,6,1.17,2.5,cb
TR2608130027400,CL104225,EN00391,velo_elec,LILLE,ST1040,ST1041,2026-08-13 12:04:40,2026-08-13 12:43:40,39,12.83,10.75,abonnement
TR2608130027401,CL102944,EN00400,trottinette,Lille,ST1042,ST1045,2026-08-13 12:07:08,13/08/2026 12:30,23,4.32,6.06,abonnement
TR2608130027402,CL101221,EN00413,trottinette,Lille,ST1047,ST1045,2026-08-13 12:02:31,2026-08-13 12:16:31,14,2.13,4.08,cb
TR2608130027403,CL107070,EN00458,velo,Lille,ST1047,ST1044,1786615790,13/08/2026 12:27,18,6.13,,paypal
TR2608130027404,CL104450,EN00590,velo_elec,Grenoble,ST1055,ST1053,2026-08-13 12:13:28,13/08/2026 12:36,23,5.72,6.75,cb
TR2608130027405,CL108929,EN00163,trottinette,Lyon,ST1002,ST1016,2026-08-13 12:23:13,2026-08-13 12:53:13,30,7.42,7.6,cb
TR2608130027406,CL106799,EN00008,trottinette,Lyon,ST1004,ST1011,1786616283,2026-08-13 12:26:03,8,1.6,2.76,paypal
TR2608130027407,CL107172,EN00025,velo_elec,Lyon,ST1011,ST1018,2026-08-13 12:22:40,2026-08-13 12:39:40,17,3.07,5.25,paypal
TR2608130027408,CL105836,EN00307,trottinette,nantes,ST1020,ST1025,2026-08-13 12:22:18,2026-08-13 12:24:18,2,0.55,1.44,cb
TR2608130027409,CL100124,EN00357,trottinette,Nantes,ST1026,ST1028,2026-08-13 12:29:22,1786617382,7,1.55,2.54,abonnement
TR2608130027410,CL108962,EN00288,trottinette,Nantes,ST1027,ST1024,2026-08-13 12:25:54,13/08/2026 12:55,30,10.1,7.6,cb
TR2608130027411,CL105074,EN00291,velo_elec,Nantes,ST1029,ST1031,2026-08-13 12:16:12,13/08/2026 12:33,17,5.1,5.25,abonnement
TR2608130027412,CL103186,EN00275,velo,Nantes,ST1033,ST1026,2026-08-13 12:20:27,2026-08-13 12:26:27,6,1.61,1.9,abonnement
TR2608130027413,CL100060,EN00480,velo_elec,Lille,ST1034,ST9926,2026-08-13 12:16:54,2026-08-13 12:22:54,6,1.73,2.5,abonnement
TR2608130027414,CL103191,EN00482,velo_elec,Lille,ST1035,ST1044,13/08/2026 12:20,2026-08-13 12:30:59,10,2.38,3.5,abonnement
TR2608130027415,CL103034,EN00442,trottinette,Lille,ST1041,ST1047,2026-08-13 12:19:25,2026-08-13 12:46:25,27,4.42,6.94,cb
TR2608130027416,CL987277,EN00389,trottinette,Lille,ST1045,ST1043,2026-08-13 12:26:22,2026-08-13 12:45:22,19,3.04,5.18,paypal
TR2608130027417,CL106499,EN00571,trottinette,Grenoble,ST1048,ST1052,2026-08-13 12:30:07,,6,1.97,2.32,abonnement
TR2608130027418,CL100377,EN00594,velo,Grenoble,ST1054,ST1052,2026-08-13 12:31:17,2026-08-13 12:48:17,17,4.74,3.55,cb
TR2608130027419,CL107736,EN00008,trottinette,Lyon,ST1011,ST1008,2026-08-13 12:37:43,13/08/2026 12:49,12,3.35,3.64,abonnement
TR2608130027420,CL106101,EN00201,velo_elec,Lyon,ST1013,ST1002,2026-08-13 12:42:55,1786618555,13,3.26,4.25,abonnement
TR2608130027421,CL108944,EN00104,trottinette,Lyon,ST1018,ST1018,2026-08-13 12:34:25,2026-08-13 12:46:25,12,2.4,3.64,cb
TR2608130027422,CL104882,EN00301,velo_elec,Nantes,ST1022,ST1031,1786617346,13/08/2026 12:39,4,0.88,2.0,cb
TR2608130027423,CL106349,EN00275,velo,Nantes,ST1026,ST1029,2026-08-13 12:39:00,2026-08-13 13:25:00,46,11.18,7.9,abonnement
TR2608130027424,CL105930,EN00255,velo,Nantes,ST1033,ST1030,2026-08-13 12:33:23,2026-08-13 12:45:23,12,2.25,2.8,abonnement
TR2608130027425,CL107026,EN00445,velo_elec,Lille,ST1039,ST1047,1786617403,2026-08-13 12:43:43,7,1.63,2.75,paypal
TR2608130027426,CL102876,EN00482,velo_elec,LILLE,ST1044,ST1046,2026-08-13 12:38:46,2026-08-13 12:46:46,8,1.68,3.0,cb
TR2608130027427,CL107005,EN00559,trottinette,Grenoble,ST1048,ST1051,1786617502,2026-08-13 12:49:22,11,2.01,3.42,paypal
TR2608130027428,CL108130,EN00504,trottinette,Grenoble,ST1056,ST1053,2026-08-13 12:39:48,2026-08-13 12:51:48,12,4.13,3.64,abonnement
TR2608130027429,CL105768,EN00184,velo_elec,Lyon,ST1001,ST1016,2026-08-13 12:50:24,2026-08-13 13:01:24,11,2.11,3.75,cb
TR2608130027430,CL101798,EN00067,velo_elec,Lyon,ST1002,ST1002,2026-08-13 12:55:51,2026-08-13 13:00:51,5,1.27,2.25,paypal
TR2608130027431,CL103788,EN00083,velo_elec,Lyon,ST1005,ST1012,2026-08-13 12:47:48,2026-08-13 13:04:48,17,5.18,5.25,cb
TR2608130027432,CL103384,EN00146,trottinette,Lyon,ST1012,ST1018,2026-08-13 12:47:23,2026-08-13 13:03:23,16,5.38,4.52,abonnement
TR2608130027433,CL107204,EN00214,trottinette,Lyon,ST1012,ST1003,2026-08-13 12:47:19,2026-08-13 12:57:19,10,2.77,3.2,cb
TR2608130027434,CL100637,EN00219,velo_elec,Lyon,ST1018,ST1008,2026-08-13 12:52:48,13/08/2026 13:02,-26,1.95,3.5,abonnement
TR2608130027435,CL101817,EN00104,trottinette,Lyon,ST1018,ST1012,2026-08-13 12:48:18,2026-08-13 12:53:18,5,1.64,2.1,cb
TR2608130027436,CL108452,EN00265,trottinette,Nantes,ST1030,ST1033,2026-08-13 12:46:22,2026-08-13 13:14:22,28,9.04,7.16,abonnement
TR2608130027437,CL100335,EN00301,velo_elec,Nantes,ST1031,ST1032,13/08/2026 12:56,2026-08-13 13:14:24,18,3.77,5.5,cb
TR2608130027438,CL105435,EN00480,velo_elec,Lille,ST1037,ST1035,2026-08-13 12:55:57,2026-08-13 13:33:57,38,10.86,10.5,cb
TR2608130027439,CL102824,EN00564,velo,Grenoble,ST1056,ST1054,13/08/2026 12:50,13/08/2026 12:52,2,0.3,1.3,cb
TR2608130027440,CL104712,EN00067,velo_elec,Lyon,ST1002,ST1004,13/08/2026 13:03,2026-08-13 13:17:21,14,2.29,4.5,abonnement
TR2608130027441,CL103835,EN00119,trottinette,Lyon,ST1009,ST1011,2026-08-13 13:02:21,2026-08-13 13:11:21,9,2.6,2.98,paypal
TR2608130027442,CL101681,EN00299,trottinette,Nantes,ST1020,ST1025,2026-08-13 13:10:14,2026-08-13 13:25:14,15,4.47,4.3,paypal
TR2608130027443,CL104666,EN00269,velo_elec,Nantes,ST1022,ST1033,2026-08-13 13:04:58,2026-08-13 13:24:58,20,4.84,6.0,cb
TR2608130027444,CL105943,EN00298,trottinette,Nantes,ST1022,ST1032,2026-08-13 13:04:17,13/08/2026 13:15,11,2.22,3.42,abonnement
TR2608130027445,CL105888,EN00235,trottinette,Nantes,ST1024,ST1023,2026-08-13 13:09:37,2026-08-13 13:28:37,19,5.37,5.18,abonnement
TR2608130027446,CL104523,EN00307,trottinette,Nantes,ST1025,ST1033,2026-08-13 13:07:55,1786620235,16,2.94,4.52,cb
TR2608130027447,CL101681,EN00251,velo,Nantes,ST1026,ST1021,2026-08-13 13:08:57,2026-08-13 13:14:57,6,1.06,1.9,cb
TR2608130027448,CL105609,EN00357,trottinette,Nantes,ST1028,ST1024,2026-08-13 13:10:52,1786620172,12,2.18,3.64,cb
TR2608130027449,CL105249,EN00243,velo,Nantes,ST1030,ST1020,2026-08-13 13:15:15,13/08/2026 14:15,60,17.83,10.0,abonnement
TR2608130027450,CL102322,EN00470,trottinette,Lille,ST1038,ST1043,1786618964,2026-08-13 13:14:44,12,2.78,3.64,abonnement
TR2608130027451,CL108883,EN00420,trottinette,Lille,ST1039,ST1040,13/08/2026 13:01,2026-08-13 13:23:36,22,5.69,5.84,cb
TR2608130027452,CL106186,EN00389,trottinette,Lille,ST1043,ST1035,2026-08-13 13:14:45,2026-08-13 13:22:45,8,1.3,2.76,abonnement
TR2608130027453,CL100399,EN00458,velo,Lille,ST1044,ST1044,1786619629,13/08/2026 13:30,17,3.28,3.55,cb
TR2608130027454,CL101202,EN00445,velo_elec,Lille,ST1047,ST1041,2026-08-13 13:15:04,13/08/2026 13:43,28,9.75,8.0,cb
TR2608130027455,CL104530,EN00560,velo_elec,Grenoble,ST1049,ST1049,2026-08-13 13:10:09,2026-08-13 13:28:09,18,3.13,5.5,cb
TR2608130027456,CL107121,EN00562,velo,Grenoble,ST1057,ST1051,2026-08-13 13:10:24,2026-08-13 13:29:24,19,3.3,3.85,cb
TR2608130027457,CL108713,EN00042,trottinette,Lyon,ST1005,ST1002,2026-08-13 13:20:15,13/08/2026 13:43,23,5.57,6.06,abonnement
TR2608130027458,CL108106,EN00172,trottinette,Lyon,ST1015,ST1015,2026-08-13 13:16:55,2026-08-13 13:23:55,7,2.28,2.54,cb
TR2608130027459,CL102559,EN00141,velo_elec,Lyon,ST1019,ST1014,1786620469,13/08/2026 13:34,7,1.56,2.75,cb
TR2608130027460,CL102752,EN00234,trottinette,Nantes,ST1023,ST1020,13/08/2026 13:20,2026-08-13 13:30:47,10,2.93,3.2,abonnement
TR2608130027461,CL104756,EN00332,trottinette,Nantes,ST1028,ST1023,2026-08-13 13:28:46,2026-08-13 13:31:46,3,0.48,1.66,cb
TR2608130027462,CL100081,EN00255,velo,Nantes,ST1030,ST1028,13/08/2026 13:20,,10,2.21,2.5,cb
TR2608130027463,CL106000,EN00291,velo_elec,Nantes,ST1031,ST1028,13/08/2026 13:22,2026-08-13 13:29:01,7,1.98,2.75,cb
TR2608130027464,CL103868,EN00298,trottinette,Nantes,ST1032,ST1030,2026-08-13 13:31:10,2026-08-13 13:45:10,14,2.82,4.08,
TR2608130027465,CL107714,EN00301,velo_elec,Nantes,ST1032,ST1029,2026-08-13 13:29:57,2026-08-13 13:42:57,13,2.95,4.25,abonnement
TR2608130027466,CL107479,EN00408,velo_elec,Lille,ST1034,ST1034,13/08/2026 13:27,13/08/2026 13:43,16,3.85,5.0,abonnement
TR2608130027467,CL107455,EN00373,velo_elec, Lille,ST1034,ST1045,2026-08-13 13:26:31,1786621291,15,3.67,4.75,abonnement
TR2608130027468,CL102040,EN00391,velo_elec,Lille,ST1041,ST1046,1786619794,2026-08-13 13:34:34,18,3.93,5.5,cb
TR2608130027469,CL104671,EN00470,trottinette,lille,ST1043,ST1047,2026-08-13 13:18:59,2026-08-13 13:32:59,14,2.13,4.08,abonnement
TR2608130027470,CL106663,EN00413,trottinette,Lille,ST1045,ST1041,2026-08-13 13:23:33,2026-08-13 13:34:33,11,1.73,3.42,cb
TR2608130027471,CL107368,EN00501,trottinette,Grenoble ,ST1049,ST1048,2026-08-13 13:28:49,2026-08-13 13:33:49,5,1.22,2.1,cb
TR2608130027472,CL101567,EN00571,trottinette,Grenoble,ST1052,ST1052,2026-08-13 13:17:37,2026-08-13 13:24:37,7,1.36,2.54,paypal
TR2608130027473,CL102079,EN00542,velo,Grenoble ,ST1055,ST1053,2026-08-13 13:21:25,2026-08-13 13:31:25,10,2.78,2.5,paypal
TR2608130027474,CL101997,EN00020,velo_elec,Lyon,ST1001,ST1003,2026-08-13 13:34:28,1786623988,52,11.6,14.0,cb
TR2608130027475,CL105036,EN00104,trottinette,Lyon,ST1012,ST1016,2026-08-13 13:39:01,2026-08-13 13:52:01,13,2.48,3.86,cb
TR2608130027476,CL100644,EN00184,velo_elec,Lyon,ST1016,ST1017,2026-08-13 13:36:58,2026-08-13 14:28:58,52,13.79,14.0,cb
TR2608130027477,CL105259,EN00174,velo_elec,LYON,ST1019,ST1003,1786621308,2026-08-13 13:47:48,6,1.51,2.5,abonnement
TR2608130027478,CL102996,EN00299,trottinette,Nantes,ST1025,ST1030,2026-08-13 13:40:46,2026-08-13 14:01:46,21,6.26,5.62,abonnement
TR2608130027479,CL107742,EN00291,velo_elec,Nantes,ST1028,ST1033,2026-08-13 13:34:12,2026-08-13 13:47:12,13,2.63,4.25,paypal
TR2608130027480,CL101851,EN00269,velo_elec,Nantes,ST1033,ST1031,2026-08-13 13:46:07,,17,2.67,5.25,cb
TR2608130027481,CL105243,EN00462,velo_elec,Lille,ST1040,ST1047,13/08/2026 13:41,2026-08-13 13:55:27,14,2.3,4.5,cb
TR2608130027482,CL106735,EN00575,trottinette,GRENOBLE,ST1048,ST1053,1786621320,1786622220,15,4.81,4.3,abonnement
TR2608130027483,CL105459,EN00161,velo_elec,Lyon,ST1002,ST1010,2026-08-13 13:50:11,2026-08-13 13:58:11,8,2.18,3.0,paypal
TR2608130027484,CL106416,EN00129,velo_elec,Lyon,ST1003,ST1010,2026-08-13 13:47:29,2026-08-13 13:57:29,-19,3.23,3.5,cb
TR2608130027485,CL102242,EN00045,trottinette,LYON,ST1003,ST1002,2026-08-13 13:49:33,13/08/2026 14:00,11,3.4,3.42,abonnement
TR2608130027486,CL105964,EN00173,velo_elec,Lyon,ST1009,ST1019,1786622288,2026-08-13 14:02:08,4,1.06,2.0,abonnement
TR2608130027487,CL100325,EN00037,trottinette,Lyon,ST1014,ST1009,2026-08-13 13:56:22,1786622602,7,1.61,2.54,cb
TR2608130027488,CL108605,EN00146,trottinette,lyon,ST1018,ST1012,2026-08-13 13:53:55,2026-08-13 14:16:55,23,4.55,6.06,cb
TR2608130027489,CL101200,EN00011,velo_elec,Lyon,ST1018,ST1013,2026-08-13 13:49:53,2026-08-13 14:02:53,13,2.16,4.25,cb
TR2608130027490,CL100423,EN00342,velo_elec,Nantes,ST1021,ST1031,2026-08-13 13:45:48,2026-08-13 13:59:48,14,4.08,4.5,paypal
TR2608130027491,CL106120,EN00340,velo_elec,Nantes,ST1024,ST1020,2026-08-13 13:47:06,2026-08-13 13:56:06,9,1.57,3.25,abonnement
TR2608130027492,CL106268,EN00310,trottinette,Nantes,ST1027,ST1027,2026-08-13 13:55:00,2026-08-13 14:10:00,15,5.16,4.3,cb
TR2608130027493,CL106721,EN00346,velo,Nantes,ST1027,ST1027,2026-08-13 13:56:56,2026-08-13 14:19:56,23,6.8,4.45,cb
TR2608130027494,CL105449,EN00408,velo_elec,Lille,ST1034,ST1036,2026-08-13 13:49:09,13/08/2026 13:59,10,2.77,3.5,paypal
TR2608130027495,CL104229,EN00458,velo,LILLE,ST1044,ST1041,2026-08-13 13:50:27,2026-08-13 14:00:27,10,3.42,2.5,paypal
TR2608130027496,CL103153,EN00400,trottinette,LILLE,ST1045,ST1042,2026-08-13 13:50:52,2026-08-13 14:10:52,20,3.6,5.4,cb
TR2608130027497,CL101733,EN00470,trottinette,lille,ST1047,ST1034,2026-08-13 13:51:52,2026-08-13 13:59:52,8,2.26,2.76,cb
TR2608130027498,CL106124,EN00442,trottinette,Lille,ST1047,ST1046,2026-08-13 13:52:37,2026-08-13 13:56:37,4,0.66,1.88,
TR2608130027499,CL106626,EN00538,velo,Grenoble,ST1050,ST1051,2026-08-13 13:59:58,2026-08-13 14:07:58,8,1.82,2.2,cb
TR2608130027500,CL106616,EN00564,velo,GRENOBLE,ST1054,ST1057,2026-08-13 13:48:42,13/08/2026 14:00,12,2.4,2.8,abonnement
TR2608130027501,CL102285,EN00521,velo,Grenoble,ST1058,ST1053,2026-08-13 13:53:26,2026-08-13 14:05:26,12,3.54,2.8,cb
TR2608130027502,CL104620,EN00081,velo_elec,Lyon,ST1011,ST1009,13/08/2026 14:04,2026-08-13 14:24:28,20,4.67,6.0,abonnement
TR2608130027503,CL102381,EN00098,velo_elec,Lyon,ST1013,ST1012,2026-08-13 14:05:47,13/08/2026 14:12,7,2.42,2.75,abonnement
TR2608130027504,CL104411,EN00348,velo_elec,Nantes,ST1022,ST1021,1786622724,2026-08-13 14:10:24,5,1.28,2.25,abonnement
TR2608130027505,CL101675,EN00470,trottinette,Lille,ST1034,ST1035,2026-08-13 14:13:20,13/08/2026 14:34,21,4.59,5.62,cb
TR2608130027506,CL107972,EN00483,trottinette,Lille,ST1045,ST1036,2026-08-13 14:09:46,2026-08-13 14:19:46,10,2.23,3.2,cb
TR2608130027507,CL106630,EN00575,trottinette,Grenoble,ST1053,ST1048,2026-08-13 14:13:15,2026-08-13 14:39:15,26,7.03,6.72,paypal
TR2608130027508,CL108384,EN00540,velo,Grenoble,ST1058,ST1055,2026-08-13 14:06:52,2026-08-13 14:16:52,10,1.71,2.5,abonnement
TR2608130027509,CL104694,EN00019,trottinette,Lyon,ST1001,ST1015,2026-08-13 14:29:45,2026-08-13 14:41:45,12,2.51,3.64,
TR2608130027510,CL104513,EN00002,velo_elec,Lyon,ST1004,ST1004,2026-08-13 14:28:38,,8,1.86,3.0,abonnement
TR2608130027511,CL108944,EN00109,trottinette,Lyon,ST1017,ST1005,2026-08-13 14:25:25,2026-08-13 14:34:25,9,2.29,2.98,cb
TR2608130027512,CL102406,EN00025,velo_elec,LYON,ST1018,ST1004,13/08/2026 14:17,2026-08-13 14:24:04,7,1.55,2.75,abonnement
TR2608130027513,CL108100,EN00348,velo_elec,Nantes,ST1021,ST1025,2026-08-13 14:23:28,2026-08-13 14:27:28,4,0.7,2.0,abonnement
TR2608130027514,CL100230,EN00267,trottinette,Nantes,ST1029,ST1025,2026-08-13 14:23:55,2026-08-13 14:32:55,9,2.13,2.98,abonnement
TR2608130027515,CL105302,EN00298,trottinette,Nantes,ST1030,ST1031,2026-08-13 14:28:39,2026-08-13 14:49:39,21,5.41,5.62,abonnement
TR2608130027516,CL105443,EN00455,velo_elec,Lille,ST1045,ST1046,2026-08-13 14:18:43,2026-08-13 14:29:43,11,1.76,3.75,abonnement
TR2608130027517,CL104627,EN00571,trottinette,Grenoble,ST1052,ST1055,1786624242,2026-08-13 14:57:42,27,5.21,6.94,cb
TR2608130027518,CL108119,EN00085,velo_elec,LYON,ST1008,ST1005,13/08/2026 14:33,2026-08-13 14:36:21,3,0.92,1.75,cb
TR2608130027519,CL104509,EN00360,trottinette,Nantes,ST1022,ST1023,2026-08-13 14:38:17,2026-08-13 14:59:17,21,3.47,5.62,cb
TR2608130027520,CL105832,EN00264,trottinette,Nantes,ST1024,ST1027,2026-08-13 14:46:19,1786625779,10,2.09,3.2,abonnement
TR2608130027521,CL100627,EN00348,velo_elec,Nantes,ST1025,ST1031,13/08/2026 14:32,2026-08-13 14:40:28,8,2.13,3.0,cb
TR2608130027522,CL105596,EN00259,trottinette,Nantes,ST1032,ST1022,2026-08-13 14:32:10,1786625170,14,3.87,4.08,cb
TR2608130027523,CL106342,EN00413,trottinette,Lille,ST1041,ST1037,13/08/2026 14:32,2026-08-13 14:58:14,26,8.13,6.72,abonnement
TR2608130027524,CL103095,EN00462,velo_elec,Lille,ST1047,ST1034,1786624911,2026-08-13 14:48:51,7,2.03,2.75,abonnement
TR2608130027525,CL104112,EN00507,trottinette,Grenoble,ST1048,ST1052,2026-08-13 14:43:15,2026-08-13 14:54:15,11,2.95,3.42,abonnement
TR2608130027526,CL105849,EN00590,velo_elec,Grenoble,ST1053,ST1048,2026-08-13 14:34:35,1786625735,21,6.47,6.25,abonnement
TR2608130027527,CL108265,EN00235,trottinette,Nantes,ST1023,ST1032,2026-08-13 14:58:09,2026-08-13 15:08:09,10,2.69,3.2,abonnement
TR2608130027528,CL104389,EN00267,trottinette,Nantes,ST1025,ST1024,,2026-08-13 15:07:27,14,4.32,4.08,cb
TR2608130027529,CL104183,EN00310,trottinette,Nantes,ST1027,ST1028,13/08/2026 14:49,13/08/2026 14:57,8,2.19,2.76,paypal
TR2608130027530,CL108941,EN00299,trottinette,Nantes,ST1030,ST1030,2026-08-13 14:49:07,1786625887,9,2.56,2.98,abonnement
TR2608130027531,CL102444,EN00420,trottinette,lille,ST1040,ST1037,2026-08-13 14:46:24,1786625784,10,2.66,3.2,paypal
TR2608130027532,CL103573,EN00504,trottinette,Grenoble,ST1053,ST1051,2026-08-13 14:48:02,2026-08-13 15:01:02,13,2.32,3.86,cb
TR2608130027533,CL103114,EN00520,velo_elec,Grenoble,ST1056,ST1057,13/08/2026 15:00,2026-08-13 15:30:36,30,10.0,8.5,cb
TR2608130027534,CL100509,EN00564,velo,Grenoble,ST1057,ST1049,2026-08-13 15:01:07,13/08/2026 15:11,10,3.25,2.5,cb
TR2608130027535,CL107651,EN00167,trottinette,Lyon,ST1004,ST1006,13/08/2026 15:12,2026-08-13 15:24:28,12,2.1,3.64,paypal
TR2608130027536,CL101121,EN00027,velo_elec,Lyon,ST1012,ST1014,,2026-08-13 15:15:29,10,1.76,3.5,cb
TR2608130027537,CL100670,EN00184,velo_elec,Lyonn,ST1017,ST1006,13/08/2026 15:09,2026-08-13 15:25:10,16,3.21,5.0,cb
TR2608130027538,CL102609,EN00061,trottinette,Lyon,ST1018,ST1018,2026-08-13 15:11:31,1786627291,10,1.67,3.2,abonnement
TR2608130027539,CL108432,EN00360,trottinette,Nantes,ST1023,ST1033,2026-08-13 15:03:42,2026-08-13 15:17:42,14,3.58,4.08,cb
TR2608130027540,CL102516,EN00246,trottinette,Nantes,ST1028,ST1031,2026-08-13 15:13:17,2026-08-13 15:40:17,27,5.19,6.94,cb
TR2608130027541,CL105406,EN00571,trottinette,Grenoble,ST1055,ST1055,13/08/2026 15:10,2026-08-13 15:14:05,4,0.78,1.88,abonnement
TR2608130027542,CL103230,EN00094,velo_elec,Lyon,ST1018,ST1003,1786627622,2026-08-13 15:53:02,26,5.93,7.5,cb
TR2608130027543,CL105777,EN00250,velo_elec,Nantes,ST1021,ST1029,2026-08-13 15:19:29,13/08/2026 15:37,18,4.5,5.5,cb
TR2608130027544,CL101219,EN00268,trottinette,Nantes,ST1023,ST1021,13/08/2026 15:23,13/08/2026 15:44,21,6.18,5.62,cb
TR2608130027545,CL108977,EN00235,trottinette,Nantes,ST1032,ST1028,2026-08-13 15:18:29,2026-08-13 15:27:29,9,2.29,2.98,paypal
TR2608130027546,CL104128,EN00413,trottinette,Lille,ST1037,ST1046,2026-08-13 15:30:51,13/08/2026 15:34,4,0.66,1.88,abonnement
TR2608130027547,CL100428,EN00482,velo_elec,Lille,ST1046,ST1040,2026-08-13 15:20:36,2026-08-13 15:32:36,12,3.08,4.0,abonnement
TR2608130027548,CL102028,EN00582,trottinette,Grenoble,ST1048,ST1058,2026-08-13 15:25:40,13/08/2026 15:32,7,2.33,2.54,cb
TR2608130027549,CL107402,EN00563,trottinette,Grenoble,ST1048,ST1053,13/08/2026 15:25,2026-08-13 15:34:38,9,2.89,2.98,abonnement
TR2608130027550,CL101096,EN00545,trottinette,Grenoble,ST1051,ST1056,1786627326,13/08/2026 15:27,5,0.76,2.1,abonnement
TR2608130027551,CL100324,EN00167,trottinette,Lyon,ST1006,ST1018,2026-08-13 15:43:16,2026-08-13 16:03:16,20,5.7,5.4,abonnement
TR2608130027552,CL104077,EN00211,velo_elec,Lyon,ST1016,ST1016,2026-08-13 15:42:13,2026-08-13 16:02:13,20,5.67,6.0,cb
TR2608130027553,CL105764,EN00351,trottinette,Nantes,ST1021,ST1023,2026-08-13 15:45:45,2026-08-13 15:59:45,4605,3.99,4.08,paypal
TR2608130027554,CL104148,EN00486,velo,Lille,ST1040,ST1040,2026-08-13 15:32:19,1786628239,5,1.64,1.75,cb
TR2608130027555,CL101217,EN00390,velo,LILLE,ST1040,ST1047,13/08/2026 15:33,2026-08-13 15:38:16,5,0.76,1.75,cb
TR2608130027556,CL100220,EN00520,velo_elec,Grenoble,ST1057,ST1054,2026-08-13 15:31:18,2026-08-13 15:42:18,11,1.69,3.75,cb
TR2608130027557,CL103078,EN00219,velo_elec,Lyon,ST1008,ST1012,2026-08-13 15:48:26,2026-08-13 15:54:26,6,1.67,2.5,cb
TR2608130027558,CL103109,EN00168,velo_elec,Lyon,ST1016,ST1009,2026-08-13 15:53:16,13/08/2026 16:07,14,3.47,4.5,cb
TR2608130027559,CL102321,EN00260,velo_elec,Nantes,ST1028,ST1029,2026-08-13 15:56:32,13/08/2026 16:10,14,4.23,4.5,abonnement
TR2608130027560,CL105500,EN00336,velo_elec,Nantes,ST1028,ST1024,13/08/2026 15:47,2026-08-13 16:04:39,17,5.83,5.25,cb
TR2608130027561,CL107508,EN00482,velo_elec,Lille,ST1040,ST1044,2026-08-13 15:49:13,2026-08-13 16:00:13,11,2.22,3.75,cb
TR2608130027562,CL102719,EN00563,trottinette,Grenoble ,ST1053,ST1058,2026-08-13 16:00:51,2026-08-13 16:06:51,6,1.11,2.32,paypal
TR2608130027563,CL104887,EN00520,velo_elec,Grenoble,ST1054,ST1048,2026-08-13 15:56:13,2026-08-13 16:04:13,8,2.39,3.0,paypal
TR2608130027564,CL104917,EN00045,trottinette,Lyon,ST1002,ST1014,2026-08-13 16:03:27,1786630707,15,3.72,4.3,cb
TR2608130027565,CL107678,EN00085,velo_elec,Lyon,ST1005,ST1007,2026-08-13 16:05:30,2026-08-13 16:10:30,5,1.24,2.25,abonnement
TR2608130027566,CL107885,EN00119,trottinette,Lyon,ST1011,ST1014,2026-08-13 16:11:56,2026-08-13 16:29:56,18,2.8,4.96,cb
TR2608130027567,CL100805,EN00204,velo_elec,Lyon,ST1011,ST1009,2026-08-13 16:06:35,2026-08-13 16:09:35,3,0.66,1.75,cb
TR2608130027568,CL102886,EN00327,velo_elec,Nantes,ST1020,ST1029,2026-08-13 16:05:14,2026-08-13 16:28:14,23,5.54,6.75,abonnement
TR2608130027569,CL104064,EN00351,trottinette,Nantes,ST1023,ST1020,2026-08-13 16:03:11,2026-08-13 16:10:11,7,1.55,2.54,cb
TR2608130027570,CL101645,EN00235,trottinette,Nantes,ST1028,ST1020,13/08/2026 16:03,13/08/2026 16:09,6,1.09,2.32,paypal
TR2608130027571,CL108537,EN00383,trottinette,Lille,ST1036,ST1037,2026-08-13 16:07:47,2026-08-13 16:28:47,21,6.7,5.62,paypal
TR2608130027572,CL105330,EN00418,trottinette,Lille,ST1036,ST1046,2026-08-13 16:06:23,13/08/2026 16:20,14,3.74,4.08,cb
TR2608130027573,CL106215,EN00542,velo,Grenoble,ST1053,ST1055,2026-08-13 16:12:08,13/08/2026 16:21,9,2.44,2.35,cb
TR2608130027574,CL104239,EN00122,trottinette,Lyon,ST1001,ST1017,2026-08-13 16:30:15,2026-08-13 16:50:15,20,6.24,5.4,cb
TR2608130027575,CL100697,EN00203,trottinette,lyon,ST1003,ST1007,2026-08-13 16:19:53,2026-08-13 16:43:53,24,8.36,6.28,paypal
TR2608130027576,CL105726,EN00108,velo_elec,Lyon,ST1003,ST1016,2026-08-13 16:24:57,2026-08-13 16:41:57,17,4.84,5.25,abonnement
TR2608130027577,CL103049,EN00109,trottinette,Lyon,ST1005,ST1003,2026-08-13 16:16:59,2026-08-13 16:24:59,8,2.7,2.76,cb
TR2608130027578,CL104376,EN00136,trottinette,Lyon,ST1013,ST1019,2026-08-13 16:18:22,2026-08-13 16:23:22,5,1.03,2.1,cb
TR2608130027579,CL105431,EN00041,velo_elec,Lyon,ST1016,ST1002,2026-08-13 16:21:05,13/08/2026 16:48,27,7.9,7.75,paypal
TR2608130027580,CL105740,EN00211,velo_elec,Lyon,ST1016,ST1014,2026-08-13 16:21:42,2026-08-13 16:32:42,11,3.06,3.75,cb
TR2608130027581,CL100868,EN00373,velo_elec,Lille,ST1045,ST1042,2026-08-13 16:18:52,2026-08-13 16:33:52,15,4.36,4.75,cb
TR2608130027582,CL106979,EN00565,trottinette,Grenoble,ST1048,ST1050,2026-08-13 16:25:11,1786632551,24,5.44,6.28,cb
TR2608130027583,CL100982,EN00524,velo_elec,Grenoble,ST1052,ST1056,2026-08-13 16:16:45,2026-08-13 17:07:45,51,17.48,13.75,cb
TR2608130027584,CL108088,EN00065,trottinette,Lyon,ST1004,ST1008,2026-08-13 16:31:51,2026-08-13 16:42:51,11,2.72,3.42,paypal
TR2608130027585,CL104966,EN00348,velo_elec,Nantes,ST1031,ST1029,13/08/2026 16:37,1786632262,7,2.08,2.75,cb
TR2608130027586,CL103536,EN00462,velo_elec,Lille,ST1034,ST1040,1786631611,13/08/2026 16:57,24,7.07,7.0,cb
TR2608130027587,CL101859,EN00439,velo_elec,Lille,ST1035,ST1047,2026-08-13 16:43:32,1786632692,8,1.74,3.0,abonnement
TR2608130027588,CL100174,EN00366,trottinette,LILLE,ST1035,ST1038,2026-08-13 16:32:34,2026-08-13 16:41:34,9,1.48,2.98,cb
TR2608130027589,CL102543,EN00402,trottinette,Lille,ST1036,ST1037,2026-08-13 16:44:21,2026-08-13 16:55:21,11,2.1,3.42,abonnement
TR2608130027590,CL106670,EN00383,trottinette,Lille,ST1037,ST1040,2026-08-13 16:35:02,2026-08-13 16:45:02,10,2.34,3.2,cb
TR2608130027591,CL105370,EN00571,trottinette,Grenoble,ST1055,ST1051,2026-08-13 16:36:47,2026-08-13 16:45:47,9,2.22,2.98,cb
TR2608130027592,CL108814,EN00193,trottinette,Lyon,ST1001,ST1018,13/08/2026 16:46,2026-08-13 16:50:23,4,0.68,1.88,cb
TR2608130027593,CL101306,EN00051,velo,Lyon,ST1005,ST1004,2026-08-13 16:59:23,2026-08-13 17:12:23,13,4.49,2.95,abonnement
TR2608130027594,CL101156,EN00011,velo_elec,Lyon,ST1013,ST1018,2026-08-13 16:48:52,2026-08-13 17:13:52,25,6.19,7.25,
TR2608130027595,CL106793,EN00061,trottinette,Lyon,ST1018,ST1008,2026-08-13 16:53:03,2026-08-13 16:59:03,6,1.94,2.32,cb
TR2608130027596,CL106116,EN00294,velo_elec,Nantes,ST1020,ST1031,2026-08-13 17:00:12,13/08/2026 17:05,5,1.12,2.25,cb
TR2608130027597,CL101390,EN00334,trottinette,Nantes,ST1022,ST1029,2026-08-13 16:59:58,1786633738,9,1.41,2.98,abonnement
TR2608130027598,CL107631,EN00313,trottinette,Nantes,ST1022,ST1028,2026-08-13 16:57:03,2026-08-13 17:28:03,31,4.75,7.82,cb
TR2608130027599,CL103610,EN00336,velo_elec,Nante,ST1024,ST1027,1786632849,2026-08-13 17:08:09,14,4.72,4.5,cb
TR2608130027600,CL106434,EN00310,trottinette,Nantes,ST1028,ST1024,2026-08-13 16:54:31,2026-08-13 16:58:31,4,1.33,1.88,paypal
TR2608130027601,CL101012,EN00247,trottinette,Nante,ST1032,ST1020,2026-08-13 16:47:08,2026-08-13 17:21:08,34,11.67,8.48,cb
TR2608130027602,CL105027,EN00307,trottinette,Nantes,ST1033,ST1024,2026-08-13 16:55:57,2026-08-13 17:11:57,16,5.4,4.52,cb
TR2608130027603,CL104750,EN00479,trottinette,Lille,ST1035,ST1044,13/08/2026 16:55,2026-08-13 17:03:12,8,2.68,2.76,abonnement
TR2608130027604,CL103145,EN00587,trottinette,Grenoble,ST1048,ST1052,1786633248,1786634868,27,7.01,6.94,cb
TR2608130027605,CL102926,EN00537,velo_elec,Grenoble,ST1049,ST1058,13/08/2026 16:56,2026-08-13 17:12:28,16,4.73,5.0,cb
TR2608130027606,CL107140,EN00521,velo,Grenoble ,ST1053,ST1051,2026-08-13 16:57:23,2026-08-13 17:25:23,28,7.12,5.2,paypal
TR2608130027607,CL106150,EN00101,velo_elec,Lyon,ST1001,ST1001,2026-08-13 17:05:59,2026-08-13 17:15:59,10,1.84,3.5,cb
TR2608130027608,CL106857,EN00106,trottinette,Lyon,ST1001,ST1015,13/08/2026 17:04,2026-08-13 17:15:57,11,2.65,3.42,cb
TR2608130027609,CL106880,EN00094,velo_elec,Lyon,ST1003,ST1015,13/08/2026 17:13,13/08/2026 17:29,16,2.77,5.0,
TR2608130027610,CL102336,EN00048,velo,Lyon,ST1011,ST1014,2026-08-13 17:10:06,2026-08-13 17:49:06,39,8.71,6.85,cb
TR2608130027611,CL105039,EN00083,velo_elec,Lyon,ST1012,ST1007,2026-08-13 17:15:05,2026-08-13 17:37:05,22,6.03,6.5,abonnement
TR2608130027612,CL104892,EN00134,velo,Lyon,ST1013,ST1010,2026-08-13 17:12:15,2026-08-13 18:00:15,48,13.86,8.2,cb
TR2608130027613,CL106858,EN00286,velo_elec,Nantes,ST1021,ST1032,2026-08-13 17:13:36,2026-08-13 17:19:36,6,1.48,2.5,abonnement
TR2608130027614,CL108117,EN00315,velo_elec,Nantes,ST1021,ST1032,13/08/2026 17:14,2026-08-13 18:38:42,84,20.99,22.0,cb
TR2608130027615,CL101776,EN00332,trottinette,Nantes,ST1023,ST1028,2026-08-13 17:03:02,2026-08-13 17:18:02,15,4.35,4.3,abonnement
TR2608130027616,CL100616,EN00495,trottinette,Lille,ST1035,ST1035,2026-08-13 17:07:10,2026-08-13 17:16:10,9,1.82,2.98,cb
TR2608130027617,CL100047,EN00438,trottinette,Lille,ST1036,ST1036,2026-08-13 17:16:00,2026-08-13 17:33:00,17,4.92,4.74,cb
TR2608130027618,CL108488,EN00383,trottinette,Lille,ST1040,ST1038,2026-08-13 17:00:31,2026-08-13 17:07:31,7,2.2,2.54,cb
TR2608130027619,CL104477,EN00445,velo_elec,Lille,ST1041,ST1034,2026-08-13 17:00:52,13/08/2026 17:18,18,3.53,5.5,cb
TR2608130027620,CL103432,EN00400,trottinette,Lille,ST1042,ST1036,13/08/2026 17:08,2026-08-13 17:11:36,3,0.57,1.66,cb
TR2608130027621,CL102513,EN00482,velo_elec,Lille,ST1044,ST1040,2026-08-13 17:07:00,13/08/2026 17:30,23,6.15,6.75,cb
TR2608130027622,CL106828,EN00591,velo_elec,Grenoble,ST1048,ST1048,2026-08-13 17:11:22,2026-08-13 17:29:22,18,4.62,5.5,cb
TR2608130027623,CL105139,EN00561,velo_elec,Grenoble,ST1048,ST1050,2026-08-13 17:10:57,13/08/2026 17:21,11,2.65,3.75,abonnement
TR2608130027624,CL106372,EN00503,trottinette,Grenoble,ST1048,ST1056,2026-08-13 17:13:21,2026-08-13 17:51:21,38,10.88,9.36,cb
TR2608130027625,CL104846,EN00558,trottinette,Grenoble,ST1049,ST1051,13/08/2026 17:11,2026-08-13 17:14:13,3,0.87,1.66,abonnement
TR2608130027626,CL101572,EN00540,velo,Grenoble,ST1055,ST1049,2026-08-13 17:12:26,1786635206,21,4.61,4.15,paypal
TR2608130027627,CL106231,EN00144,trottinette,Lyon,ST1001,ST1005,2026-08-13 17:26:39,2026-08-13 17:40:39,14,3.4,4.08,cb
TR2608130027628,CL107429,EN00117,trottinette,Lyonn,ST1004,ST1016,2026-08-13 17:18:26,2026-08-13 17:23:26,5,1.37,2.1,cb
TR2608130027629,CL103876,EN00061,trottinette,Lyon,ST1008,ST1008,2026-08-13 17:26:05,2026-08-13 17:51:05,25,7.67,6.5,paypal
TR2608130027630,CL108585,EN00193,trottinette,Lyon,ST1018,ST1007,2026-08-13 17:17:57,13/08/2026 17:40,23,7.57,6.06,cb
TR2608130027631,CL102710,EN00225,velo_elec,Nantes,ST1021,ST1022,2026-08-13 17:22:32,2026-08-13 17:35:32,13,3.02,4.25,cb
TR2608130027632,CL102246,EN00333,trottinette,Nantes,ST1022,ST1030,13/08/2026 17:20,2026-08-13 17:35:23,15,4.48,4.3,paypal
TR2608130027633,CL102015,EN00259,trottinette,Nantes,ST1022,ST1032,2026-08-13 17:21:08,1786636688,37,12.53,9.14,cb
TR2608130027634,CL107998,EN00324,velo,Nantes,ST1028,ST1023,2026-08-13 17:25:27,2026-08-13 17:36:27,11,2.99,2.65,abonnement
TR2608130027635,CL103183,EN00291,velo_elec,Nantes,ST1033,ST1033,2026-08-13 17:21:02,1786636982,42,9.82,11.5,cb
TR2608130027636,CL101999,EN00488,velo_elec,Lille,ST1034,ST1042,2026-08-13 17:18:19,2026-08-13 17:29:19,11,2.57,3.75,abonnement
TR2608130027637,CL106743,EN00393,trottinette,Lille,ST1036,ST1043,2026-08-13 17:20:11,2026-08-13 17:41:11,21,6.02,5.62,paypal
TR2608130027638,CL103201,EN00479,trottinette,Lille,ST1044,ST1043,1786634982,2026-08-13 17:41:42,12,1.87,3.64,paypal
TR2608130027639,CL104974,EN00418,trottinette,Lille,ST1046,ST1042,13/08/2026 17:27,2026-08-13 17:37:36,10,2.71,3.2,cb
TR2608130027640,CL104634,EN00439,velo_elec,Lille,ST1047,ST1037,2026-08-13 17:16:34,2026-08-13 17:22:34,6,1.64,2.5,abonnement
TR2608130027641,CL102759,EN00599,trottinette,Grenoble,ST1048,ST1048,2026-08-13 17:27:44,13/08/2026 17:33,6,1.58,2.32,cb
TR2608130027642,CL108762,EN00553,trottinette,Grenoble,ST1049,ST1056,2026-08-13 17:17:59,2026-08-13 17:26:59,9,1.55,2.98,cb
TR2608130027643,CL104758,EN00544,velo_elec,GRENOBLE,ST1049,ST1055,2026-08-13 17:18:07,2026-08-13 17:34:07,16,3.58,5.0,cb
TR2608130027644,CL100728,EN00570,trottinette,Grenoble,ST1049,ST1058,1786634891,2026-08-13 17:39:11,11,2.64,3.42,cb
TR2608130027645,CL102117,EN00565,trottinette,Grenoble,ST1050,ST1057,2026-08-13 17:31:06,2026-08-13 17:42:06,11,2.66,,cb
TR2608130027646,CL107963,EN00545,trottinette,Grenoble,ST1056,ST1052,2026-08-13 17:17:47,2026-08-13 17:20:47,3,0.47,1.66,paypal
TR2608130027647,CL101031,EN00524,velo_elec,Grenoble,ST1056,ST1054,2026-08-13 17:28:45,2026-08-13 17:35:45,7,1.22,2.75,abonnement
TR2608130027648,CL105075,EN00118,trottinette,lyon,ST1001,ST1017,13/08/2026 17:35,13/08/2026 17:45,10,3.35,3.2,cb
TR2608130027649,CL105146,EN00041,velo_elec,Lyon,ST1002,ST1013,2026-08-13 17:30:40,2026-08-13 17:44:40,14,2.94,4.5,cb
TR2608130027650,CL102211,EN00025,velo_elec,lyon,ST1004,ST1015,2026-08-13 17:36:28,2026-08-13 18:16:28,40,6.79,11.0,abonnement
TR2608130027651,CL102861,EN00153,velo_elec,Lyon,ST1004,ST1006,2026-08-13 17:34:26,2026-08-13 17:45:26,11,1.7,3.75,paypal
TR2608130027652,CL108697,EN00175,trottinette,Lyon,ST1016,ST1014,2026-08-13 17:32:44,2026-08-13 18:19:44,47,14.51,11.34,abonnement
TR2608130027653,CL108890,EN00011,velo_elec,Lyon,ST1018,ST1003,13/08/2026 17:35,2026-08-13 17:54:34,19,3.25,5.75,cb
TR2608130027654,CL106623,EN00257,trottinette,Nantes,ST1021,ST1026,2026-08-13 17:40:59,2026-08-13 17:50:59,10,1.52,3.2,paypal
TR2608130027655,CL105574,EN00263,trottinette,Nantes,ST1022,ST1027,2026-08-13 17:34:32,,13,2.76,3.86,abonnement
TR2608130027656,CL101771,EN00286,velo_elec,Nantes,ST1032,ST1028,2026-08-13 17:41:38,2026-08-13 17:45:38,4,1.03,2.0,paypal
TR2608130027657,CL101141,EN00445,velo_elec, Lille,ST1034,ST1034,1786635488,2026-08-13 17:48:08,10,1.57,3.5,cb
TR2608130027658,CL103899,EN00456,trottinette,Lille,ST1034,ST1046,2026-08-13 17:34:23,13/08/2026 17:44,10,3.49,3.2,cb
TR2608130027659,CL101992,EN00392,velo_elec,Lille,ST1034,ST1047,1786635188,2026-08-13 17:40:08,7,1.85,2.75,abonnement
TR2608130027660,CL103599,EN00368,trottinette,LILLE,ST1036,ST1045,2026-08-13 17:45:58,2026-08-13 17:49:58,4,1.26,1.88,abonnement
TR2608130027661,CL106711,EN00483,trottinette,Lille,ST1036,ST1042,2026-08-13 17:41:49,13/08/2026 17:46,5,0.97,2.1,paypal
TR2608130027662,CL104465,EN00366,trottinette,Lille,ST1038,ST1041,2026-08-13 17:43:55,2026-08-13 17:46:55,3,0.45,1.66,cb
TR2608130027663,CL101005,EN00516,velo_elec,Grenoble,ST1048,ST1055,2026-08-13 17:34:24,2026-08-13 18:07:24,33,6.51,9.25,abonnement
TR2608130027664,CL101293,EN00547,trottinette,Grenoble,ST1049,ST1055,13/08/2026 17:41,2026-08-13 17:52:17,11,2.18,3.42,paypal
TR2608130027665,CL100372,EN00558,trottinette,Grenoble,ST1051,ST1054,2026-08-13 17:38:45,2026-08-13 17:53:45,15,2.45,4.3,cb
TR2608130027666,CL102356,EN00548,trottinette,Grenoble,ST1052,ST1051,2026-08-13 17:32:23,2026-08-13 17:37:23,5,1.4,2.1,cb
TR2608130027667,CL106574,EN00002,velo_elec,Lyon,ST1004,ST9896,2026-08-13 17:58:56,1786637036,5,1.61,2.25,paypal
TR2608130027668,CL107198,EN00144,trottinette,lyon,ST1005,ST1013,13/08/2026 17:47,1786636519,8,2.41,2.76,paypal
TR2608130027669,CL107432,EN00153,velo_elec,LYON,ST1006,ST1003,1786636390,2026-08-13 17:58:10,5,1.49,2.25,abonnement
TR2608130027670,CL106577,EN00112,velo_elec,Lyon,ST1009,ST1016,2026-08-13 17:53:18,2026-08-13 18:11:18,18,5.61,5.5,abonnement
TR2608130027671,CL105236,EN00041,velo_elec,Lyon,ST1013,ST1001,2026-08-13 18:01:00,2026-08-13 18:07:00,6,1.76,2.5,paypal
TR2608130027672,CL108001,EN00118,trottinette,Lyon,ST1017,ST1006,2026-08-13 17:56:14,2026-08-13 18:30:14,34,5.74,8.48,abonnement
TR2608130027673,CL104960,EN00267,trottinette,Nantes,ST1024,ST1023,13/08/2026 17:58,2026-08-13 18:14:50,16,5.48,4.52,cb
TR2608130027674,CL104958,EN00336,velo_elec,nantes,ST1027,ST1022,2026-08-13 17:48:50,1786637030,15,4.65,4.75,abonnement
TR2608130027675,CL101449,EN00359,trottinette,Nantes,ST1030,ST1032,1786636080,13/08/2026 17:59,11,2.91,3.42,abonnement
TR2608130027676,CL105603,EN00294,velo_elec,Nantes,ST1031,ST1026,2026-08-13 17:57:05,2026-08-13 18:03:05,6,0.92,2.5,abonnement
TR2608130027677,CL106282,EN00493,velo_elec,Lille,ST1034,ST1034,13/08/2026 17:54,2026-08-13 18:02:58,8,1.21,3.0,abonnement
TR2608130027678,CL100494,EN00459,velo_elec,Lille,ST1034,ST1037,2026-08-13 17:55:18,2026-08-13 17:59:18,4,0.99,2.0,cb
TR2608130027679,CL103642,EN00421,velo_elec,Lille,ST1034,ST1037,2026-08-13 17:57:43,13/08/2026 18:05,8,1.86,3.0,abonnement
TR2608130027680,CL106870,EN00475,trottinette,Lille,ST1035,ST1045,2026-08-13 17:47:39,13/08/2026 18:31,44,6.63,10.68,paypal
TR2608130027681,CL101067,EN00385,velo_elec,lille,ST1035,ST1046,13/08/2026 17:52,2026-08-13 18:20:53,28,8.08,8.0,cb
TR2608130027682,CL104289,EN00439,velo_elec,Lille,ST1037,ST1040,2026-08-13 17:50:23,2026-08-13 18:09:23,19,5.35,5.75,abonnement
TR2608130027683,CL101988,EN00383,trottinette,Lille,ST1038,ST1039,2026-08-13 18:00:19,2026-08-13 18:06:19,6,0.97,2.32,abonnement
TR2608130027684,CL100209,EN00596,velo_elec,grenoble,ST1048,ST1058,2026-08-13 17:55:52,13/08/2026 18:34,39,6.57,,abonnement
TR2608130027685,CL102601,EN00554,velo_elec,Grenoble,ST1049,ST1057,2026-08-13 17:45:55,2026-08-13 18:21:55,36,9.4,10.0,cb
TR2608130027686,CL105633,EN00561,velo_elec,Grenoble,ST1050,ST1055,1786636757,2026-08-13 18:16:17,17,3.93,5.25,abonnement
TR2608130027687,CL103531,EN00507,trottinette,Grenoble,ST1052,ST1049,1786636829,2026-08-13 18:18:29,18,3.27,4.96,cb
TR2608130027688,CL106926,EN00209,velo_elec,Lyon,ST1001,ST1015,2026-08-13 18:07:21,2026-08-13 18:17:21,10,1.72,3.5,cb
TR2608130027689,CL107857,EN00187,velo_elec,Lyon,ST1003,ST1009,2026-08-13 18:04:45,2026-08-13 18:18:45,14,4.16,4.5,cb
TR2608130027690,CL108795,EN00109,trottinette,Lyon,ST1003,ST1004,1786637535,1786638135,10,2.34,3.2,abonnement
TR2608130027691,CL108885,EN00033,trottinette,Lyon,ST1003,ST1013,13/08/2026 18:08,2026-08-13 18:22:02,14,3.23,4.08,abonnement
TR2608130027692,CL101391,EN00011,velo_elec,Lyon,ST1003,ST1007,13/08/2026 18:08,2026-08-13 18:20:07,12,3.49,4.0,abonnement
TR2608130027693,CL106090,EN00215,velo_elec,Lyon,ST1008,ST1016,2026-08-13 18:01:31,2026-08-13 18:22:31,21,6.56,6.25,cb
TR2608130027694,CL104598,EN00204,velo_elec,Lyon,ST1009,ST1003,,2026-08-13 18:11:35,6,1.33,2.5,paypal
TR2608130027695,CL107253,EN00115,velo_elec,Lyon,ST1010,ST1015,2026-08-13 18:13:37,2026-08-13 18:18:37,5,0.76,2.25,cb
TR2608130027696,CL101220,EN00148,velo,Lyon,ST1011,ST1004,13/08/2026 18:13,2026-08-13 18:21:52,8,1.55,2.2,cb
TR2608130027697,CL106682,EN00036,velo_elec,Lyon,ST1015,ST1009,2026-08-13 18:13:42,13/08/2026 18:19,6,1.13,2.5,abonnement
TR2608130027698,CL105862,EN00122,trottinette,lyon,ST1017,ST1001,1786636975,2026-08-13 18:11:55,9,1.38,2.98,cb
TR2608130027699,CL108457,EN00167,trottinette,Lyon,ST1018,ST1004,2026-08-13 18:02:33,2026-08-13 18:17:33,15,3.75,4.3,cb
TR2608130027700,CL108528,EN00183,velo_elec,Lyon,ST1019,ST1014,13/08/2026 18:04,2026-08-13 19:14:48,70,23.13,18.5,cb
TR2608130027701,CL107154,EN00297,trottinette,Nantes,ST1022,ST1023,2026-08-13 18:03:29,2026-08-13 18:25:29,22,5.07,5.84,cb
TR2608130027702,CL104373,EN00324,velo,Nantes,ST1023,ST1030,13/08/2026 18:14,2026-08-13 18:40:50,26,4.79,4.9,cb
TR2608130027703,CL102629,EN00333,trottinette,Nantes,ST1030,ST1033,2026-08-13 18:08:59,2026-08-13 18:24:59,16,4.17,4.52,cb
TR2608130027704,CL107208,EN00359,trottinette,Nantes,ST1032,ST1033,2026-08-13 18:09:43,2026-08-13 18:15:43,6,1.93,2.32,paypal
TR2608130027705,CL103437,EN00259,trottinette,Nantes,ST1032,ST1031,2026-08-13 18:04:19,2026-08-13 18:12:19,8,1.92,2.76,cb
TR2608130027706,CL108029,EN00422,velo_elec,Lille,ST1036,ST1046,2026-08-13 18:12:31,2026-08-13 18:26:31,14,2.49,4.5,abonnement
TR2608130027707,CL105233,EN00438,trottinette,Lille,ST1036,ST1042,13/08/2026 18:07,2026-08-13 18:15:18,8,1.42,2.76,cb
TR2608130027708,CL102127,EN00400,trottinette,Lille,ST1036,ST1035,2026-08-13 18:06:15,2026-08-13 18:20:15,14,2.49,4.08,abonnement
TR2608130027709,CL104091,EN00402,trottinette,Lille,ST1037,ST1039,2026-08-13 18:14:10,,32,5.73,8.04,cb
TR2608130027710,CL105610,EN00482,velo_elec,Lille,ST1040,ST1045,,2026-08-13 18:13:02,5,0.92,2.25,paypal
TR2608130027711,CL104775,EN00462,velo_elec,Lille,ST1040,ST1047,13/08/2026 18:10,13/08/2026 18:38,28,7.2,8.0,abonnement
TR2608130027712,CL108367,EN00366,trottinette,Lille,ST1041,ST1039,2026-08-13 18:03:55,2026-08-13 18:21:55,6918,2.84,4.96,cb
TR2608130027713,CL107226,EN00458,velo,Lille,ST1041,ST1041,2026-08-13 18:13:02,2026-08-13 18:35:02,22,6.37,4.3,abonnement
TR2608130027714,CL107941,EN00392,velo_elec,Lille,ST1047,ST1046,1786637057,2026-08-13 18:20:17,16,3.28,5.0,paypal
TR2608130027715,CL106505,EN00501,trottinette,Grenoble,ST1048,ST1048,2026-08-13 18:02:02,13/08/2026 18:21,19,2.99,5.18,cb
TR2608130027716,CL106427,EN00548,trottinette,Grenoble,ST1051,ST1048,13/08/2026 18:02,2026-08-13 18:27:18,25,5.1,6.5,cb
TR2608130027717,CL108728,EN00559,trottinette,Grenoble,ST1051,ST1049,2026-08-13 18:07:41,2026-08-13 18:19:41,12,2.31,3.64,cb
TR2608130027718,CL107270,EN00558,trottinette,Grenoble,ST1054,ST1057,2026-08-13 18:02:12,2026-08-13 18:16:12,14,3.92,4.08,paypal
TR2608130027719,CL104221,EN00524,velo_elec,Grenoble,ST1054,ST1055,13/08/2026 18:01,,15,2.81,4.75,cb
TR2608130027720,CL107033,EN00544,velo_elec,Grenoble,ST1055,ST1053,2026-08-13 18:08:01,2026-08-13 18:25:01,17,4.25,5.25,cb
TR2608130027721,CL104660,EN00135,trottinette,Lyonn,ST1002,ST1015,2026-08-13 18:16:04,1786638604,14,4.22,4.08,abonnement
TR2608130027722,CL101465,EN00204,velo_elec,Lyon,ST1003,ST1019,2026-08-13 18:30:28,13/08/2026 18:32,2,0.53,1.5,cb
TR2608130027723,CL104591,EN00037,trottinette,Lyon,ST1009,ST1014,2026-08-13 18:22:41,13/08/2026 18:42,20,3.91,5.4,cb
TR2608130027724,CL104494,EN00144,trottinette,Lyon,ST1013,ST1016,2026-08-13 18:29:52,2026-08-13 18:43:52,14,3.9,4.08,cb
TR2608130027725,CL107844,EN00089,trottinette,Lyon,ST1019,ST1018,2026-08-13 18:18:19,2026-08-13 18:36:19,18,4.31,4.96,paypal
TR2608130027726,CL104860,EN00244,trottinette,Nantes,ST1020,ST1025,2026-08-13 18:27:55,2026-08-13 18:32:55,5,1.23,2.1,abonnement
TR2608130027727,CL107157,EN00240,trottinette,Nantes,ST1020,ST1030,2026-08-13 18:19:33,2026-08-13 18:26:33,7,1.95,2.54,abonnement
TR2608130027728,CL103218,EN00314,trottinette,Nantes,ST1021,ST1033,13/08/2026 18:22,2026-08-13 18:27:11,5,1.6,2.1,cb
TR2608130027729,CL106243,EN00307,trottinette,Nantes,ST1024,ST1026,2026-08-13 18:24:46,2026-08-13 18:30:46,6,1.89,2.32,abonnement
TR2608130027730,CL104345,EN00260,velo_elec,Nantes,ST1029,ST1029,13/08/2026 18:27,2026-08-13 18:37:27,10,1.98,3.5,paypal
TR2608130027731,CL107643,EN00342,velo_elec,Nantes,ST1031,ST1022,2026-08-13 18:28:55,2026-08-13 18:34:55,6,1.34,2.5,paypal
TR2608130027732,CL106052,EN00296,velo,Nantes,ST1032,ST1021,13/08/2026 18:26,2026-08-13 18:40:02,14,3.49,3.1,cb
TR2608130027733,CL101804,EN00359,trottinette,nantes,ST1033,ST1024,,2026-08-13 18:34:27,16,3.36,4.52,abonnement
TR2608130027734,CL107780,EN00265,trottinette,Nante,ST1033,ST1021,1786638076,2026-08-13 18:46:16,25,3.89,6.5,cb
TR2608130027735,CL101616,EN00370,velo_elec,Lille,ST1035,ST1037,2026-08-13 18:30:44,2026-08-13 18:40:44,10,2.45,3.5,cb
TR2608130027736,CL107479,EN00412,trottinette,Lille,ST1035,ST1038,13/08/2026 18:21,2026-08-13 18:39:47,18,5.09,4.96,cb
TR2608130027737,CL103891,EN00365,velo_elec,Lille,ST1036,ST1038,2026-08-13 18:24:00,2026-08-13 18:38:00,14,4.23,4.5,cb
TR2608130027738,CL106661,EN00361,trottinette,Lille,ST1036,ST1044,13/08/2026 18:26,2026-08-13 18:32:52,6,1.61,2.32,paypal
TR2608130027739,CL106887,EN00420,trottinette,Lille,ST1037,ST1041,2026-08-13 18:29:44,2026-08-13 18:44:44,15,3.49,4.3,paypal
TR2608130027740,CL107243,EN00459,velo_elec,Lille,ST1037,ST1039,2026-08-13 18:22:55,2026-08-13 18:34:55,12,3.65,4.0,cb
TR2608130027741,CL106698,EN00439,velo_elec,Lille,ST1040,ST1046,2026-08-13 18:16:55,2026-08-13 18:21:55,5,1.09,2.25,cb
TR2608130027742,CL100868,EN00479,trottinette,Lille,ST1043,ST1045,2026-08-13 18:23:42,2026-08-13 18:28:42,5,1.07,2.1,cb
TR2608130027743,CL106957,EN00368,trottinette,Lille,ST1045,ST1044,2026-08-13 18:17:04,2026-08-13 18:55:04,38,11.67,9.36,abonnement
TR2608130027744,CL102135,EN00455,velo_elec,Lille,ST1046,ST1043,13/08/2026 18:18,2026-08-13 18:45:38,27,7.35,7.75,abonnement
TR2608130027745,CL102867,EN00547,trottinette,Grenoble ,ST1055,ST1049,2026-08-13 18:15:55,2026-08-13 18:35:55,20,6.19,5.4,cb
TR2608130027746,CL100062,EN00558,trottinette,Grenoble,ST1057,ST1050,2026-08-13 18:23:33,2026-08-13 18:34:33,11,2.25,3.42,abonnement
TR2608130027747,CL105941,EN00584,trottinette,Grenoble,ST1058,ST1055,1786638411,2026-08-13 18:46:51,20,4.81,5.4,cb
TR2608130027748,CL100302,EN00077,trottinette,Lyon,ST1001,ST1007,2026-08-13 18:38:37,2026-08-13 18:41:37,3,1.05,1.66,abonnement
TR2608130027749,CL102406,EN00101,velo_elec,Lyon,ST1001,ST1005,2026-08-13 18:43:26,2026-08-13 18:51:26,8,2.47,3.0,abonnement
TR2608130027750,CL103399,EN00042,trottinette,Lyon,ST1002,ST1015,2026-08-13 18:39:28,2026-08-13 18:49:28,10,2.31,3.2,cb
TR2608130027751,CL105951,EN00153,velo_elec,Lyon,ST1003,ST1016,2026-08-13 18:42:46,2026-08-13 18:57:46,15,4.86,4.75,abonnement
TR2608130027752,CL103045,EN00054,trottinette,Lyon,ST1003,ST1014,2026-08-13 18:33:04,13/08/2026 18:37,4,1.27,1.88,abonnement
TR2608130027753,CL102689,EN00116,velo,Lyon,ST1005,ST1012,13/08/2026 18:38,1786639940,14,3.59,3.1,abonnement
TR2608130027754,CL106060,EN00209,velo_elec,Lyon,ST1015,ST1003,2026-08-13 18:39:18,2026-08-13 19:03:18,24,7.3,7.0,cb
TR2608130027755,CL103157,EN00293,velo_elec,Nantes,ST1020,ST1033,2026-08-13 18:43:22,2026-08-13 18:54:22,11,1.94,3.75,paypal
TR2608130027756,CL100346,EN00271,velo_elec,Nantes,ST1020,ST1030,2026-08-13 18:35:48,2026-08-13 18:50:48,15,2.98,4.75,cb
TR2608130027757,CL105137,EN00357,trottinette,Nantes,ST1024,ST1033,13/08/2026 18:36,2026-08-13 18:38:23,2,0.52,1.44,abonnement
TR2608130027758,CL107697,EN00286,velo_elec,Nantes,ST1028,ST1030,2026-08-13 18:43:53,2026-08-13 18:47:53,4,1.26,2.0,cb
TR2608130027759,CL105281,EN00332,trottinette,NANTES,ST1028,ST1020,13/08/2026 18:43,2026-08-13 18:46:11,3,0.66,1.66,cb
TR2608130027760,CL104336,EN00334,trottinette,Nantes,ST1029,ST1031,2026-08-13 18:32:40,2026-08-13 18:48:40,16,4.28,4.52,abonnement
TR2608130027761,CL102268,EN00246,trottinette,Nantes,ST1031,ST1026,13/08/2026 18:42,2026-08-13 18:48:09,2205,1.84,2.32,paypal
TR2608130027762,CL101461,EN00360,trottinette,Nantes,ST1033,ST1033,13/08/2026 18:46,2026-08-13 18:56:28,10,2.66,3.2,abonnement
TR2608130027763,CL100381,EN00445,velo_elec,Lille,ST1034,ST1041,13/08/2026 18:41,1786640095,13,3.41,4.25,abonnement
TR2608130027764,CL105164,EN00446,trottinette,Lille,ST1035,ST1037,2026-08-13 18:40:05,1786639565,6,1.94,2.32,paypal
TR2608130027765,CL105927,EN00415,trottinette,Lille,ST1035,ST1037,2026-08-13 18:38:35,2026-08-13 19:01:35,23,8.0,6.06,cb
TR2608130027766,CL107209,EN00435,trottinette,Lille,ST1036,ST1042,2026-08-13 18:33:45,2026-08-13 18:39:45,6,1.31,2.32,abonnement
TR2608130027767,CL101119,EN00421,velo_elec,Lille,ST1037,ST1042,13/08/2026 18:35,13/08/2026 18:40,5,0.89,2.25,cb
TR2608130027768,CL108077,EN00366,trottinette,Lille,ST1039,ST1040,2026-08-13 18:44:19,2026-08-13 18:56:19,12,2.2,3.64,paypal
TR2608130027769,CL100333,EN00488,velo_elec,Lille,ST1042,ST1035,2026-08-13 18:45:21,2026-08-13 18:48:21,3,0.98,1.75,paypal
TR2608130027770,CL108920,EN00422,velo_elec,Lille,ST1046,ST1041,2026-08-13 18:40:23,2026-08-13 18:46:23,6,2.09,2.5,abonnement
TR2608130027771,CL100740,EN00390,velo, Lille,ST1047,ST1043,2026-08-13 18:42:02,13/08/2026 18:52,10,2.57,2.5,abonnement
TR2608130027772,CL102235,EN00579,trottinette,Grenoble,ST1048,ST1055,1786639237,13/08/2026 18:54,14,3.76,4.08,paypal
TR2608130027773,CL105128,EN00560,velo_elec,Grenoble,ST1049,ST1057,13/08/2026 18:32,1786640236,25,6.92,7.25,cb
TR2608130027774,CL105737,EN00561,velo_elec,Grenoble,ST1055,ST1049,2026-08-13 18:35:25,1786639405,8,1.32,3.0,cb
TR2608130027775,CL101181,EN00516,velo_elec,Grenoble,ST1055,ST1057,13/08/2026 18:44,2026-08-13 18:51:57,7,2.03,2.75,cb
TR2608130027776,CL100034,EN00554,velo_elec,Grenoble,ST1057,ST1053,13/08/2026 18:35,2026-08-13 18:40:04,5,1.16,2.25,cb
TR2608130027777,CL100626,EN00565,trottinette,Grenoble,ST1057,ST1052,2026-08-13 18:40:47,2026-08-13 18:52:47,12,2.99,3.64,paypal
TR2608130027778,CL101207,EN00023,trottinette,Lyon,ST1003,ST1009,2026-08-13 18:57:29,2026-08-13 19:08:29,11,1.88,3.42,abonnement
TR2608130027779,CL100784,EN00212,trottinette,Lyon,ST1003,ST1011,2026-08-13 18:51:25,13/08/2026 18:59,8,2.37,2.76,paypal
TR2608130027780,CL104324,EN00036,velo_elec,Lyon,ST1009,ST1009,2026-08-13 18:50:33,2026-08-13 19:00:33,10,2.86,3.5,abonnement
TR2608130027781,CL104185,EN00117,trottinette,Lyon,ST1016,ST1012,,1786640110,6,1.47,2.32,
TR2608130027782,CL101694,EN00309,trottinette,Nantes,ST1020,ST1029,2026-08-13 18:57:33,2026-08-13 19:09:33,12,3.79,3.64,abonnement
TR2608130027783,CL106154,EN00300,velo_elec,Nantes,ST1020,ST1028,2026-08-13 18:57:16,2026-08-13 19:14:16,17,2.72,5.25,abonnement
TR2608130027784,CL103589,EN00265,trottinette,nantes,ST1021,ST1033,2026-08-13 18:56:25,2026-08-13 19:11:25,15,4.83,4.3,cb
TR2608130027785,CL104292,EN00268,trottinette,Nantes,ST1021,ST1025,2026-08-13 18:46:15,2026-08-13 18:51:15,5,1.51,2.1,abonnement
TR2608130027786,CL107447,EN00297,trottinette,Nantes,ST1023,ST1022,13/08/2026 18:47,13/08/2026 18:53,6,1.71,2.32,cb
TR2608130027787,CL107897,EN00244,trottinette,Nantes,ST1025,ST1024,2026-08-13 18:57:46,2026-08-13 19:15:46,18,3.32,4.96,abonnement
TR2608130027788,CL108644,EN00264,trottinette,Nantes,ST1027,ST1029,2026-08-13 18:49:15,2026-08-13 19:08:15,19,5.88,5.18,cb
TR2608130027789,CL106777,EN00313,trottinette,Nantes,ST1028,ST1030,2026-08-13 18:54:21,2026-08-13 19:13:21,19,4.68,5.18,cb
TR2608130027790,CL106380,EN00314,trottinette,Nante,ST1033,ST1024,2026-08-13 18:56:14,2026-08-13 19:19:14,23,5.46,6.06,cb
TR2608130027791,CL102887,EN00493,velo_elec,Lille,ST1034,ST1043,2026-08-13 18:55:03,2026-08-13 19:04:03,9,1.96,3.25,abonnement
TR2608130027792,CL102877,EN00485,trottinette,Lille,ST1036,ST1046,2026-08-13 18:46:43,2026-08-13 18:58:43,12,4.01,3.64,abonnement
TR2608130027793,CL102298,EN00370,velo_elec, Lille,ST1037,ST1037,2026-08-13 18:55:28,2026-08-13 19:02:28,7,1.76,2.75,
TR2608130027794,CL103649,EN00446,trottinette,Lille,ST1037,ST1037,2026-08-13 18:57:57,2026-08-13 19:12:57,15,3.51,4.3,paypal
TR2608130027795,CL105187,EN00365,velo_elec,Lille,ST1038,ST1042,2026-08-13 18:54:53,2026-08-13 19:09:53,15,3.71,4.75,cb
TR2608130027796,CL106459,EN00402,trottinette, Lille,ST1039,ST1039,2026-08-13 18:55:35,2026-08-13 19:15:35,20,3.67,5.4,cb
TR2608130027797,CL102564,EN00454,velo,Lille,ST1040,ST1045,2026-08-13 18:51:39,2026-08-13 19:05:39,14,3.41,,cb
TR2608130027798,CL103426,EN00393,trottinette,Lille,ST1043,ST1038,13/08/2026 18:51,1786640547,11,3.61,3.42,cb
TR2608130027799,CL105333,EN00517,trottinette,Grenoble,ST1048,ST1054,2026-08-13 18:45:55,2026-08-13 18:55:55,10,2.81,3.2,paypal
TR2608130027800,CL101808,EN00514,velo_elec,Grenoble,ST1049,ST1054,2026-08-13 18:46:35,2026-08-13 18:56:35,10,1.94,3.5,paypal
TR2608130027801,CL105230,EN00506,trottinette,Grenoble,ST1049,ST1055,2026-08-13 18:50:02,13/08/2026 19:09,19,6.11,5.18,abonnement
TR2608130027802,CL108624,EN00578,velo_elec,Grenoble,ST1049,ST1048,2026-08-13 18:57:28,2026-08-13 19:24:28,27,4.91,7.75,cb
TR2608130027803,CL103370,EN00531,trottinette,Grenoble,ST1049,ST1056,2026-08-13 18:58:22,2026-08-13 19:03:22,5,1.53,2.1,cb
TR2608130027804,CL103890,EN00558,trottinette,Grenoble,ST1050,ST1058,2026-08-13 18:59:07,2026-08-13 19:12:07,13,3.15,3.86,cb
TR2608130027805,CL108921,EN00571,trottinette,Grenoble,ST1051,ST1057,2026-08-13 18:57:58,2026-08-13 19:10:58,13,3.82,3.86,cb
TR2608130027806,CL102666,EN00545,trottinette,Grenoble,ST1052,ST1048,13/08/2026 18:59,2026-08-13 19:12:52,13,2.91,3.86,abonnement
TR2608130027807,CL107818,EN00587,trottinette,Grenoble,ST1052,ST1054,2026-08-13 18:56:08,2026-08-13 19:06:08,10,2.05,3.2,cb
TR2608130027808,CL101885,EN00100,velo_elec,Lyon,ST1001,ST1009,2026-08-13 19:10:03,13/08/2026 19:16,6,1.14,2.5,cb
TR2608130027809,CL107051,EN00187,velo_elec,Lyon,ST1009,ST1017,2026-08-13 19:02:24,2026-08-13 19:06:24,4,1.21,2.0,cb
TR2608130027810,CL102765,EN00316,velo_elec,Nante,ST1021,ST1027,2026-08-13 19:09:22,2026-08-13 19:27:22,18,5.62,5.5,cb
TR2608130027811,CL104073,EN00263,trottinette,Nantes,ST1027,ST1021,2026-08-13 19:10:00,2026-08-13 19:18:00,8,2.66,2.76,cb
TR2608130027812,CL101143,EN00346,velo,Nantes,ST1027,ST1029,2026-08-13 19:01:31,2026-08-13 19:11:31,10,1.59,2.5,cb
TR2608130027813,CL103324,EN00345,velo,Nantes,ST1028,ST1026,2026-08-13 19:05:25,1786641265,9,2.85,2.35,abonnement
TR2608130027814,CL105078,EN00231,velo,Nantes,ST1028,ST1031,2026-08-13 19:14:01,2026-08-13 19:22:01,8,1.98,2.2,cb
TR2608130027815,CL105035,EN00286,velo_elec,Nantes,ST1030,ST1022,2026-08-13 19:13:22,2026-08-13 19:34:22,21,4.09,6.25,abonnement
TR2608130027816,CL104849,EN00488,velo_elec,Lille,ST1035,ST1047,,13/08/2026 19:07,5,0.91,2.25,cb
TR2608130027817,CL107762,EN00395,trottinette,Lille,ST1036,ST1038,13/08/2026 19:06,2026-08-13 19:11:04,5,1.01,2.1,abonnement
TR2608130027818,CL100269,EN00415,trottinette,Lille,ST1037,ST1044,2026-08-13 19:15:54,1786642614,21,6.59,5.62,paypal
TR2608130027819,CL107441,EN00455,velo_elec,Lille,ST1043,ST1046,2026-08-13 19:14:10,2026-08-13 19:36:10,22,6.6,6.5,paypal
TR2608130027820,CL106048,EN00361,trottinette,Lille,ST1044,ST1039,2026-08-13 19:07:27,2026-08-13 19:39:27,32,9.03,8.04,cb
TR2608130027821,CL100792,EN00479,trottinette,Lille,ST1045,ST1045,2026-08-13 19:11:50,2026-08-13 19:16:50,5,0.98,2.1,cb
TR2608130027822,CL102954,EN00462,velo_elec,Lille,ST1047,ST1040,2026-08-13 19:04:36,2026-08-13 19:20:36,16,2.61,5.0,cb
TR2608130027823,CL105971,EN00509,trottinette,Grenoble,ST1048,ST1049,2026-08-13 19:06:54,1786641954,19,6.64,5.18,cb
TR2608130027824,CL101627,EN00592,velo_elec,Grenoble,ST1048,ST1056,2026-08-13 19:02:28,2026-08-13 19:26:28,24,5.42,7.0,cb
TR2608130027825,CL101077,EN00591,velo_elec,Grenoble,ST1048,ST1055,2026-08-13 19:16:06,,4,0.88,2.0,abonnement
TR2608130027826,CL108543,EN00597,trottinette,Grenoble,ST1048,ST1056,,13/08/2026 19:18,8,1.72,2.76,cb
TR2608130027827,CL108026,EN00561,velo_elec,Grenoble,ST1049,ST1049,13/08/2026 19:00,2026-08-13 19:06:58,6,1.65,2.5,cb
TR2608130027828,CL103490,EN00565,trottinette,Grenoble,ST1052,ST1054,2026-08-13 19:10:42,2026-08-13 19:34:42,24,7.89,6.28,cb
TR2608130027829,CL102261,EN00582,trottinette,Grenoble,ST1058,ST1052,2026-08-13 19:14:11,2026-08-13 19:30:11,16,4.17,4.52,cb
TR2608130027830,CL101151,EN00209,velo_elec,lyon,ST1003,ST1018,2026-08-13 19:17:36,2026-08-13 19:25:36,8,2.76,3.0,cb
TR2608130027831,CL105502,EN00129,velo_elec,Lyon,ST1010,ST1010,2026-08-13 19:25:14,2026-08-13 19:32:14,7,1.58,2.75,abonnement
TR2608130027832,CL103680,EN00212,trottinette,Lyon,ST1011,ST1006,2026-08-13 19:28:20,2026-08-13 19:46:20,18,4.9,4.96,cb
TR2608130027833,CL101186,EN00027,velo_elec,Lyon,ST1014,ST1001,2026-08-13 19:28:55,2026-08-13 19:41:55,13,3.1,4.25,abonnement
TR2608130027834,CL102846,EN00187,velo_elec,Lyon ,ST1017,ST1006,2026-08-13 19:18:57,2026-08-13 19:25:57,7,1.05,2.75,cb
TR2608130027835,CL101748,EN00280,trottinette,Nantes,ST1020,ST1028,2026-08-13 19:25:38,13/08/2026 19:38,13,3.41,3.86,cb
TR2608130027836,CL101294,EN00342,velo_elec,Nantes,ST1022,ST1032,2026-08-13 19:21:21,13/08/2026 20:00,39,9.77,10.75,cb
TR2608130027837,CL102705,EN00267,trottinette,Nantes,ST1023,ST1029,2026-08-13 19:29:09,2026-08-13 19:36:09,7,1.77,2.54,abonnement
TR2608130027838,CL102906,EN00300,velo_elec,Nantes,ST1028,ST1030,1786641971,2026-08-13 19:31:11,5,1.57,2.25,paypal
TR2608130027839,CL101882,EN00293,velo_elec,Nantes,ST1033,ST1030,2026-08-13 19:19:50,1786642070,8,1.61,3.0,cb
TR2608130027840,CL103776,EN00375,trottinette,Lille,ST1034,ST1044,13/08/2026 19:22,2026-08-13 20:52:02,90,30.62,20.8,abonnement
TR2608130027841,CL107104,EN00495,trottinette,Lille,ST1035,ST1039,13/08/2026 19:29,13/08/2026 19:47,18,2.71,4.96,cb
TR2608130027842,CL105552,EN00481,velo_elec,Lille,ST1036,ST1044,1786641830,2026-08-13 19:29:50,6,1.26,2.5,cb
TR2608130027843,CL104496,EN00370,velo_elec,Lille,ST1037,ST1045,13/08/2026 19:28,13/08/2026 19:37,9,2.68,3.25,cb
TR2608130027844,CL102570,EN00422,velo_elec, Lille,ST1041,ST1046,1786642184,2026-08-13 19:44:44,15,4.57,4.75,paypal
TR2608130027845,CL105970,EN00493,velo_elec,LILLE,ST1043,ST1041,2026-08-13 19:20:28,2026-08-13 19:30:28,10,2.51,3.5,cb
TR2608130027846,CL103926,EN00368,trottinette,Lille,ST1044,ST1043,2026-08-13 19:29:33,2026-08-13 19:49:33,20,4.65,5.4,cb
TR2608130027847,CL101728,EN00599,trottinette,Grenoble,ST1048,ST1054,2026-08-13 19:29:39,2026-08-13 19:59:39,30,7.9,7.6,cb
TR2608130027848,CL101478,EN00588,velo_elec,Grenoble,ST1048,ST1057,2026-08-13 19:22:47,1786642307,9,2.19,3.25,cb
TR2608130027849,CL108195,EN00559,trottinette,Grenoble,ST1049,ST1057,13/08/2026 19:29,2026-08-13 19:42:09,13,1.99,3.86,paypal
TR2608130027850,CL108315,EN00504,trottinette,Grenoble,ST1051,ST1056,2026-08-13 19:30:37,2026-08-13 19:41:37,11,3.69,3.42,abonnement
TR2608130027851,CL104601,EN00560,velo_elec,Grenoble,ST1057,ST1050,2026-08-13 19:16:10,2026-08-13 19:40:10,24,7.15,7.0,cb
TR2608130027852,CL107500,EN00062,trottinette,Lyon,ST1001,ST1014,13/08/2026 19:33,2026-08-13 19:46:46,13,2.66,3.86,cb
TR2608130027853,CL104251,EN00152,velo_elec,Lyon,ST1001,ST1010,2026-08-13 19:42:25,2026-08-13 19:48:25,6,1.57,2.5,abonnement
TR2608130027854,CL106734,EN00080,trottinette,Lyon,ST1002,ST1018,2026-08-13 19:42:44,2026-08-13 19:53:44,11,2.31,3.42,abonnement
TR2608130027855,CL107973,EN00191,trottinette,Lyon,ST1003,ST1006,2026-08-13 19:32:14,2026-08-13 19:46:14,14,3.83,4.08,cb
TR2608130027856,CL102797,EN00020,velo_elec,Lyon,ST1003,ST1014,2026-08-13 19:39:26,2026-08-13 19:58:26,19,4.68,5.75,abonnement
TR2608130027857,CL106047,EN00214,trottinette,Lyon,ST1003,ST1009,2026-08-13 19:37:11,13/08/2026 19:47,10,1.62,3.2,cb
TR2608130027858,CL106907,EN00199,velo_elec,Lyon,ST1003,ST1019,,2026-08-13 20:08:10,23,4.61,,abonnement
TR2608130027859,CL100606,EN00207,velo_elec,Lyon ,ST1004,ST1019,2026-08-13 19:44:42,13/08/2026 19:50,6,1.74,2.5,cb
TR2608130027860,CL105812,EN00090,trottinette,Lyon,ST1004,ST1009,2026-08-13 19:35:43,2026-08-13 19:50:43,15,3.65,4.3,abonnement
TR2608130027861,CL101716,EN00101,velo_elec,Lyon,ST1005,ST1007,2026-08-13 19:32:50,2026-08-13 19:43:50,11,3.19,3.75,
TR2608130027862,CL100029,EN00129,velo_elec,Lyon,ST1010,ST1001,2026-08-13 19:31:55,2026-08-13 19:48:55,17,3.62,5.25,cb
TR2608130027863,CL105474,EN00332,trottinette,Nantes,ST1020,ST1029,2026-08-13 19:39:44,2026-08-13 20:01:44,22,3.43,5.84,abonnement
TR2608130027864,CL101826,EN00263,trottinette,Nantes,ST1021,ST1028,2026-08-13 19:40:27,1786643487,11,2.74,3.42,abonnement
TR2608130027865,CL102308,EN00268,trottinette,Nantes,ST1025,ST1033,13/08/2026 19:42,2026-08-13 19:55:27,13,3.46,3.86,cb
TR2608130027866,CL108292,EN00294,velo_elec,Nantes,ST1026,ST1032,2026-08-13 19:32:34,2026-08-13 19:46:34,14,2.7,4.5,cb
TR2608130027867,CL108464,EN00242,velo,Nantes,ST1028,ST1026,2026-08-13 19:44:52,2026-08-13 19:52:52,8,1.76,2.2,cb
TR2608130027868,CL105871,EN00240,trottinette,Nantes,ST1030,ST1027,2026-08-13 19:42:58,1786643458,8,1.51,2.76,cb
TR2608130027869,CL101698,EN00293,velo_elec,Nantes,ST1030,ST1024,2026-08-13 19:37:34,2026-08-13 19:40:34,3,1.04,1.75,cb
TR2608130027870,CL103096,EN00334,trottinette,Nantes,ST1031,ST1023,2026-08-13 19:34:38,2026-08-13 19:37:38,3,0.59,1.66,cb
TR2608130027871,CL101385,EN00291,velo_elec,NANTES,ST1033,ST1027,2026-08-13 19:41:20,2026-08-13 19:46:20,5,0.79,2.25,cb
TR2608130027872,CL103690,EN00386,trottinette,Lille,ST1035,ST1037,2026-08-13 19:41:56,2026-08-13 19:48:56,7,2.07,2.54,paypal
TR2608130027873,CL104974,EN00444,trottinette,Lille,ST1036,ST1041,1786642524,1786643364,14,2.79,4.08,cb
TR2608130027874,CL103014,EN00383,trottinette,Lille,ST1039,ST1034,1786642740,2026-08-13 19:54:00,15,2.82,4.3,cb
TR2608130027875,CL104915,EN00402,trottinette,Lille,ST1039,ST1046,2026-08-13 19:40:48,1786643388,9,1.36,,cb
TR2608130027876,CL108011,EN00445,velo_elec,Lille,ST1041,ST1035,2026-08-13 19:33:50,2026-08-13 19:41:50,8,2.17,3.0,paypal
TR2608130027877,CL103224,EN00554,velo_elec,Grenoble,ST1053,ST1057,2026-08-13 19:43:13,2026-08-13 19:53:13,10,2.91,3.5,
TR2608130027878,CL102656,EN00591,velo_elec,Grenoble,ST1055,ST1050,2026-08-13 19:44:45,2026-08-13 19:54:45,10,3.46,3.5,abonnement
TR2608130027879,CL102607,EN00074,trottinette,Lyon,ST1001,ST1018,13/08/2026 19:52,13/08/2026 20:13,21,5.1,5.62,abonnement
TR2608130027880,CL106102,EN00100,velo_elec,Lyon,ST1009,ST1001,2026-08-13 19:46:23,2026-08-13 19:53:23,7,1.13,2.75,cb
TR2608130027881,CL106896,EN00062,trottinette,Lyon,ST1014,ST1019,2026-08-13 19:53:32,2026-08-13 20:11:32,18,4.47,4.96,abonnement
TR2608130027882,CL108344,EN00349,velo_elec,Nantes,ST1021,ST1022,13/08/2026 19:48,2026-08-13 19:56:19,8,2.19,3.0,cb
TR2608130027883,CL107205,EN00287,velo_elec,Nantes,ST1021,ST1024,2026-08-13 19:55:39,2026-08-13 20:13:39,18,3.3,5.5,abonnement
TR2608130027884,CL104709,EN00286,velo_elec,Nantes,ST1022,ST1026,2026-08-13 19:51:00,13/08/2026 20:15,24,4.76,7.0,paypal
TR2608130027885,CL104206,EN00334,trottinette,Nantes,ST1023,ST1032,2026-08-13 19:52:36,2026-08-13 20:03:36,11,1.72,3.42,abonnement
TR2608130027886,CL105106,EN00271,velo_elec,Nantes,ST1030,ST1020,2026-08-13 19:46:06,2026-08-13 19:50:06,4,0.94,2.0,paypal
TR2608130027887,CL107157,EN00294,velo_elec,Nantes,ST1032,ST1028,2026-08-13 19:55:21,1786644501,13,3.73,4.25,cb
TR2608130027888,CL107984,EN00498,trottinette,Lille,ST1036,ST1036,2026-08-13 19:47:21,2026-08-13 20:03:21,16,3.51,4.52,cb
TR2608130027889,CL100952,EN00441,velo_elec,Lille,ST1036,ST1038,2026-08-13 20:00:34,2026-08-13 20:09:34,9,1.48,3.25,abonnement
TR2608130027890,CL108939,EN00446,trottinette,Lille,ST1037,ST1041,2026-08-13 19:55:43,2026-08-13 20:02:43,7,1.9,2.54,
TR2608130027891,CL103717,EN00435,trottinette,Lille,ST1042,ST1039,2026-08-13 19:53:54,13/08/2026 20:00,7,1.83,2.54,abonnement
TR2608130027892,CL102398,EN00390,velo,Lille,ST1043,ST1037,2026-08-13 19:53:30,2026-08-13 19:57:30,4,1.07,1.6,abonnement
TR2608130027893,CL102036,EN00546,trottinette,Grenoble,ST1048,ST1052,2026-08-13 19:48:00,2026-08-13 19:56:00,8,1.34,2.76,abonnement
TR2608130027894,CL103401,EN00561,velo_elec,Grenoble,ST1049,ST1056,2026-08-13 19:48:53,1786644173,14,3.71,4.5,cb
TR2608130027895,CL105029,EN00507,trottinette,Grenoble,ST1049,ST1056,1786643904,2026-08-13 20:00:24,2,0.47,1.44,abonnement
TR2608130027896,CL104658,EN00530,velo_elec,Grenoble,ST1049,ST1055,2026-08-13 19:59:30,1786644930,16,4.63,5.0,cb
TR2608130027897,CL107409,EN00582,trottinette,Grenoble,ST1052,ST1057,2026-08-13 20:00:24,2026-08-13 20:15:24,15,3.1,4.3,cb
TR2608130027898,CL101260,EN00588,velo_elec,Grenoble,ST1057,ST1051,13/08/2026 19:51,2026-08-13 20:01:19,10,1.61,3.5,paypal
TR2608130027899,CL108491,EN00516,velo_elec,Grenoble ,ST1057,ST1050,2026-08-13 19:52:53,2026-08-13 20:06:53,14,4.39,4.5,abonnement
TR2608130027900,CL104683,EN00234,trottinette,nantes,ST1020,ST1027,2026-08-13 20:10:09,2026-08-13 20:28:09,18,6.19,4.96,cb
TR2608130027901,CL107012,EN00330,trottinette,Nantes,ST1029,ST1030,2026-08-13 20:10:38,1786646858,37,8.6,9.14,cb
TR2608130027902,CL103976,EN00269,velo_elec,Nantes,ST1031,ST1021,13/08/2026 20:02,2026-08-13 20:05:58,3,0.81,1.75,abonnement
TR2608130027903,CL100020,EN00342,velo_elec,Nantes,ST1032,ST1024,2026-08-13 20:02:27,13/08/2026 20:31,29,6.76,8.25,cb
TR2608130027904,CL105853,EN00360,trottinette,Nantes,ST1033,ST1033,2026-08-13 20:11:24,13/08/2026 20:23,12,3.04,3.64,abonnement
TR2608130027905,CL104818,EN00365,velo_elec,Lille,ST1042,ST1043,2026-08-13 20:12:43,2026-08-13 20:15:43,3,0.52,1.75,abonnement
TR2608130027906,CL107130,EN00481,velo_elec,Lille,ST1044,ST1045,,2026-08-13 20:31:13,21,6.91,6.25,paypal
TR2608130027907,CL105956,EN00415,trottinette,Lille,ST1044,ST1038,,2026-08-13 20:17:58,5,0.79,2.1,abonnement
TR2608130027908,CL108190,EN00588,velo_elec,Grenoble,ST1051,ST1050,2026-08-13 20:08:20,2026-08-13 20:16:20,8,2.79,3.0,cb
TR2608130027909,CL108831,EN00077,trottinette,Lyon,ST1007,ST1009,2026-08-13 20:28:55,1786646335,10,2.59,3.2,abonnement
TR2608130027910,CL108575,EN00152,velo_elec,Lyon,ST1010,ST1017,2026-08-13 20:26:58,2026-08-13 21:08:58,42,6.31,11.5,cb
TR2608130027911,CL102871,EN00066,trottinette,Lyon,ST1015,ST1003,2026-08-13 20:16:39,2026-08-13 20:31:39,15,2.72,4.3,abonnement
TR2608130027912,CL102489,EN00204,velo_elec,Lyon,ST1019,ST1003,2026-08-13 20:25:30,2026-08-13 20:45:30,20,6.45,6.0,paypal
TR2608130027913,CL101442,EN00269,velo_elec,nantes,ST1021,ST1031,2026-08-13 20:26:30,2026-08-13 20:40:30,14,2.37,4.5,cb
TR2608130027914,CL101670,EN00298,trottinette,Nantes,ST1031,ST1031,2026-08-13 20:22:21,2026-08-13 20:33:21,11,2.13,3.42,abonnement
TR2608130027915,CL103977,EN00435,trottinette,Lille,ST1039,ST1045,1786645191,2026-08-13 20:24:51,5,1.28,2.1,paypal
TR2608130027916,CL101787,EN00439,velo_elec,Lille,ST1046,ST1041,13/08/2026 20:22,2026-08-13 20:30:45,8,2.53,3.0,abonnement
TR2608130027917,CL108343,EN00546,trottinette,Grenoble,ST1052,ST1055,2026-08-13 20:18:38,13/08/2026 20:28,10,2.4,3.2,paypal
TR2608130027918,CL104607,EN00066,trottinette,Lyon,ST1003,ST1003,2026-08-13 20:31:14,2026-08-13 20:43:14,12,2.14,3.64,abonnement
TR2608130027919,CL102335,EN00081,velo_elec,Lyon,ST1009,ST1006,2026-08-13 20:43:01,2026-08-13 21:11:01,28,5.56,8.0,
TR2608130027920,CL104448,EN00219,velo_elec,Lyonn,ST1012,ST1017,13/08/2026 20:37,2026-08-13 20:45:41,8,1.45,3.0,cb
TR2608130027921,CL103744,EN00001,velo_elec,Lyon,ST1012,ST1004,13/08/2026 20:33,13/08/2026 20:45,12,3.23,4.0,cb
TR2608130027922,CL100240,EN00145,trottinette,Lyon,ST1016,ST1006,2026-08-13 20:32:44,2026-08-13 20:51:44,3228,6.47,5.18,cb
TR2608130027923,CL102148,EN00074,trottinette,Lyon,ST1018,ST1007,13/08/2026 20:35,2026-08-13 20:43:07,8,2.09,2.76,paypal
TR2608130027924,CL101065,EN00089,trottinette,Lyon,ST1018,ST1002,13/08/2026 20:43,2026-08-13 21:01:05,18,3.07,4.96,cb
TR2608130027925,CL103677,EN00259,trottinette,Nantes,ST1031,ST1028,2026-08-13 20:42:38,2026-08-13 20:46:38,4,1.38,1.88,cb
TR2608130027926,CL102222,EN00334,trottinette,nantes,ST1032,ST1031,2026-08-13 20:33:41,2026-08-13 20:38:41,5,1.67,2.1,paypal
TR2608130027927,CL106343,EN00444,trottinette,Lille,ST1041,ST1043,2026-08-13 20:42:04,13/08/2026 20:48,6,1.72,2.32,paypal
TR2608130027928,CL102231,EN00368,trottinette,Lille,ST1043,ST1034,1786646044,2026-08-13 20:40:04,6,1.98,2.32,cb
TR2608130027929,CL102185,EN00544,velo_elec,Grenoble,ST1053,ST1048,2026-08-13 20:41:56,1786646936,7,1.67,2.75,cb
TR2608130027930,CL102267,EN00517,trottinette,grenoble,ST1054,ST1050,2026-08-13 20:45:54,13/08/2026 20:50,5,0.91,2.1,abonnement
TR2608130027931,CL102407,EN00209,velo_elec,Lyon,ST1018,ST1004,2026-08-13 20:49:14,1786648094,19,3.26,5.75,paypal
TR2608130027932,CL105521,EN00336,velo_elec,Nante,ST1022,ST1033,2026-08-13 20:56:33,2026-08-13 21:01:33,5,0.78,2.25,cb
TR2608130027933,CL108209,EN00286,velo_elec,Nantes,ST1026,ST1030,2026-08-13 20:55:48,13/08/2026 21:12,17,3.74,5.25,cb
TR2608130027934,CL101262,EN00260,velo_elec,Nantes,ST1029,ST1023,2026-08-13 20:53:50,13/08/2026 21:04,11,2.93,3.75,abonnement
TR2608130027935,CL100541,EN00368,trottinette,Lille,ST1034,ST1034,2026-08-13 20:47:38,2026-08-13 20:58:38,11,3.16,3.42,abonnement
TR2608130027936,CL100165,EN00385,velo_elec,Lille,ST1046,ST1040,13/08/2026 20:54,2026-08-13 20:58:57,4,1.15,2.0,cb
TR2608130027937,CL104992,EN00033,trottinette,Lyon,ST1013,ST1018,13/08/2026 21:16,2026-08-13 21:35:13,19,4.52,5.18,cb
TR2608130027938,CL108970,EN00112,velo_elec,Lyon,ST1016,ST1018,2026-08-13 21:09:51,2026-08-13 21:34:51,25,3.88,7.25,abonnement
TR2608130027939,CL102990,EN00219,velo_elec,LYON,ST1017,ST1013,2026-08-13 21:15:51,2026-08-13 21:24:51,-13,3.0,3.25,abonnement
TR2608130027940,CL108042,EN00240,trottinette,Nantes,ST1027,ST1033,2026-08-13 21:15:47,2026-08-13 21:23:47,8,2.64,2.76,cb
TR2608130027941,CL104771,EN00385,velo_elec,Lille,ST1040,ST1036,2026-08-13 21:01:29,2026-08-13 21:26:29,25,3.95,7.25,paypal
TR2608130027942,CL101139,EN00483,trottinette,Lille,ST1042,ST1043,13/08/2026 21:00,2026-08-13 21:18:21,18,5.01,4.96,abonnement
TR2608130027943,CL105986,EN00591,velo_elec,Grenoble,ST1050,ST1049,2026-08-13 21:05:29,13/08/2026 21:13,8,2.55,3.0,cb
TR2608130027944,CL103228,EN00584,trottinette,Grenoble,ST1055,ST1049,2026-08-13 21:12:19,2026-08-13 21:21:19,9,2.62,2.98,abonnement
TR2608130027945,CL102093,EN00553,trottinette,Grenoble,ST1056,ST1057,13/08/2026 21:12,2026-08-13 21:21:41,9,2.98,2.98,cb
TR2608130027946,CL101512,EN00101,velo_elec,Lyon,ST1007,ST1003,13/08/2026 21:22,2026-08-13 21:30:33,8,1.83,3.0,cb
TR2608130027947,CL101430,EN00012,velo,Lyon ,ST1013,ST1011,13/08/2026 21:27,2026-08-13 21:35:30,8,1.4,2.2,abonnement
TR2608130027948,CL100746,EN00115,velo_elec,Lyon,ST1015,ST1015,2026-08-13 21:24:37,13/08/2026 21:30,6,0.98,2.5,abonnement
TR2608130027949,CL108153,EN00237,velo_elec,Nantes,ST1020,ST1030,2026-08-13 21:20:40,2026-08-13 21:31:40,11,2.5,3.75,cb
TR2608130027950,CL102448,EN00334,trottinette,Nantes,ST1031,ST1021,2026-08-13 21:19:49,2026-08-13 21:27:49,8,1.6,2.76,cb
TR2608130027951,CL105288,EN00204,velo_elec,Lyon,ST1003,ST1007,13/08/2026 21:39,2026-08-13 21:52:49,13,4.17,4.25,cb
TR2608130027952,CL105404,EN00011,velo_elec,Lyon,ST1007,ST1017,2026-08-13 21:37:07,2026-08-13 21:46:07,9,2.57,3.25,cb
TR2608130027953,CL100921,EN00219,velo_elec,Lyon,ST1013,ST1006,2026-08-13 21:36:24,2026-08-13 21:38:24,2,0.69,1.5,cb
TR2608130027954,CL101107,EN00340,velo_elec,Nantes,ST1020,ST1028,2026-08-13 21:35:04,2026-08-13 21:46:04,11,3.73,3.75,paypal
TR2608130027955,CL103985,EN00297,trottinette,Nantes,ST1022,ST1029,2026-08-13 21:38:19,2026-08-13 21:44:19,6,1.93,2.32,paypal
TR2608130027956,CL101909,EN00225,velo_elec,Nantes,ST1022,ST1024,13/08/2026 21:37,2026-08-13 21:40:39,3,0.82,1.75,paypal
TR2608130027957,CL103180,EN00234,trottinette,Nante,ST1027,ST1024,2026-08-13 21:31:14,2026-08-13 21:53:14,22,6.89,5.84,abonnement
TR2608130027958,CL106882,EN00412,trottinette,Lille,ST1038,ST1038,2026-08-13 21:40:15,1786650195,3,0.46,1.66,cb
TR2608130027959,CL100165,EN00495,trottinette,Lille,ST1039,ST1045,2026-08-13 21:36:10,2026-08-13 21:51:10,15,3.88,4.3,cb
TR2608130027960,CL104424,EN00439,velo_elec,Lille,ST1041,ST1036,2026-08-13 21:43:30,13/08/2026 21:50,7,2.14,2.75,cb
TR2608130027961,CL108154,EN00065,trottinette,Lyon,ST1008,ST1007,2026-08-13 21:55:35,13/08/2026 22:01,6,1.12,2.32,abonnement
TR2608130027962,CL105488,EN00012,velo,Lyon,ST1011,ST1018,1786650764,2026-08-13 22:09:44,8364,3.7,3.55,paypal
TR2608130027963,CL105065,EN00271,velo_elec,Nantes,ST1020,ST1030,2026-08-13 21:52:15,1786651215,8,1.31,3.0,
TR2608130027964,CL104153,EN00246,trottinette,Nantes,ST1026,ST1030,2026-08-13 21:57:10,1786651930,15,5.22,4.3,cb
TR2608130027965,CL100368,EN00327,velo_elec,Nantes,ST1029,ST1032,2026-08-13 21:59:47,2026-08-13 22:22:47,23,6.59,6.75,abonnement
TR2608130027966,CL103792,EN00526,velo_elec,Grenoble,ST1049,ST1055,2026-08-13 21:56:16,2026-08-13 22:08:16,12,2.99,4.0,abonnement
TR2608130027967,CL107573,EN00597,trottinette,grenoble,ST1056,ST1056,13/08/2026 21:54,1786653900,51,14.99,12.22,paypal
TR2608130027968,CL105054,EN00168,velo_elec,Lyon,ST1009,ST1005,2026-08-13 22:01:06,13/08/2026 22:15,14,3.74,4.5,cb
TR2608130027969,CL100207,EN00569,trottinette,Grenoble ,ST1048,ST1053,2026-08-13 22:04:57,2026-08-13 22:11:57,7,1.4,2.54,cb
TR2608130027970,CL105169,EN00161,velo_elec,Lyon,ST1010,ST1005,2026-08-13 22:28:04,2026-08-13 22:35:04,7,2.43,2.75,
TR2608130027971,CL107332,EN00446,trottinette,Lille,ST1041,ST1044,1786652523,2026-08-13 22:34:03,12,2.18,3.64,paypal
TR2608130027972,CL100089,EN00591,velo_elec,Grenoble,ST1049,ST1053,13/08/2026 22:17,1786652637,6,1.97,2.5,cb
TR2608130027973,CL106535,EN00514,velo_elec,Grenoble,ST1054,ST1057,2026-08-13 22:18:36,2026-08-13 22:39:36,21,4.1,6.25,cb
TR2608130027974,CL104351,EN00108,velo_elec,Lyon,ST1016,ST1009,2026-08-13 22:42:35,2026-08-13 22:53:35,11,3.09,3.75,paypal
TR2608130027975,CL101020,EN00420,trottinette,Lille,ST1041,ST1045,2026-08-13 22:44:27,2026-08-13 22:53:27,9,3.01,2.98,
TR2608130027976,CL101193,EN00294,velo_elec,Nantes,ST1028,ST1026,2026-08-13 22:48:52,2026-08-13 22:50:52,2,0.54,1.5,abonnement
TR2608130027977,CL102265,EN00412,trottinette,Lille,ST1038,ST1042,13/08/2026 22:47,2026-08-13 22:58:59,11,2.59,3.42,cb
TR2608130027978,CL101006,EN00591,velo_elec,Grenoble,ST1053,ST1048,1786654624,2026-08-13 23:10:04,13,3.79,4.25,cb
TR2608130027979,CL106551,EN00526,velo_elec,Grenoble,ST1055,ST1054,2026-08-13 22:49:48,2026-08-13 23:08:48,19,5.14,5.75,cb
TR2608130027980,CL103646,EN00168,velo_elec,Lyon,ST1005,ST1009,2026-08-13 23:14:04,2026-08-13 23:35:04,21,7.08,6.25,
TR2608130027981,CL105664,EN00126,velo,Lyon,ST1011,ST1003,2026-08-13 23:04:52,2026-08-13 23:18:52,14,3.22,3.1,cb
TR2608130027982,CL101642,EN00498,trottinette,Lille,ST1036,ST1039,2026-08-13 23:03:54,1786655874,14,2.49,4.08,cb
TR2608130027983,CL104728,EN00036,velo_elec,Lyon,ST1009,ST1014,2026-08-13 23:36:22,2026-08-13 23:47:22,11,2.42,3.75,cb
TR2608130027984,CL107895,EN00488,velo_elec,Lille,ST1047,ST1041,2026-08-13 23:34:50,2026-08-13 23:48:50,14,2.72,4.5,cb
TR2608130027985,CL104938,EN00049,trottinette,Lyon,ST1001,ST1012,2026-08-13 23:49:26,2026-08-14 00:00:26,11,2.79,3.42,abonnement
TR2608130027986,CL108094,EN00155,velo,LYON,ST1013,ST1014,2026-08-13 23:47:16,2026-08-14 00:07:16,20,4.35,4.0,cb
TR2608130027987,CL108689,EN00269,velo_elec,Nantes,ST1031,ST1029,2026-08-13 23:54:09,2026-08-14 00:28:09,34,10.79,9.5,abonnement
