trajet_id,client_id,engin_id,type_engin,ville,station_depart,station_arrivee,debut,fin,duree_min,distance_km,montant_eur,moyen_paiement
TR2608120025827,CL108051,EN00328,velo_elec,Nantes,ST1031,ST1030,2026-08-12 00:02:22,2026-08-12 00:06:22,4,1.01,2.0,cb
TR2608120025828,CL108814,EN00182,trottinette,lyon,ST1011,ST1013,2026-08-12 00:29:57,12/08/2026 00:39,10,2.62,3.2,paypal
TR2608120025829,CL106864,EN00474,velo_elec, Lille,ST1040,ST1041,2026-08-12 00:16:06,12/08/2026 00:32,16,4.38,5.0,cb
TR2608120025830,CL104374,EN00191,trottinette,Lyon,ST1016,ST1008,2026-08-12 00:39:41,2026-08-12 00:46:41,7,1.28,2.54,paypal
TR2608120025831,CL103807,EN00285,trottinette,nantes,ST1020,ST1029,1786488588,2026-08-12 00:55:48,6,1.85,2.32,abonnement
TR2608120025832,CL104329,EN00230,velo_elec,Nantes,ST1030,ST1020,2026-08-12 01:07:32,1786490312,11,2.0,3.75,cb
TR2608120025833,CL100613,EN00411,trottinette,Lille,ST1042,ST1037,12/08/2026 01:41,1786492297,10,3.0,3.2,cb
TR2608120025834,CL106285,EN00071,velo_elec,Lyon,ST1006,ST1011,12/08/2026 02:00,12/08/2026 02:17,17,5.22,5.25,cb
TR2608120025835,CL101428,EN00276,velo_elec,Nantes,ST1026,ST1031,2026-08-12 02:18:39,2026-08-12 02:29:39,11,3.73,3.75,abonnement
TR2608120025836,CL106365,EN00380,velo_elec,Lille,ST1043,ST1045,2026-08-12 02:53:20,12/08/2026 03:10,17,3.31,5.25,cb
TR2608120025837,CL103668,EN00245,velo_elec,Nantes,ST1024,ST1021,2026-08-12 03:35:18,2026-08-12 03:40:18,5,1.75,2.25,cb
TR2608120025838,CL106087,EN00520,velo_elec,Grenoble,ST1057,ST1053,12/08/2026 04:12,2026-08-12 04:34:14,22,3.42,6.5,cb
TR2608120025839,CL100910,EN00201,velo_elec,Lyon,ST1015,ST1003,2026-08-12 04:41:33,2026-08-12 04:43:33,2,0.59,1.5,paypal
TR2608120025840,CL102870,EN00212,trottinette,Lyon,ST1015,ST1010,1786504389,2026-08-12 05:16:09,3,0.74,1.66,cb
TR2608120025841,CL100627,EN00329,trottinette,Nantes,ST1025,ST1033,12/08/2026 05:41,2026-08-12 05:47:42,6,2.02,2.32,cb
TR2608120025842,CL106045,EN00264,trottinette,Nantes,ST1026,ST1027,12/08/2026 05:50,2026-08-12 05:52:19,2,0.62,1.44,paypal
TR2608120025843,CL102801,EN00391,velo_elec,Lille,ST1041,ST1039,2026-08-12 05:56:45,2026-08-12 06:04:45,8,1.73,3.0,abonnement
TR2608120025844,CL106588,EN00570,trottinette,Grenoble,ST1054,ST1048,2026-08-12 05:55:52,2026-08-12 06:03:52,8,2.55,2.76,cb
TR2608120025845,CL106454,EN00163,trottinette,Lyon,ST1013,ST1002,2026-08-12 06:10:57,2026-08-12 06:35:57,25,7.92,6.5,cb
TR2608120025846,CL104694,EN00165,trottinette,Lyon,ST1013,ST1004,12/08/2026 06:01,2026-08-12 06:53:30,52,16.17,12.44,cb
TR2608120025847,CL107462,EN00257,trottinette,Nantes,ST1022,ST1023,2026-08-12 06:12:15,2026-08-12 06:27:15,15,3.87,4.3,cb
TR2608120025848,CL108666,EN00415,trottinette,Lille,ST1043,ST1036,2026-08-12 06:04:54,2026-08-12 06:09:54,5,1.47,2.1,abonnement
TR2608120025849,CL102965,EN00058,velo_elec,Lyon,ST1011,ST1017,2026-08-12 06:22:26,2026-08-12 06:26:26,4,1.24,2.0,abonnement
TR2608120025850,CL106278,EN00178,velo_elec,Lyon,ST1011,ST1002,2026-08-12 06:19:53,2026-08-12 06:28:53,7997,2.92,3.25,abonnement
TR2608120025851,CL103660,EN00103,trottinette,Lyon,ST1015,ST1010,2026-08-12 06:28:19,2026-08-12 06:41:19,13,2.3,3.86,abonnement
TR2608120025852,CL103376,EN00175,trottinette,Lyon,ST1015,ST1014,2026-08-12 06:27:18,2026-08-12 06:41:18,14,3.82,4.08,cb
TR2608120025853,CL102908,EN00113,velo_elec,Lyon,ST1019,ST9228,1786508937,2026-08-12 06:39:57,11,2.84,3.75,abonnement
TR2608120025854,CL105780,EN00238,velo_elec,Nantes,ST1023,ST1022,2026-08-12 06:30:22,2026-08-12 06:33:22,3,0.54,1.75,cb
TR2608120025855,CL101804,EN00328,velo_elec,Nantes,ST1032,ST1020,2026-08-12 06:30:27,2026-08-12 06:34:27,4,1.04,2.0,cb
TR2608120025856,CL103761,EN00329,trottinette,nantes,ST1033,ST1025,12/08/2026 06:19,2026-08-12 06:25:56,6,1.68,2.32,cb
TR2608120025857,CL101477,EN00230,velo_elec,Nantes,ST1033,ST1020,2026-08-12 06:24:34,2026-08-12 06:27:34,3,0.84,1.75,cb
TR2608120025858,CL101295,EN00478,trottinette,Lille,ST1040,ST1044,2026-08-12 06:24:03,1786509003,6,0.91,2.32,cb
TR2608120025859,CL108946,EN00566,trottinette,Grenoble,ST1052,ST1058,2026-08-12 06:22:55,12/08/2026 06:42,20,6.42,5.4,paypal
TR2608120025860,CL107811,EN00069,trottinette,Lyon,ST1005,ST1004,2026-08-12 06:43:01,2026-08-12 06:54:01,11,2.15,3.42,paypal
TR2608120025861,CL104301,EN00106,trottinette,Lyon,ST1012,ST1008,2026-08-12 06:35:32,2026-08-12 06:42:32,7,1.83,2.54,cb
TR2608120025862,CL106313,EN00062,trottinette,Lyon,ST1012,ST1004,2026-08-12 06:43:49,2026-08-12 06:56:49,13,4.35,3.86,abonnement
TR2608120025863,CL103029,EN00058,velo_elec,Lyon,ST1017,ST1004,2026-08-12 06:32:18,2026-08-12 06:38:18,6,1.48,2.5,cb
TR2608120025864,CL104040,EN00257,trottinette,Nantes,ST1023,ST1026,2026-08-12 06:30:56,2026-08-12 06:44:56,14,2.56,4.08,cb
TR2608120025865,CL105302,EN00329,trottinette,nantes,ST1025,ST1022,2026-08-12 06:43:35,2026-08-12 06:56:35,13,2.99,3.86,paypal
TR2608120025866,CL107721,EN00358,trottinette,Nantes,ST1028,ST1021,2026-08-12 06:33:03,2026-08-12 06:48:03,15,2.46,4.3,paypal
TR2608120025867,CL108391,EN00292,velo_elec,Nantes,ST1031,ST1029,12/08/2026 06:43,2026-08-12 07:02:56,19,4.73,5.75,paypal
TR2608120025868,CL105562,EN00498,trottinette,Lille,ST1041,ST1034,2026-08-12 06:41:04,1786509904,4,0.89,1.88,paypal
TR2608120025869,CL101456,EN00095,trottinette,Lyon,ST1002,ST1008,2026-08-12 06:54:56,2026-08-12 07:01:56,7,1.2,2.54,abonnement
TR2608120025870,CL101921,EN00157,velo_elec,Lyon,ST1007,ST1011,2026-08-12 06:51:47,2026-08-12 07:03:47,12,2.14,4.0,abonnement
TR2608120025871,CL100972,EN00091,velo_elec,Lyon,ST1013,ST1007,2026-08-12 06:53:10,2026-08-12 07:04:10,11,3.37,3.75,cb
TR2608120025872,CL105810,EN00036,velo_elec,lyon,ST1015,ST1003,2026-08-12 06:58:02,2026-08-12 07:04:02,6,1.42,2.5,paypal
TR2608120025873,CL102241,EN00150,trottinette,LYON,ST1017,ST1004,1786510574,2026-08-12 07:03:14,7,1.96,2.54,cb
TR2608120025874,CL103638,EN00071,velo_elec,Lyon,ST1019,ST1004,2026-08-12 06:53:00,2026-08-12 07:06:00,13,3.69,4.25,cb
TR2608120025875,CL102674,EN00287,velo_elec,nantes,ST1021,ST1023,12/08/2026 06:58,2026-08-12 07:22:33,24,4.66,7.0,cb
TR2608120025876,CL100131,EN00265,trottinette,Nantes,ST1022,ST1020,2026-08-12 06:58:53,2026-08-12 07:24:53,26,6.33,6.72,cb
TR2608120025877,CL104416,EN00285,trottinette,Nantes,ST1029,ST1020,2026-08-12 06:53:05,,5,1.62,2.1,abonnement
TR2608120025878,CL100131,EN00348,velo_elec,Nantes,ST1032,ST1020,2026-08-12 06:59:28,2026-08-12 07:20:28,21,4.69,6.25,paypal
TR2608120025879,CL100538,EN00494,velo_elec,Lille,ST1037,ST1039,12/08/2026 06:47,12/08/2026 06:55,8,1.94,3.0,paypal
TR2608120025880,CL105680,EN00393,trottinette,Lille,ST1037,ST1036,12/08/2026 06:49,2026-08-12 07:06:42,17,3.17,4.74,cb
TR2608120025881,CL105970,EN00438,trottinette,Lille,ST1038,ST1035,2026-08-12 06:47:30,2026-08-12 07:07:30,20,3.87,5.4,paypal
TR2608120025882,CL107589,EN00474,velo_elec,Lille,ST1045,ST1036,2026-08-12 06:46:37,2026-08-12 07:15:37,29,9.95,8.25,abonnement
TR2608120025883,CL104819,EN00539,velo_elec,Grenoble,ST1050,ST1049,12/08/2026 06:49,2026-08-12 06:59:15,10,1.69,3.5,abonnement
TR2608120025884,CL108553,EN00501,trottinette,Grenoble,ST1051,ST1052,2026-08-12 06:54:13,2026-08-12 07:06:13,12,2.61,3.64,abonnement
TR2608120025885,CL101478,EN00571,trottinette,Grenoble,ST1054,ST1054,12/08/2026 06:59,2026-08-12 07:30:23,31,7.85,7.82,abonnement
TR2608120025886,CL108545,EN00549,velo_elec,Grenoble,ST1056,ST1049,2026-08-12 06:47:35,2026-08-12 07:02:35,15,2.48,4.75,abonnement
TR2608120025887,CL101993,EN00585,velo_elec,Grenoble,ST1058,ST1058,2026-08-12 06:50:44,2026-08-12 07:01:44,11,3.71,3.75,paypal
TR2608120025888,CL102517,EN00111,trottinette,Lyon,ST1007,ST1002,1786511607,2026-08-12 07:24:27,11,3.62,3.42,cb
TR2608120025889,CL104286,EN00019,trottinette,Lyon,ST1009,ST1009,2026-08-12 07:08:55,2026-08-12 07:26:55,18,5.08,4.96,cb
TR2608120025890,CL107096,EN00182,trottinette,Lyon,ST1009,ST1004,12/08/2026 07:03,2026-08-12 07:08:24,5,1.02,2.1,abonnement
TR2608120025891,CL107293,EN00112,velo_elec,Lyon,ST1011,ST1001,2026-08-12 07:14:55,1786514455,46,11.51,12.5,abonnement
TR2608120025892,CL107920,EN00045,trottinette,Lyon,ST1011,ST1002,2026-08-12 07:07:26,2026-08-12 07:13:26,6,1.17,2.32,cb
TR2608120025893,CL105038,EN00027,velo_elec,Lyon,ST1012,ST1001,2026-08-12 07:16:15,2026-08-12 07:33:15,17,4.61,5.25,cb
TR2608120025894,CL106358,EN00183,velo_elec,Lyon,ST1013,ST1001,2026-08-12 07:02:47,2026-08-12 07:07:47,5,1.53,2.25,cb
TR2608120025895,CL105525,EN00133,velo_elec,Lyon,ST1015,ST1003,2026-08-12 07:11:30,2026-08-12 07:13:30,2,0.58,1.5,paypal
TR2608120025896,CL100154,EN00198,velo_elec,Lyon,ST1017,ST1004,2026-08-12 07:10:26,2026-08-12 07:53:26,43,8.96,11.75,paypal
TR2608120025897,CL101187,EN00061,trottinette,Lyon,ST1017,ST1002,2026-08-12 07:14:38,12/08/2026 07:29,15,5.23,4.3,cb
TR2608120025898,CL107351,EN00273,velo_elec,Nantes,ST1020,ST1027,2026-08-12 07:12:23,2026-08-12 07:59:23,47,12.98,12.75,cb
TR2608120025899,CL100569,EN00291,velo_elec,nantes,ST1021,ST1029,12/08/2026 07:10,2026-08-12 07:17:45,7,1.12,2.75,cb
TR2608120025900,CL108680,EN00304,velo_elec,Nantes,ST1024,ST1020,2026-08-12 07:14:04,2026-08-12 07:21:04,6562,1.72,2.75,abonnement
TR2608120025901,CL101957,EN00233,velo_elec,Nantes,ST1025,ST1022,2026-08-12 07:03:17,2026-08-12 07:08:17,5,1.61,2.25,cb
TR2608120025902,CL103441,EN00257,trottinette,Nantes,ST1026,ST1020,2026-08-12 07:10:13,2026-08-12 07:21:13,11,3.76,3.42,abonnement
TR2608120025903,CL107314,EN00222,velo_elec,Nantes,ST1027,ST1033,2026-08-12 07:05:22,2026-08-12 07:12:22,7,1.85,2.75,cb
TR2608120025904,CL104685,EN00349,velo_elec,Nantes,ST1028,ST1021,2026-08-12 07:15:16,2026-08-12 07:30:16,15,2.87,4.75,paypal
TR2608120025905,CL102705,EN00306,velo,Nantes,ST1029,ST1020,2026-08-12 07:11:49,,-27,2.07,2.5,cb
TR2608120025906,CL103150,EN00258,trottinette,Nantes,ST1031,ST1020,1786511706,2026-08-12 07:35:06,20,3.68,5.4,cb
TR2608120025907,CL106357,EN00277,velo_elec,Nantes,ST1031,ST1021,2026-08-12 07:06:08,2026-08-12 07:49:08,43,13.54,11.75,abonnement
TR2608120025908,CL103105,EN00267,trottinette,Nantes,ST1031,ST1022,2026-08-12 07:08:01,2026-08-12 07:13:01,5,1.19,2.1,cb
TR2608120025909,CL108449,EN00229,trottinette,Nantes,ST1031,ST1020,2026-08-12 07:11:28,2026-08-12 07:27:28,16,5.05,4.52,cb
TR2608120025910,CL105927,EN00460,velo_elec,Lille,ST1034,ST1040,12/08/2026 07:03,2026-08-12 07:23:03,20,4.77,6.0,
TR2608120025911,CL107540,EN00408,velo_elec,Lille,ST1041,ST1035,2026-08-12 07:01:38,12/08/2026 08:15,74,14.34,19.5,cb
TR2608120025912,CL101224,EN00381,trottinette,Lille,ST1047,ST1044,2026-08-12 07:08:24,2026-08-12 07:31:24,23,7.95,6.06,abonnement
TR2608120025913,CL103381,EN00522,velo_elec,Grenoble,ST1050,ST1048,1786511169,2026-08-12 07:19:09,13,2.82,4.25,cb
TR2608120025914,CL103490,EN00520,velo_elec,Grenoble,ST1053,ST1052,12/08/2026 07:05,2026-08-12 07:19:59,14,3.25,4.5,paypal
TR2608120025915,CL103224,EN00573,velo,Grenoble,ST1054,ST1049,2026-08-12 07:09:53,2026-08-12 07:17:53,8,1.84,2.2,abonnement
TR2608120025916,CL100504,EN00039,velo_elec,Lyon,ST1002,ST1019,2026-08-12 07:30:08,2026-08-12 07:35:08,5,1.25,2.25,abonnement
TR2608120025917,CL102466,EN00113,velo_elec,Lyonn,ST1002,ST1007,2026-08-12 07:19:46,,7,2.07,2.75,cb
TR2608120025918,CL105815,EN00091,velo_elec,Lyon,ST1007,ST1004,2026-08-12 07:21:07,2026-08-12 07:45:07,24,4.25,7.0,paypal
TR2608120025919,CL104621,EN00219,velo_elec,Lyon,ST1012,ST1019,12/08/2026 07:23,12/08/2026 07:33,10,1.54,3.5,cb
TR2608120025920,CL100869,EN00020,velo_elec,Lyon,ST1013,ST1019,1786512547,2026-08-12 07:43:07,14,3.91,4.5,paypal
TR2608120025921,CL106804,EN00005,velo_elec,Lyon,ST1015,ST1003,2026-08-12 07:17:04,2026-08-12 07:32:04,15,4.6,4.75,cb
TR2608120025922,CL101853,EN00066,trottinette,Lyon,ST1017,ST1003,2026-08-12 07:20:27,2026-08-12 07:23:27,3,0.98,1.66,paypal
TR2608120025923,CL101064,EN00100,velo_elec,Lyon,ST1017,ST1015,2026-08-12 07:22:14,,12,2.98,4.0,cb
TR2608120025924,CL101262,EN00276,velo_elec,Nantes,ST1025,ST1021,1786512404,2026-08-12 07:38:44,12,2.95,4.0,cb
TR2608120025925,CL106508,EN00234,trottinette,Nantes,ST1025,ST1022,12/08/2026 07:20,2026-08-12 07:37:12,17,2.77,4.74,paypal
TR2608120025926,CL107147,EN00247,trottinette,NANTES,ST1028,ST1033,2026-08-12 07:23:41,2026-08-12 07:34:41,11,1.88,3.42,abonnement
TR2608120025927,CL101372,EN00292,velo_elec,Nantes,ST1029,ST1031,2026-08-12 07:28:53,2026-08-12 07:37:53,9,2.3,3.25,cb
TR2608120025928,CL106642,EN00308,velo,Nantes,ST1029,ST1021,2026-08-12 07:30:14,2026-08-12 07:43:14,13,2.06,2.95,cb
TR2608120025929,CL103079,EN00356,velo,Nantes,ST1031,ST1032,2026-08-12 07:30:03,2026-08-12 07:55:03,25,6.11,4.75,cb
TR2608120025930,CL105926,EN00222,velo_elec,Nantes,ST1033,ST1030,2026-08-12 07:19:02,12/08/2026 07:24,5,0.96,2.25,cb
TR2608120025931,CL106768,EN00439,velo_elec, Lille,ST1037,ST1034,12/08/2026 07:26,12/08/2026 07:35,9,2.89,3.25,cb
TR2608120025932,CL106424,EN00418,trottinette,Lille,ST1040,ST1034,2026-08-12 07:25:20,2026-08-12 07:41:20,16,2.97,4.52,cb
TR2608120025933,CL107337,EN00403,trottinette,Lille,ST1040,ST1045,12/08/2026 07:21,2026-08-12 08:02:46,41,11.9,10.02,cb
TR2608120025934,CL100040,EN00380,velo_elec,Lille,ST1045,ST1044,2026-08-12 07:20:03,2026-08-12 07:36:03,16,3.76,5.0,cb
TR2608120025935,CL107226,EN00383,trottinette,Lille,ST1047,ST1038,2026-08-12 07:26:43,2026-08-12 07:45:43,19,3.84,5.18,cb
TR2608120025936,CL103574,EN00582,trottinette,Grenoble,ST1050,ST1049,2026-08-12 07:19:02,2026-08-12 07:41:02,22,4.85,5.84,abonnement
TR2608120025937,CL107545,EN00552,trottinette,GRENOBLE,ST1056,ST1048,2026-08-12 07:30:02,2026-08-12 07:51:02,21,6.02,5.62,abonnement
TR2608120025938,CL100270,EN00591,velo_elec,Grenoble,ST1057,ST1049,2026-08-12 07:19:32,2026-08-12 07:33:32,14,4.51,4.5,paypal
TR2608120025939,CL103038,EN00519,velo_elec,Grenoble,ST1058,ST1049,2026-08-12 07:25:28,2026-08-12 07:33:28,8,1.68,3.0,cb
TR2608120025940,CL101457,EN00199,velo_elec,Lyon,ST1002,ST1009,2026-08-12 07:40:13,2026-08-12 07:48:13,8,1.27,3.0,abonnement
TR2608120025941,CL102610,EN00086,velo_elec,Lyon,ST1006,ST1004,12/08/2026 07:40,2026-08-12 07:47:07,7,1.49,2.75,cb
TR2608120025942,CL101525,EN00215,velo_elec,Lyon,ST1009,ST1003,2026-08-12 07:43:35,1786514435,17,3.07,5.25,paypal
TR2608120025943,CL106233,EN00173,velo_elec,Lyon,ST1012,ST1014,2026-08-12 07:33:32,2026-08-12 07:46:32,13,3.23,4.25,abonnement
TR2608120025944,CL105458,EN00093,velo_elec,Lyon,ST1013,ST1013,12/08/2026 07:46,2026-08-12 07:55:07,9,2.97,3.25,cb
TR2608120025945,CL105709,EN00041,velo_elec,Lyon,ST1015,ST1015,2026-08-12 07:41:54,2026-08-12 07:45:54,4,0.69,2.0,cb
TR2608120025946,CL105291,EN00077,trottinette,Lyon,ST1016,ST1013,2026-08-12 07:41:12,2026-08-12 07:59:12,18,3.57,4.96,paypal
TR2608120025947,CL104814,EN00218,velo_elec,Lyon,ST1016,ST1004,2026-08-12 07:32:45,2026-08-12 07:39:45,7,2.09,2.75,cb
TR2608120025948,CL101979,EN00190,trottinette,Lyon,ST1019,ST1004,2026-08-12 07:40:26,2026-08-12 08:10:26,30,4.89,7.6,cb
TR2608120025949,CL107199,EN00360,trottinette,Nantes,ST1022,ST1021,2026-08-12 07:37:39,12/08/2026 07:47,10,2.05,3.2,cb
TR2608120025950,CL102562,EN00287,velo_elec,Nantes,ST1023,ST1021,2026-08-12 07:34:06,2026-08-12 07:46:06,12,2.29,4.0,paypal
TR2608120025951,CL104879,EN00266,velo_elec,Nantes,ST1025,ST1031,2026-08-12 07:36:41,2026-08-12 07:51:41,15,3.32,4.75,cb
TR2608120025952,CL101052,EN00272,trottinette,NANTES,ST1026,ST1021,2026-08-12 07:46:16,12/08/2026 08:02,16,3.06,4.52,cb
TR2608120025953,CL108516,EN00288,trottinette,Nantes,ST1028,ST1020,2026-08-12 07:33:20,2026-08-12 07:39:20,6,1.33,2.32,abonnement
TR2608120025954,CL100177,EN00291,velo_elec,Nantes,ST1029,ST1020,2026-08-12 07:31:43,2026-08-12 07:36:43,5,1.73,2.25,abonnement
TR2608120025955,CL100166,EN00222,velo_elec,Nantes,ST1030,ST1024,12/08/2026 07:32,1786513345,10,2.12,3.5,cb
TR2608120025956,CL101614,EN00275,velo,Nantes,ST1031,ST1032,12/08/2026 07:40,2026-08-12 07:59:02,19,2.99,3.85,abonnement
TR2608120025957,CL101829,EN00248,trottinette,NANTES,ST1032,ST1020,1786513008,2026-08-12 07:49:48,13,3.25,3.86,paypal
TR2608120025958,CL105521,EN00236,velo_elec,Nantes,ST1032,ST1021,2026-08-12 07:38:17,2026-08-12 07:46:17,-5,2.53,3.0,cb
TR2608120025959,CL105521,EN00281,velo_elec,Nantes,ST1033,ST1020,12/08/2026 07:42,2026-08-12 07:51:55,9,1.65,3.25,cb
TR2608120025960,CL105912,EN00417,trottinette,Lille,ST1037,ST1034,12/08/2026 07:32,2026-08-12 07:56:13,24,4.66,6.28,cb
TR2608120025961,CL103957,EN00377,trottinette,Lille,ST1043,ST1036,,2026-08-12 07:53:33,10,2.19,3.2,cb
TR2608120025962,CL104848,EN00493,velo_elec,Lille,ST1044,ST1035,2026-08-12 07:31:23,2026-08-12 07:37:23,6,1.32,2.5,paypal
TR2608120025963,CL100762,EN00381,trottinette,Lille,ST1044,ST1036,2026-08-12 07:38:17,2026-08-12 08:01:17,23,7.36,6.06,cb
TR2608120025964,CL106703,EN00475,trottinette,Lille,ST1047,ST1045,1786512959,2026-08-12 07:46:59,11,3.55,3.42,abonnement
TR2608120025965,CL101083,EN00512,velo_elec,Grenoble,ST1048,ST1056,1786513432,2026-08-12 08:11:52,28,9.76,8.0,abonnement
TR2608120025966,CL103102,EN00526,velo_elec,Grenoble,ST1050,ST1048,2026-08-12 07:32:50,2026-08-12 07:42:50,10,2.66,3.5,cb
TR2608120025967,CL101981,EN00592,velo_elec,Grenoble,ST1051,ST1049,2026-08-12 07:42:59,,13,2.86,4.25,paypal
TR2608120025968,CL107701,EN00515,trottinette,Grenoble,ST1056,ST1053,2026-08-12 07:36:21,2026-08-12 07:51:21,15,2.39,4.3,abonnement
TR2608120025969,CL102186,EN00566,trottinette,Grenoble,ST1058,ST1053,2026-08-12 07:32:30,2026-08-12 07:40:30,8,1.7,2.76,cb
TR2608120025970,CL106321,EN00170,trottinette,Lyon,ST1006,ST1011,2026-08-12 07:59:10,2026-08-12 08:08:10,9,3.03,2.98,paypal
TR2608120025971,CL103772,EN00081,velo_elec,Lyonn,ST1008,ST1015,2026-08-12 08:00:54,12/08/2026 08:11,11,2.69,3.75,cb
TR2608120025972,CL104109,EN00119,trottinette,Lyon,ST1013,ST1007,2026-08-12 07:54:24,2026-08-12 08:00:24,6,2.09,2.32,cb
TR2608120025973,CL101394,EN00094,velo_elec,lyon,ST1014,ST1006,2026-08-12 07:59:59,2026-08-12 08:16:59,17,3.64,5.25,abonnement
TR2608120025974,CL108282,EN00101,velo_elec,Lyon,ST1015,ST1002,2026-08-12 07:54:54,2026-08-12 07:58:54,4,1.21,2.0,cb
TR2608120025975,CL103347,EN00214,trottinette,Lyon,ST1016,ST1007,12/08/2026 07:47,2026-08-12 08:11:58,24,5.37,6.28,cb
TR2608120025976,CL108908,EN00120,velo,Lyon,ST1017,ST1001,2026-08-12 07:59:19,1786514539,3,0.94,1.45,paypal
TR2608120025977,CL106675,EN00028,trottinette,LYON,ST1019,ST1002,2026-08-12 07:55:22,1786514962,14,3.16,4.08,abonnement
TR2608120025978,CL103542,EN00049,trottinette,Lyon,ST1019,ST1015,1786514378,2026-08-12 08:01:38,2,0.59,1.44,cb
TR2608120025979,CL105254,EN00141,velo_elec,Lyon,ST1019,ST1001,2026-08-12 07:50:44,12/08/2026 07:54,4,0.77,2.0,cb
TR2608120025980,CL101219,EN00225,velo_elec,Nantes,ST1024,ST1022,1786514452,12/08/2026 08:13,13,3.15,4.25,cb
TR2608120025981,CL101130,EN00290,trottinette,Nantes,ST1024,ST1029,2026-08-12 07:50:09,2026-08-12 07:57:09,7,2.21,2.54,abonnement
TR2608120025982,CL107407,EN00309,trottinette,Nantes,ST1024,ST1026,2026-08-12 07:54:06,2026-08-12 08:10:06,16,3.03,4.52,cb
TR2608120025983,CL106582,EN00295,velo_elec,Nantes,ST1025,ST1022,2026-08-12 07:59:21,2026-08-12 08:07:21,8,2.23,3.0,cb
TR2608120025984,CL100375,EN00334,trottinette,Nantes,ST1027,ST1021,12/08/2026 07:47,2026-08-12 08:15:02,28,4.98,7.16,cb
TR2608120025985,CL101432,EN00332,trottinette,Nante,ST1032,ST1020,2026-08-12 07:50:10,2026-08-12 08:13:10,23,6.93,6.06,paypal
TR2608120025986,CL106587,EN00357,trottinette,Nante,ST1032,ST1020,2026-08-12 07:50:38,1786514918,18,4.77,4.96,cb
TR2608120025987,CL107991,EN00263,trottinette,Nantes,ST1032,ST1033,2026-08-12 07:55:26,2026-08-12 08:02:26,7,1.72,2.54,
TR2608120025988,CL107945,EN00240,trottinette,Nantes,ST1033,ST1020,12/08/2026 07:57,2026-08-12 08:13:17,16,2.43,4.52,cb
TR2608120025989,CL105789,EN00496,velo_elec,Lille,ST1038,ST1035,,2026-08-12 08:18:10,21,3.89,6.25,cb
TR2608120025990,CL106544,EN00370,velo_elec,Lille,ST1038,ST1037,12/08/2026 07:59,2026-08-12 08:06:15,7,2.28,2.75,paypal
TR2608120025991,CL106175,EN00409,trottinette,Lille,ST1040,ST1036,2026-08-12 07:45:56,2026-08-12 07:56:56,11,1.83,3.42,cb
TR2608120025992,CL106957,EN00422,velo_elec,LILLE,ST1041,ST1035,2026-08-12 07:58:23,12/08/2026 08:13,15,4.89,4.75,abonnement
TR2608120025993,CL102546,EN00489,trottinette,Lille,ST1041,ST1037,2026-08-12 07:56:50,2026-08-12 08:05:50,9,2.95,2.98,cb
TR2608120025994,CL108103,EN00425,velo_elec,LILLE,ST1041,ST1037,1786513617,2026-08-12 07:58:57,12,2.2,4.0,abonnement
TR2608120025995,CL106424,EN00467,velo_elec,Lille,ST1043,ST1035,2026-08-12 07:48:11,2026-08-12 08:07:11,19,5.22,5.75,paypal
TR2608120025996,CL106686,EN00400,trottinette,Lille,ST1044,ST1035,2026-08-12 07:55:36,2026-08-12 08:08:36,13,4.22,3.86,cb
TR2608120025997,CL100060,EN00392,velo_elec,Lille,ST1045,ST1040,12/08/2026 07:48,2026-08-12 08:05:40,17,5.47,5.25,abonnement
TR2608120025998,CL101035,EN00534,trottinette,Grenoble,ST1049,ST1053,2026-08-12 08:00:15,2026-08-12 08:13:15,13,3.35,3.86,cb
TR2608120025999,CL107545,EN00524,velo_elec,Grenoble,ST1050,ST1049,2026-08-12 07:46:31,1786514551,16,3.83,5.0,cb
TR2608120026000,CL100618,EN00566,trottinette,Grenoble,ST1053,ST1049,2026-08-12 08:00:16,2026-08-12 08:41:16,41,12.83,,cb
TR2608120026001,CL103556,EN00058,velo_elec,Lyon,ST1004,ST1019,2026-08-12 08:10:33,2026-08-12 08:18:33,8,1.73,3.0,cb
TR2608120026002,CL105110,EN00009,velo_elec,Lyon,ST1004,ST1017,1786515252,2026-08-12 08:35:12,21,4.79,6.25,abonnement
TR2608120026003,CL100323,EN00070,trottinette,Lyon,ST1006,ST1009,2026-08-12 08:14:09,2026-08-12 08:23:09,9,2.38,2.98,cb
TR2608120026004,CL104227,EN00010,trottinette,Lyon,ST1006,ST1008,2026-08-12 08:14:50,2026-08-12 08:22:50,8,2.75,2.76,cb
TR2608120026005,CL103164,EN00113,velo_elec,Lyon,ST1007,ST1015,2026-08-12 08:14:30,2026-08-12 08:42:30,28,7.04,8.0,abonnement
TR2608120026006,CL100172,EN00095,trottinette,Lyon,ST1008,ST1006,1786514909,2026-08-12 08:19:29,11,3.34,3.42,cb
TR2608120026007,CL100350,EN00102,velo_elec,Lyon,ST1010,ST1014,12/08/2026 08:14,12/08/2026 08:25,11,2.53,3.75,abonnement
TR2608120026008,CL102688,EN00096,velo_elec,Lyon,ST1010,ST1015,12/08/2026 08:07,2026-08-12 08:15:27,8,1.39,3.0,cb
TR2608120026009,CL104179,EN00157,velo_elec,Lyon,ST1011,ST1001,2026-08-12 08:05:16,2026-08-12 08:17:16,12,2.98,4.0,abonnement
TR2608120026010,CL100429,EN00130,velo_elec,Lyon,ST1011,ST1001,2026-08-12 08:11:26,2026-08-12 08:18:26,7,1.16,2.75,cb
TR2608120026011,CL105976,EN00029,velo_elec,lyon,ST1012,ST1019,2026-08-12 08:07:06,,6,1.38,2.5,abonnement
TR2608120026012,CL103756,EN00047,velo_elec,Lyon ,ST1012,ST1002,2026-08-12 08:05:36,12/08/2026 08:14,9,1.41,3.25,abonnement
TR2608120026013,CL107082,EN00001,velo_elec,Lyon,ST1015,ST1009,1786515232,1786515772,2681,2.95,3.25,cb
TR2608120026014,CL103391,EN00049,trottinette,Lyon,ST1015,ST1002,2026-08-12 08:08:12,1786515912,17,2.83,4.74,abonnement
TR2608120026015,CL108407,EN00041,velo_elec,lyon,ST1015,ST1004,12/08/2026 08:14,2026-08-12 08:29:02,15,4.76,4.75,cb
TR2608120026016,CL105626,EN00026,trottinette,Lyon,ST1015,ST1003,2026-08-12 08:02:30,1786515390,14,2.18,4.08,cb
TR2608120026017,CL106389,EN00142,velo_elec,Lyon,ST1016,ST1006,2026-08-12 08:05:47,2026-08-12 08:25:47,20,3.06,6.0,cb
TR2608120026018,CL104189,EN00222,velo_elec,Nantes,ST1024,ST1020,2026-08-12 08:15:21,,17,3.73,5.25,abonnement
TR2608120026019,CL102034,EN00224,velo_elec,Nantes,ST1024,ST1021,2026-08-12 08:02:50,2026-08-12 08:09:50,7,2.12,2.75,cb
TR2608120026020,CL104389,EN00270,velo_elec,Nantes,ST1025,ST1031,12/08/2026 08:07,2026-08-12 08:57:08,50,13.19,13.5,cb
TR2608120026021,CL108523,EN00325,trottinette,Nantes,ST1026,ST1025,2026-08-12 08:15:09,2026-08-12 08:31:09,16,5.59,4.52,cb
TR2608120026022,CL105180,EN00303,velo_elec,Nantes,ST1026,ST1027,2026-08-12 08:08:22,12/08/2026 08:25,17,4.85,5.25,cb
TR2608120026023,CL107738,EN00302,velo_elec,Nantes,ST1028,ST1021,1786514852,2026-08-12 08:23:32,16,3.93,5.0,abonnement
TR2608120026024,CL105094,EN00341,velo_elec,Nantes,ST1028,ST1022,2026-08-12 08:02:59,2026-08-12 08:31:59,29,9.99,8.25,cb
TR2608120026025,CL103900,EN00297,trottinette,Nantes,ST1033,ST1022,2026-08-12 08:01:59,2026-08-12 08:06:59,5,1.3,2.1,paypal
TR2608120026026,CL101879,EN00261,trottinette,Nantes,ST1033,ST1023,2026-08-12 08:08:00,12/08/2026 08:21,13,4.4,3.86,paypal
TR2608120026027,CL108043,EN00395,trottinette, Lille,ST1037,ST1045,2026-08-12 08:15:17,2026-08-12 08:24:17,9,2.44,2.98,paypal
TR2608120026028,CL105925,EN00399,trottinette,Lille,ST1046,ST1034,2026-08-12 08:15:20,2026-08-12 08:41:20,26,6.76,6.72,abonnement
TR2608120026029,CL101845,EN00592,velo_elec,Grenoble,ST1049,ST1056,2026-08-12 08:14:25,2026-08-12 08:34:25,20,5.75,6.0,cb
TR2608120026030,CL100493,EN00585,velo_elec,Grenoble ,ST1058,ST1058,2026-08-12 08:05:42,2026-08-12 08:42:42,37,6.57,10.25,cb
TR2608120026031,CL105328,EN00099,velo_elec,Lyon,ST1001,ST1014,2026-08-12 08:18:35,2026-08-12 08:29:35,11,2.97,3.75,cb
TR2608120026032,CL106192,EN00047,velo_elec,Lyon,ST1002,ST1009,,1786515859,6,1.73,2.5,abonnement
TR2608120026033,CL108381,EN00028,trottinette,Lyon,ST1002,ST1018,2026-08-12 08:16:05,2026-08-12 08:25:05,9,1.7,2.98,abonnement
TR2608120026034,CL107534,EN00052,trottinette,Lyon,ST1003,ST1011,12/08/2026 08:28,12/08/2026 08:33,5,1.1,2.1,cb
TR2608120026035,CL101789,EN00006,trottinette,Lyon,ST1007,ST1002,2026-08-12 08:28:12,2026-08-12 08:38:12,10,1.79,3.2,abonnement
TR2608120026036,CL103970,EN00035,velo_elec,Lyonn,ST1008,ST1001,1786515496,2026-08-12 08:29:16,11,3.78,3.75,abonnement
TR2608120026037,CL102460,EN00212,trottinette,Lyonn,ST1010,ST1011,2026-08-12 08:22:38,2026-08-12 08:34:38,12,2.06,3.64,cb
TR2608120026038,CL107904,EN00132,trottinette,Lyon,ST1010,ST1002,2026-08-12 08:24:50,2026-08-12 08:30:50,6,1.3,2.32,abonnement
TR2608120026039,CL106793,EN00083,velo_elec,Lyon,ST1012,ST1017,2026-08-12 08:17:41,2026-08-12 08:37:41,20,4.98,6.0,cb
TR2608120026040,CL101991,EN00081,velo_elec,Lyonn,ST1015,ST1001,2026-08-12 08:29:34,12/08/2026 08:54,25,6.99,7.25,cb
TR2608120026041,CL102798,EN00056,velo_elec,LYON,ST1016,ST1004,12/08/2026 08:25,2026-08-12 08:30:54,5,1.5,2.25,cb
TR2608120026042,CL102167,EN00209,velo_elec,Lyon,ST1016,ST1004,2026-08-12 08:20:44,2026-08-12 08:41:44,21,5.15,6.25,abonnement
TR2608120026043,CL108425,EN00067,velo_elec,Lyon,ST1019,ST1001,2026-08-12 08:15:52,,20,3.71,6.0,cb
TR2608120026044,CL106940,EN00286,velo_elec,Nantes,ST1025,ST1020,2026-08-12 08:19:50,12/08/2026 08:35,16,3.92,5.0,cb
TR2608120026045,CL104265,EN00273,velo_elec,Nantes,ST1027,ST1022,2026-08-12 08:17:17,2026-08-12 08:39:17,22,5.37,6.5,cb
TR2608120026046,CL106167,EN00294,velo_elec,Nantes,ST1028,ST1031,1786515517,2026-08-12 08:28:37,10,1.6,3.5,abonnement
TR2608120026047,CL108807,EN00290,trottinette,Nantes,ST1029,ST1022,2026-08-12 08:24:48,2026-08-12 08:37:48,13,3.63,3.86,cb
TR2608120026048,CL102192,EN00310,trottinette,Nantes,ST1031,ST1020,1786515990,12/08/2026 08:34,8,1.52,2.76,abonnement
TR2608120026049,CL100193,EN00292,velo_elec,Nantes,ST1031,ST1021,2026-08-12 08:16:14,2026-08-12 08:22:14,6,1.75,2.5,paypal
TR2608120026050,CL106000,EN00266,velo_elec,Nantes,ST1031,ST1020,1786516127,2026-08-12 08:36:47,8,2.67,3.0,paypal
TR2608120026051,CL108954,EN00227,trottinette,Nantes,ST1032,ST1022,12/08/2026 08:22,2026-08-12 08:24:16,2,0.39,1.44,abonnement
TR2608120026052,CL102757,EN00351,trottinette,Nante,ST1033,ST1020,2026-08-12 08:26:28,2026-08-12 08:33:28,7,1.34,2.54,paypal
TR2608120026053,CL106788,EN00247,trottinette,Nantes,ST1033,ST1021,2026-08-12 08:22:49,2026-08-12 08:48:49,26,5.96,6.72,abonnement
TR2608120026054,CL105910,EN00263,trottinette,Nantes,ST1033,ST1021,2026-08-12 08:25:47,2026-08-12 08:45:47,20,4.2,5.4,paypal
TR2608120026055,CL106864,EN00426,trottinette,Lille,ST1034,ST1047,1786516086,2026-08-12 08:37:06,9,1.99,2.98,abonnement
TR2608120026056,CL103483,EN00443,velo_elec,Lille,ST1040,ST1047,2026-08-12 08:16:56,1786515716,5,1.25,2.25,cb
TR2608120026057,CL106688,EN00469,velo,Lille,ST1041,ST1035,2026-08-12 08:18:58,2026-08-12 08:25:58,7,2.03,2.05,abonnement
TR2608120026058,CL101471,EN00579,trottinette,Grenoble,ST1051,ST1048,2026-08-12 08:30:36,12/08/2026 08:57,27,8.23,6.94,cb
TR2608120026059,CL102337,EN00520,velo_elec,Grenoble,ST1052,ST1053,12/08/2026 08:23,2026-08-12 08:50:41,27,5.92,7.75,cb
TR2608120026060,CL108958,EN00588,velo_elec,grenoble,ST1056,ST1048,2026-08-12 08:18:52,2026-08-12 08:29:52,11,3.22,3.75,cb
TR2608120026061,CL106417,EN00512,velo_elec,Grenoble,ST1056,ST1049,2026-08-12 08:22:28,2026-08-12 08:27:28,5,1.44,2.25,abonnement
TR2608120026062,CL103991,EN00565,trottinette,Grenoble,ST1056,ST1049,1786515838,12/08/2026 08:33,10,1.61,3.2,cb
TR2608120026063,CL100176,EN00533,velo_elec,Grenoble,ST1058,ST1056,2026-08-12 08:27:33,2026-08-12 08:33:33,6,1.55,2.5,cb
TR2608120026064,CL104832,EN00049,trottinette,Lyon,ST1002,ST1015,2026-08-12 08:35:01,1786517221,12,3.07,3.64,cb
TR2608120026065,CL108180,EN00190,trottinette,Lyonn,ST1004,ST1009,,2026-08-12 08:47:36,15,4.32,4.3,paypal
TR2608120026066,CL100844,EN00021,trottinette,Lyon,ST1007,ST1013,2026-08-12 08:42:50,2026-08-12 08:55:50,13,4.06,3.86,abonnement
TR2608120026067,CL104230,EN00119,trottinette,Lyonn,ST1007,ST1004,2026-08-12 08:39:12,12/08/2026 08:43,4,0.94,,abonnement
TR2608120026068,CL106146,EN00106,trottinette,Lyon,ST1008,ST1001,2026-08-12 08:41:01,2026-08-12 08:52:01,11,2.38,3.42,paypal
TR2608120026069,CL108918,EN00158,velo_elec,Lyon,ST1008,ST1004,2026-08-12 08:41:37,1786519537,44,9.31,12.0,cb
TR2608120026070,CL103047,EN00207,velo_elec,Lyon,ST1010,ST9501,2026-08-12 08:41:15,12/08/2026 09:03,22,7.25,6.5,cb
TR2608120026071,CL104575,EN00085,velo_elec,Lyon,ST1010,ST1002,2026-08-12 08:33:22,2026-08-12 09:05:22,32,8.11,9.0,cb
TR2608120026072,CL106584,EN00172,trottinette,LYON,ST1010,ST1003,2026-08-12 08:39:27,2026-08-12 08:46:27,7,1.65,2.54,cb
TR2608120026073,CL105520,EN00129,velo_elec,Lyon,ST1011,ST1001,2026-08-12 08:32:27,2026-08-12 08:46:27,14,3.6,4.5,abonnement
TR2608120026074,CL101512,EN00033,trottinette,Lyon,ST1012,ST1007,2026-08-12 08:42:15,12/08/2026 08:55,13,4.17,3.86,cb
TR2608120026075,CL101620,EN00077,trottinette,Lyon,ST1013,ST1013,2026-08-12 08:33:23,2026-08-12 08:54:23,21,5.63,5.62,cb
TR2608120026076,CL105460,EN00008,trottinette,Lyon,ST1013,ST1001,2026-08-12 08:45:28,2026-08-12 08:52:28,7,1.27,2.54,cb
TR2608120026077,CL107562,EN00216,velo_elec,Lyon,ST1016,ST1002,2026-08-12 08:39:33,2026-08-12 09:02:33,23,4.58,6.75,cb
TR2608120026078,CL101863,EN00030,trottinette,Lyon,ST1016,ST1013,2026-08-12 08:39:04,2026-08-12 08:45:04,6,1.95,2.32,abonnement
TR2608120026079,CL103902,EN00149,velo,Lyon,ST1016,ST1002,2026-08-12 08:35:20,2026-08-12 08:39:20,4,1.0,1.6,cb
TR2608120026080,CL104063,EN00261,trottinette,Nantes,ST1023,ST1024,2026-08-12 08:33:24,12/08/2026 08:51,18,4.35,4.96,abonnement
TR2608120026081,CL108310,EN00253,trottinette,Nantes,ST1027,ST1022,2026-08-12 08:38:07,2026-08-12 08:47:07,9,1.99,2.98,cb
TR2608120026082,CL107524,EN00359,trottinette,Nantes,ST1028,ST1020,2026-08-12 08:35:52,2026-08-12 08:50:52,15,4.56,4.3,cb
TR2608120026083,CL100167,EN00307,trottinette,Nantes,ST1032,ST1020,2026-08-12 08:37:00,2026-08-12 08:48:00,11,2.78,3.42,abonnement
TR2608120026084,CL106549,EN00370,velo_elec,Lille,ST1037,ST1044,2026-08-12 08:32:46,12/08/2026 08:42,10,2.04,3.5,abonnement
TR2608120026085,CL104671,EN00489,trottinette,Lille,ST1037,ST1036,2026-08-12 08:44:07,2026-08-12 09:03:07,19,4.63,5.18,cb
TR2608120026086,CL108423,EN00425,velo_elec,Lille,ST1037,ST1036,12/08/2026 08:42,2026-08-12 08:52:07,10,2.3,3.5,cb
TR2608120026087,CL101300,EN00385,velo_elec,Lille,ST1038,ST1036,12/08/2026 08:42,2026-08-12 09:12:54,30,10.02,8.5,cb
TR2608120026088,CL107999,EN00396,velo_elec,Lille,ST1038,ST1047,2026-08-12 08:44:48,1786518108,17,5.28,5.25,cb
TR2608120026089,CL103879,EN00375,trottinette,LILLE,ST1039,ST1036,12/08/2026 08:43,2026-08-12 08:52:45,9,2.14,2.98,cb
TR2608120026090,CL105147,EN00473,trottinette,Lille,ST1043,ST1039,2026-08-12 08:43:54,1786518954,32,10.43,8.04,paypal
TR2608120026091,CL104878,EN00492,velo_elec,Lille,ST1043,ST1036,2026-08-12 08:40:14,12/08/2026 08:59,19,5.1,5.75,paypal
TR2608120026092,CL101976,EN00451,velo_elec,Lille,ST1044,ST1034,2026-08-12 08:43:12,12/08/2026 09:05,22,5.02,6.5,paypal
TR2608120026093,CL108691,EN00443,velo_elec,Lille,ST1047,ST1034,1786517147,12/08/2026 09:18,33,10.13,9.25,cb
TR2608120026094,CL102586,EN00514,velo_elec,GRENOBLE,ST1051,ST1054,2026-08-12 08:40:42,2026-08-12 08:54:42,14,3.74,4.5,abonnement
TR2608120026095,CL104760,EN00503,trottinette,Grenoble,ST1052,ST1048,2026-08-12 08:34:36,,5,1.58,2.1,cb
TR2608120026096,CL106902,EN00536,velo_elec,Grenoble,ST1056,ST1052,2026-08-12 08:33:13,2026-08-12 09:01:13,28,6.03,8.0,abonnement
TR2608120026097,CL107527,EN00558,trottinette,Grenoble,ST1057,ST1055,2026-08-12 08:34:15,,14,3.0,4.08,cb
TR2608120026098,CL103126,EN00600,trottinette,Grenoble,ST1058,ST1048,2026-08-12 08:32:41,2026-08-12 08:44:41,12,2.71,3.64,cb
TR2608120026099,CL108159,EN00014,velo_elec,Lyon,ST1001,ST1003,2026-08-12 08:54:03,2026-08-12 09:15:03,21,4.79,6.25,paypal
TR2608120026100,CL101359,EN00202,trottinette,Lyon,ST1007,ST1012,2026-08-12 08:51:24,2026-08-12 09:01:24,10,2.54,3.2,cb
TR2608120026101,CL101540,EN00002,velo_elec,Lyon,ST1008,ST1003,2026-08-12 08:49:00,2026-08-12 08:54:00,5,1.55,2.25,paypal
TR2608120026102,CL108400,EN00189,trottinette,LYON,ST1008,ST1014,2026-08-12 08:55:25,2026-08-12 09:05:25,10,2.83,3.2,cb
TR2608120026103,CL100098,EN00057,velo_elec,Lyon,ST1010,ST1003,2026-08-12 09:00:28,2026-08-12 09:23:28,23,6.96,6.75,cb
TR2608120026104,CL103567,EN00052,trottinette,Lyon,ST1011,ST1004,2026-08-12 08:56:01,,17,3.81,4.74,cb
TR2608120026105,CL107973,EN00212,trottinette,Lyon,ST1011,ST1004,,2026-08-12 09:05:25,18,4.94,4.96,cb
TR2608120026106,CL107418,EN00145,trottinette,Lyon,ST1012,ST1009,2026-08-12 08:51:48,12/08/2026 09:09,18,4.14,4.96,cb
TR2608120026107,CL104612,EN00151,trottinette,Lyon,ST1012,ST1003,2026-08-12 08:56:17,2026-08-12 09:20:17,24,5.56,6.28,cb
TR2608120026108,CL107237,EN00093,velo_elec,Lyon,ST1013,ST1002,2026-08-12 08:55:34,2026-08-12 09:21:34,26,7.59,7.5,paypal
TR2608120026109,CL108648,EN00099,velo_elec,Lyon ,ST1014,ST1001,12/08/2026 08:48,2026-08-12 09:12:44,24,6.76,7.0,abonnement
TR2608120026110,CL106744,EN00124,velo_elec,Lyon,ST1015,ST1003,2026-08-12 08:53:23,2026-08-12 09:02:23,9,2.03,3.25,cb
TR2608120026111,CL105546,EN00009,velo_elec,Lyon,ST1017,ST1018,2026-08-12 08:54:03,2026-08-12 09:02:03,8,1.8,3.0,paypal
TR2608120026112,CL105696,EN00028,trottinette,Lyon,ST1018,ST1001,1786517941,2026-08-12 09:14:01,15,2.62,,abonnement
TR2608120026113,CL101428,EN00252,velo_elec,Nantes,ST1024,ST1020,2026-08-12 08:46:17,1786517837,11,3.54,3.75,abonnement
TR2608120026114,CL106025,EN00316,velo_elec,Nantes,ST1024,ST1022,12/08/2026 09:00,2026-08-12 09:26:20,26,5.49,7.5,abonnement
TR2608120026115,CL101742,EN00312,trottinette,Nantes,ST1024,ST1031,2026-08-12 08:59:31,2026-08-12 10:08:31,69,17.74,16.18,abonnement
TR2608120026116,CL104460,EN00256,velo_elec,Nantes,ST1024,ST1029,2026-08-12 08:59:51,2026-08-12 09:09:51,10,2.55,3.5,abonnement
TR2608120026117,CL103327,EN00317,trottinette,Nantes,ST1024,ST1021,2026-08-12 09:00:08,2026-08-12 09:35:08,35,6.52,8.7,cb
TR2608120026118,CL107396,EN00325,trottinette,Nantes,ST1025,ST1021,2026-08-12 08:54:58,,40,6.99,9.8,cb
TR2608120026119,CL102819,EN00259,trottinette,Nantes,ST1025,ST1022,2026-08-12 08:50:14,2026-08-12 08:55:14,5,1.58,2.1,paypal
TR2608120026120,CL101745,EN00264,trottinette,Nantes,ST1027,ST1022,2026-08-12 08:46:41,12/08/2026 09:24,38,11.24,9.36,cb
TR2608120026121,CL107864,EN00336,velo_elec,Nantes,ST1028,ST1022,2026-08-12 08:57:39,2026-08-12 09:18:39,21,7.01,6.25,abonnement
TR2608120026122,CL104666,EN00232,trottinette,Nantes,ST1028,ST1022,2026-08-12 08:47:48,2026-08-12 09:04:48,17,4.09,4.74,paypal
TR2608120026123,CL104065,EN00318,velo_elec,Nantes,ST1028,ST1032,12/08/2026 08:56,12/08/2026 09:04,8,2.5,3.0,abonnement
TR2608120026124,CL107447,EN00237,velo_elec,Nantes,ST1032,ST1027,2026-08-12 08:54:31,2026-08-12 09:05:31,11,2.81,3.75,abonnement
TR2608120026125,CL105629,EN00383,trottinette,Lille,ST1038,ST1037,,2026-08-12 09:10:14,10,3.31,3.2,cb
TR2608120026126,CL101821,EN00430,velo_elec,Lille,ST1039,ST1035,12/08/2026 08:53,2026-08-12 08:59:19,6,1.8,2.5,cb
TR2608120026127,CL107283,EN00548,trottinette,Grenoble,ST1057,ST1054,2026-08-12 08:56:41,2026-08-12 09:06:41,10,2.35,3.2,cb
TR2608120026128,CL103798,EN00585,velo_elec,Grenoble,ST1058,ST1048,12/08/2026 08:48,2026-08-12 08:52:11,4,1.29,2.0,cb
TR2608120026129,CL104835,EN00184,velo_elec,Lyon ,ST1002,ST1014,2026-08-12 09:04:47,1786518947,11,3.41,3.75,paypal
TR2608120026130,CL107191,EN00136,trottinette,Lyon,ST1007,ST1017,2026-08-12 09:11:34,2026-08-12 09:24:34,13,3.34,3.86,cb
TR2608120026131,CL100701,EN00115,velo_elec,Lyon,ST1010,ST1004,2026-08-12 09:08:47,2026-08-12 09:24:47,16,3.5,5.0,cb
TR2608120026132,CL102715,EN00202,trottinette,Lyon,ST1012,ST1002,2026-08-12 09:08:40,2026-08-12 09:15:40,7,2.2,2.54,abonnement
TR2608120026133,CL106530,EN00021,trottinette,Lyon,ST1013,ST1001,2026-08-12 09:15:16,2026-08-12 09:29:16,14,2.96,4.08,abonnement
TR2608120026134,CL106609,EN00077,trottinette,Lyon,ST1013,ST1015,2026-08-12 09:06:29,2026-08-12 09:25:29,19,4.32,5.18,abonnement
TR2608120026135,CL106731,EN00217,velo_elec,Lyon,ST1014,ST1004,2026-08-12 09:12:33,2026-08-12 09:17:33,5,0.81,2.25,paypal
TR2608120026136,CL101197,EN00102,velo_elec,Lyon,ST1014,ST1009,2026-08-12 09:14:21,2026-08-12 09:33:21,19,6.37,5.75,abonnement
TR2608120026137,CL101485,EN00003,velo_elec,Lyon,ST1015,ST1004,2026-08-12 09:12:59,12/08/2026 09:20,8,1.65,3.0,paypal
TR2608120026138,CL102433,EN00246,trottinette,Nantes,ST1024,ST1022,,12/08/2026 09:27,23,6.32,6.06,paypal
TR2608120026139,CL101269,EN00228,trottinette,Nantes,ST1028,ST1022,12/08/2026 09:07,2026-08-12 09:11:49,4,1.06,1.88,cb
TR2608120026140,CL103757,EN00294,velo_elec,Nantes,ST1031,ST1020,12/08/2026 09:01,2026-08-12 09:15:39,14,3.5,4.5,abonnement
TR2608120026141,CL104293,EN00373,velo_elec,lille,ST1043,ST1036,2026-08-12 09:12:57,2026-08-12 09:24:57,12,2.75,4.0,paypal
TR2608120026142,CL105424,EN00387,velo,Lille,ST1043,ST1034,2026-08-12 09:07:23,2026-08-12 09:14:23,7,1.94,2.05,cb
TR2608120026143,CL104563,EN00486,velo,Lille,ST1043,ST1034,2026-08-12 09:01:40,2026-08-12 09:18:40,17,4.73,3.55,cb
TR2608120026144,CL104255,EN00481,velo_elec,Lille,ST1046,ST1035,2026-08-12 09:04:15,12/08/2026 09:11,7,1.47,2.75,cb
TR2608120026145,CL103370,EN00507,trottinette,Grenoble,ST1049,ST1058,2026-08-12 09:06:35,2026-08-12 09:22:35,16,2.44,4.52,cb
TR2608120026146,CL106013,EN00599,trottinette,GRENOBLE,ST1055,ST1054,2026-08-12 09:12:24,12/08/2026 09:23,11,2.07,3.42,cb
TR2608120026147,CL106379,EN00556,trottinette,Grenoble,ST1057,ST1049,2026-08-12 09:09:30,2026-08-12 09:42:30,33,6.88,8.26,abonnement
TR2608120026148,CL103052,EN00204,velo_elec,Lyon,ST1002,ST1017,2026-08-12 09:27:58,2026-08-12 09:43:58,16,4.11,5.0,cb
TR2608120026149,CL102948,EN00094,velo_elec,Lyon,ST1006,ST1005,2026-08-12 09:16:51,2026-08-12 09:31:51,15,3.4,4.75,cb
TR2608120026150,CL106070,EN00214,trottinette,Lyon,ST1007,ST1004,12/08/2026 09:26,2026-08-12 09:33:44,7,1.27,2.54,cb
TR2608120026151,CL100513,EN00103,trottinette,Lyon,ST1010,ST1004,12/08/2026 09:28,2026-08-12 09:41:03,13,4.5,3.86,paypal
TR2608120026152,CL104889,EN00180,trottinette,Lyon ,ST1012,ST1016,2026-08-12 09:24:59,2026-08-12 09:48:59,24,5.83,6.28,paypal
TR2608120026153,CL100214,EN00083,velo_elec,Lyon,ST1017,ST1017,12/08/2026 09:18,1786519815,12,3.85,4.0,abonnement
TR2608120026154,CL102403,EN00009,velo_elec,Lyon,ST1018,ST1010,2026-08-12 09:27:44,12/08/2026 09:39,12,2.44,4.0,cb
TR2608120026155,CL102342,EN00208,velo_elec,Lyon,ST1019,ST1009,2026-08-12 09:18:52,2026-08-12 09:26:52,8,1.31,3.0,paypal
TR2608120026156,CL100722,EN00193,trottinette,Lyon,ST1019,ST1014,12/08/2026 09:17,2026-08-12 10:28:20,71,24.79,16.62,abonnement
TR2608120026157,CL102723,EN00309,trottinette,Nantes,ST1026,ST1021,2026-08-12 09:29:54,2026-08-12 09:36:54,7,1.12,2.54,cb
TR2608120026158,CL107123,EN00339,velo_elec,Nantes,ST1027,ST1021,12/08/2026 09:22,2026-08-12 09:34:01,12,3.04,4.0,abonnement
TR2608120026159,CL100069,EN00270,velo_elec,Nantes,ST1031,ST1033,2026-08-12 09:21:08,2026-08-12 09:33:08,12,2.73,4.0,cb
TR2608120026160,CL103741,EN00271,velo_elec,Nantes,ST1032,ST1021,2026-08-12 09:30:25,2026-08-12 09:36:25,6,1.53,2.5,abonnement
TR2608120026161,CL102447,EN00383,trottinette,lille,ST1037,ST1041,2026-08-12 09:29:13,2026-08-12 09:42:13,13,4.18,3.86,paypal
TR2608120026162,CL100475,EN00397,velo,Lille,ST1043,ST1035,2026-08-12 09:29:43,12/08/2026 09:40,11,1.95,2.65,cb
TR2608120026163,CL106092,EN00478,trottinette,Lille,ST1044,ST1043,2026-08-12 09:22:04,2026-08-12 09:33:04,11,2.78,3.42,abonnement
TR2608120026164,CL103690,EN00475,trottinette,Lille,ST1045,ST1034,2026-08-12 09:22:51,12/08/2026 09:29,7,1.21,2.54,abonnement
TR2608120026165,CL106927,EN00571,trottinette,Grenoble,ST1054,ST1055,2026-08-12 09:23:23,2026-08-12 09:40:23,17,3.73,4.74,cb
TR2608120026166,CL108717,EN00166,velo,LYON,ST1007,ST1001,12/08/2026 09:31,2026-08-12 09:52:30,21,6.25,4.15,paypal
TR2608120026167,CL107911,EN00043,velo,Lyon,ST1007,ST1003,1786520720,12/08/2026 09:50,5,1.21,1.75,cb
TR2608120026168,CL103226,EN00138,velo_elec,LYON,ST1009,ST1004,2026-08-12 09:42:13,2026-08-12 10:15:13,33,5.19,9.25,cb
TR2608120026169,CL100819,EN00034,velo_elec,Lyon,ST1009,ST1001,2026-08-12 09:36:50,12/08/2026 09:42,6,1.35,2.5,cb
TR2608120026170,CL103902,EN00114,velo,Lyon,ST1010,ST1017,12/08/2026 09:35,1786521644,25,3.95,4.75,paypal
TR2608120026171,CL106755,EN00049,trottinette,Lyon,ST1015,ST1003,2026-08-12 09:34:30,2026-08-12 09:46:30,12,3.38,3.64,cb
TR2608120026172,CL100857,EN00096,velo_elec,Lyon,ST1015,ST1003,2026-08-12 09:45:07,12/08/2026 10:33,48,15.8,13.0,cb
TR2608120026173,CL101761,EN00113,velo_elec,Lyon,ST1015,ST1004,2026-08-12 09:33:12,2026-08-12 09:39:12,6,1.22,2.5,cb
TR2608120026174,CL103719,EN00340,velo_elec,Nantes,ST1024,ST1022,1786520128,2026-08-12 09:49:28,14,4.14,4.5,abonnement
TR2608120026175,CL107897,EN00260,velo_elec,Nantes,ST1025,ST1024,2026-08-12 09:42:28,,18,2.79,5.5,abonnement
TR2608120026176,CL103629,EN00324,velo,Nantes,ST1026,ST1022,1786520756,2026-08-12 10:05:56,20,6.9,4.0,cb
TR2608120026177,CL106385,EN00338,velo_elec,nantes,ST1027,ST1023,2026-08-12 09:34:30,12/08/2026 09:47,13,2.38,4.25,abonnement
TR2608120026178,CL105566,EN00256,velo_elec,Nantes,ST1029,ST1022,2026-08-12 09:37:52,2026-08-12 09:43:52,6,1.72,2.5,cb
TR2608120026179,CL103752,EN00464,trottinette,Lille,ST1034,ST1040,2026-08-12 09:37:47,2026-08-12 10:05:47,28,6.34,7.16,abonnement
TR2608120026180,CL108603,EN00480,velo_elec,Lille,ST1038,ST1034,2026-08-12 09:40:27,2026-08-12 09:57:27,17,3.71,5.25,cb
TR2608120026181,CL105407,EN00444,trottinette,Lille,ST1039,ST1035,12/08/2026 09:40,1786521413,16,4.22,4.52,cb
TR2608120026182,CL104844,EN00405,trottinette,Lille,ST1042,ST1034,2026-08-12 09:41:55,2026-08-12 09:52:55,11,2.92,3.42,cb
TR2608120026183,CL101858,EN00371,velo,Lille,ST1043,ST1043,2026-08-12 09:40:53,2026-08-12 09:58:53,18,5.86,3.7,
TR2608120026184,CL100674,EN00531,trottinette,Grenoble,ST1050,ST1048,,2026-08-12 09:57:03,21,5.58,5.62,cb
TR2608120026185,CL102875,EN00514,velo_elec,Grenoble,ST1054,ST1049,12/08/2026 09:37,2026-08-12 09:49:48,12,3.69,4.0,cb
TR2608120026186,CL105373,EN00504,trottinette,Grenoble,ST1056,ST1049,2026-08-12 09:39:38,2026-08-12 09:54:38,15,3.22,4.3,cb
TR2608120026187,CL101605,EN00551,trottinette,Grenoble,ST1057,ST1049,1786519937,12/08/2026 09:40,8,2.08,2.76,abonnement
TR2608120026188,CL105980,EN00094,velo_elec,Lyon,ST1005,ST1004,2026-08-12 09:56:51,2026-08-12 10:15:51,19,4.38,5.75,
TR2608120026189,CL103002,EN00143,velo,Lyon,ST1007,ST1001,2026-08-12 09:55:40,12/08/2026 10:00,5,0.99,1.75,cb
TR2608120026190,CL107885,EN00208,velo_elec,Lyon,ST1009,ST1003,12/08/2026 09:48,12/08/2026 10:05,17,4.46,5.25,cb
TR2608120026191,CL101122,EN00001,velo_elec,Lyon ,ST1009,ST1004,2026-08-12 09:53:08,12/08/2026 10:14,21,3.7,6.25,paypal
TR2608120026192,CL102699,EN00031,velo_elec,Lyon,ST1011,ST1001,2026-08-12 09:51:06,2026-08-12 10:01:06,10,2.28,3.5,cb
TR2608120026193,CL101330,EN00170,trottinette,Lyon,ST1011,ST1001,2026-08-12 09:55:01,2026-08-12 10:03:01,8,1.52,2.76,cb
TR2608120026194,CL100668,EN00084,velo_elec,Lyon,ST1014,ST1004,2026-08-12 09:47:57,12/08/2026 10:00,13,4.25,4.25,cb
TR2608120026195,CL106159,EN00164,trottinette,Lyon,ST1015,ST1003,2026-08-12 09:54:28,2026-08-12 10:06:28,12,2.29,3.64,abonnement
TR2608120026196,CL102771,EN00012,velo,Lyon,ST1015,ST1002,1786520759,2026-08-12 10:04:59,19,4.97,3.85,abonnement
TR2608120026197,CL100936,EN00074,trottinette,Lyon,ST1019,ST1015,1786521426,2026-08-12 10:06:06,9,1.7,2.98,abonnement
TR2608120026198,CL105884,EN00229,trottinette,Nantes,ST1020,ST1028,12/08/2026 09:56,1786521758,6,1.14,2.32,paypal
TR2608120026199,CL107940,EN00261,trottinette,Nantes,ST1024,ST1020,1786521120,2026-08-12 10:13:00,21,3.18,5.62,abonnement
TR2608120026200,CL104782,EN00354,velo_elec,Nantes,ST1027,ST1030,12/08/2026 09:59,2026-08-12 10:17:58,18,5.22,5.5,
TR2608120026201,CL108817,EN00289,trottinette,Nantes,ST1027,ST1020,1786521084,2026-08-12 10:18:24,27,5.88,6.94,paypal
TR2608120026202,CL102590,EN00318,velo_elec,Nantes,ST1032,ST1021,2026-08-12 09:54:08,2026-08-12 10:13:08,19,5.42,5.75,cb
TR2608120026203,CL100413,EN00270,velo_elec,Nantes,ST1033,ST1020,2026-08-12 09:52:15,2026-08-12 10:12:15,20,6.66,6.0,abonnement
TR2608120026204,CL108623,EN00394,velo_elec,Lille,ST1044,ST1041,2026-08-12 09:57:22,2026-08-12 10:06:22,9,2.25,3.25,cb
TR2608120026205,CL101663,EN00135,trottinette,Lyon,ST1008,ST1010,2026-08-12 10:11:00,2026-08-12 10:22:00,11,2.64,3.42,paypal
TR2608120026206,CL105036,EN00211,velo_elec,Lyon,ST1013,ST1012,2026-08-12 10:05:47,12/08/2026 10:29,24,3.94,7.0,abonnement
TR2608120026207,CL104839,EN00100,velo_elec,Lyon,ST1015,ST1006,1786522488,12/08/2026 10:22,8,2.19,3.0,cb
TR2608120026208,CL105503,EN00204,velo_elec,Lyon,ST1017,ST1011,2026-08-12 10:08:17,1786523597,25,7.81,7.25,paypal
TR2608120026209,CL106315,EN00322,velo,Nantes,ST1032,ST1030,2026-08-12 10:04:18,2026-08-12 10:13:18,9,2.0,2.35,abonnement
TR2608120026210,CL101433,EN00122,trottinette,Lyon,ST1003,ST1017,2026-08-12 10:19:42,2026-08-12 10:30:42,11,2.06,3.42,cb
TR2608120026211,CL108918,EN00169,velo,Lyon,ST1013,ST1014,2026-08-12 10:18:48,12/08/2026 10:26,8,2.38,2.2,cb
TR2608120026212,CL101191,EN00184,velo_elec,Lyon,ST1014,ST1014,2026-08-12 10:28:12,2026-08-12 10:51:12,23,4.28,6.75,abonnement
TR2608120026213,CL105063,EN00029,velo_elec,Lyon,ST1019,ST1013,2026-08-12 10:30:53,2026-08-12 10:34:53,4,1.21,2.0,abonnement
TR2608120026214,CL106841,EN00321,velo_elec,Nantes,ST1020,ST1024,2026-08-12 10:17:05,2026-08-12 10:39:05,22,3.41,6.5,cb
TR2608120026215,CL101144,EN00303,velo_elec,Nantes,ST1027,ST1025,2026-08-12 10:29:08,2026-08-12 10:39:08,10,2.55,3.5,cb
TR2608120026216,CL106842,EN00408,velo_elec,Lille,ST1035,ST1037,2026-08-12 10:29:24,2026-08-12 10:40:24,11,3.01,3.75,abonnement
TR2608120026217,CL104045,EN00584,trottinette,Grenoble,ST1050,ST1049,12/08/2026 10:16,2026-08-12 10:25:37,9,2.1,2.98,paypal
TR2608120026218,CL100003,EN00559,trottinette,Grenoble,ST1055,ST1056,2026-08-12 10:26:51,2026-08-12 10:28:51,2,0.54,1.44,cb
TR2608120026219,CL100148,EN00194,velo_elec,Lyon,ST1002,ST1017,2026-08-12 10:42:33,2026-08-12 10:55:33,13,3.94,4.25,abonnement
TR2608120026220,CL100788,EN00216,velo_elec,Lyon,ST1002,ST1005,2026-08-12 10:40:06,2026-08-12 11:16:06,36,10.7,10.0,cb
TR2608120026221,CL108481,EN00178,velo_elec,Lyon,ST1002,ST1011,2026-08-12 10:44:27,2026-08-12 10:54:27,10,3.44,3.5,cb
TR2608120026222,CL103500,EN00164,trottinette,Lyon,ST1003,ST1011,2026-08-12 10:31:45,2026-08-12 10:48:45,17,4.33,4.74,cb
TR2608120026223,CL101465,EN00010,trottinette,Lyon,ST1008,ST1014,2026-08-12 10:39:37,2026-08-12 10:46:37,7,1.43,2.54,
TR2608120026224,CL107421,EN00153,velo_elec,Lyon,ST1014,ST1017,2026-08-12 10:41:02,2026-08-12 10:50:02,9,2.67,3.25,cb
TR2608120026225,CL108533,EN00058,velo_elec,Lyon,ST1019,ST1008,2026-08-12 10:40:22,2026-08-12 10:48:22,8,1.72,3.0,cb
TR2608120026226,CL103964,EN00261,trottinette,nantes,ST1020,ST1026,2026-08-12 10:35:53,2026-08-12 10:45:53,10,3.39,3.2,abonnement
TR2608120026227,CL103219,EN00343,velo,Nantes,ST1025,ST1024,2026-08-12 10:31:52,2026-08-12 10:40:52,9,1.59,2.35,cb
TR2608120026228,CL100045,EN00255,velo,Nantes,ST1026,ST1033,2026-08-12 10:33:45,12/08/2026 11:11,38,11.45,6.7,abonnement
TR2608120026229,CL106507,EN00229,trottinette,Nantes,ST1028,ST1024,12/08/2026 10:36,2026-08-12 10:57:33,21,5.33,5.62,cb
TR2608120026230,CL104226,EN00356,velo,Nantes,ST1032,ST1033,2026-08-12 10:40:50,2026-08-12 10:47:50,7,1.16,2.05,abonnement
TR2608120026231,CL102946,EN00488,velo_elec,Lille,ST1042,ST1047,2026-08-12 10:44:09,2026-08-12 10:54:09,10,3.0,3.5,paypal
TR2608120026232,CL102146,EN00370,velo_elec,lille,ST1044,ST1047,2026-08-12 10:31:29,2026-08-12 10:57:29,26,8.17,7.5,cb
TR2608120026233,CL102771,EN00206,velo_elec,Lyon,ST1001,ST1011,2026-08-12 10:59:55,2026-08-12 11:31:55,32,10.53,9.0,abonnement
TR2608120026234,CL106996,EN00160,velo_elec,Lyon,ST1002,ST1009,2026-08-12 10:55:25,2026-08-12 11:00:25,5,0.77,2.25,cb
TR2608120026235,CL100092,EN00161,velo_elec,Lyon,ST1002,ST1019,2026-08-12 10:56:07,2026-08-12 11:07:07,11,3.1,3.75,cb
TR2608120026236,CL100507,EN00163,trottinette,Lyon,ST1002,ST1019,2026-08-12 10:51:45,2026-08-12 11:10:45,19,3.7,5.18,abonnement
TR2608120026237,CL100777,EN00135,trottinette,Lyon,ST1010,ST1005,12/08/2026 11:00,2026-08-12 11:04:05,4,1.18,1.88,cb
TR2608120026238,CL104560,EN00122,trottinette,Lyon,ST1017,ST1008,2026-08-12 10:47:19,2026-08-12 10:56:19,9,2.52,2.98,cb
TR2608120026239,CL104034,EN00270,velo_elec,Nantes,ST1020,ST1024,2026-08-12 10:59:26,12/08/2026 11:30,31,5.84,8.75,
TR2608120026240,CL103158,EN00338,velo_elec,Nantes,ST1023,ST1030,12/08/2026 10:51,2026-08-12 11:02:10,11,1.81,3.75,cb
TR2608120026241,CL102604,EN00303,velo_elec,Nantes,ST1025,ST1028,2026-08-12 10:56:56,2026-08-12 11:07:56,11,3.26,3.75,cb
TR2608120026242,CL106008,EN00312,trottinette,Nantes,ST1031,ST1028,2026-08-12 10:48:17,12/08/2026 11:01,13,2.56,3.86,paypal
TR2608120026243,CL102143,EN00326,velo,Nantes,ST1032,ST1033,2026-08-12 10:55:24,12/08/2026 11:17,22,7.67,4.3,cb
TR2608120026244,CL102014,EN00596,velo_elec,GRENOBLE,ST1048,ST1053,1786524869,2026-08-12 11:17:29,23,6.36,6.75,paypal
TR2608120026245,CL104262,EN00026,trottinette,Lyon,ST1003,ST1018,2026-08-12 11:13:38,1786527218,20,4.7,5.4,abonnement
TR2608120026246,CL103004,EN00122,trottinette,Lyon,ST1008,ST1017,2026-08-12 11:15:23,1786526483,6,2.07,2.32,cb
TR2608120026247,CL100120,EN00145,trottinette,Lyon,ST1009,ST1017,2026-08-12 11:05:24,1786525944,7,1.58,2.54,abonnement
TR2608120026248,CL101251,EN00009,velo_elec,Lyon,ST1010,ST1012,2026-08-12 11:06:41,2026-08-12 11:21:41,15,3.03,4.75,cb
TR2608120026249,CL107188,EN00164,trottinette,Lyon,ST1011,ST1012,2026-08-12 11:14:36,2026-08-12 11:21:36,7,1.36,2.54,abonnement
TR2608120026250,CL108648,EN00211,velo_elec,Lyon,ST1012,ST1010,2026-08-12 11:14:17,2026-08-12 11:16:17,2,0.56,1.5,abonnement
TR2608120026251,CL108978,EN00039,velo_elec,LYON,ST1019,ST1009,2026-08-12 11:03:55,2026-08-12 11:08:55,5,1.23,2.25,cb
TR2608120026252,CL106155,EN00563,trottinette,Grenoble,ST1048,ST1056,2026-08-12 11:02:47,2026-08-12 11:37:47,35,10.95,8.7,paypal
TR2608120026253,CL104600,EN00559,trottinette,Grenoble,ST1056,ST1051,2026-08-12 11:08:56,2026-08-12 11:14:56,6,1.88,2.32,cb
TR2608120026254,CL107677,EN00151,trottinette,lyon,ST1003,ST1011,2026-08-12 11:29:17,2026-08-12 11:42:17,13,2.23,3.86,cb
TR2608120026255,CL104673,EN00011,velo_elec,Lyon,ST1019,ST1002,2026-08-12 11:21:30,2026-08-12 11:30:30,9,2.6,3.25,abonnement
TR2608120026256,CL104582,EN00162,velo_elec,Lyon,ST1019,ST1008,2026-08-12 11:19:29,2026-08-12 11:40:29,21,4.09,6.25,cb
TR2608120026257,CL103326,EN00345,velo,Nantes,ST1025,ST1028,2026-08-12 11:26:23,,61,11.41,10.15,paypal
TR2608120026258,CL101144,EN00235,trottinette,Nantes,ST1027,ST1024,12/08/2026 11:20,,13,2.47,3.86,cb
TR2608120026259,CL104124,EN00473,trottinette,Lille,ST1039,ST1047,2026-08-12 11:27:41,1786527221,6,1.75,2.32,cb
TR2608120026260,CL108581,EN00534,trottinette,Grenoble,ST1053,ST1049,2026-08-12 11:27:18,2026-08-12 11:46:18,19,3.64,5.18,cb
TR2608120026261,CL107701,EN00507,trottinette,Grenoble,ST1058,ST1053,12/08/2026 11:28,2026-08-12 11:49:51,21,6.67,5.62,cb
TR2608120026262,CL103070,EN00569,trottinette,GRENOBLE,ST1058,ST1052,2026-08-12 11:21:30,2026-08-12 11:27:30,6,1.36,2.32,cb
TR2608120026263,CL100901,EN00216,velo_elec,Lyon,ST1005,ST1012,12/08/2026 11:44,1786528676,13,4.07,4.25,paypal
TR2608120026264,CL101485,EN00030,trottinette,LYON,ST1013,ST1001,2026-08-12 11:36:24,2026-08-12 11:44:24,8,1.44,2.76,cb
TR2608120026265,CL104925,EN00029,velo_elec,lyon,ST1013,ST1014,2026-08-12 11:43:46,1786529146,22,6.42,6.5,abonnement
TR2608120026266,CL101864,EN00237,velo_elec,Nantes,ST1027,ST1030,12/08/2026 11:35,2026-08-12 11:53:35,18,2.79,5.5,cb
TR2608120026267,CL108077,EN00456,trottinette,Lille,ST1035,ST1035,2026-08-12 11:33:13,2026-08-12 11:43:13,10,2.24,3.2,cb
TR2608120026268,CL103780,EN00401,trottinette,Lille,ST1040,ST1037,12/08/2026 11:33,2026-08-12 11:48:50,15,5.08,4.3,cb
TR2608120026269,CL106401,EN00479,trottinette,Lille,ST1044,ST1045,2026-08-12 11:45:04,2026-08-12 11:47:04,2,0.52,1.44,cb
TR2608120026270,CL102206,EN00571,trottinette,Grenoble,ST1055,ST1049,2026-08-12 11:41:21,2026-08-12 11:51:21,10,1.61,3.2,abonnement
TR2608120026271,CL100037,EN00021,trottinette,Lyon,ST1001,ST1007,1786528069,12/08/2026 12:02,15,4.91,4.3,cb
TR2608120026272,CL102624,EN00186,trottinette,Lyon,ST1001,ST1004,2026-08-12 11:58:33,12/08/2026 12:15,17,2.69,4.74,cb
TR2608120026273,CL105575,EN00135,trottinette,Lyon,ST1005,ST1013,2026-08-12 11:51:57,2026-08-12 12:11:57,20,6.34,5.4,cb
TR2608120026274,CL106813,EN00047,velo_elec,Lyon,ST1009,ST1007,2026-08-12 11:51:48,2026-08-12 12:01:48,10,1.88,3.5,cb
TR2608120026275,CL100233,EN00323,velo,Nante,ST1027,ST1024,2026-08-12 11:48:09,2026-08-12 11:55:09,7,2.39,2.05,abonnement
TR2608120026276,CL107164,EN00481,velo_elec,Lille,ST1035,ST1046,2026-08-12 11:50:57,2026-08-12 11:58:57,8,2.18,3.0,cb
TR2608120026277,CL103888,EN00410,velo_elec,Lille,ST1038,ST1037,12/08/2026 11:59,2026-08-12 12:09:27,10,2.58,3.5,cb
TR2608120026278,CL102942,EN00599,trottinette,Grenoble,ST1054,ST1056,,2026-08-12 12:07:33,12,3.84,3.64,cb
TR2608120026279,CL103007,EN00211,velo_elec,Lyon,ST1010,ST1007,2026-08-12 12:13:56,2026-08-12 12:25:56,12,3.49,4.0,cb
TR2608120026280,CL104267,EN00151,trottinette,Lyon,ST1011,ST1001,12/08/2026 12:10,2026-08-12 12:23:24,13,4.36,3.86,abonnement
TR2608120026281,CL106307,EN00216,velo_elec,Lyon,ST1012,ST1010,2026-08-12 12:01:50,2026-08-12 12:36:50,35,6.51,9.75,cb
TR2608120026282,CL102154,EN00320,velo,Nantes,ST1025,ST1033,2026-08-12 12:06:47,2026-08-12 12:32:47,26,4.18,4.9,cb
TR2608120026283,CL106587,EN00261,trottinette,Nantes,ST1026,ST1025,2026-08-12 12:12:20,12/08/2026 12:20,8,2.3,2.76,paypal
TR2608120026284,CL108864,EN00312,trottinette,NANTES,ST1028,ST1023,2026-08-12 12:03:03,2026-08-12 12:15:03,12,3.78,3.64,paypal
TR2608120026285,CL103668,EN00356,velo,Nantes,ST1033,ST1021,2026-08-12 12:06:27,2026-08-12 12:27:27,21,7.02,4.15,abonnement
TR2608120026286,CL107232,EN00423,velo_elec,Lille,ST1047,ST1046,2026-08-12 12:11:07,12/08/2026 12:16,5,1.21,2.25,abonnement
TR2608120026287,CL107606,EN00085,velo_elec,Lyon,ST1002,ST1002,2026-08-12 12:18:05,2026-08-12 12:43:05,25,7.72,7.25,abonnement
TR2608120026288,CL106865,EN00202,trottinette,Lyon,ST1002,ST1009,2026-08-12 12:26:59,2026-08-12 12:58:59,32,5.19,8.04,cb
TR2608120026289,CL104272,EN00100,velo_elec,Lyon,ST1006,ST1012,12/08/2026 12:25,2026-08-12 12:41:39,16,3.27,5.0,cb
TR2608120026290,CL101051,EN00189,trottinette,Lyon,ST1014,ST1003,2026-08-12 12:16:39,2026-08-12 12:36:39,20,5.55,5.4,cb
TR2608120026291,CL106594,EN00077,trottinette,Lyon,ST1015,ST1019,1786529915,2026-08-12 12:32:35,14,2.19,4.08,abonnement
TR2608120026292,CL100630,EN00078,velo_elec,Lyon,ST1019,ST1007,2026-08-12 12:24:42,2026-08-12 12:33:42,9,1.61,3.25,cb
TR2608120026293,CL101012,EN00312,trottinette,NANTES,ST1023,ST1025,2026-08-12 12:19:24,12/08/2026 12:28,9,1.78,2.98,cb
TR2608120026294,CL101473,EN00275,velo,Nante,ST1032,ST1024,12/08/2026 12:29,2026-08-12 13:15:45,46,7.47,7.9,abonnement
TR2608120026295,CL104775,EN00368,trottinette,Lille,ST1034,ST1035,12/08/2026 12:27,2026-08-12 12:30:03,3,0.85,1.66,paypal
TR2608120026296,CL108816,EN00408,velo_elec,Lille,ST1037,ST1045,2026-08-12 12:18:41,2026-08-12 12:34:41,16,2.78,5.0,abonnement
TR2608120026297,CL103420,EN00379,velo_elec,Lille,ST1039,ST1047,2026-08-12 12:27:18,12/08/2026 12:42,15,4.81,4.75,cb
TR2608120026298,CL100203,EN00494,velo_elec,Lille,ST1039,ST1034,2026-08-12 12:28:16,2026-08-12 12:49:16,21,5.84,6.25,paypal
TR2608120026299,CL104993,EN00559,trottinette,Grenoble,ST1051,ST1051,2026-08-12 12:17:42,2026-08-12 12:25:42,8,2.02,2.76,cb
TR2608120026300,CL101172,EN00011,velo_elec,Lyonn,ST1002,ST1014,12/08/2026 12:41,2026-08-12 12:52:49,11,1.87,3.75,paypal
TR2608120026301,CL104067,EN00200,trottinette,Lyon,ST1004,ST1012,2026-08-12 12:39:48,2026-08-12 12:50:48,11,2.97,3.42,cb
TR2608120026302,CL104374,EN00054,trottinette,Lyon,ST1004,ST1004,2026-08-12 12:33:31,2026-08-12 12:56:31,23,6.99,6.06,cb
TR2608120026303,CL108924,EN00095,trottinette,Lyon,ST1006,ST1010,,12/08/2026 12:44,8,1.55,2.76,abonnement
TR2608120026304,CL104857,EN00074,trottinette,Lyon,ST1015,ST1009,12/08/2026 12:43,2026-08-12 13:05:01,22,7.2,5.84,cb
TR2608120026305,CL101965,EN00161,velo_elec,Lyon,ST1019,ST1001,,2026-08-12 13:07:46,31,8.35,8.75,cb
TR2608120026306,CL107867,EN00417,trottinette,Lille,ST1034,ST1038,2026-08-12 12:31:28,2026-08-12 12:40:28,9,1.76,2.98,abonnement
TR2608120026307,CL103039,EN00489,trottinette,Lille,ST1036,ST1042,2026-08-12 12:38:59,2026-08-12 12:57:59,19,3.48,5.18,cb
TR2608120026308,CL108777,EN00410,velo_elec,Lille,ST1037,ST1036,2026-08-12 12:32:54,1786533714,49,15.57,13.25,cb
TR2608120026309,CL108747,EN00404,trottinette,Lille,ST1044,ST1035,2026-08-12 12:44:16,2026-08-12 13:14:16,30,7.79,7.6,cb
TR2608120026310,CL104848,EN00423,velo_elec,Lille,ST1046,ST1044,1786530800,2026-08-12 12:52:20,19,3.84,5.75,abonnement
TR2608120026311,CL108360,EN00473,trottinette,Lille,ST1047,ST1044,2026-08-12 12:30:52,2026-08-12 12:45:52,5773,2.8,4.3,cb
TR2608120026312,CL100780,EN00559,trottinette,Grenoble,ST1051,ST1051,2026-08-12 12:30:31,2026-08-12 13:12:31,42,13.95,10.24,cb
TR2608120026313,CL102936,EN00560,velo_elec,Grenoble,ST1058,ST1058,2026-08-12 12:45:38,2026-08-12 13:08:38,23,4.06,6.75,
TR2608120026314,CL104168,EN00085,velo_elec,Lyon,ST1002,ST1003,2026-08-12 12:52:08,2026-08-12 13:01:08,9,2.32,3.25,paypal
TR2608120026315,CL102680,EN00055,trottinette,Lyon,ST1003,ST1004,2026-08-12 12:51:39,2026-08-12 13:29:39,38,8.91,9.36,cb
TR2608120026316,CL101990,EN00142,velo_elec,Lyon,ST1006,ST1003,2026-08-12 12:58:05,2026-08-12 13:14:05,16,3.55,5.0,abonnement
TR2608120026317,CL107632,EN00058,velo_elec,Lyon,ST1008,ST1017,2026-08-12 12:54:21,2026-08-12 13:05:21,11,3.28,3.75,cb
TR2608120026318,CL107321,EN00232,trottinette,nantes,ST1022,ST1028,1786531926,2026-08-12 13:11:06,19,6.47,5.18,abonnement
TR2608120026319,CL108516,EN00261,trottinette,Nantes,ST1025,ST1022,2026-08-12 12:55:11,,9,1.66,2.98,abonnement
TR2608120026320,CL106474,EN00312,trottinette,Nantes,ST1025,ST1026,1786532082,2026-08-12 13:06:42,12,4.01,3.64,cb
TR2608120026321,CL102402,EN00424,velo_elec,Lille,ST1034,ST1044,2026-08-12 12:55:30,2026-08-12 13:00:30,5,1.7,2.25,cb
TR2608120026322,CL107982,EN00530,velo_elec,Grenoble,ST1055,ST1054,,2026-08-12 13:07:16,13,4.35,4.25,abonnement
TR2608120026323,CL100663,EN00505,velo,Grenoble,ST1058,ST1052,2026-08-12 13:00:50,12/08/2026 13:15,15,2.85,3.25,cb
TR2608120026324,CL102346,EN00004,velo_elec,Lyon,ST1002,ST1012,2026-08-12 13:07:02,2026-08-12 13:17:02,10,2.6,3.5,cb
TR2608120026325,CL106707,EN00124,velo_elec,Lyon,ST1003,ST1012,2026-08-12 13:06:37,2026-08-12 13:17:37,11,3.63,3.75,cb
TR2608120026326,CL103141,EN00044,trottinette,Lyon,ST1004,ST1003,,2026-08-12 13:15:22,8,1.82,2.76,cb
TR2608120026327,CL104085,EN00180,trottinette,Lyon,ST1016,ST1012,12/08/2026 13:11,,6,2.1,2.32,abonnement
TR2608120026328,CL100421,EN00077,trottinette,Lyon,ST1019,ST1010,2026-08-12 13:14:19,2026-08-12 13:29:19,15,4.71,4.3,abonnement
TR2608120026329,CL101101,EN00269,velo_elec,Nantes,ST1020,ST1024,2026-08-12 13:06:18,2026-08-12 13:12:18,6,1.94,2.5,cb
TR2608120026330,CL101784,EN00317,trottinette,Nantes,ST1021,ST1032,2026-08-12 13:08:00,2026-08-12 13:21:00,13,3.13,3.86,cb
TR2608120026331,CL105648,EN00228,trottinette,NANTES,ST1022,ST1025,2026-08-12 13:06:19,12/08/2026 13:14,8,1.32,2.76,cb
TR2608120026332,CL103655,EN00303,velo_elec,Nantes,ST1028,ST1021,12/08/2026 13:06,12/08/2026 13:36,30,4.85,8.5,cb
TR2608120026333,CL102212,EN00354,velo_elec,NANTES,ST1030,ST1023,2026-08-12 13:02:49,2026-08-12 13:25:49,23,6.42,6.75,abonnement
TR2608120026334,CL105620,EN00326,velo,Nantes,ST1033,ST1031,12/08/2026 13:14,2026-08-12 13:25:26,11,2.5,2.65,abonnement
TR2608120026335,CL104341,EN00428,velo_elec,Lille,ST1039,ST1042,12/08/2026 13:12,2026-08-12 13:21:33,9,1.92,3.25,paypal
TR2608120026336,CL106846,EN00488,velo_elec,Lille,ST1047,ST1034,2026-08-12 13:03:44,2026-08-12 13:11:44,8,2.09,3.0,cb
TR2608120026337,CL107322,EN00527,velo_elec,Grenoble,ST1055,ST1057,12/08/2026 13:13,12/08/2026 13:18,5,1.5,2.25,cb
TR2608120026338,CL102337,EN00598,velo_elec,Grenoble ,ST1055,ST1051,1786533230,2026-08-12 13:21:50,8,1.54,3.0,paypal
TR2608120026339,CL104589,EN00555,velo,Grenoble,ST1057,ST1053,1786532445,2026-08-12 13:03:45,3,0.83,1.45,paypal
TR2608120026340,CL107075,EN00117,trottinette,Lyon,ST1002,ST1017,12/08/2026 13:25,2026-08-12 13:32:57,7,2.32,2.54,cb
TR2608120026341,CL103207,EN00162,velo_elec,Lyon,ST1008,ST1015,12/08/2026 13:19,12/08/2026 13:33,14,4.36,4.5,abonnement
TR2608120026342,CL106475,EN00136,trottinette,Lyon,ST1017,ST1011,1786533840,12/08/2026 13:29,5,1.01,2.1,cb
TR2608120026343,CL107663,EN00177,velo_elec,Lyon,ST1019,ST1001,2026-08-12 13:24:02,2026-08-12 13:41:02,17,5.69,5.25,cb
TR2608120026344,CL108033,EN00318,velo_elec,Nantes,ST1021,ST1024,2026-08-12 13:29:05,1786534925,13,2.92,4.25,paypal
TR2608120026345,CL102068,EN00321,velo_elec,Nantes,ST1024,ST1026,2026-08-12 13:24:09,2026-08-12 13:33:09,9,1.36,3.25,cb
TR2608120026346,CL100843,EN00467,velo_elec,Lille,ST1035,ST1035,2026-08-12 13:24:35,12/08/2026 13:31,7,1.43,2.75,cb
TR2608120026347,CL102989,EN00392,velo_elec,Lille,ST1040,ST1042,2026-08-12 13:21:38,2026-08-12 13:31:38,10,3.41,3.5,cb
TR2608120026348,CL102727,EN00570,trottinette,Grenoble,ST1048,ST1057,12/08/2026 13:18,1786534060,9,2.46,2.98,abonnement
TR2608120026349,CL103197,EN00170,trottinette,Lyon,ST1001,ST1019,2026-08-12 13:30:53,2026-08-12 13:55:53,25,7.29,6.5,cb
TR2608120026350,CL107175,EN00179,trottinette,Lyon,ST1001,ST1010,2026-08-12 13:42:53,2026-08-12 13:47:53,5,1.0,2.1,cb
TR2608120026351,CL105198,EN00198,velo_elec,Lyon,ST1004,ST1015,2026-08-12 13:41:58,12/08/2026 13:51,10,3.16,3.5,cb
TR2608120026352,CL101660,EN00074,trottinette,Lyon,ST1009,ST1005,2026-08-12 13:34:33,2026-08-12 13:40:33,6,1.63,2.32,cb
TR2608120026353,CL103864,EN00354,velo_elec,Nantes,ST1023,ST1023,12/08/2026 13:44,2026-08-12 13:54:28,10,3.16,3.5,abonnement
TR2608120026354,CL108223,EN00269,velo_elec,Nantes,ST1024,ST1024,1786535057,2026-08-12 14:06:17,22,7.16,6.5,abonnement
TR2608120026355,CL107216,EN00326,velo,NANTES,ST1031,ST1027,1786535106,12/08/2026 14:03,18,5.73,3.7,paypal
TR2608120026356,CL104860,EN00317,trottinette,Nantes,ST1032,ST1021,2026-08-12 13:43:23,2026-08-12 13:51:23,8,2.43,2.76,cb
TR2608120026357,CL103096,EN00346,velo,Nantes,ST1032,ST1024,2026-08-12 13:42:22,2026-08-12 14:01:22,19,6.49,3.85,cb
TR2608120026358,CL106432,EN00449,trottinette,Lille,ST1036,ST1044,2026-08-12 13:38:09,2026-08-12 13:46:09,8,2.34,2.76,cb
TR2608120026359,CL108813,EN00464,trottinette,Lille,ST1040,ST1045,2026-08-12 13:31:38,2026-08-12 13:49:38,18,2.8,4.96,cb
TR2608120026360,CL106922,EN00383,trottinette,Lille,ST1041,ST1041,2026-08-12 13:40:51,2026-08-12 13:47:51,7,1.3,2.54,cb
TR2608120026361,CL105435,EN00489,trottinette,lille,ST1042,ST1046,2026-08-12 13:36:30,2026-08-12 13:44:30,8,2.63,2.76,cb
TR2608120026362,CL105824,EN00478,trottinette,Lille,ST1043,ST1046,2026-08-12 13:33:35,2026-08-12 13:58:35,25,6.84,6.5,cb
TR2608120026363,CL100392,EN00556,trottinette,GRENOBLE,ST1049,ST1049,2026-08-12 13:34:17,1786535837,23,7.7,6.06,cb
TR2608120026364,CL107024,EN00597,trottinette,Grenoble,ST1051,ST1049,2026-08-12 13:39:41,2026-08-12 13:49:41,10,2.71,3.2,abonnement
TR2608120026365,CL106545,EN00596,velo_elec,GRENOBLE,ST1053,ST1048,2026-08-12 13:39:06,2026-08-12 13:49:06,10,1.86,3.5,cb
TR2608120026366,CL100486,EN00158,velo_elec,Lyon,ST1004,ST1012,2026-08-12 13:57:13,2026-08-12 14:41:13,44,10.8,12.0,cb
TR2608120026367,CL104349,EN00162,velo_elec,lyon,ST1015,ST1010,12/08/2026 13:59,12/08/2026 14:18,19,3.9,5.75,cb
TR2608120026368,CL106271,EN00228,trottinette,Nantes,ST1025,ST1020,2026-08-12 13:53:11,12/08/2026 14:02,9,2.91,2.98,abonnement
TR2608120026369,CL103377,EN00274,velo,Nantes,ST1027,ST1023,12/08/2026 13:55,2026-08-12 14:09:13,14,3.39,3.1,cb
TR2608120026370,CL102059,EN00440,trottinette,Lille,ST1036,ST1036,2026-08-12 14:00:57,2026-08-12 14:15:57,15,3.7,4.3,abonnement
TR2608120026371,CL108614,EN00558,trottinette,Grenoble,ST1055,ST1049,2026-08-12 13:59:53,2026-08-12 14:11:53,12,3.88,3.64,abonnement
TR2608120026372,CL102221,EN00570,trottinette,GRENOBLE,ST1057,ST1055,2026-08-12 13:55:08,2026-08-12 14:05:08,10,3.07,3.2,cb
TR2608120026373,CL102407,EN00079,velo_elec,Lyon,ST1001,ST1014,2026-08-12 14:13:57,,7,1.45,2.75,paypal
TR2608120026374,CL103729,EN00214,trottinette,Lyon,ST1004,ST1009,2026-08-12 14:03:25,2026-08-12 14:11:25,8,2.07,2.76,cb
TR2608120026375,CL108536,EN00074,trottinette,lyon,ST1005,ST1018,2026-08-12 14:12:30,12/08/2026 14:26,14,2.77,4.08,abonnement
TR2608120026376,CL100625,EN00135,trottinette,Lyon,ST1013,ST1003,2026-08-12 14:04:47,2026-08-12 14:19:47,15,3.02,4.3,abonnement
TR2608120026377,CL102242,EN00010,trottinette,Lyon,ST1014,ST1019,2026-08-12 14:03:02,2026-08-12 14:12:02,9,1.92,2.98,cb
TR2608120026378,CL103986,EN00083,velo_elec,Lyon,ST1017,ST1003,2026-08-12 14:09:35,2026-08-12 14:21:35,12,1.91,4.0,cb
TR2608120026379,CL106691,EN00026,trottinette,Lyon,ST1018,ST1015,2026-08-12 14:09:13,12/08/2026 14:17,8,1.36,2.76,cb
TR2608120026380,CL103590,EN00303,velo_elec,Nantes,ST1021,ST1022,2026-08-12 14:04:05,1786537145,15,2.94,4.75,
TR2608120026381,CL106953,EN00277,velo_elec,Nantes,ST1021,ST1029,2026-08-12 14:02:27,2026-08-12 14:08:27,6,0.97,2.5,
TR2608120026382,CL108965,EN00318,velo_elec,Nantes,ST1024,ST1030,2026-08-12 14:01:27,2026-08-12 14:08:27,7,1.38,2.75,abonnement
TR2608120026383,CL108406,EN00338,velo_elec,Nantes,ST1030,ST1029,,2026-08-12 14:08:50,7,1.4,2.75,cb
TR2608120026384,CL100796,EN00237,velo_elec,Nantes,ST1030,ST1029,2026-08-12 14:09:51,2026-08-12 14:14:51,5,1.34,2.25,cb
TR2608120026385,CL102324,EN00255,velo,Nantes,ST1033,ST1032,2026-08-12 14:06:42,12/08/2026 14:17,11,1.95,2.65,abonnement
TR2608120026386,CL105824,EN00405,trottinette,Lille,ST1034,ST1042,,1786537470,12,1.98,3.64,cb
TR2608120026387,CL104346,EN00460,velo_elec,Lille,ST1040,ST1036,2026-08-12 14:02:35,2026-08-12 14:16:35,14,2.38,4.5,cb
TR2608120026388,CL100527,EN00093,velo_elec,Lyon,ST1002,ST1010,2026-08-12 14:16:43,2026-08-12 14:23:43,7,1.42,2.75,cb
TR2608120026389,CL100162,EN00214,trottinette,Lyon,ST1009,ST1004,1786537078,2026-08-12 14:24:58,7,1.13,2.54,abonnement
TR2608120026390,CL102778,EN00202,trottinette,Lyon,ST1009,ST1003,2026-08-12 14:24:56,2026-08-12 14:31:56,7,1.4,2.54,abonnement
TR2608120026391,CL101669,EN00180,trottinette,Lyon,ST1012,ST1017,1786536960,2026-08-12 14:22:00,6,1.3,2.32,cb
TR2608120026392,CL104051,EN00228,trottinette,Nantes,ST1020,ST1025,12/08/2026 14:24,2026-08-12 14:33:29,9,2.83,2.98,abonnement
TR2608120026393,CL108287,EN00252,velo_elec,Nantes,ST1020,ST1023,2026-08-12 14:27:33,1786538553,15,3.73,4.75,abonnement
TR2608120026394,CL102377,EN00321,velo_elec,Nantes,ST1026,ST1021,2026-08-12 14:22:31,2026-08-12 14:42:31,20,3.87,6.0,cb
TR2608120026395,CL101473,EN00277,velo_elec,Nantes,ST1029,ST1023,2026-08-12 14:25:07,2026-08-12 14:33:07,8,1.72,3.0,cb
TR2608120026396,CL108548,EN00320,velo,Nantes,ST1033,ST1027,2026-08-12 14:27:18,2026-08-12 14:35:18,8,2.3,2.2,cb
TR2608120026397,CL107570,EN00488,velo_elec,LILLE,ST1034,ST1035,2026-08-12 14:18:34,,4,1.34,2.0,cb
TR2608120026398,CL108000,EN00371,velo,Lille,ST1043,ST1040,,2026-08-12 14:28:01,11,2.08,2.65,abonnement
TR2608120026399,CL108022,EN00527,velo_elec,Grenoble,ST1057,ST1057,2026-08-12 14:18:52,2026-08-12 14:33:52,15,5.06,4.75,paypal
TR2608120026400,CL108932,EN00093,velo_elec,Lyon,ST1010,ST1006,2026-08-12 14:40:57,12/08/2026 14:48,8,1.8,3.0,paypal
TR2608120026401,CL101759,EN00310,trottinette,Nante,ST1020,ST1023,2026-08-12 14:42:25,2026-08-12 14:47:25,5,0.94,2.1,cb
TR2608120026402,CL107840,EN00288,trottinette,Nantes,ST1020,ST1020,2026-08-12 14:34:59,2026-08-12 14:59:59,25,6.27,6.5,cb
TR2608120026403,CL103743,EN00443,velo_elec,Lille,ST1034,ST1040,2026-08-12 14:30:25,2026-08-12 14:49:25,19,3.05,5.75,cb
TR2608120026404,CL102830,EN00425,velo_elec,Lille,ST1036,ST1039,2026-08-12 14:43:28,12/08/2026 14:49,6,1.33,2.5,abonnement
TR2608120026405,CL100876,EN00391,velo_elec,Lille,ST1039,ST1047,2026-08-12 14:39:29,12/08/2026 14:54,15,4.46,4.75,paypal
TR2608120026406,CL101388,EN00508,trottinette,Grenoble,ST1053,ST1050,2026-08-12 14:40:32,2026-08-12 14:52:32,12,2.55,3.64,cb
TR2608120026407,CL103997,EN00179,trottinette,Lyon,ST1010,ST1002,2026-08-12 14:52:01,12/08/2026 15:00,8,2.23,2.76,
TR2608120026408,CL107263,EN00136,trottinette,Lyon,ST1011,ST1018,2026-08-12 14:55:23,12/08/2026 15:00,5,1.44,2.1,abonnement
TR2608120026409,CL106636,EN00198,velo_elec,Lyon,ST1015,ST1005,2026-08-12 14:58:11,,14,3.48,4.5,cb
TR2608120026410,CL100598,EN00026,trottinette,Lyonn,ST1015,ST1011,2026-08-12 14:57:55,2026-08-12 15:07:55,10,1.61,3.2,abonnement
TR2608120026411,CL107666,EN00194,velo_elec,Lyon,ST1017,ST1002,1786539365,2026-08-12 15:12:05,16,2.98,5.0,abonnement
TR2608120026412,CL108962,EN00277,velo_elec,Nantes,ST1023,ST1025,,2026-08-12 15:07:45,16,2.71,5.0,paypal
TR2608120026413,CL107513,EN00467,velo_elec,Lille,ST1035,ST1046,2026-08-12 14:48:30,2026-08-12 14:52:30,4,1.02,2.0,abonnement
TR2608120026414,CL101441,EN00509,trottinette,Grenoble,ST1052,ST1057,2026-08-12 14:51:04,2026-08-12 15:03:04,12,3.55,3.64,
TR2608120026415,CL105168,EN00527,velo_elec,Grenoble,ST1057,ST1055,2026-08-12 14:55:21,2026-08-12 15:02:21,7,2.02,2.75,cb
TR2608120026416,CL100284,EN00034,velo_elec,Lyon,ST1001,ST1019,2026-08-12 15:13:28,2026-08-12 15:24:28,11,2.38,3.75,cb
TR2608120026417,CL101855,EN00093,velo_elec,LYON,ST1006,ST1012,2026-08-12 15:01:53,2026-08-12 15:05:53,4,1.03,2.0,abonnement
TR2608120026418,CL100390,EN00425,velo_elec,Lille,ST1039,ST1046,2026-08-12 15:03:04,1786541284,25,4.6,7.25,cb
TR2608120026419,CL101518,EN00530,velo_elec,Grenoble,ST1054,ST1058,2026-08-12 15:07:35,2026-08-12 15:15:35,8,1.55,3.0,cb
TR2608120026420,CL100759,EN00546,trottinette,Grenoble,ST1056,ST1049,12/08/2026 15:12,2026-08-12 15:19:10,7,1.17,2.54,cb
TR2608120026421,CL100031,EN00014,velo_elec,Lyon,ST1003,ST1019,2026-08-12 15:17:10,2026-08-12 15:29:10,12,2.58,4.0,cb
TR2608120026422,CL105366,EN00198,velo_elec,Lyon,ST1005,ST1009,2026-08-12 15:20:31,2026-08-12 15:26:31,6,1.5,2.5,paypal
TR2608120026423,CL104786,EN00162,velo_elec,Lyon,ST1010,ST1007,2026-08-12 15:23:38,2026-08-12 15:37:38,14,4.43,4.5,abonnement
TR2608120026424,CL106455,EN00093,velo_elec,Lyon,ST1012,ST1019,2026-08-12 15:19:24,2026-08-12 15:31:24,12,2.98,4.0,cb
TR2608120026425,CL101548,EN00472,velo_elec,Lille,ST1036,ST1039,2026-08-12 15:15:59,2026-08-12 15:23:59,8,1.35,3.0,cb
TR2608120026426,CL100558,EN00443,velo_elec,lille,ST1040,ST1038,2026-08-12 15:27:13,1786541713,8,2.07,3.0,cb
TR2608120026427,CL107775,EN00495,trottinette,Lille,ST1040,ST1040,1786541046,2026-08-12 15:43:06,19,3.04,5.18,cb
TR2608120026428,CL108517,EN00566,trottinette,Grenoble,ST1049,ST1048,2026-08-12 15:26:09,2026-08-12 15:37:09,11,3.26,3.42,abonnement
TR2608120026429,CL106790,EN00325,trottinette,Nantes,ST1021,ST1030,2026-08-12 15:35:46,2026-08-12 15:46:46,11,1.76,3.42,cb
TR2608120026430,CL105448,EN00318,velo_elec,Nantes,ST1030,ST1024,2026-08-12 15:43:28,2026-08-12 16:03:28,20,6.99,6.0,paypal
TR2608120026431,CL104973,EN00498,trottinette,lille,ST1034,ST1037,2026-08-12 15:43:08,1786542308,2658,0.37,1.44,cb
TR2608120026432,CL104643,EN00536,velo_elec,Grenoble,ST1052,ST1050,2026-08-12 15:34:21,2026-08-12 15:43:21,9,2.12,3.25,cb
TR2608120026433,CL103022,EN00509,trottinette,grenoble,ST1057,ST1055,2026-08-12 15:45:06,,13,3.09,3.86,cb
TR2608120026434,CL103836,EN00206,velo_elec,Lyonn,ST1011,ST1001,2026-08-12 15:46:56,2026-08-12 15:59:56,13,2.48,4.25,paypal
TR2608120026435,CL101911,EN00136,trottinette,Lyon,ST1018,ST1019,2026-08-12 15:50:00,12/08/2026 16:08,18,4.15,4.96,cb
TR2608120026436,CL105940,EN00232,trottinette,Nantes,ST1028,ST1028,12/08/2026 15:56,12/08/2026 16:01,5,1.12,2.1,cb
TR2608120026437,CL105507,EN00373,velo_elec,Lille,ST1036,ST1044,,1786543501,5,1.13,2.25,paypal
TR2608120026438,CL103070,EN00536,velo_elec,Grenoble,ST1050,ST1058,2026-08-12 15:52:54,12/08/2026 16:08,16,2.43,5.0,cb
TR2608120026439,CL108147,EN00194,velo_elec,Lyon,ST1002,ST1012,2026-08-12 16:13:56,1786545776,29,4.69,8.25,cb
TR2608120026440,CL103803,EN00016,velo,Lyon,ST1015,ST1003,,2026-08-12 16:18:16,17,2.96,3.55,cb
TR2608120026441,CL106318,EN00230,velo_elec,Nantes,ST1020,ST1024,2026-08-12 16:03:03,2026-08-12 16:09:03,6,1.79,2.5,cb
TR2608120026442,CL108135,EN00330,trottinette,Nantes,ST1021,ST1030,,2026-08-12 16:21:59,7,1.98,2.54,abonnement
TR2608120026443,CL108840,EN00326,velo,Nantes,ST1027,ST1025,2026-08-12 16:13:39,1786544559,9,3.03,2.35,abonnement
TR2608120026444,CL106552,EN00099,velo_elec,Lyon,ST1001,ST1018,2026-08-12 16:18:58,2026-08-12 16:26:58,8,1.78,3.0,paypal
TR2608120026445,CL101227,EN00030,trottinette,Lyon,ST1001,ST9374,2026-08-12 16:26:43,2026-08-12 16:36:43,10,3.35,3.2,abonnement
TR2608120026446,CL102913,EN00057,velo_elec,Lyon,ST1003,ST1016,2026-08-12 16:19:48,2026-08-12 16:35:48,16,4.78,5.0,abonnement
TR2608120026447,CL100217,EN00138,velo_elec,Lyon ,ST1004,ST1009,2026-08-12 16:23:01,2026-08-12 16:45:01,22,7.06,6.5,cb
TR2608120026448,CL105942,EN00077,trottinette,Lyon,ST1010,ST1013,2026-08-12 16:20:30,2026-08-12 16:34:30,14,2.75,4.08,cb
TR2608120026449,CL108181,EN00145,trottinette,Lyonn,ST1017,ST1006,2026-08-12 16:17:55,1786544395,2,0.31,1.44,paypal
TR2608120026450,CL100782,EN00074,trottinette,Lyon,ST1018,ST1001,2026-08-12 16:27:17,2026-08-12 16:42:17,15,3.52,4.3,cb
TR2608120026451,CL108369,EN00328,velo_elec,Nantes,ST1020,ST1030,2026-08-12 16:25:32,2026-08-12 16:37:32,12,3.01,4.0,cb
TR2608120026452,CL103755,EN00312,trottinette,Nantes,ST1026,ST1027,2026-08-12 16:26:17,2026-08-12 16:39:17,13,2.99,3.86,abonnement
TR2608120026453,CL103243,EN00378,velo_elec,Lille,ST1034,ST1042,2026-08-12 16:25:08,2026-08-12 16:44:08,19,3.35,5.75,cb
TR2608120026454,CL100856,EN00459,velo_elec,Lille,ST1035,ST1039,1786544973,2026-08-12 16:33:33,4,1.0,2.0,paypal
TR2608120026455,CL105650,EN00471,velo,lille,ST1043,ST1047,12/08/2026 16:29,2026-08-12 16:37:10,8,1.25,2.2,abonnement
TR2608120026456,CL101706,EN00563,trottinette,Grenoble,ST1056,ST1048,1786544757,2026-08-12 16:38:57,13,3.14,3.86,cb
TR2608120026457,CL106737,EN00031,velo_elec,Lyon,ST1001,ST1011,2026-08-12 16:42:54,12/08/2026 16:49,7,2.25,2.75,abonnement
TR2608120026458,CL100005,EN00033,trottinette,Lyon,ST1007,ST1011,2026-08-12 16:35:58,,15,2.97,4.3,cb
TR2608120026459,CL108637,EN00198,velo_elec,Lyon,ST1009,ST1001,2026-08-12 16:37:41,2026-08-12 16:50:41,13,4.33,4.25,cb
TR2608120026460,CL102259,EN00147,velo,Lyon,ST1015,ST1019,2026-08-12 16:41:45,2026-08-12 17:05:45,24,7.18,4.6,abonnement
TR2608120026461,CL104259,EN00188,velo,Lyonn,ST1015,ST1013,2026-08-12 16:39:52,2026-08-12 16:53:52,14,3.9,3.1,cb
TR2608120026462,CL103925,EN00180,trottinette,Lyon,ST1017,ST1016,2026-08-12 16:35:55,2026-08-12 16:49:55,14,3.43,4.08,cb
TR2608120026463,CL101500,EN00239,trottinette,Nantes,ST1020,ST1032,2026-08-12 16:35:00,2026-08-12 16:45:00,10,2.4,3.2,cb
TR2608120026464,CL104449,EN00304,velo_elec,Nantes,ST1020,ST1026,2026-08-12 16:38:00,2026-08-12 16:48:00,10,2.72,3.5,abonnement
TR2608120026465,CL101880,EN00246,trottinette,Nantes,ST1022,ST1031,1786545858,1786547178,22,3.34,5.84,cb
TR2608120026466,CL102359,EN00270,velo_elec,Nantes,ST1024,ST1032,2026-08-12 16:36:01,2026-08-12 16:58:01,22,3.6,6.5,cb
TR2608120026467,CL102015,EN00232,trottinette,Nantes,ST1028,ST1027,2026-08-12 16:31:08,2026-08-12 16:35:08,4,0.7,1.88,cb
TR2608120026468,CL100068,EN00551,trottinette,Grenoble,ST1049,ST1051,2026-08-12 16:32:55,1786545775,10,2.52,3.2,abonnement
TR2608120026469,CL100867,EN00515,trottinette,Grenoble,ST1053,ST1049,12/08/2026 16:35,2026-08-12 16:39:03,4,0.66,1.88,cb
TR2608120026470,CL104223,EN00548,trottinette,Grenoble,ST1054,ST1058,1786545201,2026-08-12 16:37:21,4,1.26,1.88,cb
TR2608120026471,CL101806,EN00206,velo_elec,LYON,ST1001,ST1008,12/08/2026 16:49,2026-08-12 16:57:39,8,1.21,3.0,cb
TR2608120026472,CL104617,EN00179,trottinette,Lyon,ST1002,ST1010,2026-08-12 16:46:33,2026-08-12 16:55:33,9,3.1,2.98,cb
TR2608120026473,CL103542,EN00044,trottinette,Lyon,ST1003,ST1018,2026-08-12 16:55:17,2026-08-12 17:01:17,6,1.61,2.32,paypal
TR2608120026474,CL101205,EN00186,trottinette,Lyon,ST1004,ST1006,2026-08-12 16:55:04,2026-08-12 17:12:04,17,3.15,4.74,cb
TR2608120026475,CL102850,EN00003,velo_elec,Lyon,ST1004,ST1016,2026-08-12 16:51:20,1786546940,11,1.92,3.75,
TR2608120026476,CL102277,EN00052,trottinette,Lyon,ST1004,ST1006,2026-08-12 16:50:30,,5,1.49,2.1,abonnement
TR2608120026477,CL101872,EN00162,velo_elec,Lyon,ST1007,ST1012,2026-08-12 16:59:59,2026-08-12 17:12:59,13,2.26,4.25,abonnement
TR2608120026478,CL102278,EN00099,velo_elec,Lyon,ST1018,ST1009,12/08/2026 16:47,2026-08-12 17:07:03,20,5.62,6.0,paypal
TR2608120026479,CL107483,EN00299,trottinette,Nantes,ST1020,ST1029,1786546161,2026-08-12 16:56:21,7,1.27,2.54,cb
TR2608120026480,CL100591,EN00303,velo_elec,Nantes,ST1022,ST1030,2026-08-12 16:52:36,2026-08-12 16:59:36,7,2.14,2.75,abonnement
TR2608120026481,CL105006,EN00277,velo_elec,Nante,ST1025,ST1031,2026-08-12 16:58:14,2026-08-12 17:06:14,8,2.79,3.0,cb
TR2608120026482,CL102140,EN00330,trottinette,Nantes,ST1030,ST1020,2026-08-12 16:51:06,2026-08-12 17:00:06,9,2.55,2.98,cb
TR2608120026483,CL105674,EN00494,velo_elec,lille,ST1034,ST1044,1786546179,2026-08-12 16:55:39,-3,1.46,2.5,abonnement
TR2608120026484,CL108212,EN00377,trottinette,Lille,ST1036,ST1043,2026-08-12 16:56:53,1786548173,26,8.95,6.72,cb
TR2608120026485,CL103682,EN00459,velo_elec,Lille,ST1039,ST1041,2026-08-12 16:55:39,2026-08-12 17:16:39,21,6.04,6.25,cb
TR2608120026486,CL100224,EN00508,trottinette,Grenoble,ST1050,ST1048,12/08/2026 16:56,1786548217,27,4.49,6.94,abonnement
TR2608120026487,CL100867,EN00541,velo_elec,Grenoble,ST1055,ST1049,2026-08-12 16:49:35,2026-08-12 17:04:35,15,4.66,4.75,abonnement
TR2608120026488,CL106374,EN00198,velo_elec,Lyonn,ST1001,ST1019,1786547374,2026-08-12 17:34:34,25,4.42,7.25,cb
TR2608120026489,CL106228,EN00151,trottinette,Lyon,ST1001,ST1009,2026-08-12 17:06:23,2026-08-12 17:27:23,21,3.79,5.62,paypal
TR2608120026490,CL103692,EN00132,trottinette,Lyon,ST1002,ST1011,1786547431,2026-08-12 17:24:31,14,3.44,4.08,paypal
TR2608120026491,CL106594,EN00111,trottinette,Lyon,ST1002,ST1001,12/08/2026 17:06,2026-08-12 17:15:46,9,1.51,2.98,abonnement
TR2608120026492,CL108485,EN00172,trottinette,Lyon,ST1003,ST1011,2026-08-12 17:13:05,1786548185,10,3.1,3.2,cb
TR2608120026493,CL101679,EN00094,velo_elec,Lyon,ST1004,ST1008,1786547719,1786549279,26,6.4,7.5,abonnement
TR2608120026494,CL108267,EN00206,velo_elec,Lyon,ST1008,ST1018,2026-08-12 17:02:13,12/08/2026 17:06,4,0.63,2.0,cb
TR2608120026495,CL100057,EN00179,trottinette,Lyon,ST1010,ST1013,2026-08-12 17:07:44,2026-08-12 17:17:44,10,2.03,3.2,cb
TR2608120026496,CL108619,EN00216,velo_elec,Lyon,ST1010,ST1006,2026-08-12 17:06:09,12/08/2026 17:09,3,0.75,1.75,abonnement
TR2608120026497,CL107850,EN00077,trottinette,Lyon,ST1013,ST1018,2026-08-12 17:10:11,2026-08-12 17:22:11,12,4.12,3.64,abonnement
TR2608120026498,CL103508,EN00010,trottinette,Lyon,ST1019,ST1016,2026-08-12 17:06:04,2026-08-12 17:12:04,6,1.26,2.32,abonnement
TR2608120026499,CL103301,EN00093,velo_elec,Lyon,ST1019,ST1014,2026-08-12 17:15:47,2026-08-12 17:18:47,3,0.53,1.75,cb
TR2608120026500,CL103521,EN00310,trottinette,Nantes,ST1023,ST1029,2026-08-12 17:15:03,2026-08-12 17:25:03,10,2.18,3.2,abonnement
TR2608120026501,CL104359,EN00228,trottinette,Nantes,ST1025,ST1023,1786547370,2026-08-12 17:21:30,12,3.72,3.64,cb
TR2608120026502,CL100230,EN00326,velo,Nantes,ST1025,ST1031,2026-08-12 17:10:51,1786548231,13,2.27,2.95,cb
TR2608120026503,CL108440,EN00231,velo,Nantes,ST1028,ST1030,12/08/2026 17:10,2026-08-12 17:25:25,15,3.99,3.25,cb
TR2608120026504,CL102957,EN00303,velo_elec,Nantes,ST1030,ST1024,1786547160,2026-08-12 17:20:00,14,3.63,4.5,paypal
TR2608120026505,CL106702,EN00325,trottinette,Nantes,ST1030,ST1030,2026-08-12 17:04:54,2026-08-12 17:24:54,20,6.43,5.4,abonnement
TR2608120026506,CL104781,EN00440,trottinette,Lille,ST1036,ST1036,2026-08-12 17:02:24,2026-08-12 17:15:24,13,2.93,3.86,cb
TR2608120026507,CL102492,EN00392,velo_elec,Lille,ST1042,ST1036,2026-08-12 17:14:58,2026-08-12 17:17:58,3,0.74,1.75,paypal
TR2608120026508,CL100168,EN00566,trottinette,Grenoble,ST1048,ST1056,2026-08-12 17:10:48,2026-08-12 17:15:48,5,1.39,2.1,paypal
TR2608120026509,CL106147,EN00550,velo,Grenoble,ST1054,ST1052,2026-08-12 17:03:31,2026-08-12 17:14:31,11,1.92,2.65,abonnement
TR2608120026510,CL103884,EN00067,velo_elec,Lyon,ST1001,ST1016,2026-08-12 17:27:20,12/08/2026 17:36,9,2.07,3.25,cb
TR2608120026511,CL105007,EN00139,velo_elec,Lyon,ST1001,ST1003,2026-08-12 17:22:25,2026-08-12 18:11:25,49,8.5,13.25,paypal
TR2608120026512,CL102619,EN00105,velo_elec,lyon,ST1002,ST1013,2026-08-12 17:22:20,12/08/2026 17:38,16,4.36,5.0,paypal
TR2608120026513,CL107973,EN00123,velo_elec,Lyon,ST1002,ST1011,2026-08-12 17:17:00,2026-08-12 17:24:00,7,1.71,2.75,cb
TR2608120026514,CL106613,EN00050,velo_elec,Lyon,ST1002,ST1010,2026-08-12 17:29:52,2026-08-12 17:38:52,9,2.5,3.25,abonnement
TR2608120026515,CL100159,EN00083,velo_elec,lyon,ST1003,ST1016,2026-08-12 17:23:14,1786549574,23,4.89,6.75,abonnement
TR2608120026516,CL104693,EN00214,trottinette,Lyon,ST1004,ST1019,2026-08-12 17:26:19,2026-08-12 17:38:19,12,3.24,3.64,abonnement
TR2608120026517,CL101637,EN00162,velo_elec,Lyon,ST1012,ST1013,2026-08-12 17:18:29,2026-08-12 17:23:29,5,1.26,2.25,
TR2608120026518,CL106300,EN00330,trottinette,Nantes,ST1020,ST1023,2026-08-12 17:27:18,2026-08-12 17:38:18,11,1.87,3.42,cb
TR2608120026519,CL105335,EN00247,trottinette,Nante,ST1021,ST1032,2026-08-12 17:21:30,2026-08-12 17:31:30,10,2.35,3.2,paypal
TR2608120026520,CL105221,EN00235,trottinette,Nantes,ST1024,ST1027,2026-08-12 17:29:26,2026-08-12 17:33:26,4,0.7,1.88,abonnement
TR2608120026521,CL103705,EN00299,trottinette,Nantes,ST1029,ST1023,12/08/2026 17:26,2026-08-12 17:35:29,9,2.63,2.98,cb
TR2608120026522,CL108423,EN00375,trottinette,Lille,ST1036,ST1035,12/08/2026 17:16,12/08/2026 17:44,28,8.65,7.16,abonnement
TR2608120026523,CL101844,EN00498,trottinette,Lille,ST1037,ST1044,2026-08-12 17:23:00,2026-08-12 17:41:00,18,5.97,4.96,cb
TR2608120026524,CL105857,EN00588,velo_elec,grenoble,ST1048,ST1056,1786548386,2026-08-12 17:36:26,10,3.28,3.5,abonnement
TR2608120026525,CL104891,EN00566,trottinette,Grenoble,ST1056,ST1052,2026-08-12 17:16:44,2026-08-12 17:23:44,7,2.14,2.54,abonnement
TR2608120026526,CL104208,EN00560,velo_elec,Grenoble,ST1058,ST1052,2026-08-12 17:18:34,1786548454,9,1.42,3.25,abonnement
TR2608120026527,CL102337,EN00530,velo_elec,Grenoble,ST1058,ST1054,12/08/2026 17:16,12/08/2026 17:28,12,2.42,4.0,abonnement
TR2608120026528,CL102519,EN00181,velo_elec,Lyon,ST1001,ST1013,12/08/2026 17:45,1786550242,12,3.54,4.0,cb
TR2608120026529,CL103603,EN00028,trottinette,Lyon,ST1001,ST1009,2026-08-12 17:36:52,1786549972,16,3.34,4.52,paypal
TR2608120026530,CL107348,EN00196,velo_elec,Lyon,ST1001,ST1018,2026-08-12 17:32:45,2026-08-12 17:42:45,10,3.22,3.5,abonnement
TR2608120026531,CL108901,EN00121,trottinette,Lyon,ST1002,ST1010,2026-08-12 17:32:57,2026-08-12 17:53:57,21,4.92,5.62,abonnement
TR2608120026532,CL100695,EN00006,trottinette,Lyon,ST1002,ST1008,2026-08-12 17:41:54,2026-08-12 17:53:54,12,3.63,3.64,abonnement
TR2608120026533,CL101158,EN00189,trottinette,Lyon,ST1003,ST1009,2026-08-12 17:37:19,12/08/2026 17:41,4,0.76,1.88,cb
TR2608120026534,CL102822,EN00085,velo_elec,Lyon,ST1003,ST1015,2026-08-12 17:34:45,2026-08-12 17:42:45,8,2.04,3.0,abonnement
TR2608120026535,CL106682,EN00207,velo_elec,Lyon,ST1004,ST1009,2026-08-12 17:42:42,2026-08-12 17:49:42,7,1.96,2.75,
TR2608120026536,CL106102,EN00021,trottinette,Lyon,ST1007,ST1009,2026-08-12 17:37:23,2026-08-12 17:43:23,6,1.74,2.32,cb
TR2608120026537,CL103238,EN00138,velo_elec,Lyon,ST1009,ST1008,2026-08-12 17:32:40,2026-08-12 17:39:40,7,1.37,2.75,cb
TR2608120026538,CL107341,EN00172,trottinette,Lyon,ST1011,ST1009,2026-08-12 17:36:29,12/08/2026 17:47,11,2.81,3.42,cb
TR2608120026539,CL104054,EN00162,velo_elec,Lyon,ST1013,ST1006,2026-08-12 17:40:57,,11,2.99,3.75,cb
TR2608120026540,CL106571,EN00179,trottinette,Lyon,ST1013,ST1012,2026-08-12 17:40:29,2026-08-12 18:04:29,24,4.12,6.28,cb
TR2608120026541,CL104886,EN00014,velo_elec,Lyon,ST1019,ST1016,2026-08-12 17:39:28,2026-08-12 17:53:28,14,2.93,4.5,abonnement
TR2608120026542,CL107891,EN00342,velo_elec,Nantes,ST1020,ST1027,2026-08-12 17:41:30,2026-08-12 18:04:30,23,4.24,6.75,cb
TR2608120026543,CL102961,EN00280,trottinette,Nantes,ST1021,ST1028,12/08/2026 17:32,12/08/2026 17:41,9,2.24,2.98,cb
TR2608120026544,CL102392,EN00316,velo_elec,Nantes,ST1022,ST1030,2026-08-12 17:43:08,2026-08-12 18:00:08,17,3.64,5.25,abonnement
TR2608120026545,CL100729,EN00252,velo_elec,Nantes,ST1023,ST1031,2026-08-12 17:41:01,2026-08-12 17:51:01,10,1.61,3.5,cb
TR2608120026546,CL104830,EN00232,trottinette,Nante,ST1027,ST1033,2026-08-12 17:42:42,2026-08-12 17:57:42,15,2.94,4.3,abonnement
TR2608120026547,CL104385,EN00247,trottinette,Nantes,ST1032,ST1026,12/08/2026 17:44,2026-08-12 17:49:33,5,1.67,2.1,cb
TR2608120026548,CL100049,EN00470,trottinette,Lille,ST1034,ST1041,2026-08-12 17:41:26,2026-08-12 17:44:26,3,0.71,1.66,cb
TR2608120026549,CL104156,EN00405,trottinette,Lille,ST1042,ST1045,2026-08-12 17:36:01,2026-08-12 17:49:01,13,3.39,3.86,cb
TR2608120026550,CL101740,EN00377,trottinette,Lille,ST1043,ST1037,2026-08-12 17:31:50,2026-08-12 17:41:50,10,2.33,3.2,cb
TR2608120026551,CL102441,EN00435,trottinette,Lille,ST1045,ST1042,12/08/2026 17:33,12/08/2026 17:46,13,2.92,3.86,cb
TR2608120026552,CL100194,EN00575,trottinette,Grenoble,ST1048,ST1050,2026-08-12 17:44:28,2026-08-12 18:37:28,53,8.65,12.66,abonnement
TR2608120026553,CL107417,EN00541,velo_elec,Grenoble,ST1049,ST1058,2026-08-12 17:31:40,12/08/2026 17:39,8,1.43,3.0,cb
TR2608120026554,CL104595,EN00546,trottinette,Grenoble,ST1049,ST1050,12/08/2026 17:34,2026-08-12 17:39:12,5,1.02,2.1,cb
TR2608120026555,CL104762,EN00592,velo_elec,Grenoble,ST1056,ST1052,2026-08-12 17:35:07,,5,1.1,2.25,abonnement
TR2608120026556,CL104804,EN00599,trottinette,Grenoble,ST1056,ST1058,2026-08-12 17:36:00,12/08/2026 18:07,31,9.06,7.82,abonnement
TR2608120026557,CL100544,EN00536,velo_elec,Grenoble,ST1058,ST1052,2026-08-12 17:39:12,2026-08-12 17:52:12,13,2.45,4.25,cb
TR2608120026558,CL100479,EN00197,velo_elec,Lyon,ST1001,ST1002,2026-08-12 17:47:38,12/08/2026 17:54,7,1.44,2.75,cb
TR2608120026559,CL108897,EN00101,velo_elec,Lyon,ST1002,ST1015,12/08/2026 17:48,2026-08-12 17:54:56,6,1.65,2.5,cb
TR2608120026560,CL104258,EN00208,velo_elec,Lyon,ST1003,ST1004,2026-08-12 17:54:24,2026-08-12 18:28:24,34,7.42,9.5,abonnement
TR2608120026561,CL102657,EN00217,velo_elec,Lyon,ST1004,ST1010,2026-08-12 17:52:00,1786550820,15,4.36,4.75,abonnement
TR2608120026562,CL101038,EN00010,trottinette,Lyon,ST1016,ST1011,,2026-08-12 18:00:15,9,1.64,2.98,cb
TR2608120026563,CL102476,EN00291,velo_elec,Nantes,ST1020,ST1031,12/08/2026 17:48,2026-08-12 18:05:00,17,4.73,5.25,cb
TR2608120026564,CL100065,EN00360,trottinette,Nantes,ST1021,ST1025,2026-08-12 17:50:17,2026-08-12 18:18:17,28,8.83,7.16,paypal
TR2608120026565,CL102981,EN00271,velo_elec,Nantes,ST1021,ST1032,2026-08-12 17:51:14,12/08/2026 17:58,7,1.77,2.75,abonnement
TR2608120026566,CL100729,EN00317,trottinette,Nantes,ST1021,ST1023,2026-08-12 17:52:13,2026-08-12 17:55:13,3,0.83,1.66,cb
TR2608120026567,CL108416,EN00321,velo_elec,Nantes,ST1021,ST1022,2026-08-12 17:46:46,2026-08-12 18:00:46,14,4.19,4.5,abonnement
TR2608120026568,CL101032,EN00330,trottinette,Nantes,ST1023,ST1029,2026-08-12 17:48:38,2026-08-12 17:59:38,11,2.55,3.42,cb
TR2608120026569,CL100729,EN00228,trottinette,Nantes,ST1023,ST1029,12/08/2026 17:57,2026-08-12 18:26:29,29,5.18,7.38,abonnement
TR2608120026570,CL107396,EN00304,velo_elec,Nantes,ST1026,ST1030,2026-08-12 17:49:40,2026-08-12 18:02:40,13,2.62,4.25,cb
TR2608120026571,CL100758,EN00328,velo_elec,Nantes,ST1030,ST1028,12/08/2026 17:47,2026-08-12 17:52:43,5,1.16,2.25,cb
TR2608120026572,CL104524,EN00325,trottinette,Nantes,ST1030,ST1033,2026-08-12 17:53:04,2026-08-12 18:20:04,27,9.22,6.94,cb
TR2608120026573,CL100490,EN00435,trottinette,Lille,ST1042,ST1043,2026-08-12 17:55:26,2026-08-12 18:09:26,14,2.96,4.08,abonnement
TR2608120026574,CL103910,EN00508,trottinette,Grenoble,ST1048,ST1048,2026-08-12 17:51:17,2026-08-12 18:18:17,27,8.23,6.94,abonnement
TR2608120026575,CL102775,EN00567,velo_elec,Grenoble,ST1048,ST1058,2026-08-12 17:57:05,2026-08-12 18:12:05,15,3.16,4.75,cb
TR2608120026576,CL106405,EN00596,velo_elec,Grenoble,ST1048,ST1051,2026-08-12 18:00:11,2026-08-12 18:06:11,6,1.05,2.5,cb
TR2608120026577,CL108162,EN00532,velo_elec,Grenoble,ST1051,ST1052,12/08/2026 17:57,2026-08-12 18:14:59,17,5.19,5.25,paypal
TR2608120026578,CL104592,EN00141,velo_elec,Lyon,ST1001,ST1012,2026-08-12 18:13:19,2026-08-12 18:47:19,34,8.09,9.5,cb
TR2608120026579,CL103579,EN00187,velo_elec,Lyon,ST1001,ST1015,2026-08-12 18:02:30,2026-08-12 18:09:30,7,2.14,2.75,paypal
TR2608120026580,CL100380,EN00063,velo_elec,Lyon ,ST1001,ST1013,2026-08-12 18:12:25,2026-08-12 18:19:25,7,1.72,2.75,cb
TR2608120026581,CL100435,EN00197,velo_elec,Lyon,ST1002,ST1019,12/08/2026 18:11,2026-08-12 18:26:22,15,4.17,4.75,cb
TR2608120026582,CL103852,EN00191,trottinette,Lyon,ST1003,ST1009,2026-08-12 18:07:00,1786551480,11,3.01,3.42,cb
TR2608120026583,CL106577,EN00054,trottinette,Lyon,ST1004,ST1015,2026-08-12 18:11:59,2026-08-12 18:16:59,5,0.92,2.1,paypal
TR2608120026584,CL101395,EN00047,velo_elec,Lyon,ST1007,ST1001,1786550462,2026-08-12 18:13:02,12,2.71,4.0,
TR2608120026585,CL101122,EN00033,trottinette,Lyon,ST1011,ST1014,2026-08-12 18:14:10,2026-08-12 18:28:10,14,2.57,4.08,cb
TR2608120026586,CL105509,EN00200,trottinette,Lyon,ST1012,ST1012,2026-08-12 18:04:54,12/08/2026 18:37,33,11.01,8.26,cb
TR2608120026587,CL101333,EN00158,velo_elec,Lyon,ST1012,ST1017,12/08/2026 18:01,2026-08-12 18:15:04,14,2.18,4.5,abonnement
TR2608120026588,CL100990,EN00057,velo_elec,Lyon,ST1016,ST1015,12/08/2026 18:10,12/08/2026 19:07,57,18.12,15.25,cb
TR2608120026589,CL101850,EN00348,velo_elec,Nante,ST1020,ST1032,2026-08-12 18:12:56,2026-08-12 18:17:56,5,1.01,2.25,abonnement
TR2608120026590,CL103589,EN00265,trottinette,Nantes,ST1020,ST1024,2026-08-12 18:12:24,12/08/2026 18:27,15,2.34,4.3,cb
TR2608120026591,CL105579,EN00287,velo_elec,nantes,ST1021,ST1030,2026-08-12 18:03:02,2026-08-12 18:30:02,27,7.21,7.75,cb
TR2608120026592,CL103150,EN00225,velo_elec,Nantes,ST1022,ST1026,2026-08-12 18:05:33,2026-08-12 18:30:33,25,3.85,7.25,abonnement
TR2608120026593,CL100265,EN00261,trottinette,Nantes,ST1022,ST1024,2026-08-12 18:08:59,2026-08-12 18:21:59,13,3.69,3.86,cb
TR2608120026594,CL105452,EN00293,velo_elec,Nantes,ST1022,ST1025,2026-08-12 18:08:32,1786551932,17,5.42,5.25,cb
TR2608120026595,CL106189,EN00317,trottinette,nantes,ST1023,ST1020,2026-08-12 18:03:31,2026-08-12 18:28:31,25,5.17,6.5,abonnement
TR2608120026596,CL102745,EN00299,trottinette,Nantes,ST1023,ST1030,2026-08-12 18:11:57,2026-08-12 18:29:57,18,3.71,4.96,abonnement
TR2608120026597,CL101442,EN00246,trottinette,Nantes,ST1031,ST1029,12/08/2026 18:04,2026-08-12 18:17:40,13,3.05,3.86,cb
TR2608120026598,CL104845,EN00271,velo_elec,Nantes,ST1032,ST1020,2026-08-12 18:15:21,2026-08-12 18:40:21,25,8.56,7.25,abonnement
TR2608120026599,CL102606,EN00270,velo_elec,Nantes,ST1032,ST1031,2026-08-12 18:01:57,2026-08-12 18:14:57,13,4.14,4.25,cb
TR2608120026600,CL105405,EN00446,trottinette,Lille,ST1035,ST1047,2026-08-12 18:09:52,2026-08-12 19:27:52,78,19.28,18.16,cb
TR2608120026601,CL104160,EN00392,velo_elec,Lille,ST1036,ST1043,2026-08-12 18:11:27,2026-08-12 18:37:27,26,7.29,7.5,cb
TR2608120026602,CL100009,EN00440,trottinette,Lille,ST1036,ST1039,2026-08-12 18:11:37,2026-08-12 18:20:37,9,1.69,2.98,abonnement
TR2608120026603,CL108061,EN00401,trottinette,Lille,ST1037,ST1042,2026-08-12 18:02:17,2026-08-12 18:12:17,10,2.29,3.2,cb
TR2608120026604,CL102704,EN00472,velo_elec,Lille,ST1039,ST1036,2026-08-12 18:08:06,2026-08-12 18:18:06,10,1.82,3.5,abonnement
TR2608120026605,CL105572,EN00597,trottinette,Grenoble ,ST1049,ST1050,1786550532,2026-08-12 18:06:12,4,1.24,1.88,cb
TR2608120026606,CL103951,EN00546,trottinette,Grenoble,ST1050,ST1051,2026-08-12 18:10:05,2026-08-12 18:19:05,9,2.99,2.98,cb
TR2608120026607,CL105231,EN00047,velo_elec,Lyon,ST1001,ST1006,2026-08-12 18:30:27,2026-08-12 18:44:27,14,2.71,4.5,cb
TR2608120026608,CL103835,EN00073,velo_elec,Lyon,ST1001,ST1011,2026-08-12 18:21:10,1786553230,26,8.45,7.5,abonnement
TR2608120026609,CL106181,EN00045,trottinette,Lyon,ST1002,ST1013,2026-08-12 18:21:53,2026-08-12 18:30:53,9,2.11,2.98,paypal
TR2608120026610,CL101331,EN00152,velo_elec,Lyon,ST1002,ST1007,2026-08-12 18:18:30,2026-08-12 18:22:30,4,1.38,2.0,cb
TR2608120026611,CL105618,EN00202,trottinette,Lyon,ST1003,ST1009,2026-08-12 18:25:31,2026-08-12 18:33:31,8,1.28,2.76,cb
TR2608120026612,CL101104,EN00049,trottinette,Lyon,ST1003,ST1016,2026-08-12 18:19:46,12/08/2026 18:44,25,8.61,6.5,cb
TR2608120026613,CL105818,EN00127,trottinette,LYON,ST1003,ST1007,12/08/2026 18:28,2026-08-12 18:37:33,9,2.12,2.98,cb
TR2608120026614,CL106867,EN00211,velo_elec,Lyon,ST1007,ST1012,2026-08-12 18:25:15,2026-08-12 18:32:15,7,1.52,2.75,cb
TR2608120026615,CL105560,EN00121,trottinette,Lyon,ST1010,ST1004,2026-08-12 18:18:52,2026-08-12 18:28:52,10,2.61,3.2,cb
TR2608120026616,CL100736,EN00124,velo_elec,Lyon,ST1012,ST9513,2026-08-12 18:22:37,2026-08-12 18:47:37,25,7.23,7.25,abonnement
TR2608120026617,CL108088,EN00093,velo_elec,Lyon,ST1014,ST1006,2026-08-12 18:27:55,2026-08-12 18:37:55,10,2.92,3.5,cb
TR2608120026618,CL107817,EN00085,velo_elec,Lyon,ST1015,ST1005,12/08/2026 18:30,2026-08-12 18:37:39,7,2.34,2.75,cb
TR2608120026619,CL107595,EN00187,velo_elec,Lyon,ST1015,ST1014,,12/08/2026 18:31,14,2.82,4.5,cb
TR2608120026620,CL101601,EN00014,velo_elec,Lyon,ST1016,ST1018,2026-08-12 18:30:00,2026-08-12 18:39:00,9,2.88,3.25,
TR2608120026621,CL105853,EN00281,velo_elec,Nantes,ST1020,ST1033,12/08/2026 18:19,2026-08-12 18:30:28,11,1.94,3.75,abonnement
TR2608120026622,CL103402,EN00249,velo_elec,Nantes,ST1021,ST1033,2026-08-12 18:22:36,1786552116,6,1.94,2.5,abonnement
TR2608120026623,CL108048,EN00245,velo_elec,Nantes,ST1021,ST1032,,2026-08-12 18:29:01,8,1.68,3.0,cb
TR2608120026624,CL102515,EN00254,velo_elec,Nante,ST1021,ST1021,2026-08-12 18:24:53,2026-08-12 18:47:53,23,4.16,6.75,
TR2608120026625,CL104487,EN00327,velo_elec,Nantes,ST1022,ST1032,2026-08-12 18:25:52,2026-08-12 18:40:52,15,3.32,4.75,paypal
TR2608120026626,CL103342,EN00354,velo_elec,Nantes,ST1023,ST1024,2026-08-12 18:24:21,12/08/2026 18:53,29,5.51,8.25,cb
TR2608120026627,CL100806,EN00274,velo,Nantes,ST1023,ST1023,2026-08-12 18:18:19,2026-08-12 18:27:19,9,2.08,2.35,paypal
TR2608120026628,CL100838,EN00235,trottinette,Nantes,ST1027,ST1020,12/08/2026 18:25,2026-08-12 18:31:00,6,1.37,2.32,paypal
TR2608120026629,CL106428,EN00316,velo_elec,Nante,ST1030,ST1032,2026-08-12 18:28:09,2026-08-12 18:35:09,7,1.42,2.75,cb
TR2608120026630,CL103754,EN00277,velo_elec,Nantes,ST1031,ST1021,2026-08-12 18:29:03,2026-08-12 18:50:03,21,3.77,6.25,cb
TR2608120026631,CL100428,EN00484,velo_elec,Lille,ST1034,ST1042,2026-08-12 18:27:18,2026-08-12 18:35:18,8,2.56,3.0,paypal
TR2608120026632,CL105001,EN00377,trottinette,Lille,ST1037,ST1034,2026-08-12 18:27:52,2026-08-12 18:42:52,15,3.09,4.3,paypal
TR2608120026633,CL108557,EN00478,trottinette,Lille,ST1046,ST1039,2026-08-12 18:29:19,2026-08-12 18:38:19,9,1.45,2.98,cb
TR2608120026634,CL106505,EN00560,velo_elec,Grenoble,ST1052,ST1054,12/08/2026 18:21,2026-08-12 19:12:13,51,8.66,13.75,cb
TR2608120026635,CL103481,EN00157,velo_elec,LYON,ST1001,ST1018,2026-08-12 18:32:25,2026-08-12 18:49:25,17,3.52,5.25,cb
TR2608120026636,CL103133,EN00061,trottinette,Lyon,ST1002,ST1009,2026-08-12 18:35:45,2026-08-12 18:56:45,21,5.32,5.62,paypal
TR2608120026637,CL104149,EN00195,velo_elec,Lyon,ST1003,ST1013,12/08/2026 18:34,2026-08-12 18:39:19,5,1.62,2.25,paypal
TR2608120026638,CL103233,EN00024,velo_elec,Lyonn,ST1003,ST1011,12/08/2026 18:37,2026-08-12 19:01:47,24,3.66,7.0,cb
TR2608120026639,CL100214,EN00018,trottinette,lyon,ST1003,ST1018,2026-08-12 18:41:52,2026-08-12 18:54:52,13,2.97,3.86,cb
TR2608120026640,CL105208,EN00079,velo_elec,Lyon,ST1014,ST1014,1786552372,2026-08-12 18:36:52,4,1.35,2.0,cb
TR2608120026641,CL108676,EN00003,velo_elec,Lyon,ST1016,ST1011,2026-08-12 18:43:04,2026-08-12 18:54:04,11,2.16,3.75,cb
TR2608120026642,CL102811,EN00083,velo_elec,Lyon,ST1016,ST1005,2026-08-12 18:36:00,2026-08-12 19:00:00,24,4.86,7.0,cb
TR2608120026643,CL102368,EN00067,velo_elec,Lyon,ST1016,ST1016,2026-08-12 18:33:03,1786552923,9,1.41,3.25,cb
TR2608120026644,CL102609,EN00170,trottinette,Lyon,ST1019,ST1017,2026-08-12 18:45:45,12/08/2026 19:02,17,3.88,4.74,cb
TR2608120026645,CL100423,EN00235,trottinette,Nantes,ST1020,ST1021,2026-08-12 18:33:31,2026-08-12 18:39:31,6,1.16,2.32,cb
TR2608120026646,CL102287,EN00285,trottinette,Nantes,ST1020,ST1029,2026-08-12 18:33:42,12/08/2026 18:45,12,3.4,3.64,cb
TR2608120026647,CL102987,EN00352,velo_elec,Nantes,ST1021,ST1028,2026-08-12 18:44:41,,16,4.82,5.0,cb
TR2608120026648,CL104265,EN00268,trottinette,Nantes,ST1022,ST1027,12/08/2026 18:34,2026-08-12 18:38:44,4,0.67,1.88,
TR2608120026649,CL106269,EN00233,velo_elec,Nantes,ST1022,ST1030,1786552553,2026-08-12 18:38:53,3,0.96,1.75,cb
TR2608120026650,CL102434,EN00238,velo_elec,NANTES,ST1022,ST1021,2026-08-12 18:38:55,2026-08-12 18:47:55,9,2.32,3.25,cb
TR2608120026651,CL105137,EN00270,velo_elec,Nantes,ST1031,ST1023,2026-08-12 18:43:45,2026-08-12 18:56:45,13,3.88,4.25,cb
TR2608120026652,CL103521,EN00245,velo_elec,Nantes,ST1032,ST1024,2026-08-12 18:38:45,2026-08-12 19:06:45,28,6.68,8.0,abonnement
TR2608120026653,CL107942,EN00348,velo_elec,Nantes,ST1032,ST1033,2026-08-12 18:33:57,2026-08-12 18:39:57,6,1.26,2.5,abonnement
TR2608120026654,CL106885,EN00456,trottinette,Lille,ST1035,ST1040,12/08/2026 18:44,12/08/2026 19:02,18,3.95,4.96,abonnement
TR2608120026655,CL108300,EN00440,trottinette,Lille,ST1039,ST1045,2026-08-12 18:37:15,2026-08-12 18:48:15,11,3.48,3.42,cb
TR2608120026656,CL104422,EN00361,trottinette,Lille,ST1040,ST1038,1786552897,2026-08-12 18:51:37,10,1.82,3.2,cb
TR2608120026657,CL108503,EN00380,velo_elec,Lille,ST1044,ST1038,2026-08-12 18:33:36,2026-08-12 18:39:36,6,0.95,2.5,paypal
TR2608120026658,CL102273,EN00481,velo_elec,Lille,ST1046,ST1044,2026-08-12 18:43:02,2026-08-12 18:47:02,4,0.87,2.0,cb
TR2608120026659,CL100743,EN00508,trottinette,Grenoble,ST1048,ST1052,2026-08-12 18:34:27,2026-08-12 18:39:27,5,0.85,2.1,cb
TR2608120026660,CL107001,EN00563,trottinette,Grenoble,ST1048,ST1053,2026-08-12 18:32:45,2026-08-12 18:54:45,22,6.85,5.84,cb
TR2608120026661,CL104588,EN00520,velo_elec,grenoble,ST1053,ST1052,2026-08-12 18:35:34,2026-08-12 18:53:34,18,3.71,5.5,cb
TR2608120026662,CL100619,EN00588,velo_elec,Grenoble,ST1056,ST1057,,2026-08-12 18:55:18,10,1.76,3.5,abonnement
TR2608120026663,CL107844,EN00107,velo_elec,Lyon,ST1001,ST1006,12/08/2026 18:59,2026-08-12 19:09:49,10,1.95,3.5,cb
TR2608120026664,CL101856,EN00076,velo_elec,Lyon,ST1001,ST1008,2026-08-12 18:56:27,12/08/2026 19:07,11,2.81,3.75,cb
TR2608120026665,CL106455,EN00134,velo,Lyon,ST1002,ST1016,2026-08-12 18:56:16,2026-08-12 19:10:16,14,2.72,3.1,abonnement
TR2608120026666,CL106529,EN00097,velo_elec,Lyon,ST1004,ST1014,2026-08-12 18:46:31,12/08/2026 18:54,8,2.53,3.0,cb
TR2608120026667,CL106945,EN00085,velo_elec,Lyon,ST1005,ST1017,2026-08-12 18:50:50,2026-08-12 19:03:50,13,2.08,4.25,cb
TR2608120026668,CL104217,EN00093,velo_elec,Lyon,ST1006,ST1014,2026-08-12 18:54:34,2026-08-12 19:06:34,12,3.84,4.0,cb
TR2608120026669,CL108327,EN00127,trottinette,Lyonn,ST1007,ST1006,2026-08-12 18:55:32,2026-08-12 19:06:32,11,3.69,3.42,abonnement
TR2608120026670,CL101386,EN00078,velo_elec,Lyon,ST1007,ST1016,2026-08-12 18:46:48,2026-08-12 19:55:48,69,22.45,18.25,abonnement
TR2608120026671,CL103917,EN00152,velo_elec,Lyon,ST1007,ST1007,2026-08-12 19:00:18,2026-08-12 19:09:18,9,2.27,3.25,cb
TR2608120026672,CL102329,EN00064,velo,Lyon,ST1007,ST1001,12/08/2026 18:55,2026-08-12 19:03:00,8,1.96,2.2,abonnement
TR2608120026673,CL103609,EN00138,velo_elec,Lyon,ST1008,ST1011,2026-08-12 18:54:54,2026-08-12 19:01:54,7,1.56,2.75,cb
TR2608120026674,CL101863,EN00094,velo_elec,Lyon,ST1008,ST1017,2026-08-12 18:54:27,2026-08-12 18:59:27,5,1.58,2.25,paypal
TR2608120026675,CL106727,EN00217,velo_elec,Lyon,ST1010,ST1018,2026-08-12 18:53:01,2026-08-12 19:11:01,18,2.73,5.5,cb
TR2608120026676,CL103602,EN00010,trottinette,Lyon,ST1011,ST1007,2026-08-12 18:47:25,2026-08-12 19:07:25,20,4.51,5.4,cb
TR2608120026677,CL106751,EN00194,velo_elec,lyon,ST1012,ST1009,2026-08-12 18:51:33,2026-08-12 19:04:33,13,2.14,4.25,cb
TR2608120026678,CL101790,EN00054,trottinette,Lyon,ST1015,ST1004,1786553875,2026-08-12 19:46:55,49,9.87,11.78,cb
TR2608120026679,CL100077,EN00067,velo_elec,Lyon ,ST1016,ST1018,2026-08-12 18:50:33,2026-08-12 18:55:33,5,0.81,2.25,abonnement
TR2608120026680,CL106313,EN00158,velo_elec,Lyon,ST1017,ST1003,2026-08-12 18:57:19,2026-08-12 19:18:19,21,3.53,6.25,cb
TR2608120026681,CL103793,EN00044,trottinette,Lyon,ST1018,ST1007,2026-08-12 18:51:23,2026-08-12 19:15:23,24,6.65,6.28,paypal
TR2608120026682,CL104087,EN00034,velo_elec,Lyon,ST1019,ST1019,12/08/2026 18:55,2026-08-12 19:21:02,26,7.19,7.5,cb
TR2608120026683,CL102341,EN00276,velo_elec,Nantes,ST1021,ST1025,2026-08-12 18:59:53,2026-08-12 19:08:53,9,2.49,3.25,cb
TR2608120026684,CL100655,EN00321,velo_elec,Nantes,ST1022,ST1033,2026-08-12 18:54:45,2026-08-12 19:01:45,7,1.99,2.75,cb
TR2608120026685,CL107511,EN00252,velo_elec,Nantes,ST1031,ST1020,1786553370,,7,1.56,2.75,cb
TR2608120026686,CL104333,EN00472,velo_elec,Lille,ST1036,ST1041,2026-08-12 18:51:35,2026-08-12 19:05:35,14,3.99,4.5,abonnement
TR2608120026687,CL104763,EN00392,velo_elec,Lille,ST1043,ST1043,12/08/2026 18:52,2026-08-12 19:06:38,14,2.89,4.5,cb
TR2608120026688,CL101753,EN00373,velo_elec,Lille,ST1044,ST1047,2026-08-12 18:47:53,2026-08-12 19:04:53,17,4.69,5.25,cb
TR2608120026689,CL106347,EN00396,velo_elec,Lille,ST1047,ST1038,2026-08-12 18:49:31,2026-08-12 19:02:31,13,2.74,4.25,abonnement
TR2608120026690,CL101651,EN00556,trottinette,Grenoble,ST1049,ST1053,2026-08-12 18:46:54,2026-08-12 19:08:54,22,6.48,5.84,abonnement
TR2608120026691,CL103673,EN00183,velo_elec,Lyon,ST1001,ST1008,1786554901,2026-08-12 19:39:01,24,6.09,7.0,cb
TR2608120026692,CL106125,EN00007,velo,Lyon ,ST1002,ST1013,2026-08-12 19:02:27,2026-08-12 19:27:27,25,4.14,4.75,abonnement
TR2608120026693,CL104354,EN00089,trottinette,Lyon,ST1003,ST1018,2026-08-12 19:03:30,2026-08-12 19:19:30,16,2.69,4.52,cb
TR2608120026694,CL107305,EN00083,velo_elec,Lyon,ST1005,ST1019,2026-08-12 19:10:55,2026-08-12 19:41:55,31,9.89,8.75,cb
TR2608120026695,CL104799,EN00006,trottinette,Lyon,ST1008,ST1013,12/08/2026 19:14,2026-08-12 19:22:48,8,1.95,2.76,cb
TR2608120026696,CL107567,EN00031,velo_elec,Lyon,ST1011,ST1019,2026-08-12 19:13:18,2026-08-12 19:27:18,14,4.37,4.5,cb
TR2608120026697,CL102526,EN00097,velo_elec,Lyonn,ST1014,ST1002,2026-08-12 19:13:39,2026-08-12 19:32:39,19,5.92,5.75,cb
TR2608120026698,CL101073,EN00198,velo_elec,Lyon,ST1019,ST1002,2026-08-12 19:12:42,12/08/2026 19:18,6,2.02,2.5,cb
TR2608120026699,CL102677,EN00277,velo_elec,Nantes,ST1021,ST1030,2026-08-12 19:05:33,2026-08-12 19:13:33,8,1.77,3.0,abonnement
TR2608120026700,CL106595,EN00238,velo_elec,Nantes,ST1021,ST1027,2026-08-12 19:15:02,2026-08-12 19:27:02,12,3.26,4.0,abonnement
TR2608120026701,CL103259,EN00319,velo_elec,Nantes,ST1021,ST1030,12/08/2026 19:14,2026-08-12 19:43:13,29,9.78,8.25,abonnement
TR2608120026702,CL102101,EN00300,velo_elec,Nantes,ST1022,ST1033,2026-08-12 19:06:54,2026-08-12 19:13:54,7,1.4,2.75,abonnement
TR2608120026703,CL105905,EN00355,velo_elec,Nantes,ST1022,ST1031,2026-08-12 19:04:25,2026-08-12 19:28:25,24,4.38,7.0,abonnement
TR2608120026704,CL103598,EN00268,trottinette,Nantes,ST1027,ST1023,12/08/2026 19:09,2026-08-12 19:27:43,18,4.9,4.96,abonnement
TR2608120026705,CL107410,EN00496,velo_elec,Lille,ST1035,ST1034,2026-08-12 19:08:27,1786554747,4,1.01,2.0,cb
TR2608120026706,CL102194,EN00401,trottinette,lille,ST1042,ST1035,12/08/2026 19:13,2026-08-12 19:16:55,3,0.59,,abonnement
TR2608120026707,CL100517,EN00537,velo_elec,Grenoble,ST1048,ST1055,2026-08-12 19:04:15,2026-08-12 19:15:15,11,3.3,3.75,cb
TR2608120026708,CL106001,EN00081,velo_elec,Lyon,ST1001,ST1014,12/08/2026 19:25,2026-08-12 19:32:46,7,1.25,2.75,abonnement
TR2608120026709,CL106891,EN00035,velo_elec,Lyon,ST1001,ST1011,2026-08-12 19:15:35,2026-08-12 19:24:35,9,1.71,3.25,abonnement
TR2608120026710,CL107871,EN00074,trottinette,Lyon,ST1001,ST1014,2026-08-12 19:19:01,2026-08-12 19:27:01,8,1.6,2.76,paypal
TR2608120026711,CL106606,EN00012,velo,Lyon,ST1002,ST1013,12/08/2026 19:18,2026-08-12 19:20:35,2,0.61,1.3,abonnement
TR2608120026712,CL102637,EN00148,velo,Lyon,ST1002,ST1019,12/08/2026 19:30,2026-08-12 19:47:09,17,3.89,3.55,cb
TR2608120026713,CL100918,EN00061,trottinette,Lyon,ST1009,ST1018,2026-08-12 19:24:54,2026-08-12 19:35:54,11,3.72,3.42,cb
TR2608120026714,CL100957,EN00100,velo_elec,Lyon,ST1012,ST1012,2026-08-12 19:16:51,2026-08-12 19:25:51,9,1.65,3.25,cb
TR2608120026715,CL107618,EN00057,velo_elec,Lyon,ST1015,ST1017,12/08/2026 19:29,2026-08-12 19:31:51,2,0.31,1.5,cb
TR2608120026716,CL100955,EN00206,velo_elec,Lyon,ST1018,ST1001,12/08/2026 19:29,1786556275,8,1.41,3.0,abonnement
TR2608120026717,CL933948,EN00271,velo_elec,Nantes,ST1020,ST1027,2026-08-12 19:19:59,2026-08-12 19:23:59,4,1.23,2.0,cb
TR2608120026718,CL104544,EN00248,trottinette,Nantes,ST1020,ST1025,2026-08-12 19:23:40,12/08/2026 19:28,5,1.27,2.1,cb
TR2608120026719,CL108518,EN00329,trottinette,Nantes,ST1022,ST1030,2026-08-12 19:24:28,2026-08-12 19:30:28,6,2.07,2.32,cb
TR2608120026720,CL104487,EN00342,velo_elec,Nantes,ST1027,ST1027,12/08/2026 19:20,2026-08-12 19:26:18,6,1.47,2.5,abonnement
TR2608120026721,CL104189,EN00280,trottinette,Nantes,ST1028,ST1027,2026-08-12 19:17:49,12/08/2026 19:27,10,1.98,3.2,abonnement
TR2608120026722,CL102153,EN00321,velo_elec,Nantes,ST1033,ST1022,2026-08-12 19:28:21,2026-08-12 19:35:21,7,2.4,2.75,cb
TR2608120026723,CL107819,EN00368,trottinette,Lille,ST1035,ST1042,2026-08-12 19:20:00,2026-08-12 19:45:00,25,7.26,6.5,cb
TR2608120026724,CL103914,EN00495,trottinette,Lille,ST1040,ST1043,2026-08-12 19:24:20,2026-08-12 20:29:20,65,22.03,15.3,abonnement
TR2608120026725,CL105052,EN00571,trottinette,Grenoble,ST1049,ST1052,12/08/2026 19:23,2026-08-12 20:02:27,39,6.49,9.58,cb
TR2608120026726,CL103257,EN00569,trottinette,GRENOBLE,ST1052,ST1052,2026-08-12 19:27:08,12/08/2026 19:43,16,4.81,4.52,cb
TR2608120026727,CL103781,EN00556,trottinette,Grenoble,ST1053,ST1048,2026-08-12 19:24:54,2026-08-12 19:34:54,10,2.8,3.2,cb
TR2608120026728,CL100749,EN00599,trottinette,Grenoble,ST1058,ST1050,1786555124,2026-08-12 19:34:44,16,2.75,4.52,cb
TR2608120026729,CL102372,EN00158,velo_elec,Lyon,ST1003,ST1012,2026-08-12 19:45:53,2026-08-12 19:51:53,6,1.54,2.5,paypal
TR2608120026730,CL101125,EN00121,trottinette,Lyon,ST1004,ST1007,12/08/2026 19:39,2026-08-12 19:43:20,4,0.66,1.88,abonnement
TR2608120026731,CL106751,EN00055,trottinette,Lyon,ST1004,ST1001,2026-08-12 19:42:41,2026-08-12 19:54:41,12,3.82,3.64,paypal
TR2608120026732,CL107590,EN00001,velo_elec,Lyon,ST1004,ST1008,2026-08-12 19:43:51,12/08/2026 19:58,15,3.82,4.75,cb
TR2608120026733,CL105582,EN00076,velo_elec,Lyon,ST1008,ST1016,1786556061,1786556841,13,4.06,4.25,abonnement
TR2608120026734,CL100425,EN00181,velo_elec,Lyon,ST1013,ST1001,2026-08-12 19:36:10,2026-08-12 20:04:10,28,9.77,8.0,cb
TR2608120026735,CL106145,EN00029,velo_elec,Lyon,ST1014,ST1012,12/08/2026 19:40,1786556765,6,1.34,2.5,abonnement
TR2608120026736,CL102180,EN00101,velo_elec,Lyon,ST1015,ST1013,12/08/2026 19:44,2026-08-12 19:51:45,7,1.59,2.75,cb
TR2608120026737,CL101328,EN00014,velo_elec,Lyon,ST1018,ST1011,1786556305,12/08/2026 20:00,22,3.87,6.5,abonnement
TR2608120026738,CL102137,EN00317,trottinette,Nantes,ST1020,ST1032,2026-08-12 19:32:21,2026-08-12 19:41:21,9,2.41,2.98,paypal
TR2608120026739,CL106116,EN00252,velo_elec,Nantes,ST1020,ST1025,2026-08-12 19:38:43,12/08/2026 20:23,45,13.9,12.25,cb
TR2608120026740,CL106940,EN00222,velo_elec,Nantes,ST1020,ST1030,2026-08-12 19:37:54,12/08/2026 19:48,11,1.91,3.75,cb
TR2608120026741,CL103033,EN00266,velo_elec,Nantes,ST1020,ST1030,2026-08-12 19:32:52,2026-08-12 19:43:52,11,1.87,3.75,cb
TR2608120026742,CL105177,EN00257,trottinette,Nantes,ST1020,ST1023,2026-08-12 19:39:13,2026-08-12 19:47:13,8,1.84,2.76,cb
TR2608120026743,CL104237,EN00358,trottinette,Nantes,ST1021,ST1022,2026-08-12 19:39:27,12/08/2026 19:58,19,5.01,5.18,cb
TR2608120026744,CL107217,EN00270,velo_elec,Nantes,ST1023,ST1028,2026-08-12 19:44:52,2026-08-12 19:46:52,2,0.64,1.5,cb
TR2608120026745,CL108650,EN00268,trottinette,Nantes,ST1023,ST1030,2026-08-12 19:36:25,2026-08-12 19:56:25,20,4.35,5.4,paypal
TR2608120026746,CL104665,EN00293,velo_elec,Nantes,ST1025,ST1027,2026-08-12 19:40:09,2026-08-12 19:57:09,17,5.61,5.25,cb
TR2608120026747,CL103774,EN00247,trottinette,nantes,ST1026,ST1027,2026-08-12 19:32:34,2026-08-12 19:45:34,13,4.51,3.86,abonnement
TR2608120026748,CL103373,EN00225,velo_elec,Nantes,ST1026,ST1027,12/08/2026 19:46,2026-08-12 20:16:07,30,6.75,8.5,paypal
TR2608120026749,CL108645,EN00246,trottinette,Nantes,ST1029,ST1033,2026-08-12 19:37:32,2026-08-12 20:22:32,45,7.1,10.9,abonnement
TR2608120026750,CL102618,EN00233,velo_elec,Nantes,ST1030,ST1022,1786556206,12/08/2026 19:51,15,2.94,4.75,cb
TR2608120026751,CL106433,EN00316,velo_elec,Nantes,ST1032,ST1032,2026-08-12 19:35:59,2026-08-12 19:39:59,4,1.39,2.0,abonnement
TR2608120026752,CL107130,EN00496,velo_elec,Lille,ST1034,ST1039,2026-08-12 19:41:08,,6,1.48,2.5,cb
TR2608120026753,CL104963,EN00478,trottinette,Lille,ST1039,ST1046,2026-08-12 19:36:49,2026-08-12 19:55:49,19,3.09,5.18,cb
TR2608120026754,CL106887,EN00435,trottinette,lille,ST1043,ST1039,2026-08-12 19:41:23,2026-08-12 19:46:23,5,1.56,2.1,paypal
TR2608120026755,CL101717,EN00468,trottinette,Lille,ST1044,ST1038,2026-08-12 19:44:37,12/08/2026 20:05,21,4.79,5.62,abonnement
TR2608120026756,CL101852,EN00530,velo_elec,Grenoble,ST1054,ST1058,2026-08-12 19:43:46,2026-08-12 19:47:46,4,0.72,2.0,abonnement
TR2608120026757,CL102800,EN00560,velo_elec,Grenoble,ST1054,ST1055,1786556068,2026-08-12 19:47:28,13,3.06,4.25,abonnement
TR2608120026758,CL104914,EN00533,velo_elec,Grenoble,ST1056,ST1048,2026-08-12 19:32:26,2026-08-12 19:43:26,11,2.37,3.75,cb
TR2608120026759,CL107043,EN00588,velo_elec,Grenoble,ST1057,ST1048,2026-08-12 19:35:06,12/08/2026 19:58,23,8.03,6.75,cb
TR2608120026760,CL105717,EN00206,velo_elec,Lyon,ST1001,ST1014,2026-08-12 19:58:14,2026-08-12 20:19:14,21,7.16,6.25,cb
TR2608120026761,CL105639,EN00037,trottinette,Lyon,ST1004,ST1015,2026-08-12 19:52:26,2026-08-12 20:13:26,21,5.2,5.62,abonnement
TR2608120026762,CL103744,EN00220,velo_elec,Lyon,ST1004,ST1008,2026-08-12 19:57:32,2026-08-12 20:05:32,8,1.86,3.0,paypal
TR2608120026763,CL103902,EN00061,trottinette,Lyon,ST1018,ST1013,12/08/2026 19:57,1786558206,13,2.35,3.86,paypal
TR2608120026764,CL103521,EN00298,trottinette,Nantes,ST1020,ST1029,2026-08-12 19:58:55,2026-08-12 20:17:55,19,4.7,5.18,cb
TR2608120026765,CL103982,EN00349,velo_elec,Nantes,ST1021,ST1030,2026-08-12 19:46:24,2026-08-12 19:55:24,9,1.86,3.25,abonnement
TR2608120026766,CL102826,EN00224,velo_elec,Nante,ST1021,ST1021,2026-08-12 19:59:40,12/08/2026 20:06,7,2.09,2.75,paypal
TR2608120026767,CL102132,EN00355,velo_elec,Nantes,ST1031,ST1031,2026-08-12 19:56:15,2026-08-12 20:10:15,14,4.37,4.5,paypal
TR2608120026768,CL103232,EN00291,velo_elec,Nantes,ST1031,ST1029,2026-08-12 19:55:48,2026-08-12 20:04:48,9,2.26,3.25,cb
TR2608120026769,CL105651,EN00249,velo_elec,Nantes,ST1033,ST1029,2026-08-12 19:59:13,2026-08-12 20:43:13,44,7.01,12.0,cb
TR2608120026770,CL103504,EN00300,velo_elec,Nantes,ST1033,ST1031,1786557183,2026-08-12 20:03:03,10,3.23,3.5,cb
TR2608120026771,CL106988,EN00411,trottinette,Lille,ST1035,ST1041,2026-08-12 19:49:02,2026-08-12 19:55:02,6,0.97,2.32,cb
TR2608120026772,CL102170,EN00403,trottinette,Lille,ST1045,ST1042,2026-08-12 19:47:54,2026-08-12 20:16:54,29,9.51,7.38,cb
TR2608120026773,CL106616,EN00504,trottinette,Grenoble,ST1049,ST1050,2026-08-12 19:52:56,2026-08-12 20:00:56,8,1.62,2.76,abonnement
TR2608120026774,CL106652,EN00514,velo_elec,Grenoble,ST1049,ST1055,2026-08-12 19:53:49,2026-08-12 20:34:49,41,9.6,11.25,paypal
TR2608120026775,CL106588,EN00519,velo_elec,Grenoble,ST1049,ST1053,2026-08-12 19:49:12,2026-08-12 19:55:12,6,1.28,2.5,cb
TR2608120026776,CL100030,EN00055,trottinette,Lyon,ST1001,ST1002,2026-08-12 20:04:29,2026-08-12 20:16:29,12,3.83,3.64,cb
TR2608120026777,CL101505,EN00097,velo_elec,Lyon,ST1002,ST1017,12/08/2026 20:12,2026-08-12 20:18:50,6,1.71,2.5,cb
TR2608120026778,CL103909,EN00079,velo_elec,Lyon,ST1014,ST1011,2026-08-12 20:02:12,2026-08-12 20:04:12,2,0.56,1.5,paypal
TR2608120026779,CL103237,EN00351,trottinette,Nantes,ST1020,ST1028,1786558203,2026-08-12 20:33:03,23,6.64,6.06,cb
TR2608120026780,CL108866,EN00314,trottinette,Nantes,ST1022,ST1024,12/08/2026 20:12,2026-08-12 21:07:46,55,11.3,13.1,cb
TR2608120026781,CL105441,EN00456,trottinette,Lille,ST1040,ST1041,2026-08-12 20:12:37,2026-08-12 20:33:37,21,5.07,5.62,
TR2608120026782,CL101007,EN00532,velo_elec,Grenoble,ST1052,ST1056,2026-08-12 20:12:00,2026-08-12 20:28:00,16,4.6,5.0,cb
TR2608120026783,CL100094,EN00054,trottinette,Lyon,ST1004,ST1011,2026-08-12 20:17:25,2026-08-12 20:41:25,24,6.42,6.28,cb
TR2608120026784,CL101719,EN00037,trottinette,Lyon ,ST1015,ST1005,2026-08-12 20:29:32,2026-08-12 20:34:32,5,1.03,2.1,abonnement
TR2608120026785,CL100258,EN00244,trottinette,Nantes,ST1020,ST1032,2026-08-12 20:26:46,2026-08-12 20:36:46,10,2.24,3.2,cb
TR2608120026786,CL102132,EN00277,velo_elec,Nantes,ST1030,ST1020,2026-08-12 20:29:15,2026-08-12 20:41:15,12,2.95,4.0,cb
TR2608120026787,CL100692,EN00110,velo_elec,Lyon,ST1003,ST1018,2026-08-12 20:43:21,2026-08-12 21:01:21,18,5.95,5.5,cb
TR2608120026788,CL101756,EN00162,velo_elec,lyon,ST1006,ST1008,2026-08-12 20:44:31,2026-08-12 20:58:31,14,4.16,4.5,cb
TR2608120026789,CL100214,EN00121,trottinette,Lyon,ST1007,ST1003,12/08/2026 20:32,2026-08-12 20:36:46,4,0.81,1.88,cb
TR2608120026790,CL100077,EN00078,velo_elec,Lyon,ST1016,ST1005,2026-08-12 20:34:33,2026-08-12 21:12:33,38,7.68,10.5,paypal
TR2608120026791,CL104920,EN00412,trottinette,LILLE,ST1034,ST1041,12/08/2026 20:43,2026-08-12 21:02:53,19,3.66,5.18,paypal
TR2608120026792,CL101800,EN00496,velo_elec,Lille,ST1039,ST1039,1786559642,12/08/2026 20:43,9,2.49,3.25,abonnement
TR2608120026793,CL101577,EN00383,trottinette,Lille,ST1041,ST1047,2026-08-12 20:37:12,2026-08-12 21:00:12,23,6.12,6.06,cb
TR2608120026794,CL100244,EN00599,trottinette,Grenoble,ST1050,ST1048,2026-08-12 20:31:24,2026-08-12 20:37:24,6,1.47,2.32,paypal
TR2608120026795,CL103581,EN00071,velo_elec,Lyon,ST1004,ST1011,2026-08-12 20:54:29,1786561469,10,2.01,3.5,abonnement
TR2608120026796,CL100637,EN00124,velo_elec,Lyon,ST1010,ST1017,2026-08-12 21:00:31,2026-08-12 21:06:31,6,1.85,2.5,cb
TR2608120026797,CL107060,EN00093,velo_elec,Lyon,ST1014,ST1003,2026-08-12 20:58:09,2026-08-12 21:16:09,18,5.8,5.5,abonnement
TR2608120026798,CL102473,EN00033,trottinette,Lyon,ST1014,ST1004,2026-08-12 20:47:30,2026-08-12 21:05:30,18,3.11,4.96,paypal
TR2608120026799,CL108605,EN00180,trottinette,Lyon,ST1016,ST1013,2026-08-12 21:00:33,2026-08-12 21:13:33,13,2.83,3.86,paypal
TR2608120026800,CL104198,EN00031,velo_elec,Lyon,ST1019,ST1017,2026-08-12 20:48:29,2026-08-12 21:01:29,13,3.11,4.25,cb
TR2608120026801,CL108117,EN00329,trottinette,nantes,ST1030,ST1027,2026-08-12 20:45:58,2026-08-12 20:56:58,11,2.33,3.42,abonnement
TR2608120026802,CL100896,EN00232,trottinette,Nantes,ST1033,ST1028,,12/08/2026 20:56,3,0.88,1.66,cb
TR2608120026803,CL102509,EN00599,trottinette,Grenoble,ST1048,ST1052,2026-08-12 20:50:45,12/08/2026 20:57,7,1.68,2.54,abonnement
TR2608120026804,CL101685,EN00075,trottinette,Lyon,ST1004,ST1012,2026-08-12 21:03:19,12/08/2026 21:14,11,3.13,3.42,abonnement
TR2608120026805,CL105930,EN00300,velo_elec,Nantes,ST1031,ST1022,2026-08-12 21:06:12,2026-08-12 21:26:12,20,6.27,6.0,cb
TR2608120026806,CL102996,EN00316,velo_elec,Nantes,ST1032,ST1030,12/08/2026 21:07,12/08/2026 21:19,12,2.66,4.0,abonnement
TR2608120026807,CL102606,EN00327,velo_elec,Nantes,ST1032,ST1031,2026-08-12 21:07:05,2026-08-12 21:31:05,24,6.05,7.0,abonnement
TR2608120026808,CL101641,EN00519,velo_elec,grenoble,ST1053,ST1057,2026-08-12 21:06:36,12/08/2026 21:17,11,2.07,3.75,cb
TR2608120026809,CL104556,EN00198,velo_elec,Lyon,ST1002,ST1016,2026-08-12 21:29:34,12/08/2026 21:45,16,5.25,5.0,cb
TR2608120026810,CL106391,EN00049,trottinette,Lyon,ST1016,ST1016,2026-08-12 21:18:40,2026-08-12 21:22:40,4,1.24,1.88,cb
TR2608120026811,CL103828,EN00196,velo_elec,Lyon,ST1018,ST1019,12/08/2026 21:24,2026-08-12 21:30:31,6,1.05,2.5,abonnement
TR2608120026812,CL101423,EN00280,trottinette,Nantes,ST1027,ST1027,2026-08-12 21:28:19,2026-08-12 21:37:19,9,1.63,2.98,abonnement
TR2608120026813,CL106077,EN00310,trottinette,Nantes,ST1029,ST1021,1786562486,2026-08-12 21:34:26,13,3.78,3.86,paypal
TR2608120026814,CL100800,EN00348,velo_elec,Nantes,ST1033,ST1021,2026-08-12 21:26:38,2026-08-12 21:52:38,26,5.79,7.5,cb
TR2608120026815,CL108666,EN00404,trottinette,Lille,ST1035,ST1037,2026-08-12 21:19:44,,14,2.69,4.08,cb
TR2608120026816,CL104929,EN00373,velo_elec,Lille,ST1047,ST1036,1786562358,1786563618,21,6.82,6.25,cb
TR2608120026817,CL101546,EN00512,velo_elec,Grenoble,ST1049,ST1052,12/08/2026 21:23,2026-08-12 21:40:04,17,4.02,5.25,abonnement
TR2608120026818,CL105578,EN00541,velo_elec,Grenoble,ST1058,ST1053,2026-08-12 21:17:29,2026-08-12 21:22:29,5,1.12,2.25,cb
TR2608120026819,CL107053,EN00080,trottinette,Lyon ,ST1014,ST1011,2026-08-12 21:38:13,2026-08-12 21:45:13,7,2.1,2.54,cb
TR2608120026820,CL100320,EN00327,velo_elec,Nantes,ST1031,ST1027,2026-08-12 21:42:24,2026-08-12 22:07:24,25,5.19,7.25,cb
TR2608120026821,CL108818,EN00539,velo_elec,Grenoble,ST1049,ST1053,2026-08-12 21:40:39,1786564419,13,3.37,4.25,cb
TR2608120026822,CL100805,EN00055,trottinette,Lyon,ST1002,ST1001,1786564256,2026-08-12 22:25:56,35,5.78,8.7,paypal
TR2608120026823,CL107034,EN00257,trottinette,Nantes,ST1023,ST1020,,2026-08-12 22:14:07,19,4.22,5.18,paypal
TR2608120026824,CL104297,EN00274,velo,Nantes,ST1023,ST1025,2026-08-12 21:59:20,2026-08-12 22:06:20,-20,2.35,2.05,paypal
TR2608120026825,CL100431,EN00236,velo_elec,nantes,ST1021,ST1022,2026-08-12 22:14:07,2026-08-12 22:23:07,9,1.73,3.25,cb
TR2608120026826,CL105578,EN00551,trottinette,Grenoble,ST1051,ST1057,2026-08-12 22:02:09,2026-08-12 22:06:09,4,1.08,1.88,cb
TR2608120026827,CL107818,EN00546,trottinette,Grenoble,ST1051,ST1052,2026-08-12 22:09:02,12/08/2026 22:20,11,3.41,3.42,abonnement
TR2608120026828,CL108607,EN00519,velo_elec,GRENOBLE,ST1057,ST1048,2026-08-12 22:07:30,2026-08-12 22:12:30,5,1.36,2.25,cb
TR2608120026829,CL100727,EN00277,velo_elec,Nantes,ST1020,ST1024,2026-08-12 22:30:37,2026-08-12 22:40:37,10,3.27,3.5,paypal
TR2608120026830,CL101257,EN00355,velo_elec,Nantes,ST1031,ST1025,2026-08-12 22:19:12,2026-08-12 22:29:12,10,1.8,3.5,cb
TR2608120026831,CL106887,EN00411,trottinette, Lille,ST1041,ST1037,2026-08-12 22:25:51,,3,0.74,1.66,abonnement
TR2608120026832,CL108785,EN00292,velo_elec,Nantes,ST1021,ST1028,2026-08-12 22:51:06,12/08/2026 23:07,16,5.43,5.0,cb
TR2608120026833,CL102085,EN00293,velo_elec,Nantes,ST1027,ST1023,2026-08-12 22:53:44,1786568444,7,2.2,2.75,paypal
TR2608120026834,CL103419,EN00239,trottinette,nantes,ST1032,ST1029,2026-08-12 22:58:01,2026-08-12 23:19:01,21,4.54,5.62,
TR2608120026835,CL100271,EN00518,trottinette,Grenoble,ST1048,ST1057,2026-08-12 22:54:43,2026-08-12 23:04:43,10,2.15,3.2,cb
TR2608120026836,CL107655,EN00591,velo_elec,Grenoble,ST1049,ST1056,1786567829,2026-08-12 23:35:29,45,7.15,12.25,abonnement
TR2608120026837,CL106810,EN00052,trottinette,LYON,ST1006,ST1008,2026-08-12 23:06:39,12/08/2026 23:14,8,1.83,2.76,abonnement
TR2608120026838,CL100287,EN00240,trottinette,Nantes,ST1020,ST1024,2026-08-12 23:10:40,2026-08-12 23:17:40,7,2.25,2.54,cb
TR2608120026839,CL102404,EN00519,velo_elec,Grenoble,ST1048,ST1049,2026-08-12 23:30:14,12/08/2026 23:44,14,4.24,4.5,cb
TR2608120026840,CL100752,EN00321,velo_elec,Nantes,ST1022,ST1033,2026-08-12 23:43:10,2026-08-12 23:47:10,4,1.28,2.0,cb
TR2608120026841,CL101190,EN00293,velo_elec,Nantes,ST1023,ST1022,12/08/2026 23:41,2026-08-13 00:18:42,37,12.09,10.25,cb
TR2608120026842,CL105462,EN00177,velo_elec,Lyon,ST1001,ST1006,2026-08-12 23:59:36,13/08/2026 00:21,22,7.14,6.5,abonnement
TR2608120026843,CL108445,EN00354,velo_elec,Nantes,ST1024,ST1029,2026-08-12 23:50:27,2026-08-13 00:03:27,13,3.94,4.25,cb
