trajet_id,client_id,engin_id,type_engin,ville,station_depart,station_arrivee,debut,fin,duree_min,distance_km,montant_eur,moyen_paiement
TR2608080020961,CL105579,EN00347,trottinette,Nantes,ST1032,ST1023,08/08/2026 00:09,2026-08-08 00:24:01,15,3.15,4.3,cb
TR2608080020962,CL104416,EN00233,velo_elec,Nantes,ST1032,ST1020,2026-08-08 01:02:31,2026-08-08 01:08:31,6,1.61,2.5,cb
TR2608080020963,CL108978,EN00157,velo_elec,Lyon,ST1015,ST1004,2026-08-08 01:22:12,2026-08-08 01:30:12,8,2.23,3.0,paypal
TR2608080020964,CL105321,EN00210,trottinette,Lyon,ST1004,ST1015,2026-08-08 01:46:40,2026-08-08 01:56:40,10,2.04,3.2,cb
TR2608080020965,CL108039,EN00408,velo_elec,Lille,ST1034,ST1038,08/08/2026 02:01,2026-08-08 02:18:33,17,4.52,5.25,cb
TR2608080020966,CL102662,EN00418,trottinette,Lille,ST1046,ST1035,08/08/2026 02:15,2026-08-08 02:17:06,2,0.46,1.44,cb
TR2608080020967,CL107998,EN00360,trottinette,Nante,ST1021,ST1025,08/08/2026 02:36,2026-08-08 02:41:37,5,1.28,2.1,cb
TR2608080020968,CL107313,EN00474,velo_elec,Lille,ST1043,ST1036,08/08/2026 03:10,2026-08-08 03:57:15,47,14.19,12.75,cb
TR2608080020969,CL100178,EN00189,trottinette,Lyon,ST1006,ST1019,1786157651,2026-08-08 05:05:11,11,2.63,3.42,abonnement
TR2608080020970,CL102768,EN00050,velo_elec,Lyon,ST1014,ST1002,2026-08-08 04:56:49,2026-08-08 04:58:49,2,0.63,1.5,abonnement
TR2608080020971,CL101677,EN00238,velo_elec,Nantes,ST1028,ST1029,2026-08-08 04:59:06,,7,1.41,2.75,abonnement
TR2608080020972,CL108243,EN00438,trottinette,LILLE,ST1041,ST1042,2026-08-08 04:49:49,2026-08-08 04:53:49,4,0.65,1.88,cb
TR2608080020973,CL107058,EN00184,velo_elec,Lyon,ST1016,ST1003,1786158699,2026-08-08 05:16:39,5,1.37,2.25,abonnement
TR2608080020974,CL108359,EN00329,trottinette,Nantes,ST1028,ST1024,2026-08-08 05:05:25,2026-08-08 05:20:25,15,3.12,4.3,paypal
TR2608080020975,CL107819,EN00496,velo_elec,LILLE,ST1037,ST1039,2026-08-08 05:28:22,2026-08-08 05:54:22,3278,6.34,7.5,cb
TR2608080020976,CL103626,EN00107,velo_elec,Lyon,ST1004,ST1016,2026-08-08 05:39:52,2026-08-08 05:46:52,7,2.43,2.75,cb
TR2608080020977,CL105372,EN00221,velo_elec,Nante,ST1026,ST1022,2026-08-08 05:40:40,2026-08-08 05:50:40,-14,2.9,3.5,abonnement
TR2608080020978,CL102310,EN00498,trottinette,Lille,ST1045,ST1041,2026-08-08 05:47:13,2026-08-08 06:04:13,17,3.54,4.74,cb
TR2608080020979,CL102117,EN00600,trottinette,Grenoble,ST1055,ST1048,2026-08-08 05:55:27,08/08/2026 06:00,5,1.4,2.1,cb
TR2608080020980,CL101064,EN00065,trottinette,Lyon,ST1010,ST1010,08/08/2026 06:26,2026-08-08 06:34:45,8,1.67,2.76,abonnement
TR2608080020981,CL102259,EN00174,velo_elec,Lyon,ST1014,ST1008,2026-08-08 06:25:38,2026-08-08 06:32:38,7,1.88,2.75,cb
TR2608080020982,CL106388,EN00313,trottinette,Nantes,ST1023,ST1026,2026-08-08 06:42:36,2026-08-08 06:51:36,9,2.74,2.98,
TR2608080020983,CL105308,EN00556,trottinette,Grenoble,ST1049,ST1056,2026-08-08 06:33:14,2026-08-08 06:41:14,8,2.78,2.76,cb
TR2608080020984,CL108542,EN00406,velo_elec,Lille,ST1036,ST1047,,08/08/2026 06:59,12,3.9,4.0,cb
TR2608080020985,CL106972,EN00154,trottinette,Lyon,ST1012,ST1007,2026-08-08 07:01:29,2026-08-08 07:09:29,8,2.32,2.76,abonnement
TR2608080020986,CL107304,EN00307,trottinette,Nantes,ST1022,ST1021,2026-08-08 07:16:01,2026-08-08 07:19:01,3,0.9,1.66,cb
TR2608080020987,CL105725,EN00312,trottinette,Nantes,ST1027,ST1026,2026-08-08 07:14:07,2026-08-08 07:45:07,31,4.98,7.82,paypal
TR2608080020988,CL101680,EN00243,velo,Nantes,ST1028,ST1025,08/08/2026 07:05,2026-08-08 07:08:49,3,0.57,1.45,abonnement
TR2608080020989,CL104191,EN00388,velo_elec,Lille,ST1040,ST1035,08/08/2026 07:07,1786165939,5,1.15,2.25,abonnement
TR2608080020990,CL106699,EN00438,trottinette,Lille,ST1042,ST1039,08/08/2026 07:03,08/08/2026 07:13,10,3.43,3.2,abonnement
TR2608080020991,CL101979,EN00178,velo_elec,Lyon,ST1001,ST1019,2026-08-08 07:28:34,2026-08-08 07:36:34,8,2.25,3.0,abonnement
TR2608080020992,CL100479,EN00183,velo_elec,Lyon,ST1004,ST1016,2026-08-08 07:17:59,2026-08-08 07:44:59,27,6.41,7.75,cb
TR2608080020993,CL105236,EN00065,trottinette,Lyon,ST1010,ST1014,1786166546,08/08/2026 07:38,16,3.7,4.52,abonnement
TR2608080020994,CL108966,EN00248,trottinette,NANTES,ST1029,ST1024,08/08/2026 07:26,2026-08-08 07:38:05,12,2.61,3.64,abonnement
TR2608080020995,CL100592,EN00421,velo_elec,Lille,ST1045,ST1034,2026-08-08 07:20:20,2026-08-08 07:41:20,21,4.25,6.25,abonnement
TR2608080020996,CL108525,EN00406,velo_elec,Lille,ST1047,ST1041,2026-08-08 07:24:08,,9,2.02,3.25,cb
TR2608080020997,CL102796,EN00177,velo_elec,Lyon,ST1012,ST1012,2026-08-08 07:40:22,2026-08-08 07:56:22,16,3.03,5.0,cb
TR2608080020998,CL100441,EN00108,velo_elec,Lyon,ST1012,ST1006,2026-08-08 07:45:01,2026-08-08 08:05:01,20,3.65,6.0,cb
TR2608080020999,CL106304,EN00400,trottinette,Lille,ST1037,ST1038,2026-08-08 07:39:52,2026-08-08 07:52:52,13,2.51,3.86,cb
TR2608080021000,CL103810,EN00362,velo_elec,Lille,ST1037,ST1034,08/08/2026 07:35,2026-08-08 07:48:46,13,4.05,4.25,abonnement
TR2608080021001,CL107188,EN00157,velo_elec,Lyon,ST1009,ST1019,2026-08-08 07:55:35,2026-08-08 08:13:35,18,2.99,5.5,cb
TR2608080021002,CL106912,EN00195,velo_elec,Lyon,ST1012,ST1001,2026-08-08 07:52:37,2026-08-08 08:03:37,11,3.16,3.75,cb
TR2608080021003,CL105288,EN00199,velo_elec,Lyon,ST1019,ST9605,1786168416,2026-08-08 08:00:36,7,1.82,2.75,paypal
TR2608080021004,CL102784,EN00228,trottinette,Nantes,ST1023,ST1026,2026-08-08 08:00:11,2026-08-08 08:15:11,15,3.53,4.3,cb
TR2608080021005,CL108236,EN00292,velo_elec,Nantes,ST1033,ST1022,08/08/2026 07:47,2026-08-08 08:03:32,16,3.42,5.0,cb
TR2608080021006,CL104041,EN00402,trottinette,Lille,ST1037,ST1038,2026-08-08 08:01:01,08/08/2026 08:15,14,3.67,4.08,cb
TR2608080021007,CL103995,EN00438,trottinette,Lille,ST1039,ST1044,2026-08-08 07:53:20,2026-08-08 08:15:20,22,4.91,5.84,cb
TR2608080021008,CL107327,EN00582,trottinette,Grenoble,ST1048,ST1050,2026-08-08 07:53:41,1786168961,9,3.05,2.98,cb
TR2608080021009,CL106976,EN00591,velo_elec,Grenoble,ST1057,ST1057,2026-08-08 07:51:39,2026-08-08 08:04:39,13,3.31,4.25,abonnement
TR2608080021010,CL101605,EN00597,trottinette,GRENOBLE,ST1058,ST1058,2026-08-08 08:00:28,2026-08-08 08:17:28,17,5.0,4.74,cb
TR2608080021011,CL102990,EN00174,velo_elec,Lyon,ST1008,ST1017,2026-08-08 08:04:57,2026-08-08 08:10:57,6,1.57,2.5,
TR2608080021012,CL107781,EN00219,velo_elec,Lyon,ST1018,ST1009,2026-08-08 08:08:47,2026-08-08 08:13:47,5,1.1,2.25,cb
TR2608080021013,CL107565,EN00294,velo_elec,Nantes,ST1020,ST1030,08/08/2026 08:10,2026-08-08 08:17:26,7,1.36,2.75,paypal
TR2608080021014,CL102703,EN00236,velo_elec,Nantes,ST1021,ST1020,08/08/2026 08:02,2026-08-08 08:04:41,2,0.34,1.5,cb
TR2608080021015,CL106269,EN00265,trottinette,Nantes,ST1029,ST1025,08/08/2026 08:12,2026-08-08 08:19:03,7,2.35,2.54,cb
TR2608080021016,CL101437,EN00300,velo_elec,NANTES,ST1031,ST1024,2026-08-08 08:13:32,2026-08-08 08:43:32,30,9.2,8.5,
TR2608080021017,CL102787,EN00496,velo_elec,Lille,ST1039,ST1042,2026-08-08 08:06:43,2026-08-08 08:15:43,9,3.1,3.25,paypal
TR2608080021018,CL103752,EN00425,velo_elec,Lille,ST1045,ST1047,2026-08-08 08:12:30,2026-08-08 08:28:30,16,3.35,5.0,paypal
TR2608080021019,CL100688,EN00050,velo_elec,Lyon,ST1002,ST1008,2026-08-08 08:25:20,2026-08-08 08:45:20,20,4.48,6.0,cb
TR2608080021020,CL106033,EN00108,velo_elec,Lyon,ST1006,ST1004,2026-08-08 08:25:23,2026-08-08 08:36:23,11,3.14,3.75,cb
TR2608080021021,CL101417,EN00219,velo_elec,Lyon,ST1009,ST1011,2026-08-08 08:20:39,2026-08-08 08:29:39,9,2.78,3.25,abonnement
TR2608080021022,CL107698,EN00034,velo_elec,Lyon,ST1014,ST1006,2026-08-08 08:29:20,08/08/2026 08:40,11,1.7,3.75,cb
TR2608080021023,CL106246,EN00341,velo_elec,Nantes,ST1025,ST1032,08/08/2026 08:29,2026-08-08 08:38:19,9,2.78,3.25,paypal
TR2608080021024,CL104257,EN00290,trottinette,Nantes,ST1027,ST1026,2026-08-08 08:22:31,2026-08-08 08:35:31,13,3.89,3.86,abonnement
TR2608080021025,CL106410,EN00418,trottinette,Lille,ST1034,ST1047,2026-08-08 08:30:05,2026-08-08 08:34:05,4,0.94,1.88,cb
TR2608080021026,CL105799,EN00455,velo_elec,Lille,ST1036,ST1043,2026-08-08 08:20:24,2026-08-08 08:24:24,4,0.73,2.0,cb
TR2608080021027,CL102084,EN00414,velo_elec,Lille,ST1043,ST1040,2026-08-08 08:20:33,2026-08-08 08:56:33,36,10.28,10.0,cb
TR2608080021028,CL100793,EN00537,velo_elec,Grenoble,ST1054,ST1056,2026-08-08 08:18:07,08/08/2026 08:26,8,2.59,3.0,paypal
TR2608080021029,CL107948,EN00096,velo_elec,Lyon,ST1008,ST1012,08/08/2026 08:43,2026-08-08 08:59:35,16,5.4,5.0,cb
TR2608080021030,CL107119,EN00061,trottinette,Lyon,ST1016,ST1003,2026-08-08 08:32:39,2026-08-08 09:05:39,33,5.62,8.26,paypal
TR2608080021031,CL100947,EN00117,trottinette,Lyon ,ST1017,ST1009,2026-08-08 08:37:04,2026-08-08 09:02:04,25,4.63,6.5,abonnement
TR2608080021032,CL103701,EN00140,trottinette,Lyon,ST1019,ST1005,08/08/2026 08:34,2026-08-08 08:36:41,2,0.55,1.44,cb
TR2608080021033,CL102530,EN00251,velo,Nante,ST1027,ST1026,2026-08-08 08:35:53,2026-08-08 08:44:53,9,1.67,2.35,abonnement
TR2608080021034,CL108612,EN00257,trottinette,Nantes,ST1031,ST1027,08/08/2026 08:36,2026-08-08 08:57:39,21,5.13,5.62,cb
TR2608080021035,CL104121,EN00450,trottinette,Lille,ST1046,ST1046,08/08/2026 08:44,2026-08-08 08:58:50,14,4.62,4.08,cb
TR2608080021036,CL101150,EN00600,trottinette,GRENOBLE,ST1048,ST1048,,2026-08-08 09:05:41,22,3.32,5.84,cb
TR2608080021037,CL107471,EN00598,velo_elec,Grenoble,ST1051,ST1048,2026-08-08 08:31:31,08/08/2026 08:44,13,2.91,,paypal
TR2608080021038,CL102501,EN00541,velo_elec,Grenoble,ST1056,ST1051,2026-08-08 08:35:23,2026-08-08 08:52:23,17,2.7,5.25,
TR2608080021039,CL102226,EN00140,trottinette,Lyon,ST1005,ST1019,2026-08-08 08:50:04,08/08/2026 09:01,11,2.88,3.42,paypal
TR2608080021040,CL105031,EN00034,velo_elec,Lyon,ST1006,ST1014,08/08/2026 08:53,2026-08-08 09:07:36,14,2.72,4.5,abonnement
TR2608080021041,CL101316,EN00050,velo_elec,Lyon,ST1008,ST1004,2026-08-08 08:56:19,2026-08-08 09:25:19,29,4.79,8.25,cb
TR2608080021042,CL107086,EN00129,velo_elec,Lyon,ST1014,ST1018,2026-08-08 08:46:21,2026-08-08 09:06:21,20,5.91,6.0,paypal
TR2608080021043,CL107730,EN00200,trottinette,Lyon,ST1015,ST1015,2026-08-08 08:50:00,2026-08-08 08:58:00,8,1.66,2.76,paypal
TR2608080021044,CL106394,EN00006,trottinette,Lyon,ST1018,ST1007,2026-08-08 08:50:38,08/08/2026 09:03,13,1.96,3.86,abonnement
TR2608080021045,CL100912,EN00105,velo_elec,Lyon,ST1018,ST1012,08/08/2026 08:58,2026-08-08 09:06:13,8,2.23,3.0,cb
TR2608080021046,CL108848,EN00307,trottinette,Nantes,ST1021,ST1025,2026-08-08 08:54:48,2026-08-08 09:03:48,9,2.09,2.98,cb
TR2608080021047,CL102749,EN00473,trottinette,Lille,ST1035,ST1037,2026-08-08 08:58:17,2026-08-08 09:33:17,35,6.75,8.7,cb
TR2608080021048,CL106273,EN00435,trottinette,Lille,ST1039,ST1047,2026-08-08 08:54:51,2026-08-08 09:06:51,12,2.8,3.64,cb
TR2608080021049,CL103824,EN00372,trottinette,Lille,ST1041,ST1047,2026-08-08 08:55:58,,20,4.52,5.4,cb
TR2608080021050,CL104210,EN00560,velo_elec,Grenoble,ST1051,ST1056,2026-08-08 08:53:06,2026-08-08 09:06:06,13,4.28,4.25,abonnement
TR2608080021051,CL103241,EN00539,velo_elec,Grenoble,ST1054,ST1058,2026-08-08 08:49:18,2026-08-08 08:55:18,6,1.16,2.5,cb
TR2608080021052,CL104829,EN00548,trottinette,Grenoble,ST1055,ST1057,2026-08-08 08:55:46,1786172746,10,1.57,3.2,cb
TR2608080021053,CL108818,EN00597,trottinette,Grenoble,ST1058,ST1051,2026-08-08 08:52:56,2026-08-08 09:33:56,41,11.35,10.02,cb
TR2608080021054,CL101317,EN00083,velo_elec,Lyon,ST1005,ST1010,2026-08-08 09:11:08,1786173368,5,1.32,2.25,cb
TR2608080021055,CL106724,EN00005,velo_elec,Lyon,ST1005,ST1019,2026-08-08 09:07:23,2026-08-08 09:22:23,15,4.56,4.75,abonnement
TR2608080021056,CL100324,EN00198,velo_elec,Lyon,ST1007,ST1009,08/08/2026 09:13,2026-08-08 09:28:25,15,3.55,4.75,cb
TR2608080021057,CL101375,EN00173,velo_elec,Lyon,ST1012,ST1008,08/08/2026 09:09,2026-08-08 09:26:43,17,5.92,5.25,cb
TR2608080021058,CL102328,EN00121,trottinette,Lyon,ST1013,ST1003,2026-08-08 09:09:14,,5,0.75,2.1,paypal
TR2608080021059,CL108178,EN00107,velo_elec,Lyon,ST1016,ST1008,2026-08-08 09:15:12,2026-08-08 09:27:12,12,4.13,4.0,paypal
TR2608080021060,CL100199,EN00183,velo_elec,Lyon,ST1016,ST1018,1786172626,2026-08-08 09:33:46,30,5.23,8.5,cb
TR2608080021061,CL104349,EN00140,trottinette,Lyon,ST1019,ST1013,1786172744,2026-08-08 09:12:44,7,2.39,2.54,cb
TR2608080021062,CL102270,EN00328,velo_elec,Nantes,ST1021,ST1020,,2026-08-08 09:11:32,9,2.01,3.25,
TR2608080021063,CL105686,EN00256,velo_elec,Nantes,ST1022,ST1027,1786173038,2026-08-08 09:22:38,12,2.2,4.0,abonnement
TR2608080021064,CL102809,EN00341,velo_elec,NANTES,ST1032,ST1027,08/08/2026 09:12,1786173807,11,2.1,3.75,cb
TR2608080021065,CL102502,EN00339,velo_elec,Nantes,ST1033,ST1032,2026-08-08 09:03:47,2026-08-08 09:11:47,8,2.03,3.0,cb
TR2608080021066,CL100200,EN00472,velo_elec,Lille,ST1035,ST1045,2026-08-08 09:13:47,2026-08-08 09:32:47,19,4.54,5.75,abonnement
TR2608080021067,CL103718,EN00478,trottinette,Lille,ST1037,ST1038,2026-08-08 09:06:20,2026-08-08 10:09:20,63,19.72,14.86,cb
TR2608080021068,CL103889,EN00395,trottinette, Lille,ST1039,ST1040,2026-08-08 09:07:14,08/08/2026 09:17,10,2.56,3.2,paypal
TR2608080021069,CL104102,EN00406,velo_elec,Lille,ST1041,ST1040,2026-08-08 09:04:03,2026-08-08 09:19:03,15,2.39,4.75,cb
TR2608080021070,CL104554,EN00450,trottinette,Lille,ST1046,ST1046,08/08/2026 09:12,2026-08-08 09:23:33,11,2.66,3.42,cb
TR2608080021071,CL103505,EN00592,velo_elec,Grenoble,ST1050,ST1057,08/08/2026 09:03,2026-08-08 09:08:12,5,1.13,2.25,paypal
TR2608080021072,CL106571,EN00127,trottinette,Lyon,ST1005,ST1006,2026-08-08 09:23:36,2026-08-08 09:30:36,7,2.0,2.54,cb
TR2608080021073,CL102771,EN00036,velo_elec,Lyon,ST1006,ST1011,2026-08-08 09:22:33,08/08/2026 09:30,8,2.25,3.0,cb
TR2608080021074,CL106620,EN00014,velo_elec,Lyon,ST1008,ST1003,2026-08-08 09:31:03,2026-08-08 09:59:03,28,4.63,8.0,paypal
TR2608080021075,CL104378,EN00100,velo_elec,Lyon,ST1009,ST1011,2026-08-08 09:29:43,2026-08-08 09:35:43,6,1.13,2.5,cb
TR2608080021076,CL100092,EN00089,trottinette,Lyon,ST1010,ST1015,2026-08-08 09:23:16,2026-08-08 09:32:16,9,3.04,2.98,abonnement
TR2608080021077,CL103972,EN00178,velo_elec,Lyon,ST1019,ST1004,1786173394,2026-08-08 09:25:34,9,2.39,3.25,cb
TR2608080021078,CL100325,EN00192,velo_elec,Lyon,ST1019,ST1012,1786173465,08/08/2026 09:26,9,2.45,3.25,cb
TR2608080021079,CL100761,EN00338,velo_elec,Nantes,ST1021,ST1023,2026-08-08 09:18:51,2026-08-08 09:22:51,4,0.84,2.0,cb
TR2608080021080,CL104996,EN00280,trottinette,Nantes,ST1024,ST1032,1786174200,2026-08-08 09:44:00,14,4.47,4.08,cb
TR2608080021081,CL104951,EN00237,velo_elec,Nantes,ST1024,ST1031,2026-08-08 09:17:47,08/08/2026 09:22,5,0.82,2.25,cb
TR2608080021082,CL103183,EN00249,velo_elec,Nantes,ST1024,ST1021,2026-08-08 09:30:06,08/08/2026 09:39,9,2.21,3.25,abonnement
TR2608080021083,CL108508,EN00354,velo_elec,Nante,ST1025,ST1029,2026-08-08 09:24:02,08/08/2026 09:45,21,5.51,6.25,abonnement
TR2608080021084,CL100554,EN00257,trottinette,Nantes,ST1027,ST1032,2026-08-08 09:27:37,2026-08-08 09:45:37,18,5.53,4.96,abonnement
TR2608080021085,CL107542,EN00238,velo_elec,Nantes,ST1029,ST1023,2026-08-08 09:24:20,2026-08-08 09:43:20,19,2.91,5.75,paypal
TR2608080021086,CL102909,EN00233,velo_elec,Nantes,ST1032,ST1021,1786173464,2026-08-08 09:27:44,10,3.19,3.5,abonnement
TR2608080021087,CL102600,EN00319,velo_elec,Nantes,ST1033,ST1032,2026-08-08 09:29:59,08/08/2026 09:37,8,1.37,3.0,abonnement
TR2608080021088,CL103690,EN00369,velo,Lille,ST1039,ST1034,2026-08-08 09:25:26,2026-08-08 09:33:26,8,2.44,2.2,cb
TR2608080021089,CL105314,EN00420,trottinette,Lille,ST1041,ST1037,2026-08-08 09:19:02,2026-08-08 09:27:02,8,1.26,2.76,cb
TR2608080021090,CL105867,EN00582,trottinette,Grenoble,ST1050,ST1048,08/08/2026 09:23,1786175616,30,6.27,7.6,cb
TR2608080021091,CL106466,EN00541,velo_elec,Grenoble,ST1051,ST1058,2026-08-08 09:25:15,2026-08-08 09:42:15,17,3.62,5.25,abonnement
TR2608080021092,CL105934,EN00519,velo_elec,Grenoble,ST1053,ST1054,2026-08-08 09:28:58,2026-08-08 09:47:58,19,5.27,5.75,abonnement
TR2608080021093,CL108289,EN00211,velo_elec,Lyon,ST1002,ST1012,08/08/2026 09:40,08/08/2026 09:44,4,0.99,2.0,cb
TR2608080021094,CL105408,EN00210,trottinette,Lyon,ST1016,ST1014,2026-08-08 09:45:12,2026-08-08 09:57:12,12,3.67,3.64,abonnement
TR2608080021095,CL105549,EN00152,velo_elec,Lyon,ST1017,ST1001,1786174738,2026-08-08 09:46:58,8,2.45,3.0,cb
TR2608080021096,CL106897,EN00054,trottinette,Lyon ,ST1019,ST1008,2026-08-08 09:37:38,2026-08-08 10:01:38,24,5.66,6.28,abonnement
TR2608080021097,CL108137,EN00337,trottinette,Nantes,ST1024,ST1022,2026-08-08 09:35:43,2026-08-08 09:45:43,10,1.85,3.2,abonnement
TR2608080021098,CL108013,EN00256,velo_elec,Nantes,ST1027,ST1020,2026-08-08 09:40:38,2026-08-08 09:42:38,2,0.5,1.5,cb
TR2608080021099,CL102604,EN00341,velo_elec,NANTES,ST1027,ST1021,2026-08-08 09:38:45,2026-08-08 09:56:45,18,4.89,5.5,paypal
TR2608080021100,CL101896,EN00252,velo_elec,Nantes,ST1029,ST1031,2026-08-08 09:39:22,2026-08-08 09:51:22,12,1.88,4.0,cb
TR2608080021101,CL108316,EN00237,velo_elec,Nantes,ST1031,ST1032,,1786176707,30,10.11,8.5,cb
TR2608080021102,CL104652,EN00411,trottinette,Lille,ST1038,ST1039,1786174413,2026-08-08 09:42:33,9,1.6,2.98,cb
TR2608080021103,CL105164,EN00417,trottinette,LILLE,ST1041,ST1047,2026-08-08 09:34:29,08/08/2026 09:55,21,5.12,5.62,abonnement
TR2608080021104,CL106112,EN00440,trottinette,Lille,ST1044,ST1047,2026-08-08 09:44:47,08/08/2026 10:11,27,6.22,6.94,
TR2608080021105,CL106549,EN00450,trottinette,Lille,ST1046,ST1044,2026-08-08 09:45:41,2026-08-08 10:08:41,23,7.99,6.06,cb
TR2608080021106,CL101768,EN00067,velo_elec,Lyon,ST1001,ST1016,08/08/2026 09:53,2026-08-08 10:11:23,18,3.16,5.5,abonnement
TR2608080021107,CL105980,EN00133,velo_elec,Lyon,ST1002,ST1002,2026-08-08 09:50:07,2026-08-08 10:02:07,12,2.09,4.0,paypal
TR2608080021108,CL108943,EN00178,velo_elec,Lyon,ST1004,ST1005,2026-08-08 09:46:49,1786176529,22,6.95,6.5,cb
TR2608080021109,CL104299,EN00112,velo_elec,Lyon,ST1005,ST1008,2026-08-08 09:53:42,2026-08-08 10:02:42,9,1.36,3.25,cb
TR2608080021110,CL104187,EN00198,velo_elec,Lyon,ST1009,ST1007,2026-08-08 09:57:37,2026-08-08 10:12:37,15,3.08,4.75,cb
TR2608080021111,CL103023,EN00117,trottinette,Lyon,ST1009,ST1007,08/08/2026 09:57,2026-08-08 10:02:27,5,1.05,2.1,cb
TR2608080021112,CL105088,EN00045,trottinette,Lyon,ST1011,ST1008,2026-08-08 09:48:40,,7,1.13,2.54,cb
TR2608080021113,CL103797,EN00065,trottinette,Lyon,ST1014,ST1017,2026-08-08 09:48:39,08/08/2026 10:01,13,4.48,3.86,abonnement
TR2608080021114,CL103731,EN00129,velo_elec,Lyon,ST1018,ST9200,2026-08-08 09:48:31,1786176751,24,7.24,7.0,cb
TR2608080021115,CL103358,EN00271,velo_elec,nantes,ST1024,ST1032,2026-08-08 09:52:51,2026-08-08 10:13:51,21,6.05,6.25,abonnement
TR2608080021116,CL108994,EN00348,velo_elec,Nantes,ST1024,ST1025,2026-08-08 09:47:52,08/08/2026 09:53,6,1.73,2.5,cb
TR2608080021117,CL104609,EN00298,trottinette,Nantes,ST1025,ST1023,2026-08-08 09:50:36,2026-08-08 10:03:36,13,4.35,3.86,cb
TR2608080021118,CL104545,EN00239,trottinette,Nantes,ST1031,ST1030,2026-08-08 10:00:19,08/08/2026 10:09,9,1.48,2.98,paypal
TR2608080021119,CL106864,EN00378,velo_elec,Lille,ST1035,ST1043,2026-08-08 09:49:39,2026-08-08 09:56:39,7,2.29,2.75,cb
TR2608080021120,CL101392,EN00598,velo_elec,Grenoble,ST1048,ST1058,2026-08-08 09:52:36,2026-08-08 10:04:36,12,4.01,4.0,cb
TR2608080021121,CL106435,EN00079,velo_elec,Lyon,ST1004,ST1010,2026-08-08 10:05:45,2026-08-08 10:27:45,-11,5.52,6.5,cb
TR2608080021122,CL100229,EN00118,trottinette,Lyon,ST1009,ST1017,2026-08-08 10:11:24,1786178424,29,9.92,7.38,paypal
TR2608080021123,CL106910,EN00211,velo_elec,Lyon,ST1012,ST1009,2026-08-08 10:03:43,2026-08-08 10:23:43,20,6.77,6.0,cb
TR2608080021124,CL104010,EN00172,trottinette,Lyon,ST1013,ST1008,2026-08-08 10:05:27,2026-08-08 10:21:27,16,3.82,4.52,cb
TR2608080021125,CL101073,EN00140,trottinette,Lyon,ST1013,ST1007,08/08/2026 10:13,08/08/2026 10:24,11,2.6,3.42,cb
TR2608080021126,CL107388,EN00030,trottinette,Lyon,ST1014,ST1011,2026-08-08 10:06:38,08/08/2026 10:11,5,1.69,2.1,abonnement
TR2608080021127,CL101547,EN00089,trottinette,Lyon,ST1015,ST1017,2026-08-08 10:10:10,1786178170,26,6.14,6.72,abonnement
TR2608080021128,CL105454,EN00233,velo_elec,Nantes,ST1021,ST1024,2026-08-08 10:11:53,08/08/2026 10:56,45,10.59,12.25,abonnement
TR2608080021129,CL106408,EN00266,velo_elec,Nantes,ST1025,ST1030,2026-08-08 10:08:55,2026-08-08 10:12:55,4,1.28,2.0,paypal
TR2608080021130,CL103882,EN00286,velo_elec,NANTES,ST1025,ST1030,2026-08-08 10:05:54,08/08/2026 10:28,23,4.73,6.75,cb
TR2608080021131,CL102094,EN00232,trottinette,Nantes,ST1030,ST1026,2026-08-08 10:03:47,1786177487,21,6.91,5.62,cb
TR2608080021132,CL106512,EN00315,velo_elec,Nantes,ST1031,ST1024,08/08/2026 10:01,08/08/2026 10:32,31,10.71,8.75,cb
TR2608080021133,CL101925,EN00330,trottinette,Nantes,ST1031,ST1024,1786176364,2026-08-08 10:19:04,13,3.0,3.86,abonnement
TR2608080021134,CL105506,EN00280,trottinette,Nantes,ST1032,ST1033,1786176121,2026-08-08 10:18:01,16,3.82,4.52,paypal
TR2608080021135,CL107750,EN00351,trottinette,Nantes,ST1033,ST1022,08/08/2026 10:02,2026-08-08 10:06:53,4,0.75,1.88,abonnement
TR2608080021136,CL106812,EN00473,trottinette, Lille,ST1037,ST1039,08/08/2026 10:12,2026-08-08 11:40:16,88,22.21,20.36,
TR2608080021137,CL100055,EN00422,velo_elec,Lille,ST1038,ST1039,2026-08-08 10:05:34,2026-08-08 10:17:34,12,3.64,4.0,cb
TR2608080021138,CL106488,EN00446,trottinette,lille,ST1038,ST1040,08/08/2026 10:11,2026-08-08 10:30:46,5704,5.46,5.18,cb
TR2608080021139,CL102626,EN00383,trottinette,Lille,ST1038,ST1036,08/08/2026 10:03,08/08/2026 10:13,10,3.29,3.2,cb
TR2608080021140,CL105303,EN00434,velo_elec,Lille,ST1040,ST1037,,2026-08-08 10:15:40,8,1.59,3.0,cb
TR2608080021141,CL108863,EN00483,trottinette,Lille,ST1041,ST1037,2026-08-08 10:03:04,2026-08-08 10:10:04,7,1.55,2.54,cb
TR2608080021142,CL100371,EN00378,velo_elec,Lille,ST1043,ST9395,2026-08-08 10:01:56,2026-08-08 10:04:56,3,0.61,1.75,cb
TR2608080021143,CL102053,EN00464,trottinette,Lille,ST1046,ST1047,2026-08-08 10:08:57,1786176717,3,1.0,1.66,paypal
TR2608080021144,CL104679,EN00460,velo_elec,lille,ST1046,ST1046,2026-08-08 10:13:38,1786177298,8,2.03,3.0,abonnement
TR2608080021145,CL108233,EN00551,trottinette,Grenoble,ST1052,ST1058,2026-08-08 10:15:41,2026-08-08 10:59:41,44,9.4,10.68,abonnement
TR2608080021146,CL102968,EN00191,trottinette,Lyon,ST1001,ST1014,2026-08-08 10:17:24,2026-08-08 10:30:24,13,4.21,3.86,cb
TR2608080021147,CL108594,EN00165,trottinette,Lyon,ST1001,ST1001,2026-08-08 10:23:31,2026-08-08 10:30:31,7,1.6,2.54,cb
TR2608080021148,CL100132,EN00167,trottinette,Lyon ,ST1011,ST1002,2026-08-08 10:30:23,2026-08-08 10:32:23,2,0.35,1.44,cb
TR2608080021149,CL107172,EN00036,velo_elec,Lyon,ST1011,ST1014,2026-08-08 10:24:32,08/08/2026 10:48,24,6.92,7.0,cb
TR2608080021150,CL108574,EN00208,velo_elec,Lyon,ST1014,ST1009,2026-08-08 10:20:08,2026-08-08 10:32:08,12,2.03,4.0,abonnement
TR2608080021151,CL100325,EN00146,trottinette,Lyon,ST1017,ST1003,2026-08-08 10:26:23,2026-08-08 10:33:23,2088,1.53,2.54,cb
TR2608080021152,CL102100,EN00065,trottinette,Lyon,ST1017,ST1014,2026-08-08 10:21:47,2026-08-08 10:35:47,14,2.7,4.08,abonnement
TR2608080021153,CL100617,EN00183,velo_elec,Lyon,ST1018,ST1001,1786176990,2026-08-08 10:28:30,12,2.16,4.0,cb
TR2608080021154,CL100630,EN00086,velo_elec,Lyon,ST1019,ST1008,2026-08-08 10:27:56,2026-08-08 10:44:56,-23,4.25,5.25,cb
TR2608080021155,CL104730,EN00236,velo_elec,Nantes,ST1020,ST1028,2026-08-08 10:29:57,2026-08-08 10:44:57,15,2.36,4.75,cb
TR2608080021156,CL105603,EN00298,trottinette,Nantes,ST1023,ST1022,08/08/2026 10:29,2026-08-08 10:46:18,17,5.1,4.74,cb
TR2608080021157,CL107435,EN00300,velo_elec,Nantes,ST1024,ST1030,1786177525,2026-08-08 10:48:25,23,6.24,6.75,abonnement
TR2608080021158,CL107987,EN00332,trottinette,NANTES,ST1025,ST1032,2026-08-08 10:18:57,2026-08-08 10:28:57,10,1.96,3.2,cb
TR2608080021159,CL106272,EN00358,trottinette,Nantes,ST1033,ST1029,08/08/2026 10:15,2026-08-08 10:37:56,22,3.75,5.84,cb
TR2608080021160,CL100156,EN00434,velo_elec,LILLE,ST1037,ST1042,08/08/2026 10:21,2026-08-08 10:32:27,11,1.84,3.75,cb
TR2608080021161,CL108268,EN00449,trottinette,LILLE,ST1040,ST1047,2026-08-08 10:26:38,2026-08-08 10:45:38,19,4.31,5.18,paypal
TR2608080021162,CL105824,EN00396,velo_elec, Lille,ST1043,ST1042,2026-08-08 10:24:54,08/08/2026 10:48,24,8.27,7.0,cb
TR2608080021163,CL100297,EN00472,velo_elec,Lille,ST1045,ST1044,,2026-08-08 10:27:06,7,1.89,2.75,abonnement
TR2608080021164,CL102983,EN00441,velo_elec,Lille,ST1047,ST1046,2026-08-08 10:30:53,2026-08-08 10:53:53,23,3.99,6.75,cb
TR2608080021165,CL105230,EN00599,trottinette,Grenoble,ST1050,ST1053,2026-08-08 10:23:49,2026-08-08 10:32:49,9,2.57,2.98,abonnement
TR2608080021166,CL101406,EN00566,trottinette,Grenoble ,ST1053,ST1054,2026-08-08 10:24:20,2026-08-08 10:40:20,16,2.94,4.52,cb
TR2608080021167,CL108231,EN00509,trottinette,grenoble,ST1055,ST1057,2026-08-08 10:22:12,2026-08-08 10:30:12,8,1.8,2.76,abonnement
TR2608080021168,CL108717,EN00201,velo_elec,Lyon,ST1005,ST1001,1786177921,1786179721,30,8.74,8.5,cb
TR2608080021169,CL102297,EN00020,velo_elec,Lyon,ST1008,ST1018,2026-08-08 10:32:54,1786180194,37,10.32,10.25,
TR2608080021170,CL108561,EN00045,trottinette,Lyon,ST1008,ST1005,2026-08-08 10:31:48,08/08/2026 10:46,15,3.02,4.3,abonnement
TR2608080021171,CL106752,EN00192,velo_elec,lyon,ST1012,ST1016,2026-08-08 10:43:16,2026-08-08 10:59:16,16,3.94,5.0,abonnement
TR2608080021172,CL105229,EN00092,trottinette,Lyonn,ST1013,ST1010,2026-08-08 10:42:31,08/08/2026 11:43,61,10.71,14.42,abonnement
TR2608080021173,CL103791,EN00200,trottinette,Lyon,ST1015,ST1015,08/08/2026 10:42,2026-08-08 11:01:07,19,6.54,5.18,cb
TR2608080021174,CL107488,EN00067,velo_elec,Lyon,ST1016,ST1003,1786178176,1786179076,15,2.75,4.75,abonnement
TR2608080021175,CL104038,EN00297,trottinette,Nantes,ST1020,ST1023,2026-08-08 10:37:25,2026-08-08 10:41:25,4,0.82,1.88,abonnement
TR2608080021176,CL106467,EN00249,velo_elec,Nantes,ST1021,ST1025,2026-08-08 10:35:01,2026-08-08 10:41:01,6,1.0,2.5,cb
TR2608080021177,CL103651,EN00360,trottinette,Nantes,ST1022,ST1025,1786178652,2026-08-08 11:04:12,20,6.52,5.4,cb
TR2608080021178,CL103497,EN00338,velo_elec,Nantes,ST1023,ST1031,2026-08-08 10:36:41,08/08/2026 10:42,6,1.23,2.5,paypal
TR2608080021179,CL103239,EN00238,velo_elec,Nantes,ST1023,ST1026,1786177896,08/08/2026 10:46,15,2.93,4.75,abonnement
TR2608080021180,CL106309,EN00227,trottinette,Nantes,ST1023,ST1030,2026-08-08 10:41:01,2026-08-08 10:59:01,18,5.89,4.96,abonnement
TR2608080021181,CL105027,EN00307,trottinette,Nantes,ST1025,ST1030,2026-08-08 10:31:36,2026-08-08 10:39:36,8,1.96,2.76,cb
TR2608080021182,CL102370,EN00277,velo_elec,Nantes,ST1031,ST1031,,08/08/2026 10:49,8,2.25,3.0,cb
TR2608080021183,CL101404,EN00339,velo_elec,Nantes,ST1032,ST1024,2026-08-08 10:44:27,2026-08-08 10:47:27,3,0.47,1.75,paypal
TR2608080021184,CL101548,EN00459,velo_elec,Lille,ST1034,ST1045,2026-08-08 10:37:20,2026-08-08 10:54:20,17,2.88,5.25,cb
TR2608080021185,CL100066,EN00460,velo_elec,Lille,ST1046,ST1043,,2026-08-08 11:02:07,21,5.23,6.25,cb
TR2608080021186,CL107728,EN00372,trottinette,Lille,ST1047,ST1035,08/08/2026 10:45,2026-08-08 10:58:10,13,3.86,3.86,abonnement
TR2608080021187,CL103305,EN00563,trottinette,Grenoble,ST1055,ST1055,2026-08-08 10:46:01,2026-08-08 11:30:01,44,7.7,10.68,paypal
TR2608080021188,CL108514,EN00102,velo_elec,Lyon,ST1004,ST1011,2026-08-08 11:00:11,08/08/2026 11:13,13,3.78,4.25,cb
TR2608080021189,CL101394,EN00172,trottinette,Lyon,ST1008,ST1002,2026-08-08 10:55:49,08/08/2026 11:38,43,11.44,10.46,cb
TR2608080021190,CL101917,EN00085,velo_elec,Lyon,ST1014,ST1003,2026-08-08 10:48:25,2026-08-08 10:56:25,8,2.33,3.0,cb
TR2608080021191,CL100058,EN00062,trottinette,Lyon,ST1016,ST1014,2026-08-08 10:59:43,2026-08-08 11:03:43,4,0.67,1.88,paypal
TR2608080021192,CL103715,EN00270,velo_elec,Nantes,ST1020,ST1026,2026-08-08 10:48:36,08/08/2026 11:01,13,3.04,4.25,cb
TR2608080021193,CL104782,EN00297,trottinette,NANTES,ST1023,ST1029,2026-08-08 10:58:28,2026-08-08 11:06:28,8,2.66,2.76,cb
TR2608080021194,CL100477,EN00248,trottinette,Nantes,ST1024,ST1027,2026-08-08 10:57:13,2026-08-08 11:07:13,10,3.07,3.2,cb
TR2608080021195,CL102628,EN00340,velo_elec,Nantes,ST1024,ST1028,2026-08-08 10:47:52,2026-08-08 11:04:52,17,5.81,5.25,abonnement
TR2608080021196,CL107737,EN00354,velo_elec,Nantes,ST1029,ST1024,2026-08-08 10:50:35,08/08/2026 10:57,7,2.2,2.75,cb
TR2608080021197,CL104317,EN00338,velo_elec,Nantes,ST1031,ST1023,2026-08-08 10:52:53,08/08/2026 11:00,8,1.86,3.0,cb
TR2608080021198,CL102462,EN00281,velo_elec,Nantes,ST1031,ST1024,2026-08-08 10:53:00,2026-08-08 11:01:00,8,2.24,3.0,abonnement
TR2608080021199,CL101759,EN00280,trottinette,Nantes,ST1033,ST1026,,08/08/2026 10:59,2,0.55,1.44,abonnement
TR2608080021200,CL103733,EN00288,trottinette,Nantes,ST1033,ST1032,2026-08-08 10:52:22,2026-08-08 11:11:22,19,5.3,5.18,abonnement
TR2608080021201,CL108982,EN00363,velo_elec,Lille,ST1035,ST1037,2026-08-08 10:58:09,2026-08-08 11:21:09,23,5.53,6.75,abonnement
TR2608080021202,CL100868,EN00483,trottinette,Lille,ST1037,ST1036,2026-08-08 10:59:43,08/08/2026 11:04,5,1.52,2.1,cb
TR2608080021203,CL105331,EN00406,velo_elec,Lille,ST1040,ST1043,08/08/2026 10:48,2026-08-08 10:59:28,11,3.3,3.75,paypal
TR2608080021204,CL102884,EN00498,trottinette, Lille,ST1041,ST1044,2026-08-08 10:59:37,2026-08-08 11:43:37,44,14.96,10.68,cb
TR2608080021205,CL102683,EN00455,velo_elec,Lille,ST1043,ST1044,,2026-08-08 10:59:33,6,1.13,2.5,cb
TR2608080021206,CL108230,EN00485,trottinette,Lille,ST1044,ST1038,2026-08-08 10:55:16,2026-08-08 11:01:16,6,1.21,2.32,paypal
TR2608080021207,CL105900,EN00539,velo_elec,Grenoble,ST1058,ST1056,2026-08-08 10:51:21,2026-08-08 11:09:21,18,5.05,5.5,cb
TR2608080021208,CL107384,EN00167,trottinette,Lyon,ST1002,ST1007,1786180225,08/08/2026 11:15,5,1.6,2.1,cb
TR2608080021209,CL105904,EN00066,trottinette,Lyon,ST1003,ST1008,2026-08-08 11:02:44,2026-08-08 11:23:44,21,5.38,5.62,cb
TR2608080021210,CL105304,EN00045,trottinette,lyon,ST1005,ST1010,2026-08-08 11:14:01,2026-08-08 11:28:01,14,4.03,4.08,abonnement
TR2608080021211,CL101802,EN00208,velo_elec,Lyon,ST1009,ST1014,2026-08-08 11:01:38,2026-08-08 11:20:38,19,5.69,5.75,cb
TR2608080021212,CL104146,EN00122,trottinette,LYON,ST1011,ST1013,2026-08-08 11:07:58,2026-08-08 11:13:58,6,1.89,2.32,abonnement
TR2608080021213,CL100208,EN00168,velo_elec,lyon,ST1015,ST1010,2026-08-08 11:09:59,08/08/2026 11:25,16,2.53,5.0,cb
TR2608080021214,CL106510,EN00192,velo_elec,Lyon,ST1016,ST1017,2026-08-08 11:08:16,2026-08-08 11:24:16,16,4.42,5.0,abonnement
TR2608080021215,CL102811,EN00118,trottinette,Lyon,ST1017,ST1016,2026-08-08 11:03:03,2026-08-08 11:05:03,2,0.47,1.44,paypal
TR2608080021216,CL101374,EN00071,velo_elec,Lyon,ST1019,ST1010,2026-08-08 11:04:33,2026-08-08 11:15:33,11,2.41,3.75,abonnement
TR2608080021217,CL101249,EN00341,velo_elec,Nantes,ST1021,ST1023,08/08/2026 11:01,08/08/2026 11:16,15,5.04,4.75,abonnement
TR2608080021218,CL102745,EN00339,velo_elec,NANTES,ST1024,ST1023,2026-08-08 11:04:26,2026-08-08 11:16:26,12,4.05,4.0,cb
TR2608080021219,CL107565,EN00348,velo_elec,Nantes,ST1025,ST1021,2026-08-08 11:06:34,08/08/2026 11:16,10,3.03,3.5,abonnement
TR2608080021220,CL104902,EN00358,trottinette,Nantes,ST1029,ST1023,2026-08-08 11:12:56,08/08/2026 11:19,7,1.7,2.54,abonnement
TR2608080021221,CL105521,EN00352,velo_elec,Nantes,ST1030,ST1031,08/08/2026 11:01,2026-08-08 11:12:42,11,3.13,3.75,abonnement
TR2608080021222,CL104425,EN00287,velo_elec,Nantes,ST1033,ST1026,2026-08-08 11:02:02,2026-08-08 11:17:02,15,4.76,4.75,abonnement
TR2608080021223,CL102146,EN00453,trottinette,Lille,ST1034,ST1042,2026-08-08 11:10:09,2026-08-08 11:20:09,10,3.14,3.2,cb
TR2608080021224,CL108270,EN00374,velo_elec,Lille,ST1035,ST1034,2026-08-08 11:09:42,2026-08-08 11:14:42,5,1.24,2.25,cb
TR2608080021225,CL100994,EN00422,velo_elec,Lille,ST1039,ST1038,2026-08-08 11:14:18,2026-08-08 11:27:18,13,2.14,4.25,cb
TR2608080021226,CL102058,EN00411,trottinette,lille,ST1039,ST1040,2026-08-08 11:12:30,1786180710,6,0.96,2.32,abonnement
TR2608080021227,CL105089,EN00405,trottinette,Lille,ST1042,ST1040,08/08/2026 11:14,2026-08-08 11:26:40,12,2.45,3.64,cb
TR2608080021228,CL106221,EN00475,trottinette,LILLE,ST1042,ST1035,2026-08-08 11:12:33,2026-08-08 11:17:33,5,1.04,2.1,paypal
TR2608080021229,CL105058,EN00441,velo_elec,Lille,ST1046,ST1043,2026-08-08 11:13:13,2026-08-08 11:27:13,14,2.11,4.5,paypal
TR2608080021230,CL101071,EN00531,trottinette,grenoble,ST1049,ST1050,2026-08-08 11:12:09,08/08/2026 11:39,27,8.01,6.94,abonnement
TR2608080021231,CL104595,EN00522,velo_elec,Grenoble,ST1050,ST1058,2026-08-08 11:15:24,2026-08-08 11:20:24,5,1.12,2.25,abonnement
TR2608080021232,CL102813,EN00579,trottinette,grenoble,ST1056,ST1050,2026-08-08 11:03:18,2026-08-08 11:10:18,7,1.12,2.54,cb
TR2608080021233,CL100739,EN00205,trottinette,Lyon,ST1002,ST1013,08/08/2026 11:29,2026-08-08 11:37:17,8,1.79,2.76,cb
TR2608080021234,CL104884,EN00004,velo_elec,Lyon,ST1002,ST1003,2026-08-08 11:25:21,2026-08-08 11:44:21,19,6.4,5.75,cb
TR2608080021235,CL104560,EN00055,trottinette,Lyon,ST1002,ST1013,2026-08-08 11:17:49,2026-08-08 11:42:49,25,7.8,6.5,cb
TR2608080021236,CL108654,EN00001,velo_elec,Lyon,ST1003,ST1007,2026-08-08 11:24:40,2026-08-08 11:36:40,12,3.29,4.0,abonnement
TR2608080021237,CL101146,EN00216,velo_elec,Lyon,ST1005,ST1019,08/08/2026 11:23,,20,3.28,6.0,cb
TR2608080021238,CL103196,EN00167,trottinette,Lyon,ST1007,ST1019,08/08/2026 11:19,1786182430,28,7.25,7.16,cb
TR2608080021239,CL103336,EN00154,trottinette,Lyon,ST1007,ST1003,2026-08-08 11:25:22,2026-08-08 11:34:22,9,2.22,2.98,cb
TR2608080021240,CL104907,EN00106,trottinette,Lyon,ST1008,ST1017,08/08/2026 11:29,2026-08-08 11:35:16,6,1.65,2.32,cb
TR2608080021241,CL103248,EN00211,velo_elec,Lyon,ST1009,ST1006,2026-08-08 11:16:14,2026-08-08 11:42:14,26,5.72,7.5,cb
TR2608080021242,CL101308,EN00100,velo_elec,Lyon,ST1011,ST1011,2026-08-08 11:26:38,2026-08-08 11:29:38,3,0.96,1.75,abonnement
TR2608080021243,CL105399,EN00118,trottinette,Lyon,ST1016,ST1014,2026-08-08 11:19:24,2026-08-08 11:44:24,25,5.98,6.5,abonnement
TR2608080021244,CL102315,EN00020,velo_elec,Lyon,ST1018,ST1001,2026-08-08 11:22:24,,14,2.54,4.5,paypal
TR2608080021245,CL104977,EN00348,velo_elec,Nantes,ST1021,ST1023,2026-08-08 11:20:33,1786182273,24,4.69,7.0,cb
TR2608080021246,CL100373,EN00354,velo_elec,Nantes,ST1024,ST1026,2026-08-08 11:21:50,2026-08-08 11:38:50,17,2.8,5.25,cb
TR2608080021247,CL107154,EN00315,velo_elec,nantes,ST1024,ST1024,2026-08-08 11:18:16,08/08/2026 11:33,15,2.39,4.75,cb
TR2608080021248,CL108359,EN00249,velo_elec,Nantes,ST1025,ST1025,2026-08-08 11:24:32,,13,2.9,4.25,paypal
TR2608080021249,CL103074,EN00248,trottinette,Nantes,ST1027,ST1021,2026-08-08 11:23:40,,15,5.01,4.3,cb
TR2608080021250,CL106824,EN00273,velo_elec,Nantes,ST1032,ST1020,2026-08-08 11:23:38,08/08/2026 11:31,8,1.52,3.0,abonnement
TR2608080021251,CL106492,EN00276,velo_elec,Nantes,ST1032,ST1033,2026-08-08 11:25:21,2026-08-08 11:34:21,9,2.5,3.25,abonnement
TR2608080021252,CL106069,EN00319,velo_elec,Nantes,ST1032,ST1030,2026-08-08 11:28:11,1786182611,22,3.45,6.5,abonnement
TR2608080021253,CL100249,EN00478,trottinette,Lille,ST1038,ST1045,08/08/2026 11:18,2026-08-08 11:22:33,4,0.88,1.88,cb
TR2608080021254,CL106628,EN00452,velo,Lille,ST1041,ST1042,2026-08-08 11:21:54,2026-08-08 11:45:54,24,8.2,4.6,abonnement
TR2608080021255,CL106213,EN00384,trottinette,Lille,ST1043,ST1045,,2026-08-08 11:58:17,35,6.36,8.7,abonnement
TR2608080021256,CL101376,EN00459,velo_elec, Lille,ST1045,ST1038,2026-08-08 11:24:03,2026-08-08 11:50:03,26,9.02,7.5,cb
TR2608080021257,CL100290,EN00129,velo_elec,Lyon,ST1006,ST1017,2026-08-08 11:33:24,2026-08-08 11:44:24,11,2.21,3.75,paypal
TR2608080021258,CL102919,EN00066,trottinette,Lyon,ST1008,ST1006,2026-08-08 11:38:04,2026-08-08 11:52:04,14,4.38,4.08,cb
TR2608080021259,CL101380,EN00054,trottinette,Lyon,ST1008,ST1014,2026-08-08 11:31:30,08/08/2026 11:37,6,1.42,2.32,abonnement
TR2608080021260,CL105288,EN00019,trottinette,Lyon,ST1012,ST1014,2026-08-08 11:31:37,2026-08-08 11:50:37,19,6.53,5.18,cb
TR2608080021261,CL100882,EN00105,velo_elec,Lyon,ST1012,ST1005,2026-08-08 11:45:33,2026-08-08 12:26:33,41,12.43,11.25,cb
TR2608080021262,CL106515,EN00138,velo_elec,Lyon,ST1016,ST1007,2026-08-08 11:36:20,08/08/2026 11:39,3,0.84,1.75,paypal
TR2608080021263,CL106400,EN00010,trottinette,Lyon,ST1016,ST1004,2026-08-08 11:40:40,2026-08-08 11:51:40,11,2.72,3.42,cb
TR2608080021264,CL102330,EN00256,velo_elec,Nantes,ST1020,ST1022,2026-08-08 11:33:02,2026-08-08 11:52:02,19,6.11,5.75,cb
TR2608080021265,CL101437,EN00321,velo_elec,Nantes,ST1021,ST1020,08/08/2026 11:36,2026-08-08 11:44:37,8,1.99,3.0,abonnement
TR2608080021266,CL108441,EN00291,velo_elec,Nantes,ST1022,ST1030,1786182010,2026-08-08 11:48:10,8,2.62,3.0,abonnement
TR2608080021267,CL100763,EN00339,velo_elec,Nantes,ST1023,ST1021,2026-08-08 11:32:00,2026-08-08 11:35:00,3,0.98,1.75,cb
TR2608080021268,CL108959,EN00341,velo_elec,Nantes,ST1023,ST1026,2026-08-08 11:38:29,2026-08-08 12:08:29,30,8.93,8.5,paypal
TR2608080021269,CL100751,EN00304,velo_elec,Nantes,ST1026,ST1025,2026-08-08 11:39:40,2026-08-08 11:46:40,7,1.72,2.75,cb
TR2608080021270,CL106082,EN00232,trottinette,Nantes,ST1026,ST1023,2026-08-08 11:42:14,2026-08-08 11:47:14,5,0.93,2.1,cb
TR2608080021271,CL106318,EN00236,velo_elec,Nantes,ST1028,ST1020,2026-08-08 11:36:08,2026-08-08 11:42:08,6,2.06,2.5,cb
TR2608080021272,CL103396,EN00352,velo_elec,Nantes,ST1031,ST1025,2026-08-08 11:33:07,2026-08-08 11:46:07,13,4.5,4.25,abonnement
TR2608080021273,CL104587,EN00357,trottinette,Nantes,ST1032,ST1033,2026-08-08 11:34:56,2026-08-08 11:40:56,6,1.64,2.32,abonnement
TR2608080021274,CL101352,EN00413,trottinette,Lille,ST1035,ST1041,08/08/2026 11:42,2026-08-08 11:52:41,10,3.48,3.2,cb
TR2608080021275,CL104563,EN00405,trottinette,Lille,ST1040,ST1040,08/08/2026 11:44,1786182537,4,0.85,1.88,paypal
TR2608080021276,CL102505,EN00411,trottinette,Lille,ST1040,ST1037,2026-08-08 11:34:41,08/08/2026 11:48,14,3.97,4.08,cb
TR2608080021277,CL107284,EN00378,velo_elec,Lille,ST1042,ST1047,2026-08-08 11:40:23,2026-08-08 11:52:23,12,3.21,4.0,paypal
TR2608080021278,CL107331,EN00382,trottinette,Lille,ST1044,ST1040,1786181772,2026-08-08 11:42:12,6,1.31,2.32,cb
TR2608080021279,CL102877,EN00478,trottinette,Lille,ST1045,ST1042,2026-08-08 11:36:52,2026-08-08 11:54:52,18,4.39,4.96,abonnement
TR2608080021280,CL102721,EN00520,velo_elec,Grenoble,ST1048,ST1052,2026-08-08 11:42:53,08/08/2026 11:47,5,0.78,2.25,cb
TR2608080021281,CL107485,EN00584,trottinette,Grenoble,ST1048,ST1055,2026-08-08 11:39:32,2026-08-08 11:49:32,10,2.72,3.2,abonnement
TR2608080021282,CL106690,EN00582,trottinette,Grenoble,ST1048,ST1058,2026-08-08 11:36:36,2026-08-08 11:47:36,11,3.06,3.42,cb
TR2608080021283,CL108319,EN00516,velo_elec,Grenoble,ST1048,ST1050,2026-08-08 11:37:45,08/08/2026 11:42,5,1.73,2.25,cb
TR2608080021284,CL102169,EN00600,trottinette,Grenoble,ST1048,ST1054,2026-08-08 11:40:53,2026-08-08 11:53:53,13,3.97,3.86,cb
TR2608080021285,CL101222,EN00527,velo_elec,Grenoble,ST1053,ST1055,2026-08-08 11:34:41,2026-08-08 11:42:41,8,1.63,3.0,abonnement
TR2608080021286,CL107536,EN00530,velo_elec,Grenoble,ST1055,ST1056,2026-08-08 11:43:45,2026-08-08 12:15:45,32,10.16,9.0,paypal
TR2608080021287,CL106486,EN00539,velo_elec,Grenoble,ST1056,ST1048,1786181553,2026-08-08 11:43:33,11,3.64,3.75,cb
TR2608080021288,CL100210,EN00598,velo_elec,Grenoble,ST1058,ST1055,2026-08-08 11:30:51,2026-08-08 11:52:51,22,4.12,6.5,cb
TR2608080021289,CL100487,EN00084,velo_elec,Lyon,ST1003,ST1013,2026-08-08 11:49:33,2026-08-08 11:54:33,5,1.23,2.25,abonnement
TR2608080021290,CL108481,EN00211,velo_elec,Lyon,ST1006,ST1019,2026-08-08 11:56:54,2026-08-08 12:07:54,11,2.58,3.75,cb
TR2608080021291,CL104897,EN00191,trottinette,Lyon,ST1014,ST1016,2026-08-08 11:55:34,2026-08-08 12:10:34,15,2.26,4.3,paypal
TR2608080021292,CL107750,EN00339,velo_elec,Nantes,ST1021,ST1023,2026-08-08 11:56:29,2026-08-08 12:04:29,8,2.4,3.0,abonnement
TR2608080021293,CL104525,EN00294,velo_elec,Nantes,ST1030,ST1024,2026-08-08 11:48:34,2026-08-08 12:00:34,12,3.63,4.0,abonnement
TR2608080021294,CL103865,EN00374,velo_elec,Lille,ST1034,ST1046,2026-08-08 11:57:56,,8,2.38,3.0,abonnement
TR2608080021295,CL106933,EN00480,velo_elec,Lille,ST1034,ST1044,2026-08-08 11:50:59,,19,5.4,5.75,cb
TR2608080021296,CL108721,EN00427,trottinette,Lille,ST1035,ST1043,2026-08-08 11:46:57,08/08/2026 12:07,21,6.17,5.62,abonnement
TR2608080021297,CL104165,EN00469,velo,Lille,ST1041,ST1047,2026-08-08 11:47:37,2026-08-08 11:51:37,4,1.31,1.6,paypal
TR2608080021298,CL100743,EN00566,trottinette,Grenoble,ST1054,ST1055,2026-08-08 12:00:13,2026-08-08 12:18:13,18,4.49,4.96,cb
TR2608080021299,CL106341,EN00165,trottinette,Lyon,ST1001,ST1005,2026-08-08 12:13:39,08/08/2026 12:19,6,1.66,2.32,paypal
TR2608080021300,CL101420,EN00042,trottinette,Lyon,ST1004,ST1007,2026-08-08 12:01:39,2026-08-08 12:18:39,17,3.49,4.74,paypal
TR2608080021301,CL104192,EN00098,velo_elec,Lyon,ST1004,ST1006,2026-08-08 12:12:07,2026-08-08 12:26:07,14,3.79,4.5,cb
TR2608080021302,CL105447,EN00066,trottinette,Lyon,ST1006,ST1013,2026-08-08 12:12:41,2026-08-08 12:20:41,8,2.48,2.76,abonnement
TR2608080021303,CL106132,EN00001,velo_elec,Lyon,ST1007,ST1006,2026-08-08 12:11:04,2026-08-08 12:18:04,6662,2.13,2.75,cb
TR2608080021304,CL103083,EN00207,velo_elec,Lyon,ST1009,ST1007,2026-08-08 12:15:50,2026-08-08 12:29:50,14,2.79,4.5,paypal
TR2608080021305,CL108256,EN00036,velo_elec,Lyon,ST1014,ST1012,2026-08-08 12:04:06,2026-08-08 12:13:06,9,2.26,3.25,cb
TR2608080021306,CL105158,EN00103,trottinette,Lyon ,ST1018,ST1013,2026-08-08 12:02:09,2026-08-08 12:05:09,3,0.6,1.66,cb
TR2608080021307,CL103517,EN00167,trottinette,Lyon,ST1019,ST1001,1786183511,2026-08-08 12:34:11,29,7.12,7.38,cb
TR2608080021308,CL107538,EN00236,velo_elec,Nantes,ST1020,ST1025,2026-08-08 12:12:17,2026-08-08 12:28:17,16,5.4,5.0,abonnement
TR2608080021309,CL104543,EN00294,velo_elec,Nantes,ST1024,ST1032,2026-08-08 12:09:27,2026-08-08 12:24:27,15,4.94,4.75,paypal
TR2608080021310,CL106484,EN00304,velo_elec,Nantes,ST1025,ST1023,08/08/2026 12:05,2026-08-08 12:19:27,14,4.52,4.5,cb
TR2608080021311,CL103327,EN00355,velo_elec,Nantes,ST1032,ST1028,08/08/2026 12:08,2026-08-08 12:15:39,7,1.06,2.75,cb
TR2608080021312,CL102924,EN00475,trottinette,lille,ST1035,ST1038,2026-08-08 12:05:56,2026-08-08 12:28:56,23,5.55,6.06,cb
TR2608080021313,CL100463,EN00395,trottinette,Lille,ST1040,ST1037,2026-08-08 12:11:38,08/08/2026 12:41,30,6.65,7.6,cb
TR2608080021314,CL101439,EN00405,trottinette,Lille,ST1040,ST1047,2026-08-08 12:03:52,2026-08-08 12:13:52,10,1.87,3.2,cb
TR2608080021315,CL107474,EN00472,velo_elec,Lille,ST1044,ST1039,2026-08-08 12:05:18,2026-08-08 12:33:18,28,6.27,8.0,cb
TR2608080021316,CL107589,EN00425,velo_elec,Lille,ST1047,ST1036,2026-08-08 12:12:08,2026-08-08 12:21:08,9,2.07,3.25,cb
TR2608080021317,CL108805,EN00164,trottinette,Lyon,ST1001,ST1018,2026-08-08 12:24:32,2026-08-08 12:35:32,11,2.7,3.42,paypal
TR2608080021318,CL101333,EN00217,velo_elec,lyon,ST1002,ST1003,2026-08-08 12:27:30,2026-08-08 12:52:30,25,8.58,7.25,cb
TR2608080021319,CL107889,EN00121,trottinette,Lyon,ST1003,ST1019,2026-08-08 12:23:09,2026-08-08 12:55:09,32,10.47,8.04,abonnement
TR2608080021320,CL102110,EN00127,trottinette,Lyon,ST1006,ST1005,2026-08-08 12:29:28,2026-08-08 12:38:28,9,1.47,2.98,cb
TR2608080021321,CL103161,EN00070,trottinette,Lyon,ST1006,ST1002,,2026-08-08 12:23:57,7,1.26,2.54,abonnement
TR2608080021322,CL100858,EN00086,velo_elec,Lyon,ST1008,ST1002,2026-08-08 12:21:36,2026-08-08 13:14:36,53,13.28,14.25,cb
TR2608080021323,CL107083,EN00092,trottinette,Lyon,ST1010,ST1019,,2026-08-08 12:40:19,17,4.6,4.74,cb
TR2608080021324,CL102259,EN00100,velo_elec,Lyon,ST1011,ST1012,08/08/2026 12:15,08/08/2026 12:23,8,2.22,3.0,cb
TR2608080021325,CL100612,EN00030,trottinette,Lyon,ST1011,ST1004,2026-08-08 12:21:57,2026-08-08 12:27:57,6,1.97,2.32,abonnement
TR2608080021326,CL108576,EN00208,velo_elec,LYON,ST1014,ST1008,2026-08-08 12:19:20,2026-08-08 12:38:20,19,3.68,5.75,cb
TR2608080021327,CL102082,EN00106,trottinette,Lyon,ST1017,ST1005,2026-08-08 12:16:56,,18,3.42,4.96,paypal
TR2608080021328,CL102173,EN00248,trottinette,Nantes,ST1021,ST1031,2026-08-08 12:27:53,1786186253,23,4.57,6.06,paypal
TR2608080021329,CL103630,EN00221,velo_elec,Nantes,ST1022,ST1025,2026-08-08 12:24:04,2026-08-08 13:03:04,39,11.59,10.75,cb
TR2608080021330,CL108956,EN00232,trottinette,nantes,ST1023,ST1023,2026-08-08 12:27:45,2026-08-08 12:36:45,9,1.82,2.98,abonnement
TR2608080021331,CL104219,EN00339,velo_elec,Nantes,ST1023,ST1026,2026-08-08 12:23:31,08/08/2026 12:32,9,2.25,3.25,abonnement
TR2608080021332,CL106481,EN00352,velo_elec,NANTES,ST1025,ST1031,2026-08-08 12:24:28,08/08/2026 12:32,8,2.07,3.0,cb
TR2608080021333,CL104730,EN00284,trottinette,nantes,ST1026,ST1025,2026-08-08 12:24:30,08/08/2026 12:33,5659,2.19,2.98,paypal
TR2608080021334,CL102200,EN00291,velo_elec,Nante,ST1030,ST1032,08/08/2026 12:17,2026-08-08 12:32:03,15,3.67,4.75,paypal
TR2608080021335,CL105100,EN00362,velo_elec,Lille,ST1034,ST1038,2026-08-08 12:30:09,2026-08-08 12:46:09,16,5.38,5.0,abonnement
TR2608080021336,CL102596,EN00473,trottinette,Lille,ST1039,ST1036,2026-08-08 12:17:37,1786184437,3,0.95,1.66,cb
TR2608080021337,CL100304,EN00382,trottinette,Lille,ST1040,ST1034,2026-08-08 12:26:58,2026-08-08 12:39:58,13,4.21,3.86,paypal
TR2608080021338,CL100156,EN00378,velo_elec, Lille,ST1047,ST1046,2026-08-08 12:24:44,2026-08-08 12:41:44,17,5.8,5.25,cb
TR2608080021339,CL100129,EN00520,velo_elec,Grenoble,ST1052,ST1052,08/08/2026 12:25,2026-08-08 12:51:35,26,5.98,7.5,cb
TR2608080021340,CL106828,EN00524,velo_elec,Grenoble,ST1054,ST1050,2026-08-08 12:19:34,1786187914,59,10.44,15.75,abonnement
TR2608080021341,CL108091,EN00563,trottinette,Grenoble,ST1055,ST1051,2026-08-08 12:25:44,2026-08-08 12:36:44,11,3.77,3.42,cb
TR2608080021342,CL102824,EN00527,velo_elec,Grenoble,ST1055,ST1050,2026-08-08 12:16:58,08/08/2026 12:26,10,1.73,3.5,cb
TR2608080021343,CL104959,EN00598,velo_elec,Grenoble,ST1055,ST1058,08/08/2026 12:29,08/08/2026 12:38,9,1.98,3.25,cb
TR2608080021344,CL102416,EN00541,velo_elec,GRENOBLE,ST1058,ST1058,2026-08-08 12:23:01,,20,4.56,6.0,paypal
TR2608080021345,CL108305,EN00522,velo_elec,Grenoble,ST1058,ST1050,2026-08-08 12:16:12,2026-08-08 12:27:12,11,3.15,3.75,cb
TR2608080021346,CL107677,EN00201,velo_elec,Lyon,ST1001,ST1019,2026-08-08 12:42:26,2026-08-08 12:57:26,15,5.09,4.75,cb
TR2608080021347,CL102638,EN00133,velo_elec,Lyon,ST1002,ST1016,08/08/2026 12:43,2026-08-08 12:51:41,8,1.87,3.0,cb
TR2608080021348,CL106913,EN00190,trottinette,Lyon,ST1003,ST1015,2026-08-08 12:38:19,2026-08-08 12:53:19,15,5.03,4.3,paypal
TR2608080021349,CL108387,EN00010,trottinette,Lyon,ST1004,ST1002,2026-08-08 12:30:55,2026-08-08 12:49:55,19,5.21,5.18,paypal
TR2608080021350,CL102336,EN00030,trottinette,Lyon,ST1004,ST1004,1786185451,1786188091,44,8.9,10.68,cb
TR2608080021351,CL100913,EN00165,trottinette,Lyon,ST1005,ST1011,2026-08-08 12:43:22,2026-08-08 13:34:22,51,15.26,12.22,abonnement
TR2608080021352,CL100225,EN00107,velo_elec,lyon,ST1008,ST1007,1786185784,2026-08-08 13:01:04,18,5.64,5.5,paypal
TR2608080021353,CL101783,EN00077,trottinette,Lyonn,ST1011,ST1008,2026-08-08 12:35:06,2026-08-08 13:15:06,40,8.53,9.8,abonnement
TR2608080021354,CL103325,EN00034,velo_elec,Lyon,ST1014,ST1017,08/08/2026 12:35,08/08/2026 12:48,13,4.35,4.25,cb
TR2608080021355,CL100002,EN00191,trottinette,Lyon,ST1016,ST1017,08/08/2026 12:44,2026-08-08 12:52:54,8,1.61,2.76,abonnement
TR2608080021356,CL103436,EN00028,trottinette,Lyon,ST1019,ST1012,2026-08-08 12:45:53,1786186853,15,2.84,4.3,paypal
TR2608080021357,CL106627,EN00315,velo_elec,Nantes,ST1024,ST1026,1786185149,2026-08-08 12:35:29,3,1.02,1.75,cb
TR2608080021358,CL106558,EN00281,velo_elec,Nantes,ST1024,ST1024,08/08/2026 12:45,2026-08-08 12:57:57,12,4.16,4.0,cb
TR2608080021359,CL106388,EN00270,velo_elec,Nantes,ST1026,ST1025,2026-08-08 12:44:52,2026-08-08 13:02:52,18,3.32,5.5,paypal
TR2608080021360,CL101781,EN00312,trottinette,Nantes,ST1026,ST1033,2026-08-08 12:34:06,08/08/2026 12:57,23,3.48,6.06,paypal
TR2608080021361,CL100623,EN00299,trottinette,Nantes,ST1032,ST1020,1786185664,2026-08-08 12:59:04,18,4.26,4.96,cb
TR2608080021362,CL105939,EN00424,velo_elec,Lille,ST1034,ST1045,08/08/2026 12:45,2026-08-08 12:58:50,13,4.13,4.25,paypal
TR2608080021363,CL104103,EN00421,velo_elec,Lille,ST1034,ST1045,2026-08-08 12:43:58,08/08/2026 12:49,6,1.01,2.5,cb
TR2608080021364,CL101365,EN00388,velo_elec,LILLE,ST1035,ST1035,08/08/2026 12:31,2026-08-08 12:37:54,6,1.15,2.5,
TR2608080021365,CL106426,EN00394,velo_elec,LILLE,ST1036,ST1046,2026-08-08 12:37:25,08/08/2026 13:10,33,7.0,9.25,cb
TR2608080021366,CL100041,EN00399,trottinette,Lille,ST1040,ST1037,2026-08-08 12:41:34,2026-08-08 12:55:34,14,4.51,4.08,abonnement
TR2608080021367,CL107093,EN00539,velo_elec,Grenoble,ST1048,ST1048,2026-08-08 12:32:25,2026-08-08 14:02:25,90,26.25,23.5,cb
TR2608080021368,CL105908,EN00561,velo_elec,Grenoble,ST1051,ST1054,2026-08-08 12:39:51,2026-08-08 12:50:51,11,3.77,3.75,cb
TR2608080021369,CL103948,EN00587,trottinette,Grenoble ,ST1051,ST1058,08/08/2026 12:34,2026-08-08 12:43:03,9,1.37,2.98,cb
TR2608080021370,CL100133,EN00530,velo_elec,Grenoble,ST1056,ST1057,08/08/2026 12:34,2026-08-08 12:50:57,16,5.04,5.0,cb
TR2608080021371,CL108339,EN00146,trottinette,Lyon,ST1003,ST1013,2026-08-08 12:50:56,08/08/2026 12:59,9,2.61,2.98,cb
TR2608080021372,CL100510,EN00158,velo_elec,Lyon,ST1004,ST1011,2026-08-08 12:49:26,08/08/2026 12:55,6,0.99,2.5,cb
TR2608080021373,CL105868,EN00207,velo_elec,Lyon,ST1007,ST1012,2026-08-08 12:46:54,2026-08-08 12:55:54,9,3.09,3.25,abonnement
TR2608080021374,CL100883,EN00129,velo_elec,Lyonn,ST1017,ST1009,2026-08-08 12:57:31,2026-08-08 13:21:31,24,5.77,7.0,abonnement
TR2608080021375,CL107897,EN00349,velo_elec,Nantes,ST1020,ST1025,2026-08-08 12:50:29,2026-08-08 13:07:29,17,3.19,5.25,cb
TR2608080021376,CL104879,EN00304,velo_elec,Nantes,ST1023,ST1027,2026-08-08 12:51:00,2026-08-08 13:01:00,10,1.62,3.5,cb
TR2608080021377,CL100687,EN00225,velo_elec,Nantes,ST1026,ST1025,2026-08-08 12:53:07,2026-08-08 13:12:07,19,5.64,5.75,abonnement
TR2608080021378,CL103419,EN00291,velo_elec,Nantes,ST1032,ST1030,2026-08-08 12:58:44,2026-08-08 13:13:44,15,5.14,4.75,paypal
TR2608080021379,CL105769,EN00237,velo_elec,Nantes,ST1032,ST1032,08/08/2026 12:53,2026-08-08 13:22:47,29,8.54,8.25,
TR2608080021380,CL103596,EN00276,velo_elec,Nantes,ST1033,ST1027,2026-08-08 12:52:10,08/08/2026 12:57,5,0.95,2.25,paypal
TR2608080021381,CL108690,EN00357,trottinette,Nantes,ST1033,ST1032,2026-08-08 12:59:58,2026-08-08 13:11:58,12,2.91,3.64,abonnement
TR2608080021382,CL108920,EN00473,trottinette,Lille,ST1036,ST1045,2026-08-08 12:48:52,08/08/2026 12:57,9,2.15,2.98,cb
TR2608080021383,CL104974,EN00425,velo_elec,Lille,ST1036,ST1036,2026-08-08 12:52:10,08/08/2026 13:04,12,2.5,4.0,abonnement
TR2608080021384,CL100673,EN00413,trottinette,lille,ST1041,ST1036,2026-08-08 12:48:11,08/08/2026 12:53,5,1.0,2.1,cb
TR2608080021385,CL100613,EN00434,velo_elec,Lille,ST1042,ST1034,2026-08-08 12:47:23,2026-08-08 12:51:23,4,1.27,2.0,cb
TR2608080021386,CL108963,EN00396,velo_elec,Lille,ST1042,ST1039,2026-08-08 12:49:53,2026-08-08 12:54:53,5,1.4,2.25,paypal
TR2608080021387,CL103670,EN00427,trottinette,Lille,ST1043,ST1046,2026-08-08 12:59:20,2026-08-08 13:14:20,15,5.06,4.3,abonnement
TR2608080021388,CL106988,EN00498,trottinette, Lille,ST1044,ST1046,2026-08-08 12:57:53,2026-08-08 13:13:53,16,5.52,4.52,paypal
TR2608080021389,CL100164,EN00590,velo_elec,Grenoble,ST1052,ST1055,08/08/2026 12:49,1786186344,3,0.59,1.75,abonnement
TR2608080021390,CL106361,EN00599,trottinette,Grenoble,ST1053,ST1054,08/08/2026 12:54,2026-08-08 13:08:55,14,3.08,4.08,cb
TR2608080021391,CL103078,EN00123,velo_elec,Lyon,ST1004,ST1018,2026-08-08 13:10:57,08/08/2026 13:20,10,2.63,3.5,cb
TR2608080021392,CL100158,EN00001,velo_elec,Lyon,ST1006,ST1009,2026-08-08 13:13:28,2026-08-08 13:33:28,20,6.84,6.0,cb
TR2608080021393,CL106267,EN00135,trottinette,lyon,ST1009,ST1008,2026-08-08 13:14:06,08/08/2026 13:31,17,3.49,4.74,abonnement
TR2608080021394,CL100248,EN00207,velo_elec,Lyon,ST1012,ST1009,2026-08-08 13:12:07,2026-08-08 13:33:07,21,4.5,6.25,cb
TR2608080021395,CL104277,EN00133,velo_elec,Lyon,ST1016,ST1015,2026-08-08 13:07:12,2026-08-08 13:23:12,16,3.88,5.0,abonnement
TR2608080021396,CL105932,EN00164,trottinette,Lyon,ST1018,ST1006,1786187235,2026-08-08 13:13:15,6,1.87,2.32,abonnement
TR2608080021397,CL108796,EN00259,trottinette,Nantes,ST1022,ST1024,2026-08-08 13:12:27,2026-08-08 13:26:27,14,4.22,4.08,paypal
TR2608080021398,CL105391,EN00233,velo_elec,Nantes,ST1024,ST1026,2026-08-08 13:05:50,2026-08-08 13:18:50,13,2.88,4.25,abonnement
TR2608080021399,CL103705,EN00330,trottinette,Nantes,ST1024,ST1033,1786187556,2026-08-08 13:26:36,14,4.44,4.08,cb
TR2608080021400,CL104370,EN00355,velo_elec,Nantes,ST1028,ST1020,2026-08-08 13:04:13,2026-08-08 13:29:13,25,7.45,7.25,cb
TR2608080021401,CL108866,EN00297,trottinette,Nantes,ST1029,ST1022,2026-08-08 13:12:30,2026-08-08 13:28:30,16,3.3,4.52,cb
TR2608080021402,CL107208,EN00322,velo,Nantes,ST1029,ST1022,2026-08-08 13:00:56,1786189256,40,12.61,7.0,cb
TR2608080021403,CL107228,EN00370,velo_elec,Lille,ST1038,ST1041,2026-08-08 13:07:01,2026-08-08 13:18:01,11,3.03,3.75,cb
TR2608080021404,CL104903,EN00396,velo_elec,Lille,ST1039,ST1040,2026-08-08 13:10:38,2026-08-08 13:20:38,10,2.12,3.5,cb
TR2608080021405,CL107273,EN00473,trottinette,Lille,ST1045,ST1045,2026-08-08 13:06:46,2026-08-08 13:17:46,11,2.41,3.42,abonnement
TR2608080021406,CL107337,EN00435,trottinette,Lille,ST1047,ST1034,1786187117,2026-08-08 13:16:17,11,3.28,3.42,cb
TR2608080021407,CL101627,EN00600,trottinette,Grenoble,ST1054,ST1055,2026-08-08 13:06:21,2026-08-08 13:15:21,9,3.14,2.98,paypal
TR2608080021408,CL105284,EN00544,velo_elec,Grenoble,ST1054,ST1048,08/08/2026 13:15,2026-08-08 13:37:33,22,6.23,6.5,abonnement
TR2608080021409,CL107536,EN00556,trottinette,Grenoble,ST1056,ST1049,2026-08-08 13:12:59,2026-08-08 13:44:59,32,6.01,8.04,cb
TR2608080021410,CL107465,EN00010,trottinette,Lyon,ST1002,ST1019,,08/08/2026 13:37,8,1.36,2.76,paypal
TR2608080021411,CL108967,EN00124,velo_elec,Lyon,ST1003,ST1001,2026-08-08 13:23:02,2026-08-08 13:34:02,11,3.01,3.75,paypal
TR2608080021412,CL107934,EN00169,velo,Lyon,ST1009,ST1006,2026-08-08 13:28:18,08/08/2026 13:35,7,2.39,2.05,cb
TR2608080021413,CL105033,EN00071,velo_elec,Lyon,ST1010,ST1016,2026-08-08 13:18:36,08/08/2026 13:34,16,5.16,5.0,cb
TR2608080021414,CL106375,EN00100,velo_elec,Lyon,ST1012,ST1017,2026-08-08 13:20:40,2026-08-08 13:45:40,25,4.83,7.25,abonnement
TR2608080021415,CL101980,EN00036,velo_elec,Lyon,ST1012,ST1016,2026-08-08 13:18:46,2026-08-08 13:27:46,9,2.67,3.25,abonnement
TR2608080021416,CL104602,EN00043,velo,Lyon,ST1016,ST1014,2026-08-08 13:27:31,,15,4.91,3.25,abonnement
TR2608080021417,CL108737,EN00089,trottinette,Lyon,ST1017,ST1018,08/08/2026 13:21,2026-08-08 13:27:33,6,1.77,2.32,cb
TR2608080021418,CL108911,EN00092,trottinette,Lyon,ST1019,ST1004,2026-08-08 13:30:23,2026-08-08 13:39:23,9,1.66,2.98,abonnement
TR2608080021419,CL101514,EN00121,trottinette,lyon,ST1019,ST1003,2026-08-08 13:24:57,2026-08-08 14:32:57,68,17.33,15.96,cb
TR2608080021420,CL104110,EN00232,trottinette,Nantes,ST1023,ST1032,2026-08-08 13:22:38,2026-08-08 14:06:38,44,9.01,10.68,paypal
TR2608080021421,CL105070,EN00354,velo_elec,Nantes,ST1026,ST1032,2026-08-08 13:18:46,2026-08-08 13:28:46,10,2.91,3.5,abonnement
TR2608080021422,CL103173,EN00276,velo_elec,Nantes,ST1027,ST1032,2026-08-08 13:19:16,2026-08-08 13:27:16,8,1.75,3.0,cb
TR2608080021423,CL108445,EN00254,velo_elec,Nantes,ST1031,ST1022,2026-08-08 13:26:07,2026-08-08 13:57:07,31,8.75,8.75,abonnement
TR2608080021424,CL101759,EN00294,velo_elec,Nantes,ST1032,ST1032,2026-08-08 13:19:50,2026-08-08 13:28:50,9,1.69,3.25,abonnement
TR2608080021425,CL104718,EN00312,trottinette,Nantes,ST1033,ST1026,1786187841,,9,1.51,2.98,cb
TR2608080021426,CL104991,EN00282,velo,Nantes,ST1033,ST1030,2026-08-08 13:27:21,2026-08-08 13:40:21,13,3.77,2.95,cb
TR2608080021427,CL107941,EN00363,velo_elec,Lille,ST1037,ST1037,2026-08-08 13:21:47,2026-08-08 13:37:47,16,2.67,5.0,cb
TR2608080021428,CL100055,EN00446,trottinette,Lille,ST1040,ST1036,2026-08-08 13:19:46,2026-08-08 13:45:46,26,6.87,6.72,abonnement
TR2608080021429,CL108863,EN00441,velo_elec,Lille,ST1043,ST1037,2026-08-08 13:21:24,2026-08-08 13:31:24,10,3.4,3.5,paypal
TR2608080021430,CL100682,EN00394,velo_elec,LILLE,ST1046,ST1042,,2026-08-08 13:35:57,14,4.31,4.5,
TR2608080021431,CL106719,EN00579,trottinette,Grenoble,ST1050,ST1053,2026-08-08 13:21:52,2026-08-08 13:30:52,9,2.35,2.98,cb
TR2608080021432,CL106093,EN00020,velo_elec,Lyon,ST1001,ST9731,2026-08-08 13:44:36,2026-08-08 14:04:36,20,5.81,6.0,cb
TR2608080021433,CL106915,EN00151,trottinette,Lyon ,ST1002,ST1019,2026-08-08 13:32:00,2026-08-08 13:42:00,10,3.36,3.2,cb
TR2608080021434,CL106230,EN00164,trottinette,Lyon,ST1006,ST1003,08/08/2026 13:38,2026-08-08 14:27:24,49,9.21,11.78,abonnement
TR2608080021435,CL102477,EN00198,velo_elec,Lyon,ST1007,ST1013,2026-08-08 13:32:11,08/08/2026 13:39,7,1.41,2.75,cb
TR2608080021436,CL108196,EN00131,trottinette,Lyon,ST1011,ST9994,1786189383,2026-08-08 14:06:03,23,5.55,6.06,paypal
TR2608080021437,CL100508,EN00028,trottinette,Lyon,ST1012,ST1018,08/08/2026 13:43,2026-08-08 14:31:46,48,7.91,11.56,abonnement
TR2608080021438,CL104817,EN00338,velo_elec,Nantes,ST1023,ST1021,2026-08-08 13:39:51,2026-08-08 14:35:51,56,18.54,15.0,cb
TR2608080021439,CL102844,EN00330,trottinette,Nantes,ST1033,ST1021,2026-08-08 13:38:51,,12,3.52,3.64,paypal
TR2608080021440,CL103612,EN00368,trottinette,Lille,ST1036,ST1038,2026-08-08 13:41:59,2026-08-08 13:54:59,13,2.31,3.86,abonnement
TR2608080021441,CL102838,EN00472,velo_elec,Lille,ST1039,ST1047,2026-08-08 13:36:50,2026-08-08 14:04:50,28,6.79,8.0,paypal
TR2608080021442,CL107125,EN00478,trottinette,Lille,ST1042,ST1037,08/08/2026 13:42,2026-08-08 13:46:41,4,0.64,1.88,cb
TR2608080021443,CL105713,EN00406,velo_elec,Lille,ST1043,ST1043,2026-08-08 13:31:22,2026-08-08 13:45:22,14,4.19,4.5,cb
TR2608080021444,CL106700,EN00403,trottinette,Lille,ST1043,ST1043,08/08/2026 13:43,2026-08-08 14:15:53,32,9.15,8.04,cb
TR2608080021445,CL106519,EN00405,trottinette,Lille,ST1047,ST1039,,2026-08-08 13:35:39,5,1.45,2.1,cb
TR2608080021446,CL101655,EN00527,velo_elec,Grenoble,ST1050,ST1058,2026-08-08 13:33:24,08/08/2026 13:58,25,5.6,7.25,cb
TR2608080021447,CL106551,EN00563,trottinette,Grenoble,ST1051,ST1056,08/08/2026 13:32,2026-08-08 13:45:58,13,4.5,3.86,paypal
TR2608080021448,CL101842,EN00537,velo_elec,Grenoble,ST1056,ST1052,2026-08-08 13:41:30,2026-08-08 13:53:30,12,2.33,4.0,abonnement
TR2608080021449,CL106691,EN00172,trottinette,Lyon,ST1002,ST1004,2026-08-08 13:55:31,2026-08-08 14:07:31,12,3.82,3.64,cb
TR2608080021450,CL108978,EN00063,velo_elec,Lyon,ST1002,ST1017,08/08/2026 13:57,08/08/2026 14:03,6,1.89,2.5,cb
TR2608080021451,CL103623,EN00135,trottinette,Lyon,ST1008,ST1004,2026-08-08 13:52:48,2026-08-08 13:55:48,3,0.91,1.66,abonnement
TR2608080021452,CL101115,EN00208,velo_elec,Lyon,ST1008,ST1007,2026-08-08 13:47:05,2026-08-08 14:05:05,18,4.28,5.5,cb
TR2608080021453,CL106449,EN00011,velo_elec,Lyon,ST1011,ST1003,2026-08-08 13:49:26,2026-08-08 13:58:26,9,1.77,3.25,abonnement
TR2608080021454,CL104590,EN00177,velo_elec,Lyon,ST1012,ST1011,2026-08-08 13:54:14,2026-08-08 14:11:14,17,5.28,5.25,cb
TR2608080021455,CL105819,EN00065,trottinette,Lyon,ST1014,ST1008,2026-08-08 13:56:09,2026-08-08 14:24:09,28,9.18,7.16,abonnement
TR2608080021456,CL104526,EN00191,trottinette,Lyon,ST1017,ST1009,08/08/2026 13:45,2026-08-08 14:00:54,15,5.17,4.3,abonnement
TR2608080021457,CL101589,EN00010,trottinette,Lyon,ST1019,ST1017,08/08/2026 13:48,2026-08-08 14:11:55,23,4.5,6.06,cb
TR2608080021458,CL107959,EN00292,velo_elec,NANTES,ST1022,ST1021,2026-08-08 13:48:27,2026-08-08 14:13:27,25,5.41,7.25,cb
TR2608080021459,CL100398,EN00259,trottinette,Nantes,ST1024,ST1032,2026-08-08 13:49:26,2026-08-08 14:09:26,20,4.93,5.4,cb
TR2608080021460,CL108848,EN00281,velo_elec,Nantes,ST1024,ST1024,2026-08-08 13:58:56,2026-08-08 14:15:56,17,4.21,5.25,cb
TR2608080021461,CL103358,EN00305,velo_elec,Nantes,ST1024,ST1028,08/08/2026 13:53,2026-08-08 14:10:25,17,3.37,5.25,abonnement
TR2608080021462,CL108864,EN00340,velo_elec,Nantes,ST1028,ST1028,08/08/2026 13:53,2026-08-08 14:17:14,24,6.77,7.0,paypal
TR2608080021463,CL107030,EN00266,velo_elec,nantes,ST1030,ST1020,2026-08-08 13:51:43,2026-08-08 14:01:43,10,1.77,3.5,abonnement
TR2608080021464,CL105515,EN00239,trottinette,Nantes,ST1030,ST1023,2026-08-08 13:55:01,2026-08-08 14:23:01,28,9.64,7.16,paypal
TR2608080021465,CL107389,EN00352,velo_elec,Nantes,ST1031,ST1030,2026-08-08 13:55:10,2026-08-08 14:07:10,-15,2.82,4.0,cb
TR2608080021466,CL100865,EN00277,velo_elec,Nantes,ST1031,ST1030,1786189684,08/08/2026 13:57,9,3.04,3.25,cb
TR2608080021467,CL103497,EN00332,trottinette,Nantes,ST1032,ST1024,2026-08-08 13:57:41,2026-08-08 14:06:41,9,1.59,2.98,cb
TR2608080021468,CL106170,EN00434,velo_elec,Lille,ST1034,ST1040,,2026-08-08 13:54:49,6,1.22,2.5,cb
TR2608080021469,CL104632,EN00372,trottinette,Lille,ST1035,ST1035,08/08/2026 13:46,2026-08-08 13:50:20,4,1.26,1.88,cb
TR2608080021470,CL106048,EN00462,velo_elec,Lille,ST1036,ST1038,2026-08-08 13:58:26,08/08/2026 14:10,12,3.49,4.0,cb
TR2608080021471,CL104663,EN00399,trottinette,Lille,ST1037,ST1045,08/08/2026 13:50,2026-08-08 14:11:06,21,6.88,5.62,paypal
TR2608080021472,CL105537,EN00405,trottinette,Lille,ST1039,ST1040,2026-08-08 13:56:48,2026-08-08 14:27:48,31,6.83,7.82,cb
TR2608080021473,CL107583,EN00394,velo_elec,Lille,ST1042,ST1034,,1786191000,24,5.95,7.0,cb
TR2608080021474,CL104675,EN00440,trottinette,Lille,ST1047,ST1046,08/08/2026 13:50,2026-08-08 14:02:58,12,2.23,3.64,cb
TR2608080021475,CL102345,EN00563,trottinette,Grenoble,ST1056,ST1048,2026-08-08 13:59:57,2026-08-08 14:07:57,8,2.75,2.76,abonnement
TR2608080021476,CL107884,EN00570,trottinette,Grenoble,ST1056,ST1056,2026-08-08 13:59:29,2026-08-08 14:02:29,3,0.59,1.66,paypal
TR2608080021477,CL106160,EN00523,velo_elec,Grenoble,ST1056,ST1052,2026-08-08 13:54:01,2026-08-08 14:14:01,20,4.81,6.0,paypal
TR2608080021478,CL100474,EN00135,trottinette,Lyon,ST1004,ST1013,08/08/2026 14:05,2026-08-08 15:07:18,62,15.88,14.64,cb
TR2608080021479,CL106941,EN00001,velo_elec,Lyon,ST1009,ST1015,2026-08-08 14:09:48,2026-08-08 14:17:48,8,2.03,3.0,cb
TR2608080021480,CL100927,EN00034,velo_elec,Lyon,ST1017,ST1003,2026-08-08 14:02:50,08/08/2026 14:15,13,2.56,4.25,abonnement
TR2608080021481,CL106199,EN00089,trottinette,Lyon,ST1018,ST1007,2026-08-08 14:00:41,2026-08-08 14:09:41,9,1.87,2.98,abonnement
TR2608080021482,CL107650,EN00342,velo_elec,Nantes,ST1020,ST1027,2026-08-08 14:15:38,2026-08-08 14:25:38,10,2.31,3.5,cb
TR2608080021483,CL106730,EN00348,velo_elec,Nantes,ST1023,ST1020,2026-08-08 14:13:44,2026-08-08 14:33:44,20,4.17,6.0,paypal
TR2608080021484,CL105651,EN00333,trottinette,Nantes,ST1024,ST1021,2026-08-08 14:09:36,2026-08-08 14:17:36,8,1.43,2.76,paypal
TR2608080021485,CL103976,EN00329,trottinette,Nantes,ST1024,ST1026,2026-08-08 14:11:45,2026-08-08 14:28:45,17,2.72,4.74,cb
TR2608080021486,CL102056,EN00307,trottinette,Nantes,ST1030,ST1023,2026-08-08 14:06:50,2026-08-08 14:13:50,7,1.93,2.54,cb
TR2608080021487,CL106184,EN00320,velo,Nantes,ST1033,ST1031,08/08/2026 14:11,2026-08-08 14:35:14,24,6.07,4.6,cb
TR2608080021488,CL102363,EN00382,trottinette,Lille,ST1034,ST1041,2026-08-08 14:12:38,08/08/2026 14:34,22,5.38,5.84,abonnement
TR2608080021489,CL102795,EN00434,velo_elec,Lille,ST1040,ST1038,08/08/2026 14:11,08/08/2026 14:33,22,7.65,6.5,cb
TR2608080021490,CL108920,EN00468,trottinette,Lille,ST1042,ST1035,2026-08-08 14:16:10,08/08/2026 14:28,12,1.93,3.64,paypal
TR2608080021491,CL103302,EN00391,velo_elec,Lille,ST1044,ST1041,2026-08-08 14:06:18,2026-08-08 14:13:18,7,1.75,2.75,cb
TR2608080021492,CL105112,EN00455,velo_elec,Lille,ST1044,ST1044,08/08/2026 14:02,2026-08-08 14:16:00,14,2.86,4.5,abonnement
TR2608080021493,CL101010,EN00449,trottinette,Lille,ST1047,ST1040,2026-08-08 14:15:04,2026-08-08 15:01:04,5764,13.39,11.12,abonnement
TR2608080021494,CL107414,EN00554,velo_elec,Grenoble,ST1048,ST1050,2026-08-08 14:15:27,2026-08-08 14:28:27,13,2.95,4.25,paypal
TR2608080021495,CL101563,EN00559,trottinette,Grenoble,ST1048,ST1054,2026-08-08 14:05:39,2026-08-08 14:22:39,17,3.14,4.74,abonnement
TR2608080021496,CL106919,EN00544,velo_elec,Grenoble,ST1048,ST1051,08/08/2026 14:15,2026-08-08 14:21:10,6,1.22,2.5,cb
TR2608080021497,CL105542,EN00531,trottinette,Grenoble,ST1050,ST1056,,2026-08-08 14:24:36,11,3.66,3.42,abonnement
TR2608080021498,CL100894,EN00534,trottinette,Grenoble,ST1051,ST1058,2026-08-08 14:01:39,1786191399,15,5.0,4.3,abonnement
TR2608080021499,CL102672,EN00186,trottinette,Lyon ,ST1002,ST1016,2026-08-08 14:18:23,08/08/2026 14:28,10,1.92,3.2,cb
TR2608080021500,CL101209,EN00106,trottinette,Lyon,ST1005,ST1018,2026-08-08 14:20:25,1786191745,2,0.4,1.44,cb
TR2608080021501,CL106625,EN00112,velo_elec,LYON,ST1008,ST1005,2026-08-08 14:18:35,2026-08-08 14:23:35,5,1.37,2.25,paypal
TR2608080021502,CL100637,EN00096,velo_elec,Lyon,ST1012,ST1010,2026-08-08 14:16:15,2026-08-08 14:26:15,10,3.15,3.5,cb
TR2608080021503,CL102972,EN00203,trottinette,Lyon,ST1012,ST1010,2026-08-08 14:26:33,2026-08-08 14:29:33,3,0.62,1.66,paypal
TR2608080021504,CL102680,EN00071,velo_elec,Lyon,ST1016,ST1010,2026-08-08 14:18:46,2026-08-08 15:03:46,45,13.28,12.25,paypal
TR2608080021505,CL103550,EN00123,velo_elec,Lyon,ST1018,ST1013,2026-08-08 14:20:21,2026-08-08 14:33:21,13,2.0,4.25,abonnement
TR2608080021506,CL107438,EN00355,velo_elec,Nantes,ST1020,ST1023,2026-08-08 14:28:41,2026-08-08 14:33:41,5,1.01,2.25,abonnement
TR2608080021507,CL101670,EN00307,trottinette,nantes,ST1023,ST1027,08/08/2026 14:20,2026-08-08 14:27:50,7,2.43,2.54,abonnement
TR2608080021508,CL105188,EN00358,trottinette,Nantes,ST1023,ST1023,08/08/2026 14:17,2026-08-08 14:30:57,13,2.38,3.86,cb
TR2608080021509,CL103218,EN00332,trottinette,Nantes,ST1024,ST1021,2026-08-08 14:21:47,08/08/2026 14:28,7,1.5,2.54,cb
TR2608080021510,CL106271,EN00225,velo_elec,Nantes,ST1025,ST1020,2026-08-08 14:19:57,2026-08-08 14:43:57,24,3.94,7.0,abonnement
TR2608080021511,CL103814,EN00286,velo_elec,Nantes,ST1030,ST1031,2026-08-08 14:28:28,2026-08-08 14:44:28,16,2.57,5.0,abonnement
TR2608080021512,CL107955,EN00268,trottinette,Nantes,ST1031,ST1026,2026-08-08 14:23:38,2026-08-08 14:30:38,7,2.0,2.54,abonnement
TR2608080021513,CL103030,EN00388,velo_elec,Lille,ST1035,ST1046,,2026-08-08 14:47:33,19,3.76,5.75,cb
TR2608080021514,CL103131,EN00425,velo_elec,Lille,ST1036,ST1042,2026-08-08 14:20:08,2026-08-08 14:28:08,8,2.25,3.0,paypal
TR2608080021515,CL101063,EN00483,trottinette,Lille,ST1036,ST1035,08/08/2026 14:21,,19,3.92,5.18,abonnement
TR2608080021516,CL102837,EN00494,velo_elec,Lille,ST1038,ST1047,2026-08-08 14:16:53,08/08/2026 14:37,21,4.27,6.25,cb
TR2608080021517,CL103716,EN00444,trottinette,Lille,ST1038,ST1043,2026-08-08 14:18:15,2026-08-08 14:30:15,12,3.22,3.64,paypal
TR2608080021518,CL104642,EN00396,velo_elec,LILLE,ST1040,ST1040,2026-08-08 14:20:47,08/08/2026 14:27,7,2.38,2.75,cb
TR2608080021519,CL100514,EN00493,velo_elec,Lille,ST1042,ST1044,2026-08-08 14:22:57,2026-08-08 14:35:57,13,3.6,4.25,cb
TR2608080021520,CL106284,EN00410,velo_elec,Lille,ST1043,ST1034,2026-08-08 14:18:22,08/08/2026 14:57,39,8.53,10.75,abonnement
TR2608080021521,CL102418,EN00546,trottinette,Grenoble,ST1057,ST1054,08/08/2026 14:18,1786192349,14,3.23,4.08,cb
TR2608080021522,CL104421,EN00179,trottinette,Lyon,ST1002,ST1006,2026-08-08 14:43:56,2026-08-08 14:51:56,8,2.56,2.76,paypal
TR2608080021523,CL105920,EN00217,velo_elec,Lyon,ST1003,ST1006,1786192935,08/08/2026 14:52,10,2.66,3.5,cb
TR2608080021524,CL102022,EN00098,velo_elec,Lyon,ST1006,ST1019,2026-08-08 14:41:26,2026-08-08 15:05:26,24,6.78,7.0,paypal
TR2608080021525,CL107167,EN00079,velo_elec,Lyon,ST1010,ST1008,2026-08-08 14:32:11,2026-08-08 14:39:11,7,1.32,2.75,paypal
TR2608080021526,CL106416,EN00031,velo_elec,Lyon,ST1011,ST1014,1786192371,2026-08-08 14:36:51,4,0.98,2.0,abonnement
TR2608080021527,CL107925,EN00219,velo_elec,Lyon,ST1011,ST1018,2026-08-08 14:43:57,2026-08-08 14:53:57,10,1.82,3.5,cb
TR2608080021528,CL105800,EN00036,velo_elec,Lyon,ST1016,ST1018,2026-08-08 14:37:43,1786192963,5,0.96,2.25,abonnement
TR2608080021529,CL104792,EN00100,velo_elec,Lyon,ST1017,ST1015,2026-08-08 14:46:05,2026-08-08 14:55:05,9,1.98,3.25,abonnement
TR2608080021530,CL108327,EN00142,velo_elec,Lyon,ST1017,ST1010,2026-08-08 14:40:07,2026-08-08 14:48:07,8,2.29,3.0,paypal
TR2608080021531,CL105953,EN00106,trottinette,Lyon,ST1018,ST1011,2026-08-08 14:35:11,08/08/2026 14:41,6,1.16,2.32,cb
TR2608080021532,CL101432,EN00292,velo_elec,nantes,ST1021,ST1024,2026-08-08 14:40:18,2026-08-08 14:55:18,15,3.72,4.75,cb
TR2608080021533,CL105930,EN00239,trottinette,Nantes,ST1023,ST1026,2026-08-08 14:40:35,08/08/2026 14:55,15,4.08,4.3,abonnement
TR2608080021534,CL106512,EN00284,trottinette,Nantes,ST1025,ST1025,08/08/2026 14:31,2026-08-08 14:56:36,25,7.23,6.5,cb
TR2608080021535,CL104066,EN00339,velo_elec,NANTES,ST1026,ST1021,2026-08-08 14:46:00,2026-08-08 14:55:00,9,1.36,3.25,cb
TR2608080021536,CL103861,EN00340,velo_elec,nantes,ST1028,ST1023,2026-08-08 14:45:32,2026-08-08 15:08:32,23,4.7,6.75,cb
TR2608080021537,CL105500,EN00305,velo_elec,Nantes,ST1028,ST1031,2026-08-08 14:42:31,2026-08-08 14:52:31,10,2.27,3.5,cb
TR2608080021538,CL108216,EN00248,trottinette,Nantes,ST1031,ST1027,,2026-08-08 14:51:08,11,1.92,3.42,abonnement
TR2608080021539,CL918893,EN00246,trottinette,Nantes,ST1031,ST1025,2026-08-08 14:35:41,2026-08-08 14:40:41,5,1.02,2.1,paypal
TR2608080021540,CL103504,EN00242,velo,Nantes,ST1033,ST1025,2026-08-08 14:40:22,2026-08-08 15:06:22,26,5.89,4.9,cb
TR2608080021541,CL103266,EN00346,velo,Nantes,ST1033,ST1024,,2026-08-08 14:52:04,9,1.96,2.35,cb
TR2608080021542,CL101733,EN00394,velo_elec,Lille,ST1034,ST1047,1786192479,08/08/2026 14:42,8,2.56,3.0,cb
TR2608080021543,CL108439,EN00413,trottinette,Lille,ST1036,ST1047,1786193051,2026-08-08 14:48:11,4,1.3,1.88,abonnement
TR2608080021544,CL100789,EN00386,trottinette,Lille,ST1036,ST1043,,08/08/2026 15:02,29,7.8,7.38,cb
TR2608080021545,CL102729,EN00415,trottinette,Lille,ST1036,ST1039,2026-08-08 14:38:30,2026-08-08 14:52:30,14,2.85,4.08,paypal
TR2608080021546,CL106420,EN00455,velo_elec,Lille,ST1044,ST1035,2026-08-08 14:41:05,2026-08-08 15:06:05,25,5.37,7.25,abonnement
TR2608080021547,CL105590,EN00473,trottinette,Lille,ST1045,ST1034,,2026-08-08 14:40:02,3,0.91,1.66,paypal
TR2608080021548,CL101842,EN00520,velo_elec,Grenoble,ST1052,ST1055,2026-08-08 14:43:07,2026-08-08 14:49:07,7874,0.93,2.5,abonnement
TR2608080021549,CL104674,EN00178,velo_elec,Lyon,ST1005,ST1019,2026-08-08 14:51:26,2026-08-08 15:06:26,15,3.51,4.75,cb
TR2608080021550,CL100091,EN00112,velo_elec,Lyon,ST1005,ST1013,1786193615,1786194275,11,2.67,3.75,cb
TR2608080021551,CL101868,EN00127,trottinette,Lyon ,ST1005,ST1005,2026-08-08 14:58:57,2026-08-08 15:29:57,31,10.03,7.82,cb
TR2608080021552,CL103156,EN00117,trottinette,Lyon,ST1007,ST1014,2026-08-08 14:49:26,2026-08-08 15:02:26,13,2.14,3.86,paypal
TR2608080021553,CL104172,EN00079,velo_elec,Lyon,ST1008,ST1018,2026-08-08 14:59:25,2026-08-08 15:05:25,6,1.46,2.5,cb
TR2608080021554,CL104466,EN00106,trottinette,Lyon,ST1011,ST1019,2026-08-08 14:58:33,08/08/2026 15:03,5,1.44,2.1,paypal
TR2608080021555,CL103215,EN00118,trottinette,Lyon,ST1014,ST1013,2026-08-08 14:58:16,2026-08-08 15:04:16,6,1.55,2.32,
TR2608080021556,CL107282,EN00111,trottinette,Lyon,ST1015,ST1004,2026-08-08 14:49:07,2026-08-08 14:55:07,6,0.9,2.32,paypal
TR2608080021557,CL101324,EN00186,trottinette,Lyon,ST1016,ST1007,08/08/2026 14:55,2026-08-08 15:07:03,12,3.09,3.64,cb
TR2608080021558,CL106100,EN00174,velo_elec,Lyon,ST1017,ST1009,08/08/2026 14:52,2026-08-08 15:10:58,18,4.54,5.5,cb
TR2608080021559,CL102202,EN00325,trottinette,Nantes,ST1020,ST1028,2026-08-08 14:48:10,2026-08-08 15:10:10,22,5.71,5.84,cb
TR2608080021560,CL102819,EN00254,velo_elec,Nantes,ST1022,ST1024,2026-08-08 14:49:11,2026-08-08 14:58:11,9,2.72,,cb
TR2608080021561,CL108642,EN00355,velo_elec,Nantes,ST1023,ST1025,2026-08-08 14:48:42,2026-08-08 14:58:42,10,2.6,3.5,cb
TR2608080021562,CL105302,EN00245,velo_elec,Nantes,ST1023,ST1024,2026-08-08 14:55:16,2026-08-08 15:01:16,6,1.17,2.5,abonnement
TR2608080021563,CL104390,EN00236,velo_elec,Nantes,ST1025,ST1021,2026-08-08 14:49:35,2026-08-08 14:53:35,4,0.97,2.0,abonnement
TR2608080021564,CL104537,EN00265,trottinette,Nantes,ST1025,ST1025,1786193666,1786193786,2,0.34,1.44,cb
TR2608080021565,CL104525,EN00291,velo_elec,Nantes,ST1030,ST1022,2026-08-08 14:51:56,1786195376,31,10.52,8.75,cb
TR2608080021566,CL100852,EN00473,trottinette,Lille,ST1034,ST1047,2026-08-08 14:53:35,2026-08-08 15:03:35,10,3.19,3.2,cb
TR2608080021567,CL105210,EN00483,trottinette,Lille,ST1035,ST1034,2026-08-08 14:55:12,2026-08-08 15:25:12,30,7.25,7.6,cb
TR2608080021568,CL101810,EN00370,velo_elec,Lille,ST1041,ST1035,1786193211,08/08/2026 14:53,7,2.26,2.75,abonnement
TR2608080021569,CL106789,EN00425,velo_elec,Lille,ST1042,ST1043,08/08/2026 14:56,2026-08-08 15:12:40,16,4.21,5.0,abonnement
TR2608080021570,CL103182,EN00380,velo_elec,Lille,ST1044,ST1044,2026-08-08 14:47:27,2026-08-08 14:50:27,3,0.53,1.75,paypal
TR2608080021571,CL104291,EN00494,velo_elec,Lille,ST1047,ST1046,2026-08-08 14:49:46,2026-08-08 14:53:46,4,1.27,2.0,abonnement
TR2608080021572,CL102155,EN00501,trottinette,Grenoble,ST1049,ST1052,2026-08-08 14:51:45,2026-08-08 15:11:45,-4,6.13,5.4,paypal
TR2608080021573,CL103080,EN00554,velo_elec,Grenoble,ST1050,ST1054,1786193145,2026-08-08 14:51:45,6,1.0,2.5,abonnement
TR2608080021574,CL107623,EN00589,velo_elec,Grenoble ,ST1051,ST1051,08/08/2026 14:55,08/08/2026 15:08,13,2.66,4.25,abonnement
TR2608080021575,CL101769,EN00577,velo_elec,Grenoble,ST1051,ST1053,2026-08-08 14:55:42,2026-08-08 15:13:42,18,4.71,5.5,cb
TR2608080021576,CL103090,EN00566,trottinette,Grenoble,ST1055,ST1049,2026-08-08 14:46:52,2026-08-08 15:00:52,14,3.17,4.08,cb
TR2608080021577,CL101678,EN00530,velo_elec,Grenoble,ST1057,ST1049,08/08/2026 14:50,2026-08-08 14:58:06,8,1.4,3.0,cb
TR2608080021578,CL103934,EN00592,velo_elec,Grenoble,ST1057,ST1049,2026-08-08 14:53:20,2026-08-08 14:58:20,5,0.91,2.25,cb
TR2608080021579,CL103503,EN00068,velo_elec,Lyon,ST1001,ST1011,2026-08-08 15:05:41,2026-08-08 15:29:41,24,4.95,7.0,paypal
TR2608080021580,CL103101,EN00070,trottinette,Lyon,ST1002,ST1011,1786194221,08/08/2026 15:12,9,2.59,2.98,cb
TR2608080021581,CL102609,EN00065,trottinette,Lyon,ST1008,ST1002,08/08/2026 15:02,2026-08-08 15:08:45,6,0.91,2.32,cb
TR2608080021582,CL102797,EN00207,velo_elec,Lyon,ST1009,ST1006,2026-08-08 15:15:14,2026-08-08 15:24:14,9,2.33,3.25,paypal
TR2608080021583,CL104604,EN00129,velo_elec,Lyon,ST1009,ST1014,2026-08-08 15:03:03,2026-08-08 15:14:03,11,2.52,3.75,paypal
TR2608080021584,CL106782,EN00045,trottinette,Lyon,ST1010,ST1017,1786194600,2026-08-08 15:23:00,13,3.12,3.86,cb
TR2608080021585,CL108395,EN00083,velo_elec,Lyon,ST1010,ST1001,08/08/2026 15:05,2026-08-08 15:16:38,11,3.79,3.75,cb
TR2608080021586,CL105549,EN00168,velo_elec,Lyon,ST1010,ST1013,1786194434,2026-08-08 15:14:14,7,2.31,2.75,cb
TR2608080021587,CL107590,EN00023,trottinette,Lyon,ST1012,ST1015,08/08/2026 15:06,2026-08-08 15:28:34,22,6.72,5.84,cb
TR2608080021588,CL102720,EN00010,trottinette,Lyon,ST1017,ST1017,2026-08-08 15:03:20,2026-08-08 15:17:20,14,4.77,4.08,cb
TR2608080021589,CL103286,EN00028,trottinette,Lyon,ST1018,ST1016,2026-08-08 15:03:57,2026-08-08 15:50:57,47,15.9,11.34,cb
TR2608080021590,CL102176,EN00273,velo_elec,Nantes,ST1020,ST1028,,2026-08-08 15:15:51,8,2.5,3.0,paypal
TR2608080021591,CL106312,EN00266,velo_elec,Nantes,ST1020,ST1028,2026-08-08 15:14:47,2026-08-08 15:24:47,10,2.81,3.5,cb
TR2608080021592,CL101018,EN00254,velo_elec,Nantes,ST1024,ST1030,2026-08-08 15:11:12,,12,3.84,4.0,abonnement
TR2608080021593,CL107360,EN00365,velo_elec,Lille,ST1036,ST1036,2026-08-08 15:11:23,2026-08-08 15:15:23,4,1.37,2.0,paypal
TR2608080021594,CL100925,EN00363,velo_elec,Lille,ST1037,ST1043,,1786194848,9,2.02,3.25,abonnement
TR2608080021595,CL107530,EN00478,trottinette,Lille,ST1037,ST1037,2026-08-08 15:06:06,2026-08-08 15:33:06,27,5.63,6.94,abonnement
TR2608080021596,CL101615,EN00462,velo_elec,Lille,ST1038,ST1041,2026-08-08 15:04:47,2026-08-08 15:23:47,19,4.87,5.75,cb
TR2608080021597,CL102471,EN00485,trottinette,Lille,ST1038,ST1038,2026-08-08 15:10:08,2026-08-08 15:18:08,8,1.41,2.76,cb
TR2608080021598,CL103463,EN00385,velo_elec,Lille,ST1042,ST1038,2026-08-08 15:08:06,2026-08-08 15:21:06,13,4.0,4.25,cb
TR2608080021599,CL102749,EN00403,trottinette,Lille,ST1043,ST1040,,2026-08-08 15:04:51,3,0.74,1.66,abonnement
TR2608080021600,CL106186,EN00444,trottinette,Lille,ST1043,ST1047,2026-08-08 15:06:13,2026-08-08 15:22:13,16,3.55,4.52,abonnement
TR2608080021601,CL107234,EN00380,velo_elec,Lille,ST1044,ST1047,2026-08-08 15:09:17,08/08/2026 15:17,8,1.74,3.0,cb
TR2608080021602,CL105421,EN00438,trottinette,Lille,ST1044,ST1039,2026-08-08 15:14:12,2026-08-08 15:31:12,17,2.79,4.74,abonnement
TR2608080021603,CL101775,EN00413,trottinette,Lille,ST1047,ST1039,2026-08-08 15:08:54,2026-08-08 15:18:54,10,3.45,3.2,abonnement
TR2608080021604,CL107165,EN00530,velo_elec,Grenoble,ST1049,ST1053,08/08/2026 15:12,2026-08-08 15:17:41,5,1.61,2.25,cb
TR2608080021605,CL107245,EN00544,velo_elec,Grenoble,ST1051,ST1054,2026-08-08 15:04:00,2026-08-08 15:29:00,25,4.04,7.25,abonnement
TR2608080021606,CL108581,EN00509,trottinette,Grenoble,ST1057,ST1054,08/08/2026 15:03,2026-08-08 15:08:23,5,0.92,2.1,
TR2608080021607,CL100600,EN00121,trottinette,Lyon,ST1003,ST1016,2026-08-08 15:30:27,2026-08-08 15:42:27,12,2.17,3.64,paypal
TR2608080021608,CL104084,EN00173,velo_elec,Lyon,ST1008,ST1018,2026-08-08 15:25:37,2026-08-08 15:39:37,14,3.59,4.5,
TR2608080021609,CL101712,EN00071,velo_elec,Lyon,ST1010,ST1019,08/08/2026 15:24,2026-08-08 15:41:18,17,4.96,5.25,paypal
TR2608080021610,CL103793,EN00079,velo_elec,Lyon,ST1018,ST1015,,2026-08-08 15:34:23,12,2.57,4.0,abonnement
TR2608080021611,CL102287,EN00236,velo_elec,Nantes,ST1021,ST1032,2026-08-08 15:26:38,08/08/2026 15:55,29,8.1,8.25,cb
TR2608080021612,CL106265,EN00339,velo_elec,nantes,ST1021,ST1032,2026-08-08 15:23:54,2026-08-08 15:39:54,16,4.58,5.0,cb
TR2608080021613,CL100933,EN00334,trottinette,Nantes,ST1022,ST1029,2026-08-08 15:29:26,1786196546,13,4.44,3.86,paypal
TR2608080021614,CL105485,EN00340,velo_elec,Nantes,ST1023,ST1023,1786195693,2026-08-08 15:33:13,5,0.9,2.25,cb
TR2608080021615,CL102952,EN00292,velo_elec,Nantes,ST1024,ST1025,08/08/2026 15:22,08/08/2026 15:42,20,3.91,6.0,cb
TR2608080021616,CL106667,EN00355,velo_elec,Nantes,ST1025,ST1027,2026-08-08 15:23:36,08/08/2026 15:39,16,5.46,5.0,cb
TR2608080021617,CL103346,EN00311,trottinette,Nantes,ST1025,ST1021,08/08/2026 15:20,2026-08-08 15:31:26,11,1.69,3.42,paypal
TR2608080021618,CL104151,EN00342,velo_elec,Nantes,ST1027,ST1021,2026-08-08 15:18:34,2026-08-08 15:28:34,10,2.81,3.5,abonnement
TR2608080021619,CL107650,EN00352,velo_elec,Nantes,ST1030,ST1023,2026-08-08 15:17:07,2026-08-08 15:32:07,15,3.13,4.75,abonnement
TR2608080021620,CL105369,EN00415,trottinette,Lille,ST1039,ST1045,2026-08-08 15:26:47,2026-08-08 16:06:47,40,6.02,9.8,abonnement
TR2608080021621,CL103291,EN00449,trottinette,Lille,ST1040,ST1035,2026-08-08 15:21:25,08/08/2026 16:03,42,7.54,10.24,cb
TR2608080021622,CL106470,EN00391,velo_elec,Lille,ST1041,ST1047,2026-08-08 15:24:02,2026-08-08 15:29:02,5,1.41,2.25,cb
TR2608080021623,CL105683,EN00425,velo_elec,Lille,ST1043,ST1045,2026-08-08 15:29:24,2026-08-08 15:43:24,14,2.33,4.5,abonnement
TR2608080021624,CL106171,EN00416,trottinette,Lille,ST1044,ST1036,2026-08-08 15:23:50,2026-08-08 15:32:50,9,2.3,2.98,abonnement
TR2608080021625,CL107800,EN00535,velo_elec,Grenoble,ST1050,ST1052,2026-08-08 15:22:12,1786196172,14,3.03,4.5,cb
TR2608080021626,CL101464,EN00554,velo_elec,Grenoble,ST1054,ST1053,1786195672,08/08/2026 15:33,6,1.61,2.5,abonnement
TR2608080021627,CL107990,EN00531,trottinette,Grenoble,ST1056,ST1051,2026-08-08 15:22:05,2026-08-08 15:47:05,25,6.92,6.5,cb
TR2608080021628,CL104785,EN00191,trottinette,Lyon,ST1009,ST1001,2026-08-08 15:45:16,2026-08-08 16:12:16,27,4.75,6.94,cb
TR2608080021629,CL103846,EN00072,velo,Lyon,ST1012,ST1019,08/08/2026 15:43,2026-08-08 15:49:39,6,1.97,1.9,abonnement
TR2608080021630,CL107019,EN00199,velo_elec,Lyon,ST1014,ST1019,2026-08-08 15:40:05,2026-08-08 16:13:05,33,10.86,,cb
TR2608080021631,CL107626,EN00020,velo_elec,Lyon,ST1014,ST1015,2026-08-08 15:39:15,08/08/2026 15:50,11,1.88,3.75,abonnement
TR2608080021632,CL103821,EN00106,trottinette,Lyon,ST1019,ST1014,2026-08-08 15:41:43,2026-08-08 15:48:43,7,1.06,2.54,abonnement
TR2608080021633,CL104335,EN00295,velo_elec,Nantes,ST1020,ST1023,2026-08-08 15:37:33,2026-08-08 15:54:33,17,3.21,5.25,paypal
TR2608080021634,CL102395,EN00281,velo_elec,Nantes,ST1024,ST1029,08/08/2026 15:32,2026-08-08 15:40:22,8,1.85,3.0,cb
TR2608080021635,CL101622,EN00265,trottinette,NANTES,ST1025,ST1030,1786196364,2026-08-08 15:51:24,12,3.77,3.64,abonnement
TR2608080021636,CL106677,EN00280,trottinette,NANTES,ST1026,ST1020,08/08/2026 15:32,2026-08-08 15:59:05,27,7.88,6.94,paypal
TR2608080021637,CL101932,EN00315,velo_elec,Nantes,ST1026,ST1024,2026-08-08 15:39:43,2026-08-08 16:14:43,35,8.96,9.75,cb
TR2608080021638,CL103715,EN00325,trottinette,Nantes,ST1028,ST1032,08/08/2026 15:36,2026-08-08 15:49:00,13,4.35,3.86,paypal
TR2608080021639,CL105213,EN00286,velo_elec,Nantes,ST1031,ST1020,2026-08-08 15:33:17,08/08/2026 15:53,20,3.67,6.0,abonnement
TR2608080021640,CL103628,EN00350,velo,Nantes,ST1033,ST1024,1786196242,2026-08-08 16:03:22,26,4.15,4.9,cb
TR2608080021641,CL103642,EN00370,velo_elec,Lille,ST1035,ST1047,2026-08-08 15:37:07,2026-08-08 15:47:07,10,2.78,3.5,cb
TR2608080021642,CL107455,EN00372,trottinette,Lille,ST1035,ST1047,08/08/2026 15:32,1786196254,5,0.87,2.1,cb
TR2608080021643,CL107352,EN00395,trottinette,Lille,ST1037,ST1043,2026-08-08 15:40:25,2026-08-08 15:45:25,5,0.95,2.1,abonnement
TR2608080021644,CL103263,EN00441,velo_elec,Lille,ST1037,ST1047,2026-08-08 15:44:30,2026-08-08 15:57:30,13,2.2,4.25,cb
TR2608080021645,CL100182,EN00420,trottinette,Lille,ST1037,ST1043,2026-08-08 15:32:36,08/08/2026 15:53,21,3.47,5.62,cb
TR2608080021646,CL104890,EN00368,trottinette,Lille,ST1038,ST1040,2026-08-08 15:32:21,2026-08-08 15:45:21,13,2.41,3.86,abonnement
TR2608080021647,CL102077,EN00413,trottinette,Lille,ST1039,ST1045,1786196054,2026-08-08 15:56:14,22,6.54,5.84,cb
TR2608080021648,CL103098,EN00453,trottinette,Lille,ST1042,ST1034,2026-08-08 15:43:35,2026-08-08 15:51:35,8,1.32,2.76,abonnement
TR2608080021649,CL100388,EN00363,velo_elec,Lille,ST1043,ST1043,2026-08-08 15:35:35,2026-08-08 15:41:35,6,1.61,2.5,cb
TR2608080021650,CL107159,EN00493,velo_elec,Lille,ST1044,ST1046,2026-08-08 15:42:05,08/08/2026 16:07,25,5.72,7.25,cb
TR2608080021651,CL104489,EN00597,trottinette,Grenoble,ST1051,ST1052,2026-08-08 15:42:59,2026-08-08 15:52:59,10,2.98,3.2,abonnement
TR2608080021652,CL106978,EN00589,velo_elec,Grenoble,ST1051,ST1058,2026-08-08 15:43:32,2026-08-08 16:03:32,20,5.9,6.0,cb
TR2608080021653,CL100577,EN00548,trottinette,grenoble,ST1057,ST1058,2026-08-08 15:32:47,1786196807,14,4.49,4.08,paypal
TR2608080021654,CL101754,EN00534,trottinette,GRENOBLE,ST1058,ST1058,1786196123,2026-08-08 15:48:23,13,2.21,3.86,paypal
TR2608080021655,CL104498,EN00164,trottinette,LYON,ST1003,ST1015,2026-08-08 15:54:57,2026-08-08 16:11:57,17,5.91,4.74,cb
TR2608080021656,CL103382,EN00137,velo,Lyon,ST1012,ST1008,2026-08-08 15:51:11,2026-08-08 16:04:11,13,3.36,2.95,paypal
TR2608080021657,CL102653,EN00084,velo_elec,Lyon,ST1013,ST1013,2026-08-08 15:54:51,,23,4.31,6.75,cb
TR2608080021658,CL108678,EN00023,trottinette,LYON,ST1015,ST1006,2026-08-08 15:50:25,2026-08-08 16:14:25,24,7.08,6.28,cb
TR2608080021659,CL101637,EN00121,trottinette,Lyon,ST1016,ST1019,2026-08-08 16:00:25,2026-08-08 16:09:25,9,2.82,2.98,cb
TR2608080021660,CL104794,EN00225,velo_elec,Nantes,ST1020,ST1030,08/08/2026 15:57,2026-08-08 16:11:30,14,4.19,4.5,paypal
TR2608080021661,CL105645,EN00229,trottinette,Nantes,ST1020,ST1027,08/08/2026 15:54,2026-08-08 16:10:59,16,5.49,4.52,abonnement
TR2608080021662,CL106393,EN00328,velo_elec,Nantes,ST1020,ST1031,08/08/2026 15:59,08/08/2026 16:04,5,1.62,2.25,cb
TR2608080021663,CL101062,EN00342,velo_elec,Nantes,ST1021,ST1020,2026-08-08 15:48:04,2026-08-08 16:02:04,14,4.16,4.5,cb
TR2608080021664,CL105003,EN00337,trottinette,Nantes,ST1022,ST1020,2026-08-08 15:46:24,,4,0.64,1.88,abonnement
TR2608080021665,CL101435,EN00256,velo_elec,Nantes,ST1022,ST1033,2026-08-08 16:00:31,2026-08-08 16:16:31,16,4.17,5.0,cb
TR2608080021666,CL105264,EN00352,velo_elec,Nantes,ST1023,ST1020,2026-08-08 15:57:44,08/08/2026 16:46,49,10.47,13.25,paypal
TR2608080021667,CL101081,EN00334,trottinette,Nantes,ST1029,ST1030,1786197586,2026-08-08 16:17:46,18,4.12,4.96,cb
TR2608080021668,CL104317,EN00327,velo_elec,Nantes,ST1032,ST1030,1786196794,2026-08-08 16:17:34,-21,9.43,8.75,cb
TR2608080021669,CL105846,EN00276,velo_elec,NANTES,ST1032,ST1022,2026-08-08 15:49:09,2026-08-08 16:02:09,13,3.35,4.25,abonnement
TR2608080021670,CL105974,EN00478,trottinette,Lille,ST1037,ST1036,1786197097,2026-08-08 16:02:37,11,3.16,3.42,abonnement
TR2608080021671,CL104020,EN00434,velo_elec,Lille,ST1038,ST1038,08/08/2026 15:53,2026-08-08 16:03:42,-25,1.58,3.5,abonnement
TR2608080021672,CL106342,EN00403,trottinette,Lille,ST1040,ST1037,2026-08-08 15:50:18,2026-08-08 16:03:18,13,3.03,3.86,cb
TR2608080021673,CL104757,EN00462,velo_elec,Lille,ST1041,ST1042,2026-08-08 15:52:15,2026-08-08 16:10:15,18,3.83,5.5,abonnement
TR2608080021674,CL106750,EN00363,velo_elec,Lille,ST1043,ST1044,,2026-08-08 15:57:47,6,0.98,2.5,cb
TR2608080021675,CL107451,EN00451,velo_elec,Lille,ST1044,ST1044,2026-08-08 15:56:17,,12,3.33,4.0,cb
TR2608080021676,CL103841,EN00494,velo_elec,Lille,ST1046,ST1036,2026-08-08 15:53:35,2026-08-08 16:10:35,17,5.86,5.25,cb
TR2608080021677,CL103449,EN00378,velo_elec,Lille,ST1046,ST1041,2026-08-08 15:59:25,08/08/2026 16:07,8,1.5,3.0,abonnement
TR2608080021678,CL107393,EN00592,velo_elec,Grenoble,ST1049,ST1056,2026-08-08 15:51:36,2026-08-08 15:56:36,5,1.58,2.25,abonnement
TR2608080021679,CL105941,EN00577,velo_elec,Grenoble,ST1053,ST1049,1786196936,2026-08-08 15:57:56,9,2.81,3.25,paypal
TR2608080021680,CL101326,EN00570,trottinette,Grenoble,ST1056,ST1057,2026-08-08 15:56:12,08/08/2026 16:28,32,7.12,8.04,paypal
TR2608080021681,CL108089,EN00153,velo_elec,lyon,ST1001,ST1009,2026-08-08 16:09:47,08/08/2026 16:30,21,5.55,6.25,cb
TR2608080021682,CL107256,EN00127,trottinette,Lyon,ST1005,ST1013,2026-08-08 16:08:25,2026-08-08 16:15:25,7,1.69,2.54,cb
TR2608080021683,CL108978,EN00217,velo_elec,Lyon,ST1006,ST1019,2026-08-08 16:15:02,2026-08-08 16:24:02,9,1.84,3.25,cb
TR2608080021684,CL104423,EN00142,velo_elec,Lyon,ST1010,ST1014,2026-08-08 16:12:39,2026-08-08 16:34:39,22,3.72,6.5,cb
TR2608080021685,CL107831,EN00145,trottinette,Lyon,ST1011,ST1014,2026-08-08 16:02:55,2026-08-08 16:27:55,25,8.18,6.5,abonnement
TR2608080021686,CL105807,EN00106,trottinette,Lyon,ST1014,ST1003,2026-08-08 16:05:16,2026-08-08 16:30:16,25,4.88,6.5,cb
TR2608080021687,CL101625,EN00117,trottinette,Lyon,ST1014,ST1019,1786197750,2026-08-08 16:08:30,6,0.9,2.32,cb
TR2608080021688,CL105014,EN00161,velo_elec,Lyon,ST1015,ST1018,08/08/2026 16:03,2026-08-08 16:21:25,18,4.6,5.5,cb
TR2608080021689,CL107350,EN00193,trottinette,Lyon,ST1015,ST1016,08/08/2026 16:12,2026-08-08 16:17:06,5,1.45,2.1,cb
TR2608080021690,CL102609,EN00190,trottinette,Lyon,ST1015,ST1016,1786197839,08/08/2026 16:22,19,4.06,5.18,cb
TR2608080021691,CL104042,EN00045,trottinette,Lyon,ST1017,ST1017,08/08/2026 16:07,2026-08-08 16:16:27,9,3.09,2.98,cb
TR2608080021692,CL106449,EN00073,velo_elec,Lyon,ST1017,ST1012,2026-08-08 16:09:04,2026-08-08 16:19:04,10,2.29,3.5,cb
TR2608080021693,CL100136,EN00036,velo_elec,Lyon,ST1018,ST1010,2026-08-08 16:09:34,2026-08-08 16:15:34,6,1.65,2.5,abonnement
TR2608080021694,CL102667,EN00219,velo_elec,Lyon ,ST1018,ST1016,2026-08-08 16:10:04,08/08/2026 16:26,16,2.85,5.0,cb
TR2608080021695,CL101173,EN00311,trottinette,Nantes,ST1021,ST1026,2026-08-08 16:03:42,2026-08-08 16:12:42,9,1.6,2.98,cb
TR2608080021696,CL100580,EN00295,velo_elec,Nantes,ST1023,ST1027,2026-08-08 16:03:49,2026-08-08 16:08:49,5,1.2,2.25,cb
TR2608080021697,CL104163,EN00340,velo_elec,Nantes,ST1023,ST1024,2026-08-08 16:11:37,2026-08-08 16:18:37,7,1.24,2.75,cb
TR2608080021698,CL103223,EN00234,trottinette,Nantes,ST1030,ST1033,08/08/2026 16:12,2026-08-08 16:19:46,7,1.05,2.54,paypal
TR2608080021699,CL101491,EN00435,trottinette,Lille,ST1034,ST1044,2026-08-08 16:14:48,2026-08-08 16:30:48,16,4.84,4.52,abonnement
TR2608080021700,CL103648,EN00361,trottinette,Lille,ST1035,ST1038,,2026-08-08 16:36:07,20,6.11,5.4,paypal
TR2608080021701,CL101805,EN00485,trottinette,Lille,ST1038,ST1039,2026-08-08 16:13:42,2026-08-08 16:25:42,12,3.25,3.64,cb
TR2608080021702,CL105317,EN00438,trottinette,Lille,ST1039,ST1040,2026-08-08 16:04:53,2026-08-08 16:25:53,21,3.23,5.62,abonnement
TR2608080021703,CL106185,EN00368,trottinette,Lille,ST1040,ST1034,08/08/2026 16:04,2026-08-08 16:15:27,11,3.16,3.42,abonnement
TR2608080021704,CL107828,EN00382,trottinette,Lille,ST1041,ST1034,2026-08-08 16:10:13,2026-08-08 16:20:13,10,3.07,3.2,cb
TR2608080021705,CL107478,EN00516,velo_elec,Grenoble,ST1050,ST1051,1786197733,08/08/2026 16:13,11,3.77,3.75,cb
TR2608080021706,CL101469,EN00544,velo_elec,Grenoble,ST1054,ST1050,2026-08-08 16:07:48,2026-08-08 16:19:48,12,2.15,4.0,paypal
TR2608080021707,CL106981,EN00520,velo_elec,Grenoble,ST1055,ST1055,2026-08-08 16:03:53,2026-08-08 16:15:53,12,2.21,4.0,cb
TR2608080021708,CL107002,EN00534,trottinette,Grenoble,ST1058,ST1049,2026-08-08 16:05:39,2026-08-08 16:20:39,15,2.27,4.3,
TR2608080021709,CL104938,EN00065,trottinette,Lyon,ST1002,ST1010,2026-08-08 16:21:48,2026-08-08 16:47:48,26,7.32,6.72,cb
TR2608080021710,CL106594,EN00131,trottinette,Lyon,ST1005,ST1013,2026-08-08 16:17:02,2026-08-08 16:20:02,3,0.65,1.66,abonnement
TR2608080021711,CL106995,EN00174,velo_elec,Lyon,ST1009,ST1005,2026-08-08 16:28:48,08/08/2026 16:43,15,3.82,4.75,abonnement
TR2608080021712,CL104462,EN00097,velo_elec,Lyon,ST1013,ST1019,2026-08-08 16:20:34,2026-08-08 16:27:34,7,1.84,2.75,cb
TR2608080021713,CL108362,EN00182,trottinette,Lyon,ST1014,ST1018,2026-08-08 16:22:00,2026-08-08 17:01:00,39,10.2,9.58,abonnement
TR2608080021714,CL106614,EN00037,trottinette,Lyon,ST1014,ST1008,2026-08-08 16:22:40,2026-08-08 16:39:40,17,4.07,4.74,paypal
TR2608080021715,CL101422,EN00028,trottinette,Lyon,ST1016,ST1010,1786198791,2026-08-08 16:36:51,17,4.02,4.74,cb
TR2608080021716,CL108391,EN00342,velo_elec,nantes,ST1020,ST1029,2026-08-08 16:16:36,2026-08-08 16:30:36,14,2.27,4.5,cb
TR2608080021717,CL101960,EN00337,trottinette,Nantes,ST1020,ST1021,08/08/2026 16:19,08/08/2026 16:30,11,3.08,3.42,cb
TR2608080021718,CL104335,EN00355,velo_elec,Nantes,ST1027,ST1028,2026-08-08 16:29:37,2026-08-08 17:05:37,36,8.13,10.0,cb
TR2608080021719,CL106458,EN00304,velo_elec,Nantes,ST1027,ST1028,08/08/2026 16:24,2026-08-08 16:33:55,9,2.32,3.25,abonnement
TR2608080021720,CL108966,EN00281,velo_elec,Nantes,ST1029,ST1030,1786199430,2026-08-08 16:35:30,5,0.85,2.25,abonnement
TR2608080021721,CL105160,EN00254,velo_elec,Nantes,ST1030,ST1030,2026-08-08 16:16:42,2026-08-08 16:37:42,21,5.39,6.25,cb
TR2608080021722,CL108380,EN00294,velo_elec,Nantes,ST1032,ST1026,2026-08-08 16:26:27,2026-08-08 16:46:27,20,4.61,6.0,paypal
TR2608080021723,CL104834,EN00309,trottinette,Nante,ST1032,ST1023,08/08/2026 16:29,2026-08-08 16:35:56,6,1.31,2.32,abonnement
TR2608080021724,CL107045,EN00468,trottinette,Lille,ST1035,ST1045,,2026-08-08 16:29:29,2,0.44,1.44,paypal
TR2608080021725,CL100855,EN00396,velo_elec,Lille,ST1040,ST1042,1786199032,2026-08-08 16:37:52,14,3.5,4.5,abonnement
TR2608080021726,CL108133,EN00462,velo_elec,lille,ST1042,ST1038,2026-08-08 16:22:39,2026-08-08 16:27:39,5,1.37,2.25,
TR2608080021727,CL100825,EN00363,velo_elec,Lille,ST1044,ST1035,2026-08-08 16:29:24,2026-08-08 16:38:24,9,2.56,3.25,abonnement
TR2608080021728,CL100108,EN00596,velo_elec,Grenoble,ST1048,ST1056,2026-08-08 16:30:13,2026-08-08 16:57:13,27,6.83,7.75,cb
TR2608080021729,CL106671,EN00516,velo_elec,Grenoble,ST1051,ST1051,2026-08-08 16:19:04,2026-08-08 16:43:04,24,5.06,7.0,cb
TR2608080021730,CL107124,EN00554,velo_elec,Grenoble,ST1053,ST1053,2026-08-08 16:26:24,08/08/2026 16:29,3,0.49,1.75,cb
TR2608080021731,CL101228,EN00124,velo_elec,Lyon,ST1001,ST1006,2026-08-08 16:33:10,2026-08-08 16:43:10,10,1.91,3.5,abonnement
TR2608080021732,CL108141,EN00078,velo_elec,Lyon,ST1005,ST1008,2026-08-08 16:40:14,2026-08-08 16:54:14,14,2.95,4.5,abonnement
TR2608080021733,CL104925,EN00105,velo_elec,Lyon,ST1005,ST1017,1786200278,2026-08-08 16:50:38,6,1.64,2.5,abonnement
TR2608080021734,CL108456,EN00070,trottinette,Lyon,ST1011,ST1005,2026-08-08 16:39:47,2026-08-08 16:56:47,17,4.14,4.74,cb
TR2608080021735,CL105060,EN00068,velo_elec,Lyon,ST1011,ST1004,2026-08-08 16:43:50,2026-08-08 17:00:50,-28,2.88,5.25,cb
TR2608080021736,CL101049,EN00135,trottinette,Lyon,ST1013,ST1017,2026-08-08 16:35:25,2026-08-08 16:43:25,8,1.87,2.76,cb
TR2608080021737,CL103314,EN00193,trottinette,Lyon,ST1016,ST1008,2026-08-08 16:32:33,2026-08-08 16:41:33,9,2.26,2.98,abonnement
TR2608080021738,CL104169,EN00097,velo_elec,Lyon,ST1019,ST1007,2026-08-08 16:41:14,2026-08-08 16:52:14,11,2.24,3.75,
TR2608080021739,CL102557,EN00121,trottinette,Lyon,ST1019,ST1012,2026-08-08 16:39:01,2026-08-08 16:43:01,4,1.0,1.88,cb
TR2608080021740,CL100954,EN00217,velo_elec,Lyon,ST1019,ST1011,2026-08-08 16:35:50,2026-08-08 16:54:50,19,5.57,5.75,cb
TR2608080021741,CL107719,EN00337,trottinette,Nantes,ST1021,ST1033,1786199807,2026-08-08 17:01:47,25,8.51,6.5,cb
TR2608080021742,CL108175,EN00351,trottinette,Nantes,ST1022,ST1024,2026-08-08 16:45:16,2026-08-08 17:03:16,18,4.05,4.96,cb
TR2608080021743,CL101435,EN00349,velo_elec,Nantes,ST1025,ST1032,08/08/2026 16:43,2026-08-08 16:52:25,9,2.81,3.25,cb
TR2608080021744,CL107154,EN00360,trottinette,Nantes,ST1025,ST1027,2026-08-08 16:32:47,,15,3.35,4.3,cb
TR2608080021745,CL107304,EN00295,velo_elec,Nantes,ST1027,ST1025,2026-08-08 16:34:25,2026-08-08 16:47:25,13,2.05,4.25,abonnement
TR2608080021746,CL105062,EN00234,trottinette,nantes,ST1033,ST1033,08/08/2026 16:39,1786200826,14,3.96,4.08,cb
TR2608080021747,CL104599,EN00455,velo_elec,Lille,ST1035,ST1043,2026-08-08 16:44:47,2026-08-08 17:31:47,47,14.88,12.75,cb
TR2608080021748,CL103936,EN00494,velo_elec,Lille,ST1036,ST1036,08/08/2026 16:32,08/08/2026 16:45,13,4.04,4.25,paypal
TR2608080021749,CL106281,EN00403,trottinette,Lille,ST1037,ST1043,2026-08-08 16:35:50,08/08/2026 16:52,17,3.99,4.74,abonnement
TR2608080021750,CL104733,EN00485,trottinette,Lille,ST1039,ST1047,08/08/2026 16:31,2026-08-08 16:52:36,21,6.83,5.62,paypal
TR2608080021751,CL101624,EN00405,trottinette,Lille,ST1040,ST1045,2026-08-08 16:32:51,08/08/2026 16:39,7,1.98,2.54,paypal
TR2608080021752,CL107036,EN00496,velo_elec,Lille,ST1042,ST1034,2026-08-08 16:38:49,2026-08-08 16:58:49,20,3.16,6.0,cb
TR2608080021753,CL105415,EN00450,trottinette,Lille,ST1044,ST1037,2026-08-08 16:33:24,2026-08-08 16:44:24,11,2.29,3.42,abonnement
TR2608080021754,CL103716,EN00380,velo_elec,Lille,ST1047,ST1034,2026-08-08 16:43:50,2026-08-08 17:02:50,19,3.45,5.75,cb
TR2608080021755,CL102601,EN00520,velo_elec,Grenoble,ST1055,ST1057,08/08/2026 16:44,2026-08-08 16:57:10,13,4.13,4.25,cb
TR2608080021756,CL107461,EN00174,velo_elec,Lyon,ST1005,ST1016,08/08/2026 16:45,2026-08-08 16:50:54,5,1.53,2.25,cb
TR2608080021757,CL102919,EN00124,velo_elec,Lyon,ST1006,ST1013,2026-08-08 16:48:02,2026-08-08 16:59:02,11,3.03,3.75,paypal
TR2608080021758,CL103528,EN00140,trottinette,Lyon,ST1007,ST1005,2026-08-08 16:47:16,08/08/2026 16:56,9,1.64,2.98,abonnement
TR2608080021759,CL107107,EN00027,velo_elec,Lyon,ST1007,ST1012,2026-08-08 16:53:28,,5,0.97,2.25,cb
TR2608080021760,CL100736,EN00153,velo_elec,Lyon,ST1009,ST1011,08/08/2026 16:58,2026-08-08 17:29:07,31,5.66,8.75,cb
TR2608080021761,CL107347,EN00145,trottinette,LYON,ST1014,ST1009,2026-08-08 16:51:30,2026-08-08 17:15:30,24,4.38,6.28,paypal
TR2608080021762,CL108219,EN00129,velo_elec,Lyon,ST1014,ST1008,2026-08-08 16:56:56,2026-08-08 17:00:56,4,1.0,2.0,abonnement
TR2608080021763,CL107182,EN00222,velo_elec,NANTES,ST1020,ST1023,2026-08-08 16:47:04,2026-08-08 16:50:04,3,0.82,1.75,cb
TR2608080021764,CL106032,EN00269,velo_elec,Nantes,ST1022,ST1021,2026-08-08 16:51:06,2026-08-08 16:59:06,8,2.21,3.0,paypal
TR2608080021765,CL106525,EN00309,trottinette,Nantes,ST1023,ST1021,2026-08-08 16:47:21,2026-08-08 16:56:21,9,2.76,2.98,abonnement
TR2608080021766,CL105769,EN00249,velo_elec,Nantes,ST1025,ST1025,2026-08-08 16:55:59,2026-08-08 17:00:59,5,0.88,2.25,cb
TR2608080021767,CL106189,EN00294,velo_elec,Nantes,ST1026,ST1024,2026-08-08 16:52:27,2026-08-08 17:40:27,48,9.64,13.0,cb
TR2608080021768,CL104163,EN00307,trottinette,Nantes,ST1027,ST1026,2026-08-08 16:56:07,2026-08-08 17:10:07,14,4.75,4.08,paypal
TR2608080021769,CL105378,EN00342,velo_elec,Nantes,ST1029,ST1029,2026-08-08 16:51:03,,15,4.86,4.75,abonnement
TR2608080021770,CL102197,EN00254,velo_elec,Nantes,ST1030,ST1023,,2026-08-08 16:55:24,4,1.05,2.0,abonnement
TR2608080021771,CL100040,EN00411,trottinette, Lille,ST1037,ST1042,2026-08-08 16:53:59,,12,2.66,3.64,cb
TR2608080021772,CL106701,EN00414,velo_elec,lille,ST1040,ST1047,1786200701,08/08/2026 17:15,24,8.08,7.0,paypal
TR2608080021773,CL101080,EN00393,trottinette,Lille,ST1042,ST1037,1786200380,2026-08-08 16:58:20,12,2.33,3.64,cb
TR2608080021774,CL105239,EN00442,trottinette,Lille,ST1044,ST1045,2026-08-08 16:46:05,2026-08-08 16:49:05,3,0.53,1.66,paypal
TR2608080021775,CL101310,EN00544,velo_elec,Grenoble,ST1050,ST1055,2026-08-08 16:53:52,08/08/2026 17:15,22,5.94,6.5,cb
TR2608080021776,CL108602,EN00509,trottinette,Grenoble ,ST1054,ST1050,2026-08-08 16:49:09,2026-08-08 16:56:09,7,2.31,2.54,cb
TR2608080021777,CL103361,EN00590,velo_elec,Grenoble,ST1055,ST1050,2026-08-08 16:55:16,2026-08-08 17:29:16,34,8.05,9.5,cb
TR2608080021778,CL105229,EN00130,velo_elec,Lyon,ST1001,ST1002,2026-08-08 17:09:36,08/08/2026 17:17,8,1.54,3.0,cb
TR2608080021779,CL101402,EN00086,velo_elec,Lyon,ST1002,ST1011,1786201914,08/08/2026 17:18,7,1.77,2.75,abonnement
TR2608080021780,CL100819,EN00213,trottinette,Lyon,ST1002,ST1001,2026-08-08 17:03:18,2026-08-08 17:18:18,15,2.9,4.3,abonnement
TR2608080021781,CL100044,EN00070,trottinette,Lyon,ST1005,ST1009,2026-08-08 17:07:23,08/08/2026 17:52,45,10.8,10.9,cb
TR2608080021782,CL101707,EN00023,trottinette,Lyon,ST1006,ST1004,2026-08-08 17:03:53,2026-08-08 17:22:53,19,5.33,5.18,paypal
TR2608080021783,CL103503,EN00207,velo_elec,Lyon,ST1006,ST1008,2026-08-08 17:02:22,2026-08-08 17:14:22,12,2.1,4.0,abonnement
TR2608080021784,CL101237,EN00097,velo_elec,Lyon,ST1007,ST1011,2026-08-08 17:09:59,2026-08-08 17:14:59,5,1.29,2.25,cb
TR2608080021785,CL102695,EN00128,velo,Lyon,ST1009,ST1011,1786201654,2026-08-08 17:28:34,21,4.76,4.15,cb
TR2608080021786,CL108908,EN00036,velo_elec,Lyon,ST1010,ST1007,2026-08-08 17:01:19,2026-08-08 17:11:19,10,3.47,3.5,cb
TR2608080021787,CL107626,EN00164,trottinette,Lyon,ST1015,ST1003,2026-08-08 17:04:49,2026-08-08 17:23:49,19,5.92,5.18,paypal
TR2608080021788,CL102334,EN00161,velo_elec,LYON,ST1018,ST1009,2026-08-08 17:07:59,2026-08-08 17:15:59,8,2.15,3.0,abonnement
TR2608080021789,CL103376,EN00201,velo_elec,Lyon,ST1019,ST1013,2026-08-08 17:09:24,2026-08-08 17:17:24,8,1.54,3.0,cb
TR2608080021790,CL101684,EN00222,velo_elec,Nantes,ST1023,ST1032,2026-08-08 17:04:47,08/08/2026 17:15,11,3.4,3.75,cb
TR2608080021791,CL102094,EN00318,velo_elec,Nantes,ST1024,ST1031,,2026-08-08 17:14:54,8,2.32,3.0,abonnement
TR2608080021792,CL105966,EN00315,velo_elec,Nantes,ST1024,ST1030,2026-08-08 17:09:43,2026-08-08 17:34:43,25,6.32,7.25,abonnement
TR2608080021793,CL102952,EN00340,velo_elec,Nantes,ST1024,ST1023,,2026-08-08 17:33:13,20,4.63,6.0,cb
TR2608080021794,CL108810,EN00273,velo_elec,nantes,ST1028,ST1025,08/08/2026 17:01,2026-08-08 17:10:51,9,2.54,3.25,abonnement
TR2608080021795,CL104355,EN00266,velo_elec,nantes,ST1028,ST1031,2026-08-08 17:12:23,1786202363,7,1.98,2.75,paypal
TR2608080021796,CL107394,EN00349,velo_elec,Nantes,ST1032,ST1032,2026-08-08 17:10:57,2026-08-08 17:12:57,2,0.44,1.5,paypal
TR2608080021797,CL105757,EN00234,trottinette,Nantes,ST1033,ST1033,2026-08-08 17:03:57,2026-08-08 17:17:57,14,3.35,4.08,cb
TR2608080021798,CL100939,EN00393,trottinette,Lille,ST1037,ST1044,2026-08-08 17:02:56,2026-08-08 17:06:56,4,0.67,1.88,cb
TR2608080021799,CL102945,EN00450,trottinette,Lille,ST1037,ST1042,2026-08-08 17:13:17,2026-08-08 17:31:17,18,5.83,4.96,abonnement
TR2608080021800,CL102508,EN00375,trottinette,Lille,ST1040,ST1041,2026-08-08 17:14:21,2026-08-08 17:28:21,14,4.22,4.08,abonnement
TR2608080021801,CL103095,EN00451,velo_elec,Lille,ST1044,ST1046,2026-08-08 17:12:19,2026-08-08 17:22:19,10,1.87,3.5,abonnement
TR2608080021802,CL104727,EN00370,velo_elec,Lille,ST1047,ST1045,2026-08-08 17:15:32,08/08/2026 17:48,33,9.59,9.25,abonnement
TR2608080021803,CL105467,EN00509,trottinette,Grenoble,ST1050,ST1052,08/08/2026 17:11,2026-08-08 17:40:45,29,7.9,7.38,cb
TR2608080021804,CL102366,EN00519,velo_elec,Grenoble,ST1054,ST1054,08/08/2026 17:05,2026-08-08 17:20:57,15,2.26,4.75,cb
TR2608080021805,CL100372,EN00584,trottinette,Grenoble,ST1055,ST1057,1786201341,2026-08-08 17:07:21,5,1.29,2.1,cb
TR2608080021806,CL106462,EN00600,trottinette,Grenoble,ST1055,ST1058,2026-08-08 17:09:17,2026-08-08 17:20:17,11,3.41,3.42,cb
TR2608080021807,CL108097,EN00570,trottinette,Grenoble,ST1057,ST1050,2026-08-08 17:13:40,,5,1.23,2.1,abonnement
TR2608080021808,CL102437,EN00104,trottinette,Lyon,ST1002,ST1008,2026-08-08 17:26:11,08/08/2026 17:34,8,2.07,2.76,cb
TR2608080021809,CL102812,EN00154,trottinette,Lyon,ST1003,ST1002,1786202757,2026-08-08 17:35:57,10,1.61,3.2,cb
TR2608080021810,CL100037,EN00036,velo_elec,Lyon,ST1007,ST1015,,2026-08-08 17:24:25,6,1.31,2.5,abonnement
TR2608080021811,CL104715,EN00089,trottinette,Lyon,ST1007,ST1010,1786202307,2026-08-08 17:32:27,14,3.18,4.08,abonnement
TR2608080021812,CL107426,EN00193,trottinette,LYON,ST1008,ST1016,2026-08-08 17:24:18,2026-08-08 17:35:18,11,2.9,3.42,cb
TR2608080021813,CL107677,EN00121,trottinette,Lyon,ST1012,ST1006,2026-08-08 17:22:39,2026-08-08 17:39:39,17,4.39,4.74,
TR2608080021814,CL105639,EN00054,trottinette,Lyon,ST1014,ST1008,08/08/2026 17:25,2026-08-08 17:41:59,16,2.66,4.52,abonnement
TR2608080021815,CL103772,EN00110,velo_elec,Lyon,ST1015,ST1003,2026-08-08 17:28:32,2026-08-08 17:42:32,14,4.77,4.5,cb
TR2608080021816,CL105470,EN00039,velo_elec,Lyon,ST1019,ST1013,08/08/2026 17:28,1786204141,-26,7.02,6.25,abonnement
TR2608080021817,CL101004,EN00297,trottinette,Nantes,ST1022,ST1025,08/08/2026 17:24,08/08/2026 17:44,20,4.71,5.4,cb
TR2608080021818,CL108449,EN00254,velo_elec,Nante,ST1023,ST1025,08/08/2026 17:20,08/08/2026 17:34,14,2.98,4.5,cb
TR2608080021819,CL103596,EN00319,velo_elec,Nantes,ST1030,ST1026,2026-08-08 17:17:38,1786203038,13,4.12,4.25,paypal
TR2608080021820,CL107955,EN00302,velo_elec,Nantes,ST1031,ST1030,2026-08-08 17:24:33,2026-08-08 17:30:33,6,1.09,2.5,cb
TR2608080021821,CL108207,EN00318,velo_elec,Nantes,ST1031,ST1032,2026-08-08 17:23:25,2026-08-08 17:36:25,13,2.19,4.25,abonnement
TR2608080021822,CL103688,EN00222,velo_elec,Nantes,ST1032,ST1020,2026-08-08 17:21:00,2026-08-08 17:35:00,14,4.72,4.5,abonnement
TR2608080021823,CL100299,EN00256,velo_elec,Nantes,ST1033,ST1031,2026-08-08 17:27:40,2026-08-08 17:56:40,29,8.38,8.25,cb
TR2608080021824,CL104791,EN00475,trottinette, Lille,ST1038,ST1038,2026-08-08 17:17:03,2026-08-08 17:31:03,14,2.47,4.08,cb
TR2608080021825,CL101224,EN00378,velo_elec,Lille,ST1041,ST1042,08/08/2026 17:27,2026-08-08 17:37:47,10,2.53,3.5,abonnement
TR2608080021826,CL106518,EN00403,trottinette,Lille,ST1043,ST1040,2026-08-08 17:19:45,08/08/2026 17:25,6,1.44,2.32,abonnement
TR2608080021827,CL108777,EN00395,trottinette,Lille,ST1043,ST1047,2026-08-08 17:19:30,2026-08-08 17:39:30,20,5.67,5.4,cb
TR2608080021828,CL104337,EN00425,velo_elec,Lille,ST1045,ST1035,2026-08-08 17:24:40,2026-08-08 17:37:40,13,3.2,4.25,paypal
TR2608080021829,CL107494,EN00399,trottinette,Lille,ST1045,ST1046,1786202684,2026-08-08 17:36:44,12,3.44,3.64,cb
TR2608080021830,CL107503,EN00498,trottinette,Lille,ST1046,ST1037,2026-08-08 17:25:22,2026-08-08 17:57:22,32,9.67,8.04,cb
TR2608080021831,CL927863,EN00577,velo_elec,Grenoble,ST1049,ST1057,2026-08-08 17:17:02,2026-08-08 17:42:02,25,4.17,7.25,abonnement
TR2608080021832,CL108382,EN00580,velo_elec,Grenoble,ST1057,ST1058,2026-08-08 17:29:51,2026-08-08 17:40:51,11,2.43,3.75,cb
TR2608080021833,CL100815,EN00520,velo_elec,Grenoble,ST1057,ST1049,2026-08-08 17:21:24,2026-08-08 17:44:24,23,6.33,6.75,cb
TR2608080021834,CL101480,EN00085,velo_elec,Lyonn,ST1003,ST1009,2026-08-08 17:39:09,2026-08-08 17:44:09,5,1.15,2.25,cb
TR2608080021835,CL102507,EN00075,trottinette,Lyon,ST1004,ST1011,2026-08-08 17:41:19,1786204339,11,2.66,3.42,abonnement
TR2608080021836,CL106289,EN00161,velo_elec,Lyon,ST1009,ST1003,08/08/2026 17:39,2026-08-08 17:51:28,12,2.17,4.0,cb
TR2608080021837,CL106680,EN00145,trottinette,Lyon,ST1009,ST1012,2026-08-08 17:45:20,2026-08-08 17:52:20,7,1.58,2.54,paypal
TR2608080021838,CL101104,EN00127,trottinette,Lyon,ST1013,ST1019,2026-08-08 17:44:12,2026-08-08 17:57:12,13,4.13,3.86,cb
TR2608080021839,CL102625,EN00084,velo_elec,Lyon,ST1013,ST1010,08/08/2026 17:30,2026-08-08 17:38:40,8,2.41,3.0,cb
TR2608080021840,CL103747,EN00031,velo_elec,Lyon,ST1014,ST1005,2026-08-08 17:32:19,08/08/2026 17:48,16,5.19,5.0,abonnement
TR2608080021841,CL103498,EN00269,velo_elec,Nantes,ST1021,ST1033,08/08/2026 17:41,1786204372,11,3.64,3.75,abonnement
TR2608080021842,CL104073,EN00276,velo_elec,Nantes,ST1022,ST1032,2026-08-08 17:32:55,2026-08-08 17:38:55,6,1.15,2.5,abonnement
TR2608080021843,CL107714,EN00270,velo_elec,Nantes,ST1025,ST1033,2026-08-08 17:41:55,08/08/2026 18:20,39,9.63,10.75,abonnement
TR2608080021844,CL102432,EN00342,velo_elec,Nantes,ST1029,ST1022,2026-08-08 17:36:56,2026-08-08 17:50:56,14,4.03,4.5,abonnement
TR2608080021845,CL108748,EN00302,velo_elec,Nantes,ST1030,ST1025,2026-08-08 17:35:47,2026-08-08 17:39:47,4,0.98,2.0,cb
TR2608080021846,CL104567,EN00234,trottinette,Nantes,ST1033,ST1023,2026-08-08 17:41:48,2026-08-08 17:48:48,7,1.25,2.54,abonnement
TR2608080021847,CL106748,EN00363,velo_elec,Lille,ST1035,ST1036,2026-08-08 17:36:16,2026-08-08 17:47:16,11,2.32,3.75,cb
TR2608080021848,CL106871,EN00467,velo_elec,Lille,ST1036,ST1044,2026-08-08 17:42:45,2026-08-08 17:51:45,9,2.78,3.25,abonnement
TR2608080021849,CL105719,EN00434,velo_elec,Lille,ST1038,ST1047,2026-08-08 17:43:57,2026-08-08 18:05:57,22,5.23,6.5,cb
TR2608080021850,CL106917,EN00422,velo_elec,Lille,ST1038,ST1036,08/08/2026 17:44,2026-08-08 17:51:21,7,1.86,2.75,cb
TR2608080021851,CL102945,EN00488,velo_elec,LILLE,ST1042,ST1040,2026-08-08 17:33:36,08/08/2026 17:44,11,2.81,3.75,cb
TR2608080021852,CL102498,EN00428,velo_elec,Lille,ST1044,ST1043,2026-08-08 17:36:36,2026-08-08 17:42:36,6,1.71,2.5,cb
TR2608080021853,CL105625,EN00384,trottinette,Lille,ST1045,ST1037,2026-08-08 17:45:04,1786204744,14,4.1,4.08,cb
TR2608080021854,CL106964,EN00531,trottinette,GRENOBLE,ST1051,ST1058,2026-08-08 17:43:42,1786204542,12,2.41,3.64,cb
TR2608080021855,CL107687,EN00585,velo_elec,Grenoble,ST1052,ST1049,1786203510,2026-08-08 18:03:30,25,8.35,7.25,abonnement
TR2608080021856,CL108937,EN00597,trottinette,GRENOBLE,ST1052,ST1051,2026-08-08 17:45:14,2026-08-08 18:10:14,25,4.7,6.5,abonnement
TR2608080021857,CL101425,EN00544,velo_elec,Grenoble,ST1055,ST1052,2026-08-08 17:31:32,2026-08-08 17:37:32,6,1.95,2.5,cb
TR2608080021858,CL107027,EN00596,velo_elec,Grenoble,ST1056,ST1049,08/08/2026 17:39,2026-08-08 17:45:54,6,1.73,2.5,cb
TR2608080021859,CL105208,EN00030,trottinette,Lyon,ST1004,ST1019,2026-08-08 17:49:07,2026-08-08 18:02:07,13,2.11,3.86,cb
TR2608080021860,CL102486,EN00049,trottinette,Lyon,ST1005,ST1017,08/08/2026 17:53,2026-08-08 18:09:03,16,5.47,4.52,abonnement
TR2608080021861,CL107833,EN00140,trottinette,Lyon,ST1005,ST1007,2026-08-08 17:58:38,2026-08-08 18:01:38,3,0.49,1.66,cb
TR2608080021862,CL102486,EN00027,velo_elec,Lyon,ST1012,ST1009,2026-08-08 18:00:52,08/08/2026 18:07,7,1.3,2.75,cb
TR2608080021863,CL100114,EN00073,velo_elec,Lyon,ST1012,ST1015,2026-08-08 17:59:45,2026-08-08 18:14:45,15,4.98,4.75,cb
TR2608080021864,CL105753,EN00079,velo_elec,Lyon,ST1015,ST1019,2026-08-08 17:55:41,2026-08-08 18:29:41,34,8.75,9.5,abonnement
TR2608080021865,CL101251,EN00193,trottinette,Lyon,ST1016,ST1005,1786204061,08/08/2026 18:08,21,3.75,5.62,cb
TR2608080021866,CL107088,EN00135,trottinette,Lyon,ST1017,ST1007,2026-08-08 17:58:44,08/08/2026 18:08,10,2.26,3.2,cb
TR2608080021867,CL101456,EN00005,velo_elec,Lyon,ST1019,ST1007,1786204304,2026-08-08 18:07:44,16,2.88,5.0,abonnement
TR2608080021868,CL104142,EN00351,trottinette,Nante,ST1024,ST1022,2026-08-08 17:52:06,2026-08-08 18:09:06,17,4.78,4.74,abonnement
TR2608080021869,CL108489,EN00302,velo_elec,Nantes,ST1025,ST1023,2026-08-08 17:47:04,2026-08-08 18:21:04,34,7.73,9.5,cb
TR2608080021870,CL106481,EN00304,velo_elec,Nantes,ST1028,ST1033,08/08/2026 17:52,2026-08-08 17:58:11,6,1.52,2.5,abonnement
TR2608080021871,CL107628,EN00380,velo_elec,Lille,ST1034,ST1047,2026-08-08 17:54:05,2026-08-08 18:02:05,8,2.76,3.0,abonnement
TR2608080021872,CL103904,EN00425,velo_elec,Lille,ST1035,ST1045,2026-08-08 17:55:07,08/08/2026 18:08,13,3.54,4.25,cb
TR2608080021873,CL101584,EN00375,trottinette,Lille,ST1041,ST1036,2026-08-08 17:52:20,1786206320,33,8.7,8.26,cb
TR2608080021874,CL107665,EN00514,velo_elec,Grenoble,ST1048,ST1051,08/08/2026 17:52,2026-08-08 18:03:20,11,2.84,3.75,cb
TR2608080021875,CL100408,EN00563,trottinette,grenoble,ST1048,ST1053,2026-08-08 17:55:39,2026-08-08 18:05:39,10,2.47,3.2,cb
TR2608080021876,CL106415,EN00519,velo_elec,Grenoble,ST1054,ST1057,2026-08-08 17:48:50,2026-08-08 18:02:50,14,3.54,4.5,cb
TR2608080021877,CL104643,EN00567,velo_elec,Grenoble,ST1055,ST1049,2026-08-08 17:55:23,2026-08-08 18:07:23,12,2.64,4.0,abonnement
TR2608080021878,CL108909,EN00154,trottinette,Lyon,ST1002,ST1005,2026-08-08 18:02:14,2026-08-08 18:12:14,10,1.58,3.2,paypal
TR2608080021879,CL107009,EN00121,trottinette,Lyon,ST1006,ST1001,2026-08-08 18:01:46,2026-08-08 18:07:46,6,1.64,2.32,paypal
TR2608080021880,CL101686,EN00065,trottinette,Lyon ,ST1010,ST1018,2026-08-08 18:06:56,2026-08-08 18:11:56,5,1.65,2.1,cb
TR2608080021881,CL101671,EN00122,trottinette,Lyon,ST1013,ST1008,2026-08-08 18:13:39,08/08/2026 18:21,8,1.86,2.76,abonnement
TR2608080021882,CL102263,EN00142,velo_elec,Lyon,ST1014,ST1003,08/08/2026 18:04,2026-08-08 18:14:30,-12,2.46,3.5,abonnement
TR2608080021883,CL106070,EN00190,trottinette,Lyon,ST1016,ST1011,2026-08-08 18:11:20,2026-08-08 18:22:20,11,2.21,3.42,cb
TR2608080021884,CL104620,EN00063,velo_elec,Lyon,ST1017,ST1012,1786205169,2026-08-08 19:36:09,90,20.56,23.5,abonnement
TR2608080021885,CL107727,EN00182,trottinette,Lyon,ST1018,ST1008,08/08/2026 18:02,1786205746,13,3.51,3.86,cb
TR2608080021886,CL103782,EN00127,trottinette,Lyon,ST1019,ST1003,08/08/2026 18:08,2026-08-08 18:20:08,12,1.84,3.64,abonnement
TR2608080021887,CL990663,EN00342,velo_elec,Nantes,ST1022,ST1033,2026-08-08 18:03:02,2026-08-08 18:13:02,10,1.94,3.5,abonnement
TR2608080021888,CL101953,EN00298,trottinette,Nantes,ST1022,ST1024,2026-08-08 18:11:16,2026-08-08 18:31:16,20,3.43,5.4,cb
TR2608080021889,CL105875,EN00245,velo_elec,Nantes,ST1024,ST1027,2026-08-08 18:04:13,2026-08-08 18:13:13,9,1.92,3.25,paypal
TR2608080021890,CL105398,EN00229,trottinette,Nantes,ST1027,ST1027,2026-08-08 18:01:26,2026-08-08 18:12:26,-23,1.84,3.42,paypal
TR2608080021891,CL107827,EN00360,trottinette,Nantes,ST1027,ST1023,2026-08-08 18:10:11,2026-08-08 18:16:11,6,1.73,2.32,abonnement
TR2608080021892,CL105905,EN00277,velo_elec,Nantes,ST1030,ST1033,2026-08-08 18:04:26,1786205546,8,2.39,3.0,cb
TR2608080021893,CL105954,EN00384,trottinette,Lille,ST1037,ST1041,2026-08-08 18:15:19,2026-08-08 18:25:19,10,1.93,3.2,cb
TR2608080021894,CL101674,EN00500,velo,Lille,ST1041,ST1045,2026-08-08 18:12:46,2026-08-08 18:21:46,9,1.39,2.35,cb
TR2608080021895,CL106335,EN00378,velo_elec,LILLE,ST1042,ST1042,2026-08-08 18:05:05,2026-08-08 18:09:05,4,0.64,2.0,abonnement
TR2608080021896,CL102453,EN00417,trottinette,Lille,ST1047,ST1037,2026-08-08 18:15:10,2026-08-08 18:26:10,11,2.38,3.42,cb
TR2608080021897,CL101959,EN00570,trottinette,Grenoble,ST1050,ST1057,2026-08-08 18:15:58,2026-08-08 18:52:58,37,11.22,9.14,
TR2608080021898,CL106294,EN00554,velo_elec,Grenoble,ST1053,ST1055,2026-08-08 18:14:21,2026-08-08 18:26:21,12,2.15,4.0,cb
TR2608080021899,CL100256,EN00546,trottinette,GRENOBLE,ST1054,ST1057,2026-08-08 18:11:22,2026-08-08 18:49:22,38,8.87,9.36,cb
TR2608080021900,CL104413,EN00213,trottinette,lyon,ST1001,ST1011,2026-08-08 18:29:36,2026-08-08 18:38:36,9,1.92,2.98,cb
TR2608080021901,CL101051,EN00154,trottinette,Lyonn,ST1005,ST1010,2026-08-08 18:31:02,2026-08-08 18:52:02,21,3.58,5.62,cb
TR2608080021902,CL104258,EN00085,velo_elec,Lyon ,ST1009,ST1003,08/08/2026 18:20,2026-08-08 18:31:46,11,1.83,3.75,abonnement
TR2608080021903,CL107590,EN00001,velo_elec,Lyon,ST1015,ST1013,08/08/2026 18:23,2026-08-08 18:35:23,12,4.15,4.0,paypal
TR2608080021904,CL108993,EN00036,velo_elec,Lyon,ST1015,ST1015,1786206127,08/08/2026 18:30,8,2.4,3.0,cb
TR2608080021905,CL104894,EN00030,trottinette,Lyon,ST1019,ST1012,08/08/2026 18:23,2026-08-08 18:37:44,14,2.27,4.08,cb
TR2608080021906,CL106615,EN00328,velo_elec,Nantes,ST1031,ST1032,2026-08-08 18:19:20,08/08/2026 18:30,11,1.86,3.75,abonnement
TR2608080021907,CL104121,EN00365,velo_elec,Lille,ST1036,ST1042,2026-08-08 18:22:17,2026-08-08 18:31:17,9,2.31,3.25,abonnement
TR2608080021908,CL100390,EN00498,trottinette,Lille,ST1037,ST1040,2026-08-08 18:21:20,08/08/2026 18:36,15,4.29,4.3,abonnement
TR2608080021909,CL107530,EN00488,velo_elec,Lille,ST1040,ST1037,1786206600,2026-08-08 18:56:00,26,6.42,7.5,abonnement
TR2608080021910,CL108011,EN00448,velo,Lille,ST1041,ST1042,2026-08-08 18:30:24,2026-08-08 18:36:24,6,1.14,1.9,cb
TR2608080021911,CL106809,EN00378,velo_elec,Lille,ST1042,ST1042,1786205949,08/08/2026 18:24,5,1.58,2.25,abonnement
TR2608080021912,CL103743,EN00374,velo_elec,Lille,ST1046,ST1040,2026-08-08 18:17:35,2026-08-08 18:27:35,10,1.75,3.5,paypal
TR2608080021913,CL102256,EN00391,velo_elec,Lille,ST1047,ST1043,2026-08-08 18:27:01,2026-08-08 18:35:01,8,2.79,3.0,cb
TR2608080021914,CL102014,EN00517,trottinette,Grenoble,ST1048,ST1057,2026-08-08 18:18:51,,7,1.51,2.54,cb
TR2608080021915,CL107702,EN00567,velo_elec,Grenoble,ST1049,ST1049,2026-08-08 18:18:15,2026-08-08 18:24:15,6,1.75,2.5,
TR2608080021916,CL108955,EN00589,velo_elec,Grenoble,ST1058,ST1050,2026-08-08 18:23:01,2026-08-08 18:45:01,22,5.29,6.5,
TR2608080021917,CL108146,EN00111,trottinette,Lyon,ST1004,ST1019,2026-08-08 18:45:13,1786207693,3,0.6,1.66,cb
TR2608080021918,CL105095,EN00193,trottinette,Lyon,ST1005,ST1015,2026-08-08 18:35:07,2026-08-08 18:55:07,20,4.86,5.4,cb
TR2608080021919,CL101966,EN00027,velo_elec,Lyon,ST1009,ST1017,2026-08-08 18:33:35,1786208735,32,6.61,9.0,paypal
TR2608080021920,CL108778,EN00084,velo_elec,Lyon,ST1010,ST1001,2026-08-08 18:36:52,2026-08-08 18:55:52,19,4.77,5.75,paypal
TR2608080021921,CL106198,EN00198,velo_elec,Lyon,ST1013,ST1002,2026-08-08 18:38:19,2026-08-08 18:57:19,19,4.23,5.75,cb
TR2608080021922,CL105615,EN00049,trottinette,Lyon,ST1017,ST1008,2026-08-08 18:42:52,2026-08-08 18:58:52,16,3.69,4.52,cb
TR2608080021923,CL106781,EN00045,trottinette,Lyon,ST1017,ST1014,2026-08-08 18:42:44,2026-08-08 19:10:44,28,7.88,7.16,
TR2608080021924,CL104476,EN00206,velo_elec,Lyon,ST1018,ST1012,2026-08-08 18:34:33,2026-08-08 19:04:33,30,6.9,8.5,cb
TR2608080021925,CL103082,EN00222,velo_elec,Nante,ST1020,ST1026,08/08/2026 18:41,2026-08-08 18:48:17,7,2.44,2.75,
TR2608080021926,CL107255,EN00291,velo_elec,Nantes,ST1022,ST1022,2026-08-08 18:31:44,2026-08-08 18:38:44,7,1.4,2.75,cb
TR2608080021927,CL104587,EN00302,velo_elec,Nantes,ST1023,ST1032,08/08/2026 18:43,2026-08-08 19:02:46,19,6.23,5.75,abonnement
TR2608080021928,CL103840,EN00298,trottinette,Nantes,ST1024,ST1031,2026-08-08 18:45:12,2026-08-08 19:01:12,16,3.92,4.52,cb
TR2608080021929,CL105103,EN00294,velo_elec,Nante,ST1024,ST1031,2026-08-08 18:32:57,2026-08-08 18:39:57,7,1.23,2.75,cb
TR2608080021930,CL107542,EN00273,velo_elec,Nantes,ST1025,ST1028,08/08/2026 18:41,2026-08-08 18:52:57,11,3.67,3.75,cb
TR2608080021931,CL100786,EN00249,velo_elec,Nantes,ST1025,ST1029,2026-08-08 18:36:16,2026-08-08 18:45:16,9,2.14,3.25,paypal
TR2608080021932,CL108424,EN00245,velo_elec,Nantes,ST1027,ST1033,2026-08-08 18:37:50,08/08/2026 18:45,8,1.26,3.0,cb
TR2608080021933,CL106508,EN00355,velo_elec,Nantes,ST1028,ST1030,2026-08-08 18:43:43,2026-08-08 18:52:43,9,2.34,3.25,cb
TR2608080021934,CL107550,EN00266,velo_elec,Nantes,ST1031,ST1029,2026-08-08 18:41:23,08/08/2026 18:47,6,1.97,2.5,cb
TR2608080021935,CL102970,EN00403,trottinette,Lille,ST1040,ST1042,2026-08-08 18:43:34,2026-08-08 19:03:34,20,4.03,5.4,paypal
TR2608080021936,CL101513,EN00539,velo_elec,Grenoble,ST1048,ST1055,1786207196,2026-08-08 19:01:56,22,5.63,6.5,abonnement
TR2608080021937,CL103305,EN00514,velo_elec,Grenoble,ST1051,ST1056,1786207051,2026-08-08 18:50:31,13,3.22,4.25,abonnement
TR2608080021938,CL104002,EN00597,trottinette,Grenoble ,ST1051,ST1057,,2026-08-08 18:44:05,9,3.06,2.98,cb
TR2608080021939,CL107723,EN00530,velo_elec,Grenoble,ST1053,ST1054,2026-08-08 18:34:56,2026-08-08 18:41:56,7,1.5,2.75,paypal
TR2608080021940,CL102420,EN00580,velo_elec,Grenoble,ST1058,ST1057,08/08/2026 18:35,2026-08-08 18:47:26,12,3.41,4.0,cb
TR2608080021941,CL102406,EN00172,trottinette,Lyon,ST1004,ST1018,2026-08-08 18:54:13,2026-08-08 19:01:13,7,1.81,2.54,cb
TR2608080021942,CL106126,EN00092,trottinette,Lyon,ST1004,ST1018,2026-08-08 18:47:01,1786208041,7,1.82,2.54,paypal
TR2608080021943,CL105459,EN00179,trottinette,Lyon,ST1006,ST1016,,08/08/2026 19:16,26,5.24,6.72,cb
TR2608080021944,CL104840,EN00020,velo_elec,Lyon ,ST1015,ST1010,2026-08-08 18:53:19,08/08/2026 19:06,13,3.03,4.25,abonnement
TR2608080021945,CL106926,EN00192,velo_elec,Lyon,ST1017,ST1011,2026-08-08 18:54:04,2026-08-08 19:04:04,10,3.25,3.5,cb
TR2608080021946,CL105910,EN00317,trottinette,Nantes,ST1020,ST1022,2026-08-08 18:56:47,,10,2.64,3.2,cb
TR2608080021947,CL108680,EN00303,velo_elec,Nantes,ST1020,ST1031,2026-08-08 18:47:35,1786208675,17,2.83,5.25,cb
TR2608080021948,CL101188,EN00332,trottinette,Nantes,ST1021,ST1023,08/08/2026 18:52,1786208293,6,0.97,2.32,paypal
TR2608080021949,CL106548,EN00234,trottinette,Nantes,ST1023,ST1031,2026-08-08 18:50:40,2026-08-08 19:00:40,10,2.65,3.2,cb
TR2608080021950,CL101925,EN00278,trottinette,Nantes,ST1024,ST1031,2026-08-08 18:47:36,2026-08-08 18:51:36,4,0.89,1.88,cb
TR2608080021951,CL103202,EN00249,velo_elec,Nantes,ST1029,ST1032,2026-08-08 18:57:10,2026-08-08 19:09:10,12,1.86,4.0,cb
TR2608080021952,CL101062,EN00247,trottinette,Nantes,ST1030,ST9926,2026-08-08 18:58:04,08/08/2026 19:02,4,0.91,1.88,cb
TR2608080021953,CL106988,EN00365,velo_elec,Lille,ST1042,ST1046,2026-08-08 18:59:15,1786209915,26,4.1,7.5,cb
TR2608080021954,CL102026,EN00440,trottinette,Lille,ST1046,ST1043,08/08/2026 18:57,1786209131,15,4.92,4.3,abonnement
TR2608080021955,CL100821,EN00529,velo,Grenoble,ST1048,ST1051,2026-08-08 18:50:52,08/08/2026 19:11,21,5.38,4.15,cb
TR2608080021956,CL106828,EN00516,velo_elec,Grenoble,ST1051,ST1057,2026-08-08 18:59:56,2026-08-08 19:06:56,7,2.24,2.75,abonnement
TR2608080021957,CL108878,EN00535,velo_elec,Grenoble,ST1052,ST1050,2026-08-08 18:52:59,08/08/2026 19:03,11,3.62,3.75,cb
TR2608080021958,CL101676,EN00517,trottinette,Grenoble,ST1057,ST1053,2026-08-08 18:52:36,2026-08-08 19:09:36,17,3.53,4.74,cb
TR2608080021959,CL104083,EN00084,velo_elec,Lyon,ST1001,ST1008,2026-08-08 19:07:37,08/08/2026 19:13,6,1.71,2.5,abonnement
TR2608080021960,CL100664,EN00161,velo_elec,Lyon,ST1003,ST1003,1786208834,2026-08-08 19:25:14,18,3.76,5.5,cb
TR2608080021961,CL107192,EN00104,trottinette,Lyon,ST1008,ST1019,2026-08-08 19:07:26,08/08/2026 19:35,28,4.91,7.16,paypal
TR2608080021962,CL103503,EN00177,velo_elec,Lyon,ST1011,ST1017,08/08/2026 19:13,2026-08-08 19:44:25,31,6.63,8.75,abonnement
TR2608080021963,CL104015,EN00274,velo,nantes,ST1024,ST1031,,2026-08-08 19:37:29,31,10.41,5.65,cb
TR2608080021964,CL104161,EN00246,trottinette,Nantes,ST1025,ST1023,2026-08-08 19:07:30,2026-08-08 19:13:30,6,1.1,2.32,abonnement
TR2608080021965,CL103498,EN00247,trottinette,Nantes,ST1026,ST1021,2026-08-08 19:07:11,08/08/2026 19:17,10,2.44,3.2,abonnement
TR2608080021966,CL107089,EN00229,trottinette,Nantes,ST1027,ST1032,2026-08-08 19:14:35,2026-08-08 20:00:35,46,9.46,11.12,abonnement
TR2608080021967,CL104390,EN00318,velo_elec,Nantes,ST1032,ST1032,2026-08-08 19:14:45,2026-08-08 19:25:45,11,3.45,3.75,abonnement
TR2608080021968,CL106895,EN00349,velo_elec,nantes,ST1032,ST1032,2026-08-08 19:15:43,2026-08-08 20:06:43,51,8.06,13.75,abonnement
TR2608080021969,CL106696,EN00453,trottinette,Lille,ST1034,ST1045,2026-08-08 19:02:29,2026-08-08 19:12:29,10,3.39,3.2,cb
TR2608080021970,CL101058,EN00498,trottinette,Lille,ST1040,ST1042,2026-08-08 19:13:03,2026-08-08 19:32:03,19,5.78,5.18,abonnement
TR2608080021971,CL105423,EN00384,trottinette,Lille,ST1041,ST1047,2026-08-08 19:04:51,08/08/2026 19:23,19,5.88,5.18,cb
TR2608080021972,CL107459,EN00460,velo_elec,Lille,ST1043,ST1036,2026-08-08 19:06:12,1786209432,11,3.67,3.75,cb
TR2608080021973,CL103563,EN00467,velo_elec,Lille,ST1044,ST1040,2026-08-08 19:08:44,2026-08-08 19:24:44,16,4.49,5.0,cb
TR2608080021974,CL102767,EN00589,velo_elec,Grenoble,ST1050,ST1048,08/08/2026 19:01,,12,3.51,4.0,cb
TR2608080021975,CL100300,EN00530,velo_elec,Grenoble,ST1054,ST1058,2026-08-08 19:10:18,2026-08-08 19:15:18,5,1.41,2.25,abonnement
TR2608080021976,CL108142,EN00169,velo,Lyon,ST1006,ST1008,2026-08-08 19:22:14,1786210514,13,2.48,2.95,cb
TR2608080021977,CL107198,EN00182,trottinette,Lyon,ST1008,ST1016,2026-08-08 19:16:09,2026-08-08 19:46:09,30,6.09,7.6,cb
TR2608080021978,CL106938,EN00206,velo_elec,Lyon,ST1012,ST1004,2026-08-08 19:17:34,2026-08-08 19:31:34,14,3.28,4.5,cb
TR2608080021979,CL107051,EN00036,velo_elec,Lyon,ST1015,ST1010,2026-08-08 19:26:58,2026-08-08 19:51:58,25,7.2,7.25,paypal
TR2608080021980,CL101666,EN00026,trottinette,LYON,ST1017,ST1018,2026-08-08 19:28:53,2026-08-08 19:41:53,13,3.47,3.86,abonnement
TR2608080021981,CL105905,EN00299,trottinette,Nantes,ST1020,ST1024,2026-08-08 19:22:06,2026-08-08 19:27:06,5,1.43,2.1,cb
TR2608080021982,CL107059,EN00309,trottinette,Nantes,ST1021,ST1025,2026-08-08 19:25:54,08/08/2026 19:39,14,4.31,4.08,paypal
TR2608080021983,CL104752,EN00317,trottinette,Nantes,ST1022,ST1028,2026-08-08 19:23:07,08/08/2026 19:27,4,1.02,1.88,cb
TR2608080021984,CL104603,EN00234,trottinette,Nantes,ST1031,ST1026,2026-08-08 19:21:20,2026-08-08 19:33:20,12,1.86,3.64,abonnement
TR2608080021985,CL105489,EN00303,velo_elec,Nantes,ST1031,ST1024,08/08/2026 19:21,2026-08-08 19:52:55,31,9.6,8.75,abonnement
TR2608080021986,CL102104,EN00302,velo_elec,Nantes,ST1032,ST1023,2026-08-08 19:25:29,2026-08-08 19:48:29,23,5.03,6.75,paypal
TR2608080021987,CL100100,EN00245,velo_elec,Nantes,ST1033,ST1023,2026-08-08 19:29:18,2026-08-08 19:38:18,9,1.74,3.25,cb
TR2608080021988,CL103240,EN00449,trottinette,Lille,ST1035,ST1042,1786209481,2026-08-08 19:31:01,13,3.1,3.86,cb
TR2608080021989,CL104599,EN00445,velo_elec,Lille,ST1035,ST1039,2026-08-08 19:20:16,2026-08-08 19:32:16,12,2.29,4.0,paypal
TR2608080021990,CL104052,EN00375,trottinette,Lille,ST1036,ST1037,2026-08-08 19:30:29,08/08/2026 19:37,7,1.07,2.54,abonnement
TR2608080021991,CL103470,EN00378,velo_elec,Lille,ST1042,ST1039,2026-08-08 19:17:51,2026-08-08 19:27:51,10,1.96,3.5,cb
TR2608080021992,CL104698,EN00391,velo_elec,Lille,ST1043,ST1034,2026-08-08 19:27:06,2026-08-08 19:33:06,6,0.92,2.5,cb
TR2608080021993,CL104946,EN00393,trottinette,Lille,ST1044,ST1039,2026-08-08 19:19:08,2026-08-08 19:28:08,9,2.12,2.98,
TR2608080021994,CL107266,EN00415,trottinette,Lille,ST1045,ST1037,1786209588,2026-08-08 19:22:48,3,0.49,1.66,paypal
TR2608080021995,CL103777,EN00370,velo_elec,Lille,ST1045,ST1044,2026-08-08 19:29:11,1786211231,18,4.18,5.5,cb
TR2608080021996,CL102043,EN00555,velo,Grenoble ,ST1051,ST1050,2026-08-08 19:25:30,2026-08-08 19:43:30,18,2.99,3.7,abonnement
TR2608080021997,CL100993,EN00501,trottinette,Grenoble,ST1052,ST1048,08/08/2026 19:22,2026-08-08 19:59:40,37,11.32,9.14,paypal
TR2608080021998,CL105115,EN00544,velo_elec,Grenoble,ST1052,ST1050,2026-08-08 19:29:47,08/08/2026 19:57,28,5.63,8.0,abonnement
TR2608080021999,CL104378,EN00070,trottinette,Lyon,ST1009,ST1004,2026-08-08 19:45:00,2026-08-08 20:10:00,25,3.92,6.5,paypal
TR2608080022000,CL106381,EN00010,trottinette,Lyon,ST1017,ST1008,2026-08-08 19:42:51,08/08/2026 20:03,21,4.83,5.62,abonnement
TR2608080022001,CL106625,EN00065,trottinette,Lyon,ST1018,ST1013,08/08/2026 19:36,2026-08-08 19:45:53,9,3.12,2.98,abonnement
TR2608080022002,CL101519,EN00299,trottinette,Nantes,ST1024,ST1031,2026-08-08 19:42:32,2026-08-08 20:02:32,20,5.72,5.4,abonnement
TR2608080022003,CL108131,EN00222,velo_elec,Nantes,ST1026,ST1025,2026-08-08 19:40:15,08/08/2026 19:48,8,2.64,3.0,cb
TR2608080022004,CL105416,EN00265,trottinette,Nantes,ST1030,ST1028,2026-08-08 19:43:28,08/08/2026 19:57,14,3.27,4.08,cb
TR2608080022005,CL105345,EN00368,trottinette,Lille,ST1034,ST1040,2026-08-08 19:39:59,2026-08-08 19:44:59,5,1.1,2.1,cb
TR2608080022006,CL103912,EN00415,trottinette, Lille,ST1037,ST1038,2026-08-08 19:40:40,08/08/2026 19:58,18,5.68,4.96,paypal
TR2608080022007,CL106072,EN00475,trottinette,Lille,ST1038,ST1046,2026-08-08 19:32:59,2026-08-08 19:42:59,10,2.47,3.2,abonnement
TR2608080022008,CL101594,EN00378,velo_elec,Lille,ST1039,ST1044,,2026-08-08 19:41:59,6,2.0,2.5,cb
TR2608080022009,CL103848,EN00399,trottinette,Lille,ST1046,ST1041,2026-08-08 19:32:27,2026-08-08 19:55:27,23,3.86,6.06,paypal
TR2608080022010,CL100157,EN00380,velo_elec,Lille,ST1047,ST1041,2026-08-08 19:33:32,2026-08-08 19:38:32,5,0.88,2.25,cb
TR2608080022011,CL101174,EN00517,trottinette,Grenoble,ST1053,ST1050,2026-08-08 19:41:16,2026-08-08 20:03:16,22,6.66,5.84,abonnement
TR2608080022012,CL101836,EN00554,velo_elec,Grenoble ,ST1055,ST1054,2026-08-08 19:38:40,2026-08-08 19:44:40,6,1.41,2.5,cb
TR2608080022013,CL106651,EN00099,velo_elec,Lyon,ST1001,ST1015,2026-08-08 19:57:56,08/08/2026 20:05,8,1.39,3.0,abonnement
TR2608080022014,CL103036,EN00175,trottinette,Lyon,ST1001,ST1011,2026-08-08 19:57:19,08/08/2026 20:02,5,1.49,2.1,
TR2608080022015,CL100746,EN00049,trottinette,Lyon,ST1008,ST1009,08/08/2026 19:56,1786212555,13,2.93,3.86,paypal
TR2608080022016,CL100172,EN00122,trottinette,Lyon,ST1008,ST1017,08/08/2026 19:57,2026-08-08 20:04:48,7,1.82,2.54,cb
TR2608080022017,CL103010,EN00065,trottinette,Lyon,ST1013,ST1018,2026-08-08 19:52:08,2026-08-08 20:03:08,11,2.23,3.42,cb
TR2608080022018,CL101766,EN00092,trottinette,lyon,ST1018,ST1019,2026-08-08 20:00:46,2026-08-08 20:08:46,8,2.35,2.76,abonnement
TR2608080022019,CL103326,EN00301,velo_elec,Nantes,ST1020,ST1033,2026-08-08 19:53:35,2026-08-08 20:27:35,34,6.48,9.5,cb
TR2608080022020,CL108216,EN00285,trottinette,NANTES,ST1020,ST1027,08/08/2026 19:47,2026-08-08 19:56:57,9,1.62,2.98,paypal
TR2608080022021,CL100729,EN00247,trottinette,Nantes,ST1021,ST1027,1786211268,08/08/2026 19:52,5,1.5,2.1,cb
TR2608080022022,CL104188,EN00304,velo_elec,Nantes,ST1033,ST1032,2026-08-08 19:56:30,2026-08-08 20:22:30,26,4.83,7.5,paypal
TR2608080022023,CL104528,EN00388,velo_elec,Lille,ST1046,ST1039,2026-08-08 19:46:38,2026-08-08 20:10:38,24,5.72,7.0,abonnement
TR2608080022024,CL108683,EN00084,velo_elec,Lyon,ST1008,ST1004,2026-08-08 20:07:22,2026-08-08 20:20:22,13,3.09,4.25,cb
TR2608080022025,CL102872,EN00423,velo_elec,LILLE,ST1035,ST1042,2026-08-08 20:09:18,2026-08-08 20:27:18,18,3.67,5.5,cb
TR2608080022026,CL104781,EN00473,trottinette,Lille,ST1047,ST1038,08/08/2026 20:09,2026-08-08 20:19:27,10,2.56,3.2,abonnement
TR2608080022027,CL107990,EN00579,trottinette,Grenoble,ST1053,ST1050,2026-08-08 20:13:44,2026-08-08 20:17:44,4,1.03,1.88,cb
TR2608080022028,CL105669,EN00546,trottinette,Grenoble,ST1057,ST1058,08/08/2026 20:12,2026-08-08 20:27:41,15,3.17,4.3,cb
TR2608080022029,CL104251,EN00206,velo_elec,Lyon,ST1004,ST1013,08/08/2026 20:22,2026-08-08 20:34:46,12,2.5,4.0,abonnement
TR2608080022030,CL107812,EN00049,trottinette,Lyon,ST1009,ST1009,2026-08-08 20:26:03,2026-08-08 20:40:03,14,4.1,4.08,cb
TR2608080022031,CL103693,EN00141,velo_elec,Lyon,ST1011,ST1015,2026-08-08 20:29:55,,13,2.63,4.25,abonnement
TR2608080022032,CL106751,EN00045,trottinette,Lyon,ST1014,ST1013,2026-08-08 20:18:53,2026-08-08 20:28:53,10,2.29,3.2,cb
TR2608080022033,CL102624,EN00111,trottinette,Lyon,ST1019,ST1008,2026-08-08 20:16:30,2026-08-08 20:24:30,8,2.56,2.76,abonnement
TR2608080022034,CL106892,EN00246,trottinette,Nantes,ST1023,ST1028,2026-08-08 20:26:10,2026-08-08 20:38:10,12,2.66,3.64,cb
TR2608080022035,CL107610,EN00303,velo_elec,Nantes,ST1024,ST1028,2026-08-08 20:17:53,2026-08-08 20:30:53,13,3.91,4.25,cb
TR2608080022036,CL103144,EN00275,velo,Nantes,ST1024,ST1028,2026-08-08 20:20:28,2026-08-08 20:28:28,8,1.91,2.2,cb
TR2608080022037,CL103628,EN00344,velo,Nantes,ST1024,ST1032,2026-08-08 20:20:55,2026-08-08 20:45:55,25,7.61,4.75,abonnement
TR2608080022038,CL102677,EN00273,velo_elec,Nantes,ST1028,ST1032,2026-08-08 20:19:47,2026-08-08 20:23:47,4,0.72,2.0,cb
TR2608080022039,CL107173,EN00391,velo_elec,Lille,ST1034,ST1047,2026-08-08 20:20:32,2026-08-08 20:36:32,16,4.99,5.0,cb
TR2608080022040,CL102941,EN00417,trottinette,Lille,ST1037,ST1044,2026-08-08 20:16:31,,20,4.73,5.4,paypal
TR2608080022041,CL105782,EN00467,velo_elec,Lille,ST1040,ST1043,2026-08-08 20:25:30,2026-08-08 20:39:30,14,3.85,4.5,cb
TR2608080022042,CL103718,EN00374,velo_elec,Lille,ST1040,ST1044,1786213223,2026-08-08 20:33:23,13,2.85,4.25,abonnement
TR2608080022043,CL100693,EN00370,velo_elec,Lille,ST1044,ST1047,2026-08-08 20:24:50,2026-08-08 20:32:50,8,1.74,3.0,
TR2608080022044,CL108494,EN00070,trottinette,Lyon,ST1004,ST1011,2026-08-08 20:45:19,2026-08-08 21:01:19,16,3.59,4.52,abonnement
TR2608080022045,CL107102,EN00063,velo_elec,Lyon,ST1012,ST1016,1786214527,2026-08-08 21:07:07,25,6.54,7.25,abonnement
TR2608080022046,CL107684,EN00179,trottinette,Lyon,ST1016,ST1019,2026-08-08 20:37:30,2026-08-08 20:48:30,11,2.24,3.42,paypal
TR2608080022047,CL105456,EN00177,velo_elec,LYON,ST1017,ST1004,2026-08-08 20:31:19,,10,3.17,3.5,paypal
TR2608080022048,CL102386,EN00065,trottinette,Lyon,ST1018,ST1002,2026-08-08 20:43:00,2026-08-08 20:48:00,5,0.86,2.1,cb
TR2608080022049,CL101609,EN00245,velo_elec,Nantes,ST1023,ST1027,2026-08-08 20:40:35,2026-08-08 20:52:35,12,2.69,4.0,paypal
TR2608080022050,CL102485,EN00302,velo_elec,Nantes,ST1023,ST1020,2026-08-08 20:32:13,2026-08-08 20:50:13,18,5.48,5.5,cb
TR2608080022051,CL104066,EN00266,velo_elec,Nantes,ST1029,ST1023,08/08/2026 20:43,08/08/2026 20:56,13,2.12,4.25,cb
TR2608080022052,CL106365,EN00368,trottinette,Lille,ST1040,ST1039,1786214598,2026-08-08 20:58:18,15,3.28,4.3,
TR2608080022053,CL106234,EN00440,trottinette,Lille,ST1043,ST1034,08/08/2026 20:40,2026-08-08 20:52:10,6540,2.25,3.64,abonnement
TR2608080022054,CL106943,EN00378,velo_elec,Lille,ST1044,ST1038,2026-08-08 20:43:24,08/08/2026 21:04,21,5.21,6.25,abonnement
TR2608080022055,CL103020,EN00589,velo_elec,Grenoble,ST1048,ST1058,1786214714,2026-08-08 20:58:14,13,3.9,4.25,cb
TR2608080022056,CL105132,EN00563,trottinette,Grenoble,ST1053,ST1051,2026-08-08 20:36:29,2026-08-08 21:15:29,39,12.51,9.58,abonnement
TR2608080022057,CL102689,EN00204,velo_elec,Lyon,ST1001,ST1015,2026-08-08 20:58:07,2026-08-08 21:08:07,10,1.55,3.5,paypal
TR2608080022058,CL107685,EN00198,velo_elec,Lyon,ST1002,ST1009,2026-08-08 20:54:40,2026-08-08 21:05:40,11,2.36,3.75,cb
TR2608080022059,CL107449,EN00049,trottinette,Lyon,ST1009,ST1014,2026-08-08 20:46:40,2026-08-08 20:58:40,12,2.95,3.64,paypal
TR2608080022060,CL101637,EN00020,velo_elec,Lyon,ST1010,ST1013,08/08/2026 20:57,2026-08-08 21:07:51,10,3.15,3.5,cb
TR2608080022061,CL107019,EN00075,trottinette,Lyon,ST1011,ST1006,08/08/2026 20:59,1786216816,21,5.11,5.62,abonnement
TR2608080022062,CL105964,EN00104,trottinette,Lyon,ST1019,ST1001,2026-08-08 20:59:15,1786215915,6,0.95,2.32,cb
TR2608080022063,CL104411,EN00286,velo_elec,Nantes,ST1020,ST1032,2026-08-08 21:01:21,08/08/2026 21:15,14,4.9,4.5,cb
TR2608080022064,CL102173,EN00226,velo_elec,Nantes,ST1022,ST1032,08/08/2026 20:58,2026-08-08 21:16:42,18,6.01,5.5,cb
TR2608080022065,CL104549,EN00247,trottinette,Nantes,ST1027,ST1031,2026-08-08 20:57:48,2026-08-08 21:09:48,12,4.11,3.64,cb
TR2608080022066,CL105261,EN00488,velo_elec,Lille,ST1037,ST1037,2026-08-08 20:47:12,08/08/2026 21:22,35,10.75,9.75,cb
TR2608080022067,CL106348,EN00415,trottinette,Lille,ST1038,ST1046,08/08/2026 20:48,2026-08-08 20:58:33,10,2.43,3.2,cb
TR2608080022068,CL102954,EN00498,trottinette,Lille,ST1042,ST1047,2026-08-08 20:55:29,2026-08-08 21:18:29,23,3.94,6.06,abonnement
TR2608080022069,CL107997,EN00424,velo_elec,LILLE,ST1045,ST1039,1786215121,2026-08-08 21:21:01,29,8.82,8.25,cb
TR2608080022070,CL100200,EN00418,trottinette,Lille,ST1047,ST1046,2026-08-08 20:47:13,2026-08-08 20:56:13,9,1.9,2.98,abonnement
TR2608080022071,CL106828,EN00503,trottinette,Grenoble,ST1055,ST1056,2026-08-08 20:54:04,2026-08-08 21:04:04,10,2.67,3.2,cb
TR2608080022072,CL106811,EN00172,trottinette,Lyon,ST1018,ST1017,08/08/2026 21:08,1786217503,23,7.4,6.06,cb
TR2608080022073,CL104901,EN00173,velo_elec,Lyon,ST1018,ST1006,2026-08-08 21:02:35,2026-08-08 21:10:35,8,2.07,,cb
TR2608080022074,CL100471,EN00318,velo_elec,Nantes,ST1032,ST1027,2026-08-08 21:04:19,2026-08-08 21:10:19,6,0.92,2.5,cb
TR2608080022075,CL103063,EN00408,velo_elec,Lille,ST1035,ST1041,2026-08-08 21:13:10,2026-08-08 21:58:10,45,10.46,12.25,abonnement
TR2608080022076,CL101662,EN00396,velo_elec,Lille,ST1042,ST1044,2026-08-08 21:14:28,08/08/2026 21:26,12,2.28,4.0,cb
TR2608080022077,CL107104,EN00403,trottinette,Lille,ST1042,ST1047,08/08/2026 21:12,08/08/2026 21:24,2221,2.58,3.64,abonnement
TR2608080022078,CL101756,EN00104,trottinette,Lyon,ST1001,ST1011,2026-08-08 21:16:08,2026-08-08 21:41:08,25,7.09,6.5,cb
TR2608080022079,CL106783,EN00177,velo_elec,Lyon,ST1004,ST1003,08/08/2026 21:16,,8,2.6,3.0,cb
TR2608080022080,CL107339,EN00198,velo_elec,Lyon,ST1009,ST1019,08/08/2026 21:19,2026-08-08 21:32:52,13,3.4,4.25,cb
TR2608080022081,CL106121,EN00030,trottinette,Lyon,ST1012,ST1012,2026-08-08 21:27:39,2026-08-08 21:45:39,18,4.06,4.96,abonnement
TR2608080022082,CL100433,EN00122,trottinette,lyon,ST1017,ST1017,2026-08-08 21:26:06,2026-08-08 21:35:06,9,3.02,2.98,cb
TR2608080022083,CL103425,EN00027,velo_elec,Lyon,ST1017,ST1016,08/08/2026 21:23,08/08/2026 21:44,21,5.62,6.25,cb
TR2608080022084,CL106820,EN00314,trottinette,Nantes,ST1025,ST1030,2026-08-08 21:17:26,2026-08-08 21:27:26,10,2.57,3.2,cb
TR2608080022085,CL101103,EN00319,velo_elec,Nantes,ST1026,ST1020,2026-08-08 21:28:12,2026-08-08 21:31:12,3,0.81,1.75,cb
TR2608080022086,CL105221,EN00246,trottinette,Nantes,ST1028,ST1024,08/08/2026 21:27,2026-08-08 21:58:47,31,5.68,7.82,cb
TR2608080022087,CL107593,EN00342,velo_elec,Nantes,ST1033,ST1029,2026-08-08 21:17:40,2026-08-08 21:27:40,10,1.76,3.5,cb
TR2608080022088,CL102194,EN00375,trottinette,Lille,ST1037,ST1043,2026-08-08 21:30:03,08/08/2026 21:40,10,3.48,3.2,abonnement
TR2608080022089,CL100814,EN00501,trottinette,Grenoble,ST1048,ST1057,08/08/2026 21:23,08/08/2026 21:25,2,0.32,1.44,cb
TR2608080022090,CL107417,EN00571,trottinette,Grenoble,ST1053,ST1055,2026-08-08 21:17:39,2026-08-08 21:32:39,15,4.15,4.3,abonnement
TR2608080022091,CL105220,EN00525,velo,Grenoble ,ST1053,ST1058,2026-08-08 21:20:16,2026-08-08 21:39:16,19,5.86,3.85,cb
TR2608080022092,CL104829,EN00533,velo_elec,Grenoble,ST1055,ST1052,2026-08-08 21:17:33,1786217253,10,2.96,3.5,cb
TR2608080022093,CL107277,EN00204,velo_elec,Lyon,ST1015,ST1011,2026-08-08 21:33:15,2026-08-08 21:36:15,3,0.55,1.75,cb
TR2608080022094,CL103511,EN00063,velo_elec,Lyon,ST1016,ST1006,2026-08-08 21:42:44,1786219364,20,3.95,6.0,cb
TR2608080022095,CL106950,EN00319,velo_elec,Nantes,ST1020,ST1026,1786218223,2026-08-08 21:56:43,13,3.11,4.25,abonnement
TR2608080022096,CL101442,EN00338,velo_elec,Nantes,ST1021,ST1020,2026-08-08 21:31:25,2026-08-08 21:37:25,6,1.54,2.5,cb
TR2608080022097,CL103044,EN00333,trottinette,Nantes,ST1021,ST1026,1786217761,2026-08-08 21:50:01,14,2.2,4.08,cb
TR2608080022098,CL107407,EN00252,velo_elec,Nantes,ST1031,ST1027,08/08/2026 21:41,2026-08-08 21:54:43,13,4.35,4.25,cb
TR2608080022099,CL101300,EN00415,trottinette,Lille,ST1046,ST1040,,2026-08-08 21:43:55,9,2.89,2.98,cb
TR2608080022100,CL997624,EN00519,velo_elec,Grenoble,ST1057,ST1051,2026-08-08 21:44:16,2026-08-08 22:21:16,37,12.31,10.25,cb
TR2608080022101,CL107512,EN00214,trottinette,Lyon,ST1014,ST1015,2026-08-08 21:51:01,08/08/2026 22:17,26,5.77,6.72,paypal
TR2608080022102,CL101119,EN00380,velo_elec,Lille,ST1041,ST1036,2026-08-08 21:51:31,2026-08-08 22:22:31,31,8.32,8.75,cb
TR2608080022103,CL101524,EN00467,velo_elec,Lille,ST1043,ST1045,1786219155,2026-08-08 22:15:15,16,5.1,5.0,cb
TR2608080022104,CL100301,EN00526,velo_elec,Grenoble,ST1049,ST1057,08/08/2026 21:57,2026-08-08 22:06:43,9,2.19,3.25,cb
TR2608080022105,CL105053,EN00013,velo_elec,Lyon,ST1014,ST1005,2026-08-08 22:06:50,2026-08-08 22:14:50,8,2.35,3.0,cb
TR2608080022106,CL103708,EN00314,trottinette,Nantes,ST1030,ST1022,2026-08-08 22:14:44,2026-08-08 22:36:44,22,4.65,5.84,cb
TR2608080022107,CL103434,EN00391,velo_elec,Lille,ST1047,ST1045,2026-08-08 22:10:46,,19,5.88,5.75,cb
TR2608080022108,CL106797,EN00567,velo_elec,Grenoble,ST1049,ST1052,2026-08-08 22:04:34,2026-08-08 22:28:34,24,7.41,7.0,cb
TR2608080022109,CL103144,EN00266,velo_elec,Nantes,ST1023,ST1021,2026-08-08 22:28:34,2026-08-08 22:40:34,12,2.82,4.0,paypal
TR2608080022110,CL105256,EN00224,velo_elec,Nantes,ST1026,ST1029,2026-08-08 22:18:27,1786221147,14,2.91,4.5,cb
TR2608080022111,CL104106,EN00300,velo_elec,NANTES,ST1030,ST1020,2026-08-08 22:19:14,2026-08-08 22:42:14,23,6.89,6.75,cb
TR2608080022112,CL104827,EN00247,trottinette,Nantes,ST1031,ST1025,2026-08-08 22:28:55,2026-08-08 22:49:55,21,4.87,5.62,cb
TR2608080022113,CL103274,EN00418,trottinette,Lille,ST1046,ST1036,2026-08-08 22:23:38,08/08/2026 22:33,10,2.7,3.2,abonnement
TR2608080022114,CL107153,EN00068,velo_elec,Lyon ,ST1004,ST1016,2026-08-08 22:40:30,,12,2.52,4.0,paypal
TR2608080022115,CL104907,EN00086,velo_elec,Lyon,ST1011,ST1015,2026-08-08 22:39:07,2026-08-08 22:49:07,10,2.11,3.5,abonnement
TR2608080022116,CL104142,EN00277,velo_elec,Nante,ST1033,ST1030,08/08/2026 22:35,2026-08-08 22:51:46,16,3.33,5.0,abonnement
TR2608080022117,CL102642,EN00372,trottinette,Lille,ST1047,ST1041,2026-08-08 22:43:51,08/08/2026 22:55,12,3.24,3.64,cb
TR2608080022118,CL102013,EN00539,velo_elec,Grenoble,ST1055,ST1055,2026-08-08 22:32:02,08/08/2026 22:40,8,1.71,3.0,cb
TR2608080022119,CL106805,EN00084,velo_elec,Lyon,ST1004,ST1016,08/08/2026 22:57,1786222922,5,0.81,2.25,abonnement
TR2608080022120,CL102969,EN00567,velo_elec,Grenoble,ST1052,ST1052,2026-08-08 22:46:31,2026-08-08 22:59:31,13,4.06,4.25,cb
TR2608080022121,CL100070,EN00513,velo_elec,Grenoble,ST1050,ST1050,08/08/2026 23:12,2026-08-08 23:36:39,24,3.94,7.0,abonnement
TR2608080022122,CL108072,EN00314,trottinette,Nantes,ST1022,ST1028,2026-08-08 23:24:17,2026-08-08 23:35:17,11,2.46,3.42,cb
TR2608080022123,CL103813,EN00365,velo_elec,Lille,ST1046,ST1034,1786224054,2026-08-08 23:48:54,28,9.04,8.0,abonnement
TR2608080022124,CL100771,EN00291,velo_elec,Nantes,ST1022,ST1029,2026-08-08 23:41:46,2026-08-09 00:09:46,28,6.42,8.0,cb
TR2608080022125,CL102001,EN00311,trottinette,Nantes,ST1026,ST1033,2026-08-08 23:42:53,2026-08-09 00:38:53,56,12.15,13.32,abonnement
TR2608080022126,CL104500,EN00488,velo_elec,Lille,ST1037,ST1035,1786224743,2026-08-08 23:40:23,8,1.52,3.0,abonnement
TR2608080022127,CL103193,EN00018,trottinette,Lyon,ST1001,ST1004,2026-08-08 23:58:49,2026-08-09 00:12:49,14,2.57,4.08,cb
TR2608080022128,CL108490,EN00374,velo_elec, Lille,ST1044,ST1044,2026-08-08 23:50:22,2026-08-08 23:58:22,8,2.42,3.0,cb
