trajet_id,client_id,engin_id,type_engin,ville,station_depart,station_arrivee,debut,fin,duree_min,distance_km,montant_eur,moyen_paiement
TR2607240004527,CL100200,EN00403,trottinette,Lille,ST1037,ST1038,2026-07-24 00:39:17,1784847077,12,2.78,3.64,paypal
TR2607240004528,CL108804,EN00194,velo_elec,Lyon,ST1019,ST1017,1784847413,2026-07-24 01:05:53,9,2.14,3.25,abonnement
TR2607240004529,CL103849,EN00318,velo_elec,Nantes,ST1024,ST1023,24/07/2026 01:22,2026-07-24 01:38:19,16,3.21,5.0,cb
TR2607240004530,CL100385,EN00047,velo_elec,LYON,ST1017,ST1005,2026-07-24 03:32:33,2026-07-24 03:44:33,12,1.95,4.0,cb
TR2607240004531,CL105664,EN00074,trottinette,Lyon,ST1001,ST1002,2026-07-24 03:54:08,24/07/2026 03:59,5,0.93,2.1,abonnement
TR2607240004532,CL105316,EN00291,velo_elec,Nantes,ST1020,ST1021,2026-07-24 04:21:34,2026-07-24 04:30:34,9,2.79,3.25,paypal
TR2607240004533,CL107777,EN00304,velo_elec,NANTES,ST1026,ST1027,2026-07-24 04:22:06,2026-07-24 04:36:06,14,2.79,4.5,paypal
TR2607240004534,CL101809,EN00401,trottinette,Lille,ST1034,ST1035,2026-07-24 04:44:57,24/07/2026 05:05,21,5.62,5.62,cb
TR2607240004535,CL101052,EN00342,velo_elec,Nantes,ST1021,ST1028,24/07/2026 04:46,2026-07-24 04:57:07,11,2.15,3.75,paypal
TR2607240004536,CL102006,EN00440,trottinette,Lille,ST1035,ST1035,2026-07-24 04:51:37,2026-07-24 05:00:37,9,2.56,2.98,cb
TR2607240004537,CL104005,EN00451,velo_elec,Lille,ST1041,ST1034,2026-07-24 04:53:02,2026-07-24 05:03:02,10,3.18,3.5,cb
TR2607240004538,CL107634,EN00047,velo_elec,Lyon,ST1005,ST1019,2026-07-24 05:12:54,2026-07-24 05:23:54,11,2.14,3.75,abonnement
TR2607240004539,CL103324,EN00351,trottinette,Nantes,ST1029,ST1023,2026-07-24 05:15:04,2026-07-24 05:32:04,17,4.12,4.74,paypal
TR2607240004540,CL103177,EN00281,velo_elec,Nantes,ST1032,ST1020,24/07/2026 05:08,2026-07-24 05:15:18,7,2.26,2.75,abonnement
TR2607240004541,CL100239,EN00388,velo_elec,Lille,ST1044,ST1035,2026-07-24 05:09:22,2026-07-24 05:12:22,3,0.66,1.75,cb
TR2607240004542,CL104932,EN00130,velo_elec,Lyon,ST1005,ST1007,2026-07-24 05:23:35,,9,1.77,3.25,cb
TR2607240004543,CL101426,EN00435,trottinette,Lille,ST1044,ST1046,2026-07-24 05:17:26,2026-07-24 05:35:26,18,5.54,4.96,abonnement
TR2607240004544,CL100134,EN00002,velo_elec,Lyon,ST1013,ST1004,,2026-07-24 05:47:27,8,1.53,3.0,cb
TR2607240004545,CL101207,EN00098,velo_elec,Lyon,ST1003,ST1014,24/07/2026 05:55,1784868831,58,16.75,15.5,abonnement
TR2607240004546,CL104961,EN00316,velo_elec,nantes,ST1030,ST1023,2026-07-24 05:48:49,2026-07-24 06:02:49,14,3.1,4.5,paypal
TR2607240004547,CL101562,EN00444,trottinette,lille,ST1039,ST1046,,2026-07-24 06:06:29,9,1.58,2.98,cb
TR2607240004548,CL108328,EN00412,trottinette,Lille,ST1041,ST1045,2026-07-24 05:51:57,2026-07-24 06:19:57,28,4.8,7.16,cb
TR2607240004549,CL107227,EN00160,velo_elec,Lyon,ST1006,ST1002,2026-07-24 06:07:28,2026-07-24 06:18:28,11,3.68,3.75,cb
TR2607240004550,CL104872,EN00199,velo_elec,Lyon,ST1008,ST1001,2026-07-24 06:06:55,1784866555,9,2.67,3.25,
TR2607240004551,CL104530,EN00530,velo_elec,Grenoble,ST1051,ST1057,2026-07-24 06:14:08,2026-07-24 06:23:08,-1,1.81,3.25,
TR2607240004552,CL105781,EN00173,velo_elec,Lyon,ST1007,ST1003,2026-07-24 06:24:14,2026-07-24 06:35:14,11,1.98,3.75,cb
TR2607240004553,CL106039,EN00182,trottinette,Lyon,ST1018,ST1017,2026-07-24 06:18:04,1784867584,15,3.74,4.3,abonnement
TR2607240004554,CL108354,EN00316,velo_elec,Nantes,ST1023,ST1030,2026-07-24 06:21:03,2026-07-24 06:26:03,5,0.76,2.25,cb
TR2607240004555,CL106187,EN00537,velo_elec,Grenoble,ST1048,ST1056,2026-07-24 06:23:22,24/07/2026 06:29,-18,2.08,2.5,abonnement
TR2607240004556,CL100220,EN00520,velo_elec,Grenoble,ST1052,ST1049,1784867421,2026-07-24 06:37:21,7,1.72,2.75,abonnement
TR2607240004557,CL104529,EN00129,velo_elec,Lyon,ST1004,ST1004,24/07/2026 06:40,,15,2.51,4.75,cb
TR2607240004558,CL105007,EN00167,trottinette,Lyon,ST1010,ST1009,24/07/2026 06:43,24/07/2026 06:49,6,1.7,2.32,paypal
TR2607240004559,CL107988,EN00165,trottinette,Lyon,ST1011,ST1002,24/07/2026 06:45,2026-07-24 06:59:08,14,4.64,4.08,cb
TR2607240004560,CL100391,EN00180,trottinette,Lyon,ST1012,ST1014,2026-07-24 06:36:21,2026-07-24 06:42:21,6,1.57,2.32,paypal
TR2607240004561,CL101620,EN00177,velo_elec,Lyon,ST1018,ST1001,2026-07-24 06:44:40,2026-07-24 06:54:40,10,1.7,3.5,abonnement
TR2607240004562,CL104976,EN00065,trottinette,Lyon,ST1019,ST1004,2026-07-24 06:33:19,24/07/2026 06:53,20,5.86,5.4,abonnement
TR2607240004563,CL101466,EN00591,velo_elec,Grenoble,ST1050,ST1050,24/07/2026 06:38,2026-07-24 08:08:13,90,28.14,23.5,
TR2607240004564,CL101005,EN00519,velo_elec,Grenoble,ST1050,ST1051,2026-07-24 06:32:33,2026-07-24 06:38:33,6,1.87,2.5,cb
TR2607240004565,CL106086,EN00544,velo_elec,Grenoble,ST1052,ST1048,2026-07-24 06:41:08,24/07/2026 07:04,23,3.77,6.75,abonnement
TR2607240004566,CL101910,EN00524,velo_elec,Grenoble,ST1053,ST1051,2026-07-24 06:40:55,2026-07-24 06:54:55,14,4.08,4.5,abonnement
TR2607240004567,CL101641,EN00593,trottinette,Grenoble,ST1055,ST1054,1784867814,2026-07-24 06:44:54,8,1.51,2.76,cb
TR2607240004568,CL103850,EN00560,velo_elec,Grenoble,ST1056,ST1048,2026-07-24 06:38:39,2026-07-24 07:08:39,30,5.19,8.5,
TR2607240004569,CL103639,EN00152,velo_elec,Lyon,ST1011,ST1001,2026-07-24 06:53:20,2026-07-24 07:08:20,15,3.61,,abonnement
TR2607240004570,CL105873,EN00182,trottinette,Lyon,ST1017,ST1013,2026-07-24 06:50:00,2026-07-24 06:56:00,6,1.97,2.32,cb
TR2607240004571,CL103629,EN00270,velo_elec,Nantes,ST1028,ST1021,24/07/2026 06:55,2026-07-24 06:59:11,4,1.4,2.0,abonnement
TR2607240004572,CL106540,EN00385,velo_elec,Lille,ST1037,ST1035,2026-07-24 06:50:22,2026-07-24 07:11:22,21,3.33,6.25,paypal
TR2607240004573,CL103250,EN00480,velo_elec,Lille,ST1044,ST1036,2026-07-24 06:54:05,2026-07-24 07:12:05,18,5.37,5.5,abonnement
TR2607240004574,CL104032,EN00415,trottinette,Lille,ST1045,ST1034,24/07/2026 06:49,2026-07-24 06:51:53,2,0.65,1.44,cb
TR2607240004575,CL104412,EN00507,trottinette,Grenoble,ST1048,ST1048,2026-07-24 06:51:40,2026-07-24 07:06:40,15,3.78,4.3,cb
TR2607240004576,CL101429,EN00530,velo_elec,Grenoble,ST1057,ST1054,2026-07-24 06:55:16,24/07/2026 07:30,35,6.32,9.75,paypal
TR2607240004577,CL104520,EN00200,trottinette,Lyon,ST1006,ST1002,2026-07-24 07:15:12,2026-07-24 07:25:12,10,2.11,3.2,cb
TR2607240004578,CL106056,EN00178,velo_elec,Lyon,ST1007,ST1003,2026-07-24 07:11:47,1784870147,4,0.78,2.0,cb
TR2607240004579,CL107306,EN00027,velo_elec,Lyon,ST1007,ST1003,2026-07-24 07:13:18,2026-07-24 07:18:18,5,1.51,2.25,cb
TR2607240004580,CL103120,EN00130,velo_elec,Lyon,ST1007,ST1002,2026-07-24 07:05:10,24/07/2026 07:23,18,5.6,5.5,paypal
TR2607240004581,CL104681,EN00070,trottinette,Lyon,ST1011,ST1003,2026-07-24 07:11:03,2026-07-24 07:16:03,5,1.43,2.1,cb
TR2607240004582,CL104367,EN00052,trottinette,Lyon ,ST1018,ST1002,2026-07-24 07:10:48,1784870748,15,2.51,4.3,cb
TR2607240004583,CL105010,EN00214,trottinette,Lyon,ST1019,ST1002,2026-07-24 07:02:03,2026-07-24 07:12:03,10,2.28,3.2,paypal
TR2607240004584,CL103214,EN00318,velo_elec,Nantes,ST1023,ST1021,2026-07-24 07:07:16,2026-07-24 07:22:16,15,2.63,4.75,paypal
TR2607240004585,CL102062,EN00290,trottinette,Nantes,ST1026,ST1021,24/07/2026 07:01,2026-07-24 07:06:38,5,1.33,2.1,cb
TR2607240004586,CL100349,EN00309,trottinette,Nantes,ST1027,ST1032,2026-07-24 07:03:00,24/07/2026 07:24,21,5.28,5.62,paypal
TR2607240004587,CL102147,EN00307,trottinette,NANTES,ST1029,ST1030,2026-07-24 07:04:23,2026-07-24 07:17:23,13,3.93,3.86,cb
TR2607240004588,CL101234,EN00229,trottinette,Nantes,ST1033,ST1022,2026-07-24 07:05:52,24/07/2026 07:14,9,1.75,2.98,cb
TR2607240004589,CL100060,EN00451,velo_elec,Lille,ST1034,ST1045,2026-07-24 07:01:44,2026-07-24 07:23:44,22,3.84,6.5,cb
TR2607240004590,CL100610,EN00401,trottinette,Lille,ST1035,ST1040,2026-07-24 07:11:41,24/07/2026 07:26,15,4.68,4.3,abonnement
TR2607240004591,CL103783,EN00370,velo_elec,Lille,ST1037,ST1047,2026-07-24 07:06:04,1784870044,8,1.96,3.0,cb
TR2607240004592,CL101834,EN00421,velo_elec,Lille,ST1037,ST1040,2026-07-24 07:15:11,2026-07-24 07:35:11,20,4.55,6.0,abonnement
TR2607240004593,CL104408,EN00445,velo_elec,Lille,ST1040,ST1044,2026-07-24 07:02:56,2026-07-24 07:11:56,9,2.14,3.25,abonnement
TR2607240004594,CL108127,EN00374,velo_elec,Lille,ST1040,ST1047,2026-07-24 07:08:34,2026-07-24 07:19:34,11,2.3,3.75,cb
TR2607240004595,CL105644,EN00464,trottinette,Lille,ST1041,ST1034,2026-07-24 07:01:27,2026-07-24 07:07:27,6,1.23,2.32,cb
TR2607240004596,CL102520,EN00386,trottinette,Lille,ST1042,ST1036,2026-07-24 07:05:03,2026-07-24 07:13:03,8,1.51,2.76,abonnement
TR2607240004597,CL107662,EN00368,trottinette,Lille,ST1043,ST1039,2026-07-24 07:06:57,1784870157,9,2.94,2.98,cb
TR2607240004598,CL984552,EN00412,trottinette,lille,ST1045,ST1036,2026-07-24 07:13:53,2026-07-24 07:20:53,7,1.6,2.54,abonnement
TR2607240004599,CL100740,EN00477,trottinette,Lille,ST1045,ST1036,2026-07-24 07:03:36,2026-07-24 07:07:36,4,1.36,1.88,abonnement
TR2607240004600,CL101782,EN00363,velo_elec,Lille,ST1047,ST1047,24/07/2026 07:05,24/07/2026 07:14,9,1.39,3.25,cb
TR2607240004601,CL108996,EN00434,velo_elec,Lille,ST1047,ST1041,2026-07-24 07:13:50,2026-07-24 07:21:50,8,1.27,3.0,
TR2607240004602,CL101910,EN00553,trottinette,Grenoble,ST1050,ST1058,1784870128,2026-07-24 07:20:28,5,0.83,2.1,abonnement
TR2607240004603,CL107471,EN00565,trottinette,Grenoble,ST1050,ST1049,2026-07-24 07:01:12,2026-07-24 07:14:12,13,3.37,3.86,abonnement
TR2607240004604,CL106927,EN00523,velo_elec,Grenoble,ST1051,ST1051,2026-07-24 07:03:58,24/07/2026 07:10,7,1.52,2.75,cb
TR2607240004605,CL103723,EN00519,velo_elec,Grenoble,ST1051,ST1056,2026-07-24 07:03:25,2026-07-24 07:16:25,13,2.03,4.25,cb
TR2607240004606,CL107752,EN00593,trottinette,Grenoble,ST1054,ST1049,1784869376,1784870816,24,5.45,6.28,cb
TR2607240004607,CL101320,EN00578,velo_elec,Grenoble,ST1055,ST1057,2026-07-24 07:04:22,24/07/2026 07:37,33,10.88,9.25,paypal
TR2607240004608,CL108589,EN00537,velo_elec,Grenoble,ST1056,ST1055,2026-07-24 07:14:49,2026-07-24 07:27:49,13,3.94,4.25,paypal
TR2607240004609,CL105168,EN00515,trottinette,Grenoble,ST1056,ST1048,1784870086,2026-07-24 07:27:46,13,3.6,3.86,cb
TR2607240004610,CL102675,EN00532,velo_elec,Grenoble,ST1057,ST1053,2026-07-24 07:03:19,2026-07-24 07:14:19,2864,2.9,3.75,cb
TR2607240004611,CL108442,EN00513,velo_elec,Grenoble,ST1058,ST1058,2026-07-24 07:01:49,24/07/2026 07:05,4,0.85,2.0,paypal
TR2607240004612,CL102897,EN00039,velo_elec,LYON,ST1002,ST1007,2026-07-24 07:22:08,2026-07-24 07:43:08,21,4.16,6.25,cb
TR2607240004613,CL105631,EN00020,velo_elec,Lyon,ST1003,ST1011,2026-07-24 07:15:58,2026-07-24 07:21:58,6,1.19,2.5,cb
TR2607240004614,CL103464,EN00021,trottinette,Lyon,ST1005,ST1004,2026-07-24 07:26:26,24/07/2026 07:49,23,3.52,6.06,abonnement
TR2607240004615,CL105031,EN00112,velo_elec,Lyon,ST1005,ST1003,1784870984,2026-07-24 07:49:44,20,6.19,6.0,cb
TR2607240004616,CL103061,EN00209,velo_elec,Lyon,ST1005,ST1002,2026-07-24 07:26:58,2026-07-24 07:33:58,7,2.21,2.75,paypal
TR2607240004617,CL107935,EN00104,trottinette,lyon,ST1005,ST1013,2026-07-24 07:31:15,1784872155,18,6.22,4.96,cb
TR2607240004618,CL105811,EN00075,trottinette,Lyon,ST1010,ST1014,2026-07-24 07:20:33,2026-07-24 07:24:33,4,0.82,1.88,abonnement
TR2607240004619,CL103803,EN00121,trottinette,Lyon,ST1010,ST1010,24/07/2026 07:29,2026-07-24 07:48:23,19,4.05,5.18,cb
TR2607240004620,CL106270,EN00001,velo_elec,Lyon,ST1013,ST1009,2026-07-24 07:17:19,2026-07-24 08:03:19,46,11.67,12.5,abonnement
TR2607240004621,CL104050,EN00191,trottinette,Lyon,ST1016,ST1001,2026-07-24 07:25:15,2026-07-24 07:58:15,33,7.65,8.26,cb
TR2607240004622,CL100386,EN00118,trottinette,Lyon,ST1017,ST1004,24/07/2026 07:18,2026-07-24 07:28:43,10,3.5,3.2,cb
TR2607240004623,CL107782,EN00019,trottinette,Lyon ,ST1017,ST1003,2026-07-24 07:20:59,2026-07-24 07:26:59,6,1.23,2.32,cb
TR2607240004624,CL105068,EN00351,trottinette,Nantes,ST1023,ST1031,2026-07-24 07:16:37,24/07/2026 07:38,22,4.83,5.84,abonnement
TR2607240004625,CL102962,EN00252,velo_elec,Nantes,ST1027,ST1028,2026-07-24 07:26:56,2026-07-24 07:29:56,3,1.02,1.75,cb
TR2607240004626,CL105108,EN00310,trottinette,Nantes,ST1031,ST1021,24/07/2026 07:25,2026-07-24 07:47:48,22,7.26,5.84,cb
TR2607240004627,CL101249,EN00340,velo_elec,Nantes,ST1031,ST1022,2026-07-24 07:19:35,2026-07-24 07:27:35,8,1.52,3.0,cb
TR2607240004628,CL103459,EN00375,trottinette,Lille,ST1037,ST1035,2026-07-24 07:24:03,24/07/2026 07:33,9,2.09,2.98,abonnement
TR2607240004629,CL105021,EN00498,trottinette,Lille,ST1038,ST1035,2026-07-24 07:25:14,24/07/2026 07:31,6,1.95,2.32,cb
TR2607240004630,CL106829,EN00384,trottinette,Lille,ST1038,ST1045,2026-07-24 07:25:08,2026-07-24 07:37:08,12,3.72,3.64,abonnement
TR2607240004631,CL106432,EN00482,velo_elec, Lille,ST1040,ST1041,2026-07-24 07:30:12,2026-07-24 07:58:12,28,6.67,8.0,cb
TR2607240004632,CL103243,EN00469,velo,Lille,ST1045,ST1034,2026-07-24 07:29:19,2026-07-24 07:43:19,14,3.48,3.1,paypal
TR2607240004633,CL102801,EN00363,velo_elec,Lille,ST1047,ST1044,2026-07-24 07:28:54,24/07/2026 07:39,11,2.5,3.75,paypal
TR2607240004634,CL108913,EN00370,velo_elec,Lille,ST1047,ST1043,2026-07-24 07:26:08,2026-07-24 07:40:08,14,3.42,4.5,cb
TR2607240004635,CL100699,EN00592,velo_elec,Grenoble,ST1050,ST1049,2026-07-24 07:19:25,2026-07-24 07:35:25,16,5.45,5.0,abonnement
TR2607240004636,CL101852,EN00551,trottinette,Grenoble,ST1050,ST1049,1784870498,2026-07-24 07:41:38,20,4.9,5.4,paypal
TR2607240004637,CL102343,EN00588,velo_elec,Grenoble,ST1055,ST1054,2026-07-24 07:24:33,2026-07-24 07:35:33,11,2.39,3.75,cb
TR2607240004638,CL103499,EN00162,velo_elec,Lyon,ST1004,ST1007,1784871438,2026-07-24 07:54:18,17,3.58,5.25,paypal
TR2607240004639,CL102743,EN00166,velo,Lyon,ST1005,ST1004,2026-07-24 07:41:18,24/07/2026 08:01,20,3.4,4.0,cb
TR2607240004640,CL100172,EN00192,velo_elec,Lyon,ST1006,ST1007,2026-07-24 07:37:42,2026-07-24 07:41:42,4,0.75,2.0,cb
TR2607240004641,CL102489,EN00116,velo,Lyon,ST1007,ST1015,1784871362,2026-07-24 07:52:02,16,3.77,3.4,cb
TR2607240004642,CL103461,EN00020,velo_elec,Lyon,ST1011,ST1003,2026-07-24 07:34:57,2026-07-24 07:42:57,8,1.45,3.0,abonnement
TR2607240004643,CL104714,EN00182,trottinette,Lyon,ST1013,ST1011,2026-07-24 07:36:02,,8,1.25,2.76,cb
TR2607240004644,CL104331,EN00323,velo,Nantes,ST1023,ST1032,2026-07-24 07:38:37,2026-07-24 07:45:37,7,1.29,2.05,abonnement
TR2607240004645,CL105149,EN00316,velo_elec,Nantes,ST1030,ST1021,2026-07-24 07:42:21,2026-07-24 07:57:21,15,2.5,4.75,cb
TR2607240004646,CL103883,EN00254,velo_elec,Nantes,ST1031,ST1022,2026-07-24 07:38:22,2026-07-24 07:56:22,18,6.19,5.5,paypal
TR2607240004647,CL102764,EN00496,velo_elec,Lille,ST1038,ST1034,2026-07-24 07:42:48,1784872728,16,4.7,5.0,cb
TR2607240004648,CL105552,EN00401,trottinette,Lille,ST1040,ST1034,2026-07-24 07:42:57,2026-07-24 07:50:57,8,1.6,2.76,abonnement
TR2607240004649,CL104570,EN00403,trottinette,Lille,ST1042,ST1035,2026-07-24 07:45:14,24/07/2026 07:52,7,1.89,2.54,abonnement
TR2607240004650,CL105956,EN00402,trottinette,Lille,ST1043,ST1036,2026-07-24 07:37:51,2026-07-24 07:47:51,10,1.74,3.2,paypal
TR2607240004651,CL103211,EN00377,trottinette,Lille,ST1043,ST1036,2026-07-24 07:44:13,2026-07-24 07:52:13,8,2.06,2.76,cb
TR2607240004652,CL102730,EN00372,trottinette,Lille,ST1044,ST1035,24/07/2026 07:33,2026-07-24 07:48:08,15,2.4,4.3,paypal
TR2607240004653,CL103317,EN00568,velo,Grenoble,ST1050,ST1048,2026-07-24 07:32:46,2026-07-24 07:45:46,13,2.36,2.95,cb
TR2607240004654,CL105594,EN00572,velo,Grenoble,ST1050,ST1049,2026-07-24 07:40:03,2026-07-24 07:49:03,9,2.53,2.35,cb
TR2607240004655,CL100210,EN00523,velo_elec,Grenoble,ST1051,ST1049,2026-07-24 07:42:06,2026-07-24 07:52:06,10,3.25,3.5,cb
TR2607240004656,CL104410,EN00506,trottinette,Grenoble,ST1051,ST1048,2026-07-24 07:31:11,24/07/2026 07:46,15,3.94,4.3,abonnement
TR2607240004657,CL107575,EN00509,trottinette,grenoble,ST1052,ST1048,2026-07-24 07:33:17,2026-07-24 07:39:17,6,1.38,2.32,abonnement
TR2607240004658,CL102509,EN00519,velo_elec,Grenoble,ST1056,ST1048,24/07/2026 07:32,2026-07-24 08:46:10,74,22.55,19.5,cb
TR2607240004659,CL106044,EN00522,velo_elec,Grenoble,ST1057,ST1053,1784871126,24/07/2026 07:42,10,2.65,3.5,abonnement
TR2607240004660,CL103915,EN00571,trottinette,Grenoble,ST1057,ST1049,24/07/2026 07:31,,37,8.84,9.14,cb
TR2607240004661,CL105602,EN00513,velo_elec,Grenoble,ST1058,ST1048,,2026-07-24 07:53:24,13,4.13,4.25,cb
TR2607240004662,CL102542,EN00190,trottinette,Lyon,ST1008,ST1016,2026-07-24 07:47:48,2026-07-24 07:55:48,8,1.5,2.76,cb
TR2607240004663,CL100240,EN00175,trottinette,Lyon,ST1009,ST1018,2026-07-24 07:58:03,2026-07-24 08:19:03,21,6.06,5.62,abonnement
TR2607240004664,CL104755,EN00079,velo_elec,Lyon,ST1012,ST1002,2026-07-24 07:50:30,2026-07-24 08:00:30,10,1.53,3.5,cb
TR2607240004665,CL105975,EN00010,trottinette,Lyon,ST1013,ST1004,,1784875192,43,8.64,10.46,cb
TR2607240004666,CL108147,EN00083,velo_elec,Lyon,ST1015,ST1003,2026-07-24 07:52:16,2026-07-24 08:08:16,16,3.89,5.0,abonnement
TR2607240004667,CL106042,EN00111,trottinette,Lyon,ST1016,ST1003,2026-07-24 07:53:16,2026-07-24 07:58:16,5,0.96,2.1,cb
TR2607240004668,CL100972,EN00216,velo_elec,Lyon,ST1019,ST1003,2026-07-24 07:52:14,24/07/2026 08:02,10,1.57,3.5,cb
TR2607240004669,CL104015,EN00304,velo_elec,Nantes,ST1027,ST1020,2026-07-24 07:49:40,2026-07-24 08:06:40,17,3.79,5.25,abonnement
TR2607240004670,CL104098,EN00252,velo_elec,Nantes,ST1028,ST1021,24/07/2026 07:48,1784872554,7,1.83,2.75,cb
TR2607240004671,CL101411,EN00271,velo_elec,Nantes,ST1030,ST1030,2026-07-24 07:52:08,1784873408,18,5.9,5.5,abonnement
TR2607240004672,CL107788,EN00386,trottinette,Lille,ST1036,ST1045,2026-07-24 07:57:01,2026-07-24 08:18:01,21,6.5,5.62,abonnement
TR2607240004673,CL107189,EN00417,trottinette,Lille,ST1038,ST1035,2026-07-24 07:46:21,2026-07-24 07:59:21,13,2.98,3.86,cb
TR2607240004674,CL103979,EN00424,velo_elec,Lille,ST1038,ST1035,24/07/2026 07:58,2026-07-24 08:04:41,6,1.8,2.5,abonnement
TR2607240004675,CL106922,EN00493,velo_elec,Lille,ST1039,ST1034,2026-07-24 07:49:23,,5,1.15,2.25,
TR2607240004676,CL105494,EN00455,velo_elec,Lille,ST1042,ST1036,2026-07-24 07:55:32,2026-07-24 08:08:32,13,2.45,4.25,abonnement
TR2607240004677,CL105527,EN00363,velo_elec,Lille,ST1044,ST1036,2026-07-24 07:49:09,2026-07-24 08:14:09,25,4.84,7.25,cb
TR2607240004678,CL101714,EN00451,velo_elec,Lille,ST1045,ST1035,2026-07-24 07:46:22,2026-07-24 08:28:22,42,7.84,11.5,abonnement
TR2607240004679,CL100521,EN00374,velo_elec,Lille,ST1047,ST1035,2026-07-24 07:53:02,2026-07-24 08:12:02,19,3.42,5.75,paypal
TR2607240004680,CL101120,EN00579,trottinette,Grenoble,ST1048,ST1058,2026-07-24 07:47:07,2026-07-24 08:30:07,43,6.89,10.46,paypal
TR2607240004681,CL102097,EN00592,velo_elec,Grenoble,ST1049,ST1055,24/07/2026 07:58,2026-07-24 08:10:43,12,2.33,4.0,cb
TR2607240004682,CL108070,EN00581,velo,Grenoble,ST1052,ST1049,2026-07-24 07:55:16,24/07/2026 08:08,13,3.6,2.95,abonnement
TR2607240004683,CL101035,EN00534,trottinette,Grenoble,ST1056,ST1052,1784872147,2026-07-24 08:00:07,11,1.73,3.42,cb
TR2607240004684,CL107823,EN00578,velo_elec,Grenoble,ST1057,ST1049,2026-07-24 07:55:45,2026-07-24 08:19:45,24,6.7,7.0,abonnement
TR2607240004685,CL105399,EN00079,velo_elec,Lyon,ST1002,ST1001,24/07/2026 08:16,2026-07-24 08:25:16,9,2.77,3.25,paypal
TR2607240004686,CL107595,EN00002,velo_elec,Lyon,ST1004,ST1015,2026-07-24 08:09:01,2026-07-24 08:20:01,11,2.88,3.75,paypal
TR2607240004687,CL102715,EN00085,velo_elec,Lyon,ST1005,ST1003,2026-07-24 08:10:32,2026-07-24 08:33:32,23,4.54,6.75,cb
TR2607240004688,CL103542,EN00122,trottinette,Lyon,ST1010,ST1007,2026-07-24 08:09:24,2026-07-24 08:24:24,15,3.5,4.3,paypal
TR2607240004689,CL103356,EN00182,trottinette,Lyon,ST1011,ST1001,2026-07-24 08:09:24,2026-07-24 08:28:24,19,3.75,5.18,abonnement
TR2607240004690,CL101550,EN00201,velo_elec,Lyon,ST1014,ST1018,2026-07-24 08:03:41,24/07/2026 08:17,14,3.75,4.5,cb
TR2607240004691,CL105237,EN00107,velo_elec,Lyon,ST1014,ST1004,2026-07-24 08:00:30,1784874210,23,4.87,6.75,abonnement
TR2607240004692,CL108217,EN00013,velo_elec,Lyon,ST1016,ST1002,1784873660,2026-07-24 08:22:20,8,1.91,3.0,abonnement
TR2607240004693,CL918668,EN00042,trottinette,Lyon,ST1017,ST1002,2026-07-24 08:10:10,24/07/2026 08:25,15,2.83,4.3,abonnement
TR2607240004694,CL103318,EN00031,velo_elec,Lyon,ST1018,ST1004,,2026-07-24 08:25:42,11,1.96,3.75,cb
TR2607240004695,CL104999,EN00338,velo_elec,Nantes,ST1025,ST1027,2026-07-24 08:11:01,2026-07-24 08:44:01,33,5.71,9.25,paypal
TR2607240004696,CL108354,EN00227,trottinette,Nantes,ST1025,ST1024,2026-07-24 08:05:32,2026-07-24 08:17:32,12,2.28,3.64,abonnement
TR2607240004697,CL104581,EN00498,trottinette,Lille,ST1035,ST1047,2026-07-24 08:04:23,2026-07-24 08:08:23,4,1.38,1.88,cb
TR2607240004698,CL104614,EN00391,velo_elec,Lille,ST1039,ST1040,24/07/2026 08:05,2026-07-24 08:12:38,7,2.22,2.75,cb
TR2607240004699,CL108277,EN00396,velo_elec,LILLE,ST1040,ST1036,2026-07-24 08:03:20,1784873840,14,3.83,4.5,abonnement
TR2607240004700,CL100066,EN00442,trottinette,Lille,ST1040,ST1035,2026-07-24 08:05:06,2026-07-24 08:18:06,13,4.19,3.86,abonnement
TR2607240004701,CL100357,EN00460,velo_elec,Lille,ST1042,ST1035,2026-07-24 08:06:53,1784874233,17,4.66,5.25,abonnement
TR2607240004702,CL101594,EN00365,velo_elec,lille,ST1042,ST1037,2026-07-24 08:04:09,2026-07-24 08:33:09,29,9.57,8.25,cb
TR2607240004703,CL105844,EN00400,trottinette,Lille,ST1042,ST1036,2026-07-24 08:07:32,2026-07-24 08:25:32,18,3.42,4.96,cb
TR2607240004704,CL107778,EN00370,velo_elec,Lille,ST1043,ST1043,24/07/2026 08:13,1784874747,19,6.51,5.75,cb
TR2607240004705,CL104429,EN00490,velo,Lille,ST1043,ST1034,2026-07-24 08:12:30,2026-07-24 08:47:30,35,11.43,6.25,cb
TR2607240004706,CL108837,EN00433,velo,Lille,ST1043,ST1034,2026-07-24 08:04:39,2026-07-24 08:27:39,23,7.9,4.45,cb
TR2607240004707,CL107907,EN00384,trottinette,Lille,ST1045,ST1045,2026-07-24 08:01:20,2026-07-24 08:10:20,9,2.49,2.98,cb
TR2607240004708,CL107104,EN00450,trottinette,Lille,ST1046,ST1035,24/07/2026 08:03,2026-07-24 08:12:34,9,1.77,2.98,cb
TR2607240004709,CL108190,EN00539,velo_elec,Grenoble,ST1051,ST1049,2026-07-24 08:14:27,24/07/2026 08:22,8,1.31,3.0,cb
TR2607240004710,CL107241,EN00580,velo_elec,Grenoble,ST1052,ST1058,1784873059,,7,2.32,2.75,cb
TR2607240004711,CL102245,EN00534,trottinette,Grenoble,ST1052,ST1048,2026-07-24 08:04:16,,5,1.47,2.1,cb
TR2607240004712,CL106165,EN00532,velo_elec,Grenoble,ST1053,ST1058,2026-07-24 08:03:30,2026-07-24 08:16:30,13,3.48,4.25,cb
TR2607240004713,CL102780,EN00587,trottinette,Grenoble,ST1053,ST1048,2026-07-24 08:04:31,2026-07-24 08:16:31,12,4.0,3.64,cb
TR2607240004714,CL106238,EN00522,velo_elec,Grenoble,ST1053,ST1049,2026-07-24 08:07:03,2026-07-24 08:14:03,7,2.07,2.75,abonnement
TR2607240004715,CL108511,EN00597,trottinette,Grenoble,ST1055,ST1048,1784873505,2026-07-24 08:15:45,4,1.39,1.88,cb
TR2607240004716,CL100743,EN00575,trottinette,Grenoble,ST1057,ST1057,2026-07-24 08:12:39,24/07/2026 08:25,13,3.78,3.86,cb
TR2607240004717,CL908175,EN00586,velo,Grenoble,ST1057,ST1050,2026-07-24 08:13:37,2026-07-24 08:29:37,16,3.7,3.4,abonnement
TR2607240004718,CL104790,EN00533,velo_elec,Grenoble,ST1058,ST1057,2026-07-24 08:13:59,2026-07-24 08:31:59,18,3.34,5.5,cb
TR2607240004719,CL107027,EN00517,trottinette,Grenoble,ST1058,ST1049,1784873223,2026-07-24 08:28:03,21,3.74,5.62,abonnement
TR2607240004720,CL106231,EN00157,velo_elec,Lyon,ST1003,ST1014,2026-07-24 08:29:52,1784874952,6,1.92,2.5,abonnement
TR2607240004721,CL101620,EN00162,velo_elec,Lyon,ST1007,ST1004,2026-07-24 08:27:05,2026-07-24 09:02:05,35,9.26,9.75,paypal
TR2607240004722,CL103168,EN00038,velo,Lyon,ST1010,ST1003,2026-07-24 08:21:48,2026-07-24 08:30:48,9,2.56,2.35,abonnement
TR2607240004723,CL107116,EN00145,trottinette,Lyon,ST1011,ST1013,2026-07-24 08:18:07,2026-07-24 08:28:07,10,2.32,3.2,paypal
TR2607240004724,CL101027,EN00034,velo_elec,Lyon,ST1012,ST1014,1784874608,2026-07-24 09:04:08,34,11.35,9.5,abonnement
TR2607240004725,CL107580,EN00053,trottinette,Lyon,ST1013,ST1019,2026-07-24 08:25:27,2026-07-24 08:35:27,10,2.67,3.2,cb
TR2607240004726,CL100813,EN00084,velo_elec,Lyon,ST1014,ST1010,2026-07-24 08:21:29,2026-07-24 08:38:29,17,4.19,5.25,cb
TR2607240004727,CL104394,EN00098,velo_elec,Lyon,ST1014,ST1001,2026-07-24 08:30:00,24/07/2026 08:55,25,3.86,7.25,abonnement
TR2607240004728,CL101777,EN00011,velo_elec,Lyon,ST1015,ST1002,2026-07-24 08:25:34,2026-07-24 09:32:34,67,15.85,17.75,cb
TR2607240004729,CL101034,EN00106,trottinette,Lyon,ST1015,ST1004,,24/07/2026 08:55,38,11.55,9.36,cb
TR2607240004730,CL102948,EN00174,velo_elec,lyon,ST1016,ST1003,2026-07-24 08:16:39,2026-07-24 08:32:39,16,3.78,5.0,paypal
TR2607240004731,CL105499,EN00032,velo,Lyon,ST1018,ST1004,2026-07-24 08:23:41,1784874941,12,3.41,2.8,paypal
TR2607240004732,CL106400,EN00047,velo_elec,Lyon,ST1019,ST1002,24/07/2026 08:24,2026-07-24 08:34:52,10,2.14,3.5,abonnement
TR2607240004733,CL108434,EN00024,velo_elec,Lyon,ST1019,ST1002,,2026-07-24 08:38:44,8,2.7,3.0,cb
TR2607240004734,CL105515,EN00299,trottinette,Nantes,ST1026,ST1032,2026-07-24 08:30:43,2026-07-24 08:47:43,17,3.26,4.74,cb
TR2607240004735,CL105003,EN00271,velo_elec,Nantes,ST1030,ST1022,,24/07/2026 08:38,21,3.96,6.25,cb
TR2607240004736,CL106585,EN00309,trottinette,Nantes,ST1032,ST1033,2026-07-24 08:29:53,24/07/2026 08:36,7,1.44,2.54,abonnement
TR2607240004737,CL105069,EN00238,velo_elec,Nantes,ST1033,ST1025,2026-07-24 08:21:30,24/07/2026 08:27,6,1.52,2.5,abonnement
TR2607240004738,CL105303,EN00450,trottinette,LILLE,ST1035,ST1034,2026-07-24 08:18:54,2026-07-24 08:30:54,12,3.76,3.64,cb
TR2607240004739,CL103273,EN00439,velo_elec,Lille,ST1038,ST1034,2026-07-24 08:30:51,24/07/2026 08:51,21,5.85,6.25,cb
TR2607240004740,CL103169,EN00443,velo_elec,Lille,ST1040,ST1036,2026-07-24 08:28:55,2026-07-24 08:44:55,16,5.49,5.0,abonnement
TR2607240004741,CL107508,EN00391,velo_elec,Lille,ST1040,ST1035,2026-07-24 08:26:56,1784875376,16,5.38,5.0,abonnement
TR2607240004742,CL102831,EN00434,velo_elec,Lille,ST1041,ST1036,2026-07-24 08:29:09,2026-07-24 08:40:09,11,3.36,3.75,cb
TR2607240004743,CL107608,EN00481,velo_elec,Lille,ST1046,ST1034,2026-07-24 08:26:06,2026-07-24 08:41:06,15,4.53,4.75,cb
TR2607240004744,CL103394,EN00520,velo_elec,Grenoble,ST1049,ST1056,2026-07-24 08:29:30,2026-07-24 08:44:30,15,3.93,4.75,paypal
TR2607240004745,CL100860,EN00591,velo_elec,Grenoble,ST1050,ST1048,24/07/2026 08:29,2026-07-24 08:41:26,12,2.43,,cb
TR2607240004746,CL102779,EN00524,velo_elec,Grenoble,ST1051,ST1051,2026-07-24 08:19:47,24/07/2026 08:27,8,2.1,3.0,cb
TR2607240004747,CL105968,EN00595,velo,Grenoble,ST1052,ST1054,2026-07-24 08:19:22,2026-07-24 08:30:22,11,2.56,2.65,cb
TR2607240004748,CL107525,EN00554,velo_elec,Grenoble,ST1053,ST1052,1784874110,24/07/2026 08:33,12,3.59,4.0,abonnement
TR2607240004749,CL101538,EN00530,velo_elec,Grenoble,ST1054,ST1055,2026-07-24 08:22:05,2026-07-24 08:28:05,6,2.0,2.5,cb
TR2607240004750,CL107572,EN00561,velo_elec,GRENOBLE,ST1056,ST1048,2026-07-24 08:20:18,2026-07-24 08:31:18,11,3.16,3.75,cb
TR2607240004751,CL105962,EN00580,velo_elec,Grenoble,ST1058,ST1055,24/07/2026 08:29,2026-07-24 08:33:44,4,0.71,2.0,abonnement
TR2607240004752,CL100180,EN00553,trottinette,Grenoble,ST1058,ST1050,24/07/2026 08:17,24/07/2026 08:36,19,4.24,5.18,cb
TR2607240004753,CL102333,EN00107,velo_elec,Lyon,ST1004,ST1016,24/07/2026 08:36,2026-07-24 08:44:30,8,1.46,3.0,cb
TR2607240004754,CL102111,EN00039,velo_elec,Lyon,ST1007,ST1003,2026-07-24 08:45:17,2026-07-24 09:27:17,42,8.51,11.5,cb
TR2607240004755,CL104926,EN00192,velo_elec,Lyon,ST1007,ST1002,1784875339,24/07/2026 08:56,14,3.86,4.5,cb
TR2607240004756,CL104875,EN00189,trottinette,Lyon,ST1008,ST1010,2026-07-24 08:32:37,2026-07-24 08:57:37,25,8.47,6.5,paypal
TR2607240004757,CL108028,EN00138,velo_elec,Lyon,ST1008,ST1015,24/07/2026 08:43,2026-07-24 08:49:19,6,2.0,2.5,cb
TR2607240004758,CL101288,EN00167,trottinette,Lyon,ST1009,ST1019,2026-07-24 08:41:22,24/07/2026 08:49,8,2.43,2.76,cb
TR2607240004759,CL104979,EN00078,velo_elec,Lyon,ST1011,ST1001,2026-07-24 08:37:38,2026-07-24 08:56:38,19,5.65,5.75,cb
TR2607240004760,CL101289,EN00211,velo_elec,Lyon,ST1014,ST1002,2026-07-24 08:31:55,24/07/2026 08:40,9,2.23,3.25,cb
TR2607240004761,CL107652,EN00179,trottinette,Lyon,ST1014,ST1013,2026-07-24 08:45:25,2026-07-24 09:01:25,16,4.65,4.52,cb
TR2607240004762,CL107898,EN00002,velo_elec,Lyon,ST1015,ST1003,2026-07-24 08:33:10,1784875270,8,2.06,3.0,abonnement
TR2607240004763,CL100325,EN00014,velo_elec,Lyon,ST1016,ST1002,24/07/2026 08:31,2026-07-24 08:38:53,7,1.57,2.75,paypal
TR2607240004764,CL107676,EN00201,velo_elec,Lyon,ST1018,ST1005,2026-07-24 08:35:33,2026-07-24 08:49:33,14,2.9,4.5,cb
TR2607240004765,CL101995,EN00175,trottinette,Lyon,ST1018,ST1003,24/07/2026 08:38,2026-07-24 08:58:23,20,5.38,5.4,cb
TR2607240004766,CL102701,EN00194,velo_elec,Lyon,ST1019,ST1019,2026-07-24 08:36:12,24/07/2026 08:44,8,1.68,3.0,paypal
TR2607240004767,CL100623,EN00330,trottinette,nantes,ST1027,ST1031,2026-07-24 08:45:25,2026-07-24 08:53:25,8,2.54,2.76,paypal
TR2607240004768,CL100953,EN00342,velo_elec,Nantes,ST1028,ST1021,1784874872,2026-07-24 08:49:32,15,3.29,4.75,abonnement
TR2607240004769,CL108600,EN00287,velo_elec,Nantes,ST1029,ST1022,2026-07-24 08:35:48,2026-07-24 08:44:48,9,1.67,3.25,cb
TR2607240004770,CL108449,EN00307,trottinette,Nante,ST1030,ST1021,2026-07-24 08:43:26,2026-07-24 08:48:26,5,1.1,2.1,cb
TR2607240004771,CL106296,EN00258,trottinette,Nante,ST1031,ST1023,24/07/2026 08:37,2026-07-24 08:55:14,18,4.42,4.96,cb
TR2607240004772,CL105267,EN00336,velo_elec,Nantes,ST1031,ST1021,24/07/2026 08:45,2026-07-24 08:54:36,9,1.43,3.25,cb
TR2607240004773,CL106476,EN00276,velo_elec,Nantes,ST1033,ST1022,2026-07-24 08:31:38,2026-07-24 08:40:38,9,2.59,3.25,abonnement
TR2607240004774,CL102895,EN00422,velo_elec,Lille,ST1034,ST1037,24/07/2026 08:38,2026-07-24 08:58:54,20,4.95,6.0,paypal
TR2607240004775,CL103950,EN00396,velo_elec,Lille,ST1036,ST1041,2026-07-24 08:42:47,2026-07-24 08:52:47,10,1.66,3.5,cb
TR2607240004776,CL102026,EN00461,velo_elec,Lille,ST1036,ST1037,2026-07-24 08:39:29,2026-07-24 08:46:29,7,2.29,2.75,cb
TR2607240004777,CL105494,EN00368,trottinette,Lille,ST1039,ST1042,24/07/2026 08:37,2026-07-24 08:45:14,8,2.37,2.76,cb
TR2607240004778,CL107026,EN00462,velo_elec,Lille,ST1043,ST1035,1784875328,2026-07-24 08:45:08,3,0.46,1.75,
TR2607240004779,CL102138,EN00386,trottinette,Lille,ST1045,ST1035,2026-07-24 08:37:40,24/07/2026 09:04,27,8.52,6.94,abonnement
TR2607240004780,CL102527,EN00498,trottinette,Lille,ST1047,ST1034,24/07/2026 08:38,2026-07-24 08:48:49,10,3.42,3.2,cb
TR2607240004781,CL100358,EN00492,velo_elec,Lille,ST1047,ST1036,2026-07-24 08:40:12,2026-07-24 08:55:12,15,4.25,4.75,cb
TR2607240004782,CL107574,EN00561,velo_elec,Grenoble,ST1048,ST1050,24/07/2026 08:39,2026-07-24 08:49:24,10,2.58,3.5,abonnement
TR2607240004783,CL105937,EN00597,trottinette,Grenoble,ST1048,ST1048,2026-07-24 08:44:49,2026-07-24 09:00:49,16,4.64,4.52,abonnement
TR2607240004784,CL106439,EN00586,velo,Grenoble,ST1050,ST1048,2026-07-24 08:33:26,24/07/2026 08:46,13,2.49,2.95,cb
TR2607240004785,CL968084,EN00547,trottinette,Grenoble,ST1051,ST1048,2026-07-24 08:41:14,2026-07-24 08:47:14,6,1.94,2.32,cb
TR2607240004786,CL102438,EN00524,velo_elec,Grenoble,ST1051,ST1058,1784875468,2026-07-24 09:15:28,31,10.18,8.75,paypal
TR2607240004787,CL106059,EN00567,velo_elec,Grenoble,ST1051,ST1055,2026-07-24 08:34:39,2026-07-24 08:42:39,8,2.14,3.0,cb
TR2607240004788,CL101715,EN00514,velo_elec,Grenoble,ST1053,ST1048,2026-07-24 08:39:21,1784876181,17,4.8,5.25,abonnement
TR2607240004789,CL108374,EN00504,trottinette,Grenoble,ST1053,ST1049,2026-07-24 08:43:08,2026-07-24 08:48:08,5,1.1,2.1,abonnement
TR2607240004790,CL108365,EN00536,velo_elec,Grenoble,ST1054,ST1048,2026-07-24 08:39:03,2026-07-24 08:52:03,13,4.25,4.25,cb
TR2607240004791,CL100829,EN00588,velo_elec,Grenoble,ST1054,ST1056,2026-07-24 08:35:18,2026-07-24 08:43:18,8,2.45,3.0,paypal
TR2607240004792,CL106407,EN00592,velo_elec,Grenoble,ST1055,ST1058,2026-07-24 08:41:20,2026-07-24 08:52:20,11,3.59,3.75,cb
TR2607240004793,CL104214,EN00569,trottinette,Grenoble,ST1056,ST1049,24/07/2026 08:43,2026-07-24 08:55:47,12,3.88,3.64,cb
TR2607240004794,CL104092,EN00575,trottinette,Grenoble,ST1057,ST1049,1784875122,2026-07-24 08:50:42,12,3.3,3.64,cb
TR2607240004795,CL103802,EN00535,velo_elec,Grenoble,ST1058,ST1049,24/07/2026 08:40,24/07/2026 08:54,14,4.68,4.5,cb
TR2607240004796,CL101236,EN00150,trottinette,Lyon,ST1008,ST1003,2026-07-24 08:50:30,2026-07-24 09:06:30,16,5.39,4.52,cb
TR2607240004797,CL105159,EN00143,velo,Lyon,ST1008,ST1017,2026-07-24 08:51:48,2026-07-24 09:03:48,12,2.72,2.8,abonnement
TR2607240004798,CL102209,EN00057,velo_elec,Lyon,ST1009,ST1002,2026-07-24 08:49:03,2026-07-24 08:57:03,8,2.32,3.0,abonnement
TR2607240004799,CL107501,EN00196,velo_elec,Lyon,ST1009,ST1014,2026-07-24 08:49:54,1784876274,8,1.25,3.0,abonnement
TR2607240004800,CL105472,EN00093,velo_elec,Lyon,ST1012,ST1001,2026-07-24 08:55:27,2026-07-24 09:03:27,8,2.34,3.0,abonnement
TR2607240004801,CL108242,EN00081,velo_elec,Lyon,ST1012,ST1008,2026-07-24 08:57:58,2026-07-24 09:13:58,16,3.12,5.0,cb
TR2607240004802,CL102657,EN00207,velo_elec,Lyon,ST1013,ST1001,2026-07-24 08:59:46,24/07/2026 09:17,18,4.07,5.5,paypal
TR2607240004803,CL102216,EN00104,trottinette,Lyon,ST1013,ST1008,2026-07-24 08:54:46,2026-07-24 09:10:46,16,3.76,4.52,cb
TR2607240004804,CL104159,EN00136,trottinette,Lyon,ST1015,ST1002,2026-07-24 09:00:24,2026-07-24 09:18:24,18,4.44,4.96,cb
TR2607240004805,CL105276,EN00107,velo_elec,Lyon,ST1016,ST1003,2026-07-24 08:52:43,2026-07-24 09:12:43,20,3.48,6.0,
TR2607240004806,CL104752,EN00297,trottinette,Nantes,ST1024,ST1027,24/07/2026 08:54,2026-07-24 08:58:01,4,1.4,1.88,abonnement
TR2607240004807,CL102590,EN00224,velo_elec,Nantes,ST1028,ST1020,24/07/2026 08:52,2026-07-24 09:06:18,14,3.07,4.5,abonnement
TR2607240004808,CL102765,EN00240,trottinette,Nantes,ST1028,ST1028,2026-07-24 08:52:18,2026-07-24 09:04:18,12,2.71,3.64,abonnement
TR2607240004809,CL108316,EN00351,trottinette,Nantes,ST1031,ST1023,2026-07-24 08:51:31,2026-07-24 09:24:31,33,5.92,8.26,abonnement
TR2607240004810,CL107323,EN00293,velo_elec,Nantes,ST1032,ST1021,2026-07-24 08:59:16,2026-07-24 09:18:16,19,5.04,5.75,abonnement
TR2607240004811,CL103450,EN00365,velo_elec,Lille,ST1037,ST1034,2026-07-24 08:53:49,2026-07-24 09:14:49,21,4.86,6.25,cb
TR2607240004812,CL108139,EN00395,trottinette,Lille,ST1042,ST1042,1784876107,2026-07-24 09:48:07,53,9.77,12.66,cb
TR2607240004813,CL106342,EN00399,trottinette,Lille,ST1046,ST1035,2026-07-24 08:55:05,2026-07-24 09:00:05,5,1.36,2.1,abonnement
TR2607240004814,CL107482,EN00444,trottinette,Lille,ST1046,ST1040,2026-07-24 08:56:55,2026-07-24 09:04:55,8,2.42,2.76,abonnement
TR2607240004815,CL100082,EN00413,trottinette,LILLE,ST1047,ST1036,2026-07-24 08:52:56,2026-07-24 09:03:56,11,2.26,3.42,cb
TR2607240004816,CL107300,EN00553,trottinette,Grenoble,ST1050,ST1048,2026-07-24 08:55:00,1784876700,10,1.68,3.2,abonnement
TR2607240004817,CL106081,EN00554,velo_elec,Grenoble,ST1052,ST1049,2026-07-24 08:58:53,2026-07-24 09:05:53,7,1.97,2.75,cb
TR2607240004818,CL101860,EN00505,velo,Grenoble,ST1053,ST1049,2026-07-24 08:53:48,24/07/2026 09:08,15,3.67,3.25,cb
TR2607240004819,CL101174,EN00600,trottinette,Grenoble,ST1054,ST1049,2026-07-24 08:51:43,,8,2.29,2.76,cb
TR2607240004820,CL101841,EN00580,velo_elec,Grenoble,ST1055,ST1048,24/07/2026 08:54,2026-07-24 08:58:52,4,0.63,2.0,abonnement
TR2607240004821,CL106936,EN00577,velo_elec,Grenoble,ST1055,ST1048,2026-07-24 08:56:03,2026-07-24 09:22:03,26,7.23,7.5,paypal
TR2607240004822,CL107343,EN00520,velo_elec,Grenoble,ST1056,ST1049,2026-07-24 08:54:37,2026-07-24 09:06:37,-23,3.99,4.0,paypal
TR2607240004823,CL100044,EN00164,trottinette,Lyon,ST1002,ST1009,2026-07-24 09:11:00,24/07/2026 09:43,32,9.34,8.04,abonnement
TR2607240004824,CL101044,EN00172,trottinette,Lyon ,ST1003,ST1008,2026-07-24 09:03:33,2026-07-24 09:19:33,16,5.47,4.52,abonnement
TR2607240004825,CL105929,EN00023,trottinette,Lyon,ST1003,ST1009,2026-07-24 09:11:55,2026-07-24 09:16:55,5,1.15,2.1,abonnement
TR2607240004826,CL103205,EN00201,velo_elec,Lyon,ST1005,ST1002,2026-07-24 09:05:23,2026-07-24 09:33:23,28,5.34,8.0,cb
TR2607240004827,CL100426,EN00017,velo,Lyon,ST1006,ST1001,2026-07-24 09:07:35,2026-07-24 09:24:35,17,3.37,3.55,paypal
TR2607240004828,CL102832,EN00050,velo_elec,Lyon,ST1012,ST1017,2026-07-24 09:07:40,2026-07-24 09:21:40,14,3.09,4.5,abonnement
TR2607240004829,CL102754,EN00206,velo_elec,Lyon,ST1013,ST1001,2026-07-24 09:06:41,24/07/2026 09:41,35,11.9,9.75,abonnement
TR2607240004830,CL105341,EN00158,velo_elec,Lyon,ST1015,ST1003,2026-07-24 09:01:36,2026-07-24 09:10:36,9,3.02,3.25,abonnement
TR2607240004831,CL104444,EN00190,trottinette,Lyon,ST1016,ST1003,24/07/2026 09:02,2026-07-24 09:16:49,14,2.96,4.08,cb
TR2607240004832,CL100534,EN00124,velo_elec,Lyon,ST1017,ST1001,2026-07-24 09:05:13,2026-07-24 09:23:13,18,3.66,5.5,paypal
TR2607240004833,CL101743,EN00341,velo_elec,Nantes,ST1028,ST1021,2026-07-24 09:10:54,1784878674,27,7.44,7.75,cb
TR2607240004834,CL103097,EN00309,trottinette,Nantes,ST1033,ST1021,2026-07-24 09:04:59,2026-07-24 09:10:59,6,1.88,2.32,cb
TR2607240004835,CL106543,EN00422,velo_elec,Lille,ST1037,ST1039,2026-07-24 09:04:01,2026-07-24 09:19:01,15,2.64,4.75,cb
TR2607240004836,CL105312,EN00421,velo_elec,Lille,ST1040,ST1036,2026-07-24 09:04:19,2026-07-24 09:08:19,4,0.77,2.0,paypal
TR2607240004837,CL101003,EN00370,velo_elec,Lille,ST1043,ST1040,2026-07-24 09:14:19,2026-07-24 09:36:19,22,3.7,6.5,cb
TR2607240004838,CL103748,EN00436,velo,Lille,ST1043,ST1036,2026-07-24 09:06:08,2026-07-24 09:19:08,13,2.88,2.95,cb
TR2607240004839,CL108555,EN00437,velo,Lille,ST1047,ST1036,2026-07-24 09:07:04,2026-07-24 09:27:04,20,3.34,4.0,paypal
TR2607240004840,CL105449,EN00407,velo,Lille,ST1047,ST1038,2026-07-24 09:06:25,24/07/2026 09:14,8,1.82,2.2,abonnement
TR2607240004841,CL105983,EN00561,velo_elec,Grenoble,ST1050,ST1055,2026-07-24 09:03:39,24/07/2026 09:40,37,10.84,10.25,cb
TR2607240004842,CL101035,EN00598,velo_elec,Grenoble,ST1054,ST1057,24/07/2026 09:08,2026-07-24 09:14:31,6,1.33,2.5,cb
TR2607240004843,CL105109,EN00518,trottinette,GRENOBLE,ST1054,ST1048,24/07/2026 09:14,2026-07-24 09:20:05,6,2.07,2.32,cb
TR2607240004844,CL102732,EN00533,velo_elec,Grenoble,ST1057,ST1051,2026-07-24 09:13:51,2026-07-24 09:23:51,10,2.76,3.5,cb
TR2607240004845,CL104871,EN00592,velo_elec,Grenoble,ST1058,ST1054,2026-07-24 09:12:19,2026-07-24 09:22:19,10,2.34,3.5,cb
TR2607240004846,CL102400,EN00122,trottinette,Lyon,ST1007,ST1013,24/07/2026 09:21,24/07/2026 09:29,8,2.12,2.76,abonnement
TR2607240004847,CL100996,EN00121,trottinette,Lyon,ST1010,ST1018,2026-07-24 09:27:48,2026-07-24 09:44:48,17,4.97,4.74,abonnement
TR2607240004848,CL106125,EN00110,velo_elec,Lyonn,ST1011,ST1004,2026-07-24 09:29:02,2026-07-24 09:38:02,9,2.98,3.25,cb
TR2607240004849,CL106620,EN00036,velo_elec,Lyon,ST1012,ST1003,2026-07-24 09:17:25,2026-07-24 09:21:25,4,0.63,2.0,cb
TR2607240004850,CL105980,EN00157,velo_elec,Lyon,ST1014,ST1009,2026-07-24 09:20:58,2026-07-24 09:34:58,14,4.61,4.5,cb
TR2607240004851,CL101954,EN00163,trottinette,Lyon,ST1016,ST1018,24/07/2026 09:29,2026-07-24 10:07:52,38,9.1,9.36,cb
TR2607240004852,CL107651,EN00131,trottinette,Lyon,ST1017,ST1002,2026-07-24 09:26:41,2026-07-24 09:38:41,12,2.7,3.64,abonnement
TR2607240004853,CL104977,EN00266,velo_elec,Nantes,ST1026,ST1026,2026-07-24 09:18:43,2026-07-24 09:27:43,9,2.74,3.25,abonnement
TR2607240004854,CL105438,EN00247,trottinette,Nantes,ST1027,ST1022,24/07/2026 09:17,2026-07-24 09:23:10,6,1.68,2.32,abonnement
TR2607240004855,CL101828,EN00347,trottinette,Nantes,ST1028,ST1024,24/07/2026 09:18,2026-07-24 09:26:55,8,1.68,2.76,cb
TR2607240004856,CL102512,EN00286,velo_elec,Nantes,ST1032,ST1022,2026-07-24 09:27:12,2026-07-24 09:42:12,15,3.77,4.75,paypal
TR2607240004857,CL103271,EN00444,trottinette,Lille,ST1040,ST1034,2026-07-24 09:16:38,1784877698,5,0.88,2.1,abonnement
TR2607240004858,CL102924,EN00396,velo_elec,Lille,ST1041,ST1046,2026-07-24 09:23:28,2026-07-24 09:32:28,9,2.1,3.25,abonnement
TR2607240004859,CL105552,EN00441,velo_elec,Lille,ST1044,ST1036,,2026-07-24 10:06:06,38,12.52,10.5,abonnement
TR2607240004860,CL103011,EN00426,trottinette,Lille,ST1044,ST1035,2026-07-24 09:16:46,2026-07-24 09:30:46,14,4.11,4.08,cb
TR2607240004861,CL104375,EN00488,velo_elec,Lille,ST1044,ST1041,2026-07-24 09:19:20,2026-07-24 09:22:20,3,0.94,1.75,cb
TR2607240004862,CL104447,EN00435,trottinette,Lille,ST1046,ST1035,24/07/2026 09:21,2026-07-24 09:23:32,2,0.33,1.44,paypal
TR2607240004863,CL101192,EN00556,trottinette,Grenoble,ST1051,ST1048,2026-07-24 09:28:10,24/07/2026 09:54,26,5.3,6.72,paypal
TR2607240004864,CL105669,EN00538,velo,Grenoble,ST1053,ST1048,1784877781,2026-07-24 09:59:01,36,5.88,6.4,paypal
TR2607240004865,CL108547,EN00576,velo,Grenoble,ST1053,ST1048,2026-07-24 09:19:37,2026-07-24 09:33:37,14,3.27,3.1,cb
TR2607240004866,CL107021,EN00595,velo,Grenoble,ST1054,ST1048,2026-07-24 09:18:43,2026-07-24 09:56:43,38,11.47,6.7,cb
TR2607240004867,CL107288,EN00528,velo_elec,Grenoble,ST1055,ST1048,2026-07-24 09:29:47,24/07/2026 09:43,14,2.22,4.5,abonnement
TR2607240004868,CL104595,EN00512,velo_elec,Grenoble,ST1055,ST1049,2026-07-24 09:23:02,2026-07-24 09:28:02,5,0.9,2.25,cb
TR2607240004869,CL106580,EN00530,velo_elec,Grenoble,ST1055,ST1049,2026-07-24 09:25:39,2026-07-24 09:34:39,9,1.5,3.25,cb
TR2607240004870,CL108056,EN00590,velo_elec,Grenoble,ST1058,ST1049,24/07/2026 09:20,2026-07-24 09:45:04,25,3.8,7.25,cb
TR2607240004871,CL102523,EN00067,velo_elec,lyon,ST1014,ST1002,2026-07-24 09:33:29,2026-07-24 09:57:29,24,5.67,7.0,cb
TR2607240004872,CL106301,EN00054,trottinette,Lyon,ST1014,ST1003,2026-07-24 09:41:01,2026-07-24 10:03:01,22,5.0,,cb
TR2607240004873,CL101125,EN00184,velo_elec,Lyon,ST1014,ST1002,2026-07-24 09:41:29,2026-07-24 10:01:29,20,3.57,6.0,cb
TR2607240004874,CL100596,EN00205,trottinette,Lyon,ST1015,ST1003,2026-07-24 09:42:42,2026-07-24 09:47:42,5,0.82,2.1,abonnement
TR2607240004875,CL103445,EN00080,trottinette,Lyon,ST1017,ST1006,2026-07-24 09:32:17,2026-07-24 09:42:17,10,3.07,3.2,cb
TR2607240004876,CL103994,EN00161,velo_elec,Lyon,ST1017,ST1010,2026-07-24 09:34:21,2026-07-24 09:58:21,24,7.34,7.0,abonnement
TR2607240004877,CL107688,EN00225,velo_elec,Nantes,ST1025,ST1020,2026-07-24 09:40:42,2026-07-24 09:55:42,15,2.74,4.75,abonnement
TR2607240004878,CL107394,EN00273,velo_elec,Nantes,ST1026,ST1029,2026-07-24 09:35:34,2026-07-24 09:51:34,16,4.56,5.0,cb
TR2607240004879,CL106380,EN00240,trottinette,Nantes,ST1028,ST1033,2026-07-24 09:33:01,2026-07-24 09:46:01,13,4.18,3.86,
TR2607240004880,CL104068,EN00350,velo,Nantes,ST1030,ST1020,24/07/2026 09:33,2026-07-24 09:35:07,2,0.41,1.3,abonnement
TR2607240004881,CL104356,EN00461,velo_elec,Lille,ST1037,ST1034,2026-07-24 09:37:47,2026-07-24 09:49:47,12,2.48,4.0,abonnement
TR2607240004882,CL106213,EN00422,velo_elec,Lille,ST1039,ST1034,2026-07-24 09:37:55,2026-07-24 09:52:55,15,2.63,4.75,cb
TR2607240004883,CL103459,EN00488,velo_elec,Lille,ST1041,ST1040,2026-07-24 09:40:44,2026-07-24 09:54:44,14,2.68,4.5,abonnement
TR2607240004884,CL100843,EN00406,velo_elec,Lille,ST1042,ST1046,2026-07-24 09:32:17,2026-07-24 09:36:17,4,0.9,2.0,cb
TR2607240004885,CL100618,EN00592,velo_elec,Grenoble,ST1054,ST1048,1784878861,2026-07-24 09:48:01,7,2.23,2.75,abonnement
TR2607240004886,CL107251,EN00598,velo_elec,Grenoble,ST1057,ST1058,2026-07-24 09:34:09,2026-07-24 09:38:09,4,1.15,2.0,abonnement
TR2607240004887,CL101522,EN00527,velo_elec,Grenoble,ST1058,ST1049,24/07/2026 09:39,2026-07-24 09:46:31,7,1.07,2.75,abonnement
TR2607240004888,CL105848,EN00080,trottinette,Lyon,ST1006,ST1003,2026-07-24 10:00:30,2026-07-24 10:31:30,31,7.67,7.82,abonnement
TR2607240004889,CL108001,EN00100,velo_elec,Lyon,ST1009,ST1007,2026-07-24 09:59:44,2026-07-24 10:19:44,20,6.48,6.0,paypal
TR2607240004890,CL101652,EN00189,trottinette,Lyon,ST1010,ST1010,2026-07-24 09:58:25,24/07/2026 10:16,18,5.18,4.96,cb
TR2607240004891,CL106131,EN00094,velo_elec,Lyon,ST1012,ST1003,2026-07-24 09:54:54,2026-07-24 10:02:54,8,1.59,3.0,abonnement
TR2607240004892,CL103167,EN00109,trottinette,Lyon,ST1013,ST1004,2026-07-24 09:57:23,2026-07-24 10:05:23,8,2.07,2.76,abonnement
TR2607240004893,CL103391,EN00141,velo_elec,Lyon,ST1016,ST1006,2026-07-24 09:50:11,2026-07-24 10:13:11,23,6.36,6.75,abonnement
TR2607240004894,CL103230,EN00167,trottinette,Lyon,ST1019,ST1009,24/07/2026 09:58,24/07/2026 10:05,7,1.15,2.54,cb
TR2607240004895,CL108042,EN00351,trottinette,Nantes,ST1023,ST1022,2026-07-24 09:59:33,2026-07-24 10:09:33,10,1.73,3.2,cb
TR2607240004896,CL100219,EN00277,velo_elec,Nantes,ST1024,ST1020,1784879797,2026-07-24 10:01:37,5,1.38,2.25,cb
TR2607240004897,CL105181,EN00274,velo,Nantes,ST1028,ST1021,2026-07-24 09:57:48,2026-07-24 10:01:48,4,1.35,1.6,abonnement
TR2607240004898,CL108986,EN00393,trottinette,Lille,ST1042,ST1034,2026-07-24 09:56:14,2026-07-24 10:15:14,19,2.88,,cb
TR2607240004899,CL108735,EN00384,trottinette,Lille,ST1045,ST1043,2026-07-24 09:48:06,,25,4.29,6.5,abonnement
TR2607240004900,CL103051,EN00533,velo_elec,Grenoble,ST1051,ST1048,2026-07-24 09:54:28,24/07/2026 10:01,7,2.25,2.75,cb
TR2607240004901,CL100176,EN00584,trottinette,Grenoble,ST1051,ST1050,24/07/2026 09:57,2026-07-24 10:04:49,7,1.35,2.54,cb
TR2607240004902,CL105025,EN00561,velo_elec,Grenoble ,ST1055,ST1057,,24/07/2026 10:11,-5,4.9,4.75,cb
TR2607240004903,CL105462,EN00028,trottinette,Lyon,ST1001,ST1009,2026-07-24 10:06:56,2026-07-24 10:34:56,28,8.78,7.16,abonnement
TR2607240004904,CL102116,EN00213,trottinette,Lyon,ST1016,ST1003,24/07/2026 10:05,2026-07-24 10:10:32,5,1.16,2.1,abonnement
TR2607240004905,CL103394,EN00563,trottinette,Grenoble,ST1048,ST1050,24/07/2026 10:09,2026-07-24 10:17:22,8,1.79,2.76,cb
TR2607240004906,CL102356,EN00599,trottinette,Grenoble,ST1051,ST1055,2026-07-24 10:10:35,1784880815,3,0.77,1.66,paypal
TR2607240004907,CL105168,EN00588,velo_elec,Grenoble,ST1056,ST1054,2026-07-24 10:15:23,1784881223,5,1.46,2.25,cb
TR2607240004908,CL108280,EN00154,trottinette,Lyon,ST1009,ST1002,2026-07-24 10:28:59,2026-07-24 10:44:59,16,2.53,4.52,cb
TR2607240004909,CL108479,EN00122,trottinette,Lyon,ST1013,ST1010,24/07/2026 10:16,2026-07-24 10:33:40,17,2.62,4.74,abonnement
TR2607240004910,CL100841,EN00138,velo_elec,Lyon,ST1015,ST1003,2026-07-24 10:18:28,2026-07-24 10:26:28,8,1.42,3.0,paypal
TR2607240004911,CL106999,EN00097,velo_elec,Lyon,ST1019,ST1013,2026-07-24 10:22:44,2026-07-24 10:30:44,8,2.05,3.0,paypal
TR2607240004912,CL103108,EN00375,trottinette,Lille,ST1035,ST1042,2026-07-24 10:18:35,2026-07-24 10:26:35,8,1.53,2.76,cb
TR2607240004913,CL107756,EN00405,trottinette,Lille,ST1041,ST1035,2026-07-24 10:18:38,1784883758,44,10.38,10.68,cb
TR2607240004914,CL104869,EN00410,velo_elec,Lille,ST1041,ST1047,2026-07-24 10:17:52,2026-07-24 10:21:52,4,1.12,2.0,cb
TR2607240004915,CL103059,EN00541,velo_elec,Grenoble,ST1055,ST1049,2026-07-24 10:20:58,2026-07-24 10:43:58,23,3.82,6.75,cb
TR2607240004916,CL108620,EN00087,trottinette,Lyon,ST1004,ST1018,2026-07-24 10:31:06,2026-07-24 11:01:06,30,10.03,7.6,paypal
TR2607240004917,CL101855,EN00141,velo_elec,Lyon ,ST1006,ST1002,2026-07-24 10:33:19,2026-07-24 10:49:19,16,5.24,5.0,cb
TR2607240004918,CL102948,EN00139,velo_elec,Lyon,ST1012,ST1014,2026-07-24 10:44:37,2026-07-24 11:15:37,31,6.32,8.75,abonnement
TR2607240004919,CL106821,EN00482,velo_elec,Lille,ST1041,ST1039,2026-07-24 10:44:43,2026-07-24 10:49:43,5,1.0,2.25,cb
TR2607240004920,CL100678,EN00041,velo_elec,Lyon,ST1002,ST1015,2026-07-24 10:56:35,2026-07-24 11:56:35,60,18.85,16.0,cb
TR2607240004921,CL107549,EN00074,trottinette,Lyon,ST1002,ST1016,2026-07-24 10:58:15,24/07/2026 11:12,14,4.67,4.08,cb
TR2607240004922,CL106631,EN00280,trottinette,Nantes,ST1022,ST1031,2026-07-24 10:57:26,2026-07-24 11:01:26,4,1.08,1.88,cb
TR2607240004923,CL105921,EN00378,velo_elec,Lille,ST1038,ST1037,2026-07-24 10:59:37,24/07/2026 11:21,22,5.92,6.5,cb
TR2607240004924,CL104082,EN00563,trottinette,Grenoble,ST1050,ST1052,24/07/2026 10:53,2026-07-24 11:13:02,20,5.21,5.4,cb
TR2607240004925,CL101105,EN00561,velo_elec,Grenoble,ST1057,ST1056,2026-07-24 10:57:59,2026-07-24 11:13:59,16,4.48,5.0,abonnement
TR2607240004926,CL105033,EN00211,velo_elec,Lyon,ST1002,ST1008,2026-07-24 11:05:30,24/07/2026 11:16,11,2.97,3.75,cb
TR2607240004927,CL103763,EN00089,trottinette,Lyon,ST1003,ST1007,2026-07-24 11:15:23,2026-07-24 11:17:23,2,0.42,1.44,cb
TR2607240004928,CL100235,EN00021,trottinette,Lyon,ST1004,ST1001,2026-07-24 11:04:01,2026-07-24 11:09:01,5,0.82,2.1,cb
TR2607240004929,CL102663,EN00104,trottinette,Lyon,ST1008,ST1012,,2026-07-24 11:52:44,41,7.1,10.02,cb
TR2607240004930,CL100561,EN00122,trottinette,Lyon,ST1010,ST1007,2026-07-24 11:05:25,2026-07-24 11:22:25,-10,2.65,4.74,abonnement
TR2607240004931,CL107739,EN00180,trottinette,Lyonn,ST1014,ST1015,2026-07-24 11:01:42,2026-07-24 11:21:42,20,5.93,5.4,cb
TR2607240004932,CL107092,EN00196,velo_elec,Lyon,ST1014,ST1018,2026-07-24 11:04:37,24/07/2026 11:20,16,2.93,5.0,cb
TR2607240004933,CL105893,EN00050,velo_elec,Lyon,ST1017,ST1016,2026-07-24 11:04:47,2026-07-24 11:09:47,5,1.37,2.25,cb
TR2607240004934,CL995474,EN00409,trottinette,Lille,ST1035,ST1037,2026-07-24 11:10:29,2026-07-24 11:42:29,32,9.28,8.04,paypal
TR2607240004935,CL100650,EN00382,trottinette,Lille,ST1040,ST1036,2026-07-24 11:08:09,2026-07-24 11:17:09,9,2.89,2.98,cb
TR2607240004936,CL104193,EN00410,velo_elec,Lille,ST1047,ST1047,2026-07-24 11:02:31,2026-07-24 11:08:31,6,1.58,2.5,
TR2607240004937,CL102746,EN00519,velo_elec,Grenoble,ST1048,ST1056,2026-07-24 11:13:09,24/07/2026 11:18,5,1.72,2.25,cb
TR2607240004938,CL100683,EN00531,trottinette,Grenoble,ST1058,ST1051,2026-07-24 11:04:04,2026-07-24 11:25:04,21,3.23,5.62,cb
TR2607240004939,CL108850,EN00021,trottinette,Lyon,ST1001,ST1019,2026-07-24 11:15:56,2026-07-24 11:51:56,36,10.47,8.92,cb
TR2607240004940,CL105893,EN00080,trottinette,Lyon,ST1003,ST1013,2026-07-24 11:23:36,2026-07-24 11:30:36,7,1.22,2.54,cb
TR2607240004941,CL108457,EN00100,velo_elec,Lyon,ST1007,ST1003,2026-07-24 11:22:02,1784885582,11,3.28,3.75,abonnement
TR2607240004942,CL100737,EN00092,trottinette,Lyon,ST1012,ST1004,2026-07-24 11:21:22,2026-07-24 11:36:22,15,2.29,4.3,cb
TR2607240004943,CL106695,EN00163,trottinette,Lyon,ST1018,ST1018,,2026-07-24 11:28:42,6,1.86,2.32,abonnement
TR2607240004944,CL108887,EN00450,trottinette,Lille,ST1034,ST1035,1784884828,2026-07-24 11:25:28,5,0.93,2.1,cb
TR2607240004945,CL105799,EN00384,trottinette,Lille,ST1043,ST1044,24/07/2026 11:29,2026-07-24 11:36:14,7,1.97,2.54,cb
TR2607240004946,CL102337,EN00584,trottinette,grenoble,ST1050,ST1057,24/07/2026 11:25,24/07/2026 11:33,8,1.24,2.76,cb
TR2607240004947,CL103928,EN00561,velo_elec,Grenoble,ST1056,ST1053,24/07/2026 11:21,2026-07-24 11:38:36,17,4.1,5.25,cb
TR2607240004948,CL100161,EN00084,velo_elec,Lyon,ST1010,ST1010,24/07/2026 11:39,2026-07-24 11:42:09,3,0.98,1.75,cb
TR2607240004949,CL108436,EN00143,velo,Lyon,ST1017,ST1014,24/07/2026 11:37,1784887558,28,7.73,5.2,abonnement
TR2607240004950,CL106844,EN00238,velo_elec,Nantes,ST1025,ST1027,2026-07-24 11:43:21,2026-07-24 11:58:21,15,3.65,4.75,cb
TR2607240004951,CL103195,EN00563,trottinette,Grenoble,ST1052,ST1056,2026-07-24 11:37:17,2026-07-24 11:54:17,17,3.35,4.74,cb
TR2607240004952,CL107327,EN00537,velo_elec,Grenoble,ST1055,ST1050,2026-07-24 11:39:37,2026-07-24 11:43:37,4,0.95,2.0,cb
TR2607240004953,CL102412,EN00532,velo_elec,Grenoble,ST1058,ST1053,2026-07-24 11:35:10,2026-07-24 11:54:10,19,3.44,5.75,paypal
TR2607240004954,CL102701,EN00089,trottinette,Lyonn,ST1007,ST1009,2026-07-24 11:54:42,24/07/2026 11:58,4,0.83,1.88,cb
TR2607240004955,CL106691,EN00122,trottinette,LYON,ST1007,ST1006,2026-07-24 11:49:48,2026-07-24 11:52:48,3,0.47,1.66,abonnement
TR2607240004956,CL104426,EN00211,velo_elec,Lyon,ST1008,ST1007,24/07/2026 11:59,2026-07-24 12:10:40,11,3.07,3.75,cb
TR2607240004957,CL103325,EN00172,trottinette,Lyon,ST1008,ST1007,2026-07-24 11:59:09,2026-07-24 12:16:09,17,3.04,4.74,cb
TR2607240004958,CL103213,EN00157,velo_elec,Lyon,ST1009,ST1006,2026-07-24 11:57:49,1784887849,13,3.1,4.25,abonnement
TR2607240004959,CL103833,EN00080,trottinette,Lyon,ST1013,ST1010,24/07/2026 11:57,24/07/2026 12:03,6,1.9,2.32,cb
TR2607240004960,CL101647,EN00139,velo_elec,Lyon,ST1014,ST1009,1784886442,2026-07-24 11:57:22,10,2.66,3.5,paypal
TR2607240004961,CL101671,EN00163,trottinette,Lyon,ST1018,ST1016,2026-07-24 11:56:11,2026-07-24 12:09:11,13,4.27,3.86,abonnement
TR2607240004962,CL105100,EN00396,velo_elec,Lille,ST1046,ST1047,2026-07-24 12:01:12,2026-07-24 12:37:12,36,8.9,10.0,cb
TR2607240004963,CL101400,EN00410,velo_elec,Lille,ST1047,ST1040,2026-07-24 11:59:36,2026-07-24 12:15:36,16,4.67,5.0,abonnement
TR2607240004964,CL105771,EN00584,trottinette,Grenoble,ST1057,ST1051,2026-07-24 11:55:07,2026-07-24 12:01:07,6,1.7,2.32,cb
TR2607240004965,CL102624,EN00139,velo_elec,Lyon,ST1009,ST1008,2026-07-24 12:12:44,2026-07-24 12:59:44,47,14.21,12.75,cb
TR2607240004966,CL106263,EN00168,velo_elec,Lyon,ST1011,ST1004,2026-07-24 12:10:04,2026-07-24 12:31:04,21,3.24,6.25,paypal
TR2607240004967,CL106924,EN00104,trottinette,Lyon,ST1012,ST1010,1784887561,2026-07-24 12:26:01,20,6.59,5.4,paypal
TR2607240004968,CL105969,EN00405,trottinette,Lille,ST1035,ST1046,1784887918,2026-07-24 12:22:58,11,3.74,3.42,cb
TR2607240004969,CL102059,EN00462,velo_elec,Lille,ST1035,ST1037,2026-07-24 12:13:50,,4,0.75,2.0,cb
TR2607240004970,CL107366,EN00372,trottinette,Lille,ST1035,ST1036,,2026-07-24 12:18:22,8,1.22,2.76,abonnement
TR2607240004971,CL107825,EN00409,trottinette,Lille,ST1037,ST1045,2026-07-24 12:03:43,2026-07-24 12:15:43,12,3.71,3.64,cb
TR2607240004972,CL104465,EN00453,trottinette,Lille,ST1038,ST1041,2026-07-24 12:04:03,24/07/2026 12:11,7,1.61,2.54,abonnement
TR2607240004973,CL101662,EN00446,trottinette,Lille,ST1041,ST1039,2026-07-24 12:06:37,2026-07-24 12:34:37,28,7.43,7.16,cb
TR2607240004974,CL102804,EN00395,trottinette,Lille,ST1042,ST1045,2026-07-24 12:12:15,2026-07-24 12:28:15,16,3.67,4.52,abonnement
TR2607240004975,CL102482,EN00588,velo_elec,GRENOBLE,ST1054,ST1053,2026-07-24 12:06:34,2026-07-24 12:12:34,6,2.0,2.5,cb
TR2607240004976,CL108702,EN00598,velo_elec,Grenoble,ST1058,ST1056,2026-07-24 12:11:31,1784888371,8,2.01,3.0,abonnement
TR2607240004977,CL103236,EN00154,trottinette,Lyon,ST1002,ST1012,24/07/2026 12:21,2026-07-24 12:27:10,6,1.92,2.32,cb
TR2607240004978,CL105661,EN00211,velo_elec,Lyon,ST1007,ST1015,2026-07-24 12:29:22,2026-07-24 12:36:22,7,2.16,2.75,cb
TR2607240004979,CL107686,EN00179,trottinette,Lyon,ST1013,ST1008,24/07/2026 12:26,1784890135,22,4.79,5.84,paypal
TR2607240004980,CL101445,EN00121,trottinette,Lyon,ST1018,ST1015,24/07/2026 12:17,,8,2.77,2.76,cb
TR2607240004981,CL106788,EN00247,trottinette,Nante,ST1022,ST1020,24/07/2026 12:17,2026-07-24 12:35:06,18,4.8,4.96,
TR2607240004982,CL104834,EN00258,trottinette,Nantes,ST1023,ST1032,2026-07-24 12:24:19,2026-07-24 12:38:19,14,2.54,4.08,paypal
TR2607240004983,CL104162,EN00226,velo_elec,Nantes,ST1032,ST1029,2026-07-24 12:22:07,1784888767,4,1.31,2.0,abonnement
TR2607240004984,CL100036,EN00240,trottinette,Nantes,ST1033,ST1025,2026-07-24 12:20:07,2026-07-24 12:52:07,32,8.66,8.04,cb
TR2607240004985,CL104293,EN00482,velo_elec, Lille,ST1039,ST1047,1784888357,2026-07-24 12:38:17,19,2.96,5.75,cb
TR2607240004986,CL106160,EN00514,velo_elec,Grenoble,ST1048,ST1053,24/07/2026 12:29,2026-07-24 12:37:14,8,1.6,3.0,abonnement
TR2607240004987,CL102648,EN00558,trottinette,Grenoble,ST1055,ST1048,2026-07-24 12:25:53,2026-07-24 12:32:53,7,2.31,2.54,paypal
TR2607240004988,CL103394,EN00519,velo_elec,GRENOBLE,ST1056,ST1052,24/07/2026 12:26,2026-07-24 12:38:11,12,1.82,4.0,paypal
TR2607240004989,CL106399,EN00026,trottinette,Lyon,ST1003,ST1013,2026-07-24 12:42:56,2026-07-24 12:47:56,5,1.05,2.1,cb
TR2607240004990,CL107127,EN00172,trottinette,Lyon,ST1007,ST1002,24/07/2026 12:33,2026-07-24 12:41:30,8,1.54,2.76,cb
TR2607240004991,CL103461,EN00089,trottinette,Lyon,ST1009,ST1002,2026-07-24 12:43:17,2026-07-24 13:03:17,20,6.52,5.4,abonnement
TR2607240004992,CL101635,EN00023,trottinette,Lyon,ST1009,ST1010,2026-07-24 12:33:48,2026-07-24 12:45:48,12,3.86,3.64,abonnement
TR2607240004993,CL107205,EN00239,trottinette,Nantes,ST1025,ST1023,2026-07-24 12:38:47,2026-07-24 12:41:47,3,0.68,1.66,cb
TR2607240004994,CL105892,EN00381,trottinette,Lille,ST1034,ST1042,2026-07-24 12:35:09,2026-07-24 12:49:09,14,3.5,4.08,paypal
TR2607240004995,CL105197,EN00488,velo_elec,Lille,ST1040,ST1045,2026-07-24 12:33:14,2026-07-24 12:49:14,16,5.57,5.0,cb
TR2607240004996,CL106294,EN00575,trottinette,Grenoble,ST1049,ST1048,2026-07-24 12:39:44,2026-07-24 12:43:44,4,1.29,1.88,cb
TR2607240004997,CL100446,EN00584,trottinette,Grenoble,ST1051,ST1050,2026-07-24 12:35:12,2026-07-24 13:12:12,37,8.18,9.14,abonnement
TR2607240004998,CL100666,EN00563,trottinette,Grenoble,ST1056,ST1049,2026-07-24 12:33:42,2026-07-24 12:43:42,10,3.47,3.2,cb
TR2607240004999,CL103167,EN00157,velo_elec,Lyon,ST1006,ST1014,2026-07-24 12:59:59,2026-07-24 13:07:59,8,2.21,3.0,cb
TR2607240005000,CL101991,EN00081,velo_elec,Lyon,ST1008,ST1007,2026-07-24 12:56:13,2026-07-24 13:11:13,15,5.07,4.75,abonnement
TR2607240005001,CL103876,EN00028,trottinette,Lyon,ST1009,ST1009,2026-07-24 12:54:58,2026-07-24 13:21:58,27,5.28,6.94,paypal
TR2607240005002,CL108433,EN00121,trottinette,Lyon,ST1015,ST1004,2026-07-24 12:53:22,,12,2.78,3.64,abonnement
TR2607240005003,CL107411,EN00176,velo,Lyon,ST1017,ST1001,2026-07-24 12:59:49,2026-07-24 13:18:49,19,5.59,3.85,cb
TR2607240005004,CL100383,EN00244,trottinette,Nantes,ST1022,ST1020,2026-07-24 12:46:29,24/07/2026 13:19,33,9.16,8.26,cb
TR2607240005005,CL104574,EN00410,velo_elec,Lille,ST1040,ST1034,,24/07/2026 13:05,13,2.02,4.25,abonnement
TR2607240005006,CL100973,EN00453,trottinette,Lille,ST1041,ST1035,2026-07-24 12:48:53,2026-07-24 12:58:53,10,2.3,,abonnement
TR2607240005007,CL107569,EN00405,trottinette,Lille,ST1046,ST1039,2026-07-24 12:53:42,2026-07-24 13:04:42,11,2.47,3.42,abonnement
TR2607240005008,CL106899,EN00167,trottinette,Lyon,ST1009,ST1004,2026-07-24 13:09:11,2026-07-24 13:14:11,5,1.34,2.1,paypal
TR2607240005009,CL101047,EN00059,velo,Lyon,ST1017,ST1007,2026-07-24 13:09:12,2026-07-24 13:17:12,8,1.82,2.2,paypal
TR2607240005010,CL101837,EN00021,trottinette,Lyon,ST1019,ST1016,2026-07-24 13:10:12,24/07/2026 13:28,18,3.62,4.96,cb
TR2607240005011,CL108391,EN00288,trottinette,Nantes,ST1024,ST1033,2026-07-24 13:09:27,2026-07-24 13:20:27,11,3.35,3.42,paypal
TR2607240005012,CL104342,EN00347,trottinette,Nantes,ST1024,ST1028,2026-07-24 13:09:37,2026-07-24 13:21:37,12,3.71,3.64,cb
TR2607240005013,CL104854,EN00481,velo_elec,Lille,ST1034,ST1045,2026-07-24 13:15:07,2026-07-24 13:25:07,10,3.23,3.5,abonnement
TR2607240005014,CL107122,EN00413,trottinette,Lille,ST1036,ST1040,,2026-07-24 13:13:09,7,1.05,2.54,cb
TR2607240005015,CL106026,EN00476,trottinette,Lille,ST1041,ST1047,2026-07-24 13:01:30,2026-07-24 13:15:30,14,2.28,4.08,cb
TR2607240005016,CL102292,EN00375,trottinette,Lille,ST1042,ST1034,2026-07-24 13:05:26,24/07/2026 13:09,4,0.97,1.88,cb
TR2607240005017,CL108721,EN00396,velo_elec,Lille,ST1047,ST1040,2026-07-24 13:14:05,2026-07-24 13:36:05,22,5.68,6.5,paypal
TR2607240005018,CL107577,EN00519,velo_elec,Grenoble,ST1052,ST1048,2026-07-24 13:01:39,2026-07-24 13:17:39,16,3.07,5.0,cb
TR2607240005019,CL108330,EN00514,velo_elec,Grenoble,ST1053,ST1050,24/07/2026 13:02,2026-07-24 13:40:45,38,10.46,10.5,cb
TR2607240005020,CL104227,EN00139,velo_elec,Lyon,ST1008,ST1004,2026-07-24 13:27:05,2026-07-24 13:38:05,11,2.08,3.75,
TR2607240005021,CL104938,EN00080,trottinette,Lyon,ST1010,ST1016,2026-07-24 13:21:21,2026-07-24 13:32:21,11,3.43,3.42,cb
TR2607240005022,CL102676,EN00128,velo,Lyon,ST1011,ST1008,2026-07-24 13:19:08,24/07/2026 13:30,11,3.72,2.65,cb
TR2607240005023,CL105010,EN00154,trottinette,Lyon,ST1012,ST1006,2026-07-24 13:17:58,,3,0.54,1.66,paypal
TR2607240005024,CL106665,EN00026,trottinette,Lyon,ST1013,ST1017,2026-07-24 13:28:57,2026-07-24 13:40:57,12,3.99,3.64,cb
TR2607240005025,CL104825,EN00194,velo_elec,Lyon ,ST1019,ST1005,2026-07-24 13:18:50,24/07/2026 13:31,13,4.03,4.25,abonnement
TR2607240005026,CL105340,EN00302,velo_elec,Nantes,ST1031,ST1032,,24/07/2026 13:34,13,3.72,4.25,cb
TR2607240005027,CL105061,EN00354,velo_elec,Nantes,ST1033,ST1029,2026-07-24 13:29:23,2026-07-24 13:51:23,22,3.52,6.5,abonnement
TR2607240005028,CL105992,EN00446,trottinette, Lille,ST1039,ST1035,2026-07-24 13:20:24,2026-07-24 13:33:24,13,4.05,3.86,abonnement
TR2607240005029,CL102398,EN00414,velo_elec,Lille,ST1040,ST1047,2026-07-24 13:26:42,1784893062,11,3.63,3.75,abonnement
TR2607240005030,CL102194,EN00454,velo,Lille,ST1041,ST1037,2026-07-24 13:26:26,2026-07-24 13:38:26,12,3.82,2.8,abonnement
TR2607240005031,CL108192,EN00367,velo,Lille,ST1041,ST1035,2026-07-24 13:19:04,2026-07-24 13:43:04,24,4.39,4.6,cb
TR2607240005032,CL101323,EN00381,trottinette,Lille,ST1042,ST1035,2026-07-24 13:24:48,2026-07-24 13:41:48,17,5.04,4.74,cb
TR2607240005033,CL108539,EN00395,trottinette,Lille,ST1045,ST1045,2026-07-24 13:16:45,2026-07-24 13:27:45,11,3.34,3.42,cb
TR2607240005034,CL107752,EN00571,trottinette,Grenoble,ST1049,ST1058,2026-07-24 13:18:26,24/07/2026 13:26,8,2.47,2.76,cb
TR2607240005035,CL104551,EN00013,velo_elec,Lyon,ST1002,ST1018,24/07/2026 13:33,1784894106,22,4.85,6.5,cb
TR2607240005036,CL105199,EN00168,velo_elec,Lyon,ST1004,ST1019,2026-07-24 13:40:13,2026-07-24 13:52:13,12,2.25,4.0,abonnement
TR2607240005037,CL108586,EN00117,trottinette,Lyon,ST1009,ST1007,1784893233,1784894253,17,3.79,4.74,cb
TR2607240005038,CL108683,EN00023,trottinette,Lyon,ST1010,ST1005,24/07/2026 13:38,2026-07-24 13:52:55,14,2.51,4.08,paypal
TR2607240005039,CL106153,EN00041,velo_elec,Lyon,ST1015,ST1012,2026-07-24 13:38:03,2026-07-24 13:44:03,6,1.08,2.5,cb
TR2607240005040,CL101345,EN00333,trottinette,Nantes,ST1031,ST1033,2026-07-24 13:34:21,2026-07-24 13:40:21,6,1.46,2.32,paypal
TR2607240005041,CL108669,EN00258,trottinette,Nantes,ST1032,ST1032,2026-07-24 13:32:33,2026-07-24 13:40:33,8,1.56,2.76,abonnement
TR2607240005042,CL105155,EN00375,trottinette,Lille,ST1034,ST1043,2026-07-24 13:33:31,2026-07-24 13:36:31,3,0.81,1.66,cb
TR2607240005043,CL107997,EN00435,trottinette,Lille,ST1035,ST1040,2026-07-24 13:37:08,2026-07-24 13:43:08,6,1.36,2.32,cb
TR2607240005044,CL100443,EN00482,velo_elec,Lille,ST1047,ST1034,2026-07-24 13:37:37,2026-07-24 13:44:37,7,1.73,2.75,cb
TR2607240005045,CL105324,EN00584,trottinette,Grenoble,ST1050,ST1058,2026-07-24 13:38:14,,8,2.19,2.76,paypal
TR2607240005046,CL106580,EN00598,velo_elec,Grenoble,ST1056,ST1051,2026-07-24 13:31:24,2026-07-24 13:44:24,13,3.73,4.25,abonnement
TR2607240005047,CL102415,EN00571,trottinette,Grenoble,ST1058,ST1051,2026-07-24 13:31:23,2026-07-24 13:36:23,5,0.92,2.1,paypal
TR2607240005048,CL107871,EN00089,trottinette,Lyon,ST1002,ST1003,2026-07-24 13:49:12,1784894052,5,1.31,2.1,cb
TR2607240005049,CL104900,EN00081,velo_elec,Lyon,ST1007,ST1011,2026-07-24 13:50:06,24/07/2026 14:06,16,3.2,5.0,cb
TR2607240005050,CL100293,EN00059,velo,Lyon,ST1007,ST1016,2026-07-24 13:50:11,,4,1.14,1.6,paypal
TR2607240005051,CL103821,EN00084,velo_elec,Lyon,ST1010,ST1006,2026-07-24 13:57:08,24/07/2026 14:07,10,2.01,3.5,cb
TR2607240005052,CL103464,EN00087,trottinette,Lyon,ST1018,ST1008,2026-07-24 13:49:52,2026-07-24 14:09:52,20,3.02,5.4,paypal
TR2607240005053,CL102222,EN00349,velo_elec,Nantes,ST1022,ST1030,2026-07-24 13:47:24,2026-07-24 14:11:24,24,5.36,7.0,cb
TR2607240005054,CL108582,EN00221,velo_elec,Nantes,ST1024,ST1033,2026-07-24 13:59:54,2026-07-24 14:14:54,15,4.36,4.75,cb
TR2607240005055,CL103046,EN00300,velo_elec,Nantes,ST1024,ST1020,2026-07-24 13:51:04,2026-07-24 14:00:04,9,1.7,3.25,cb
TR2607240005056,CL100820,EN00273,velo_elec,Nantes,ST1029,ST1029,2026-07-24 13:53:52,24/07/2026 14:06,13,4.0,4.25,paypal
TR2607240005057,CL101859,EN00444,trottinette,Lille,ST1034,ST1047,2026-07-24 13:59:52,2026-07-24 14:07:52,8,2.46,2.76,cb
TR2607240005058,CL104787,EN00404,trottinette,Lille,ST1038,ST1046,2026-07-24 13:50:40,2026-07-24 14:03:40,13,2.8,3.86,cb
TR2607240005059,CL108662,EN00395,trottinette,Lille,ST1045,ST1047,2026-07-24 13:57:36,2026-07-24 14:15:36,18,5.88,4.96,cb
TR2607240005060,CL103530,EN00504,trottinette,Grenoble,ST1049,ST1057,2026-07-24 13:54:46,2026-07-24 14:00:46,6,1.96,2.32,cb
TR2607240005061,CL100451,EN00514,velo_elec,Grenoble,ST1050,ST1057,24/07/2026 13:54,2026-07-24 14:08:09,14,2.66,4.5,abonnement
TR2607240005062,CL106609,EN00067,velo_elec,Lyon,ST1002,ST1015,2026-07-24 14:07:33,2026-07-24 14:27:33,20,5.82,6.0,abonnement
TR2607240005063,CL107207,EN00154,trottinette,Lyon,ST1006,ST1013,2026-07-24 14:05:30,2026-07-24 14:21:30,16,3.54,4.52,paypal
TR2607240005064,CL100251,EN00351,trottinette,nantes,ST1022,ST1021,2026-07-24 14:10:28,2026-07-24 14:19:28,9,3.08,2.98,cb
TR2607240005065,CL107579,EN00314,trottinette,Nantes,ST1026,ST1023,2026-07-24 14:12:39,24/07/2026 14:24,12,2.62,3.64,cb
TR2607240005066,CL101154,EN00462,velo_elec,Lille,ST1037,ST1044,2026-07-24 14:10:30,24/07/2026 14:31,21,6.51,6.25,cb
TR2607240005067,CL100802,EN00418,trottinette,Lille,ST1038,ST1045,2026-07-24 14:08:22,2026-07-24 14:19:22,11,2.54,3.42,cb
TR2607240005068,CL103850,EN00584,trottinette,Grenoble,ST1058,ST1058,2026-07-24 14:11:35,2026-07-24 14:24:35,13,2.19,3.86,abonnement
TR2607240005069,CL105456,EN00014,velo_elec,Lyon,ST1002,ST1006,24/07/2026 14:28,2026-07-24 14:39:19,11,1.66,3.75,abonnement
TR2607240005070,CL105148,EN00183,velo_elec,LYON,ST1002,ST1018,24/07/2026 14:24,24/07/2026 14:57,33,10.89,9.25,abonnement
TR2607240005071,CL106515,EN00115,velo_elec,Lyon,ST1003,ST1005,2026-07-24 14:19:44,2026-07-24 14:30:44,11,1.99,3.75,cb
TR2607240005072,CL108564,EN00087,trottinette,Lyon,ST1008,ST1005,2026-07-24 14:23:12,24/07/2026 14:35,12,2.31,3.64,cb
TR2607240005073,CL102373,EN00229,trottinette,nantes,ST1022,ST1023,2026-07-24 14:16:44,2026-07-24 14:23:44,7,1.12,2.54,cb
TR2607240005074,CL107400,EN00280,trottinette,nantes,ST1031,ST1021,2026-07-24 14:27:08,24/07/2026 14:45,18,3.65,4.96,cb
TR2607240005075,CL107479,EN00377,trottinette,Lille,ST1036,ST1035,2026-07-24 14:29:08,24/07/2026 14:52,23,3.97,6.06,cb
TR2607240005076,CL108592,EN00419,velo,Lille,ST1038,ST1035,,2026-07-24 14:43:47,18,2.86,3.7,cb
TR2607240005077,CL103559,EN00487,velo,Lille,ST1038,ST1042,2026-07-24 14:25:19,2026-07-24 14:52:19,27,9.36,5.05,paypal
TR2607240005078,CL100386,EN00115,velo_elec,Lyon,ST1005,ST1009,2026-07-24 14:38:45,,25,4.11,7.25,paypal
TR2607240005079,CL108828,EN00117,trottinette,Lyon,ST1007,ST1001,1784896411,1784896891,8,1.7,2.76,cb
TR2607240005080,CL105060,EN00041,velo_elec,Lyon,ST1012,ST1007,1784896431,2026-07-24 14:49:51,16,2.72,5.0,cb
TR2607240005081,CL108814,EN00026,trottinette,Lyon,ST1017,ST1005,2026-07-24 14:31:01,2026-07-24 14:45:01,14,3.47,4.08,paypal
TR2607240005082,CL101125,EN00168,velo_elec,Lyon,ST1019,ST1004,2026-07-24 14:31:52,2026-07-24 14:37:52,6,1.78,2.5,abonnement
TR2607240005083,CL106458,EN00325,trottinette,Nantes,ST1020,ST1027,2026-07-24 14:37:16,2026-07-24 14:50:16,13,3.29,3.86,cb
TR2607240005084,CL101357,EN00336,velo_elec,Nantes,ST1021,ST1022,2026-07-24 14:40:32,,18,3.0,5.5,cb
TR2607240005085,CL105013,EN00485,trottinette,Lille,ST1034,ST1044,2026-07-24 14:33:59,2026-07-24 14:55:59,22,6.47,5.84,cb
TR2607240005086,CL108816,EN00427,trottinette,Lille,ST1036,ST1044,2026-07-24 14:36:30,24/07/2026 14:44,8,1.4,2.76,cb
TR2607240005087,CL102138,EN00500,velo,Lille,ST1041,ST1035,2026-07-24 14:32:34,24/07/2026 14:49,17,5.51,3.55,cb
TR2607240005088,CL107952,EN00375,trottinette,Lille,ST1043,ST1044,2026-07-24 14:42:34,24/07/2026 14:55,13,2.44,3.86,abonnement
TR2607240005089,CL102579,EN00557,velo,Grenoble,ST1056,ST1055,2026-07-24 14:32:26,24/07/2026 14:40,8,1.56,2.2,cb
TR2607240005090,CL108970,EN00213,trottinette,Lyon,ST1003,ST1018,2026-07-24 14:54:42,2026-07-24 15:03:42,9,1.43,2.98,cb
TR2607240005091,CL108339,EN00014,velo_elec,Lyon,ST1006,ST1016,24/07/2026 14:50,24/07/2026 15:03,13,3.7,4.25,abonnement
TR2607240005092,CL105712,EN00349,velo_elec,Nantes,ST1030,ST1029,2026-07-24 14:56:40,2026-07-24 15:06:40,10,1.62,3.5,cb
TR2607240005093,CL102907,EN00418,trottinette,Lille,ST1045,ST1039,2026-07-24 14:54:47,2026-07-24 15:11:47,17,4.93,4.74,cb
TR2607240005094,CL103804,EN00543,velo,Grenoble,ST1056,ST1049,2026-07-24 14:47:14,2026-07-24 14:52:14,-24,0.96,1.75,abonnement
TR2607240005095,CL107973,EN00026,trottinette,Lyon,ST1005,ST1015,24/07/2026 15:06,2026-07-24 15:32:07,26,6.32,6.72,abonnement
TR2607240005096,CL107268,EN00189,trottinette,Lyon,ST1010,ST1019,2026-07-24 15:01:27,2026-07-24 15:20:27,19,6.43,5.18,cb
TR2607240005097,CL101721,EN00013,velo_elec,Lyon,ST1018,ST1017,2026-07-24 15:10:12,2026-07-24 15:32:12,22,4.71,6.5,cb
TR2607240005098,CL106628,EN00456,trottinette,Lille,ST1042,ST1041,2026-07-24 15:08:34,2026-07-24 15:13:34,5,1.52,2.1,cb
TR2607240005099,CL103284,EN00504,trottinette,Grenoble,ST1057,ST9008,24/07/2026 15:02,2026-07-24 15:23:42,21,5.26,5.62,cb
TR2607240005100,CL103561,EN00179,trottinette,Lyon,ST1008,ST1017,2026-07-24 15:23:04,2026-07-24 15:48:04,25,7.69,6.5,cb
TR2607240005101,CL104101,EN00104,trottinette,Lyon,ST1010,ST1015,2026-07-24 15:28:09,2026-07-24 15:42:09,14,4.9,4.08,cb
TR2607240005102,CL108325,EN00211,velo_elec,Lyon,ST1015,ST1012,2026-07-24 15:17:22,2026-07-24 15:28:22,11,2.64,3.75,
TR2607240005103,CL107727,EN00067,velo_elec,Lyon,ST1015,ST1008,2026-07-24 15:19:39,2026-07-24 15:32:39,13,3.17,4.25,cb
TR2607240005104,CL104150,EN00202,trottinette,Lyon,ST1016,ST1004,2026-07-24 15:27:57,2026-07-24 15:37:57,10,2.92,3.2,cb
TR2607240005105,CL100415,EN00336,velo_elec,Nantes,ST1022,ST1024,2026-07-24 15:28:09,2026-07-24 15:45:09,17,3.83,5.25,cb
TR2607240005106,CL100059,EN00229,trottinette,Nantes,ST1023,ST1028,2026-07-24 15:27:46,2026-07-24 15:34:46,7,2.31,2.54,cb
TR2607240005107,CL105539,EN00498,trottinette,Lille,ST1034,ST1043,2026-07-24 15:28:14,2026-07-24 15:37:14,9,2.1,2.98,cb
TR2607240005108,CL102169,EN00514,velo_elec,Grenoble,ST1057,ST1057,2026-07-24 15:16:00,1784900820,31,5.18,8.75,abonnement
TR2607240005109,CL103241,EN00584,trottinette,Grenoble,ST1058,ST1051,2026-07-24 15:21:38,1784899958,11,3.02,3.42,cb
TR2607240005110,CL100312,EN00579,trottinette,Grenoble,ST1058,ST1052,2026-07-24 15:18:24,2026-07-24 15:29:24,11,2.03,3.42,abonnement
TR2607240005111,CL107290,EN00023,trottinette,Lyon,ST1005,ST1011,2026-07-24 15:43:16,2026-07-24 16:08:16,25,3.78,6.5,paypal
TR2607240005112,CL106805,EN00157,velo_elec,Lyon,ST1014,ST1005,,2026-07-24 15:56:32,15,3.52,4.75,abonnement
TR2607240005113,CL107372,EN00213,trottinette,Lyon,ST1018,ST1012,24/07/2026 15:37,1784901514,21,4.36,5.62,abonnement
TR2607240005114,CL102212,EN00261,trottinette,Nantes,ST1021,ST1022,2026-07-24 15:32:23,2026-07-24 15:40:23,8,2.51,2.76,cb
TR2607240005115,CL100578,EN00233,velo_elec,Nantes,ST1022,ST1030,,2026-07-24 15:42:24,10,1.61,3.5,cb
TR2607240005116,CL104188,EN00297,trottinette,Nante,ST1027,ST1023,2026-07-24 15:32:44,2026-07-24 15:46:44,14,3.31,4.08,abonnement
TR2607240005117,CL106643,EN00347,trottinette,Nantes,ST1028,ST1025,2026-07-24 15:42:04,2026-07-24 16:03:04,21,5.24,5.62,cb
TR2607240005118,CL103386,EN00330,trottinette,nantes,ST1031,ST1021,2026-07-24 15:41:58,2026-07-24 15:52:58,11,3.49,3.42,cb
TR2607240005119,CL104115,EN00461,velo_elec,Lille,ST1034,ST1034,24/07/2026 15:42,,26,7.47,7.5,cb
TR2607240005120,CL108015,EN00378,velo_elec,LILLE,ST1037,ST1046,2026-07-24 15:32:54,24/07/2026 16:05,33,8.5,9.25,paypal
TR2607240005121,CL102017,EN00535,velo_elec,GRENOBLE,ST1049,ST1052,2026-07-24 15:43:23,2026-07-24 16:09:23,26,4.73,7.5,paypal
TR2607240005122,CL108558,EN00504,trottinette,GRENOBLE,ST1050,ST1057,2026-07-24 15:36:55,2026-07-24 15:39:55,3,0.68,1.66,paypal
TR2607240005123,CL105503,EN00020,velo_elec,Lyon,ST1003,ST1002,,2026-07-24 16:42:13,44,12.75,12.0,abonnement
TR2607240005124,CL101846,EN00084,velo_elec,Lyon,ST1006,ST1009,24/07/2026 15:49,24/07/2026 15:58,9,1.66,3.25,cb
TR2607240005125,CL106733,EN00122,trottinette,Lyon,ST1006,ST1012,2026-07-24 15:46:37,24/07/2026 16:04,18,3.38,4.96,paypal
TR2607240005126,CL108191,EN00067,velo_elec,Lyon,ST1008,ST1007,24/07/2026 15:59,2026-07-24 16:04:30,5,1.26,2.25,paypal
TR2607240005127,CL108599,EN00077,trottinette,Lyon,ST1012,ST1014,24/07/2026 15:53,2026-07-24 16:24:50,31,6.08,7.82,cb
TR2607240005128,CL103077,EN00154,trottinette,Lyon,ST1013,ST1019,2026-07-24 15:50:28,2026-07-24 16:23:28,33,11.21,8.26,cb
TR2607240005129,CL101921,EN00187,velo_elec,Lyon,ST1014,ST1006,2026-07-24 15:58:29,2026-07-24 16:10:29,12,3.76,4.0,cb
TR2607240005130,CL104239,EN00026,trottinette,Lyon,ST1015,ST1016,2026-07-24 15:49:24,2026-07-24 16:02:24,13,4.27,3.86,cb
TR2607240005131,CL101386,EN00183,velo_elec,Lyon,ST1018,ST1004,2026-07-24 15:54:28,24/07/2026 16:07,13,3.43,4.25,cb
TR2607240005132,CL105831,EN00336,velo_elec,Nantes,ST1024,ST1029,2026-07-24 15:54:21,2026-07-24 16:00:21,6,1.31,2.5,cb
TR2607240005133,CL105831,EN00337,trottinette,Nantes,ST1026,ST1030,2026-07-24 15:52:36,2026-07-24 15:58:36,6,2.08,2.32,cb
TR2607240005134,CL107135,EN00566,trottinette,Grenoble,ST1048,ST1048,2026-07-24 15:46:33,2026-07-24 15:56:33,10,2.96,3.2,paypal
TR2607240005135,CL103401,EN00561,velo_elec,Grenoble,ST1053,ST1057,24/07/2026 15:55,2026-07-24 16:06:38,11,1.8,3.75,abonnement
TR2607240005136,CL107452,EN00219,velo_elec,Lyon,ST1001,ST1017,2026-07-24 16:03:13,24/07/2026 16:10,7,1.19,2.75,paypal
TR2607240005137,CL108080,EN00041,velo_elec,Lyon,ST1007,ST1018,2026-07-24 16:01:03,2026-07-24 16:19:03,18,5.39,5.5,cb
TR2607240005138,CL108387,EN00097,velo_elec,Lyon,ST1013,ST1007,2026-07-24 16:08:10,2026-07-24 16:12:10,4,0.69,2.0,abonnement
TR2607240005139,CL108908,EN00163,trottinette,Lyon,ST1016,ST1016,2026-07-24 16:04:05,2026-07-24 16:11:05,7,1.62,2.54,cb
TR2607240005140,CL100265,EN00301,velo_elec,Nantes,ST1020,ST1028,2026-07-24 16:14:38,2026-07-24 16:31:38,17,5.44,5.25,cb
TR2607240005141,CL100065,EN00229,trottinette,Nantes,ST1028,ST1032,2026-07-24 16:02:09,2026-07-24 16:18:09,16,3.47,4.52,
TR2607240005142,CL103881,EN00408,velo_elec,Lille,ST1034,ST1047,2026-07-24 16:10:04,2026-07-24 16:21:04,11,2.08,3.75,cb
TR2607240005143,CL102144,EN00430,velo_elec,Lille,ST1034,ST1047,2026-07-24 16:09:45,2026-07-24 16:27:45,18,3.07,5.5,cb
TR2607240005144,CL100642,EN00382,trottinette,Lille,ST1036,ST1047,2026-07-24 16:12:02,2026-07-24 16:28:02,16,2.94,4.52,cb
TR2607240005145,CL101069,EN00498,trottinette,lille,ST1043,ST1039,2026-07-24 16:13:05,1784903225,14,3.13,4.08,cb
TR2607240005146,CL107069,EN00515,trottinette,Grenoble,ST1048,ST1057,24/07/2026 16:02,2026-07-24 16:19:51,17,3.07,4.74,abonnement
TR2607240005147,CL105287,EN00556,trottinette,grenoble,ST1048,ST1056,24/07/2026 16:01,2026-07-24 16:07:56,6,1.66,2.32,abonnement
TR2607240005148,CL100408,EN00569,trottinette,Grenoble,ST1049,ST1050,2026-07-24 16:11:41,2026-07-24 16:16:41,5,1.15,2.1,paypal
TR2607240005149,CL107614,EN00520,velo_elec,Grenoble,ST1049,ST1053,2026-07-24 16:09:42,2026-07-24 16:20:42,11,2.93,3.75,abonnement
TR2607240005150,CL107665,EN00523,velo_elec,Grenoble,ST1049,ST1055,2026-07-24 16:08:31,2026-07-24 16:17:31,9,2.97,3.25,cb
TR2607240005151,CL108491,EN00567,velo_elec,Grenoble,ST1055,ST1054,1784901713,2026-07-24 16:13:53,12,2.08,4.0,abonnement
TR2607240005152,CL105694,EN00033,trottinette,Lyon,ST1001,ST1009,2026-07-24 16:22:16,24/07/2026 16:40,18,5.48,4.96,cb
TR2607240005153,CL105585,EN00199,velo_elec,Lyon,ST1001,ST1007,1784903179,2026-07-24 16:30:19,4,1.23,2.0,cb
TR2607240005154,CL103556,EN00207,velo_elec,Lyon,ST1001,ST1012,2026-07-24 16:24:54,2026-07-24 16:32:54,8,1.31,3.0,paypal
TR2607240005155,CL103867,EN00025,velo_elec,Lyon,ST1002,ST1017,2026-07-24 16:26:51,2026-07-24 16:43:51,17,5.84,5.25,cb
TR2607240005156,CL104940,EN00197,velo_elec,Lyon,ST1002,ST1008,24/07/2026 16:25,2026-07-24 17:03:54,38,13.0,10.5,cb
TR2607240005157,CL108846,EN00111,trottinette,Lyonn,ST1003,ST1006,24/07/2026 16:30,2026-07-24 16:48:06,18,5.6,4.96,cb
TR2607240005158,CL102965,EN00173,velo_elec,Lyon,ST1003,ST1012,2026-07-24 16:20:55,2026-07-24 17:03:55,43,13.42,11.75,abonnement
TR2607240005159,CL101871,EN00083,velo_elec,Lyon,ST1003,ST1011,2026-07-24 16:17:43,2026-07-24 16:28:43,11,3.65,3.75,cb
TR2607240005160,CL108322,EN00092,trottinette,Lyon,ST1004,ST1011,2026-07-24 16:21:23,2026-07-24 16:34:23,13,2.55,3.86,cb
TR2607240005161,CL102524,EN00168,velo_elec,Lyon,ST1004,ST1019,2026-07-24 16:19:50,2026-07-24 16:34:50,15,4.65,4.75,abonnement
TR2607240005162,CL105932,EN00115,velo_elec,Lyon,ST1009,ST1015,2026-07-24 16:21:15,2026-07-24 16:35:15,14,3.02,4.5,cb
TR2607240005163,CL108783,EN00454,velo,Lille,ST1037,ST1042,2026-07-24 16:30:53,1784903633,3,0.61,1.45,cb
TR2607240005164,CL106619,EN00509,trottinette,Grenoble,ST1048,ST1051,2026-07-24 16:26:39,2026-07-24 16:44:39,18,5.06,4.96,cb
TR2607240005165,CL105594,EN00535,velo_elec,Grenoble,ST1052,ST1050,24/07/2026 16:23,2026-07-24 16:30:05,7,2.43,2.75,cb
TR2607240005166,CL107276,EN00117,trottinette,Lyon,ST1001,ST1013,2026-07-24 16:35:15,2026-07-24 16:46:15,11,2.34,3.42,abonnement
TR2607240005167,CL108199,EN00160,velo_elec,Lyon,ST1002,ST1005,24/07/2026 16:32,2026-07-24 16:46:24,14,3.57,4.5,cb
TR2607240005168,CL106559,EN00187,velo_elec,Lyon,ST1006,ST1015,2026-07-24 16:37:33,2026-07-24 16:45:33,8,2.69,3.0,abonnement
TR2607240005169,CL100753,EN00159,velo,Lyon,ST1008,ST1012,2026-07-24 16:42:15,2026-07-24 16:56:15,14,2.3,3.1,cb
TR2607240005170,CL103673,EN00122,trottinette,Lyon,ST1012,ST1015,2026-07-24 16:45:39,,6,0.94,2.32,paypal
TR2607240005171,CL106713,EN00179,trottinette,Lyon,ST1017,ST1014,2026-07-24 16:42:58,2026-07-24 16:54:58,12,2.46,3.64,paypal
TR2607240005172,CL105883,EN00233,velo_elec,Nantes,ST1030,ST1022,2026-07-24 16:36:58,1784904178,6,1.54,2.5,cb
TR2607240005173,CL104017,EN00372,trottinette,Lille,ST1036,ST1047,2026-07-24 16:43:58,24/07/2026 17:00,17,2.71,4.74,cb
TR2607240005174,CL100085,EN00418,trottinette,Lille,ST1039,ST1036,2026-07-24 16:36:12,2026-07-24 16:42:12,6,1.16,2.32,cb
TR2607240005175,CL104763,EN00481,velo_elec,Lille,ST1045,ST1044,2026-07-24 16:46:09,24/07/2026 17:02,16,4.18,5.0,abonnement
TR2607240005176,CL100757,EN00406,velo_elec,Lille,ST1046,ST1039,2026-07-24 16:37:03,2026-07-24 16:50:03,13,4.19,4.25,cb
TR2607240005177,CL105308,EN00591,velo_elec,Grenoble,ST1048,ST1056,2026-07-24 16:35:36,2026-07-24 16:39:36,4,0.82,2.0,abonnement
TR2607240005178,CL100137,EN00534,trottinette,Grenoble,ST1048,ST1058,24/07/2026 16:45,2026-07-24 16:54:28,9,1.58,2.98,cb
TR2607240005179,CL101636,EN00585,velo_elec,Grenoble,ST1049,ST1058,2026-07-24 16:39:12,2026-07-24 16:54:12,15,4.07,,cb
TR2607240005180,CL107342,EN00515,trottinette,Grenoble,ST1057,ST1053,2026-07-24 16:33:25,2026-07-24 16:51:25,18,4.49,4.96,cb
TR2607240005181,CL105578,EN00524,velo_elec,Grenoble,ST1058,ST1049,2026-07-24 16:45:12,2026-07-24 16:51:12,6,1.23,2.5,cb
TR2607240005182,CL105334,EN00124,velo_elec,Lyon,ST1001,ST1016,24/07/2026 16:52,2026-07-24 17:20:29,28,6.71,8.0,cb
TR2607240005183,CL100842,EN00020,velo_elec,Lyon,ST1002,ST1003,2026-07-24 16:55:34,2026-07-24 16:59:34,4,1.14,2.0,abonnement
TR2607240005184,CL100996,EN00105,velo_elec,Lyon,ST1002,ST1017,24/07/2026 16:59,2026-07-24 17:14:07,15,3.38,4.75,cb
TR2607240005185,CL101051,EN00128,velo,Lyon,ST1008,ST1010,2026-07-24 17:00:33,2026-07-24 17:11:33,11,2.15,2.65,cb
TR2607240005186,CL104107,EN00041,velo_elec,Lyon,ST1018,ST1003,24/07/2026 16:50,24/07/2026 16:59,9,2.76,3.25,paypal
TR2607240005187,CL101436,EN00338,velo_elec,Nantes,ST1027,ST1027,1784904411,2026-07-24 16:52:51,6,2.08,2.5,cb
TR2607240005188,CL108939,EN00389,trottinette,LILLE,ST1034,ST1034,2026-07-24 16:47:37,24/07/2026 16:53,6,1.99,2.32,cb
TR2607240005189,CL100245,EN00411,trottinette,Lille,ST1034,ST1040,2026-07-24 16:48:55,24/07/2026 16:56,8,2.03,2.76,cb
TR2607240005190,CL101792,EN00418,trottinette,Lille,ST1036,ST1042,1784904967,24/07/2026 17:01,5,1.71,2.1,cb
TR2607240005191,CL102978,EN00380,velo_elec,Lille,ST1042,ST1042,2026-07-24 16:56:32,2026-07-24 17:05:32,9,2.54,3.25,abonnement
TR2607240005192,CL102337,EN00569,trottinette,Grenoble,ST1050,ST1050,2026-07-24 16:46:17,2026-07-24 17:12:17,-6,8.04,6.72,cb
TR2607240005193,CL107786,EN00571,trottinette,Grenoble,ST1051,ST1051,1784904998,2026-07-24 17:03:38,7,2.38,,cb
TR2607240005194,CL102065,EN00579,trottinette,Grenoble,ST1052,ST1051,2026-07-24 16:56:00,2026-07-24 17:01:00,5,1.07,2.1,abonnement
TR2607240005195,CL107577,EN00591,velo_elec,Grenoble,ST1056,ST1054,2026-07-24 16:59:19,24/07/2026 17:16,17,2.96,5.25,cb
TR2607240005196,CL103828,EN00079,velo_elec,Lyon,ST1001,ST1004,2026-07-24 17:15:04,,8,1.32,3.0,abonnement
TR2607240005197,CL108722,EN00095,trottinette,Lyon,ST1001,ST1011,2026-07-24 17:05:15,24/07/2026 17:26,21,3.92,5.62,cb
TR2607240005198,CL107510,EN00061,trottinette,Lyon,ST1002,ST1017,2026-07-24 17:03:29,2026-07-24 17:27:29,24,4.3,6.28,paypal
TR2607240005199,CL102665,EN00174,velo_elec,Lyon,ST1003,ST1008,2026-07-24 17:01:13,2026-07-24 17:12:13,11,3.66,3.75,abonnement
TR2607240005200,CL105337,EN00085,velo_elec,lyon,ST1003,ST1008,24/07/2026 17:07,2026-07-24 17:15:35,8,1.55,3.0,cb
TR2607240005201,CL105808,EN00111,trottinette,Lyon,ST1006,ST1003,2026-07-24 17:03:12,2026-07-24 17:11:12,8,2.4,2.76,abonnement
TR2607240005202,CL105701,EN00033,trottinette,Lyon,ST1009,ST1018,2026-07-24 17:07:46,2026-07-24 17:19:46,12,2.23,3.64,cb
TR2607240005203,CL100747,EN00161,velo_elec,Lyon,ST1010,ST1005,,2026-07-24 17:41:10,30,7.12,8.5,cb
TR2607240005204,CL108256,EN00023,trottinette,Lyon,ST1011,ST1016,2026-07-24 17:16:00,24/07/2026 17:37,21,6.73,5.62,cb
TR2607240005205,CL104392,EN00092,trottinette,Lyon,ST1011,ST1009,2026-07-24 17:09:50,2026-07-24 17:36:50,27,7.09,6.94,cb
TR2607240005206,CL104525,EN00269,velo_elec,Nantes,ST1021,ST1020,2026-07-24 17:14:22,2026-07-24 17:41:22,27,4.58,7.75,cb
TR2607240005207,CL103823,EN00240,trottinette,Nantes,ST1025,ST1027,1784905485,2026-07-24 17:08:45,4,0.63,1.88,abonnement
TR2607240005208,CL103417,EN00336,velo_elec,Nante,ST1029,ST1027,2026-07-24 17:07:17,2026-07-24 17:17:17,10,1.92,3.5,cb
TR2607240005209,CL105924,EN00422,velo_elec,Lille,ST1034,ST1045,2026-07-24 17:02:24,2026-07-24 17:12:24,10,1.93,3.5,cb
TR2607240005210,CL104735,EN00493,velo_elec,Lille,ST1034,ST1041,2026-07-24 17:10:47,2026-07-24 18:04:47,54,13.94,14.5,cb
TR2607240005211,CL108247,EN00446,trottinette,Lille,ST1035,ST1034,2026-07-24 17:03:10,2026-07-24 17:15:10,12,4.18,,cb
TR2607240005212,CL100925,EN00441,velo_elec,Lille,ST1036,ST1046,2026-07-24 17:03:43,24/07/2026 17:24,21,5.2,6.25,abonnement
TR2607240005213,CL105303,EN00368,trottinette,Lille,ST1042,ST1045,2026-07-24 17:13:58,2026-07-24 17:20:58,7,1.65,2.54,cb
TR2607240005214,CL108020,EN00488,velo_elec,Lille,ST1045,ST1041,2026-07-24 17:05:36,2026-07-24 17:25:36,20,4.22,6.0,cb
TR2607240005215,CL105646,EN00404,trottinette,Lille,ST1046,ST1035,2026-07-24 17:13:23,2026-07-24 17:28:23,15,4.83,4.3,cb
TR2607240005216,CL100923,EN00575,trottinette,Grenoble,ST1048,ST1058,2026-07-24 17:03:05,2026-07-24 17:21:05,18,3.78,4.96,
TR2607240005217,CL105244,EN00589,velo_elec,Grenoble,ST1049,ST1052,2026-07-24 17:04:14,2026-07-24 17:14:14,10,2.87,3.5,paypal
TR2607240005218,CL102009,EN00563,trottinette,Grenoble,ST1049,ST1051,2026-07-24 17:08:04,2026-07-24 17:26:04,18,3.01,4.96,cb
TR2607240005219,CL102509,EN00535,velo_elec,GRENOBLE,ST1050,ST1058,2026-07-24 17:02:22,2026-07-24 17:13:22,11,2.53,3.75,cb
TR2607240005220,CL101466,EN00537,velo_elec,Grenoble,ST1050,ST1053,2026-07-24 17:05:45,2026-07-24 17:27:45,22,5.81,6.5,abonnement
TR2607240005221,CL108130,EN00599,trottinette,Grenoble,ST1055,ST1049,2026-07-24 17:10:14,2026-07-24 17:19:14,9,1.79,2.98,cb
TR2607240005222,CL103364,EN00556,trottinette,Grenoble,ST1056,ST1048,2026-07-24 17:10:20,2026-07-24 17:22:20,12,4.19,3.64,abonnement
TR2607240005223,CL104101,EN00089,trottinette,Lyon,ST1003,ST1018,2026-07-24 17:26:51,24/07/2026 17:41,15,2.27,4.3,cb
TR2607240005224,CL103707,EN00100,velo_elec,Lyon,ST1003,ST1007,2026-07-24 17:24:19,2026-07-24 18:03:19,39,8.35,10.75,cb
TR2607240005225,CL103909,EN00056,velo_elec,Lyon,ST1003,ST1013,,2026-07-24 17:46:00,18,4.1,5.5,
TR2607240005226,CL924925,EN00109,trottinette,Lyon,ST1004,ST1005,24/07/2026 17:15,2026-07-24 17:37:45,22,3.68,5.84,abonnement
TR2607240005227,CL106495,EN00207,velo_elec,Lyon,ST1012,ST1014,24/07/2026 17:17,1784907467,20,3.61,6.0,paypal
TR2607240005228,CL106485,EN00117,trottinette,Lyon,ST1013,ST1010,24/07/2026 17:27,2026-07-24 17:45:25,18,2.88,4.96,cb
TR2607240005229,CL100753,EN00179,trottinette,LYON,ST1014,ST1017,2026-07-24 17:21:32,2026-07-24 17:35:32,14,3.04,4.08,cb
TR2607240005230,CL100765,EN00074,trottinette,Lyon,ST1016,ST1011,2026-07-24 17:27:48,24/07/2026 17:33,6,1.02,2.32,abonnement
TR2607240005231,CL105938,EN00219,velo_elec,Lyon,ST1017,ST1008,2026-07-24 17:29:47,,21,3.83,6.25,abonnement
TR2607240005232,CL102797,EN00090,trottinette,Lyon,ST1019,ST1004,2026-07-24 17:30:33,2026-07-24 17:40:33,10,2.89,3.2,abonnement
TR2607240005233,CL100196,EN00168,velo_elec,Lyon,ST1019,ST1010,2026-07-24 17:23:28,2026-07-24 17:26:28,3,0.89,1.75,cb
TR2607240005234,CL105978,EN00330,trottinette,Nantes,ST1021,ST1032,24/07/2026 17:21,2026-07-24 17:44:15,23,7.15,6.06,cb
TR2607240005235,CL102149,EN00280,trottinette,Nantes,ST1021,ST1031,2026-07-24 17:18:03,24/07/2026 17:39,21,5.6,5.62,cb
TR2607240005236,CL108680,EN00271,velo_elec,Nante,ST1022,ST1024,2026-07-24 17:19:58,2026-07-24 17:28:58,9,2.36,3.25,cb
TR2607240005237,CL107890,EN00261,trottinette,Nantes,ST1022,ST1029,2026-07-24 17:21:36,24/07/2026 17:32,11,2.52,3.42,cb
TR2607240005238,CL104373,EN00297,trottinette,Nantes,ST1023,ST1028,24/07/2026 17:23,2026-07-24 17:36:23,13,4.25,3.86,abonnement
TR2607240005239,CL101451,EN00324,velo,Nantes,ST1031,ST1021,,2026-07-24 17:33:54,13,3.94,2.95,cb
TR2607240005240,CL105791,EN00302,velo_elec,Nantes,ST1032,ST1020,2026-07-24 17:23:04,2026-07-24 17:56:04,33,10.52,9.25,cb
TR2607240005241,CL104145,EN00377,trottinette,Lille,ST1035,ST1042,1784906806,2026-07-24 17:46:46,20,4.53,5.4,cb
TR2607240005242,CL108473,EN00361,trottinette,Lille,ST1036,ST1040,24/07/2026 17:24,2026-07-24 17:39:36,15,4.67,4.3,paypal
TR2607240005243,CL934493,EN00405,trottinette,Lille,ST1039,ST1038,2026-07-24 17:24:33,2026-07-24 17:32:33,8,2.19,2.76,abonnement
TR2607240005244,CL104608,EN00379,velo_elec,Lille,ST1040,ST1046,24/07/2026 17:17,2026-07-24 17:42:33,25,8.7,7.25,abonnement
TR2607240005245,CL104915,EN00456,trottinette,Lille,ST1041,ST1045,2026-07-24 17:24:40,1784907880,20,6.04,5.4,paypal
TR2607240005246,CL106719,EN00524,velo_elec,Grenoble,ST1049,ST1049,24/07/2026 17:22,2026-07-24 17:42:21,20,6.84,6.0,abonnement
TR2607240005247,CL101006,EN00539,velo_elec,Grenoble,ST1049,ST1056,2026-07-24 17:24:16,24/07/2026 17:59,35,5.61,9.75,cb
TR2607240005248,CL102014,EN00579,trottinette,Grenoble,ST1051,ST1048,2026-07-24 17:20:10,2026-07-24 17:33:10,13,2.58,3.86,cb
TR2607240005249,CL106639,EN00571,trottinette,Grenoble,ST1051,ST1057,2026-07-24 17:21:35,2026-07-24 17:31:35,10,2.27,3.2,paypal
TR2607240005250,CL103031,EN00589,velo_elec,Grenoble,ST1052,ST1048,2026-07-24 17:28:36,2026-07-24 17:39:36,11,3.31,3.75,cb
TR2607240005251,CL105741,EN00515,trottinette,Grenoble,ST1053,ST1054,2026-07-24 17:18:42,1784906622,5,0.83,2.1,cb
TR2607240005252,CL100222,EN00520,velo_elec,Grenoble,ST1053,ST1056,2026-07-24 17:21:16,2026-07-24 17:30:16,9,2.37,3.25,cb
TR2607240005253,CL103734,EN00523,velo_elec,Grenoble,ST1055,ST1051,2026-07-24 17:18:14,2026-07-24 17:31:14,13,2.54,,cb
TR2607240005254,CL104366,EN00534,trottinette,Grenoble,ST1058,ST1049,2026-07-24 17:19:58,,7,1.34,2.54,cb
TR2607240005255,CL104230,EN00091,velo_elec,Lyon,ST1001,ST1007,1784907569,2026-07-24 18:08:29,29,9.24,8.25,abonnement
TR2607240005256,CL106594,EN00191,trottinette,Lyon,ST1001,ST1006,2026-07-24 17:41:56,2026-07-24 18:06:56,25,4.47,6.5,paypal
TR2607240005257,CL106713,EN00212,trottinette,Lyon,ST1001,ST1007,2026-07-24 17:39:11,2026-07-24 17:55:11,16,4.0,4.52,abonnement
TR2607240005258,CL103100,EN00195,velo_elec,Lyon,ST1001,ST1010,2026-07-24 17:35:22,2026-07-24 17:44:22,9,2.21,3.25,paypal
TR2607240005259,CL103984,EN00047,velo_elec,Lyon,ST1002,ST1004,2026-07-24 17:40:25,2026-07-24 18:10:25,30,4.81,8.5,cb
TR2607240005260,CL108499,EN00024,velo_elec,Lyon,ST1002,ST1005,24/07/2026 17:37,2026-07-24 17:46:56,9,2.6,3.25,
TR2607240005261,CL105166,EN00103,trottinette,Lyon,ST1002,ST1014,2026-07-24 17:35:19,2026-07-24 17:43:19,8,2.45,2.76,cb
TR2607240005262,CL102150,EN00108,velo_elec,Lyon,ST1002,ST1009,2026-07-24 17:41:29,2026-07-24 18:04:29,23,6.05,6.75,
TR2607240005263,CL100685,EN00002,velo_elec,Lyon,ST1003,ST1005,2026-07-24 17:41:51,2026-07-24 17:55:51,14,3.08,4.5,cb
TR2607240005264,CL108018,EN00020,velo_elec,Lyon,ST1003,ST1008,2026-07-24 17:32:47,2026-07-24 17:40:47,8,1.48,3.0,abonnement
TR2607240005265,CL102241,EN00107,velo_elec,Lyon,ST1003,ST1003,2026-07-24 17:34:13,2026-07-24 17:40:13,6,2.05,2.5,abonnement
TR2607240005266,CL100788,EN00111,trottinette,Lyon,ST1003,ST1017,2026-07-24 17:43:19,2026-07-24 17:58:19,15,4.77,4.3,paypal
TR2607240005267,CL106159,EN00157,velo_elec,LYON,ST1005,ST1013,2026-07-24 17:36:36,24/07/2026 18:05,29,5.63,8.25,paypal
TR2607240005268,CL101914,EN00168,velo_elec,Lyon,ST1010,ST1007,2026-07-24 17:40:16,2026-07-24 17:57:16,17,3.59,5.25,abonnement
TR2607240005269,CL102933,EN00173,velo_elec,Lyon,ST1012,ST1004,2026-07-24 17:32:43,2026-07-24 18:04:43,32,5.25,9.0,cb
TR2607240005270,CL104060,EN00211,velo_elec,Lyon,ST1012,ST1003,2026-07-24 17:36:44,2026-07-24 17:45:44,9,1.96,3.25,cb
TR2607240005271,CL102507,EN00213,trottinette,Lyon,ST1012,ST1008,2026-07-24 17:31:30,2026-07-24 18:00:30,29,6.49,7.38,paypal
TR2607240005272,CL106320,EN00053,trottinette,Lyon,ST1019,ST1016,2026-07-24 17:41:02,2026-07-24 17:48:02,7,2.1,2.54,cb
TR2607240005273,CL107272,EN00235,trottinette,Nantes,ST1020,ST1025,2026-07-24 17:40:40,2026-07-24 18:02:40,22,7.03,5.84,cb
TR2607240005274,CL106103,EN00341,velo_elec,Nantes,ST1021,ST1025,1784907838,2026-07-24 17:48:58,5,1.48,2.25,abonnement
TR2607240005275,CL101887,EN00239,trottinette,Nantes,ST1023,ST1021,2026-07-24 17:40:09,2026-07-24 17:59:09,19,3.76,5.18,cb
TR2607240005276,CL105769,EN00347,trottinette,Nantes,ST1025,ST1032,2026-07-24 17:33:19,2026-07-24 17:39:19,6,1.0,2.32,cb
TR2607240005277,CL100973,EN00417,trottinette,Lille,ST1035,ST1044,2026-07-24 17:45:04,2026-07-24 17:53:04,8,2.02,2.76,cb
TR2607240005278,CL102884,EN00450,trottinette,Lille,ST1035,ST1042,2026-07-24 17:31:19,2026-07-24 17:43:19,12,1.88,3.64,cb
TR2607240005279,CL108691,EN00381,trottinette,Lille,ST1035,ST1034,2026-07-24 17:42:34,2026-07-24 17:59:34,17,3.22,4.74,cb
TR2607240005280,CL105553,EN00426,trottinette,Lille,ST1035,ST1047,2026-07-24 17:45:03,2026-07-24 18:03:03,18,4.1,4.96,cb
TR2607240005281,CL101053,EN00423,velo_elec,Lille,ST1036,ST1037,2026-07-24 17:40:20,2026-07-24 17:57:20,17,4.63,5.25,cb
TR2607240005282,CL106410,EN00392,velo_elec,Lille,ST1036,ST1041,2026-07-24 17:35:19,2026-07-24 17:50:19,15,5.1,4.75,cb
TR2607240005283,CL104148,EN00371,velo,Lille,ST1038,ST1035,2026-07-24 17:39:16,2026-07-24 17:49:16,10,3.05,2.5,paypal
TR2607240005284,CL101078,EN00416,trottinette,Lille,ST1040,ST1039,2026-07-24 17:45:26,2026-07-24 17:57:26,12,2.22,3.64,abonnement
TR2607240005285,CL104939,EN00476,trottinette,Lille,ST1047,ST1046,2026-07-24 17:45:48,2026-07-24 17:55:48,3830,1.56,3.2,cb
TR2607240005286,CL103832,EN00569,trottinette,Grenoble,ST1050,ST1052,1784907208,2026-07-24 17:38:28,5,1.41,2.1,cb
TR2607240005287,CL101951,EN00509,trottinette,Grenoble,ST1051,ST1050,2026-07-24 17:40:06,2026-07-24 17:55:06,15,3.35,4.3,paypal
TR2607240005288,CL105738,EN00591,velo_elec,Grenoble,ST1054,ST1057,24/07/2026 17:41,2026-07-24 17:55:23,14,2.22,4.5,abonnement
TR2607240005289,CL106592,EN00515,trottinette,Grenoble,ST1054,ST1049,,2026-07-24 18:19:50,-27,11.47,9.58,cb
TR2607240005290,CL105934,EN00571,trottinette,Grenoble,ST1057,ST1052,1784907923,2026-07-24 17:55:23,10,2.31,3.2,cb
TR2607240005291,CL100485,EN00165,trottinette,Lyon,ST1002,ST1004,2026-07-24 17:48:15,2026-07-24 17:57:15,9,2.37,2.98,paypal
TR2607240005292,CL105931,EN00184,velo_elec,Lyon,ST1002,ST1017,2026-07-24 17:55:42,2026-07-24 17:58:42,3,0.76,1.75,abonnement
TR2607240005293,CL105351,EN00076,velo_elec,Lyon,ST1003,ST1019,2026-07-24 17:54:09,2026-07-24 17:57:09,3,0.68,1.75,abonnement
TR2607240005294,CL106227,EN00216,velo_elec,Lyon ,ST1003,ST1007,24/07/2026 17:49,2026-07-24 17:58:54,9,2.48,3.25,abonnement
TR2607240005295,CL108749,EN00090,trottinette,Lyon,ST1004,ST1014,2026-07-24 17:46:33,2026-07-24 17:51:33,5,0.97,2.1,abonnement
TR2607240005296,CL102269,EN00109,trottinette,Lyon,ST1005,ST1008,2026-07-24 18:00:07,24/07/2026 18:11,11,2.96,3.42,cb
TR2607240005297,CL103578,EN00074,trottinette,Lyon,ST1011,ST1016,2026-07-24 17:51:08,2026-07-24 18:07:08,16,2.92,4.52,cb
TR2607240005298,CL100029,EN00056,velo_elec,Lyon,ST1013,ST1010,2026-07-24 17:46:32,2026-07-24 18:14:32,28,8.89,8.0,cb
TR2607240005299,CL101197,EN00186,trottinette,Lyon,ST1013,ST1006,2026-07-24 17:52:34,2026-07-24 18:19:34,27,9.17,6.94,cb
TR2607240005300,CL102890,EN00153,velo_elec,Lyon,ST1019,ST1008,,,16,4.15,5.0,cb
TR2607240005301,CL101435,EN00228,trottinette,Nantes,ST1025,ST1033,2026-07-24 17:49:35,2026-07-24 18:25:35,36,11.04,8.92,paypal
TR2607240005302,CL102327,EN00404,trottinette,Lille,ST1035,ST1045,2026-07-24 17:46:58,2026-07-24 17:58:58,12,3.09,3.64,cb
TR2607240005303,CL105673,EN00455,velo_elec,Lille,ST1036,ST1038,2026-07-24 17:52:07,2026-07-24 17:57:07,5,1.48,2.25,cb
TR2607240005304,CL103284,EN00548,trottinette,Grenoble,ST1048,ST9556,2026-07-24 17:46:38,1784909138,19,3.78,5.18,cb
TR2607240005305,CL104953,EN00567,velo_elec,Grenoble,ST1054,ST1053,24/07/2026 17:53,2026-07-24 17:55:26,2,0.46,1.5,cb
TR2607240005306,CL100478,EN00520,velo_elec,Grenoble,ST1056,ST1055,2026-07-24 17:50:00,24/07/2026 17:53,3,0.64,1.75,cb
TR2607240005307,CL100755,EN00098,velo_elec,Lyon,ST1001,ST1018,2026-07-24 18:04:44,1784910224,19,3.72,5.75,cb
TR2607240005308,CL108745,EN00152,velo_elec,Lyon,ST1001,ST1001,1784909177,2026-07-24 18:12:17,6,1.16,2.5,cb
TR2607240005309,CL100235,EN00107,velo_elec,Lyon,ST1003,ST1006,2026-07-24 18:12:40,2026-07-24 18:25:40,13,2.36,4.25,abonnement
TR2607240005310,CL104462,EN00003,velo_elec,Lyon,ST1003,ST1008,24/07/2026 18:12,2026-07-24 18:20:56,8,2.69,3.0,cb
TR2607240005311,CL106015,EN00039,velo_elec,Lyon,ST1003,ST1008,2026-07-24 18:02:24,2026-07-24 18:06:24,4,0.95,2.0,abonnement
TR2607240005312,CL101643,EN00018,trottinette,Lyon,ST1003,ST1008,24/07/2026 18:09,1784909790,7,1.66,,cb
TR2607240005313,CL100483,EN00202,trottinette,LYON,ST1004,ST1010,2026-07-24 18:12:44,2026-07-24 18:18:44,6,1.27,2.32,cb
TR2607240005314,CL101308,EN00129,velo_elec,Lyon,ST1004,ST1008,2026-07-24 18:08:04,2026-07-24 18:41:04,33,8.79,9.25,paypal
TR2607240005315,CL101779,EN00161,velo_elec,Lyon,ST1005,ST1014,2026-07-24 18:04:15,2026-07-24 18:09:15,5,1.07,2.25,abonnement
TR2607240005316,CL101166,EN00199,velo_elec,Lyon ,ST1007,ST1003,24/07/2026 18:02,2026-07-24 18:31:18,29,4.41,8.25,cb
TR2607240005317,CL995528,EN00092,trottinette,Lyon ,ST1009,ST1004,2026-07-24 18:15:50,24/07/2026 18:23,8,1.6,2.76,cb
TR2607240005318,CL106799,EN00023,trottinette,Lyon,ST1016,ST1006,2026-07-24 18:11:17,2026-07-24 18:19:17,8,1.9,2.76,cb
TR2607240005319,CL105395,EN00163,trottinette,Lyon,ST1016,ST1011,2026-07-24 18:14:49,2026-07-24 18:20:49,6,1.14,2.32,paypal
TR2607240005320,CL102334,EN00076,velo_elec,Lyon,ST1019,ST1015,24/07/2026 18:04,2026-07-24 18:10:51,6,1.35,2.5,paypal
TR2607240005321,CL107780,EN00277,velo_elec,Nantes,ST1020,ST1027,2026-07-24 18:10:09,2026-07-24 18:22:09,12,2.06,4.0,paypal
TR2607240005322,CL108346,EN00302,velo_elec,Nantes,ST1020,ST1025,2026-07-24 18:02:58,2026-07-24 18:07:58,5,1.44,2.25,abonnement
TR2607240005323,CL108205,EN00268,trottinette,Nantes,ST1022,ST1024,2026-07-24 18:15:29,2026-07-24 18:29:29,14,3.34,4.08,cb
TR2607240005324,CL102056,EN00314,trottinette,Nantes,ST1023,ST1028,2026-07-24 18:11:57,2026-07-24 18:22:57,11,1.67,3.42,cb
TR2607240005325,CL104631,EN00338,velo_elec,Nantes,ST1027,ST1026,24/07/2026 18:11,2026-07-24 18:59:26,48,13.27,13.0,abonnement
TR2607240005326,CL107055,EN00336,velo_elec,Nantes,ST1027,ST1032,2026-07-24 18:16:09,2026-07-24 18:29:09,13,4.25,4.25,cb
TR2607240005327,CL104807,EN00301,velo_elec,Nantes,ST1028,ST1031,2026-07-24 18:01:32,2026-07-24 18:05:32,4,1.17,2.0,abonnement
TR2607240005328,CL105875,EN00337,trottinette,Nantes,ST1030,ST1027,2026-07-24 18:13:42,2026-07-24 18:34:42,21,4.59,5.62,
TR2607240005329,CL102602,EN00484,velo_elec,Lille,ST1035,ST1039,24/07/2026 18:15,2026-07-24 18:21:52,6,1.2,2.5,abonnement
TR2607240005330,CL107835,EN00423,velo_elec,Lille,ST1037,ST1043,2026-07-24 18:02:20,2026-07-24 18:11:20,9,2.89,3.25,paypal
TR2607240005331,CL100640,EN00416,trottinette,Lille,ST1039,ST1037,2026-07-24 18:01:07,2026-07-24 18:12:07,11,2.79,3.42,paypal
TR2607240005332,CL104156,EN00384,trottinette,Lille,ST1044,ST1040,2026-07-24 18:10:37,2026-07-24 18:25:37,15,4.14,4.3,cb
TR2607240005333,CL101675,EN00414,velo_elec,Lille,ST1047,ST1042,2026-07-24 18:14:26,24/07/2026 18:29,15,4.53,4.75,paypal
TR2607240005334,CL106376,EN00566,trottinette,Grenoble,ST1048,ST1053,2026-07-24 18:13:54,2026-07-24 18:18:54,5,1.72,2.1,
TR2607240005335,CL107875,EN00519,velo_elec,Grenoble,ST1048,ST1048,2026-07-24 18:06:57,,12,3.51,4.0,abonnement
TR2607240005336,CL107665,EN00509,trottinette,Grenoble,ST1050,ST1057,2026-07-24 18:01:58,24/07/2026 18:12,11,3.57,3.42,abonnement
TR2607240005337,CL107892,EN00523,velo_elec,Grenoble,ST1051,ST1058,2026-07-24 18:07:41,2026-07-24 18:14:41,7,1.15,2.75,paypal
TR2607240005338,CL102854,EN00591,velo_elec,Grenoble,ST1057,ST1052,1784908999,24/07/2026 18:10,7,2.21,2.75,cb
TR2607240005339,CL104412,EN00504,trottinette,Grenoble,ST1057,ST1053,2026-07-24 18:11:09,24/07/2026 18:28,17,3.12,,abonnement
TR2607240005340,CL108701,EN00561,velo_elec,Grenoble,ST1057,ST1057,2026-07-24 18:12:15,1784909835,5,0.79,2.25,abonnement
TR2607240005341,CL105750,EN00575,trottinette,Grenoble,ST1058,ST1053,2026-07-24 18:11:51,24/07/2026 18:19,8,2.67,2.76,cb
TR2607240005342,CL102532,EN00152,velo_elec,Lyon,ST1001,ST1013,2026-07-24 18:28:36,2026-07-24 18:32:36,4,1.11,2.0,paypal
TR2607240005343,CL106217,EN00093,velo_elec,Lyon,ST1001,ST1003,2026-07-24 18:18:09,2026-07-24 18:27:09,9,2.6,3.25,cb
TR2607240005344,CL104440,EN00101,velo_elec,Lyon,ST1001,ST1009,24/07/2026 18:17,24/07/2026 18:23,6,1.47,2.5,cb
TR2607240005345,CL105800,EN00057,velo_elec,Lyon,ST1002,ST1015,24/07/2026 18:16,2026-07-24 18:39:01,23,4.43,6.75,abonnement
TR2607240005346,CL104761,EN00096,velo_elec,Lyon,ST1002,ST1018,2026-07-24 18:17:08,2026-07-24 18:32:08,15,3.22,4.75,abonnement
TR2607240005347,CL106404,EN00070,trottinette,Lyon,ST1003,ST1013,24/07/2026 18:17,2026-07-24 18:30:17,13,2.56,3.86,cb
TR2607240005348,CL107099,EN00002,velo_elec,Lyon,ST1005,ST1004,2026-07-24 18:28:31,2026-07-24 18:30:31,2,0.41,1.5,cb
TR2607240005349,CL107153,EN00024,velo_elec,Lyon,ST1005,ST1013,2026-07-24 18:16:06,2026-07-24 18:24:06,8,1.29,3.0,paypal
TR2607240005350,CL107763,EN00160,velo_elec,Lyon,ST1005,ST1013,1784910236,2026-07-24 18:41:56,18,4.48,5.5,
TR2607240005351,CL100630,EN00168,velo_elec,Lyon,ST1007,ST1010,2026-07-24 18:26:42,2026-07-24 18:51:42,25,6.88,7.25,cb
TR2607240005352,CL100962,EN00216,velo_elec,Lyon,ST1007,ST1001,2026-07-24 18:21:06,24/07/2026 18:49,28,8.61,8.0,abonnement
TR2607240005353,CL101512,EN00084,velo_elec,Lyon,ST1009,ST1002,24/07/2026 18:24,2026-07-24 18:44:39,20,6.08,6.0,cb
TR2607240005354,CL107912,EN00083,velo_elec,Lyon ,ST1011,ST1017,2026-07-24 18:26:14,2026-07-24 18:31:14,5,1.41,2.25,cb
TR2607240005355,CL104200,EN00157,velo_elec,Lyon,ST1013,ST1010,24/07/2026 18:23,2026-07-24 18:33:23,10,2.31,3.5,paypal
TR2607240005356,CL910851,EN00161,velo_elec,Lyon,ST1014,ST1002,2026-07-24 18:24:25,24/07/2026 18:57,33,7.22,9.25,abonnement
TR2607240005357,CL102901,EN00104,trottinette,Lyonn,ST1015,ST1005,1784910341,2026-07-24 18:38:41,13,3.21,3.86,paypal
TR2607240005358,CL106383,EN00089,trottinette,Lyon,ST1018,ST1012,2026-07-24 18:30:27,1784910807,3,0.54,1.66,abonnement
TR2607240005359,CL108036,EN00220,velo_elec,Lyon,ST1019,ST1010,2026-07-24 18:20:55,2026-07-24 18:58:55,38,7.99,10.5,paypal
TR2607240005360,CL105993,EN00310,trottinette,Nantes,ST1021,ST1031,1784910350,,8,1.91,2.76,cb
TR2607240005361,CL100580,EN00270,velo_elec,Nantes,ST1021,ST1028,2026-07-24 18:21:36,2026-07-24 18:36:36,15,4.06,4.75,cb
TR2607240005362,CL104999,EN00276,velo_elec,Nantes,ST1022,ST1025,2026-07-24 18:17:05,2026-07-24 18:25:05,8,1.72,3.0,paypal
TR2607240005363,CL101379,EN00265,trottinette,Nantes,ST1022,ST1026,2026-07-24 18:17:07,2026-07-24 18:25:07,8,1.52,2.76,cb
TR2607240005364,CL105174,EN00325,trottinette,Nantes,ST1027,ST1030,2026-07-24 18:26:45,2026-07-24 18:35:45,9,3.03,2.98,abonnement
TR2607240005365,CL100588,EN00301,velo_elec,Nantes,ST1031,ST1031,2026-07-24 18:16:26,2026-07-24 18:30:26,14,2.6,4.5,abonnement
TR2607240005366,CL103870,EN00449,trottinette,Lille,ST1036,ST1042,2026-07-24 18:29:33,24/07/2026 18:39,10,3.11,3.2,abonnement
TR2607240005367,CL105644,EN00406,velo_elec,Lille,ST1039,ST1047,2026-07-24 18:25:43,24/07/2026 18:33,8,1.69,3.0,cb
TR2607240005368,CL106089,EN00413,trottinette,Lille,ST1040,ST1035,2026-07-24 18:25:39,2026-07-24 18:54:39,29,10.04,7.38,cb
TR2607240005369,CL105377,EN00392,velo_elec,Lille,ST1041,ST1043,2026-07-24 18:28:28,1784911228,12,2.89,4.0,cb
TR2607240005370,CL107332,EN00427,trottinette,Lille,ST1044,ST1045,2026-07-24 18:16:42,24/07/2026 18:25,9,1.81,2.98,abonnement
TR2607240005371,CL102422,EN00456,trottinette,Lille,ST1045,ST1039,,2026-07-24 18:44:33,22,4.04,,paypal
TR2607240005372,CL101171,EN00556,trottinette,Grenoble,ST1048,ST1057,1784910122,2026-07-24 18:35:02,13,3.41,3.86,cb
TR2607240005373,CL104678,EN00591,velo_elec,Grenoble,ST1052,ST1058,2026-07-24 18:30:49,24/07/2026 18:42,12,1.88,4.0,cb
TR2607240005374,CL102393,EN00532,velo_elec,Grenoble,ST1053,ST1051,1784909977,2026-07-24 18:30:37,11,3.62,3.75,abonnement
TR2607240005375,CL102093,EN00539,velo_elec,Grenoble,ST1056,ST1056,2026-07-24 18:30:01,2026-07-24 18:52:01,22,5.77,6.5,abonnement
TR2607240005376,CL103135,EN00535,velo_elec,Grenoble,ST1058,ST1049,2026-07-24 18:19:05,2026-07-24 18:25:05,6,2.08,2.5,abonnement
TR2607240005377,CL100414,EN00206,velo_elec,Lyon,ST1001,ST1012,2026-07-24 18:41:06,2026-07-24 18:53:06,12,2.59,4.0,cb
TR2607240005378,CL107287,EN00182,trottinette,Lyon,ST1001,ST1013,24/07/2026 18:33,2026-07-24 18:49:15,16,4.6,4.52,paypal
TR2607240005379,CL104299,EN00151,trottinette,Lyon ,ST1001,ST1011,24/07/2026 18:33,2026-07-24 18:56:35,23,7.26,6.06,paypal
TR2607240005380,CL106123,EN00194,velo_elec,Lyon,ST1005,ST1015,2026-07-24 18:30:41,,6,1.23,2.5,abonnement
TR2607240005381,CL105904,EN00087,trottinette,LYON,ST1005,ST1014,2026-07-24 18:41:06,2026-07-24 18:46:06,5,1.5,2.1,cb
TR2607240005382,CL108999,EN00091,velo_elec,Lyon,ST1007,ST1003,2026-07-24 18:39:44,24/07/2026 19:21,42,9.2,11.5,paypal
TR2607240005383,CL100741,EN00024,velo_elec,Lyon,ST1013,ST1012,2026-07-24 18:32:42,2026-07-24 18:36:42,4,0.64,2.0,cb
TR2607240005384,CL107196,EN00225,velo_elec,Nantes,ST1020,ST1024,2026-07-24 18:42:42,,8,1.45,3.0,paypal
TR2607240005385,CL102562,EN00340,velo_elec,NANTES,ST1022,ST1023,2026-07-24 18:36:56,2026-07-24 18:43:56,7,1.84,2.75,cb
TR2607240005386,CL102094,EN00341,velo_elec,Nante,ST1025,ST1021,24/07/2026 18:45,2026-07-24 18:54:53,9,2.8,3.25,abonnement
TR2607240005387,CL106292,EN00266,velo_elec,Nantes,ST1026,ST1021,24/07/2026 18:38,2026-07-24 19:24:35,46,11.25,12.5,cb
TR2607240005388,CL107498,EN00446,trottinette,Lille,ST1034,ST1040,2026-07-24 18:39:38,2026-07-24 19:01:38,22,4.76,5.84,cb
TR2607240005389,CL101029,EN00440,trottinette,Lille,ST1035,ST1042,2026-07-24 18:37:53,2026-07-24 18:57:53,20,5.08,5.4,abonnement
TR2607240005390,CL107366,EN00489,trottinette,Lille,ST1035,ST1044,2026-07-24 18:34:53,24/07/2026 18:43,9,2.12,2.98,abonnement
TR2607240005391,CL106710,EN00434,velo_elec,Lille,ST1036,ST1042,2026-07-24 18:35:15,1784911395,8,2.11,3.0,cb
TR2607240005392,CL108411,EN00416,trottinette,Lille,ST1037,ST1042,2026-07-24 18:39:57,2026-07-24 18:52:57,13,2.22,3.86,cb
TR2607240005393,CL106347,EN00405,trottinette,Lille,ST1038,ST1036,2026-07-24 18:32:43,2026-07-24 18:41:43,9,2.74,2.98,cb
TR2607240005394,CL108679,EN00484,velo_elec,Lille,ST1039,ST1036,2026-07-24 18:39:55,2026-07-24 18:46:55,7,1.71,2.75,abonnement
TR2607240005395,CL104763,EN00498,trottinette,Lille,ST1039,ST1034,2026-07-24 18:33:33,2026-07-24 18:41:33,8,1.8,2.76,cb
TR2607240005396,CL108661,EN00435,trottinette,Lille,ST1040,ST1038,2026-07-24 18:34:10,1784911270,7,1.23,2.54,cb
TR2607240005397,CL102213,EN00488,velo_elec,Lille,ST1041,ST1045,2026-07-24 18:35:23,24/07/2026 18:46,11,3.8,3.75,abonnement
TR2607240005398,CL108027,EN00493,velo_elec, Lille,ST1041,ST1046,2026-07-24 18:36:58,2026-07-24 18:39:58,3,0.98,1.75,cb
TR2607240005399,CL101646,EN00380,velo_elec,Lille,ST1042,ST1042,2026-07-24 18:45:01,2026-07-24 19:00:01,15,4.21,4.75,cb
TR2607240005400,CL105677,EN00375,trottinette,Lille,ST1044,ST1036,2026-07-24 18:39:37,2026-07-24 19:01:37,22,7.67,5.84,abonnement
TR2607240005401,CL102170,EN00404,trottinette,Lille,ST1045,ST1041,24/07/2026 18:37,2026-07-24 18:42:06,5,1.44,2.1,cb
TR2607240005402,CL106035,EN00524,velo_elec,Grenoble,ST1049,ST1049,2026-07-24 18:44:44,2026-07-24 18:52:44,8,1.67,3.0,abonnement
TR2607240005403,CL107283,EN00571,trottinette,Grenoble,ST1052,ST1052,2026-07-24 18:41:29,24/07/2026 18:46,5,1.43,2.1,cb
TR2607240005404,CL100377,EN00569,trottinette,Grenoble,ST1052,ST1055,2026-07-24 18:38:17,2026-07-24 19:00:17,22,4.8,5.84,paypal
TR2607240005405,CL108097,EN00509,trottinette,Grenoble,ST1057,ST1049,24/07/2026 18:35,2026-07-24 18:41:20,6,1.9,2.32,cb
TR2607240005406,CL108129,EN00029,velo_elec,Lyon,ST1002,ST1017,1784911952,2026-07-24 19:04:32,12,2.27,4.0,cb
TR2607240005407,CL100198,EN00199,velo_elec,Lyon,ST1003,ST1003,2026-07-24 18:59:19,2026-07-24 19:12:19,13,4.21,4.25,cb
TR2607240005408,CL107109,EN00162,velo_elec,Lyon,ST1004,ST1009,2026-07-24 18:53:53,,29,6.17,8.25,cb
TR2607240005409,CL108031,EN00104,trottinette,Lyon,ST1005,ST1019,2026-07-24 19:00:24,2026-07-24 19:07:24,7,1.8,2.54,cb
TR2607240005410,CL107912,EN00034,velo_elec,Lyon,ST1014,ST1005,2026-07-24 18:54:38,2026-07-24 19:06:38,12,2.81,4.0,cb
TR2607240005411,CL105512,EN00080,trottinette,Lyon,ST1016,ST1016,1784911943,2026-07-24 19:02:23,10,2.47,3.2,cb
TR2607240005412,CL106416,EN00179,trottinette,Lyon,ST1017,ST1002,2026-07-24 18:49:11,24/07/2026 18:56,7,1.8,2.54,cb
TR2607240005413,CL103578,EN00033,trottinette,Lyon,ST1018,ST1019,24/07/2026 18:48,2026-07-24 19:16:39,28,6.79,7.16,abonnement
TR2607240005414,CL102032,EN00312,trottinette,Nantes,ST1022,ST1025,2026-07-24 18:47:33,2026-07-24 18:58:33,11,1.79,3.42,abonnement
TR2607240005415,CL104928,EN00340,velo_elec,Nantes,ST1023,ST1032,2026-07-24 18:47:30,2026-07-24 18:57:30,10,1.93,3.5,abonnement
TR2607240005416,CL108380,EN00302,velo_elec,Nantes,ST1025,ST1023,2026-07-24 18:50:41,2026-07-24 18:52:41,2,0.65,1.5,cb
TR2607240005417,CL105154,EN00381,trottinette,Lille,ST1034,ST1039,2026-07-24 18:56:46,2026-07-24 19:13:46,17,5.55,4.74,cb
TR2607240005418,CL104711,EN00403,trottinette,Lille,ST1035,ST1036,2026-07-24 18:50:57,2026-07-24 18:53:57,3,0.47,1.66,cb
TR2607240005419,CL106518,EN00404,trottinette,Lille,ST1041,ST1035,24/07/2026 18:53,2026-07-24 19:17:21,24,5.36,6.28,abonnement
TR2607240005420,CL101045,EN00462,velo_elec,Lille,ST1044,ST1035,1784911753,2026-07-24 19:03:13,14,3.94,4.5,cb
TR2607240005421,CL101272,EN00485,trottinette,Lille,ST1044,ST1035,2026-07-24 18:58:08,2026-07-24 19:20:08,-25,5.23,5.84,cb
TR2607240005422,CL102867,EN00579,trottinette,Grenoble,ST1048,ST1052,2026-07-24 18:58:37,2026-07-24 19:15:37,17,5.11,4.74,abonnement
TR2607240005423,CL103380,EN00599,trottinette,Grenoble,ST1049,ST1053,,2026-07-24 19:11:15,13,3.99,3.86,abonnement
TR2607240005424,CL102420,EN00520,velo_elec,Grenoble,ST1055,ST1048,2026-07-24 18:51:30,,10,3.36,3.5,cb
TR2607240005425,CL103910,EN00556,trottinette,Grenoble,ST1057,ST1052,24/07/2026 18:53,2026-07-24 19:10:07,17,3.8,4.74,abonnement
TR2607240005426,CL107830,EN00161,velo_elec,Lyon,ST1002,ST1014,2026-07-24 19:07:35,2026-07-24 19:19:35,12,3.34,4.0,cb
TR2607240005427,CL106454,EN00008,trottinette,Lyon,ST1004,ST1014,24/07/2026 19:07,2026-07-24 19:21:20,14,4.08,4.08,cb
TR2607240005428,CL107889,EN00090,trottinette,Lyon,ST1014,ST1003,2026-07-24 19:05:01,2026-07-24 19:21:01,16,4.86,4.52,cb
TR2607240005429,CL106990,EN00014,velo_elec,Lyon,ST1016,ST1014,2026-07-24 19:15:47,24/07/2026 19:21,6,1.19,2.5,abonnement
TR2607240005430,CL100435,EN00074,trottinette,Lyon,ST1016,ST1003,24/07/2026 19:04,1784913968,22,7.27,5.84,cb
TR2607240005431,CL106784,EN00083,velo_elec,Lyon,ST1017,ST1019,2026-07-24 19:04:49,2026-07-24 19:22:49,18,4.39,5.5,cb
TR2607240005432,CL106033,EN00098,velo_elec,Lyon,ST1018,ST1007,2026-07-24 19:09:18,2026-07-24 19:19:18,10,1.92,3.5,cb
TR2607240005433,CL103388,EN00269,velo_elec,Nante,ST1020,ST1027,2026-07-24 19:04:19,2026-07-24 19:17:19,13,3.16,4.25,cb
TR2607240005434,CL103237,EN00341,velo_elec,Nante,ST1021,ST1028,2026-07-24 19:14:42,2026-07-24 19:29:42,15,3.7,4.75,paypal
TR2607240005435,CL104745,EN00297,trottinette,Nantes,ST1028,ST1031,2026-07-24 19:12:40,24/07/2026 19:24,12,3.87,3.64,abonnement
TR2607240005436,CL104581,EN00373,velo_elec,Lille,ST1034,ST1047,24/07/2026 19:05,2026-07-24 19:12:02,7,2.4,2.75,paypal
TR2607240005437,CL104973,EN00461,velo_elec,Lille,ST1034,ST1041,2026-07-24 19:08:20,2026-07-24 19:41:20,33,5.42,9.25,abonnement
TR2607240005438,CL104463,EN00389,trottinette,Lille,ST1034,ST1038,2026-07-24 19:02:53,2026-07-24 19:17:53,15,4.42,4.3,paypal
TR2607240005439,CL103944,EN00413,trottinette,Lille,ST1035,ST1041,2026-07-24 19:01:28,2026-07-24 19:15:28,14,2.16,4.08,cb
TR2607240005440,CL102304,EN00388,velo_elec,Lille,ST1035,ST1047,24/07/2026 19:13,2026-07-24 19:36:18,23,3.93,6.75,cb
TR2607240005441,CL106174,EN00385,velo_elec,Lille,ST1035,ST1047,2026-07-24 19:14:21,2026-07-24 19:24:21,10,2.0,3.5,cb
TR2607240005442,CL105123,EN00405,trottinette,Lille,ST1036,ST1043,2026-07-24 19:08:36,2026-07-24 19:27:36,19,6.14,5.18,cb
TR2607240005443,CL102881,EN00378,velo_elec,Lille,ST1046,ST1041,2026-07-24 19:01:38,2026-07-24 19:08:38,7,1.91,2.75,cb
TR2607240005444,CL101527,EN00519,velo_elec,GRENOBLE,ST1048,ST1057,24/07/2026 19:14,2026-07-24 19:17:48,3,0.99,1.75,paypal
TR2607240005445,CL102390,EN00571,trottinette,Grenoble,ST1052,ST1049,2026-07-24 19:06:47,24/07/2026 19:21,15,4.48,4.3,abonnement
TR2607240005446,CL100155,EN00566,trottinette,Grenoble,ST1053,ST1058,2026-07-24 19:14:18,2026-07-24 20:01:18,47,13.55,11.34,abonnement
TR2607240005447,CL103600,EN00561,velo_elec,Grenoble,ST1057,ST1057,2026-07-24 19:01:47,24/07/2026 19:26,25,4.49,7.25,paypal
TR2607240005448,CL106435,EN00216,velo_elec,Lyon,ST1001,ST1018,2026-07-24 19:17:32,2026-07-24 19:40:32,23,6.03,6.75,paypal
TR2607240005449,CL105288,EN00078,velo_elec,Lyon,ST1001,ST1008,2026-07-24 19:23:46,2026-07-24 19:43:46,20,4.38,6.0,abonnement
TR2607240005450,CL100672,EN00141,velo_elec,Lyon,ST1002,ST1005,2026-07-24 19:29:12,2026-07-24 19:44:12,15,4.44,4.75,abonnement
TR2607240005451,CL100127,EN00179,trottinette,Lyon,ST1002,ST1018,2026-07-24 19:18:35,2026-07-24 19:31:35,13,4.4,3.86,paypal
TR2607240005452,CL102449,EN00186,trottinette,Lyon,ST1006,ST1010,2026-07-24 19:21:30,2026-07-24 19:33:30,12,3.38,3.64,cb
TR2607240005453,CL105724,EN00097,velo_elec,lyon,ST1007,ST1003,1784913860,2026-07-24 19:39:20,15,3.97,4.75,paypal
TR2607240005454,CL101348,EN00204,velo_elec,Lyon,ST1009,ST1014,2026-07-24 19:19:42,2026-07-24 19:24:42,5,1.58,2.25,abonnement
TR2607240005455,CL104724,EN00089,trottinette,Lyon,ST1012,ST1015,2026-07-24 19:28:03,2026-07-24 19:35:03,7,1.15,2.54,cb
TR2607240005456,CL107339,EN00080,trottinette,Lyon,ST1016,ST1008,2026-07-24 19:28:51,2026-07-24 19:38:51,10,3.48,3.2,paypal
TR2607240005457,CL104536,EN00247,trottinette,Nantes,ST1020,ST1032,2026-07-24 19:26:31,24/07/2026 19:41,15,3.38,4.3,cb
TR2607240005458,CL100769,EN00233,velo_elec,nantes,ST1022,ST9894,24/07/2026 19:16,2026-07-24 19:27:37,11,2.8,3.75,abonnement
TR2607240005459,CL105378,EN00301,velo_elec,Nantes,ST1031,ST1027,2026-07-24 19:23:20,2026-07-24 19:30:20,7,1.4,2.75,cb
TR2607240005460,CL100499,EN00498,trottinette,Lille,ST1034,ST1039,2026-07-24 19:27:05,1784917025,50,17.2,12.0,paypal
TR2607240005461,CL104138,EN00462,velo_elec,Lille,ST1035,ST1044,2026-07-24 19:26:57,2026-07-24 19:34:57,8,2.33,3.0,abonnement
TR2607240005462,CL107938,EN00484,velo_elec,Lille,ST1036,ST1034,24/07/2026 19:30,2026-07-24 19:33:42,3,0.83,1.75,abonnement
TR2607240005463,CL100767,EN00456,trottinette,Lille,ST1039,ST1035,24/07/2026 19:29,2026-07-24 20:29:24,4166,19.96,14.2,cb
TR2607240005464,CL106992,EN00384,trottinette,Lille,ST1040,ST1039,2026-07-24 19:21:16,2026-07-24 19:25:16,4,1.27,1.88,cb
TR2607240005465,CL101936,EN00444,trottinette,Lille,ST1047,ST1040,2026-07-24 19:20:02,2026-07-24 19:37:02,17,3.96,4.74,abonnement
TR2607240005466,CL106630,EN00580,velo_elec,Grenoble,ST1048,ST1054,2026-07-24 19:17:16,2026-07-24 19:29:16,12,3.95,4.0,cb
TR2607240005467,CL101396,EN00569,trottinette,Grenoble,ST1055,ST1056,2026-07-24 19:25:04,2026-07-24 19:36:04,11,3.43,3.42,paypal
TR2607240005468,CL108102,EN00539,velo_elec,Grenoble,ST1056,ST1056,2026-07-24 19:17:04,2026-07-24 19:30:04,13,4.0,4.25,cb
TR2607240005469,CL106572,EN00177,velo_elec,Lyonn,ST1001,ST1014,2026-07-24 19:39:26,24/07/2026 19:47,8,1.61,3.0,cb
TR2607240005470,CL107776,EN00201,velo_elec,Lyon,ST1002,ST1012,2026-07-24 19:37:22,2026-07-24 20:01:22,24,5.45,7.0,paypal
TR2607240005471,CL103210,EN00090,trottinette,Lyon,ST1003,ST1009,2026-07-24 19:37:20,2026-07-24 19:47:20,10,2.4,3.2,cb
TR2607240005472,CL103617,EN00199,velo_elec,Lyon,ST1003,ST1012,2026-07-24 19:45:15,2026-07-24 19:50:15,5,0.76,2.25,cb
TR2607240005473,CL104171,EN00158,velo_elec,Lyon,ST1003,ST1005,2026-07-24 19:38:03,2026-07-24 19:55:03,17,2.61,5.25,paypal
TR2607240005474,CL101147,EN00010,trottinette,Lyon,ST1004,ST1009,2026-07-24 19:44:41,1784915501,-11,1.19,2.54,abonnement
TR2607240005475,CL100057,EN00034,velo_elec,Lyon,ST1005,ST1007,2026-07-24 19:35:10,2026-07-24 19:46:10,11,2.02,3.75,abonnement
TR2607240005476,CL107774,EN00100,velo_elec,LYON,ST1007,ST1006,24/07/2026 19:40,2026-07-24 19:49:28,9,2.16,3.25,cb
TR2607240005477,CL103756,EN00151,trottinette,Lyon,ST1011,ST1014,2026-07-24 19:38:08,2026-07-24 19:48:08,10,3.39,3.2,abonnement
TR2607240005478,CL106030,EN00152,velo_elec,Lyon,ST1013,ST1012,1784914623,2026-07-24 19:47:03,10,2.99,3.5,abonnement
TR2607240005479,CL106326,EN00161,velo_elec,Lyon,ST1014,ST1015,24/07/2026 19:35,2026-07-24 19:52:50,17,2.61,5.25,cb
TR2607240005480,CL107716,EN00179,trottinette,Lyon,ST1018,ST1014,2026-07-24 19:44:25,2026-07-24 19:51:25,7,1.76,2.54,cb
TR2607240005481,CL106315,EN00235,trottinette,Nantes,ST1025,ST1025,2026-07-24 19:31:45,,4,1.24,1.88,abonnement
TR2607240005482,CL105863,EN00228,trottinette,Nantes,ST1033,ST1027,,2026-07-24 20:04:18,20,4.05,5.4,cb
TR2607240005483,CL108157,EN00428,velo_elec,Lille,ST1034,ST1044,2026-07-24 19:39:25,2026-07-24 19:45:25,6,1.97,2.5,
TR2607240005484,CL100835,EN00404,trottinette,Lille,ST1035,ST1040,1784914245,2026-07-24 19:52:45,22,5.63,5.84,cb
TR2607240005485,CL103663,EN00399,trottinette,Lille,ST1035,ST1038,2026-07-24 19:36:38,1784915438,14,3.65,4.08,paypal
TR2607240005486,CL102215,EN00420,trottinette,Lille,ST1035,ST1037,24/07/2026 19:38,24/07/2026 19:53,15,2.99,4.3,
TR2607240005487,CL104854,EN00403,trottinette,Lille,ST1036,ST1042,2026-07-24 19:40:59,2026-07-24 19:44:59,4,0.95,1.88,paypal
TR2607240005488,CL104207,EN00375,trottinette,Lille,ST1036,ST1041,24/07/2026 19:34,2026-07-24 20:03:55,29,8.86,7.38,paypal
TR2607240005489,CL100442,EN00493,velo_elec,Lille,ST1046,ST1037,2026-07-24 19:38:35,2026-07-24 20:06:35,28,7.03,8.0,cb
TR2607240005490,CL103432,EN00382,trottinette,Lille,ST1047,ST1045,2026-07-24 19:36:33,2026-07-24 20:55:33,79,18.74,18.38,cb
TR2607240005491,CL104406,EN00501,trottinette,Grenoble,ST1055,ST1056,2026-07-24 19:34:21,2026-07-24 19:42:21,8,1.56,2.76,cb
TR2607240005492,CL108733,EN00539,velo_elec,Grenoble,ST1056,ST1058,24/07/2026 19:44,,8,2.78,3.0,cb
TR2607240005493,CL106319,EN00185,trottinette,Lyon,ST1001,ST1008,2026-07-24 19:46:28,2026-07-24 20:15:28,29,9.51,7.38,abonnement
TR2607240005494,CL104169,EN00017,velo,Lyon,ST1001,ST1015,,2026-07-24 19:52:44,3,0.87,1.45,cb
TR2607240005495,CL104084,EN00176,velo,Lyon,ST1001,ST1005,1784915559,2026-07-24 19:56:39,4,0.7,1.6,
TR2607240005496,CL104009,EN00205,trottinette,Lyon,ST1003,ST1015,2026-07-24 19:52:38,2026-07-24 19:59:38,7,1.73,2.54,abonnement
TR2607240005497,CL106392,EN00099,velo_elec,LYON,ST1003,ST1011,2026-07-24 20:00:38,2026-07-24 20:19:38,19,6.26,5.75,abonnement
TR2607240005498,CL103376,EN00198,velo_elec,Lyon,ST1004,ST1013,2026-07-24 19:49:30,2026-07-24 19:54:30,5,1.35,2.25,abonnement
TR2607240005499,CL108529,EN00065,trottinette,Lyon,ST1004,ST1015,2026-07-24 19:49:02,24/07/2026 19:55,6,1.7,2.32,cb
TR2607240005500,CL101458,EN00023,trottinette,Lyon,ST1006,ST1001,2026-07-24 19:54:48,2026-07-24 20:01:48,7,1.88,2.54,cb
TR2607240005501,CL100647,EN00162,velo_elec,Lyon,ST1009,ST1005,24/07/2026 19:47,2026-07-24 20:06:31,19,3.49,5.75,abonnement
TR2607240005502,CL105503,EN00186,trottinette,LYON,ST1010,ST1009,2026-07-24 19:58:32,2026-07-24 20:06:32,8,2.06,2.76,abonnement
TR2607240005503,CL107643,EN00290,trottinette,Nantes,ST1021,ST1020,,2026-07-24 19:56:19,7,2.3,2.54,cb
TR2607240005504,CL101851,EN00316,velo_elec,Nantes,ST1021,ST1033,2026-07-24 19:51:12,24/07/2026 19:58,7,1.63,2.75,abonnement
TR2607240005505,CL104675,EN00484,velo_elec,Lille,ST1034,ST1039,1784915574,2026-07-24 20:09:54,17,5.1,5.25,cb
TR2607240005506,CL103800,EN00383,trottinette,Lille,ST1034,ST1044,2026-07-24 19:59:32,2026-07-24 20:26:32,27,7.59,6.94,cb
TR2607240005507,CL102228,EN00460,velo_elec,Lille,ST1035,ST1045,2026-07-24 19:55:57,2026-07-24 20:10:57,15,3.91,4.75,abonnement
TR2607240005508,CL101250,EN00384,trottinette,Lille,ST1039,ST1045,,24/07/2026 20:06,7,2.19,2.54,cb
TR2607240005509,CL108127,EN00428,velo_elec,Lille,ST1044,ST1038,2026-07-24 19:54:08,2026-07-24 20:09:08,15,3.85,4.75,cb
TR2607240005510,CL102070,EN00513,velo_elec,Grenoble,ST1048,ST1053,2026-07-24 19:53:23,2026-07-24 19:56:23,3,0.82,1.75,paypal
TR2607240005511,CL101431,EN00596,velo_elec,Grenoble,ST1055,ST1055,2026-07-24 19:55:37,2026-07-24 20:00:37,5,1.3,2.25,cb
TR2607240005512,CL103728,EN00139,velo_elec,Lyon,ST1004,ST1018,2026-07-24 20:16:01,2026-07-24 20:26:01,10,2.8,3.5,paypal
TR2607240005513,CL103278,EN00141,velo_elec,Lyon,ST1005,ST1009,2026-07-24 20:05:21,2026-07-24 20:19:21,14,2.22,4.5,cb
TR2607240005514,CL101843,EN00151,trottinette,Lyon,ST1014,ST1014,2026-07-24 20:03:37,2026-07-24 20:07:37,4,0.74,1.88,cb
TR2607240005515,CL100138,EN00135,trottinette,Lyon,ST1019,ST1001,2026-07-24 20:11:53,2026-07-24 20:25:53,14,3.09,4.08,cb
TR2607240005516,CL104220,EN00401,trottinette,Lille,ST1034,ST1039,1784916884,2026-07-24 20:35:44,21,6.7,5.62,cb
TR2607240005517,CL107660,EN00524,velo_elec,Grenoble ,ST1049,ST1050,2026-07-24 20:08:03,1784917383,15,3.31,4.75,cb
TR2607240005518,CL103084,EN00584,trottinette,Grenoble,ST1051,ST1048,,2026-07-24 20:15:03,5,1.6,2.1,cb
TR2607240005519,CL105182,EN00579,trottinette,grenoble,ST1052,ST1056,2026-07-24 20:10:28,,13,2.57,3.86,abonnement
TR2607240005520,CL107985,EN00561,velo_elec,Grenoble,ST1057,ST1057,2026-07-24 20:07:45,2026-07-24 20:49:45,42,11.67,11.5,cb
TR2607240005521,CL106783,EN00124,velo_elec,Lyon,ST1016,ST1003,24/07/2026 20:30,24/07/2026 21:08,38,12.5,10.5,cb
TR2607240005522,CL107472,EN00302,velo_elec,Nantes,ST1023,ST1025,24/07/2026 20:23,24/07/2026 20:28,5,1.17,2.25,cb
TR2607240005523,CL100361,EN00374,velo_elec,Lille,ST1035,ST1040,24/07/2026 20:23,2026-07-24 20:30:14,7,1.98,2.75,paypal
TR2607240005524,CL108721,EN00396,velo_elec,Lille,ST1040,ST1043,2026-07-24 20:26:35,2026-07-24 20:36:35,10,2.2,3.5,cb
TR2607240005525,CL105173,EN00378,velo_elec,LILLE,ST1041,ST1038,2026-07-24 20:24:26,2026-07-24 20:52:26,28,8.46,8.0,cb
TR2607240005526,CL108987,EN00563,trottinette,Grenoble,ST1051,ST1049,2026-07-24 20:22:49,1784917849,8,1.24,2.76,abonnement
TR2607240005527,CL104914,EN00580,velo_elec,Grenoble,ST1054,ST1054,2026-07-24 20:18:45,2026-07-24 20:31:45,13,3.44,4.25,cb
TR2607240005528,CL101494,EN00121,trottinette,Lyon,ST1004,ST1017,2026-07-24 20:36:35,,11,1.95,3.42,cb
TR2607240005529,CL107282,EN00107,velo_elec,lyon,ST1006,ST1005,,2026-07-24 20:50:03,9,1.84,3.25,abonnement
TR2607240005530,CL101027,EN00034,velo_elec,Lyon,ST1007,ST1011,2026-07-24 20:32:38,1784918258,5,0.75,2.25,abonnement
TR2607240005531,CL107346,EN00286,velo_elec,Nantes,ST1022,ST1026,2026-07-24 20:35:24,24/07/2026 20:44,9,3.01,3.25,cb
TR2607240005532,CL102069,EN00341,velo_elec,Nantes,ST1028,ST1023,2026-07-24 20:44:34,2026-07-24 21:00:34,16,4.29,5.0,cb
TR2607240005533,CL103491,EN00297,trottinette,Nantes,ST1031,ST1020,2026-07-24 20:34:34,2026-07-24 21:04:34,30,8.93,7.6,cb
TR2607240005534,CL102513,EN00493,velo_elec,Lille,ST1037,ST1040,24/07/2026 20:43,2026-07-24 20:47:18,4,0.81,2.0,cb
TR2607240005535,CL105980,EN00212,trottinette,Lyon,ST1007,ST1016,2026-07-24 20:50:57,24/07/2026 21:01,11,3.34,3.42,cb
TR2607240005536,CL104129,EN00010,trottinette,Lyon,ST1009,ST1016,2026-07-24 20:57:28,24/07/2026 21:10,13,3.33,3.86,cb
TR2607240005537,CL103048,EN00202,trottinette,LYON,ST1010,ST1011,1784919266,24/07/2026 21:21,27,7.8,6.94,cb
TR2607240005538,CL108586,EN00199,velo_elec,Lyon,ST1012,ST1015,24/07/2026 20:54,2026-07-24 21:00:59,6,0.98,2.5,abonnement
TR2607240005539,CL108944,EN00139,velo_elec,Lyon,ST1018,ST1002,2026-07-24 20:49:47,2026-07-24 21:02:47,13,3.21,4.25,cb
TR2607240005540,CL106124,EN00413,trottinette,Lille,ST1041,ST1044,2026-07-24 20:56:43,24/07/2026 21:04,8,1.43,2.76,abonnement
TR2607240005541,CL101564,EN00588,velo_elec,Grenoble,ST1053,ST1048,2026-07-24 20:51:50,2026-07-24 20:58:50,7,1.33,2.75,cb
TR2607240005542,CL106546,EN00049,trottinette,Lyon,ST1003,ST1002,,2026-07-24 21:42:33,41,7.92,10.02,cb
TR2607240005543,CL100661,EN00180,trottinette,lyon,ST1015,ST1010,24/07/2026 21:00,1784922050,40,6.64,9.8,cb
TR2607240005544,CL102248,EN00013,velo_elec,Lyon,ST1017,ST1006,24/07/2026 21:01,2026-07-24 21:08:44,7,1.95,2.75,cb
TR2607240005545,CL105403,EN00359,trottinette,Nantes,ST1033,ST1020,2026-07-24 21:11:09,2026-07-24 21:33:09,-2,5.88,5.84,cb
TR2607240005546,CL106822,EN00372,trottinette,Lille,ST1047,ST1037,2026-07-24 21:02:55,1784920555,13,2.44,3.86,cb
TR2607240005547,CL106845,EN00575,trottinette,Grenoble,ST1053,ST1058,2026-07-24 21:15:31,24/07/2026 21:22,7,1.54,,paypal
TR2607240005548,CL108552,EN00580,velo_elec,Grenoble,ST1054,ST1057,24/07/2026 21:04,2026-07-24 21:16:38,12,4.07,4.0,cb
TR2607240005549,CL101071,EN00596,velo_elec,Grenoble,ST1055,ST1049,2026-07-24 21:13:16,2026-07-24 21:20:16,7,2.16,2.75,cb
TR2607240005550,CL104246,EN00190,trottinette,Lyonn,ST1003,ST1010,2026-07-24 21:16:39,24/07/2026 21:23,7,1.12,2.54,paypal
TR2607240005551,CL102403,EN00145,trottinette,Lyon,ST1013,ST1005,2026-07-24 21:30:45,2026-07-24 21:36:45,6,1.13,2.32,abonnement
TR2607240005552,CL100490,EN00372,trottinette,Lille,ST1037,ST1038,,24/07/2026 21:27,8,1.3,2.76,cb
TR2607240005553,CL101135,EN00395,trottinette,Lille,ST1047,ST1036,2026-07-24 21:29:00,2026-07-24 21:36:00,7,2.42,2.54,paypal
TR2607240005554,CL106771,EN00067,velo_elec,Lyon,ST1007,ST1019,2026-07-24 21:31:33,24/07/2026 21:35,4,0.68,2.0,cb
TR2607240005555,CL108453,EN00034,velo_elec,Lyon,ST1011,ST1018,2026-07-24 21:33:03,2026-07-24 21:45:03,12,3.34,4.0,abonnement
TR2607240005556,CL101102,EN00031,velo_elec,Lyon,ST1004,ST1010,,2026-07-24 22:10:12,9,2.61,3.25,paypal
TR2607240005557,CL105804,EN00185,trottinette,Lyon,ST1008,ST1002,2026-07-24 21:53:26,2026-07-24 22:03:26,10,1.77,3.2,cb
TR2607240005558,CL101333,EN00010,trottinette,Lyon,ST1016,ST1015,2026-07-24 21:50:55,2026-07-24 22:12:55,22,6.37,5.84,cb
TR2607240005559,CL100291,EN00261,trottinette,Nantes,ST1029,ST1027,2026-07-24 21:56:01,2026-07-24 22:04:01,8,1.59,2.76,cb
TR2607240005560,CL104546,EN00002,velo_elec,Lyonn,ST1004,ST1018,2026-07-24 22:28:01,2026-07-24 22:38:01,10,2.44,3.5,cb
TR2607240005561,CL108085,EN00177,velo_elec,Lyon,ST1014,ST1016,2026-07-24 22:21:34,24/07/2026 22:32,11,2.19,3.75,
TR2607240005562,CL106404,EN00053,trottinette,Lyon,ST1016,ST1005,2026-07-24 22:18:55,2026-07-24 22:27:55,8435,2.3,2.98,cb
TR2607240005563,CL104865,EN00341,velo_elec,Nantes,ST1023,ST1022,2026-07-24 22:28:02,24/07/2026 22:42,14,3.97,4.5,abonnement
TR2607240005564,CL102497,EN00464,trottinette,LILLE,ST1034,ST1045,2026-07-24 22:24:35,2026-07-24 22:32:35,8,1.28,2.76,cb
TR2607240005565,CL107575,EN00569,trottinette,Grenoble,ST1056,ST1056,24/07/2026 22:44,24/07/2026 22:56,12,3.06,3.64,abonnement
TR2607240005566,CL100132,EN00013,velo_elec,Lyon,ST1006,ST1011,2026-07-24 22:59:18,2026-07-24 23:06:18,7,1.41,2.75,abonnement
TR2607240005567,CL101654,EN00151,trottinette,Lyon,ST1014,ST1009,2026-07-24 22:48:36,2026-07-24 23:27:36,39,8.27,9.58,
TR2607240005568,CL108642,EN00307,trottinette,Nantes,ST1021,ST1023,2026-07-24 22:48:39,2026-07-24 22:59:39,11,2.11,3.42,paypal
TR2607240005569,CL103103,EN00270,velo_elec,Nantes,ST1028,ST1033,2026-07-24 22:51:00,2026-07-24 23:04:00,13,3.54,4.25,paypal
TR2607240005570,CL104710,EN00396,velo_elec,Lille,ST1043,ST1036,24/07/2026 23:00,1784928286,24,4.98,7.0,cb
TR2607240005571,CL102813,EN00561,velo_elec,Grenoble,ST1057,ST1057,2026-07-24 22:55:00,2026-07-24 23:16:00,21,5.58,6.25,cb
TR2607240005572,CL102933,EN00213,trottinette,Lyon,ST1008,ST1008,2026-07-24 23:20:24,2026-07-24 23:30:24,10,2.31,3.2,cb
TR2607240005573,CL105825,EN00121,trottinette,Lyon,ST1017,ST1006,2026-07-24 23:21:23,2026-07-24 23:38:23,-24,3.92,4.74,cb
TR2607240005574,CL100192,EN00519,velo_elec,Grenoble,ST1057,ST1051,2026-07-24 23:29:04,2026-07-24 23:42:04,13,3.29,4.25,cb
TR2607240005575,CL105055,EN00561,velo_elec,Grenoble,ST1057,ST1048,1784929400,24/07/2026 23:58,15,3.56,4.75,abonnement
TR2607240005576,CL102737,EN00135,trottinette,Lyon,ST1001,ST1014,2026-07-24 23:53:24,2026-07-25 00:01:24,8,1.73,2.76,cb
TR2607240005577,CL102753,EN00191,trottinette,Lyon,ST1006,ST1002,1784929825,2026-07-25 00:19:25,29,6.39,7.38,cb
