trajet_id,client_id,engin_id,type_engin,ville,station_depart,station_arrivee,debut,fin,duree_min,distance_km,montant_eur,moyen_paiement
TR2609030048552,CL101943,EN00460,velo_elec,Lille,ST1047,ST1047,2026-09-03 00:23:28,2026-09-03 00:34:28,11,3.32,3.75,paypal
TR2609030048553,CL100296,EN00127,trottinette,LYON,ST1007,ST1013,2026-09-03 01:32:29,2026-09-03 02:09:29,37,7.05,9.14,cb
TR2609030048554,CL101647,EN00153,velo_elec,Lyon,ST1002,ST1005,2026-09-03 01:52:50,2026-09-03 02:03:50,11,1.85,3.75,paypal
TR2609030048555,CL101089,EN00438,trottinette,Lille,ST1046,ST1045,2026-09-03 01:59:26,1788393986,7,1.89,2.54,cb
TR2609030048556,CL101991,EN00153,velo_elec,Lyon,ST1003,ST1019,2026-09-03 03:05:58,2026-09-03 03:08:58,3,0.71,1.75,cb
TR2609030048557,CL103417,EN00273,velo_elec,Nantes,ST1030,ST1029,2026-09-03 04:04:40,2026-09-03 04:16:40,12,1.91,4.0,cb
TR2609030048558,CL100320,EN00286,velo_elec,Nante,ST1031,ST1021,2026-09-03 04:02:21,2026-09-03 04:16:21,14,3.16,4.5,cb
TR2609030048559,CL103665,EN00347,trottinette,Nantes,ST1025,ST1021,2026-09-03 04:47:07,2026-09-03 04:55:07,8,2.65,2.76,cb
TR2609030048560,CL101745,EN00321,velo_elec,Nantes,ST1027,ST1023,2026-09-03 05:08:12,2026-09-03 05:27:12,19,6.15,5.75,cb
TR2609030048561,CL101800,EN00434,velo_elec,Lille,ST1044,ST1034,03/09/2026 05:00,2026-09-03 05:17:59,17,4.89,5.25,abonnement
TR2609030048562,CL104929,EN00456,trottinette,Lille,ST1045,ST1039,2026-09-03 05:03:00,2026-09-03 05:13:00,10,3.01,3.2,abonnement
TR2609030048563,CL106200,EN00121,trottinette,Lyon,ST1009,ST1014,2026-09-03 05:15:42,2026-09-03 05:28:42,13,3.51,3.86,paypal
TR2609030048564,CL105448,EN00253,trottinette,Nantes,ST1020,ST1025,03/09/2026 05:22,2026-09-03 05:56:27,34,11.52,8.48,cb
TR2609030048565,CL101905,EN00337,trottinette,NANTES,ST1030,ST1026,03/09/2026 05:38,2026-09-03 05:46:03,8,2.47,2.76,cb
TR2609030048566,CL100653,EN00456,trottinette, Lille,ST1039,ST1035,2026-09-03 05:39:36,,11,1.84,3.42,paypal
TR2609030048567,CL108970,EN00109,trottinette,Lyonn,ST1010,ST1015,2026-09-03 05:58:44,2026-09-03 06:09:44,11,2.4,3.42,abonnement
TR2609030048568,CL104940,EN00175,trottinette,Lyon,ST1006,ST1001,2026-09-03 06:09:25,03/09/2026 06:24,15,4.94,,cb
TR2609030048569,CL107541,EN00145,trottinette,Lyon,ST1015,ST1004,03/09/2026 06:08,2026-09-03 06:14:28,6,1.08,2.32,cb
TR2609030048570,CL106724,EN00095,trottinette,Lyon ,ST1016,ST1003,2026-09-03 06:10:44,2026-09-03 06:24:44,14,2.49,4.08,cb
TR2609030048571,CL101061,EN00270,velo_elec,Nantes,ST1026,ST1021,2026-09-03 06:11:21,2026-09-03 06:25:21,14,4.65,4.5,cb
TR2609030048572,CL104056,EN00224,velo_elec,Nantes,ST1029,ST1020,2026-09-03 06:15:52,2026-09-03 06:31:52,-9,5.46,5.0,cb
TR2609030048573,CL104467,EN00455,velo_elec, Lille,ST1038,ST1035,2026-09-03 06:02:38,2026-09-03 06:18:38,16,4.54,5.0,abonnement
TR2609030048574,CL108053,EN00415,trottinette,Lille,ST1041,ST1034,03/09/2026 06:08,2026-09-03 06:23:41,15,4.96,4.3,cb
TR2609030048575,CL101057,EN00439,velo_elec,Lille,ST1043,ST1036,2026-09-03 06:15:12,2026-09-03 06:40:12,25,4.1,7.25,cb
TR2609030048576,CL102503,EN00519,velo_elec,Grenoble,ST1057,ST1048,2026-09-03 06:06:07,2026-09-03 06:11:07,5,1.17,2.25,abonnement
TR2609030048577,CL104187,EN00145,trottinette,Lyon,ST1004,ST1006,2026-09-03 06:21:56,2026-09-03 06:29:56,8,2.37,2.76,paypal
TR2609030048578,CL108532,EN00140,trottinette,Lyon,ST1005,ST1003,03/09/2026 06:19,2026-09-03 06:28:59,9,1.77,2.98,cb
TR2609030048579,CL107418,EN00197,velo_elec,Lyon,ST1010,ST1012,2026-09-03 06:19:16,2026-09-03 06:27:16,8,1.84,3.0,cb
TR2609030048580,CL103338,EN00150,trottinette,Lyon,ST1012,ST1001,2026-09-03 06:17:39,2026-09-03 06:25:39,8,2.59,2.76,abonnement
TR2609030048581,CL101387,EN00070,trottinette,Lyon,ST1016,ST1009,2026-09-03 06:19:09,2026-09-03 06:35:09,16,5.09,4.52,abonnement
TR2609030048582,CL108177,EN00067,velo_elec,Lyon,ST1017,ST1007,2026-09-03 06:24:12,1788410472,17,4.47,5.25,cb
TR2609030048583,CL103301,EN00127,trottinette,Lyon,ST1017,ST1002,2026-09-03 06:18:51,2026-09-03 06:29:51,11,2.84,3.42,cb
TR2609030048584,CL107920,EN00093,velo_elec,Lyon,ST1017,ST1001,2026-09-03 06:20:28,2026-09-03 06:32:28,12,2.36,4.0,abonnement
TR2609030048585,CL107454,EN00138,velo_elec,Lyon,ST1019,ST1002,2026-09-03 06:28:08,2026-09-03 06:38:08,10,2.69,3.5,cb
TR2609030048586,CL101945,EN00265,trottinette,Nantes,ST1027,ST1020,03/09/2026 06:20,2026-09-03 06:32:48,12,2.7,3.64,
TR2609030048587,CL107923,EN00400,trottinette,Lille,ST1037,ST1035,2026-09-03 06:27:43,2026-09-03 06:35:43,8,1.89,2.76,abonnement
TR2609030048588,CL104074,EN00396,velo_elec,Lille,ST1037,ST1034,2026-09-03 06:21:34,2026-09-03 06:42:34,21,4.86,6.25,cb
TR2609030048589,CL106256,EN00362,velo_elec,Lille,ST1037,ST1045,03/09/2026 06:27,2026-09-03 06:42:19,15,4.87,4.75,abonnement
TR2609030048590,CL108266,EN00453,trottinette,Lille,ST1040,ST1034,1788409141,1788411001,31,6.34,7.82,paypal
TR2609030048591,CL101697,EN00373,velo_elec,Lille,ST1044,ST1047,2026-09-03 06:15:51,,17,5.23,5.25,cb
TR2609030048592,CL106632,EN00593,trottinette,Grenoble,ST1054,ST1056,2026-09-03 06:24:34,2026-09-03 06:29:34,5,1.47,2.1,cb
TR2609030048593,CL106283,EN00145,trottinette,Lyon,ST1006,ST1004,03/09/2026 06:37,03/09/2026 06:42,5,1.07,2.1,abonnement
TR2609030048594,CL103579,EN00189,trottinette,Lyon,ST1007,ST1002,2026-09-03 06:31:22,2026-09-03 06:37:22,6,1.32,2.32,abonnement
TR2609030048595,CL105172,EN00107,velo_elec,Lyon,ST1012,ST1013,1788410255,03/09/2026 06:51,14,3.42,4.5,abonnement
TR2609030048596,CL107691,EN00313,trottinette,Nantes,ST1023,ST1028,2026-09-03 06:43:49,03/09/2026 07:00,17,2.85,4.74,abonnement
TR2609030048597,CL105101,EN00435,trottinette,Lille,ST1039,ST1041,03/09/2026 06:32,03/09/2026 06:38,6,2.02,2.32,cb
TR2609030048598,CL104417,EN00393,trottinette,Lille,ST1040,ST1035,2026-09-03 06:39:18,2026-09-03 07:23:18,44,8.32,10.68,
TR2609030048599,CL107811,EN00154,trottinette,Lyonn,ST1004,ST1015,2026-09-03 06:50:19,2026-09-03 06:54:19,4,1.21,1.88,cb
TR2609030048600,CL104866,EN00119,trottinette,Lyon,ST1006,ST1003,2026-09-03 06:49:30,2026-09-03 07:05:30,16,3.82,4.52,abonnement
TR2609030048601,CL104263,EN00217,velo_elec,Lyonn,ST1008,ST1001,2026-09-03 06:48:13,2026-09-03 06:55:13,7,2.03,2.75,abonnement
TR2609030048602,CL104482,EN00112,velo_elec,Lyon,ST1010,ST1010,2026-09-03 06:50:07,2026-09-03 07:19:07,29,7.44,8.25,cb
TR2609030048603,CL103732,EN00087,trottinette,Lyon,ST1014,ST1001,2026-09-03 07:00:34,2026-09-03 07:14:34,14,4.12,4.08,paypal
TR2609030048604,CL106762,EN00153,velo_elec,Lyon,ST1019,ST1009,2026-09-03 07:00:04,1788411784,3,0.88,1.75,cb
TR2609030048605,CL105706,EN00348,velo_elec,Nantes,ST1020,ST1031,2026-09-03 06:49:18,03/09/2026 07:07,18,5.34,5.5,paypal
TR2609030048606,CL105797,EN00265,trottinette,Nantes,ST1020,ST1021,03/09/2026 06:58,2026-09-03 07:12:26,14,2.86,4.08,paypal
TR2609030048607,CL105020,EN00254,velo_elec,Nantes,ST1023,ST1029,2026-09-03 06:50:51,2026-09-03 06:59:51,9,3.06,3.25,abonnement
TR2609030048608,CL107642,EN00248,trottinette,Nantes,ST1027,ST1023,2026-09-03 06:55:12,2026-09-03 07:02:12,7,1.58,2.54,cb
TR2609030048609,CL105882,EN00334,trottinette,Nantes,ST1028,ST1026,,2026-09-03 07:03:38,10,1.93,,abonnement
TR2609030048610,CL104906,EN00228,trottinette,Nantes,ST1032,ST1020,2026-09-03 06:55:33,2026-09-03 07:08:33,13,2.46,3.86,abonnement
TR2609030048611,CL103438,EN00446,trottinette,Lille,ST1043,ST1035,2026-09-03 06:59:00,1788412380,-4,2.4,4.08,paypal
TR2609030048612,CL106829,EN00378,velo_elec,Lille,ST1046,ST1036,2026-09-03 06:51:56,2026-09-03 07:02:56,11,2.33,3.75,cb
TR2609030048613,CL102773,EN00591,velo_elec,Grenoble,ST1050,ST1053,2026-09-03 07:00:39,2026-09-03 07:09:39,9,2.96,3.25,cb
TR2609030048614,CL103359,EN00569,trottinette,Grenoble,ST1055,ST1055,03/09/2026 06:57,1788411933,8,1.82,2.76,cb
TR2609030048615,CL104550,EN00095,trottinette,LYON,ST1003,ST1001,2026-09-03 07:03:21,2026-09-03 07:32:21,29,8.83,7.38,cb
TR2609030048616,CL105763,EN00140,trottinette,Lyon,ST1003,ST1005,2026-09-03 07:16:02,2026-09-03 07:31:02,15,4.1,4.3,paypal
TR2609030048617,CL102428,EN00145,trottinette,Lyon,ST1004,ST1011,03/09/2026 07:00,03/09/2026 07:10,10,1.73,3.2,cb
TR2609030048618,CL100799,EN00031,velo_elec,Lyon,ST1005,ST1003,1788411749,03/09/2026 07:07,5,1.64,2.25,cb
TR2609030048619,CL103121,EN00160,velo_elec,Lyon,ST1005,ST1003,2026-09-03 07:14:57,2026-09-03 07:27:57,13,2.53,4.25,cb
TR2609030048620,CL107063,EN00191,trottinette,Lyon,ST1005,ST1004,2026-09-03 07:07:42,2026-09-03 07:41:42,34,11.61,,abonnement
TR2609030048621,CL108179,EN00038,velo,Lyon,ST1005,ST1016,2026-09-03 07:06:08,2026-09-03 07:12:08,6,1.99,1.9,abonnement
TR2609030048622,CL100540,EN00122,trottinette,Lyon,ST1006,ST1010,2026-09-03 07:14:47,2026-09-03 07:22:47,8,2.08,2.76,cb
TR2609030048623,CL102112,EN00184,velo_elec,lyon,ST1007,ST1002,1788411747,2026-09-03 07:42:27,40,12.94,11.0,cb
TR2609030048624,CL108199,EN00077,trottinette,Lyon,ST1008,ST1017,2026-09-03 07:15:27,03/09/2026 07:22,7,1.6,2.54,cb
TR2609030048625,CL104035,EN00178,velo_elec,Lyon,ST1009,ST1004,2026-09-03 07:09:11,03/09/2026 07:29,20,4.73,6.0,paypal
TR2609030048626,CL104272,EN00070,trottinette,Lyon,ST1009,ST1009,2026-09-03 07:09:33,2026-09-03 07:14:33,5,0.9,2.1,paypal
TR2609030048627,CL107796,EN00129,velo_elec,Lyon,ST1011,ST1002,2026-09-03 07:02:47,2026-09-03 07:23:47,21,5.02,6.25,cb
TR2609030048628,CL104736,EN00199,velo_elec,Lyon,ST1015,ST1003,2026-09-03 07:02:14,2026-09-03 07:20:14,18,3.45,5.5,paypal
TR2609030048629,CL107088,EN00193,trottinette,Lyon,ST1016,ST1001,2026-09-03 07:05:32,2026-09-03 07:20:32,15,2.31,4.3,cb
TR2609030048630,CL108023,EN00132,trottinette,Lyon,ST1016,ST1009,03/09/2026 07:01,2026-09-03 07:06:48,5,1.42,2.1,cb
TR2609030048631,CL104784,EN00092,trottinette,lyon,ST1016,ST1002,2026-09-03 07:15:14,2026-09-03 07:23:14,8,1.71,2.76,
TR2609030048632,CL102514,EN00025,velo_elec,Lyon,ST1017,ST1016,03/09/2026 07:12,2026-09-03 07:40:00,28,7.25,8.0,cb
TR2609030048633,CL108149,EN00203,trottinette,Lyon,ST1017,ST1001,03/09/2026 07:02,2026-09-03 07:19:50,17,3.47,4.74,abonnement
TR2609030048634,CL103287,EN00149,velo,Lyon,ST1017,ST1001,2026-09-03 07:15:42,2026-09-03 07:32:42,17,2.92,3.55,abonnement
TR2609030048635,CL104688,EN00057,velo_elec,Lyon,ST1018,ST1009,2026-09-03 07:05:43,2026-09-03 07:11:43,6,1.11,2.5,cb
TR2609030048636,CL102793,EN00042,trottinette,Lyon,ST1019,ST1003,03/09/2026 07:09,2026-09-03 07:31:31,22,4.28,5.84,abonnement
TR2609030048637,CL104051,EN00321,velo_elec,Nantes,ST1023,ST1020,2026-09-03 07:09:54,2026-09-03 07:18:54,9,1.72,3.25,paypal
TR2609030048638,CL105094,EN00310,trottinette,Nantes,ST1023,ST1028,2026-09-03 07:09:14,2026-09-03 07:30:14,21,3.7,5.62,abonnement
TR2609030048639,CL105769,EN00227,trottinette,Nantes,ST1023,ST1022,2026-09-03 07:04:50,2026-09-03 07:16:50,12,4.08,3.64,cb
TR2609030048640,CL104936,EN00332,trottinette,Nantes,ST1028,ST1031,2026-09-03 07:12:31,2026-09-03 07:23:31,11,2.53,3.42,cb
TR2609030048641,CL106433,EN00226,velo_elec,Nante,ST1028,ST1021,1788411752,2026-09-03 07:28:32,26,4.06,7.5,abonnement
TR2609030048642,CL103795,EN00254,velo_elec,Nantes,ST1029,ST1023,1788411723,2026-09-03 07:19:03,17,5.76,5.25,paypal
TR2609030048643,CL106246,EN00282,velo,Nantes,ST1030,ST1033,2026-09-03 07:15:53,2026-09-03 07:26:53,11,2.81,2.65,cb
TR2609030048644,CL105012,EN00412,trottinette,LILLE,ST1034,ST1043,2026-09-03 07:06:18,2026-09-03 07:10:18,4,1.25,1.88,abonnement
TR2609030048645,CL103621,EN00389,trottinette,Lille,ST1038,ST1035,03/09/2026 07:05,,18,5.58,4.96,cb
TR2609030048646,CL107380,EN00460,velo_elec,Lille,ST1038,ST1041,2026-09-03 07:10:43,2026-09-03 07:25:43,15,4.72,4.75,abonnement
TR2609030048647,CL108863,EN00479,trottinette,Lille,ST1040,ST1036,1788411945,,10,2.05,3.2,cb
TR2609030048648,CL104710,EN00478,trottinette,Lille,ST1041,ST1037,2026-09-03 07:01:14,2026-09-03 08:04:14,63,15.65,14.86,abonnement
TR2609030048649,CL103895,EN00435,trottinette,Lille,ST1041,ST1035,2026-09-03 07:08:22,03/09/2026 07:20,12,3.83,3.64,cb
TR2609030048650,CL108770,EN00383,trottinette,Lille,ST1042,ST1034,2026-09-03 07:14:11,2026-09-03 07:51:11,37,6.75,9.14,paypal
TR2609030048651,CL102158,EN00430,velo_elec,Lille,ST1042,ST1035,2026-09-03 07:06:31,2026-09-03 07:12:31,6,1.66,2.5,cb
TR2609030048652,CL102215,EN00375,trottinette, Lille,ST1044,ST1034,2026-09-03 07:14:57,2026-09-03 07:25:57,11,1.8,3.42,paypal
TR2609030048653,CL106206,EN00392,velo_elec,Lille,ST1045,ST1036,2026-09-03 07:09:44,2026-09-03 07:21:44,12,3.6,4.0,paypal
TR2609030048654,CL102917,EN00473,trottinette,Lille,ST1046,ST1039,,03/09/2026 07:27,21,6.82,5.62,abonnement
TR2609030048655,CL105908,EN00517,trottinette,Grenoble,ST1055,ST1048,2026-09-03 07:15:20,2026-09-03 07:18:20,3,0.58,1.66,cb
TR2609030048656,CL104540,EN00558,trottinette,Grenoble,ST1056,ST1048,03/09/2026 07:12,2026-09-03 07:18:49,6,1.96,2.32,abonnement
TR2609030048657,CL106131,EN00074,trottinette,Lyon,ST1001,ST1015,2026-09-03 07:30:20,2026-09-03 07:44:20,14,2.35,4.08,cb
TR2609030048658,CL107632,EN00031,velo_elec,Lyon,ST1003,ST1011,2026-09-03 07:18:44,1788413204,8,2.68,3.0,cb
TR2609030048659,CL104168,EN00065,trottinette,Lyon,ST1006,ST1009,03/09/2026 07:29,2026-09-03 07:55:36,26,5.1,6.72,cb
TR2609030048660,CL107152,EN00147,velo,Lyon,ST1006,ST1001,2026-09-03 07:20:02,2026-09-03 07:30:02,10,2.25,2.5,abonnement
TR2609030048661,CL105158,EN00058,velo_elec,Lyon,ST1008,ST1009,2026-09-03 07:30:49,2026-09-03 07:36:49,6,1.41,2.5,abonnement
TR2609030048662,CL105828,EN00057,velo_elec,Lyon,ST1009,ST1002,2026-09-03 07:26:23,1788414143,16,3.55,5.0,abonnement
TR2609030048663,CL100664,EN00169,velo,Lyon,ST1010,ST1003,03/09/2026 07:27,2026-09-03 07:35:20,8,1.73,2.2,abonnement
TR2609030048664,CL101727,EN00145,trottinette,Lyon,ST1011,ST1002,1788412599,2026-09-03 07:20:39,4,1.16,1.88,abonnement
TR2609030048665,CL100904,EN00107,velo_elec,Lyon,ST1013,ST1018,2026-09-03 07:25:21,2026-09-03 07:44:21,19,5.92,5.75,cb
TR2609030048666,CL108183,EN00248,trottinette,Nantes,ST1023,ST1021,2026-09-03 07:17:52,03/09/2026 07:32,15,3.37,4.3,cb
TR2609030048667,CL106045,EN00341,velo_elec,Nantes,ST1023,ST1020,2026-09-03 07:17:33,03/09/2026 07:29,12,2.75,4.0,abonnement
TR2609030048668,CL103447,EN00225,velo_elec,Nantes,ST1024,ST1020,2026-09-03 07:26:56,2026-09-03 07:43:56,17,3.43,5.25,cb
TR2609030048669,CL104008,EN00253,trottinette,Nantes,ST1025,ST1022,2026-09-03 07:15:48,2026-09-03 07:32:48,17,4.89,4.74,cb
TR2609030048670,CL104718,EN00334,trottinette,Nantes,ST1026,ST1022,2026-09-03 07:22:01,2026-09-03 07:39:01,17,5.83,4.74,paypal
TR2609030048671,CL102885,EN00246,trottinette,Nantes,ST1027,ST1032,1788413381,2026-09-03 07:49:41,20,4.08,5.4,abonnement
TR2609030048672,CL107361,EN00313,trottinette,Nantes,ST1028,ST1028,1788413389,2026-09-03 07:38:49,9,1.86,2.98,paypal
TR2609030048673,CL104161,EN00229,trottinette,Nantes,ST1029,ST1022,2026-09-03 07:29:37,2026-09-03 07:38:37,9,1.55,2.98,paypal
TR2609030048674,CL104709,EN00344,velo,Nantes,ST1030,ST1029,2026-09-03 07:23:14,2026-09-03 07:26:14,3,0.55,1.45,cb
TR2609030048675,CL102246,EN00360,trottinette,nantes,ST1031,ST1021,2026-09-03 07:18:44,2026-09-03 07:32:44,14,4.22,4.08,abonnement
TR2609030048676,CL104523,EN00258,trottinette,NANTES,ST1031,ST1021,2026-09-03 07:24:04,2026-09-03 07:29:04,5,1.53,2.1,cb
TR2609030048677,CL102195,EN00348,velo_elec,Nantes,ST1031,ST1022,2026-09-03 07:20:03,2026-09-03 07:25:03,5,0.97,2.25,cb
TR2609030048678,CL107223,EN00264,trottinette,Nantes,ST1033,ST1022,,2026-09-03 07:37:14,3518,1.82,3.64,cb
TR2609030048679,CL106661,EN00406,velo_elec,Lille,ST1039,ST1047,2026-09-03 07:21:20,2026-09-03 07:26:20,5,1.12,2.25,abonnement
TR2609030048680,CL107944,EN00372,trottinette,LILLE,ST1040,ST1034,2026-09-03 07:17:52,2026-09-03 07:22:52,5,1.4,2.1,paypal
TR2609030048681,CL102421,EN00497,velo,Lille,ST1041,ST1035,2026-09-03 07:17:23,2026-09-03 07:21:23,4,1.03,1.6,abonnement
TR2609030048682,CL107972,EN00412,trottinette,Lille,ST1043,ST1035,1788413398,2026-09-03 07:39:58,10,3.08,3.2,abonnement
TR2609030048683,CL108601,EN00476,trottinette,Lille,ST1045,ST1047,2026-09-03 07:28:34,2026-09-03 07:38:34,10,1.61,3.2,abonnement
TR2609030048684,CL103824,EN00418,trottinette,Lille,ST1045,ST1034,2026-09-03 07:18:27,2026-09-03 07:29:27,11,2.08,3.42,abonnement
TR2609030048685,CL105363,EN00421,velo_elec,Lille,ST1046,ST1034,2026-09-03 07:17:41,2026-09-03 07:50:41,33,9.85,9.25,cb
TR2609030048686,CL101418,EN00541,velo_elec,Grenoble,ST1048,ST1052,2026-09-03 07:29:04,03/09/2026 07:47,18,3.42,5.5,cb
TR2609030048687,CL105324,EN00511,trottinette,Grenoble,ST1050,ST1049,2026-09-03 07:18:03,2026-09-03 07:41:03,23,7.78,6.06,cb
TR2609030048688,CL105225,EN00512,velo_elec,Grenoble,ST1050,ST1049,2026-09-03 07:21:02,2026-09-03 07:28:02,7,2.23,2.75,cb
TR2609030048689,CL106061,EN00534,trottinette,Grenoble,ST1052,ST1048,03/09/2026 07:24,2026-09-03 07:33:46,9,1.44,2.98,abonnement
TR2609030048690,CL100873,EN00591,velo_elec,Grenoble,ST1053,ST1048,2026-09-03 07:20:16,03/09/2026 07:45,25,6.72,7.25,cb
TR2609030048691,CL100810,EN00151,trottinette,Lyon,ST1002,ST1017,2026-09-03 07:32:30,2026-09-03 07:41:30,9,2.5,2.98,paypal
TR2609030048692,CL100216,EN00140,trottinette,Lyon,ST1005,ST1008,03/09/2026 07:41,2026-09-03 07:49:15,8,1.32,2.76,cb
TR2609030048693,CL106771,EN00013,velo_elec,Lyon,ST1008,ST1002,2026-09-03 07:42:02,1788414602,8,1.46,3.0,cb
TR2609030048694,CL108724,EN00153,velo_elec,Lyon,ST1009,ST1015,2026-09-03 07:37:14,2026-09-03 07:48:14,11,3.2,3.75,paypal
TR2609030048695,CL107544,EN00144,trottinette,Lyon,ST1009,ST1019,03/09/2026 07:42,2026-09-03 07:49:43,7,1.07,2.54,cb
TR2609030048696,CL100076,EN00128,velo,Lyon,ST1010,ST1003,2026-09-03 07:42:25,2026-09-03 08:07:25,25,6.93,4.75,abonnement
TR2609030048697,CL101483,EN00031,velo_elec,LYON,ST1011,ST1001,2026-09-03 07:44:38,2026-09-03 08:05:38,21,6.42,6.25,abonnement
TR2609030048698,CL106413,EN00090,trottinette,Lyon,ST1016,ST1009,2026-09-03 07:37:21,,10,3.19,3.2,abonnement
TR2609030048699,CL102733,EN00142,velo_elec,Lyon,ST1018,ST1011,2026-09-03 07:31:50,2026-09-03 08:10:50,39,6.56,10.75,cb
TR2609030048700,CL105403,EN00254,velo_elec,Nantes,ST1023,ST1020,2026-09-03 07:38:50,2026-09-03 08:20:50,42,11.36,11.5,cb
TR2609030048701,CL100627,EN00323,velo,Nantes,ST1023,ST1020,2026-09-03 07:45:29,2026-09-03 07:50:29,5,0.91,1.75,cb
TR2609030048702,CL103424,EN00293,velo_elec,Nantes,ST1024,ST1022,2026-09-03 07:35:51,2026-09-03 07:43:51,8,2.09,3.0,cb
TR2609030048703,CL100025,EN00314,trottinette,nantes,ST1025,ST1021,2026-09-03 07:40:08,2026-09-03 07:47:08,7,1.58,2.54,
TR2609030048704,CL106325,EN00307,trottinette,Nantes,ST1025,ST1021,,2026-09-03 07:46:11,7,1.77,2.54,cb
TR2609030048705,CL103996,EN00252,velo_elec,Nantes,ST1026,ST1021,03/09/2026 07:36,2026-09-03 07:46:50,10,2.73,3.5,cb
TR2609030048706,CL107182,EN00325,trottinette,Nantes,ST1028,ST1029,03/09/2026 07:38,2026-09-03 07:53:35,15,4.45,4.3,cb
TR2609030048707,CL101502,EN00304,velo_elec,Nantes,ST1033,ST1020,2026-09-03 07:37:30,2026-09-03 07:54:30,17,4.22,5.25,cb
TR2609030048708,CL103612,EN00439,velo_elec,Lille,ST1036,ST1040,,03/09/2026 07:53,20,4.28,6.0,paypal
TR2609030048709,CL104735,EN00378,velo_elec,Lille,ST1036,ST1035,2026-09-03 07:33:52,2026-09-03 07:43:52,10,2.62,3.5,abonnement
TR2609030048710,CL104967,EN00417,trottinette,Lille,ST1038,ST1036,1788413702,2026-09-03 07:43:02,8,2.67,2.76,cb
TR2609030048711,CL101577,EN00495,trottinette,Lille,ST1038,ST1036,2026-09-03 07:32:48,03/09/2026 07:41,9,1.53,2.98,paypal
TR2609030048712,CL105018,EN00473,trottinette,Lille,ST1039,ST1035,1788414315,03/09/2026 07:53,8,1.66,2.76,abonnement
TR2609030048713,CL103752,EN00452,velo,Lille,ST1040,ST1035,2026-09-03 07:37:44,2026-09-03 07:54:44,17,3.74,3.55,cb
TR2609030048714,CL105553,EN00454,velo,Lille,ST1045,ST1035,2026-09-03 07:37:23,2026-09-03 08:03:23,26,5.04,4.9,paypal
TR2609030048715,CL108802,EN00413,trottinette,Lille,ST1046,ST1035,1788414270,2026-09-03 07:56:30,12,2.1,3.64,paypal
TR2609030048716,CL106373,EN00558,trottinette,Grenoble,ST1048,ST1049,2026-09-03 07:44:24,1788414744,8,2.42,2.76,abonnement
TR2609030048717,CL103126,EN00592,velo_elec,Grenoble,ST1049,ST1058,2026-09-03 07:40:05,2026-09-03 07:55:05,15,3.27,4.75,cb
TR2609030048718,CL106087,EN00590,velo_elec,Grenoble,ST1050,ST1049,1788413818,2026-09-03 07:56:58,20,6.0,6.0,cb
TR2609030048719,CL100689,EN00545,trottinette,Grenoble,ST1052,ST1049,2026-09-03 07:39:08,2026-09-03 07:49:08,10,1.67,3.2,cb
TR2609030048720,CL102479,EN00509,trottinette,Grenoble ,ST1052,ST1049,2026-09-03 07:36:55,2026-09-03 07:42:55,6,1.48,2.32,abonnement
TR2609030048721,CL101457,EN00213,trottinette,Lyon,ST1003,ST1014,2026-09-03 07:48:02,03/09/2026 07:58,10,1.93,3.2,cb
TR2609030048722,CL108638,EN00098,velo_elec,Lyon,ST1008,ST1003,2026-09-03 07:51:55,1788415075,6,2.08,2.5,abonnement
TR2609030048723,CL101073,EN00190,trottinette,Lyon,ST1013,ST1009,2026-09-03 07:52:34,2026-09-03 08:03:34,11,2.17,3.42,abonnement
TR2609030048724,CL105618,EN00121,trottinette,Lyon,ST1014,ST1002,2026-09-03 07:55:23,2026-09-03 08:18:23,23,3.54,6.06,cb
TR2609030048725,CL100321,EN00202,trottinette,lyon,ST1014,ST1006,2026-09-03 07:58:47,2026-09-03 08:13:47,15,3.1,4.3,abonnement
TR2609030048726,CL107191,EN00205,trottinette,Lyon,ST1014,ST1001,2026-09-03 07:50:39,03/09/2026 07:53,3,0.95,1.66,cb
TR2609030048727,CL108185,EN00027,velo_elec,Lyon,ST1014,ST1008,1788414878,03/09/2026 08:11,17,3.91,5.25,cb
TR2609030048728,CL108307,EN00018,trottinette,Lyon,ST1015,ST1002,03/09/2026 07:51,2026-09-03 08:16:56,25,6.69,6.5,abonnement
TR2609030048729,CL106495,EN00074,trottinette,Lyon,ST1015,ST1011,2026-09-03 08:00:37,2026-09-03 08:28:37,28,6.32,,cb
TR2609030048730,CL107618,EN00151,trottinette,Lyon,ST1017,ST1001,2026-09-03 07:52:28,2026-09-03 08:18:28,26,6.06,,paypal
TR2609030048731,CL106998,EN00077,trottinette,Lyon,ST1017,ST1004,2026-09-03 07:49:46,2026-09-03 08:19:46,30,9.57,7.6,paypal
TR2609030048732,CL108443,EN00298,trottinette,Nantes,ST1021,ST1028,2026-09-03 07:53:35,2026-09-03 07:58:35,5,1.13,2.1,paypal
TR2609030048733,CL107722,EN00295,velo_elec,Nantes,ST1024,ST1022,2026-09-03 07:52:11,1788415031,5,1.68,2.25,cb
TR2609030048734,CL107721,EN00277,velo_elec,Nantes,ST1026,ST1021,03/09/2026 07:56,2026-09-03 08:06:55,10,1.67,3.5,cb
TR2609030048735,CL106593,EN00283,trottinette,Nantes,ST1027,ST1021,2026-09-03 07:47:56,2026-09-03 07:53:56,6,1.72,2.32,abonnement
TR2609030048736,CL103096,EN00332,trottinette,Nantes,ST1031,ST1026,2026-09-03 07:49:51,2026-09-03 08:02:51,13,2.02,3.86,cb
TR2609030048737,CL105091,EN00309,trottinette,Nantes,ST1031,ST1020,2026-09-03 07:51:35,2026-09-03 08:05:35,14,4.4,4.08,cb
TR2609030048738,CL105996,EN00244,trottinette,Nantes,ST1032,ST1020,2026-09-03 07:58:53,2026-09-03 08:13:53,15,3.37,4.3,abonnement
TR2609030048739,CL102848,EN00289,trottinette,Nantes,ST1033,ST1022,2026-09-03 07:53:15,2026-09-03 08:04:15,11,1.7,3.42,cb
TR2609030048740,CL102887,EN00463,velo,Lille,ST1039,ST1047,03/09/2026 07:50,2026-09-03 07:57:05,7,2.39,2.05,cb
TR2609030048741,CL106859,EN00499,velo,Lille,ST1039,ST1036,03/09/2026 07:55,2026-09-03 08:03:21,8,2.39,2.2,cb
TR2609030048742,CL107235,EN00440,trottinette,LILLE,ST1042,ST1034,03/09/2026 07:54,2026-09-03 07:58:47,4,0.67,1.88,abonnement
TR2609030048743,CL107090,EN00443,velo_elec,Lille,ST1042,ST1036,03/09/2026 07:57,2026-09-03 08:10:09,13,3.67,4.25,cb
TR2609030048744,CL102127,EN00411,trottinette,Lille,ST1043,ST1036,2026-09-03 07:58:35,2026-09-03 08:20:35,22,7.69,5.84,cb
TR2609030048745,CL102256,EN00382,trottinette,Lille,ST1043,ST1035,03/09/2026 07:52,2026-09-03 08:01:43,9,2.26,2.98,abonnement
TR2609030048746,CL100041,EN00408,velo_elec,Lille,ST1044,ST1036,2026-09-03 07:57:11,2026-09-03 08:09:11,12,2.58,4.0,abonnement
TR2609030048747,CL100653,EN00470,trottinette,Lille,ST1044,ST1036,2026-09-03 07:50:41,1788415841,20,6.7,5.4,cb
TR2609030048748,CL102184,EN00462,velo_elec,Lille,ST1045,ST1046,2026-09-03 07:57:19,2026-09-03 08:40:19,43,12.43,11.75,cb
TR2609030048749,CL107474,EN00445,velo_elec,Lille,ST1046,ST1034,,2026-09-03 07:56:35,6,1.72,2.5,cb
TR2609030048750,CL103030,EN00419,velo,Lille,ST1046,ST1039,2026-09-03 07:50:23,2026-09-03 08:06:23,16,3.58,3.4,cb
TR2609030048751,CL107867,EN00414,velo_elec,Lille,ST1047,ST1034,2026-09-03 07:56:16,1788416836,31,6.71,8.75,paypal
TR2609030048752,CL102593,EN00549,velo_elec,Grenoble,ST1050,ST1052,2026-09-03 07:54:24,,7,1.73,2.75,abonnement
TR2609030048753,CL107140,EN00536,velo_elec,grenoble,ST1051,ST1049,2026-09-03 07:59:38,2026-09-03 08:15:38,16,4.57,5.0,cb
TR2609030048754,CL103145,EN00541,velo_elec,Grenoble,ST1052,ST1049,2026-09-03 07:48:24,2026-09-03 07:55:24,7,2.0,2.75,cb
TR2609030048755,CL107120,EN00217,velo_elec,Lyon,ST1001,ST1006,1788415862,1788419282,57,11.6,15.25,cb
TR2609030048756,CL102263,EN00067,velo_elec,Lyon,ST1007,ST1013,2026-09-03 08:04:05,03/09/2026 08:10,6,2.03,2.5,abonnement
TR2609030048757,CL103821,EN00037,trottinette,Lyon,ST1007,ST1019,2026-09-03 08:04:16,03/09/2026 08:12,8,1.49,2.76,abonnement
TR2609030048758,CL106001,EN00006,trottinette,Lyon,ST1007,ST1001,2026-09-03 08:05:25,2026-09-03 08:17:25,12,2.3,3.64,abonnement
TR2609030048759,CL100957,EN00140,trottinette,Lyon,ST1008,ST1003,2026-09-03 08:14:42,2026-09-03 08:19:42,5,0.79,2.1,cb
TR2609030048760,CL101361,EN00058,velo_elec,Lyon,ST1009,ST1012,2026-09-03 08:14:40,2026-09-03 08:28:40,14,3.34,4.5,abonnement
TR2609030048761,CL106753,EN00080,trottinette,Lyon,ST1011,ST1018,2026-09-03 08:09:28,2026-09-03 08:12:28,3,0.91,1.66,cb
TR2609030048762,CL108967,EN00056,velo_elec,Lyon,ST1012,ST1014,2026-09-03 08:10:46,2026-09-03 08:15:46,5,1.29,2.25,cb
TR2609030048763,CL103399,EN00165,trottinette,Lyon,ST1012,ST1003,2026-09-03 08:05:40,2026-09-03 08:10:40,5,1.41,2.1,abonnement
TR2609030048764,CL103558,EN00004,velo_elec,Lyon,ST1012,ST1001,03/09/2026 08:07,2026-09-03 08:31:24,24,5.56,7.0,cb
TR2609030048765,CL108413,EN00106,trottinette,Lyon,ST1013,ST1001,1788415823,2026-09-03 08:26:23,16,2.7,4.52,cb
TR2609030048766,CL102280,EN00055,trottinette,Lyon,ST1013,ST1018,2026-09-03 08:01:39,2026-09-03 08:17:39,16,4.84,4.52,paypal
TR2609030048767,CL105341,EN00213,trottinette,Lyon,ST1014,ST1009,2026-09-03 08:13:44,2026-09-03 08:20:44,7,2.43,2.54,cb
TR2609030048768,CL105127,EN00153,velo_elec,Lyon,ST1015,ST1004,2026-09-03 08:03:45,2026-09-03 08:20:45,17,3.28,5.25,abonnement
TR2609030048769,CL104081,EN00154,trottinette,Lyon,ST1015,ST1004,1788415810,2026-09-03 08:14:10,4,1.37,1.88,abonnement
TR2609030048770,CL104271,EN00118,trottinette,Lyon,ST1016,ST1001,2026-09-03 08:10:20,2026-09-03 08:34:20,24,7.05,6.28,cb
TR2609030048771,CL108246,EN00183,velo_elec,Lyon,ST1018,ST1014,2026-09-03 08:13:20,2026-09-03 08:30:20,6242,3.19,5.25,cb
TR2609030048772,CL106390,EN00049,trottinette,Lyon,ST1018,ST1002,,1788417220,30,7.45,7.6,
TR2609030048773,CL104285,EN00198,velo_elec,lyon,ST1019,ST1002,2026-09-03 08:09:56,2026-09-03 08:21:56,12,1.82,4.0,paypal
TR2609030048774,CL101456,EN00101,velo_elec,Lyon ,ST1019,ST1002,03/09/2026 08:15,2026-09-03 08:31:16,16,4.43,5.0,cb
TR2609030048775,CL108872,EN00219,velo_elec,Lyon,ST1019,ST1012,03/09/2026 08:15,03/09/2026 08:25,10,2.65,3.5,abonnement
TR2609030048776,CL100335,EN00222,velo_elec,Nantes,ST1021,ST1023,2026-09-03 08:03:14,2026-09-03 08:08:14,5,0.88,2.25,cb
TR2609030048777,CL105882,EN00260,velo_elec,Nante,ST1024,ST1021,2026-09-03 08:03:04,2026-09-03 08:10:04,7,2.19,2.75,cb
TR2609030048778,CL104472,EN00287,velo_elec,Nantes,ST1025,ST1020,2026-09-03 08:03:25,2026-09-03 08:20:25,17,4.29,5.25,abonnement
TR2609030048779,CL108858,EN00245,velo_elec,Nantes,ST1031,ST1022,03/09/2026 08:04,2026-09-03 08:46:55,42,8.61,11.5,cb
TR2609030048780,CL100645,EN00439,velo_elec,Lille,ST1040,ST1034,2026-09-03 08:03:27,2026-09-03 08:05:27,2,0.64,1.5,paypal
TR2609030048781,CL102923,EN00486,velo,Lille,ST1040,ST1035,2026-09-03 08:12:15,2026-09-03 08:25:15,13,3.91,2.95,cb
TR2609030048782,CL107493,EN00387,velo,Lille,ST1046,ST1035,2026-09-03 08:11:48,03/09/2026 08:19,8,2.79,2.2,cb
TR2609030048783,CL102918,EN00586,velo,Grenoble,ST1050,ST1050,1788415371,2026-09-03 08:05:51,3,1.01,1.45,cb
TR2609030048784,CL102479,EN00549,velo_elec,Grenoble,ST1052,ST1050,2026-09-03 08:05:54,2026-09-03 08:14:54,9,2.44,3.25,cb
TR2609030048785,CL102272,EN00526,velo_elec,Grenoble,ST1053,ST1057,2026-09-03 08:14:23,2026-09-03 08:26:23,12,3.72,4.0,cb
TR2609030048786,CL102326,EN00503,trottinette,grenoble,ST1053,ST1048,2026-09-03 08:12:43,1788416623,11,1.69,3.42,cb
TR2609030048787,CL101910,EN00587,trottinette,Grenoble,ST1055,ST1048,03/09/2026 08:07,2026-09-03 08:25:39,18,4.79,4.96,cb
TR2609030048788,CL103453,EN00559,trottinette,Grenoble,ST1056,ST1055,03/09/2026 08:04,,8,1.35,2.76,cb
TR2609030048789,CL104722,EN00518,trottinette,Grenoble,ST1058,ST1048,2026-09-03 08:11:18,03/09/2026 08:37,26,6.13,6.72,cb
TR2609030048790,CL102060,EN00061,trottinette,Lyon,ST1003,ST1016,2026-09-03 08:26:47,2026-09-03 08:28:47,2,0.47,1.44,cb
TR2609030048791,CL104497,EN00027,velo_elec,Lyon,ST1008,ST1002,03/09/2026 08:15,03/09/2026 08:27,12,1.83,4.0,abonnement
TR2609030048792,CL106886,EN00209,velo_elec,Lyon,ST1011,ST1009,2026-09-03 08:16:53,,9,1.84,3.25,cb
TR2609030048793,CL103071,EN00212,trottinette,Lyon,ST1011,ST1001,2026-09-03 08:17:27,2026-09-03 08:22:27,5,1.29,2.1,cb
TR2609030048794,CL108158,EN00197,velo_elec,Lyon,ST1012,ST1015,2026-09-03 08:17:49,2026-09-03 08:26:49,9,2.89,3.25,abonnement
TR2609030048795,CL101197,EN00067,velo_elec,Lyon,ST1013,ST1005,2026-09-03 08:16:17,2026-09-03 08:41:17,25,5.56,7.25,abonnement
TR2609030048796,CL102407,EN00196,velo_elec,Lyon,ST1014,ST1004,2026-09-03 08:21:57,2026-09-03 08:29:57,8,1.53,3.0,cb
TR2609030048797,CL104426,EN00076,velo_elec,Lyonn,ST1014,ST1001,1788416268,2026-09-03 08:35:48,18,5.57,5.5,cb
TR2609030048798,CL104964,EN00056,velo_elec,Lyon,ST1014,ST1003,2026-09-03 08:28:29,2026-09-03 08:33:29,5,1.61,2.25,abonnement
TR2609030048799,CL104856,EN00054,trottinette,Lyon,ST1014,ST1002,2026-09-03 08:23:11,03/09/2026 08:34,11,1.69,3.42,paypal
TR2609030048800,CL108400,EN00080,trottinette,Lyon,ST1018,ST1002,03/09/2026 08:23,2026-09-03 08:28:03,5,0.83,2.1,abonnement
TR2609030048801,CL105224,EN00107,velo_elec,Lyon,ST1018,ST1004,2026-09-03 08:20:04,1788416884,8,1.61,3.0,cb
TR2609030048802,CL104893,EN00130,velo_elec,Lyon,ST1019,ST1001,03/09/2026 08:22,2026-09-03 08:41:45,19,5.12,5.75,paypal
TR2609030048803,CL104355,EN00318,velo_elec,Nantes,ST1024,ST1020,2026-09-03 08:18:03,1788417123,14,4.28,4.5,abonnement
TR2609030048804,CL107538,EN00332,trottinette,Nantes,ST1026,ST1031,2026-09-03 08:17:54,1788416934,11,2.61,3.42,cb
TR2609030048805,CL103239,EN00239,trottinette,Nantes,ST1029,ST1022,1788416825,03/09/2026 08:35,8,2.52,2.76,cb
TR2609030048806,CL100107,EN00276,velo_elec,Nantes,ST1033,ST1030,2026-09-03 08:29:54,2026-09-03 08:43:54,14,4.43,4.5,cb
TR2609030048807,CL104869,EN00494,velo_elec,LILLE,ST1038,ST1035,2026-09-03 08:26:15,2026-09-03 08:32:15,6,1.02,2.5,cb
TR2609030048808,CL108218,EN00419,velo,Lille,ST1039,ST1041,03/09/2026 08:28,2026-09-03 08:51:51,23,6.66,4.45,abonnement
TR2609030048809,CL103697,EN00466,velo,Lille,ST1040,ST1044,2026-09-03 08:17:30,03/09/2026 08:34,17,2.9,3.55,cb
TR2609030048810,CL108278,EN00500,velo,Lille,ST1040,ST1043,1788416451,2026-09-03 08:33:51,13,3.54,2.95,abonnement
TR2609030048811,CL104282,EN00449,trottinette,Lille,ST1041,ST1046,03/09/2026 08:18,2026-09-03 08:29:59,11,2.78,3.42,paypal
TR2609030048812,CL106989,EN00480,velo_elec,LILLE,ST1042,ST1039,2026-09-03 08:22:50,2026-09-03 08:28:50,6,1.43,2.5,cb
TR2609030048813,CL101603,EN00369,velo,Lille,ST1043,ST1036,1788416503,2026-09-03 08:44:43,23,5.24,4.45,cb
TR2609030048814,CL106426,EN00368,trottinette,Lille,ST1044,ST1035,2026-09-03 08:28:15,2026-09-03 08:40:15,12,2.31,3.64,cb
TR2609030048815,CL106769,EN00388,velo_elec,Lille,ST1044,ST1036,,2026-09-03 08:46:17,27,5.59,7.75,abonnement
TR2609030048816,CL106543,EN00373,velo_elec,lille,ST1047,ST1036,2026-09-03 08:29:05,2026-09-03 08:35:05,6,1.7,2.5,cb
TR2609030048817,CL103147,EN00582,trottinette,Grenoble,ST1052,ST1048,2026-09-03 08:30:20,2026-09-03 08:55:20,25,6.64,6.5,paypal
TR2609030048818,CL102649,EN00579,trottinette,Grenoble,ST1058,ST1051,2026-09-03 08:26:34,2026-09-03 08:39:34,13,2.21,3.86,abonnement
TR2609030048819,CL105208,EN00203,trottinette,Lyon,ST1001,ST1019,2026-09-03 08:39:33,2026-09-03 09:21:33,42,11.66,10.24,cb
TR2609030048820,CL100502,EN00202,trottinette,Lyon,ST1006,ST1002,2026-09-03 08:34:07,03/09/2026 08:46,12,4.17,3.64,cb
TR2609030048821,CL102646,EN00074,trottinette,Lyon,ST1011,ST1002,03/09/2026 08:35,2026-09-03 08:58:52,23,6.22,6.06,abonnement
TR2609030048822,CL101264,EN00058,velo_elec,Lyon,ST1012,ST1010,2026-09-03 08:37:25,03/09/2026 08:52,15,2.91,4.75,cb
TR2609030048823,CL106804,EN00219,velo_elec,Lyon,ST1012,ST1002,2026-09-03 08:36:05,2026-09-03 08:47:05,11,2.47,3.75,abonnement
TR2609030048824,CL104925,EN00011,velo_elec,lyon,ST1012,ST1002,2026-09-03 08:31:26,1788417626,9,1.95,3.25,abonnement
TR2609030048825,CL105033,EN00161,velo_elec,Lyon,ST1013,ST1003,2026-09-03 08:43:21,2026-09-03 08:47:21,4,1.12,2.0,cb
TR2609030048826,CL108478,EN00131,trottinette,Lyon,ST1013,ST1001,2026-09-03 08:37:03,,9,1.96,2.98,abonnement
TR2609030048827,CL107676,EN00047,velo_elec,Lyon,ST1013,ST1003,2026-09-03 08:41:34,2026-09-03 08:57:34,16,5.53,5.0,cb
TR2609030048828,CL100912,EN00183,velo_elec,Lyon,ST1014,ST1003,,2026-09-03 08:42:51,7,1.98,2.75,cb
TR2609030048829,CL103410,EN00066,trottinette,Lyon,ST1014,ST1001,2026-09-03 08:39:35,2026-09-03 08:53:35,14,2.35,4.08,abonnement
TR2609030048830,CL107063,EN00200,trottinette,Lyon,ST1015,ST1006,,2026-09-03 08:45:33,9,1.52,2.98,abonnement
TR2609030048831,CL100480,EN00187,velo_elec,Lyon,ST1015,ST1002,2026-09-03 08:39:18,2026-09-03 08:50:18,11,3.52,3.75,cb
TR2609030048832,CL104269,EN00109,trottinette,Lyon,ST1015,ST1002,2026-09-03 08:45:40,03/09/2026 09:10,25,7.63,6.5,cb
TR2609030048833,CL105366,EN00061,trottinette,Lyon,ST1016,ST1019,2026-09-03 08:36:38,2026-09-03 08:45:38,9,1.53,2.98,paypal
TR2609030048834,CL102130,EN00123,velo_elec,Lyon,ST1016,ST1003,2026-09-03 08:41:03,2026-09-03 08:48:03,7,1.19,2.75,abonnement
TR2609030048835,CL103387,EN00220,velo_elec,Lyon,ST1017,ST1002,2026-09-03 08:30:47,2026-09-03 08:34:47,4,0.84,2.0,abonnement
TR2609030048836,CL107641,EN00182,trottinette,Lyon,ST1018,ST1019,2026-09-03 08:40:40,2026-09-03 08:55:40,15,2.53,4.3,paypal
TR2609030048837,CL103744,EN00144,trottinette,Lyon,ST1019,ST1002,2026-09-03 08:42:21,1788418761,17,2.64,4.74,paypal
TR2609030048838,CL105597,EN00008,trottinette,Lyon,ST1019,ST1014,2026-09-03 08:31:51,2026-09-03 08:37:51,6,1.55,2.32,paypal
TR2609030048839,CL108714,EN00222,velo_elec,Nantes,ST1023,ST1022,2026-09-03 08:41:56,2026-09-03 09:11:56,30,7.41,8.5,cb
TR2609030048840,CL102388,EN00237,velo_elec,Nantes,ST1025,ST1031,2026-09-03 08:38:31,2026-09-03 09:05:31,27,8.0,7.75,paypal
TR2609030048841,CL100331,EN00335,velo,Nantes,ST1025,ST1022,1788417498,2026-09-03 08:51:18,13,4.1,2.95,paypal
TR2609030048842,CL106265,EN00242,velo,Nantes,ST1025,ST1020,2026-09-03 08:41:32,,15,3.54,3.25,cb
TR2609030048843,CL101573,EN00302,velo_elec,Nantes,ST1026,ST1022,03/09/2026 08:44,2026-09-03 09:06:17,22,5.78,6.5,paypal
TR2609030048844,CL100489,EN00298,trottinette,Nantes,ST1028,ST1021,,03/09/2026 08:52,9,2.52,2.98,cb
TR2609030048845,CL103346,EN00273,velo_elec,Nantes,ST1029,ST1020,2026-09-03 08:32:52,2026-09-03 08:43:52,11,3.22,3.75,abonnement
TR2609030048846,CL100711,EN00332,trottinette,Nantes,ST1031,ST1020,2026-09-03 08:45:43,2026-09-03 08:56:43,11,2.96,3.42,abonnement
TR2609030048847,CL101949,EN00299,trottinette,Nantes,ST1032,ST1020,2026-09-03 08:36:57,2026-09-03 08:42:57,6,1.04,2.32,cb
TR2609030048848,CL104682,EN00247,trottinette,nantes,ST1032,ST1029,2026-09-03 08:42:19,1788419059,22,6.17,5.84,abonnement
TR2609030048849,CL935379,EN00420,trottinette,Lille,ST1038,ST1035,2026-09-03 08:35:01,2026-09-03 08:44:01,9,2.9,2.98,abonnement
TR2609030048850,CL102020,EN00480,velo_elec,Lille,ST1039,ST1047,03/09/2026 08:32,2026-09-03 08:40:57,8,2.31,3.0,cb
TR2609030048851,CL103514,EN00460,velo_elec,Lille,ST1041,ST1035,1788417850,2026-09-03 08:56:10,12,1.92,4.0,cb
TR2609030048852,CL101239,EN00465,velo,Lille,ST1041,ST1036,2026-09-03 08:33:29,2026-09-03 09:02:29,29,9.02,5.35,cb
TR2609030048853,CL106988,EN00428,velo_elec,Lille,ST1042,ST1039,2026-09-03 08:37:12,2026-09-03 08:42:12,5,0.82,2.25,cb
TR2609030048854,CL100101,EN00469,velo,Lille,ST1043,ST1040,,03/09/2026 08:54,15,4.63,3.25,cb
TR2609030048855,CL103115,EN00489,trottinette,Lille,ST1044,ST1034,2026-09-03 08:37:43,2026-09-03 09:06:43,29,5.07,7.38,cb
TR2609030048856,CL105244,EN00549,velo_elec,Grenoble,ST1050,ST1049,2026-09-03 08:38:57,1788417897,6,2.08,2.5,paypal
TR2609030048857,CL107577,EN00580,velo_elec,Grenoble,ST1051,ST1050,2026-09-03 08:39:10,2026-09-03 08:59:10,20,4.64,6.0,abonnement
TR2609030048858,CL106160,EN00522,velo_elec,Grenoble,ST1057,ST1049,2026-09-03 08:31:10,2026-09-03 08:36:10,5,1.45,2.25,cb
TR2609030048859,CL106945,EN00085,velo_elec,Lyon,ST1001,ST1018,2026-09-03 08:46:36,03/09/2026 08:59,13,3.46,4.25,cb
TR2609030048860,CL102783,EN00154,trottinette,Lyon ,ST1004,ST1019,2026-09-03 08:57:22,2026-09-03 09:07:22,10,2.42,3.2,abonnement
TR2609030048861,CL108780,EN00067,velo_elec,Lyon,ST1005,ST1002,2026-09-03 08:58:03,03/09/2026 09:10,12,3.36,4.0,cb
TR2609030048862,CL108260,EN00200,trottinette,Lyon,ST1006,ST1002,2026-09-03 09:00:07,1788419527,12,2.23,3.64,cb
TR2609030048863,CL105626,EN00195,velo_elec,Lyon,ST1008,ST1002,2026-09-03 08:50:52,2026-09-03 08:59:52,9,2.93,3.25,cb
TR2609030048864,CL103100,EN00112,velo_elec,Lyon,ST1010,ST1002,1788417993,2026-09-03 09:06:33,20,4.43,,abonnement
TR2609030048865,CL107787,EN00133,velo_elec,Lyon,ST1011,ST1003,2026-09-03 08:59:54,2026-09-03 09:08:54,9,2.37,3.25,abonnement
TR2609030048866,CL106104,EN00171,velo,Lyon,ST1013,ST1001,2026-09-03 08:50:10,2026-09-03 09:16:10,26,5.27,4.9,abonnement
TR2609030048867,CL104495,EN00174,velo_elec,Lyon,ST1015,ST1015,2026-09-03 08:49:33,2026-09-03 09:25:33,36,9.69,10.0,paypal
TR2609030048868,CL107822,EN00079,velo_elec,Lyon,ST1015,ST1004,1788418391,2026-09-03 08:56:11,3,0.57,1.75,cb
TR2609030048869,CL100485,EN00073,velo_elec,Lyon,ST1016,ST1019,2026-09-03 08:59:20,2026-09-03 09:06:20,7,2.41,2.75,paypal
TR2609030048870,CL104992,EN00218,velo_elec,Lyon,ST1018,ST1016,2026-09-03 08:51:55,2026-09-03 09:03:55,12,2.56,4.0,cb
TR2609030048871,CL106596,EN00010,trottinette,Lyon,ST1018,ST1018,2026-09-03 08:57:08,2026-09-03 09:09:08,12,3.67,3.64,cb
TR2609030048872,CL108431,EN00241,velo,Nantes,ST1024,ST1027,2026-09-03 08:56:44,2026-09-03 09:02:44,6,2.04,1.9,cb
TR2609030048873,CL106840,EN00350,velo,Nantes,ST1025,ST1022,2026-09-03 08:46:52,03/09/2026 08:58,12,2.3,2.8,abonnement
TR2609030048874,CL105300,EN00310,trottinette,Nantes,ST1028,ST1021,1788418711,2026-09-03 09:20:31,22,5.25,5.84,paypal
TR2609030048875,CL105840,EN00276,velo_elec,Nantes,ST1030,ST1021,2026-09-03 08:49:24,2026-09-03 09:06:24,17,4.62,5.25,abonnement
TR2609030048876,CL105391,EN00259,trottinette,Nantes,ST1031,ST1022,2026-09-03 08:59:46,1788419566,13,4.23,3.86,abonnement
TR2609030048877,CL102143,EN00223,velo,Nantes,ST1031,ST1022,1788418776,2026-09-03 09:08:36,9,1.87,2.35,cb
TR2609030048878,CL101182,EN00301,velo_elec,Nantes,ST1032,ST1020,2026-09-03 08:59:31,2026-09-03 09:12:31,13,3.56,4.25,cb
TR2609030048879,CL100184,EN00303,velo_elec,Nantes,ST1032,ST1022,2026-09-03 08:55:37,2026-09-03 09:07:37,12,2.96,4.0,cb
TR2609030048880,CL107039,EN00272,trottinette,Nantes,ST1033,ST1030,2026-09-03 08:49:58,2026-09-03 09:01:58,12,3.18,3.64,abonnement
TR2609030048881,CL108042,EN00263,trottinette,Nantes,ST1033,ST1023,2026-09-03 08:58:13,03/09/2026 09:15,17,3.87,4.74,abonnement
TR2609030048882,CL104142,EN00278,trottinette,Nantes,ST1033,ST1020,,2026-09-03 09:14:13,22,6.7,5.84,cb
TR2609030048883,CL103614,EN00409,trottinette,Lille,ST1034,ST1035,03/09/2026 09:00,2026-09-03 09:08:55,8,1.84,2.76,cb
TR2609030048884,CL103462,EN00485,trottinette,Lille,ST1035,ST1038,2026-09-03 08:46:42,2026-09-03 08:56:42,10,1.59,3.2,abonnement
TR2609030048885,CL100400,EN00363,velo_elec,Lille,ST1042,ST1034,2026-09-03 09:00:17,2026-09-03 09:07:17,7,1.3,2.75,abonnement
TR2609030048886,CL108852,EN00361,trottinette,Lille,ST1042,ST1035,2026-09-03 08:52:52,2026-09-03 09:02:52,10,1.97,3.2,abonnement
TR2609030048887,CL102371,EN00500,velo,Lille,ST1043,ST1040,2026-09-03 08:50:24,1788418704,8,2.15,2.2,cb
TR2609030048888,CL106185,EN00374,velo_elec,Lille,ST1044,ST1036,2026-09-03 08:45:46,2026-09-03 08:52:46,7,2.1,2.75,cb
TR2609030048889,CL100811,EN00444,trottinette,LILLE,ST1046,ST1035,2026-09-03 08:48:25,2026-09-03 09:19:25,31,8.37,7.82,cb
TR2609030048890,CL105519,EN00586,velo,Grenoble,ST1050,ST1048,03/09/2026 08:54,2026-09-03 09:01:52,7,2.29,2.05,paypal
TR2609030048891,CL101655,EN00529,velo,Grenoble,ST1053,ST1048,2026-09-03 08:52:40,2026-09-03 08:59:40,7,1.14,2.05,abonnement
TR2609030048892,CL106632,EN00599,trottinette,Grenoble,ST1056,ST1058,1788418020,2026-09-03 09:00:00,13,3.46,3.86,paypal
TR2609030048893,CL101464,EN00556,trottinette,Grenoble,ST1057,ST1049,2026-09-03 08:53:21,2026-09-03 09:02:21,9,2.93,2.98,cb
TR2609030048894,CL100093,EN00547,trottinette,Grenoble,ST1058,ST1050,1788418432,2026-09-03 09:13:52,20,3.6,5.4,cb
TR2609030048895,CL100999,EN00539,velo_elec,Grenoble,ST1058,ST1054,03/09/2026 08:47,03/09/2026 09:02,15,4.47,4.75,cb
TR2609030048896,CL103071,EN00058,velo_elec,Lyon,ST1010,ST1019,03/09/2026 09:13,2026-09-03 09:26:29,13,3.92,4.25,
TR2609030048897,CL102142,EN00116,velo,Lyon,ST1012,ST1011,03/09/2026 09:03,2026-09-03 09:12:51,9,1.84,2.35,cb
TR2609030048898,CL104285,EN00148,velo,Lyon,ST1013,ST1009,2026-09-03 09:05:46,2026-09-03 09:42:46,37,11.09,6.55,paypal
TR2609030048899,CL100474,EN00044,trottinette,Lyon,ST1018,ST1016,2026-09-03 09:09:10,2026-09-03 09:28:10,19,3.21,5.18,
TR2609030048900,CL107769,EN00061,trottinette,Lyon,ST1019,ST1004,2026-09-03 09:07:22,03/09/2026 09:19,12,1.92,3.64,cb
TR2609030048901,CL103651,EN00336,velo_elec,Nantes,ST1026,ST1021,2026-09-03 09:05:39,03/09/2026 09:18,13,4.5,4.25,cb
TR2609030048902,CL100065,EN00234,trottinette,nantes,ST1028,ST1028,2026-09-03 09:14:09,2026-09-03 09:31:09,17,5.84,4.74,abonnement
TR2609030048903,CL105006,EN00266,velo_elec,Nantes,ST1028,ST1028,2026-09-03 09:03:56,03/09/2026 09:10,7,1.07,2.75,cb
TR2609030048904,CL105831,EN00272,trottinette,Nantes,ST1030,ST1020,2026-09-03 09:10:10,2026-09-03 09:39:10,29,10.12,7.38,abonnement
TR2609030048905,CL108262,EN00428,velo_elec,Lille,ST1039,ST1034,2026-09-03 09:14:06,2026-09-03 09:25:06,11,3.27,3.75,abonnement
TR2609030048906,CL107081,EN00500,velo,LILLE,ST1040,ST1034,2026-09-03 09:12:23,03/09/2026 09:20,8,1.53,2.2,cb
TR2609030048907,CL100468,EN00469,velo,Lille,ST1040,ST1044,2026-09-03 09:12:28,2026-09-03 09:16:28,4,0.73,1.6,paypal
TR2609030048908,CL100222,EN00587,trottinette,Grenoble,ST1048,ST1048,2026-09-03 09:02:09,2026-09-03 09:15:09,5975,3.5,3.86,cb
TR2609030048909,CL102285,EN00502,velo,Grenoble,ST1053,ST1048,03/09/2026 09:02,2026-09-03 09:07:16,5,1.74,1.75,cb
TR2609030048910,CL101951,EN00573,velo,Grenoble,ST1053,ST1049,1788419635,2026-09-03 09:50:55,37,11.12,6.55,abonnement
TR2609030048911,CL107113,EN00570,trottinette,Grenoble,ST1055,ST1049,2026-09-03 09:14:27,2026-09-03 09:39:27,25,4.86,6.5,cb
TR2609030048912,CL103244,EN00065,trottinette,lyon,ST1009,ST1003,2026-09-03 09:18:07,2026-09-03 09:30:07,12,2.67,3.64,abonnement
TR2609030048913,CL108178,EN00014,velo_elec,LYON,ST1015,ST1018,2026-09-03 09:27:01,2026-09-03 10:11:01,44,15.02,12.0,cb
TR2609030048914,CL100518,EN00207,velo_elec,Lyon,ST1015,ST1002,2026-09-03 09:27:16,2026-09-03 09:48:16,21,4.8,6.25,cb
TR2609030048915,CL104558,EN00157,velo_elec,Lyon,ST1015,ST1003,2026-09-03 09:21:57,2026-09-03 09:29:57,8,2.0,3.0,paypal
TR2609030048916,CL103594,EN00154,trottinette,Lyon,ST1019,ST1001,03/09/2026 09:22,1788420518,6,1.03,2.32,cb
TR2609030048917,CL103213,EN00091,velo_elec,Lyon,ST1019,ST1010,2026-09-03 09:21:25,2026-09-03 09:39:25,18,5.91,5.5,paypal
TR2609030048918,CL104420,EN00345,velo,Nantes,ST1024,ST1020,03/09/2026 09:28,2026-09-03 09:44:23,16,3.42,3.4,cb
TR2609030048919,CL104949,EN00271,velo_elec,Nantes,ST1026,ST1022,2026-09-03 09:17:15,2026-09-03 09:22:15,5,0.88,2.25,abonnement
TR2609030048920,CL106798,EN00316,velo_elec,Nantes,ST1026,ST1020,2026-09-03 09:29:55,03/09/2026 09:49,20,5.18,6.0,cb
TR2609030048921,CL106075,EN00247,trottinette,Nantes,ST1029,ST1020,03/09/2026 09:16,2026-09-03 09:25:14,9,1.77,2.98,cb
TR2609030048922,CL108677,EN00329,trottinette,Nantes,ST1033,ST1020,2026-09-03 09:22:39,03/09/2026 09:30,8,1.99,2.76,cb
TR2609030048923,CL101602,EN00415,trottinette,Lille,ST1034,ST1034,2026-09-03 09:20:29,2026-09-03 09:26:29,6,1.62,2.32,abonnement
TR2609030048924,CL103891,EN00485,trottinette,Lille,ST1038,ST1035,2026-09-03 09:30:08,2026-09-03 09:58:08,28,4.2,7.16,cb
TR2609030048925,CL102441,EN00475,trottinette,Lille,ST1044,ST1043,03/09/2026 09:30,2026-09-03 09:39:19,9,2.97,2.98,abonnement
TR2609030048926,CL100151,EN00543,velo,Grenoble,ST1053,ST1057,2026-09-03 09:23:38,2026-09-03 09:35:38,12,3.17,2.8,abonnement
TR2609030048927,CL108484,EN00106,trottinette,Lyon,ST1001,ST1015,2026-09-03 09:37:43,2026-09-03 09:45:43,8,1.61,2.76,abonnement
TR2609030048928,CL102960,EN00172,trottinette,Lyon,ST1008,ST1011,1788421347,2026-09-03 09:56:27,14,4.29,4.08,paypal
TR2609030048929,CL102303,EN00152,velo_elec,Lyon,ST1009,ST1003,03/09/2026 09:41,2026-09-03 09:59:01,18,5.36,5.5,paypal
TR2609030048930,CL101090,EN00174,velo_elec,Lyon,ST1015,ST1005,,2026-09-03 09:54:10,18,4.71,5.5,paypal
TR2609030048931,CL106321,EN00124,velo_elec,Lyon,ST1016,ST1004,03/09/2026 09:43,1788422617,20,6.65,6.0,cb
TR2609030048932,CL103828,EN00010,trottinette,Lyon,ST1018,ST1016,2026-09-03 09:33:04,2026-09-03 09:37:04,4,1.1,1.88,paypal
TR2609030048933,CL104034,EN00330,trottinette,Nantes,ST1020,ST1026,2026-09-03 09:34:34,2026-09-03 09:53:34,19,3.49,5.18,cb
TR2609030048934,CL106633,EN00340,velo_elec,Nantes,ST1026,ST1020,2026-09-03 09:41:27,03/09/2026 10:02,21,3.92,6.25,paypal
TR2609030048935,CL105188,EN00300,velo_elec,Nantes,ST1026,ST1025,2026-09-03 09:37:00,2026-09-03 09:44:00,7,2.09,2.75,abonnement
TR2609030048936,CL101404,EN00237,velo_elec,Nantes,ST1031,ST1020,2026-09-03 09:42:15,2026-09-03 09:49:15,7,1.25,2.75,cb
TR2609030048937,CL103232,EN00256,velo_elec,Nantes,ST1033,ST1020,2026-09-03 09:38:08,2026-09-03 09:49:08,11,1.73,,cb
TR2609030048938,CL101709,EN00481,velo_elec,Lille,ST1038,ST1035,2026-09-03 09:32:13,03/09/2026 09:57,25,5.9,7.25,cb
TR2609030048939,CL108863,EN00422,velo_elec,Lille,ST1042,ST1036,2026-09-03 09:41:32,2026-09-03 09:46:32,5,1.65,2.25,abonnement
TR2609030048940,CL107474,EN00491,velo,Lille,ST1044,ST1035,2026-09-03 09:37:01,2026-09-03 10:02:01,25,3.98,4.75,abonnement
TR2609030048941,CL104212,EN00433,velo,Lille,ST1044,ST1035,2026-09-03 09:45:07,2026-09-03 10:10:07,25,4.84,4.75,abonnement
TR2609030048942,CL108000,EN00449,trottinette,Lille,ST1046,ST1034,2026-09-03 09:39:46,2026-09-03 09:41:46,2,0.57,1.44,paypal
TR2609030048943,CL102525,EN00404,trottinette,Lille,ST1047,ST1037,2026-09-03 09:40:01,2026-09-03 10:00:01,-16,3.19,5.4,cb
TR2609030048944,CL106528,EN00580,velo_elec,Grenoble,ST1050,ST1056,2026-09-03 09:43:12,2026-09-03 09:57:12,14,2.28,4.5,abonnement
TR2609030048945,CL102718,EN00513,velo_elec,Grenoble,ST1056,ST1051,2026-09-03 09:35:37,1788421837,15,5.23,4.75,cb
TR2609030048946,CL100603,EN00526,velo_elec,Grenoble ,ST1057,ST1058,2026-09-03 09:38:11,2026-09-03 09:51:11,13,3.07,4.25,abonnement
TR2609030048947,CL104585,EN00595,velo,Grenoble,ST1057,ST1053,2026-09-03 09:42:25,2026-09-03 09:49:25,7,1.89,2.05,cb
TR2609030048948,CL107042,EN00087,trottinette,Lyon,ST1001,ST1018,,03/09/2026 10:01,11,2.45,3.42,abonnement
TR2609030048949,CL101433,EN00047,velo_elec,Lyon,ST1003,ST1008,2026-09-03 09:48:01,2026-09-03 09:52:01,4,0.83,2.0,paypal
TR2609030048950,CL105350,EN00217,velo_elec,Lyon,ST1006,ST1012,2026-09-03 09:53:38,2026-09-03 10:01:38,8,1.25,3.0,cb
TR2609030048951,CL107162,EN00110,velo_elec,Lyon,ST1008,ST1003,2026-09-03 09:50:57,03/09/2026 10:08,18,4.23,5.5,abonnement
TR2609030048952,CL103464,EN00091,velo_elec,Lyon,ST1010,ST1007,03/09/2026 10:01,2026-09-03 10:24:16,23,7.39,6.75,paypal
TR2609030048953,CL102668,EN00023,trottinette,Lyon,ST1011,ST1001,2026-09-03 09:47:32,2026-09-03 09:57:32,10,2.75,3.2,cb
TR2609030048954,CL107344,EN00177,velo_elec,Lyon,ST1014,ST1001,03/09/2026 09:50,03/09/2026 09:54,4,0.77,2.0,cb
TR2609030048955,CL102919,EN00106,trottinette,Lyon,ST1015,ST1004,2026-09-03 09:59:22,2026-09-03 10:09:22,10,3.27,3.2,abonnement
TR2609030048956,CL108767,EN00103,trottinette,Lyon,ST1016,ST1003,2026-09-03 09:57:11,1788422711,8,1.96,2.76,cb
TR2609030048957,CL103805,EN00322,velo,Nantes,ST1027,ST1020,03/09/2026 10:00,2026-09-03 10:15:27,15,2.65,3.25,abonnement
TR2609030048958,CL107777,EN00246,trottinette,Nantes,ST1032,ST1032,2026-09-03 09:51:34,2026-09-03 10:24:34,33,9.93,8.26,cb
TR2609030048959,CL102571,EN00306,velo,Nantes,ST1033,ST1021,2026-09-03 09:57:28,2026-09-03 10:07:28,10,2.95,2.5,paypal
TR2609030048960,CL105388,EN00282,velo,Nantes,ST1033,ST1029,1788422128,2026-09-03 10:05:28,10,2.72,2.5,cb
TR2609030048961,CL104041,EN00442,trottinette,LILLE,ST1036,ST1044,2026-09-03 09:48:32,2026-09-03 09:59:32,11,3.45,3.42,cb
TR2609030048962,CL103163,EN00478,trottinette,Lille,ST1037,ST1040,2026-09-03 09:52:19,2026-09-03 10:02:19,10,1.9,3.2,cb
TR2609030048963,CL103620,EN00419,velo,Lille,ST1041,ST1034,1788422104,03/09/2026 10:01,6,1.69,1.9,cb
TR2609030048964,CL106573,EN00466,velo,Lille,ST1044,ST1034,2026-09-03 09:58:37,2026-09-03 10:09:37,11,3.51,2.65,cb
TR2609030048965,CL107405,EN00461,velo_elec,Lille,ST1047,ST1035,2026-09-03 09:58:11,2026-09-03 10:06:11,8,2.12,3.0,cb
TR2609030048966,CL100066,EN00480,velo_elec,LILLE,ST1047,ST1036,2026-09-03 09:55:36,2026-09-03 10:08:36,13,3.74,4.25,cb
TR2609030048967,CL101493,EN00547,trottinette,Grenoble,ST1050,ST1058,2026-09-03 09:51:45,1788422865,16,4.29,4.52,cb
TR2609030048968,CL101138,EN00593,trottinette,Grenoble,ST1056,ST1049,2026-09-03 09:55:34,2026-09-03 10:00:34,5,1.05,2.1,paypal
TR2609030048969,CL102479,EN00599,trottinette,Grenoble,ST1058,ST1049,1788421954,2026-09-03 10:28:34,36,9.84,8.92,cb
TR2609030048970,CL105359,EN00139,velo_elec,Lyon,ST1002,ST1003,2026-09-03 10:02:39,2026-09-03 10:59:39,57,13.7,15.25,paypal
TR2609030048971,CL106753,EN00174,velo_elec,LYON,ST1005,ST1015,03/09/2026 10:12,2026-09-03 10:26:30,14,4.49,4.5,abonnement
TR2609030048972,CL104389,EN00245,velo_elec,Nantes,ST1022,ST1022,2026-09-03 10:07:07,2026-09-03 10:17:07,10,2.35,3.5,cb
TR2609030048973,CL106052,EN00263,trottinette,Nantes,ST1023,ST1023,2026-09-03 10:10:27,2026-09-03 10:15:27,5,0.79,2.1,paypal
TR2609030048974,CL101325,EN00330,trottinette,Nantes,ST1026,ST1030,03/09/2026 10:11,2026-09-03 10:29:51,18,6.0,4.96,cb
TR2609030048975,CL103749,EN00477,trottinette,Lille,ST1034,ST1037,2026-09-03 10:05:27,2026-09-03 10:35:27,30,7.72,7.6,cb
TR2609030048976,CL105697,EN00438,trottinette,LILLE,ST1038,ST1046,1788423230,2026-09-03 10:54:50,41,11.79,10.02,cb
TR2609030048977,CL105697,EN00462,velo_elec,Lille,ST1046,ST1037,2026-09-03 10:04:35,2026-09-03 10:08:35,4,1.39,2.0,cb
TR2609030048978,CL108249,EN00103,trottinette,Lyon,ST1003,ST1004,03/09/2026 10:20,2026-09-03 10:26:54,6,0.92,2.32,cb
TR2609030048979,CL105203,EN00164,trottinette,Lyon,ST1009,ST1019,2026-09-03 10:24:19,2026-09-03 10:31:19,7,1.39,2.54,cb
TR2609030048980,CL102524,EN00010,trottinette,Lyon,ST1016,ST1010,2026-09-03 10:24:38,2026-09-03 10:31:38,7,1.2,2.54,cb
TR2609030048981,CL101209,EN00203,trottinette,Lyon,ST1019,ST1004,2026-09-03 10:22:35,2026-09-03 10:44:35,22,6.68,5.84,abonnement
TR2609030048982,CL108567,EN00300,velo_elec,Nantes,ST1025,ST1029,2026-09-03 10:29:17,2026-09-03 10:34:17,5,1.55,2.25,abonnement
TR2609030048983,CL107936,EN00355,velo_elec,Nantes,ST1032,ST1024,2026-09-03 10:23:52,03/09/2026 10:26,3,0.93,1.75,abonnement
TR2609030048984,CL100611,EN00549,velo_elec,Grenoble,ST1049,ST1050,2026-09-03 10:18:32,2026-09-03 10:34:32,16,3.75,5.0,cb
TR2609030048985,CL108792,EN00026,trottinette,Lyon,ST1001,ST1013,2026-09-03 10:34:08,03/09/2026 10:51,17,2.71,4.74,paypal
TR2609030048986,CL103509,EN00104,trottinette,Lyon,ST1001,ST1010,2026-09-03 10:37:40,03/09/2026 10:40,3,0.56,1.66,cb
TR2609030048987,CL107384,EN00177,velo_elec,Lyon,ST1001,ST1012,2026-09-03 10:31:16,1788425956,28,5.34,8.0,abonnement
TR2609030048988,CL108898,EN00217,velo_elec,Lyonn,ST1012,ST1015,2026-09-03 10:41:12,03/09/2026 10:55,14,4.24,4.5,abonnement
TR2609030048989,CL105006,EN00246,trottinette,Nantes,ST1032,ST1032,2026-09-03 10:31:36,2026-09-03 10:53:36,22,3.86,5.84,cb
TR2609030048990,CL107756,EN00462,velo_elec,LILLE,ST1037,ST1035,2026-09-03 10:44:18,03/09/2026 10:55,11,2.62,3.75,abonnement
TR2609030048991,CL108538,EN00478,trottinette,Lille,ST1040,ST1046,2026-09-03 10:33:15,2026-09-03 10:47:15,14,3.85,4.08,paypal
TR2609030048992,CL104427,EN00508,trottinette,Grenoble,ST1049,ST1054,03/09/2026 10:34,2026-09-03 10:36:37,2,0.32,1.44,abonnement
TR2609030048993,CL104586,EN00595,velo,Grenoble,ST1053,ST1058,2026-09-03 10:39:53,2026-09-03 10:49:53,10,2.4,2.5,abonnement
TR2609030048994,CL102080,EN00089,trottinette,Lyon,ST1002,ST1011,03/09/2026 10:58,,21,5.93,5.62,paypal
TR2609030048995,CL102269,EN00220,velo_elec,Lyon,ST1002,ST1008,2026-09-03 10:52:10,2026-09-03 10:56:10,4,0.78,2.0,abonnement
TR2609030048996,CL108862,EN00214,trottinette,Lyon,ST1004,ST1011,2026-09-03 10:58:36,2026-09-03 11:22:36,24,6.89,6.28,cb
TR2609030048997,CL103269,EN00003,velo_elec,Lyon,ST1009,ST1018,2026-09-03 10:59:14,03/09/2026 11:07,8,1.21,3.0,paypal
TR2609030048998,CL103695,EN00034,velo_elec,Lyon,ST1014,ST1012,03/09/2026 10:51,2026-09-03 11:07:59,16,2.66,5.0,cb
TR2609030048999,CL104321,EN00342,velo_elec,Nantes,ST1028,ST1028,2026-09-03 10:59:31,2026-09-03 11:20:31,21,5.93,6.25,paypal
TR2609030049000,CL108007,EN00352,velo_elec,Nantes,ST1028,ST1032,1788425469,03/09/2026 10:59,8,1.39,3.0,abonnement
TR2609030049001,CL100899,EN00450,trottinette,Lille,ST1038,ST1047,2026-09-03 10:55:48,03/09/2026 11:07,12,3.3,3.64,cb
TR2609030049002,CL108766,EN00508,trottinette,Grenoble,ST1054,ST1057,2026-09-03 10:47:26,2026-09-03 10:59:26,12,2.06,3.64,cb
TR2609030049003,CL106912,EN00211,velo_elec,Lyon,ST1019,ST1011,2026-09-03 11:00:58,03/09/2026 11:11,11,3.24,3.75,abonnement
TR2609030049004,CL107551,EN00307,trottinette,Nantes,ST1021,ST1027,,03/09/2026 11:13,5,1.38,2.1,cb
TR2609030049005,CL105122,EN00355,velo_elec,Nantes,ST1024,ST1020,2026-09-03 11:04:01,2026-09-03 11:11:01,7,1.33,2.75,cb
TR2609030049006,CL101314,EN00246,trottinette,Nantes,ST1032,ST1027,2026-09-03 11:15:33,2026-09-03 11:20:33,5,1.12,2.1,cb
TR2609030049007,CL101081,EN00251,velo,Nantes,ST1033,ST1028,2026-09-03 11:08:38,03/09/2026 11:17,9,1.66,2.35,cb
TR2609030049008,CL103030,EN00470,trottinette,Lille,ST1036,ST1047,2026-09-03 11:12:40,2026-09-03 11:27:40,15,3.16,4.3,cb
TR2609030049009,CL102264,EN00477,trottinette,Lille,ST1037,ST1036,03/09/2026 11:14,03/09/2026 11:31,17,3.05,4.74,abonnement
TR2609030049010,CL108410,EN00552,trottinette,Grenoble,ST1048,ST1054,03/09/2026 11:04,2026-09-03 11:11:29,7,1.93,2.54,paypal
TR2609030049011,CL102145,EN00093,velo_elec,Lyon,ST1001,ST1016,2026-09-03 11:26:16,03/09/2026 11:39,13,3.56,4.25,cb
TR2609030049012,CL101611,EN00213,trottinette,Lyon,ST1009,ST1001,2026-09-03 11:26:45,2026-09-03 11:52:45,26,8.89,6.72,cb
TR2609030049013,CL106529,EN00026,trottinette,Lyon,ST1013,ST1018,2026-09-03 11:26:58,2026-09-03 12:13:58,47,13.19,11.34,cb
TR2609030049014,CL107341,EN00003,velo_elec,Lyon,ST1018,ST1008,2026-09-03 11:17:15,2026-09-03 11:27:15,10,2.87,3.5,cb
TR2609030049015,CL102450,EN00232,trottinette,Nantes,ST1026,ST1030,,2026-09-03 11:31:06,7,1.65,2.54,abonnement
TR2609030049016,CL107537,EN00445,velo_elec,Lille,ST1034,ST1042,1788427488,2026-09-03 11:42:48,18,5.97,5.5,paypal
TR2609030049017,CL106873,EN00410,velo_elec,Lille,ST1038,ST1038,1788427006,2026-09-03 11:32:46,16,4.99,5.0,cb
TR2609030049018,CL102494,EN00532,velo_elec,Grenoble,ST1051,ST1055,03/09/2026 11:29,2026-09-03 11:39:09,10,2.46,3.5,paypal
TR2609030049019,CL101608,EN00191,trottinette,Lyon,ST1004,ST1019,2026-09-03 11:35:48,2026-09-03 11:43:48,8,2.41,2.76,cb
TR2609030049020,CL105710,EN00034,velo_elec,Lyon,ST1012,ST1018,2026-09-03 11:42:22,2026-09-03 11:52:22,10,2.34,3.5,abonnement
TR2609030049021,CL102991,EN00164,trottinette,Lyon,ST1019,ST1007,2026-09-03 11:45:36,03/09/2026 12:32,47,12.08,11.34,cb
TR2609030049022,CL102187,EN00283,trottinette,Nantes,ST1021,ST1026,2026-09-03 11:32:04,2026-09-03 11:39:04,7,1.81,2.54,abonnement
TR2609030049023,CL104023,EN00300,velo_elec,nantes,ST1029,ST9011,03/09/2026 11:38,03/09/2026 11:44,6,1.35,2.5,cb
TR2609030049024,CL106646,EN00549,velo_elec,Grenoble,ST1050,ST1053,2026-09-03 11:35:34,2026-09-03 11:46:34,11,2.46,3.75,abonnement
TR2609030049025,CL103143,EN00552,trottinette,Grenoble,ST1054,ST1058,2026-09-03 11:44:13,2026-09-03 11:56:13,12,2.05,3.64,paypal
TR2609030049026,CL106779,EN00023,trottinette,Lyon,ST1001,ST1013,2026-09-03 11:54:44,2026-09-03 12:07:44,13,2.55,3.86,cb
TR2609030049027,CL107263,EN00186,trottinette,Lyon,ST1002,ST1009,2026-09-03 11:50:04,2026-09-03 12:16:04,26,7.62,6.72,cb
TR2609030049028,CL106363,EN00216,velo_elec,Lyon,ST1004,ST1009,2026-09-03 11:53:08,03/09/2026 11:58,5,1.43,2.25,abonnement
TR2609030049029,CL100989,EN00052,trottinette,lyon,ST1008,ST1001,2026-09-03 11:56:36,2026-09-03 12:01:36,5,0.83,2.1,abonnement
TR2609030049030,CL102369,EN00090,trottinette,Lyon,ST1009,ST1003,2026-09-03 11:48:47,2026-09-03 11:56:47,8,2.78,2.76,abonnement
TR2609030049031,CL100836,EN00070,trottinette,Lyon,ST1009,ST1014,2026-09-03 11:53:12,03/09/2026 11:57,4,1.27,1.88,
TR2609030049032,CL102365,EN00122,trottinette,Lyon,ST1010,ST1013,2026-09-03 11:47:04,2026-09-03 12:02:04,15,5.13,4.3,cb
TR2609030049033,CL102278,EN00136,trottinette,Lyon,ST1015,ST1004,2026-09-03 11:57:07,2026-09-03 12:08:07,11,2.49,3.42,abonnement
TR2609030049034,CL103166,EN00085,velo_elec,Lyon,ST1018,ST1004,03/09/2026 11:53,03/09/2026 12:00,7,1.54,2.75,cb
TR2609030049035,CL100064,EN00255,velo,Nantes,ST1024,ST1027,1788429132,2026-09-03 11:56:12,4,0.84,1.6,abonnement
TR2609030049036,CL101615,EN00404,trottinette,Lille,ST1037,ST1039,03/09/2026 11:59,2026-09-03 12:26:30,27,8.41,6.94,abonnement
TR2609030049037,CL103111,EN00362,velo_elec,Lille,ST1045,ST1040,2026-09-03 11:57:10,2026-09-03 12:00:10,3,0.65,1.75,cb
TR2609030049038,CL100600,EN00103,trottinette,Lyon,ST1004,ST1010,2026-09-03 12:08:41,03/09/2026 12:18,10,2.64,3.2,cb
TR2609030049039,CL103344,EN00124,velo_elec,Lyon,ST1004,ST1003,03/09/2026 12:03,03/09/2026 12:23,20,6.94,6.0,paypal
TR2609030049040,CL102277,EN00190,trottinette,Lyon,ST1009,ST1001,1788430193,2026-09-03 12:32:53,23,6.83,6.06,abonnement
TR2609030049041,CL104785,EN00216,velo_elec,Lyon,ST1009,ST1017,03/09/2026 12:05,2026-09-03 12:10:22,5,1.44,2.25,abonnement
TR2609030049042,CL106496,EN00104,trottinette,Lyon,ST1010,ST1008,03/09/2026 12:14,2026-09-03 12:25:52,11,2.53,3.42,abonnement
TR2609030049043,CL103101,EN00070,trottinette,Lyon,ST1014,ST1017,,2026-09-03 12:16:53,9,2.0,2.98,cb
TR2609030049044,CL107930,EN00025,velo_elec,Lyon,ST1016,ST1001,2026-09-03 12:15:05,2026-09-03 12:31:05,16,4.39,5.0,cb
TR2609030049045,CL103920,EN00280,trottinette,Nantes,ST1026,ST1028,2026-09-03 12:14:39,2026-09-03 12:36:39,22,4.3,5.84,cb
TR2609030049046,CL106120,EN00266,velo_elec,NANTES,ST1028,ST1025,03/09/2026 12:11,2026-09-03 12:38:28,27,5.93,7.75,cb
TR2609030049047,CL102495,EN00479,trottinette,Lille,ST1036,ST1042,2026-09-03 12:12:34,1788431374,17,4.83,4.74,paypal
TR2609030049048,CL100227,EN00426,trottinette,LILLE,ST1042,ST1041,2026-09-03 12:01:02,2026-09-03 12:17:02,16,3.15,4.52,cb
TR2609030049049,CL106536,EN00526,velo_elec,grenoble,ST1058,ST1057,2026-09-03 12:14:46,2026-09-03 12:19:46,-8,0.94,2.25,cb
TR2609030049050,CL102552,EN00186,trottinette,Lyon,ST1009,ST1011,2026-09-03 12:23:30,2026-09-03 12:32:30,9,2.56,2.98,cb
TR2609030049051,CL101525,EN00132,trottinette,Lyon,ST1009,ST1006,03/09/2026 12:30,2026-09-03 12:36:00,6,1.77,2.32,cb
TR2609030049052,CL103040,EN00010,trottinette,Lyon,ST1010,ST1005,2026-09-03 12:19:32,2026-09-03 12:45:32,26,6.73,6.72,cb
TR2609030049053,CL101962,EN00177,velo_elec,Lyon,ST1012,ST1016,,1788431948,22,5.13,6.5,abonnement
TR2609030049054,CL103846,EN00122,trottinette,Lyon,ST1013,ST1005,2026-09-03 12:26:36,2026-09-03 12:38:36,12,3.27,3.64,paypal
TR2609030049055,CL100644,EN00083,velo_elec,Lyon,ST1015,ST1008,2026-09-03 12:30:29,2026-09-03 12:48:29,18,6.2,5.5,cb
TR2609030049056,CL107795,EN00093,velo_elec,lyon,ST1016,ST1007,03/09/2026 12:16,2026-09-03 12:25:35,9,2.4,3.25,cb
TR2609030049057,CL101345,EN00320,velo,Nantes,ST1024,ST1025,2026-09-03 12:21:46,03/09/2026 12:34,13,3.76,2.95,abonnement
TR2609030049058,CL102989,EN00489,trottinette,Lille,ST1034,ST1038,2026-09-03 12:18:27,03/09/2026 12:25,7,2.14,2.54,cb
TR2609030049059,CL101861,EN00388,velo_elec,Lille,ST1036,ST1036,2026-09-03 12:22:19,2026-09-03 12:41:19,19,3.81,5.75,abonnement
TR2609030049060,CL108679,EN00488,velo_elec, Lille,ST1038,ST1047,2026-09-03 12:22:59,03/09/2026 12:56,34,10.58,9.5,abonnement
TR2609030049061,CL101809,EN00478,trottinette,Lille,ST1046,ST1045,2026-09-03 12:25:52,2026-09-03 12:35:52,10,2.11,3.2,cb
TR2609030049062,CL107539,EN00514,velo_elec,Grenoble,ST1054,ST1056,03/09/2026 12:18,03/09/2026 12:38,20,4.41,6.0,paypal
TR2609030049063,CL105505,EN00527,velo_elec,Grenoble,ST1058,ST1053,2026-09-03 12:26:45,2026-09-03 12:29:45,3,1.01,1.75,abonnement
TR2609030049064,CL103007,EN00004,velo_elec,Lyon,ST1001,ST1017,2026-09-03 12:41:23,2026-09-03 13:00:23,19,5.69,5.75,paypal
TR2609030049065,CL100018,EN00119,trottinette,Lyon,ST1003,ST1003,2026-09-03 12:40:53,2026-09-03 12:55:53,15,4.58,4.3,cb
TR2609030049066,CL100547,EN00162,velo_elec,Lyon,ST1009,ST1017,2026-09-03 12:35:47,2026-09-03 12:40:47,5,0.87,2.25,abonnement
TR2609030049067,CL105397,EN00055,trottinette,Lyon,ST1018,ST1010,2026-09-03 12:34:17,2026-09-03 12:45:17,11,3.22,3.42,cb
TR2609030049068,CL102124,EN00191,trottinette,Lyon,ST1019,ST1019,2026-09-03 12:38:56,2026-09-03 13:41:56,63,14.17,14.86,cb
TR2609030049069,CL104385,EN00256,velo_elec,Nantes,ST1020,ST1022,2026-09-03 12:42:05,2026-09-03 12:48:05,6,1.16,2.5,abonnement
TR2609030049070,CL100872,EN00221,velo_elec,Nantes,ST1029,ST1027,03/09/2026 12:43,2026-09-03 12:45:46,2,0.42,1.5,abonnement
TR2609030049071,CL101498,EN00358,trottinette,Nantes,ST1032,ST1022,2026-09-03 12:34:55,03/09/2026 12:45,11,2.79,3.42,cb
TR2609030049072,CL105935,EN00421,velo_elec,LILLE,ST1034,ST1042,2026-09-03 12:36:34,03/09/2026 12:45,5180,1.61,3.25,abonnement
TR2609030049073,CL104750,EN00489,trottinette,Lille,ST1038,ST1042,2026-09-03 12:34:02,03/09/2026 12:46,-23,3.32,3.64,
TR2609030049074,CL105193,EN00438,trottinette,Lille,ST1046,ST1036,2026-09-03 12:39:20,2026-09-03 12:43:20,4,0.88,1.88,cb
TR2609030049075,CL104057,EN00539,velo_elec,Grenoble,ST1054,ST1048,2026-09-03 12:31:19,2026-09-03 12:50:19,19,4.69,5.75,cb
TR2609030049076,CL103286,EN00122,trottinette,Lyon,ST1005,ST1004,2026-09-03 12:49:13,2026-09-03 12:53:13,4,1.02,1.88,cb
TR2609030049077,CL108665,EN00010,trottinette,Lyon ,ST1005,ST1001,2026-09-03 13:00:39,2026-09-03 13:06:39,6,1.62,2.32,cb
TR2609030049078,CL102405,EN00132,trottinette,Lyon,ST1006,ST1003,2026-09-03 12:49:05,2026-09-03 13:32:05,43,12.74,10.46,cb
TR2609030049079,CL100668,EN00167,trottinette,Lyon,ST1011,ST1019,03/09/2026 12:52,2026-09-03 12:58:48,6,2.03,2.32,cb
TR2609030049080,CL103329,EN00044,trottinette,Lyon,ST1016,ST1005,2026-09-03 12:54:29,2026-09-03 12:59:29,5,1.71,2.1,abonnement
TR2609030049081,CL107830,EN00216,velo_elec,Lyon,ST1017,ST1004,2026-09-03 12:47:02,2026-09-03 12:57:02,10,2.22,3.5,cb
TR2609030049082,CL104944,EN00374,velo_elec,Lille,ST1036,ST1042,2026-09-03 12:50:18,2026-09-03 12:57:18,7,1.09,2.75,paypal
TR2609030049083,CL105290,EN00582,trottinette,Grenoble,ST1048,ST1054,1788432580,2026-09-03 13:00:40,11,1.93,3.42,abonnement
TR2609030049084,CL105308,EN00527,velo_elec,Grenoble,ST1053,ST1056,2026-09-03 12:51:22,,16,4.23,5.0,cb
TR2609030049085,CL106345,EN00514,velo_elec,Grenoble,ST1056,ST1048,1788432513,2026-09-03 13:19:33,31,9.14,8.75,cb
TR2609030049086,CL103918,EN00526,velo_elec,Grenoble,ST1057,ST1058,2026-09-03 12:58:27,2026-09-03 13:26:27,28,4.43,8.0,cb
TR2609030049087,CL108929,EN00044,trottinette,Lyon,ST1005,ST1003,2026-09-03 13:13:06,1788434406,7,1.31,2.54,paypal
TR2609030049088,CL108181,EN00055,trottinette,Lyon,ST1010,ST1011,2026-09-03 13:08:59,2026-09-03 13:15:59,7,1.76,2.54,cb
TR2609030049089,CL100051,EN00020,velo_elec,LYON,ST1014,ST1010,03/09/2026 13:05,03/09/2026 13:28,23,7.53,6.75,abonnement
TR2609030049090,CL104182,EN00100,velo_elec,Lyon,ST1015,ST1005,2026-09-03 13:13:22,03/09/2026 13:17,4,0.91,2.0,abonnement
TR2609030049091,CL108943,EN00004,velo_elec,Lyon,ST1017,ST1001,2026-09-03 13:05:19,2026-09-03 13:13:19,8,1.74,3.0,abonnement
TR2609030049092,CL100664,EN00167,trottinette,Lyon,ST1019,ST1008,2026-09-03 13:03:48,2026-09-03 13:11:48,8,2.79,2.76,
TR2609030049093,CL102395,EN00278,trottinette,Nantes,ST1020,ST1023,2026-09-03 13:11:10,2026-09-03 13:18:10,7,1.2,2.54,cb
TR2609030049094,CL103785,EN00325,trottinette,Nantes,ST1029,ST1033,2026-09-03 13:02:49,2026-09-03 13:10:49,8,2.51,2.76,cb
TR2609030049095,CL100187,EN00446,trottinette,Lille,ST1035,ST1037,2026-09-03 13:02:49,2026-09-03 13:11:49,9,1.71,2.98,cb
TR2609030049096,CL106925,EN00380,velo_elec,Lille,ST1035,ST1038,2026-09-03 13:14:23,03/09/2026 13:33,19,3.75,5.75,abonnement
TR2609030049097,CL108738,EN00410,velo_elec,Lille,ST1038,ST1040,2026-09-03 13:10:21,2026-09-03 13:34:21,24,3.71,7.0,cb
TR2609030049098,CL105653,EN00374,velo_elec,Lille,ST1042,ST1035,2026-09-03 13:01:17,03/09/2026 13:11,10,2.85,3.5,paypal
TR2609030049099,CL103950,EN00421,velo_elec,Lille,ST1042,ST1037,2026-09-03 13:02:03,03/09/2026 13:20,18,2.77,5.5,cb
TR2609030049100,CL100390,EN00478,trottinette,Lille,ST1045,ST1036,2026-09-03 13:02:14,2026-09-03 13:13:14,11,2.68,3.42,abonnement
TR2609030049101,CL106418,EN00118,trottinette,Lyon,ST1001,ST1015,2026-09-03 13:28:07,03/09/2026 13:36,8,1.9,2.76,abonnement
TR2609030049102,CL100344,EN00025,velo_elec,Lyon,ST1001,ST1003,2026-09-03 13:17:00,2026-09-03 13:22:00,5,1.71,2.25,abonnement
TR2609030049103,CL107671,EN00105,velo_elec,Lyon,ST1011,ST1017,03/09/2026 13:16,2026-09-03 13:21:02,5,1.15,2.25,paypal
TR2609030049104,CL105649,EN00177,velo_elec,Lyon,ST1016,ST1007,2026-09-03 13:21:38,2026-09-03 13:27:38,6,1.51,2.5,paypal
TR2609030049105,CL103120,EN00038,velo,Lyon,ST1016,ST1011,2026-09-03 13:16:53,2026-09-03 13:32:53,16,5.17,3.4,cb
TR2609030049106,CL101868,EN00162,velo_elec,Lyon,ST1017,ST1007,2026-09-03 13:24:53,1788434933,4,1.15,2.0,cb
TR2609030049107,CL107584,EN00248,trottinette,Nantes,ST1021,ST1025,2026-09-03 13:15:46,2026-09-03 13:31:46,16,5.11,4.52,cb
TR2609030049108,CL105020,EN00263,trottinette,Nantes,ST1023,ST1032,2026-09-03 13:21:30,03/09/2026 13:28,7,1.68,2.54,paypal
TR2609030049109,CL107007,EN00490,velo,Lille,ST1038,ST1041,1788434636,2026-09-03 13:33:56,10,2.87,2.5,cb
TR2609030049110,CL106540,EN00445,velo_elec,Lille,ST1042,ST1041,2026-09-03 13:30:32,2026-09-03 13:39:32,9,1.7,3.25,cb
TR2609030049111,CL105843,EN00479,trottinette,Lille,ST1042,ST1040,03/09/2026 13:20,2026-09-03 13:28:57,8,2.46,2.76,paypal
TR2609030049112,CL101176,EN00442,trottinette,Lille,ST1044,ST1034,1788434621,2026-09-03 13:34:41,11,2.47,3.42,cb
TR2609030049113,CL102384,EN00503,trottinette,Grenoble,ST1048,ST1052,2026-09-03 13:27:59,1788435359,8,2.33,2.76,abonnement
TR2609030049114,CL107277,EN00011,velo_elec,Lyon,ST1002,ST1006,2026-09-03 13:42:13,2026-09-03 13:55:13,13,3.9,4.25,paypal
TR2609030049115,CL103371,EN00071,velo_elec,Lyon,ST1003,ST1019,2026-09-03 13:39:31,2026-09-03 14:59:31,80,24.51,21.0,cb
TR2609030049116,CL108951,EN00100,velo_elec,Lyon,ST1005,ST1008,2026-09-03 13:36:10,2026-09-03 13:44:10,8,2.34,3.0,cb
TR2609030049117,CL102817,EN00093,velo_elec,Lyon,ST1007,ST1007,2026-09-03 13:36:42,2026-09-03 13:41:42,5,1.73,2.25,cb
TR2609030049118,CL103811,EN00020,velo_elec,Lyon,ST1010,ST1015,2026-09-03 13:40:34,2026-09-03 14:00:34,20,5.74,6.0,abonnement
TR2609030049119,CL100459,EN00023,trottinette,Lyon,ST1013,ST1005,2026-09-03 13:34:34,2026-09-03 13:42:34,8,2.32,,cb
TR2609030049120,CL105304,EN00174,velo_elec,Lyon,ST1015,ST1006,2026-09-03 13:30:53,2026-09-03 13:36:53,6,1.69,2.5,abonnement
TR2609030049121,CL103281,EN00105,velo_elec,Lyon,ST1017,ST1007,03/09/2026 13:44,1788436975,18,5.71,5.5,cb
TR2609030049122,CL108575,EN00034,velo_elec,Lyon,ST1018,ST1002,2026-09-03 13:36:48,2026-09-03 13:42:48,6,1.2,2.5,cb
TR2609030049123,CL105165,EN00280,trottinette,Nantes,ST1028,ST1021,03/09/2026 13:34,03/09/2026 13:45,11,2.67,3.42,cb
TR2609030049124,CL107438,EN00328,velo_elec,Nante,ST1029,ST1031,2026-09-03 13:33:06,2026-09-03 13:38:06,5,1.3,2.25,cb
TR2609030049125,CL102698,EN00325,trottinette,NANTES,ST1033,ST1021,2026-09-03 13:35:18,03/09/2026 13:40,5,1.68,2.1,cb
TR2609030049126,CL107619,EN00446,trottinette,Lille,ST1037,ST1038,03/09/2026 13:33,2026-09-03 13:43:55,10,2.23,3.2,cb
TR2609030049127,CL104639,EN00489,trottinette,Lille,ST1042,ST1034,03/09/2026 13:34,2026-09-03 13:51:23,17,2.92,4.74,paypal
TR2609030049128,CL101076,EN00475,trottinette,Lille,ST1043,ST1036,2026-09-03 13:39:33,2026-09-03 13:53:33,14,3.88,4.08,abonnement
TR2609030049129,CL107490,EN00066,trottinette,Lyon,ST1001,ST1005,2026-09-03 13:58:40,2026-09-03 14:24:40,26,4.39,6.72,cb
TR2609030049130,CL103066,EN00174,velo_elec,Lyon,ST1006,ST1015,2026-09-03 13:52:39,2026-09-03 14:03:39,11,3.45,3.75,cb
TR2609030049131,CL103630,EN00272,trottinette,Nantes,ST1020,ST1025,2026-09-03 13:52:05,2026-09-03 14:08:05,16,4.86,4.52,cb
TR2609030049132,CL107862,EN00359,trottinette,Nantes,ST1021,ST1031,2026-09-03 13:58:43,2026-09-03 14:01:43,-3,0.9,1.66,abonnement
TR2609030049133,CL100979,EN00227,trottinette,Nantes,ST1022,ST1032,2026-09-03 13:49:59,2026-09-03 13:56:59,7,1.11,2.54,cb
TR2609030049134,CL102606,EN00278,trottinette,Nantes,ST1023,ST1022,2026-09-03 13:47:20,2026-09-03 13:57:20,10,1.96,3.2,cb
TR2609030049135,CL108949,EN00313,trottinette,Nantes,ST1028,ST1022,2026-09-03 13:50:32,03/09/2026 14:04,14,3.91,4.08,paypal
TR2609030049136,CL104939,EN00405,trottinette,Lille,ST1034,ST1044,2026-09-03 13:51:04,2026-09-03 13:59:04,8,2.52,2.76,abonnement
TR2609030049137,CL104424,EN00382,trottinette,Lille,ST1035,ST1041,03/09/2026 13:58,2026-09-03 14:08:23,10,2.98,3.2,paypal
TR2609030049138,CL103025,EN00488,velo_elec,lille,ST1047,ST1035,2026-09-03 13:45:39,2026-09-03 13:54:39,9,1.66,,cb
TR2609030049139,CL979083,EN00470,trottinette,Lille,ST1047,ST1037,2026-09-03 13:55:25,2026-09-03 14:02:25,7,1.26,2.54,cb
TR2609030049140,CL106236,EN00511,trottinette,Grenoble,ST1049,ST1054,2026-09-03 13:55:32,2026-09-03 14:02:32,7,2.32,2.54,cb
TR2609030049141,CL104914,EN00532,velo_elec,Grenoble,ST1055,ST1057,2026-09-03 13:49:44,,10,3.43,3.5,cb
TR2609030049142,CL102043,EN00527,velo_elec,Grenoble,ST1056,ST1049,2026-09-03 14:00:51,1788437391,9,1.73,3.25,cb
TR2609030049143,CL103282,EN00508,trottinette,Grenoble,ST1057,ST1056,1788436425,2026-09-03 14:04:45,11,2.09,3.42,abonnement
TR2609030049144,CL106883,EN00526,velo_elec,GRENOBLE,ST1058,ST1056,1788436088,,3,1.01,1.75,cb
TR2609030049145,CL108295,EN00047,velo_elec,Lyon,ST1008,ST1015,03/09/2026 14:11,2026-09-03 14:30:21,19,3.43,5.75,abonnement
TR2609030049146,CL107880,EN00103,trottinette,Lyon,ST1010,ST1011,,2026-09-03 14:21:41,18,4.78,4.96,abonnement
TR2609030049147,CL105289,EN00211,velo_elec,lyon,ST1011,ST1005,2026-09-03 14:09:23,2026-09-03 14:16:23,7,1.41,2.75,abonnement
TR2609030049148,CL108673,EN00227,trottinette,Nantes,ST1032,ST1029,2026-09-03 14:12:35,03/09/2026 14:15,3,0.55,1.66,abonnement
TR2609030049149,CL105012,EN00427,trottinette,Lille,ST1036,ST1034,03/09/2026 14:03,2026-09-03 14:12:34,9,2.11,2.98,cb
TR2609030049150,CL107339,EN00011,velo_elec,Lyon,ST1006,ST1001,2026-09-03 14:18:13,2026-09-03 14:24:13,6,1.59,2.5,cb
TR2609030049151,CL104835,EN00014,velo_elec,Lyon,ST1018,ST1011,2026-09-03 14:18:38,2026-09-03 14:29:38,11,3.33,3.75,paypal
TR2609030049152,CL100895,EN00087,trottinette,Lyon,ST1018,ST1008,2026-09-03 14:27:16,03/09/2026 14:39,12,2.76,3.64,abonnement
TR2609030049153,CL105340,EN00333,trottinette,Nantes,ST1021,ST1028,2026-09-03 14:20:40,03/09/2026 14:31,11,3.7,3.42,paypal
TR2609030049154,CL103494,EN00256,velo_elec,Nantes,ST1022,ST1023,03/09/2026 14:28,2026-09-03 15:05:03,37,7.01,10.25,abonnement
TR2609030049155,CL103571,EN00283,trottinette,Nantes,ST1026,ST1025,2026-09-03 14:30:40,03/09/2026 14:54,24,7.93,6.28,cb
TR2609030049156,CL992861,EN00328,velo_elec,Nantes,ST1031,ST1031,03/09/2026 14:24,2026-09-03 14:32:33,8,1.86,3.0,cb
TR2609030049157,CL100863,EN00473,trottinette, Lille,ST1035,ST1040,2026-09-03 14:17:39,03/09/2026 14:29,12,3.03,3.64,cb
TR2609030049158,CL103771,EN00421,velo_elec, Lille,ST1037,ST1047,2026-09-03 14:16:28,2026-09-03 14:31:28,15,4.59,4.75,cb
TR2609030049159,CL104362,EN00380,velo_elec,Lille,ST1038,ST1046,03/09/2026 14:28,1788439386,15,4.97,4.75,abonnement
TR2609030049160,CL103634,EN00446,trottinette,Lille,ST1038,ST1046,2026-09-03 14:25:22,1788439162,14,4.65,4.08,cb
TR2609030049161,CL102385,EN00081,velo_elec,Lyon,ST1002,ST1018,2026-09-03 14:35:13,03/09/2026 14:43,8,1.47,3.0,abonnement
TR2609030049162,CL104253,EN00218,velo_elec,Lyon,ST1016,ST1016,2026-09-03 14:35:39,2026-09-03 15:01:39,26,5.53,7.5,cb
TR2609030049163,CL103823,EN00300,velo_elec,Nante,ST1023,ST1024,2026-09-03 14:34:09,2026-09-03 14:41:09,7,2.3,2.75,abonnement
TR2609030049164,CL100760,EN00330,trottinette,Nantes,ST1030,ST1021,2026-09-03 14:34:47,2026-09-03 14:47:47,13,1.96,3.86,cb
TR2609030049165,CL102039,EN00395,trottinette,Lille,ST1036,ST1035,2026-09-03 14:35:02,2026-09-03 14:42:02,7,1.38,2.54,
TR2609030049166,CL101795,EN00382,trottinette,Lille,ST1041,ST1046,2026-09-03 14:43:15,03/09/2026 14:49,6,1.83,2.32,cb
TR2609030049167,CL104375,EN00397,velo,Lille,ST1046,ST1044,03/09/2026 14:41,03/09/2026 14:52,11,2.23,2.65,cb
TR2609030049168,CL106653,EN00220,velo_elec,Lyon,ST1008,ST1012,2026-09-03 14:51:48,03/09/2026 14:59,8,1.25,3.0,cb
TR2609030049169,CL103199,EN00016,velo,Lyon,ST1016,ST1016,2026-09-03 14:59:38,2026-09-03 15:04:38,5,1.11,1.75,cb
TR2609030049170,CL105375,EN00470,trottinette,Lille,ST1037,ST1045,2026-09-03 14:48:22,2026-09-03 14:58:22,10,2.98,3.2,abonnement
TR2609030049171,CL108787,EN00445,velo_elec,Lille,ST1041,ST1045,2026-09-03 14:46:15,2026-09-03 14:52:15,6,1.99,2.5,cb
TR2609030049172,CL107513,EN00405,trottinette,Lille,ST1044,ST1034,,2026-09-03 15:01:19,13,3.73,3.86,paypal
TR2609030049173,CL105677,EN00380,velo_elec,Lille,ST1046,ST1047,1788439909,03/09/2026 15:03,12,2.5,4.0,cb
TR2609030049174,CL107878,EN00504,trottinette,Grenoble,ST1051,ST1057,2026-09-03 14:47:29,03/09/2026 14:57,10,2.69,3.2,cb
TR2609030049175,CL108556,EN00501,trottinette,Grenoble,ST1051,ST1053,2026-09-03 14:55:53,2026-09-03 15:04:53,9,2.0,2.98,paypal
TR2609030049176,CL103574,EN00511,trottinette,Grenoble,ST1054,ST1058,2026-09-03 14:47:48,,15,3.32,4.3,abonnement
TR2609030049177,CL100829,EN00582,trottinette,Grenoble,ST1054,ST1058,2026-09-03 14:52:37,2026-09-03 15:05:37,13,2.04,3.86,abonnement
TR2609030049178,CL100342,EN00526,velo_elec,Grenoble,ST1056,ST1050,2026-09-03 15:01:12,03/09/2026 15:24,23,4.42,6.75,cb
TR2609030049179,CL101123,EN00104,trottinette,Lyon,ST1008,ST1013,2026-09-03 15:02:04,2026-09-03 15:15:04,13,2.61,3.86,paypal
TR2609030049180,CL105723,EN00272,trottinette,Nantes,ST1025,ST1023,2026-09-03 15:15:17,2026-09-03 16:26:17,71,15.32,16.62,abonnement
TR2609030049181,CL106232,EN00232,trottinette,Nantes,ST1030,ST1022,2026-09-03 15:12:47,2026-09-03 15:26:47,14,4.03,4.08,abonnement
TR2609030049182,CL102146,EN00413,trottinette,Lille,ST1035,ST1040,03/09/2026 15:03,2026-09-03 15:32:20,29,5.95,7.38,abonnement
TR2609030049183,CL105079,EN00379,velo_elec,Lille,ST1036,ST1044,2026-09-03 15:08:09,2026-09-03 15:19:09,11,1.87,3.75,paypal
TR2609030049184,CL108171,EN00410,velo_elec,Lille,ST1040,ST1035,2026-09-03 15:03:00,03/09/2026 15:09,6,1.29,2.5,paypal
TR2609030049185,CL106049,EN00382,trottinette,Lille,ST1046,ST1039,2026-09-03 15:13:19,2026-09-03 15:21:19,8,2.79,2.76,abonnement
TR2609030049186,CL103716,EN00421,velo_elec,Lille,ST1047,ST1041,1788440597,2026-09-03 15:14:17,11,2.23,3.75,abonnement
TR2609030049187,CL105983,EN00535,velo_elec,Grenoble,ST1049,ST1057,03/09/2026 15:01,,42,11.02,11.5,abonnement
TR2609030049188,CL108410,EN00588,velo_elec,Grenoble,ST1055,ST1050,2026-09-03 15:03:41,2026-09-03 15:14:41,11,3.12,3.75,cb
TR2609030049189,CL104075,EN00532,velo_elec,Grenoble,ST1057,ST1051,1788440477,2026-09-03 15:27:17,26,6.88,7.5,paypal
TR2609030049190,CL100267,EN00504,trottinette,Grenoble,ST1057,ST1057,2026-09-03 15:06:55,2026-09-03 15:10:55,4,0.91,1.88,abonnement
TR2609030049191,CL105392,EN00144,trottinette,Lyon,ST1002,ST1001,,2026-09-03 15:32:40,13,4.5,3.86,cb
TR2609030049192,CL100077,EN00104,trottinette,Lyon,ST1013,ST1009,03/09/2026 15:27,2026-09-03 15:39:34,12,1.94,3.64,paypal
TR2609030049193,CL100810,EN00141,velo_elec,Lyonn,ST1014,ST1002,2026-09-03 15:28:03,2026-09-03 15:34:03,6,1.86,2.5,paypal
TR2609030049194,CL108846,EN00218,velo_elec,Lyon,ST1016,ST1014,03/09/2026 15:26,2026-09-03 15:35:14,9,2.71,3.25,abonnement
TR2609030049195,CL107117,EN00081,velo_elec,Lyon,ST1018,ST1006,1788441823,2026-09-03 15:32:43,9,2.45,3.25,cb
TR2609030049196,CL101994,EN00300,velo_elec,Nantes,ST1024,ST1031,03/09/2026 15:20,2026-09-03 15:41:13,21,4.84,6.25,cb
TR2609030049197,CL100383,EN00248,trottinette,Nantes,ST1025,ST1031,2026-09-03 15:24:37,2026-09-03 15:30:37,6,1.17,2.32,abonnement
TR2609030049198,CL108981,EN00227,trottinette,Nantes,ST1029,ST1026,2026-09-03 15:22:37,2026-09-03 15:29:37,7,1.68,2.54,cb
TR2609030049199,CL105622,EN00467,velo_elec,Lille,ST1034,ST1047,2026-09-03 15:23:25,2026-09-03 15:37:25,14,3.27,4.5,paypal
TR2609030049200,CL107392,EN00438,trottinette,Lille,ST1036,ST1036,2026-09-03 15:23:32,2026-09-03 15:32:32,9,1.87,2.98,paypal
TR2609030049201,CL101934,EN00404,trottinette,Lille,ST1039,ST1034,03/09/2026 15:23,2026-09-03 15:55:54,32,7.12,8.04,cb
TR2609030049202,CL107031,EN00380,velo_elec,Lille,ST1047,ST1047,03/09/2026 15:19,2026-09-03 15:25:00,6,1.75,2.5,paypal
TR2609030049203,CL104368,EN00549,velo_elec,Grenoble,ST1053,ST1053,2026-09-03 15:29:03,2026-09-03 15:47:03,18,4.59,5.5,abonnement
TR2609030049204,CL101987,EN00091,velo_elec,Lyon,ST1007,ST1012,2026-09-03 15:34:43,2026-09-03 15:59:43,25,4.58,7.25,cb
TR2609030049205,CL103707,EN00045,trottinette,Lyon,ST1009,ST1005,2026-09-03 15:39:07,,10,3.25,3.2,abonnement
TR2609030049206,CL107231,EN00014,velo_elec,Lyonn,ST1011,ST1018,2026-09-03 15:32:37,1788443497,19,3.6,5.75,abonnement
TR2609030049207,CL100380,EN00089,trottinette,Lyon,ST1011,ST1002,03/09/2026 15:30,2026-09-03 15:37:47,7,1.22,2.54,abonnement
TR2609030049208,CL106474,EN00333,trottinette,Nantes,ST1028,ST9488,2026-09-03 15:41:56,2026-09-03 15:56:56,15,3.67,4.3,paypal
TR2609030049209,CL103824,EN00453,trottinette,Lille,ST1034,ST1046,2026-09-03 15:34:56,,3,0.92,1.66,cb
TR2609030049210,CL101531,EN00411,trottinette,Lille,ST1036,ST1043,2026-09-03 15:39:05,2026-09-03 15:58:05,19,4.44,5.18,cb
TR2609030049211,CL103163,EN00364,velo,Lille,ST1038,ST1043,2026-09-03 15:39:44,2026-09-03 16:01:44,22,4.73,4.3,cb
TR2609030049212,CL107017,EN00386,trottinette,Lille,ST1042,ST1044,2026-09-03 15:32:55,2026-09-03 15:39:55,7,1.62,2.54,cb
TR2609030049213,CL101668,EN00110,velo_elec,Lyon,ST1003,ST1003,2026-09-03 15:56:50,2026-09-03 16:28:50,32,9.49,9.0,paypal
TR2609030049214,CL107736,EN00081,velo_elec,Lyon,ST1006,ST1007,1788443402,03/09/2026 16:12,22,4.61,6.5,cb
TR2609030049215,CL101338,EN00009,velo_elec,Lyon,ST1014,ST1014,2026-09-03 16:00:48,2026-09-03 16:17:48,17,5.26,5.25,abonnement
TR2609030049216,CL106277,EN00256,velo_elec,Nantes,ST1023,ST1028,2026-09-03 15:52:46,2026-09-03 16:14:46,22,7.39,6.5,cb
TR2609030049217,CL103008,EN00471,velo,Lille,ST1038,ST1035,2026-09-03 15:57:04,2026-09-03 16:06:04,9,1.74,2.35,cb
TR2609030049218,CL101140,EN00552,trottinette,Grenoble,ST1058,ST1050,03/09/2026 16:00,2026-09-03 16:11:42,11,2.11,3.42,abonnement
TR2609030049219,CL100819,EN00006,trottinette,Lyon,ST1001,ST1010,2026-09-03 16:12:33,2026-09-03 16:22:33,10,2.86,3.2,paypal
TR2609030049220,CL106038,EN00077,trottinette,Lyon,ST1004,ST1018,03/09/2026 16:04,03/09/2026 16:19,15,5.12,4.3,abonnement
TR2609030049221,CL102167,EN00146,trottinette,LYON,ST1004,ST1001,2026-09-03 16:13:10,2026-09-03 16:18:10,5,0.92,2.1,paypal
TR2609030049222,CL102609,EN00180,trottinette,Lyon ,ST1004,ST1013,1788444852,2026-09-03 16:16:12,2,0.69,1.44,cb
TR2609030049223,CL104893,EN00050,velo_elec,Lyon,ST1008,ST1016,03/09/2026 16:11,2026-09-03 16:48:29,37,9.34,10.25,cb
TR2609030049224,CL100785,EN00167,trottinette,Lyonn,ST1008,ST1007,2026-09-03 16:13:17,2026-09-03 16:19:17,6,1.05,2.32,paypal
TR2609030049225,CL107925,EN00104,trottinette,Lyon,ST1009,ST1016,,2026-09-03 16:22:27,21,6.44,5.62,paypal
TR2609030049226,CL104342,EN00325,trottinette,Nantes,ST1021,ST1032,,2026-09-03 16:23:23,18,5.41,4.96,paypal
TR2609030049227,CL101519,EN00232,trottinette,Nantes,ST1022,ST1031,2026-09-03 16:12:35,03/09/2026 16:16,-13,1.36,1.88,abonnement
TR2609030049228,CL108508,EN00313,trottinette,Nante,ST1022,ST1024,03/09/2026 16:06,1788444714,5,0.98,2.1,
TR2609030049229,CL105500,EN00259,trottinette,Nantes,ST1022,ST1028,2026-09-03 16:03:43,03/09/2026 16:22,19,4.93,5.18,cb
TR2609030049230,CL104396,EN00307,trottinette,Nantes,ST1027,ST1023,2026-09-03 16:10:24,2026-09-03 16:39:24,29,7.42,7.38,cb
TR2609030049231,CL108686,EN00410,velo_elec,Lille,ST1035,ST1047,2026-09-03 16:06:18,03/09/2026 16:15,9,1.51,3.25,cb
TR2609030049232,CL103291,EN00426,trottinette,Lille,ST1041,ST1038,2026-09-03 16:02:31,2026-09-03 16:16:31,14,2.19,4.08,abonnement
TR2609030049233,CL106426,EN00386,trottinette,Lille,ST1044,ST1043,2026-09-03 16:14:54,2026-09-03 16:43:54,29,7.52,7.38,cb
TR2609030049234,CL103489,EN00588,velo_elec,Grenoble,ST1050,ST1052,2026-09-03 16:07:17,2026-09-03 16:20:17,13,3.71,4.25,abonnement
TR2609030049235,CL100958,EN00559,trottinette,Grenoble,ST1055,ST1052,2026-09-03 16:07:20,2026-09-03 16:22:20,15,2.57,4.3,
TR2609030049236,CL106972,EN00092,trottinette,Lyon,ST1002,ST1014,03/09/2026 16:26,1788446866,21,4.84,5.62,cb
TR2609030049237,CL104136,EN00019,trottinette,Lyon,ST1002,ST1005,2026-09-03 16:18:14,03/09/2026 16:28,10,1.75,3.2,abonnement
TR2609030049238,CL102250,EN00123,velo_elec,Lyon,ST1003,ST1009,2026-09-03 16:26:39,2026-09-03 16:30:39,4,1.28,2.0,abonnement
TR2609030049239,CL105159,EN00216,velo_elec,lyon,ST1004,ST1017,2026-09-03 16:23:55,2026-09-03 16:41:55,18,4.76,5.5,cb
TR2609030049240,CL107053,EN00045,trottinette,Lyon,ST1005,ST1018,2026-09-03 16:19:22,2026-09-03 16:29:22,10,1.67,3.2,cb
TR2609030049241,CL103986,EN00220,velo_elec,Lyon,ST1012,ST1018,2026-09-03 16:28:13,2026-09-03 16:36:13,8,2.53,3.0,abonnement
TR2609030049242,CL100145,EN00305,velo_elec,Nantes,ST1021,ST1027,2026-09-03 16:18:39,2026-09-03 16:31:39,13,3.38,4.25,cb
TR2609030049243,CL104038,EN00283,trottinette,Nantes,ST1025,ST1032,1788445286,2026-09-03 16:32:26,11,2.57,3.42,abonnement
TR2609030049244,CL105887,EN00256,velo_elec,Nantes,ST1028,ST1031,03/09/2026 16:23,2026-09-03 16:45:18,22,5.67,6.5,abonnement
TR2609030049245,CL102158,EN00459,velo_elec,Lille,ST1034,ST1037,2026-09-03 16:28:43,2026-09-03 17:01:43,33,7.94,9.25,cb
TR2609030049246,CL103543,EN00372,trottinette,Lille,ST1034,ST1038,03/09/2026 16:20,1788446715,25,7.23,6.5,abonnement
TR2609030049247,CL103950,EN00415,trottinette,Lille,ST1034,ST1043,2026-09-03 16:30:13,2026-09-03 16:38:13,8,2.33,2.76,paypal
TR2609030049248,CL105153,EN00411,trottinette,Lille,ST1043,ST1044,2026-09-03 16:29:01,2026-09-03 16:40:01,11,2.88,3.42,cb
TR2609030049249,CL101792,EN00453,trottinette,Lille,ST1046,ST1035,2026-09-03 16:16:44,,7,1.11,2.54,abonnement
TR2609030049250,CL102238,EN00446,trottinette,Lille,ST1046,ST1038,03/09/2026 16:25,2026-09-03 16:40:58,15,2.51,4.3,cb
TR2609030049251,CL108511,EN00532,velo_elec,Grenoble,ST1051,ST1058,2026-09-03 16:26:11,2026-09-03 16:41:11,15,5.2,4.75,paypal
TR2609030049252,CL103310,EN00175,trottinette,Lyon,ST1001,ST1010,03/09/2026 16:38,2026-09-03 17:01:56,23,5.26,6.06,cb
TR2609030049253,CL106220,EN00161,velo_elec,lyon,ST1003,ST1009,2026-09-03 16:38:18,2026-09-03 16:48:18,10,2.13,3.5,abonnement
TR2609030049254,CL100608,EN00136,trottinette,Lyon,ST1004,ST1011,1788445966,2026-09-03 16:49:46,17,3.72,4.74,cb
TR2609030049255,CL108150,EN00180,trottinette,Lyon,ST1013,ST1017,2026-09-03 16:36:10,03/09/2026 16:50,14,4.74,4.08,paypal
TR2609030049256,CL101147,EN00104,trottinette,Lyon,ST1016,ST1004,2026-09-03 16:35:40,2026-09-03 16:46:40,11,3.6,3.42,paypal
TR2609030049257,CL100914,EN00261,trottinette,nantes,ST1026,ST1020,1788446501,2026-09-03 16:50:41,9,2.4,2.98,abonnement
TR2609030049258,CL108423,EN00498,trottinette, Lille,ST1036,ST1035,2026-09-03 16:40:24,2026-09-03 16:56:24,16,4.67,4.52,cb
TR2609030049259,CL100121,EN00587,trottinette,Grenoble,ST1048,ST1058,2026-09-03 16:38:50,03/09/2026 16:48,10,1.8,3.2,cb
TR2609030049260,CL102977,EN00517,trottinette,Grenoble,ST1048,ST1057,03/09/2026 16:36,03/09/2026 16:48,12,3.68,3.64,cb
TR2609030049261,CL106462,EN00511,trottinette,GRENOBLE,ST1058,ST1053,2026-09-03 16:31:54,2026-09-03 16:38:54,7,2.33,2.54,cb
TR2609030049262,CL100092,EN00131,trottinette,Lyon,ST1001,ST1007,2026-09-03 16:54:25,03/09/2026 17:04,10,3.1,3.2,abonnement
TR2609030049263,CL101920,EN00192,velo_elec,Lyon,ST1003,ST1009,2026-09-03 16:50:41,03/09/2026 17:00,10,3.3,3.5,cb
TR2609030049264,CL104694,EN00068,velo_elec,Lyon,ST1003,ST1006,2026-09-03 17:00:17,2026-09-03 17:30:17,30,10.38,8.5,cb
TR2609030049265,CL102927,EN00107,velo_elec,Lyon,ST1004,ST1017,2026-09-03 17:00:57,1788448137,8,2.29,3.0,abonnement
TR2609030049266,CL102352,EN00016,velo,Lyon,ST1016,ST1019,2026-09-03 16:48:37,03/09/2026 17:38,50,13.06,8.5,abonnement
TR2609030049267,CL108136,EN00216,velo_elec,Lyon,ST1017,ST1006,2026-09-03 16:58:52,2026-09-03 17:18:52,20,6.9,6.0,abonnement
TR2609030049268,CL102277,EN00037,trottinette,Lyon,ST1019,ST1005,2026-09-03 16:59:22,2026-09-03 17:08:22,9,1.67,2.98,cb
TR2609030049269,CL104837,EN00318,velo_elec,Nantes,ST1020,ST1027,2026-09-03 16:52:09,2026-09-03 16:55:09,3,0.86,1.75,cb
TR2609030049270,CL103442,EN00298,trottinette,Nantes,ST1021,ST1030,1788447031,2026-09-03 17:09:31,19,4.96,5.18,cb
TR2609030049271,CL101472,EN00310,trottinette,Nantes,ST1021,ST1026,2026-09-03 16:54:06,2026-09-03 17:07:06,13,3.28,3.86,paypal
TR2609030049272,CL103006,EN00245,velo_elec,Nantes,ST1022,ST1027,2026-09-03 16:59:07,2026-09-03 17:17:07,18,5.69,5.5,paypal
TR2609030049273,CL107281,EN00272,trottinette,Nantes,ST1023,ST1024,2026-09-03 16:52:59,2026-09-03 17:02:59,10,1.55,3.2,paypal
TR2609030049274,CL107742,EN00307,trottinette,Nantes,ST1023,ST1024,2026-09-03 16:53:25,,28,6.95,7.16,cb
TR2609030049275,CL106380,EN00288,trottinette,Nantes,ST1026,ST1023,2026-09-03 16:49:54,2026-09-03 17:16:54,27,4.9,6.94,abonnement
TR2609030049276,CL108954,EN00300,velo_elec,nantes,ST1031,ST1025,2026-09-03 16:55:54,2026-09-03 17:15:54,20,3.29,6.0,cb
TR2609030049277,CL100669,EN00422,velo_elec,Lille,ST1036,ST1036,2026-09-03 16:49:33,2026-09-03 16:59:33,10,1.84,3.5,cb
TR2609030049278,CL107768,EN00388,velo_elec,Lille,ST1036,ST1045,2026-09-03 16:51:05,2026-09-03 17:25:05,34,6.17,9.5,cb
TR2609030049279,CL105056,EN00475,trottinette,LILLE,ST1036,ST1039,2026-09-03 16:51:24,03/09/2026 16:59,8,1.6,2.76,cb
TR2609030049280,CL107778,EN00391,velo_elec,Lille,ST1047,ST1036,2026-09-03 16:51:46,2026-09-03 17:00:46,9,1.67,3.25,paypal
TR2609030049281,CL102285,EN00514,velo_elec,Grenoble,ST1048,ST1057,2026-09-03 16:56:23,2026-09-03 17:32:23,36,11.31,10.0,cb
TR2609030049282,CL105937,EN00508,trottinette,Grenoble,ST1056,ST1054,2026-09-03 16:59:01,2026-09-03 17:09:01,10,2.22,3.2,paypal
TR2609030049283,CL103284,EN00535,velo_elec,Grenoble,ST1057,ST1052,2026-09-03 16:49:29,03/09/2026 17:04,15,3.39,4.75,
TR2609030049284,CL108628,EN00011,velo_elec,Lyon,ST1001,ST1010,2026-09-03 17:04:00,2026-09-03 17:17:00,13,4.23,4.25,cb
TR2609030049285,CL103371,EN00052,trottinette,Lyon,ST1001,ST1014,2026-09-03 17:13:57,03/09/2026 17:32,19,3.08,5.18,abonnement
TR2609030049286,CL107898,EN00039,velo_elec,Lyon,ST1002,ST1014,2026-09-03 17:05:07,1788448807,15,2.34,4.75,cb
TR2609030049287,CL100112,EN00053,trottinette,Lyon,ST1002,ST1011,2026-09-03 17:10:03,2026-09-03 17:34:03,24,4.7,6.28,cb
TR2609030049288,CL104085,EN00132,trottinette,Lyon,ST1003,ST1001,2026-09-03 17:09:50,03/09/2026 17:13,4,0.89,1.88,abonnement
TR2609030049289,CL108780,EN00021,trottinette,Lyonn,ST1003,ST1018,2026-09-03 17:07:48,2026-09-03 17:19:48,12,2.5,3.64,cb
TR2609030049290,CL106438,EN00201,velo_elec,Lyon,ST1003,ST1019,2026-09-03 17:12:25,03/09/2026 17:27,15,4.95,4.75,cb
TR2609030049291,CL100323,EN00024,velo_elec,Lyon,ST1008,ST1019,2026-09-03 17:03:54,03/09/2026 17:05,2,0.49,1.5,cb
TR2609030049292,CL103244,EN00006,trottinette,lyon,ST1010,ST1016,2026-09-03 17:15:22,2026-09-03 17:23:22,8,1.22,2.76,cb
TR2609030049293,CL102307,EN00180,trottinette,Lyon,ST1017,ST1007,2026-09-03 17:10:45,2026-09-03 17:16:45,6,1.56,2.32,cb
TR2609030049294,CL102258,EN00014,velo_elec,Lyon,ST1018,ST1002,,03/09/2026 17:19,9,2.38,3.25,paypal
TR2609030049295,CL107976,EN00096,velo_elec,Lyon,ST1019,ST1002,2026-09-03 17:07:49,2026-09-03 17:36:49,29,6.51,8.25,abonnement
TR2609030049296,CL104300,EN00254,velo_elec,Nantes,ST1020,ST1027,2026-09-03 17:12:29,2026-09-03 17:27:29,15,2.37,4.75,cb
TR2609030049297,CL106582,EN00341,velo_elec,Nantes,ST1020,ST1029,2026-09-03 17:07:51,2026-09-03 17:12:51,5,1.35,2.25,abonnement
TR2609030049298,CL103628,EN00357,trottinette,Nantes,ST1021,ST1029,2026-09-03 17:05:08,2026-09-03 17:23:08,18,5.74,4.96,abonnement
TR2609030049299,CL105682,EN00266,velo_elec,Nantes,ST1025,ST1031,,1788448585,11,1.75,3.75,abonnement
TR2609030049300,CL104123,EN00320,velo,Nantes,ST1025,ST1027,1788448095,1788448515,7,1.39,2.05,cb
TR2609030049301,CL106062,EN00227,trottinette,Nantes,ST1026,ST1028,03/09/2026 17:09,03/09/2026 17:20,11,3.28,3.42,cb
TR2609030049302,CL107428,EN00259,trottinette,Nantes,ST1028,ST1028,2026-09-03 17:13:29,,16,5.16,4.52,cb
TR2609030049303,CL100745,EN00269,velo_elec,Nantes,ST1032,ST1022,03/09/2026 17:11,2026-09-03 17:33:52,22,3.76,6.5,cb
TR2609030049304,CL102914,EN00263,trottinette,Nantes,ST1032,ST1031,2026-09-03 17:03:19,2026-09-03 17:26:19,23,3.91,6.06,cb
TR2609030049305,CL100249,EN00396,velo_elec,LILLE,ST1034,ST1045,2026-09-03 17:03:55,2026-09-03 17:10:55,7,1.62,2.75,cb
TR2609030049306,CL106161,EN00445,velo_elec,Lille,ST1045,ST1046,2026-09-03 17:09:11,2026-09-03 17:15:11,6,1.39,2.5,cb
TR2609030049307,CL100361,EN00410,velo_elec,Lille,ST1047,ST1044,2026-09-03 17:03:45,2026-09-03 17:12:45,9,1.39,3.25,cb
TR2609030049308,CL101617,EN00519,velo_elec,Grenoble,ST1048,ST1049,2026-09-03 17:13:32,2026-09-03 17:31:32,18,3.14,5.5,cb
TR2609030049309,CL104891,EN00503,trottinette,Grenoble,ST1052,ST1054,2026-09-03 17:13:29,1788450149,29,6.91,7.38,abonnement
TR2609030049310,CL107387,EN00569,trottinette,Grenoble,ST1055,ST1050,03/09/2026 17:07,2026-09-03 17:11:50,4,0.86,1.88,cb
TR2609030049311,CL103385,EN00582,trottinette,Grenoble,ST1058,ST1058,2026-09-03 17:11:54,2026-09-03 17:22:54,11,3.2,3.42,cb
TR2609030049312,CL940989,EN00132,trottinette,Lyon,ST1001,ST1015,2026-09-03 17:26:26,2026-09-03 17:35:26,9,2.38,2.98,cb
TR2609030049313,CL100798,EN00097,velo_elec,Lyon,ST1002,ST1014,2026-09-03 17:20:25,2026-09-03 17:25:25,5,1.05,2.25,cb
TR2609030049314,CL101459,EN00037,trottinette,Lyon,ST1005,ST1015,2026-09-03 17:16:03,2026-09-03 17:25:03,9,1.64,2.98,abonnement
TR2609030049315,CL106762,EN00197,velo_elec,Lyon,ST1015,ST1012,2026-09-03 17:17:10,2026-09-03 17:38:10,21,4.75,6.25,cb
TR2609030049316,CL100579,EN00220,velo_elec,Lyon,ST1018,ST1018,2026-09-03 17:19:09,2026-09-03 17:28:09,9,2.01,3.25,cb
TR2609030049317,CL100447,EN00077,trottinette,Lyon,ST1018,ST1009,,03/09/2026 17:36,19,4.24,5.18,cb
TR2609030049318,CL103908,EN00278,trottinette,Nantes,ST1022,ST1020,2026-09-03 17:22:36,2026-09-03 17:31:36,9,1.44,2.98,cb
TR2609030049319,CL105091,EN00222,velo_elec,Nantes,ST1022,ST1030,2026-09-03 17:27:18,2026-09-03 17:41:18,14,4.02,4.5,cb
TR2609030049320,CL100001,EN00334,trottinette,Nantes,ST1022,ST1031,2026-09-03 17:25:35,2026-09-03 17:45:35,20,3.85,5.4,cb
TR2609030049321,CL102971,EN00339,velo_elec,Nantes,ST1022,ST1024,2026-09-03 17:29:22,2026-09-03 17:38:22,9,2.68,3.25,abonnement
TR2609030049322,CL102143,EN00272,trottinette,Nantes,ST1024,ST1032,2026-09-03 17:16:52,2026-09-03 17:28:52,12,2.32,3.64,cb
TR2609030049323,CL101785,EN00310,trottinette,Nante,ST1026,ST1021,2026-09-03 17:24:27,2026-09-03 17:29:27,5,1.66,2.1,cb
TR2609030049324,CL103237,EN00318,velo_elec,Nantes,ST1027,ST1027,2026-09-03 17:30:02,2026-09-03 17:37:02,7,1.14,2.75,paypal
TR2609030049325,CL107038,EN00341,velo_elec,Nantes,ST1029,ST1031,1788449073,1788450573,25,8.68,7.25,cb
TR2609030049326,CL104346,EN00427,trottinette,Lille,ST1034,ST1038,2026-09-03 17:22:47,2026-09-03 17:25:47,3,1.02,1.66,cb
TR2609030049327,CL102491,EN00405,trottinette,Lille,ST1034,ST1035,2026-09-03 17:22:47,2026-09-03 17:33:47,11,2.62,3.42,cb
TR2609030049328,CL102999,EN00393,trottinette,Lille,ST1035,ST1040,2026-09-03 17:27:05,2026-09-03 17:34:05,7,1.16,2.54,abonnement
TR2609030049329,CL104409,EN00384,trottinette,Lille,ST1035,ST1038,2026-09-03 17:16:57,2026-09-03 17:35:57,19,5.76,5.18,abonnement
TR2609030049330,CL107633,EN00368,trottinette,Lille,ST1035,ST1044,2026-09-03 17:29:06,2026-09-03 17:36:06,7,2.39,2.54,paypal
TR2609030049331,CL107036,EN00391,velo_elec,Lille,ST1036,ST1039,2026-09-03 17:25:29,03/09/2026 17:35,10,1.97,3.5,cb
TR2609030049332,CL105935,EN00372,trottinette,Lille,ST1038,ST1035,2026-09-03 17:22:57,2026-09-03 17:40:57,18,5.62,4.96,cb
TR2609030049333,CL102518,EN00421,velo_elec,Lille,ST1041,ST1045,2026-09-03 17:23:28,2026-09-03 17:41:28,18,4.57,5.5,cb
TR2609030049334,CL962595,EN00490,velo,Lille,ST1041,ST1041,2026-09-03 17:29:27,2026-09-03 18:02:27,33,8.05,5.95,cb
TR2609030049335,CL101426,EN00445,velo_elec,Lille,ST1046,ST1044,2026-09-03 17:24:19,2026-09-03 17:30:19,6,1.44,2.5,cb
TR2609030049336,CL101797,EN00534,trottinette,Grenoble,ST1048,ST1054,2026-09-03 17:22:15,1788449715,13,4.05,3.86,cb
TR2609030049337,CL106767,EN00520,velo_elec,Grenoble,ST1048,ST1056,2026-09-03 17:29:57,,7,1.86,2.75,cb
TR2609030049338,CL100404,EN00146,trottinette,Lyon,ST1001,ST1005,2026-09-03 17:44:34,2026-09-03 18:15:34,31,8.09,7.82,paypal
TR2609030049339,CL105126,EN00144,trottinette,Lyon,ST1001,ST1008,2026-09-03 17:39:28,2026-09-03 17:55:28,16,2.61,4.52,paypal
TR2609030049340,CL104399,EN00004,velo_elec,Lyon,ST1001,ST1008,2026-09-03 17:43:52,2026-09-03 17:49:52,6,1.26,2.5,cb
TR2609030049341,CL107263,EN00141,velo_elec,Lyon,ST1002,ST1018,2026-09-03 17:35:23,2026-09-03 17:55:23,20,4.8,6.0,cb
TR2609030049342,CL101606,EN00061,trottinette,Lyon,ST1004,ST1007,03/09/2026 17:42,2026-09-03 17:58:28,16,4.35,4.52,cb
TR2609030049343,CL103481,EN00131,trottinette,Lyon,ST1007,ST1013,2026-09-03 17:41:07,2026-09-03 17:44:07,2765,0.75,1.66,paypal
TR2609030049344,CL106001,EN00123,velo_elec,LYON,ST1009,ST1012,2026-09-03 17:36:07,2026-09-03 18:03:07,27,5.63,7.75,cb
TR2609030049345,CL104866,EN00091,velo_elec,Lyon,ST1012,ST1001,2026-09-03 17:31:45,2026-09-03 17:54:45,23,3.69,6.75,cb
TR2609030049346,CL108633,EN00006,trottinette,Lyon ,ST1016,ST1004,2026-09-03 17:45:35,03/09/2026 17:49,4067,1.11,1.88,cb
TR2609030049347,CL102517,EN00021,trottinette,Lyon,ST1018,ST1018,03/09/2026 17:31,2026-09-03 17:36:42,5,1.42,2.1,cb
TR2609030049348,CL102582,EN00058,velo_elec,lyon,ST1019,ST1009,2026-09-03 17:41:31,2026-09-03 17:51:31,10,3.43,3.5,abonnement
TR2609030049349,CL101458,EN00024,velo_elec,Lyon,ST1019,ST1019,2026-09-03 17:32:23,2026-09-03 17:37:23,5,0.89,2.25,cb
TR2609030049350,CL104692,EN00357,trottinette,Nantes,ST1029,ST1023,2026-09-03 17:32:03,2026-09-03 17:56:03,24,5.46,6.28,cb
TR2609030049351,CL107055,EN00344,velo,Nantes,ST1029,ST1022,2026-09-03 17:42:50,03/09/2026 17:56,14,4.01,3.1,cb
TR2609030049352,CL107764,EN00282,velo,Nantes,ST1029,ST1020,2026-09-03 17:38:20,2026-09-03 17:49:20,11,2.19,2.65,cb
TR2609030049353,CL101449,EN00272,trottinette,Nantes,ST1032,ST1024,2026-09-03 17:33:16,2026-09-03 17:50:16,17,4.92,4.74,abonnement
TR2609030049354,CL106218,EN00395,trottinette,Lille,ST1035,ST1043,03/09/2026 17:40,2026-09-03 17:47:27,7,1.8,2.54,cb
TR2609030049355,CL101674,EN00488,velo_elec,Lille,ST1035,ST1040,2026-09-03 17:43:15,03/09/2026 17:55,12,2.25,4.0,cb
TR2609030049356,CL106446,EN00374,velo_elec,Lille,ST1035,ST1044,2026-09-03 17:30:55,1788449935,8,1.74,3.0,cb
TR2609030049357,CL106663,EN00401,trottinette,Lille,ST1042,ST1039,2026-09-03 17:35:18,03/09/2026 17:43,8,1.38,2.76,cb
TR2609030049358,CL101095,EN00396,velo_elec,lille,ST1045,ST1040,2026-09-03 17:36:42,2026-09-03 17:55:42,19,3.76,5.75,abonnement
TR2609030049359,CL105702,EN00467,velo_elec,Lille,ST1047,ST1040,2026-09-03 17:43:01,1788450841,11,3.06,3.75,cb
TR2609030049360,CL100907,EN00380,velo_elec, Lille,ST1047,ST1035,2026-09-03 17:41:14,2026-09-03 18:02:14,21,5.91,6.25,cb
TR2609030049361,CL106719,EN00504,trottinette,Grenoble,ST1057,ST1052,2026-09-03 17:34:59,2026-09-03 17:40:59,6,1.83,2.32,abonnement
TR2609030049362,CL104676,EN00028,trottinette,Lyon,ST1001,ST1010,2026-09-03 17:48:04,2026-09-03 17:58:04,10,2.95,3.2,cb
TR2609030049363,CL102342,EN00195,velo_elec,Lyon,ST1002,ST1011,2026-09-03 17:52:19,2026-09-03 18:04:19,12,3.85,4.0,abonnement
TR2609030049364,CL108114,EN00085,velo_elec,Lyon,ST1004,ST1007,2026-09-03 17:57:02,2026-09-03 18:07:02,10,2.92,3.5,cb
TR2609030049365,CL103699,EN00106,trottinette,Lyon,ST1004,ST1005,2026-09-03 17:49:13,2026-09-03 18:04:13,15,5.12,4.3,cb
TR2609030049366,CL106321,EN00055,trottinette,Lyon,ST1011,ST1009,2026-09-03 17:57:29,2026-09-03 18:11:29,14,2.15,4.08,cb
TR2609030049367,CL107816,EN00208,velo_elec,Lyon,ST1014,ST1005,2026-09-03 17:56:36,2026-09-03 18:06:36,10,3.1,3.5,cb
TR2609030049368,CL102677,EN00349,velo_elec,Nantes,ST1021,ST1031,2026-09-03 17:52:02,03/09/2026 18:06,14,2.4,4.5,cb
TR2609030049369,CL103437,EN00286,velo_elec,Nantes,ST1021,ST1032,03/09/2026 17:54,03/09/2026 18:22,28,4.44,8.0,paypal
TR2609030049370,CL108241,EN00269,velo_elec,Nantes,ST1022,ST1032,2026-09-03 17:58:53,2026-09-03 18:42:53,44,8.88,12.0,cb
TR2609030049371,CL106879,EN00264,trottinette,Nantes,ST1022,ST1026,2026-09-03 17:54:23,2026-09-03 18:07:23,13,4.42,3.86,abonnement
TR2609030049372,CL107154,EN00325,trottinette,Nantes,ST1032,ST1033,2026-09-03 17:49:35,2026-09-03 17:54:35,5,1.25,2.1,cb
TR2609030049373,CL107506,EN00442,trottinette,Lille,ST1034,ST1038,2026-09-03 17:54:41,2026-09-03 18:28:41,34,8.5,8.48,cb
TR2609030049374,CL107770,EN00404,trottinette,Lille,ST1034,ST1034,03/09/2026 17:48,2026-09-03 17:55:38,7,2.35,2.54,cb
TR2609030049375,CL106854,EN00459,velo_elec,Lille,ST1037,ST1042,2026-09-03 17:55:39,1788452139,20,6.7,6.0,abonnement
TR2609030049376,CL101080,EN00362,velo_elec,Lille,ST1040,ST1043,2026-09-03 17:47:26,2026-09-03 18:02:26,15,3.99,4.75,cb
TR2609030049377,CL102830,EN00393,trottinette,Lille,ST1040,ST1037,2026-09-03 17:52:35,2026-09-03 17:58:35,6,1.6,2.32,cb
TR2609030049378,CL100277,EN00476,trottinette,Lille,ST1047,ST1039,2026-09-03 17:55:23,2026-09-03 18:02:23,7,1.25,2.54,abonnement
TR2609030049379,CL103252,EN00591,velo_elec,Grenoble,ST1048,ST1052,2026-09-03 17:54:15,03/09/2026 17:59,5,1.19,2.25,abonnement
TR2609030049380,CL103299,EN00565,trottinette,Grenoble,ST1056,ST1048,2026-09-03 17:53:08,2026-09-03 18:03:08,10,2.19,3.2,cb
TR2609030049381,CL100999,EN00532,velo_elec,Grenoble,ST1058,ST1048,03/09/2026 17:53,03/09/2026 18:14,21,6.17,6.25,abonnement
TR2609030049382,CL106021,EN00582,trottinette,Grenoble,ST1058,ST1057,,2026-09-03 18:14:51,15,3.13,4.3,
TR2609030049383,CL106644,EN00091,velo_elec,Lyon,ST1001,ST1018,2026-09-03 18:13:29,03/09/2026 18:27,14,2.78,4.5,cb
TR2609030049384,CL101916,EN00184,velo_elec,Lyon,ST1002,ST1005,2026-09-03 18:13:37,2026-09-03 18:29:37,16,5.32,5.0,paypal
TR2609030049385,CL103797,EN00049,trottinette,lyon,ST1002,ST1012,2026-09-03 18:01:44,03/09/2026 18:36,35,7.12,8.7,paypal
TR2609030049386,CL103570,EN00133,velo_elec,lyon,ST1003,ST1004,2026-09-03 18:03:40,2026-09-03 18:44:40,41,9.61,11.25,abonnement
TR2609030049387,CL107097,EN00006,trottinette,Lyon,ST1004,ST1015,2026-09-03 18:08:59,2026-09-03 18:20:59,12,2.24,3.64,cb
TR2609030049388,CL103198,EN00019,trottinette,Lyon,ST1005,ST1006,03/09/2026 18:01,2026-09-03 18:27:49,26,6.54,6.72,cb
TR2609030049389,CL106952,EN00211,velo_elec,Lyon ,ST1005,ST1008,1788452059,2026-09-03 18:22:19,8,2.55,3.0,cb
TR2609030049390,CL104060,EN00004,velo_elec,Lyon,ST1008,ST1010,2026-09-03 18:04:50,2026-09-03 18:11:50,7,1.65,2.75,paypal
TR2609030049391,CL104457,EN00097,velo_elec,Lyon,ST1014,ST1018,2026-09-03 18:06:45,2026-09-03 18:12:45,6,1.76,2.5,cb
TR2609030049392,CL107348,EN00107,velo_elec,Lyon,ST1017,ST1012,2026-09-03 18:14:34,03/09/2026 18:42,28,8.5,8.0,cb
TR2609030049393,CL108116,EN00073,velo_elec,Lyon,ST1019,ST1018,2026-09-03 18:14:41,2026-09-03 18:20:41,6,1.81,2.5,paypal
TR2609030049394,CL106484,EN00288,trottinette,Nantes,ST1023,ST1026,2026-09-03 18:12:00,03/09/2026 18:20,8,1.63,2.76,cb
TR2609030049395,CL105412,EN00300,velo_elec,Nantes,ST1025,ST1031,1788452061,2026-09-03 18:21:21,7,2.29,2.75,cb
TR2609030049396,CL107576,EN00227,trottinette,Nantes,ST1028,ST1029,2026-09-03 18:01:33,2026-09-03 18:16:33,15,4.69,4.3,cb
TR2609030049397,CL100250,EN00259,trottinette,Nantes,ST1028,ST1030,2026-09-03 18:11:27,2026-09-03 18:24:27,13,3.65,3.86,abonnement
TR2609030049398,CL103996,EN00234,trottinette,Nantes,ST1028,ST1033,2026-09-03 18:02:15,1788452595,21,4.0,5.62,abonnement
TR2609030049399,CL107631,EN00283,trottinette,Nantes,ST1032,ST1028,2026-09-03 18:15:41,2026-09-03 18:24:41,9,1.78,2.98,cb
TR2609030049400,CL107726,EN00449,trottinette,Lille,ST1034,ST1040,2026-09-03 18:10:32,2026-09-03 18:28:32,18,4.02,4.96,paypal
TR2609030049401,CL104499,EN00453,trottinette,Lille,ST1035,ST1046,03/09/2026 18:14,2026-09-03 18:34:51,20,4.02,5.4,abonnement
TR2609030049402,CL101239,EN00435,trottinette,Lille,ST1035,ST1044,2026-09-03 18:15:31,2026-09-03 18:36:31,21,4.26,5.62,paypal
TR2609030049403,CL105424,EN00422,velo_elec,Lille,ST1036,ST1043,2026-09-03 18:05:10,2026-09-03 18:14:10,9,2.16,3.25,abonnement
TR2609030049404,CL100925,EN00393,trottinette, Lille,ST1037,ST1039,1788451950,2026-09-03 18:26:30,14,2.18,4.08,cb
TR2609030049405,CL107846,EN00410,velo_elec,Lille,ST1044,ST1041,2026-09-03 18:14:50,2026-09-03 18:23:50,9,2.33,3.25,cb
TR2609030049406,CL105925,EN00402,trottinette,lille,ST1047,ST1047,2026-09-03 18:11:56,2026-09-03 18:15:56,4,0.89,1.88,abonnement
TR2609030049407,CL101079,EN00406,velo_elec,LILLE,ST1047,ST1036,03/09/2026 18:03,2026-09-03 18:09:29,6,1.15,2.5,cb
TR2609030049408,CL102910,EN00518,trottinette,Grenoble,ST1048,ST1056,2026-09-03 18:06:46,1788452806,20,6.41,5.4,cb
TR2609030049409,CL106013,EN00523,velo_elec,Grenoble,ST1048,ST1057,2026-09-03 18:10:25,2026-09-03 18:25:25,15,2.68,4.75,abonnement
TR2609030049410,CL102221,EN00539,velo_elec,Grenoble,ST1048,ST1054,2026-09-03 18:13:20,2026-09-03 18:35:20,22,6.06,6.5,cb
TR2609030049411,CL106716,EN00552,trottinette,Grenoble,ST1050,ST1058,2026-09-03 18:03:09,2026-09-03 18:23:09,20,3.55,5.4,abonnement
TR2609030049412,CL105082,EN00511,trottinette,Grenoble ,ST1053,ST1055,2026-09-03 18:02:58,2026-09-03 18:11:58,9,2.8,2.98,paypal
TR2609030049413,CL915590,EN00580,velo_elec,Grenoble,ST1056,ST1058,2026-09-03 18:08:18,2026-09-03 18:14:18,6,1.12,2.5,abonnement
TR2609030049414,CL106946,EN00517,trottinette,Grenoble,ST1057,ST1052,2026-09-03 18:04:31,2026-09-03 18:11:31,7,1.57,2.54,paypal
TR2609030049415,CL108417,EN00151,trottinette,Lyon,ST1001,ST1003,2026-09-03 18:19:16,2026-09-03 19:01:16,42,6.76,10.24,abonnement
TR2609030049416,CL104266,EN00190,trottinette,Lyon,ST1001,ST1005,,2026-09-03 18:45:01,27,7.05,6.94,cb
TR2609030049417,CL103460,EN00078,velo_elec,Lyon,ST1001,ST1001,2026-09-03 18:18:49,03/09/2026 18:33,15,2.97,4.75,cb
TR2609030049418,CL104239,EN00207,velo_elec,Lyon,ST1002,ST1015,2026-09-03 18:16:27,2026-09-03 18:26:27,10,3.29,3.5,cb
TR2609030049419,CL108087,EN00067,velo_elec,Lyonn,ST1002,ST1006,2026-09-03 18:28:41,2026-09-03 18:40:41,12,3.85,4.0,abonnement
TR2609030049420,CL106695,EN00153,velo_elec,Lyon,ST1004,ST1011,03/09/2026 18:18,2026-09-03 18:32:49,14,4.72,4.5,paypal
TR2609030049421,CL103507,EN00208,velo_elec,Lyon,ST1005,ST1015,,2026-09-03 18:44:59,21,3.72,6.25,abonnement
TR2609030049422,CL975423,EN00105,velo_elec,LYON,ST1007,ST1013,1788452427,03/09/2026 18:27,7,1.8,2.75,paypal
TR2609030049423,CL108742,EN00100,velo_elec,Lyon,ST1008,ST1005,03/09/2026 18:18,03/09/2026 18:33,15,2.42,4.75,abonnement
TR2609030049424,CL106644,EN00011,velo_elec,Lyon,ST1010,ST1017,2026-09-03 18:29:35,2026-09-03 18:32:35,3,0.46,1.75,abonnement
TR2609030049425,CL104498,EN00175,trottinette,Lyon,ST1010,ST1010,2026-09-03 18:28:06,1788453366,8,2.1,2.76,cb
TR2609030049426,CL104695,EN00039,velo_elec,Lyon,ST1014,ST1008,1788452355,2026-09-03 18:40:15,21,5.77,6.25,paypal
TR2609030049427,CL102565,EN00173,velo_elec,Lyon,ST1019,ST1004,03/09/2026 18:30,2026-09-03 18:47:41,17,4.61,5.25,cb
TR2609030049428,CL106388,EN00261,trottinette,Nantes,ST1020,ST1031,2026-09-03 18:24:03,03/09/2026 18:39,15,2.45,4.3,abonnement
TR2609030049429,CL100103,EN00270,velo_elec,Nantes,ST1021,ST1029,2026-09-03 18:24:13,2026-09-03 18:39:13,15,3.28,4.75,cb
TR2609030049430,CL104924,EN00311,trottinette,Nantes,ST1022,ST1026,2026-09-03 18:26:28,2026-09-03 18:32:28,6,0.99,2.32,cb
TR2609030049431,CL106318,EN00338,velo_elec,Nantes,ST1022,ST1024,1788452806,2026-09-03 18:43:46,17,4.21,5.25,abonnement
TR2609030049432,CL104752,EN00313,trottinette,Nantes,ST1024,ST1021,2026-09-03 18:29:52,2026-09-03 18:41:52,12,2.73,3.64,abonnement
TR2609030049433,CL101502,EN00264,trottinette,Nantes,ST1026,ST1020,2026-09-03 18:23:36,2026-09-03 18:44:36,21,5.59,5.62,cb
TR2609030049434,CL105846,EN00222,velo_elec,Nantes,ST1030,ST1022,2026-09-03 18:21:12,2026-09-03 18:37:12,16,3.6,5.0,paypal
TR2609030049435,CL105212,EN00266,velo_elec,Nantes,ST1031,ST1026,2026-09-03 18:17:48,2026-09-03 18:35:48,18,5.86,5.5,paypal
TR2609030049436,CL100806,EN00294,velo_elec,Nantes,ST1032,ST1028,2026-09-03 18:27:27,03/09/2026 18:35,8,2.42,3.0,cb
TR2609030049437,CL106234,EN00489,trottinette,Lille,ST1034,ST1037,2026-09-03 18:27:37,03/09/2026 18:44,17,3.53,4.74,cb
TR2609030049438,CL107805,EN00498,trottinette,Lille,ST1035,ST1047,03/09/2026 18:25,2026-09-03 18:49:58,24,8.29,6.28,cb
TR2609030049439,CL101561,EN00409,trottinette,Lille,ST1035,ST1040,2026-09-03 18:24:27,2026-09-03 18:36:27,12,2.68,3.64,abonnement
TR2609030049440,CL100381,EN00438,trottinette,LILLE,ST1036,ST1043,,2026-09-03 18:35:03,-23,1.43,2.32,cb
TR2609030049441,CL104662,EN00417,trottinette,Lille,ST1036,ST1035,03/09/2026 18:23,2026-09-03 18:45:03,22,6.08,5.84,paypal
TR2609030049442,CL108283,EN00391,velo_elec,Lille,ST1039,ST1035,,2026-09-03 18:25:53,8,1.23,3.0,abonnement
TR2609030049443,CL102706,EN00473,trottinette,Lille,ST1040,ST1044,2026-09-03 18:28:58,2026-09-03 18:35:58,7,1.65,2.54,cb
TR2609030049444,CL108747,EN00379,velo_elec,Lille,ST1044,ST1036,2026-09-03 18:27:16,2026-09-03 18:33:16,6,1.35,2.5,cb
TR2609030049445,CL105568,EN00388,velo_elec,Lille,ST1045,ST1047,2026-09-03 18:20:59,1788452999,9,1.41,3.25,cb
TR2609030049446,CL108761,EN00565,trottinette,Grenoble,ST1048,ST1055,2026-09-03 18:19:18,2026-09-03 18:22:18,-4,0.8,1.66,cb
TR2609030049447,CL100860,EN00528,velo_elec,Grenoble,ST1049,ST1051,2026-09-03 18:22:36,1788453636,18,5.06,5.5,cb
TR2609030049448,CL103551,EN00509,trottinette,Grenoble,ST1049,ST1053,1788452654,2026-09-03 18:38:14,14,2.49,4.08,cb
TR2609030049449,CL106720,EN00590,velo_elec,Grenoble,ST1049,ST1051,2026-09-03 18:28:56,2026-09-03 18:58:56,30,8.61,8.5,paypal
TR2609030049450,CL100090,EN00526,velo_elec,Grenoble,ST1050,ST1049,1788452550,2026-09-03 18:39:30,17,3.0,5.25,abonnement
TR2609030049451,CL107586,EN00150,trottinette,Lyon,ST1001,ST1009,2026-09-03 18:37:30,2026-09-03 18:47:30,10,1.73,3.2,cb
TR2609030049452,CL104179,EN00010,trottinette,Lyon,ST1001,ST1016,,2026-09-03 18:41:25,10,3.04,3.2,abonnement
TR2609030049453,CL106064,EN00145,trottinette,Lyon,ST1002,ST1007,2026-09-03 18:43:46,2026-09-03 19:02:46,19,3.7,5.18,cb
TR2609030049454,CL100720,EN00054,trottinette,Lyon ,ST1002,ST1017,1788453702,2026-09-03 18:48:42,7,2.3,2.54,cb
TR2609030049455,CL107679,EN00112,velo_elec,LYON,ST1002,ST1001,2026-09-03 18:32:34,2026-09-03 18:51:34,19,4.44,5.75,abonnement
TR2609030049456,CL107836,EN00122,trottinette,Lyon,ST1004,ST1013,2026-09-03 18:32:21,2026-09-03 18:42:21,10,1.87,3.2,paypal
TR2609030049457,CL107581,EN00093,velo_elec,Lyon,ST1007,ST1001,03/09/2026 18:32,2026-09-03 18:34:22,2,0.63,1.5,abonnement
TR2609030049458,CL100046,EN00081,velo_elec,Lyon,ST1007,ST1016,2026-09-03 18:40:00,2026-09-03 18:52:00,12,2.3,4.0,abonnement
TR2609030049459,CL107282,EN00167,trottinette,Lyon,ST1007,ST1007,03/09/2026 18:37,2026-09-03 18:53:37,16,3.66,4.52,cb
TR2609030049460,CL102211,EN00083,velo_elec,Lyon,ST1008,ST1013,03/09/2026 18:35,03/09/2026 18:57,22,5.17,6.5,cb
TR2609030049461,CL106862,EN00003,velo_elec,Lyon,ST1008,ST1011,2026-09-03 18:40:27,2026-09-03 18:45:27,-1,1.08,2.25,paypal
TR2609030049462,CL101881,EN00161,velo_elec,Lyon,ST1009,ST1017,2026-09-03 18:41:57,2026-09-03 19:08:57,27,9.28,7.75,cb
TR2609030049463,CL107581,EN00192,velo_elec,Lyon,ST1009,ST1002,2026-09-03 18:37:02,2026-09-03 18:53:02,16,4.21,5.0,paypal
TR2609030049464,CL103017,EN00058,velo_elec,Lyon,ST1009,ST1015,2026-09-03 18:35:07,03/09/2026 18:53,18,3.31,5.5,cb
TR2609030049465,CL100484,EN00009,velo_elec,Lyon,ST1014,ST1007,2026-09-03 18:36:03,2026-09-03 18:43:03,7,1.42,2.75,paypal
TR2609030049466,CL108049,EN00237,velo_elec,Nantes,ST1020,ST1030,2026-09-03 18:38:34,1788454294,13,3.33,4.25,cb
TR2609030049467,CL104898,EN00299,trottinette,Nante,ST1020,ST1025,2026-09-03 18:34:57,2026-09-03 18:42:57,8,2.33,2.76,abonnement
TR2609030049468,CL107738,EN00288,trottinette,Nantes,ST1026,ST1027,2026-09-03 18:36:20,2026-09-03 18:53:20,17,4.4,4.74,cb
TR2609030049469,CL101609,EN00283,trottinette,Nantes,ST1028,ST1031,2026-09-03 18:35:49,2026-09-03 18:44:49,9,1.92,2.98,abonnement
TR2609030049470,CL102255,EN00227,trottinette,Nantes,ST1029,ST1023,03/09/2026 18:34,2026-09-03 18:39:58,5,0.79,2.1,cb
TR2609030049471,CL104777,EN00298,trottinette,Nantes,ST1030,ST1029,03/09/2026 18:36,03/09/2026 18:40,4,1.21,1.88,cb
TR2609030049472,CL101698,EN00259,trottinette,Nantes,ST1030,ST1022,03/09/2026 18:40,2026-09-03 18:48:26,8,1.4,2.76,abonnement
TR2609030049473,CL106917,EN00404,trottinette,Lille,ST1034,ST1046,2026-09-03 18:34:56,03/09/2026 18:45,11,1.82,3.42,abonnement
TR2609030049474,CL101008,EN00391,velo_elec,Lille,ST1035,ST1035,2026-09-03 18:35:21,03/09/2026 18:48,13,2.7,4.25,abonnement
TR2609030049475,CL102444,EN00405,trottinette,Lille,ST1035,ST1034,2026-09-03 18:40:56,2026-09-03 18:49:56,9,2.06,2.98,cb
TR2609030049476,CL100082,EN00406,velo_elec,Lille,ST1036,ST1043,2026-09-03 18:38:07,1788454267,13,3.1,4.25,cb
TR2609030049477,CL106628,EN00478,trottinette,LILLE,ST1036,ST1038,2026-09-03 18:34:29,1788454289,17,3.56,4.74,cb
TR2609030049478,CL108066,EN00427,trottinette,Lille,ST1038,ST1040,03/09/2026 18:44,2026-09-03 18:59:29,15,3.39,4.3,abonnement
TR2609030049479,CL102546,EN00475,trottinette,Lille,ST1039,ST1042,2026-09-03 18:36:04,2026-09-03 18:48:04,12,2.22,3.64,cb
TR2609030049480,CL107759,EN00382,trottinette,Lille,ST1039,ST1035,2026-09-03 18:40:33,03/09/2026 18:57,17,4.14,4.74,paypal
TR2609030049481,CL103014,EN00393,trottinette,Lille,ST1039,ST1043,2026-09-03 18:43:38,2026-09-03 18:57:38,14,4.75,4.08,abonnement
TR2609030049482,CL103672,EN00532,velo_elec,Grenoble,ST1048,ST1053,2026-09-03 18:36:37,2026-09-03 18:49:37,13,2.11,4.25,cb
TR2609030049483,CL105467,EN00506,trottinette,Grenoble,ST1056,ST1057,03/09/2026 18:37,2026-09-03 18:40:34,3,0.47,1.66,cb
TR2609030049484,CL102672,EN00093,velo_elec,Lyon ,ST1001,ST1013,2026-09-03 18:48:51,2026-09-03 19:16:51,28,5.77,8.0,cb
TR2609030049485,CL100136,EN00078,velo_elec,Lyon,ST1001,ST1017,2026-09-03 18:49:00,1788454380,4,0.86,2.0,cb
TR2609030049486,CL100784,EN00205,trottinette,Lyon,ST1001,ST1011,03/09/2026 18:59,2026-09-03 19:07:21,8,2.5,2.76,abonnement
TR2609030049487,CL102816,EN00063,velo_elec,Lyon,ST1001,ST1012,2026-09-03 18:56:27,2026-09-03 19:05:27,9,1.96,3.25,abonnement
TR2609030049488,CL107644,EN00096,velo_elec,Lyon,ST1002,ST1016,2026-09-03 18:58:46,2026-09-03 19:03:46,5,1.6,2.25,abonnement
TR2609030049489,CL107412,EN00014,velo_elec,Lyon,ST1002,ST1009,03/09/2026 18:54,2026-09-03 19:09:38,15,4.55,4.75,cb
TR2609030049490,CL104725,EN00133,velo_elec,Lyon,ST1004,ST1008,03/09/2026 18:50,2026-09-03 19:05:21,15,4.76,4.75,paypal
TR2609030049491,CL108657,EN00203,trottinette,Lyon,ST1004,ST1002,2026-09-03 18:57:48,03/09/2026 19:29,32,8.03,8.04,abonnement
TR2609030049492,CL103869,EN00184,velo_elec,Lyon,ST1005,ST1006,2026-09-03 18:50:00,2026-09-03 18:58:00,8,2.54,3.0,cb
TR2609030049493,CL105017,EN00066,trottinette,Lyon,ST1005,ST1009,2026-09-03 18:51:46,2026-09-03 18:59:46,8,2.17,2.76,cb
TR2609030049494,CL103481,EN00100,velo_elec,Lyon,ST1005,ST1017,2026-09-03 18:53:58,2026-09-03 19:04:58,11,2.84,3.75,cb
TR2609030049495,CL108281,EN00067,velo_elec,Lyon,ST1006,ST1013,2026-09-03 18:55:24,2026-09-03 19:13:24,18,3.07,5.5,cb
TR2609030049496,CL101191,EN00009,velo_elec,Lyon,ST1007,ST1012,,2026-09-03 18:59:33,6,1.77,2.5,cb
TR2609030049497,CL103591,EN00039,velo_elec,Lyon,ST1008,ST1010,2026-09-03 18:50:30,2026-09-03 18:59:30,9,2.42,3.25,abonnement
TR2609030049498,CL107510,EN00144,trottinette,LYON,ST1008,ST1004,,03/09/2026 19:05,12,3.03,3.64,cb
TR2609030049499,CL107739,EN00102,velo_elec,Lyon,ST1015,ST1004,03/09/2026 18:47,2026-09-03 19:00:56,13,3.16,4.25,cb
TR2609030049500,CL104813,EN00050,velo_elec,Lyon,ST1016,ST1006,2026-09-03 18:57:52,2026-09-03 19:09:52,12,3.53,4.0,cb
TR2609030049501,CL101881,EN00073,velo_elec,Lyon,ST1018,ST1005,03/09/2026 18:57,2026-09-03 19:16:54,19,2.94,5.75,cb
TR2609030049502,CL103173,EN00287,velo_elec,Nantes,ST1020,ST1023,03/09/2026 18:52,2026-09-03 19:13:55,21,5.57,6.25,cb
TR2609030049503,CL102284,EN00244,trottinette,Nantes,ST1020,ST1027,2026-09-03 19:00:00,2026-09-03 19:04:00,4,1.37,1.88,cb
TR2609030049504,CL105791,EN00278,trottinette,Nantes,ST1020,ST1023,03/09/2026 18:58,2026-09-03 19:21:59,23,3.78,6.06,paypal
TR2609030049505,CL107842,EN00225,velo_elec,Nantes,ST1020,ST1033,2026-09-03 18:48:02,1788454742,11,1.74,3.75,abonnement
TR2609030049506,CL107400,EN00313,trottinette,Nantes,ST1021,ST1029,1788454078,2026-09-03 18:50:58,3,0.87,1.66,cb
TR2609030049507,CL108380,EN00280,trottinette,Nantes,ST1021,ST1033,03/09/2026 18:59,2026-09-03 19:10:14,11,3.42,3.42,cb
TR2609030049508,CL104587,EN00277,velo_elec,Nantes,ST1021,ST1028,,,18,2.81,5.5,paypal
TR2609030049509,CL102998,EN00222,velo_elec,Nantes,ST1022,ST1027,1788454332,2026-09-03 19:13:12,21,6.07,6.25,abonnement
TR2609030049510,CL105080,EN00272,trottinette,Nantes,ST1024,ST1028,2026-09-03 18:48:24,03/09/2026 19:00,12,3.25,3.64,paypal
TR2609030049511,CL103860,EN00318,velo_elec,Nantes,ST1027,ST1022,2026-09-03 18:55:57,2026-09-03 19:05:57,10,1.62,3.5,cb
TR2609030049512,CL105990,EN00294,velo_elec,Nantes,ST1028,ST1032,2026-09-03 18:56:21,03/09/2026 19:08,12,3.71,4.0,cb
TR2609030049513,CL108464,EN00234,trottinette,Nantes,ST1033,ST1028,03/09/2026 18:48,1788454248,2,0.4,1.44,cb
TR2609030049514,CL102376,EN00383,trottinette,Lille,ST1034,ST1041,2026-09-03 18:49:26,2026-09-03 18:56:26,7,1.47,2.54,cb
TR2609030049515,CL105677,EN00372,trottinette,Lille,ST1035,ST1038,2026-09-03 18:50:08,,8,1.86,2.76,abonnement
TR2609030049516,CL101791,EN00474,velo_elec,Lille,ST1035,ST1041,2026-09-03 18:57:49,2026-09-03 19:11:49,14,3.68,4.5,cb
TR2609030049517,CL101569,EN00365,velo_elec,LILLE,ST1035,ST1038,2026-09-03 18:52:17,2026-09-03 19:02:17,10,2.93,3.5,cb
TR2609030049518,CL100789,EN00489,trottinette,Lille,ST1037,ST1047,2026-09-03 18:46:42,2026-09-03 18:53:42,7,2.21,2.54,abonnement
TR2609030049519,CL105332,EN00362,velo_elec,Lille,ST1043,ST1034,2026-09-03 18:49:41,2026-09-03 18:57:41,8,2.1,3.0,cb
TR2609030049520,CL101067,EN00422,velo_elec,Lille,ST1043,ST1044,2026-09-03 18:55:51,2026-09-03 18:57:51,2,0.4,1.5,abonnement
TR2609030049521,CL100960,EN00415,trottinette,Lille,ST1043,ST1035,2026-09-03 18:50:40,2026-09-03 18:56:40,6,1.67,2.32,cb
TR2609030049522,CL104662,EN00453,trottinette,Lille,ST1046,ST1041,2026-09-03 18:53:47,2026-09-03 19:01:47,8,1.48,2.76,abonnement
TR2609030049523,CL102198,EN00388,velo_elec,Lille,ST1047,ST1043,2026-09-03 18:53:44,03/09/2026 19:11,18,5.13,5.5,cb
TR2609030049524,CL102440,EN00558,trottinette,Grenoble,ST1049,ST1053,2026-09-03 18:50:31,03/09/2026 19:03,13,2.61,3.86,cb
TR2609030049525,CL103090,EN00587,trottinette,Grenoble,ST1058,ST1054,2026-09-03 19:01:05,2026-09-03 19:13:05,12,2.74,3.64,abonnement
TR2609030049526,CL101647,EN00112,velo_elec,Lyonn,ST1001,ST1011,2026-09-03 19:14:34,03/09/2026 20:27,73,14.77,19.25,cb
TR2609030049527,CL101899,EN00192,velo_elec,Lyon,ST1002,ST1002,2026-09-03 19:06:38,03/09/2026 19:15,9,2.49,3.25,cb
TR2609030049528,CL108484,EN00090,trottinette,LYON,ST1003,ST1004,1788455035,2026-09-03 19:37:55,34,9.08,8.48,abonnement
TR2609030049529,CL107911,EN00106,trottinette,Lyon,ST1005,ST1003,03/09/2026 19:03,2026-09-03 19:10:21,7,1.1,2.54,paypal
TR2609030049530,CL106219,EN00131,trottinette,Lyon,ST1013,ST1011,03/09/2026 19:12,2026-09-03 19:16:02,4,0.98,1.88,abonnement
TR2609030049531,CL106465,EN00238,velo_elec,Nantes,ST1021,ST1020,2026-09-03 19:00:59,2026-09-03 19:09:59,9,2.05,3.25,cb
TR2609030049532,CL106011,EN00226,velo_elec,Nantes,ST1021,ST1027,2026-09-03 19:05:57,2026-09-03 19:50:57,45,7.49,12.25,paypal
TR2609030049533,CL108959,EN00357,trottinette,Nantes,ST1023,ST1024,2026-09-03 19:08:23,03/09/2026 19:12,4,0.77,1.88,abonnement
TR2609030049534,CL105723,EN00254,velo_elec,Nantes,ST1027,ST1022,2026-09-03 19:06:34,03/09/2026 19:11,5,0.86,2.25,cb
TR2609030049535,CL101299,EN00237,velo_elec,Nantes,ST1030,ST1025,,2026-09-03 19:25:12,17,3.49,5.25,cb
TR2609030049536,CL100939,EN00470,trottinette,Lille,ST1045,ST1038,2026-09-03 19:13:31,2026-09-03 19:28:31,15,4.64,4.3,cb
TR2609030049537,CL101603,EN00498,trottinette,Lille,ST1047,ST1039,03/09/2026 19:07,2026-09-03 19:29:47,22,5.64,5.84,abonnement
TR2609030049538,CL105086,EN00531,trottinette,Grenoble,ST1048,ST1058,2026-09-03 19:04:04,2026-09-03 20:15:04,71,18.86,16.62,paypal
TR2609030049539,CL101414,EN00569,trottinette,Grenoble,ST1050,ST1051,2026-09-03 19:12:25,2026-09-03 19:21:25,9,2.13,2.98,abonnement
TR2609030049540,CL104987,EN00528,velo_elec,Grenoble,ST1051,ST1052,2026-09-03 19:02:01,2026-09-03 19:12:01,10,2.83,3.5,
TR2609030049541,CL108382,EN00559,trottinette,Grenoble,ST1052,ST1058,2026-09-03 19:11:36,03/09/2026 19:18,7,2.09,2.54,paypal
TR2609030049542,CL108102,EN00508,trottinette,Grenoble,ST1054,ST1054,2026-09-03 19:02:11,03/09/2026 19:13,11,3.08,3.42,cb
TR2609030049543,CL102847,EN00192,velo_elec,Lyon,ST1002,ST1012,03/09/2026 19:18,2026-09-03 19:26:20,8,2.62,3.0,abonnement
TR2609030049544,CL105865,EN00014,velo_elec,Lyon,ST1009,ST1014,2026-09-03 19:18:05,2026-09-03 19:34:05,16,4.85,5.0,cb
TR2609030049545,CL102549,EN00195,velo_elec,Lyon,ST1011,ST1001,2026-09-03 19:28:11,2026-09-03 19:39:11,11,2.27,3.75,abonnement
TR2609030049546,CL108145,EN00097,velo_elec,Lyon,ST1018,ST1001,2026-09-03 19:29:26,2026-09-03 19:42:26,13,3.03,4.25,cb
TR2609030049547,CL107552,EN00266,velo_elec,Nantes,ST1026,ST1021,03/09/2026 19:26,2026-09-03 19:50:00,24,7.26,7.0,abonnement
TR2609030049548,CL100246,EN00245,velo_elec,Nantes,ST1027,ST1024,2026-09-03 19:23:13,03/09/2026 19:30,7,2.17,2.75,cb
TR2609030049549,CL101424,EN00328,velo_elec,nantes,ST1031,ST1023,2026-09-03 19:30:12,1788457452,14,3.38,4.5,cb
TR2609030049550,CL101932,EN00232,trottinette,Nantes,ST1031,ST1024,2026-09-03 19:30:19,2026-09-03 19:48:19,18,3.43,4.96,paypal
TR2609030049551,CL108396,EN00294,velo_elec,Nantes,ST1032,ST1021,2026-09-03 19:16:38,2026-09-03 19:28:38,12,2.23,4.0,cb
TR2609030049552,CL106224,EN00362,velo_elec,LILLE,ST1034,ST1039,,2026-09-03 19:39:29,22,5.46,6.5,cb
TR2609030049553,CL100160,EN00415,trottinette,Lille,ST1035,ST1042,2026-09-03 19:19:25,2026-09-03 19:32:25,13,3.04,3.86,cb
TR2609030049554,CL107608,EN00441,velo_elec,Lille,ST1036,ST1041,2026-09-03 19:22:08,2026-09-03 19:36:08,14,4.82,4.5,cb
TR2609030049555,CL104140,EN00384,trottinette,Lille,ST1038,ST1046,2026-09-03 19:24:28,2026-09-03 19:36:28,12,3.06,3.64,abonnement
TR2609030049556,CL108127,EN00446,trottinette,Lille,ST1038,ST1040,03/09/2026 19:20,03/09/2026 19:47,27,8.3,6.94,abonnement
TR2609030049557,CL104326,EN00476,trottinette,Lille,ST1039,ST1038,2026-09-03 19:30:26,2026-09-03 19:41:26,11,2.52,3.42,cb
TR2609030049558,CL106163,EN00475,trottinette,Lille,ST1042,ST1047,2026-09-03 19:24:46,2026-09-03 19:43:46,19,3.42,5.18,cb
TR2609030049559,CL101910,EN00536,velo_elec,Grenoble,ST1049,ST1055,2026-09-03 19:26:41,03/09/2026 19:49,23,7.92,6.75,cb
TR2609030049560,CL107180,EN00541,velo_elec,Grenoble,ST1049,ST1057,2026-09-03 19:21:01,,28,5.02,8.0,paypal
TR2609030049561,CL107387,EN00582,trottinette,grenoble,ST1057,ST1052,2026-09-03 19:20:07,2026-09-03 19:25:07,5,0.93,2.1,paypal
TR2609030049562,CL102893,EN00212,trottinette,Lyon,ST1001,ST1007,2026-09-03 19:36:17,2026-09-03 20:29:17,53,10.95,12.66,cb
TR2609030049563,CL106557,EN00001,velo_elec,Lyon,ST1002,ST1008,2026-09-03 19:43:37,2026-09-03 19:59:37,16,4.02,5.0,cb
TR2609030049564,CL104925,EN00018,trottinette,Lyon,ST1002,ST1003,2026-09-03 19:40:49,2026-09-03 19:43:49,3,0.68,1.66,cb
TR2609030049565,CL106604,EN00089,trottinette,Lyon,ST1002,ST1019,2026-09-03 19:32:07,2026-09-03 19:40:07,8,1.98,2.76,paypal
TR2609030049566,CL104547,EN00102,velo_elec,Lyon,ST1004,ST1014,03/09/2026 19:33,2026-09-03 19:40:45,7,1.7,2.75,paypal
TR2609030049567,CL100561,EN00173,velo_elec,Lyon,ST1004,ST1011,03/09/2026 19:38,2026-09-03 19:48:03,10,3.46,3.5,abonnement
TR2609030049568,CL108075,EN00144,trottinette,Lyon,ST1004,ST1010,2026-09-03 19:39:03,2026-09-03 19:49:03,10,2.2,3.2,cb
TR2609030049569,CL100472,EN00145,trottinette,Lyon,ST1007,ST1018,2026-09-03 19:44:18,2026-09-03 20:09:18,25,7.21,6.5,cb
TR2609030049570,CL106358,EN00131,trottinette,Lyon,ST1011,ST1013,03/09/2026 19:32,03/09/2026 19:54,22,5.8,5.84,cb
TR2609030049571,CL102297,EN00105,velo_elec,Lyon,ST1013,ST1015,2026-09-03 19:35:17,2026-09-03 19:43:17,8,2.57,3.0,cb
TR2609030049572,CL100065,EN00304,velo_elec,Nantes,ST1020,ST1029,2026-09-03 19:42:26,2026-09-03 20:03:26,21,7.33,6.25,paypal
TR2609030049573,CL102455,EN00351,trottinette,Nantes,ST1022,ST1030,2026-09-03 19:35:03,2026-09-03 19:42:03,7,1.98,2.54,cb
TR2609030049574,CL102829,EN00318,velo_elec,Nantes,ST1022,ST1027,2026-09-03 19:43:46,2026-09-03 20:11:46,28,9.04,8.0,abonnement
TR2609030049575,CL105020,EN00254,velo_elec,Nantes,ST1022,ST1030,2026-09-03 19:37:45,03/09/2026 19:44,7,1.4,2.75,cb
TR2609030049576,CL105205,EN00287,velo_elec,Nantes,ST1023,ST1030,2026-09-03 19:34:00,2026-09-03 19:43:00,9,1.87,3.25,abonnement
TR2609030049577,CL102434,EN00227,trottinette,Nantes,ST1023,ST1030,2026-09-03 19:31:24,1788457284,10,3.2,3.2,cb
TR2609030049578,CL108041,EN00244,trottinette,Nantes,ST1027,ST1021,,2026-09-03 19:45:40,14,2.83,4.08,cb
TR2609030049579,CL106459,EN00377,trottinette,Lille,ST1034,ST9750,03/09/2026 19:32,2026-09-03 20:04:50,32,7.51,8.04,cb
TR2609030049580,CL100939,EN00391,velo_elec,Lille,ST1035,ST1038,2026-09-03 19:40:08,2026-09-03 19:52:08,12,3.97,4.0,cb
TR2609030049581,CL102683,EN00382,trottinette,Lille,ST1035,ST1044,2026-09-03 19:38:58,2026-09-03 19:46:58,8,2.23,2.76,abonnement
TR2609030049582,CL102491,EN00379,velo_elec,Lille,ST1036,ST1044,2026-09-03 19:38:35,2026-09-03 19:43:35,5,1.56,2.25,cb
TR2609030049583,CL105226,EN00477,trottinette,Lille,ST1036,ST1042,2026-09-03 19:43:33,2026-09-03 19:48:33,5,1.49,2.1,cb
TR2609030049584,CL101765,EN00401,trottinette,Lille,ST1039,ST1039,2026-09-03 19:42:34,2026-09-03 19:59:34,17,2.8,4.74,paypal
TR2609030049585,CL107007,EN00421,velo_elec,Lille,ST1045,ST1038,2026-09-03 19:37:06,03/09/2026 19:57,20,4.23,6.0,cb
TR2609030049586,CL105855,EN00527,velo_elec,Grenoble,ST1049,ST1052,03/09/2026 19:35,2026-09-03 19:44:51,9,1.9,3.25,cb
TR2609030049587,CL101521,EN00590,velo_elec,Grenoble,ST1051,ST1050,2026-09-03 19:38:30,2026-09-03 19:53:30,15,3.83,4.75,cb
TR2609030049588,CL107170,EN00539,velo_elec,Grenoble,ST1054,ST1050,03/09/2026 19:44,03/09/2026 19:55,11,2.99,3.75,cb
TR2609030049589,CL102105,EN00195,velo_elec,Lyon,ST1001,ST1016,2026-09-03 19:55:05,2026-09-03 20:08:05,13,4.27,4.25,cb
TR2609030049590,CL101313,EN00025,velo_elec,Lyon,ST1003,ST1013,2026-09-03 19:59:14,2026-09-03 20:15:14,16,3.82,5.0,paypal
TR2609030049591,CL101124,EN00119,trottinette,Lyon,ST1003,ST1016,03/09/2026 19:56,2026-09-03 20:09:22,13,3.97,3.86,cb
TR2609030049592,CL100376,EN00073,velo_elec,Lyon,ST1005,ST1009,2026-09-03 19:53:33,,47,8.82,12.75,cb
TR2609030049593,CL102078,EN00167,trottinette,Lyon,ST1007,ST1012,03/09/2026 19:52,2026-09-03 20:03:45,11,2.26,3.42,abonnement
TR2609030049594,CL105848,EN00066,trottinette,Lyon,ST1009,ST1015,03/09/2026 19:56,2026-09-03 20:26:12,30,5.74,7.6,paypal
TR2609030049595,CL105386,EN00197,velo_elec,Lyon,ST1012,ST1006,2026-09-03 19:57:29,03/09/2026 20:06,9,2.1,3.25,cb
TR2609030049596,CL105010,EN00067,velo_elec,Lyon,ST1013,ST1015,2026-09-03 19:59:02,2026-09-03 20:13:02,14,2.4,4.5,cb
TR2609030049597,CL107769,EN00011,velo_elec,Lyon,ST1017,ST1009,2026-09-03 19:56:06,2026-09-03 20:06:06,10,3.04,3.5,paypal
TR2609030049598,CL104066,EN00291,velo_elec,Nantes,ST1022,ST1024,2026-09-03 19:56:19,2026-09-03 20:05:19,9,2.29,3.25,cb
TR2609030049599,CL108980,EN00313,trottinette,Nantes,ST1029,ST1021,2026-09-03 19:54:24,2026-09-03 19:59:24,5,1.57,2.1,cb
TR2609030049600,CL101094,EN00405,trottinette,Lille,ST1034,ST1047,2026-09-03 19:54:45,2026-09-03 20:01:45,7,2.11,2.54,abonnement
TR2609030049601,CL104037,EN00373,velo_elec,Lille,ST1036,ST1045,2026-09-03 19:49:00,2026-09-03 20:04:00,15,3.02,4.75,cb
TR2609030049602,CL101791,EN00370,velo_elec,Lille,ST1036,ST1039,2026-09-03 19:58:19,2026-09-03 20:22:19,24,7.37,7.0,paypal
TR2609030049603,CL106171,EN00384,trottinette,Lille,ST1046,ST1044,2026-09-03 19:47:24,03/09/2026 20:01,14,4.73,4.08,cb
TR2609030049604,CL101492,EN00404,trottinette,lille,ST1046,ST1036,2026-09-03 19:49:06,2026-09-03 19:57:06,8,2.74,2.76,paypal
TR2609030049605,CL107397,EN00585,velo_elec,Grenoble,ST1048,ST1055,2026-09-03 19:45:45,1788458565,17,4.36,5.25,cb
TR2609030049606,CL103241,EN00565,trottinette,Grenoble,ST1055,ST1050,2026-09-03 19:52:27,2026-09-03 20:04:27,12,2.89,3.64,paypal
TR2609030049607,CL105333,EN00518,trottinette,Grenoble,ST1056,ST1054,2026-09-03 19:47:13,2026-09-03 19:56:13,9,2.21,2.98,cb
TR2609030049608,CL101405,EN00203,trottinette,Lyon,ST1002,ST1019,2026-09-03 20:13:53,2026-09-03 20:43:53,30,5.73,7.6,cb
TR2609030049609,CL107106,EN00090,trottinette,Lyon,ST1004,ST1006,2026-09-03 20:05:06,2026-09-03 20:18:06,-1,3.38,3.86,abonnement
TR2609030049610,CL100912,EN00180,trottinette,Lyon,ST1007,ST1011,2026-09-03 20:13:40,2026-09-03 20:18:40,5,0.91,2.1,cb
TR2609030049611,CL100238,EN00055,trottinette,Lyon,ST1009,ST1001,2026-09-03 20:01:06,2026-09-03 20:35:06,34,10.42,8.48,abonnement
TR2609030049612,CL101374,EN00008,trottinette,Lyon,ST1014,ST1007,2026-09-03 20:13:04,2026-09-03 20:32:04,19,6.22,5.18,cb
TR2609030049613,CL108138,EN00096,velo_elec,Lyon,ST1016,ST1019,2026-09-03 20:14:52,1788459892,10,1.99,3.5,abonnement
TR2609030049614,CL106634,EN00141,velo_elec,Lyon,ST1018,ST1009,2026-09-03 20:09:59,03/09/2026 20:12,3,0.49,1.75,cb
TR2609030049615,CL102374,EN00328,velo_elec,Nantes,ST1023,ST1024,,03/09/2026 20:28,15,3.77,4.75,abonnement
TR2609030049616,CL100382,EN00311,trottinette,Nantes,ST1026,ST1030,2026-09-03 20:05:15,2026-09-03 20:22:15,17,3.26,4.74,abonnement
TR2609030049617,CL101042,EN00305,velo_elec,Nantes,ST1027,ST1022,2026-09-03 20:13:02,2026-09-03 20:18:02,5,0.77,2.25,paypal
TR2609030049618,CL100200,EN00414,velo_elec,lille,ST1034,ST1037,2026-09-03 20:01:28,2026-09-03 20:14:28,13,2.75,4.25,paypal
TR2609030049619,CL102207,EN00455,velo_elec,LILLE,ST1035,ST1036,2026-09-03 20:07:47,1788459587,12,2.66,4.0,abonnement
TR2609030049620,CL104589,EN00539,velo_elec,Grenoble,ST1050,ST1052,2026-09-03 20:01:42,2026-09-03 20:06:42,5,1.43,2.25,abonnement
TR2609030049621,CL106391,EN00195,velo_elec,Lyon,ST1016,ST1016,2026-09-03 20:22:52,2026-09-03 20:38:52,16,5.02,5.0,cb
TR2609030049622,CL105253,EN00081,velo_elec,Lyon,ST1016,ST1009,2026-09-03 20:29:53,03/09/2026 20:34,5,1.33,2.25,paypal
TR2609030049623,CL101379,EN00228,trottinette,Nante,ST1020,ST1033,2026-09-03 20:17:38,2026-09-03 20:25:38,8,2.42,2.76,abonnement
TR2609030049624,CL100331,EN00318,velo_elec,Nantes,ST1027,ST1030,2026-09-03 20:20:31,,14,2.12,4.5,cb
TR2609030049625,CL101299,EN00298,trottinette,Nantes,ST1029,ST1024,2026-09-03 20:17:27,2026-09-03 20:31:27,14,2.4,4.08,abonnement
TR2609030049626,CL104380,EN00404,trottinette,lille,ST1036,ST1034,03/09/2026 20:18,2026-09-03 20:29:45,11,3.09,3.42,cb
TR2609030049627,CL104887,EN00559,trottinette,Grenoble,ST1058,ST1054,2026-09-03 20:24:33,2026-09-03 20:37:33,13,2.19,3.86,abonnement
TR2609030049628,CL107411,EN00110,velo_elec,Lyon,ST1003,ST1014,03/09/2026 20:38,2026-09-03 20:45:23,7,2.17,2.75,paypal
TR2609030049629,CL107696,EN00146,trottinette,Lyon,ST1005,ST1003,03/09/2026 20:43,2026-09-03 20:55:38,12,3.16,3.64,paypal
TR2609030049630,CL106125,EN00173,velo_elec,Lyon,ST1011,ST1015,2026-09-03 20:36:29,2026-09-03 20:50:29,14,4.0,4.5,paypal
TR2609030049631,CL108068,EN00238,velo_elec,NANTES,ST1020,ST1025,2026-09-03 20:31:29,2026-09-03 20:37:29,6,1.49,2.5,abonnement
TR2609030049632,CL106776,EN00222,velo_elec,Nantes,ST1027,ST1025,2026-09-03 20:32:30,2026-09-03 20:47:30,15,2.98,4.75,abonnement
TR2609030049633,CL105015,EN00424,velo_elec,Lille,ST1035,ST1041,2026-09-03 20:35:39,2026-09-03 20:47:39,12,4.01,4.0,cb
TR2609030049634,CL106500,EN00455,velo_elec,Lille,ST1036,ST1041,03/09/2026 20:41,1788461724,14,3.4,4.5,abonnement
TR2609030049635,CL105193,EN00401,trottinette,lille,ST1039,ST1036,03/09/2026 20:34,2026-09-03 20:43:58,9,2.4,2.98,paypal
TR2609030049636,CL106535,EN00558,trottinette,Grenoble,ST1053,ST1054,03/09/2026 20:39,2026-09-03 20:54:07,15,3.65,4.3,cb
TR2609030049637,CL103553,EN00178,velo_elec,Lyon,ST1004,ST1008,2026-09-03 20:59:28,2026-09-03 21:22:28,23,7.29,6.75,cb
TR2609030049638,CL101971,EN00053,trottinette,Lyon,ST1011,ST1016,1788461653,2026-09-03 21:47:13,53,18.1,12.66,paypal
TR2609030049639,CL106515,EN00161,velo_elec,Lyon ,ST1017,ST1002,2026-09-03 20:47:18,03/09/2026 20:57,10,3.39,3.5,cb
TR2609030049640,CL101391,EN00182,trottinette,Lyon,ST1019,ST1015,2026-09-03 20:54:16,2026-09-03 20:58:16,4,0.99,1.88,abonnement
TR2609030049641,CL108875,EN00246,trottinette,Nantes,ST1027,ST1024,2026-09-03 20:58:03,2026-09-03 21:12:03,14,2.98,4.08,cb
TR2609030049642,CL108367,EN00412,trottinette,Lille,ST1035,ST1035,1788461261,2026-09-03 20:59:41,12,1.91,3.64,cb
TR2609030049643,CL105112,EN00498,trottinette,Lille,ST1039,ST1045,2026-09-03 20:47:19,1788461719,8,1.97,2.76,cb
TR2609030049644,CL106743,EN00362,velo_elec,Lille,ST1039,ST1037,2026-09-03 20:53:36,2026-09-03 21:00:36,7,1.15,2.75,cb
TR2609030049645,CL100104,EN00373,velo_elec,Lille,ST1045,ST1036,03/09/2026 20:57,2026-09-03 21:15:08,18,4.64,5.5,abonnement
TR2609030049646,CL104903,EN00450,trottinette,Lille,ST1047,ST1036,2026-09-03 20:46:30,2026-09-03 20:51:30,5,1.66,2.1,abonnement
TR2609030049647,CL107069,EN00526,velo_elec,Grenoble,ST1049,ST1049,2026-09-03 20:58:50,2026-09-03 21:45:50,2166,15.2,12.75,cb
TR2609030049648,CL105217,EN00531,trottinette,Grenoble,ST1058,ST1048,2026-09-03 20:49:05,2026-09-03 21:03:05,14,4.58,4.08,abonnement
TR2609030049649,CL104872,EN00152,velo_elec,Lyon,ST1003,ST1002,03/09/2026 21:03,2026-09-03 21:09:10,6,1.56,2.5,abonnement
TR2609030049650,CL101630,EN00024,velo_elec,Lyon,ST1019,ST1017,1788462626,2026-09-03 21:28:26,18,3.03,5.5,cb
TR2609030049651,CL107742,EN00359,trottinette,Nantes,ST1031,ST1033,2026-09-03 21:03:04,2026-09-03 21:34:04,31,6.8,7.82,cb
TR2609030049652,CL106664,EN00406,velo_elec, Lille,ST1043,ST1039,2026-09-03 21:06:56,2026-09-03 21:19:56,13,2.03,4.25,paypal
TR2609030049653,CL100403,EN00513,velo_elec,Grenoble,ST1051,ST1058,2026-09-03 21:11:53,2026-09-03 21:24:53,13,2.44,4.25,cb
TR2609030049654,CL107162,EN00023,trottinette,Lyon,ST1005,ST1014,2026-09-03 21:25:47,,9,2.15,2.98,paypal
TR2609030049655,CL106471,EN00164,trottinette,Lyon,ST1007,ST1018,03/09/2026 21:22,2026-09-03 21:31:28,9,2.31,2.98,paypal
TR2609030049656,CL102975,EN00195,velo_elec,Lyon,ST1016,ST1013,03/09/2026 21:27,2026-09-03 21:36:49,9,2.49,3.25,abonnement
TR2609030049657,CL102674,EN00351,trottinette,Nantes,ST1030,ST1023,2026-09-03 21:15:25,2026-09-03 21:25:25,10,1.72,3.2,cb
TR2609030049658,CL103605,EN00430,velo_elec,Lille,ST1035,ST1039,2026-09-03 21:21:38,1788463898,10,3.18,3.5,paypal
TR2609030049659,CL106936,EN00580,velo_elec,Grenoble,ST1058,ST1055,2026-09-03 21:22:52,2026-09-03 21:29:52,7,2.37,2.75,cb
TR2609030049660,CL104917,EN00152,velo_elec,Lyon,ST1002,ST1008,2026-09-03 21:30:52,2026-09-03 21:37:52,7,2.01,2.75,cb
TR2609030049661,CL105404,EN00141,velo_elec,Lyon,ST1009,ST1001,1788464424,03/09/2026 21:48,8,2.19,3.0,cb
TR2609030049662,CL100805,EN00164,trottinette,Lyon,ST1018,ST1017,,2026-09-03 22:00:43,22,4.33,5.84,cb
TR2609030049663,CL101291,EN00305,velo_elec,Nante,ST1022,ST1033,2026-09-03 21:36:51,2026-09-03 21:46:51,10,1.89,3.5,cb
TR2609030049664,CL107754,EN00406,velo_elec,Lille,ST1039,ST1042,03/09/2026 21:40,2026-09-03 21:46:50,6,1.39,2.5,abonnement
TR2609030049665,CL105230,EN00554,velo_elec,Grenoble,ST1049,ST1049,2026-09-03 21:37:11,2026-09-03 21:41:11,4,0.99,2.0,cb
TR2609030049666,CL105230,EN00569,trottinette,Grenoble,ST1051,ST1051,1788464599,2026-09-03 21:48:19,5,1.01,2.1,cb
TR2609030049667,CL100485,EN00084,velo_elec,Lyon,ST1004,ST1002,2026-09-03 21:50:41,2026-09-03 21:53:41,3,0.96,1.75,abonnement
TR2609030049668,CL108620,EN00190,trottinette,Lyon,ST1005,ST1013,2026-09-03 22:00:40,2026-09-03 22:12:40,12,2.45,3.64,cb
TR2609030049669,CL101837,EN00152,velo_elec,Lyon,ST1008,ST1018,2026-09-03 21:51:39,2026-09-03 21:53:39,2,0.49,1.5,abonnement
TR2609030049670,CL101362,EN00299,trottinette,Nantes,ST1025,ST1020,2026-09-03 21:47:50,2026-09-03 21:53:50,6,1.21,2.32,abonnement
TR2609030049671,CL100761,EN00234,trottinette,Nantes,ST1028,ST1027,2026-09-03 21:58:46,2026-09-03 22:21:46,23,6.75,6.06,paypal
TR2609030049672,CL103919,EN00254,velo_elec,Nantes,ST1030,ST1025,2026-09-03 21:52:07,2026-09-03 22:05:07,13,2.13,4.25,cb
TR2609030049673,CL102864,EN00287,velo_elec,Nantes,ST1030,ST1024,2026-09-03 21:55:02,2026-09-03 22:03:02,8,1.47,3.0,abonnement
TR2609030049674,CL100264,EN00300,velo_elec,Nantes,ST1031,ST1021,1788465626,2026-09-03 22:22:26,22,4.26,6.5,cb
TR2609030049675,CL101181,EN00578,velo_elec,Grenoble,ST1051,ST1049,2026-09-03 21:48:54,2026-09-03 21:55:54,7,1.91,2.75,cb
TR2609030049676,CL101522,EN00539,velo_elec,Grenoble,ST1052,ST1054,2026-09-03 22:10:21,2026-09-03 22:17:21,7,2.22,2.75,cb
TR2609030049677,CL101756,EN00184,velo_elec,Lyon,ST1006,ST1001,2026-09-03 22:27:51,2026-09-03 22:41:51,14,3.12,4.5,cb
TR2609030049678,CL105639,EN00004,velo_elec,Lyon,ST1010,ST1002,2026-09-03 22:27:11,2026-09-03 22:41:11,14,4.27,4.5,paypal
TR2609030049679,CL101799,EN00025,velo_elec,Lyon,ST1013,ST1015,03/09/2026 22:16,2026-09-03 22:25:19,9,1.44,3.25,cb
TR2609030049680,CL103399,EN00102,velo_elec,Lyon,ST1014,ST1001,,03/09/2026 22:41,11,1.7,3.75,abonnement
TR2609030049681,CL103307,EN00011,velo_elec,Lyon,ST1009,ST1005,2026-09-03 22:41:04,03/09/2026 22:54,13,2.94,4.25,abonnement
TR2609030049682,CL103609,EN00195,velo_elec,Lyon,ST1013,ST1017,2026-09-03 22:35:37,2026-09-03 22:51:37,16,3.88,5.0,paypal
TR2609030049683,CL108452,EN00299,trottinette,Nantes,ST1020,ST1025,2026-09-03 22:36:08,03/09/2026 22:51,15,2.51,4.3,cb
TR2609030049684,CL108117,EN00359,trottinette,NANTES,ST1033,ST1020,2026-09-03 22:37:33,03/09/2026 22:55,18,3.96,4.96,cb
TR2609030049685,CL101898,EN00168,velo_elec,lyon,ST1015,ST1012,2026-09-03 22:54:34,2026-09-03 23:05:34,11,3.35,3.75,paypal
TR2609030049686,CL102363,EN00476,trottinette,Lille,ST1038,ST1042,2026-09-03 22:49:41,2026-09-03 23:04:41,15,4.13,4.3,abonnement
TR2609030049687,CL102525,EN00424,velo_elec,Lille,ST1041,ST1041,2026-09-03 22:50:26,2026-09-03 23:08:26,18,4.33,5.5,cb
TR2609030049688,CL107452,EN00008,trottinette,Lyon,ST1007,ST1002,2026-09-03 23:20:51,2026-09-03 23:28:51,8,1.87,2.76,cb
TR2609030049689,CL106284,EN00434,velo_elec,Lille,ST1034,ST1043,2026-09-03 23:21:07,2026-09-03 23:32:07,11,1.81,3.75,abonnement
TR2609030049690,CL103186,EN00284,trottinette,Nantes,ST1022,ST1026,2026-09-03 23:42:34,2026-09-04 00:12:34,30,6.41,7.6,cb
TR2609030049691,CL106226,EN00483,trottinette,Lille,ST1035,ST1047,2026-09-03 23:39:53,2026-09-04 00:04:53,25,3.86,6.5,cb
