trajet_id,client_id,engin_id,type_engin,ville,station_depart,station_arrivee,debut,fin,duree_min,distance_km,montant_eur,moyen_paiement
TR2607250005578,CL102467,EN00218,velo_elec,Lyon,ST1004,ST1008,2026-07-25 00:14:46,2026-07-25 00:24:46,10,1.69,3.5,paypal
TR2607250005579,CL107121,EN00551,trottinette,Grenoble,ST1049,ST1048,2026-07-25 00:07:02,1784931722,15,2.62,4.3,abonnement
TR2607250005580,CL102215,EN00428,velo_elec,Lille,ST1038,ST1039,2026-07-25 00:42:49,2026-07-25 00:46:49,4,0.69,2.0,cb
TR2607250005581,CL108274,EN00177,velo_elec,Lyon,ST1016,ST1004,25/07/2026 01:00,25/07/2026 01:08,8,2.71,3.0,cb
TR2607250005582,CL100821,EN00599,trottinette,Grenoble,ST1053,ST1057,25/07/2026 00:57,2026-07-25 01:16:46,19,3.03,5.18,cb
TR2607250005583,CL108722,EN00170,trottinette,Lyon ,ST1019,ST1009,2026-07-25 01:00:58,2026-07-25 01:45:58,45,11.59,10.9,paypal
TR2607250005584,CL105466,EN00519,velo_elec,Grenoble,ST1051,ST1058,1784934606,2026-07-25 01:14:06,4,1.06,2.0,abonnement
TR2607250005585,CL107476,EN00513,velo_elec,grenoble,ST1053,ST1056,2026-07-25 01:30:05,25/07/2026 01:36,6,0.94,2.5,abonnement
TR2607250005586,CL104603,EN00338,velo_elec,Nantes,ST1026,ST1032,1784937592,1784939392,30,9.08,8.5,cb
TR2607250005587,CL108888,EN00524,velo_elec,Grenoble ,ST1050,ST1052,2026-07-25 02:21:55,1784939575,11,3.52,3.75,abonnement
TR2607250005588,CL101668,EN00023,trottinette,Lyon,ST1001,ST1005,2026-07-25 03:00:02,2026-07-25 03:08:02,8,1.99,2.76,paypal
TR2607250005589,CL104089,EN00115,velo_elec,Lyon,ST1013,ST1019,25/07/2026 04:22,2026-07-25 04:49:07,27,7.71,7.75,abonnement
TR2607250005590,CL105480,EN00136,trottinette,Lyon,ST1016,ST1002,2026-07-25 04:18:03,25/07/2026 04:27,9,1.57,2.98,cb
TR2607250005591,CL102447,EN00467,velo_elec,Lille,ST1035,ST1047,2026-07-25 05:04:02,1784950022,23,7.37,6.75,abonnement
TR2607250005592,CL103275,EN00449,trottinette, Lille,ST1038,ST1043,2026-07-25 05:30:54,2026-07-25 05:46:54,16,2.99,4.52,paypal
TR2607250005593,CL105737,EN00535,velo_elec,Grenoble,ST1051,ST1051,2026-07-25 05:18:02,2026-07-25 05:22:02,4,1.4,2.0,cb
TR2607250005594,CL103338,EN00090,trottinette,Lyon,ST1015,ST1009,2026-07-25 05:44:20,2026-07-25 05:53:20,9,3.07,2.98,cb
TR2607250005595,CL104177,EN00238,velo_elec,Nantes,ST1027,ST1030,2026-07-25 05:51:09,2026-07-25 06:00:09,9,2.3,3.25,cb
TR2607250005596,CL106919,EN00516,velo_elec,Grenoble,ST1053,ST1057,2026-07-25 05:51:47,2026-07-25 06:04:47,13,4.41,4.25,cb
TR2607250005597,CL105692,EN00145,trottinette,Lyon,ST1008,ST1014,2026-07-25 06:14:09,1784954229,23,7.56,6.06,cb
TR2607250005598,CL108116,EN00219,velo_elec,Lyon,ST1018,ST1003,2026-07-25 06:04:56,25/07/2026 06:27,23,7.79,6.75,abonnement
TR2607250005599,CL101397,EN00539,velo_elec,Grenoble,ST1056,ST1055,2026-07-25 06:08:30,2026-07-25 06:20:30,12,2.55,4.0,abonnement
TR2607250005600,CL104315,EN00535,velo_elec,Grenoble,ST1051,ST1048,2026-07-25 06:21:39,2026-07-25 06:28:39,7,1.82,,cb
TR2607250005601,CL107199,EN00341,velo_elec,Nantes,ST1024,ST1033,25/07/2026 06:38,2026-07-25 06:42:22,4,0.97,2.0,abonnement
TR2607250005602,CL107112,EN00122,trottinette,Lyon,ST1017,ST1012,2026-07-25 07:04:47,25/07/2026 07:30,26,6.21,6.72,cb
TR2607250005603,CL100520,EN00508,trottinette,Grenoble,ST1050,ST1050,2026-07-25 07:14:14,25/07/2026 07:31,17,3.79,4.74,cb
TR2607250005604,CL106086,EN00520,velo_elec,Grenoble,ST1052,ST1049,2026-07-25 07:09:14,2026-07-25 07:16:14,7,1.13,2.75,cb
TR2607250005605,CL104491,EN00551,trottinette,grenoble,ST1054,ST1053,2026-07-25 07:10:43,2026-07-25 07:33:43,23,5.61,6.06,paypal
TR2607250005606,CL103005,EN00524,velo_elec,Grenoble,ST1054,ST1058,1784955664,2026-07-25 07:05:04,4,0.72,2.0,abonnement
TR2607250005607,CL102604,EN00240,trottinette,Nantes,ST1024,ST1032,2026-07-25 07:26:09,1784957769,10,1.58,3.2,paypal
TR2607250005608,CL100734,EN00228,trottinette,Nantes,ST1028,ST1030,25/07/2026 07:28,,13,2.91,3.86,abonnement
TR2607250005609,CL101565,EN00258,trottinette,Nantes,ST1028,ST1029,2026-07-25 07:18:05,,12,3.22,3.64,cb
TR2607250005610,CL100811,EN00361,trottinette,Lille,ST1038,ST1034,2026-07-25 07:22:00,2026-07-25 07:37:00,15,2.41,4.3,cb
TR2607250005611,CL104333,EN00476,trottinette,Lille,ST1042,ST1040,2026-07-25 07:24:34,2026-07-25 07:36:34,12,4.05,3.64,abonnement
TR2607250005612,CL108837,EN00449,trottinette,Lille,ST1043,ST1044,2026-07-25 07:29:43,2026-07-25 07:47:43,18,3.7,4.96,cb
TR2607250005613,CL105418,EN00377,trottinette,Lille,ST1046,ST1035,2026-07-25 07:19:08,25/07/2026 07:40,21,5.95,5.62,cb
TR2607250005614,CL103212,EN00527,velo_elec,Grenoble ,ST1049,ST1050,25/07/2026 07:20,2026-07-25 07:25:42,5,1.53,2.25,cb
TR2607250005615,CL106600,EN00599,trottinette,Grenoble,ST1052,ST1057,2026-07-25 07:30:06,2026-07-25 07:45:06,15,3.13,4.3,abonnement
TR2607250005616,CL105737,EN00519,velo_elec,Grenoble,ST1057,ST1058,2026-07-25 07:28:47,2026-07-25 07:54:47,26,7.12,7.5,abonnement
TR2607250005617,CL108016,EN00348,velo_elec,Nantes,ST1030,ST1028,2026-07-25 07:33:31,2026-07-25 07:42:31,9,2.83,3.25,cb
TR2607250005618,CL102484,EN00417,trottinette,Lille,ST1037,ST1034,25/07/2026 07:37,25/07/2026 07:47,10,2.44,3.2,abonnement
TR2607250005619,CL104032,EN00493,velo_elec,Lille,ST1044,ST1039,2026-07-25 07:44:03,1784958843,10,2.31,3.5,cb
TR2607250005620,CL100707,EN00220,velo_elec,Lyon,ST1003,ST1015,25/07/2026 07:57,25/07/2026 08:10,13,2.45,4.25,abonnement
TR2607250005621,CL108307,EN00177,velo_elec,Lyon,ST1014,ST1006,2026-07-25 07:54:22,2026-07-25 08:09:22,15,3.79,4.75,cb
TR2607250005622,CL107721,EN00352,velo_elec,Nantes,ST1027,ST1030,25/07/2026 07:50,2026-07-25 08:01:15,11,1.66,3.75,cb
TR2607250005623,CL108212,EN00379,velo_elec,Lille,ST1035,ST1047,2026-07-25 07:52:11,2026-07-25 08:07:11,15,5.04,4.75,cb
TR2607250005624,CL102439,EN00428,velo_elec,Lille,ST1040,ST1046,2026-07-25 08:00:53,2026-07-25 08:14:53,14,3.45,4.5,cb
TR2607250005625,CL106619,EN00569,trottinette,Grenoble,ST1048,ST1055,2026-07-25 07:54:14,2026-07-25 08:08:14,14,3.8,4.08,cb
TR2607250005626,CL104489,EN00554,velo_elec,Grenoble,ST1052,ST1055,2026-07-25 07:50:34,2026-07-25 07:57:34,7,2.33,2.75,cb
TR2607250005627,CL106919,EN00590,velo_elec,Grenoble,ST1054,ST1057,2026-07-25 07:52:38,2026-07-25 08:05:38,13,2.33,4.25,paypal
TR2607250005628,CL100890,EN00124,velo_elec,Lyon,ST1004,ST1013,2026-07-25 08:07:42,25/07/2026 08:44,37,7.21,10.25,cb
TR2607250005629,CL108381,EN00029,velo_elec,Lyon,ST1008,ST1004,25/07/2026 08:02,2026-07-25 08:10:00,8,2.14,3.0,cb
TR2607250005630,CL103068,EN00112,velo_elec,Lyon,ST1016,ST1019,2026-07-25 08:13:41,2026-07-25 08:23:41,10,2.29,3.5,cb
TR2607250005631,CL100253,EN00195,velo_elec,Lyon,ST1016,ST1004,2026-07-25 08:10:25,2026-07-25 08:14:25,4,1.37,2.0,cb
TR2607250005632,CL101069,EN00384,trottinette,Lille,ST1034,ST1043,25/07/2026 08:11,1784960882,17,4.46,4.74,cb
TR2607250005633,CL902883,EN00444,trottinette,Lille,ST1035,ST1035,2026-07-25 08:10:06,,21,4.94,5.62,cb
TR2607250005634,CL104710,EN00404,trottinette,lille,ST1038,ST1036,2026-07-25 08:06:15,,7,1.18,2.54,cb
TR2607250005635,CL102492,EN00456,trottinette,Lille,ST1045,ST1047,2026-07-25 08:09:21,2026-07-25 08:15:21,6,1.27,2.32,cb
TR2607250005636,CL104811,EN00496,velo_elec,Lille,ST1046,ST1044,25/07/2026 08:10,2026-07-25 08:25:17,15,3.69,4.75,cb
TR2607250005637,CL103990,EN00535,velo_elec,Grenoble,ST1048,ST1057,2026-07-25 08:11:09,2026-07-25 08:17:09,6,1.03,2.5,cb
TR2607250005638,CL102910,EN00509,trottinette,Grenoble,ST1055,ST1048,25/07/2026 08:04,2026-07-25 08:23:58,19,3.09,5.18,abonnement
TR2607250005639,CL105526,EN00001,velo_elec,Lyon,ST1001,ST1009,2026-07-25 08:30:18,2026-07-25 08:47:18,17,3.23,5.25,paypal
TR2607250005640,CL106805,EN00170,trottinette,Lyon,ST1004,ST1008,2026-07-25 08:22:03,2026-07-25 08:35:03,13,4.12,3.86,paypal
TR2607250005641,CL106210,EN00161,velo_elec,Lyon,ST1005,ST1019,25/07/2026 08:16,25/07/2026 08:20,4,1.06,2.0,cb
TR2607250005642,CL100606,EN00090,trottinette,Lyonn,ST1009,ST1017,2026-07-25 08:19:01,2026-07-25 08:49:01,30,7.95,7.6,abonnement
TR2607250005643,CL104868,EN00141,velo_elec,Lyon,ST1012,ST1007,2026-07-25 08:24:49,1784961229,9,1.68,3.25,cb
TR2607250005644,CL101187,EN00191,trottinette,Lyon,ST1014,ST1001,2026-07-25 08:27:36,2026-07-25 08:39:36,12,2.1,3.64,cb
TR2607250005645,CL106958,EN00094,velo_elec,Lyon,ST1015,ST1012,2026-07-25 08:30:37,2026-07-25 08:41:37,11,2.99,3.75,abonnement
TR2607250005646,CL105127,EN00171,velo,Lyon,ST1017,ST1004,25/07/2026 08:28,2026-07-25 08:40:20,12,3.46,2.8,
TR2607250005647,CL103759,EN00313,trottinette,Nantes,ST1025,ST1022,2026-07-25 08:23:42,2026-07-25 08:58:42,35,11.95,8.7,cb
TR2607250005648,CL102644,EN00250,velo_elec,Nantes,ST1026,ST1026,1784960881,2026-07-25 08:35:01,7,2.06,2.75,abonnement
TR2607250005649,CL106669,EN00462,velo_elec,Lille,ST1037,ST1041,2026-07-25 08:19:45,2026-07-25 08:25:45,6,2.0,2.5,cb
TR2607250005650,CL101642,EN00456,trottinette,Lille,ST1047,ST1034,,2026-07-25 08:24:39,8,2.23,2.76,
TR2607250005651,CL106081,EN00513,velo_elec,Grenoble,ST1048,ST1048,2026-07-25 08:22:21,1784961141,10,3.28,3.5,cb
TR2607250005652,CL100067,EN00504,trottinette,Grenoble,ST1049,ST1055,25/07/2026 08:17,2026-07-25 08:30:39,13,2.43,3.86,abonnement
TR2607250005653,CL100342,EN00551,trottinette,GRENOBLE,ST1053,ST1049,2026-07-25 08:25:19,2026-07-25 08:29:19,4,1.14,1.88,cb
TR2607250005654,CL102148,EN00218,velo_elec,Lyon,ST1009,ST1002,2026-07-25 08:31:26,2026-07-25 09:08:26,37,6.12,10.25,paypal
TR2607250005655,CL105904,EN00049,trottinette,Lyon,ST1010,ST1015,25/07/2026 08:41,2026-07-25 08:55:19,14,4.29,4.08,cb
TR2607250005656,CL103593,EN00018,trottinette,Lyon,ST1013,ST1003,25/07/2026 08:43,2026-07-25 08:49:11,6,1.16,2.32,cb
TR2607250005657,CL108901,EN00081,velo_elec,Lyon,ST1015,ST1014,2026-07-25 08:32:12,2026-07-25 09:00:12,28,4.87,8.0,cb
TR2607250005658,CL103587,EN00043,velo,Lyon,ST1017,ST1009,2026-07-25 08:33:09,2026-07-25 08:56:09,23,5.69,4.45,cb
TR2607250005659,CL104049,EN00228,trottinette,Nantes,ST1030,ST1032,2026-07-25 08:39:22,1784962342,13,2.45,3.86,cb
TR2607250005660,CL106994,EN00264,trottinette,Nantes,ST1032,ST1022,2026-07-25 08:36:13,2026-07-25 08:50:13,14,3.03,4.08,cb
TR2607250005661,CL106334,EN00456,trottinette,Lille,ST1034,ST1034,2026-07-25 08:32:44,2026-07-25 09:09:44,37,7.16,9.14,abonnement
TR2607250005662,CL104787,EN00492,velo_elec,lille,ST1038,ST1036,2026-07-25 08:35:15,2026-07-25 08:45:15,10,1.52,3.5,paypal
TR2607250005663,CL104207,EN00409,trottinette,Lille,ST1040,ST1038,2026-07-25 08:31:27,2026-07-25 08:48:27,17,5.15,4.74,abonnement
TR2607250005664,CL106773,EN00428,velo_elec,Lille,ST1046,ST1041,,2026-07-25 08:57:00,12,3.45,4.0,abonnement
TR2607250005665,CL106295,EN00379,velo_elec,Lille,ST1047,ST1046,2026-07-25 08:42:08,2026-07-25 08:46:08,4,0.81,2.0,cb
TR2607250005666,CL107652,EN00102,velo_elec,Lyon,ST1010,ST1002,2026-07-25 09:00:09,1784964009,-7,3.3,6.0,abonnement
TR2607250005667,CL106030,EN00135,trottinette,Lyon,ST1018,ST1018,2026-07-25 08:59:47,2026-07-25 09:07:47,8,1.89,2.76,abonnement
TR2607250005668,CL101024,EN00184,velo_elec,Lyon ,ST1018,ST1010,2026-07-25 08:58:15,2026-07-25 09:25:15,27,7.77,7.75,abonnement
TR2607250005669,CL104359,EN00261,trottinette,Nantes,ST1020,ST1021,2026-07-25 08:51:30,2026-07-25 09:01:30,10,3.06,3.2,paypal
TR2607250005670,CL107205,EN00349,velo_elec,Nantes,ST1021,ST1027,2026-07-25 08:58:24,2026-07-25 09:16:24,18,5.78,5.5,cb
TR2607250005671,CL107742,EN00359,trottinette,Nantes,ST1025,ST1020,2026-07-25 08:50:18,2026-07-25 08:59:18,9,1.69,2.98,cb
TR2607250005672,CL105999,EN00455,velo_elec,Lille,ST1034,ST1037,2026-07-25 08:56:38,2026-07-25 09:26:38,30,7.98,8.5,paypal
TR2607250005673,CL103563,EN00467,velo_elec,Lille,ST1047,ST1042,2026-07-25 08:56:24,2026-07-25 09:02:24,6,1.35,2.5,cb
TR2607250005674,CL104167,EN00372,trottinette,Lille,ST1047,ST1036,25/07/2026 08:47,2026-07-25 08:53:16,6,1.26,2.32,abonnement
TR2607250005675,CL105327,EN00546,trottinette,Grenoble,ST1049,ST1054,1784962671,2026-07-25 09:21:51,24,3.67,6.28,abonnement
TR2607250005676,CL103781,EN00532,velo_elec,Grenoble,ST1054,ST1058,2026-07-25 08:56:27,1784962887,5,1.39,2.25,abonnement
TR2607250005677,CL103872,EN00586,velo,Grenoble,ST1054,ST1056,2026-07-25 08:58:36,25/07/2026 09:23,25,4.71,4.75,cb
TR2607250005678,CL106694,EN00030,trottinette,Lyon,ST1001,ST1004,2026-07-25 09:15:05,2026-07-25 09:40:05,25,5.14,6.5,cb
TR2607250005679,CL103529,EN00185,trottinette,Lyon,ST1002,ST1006,25/07/2026 09:03,2026-07-25 09:14:52,11,2.63,3.42,cb
TR2607250005680,CL100624,EN00168,velo_elec,Lyon,ST1005,ST1011,2026-07-25 09:01:03,2026-07-25 09:08:03,7,1.62,2.75,abonnement
TR2607250005681,CL101252,EN00054,trottinette,Lyon,ST1006,ST1017,2026-07-25 09:08:19,2026-07-25 09:16:19,8,1.84,2.76,paypal
TR2607250005682,CL102796,EN00172,trottinette,Lyon,ST1011,ST1012,2026-07-25 09:10:42,2026-07-25 09:26:42,16,5.27,4.52,cb
TR2607250005683,CL102624,EN00044,trottinette,Lyon ,ST1012,ST1006,2026-07-25 09:03:36,2026-07-25 09:13:36,10,2.16,3.2,abonnement
TR2607250005684,CL106731,EN00079,velo_elec,Lyon,ST1018,ST1004,2026-07-25 09:04:12,2026-07-25 09:13:12,9,1.97,3.25,abonnement
TR2607250005685,CL105235,EN00271,velo_elec,Nantes,ST1025,ST1024,2026-07-25 09:03:52,1784963452,7,1.85,2.75,cb
TR2607250005686,CL101702,EN00341,velo_elec,Nantes,ST1033,ST1030,2026-07-25 09:08:39,2026-07-25 09:20:39,12,2.7,4.0,cb
TR2607250005687,CL103893,EN00477,trottinette,Lille,ST1036,ST1046,1784963051,1784964251,20,3.51,5.4,abonnement
TR2607250005688,CL108056,EN00534,trottinette,Grenoble ,ST1049,ST1054,2026-07-25 09:10:19,2026-07-25 09:25:19,-30,4.35,4.3,cb
TR2607250005689,CL105467,EN00562,velo,Grenoble,ST1052,ST1053,2026-07-25 09:02:54,2026-07-25 09:18:54,16,5.11,3.4,abonnement
TR2607250005690,CL103551,EN00549,velo_elec,Grenoble,ST1053,ST1057,2026-07-25 09:12:03,2026-07-25 09:18:03,6,1.74,2.5,paypal
TR2607250005691,CL100210,EN00577,velo_elec,Grenoble,ST1053,ST1056,2026-07-25 09:13:40,2026-07-25 09:20:40,7,2.4,2.75,paypal
TR2607250005692,CL100774,EN00129,velo_elec,Lyon,ST1005,ST1004,25/07/2026 09:19,2026-07-25 09:39:26,20,4.86,6.0,abonnement
TR2607250005693,CL105033,EN00044,trottinette,Lyon,ST1006,ST1001,25/07/2026 09:29,2026-07-25 09:37:47,8,1.98,2.76,cb
TR2607250005694,CL104241,EN00201,velo_elec,Lyon,ST1008,ST1012,2026-07-25 09:28:14,2026-07-25 09:33:14,5,0.75,2.25,cb
TR2607250005695,CL104633,EN00001,velo_elec,Lyon,ST1009,ST1014,2026-07-25 09:21:29,2026-07-25 09:39:29,18,5.85,5.5,cb
TR2607250005696,CL102608,EN00135,trottinette,LYON,ST1018,ST1004,2026-07-25 09:26:22,2026-07-25 09:51:22,25,4.13,6.5,cb
TR2607250005697,CL102210,EN00307,trottinette,nantes,ST1022,ST1028,25/07/2026 09:28,25/07/2026 09:39,11,2.5,3.42,cb
TR2607250005698,CL102147,EN00300,velo_elec,Nantes,ST1025,ST1021,2026-07-25 09:17:21,2026-07-25 09:30:21,13,2.96,4.25,abonnement
TR2607250005699,CL100552,EN00239,trottinette,Nantes,ST1027,ST1025,25/07/2026 09:18,2026-07-25 09:33:08,15,4.26,4.3,cb
TR2607250005700,CL108732,EN00237,velo_elec,Nantes,ST1028,ST1031,2026-07-25 09:28:14,2026-07-25 09:42:14,14,4.85,4.5,abonnement
TR2607250005701,CL101136,EN00333,trottinette,Nantes,ST1031,ST1032,2026-07-25 09:20:25,2026-07-25 09:48:25,28,4.92,7.16,cb
TR2607250005702,CL101595,EN00327,velo_elec,NANTES,ST1031,ST1025,2026-07-25 09:16:46,1784964166,6,1.17,2.5,abonnement
TR2607250005703,CL101173,EN00246,trottinette,Nantes,ST1033,ST1031,2026-07-25 09:23:08,1784965568,23,4.84,6.06,paypal
TR2607250005704,CL106699,EN00384,trottinette,Lille,ST1043,ST1046,25/07/2026 09:15,2026-07-25 09:22:59,7,1.99,2.54,abonnement
TR2607250005705,CL103405,EN00490,velo,Lille,ST1047,ST1044,2026-07-25 09:19:47,2026-07-25 09:26:47,7,1.86,2.05,cb
TR2607250005706,CL101941,EN00509,trottinette,Grenoble,ST1048,ST1053,2026-07-25 09:27:53,2026-07-25 09:54:53,27,5.99,6.94,cb
TR2607250005707,CL107093,EN00513,velo_elec,Grenoble,ST1048,ST1055,25/07/2026 09:19,2026-07-25 09:35:13,16,3.66,5.0,cb
TR2607250005708,CL101293,EN00591,velo_elec,Grenoble,ST1049,ST1048,2026-07-25 09:27:21,2026-07-25 09:36:21,9,2.05,3.25,cb
TR2607250005709,CL108622,EN00551,trottinette,Grenoble,ST1049,ST1055,2026-07-25 09:30:25,25/07/2026 10:14,44,13.56,10.68,abonnement
TR2607250005710,CL107623,EN00514,velo_elec,Grenoble,ST1050,ST1058,,25/07/2026 09:36,9,2.23,3.25,cb
TR2607250005711,CL105140,EN00504,trottinette,Grenoble,ST1055,ST1052,2026-07-25 09:29:25,2026-07-25 09:47:25,18,2.78,4.96,abonnement
TR2607250005712,CL105026,EN00535,velo_elec,Grenoble,ST1057,ST1050,1784963928,2026-07-25 09:25:48,7,1.24,2.75,cb
TR2607250005713,CL103137,EN00047,velo_elec,Lyon,ST1005,ST1019,2026-07-25 09:39:46,2026-07-25 09:53:46,14,4.41,4.5,cb
TR2607250005714,CL105276,EN00185,trottinette,Lyon,ST1006,ST1019,2026-07-25 09:32:59,2026-07-25 09:45:59,13,3.32,3.86,abonnement
TR2607250005715,CL100850,EN00094,velo_elec,Lyon,ST1012,ST1017,2026-07-25 09:36:25,2026-07-25 09:50:25,14,4.32,4.5,paypal
TR2607250005716,CL103231,EN00081,velo_elec,lyon,ST1014,ST1019,25/07/2026 09:37,2026-07-25 09:47:01,10,2.04,3.5,paypal
TR2607250005717,CL106945,EN00220,velo_elec,Lyon,ST1015,ST1003,2026-07-25 09:38:12,2026-07-25 09:45:12,7,1.32,2.75,abonnement
TR2607250005718,CL101763,EN00100,velo_elec,Lyon,ST1016,ST1004,1784965464,2026-07-25 09:50:24,6,1.42,2.5,cb
TR2607250005719,CL101017,EN00485,trottinette, Lille,ST1037,ST1034,2026-07-25 09:39:30,2026-07-25 09:49:30,10,3.22,3.2,paypal
TR2607250005720,CL104408,EN00411,trottinette,Lille,ST1040,ST1041,2026-07-25 09:36:27,25/07/2026 09:50,14,4.57,4.08,cb
TR2607250005721,CL100309,EN00476,trottinette,Lille,ST1040,ST1041,2026-07-25 09:37:44,2026-07-25 09:43:44,6,1.39,2.32,abonnement
TR2607250005722,CL101845,EN00501,trottinette,Grenoble,ST1051,ST1050,25/07/2026 09:39,2026-07-25 09:49:19,10,3.46,3.2,cb
TR2607250005723,CL100267,EN00546,trottinette,grenoble,ST1054,ST1052,2026-07-25 09:39:03,2026-07-25 09:43:03,4,0.68,1.88,cb
TR2607250005724,CL101890,EN00539,velo_elec,Grenoble ,ST1055,ST1052,2026-07-25 09:40:33,2026-07-25 09:54:33,14,3.89,4.5,cb
TR2607250005725,CL102660,EN00191,trottinette,Lyon,ST1001,ST1017,2026-07-25 10:00:37,2026-07-25 10:07:37,7,1.22,2.54,abonnement
TR2607250005726,CL100026,EN00136,trottinette,Lyon,ST1002,ST1015,2026-07-25 09:52:16,2026-07-25 10:06:16,14,2.24,4.08,
TR2607250005727,CL103460,EN00097,velo_elec,Lyon,ST1010,ST1008,1784966409,2026-07-25 10:08:09,8,1.23,3.0,abonnement
TR2607250005728,CL103585,EN00201,velo_elec,Lyon,ST1012,ST1011,2026-07-25 09:52:09,25/07/2026 10:18,26,5.66,7.5,cb
TR2607250005729,CL106088,EN00001,velo_elec,Lyon,ST1014,ST1008,2026-07-25 09:57:57,2026-07-25 10:22:57,25,5.77,7.25,cb
TR2607250005730,CL105565,EN00214,trottinette,Lyonn,ST1016,ST1004,2026-07-25 09:56:05,2026-07-25 10:09:05,13,3.93,3.86,abonnement
TR2607250005731,CL106183,EN00216,velo_elec,Lyon,ST1019,ST1001,2026-07-25 09:53:17,2026-07-25 10:07:17,14,3.14,4.5,abonnement
TR2607250005732,CL102920,EN00359,trottinette,Nantes,ST1020,ST1025,1784965879,2026-07-25 10:01:19,10,1.64,3.2,cb
TR2607250005733,CL106371,EN00261,trottinette,Nantes,ST1021,ST1020,25/07/2026 09:51,2026-07-25 10:08:00,17,4.1,4.74,cb
TR2607250005734,CL108596,EN00270,velo_elec,Nantes,ST1023,ST1027,2026-07-25 09:54:41,25/07/2026 10:17,23,4.77,6.75,cb
TR2607250005735,CL106371,EN00271,velo_elec,Nantes,ST1024,ST1023,2026-07-25 10:00:29,2026-07-25 10:06:29,6,1.91,2.5,abonnement
TR2607250005736,CL103491,EN00334,trottinette,Nantes,ST1031,ST1032,2026-07-25 09:57:36,2026-07-25 10:20:36,-11,6.0,6.06,cb
TR2607250005737,CL105380,EN00479,trottinette,Lille,ST1039,ST1047,2026-07-25 09:48:21,2026-07-25 09:57:21,9,2.63,2.98,cb
TR2607250005738,CL103182,EN00414,velo_elec,Lille,ST1039,ST1043,2026-07-25 09:52:46,2026-07-25 10:02:46,10,2.72,3.5,paypal
TR2607250005739,CL106041,EN00527,velo_elec,Grenoble,ST1050,ST1049,25/07/2026 09:51,2026-07-25 10:01:45,10,3.01,3.5,paypal
TR2607250005740,CL102206,EN00535,velo_elec,Grenoble,ST1050,ST1057,2026-07-25 09:46:25,2026-07-25 10:12:25,-12,7.1,7.5,cb
TR2607250005741,CL108386,EN00533,velo_elec,Grenoble,ST1051,ST1054,25/07/2026 09:52,2026-07-25 10:23:49,31,5.28,8.75,abonnement
TR2607250005742,CL107611,EN00584,trottinette,Grenoble,ST1053,ST1057,2026-07-25 09:47:27,2026-07-25 09:58:27,11,3.37,,cb
TR2607250005743,CL103832,EN00534,trottinette,Grenoble,ST1054,ST1048,2026-07-25 09:49:50,2026-07-25 09:58:50,9,2.3,2.98,cb
TR2607250005744,CL105198,EN00044,trottinette,Lyon,ST1001,ST1012,2026-07-25 10:02:16,2026-07-25 10:10:16,8,1.64,2.76,cb
TR2607250005745,CL101146,EN00151,trottinette,Lyon,ST1002,ST1005,2026-07-25 10:08:53,2026-07-25 10:16:53,8,2.48,2.76,paypal
TR2607250005746,CL101244,EN00182,trottinette,Lyon,ST1004,ST1006,2026-07-25 10:13:47,2026-07-25 10:17:47,4,0.64,1.88,cb
TR2607250005747,CL108425,EN00170,trottinette,Lyon,ST1008,ST1019,1784967138,2026-07-25 10:27:18,15,5.06,4.3,cb
TR2607250005748,CL102436,EN00110,velo_elec,Lyon,ST1008,ST1009,1784967309,1784967789,8,1.45,3.0,cb
TR2607250005749,CL101264,EN00057,velo_elec,Lyon,ST1010,ST1002,2026-07-25 10:06:11,2026-07-25 10:15:11,9,2.45,,cb
TR2607250005750,CL108713,EN00042,trottinette,Lyon,ST1011,ST1012,2026-07-25 10:15:00,2026-07-25 10:31:00,16,2.51,4.52,cb
TR2607250005751,CL104088,EN00055,trottinette,Lyon,ST1011,ST1010,,1784968309,24,4.43,6.28,paypal
TR2607250005752,CL101652,EN00172,trottinette,Lyon,ST1012,ST1012,2026-07-25 10:12:28,25/07/2026 10:22,10,2.28,3.2,cb
TR2607250005753,CL108010,EN00113,velo_elec,Lyon,ST1013,ST1014,2026-07-25 10:14:46,2026-07-25 10:23:46,9,2.71,3.25,cb
TR2607250005754,CL104482,EN00010,trottinette,Lyon,ST1014,ST1009,2026-07-25 10:05:59,2026-07-25 10:12:59,7,2.08,2.54,cb
TR2607250005755,CL106145,EN00014,velo_elec,Lyon,ST1014,ST1010,2026-07-25 10:07:56,2026-07-25 10:16:56,9,2.5,3.25,abonnement
TR2607250005756,CL103766,EN00039,velo_elec,Lyon,ST1014,ST1014,1784966534,2026-07-25 10:17:14,15,3.84,4.75,paypal
TR2607250005757,CL105807,EN00109,trottinette,Lyonn,ST1015,ST1011,,2026-07-25 10:11:55,4,1.14,1.88,abonnement
TR2607250005758,CL103509,EN00078,velo_elec,Lyon,ST1019,ST1002,2026-07-25 10:11:15,2026-07-25 10:24:15,13,3.91,4.25,cb
TR2607250005759,CL104023,EN00276,velo_elec,Nantes,ST1021,ST1026,25/07/2026 10:03,2026-07-25 10:15:32,12,4.02,4.0,cb
TR2607250005760,CL108941,EN00250,velo_elec,Nantes,ST1026,ST1021,1784967081,2026-07-25 10:34:21,23,6.25,6.75,cb
TR2607250005761,CL108774,EN00228,trottinette,Nantes,ST1032,ST1033,2026-07-25 10:01:43,2026-07-25 10:08:43,7,1.31,2.54,abonnement
TR2607250005762,CL108411,EN00485,trottinette,Lille,ST1034,ST1044,2026-07-25 10:03:05,,3,0.46,1.66,abonnement
TR2607250005763,CL101243,EN00368,trottinette,Lille,ST1040,ST1044,2026-07-25 10:14:46,1784967766,8,2.48,2.76,cb
TR2607250005764,CL107636,EN00479,trottinette,Lille,ST1047,ST1041,2026-07-25 10:07:20,2026-07-25 10:16:20,9,2.22,2.98,cb
TR2607250005765,CL108210,EN00549,velo_elec,Grenoble,ST1057,ST1049,25/07/2026 10:08,2026-07-25 10:19:29,11,3.33,3.75,paypal
TR2607250005766,CL108062,EN00216,velo_elec,Lyon,ST1001,ST1018,2026-07-25 10:21:08,2026-07-25 10:32:08,11,3.0,3.75,cb
TR2607250005767,CL108436,EN00211,velo_elec,Lyon,ST1003,ST1010,2026-07-25 10:19:51,2026-07-25 10:33:51,14,4.52,4.5,cb
TR2607250005768,CL104893,EN00186,trottinette,Lyon,ST1006,ST1018,2026-07-25 10:25:58,2026-07-25 10:32:58,7,1.37,2.54,cb
TR2607250005769,CL102832,EN00141,velo_elec,Lyon,ST1007,ST1019,2026-07-25 10:26:23,25/07/2026 10:32,6,1.52,2.5,abonnement
TR2607250005770,CL102160,EN00044,trottinette,Lyon,ST1012,ST1003,2026-07-25 10:28:38,2026-07-25 10:35:38,7,1.81,2.54,cb
TR2607250005771,CL108282,EN00202,trottinette,Lyon,ST1015,ST1012,2026-07-25 10:16:57,2026-07-25 10:25:57,9,2.36,2.98,cb
TR2607250005772,CL104514,EN00154,trottinette,Lyon,ST1016,ST1019,,2026-07-25 10:26:33,8,1.49,2.76,
TR2607250005773,CL107671,EN00090,trottinette,Lyonn,ST1017,ST1010,25/07/2026 10:26,25/07/2026 10:51,25,5.6,6.5,abonnement
TR2607250005774,CL101354,EN00098,velo_elec,Lyon,ST1018,ST1011,2026-07-25 10:16:12,2026-07-25 10:43:12,27,4.61,7.75,abonnement
TR2607250005775,CL105645,EN00300,velo_elec,Nantes,ST1021,ST1033,,2026-07-25 10:50:19,26,8.24,7.5,cb
TR2607250005776,CL102962,EN00336,velo_elec,Nantes,ST1026,ST1024,1784968028,2026-07-25 10:51:08,24,7.28,7.0,cb
TR2607250005777,CL107721,EN00307,trottinette,Nantes,ST1028,ST1024,2026-07-25 10:28:31,2026-07-25 10:41:31,13,2.37,3.86,abonnement
TR2607250005778,CL105485,EN00337,trottinette,Nantes,ST1030,ST1025,2026-07-25 10:26:01,2026-07-25 10:38:01,12,4.1,3.64,cb
TR2607250005779,CL105494,EN00455,velo_elec,Lille,ST1037,ST1038,1784968029,1784971809,63,12.74,16.75,cb
TR2607250005780,CL105722,EN00375,trottinette,Lille,ST1038,ST1047,2026-07-25 10:20:49,25/07/2026 10:35,15,4.58,4.3,cb
TR2607250005781,CL102583,EN00408,velo_elec,LILLE,ST1040,ST1045,2026-07-25 10:28:41,2026-07-25 10:39:41,11,2.29,3.75,cb
TR2607250005782,CL102401,EN00484,velo_elec,Lille,ST1040,ST1036,,2026-07-25 10:29:03,13,3.64,4.25,abonnement
TR2607250005783,CL108896,EN00488,velo_elec,Lille,ST1044,ST1037,2026-07-25 10:25:43,25/07/2026 10:38,13,3.28,4.25,cb
TR2607250005784,CL102026,EN00446,trottinette,Lille,ST1045,ST1046,2026-07-25 10:26:58,2026-07-25 10:41:58,15,4.3,4.3,cb
TR2607250005785,CL100693,EN00430,velo_elec,Lille,ST1045,ST1041,,2026-07-25 10:35:32,15,4.27,4.75,abonnement
TR2607250005786,CL105561,EN00364,velo,Lille,ST1047,ST1040,2026-07-25 10:19:14,25/07/2026 10:30,11,2.57,2.65,cb
TR2607250005787,CL104846,EN00508,trottinette,Grenoble,ST1050,ST1058,2026-07-25 10:22:55,2026-07-25 10:51:55,29,8.44,7.38,cb
TR2607250005788,CL103134,EN00567,velo_elec,grenoble,ST1056,ST1053,2026-07-25 10:19:15,2026-07-25 10:27:15,8,2.2,3.0,abonnement
TR2607250005789,CL103999,EN00599,trottinette,Grenoble,ST1057,ST1049,25/07/2026 10:26,2026-07-25 10:45:29,19,5.6,5.18,cb
TR2607250005790,CL101617,EN00563,trottinette,Grenoble,ST1058,ST1053,2026-07-25 10:30:16,25/07/2026 10:47,17,3.42,4.74,abonnement
TR2607250005791,CL108993,EN00164,trottinette,Lyon,ST1003,ST1015,25/07/2026 10:32,2026-07-25 10:48:57,16,5.39,4.52,paypal
TR2607250005792,CL101391,EN00146,trottinette,Lyon,ST1003,ST1019,2026-07-25 10:41:36,2026-07-25 10:48:36,7,1.49,2.54,
TR2607250005793,CL101102,EN00220,velo_elec,Lyon,ST1003,ST1009,2026-07-25 10:41:20,2026-07-25 10:57:20,16,3.22,5.0,cb
TR2607250005794,CL101337,EN00055,trottinette,Lyon,ST1010,ST1015,2026-07-25 10:35:53,2026-07-25 10:45:53,10,2.53,3.2,cb
TR2607250005795,CL104211,EN00261,trottinette,Nantes,ST1020,ST9544,25/07/2026 10:41,2026-07-25 10:53:30,12,2.48,3.64,cb
TR2607250005796,CL100339,EN00304,velo_elec,Nante,ST1021,ST1029,2026-07-25 10:42:46,2026-07-25 10:56:46,14,4.23,4.5,cb
TR2607250005797,CL100751,EN00351,trottinette,Nantes,ST1024,ST1031,2026-07-25 10:36:15,1784968995,7,2.19,2.54,cb
TR2607250005798,CL106860,EN00281,velo_elec,Nantes,ST1028,ST1032,2026-07-25 10:44:20,2026-07-25 11:16:20,32,5.19,9.0,abonnement
TR2607250005799,CL107037,EN00272,trottinette,Nantes,ST1029,ST1033,2026-07-25 10:45:23,2026-07-25 10:48:23,3,1.04,1.66,abonnement
TR2607250005800,CL103989,EN00341,velo_elec,Nantes,ST1030,ST1022,1784968822,2026-07-25 10:57:22,17,4.46,5.25,cb
TR2607250005801,CL102993,EN00456,trottinette,Lille,ST1034,ST1039,2026-07-25 10:33:44,2026-07-25 10:47:44,14,2.73,4.08,abonnement
TR2607250005802,CL107365,EN00407,velo,Lille,ST1037,ST1041,2026-07-25 10:35:38,2026-07-25 10:40:38,5,1.17,1.75,paypal
TR2607250005803,CL100360,EN00493,velo_elec,Lille,ST1039,ST1038,25/07/2026 10:39,2026-07-25 10:53:38,14,4.64,4.5,paypal
TR2607250005804,CL101184,EN00422,velo_elec,Lille,ST1040,ST1036,1784968542,2026-07-25 10:48:42,13,2.77,4.25,cb
TR2607250005805,CL107430,EN00405,trottinette,lille,ST1040,ST1041,2026-07-25 10:36:41,25/07/2026 10:58,22,5.79,5.84,cb
TR2607250005806,CL105830,EN00393,trottinette,Lille,ST1041,ST1034,25/07/2026 10:45,2026-07-25 11:01:45,16,2.94,4.52,cb
TR2607250005807,CL108447,EN00410,velo_elec,lille,ST1041,ST1041,2026-07-25 10:31:39,2026-07-25 10:38:39,7,2.02,2.75,cb
TR2607250005808,CL105578,EN00501,trottinette,Grenoble,ST1050,ST1051,2026-07-25 10:34:07,2026-07-25 10:42:07,8,1.37,2.76,paypal
TR2607250005809,CL104796,EN00596,velo_elec,Grenoble,ST1056,ST1058,2026-07-25 10:38:32,2026-07-25 10:52:32,14,2.68,4.5,abonnement
TR2607250005810,CL102807,EN00585,velo_elec,grenoble,ST1057,ST1056,2026-07-25 10:44:54,25/07/2026 10:47,3,0.97,1.75,abonnement
TR2607250005811,CL102218,EN00135,trottinette,Lyon,ST1004,ST1012,25/07/2026 10:56,2026-07-25 11:07:47,11,2.52,3.42,cb
TR2607250005812,CL100822,EN00023,trottinette,Lyon,ST1005,ST1018,2026-07-25 10:52:04,25/07/2026 11:01,9,2.46,2.98,abonnement
TR2607250005813,CL107099,EN00151,trottinette,Lyon,ST1005,ST1016,,2026-07-25 11:08:37,18,4.31,4.96,paypal
TR2607250005814,CL101591,EN00130,velo_elec,lyon,ST1005,ST1007,25/07/2026 10:52,2026-07-25 11:09:36,17,4.45,5.25,abonnement
TR2607250005815,CL100637,EN00213,trottinette,Lyon,ST1007,ST1003,1784969173,2026-07-25 10:50:13,4,0.77,1.88,cb
TR2607250005816,CL101488,EN00067,velo_elec,Lyon,ST1009,ST1001,1784969270,2026-07-25 10:59:50,12,3.58,4.0,cb
TR2607250005817,CL107421,EN00201,velo_elec,Lyon,ST1011,ST1017,2026-07-25 10:51:03,2026-07-25 11:17:03,26,6.02,7.5,cb
TR2607250005818,CL106622,EN00042,trottinette,Lyon,ST1012,ST1003,2026-07-25 10:51:07,2026-07-25 11:08:07,17,3.43,4.74,cb
TR2607250005819,CL101417,EN00124,velo_elec,Lyon,ST1013,ST1009,2026-07-25 10:58:31,2026-07-25 11:12:31,14,3.33,4.5,abonnement
TR2607250005820,CL104392,EN00094,velo_elec,Lyon,ST1017,ST1011,2026-07-25 10:55:26,,15,4.15,4.75,cb
TR2607250005821,CL104630,EN00216,velo_elec,Lyon,ST1018,ST1003,2026-07-25 10:47:31,2026-07-25 10:53:31,6,1.44,2.5,cb
TR2607250005822,CL100858,EN00186,trottinette,Lyon,ST1018,ST1002,1784969683,25/07/2026 11:10,16,2.42,4.52,abonnement
TR2607250005823,CL100508,EN00197,velo_elec,Lyon,ST1018,ST1005,2026-07-25 10:48:33,2026-07-25 11:12:33,24,7.19,7.0,abonnement
TR2607250005824,CL102608,EN00133,velo_elec,Lyon,ST1018,ST1002,2026-07-25 10:46:51,1784969871,11,1.96,3.75,abonnement
TR2607250005825,CL105351,EN00131,trottinette,Lyon,ST1019,ST1004,2026-07-25 11:00:14,2026-07-25 11:08:14,8,1.33,2.76,abonnement
TR2607250005826,CL108420,EN00271,velo_elec,Nantes,ST1023,ST1028,2026-07-25 10:46:26,2026-07-25 10:58:26,12,1.83,4.0,cb
TR2607250005827,CL108731,EN00277,velo_elec,Nantes,ST1029,ST1024,25/07/2026 10:49,25/07/2026 11:04,15,2.59,4.75,cb
TR2607250005828,CL106170,EN00468,trottinette,Lille,ST1038,ST1046,25/07/2026 10:48,2026-07-25 10:53:26,5,1.6,2.1,paypal
TR2607250005829,CL100868,EN00410,velo_elec,Lille,ST1041,ST1036,2026-07-25 10:57:39,2026-07-25 11:01:39,4,1.18,2.0,paypal
TR2607250005830,CL104158,EN00382,trottinette,Lille,ST1043,ST1044,25/07/2026 10:58,2026-07-25 11:07:05,9,2.61,2.98,cb
TR2607250005831,CL103273,EN00495,trottinette,Lille,ST1046,ST1047,2026-07-25 10:49:41,2026-07-25 10:55:41,6,1.14,2.32,paypal
TR2607250005832,CL105894,EN00477,trottinette,Lille,ST1046,ST1036,2026-07-25 10:51:08,25/07/2026 11:02,11,3.09,3.42,paypal
TR2607250005833,CL102356,EN00535,velo_elec,Grenoble,ST1057,ST1051,2026-07-25 10:59:22,2026-07-25 11:04:22,5,1.31,2.25,abonnement
TR2607250005834,CL104627,EN00532,velo_elec,Grenoble,ST1058,ST1051,2026-07-25 10:56:30,2026-07-25 11:16:30,20,4.21,6.0,abonnement
TR2607250005835,CL100818,EN00067,velo_elec,Lyon,ST1001,ST1001,2026-07-25 11:04:45,2026-07-25 11:24:45,20,3.33,6.0,cb
TR2607250005836,CL961641,EN00182,trottinette,Lyon,ST1006,ST1004,1784970736,1784971216,8,2.3,2.76,cb
TR2607250005837,CL103836,EN00177,velo_elec,Lyon,ST1006,ST1012,2026-07-25 11:14:37,2026-07-25 11:23:37,9,1.77,3.25,cb
TR2607250005838,CL103118,EN00152,velo_elec,Lyon,ST1007,ST1009,25/07/2026 11:03,2026-07-25 11:23:05,20,5.14,6.0,paypal
TR2607250005839,CL108309,EN00119,trottinette,Lyon,ST1007,ST1015,2026-07-25 11:09:00,2026-07-25 11:17:00,8,2.47,2.76,paypal
TR2607250005840,CL100526,EN00001,velo_elec,Lyon,ST1008,ST1016,2026-07-25 11:09:50,2026-07-25 11:17:50,8,1.35,3.0,cb
TR2607250005841,CL102296,EN00220,velo_elec,Lyon,ST1009,ST1018,25/07/2026 11:03,1784970820,10,2.5,3.5,abonnement
TR2607250005842,CL108657,EN00211,velo_elec,Lyon,ST1010,ST1007,1784970705,2026-07-25 11:27:45,16,2.91,5.0,abonnement
TR2607250005843,CL103091,EN00098,velo_elec,Lyon,ST1011,ST1004,2026-07-25 11:09:33,1784971113,9,3.04,3.25,cb
TR2607250005844,CL104230,EN00033,trottinette,Lyon,ST1015,ST1007,2026-07-25 11:15:45,2026-07-25 11:21:45,6,1.88,2.32,paypal
TR2607250005845,CL103331,EN00200,trottinette,Lyon,ST1019,ST1011,2026-07-25 11:07:48,2026-07-25 11:09:48,2,0.37,1.44,cb
TR2607250005846,CL107276,EN00068,velo_elec,Lyon,ST1019,ST1017,25/07/2026 11:11,2026-07-25 11:17:37,6,1.99,2.5,abonnement
TR2607250005847,CL107547,EN00321,velo_elec,Nantes,ST1020,ST1023,2026-07-25 11:15:26,25/07/2026 11:25,10,2.36,3.5,cb
TR2607250005848,CL101216,EN00309,trottinette,Nantes,ST1020,ST1025,2026-07-25 11:10:43,2026-07-25 11:14:43,4,1.39,1.88,paypal
TR2607250005849,CL105978,EN00349,velo_elec,Nantes,ST1027,ST1028,2026-07-25 11:10:38,2026-07-25 11:19:38,9,1.48,3.25,cb
TR2607250005850,CL100552,EN00258,trottinette,Nantes,ST1029,ST1027,2026-07-25 11:11:33,2026-07-25 11:24:33,13,4.37,3.86,cb
TR2607250005851,CL105246,EN00238,velo_elec,Nantes,ST1030,ST1030,2026-07-25 11:13:32,2026-07-25 11:26:32,13,1.97,4.25,paypal
TR2607250005852,CL107729,EN00393,trottinette,Lille,ST1034,ST1035,2026-07-25 11:09:53,2026-07-25 11:26:53,17,2.91,4.74,abonnement
TR2607250005853,CL104944,EN00470,trottinette,Lille,ST1040,ST1040,2026-07-25 11:04:55,2026-07-25 11:25:55,21,4.78,5.62,cb
TR2607250005854,CL102096,EN00479,trottinette,Lille,ST1041,ST1045,2026-07-25 11:14:08,2026-07-25 11:21:08,7,1.29,2.54,
TR2607250005855,CL106344,EN00467,velo_elec,Lille,ST1042,ST1034,2026-07-25 11:04:54,2026-07-25 11:48:54,44,15.08,12.0,cb
TR2607250005856,CL108002,EN00385,velo_elec,Lille,ST1042,ST1047,2026-07-25 11:06:50,2026-07-25 11:16:50,10,3.3,3.5,cb
TR2607250005857,CL106769,EN00414,velo_elec,Lille,ST1043,ST1046,2026-07-25 11:10:08,2026-07-25 11:21:08,11,2.13,3.75,abonnement
TR2607250005858,CL108104,EN00495,trottinette,Lille,ST1047,ST1047,2026-07-25 11:14:01,2026-07-25 11:21:01,7,2.13,2.54,abonnement
TR2607250005859,CL105578,EN00587,trottinette,Grenoble ,ST1050,ST1056,2026-07-25 11:16:04,2026-07-25 11:26:04,10,2.07,3.2,cb
TR2607250005860,CL107069,EN00533,velo_elec,Grenoble,ST1054,ST1056,2026-07-25 11:14:48,25/07/2026 11:25,11,2.69,3.75,paypal
TR2607250005861,CL108115,EN00575,trottinette,Grenoble,ST1056,ST1052,2026-07-25 11:15:49,,9,2.05,2.98,abonnement
TR2607250005862,CL107683,EN00216,velo_elec,Lyon,ST1003,ST1019,2026-07-25 11:21:22,2026-07-25 11:25:22,4,0.98,2.0,cb
TR2607250005863,CL100027,EN00203,trottinette,Lyon,ST1004,ST1007,2026-07-25 11:20:37,25/07/2026 11:32,12,3.47,3.64,abonnement
TR2607250005864,CL108141,EN00179,trottinette,Lyon,ST1006,ST1019,,2026-07-25 11:31:45,6,1.24,2.32,cb
TR2607250005865,CL106718,EN00210,trottinette,Lyon,ST1006,ST1006,1784971502,2026-07-25 11:49:02,24,5.5,6.28,abonnement
TR2607250005866,CL101585,EN00097,velo_elec,Lyon,ST1008,ST1009,2026-07-25 11:18:13,2026-07-25 11:25:13,7,1.77,2.75,cb
TR2607250005867,CL100788,EN00037,trottinette,Lyon,ST1008,ST1002,2026-07-25 11:17:10,2026-07-25 11:25:10,8,2.5,2.76,cb
TR2607250005868,CL105784,EN00090,trottinette,lyon,ST1010,ST1002,,2026-07-25 11:47:45,25,8.6,6.5,cb
TR2607250005869,CL103953,EN00014,velo_elec,Lyon,ST1010,ST1013,2026-07-25 11:28:11,2026-07-25 11:33:11,5,0.87,2.25,paypal
TR2607250005870,CL106718,EN00164,trottinette,Lyon,ST1015,ST1018,1784971812,2026-07-25 12:00:12,30,9.52,7.6,abonnement
TR2607250005871,CL100235,EN00055,trottinette,Lyon,ST1015,ST1005,2026-07-25 11:21:44,25/07/2026 11:29,8,1.39,2.76,cb
TR2607250005872,CL102145,EN00191,trottinette,Lyon,ST1017,ST1011,2026-07-25 11:19:43,2026-07-25 11:24:43,5,1.71,2.1,cb
TR2607250005873,CL103617,EN00083,velo_elec,Lyon,ST1019,ST1009,2026-07-25 11:21:19,2026-07-25 11:40:19,19,5.69,5.75,cb
TR2607250005874,CL108949,EN00250,velo_elec,Nantes,ST1021,ST1032,2026-07-25 11:16:55,2026-07-25 11:25:55,9,2.89,3.25,abonnement
TR2607250005875,CL106425,EN00330,trottinette,Nantes,ST1022,ST1027,25/07/2026 11:20,2026-07-25 11:28:55,8,2.76,2.76,cb
TR2607250005876,CL102330,EN00259,trottinette,Nantes,ST1023,ST1024,25/07/2026 11:20,2026-07-25 11:30:29,10,3.33,3.2,abonnement
TR2607250005877,CL104297,EN00307,trottinette,Nantes,ST1024,ST1026,2026-07-25 11:29:30,2026-07-25 11:35:30,6,1.98,2.32,abonnement
TR2607250005878,CL102450,EN00337,trottinette,Nantes,ST1025,ST1030,25/07/2026 11:19,2026-07-25 11:21:31,2,0.62,1.44,cb
TR2607250005879,CL103855,EN00325,trottinette,Nantes,ST1027,ST1033,2026-07-25 11:30:12,2026-07-25 11:42:12,12,2.32,3.64,abonnement
TR2607250005880,CL101896,EN00271,velo_elec,Nantes,ST1028,ST1033,2026-07-25 11:27:06,2026-07-25 11:36:06,9,1.88,3.25,cb
TR2607250005881,CL102306,EN00260,velo_elec,Nantes,ST1029,ST1023,25/07/2026 11:29,2026-07-25 11:38:48,9,2.22,3.25,cb
TR2607250005882,CL105663,EN00355,velo_elec,nantes,ST1030,ST1024,2026-07-25 11:27:45,2026-07-25 11:37:45,10,2.76,3.5,paypal
TR2607250005883,CL105967,EN00263,trottinette,Nantes,ST1032,ST1026,2026-07-25 11:24:14,2026-07-25 11:27:14,3,0.78,1.66,cb
TR2607250005884,CL107785,EN00272,trottinette,Nantes,ST1033,ST1024,2026-07-25 11:29:48,2026-07-25 11:33:48,4,0.65,1.88,abonnement
TR2607250005885,CL105956,EN00395,trottinette,Lille,ST1034,ST1047,1784971879,2026-07-25 11:53:19,22,4.52,5.84,abonnement
TR2607250005886,CL101053,EN00488,velo_elec,Lille,ST1037,ST1034,2026-07-25 11:21:11,2026-07-25 11:59:11,38,8.43,10.5,abonnement
TR2607250005887,CL100669,EN00381,trottinette,Lille,ST1043,ST1036,1784970930,2026-07-25 11:19:30,4,0.82,1.88,abonnement
TR2607250005888,CL100269,EN00482,velo_elec,Lille,ST1045,ST1038,25/07/2026 11:28,2026-07-25 11:42:10,14,2.25,4.5,abonnement
TR2607250005889,CL106923,EN00375,trottinette,Lille,ST1047,ST1036,2026-07-25 11:21:04,2026-07-25 11:39:04,18,3.59,4.96,abonnement
TR2607250005890,CL105143,EN00553,trottinette,Grenoble ,ST1048,ST1056,25/07/2026 11:29,2026-07-25 11:38:52,9,1.56,2.98,abonnement
TR2607250005891,CL108442,EN00531,trottinette,Grenoble,ST1049,ST1057,2026-07-25 11:19:39,25/07/2026 11:36,17,4.34,4.74,abonnement
TR2607250005892,CL108343,EN00549,velo_elec,Grenoble,ST1049,ST1055,2026-07-25 11:27:57,2026-07-25 11:38:57,11,2.23,3.75,cb
TR2607250005893,CL104941,EN00527,velo_elec,Grenoble,ST1049,ST1051,2026-07-25 11:19:37,2026-07-25 11:56:37,37,12.48,10.25,cb
TR2607250005894,CL104619,EN00598,velo_elec,Grenoble,ST1050,ST1058,2026-07-25 11:23:28,1784972308,15,3.33,4.75,cb
TR2607250005895,CL108273,EN00518,trottinette,Grenoble,ST1051,ST1053,2026-07-25 11:24:26,,30,7.21,7.6,cb
TR2607250005896,CL106749,EN00532,velo_elec,Grenoble,ST1051,ST1051,2026-07-25 11:28:17,25/07/2026 11:37,9,2.91,3.25,cb
TR2607250005897,CL100286,EN00567,velo_elec,Grenoble,ST1053,ST1050,25/07/2026 11:20,2026-07-25 11:40:22,20,5.4,6.0,cb
TR2607250005898,CL107961,EN00570,trottinette,Grenoble,ST1058,ST1058,2026-07-25 11:20:02,2026-07-25 11:39:02,19,3.05,5.18,abonnement
TR2607250005899,CL106071,EN00067,velo_elec,Lyon,ST1001,ST1004,2026-07-25 11:32:40,2026-07-25 11:49:40,17,4.89,5.25,cb
TR2607250005900,CL104856,EN00104,trottinette,Lyon,ST1001,ST1019,25/07/2026 11:44,2026-07-25 11:59:40,15,5.15,4.3,abonnement
TR2607250005901,CL103406,EN00078,velo_elec,Lyon,ST1002,ST1012,2026-07-25 11:43:19,1784973439,14,3.14,4.5,abonnement
TR2607250005902,CL104174,EN00042,trottinette,lyon,ST1003,ST1019,2026-07-25 11:41:28,2026-07-25 11:55:28,14,3.55,4.08,cb
TR2607250005903,CL104940,EN00077,trottinette,Lyon,ST1003,ST1010,2026-07-25 11:35:15,2026-07-25 11:42:15,7,1.15,2.54,cb
TR2607250005904,CL101931,EN00046,velo,Lyon,ST1008,ST1009,2026-07-25 11:42:37,2026-07-25 11:47:37,5,1.37,1.75,abonnement
TR2607250005905,CL104014,EN00184,velo_elec,Lyon,ST1010,ST1019,2026-07-25 11:43:32,2026-07-25 11:50:32,7,2.12,2.75,cb
TR2607250005906,CL108286,EN00135,trottinette,Lyon,ST1012,ST1007,2026-07-25 11:33:06,,4,0.76,1.88,abonnement
TR2607250005907,CL107065,EN00172,trottinette,Lyon,ST1012,ST1012,2026-07-25 11:36:27,1784972907,12,2.24,3.64,abonnement
TR2607250005908,CL106693,EN00198,velo_elec,Lyon,ST1012,ST1013,2026-07-25 11:38:08,2026-07-25 11:46:08,8,1.4,3.0,abonnement
TR2607250005909,CL106321,EN00052,trottinette,Lyon,ST1013,ST1001,2026-07-25 11:39:26,25/07/2026 11:49,10,2.44,3.2,abonnement
TR2607250005910,CL101124,EN00113,velo_elec,Lyon,ST1014,ST1009,2026-07-25 11:44:41,1784973041,6,1.42,2.5,cb
TR2607250005911,CL103880,EN00117,trottinette,LYON,ST1014,ST1003,2026-07-25 11:32:35,25/07/2026 11:45,13,2.08,3.86,cb
TR2607250005912,CL102519,EN00145,trottinette,Lyon,ST1014,ST1018,2026-07-25 11:37:45,2026-07-25 11:44:45,7,1.91,2.54,cb
TR2607250005913,CL105762,EN00068,velo_elec,Lyon,ST1017,ST1008,2026-07-25 11:33:51,2026-07-25 11:47:51,14,3.17,4.5,abonnement
TR2607250005914,CL103244,EN00023,trottinette,Lyon,ST1018,ST1007,2026-07-25 11:33:50,2026-07-25 12:10:50,37,9.15,9.14,cb
TR2607250005915,CL102397,EN00264,trottinette,Nantes,ST1022,ST1028,2026-07-25 11:43:29,2026-07-25 12:15:29,32,8.26,8.04,abonnement
TR2607250005916,CL105106,EN00302,velo_elec,Nantes,ST1022,ST1021,2026-07-25 11:41:12,25/07/2026 11:48,7,2.29,2.75,cb
TR2607250005917,CL103316,EN00263,trottinette,Nantes,ST1026,ST1029,2026-07-25 11:31:30,1784972310,7,1.29,2.54,cb
TR2607250005918,CL100556,EN00330,trottinette,Nantes,ST1027,ST1027,1784972488,2026-07-25 11:51:28,10,1.77,3.2,cb
TR2607250005919,CL107278,EN00337,trottinette,Nantes,ST1030,ST1030,25/07/2026 11:37,2026-07-25 11:54:39,17,4.19,4.74,cb
TR2607250005920,CL108782,EN00237,velo_elec,Nantes,ST1031,ST1033,2026-07-25 11:33:17,2026-07-25 11:41:17,8,1.83,3.0,cb
TR2607250005921,CL104336,EN00221,velo_elec,Nantes,ST1032,ST1030,,2026-07-25 12:00:33,16,2.87,5.0,paypal
TR2607250005922,CL108785,EN00228,trottinette,Nantes,ST1033,ST1025,25/07/2026 11:34,2026-07-25 11:42:35,8,2.23,2.76,cb
TR2607250005923,CL107971,EN00284,trottinette,Nantes,ST1033,ST1021,25/07/2026 11:35,25/07/2026 11:47,12,3.63,3.64,abonnement
TR2607250005924,CL105830,EN00444,trottinette,Lille,ST1035,ST1041,2026-07-25 11:38:11,2026-07-25 11:42:11,4,0.88,1.88,cb
TR2607250005925,CL100905,EN00426,trottinette,Lille,ST1038,ST1045,1784972529,2026-07-25 11:55:09,13,1.98,3.86,cb
TR2607250005926,CL105801,EN00409,trottinette,Lille,ST1038,ST1041,25/07/2026 11:40,2026-07-25 11:51:36,11,2.85,3.42,
TR2607250005927,CL106578,EN00411,trottinette, Lille,ST1041,ST1043,2026-07-25 11:43:56,2026-07-25 11:51:56,8,1.81,2.76,cb
TR2607250005928,CL106809,EN00498,trottinette,Lille,ST1044,ST1036,1784972667,2026-07-25 12:02:27,18,5.28,4.96,cb
TR2607250005929,CL101615,EN00472,velo_elec,Lille,ST1045,ST1035,2026-07-25 11:38:27,2026-07-25 11:45:27,7,2.45,2.75,cb
TR2607250005930,CL104946,EN00468,trottinette,Lille,ST1046,ST1039,25/07/2026 11:42,2026-07-25 11:50:01,8,2.26,2.76,abonnement
TR2607250005931,CL107195,EN00501,trottinette,Grenoble,ST1051,ST1051,2026-07-25 11:32:16,25/07/2026 11:43,11,3.67,3.42,cb
TR2607250005932,CL107725,EN00167,trottinette,Lyon,ST1001,ST1019,2026-07-25 11:47:27,2026-07-25 11:54:27,7,1.27,2.54,cb
TR2607250005933,CL108631,EN00044,trottinette,Lyon,ST1003,ST1010,2026-07-25 11:54:40,25/07/2026 12:02,8,1.93,2.76,abonnement
TR2607250005934,CL107084,EN00197,velo_elec,Lyon,ST1005,ST1016,2026-07-25 11:55:41,2026-07-25 12:10:41,15,3.98,4.75,abonnement
TR2607250005935,CL100949,EN00127,trottinette,Lyon,ST1006,ST1010,2026-07-25 11:47:15,1784973495,11,1.82,3.42,cb
TR2607250005936,CL108967,EN00130,velo_elec,Lyon,ST1007,ST1015,2026-07-25 11:55:51,2026-07-25 12:11:51,16,2.98,5.0,cb
TR2607250005937,CL104299,EN00198,velo_elec,Lyon,ST1013,ST1005,2026-07-25 11:57:49,2026-07-25 12:02:49,5,1.01,2.25,cb
TR2607250005938,CL105232,EN00039,velo_elec,Lyon,ST1014,ST1001,2026-07-25 11:54:43,2026-07-25 12:11:43,17,2.84,5.25,cb
TR2607250005939,CL106689,EN00119,trottinette,Lyonn,ST1015,ST1005,2026-07-25 11:54:22,25/07/2026 12:01,7,2.4,2.54,cb
TR2607250005940,CL105288,EN00049,trottinette,Lyon,ST1015,ST1001,2026-07-25 11:46:36,2026-07-25 11:53:36,7,1.99,2.54,cb
TR2607250005941,CL102477,EN00136,trottinette,Lyon,ST1015,ST1019,2026-07-25 11:56:25,25/07/2026 12:00,4,1.31,1.88,paypal
TR2607250005942,CL108663,EN00220,velo_elec,Lyon,ST1018,ST1004,2026-07-25 11:50:45,2026-07-25 11:59:45,9,1.58,3.25,cb
TR2607250005943,CL102299,EN00145,trottinette,Lyon,ST1018,ST1019,2026-07-25 11:50:10,2026-07-25 11:58:10,8,2.21,2.76,cb
TR2607250005944,CL107196,EN00272,trottinette,Nantes,ST1024,ST1020,2026-07-25 11:55:53,1784974373,17,4.43,4.74,cb
TR2607250005945,CL106225,EN00307,trottinette,Nantes,ST1026,ST1031,2026-07-25 11:52:20,2026-07-25 11:59:20,7,1.72,,cb
TR2607250005946,CL100684,EN00417,trottinette,Lille,ST1034,ST1045,2026-07-25 12:00:50,25/07/2026 12:09,9,1.5,2.98,cb
TR2607250005947,CL104475,EN00472,velo_elec,Lille,ST1035,ST1035,2026-07-25 11:57:36,2026-07-25 12:20:36,23,6.5,6.75,abonnement
TR2607250005948,CL107491,EN00444,trottinette,Lille,ST1041,ST1038,2026-07-25 11:50:09,2026-07-25 11:59:09,9,2.54,2.98,cb
TR2607250005949,CL101470,EN00401,trottinette,Lille,ST1044,ST1047,2026-07-25 11:55:36,2026-07-25 12:02:36,7,1.89,2.54,abonnement
TR2607250005950,CL106461,EN00599,trottinette,Grenoble,ST1049,ST1050,2026-07-25 11:47:35,2026-07-25 12:06:35,19,4.21,5.18,cb
TR2607250005951,CL103473,EN00532,velo_elec,Grenoble,ST1051,ST1053,1784973103,2026-07-25 12:04:43,13,3.07,4.25,cb
TR2607250005952,CL108319,EN00501,trottinette,GRENOBLE,ST1051,ST1056,1784973422,25/07/2026 12:02,5,1.67,2.1,cb
TR2607250005953,CL105271,EN00551,trottinette,Grenoble,ST1055,ST1051,2026-07-25 11:51:05,2026-07-25 12:17:05,26,4.08,6.72,abonnement
TR2607250005954,CL108195,EN00533,velo_elec,Grenoble,ST1056,ST1051,2026-07-25 11:56:47,2026-07-25 12:05:47,9,1.8,3.25,
TR2607250005955,CL105328,EN00098,velo_elec,LYON,ST1004,ST1011,,2026-07-25 12:25:06,20,4.2,6.0,cb
TR2607250005956,CL103119,EN00033,trottinette,Lyon,ST1007,ST1015,2026-07-25 12:01:19,,5,1.6,2.1,abonnement
TR2607250005957,CL107578,EN00068,velo_elec,Lyon,ST1008,ST1012,2026-07-25 12:01:17,2026-07-25 12:30:17,29,7.94,8.25,abonnement
TR2607250005958,CL101308,EN00077,trottinette,Lyon,ST1010,ST1004,25/07/2026 12:09,25/07/2026 12:19,10,1.57,3.2,cb
TR2607250005959,CL103301,EN00078,velo_elec,Lyon,ST1012,ST1011,2026-07-25 12:01:10,2026-07-25 12:36:10,35,10.7,9.75,paypal
TR2607250005960,CL103244,EN00204,velo_elec,Lyon,ST1014,ST1009,2026-07-25 12:04:21,1784974161,5,0.83,2.25,abonnement
TR2607250005961,CL102850,EN00034,velo_elec,Lyon,ST1015,ST1008,25/07/2026 12:03,2026-07-25 12:26:23,-26,5.35,6.75,cb
TR2607250005962,CL106071,EN00003,velo_elec,Lyon,ST1016,ST1004,2026-07-25 12:07:23,2026-07-25 12:16:23,9,2.57,3.25,cb
TR2607250005963,CL106833,EN00035,velo_elec,Lyon,ST1016,ST1003,2026-07-25 12:08:28,2026-07-25 12:21:28,13,2.89,4.25,paypal
TR2607250005964,CL100765,EN00112,velo_elec,Lyon,ST1019,ST1002,2026-07-25 12:04:55,2026-07-25 12:15:55,11,1.86,3.75,abonnement
TR2607250005965,CL100537,EN00316,velo_elec,Nante,ST1028,ST1031,2026-07-25 12:10:46,2026-07-25 12:29:46,19,5.15,5.75,paypal
TR2607250005966,CL106839,EN00290,trottinette,Nantes,ST1028,ST1027,2026-07-25 12:13:18,2026-07-25 12:24:18,11,3.09,3.42,cb
TR2607250005967,CL103924,EN00337,trottinette,Nantes,ST1030,ST1026,25/07/2026 12:13,1784975292,15,3.59,4.3,cb
TR2607250005968,CL102495,EN00393,trottinette,Lille,ST1035,ST1045,1784973929,2026-07-25 12:36:29,31,10.26,7.82,abonnement
TR2607250005969,CL108239,EN00377,trottinette,Lille,ST1035,ST1041,2026-07-25 12:07:03,2026-07-25 12:23:03,16,5.41,4.52,cb
TR2607250005970,CL102447,EN00363,velo_elec,Lille,ST1040,ST1045,2026-07-25 12:15:00,2026-07-25 12:57:00,4297,8.47,11.5,cb
TR2607250005971,CL107805,EN00411,trottinette,Lille,ST1043,ST1039,25/07/2026 12:12,2026-07-25 12:15:52,3,0.65,1.66,cb
TR2607250005972,CL107441,EN00426,trottinette,Lille,ST1045,ST1039,2026-07-25 12:10:53,2026-07-25 12:40:53,30,4.92,7.6,abonnement
TR2607250005973,CL102487,EN00479,trottinette,Lille,ST1045,ST1038,2026-07-25 12:04:20,2026-07-25 12:26:20,22,4.11,5.84,cb
TR2607250005974,CL101282,EN00579,trottinette,Grenoble ,ST1048,ST1055,1784973821,2026-07-25 12:29:41,26,4.68,6.72,abonnement
TR2607250005975,CL101201,EN00591,velo_elec,Grenoble,ST1048,ST1053,2026-07-25 12:03:06,2026-07-25 12:29:06,26,4.67,7.5,cb
TR2607250005976,CL107839,EN00534,trottinette,Grenoble,ST1048,ST1053,2026-07-25 12:13:21,2026-07-25 12:25:21,12,4.11,3.64,cb
TR2607250005977,CL107054,EN00556,trottinette,Grenoble,ST1048,ST1050,2026-07-25 12:08:58,2026-07-25 12:33:58,25,4.97,6.5,paypal
TR2607250005978,CL103769,EN00567,velo_elec,Grenoble,ST1050,ST1052,25/07/2026 12:12,2026-07-25 12:31:50,19,3.55,5.75,paypal
TR2607250005979,CL105529,EN00539,velo_elec,Grenoble,ST1052,ST1056,25/07/2026 12:13,2026-07-25 12:24:27,11,3.19,3.75,abonnement
TR2607250005980,CL107853,EN00554,velo_elec,Grenoble,ST1055,ST1058,2026-07-25 12:11:41,25/07/2026 12:19,8,2.37,3.0,cb
TR2607250005981,CL104744,EN00553,trottinette,Grenoble,ST1056,ST1056,2026-07-25 12:14:26,2026-07-25 12:41:26,27,6.84,6.94,cb
TR2607250005982,CL103550,EN00052,trottinette,Lyon,ST1001,ST1017,2026-07-25 12:23:55,1784975575,9,2.39,2.98,abonnement
TR2607250005983,CL105907,EN00037,trottinette,Lyon,ST1002,ST1018,25/07/2026 12:29,25/07/2026 12:38,9,1.55,2.98,paypal
TR2607250005984,CL104521,EN00150,trottinette,Lyon,ST1006,ST1013,2026-07-25 12:29:44,2026-07-25 12:37:44,8,1.52,2.76,abonnement
TR2607250005985,CL101637,EN00200,trottinette,Lyon,ST1011,ST1011,2026-07-25 12:20:08,25/07/2026 12:28,8,2.23,2.76,cb
TR2607250005986,CL101916,EN00019,trottinette,Lyon,ST1014,ST1016,2026-07-25 12:23:18,2026-07-25 12:29:18,6,1.24,2.32,cb
TR2607250005987,CL100127,EN00075,trottinette,Lyon,ST1014,ST1001,2026-07-25 12:23:31,2026-07-25 12:29:31,6,0.91,2.32,cb
TR2607250005988,CL107117,EN00066,trottinette,Lyon,ST1014,ST1002,1784974999,,4,0.68,1.88,abonnement
TR2607250005989,CL104905,EN00130,velo_elec,Lyon,ST1015,ST1003,2026-07-25 12:18:45,2026-07-25 12:32:45,14,3.36,4.5,paypal
TR2607250005990,CL105425,EN00033,trottinette,Lyon,ST1015,ST1006,2026-07-25 12:17:52,2026-07-25 12:27:52,10,2.38,3.2,paypal
TR2607250005991,CL108638,EN00054,trottinette,Lyon,ST1017,ST1010,2026-07-25 12:27:18,,4,0.73,1.88,cb
TR2607250005992,CL108684,EN00164,trottinette,LYON,ST1018,ST1002,2026-07-25 12:16:37,2026-07-25 13:12:37,56,16.69,13.32,cb
TR2607250005993,CL106585,EN00302,velo_elec,Nantes,ST1021,ST1021,2026-07-25 12:29:23,2026-07-25 12:43:23,14,3.56,4.5,cb
TR2607250005994,CL108871,EN00221,velo_elec,Nantes,ST1030,ST1023,2026-07-25 12:23:39,2026-07-25 12:36:39,13,3.85,4.25,cb
TR2607250005995,CL107942,EN00307,trottinette,Nantes,ST1031,ST1025,2026-07-25 12:22:14,2026-07-25 12:37:14,15,5.22,4.3,cb
TR2607250005996,CL103033,EN00298,trottinette,Nantes,ST1033,ST1029,2026-07-25 12:15:44,2026-07-25 12:39:44,24,5.02,6.28,paypal
TR2607250005997,CL103733,EN00271,velo_elec,Nantes,ST1033,ST1028,25/07/2026 12:18,2026-07-25 13:01:01,43,9.19,11.75,cb
TR2607250005998,CL103093,EN00417,trottinette,Lille,ST1045,ST1043,2026-07-25 12:24:16,2026-07-25 12:37:16,13,3.57,3.86,paypal
TR2607250005999,CL108592,EN00401,trottinette,Lille,ST1047,ST1034,2026-07-25 12:28:11,2026-07-25 12:57:11,29,7.96,7.38,cb
TR2607250006000,CL102438,EN00506,trottinette,Grenoble,ST1048,ST1055,2026-07-25 12:28:35,2026-07-25 12:38:35,10,2.14,3.2,abonnement
TR2607250006001,CL106714,EN00517,trottinette,Grenoble,ST1048,ST1048,2026-07-25 12:26:42,2026-07-25 12:40:42,14,3.42,4.08,cb
TR2607250006002,CL100823,EN00563,trottinette,Grenoble,ST1053,ST1048,1784975401,2026-07-25 12:42:01,12,2.8,3.64,cb
TR2607250006003,CL105822,EN00532,velo_elec,Grenoble,ST1053,ST1051,1784975116,2026-07-25 12:59:16,34,10.26,9.5,paypal
TR2607250006004,CL107024,EN00501,trottinette,Grenoble,ST1056,ST1054,2026-07-25 12:20:52,2026-07-25 12:27:52,7,2.14,2.54,abonnement
TR2607250006005,CL103664,EN00584,trottinette,Grenoble,ST1057,ST1052,2026-07-25 12:22:32,2026-07-25 12:32:32,10,1.54,3.2,paypal
TR2607250006006,CL108184,EN00076,velo_elec,Lyon,ST1001,ST1001,2026-07-25 12:30:33,2026-07-25 12:46:33,16,3.07,5.0,cb
TR2607250006007,CL104088,EN00045,trottinette,LYON,ST1001,ST1019,2026-07-25 12:34:59,2026-07-25 12:56:59,22,4.06,5.84,paypal
TR2607250006008,CL105277,EN00054,trottinette,Lyon,ST1010,ST1001,25/07/2026 12:39,2026-07-25 12:47:36,8,1.55,2.76,cb
TR2607250006009,CL103524,EN00044,trottinette,Lyon,ST1010,ST1019,2026-07-25 12:36:18,2026-07-25 12:41:18,5,0.98,2.1,cb
TR2607250006010,CL100773,EN00028,trottinette,Lyonn,ST1014,ST1003,2026-07-25 12:36:46,25/07/2026 12:45,9,2.5,2.98,paypal
TR2607250006011,CL107562,EN00207,velo_elec,Lyon,ST1014,ST1014,25/07/2026 12:38,2026-07-25 12:41:29,3,0.84,1.75,abonnement
TR2607250006012,CL105208,EN00013,velo_elec,Lyon,ST1015,ST1017,2026-07-25 12:45:49,2026-07-25 12:52:49,7,2.04,2.75,abonnement
TR2607250006013,CL104087,EN00212,trottinette,Lyon,ST1018,ST1012,25/07/2026 12:40,2026-07-25 12:51:27,11,2.02,3.42,paypal
TR2607250006014,CL104123,EN00277,velo_elec,nantes,ST1024,ST1031,2026-07-25 12:40:07,1784976847,14,4.35,4.5,paypal
TR2607250006015,CL103687,EN00280,trottinette,Nantes,ST1028,ST1020,2026-07-25 12:42:20,25/07/2026 12:48,6,1.26,2.32,cb
TR2607250006016,CL105340,EN00238,velo_elec,Nantes,ST1030,ST1028,2026-07-25 12:38:04,2026-07-25 12:46:04,8,1.52,3.0,abonnement
TR2607250006017,CL108881,EN00405,trottinette,Lille,ST1041,ST1041,25/07/2026 12:39,1784976437,8,2.71,2.76,paypal
TR2607250006018,CL103289,EN00462,velo_elec,Lille,ST1041,ST1047,2026-07-25 12:41:05,1784976605,9,1.81,3.25,abonnement
TR2607250006019,CL101058,EN00441,velo_elec,Lille,ST1044,ST1037,2026-07-25 12:42:29,2026-07-25 13:04:29,22,6.61,6.5,cb
TR2607250006020,CL107352,EN00379,velo_elec,Lille,ST1046,ST1034,2026-07-25 12:40:46,2026-07-25 12:48:46,8,2.37,3.0,cb
TR2607250006021,CL107387,EN00599,trottinette,Grenoble,ST1050,ST1055,2026-07-25 12:40:23,2026-07-25 12:47:23,7,1.4,2.54,cb
TR2607250006022,CL104412,EN00546,trottinette,Grenoble,ST1052,ST1050,2026-07-25 12:44:31,2026-07-25 12:53:31,9,2.82,2.98,abonnement
TR2607250006023,CL103958,EN00501,trottinette,Grenoble,ST1054,ST1051,2026-07-25 12:41:11,2026-07-25 12:48:11,7,2.32,2.54,paypal
TR2607250006024,CL105290,EN00515,trottinette,Grenoble ,ST1055,ST1050,1784975527,2026-07-25 12:50:07,18,6.28,4.96,cb
TR2607250006025,CL103573,EN00587,trottinette,Grenoble,ST1056,ST1056,25/07/2026 12:41,2026-07-25 12:53:05,12,2.35,3.64,abonnement
TR2607250006026,CL106411,EN00539,velo_elec,Grenoble,ST1056,ST1051,2026-07-25 12:44:54,2026-07-25 12:48:54,4,0.78,2.0,cb
TR2607250006027,CL106564,EN00112,velo_elec,Lyon,ST1002,ST1019,,25/07/2026 13:00,10,1.74,3.5,cb
TR2607250006028,CL107458,EN00035,velo_elec,Lyon,ST1003,ST1009,25/07/2026 12:59,2026-07-25 13:07:53,8,2.46,3.0,cb
TR2607250006029,CL108528,EN00100,velo_elec,Lyon,ST1004,ST1002,2026-07-25 12:54:38,2026-07-25 13:08:38,14,4.66,4.5,cb
TR2607250006030,CL106126,EN00119,trottinette,Lyonn,ST1005,ST1015,2026-07-25 12:56:37,2026-07-25 13:05:37,9,1.82,2.98,
TR2607250006031,CL104290,EN00203,trottinette,Lyon,ST1007,ST1007,25/07/2026 12:48,2026-07-25 13:04:24,16,4.6,4.52,cb
TR2607250006032,CL101333,EN00127,trottinette,Lyon,ST1010,ST1001,2026-07-25 12:53:43,2026-07-25 13:31:43,38,11.63,9.36,abonnement
TR2607250006033,CL106804,EN00150,trottinette,Lyon,ST1013,ST1014,25/07/2026 12:50,2026-07-25 13:00:23,10,3.38,3.2,cb
TR2607250006034,CL105655,EN00014,velo_elec,Lyon,ST1013,ST1019,1784976968,2026-07-25 13:07:08,11,2.19,3.75,abonnement
TR2607250006035,CL101385,EN00272,trottinette,Nante,ST1020,ST1026,2026-07-25 12:57:42,2026-07-25 13:05:42,8,2.75,2.76,abonnement
TR2607250006036,CL103056,EN00264,trottinette,Nantes,ST1028,ST1030,2026-07-25 12:58:46,2026-07-25 13:04:46,6,1.54,2.32,cb
TR2607250006037,CL102725,EN00351,trottinette,Nantes,ST1031,ST1032,25/07/2026 12:47,2026-07-25 13:09:42,22,4.49,5.84,abonnement
TR2607250006038,CL104757,EN00488,velo_elec, Lille,ST1034,ST1040,25/07/2026 12:52,2026-07-25 13:01:55,9,2.07,3.25,cb
TR2607250006039,CL102518,EN00472,velo_elec,Lille,ST1035,ST1036,2026-07-25 12:56:37,2026-07-25 13:00:37,4,0.97,2.0,cb
TR2607250006040,CL101141,EN00386,trottinette,Lille,ST1042,ST1037,2026-07-25 12:59:11,2026-07-25 13:03:11,4,0.74,1.88,abonnement
TR2607250006041,CL108887,EN00393,trottinette,Lille,ST1045,ST1035,2026-07-25 12:55:03,2026-07-25 13:07:03,12,2.19,3.64,cb
TR2607250006042,CL107667,EN00414,velo_elec,Lille,ST1046,ST1036,2026-07-25 12:52:50,2026-07-25 13:02:50,10,2.61,3.5,cb
TR2607250006043,CL100270,EN00563,trottinette,Grenoble ,ST1048,ST1054,2026-07-25 12:55:17,2026-07-25 13:14:17,19,3.75,5.18,cb
TR2607250006044,CL107502,EN00592,velo_elec,Grenoble,ST1049,ST1050,2026-07-25 12:56:04,2026-07-25 13:02:04,6,1.33,2.5,cb
TR2607250006045,CL108701,EN00520,velo_elec,Grenoble,ST1049,ST1049,2026-07-25 12:48:49,2026-07-25 13:08:49,20,5.15,6.0,cb
TR2607250006046,CL105771,EN00537,velo_elec,Grenoble,ST1051,ST1055,2026-07-25 12:58:35,2026-07-25 13:06:35,8,2.68,3.0,abonnement
TR2607250006047,CL100509,EN00584,trottinette,Grenoble,ST1052,ST1048,2026-07-25 12:51:56,2026-07-25 13:01:56,10,2.23,3.2,abonnement
TR2607250006048,CL108757,EN00518,trottinette,Grenoble ,ST1053,ST1051,25/07/2026 12:49,2026-07-25 13:07:16,18,5.94,4.96,paypal
TR2607250006049,CL103305,EN00580,velo_elec,Grenoble,ST1058,ST1050,2026-07-25 12:46:08,2026-07-25 12:56:08,10,2.62,3.5,cb
TR2607250006050,CL107909,EN00054,trottinette,Lyon,ST1001,ST1015,2026-07-25 13:07:38,2026-07-25 13:17:38,10,3.31,3.2,paypal
TR2607250006051,CL107386,EN00055,trottinette,Lyon,ST1005,ST1003,2026-07-25 13:13:01,25/07/2026 13:16,3,0.79,1.66,abonnement
TR2607250006052,CL100247,EN00198,velo_elec,Lyonn,ST1005,ST1011,1784977901,,6,1.35,2.5,cb
TR2607250006053,CL107781,EN00210,trottinette,Lyon,ST1006,ST1006,2026-07-25 13:07:03,2026-07-25 13:21:03,14,4.59,4.08,abonnement
TR2607250006054,CL104262,EN00135,trottinette,Lyon,ST1007,ST1018,,2026-07-25 13:21:21,12,2.63,3.64,cb
TR2607250006055,CL106205,EN00034,velo_elec,Lyon,ST1008,ST1010,25/07/2026 13:14,2026-07-25 13:19:05,5,0.76,2.25,cb
TR2607250006056,CL105922,EN00176,velo,lyon,ST1008,ST1013,2026-07-25 13:15:53,2026-07-25 13:22:53,7,1.36,2.05,cb
TR2607250006057,CL105053,EN00120,velo,Lyon,ST1008,ST1002,1784977525,1784977885,6,0.97,1.9,abonnement
TR2607250006058,CL107983,EN00113,velo_elec,Lyon,ST1009,ST1010,2026-07-25 13:09:32,2026-07-25 13:37:32,28,8.63,8.0,cb
TR2607250006059,CL104975,EN00208,velo_elec,Lyon,ST1010,ST1005,2026-07-25 13:11:39,25/07/2026 13:19,8,2.55,3.0,cb
TR2607250006060,CL104444,EN00036,velo_elec,Lyon,ST1013,ST1006,2026-07-25 13:01:34,2026-07-25 13:06:34,5,1.57,2.25,abonnement
TR2607250006061,CL103520,EN00165,trottinette,Lyon,ST1015,ST1009,2026-07-25 13:03:56,2026-07-25 13:06:56,3,0.71,1.66,cb
TR2607250006062,CL106301,EN00197,velo_elec,Lyon,ST1016,ST1014,2026-07-25 13:07:11,2026-07-25 13:09:11,2,0.42,1.5,cb
TR2607250006063,CL102827,EN00302,velo_elec,Nantes,ST1021,ST1022,2026-07-25 13:07:56,25/07/2026 13:21,14,4.15,4.5,paypal
TR2607250006064,CL107281,EN00266,velo_elec,Nante,ST1032,ST1022,2026-07-25 13:11:31,2026-07-25 13:13:31,2,0.38,1.5,cb
TR2607250006065,CL106385,EN00240,trottinette,Nantes,ST1032,ST1033,2026-07-25 13:08:39,2026-07-25 13:54:39,46,13.53,11.12,abonnement
TR2607250006066,CL101835,EN00237,velo_elec,Nantes,ST1033,ST1031,2026-07-25 13:09:42,2026-07-25 13:21:42,12,2.11,4.0,cb
TR2607250006067,CL105057,EN00379,velo_elec,Lille,ST1034,ST1036,2026-07-25 13:09:20,2026-07-25 13:49:20,40,10.8,11.0,cb
TR2607250006068,CL103537,EN00389,trottinette,Lille,ST1035,ST1037,2026-07-25 13:07:59,2026-07-25 13:15:59,8,2.29,2.76,
TR2607250006069,CL104243,EN00370,velo_elec,Lille,ST1038,ST1038,2026-07-25 13:01:09,1784978349,18,3.28,5.5,cb
TR2607250006070,CL105234,EN00377,trottinette,Lille,ST1041,ST1034,2026-07-25 13:08:08,25/07/2026 13:21,13,3.03,3.86,cb
TR2607250006071,CL100613,EN00417,trottinette,Lille,ST1043,ST1038,2026-07-25 13:07:33,2026-07-25 13:14:33,7,2.28,2.54,cb
TR2607250006072,CL104095,EN00408,velo_elec,Lille,ST1045,ST1043,2026-07-25 13:02:53,2026-07-25 13:16:53,14,2.56,4.5,cb
TR2607250006073,CL108887,EN00399,trottinette,lille,ST1045,ST1038,2026-07-25 13:04:11,2026-07-25 13:11:11,7,1.16,2.54,abonnement
TR2607250006074,CL101241,EN00462,velo_elec,Lille,ST1047,ST1045,2026-07-25 13:01:37,2026-07-25 13:25:37,24,8.13,7.0,cb
TR2607250006075,CL102853,EN00495,trottinette,Lille,ST1047,ST1041,25/07/2026 13:02,2026-07-25 13:26:50,24,5.73,6.28,cb
TR2607250006076,CL104247,EN00591,velo_elec,Grenoble,ST1053,ST1053,25/07/2026 13:02,2026-07-25 13:19:36,17,3.05,5.25,cb
TR2607250006077,CL103941,EN00100,velo_elec,Lyon,ST1002,ST1011,2026-07-25 13:17:30,2026-07-25 14:08:30,51,11.55,13.75,cb
TR2607250006078,CL100942,EN00130,velo_elec,Lyon,ST1003,ST1018,2026-07-25 13:23:03,2026-07-25 13:52:03,29,5.69,8.25,cb
TR2607250006079,CL106381,EN00212,trottinette,Lyon,ST1012,ST1010,2026-07-25 13:25:10,,4,1.01,1.88,cb
TR2607250006080,CL103591,EN00052,trottinette,Lyon,ST1017,ST1014,2026-07-25 13:17:09,2026-07-25 13:25:09,8,2.64,2.76,cb
TR2607250006081,CL105905,EN00280,trottinette,Nantes,ST1020,ST1022,2026-07-25 13:27:21,2026-07-25 13:37:21,10,2.44,3.2,abonnement
TR2607250006082,CL107445,EN00264,trottinette,Nante,ST1030,ST1027,2026-07-25 13:26:03,2026-07-25 13:29:03,3,1.02,1.66,cb
TR2607250006083,CL106513,EN00277,velo_elec,Nantes,ST1031,ST1025,2026-07-25 13:28:05,2026-07-25 13:53:05,25,6.51,7.25,paypal
TR2607250006084,CL106830,EN00438,trottinette,Lille,ST1042,ST1047,2026-07-25 13:29:34,2026-07-25 13:34:34,5,0.81,2.1,cb
TR2607250006085,CL104155,EN00449,trottinette,Lille,ST1044,ST1041,2026-07-25 13:19:15,2026-07-25 13:33:15,14,3.25,4.08,abonnement
TR2607250006086,CL105650,EN00384,trottinette,Lille,ST1046,ST1039,2026-07-25 13:16:51,2026-07-25 13:26:51,10,2.25,3.2,abonnement
TR2607250006087,CL102567,EN00395,trottinette,Lille,ST1047,ST1040,,2026-07-25 13:47:54,19,4.08,5.18,cb
TR2607250006088,CL105130,EN00584,trottinette,Grenoble,ST1048,ST1048,2026-07-25 13:28:20,1784979800,15,2.64,4.3,cb
TR2607250006089,CL106919,EN00592,velo_elec,Grenoble,ST1050,ST1056,2026-07-25 13:21:36,25/07/2026 13:36,15,5.01,4.75,cb
TR2607250006090,CL106649,EN00580,velo_elec,Grenoble,ST1050,ST1048,2026-07-25 13:16:12,2026-07-25 13:23:12,7,1.99,2.75,cb
TR2607250006091,CL105822,EN00567,velo_elec,Grenoble,ST1052,ST1052,2026-07-25 13:19:35,2026-07-25 13:30:35,11,3.69,3.75,abonnement
TR2607250006092,CL101852,EN00534,trottinette,Grenoble,ST1053,ST1056,2026-07-25 13:18:24,2026-07-25 13:26:24,8,2.42,2.76,paypal
TR2607250006093,CL102014,EN00509,trottinette,Grenoble ,ST1053,ST1057,2026-07-25 13:24:17,2026-07-25 13:31:17,7,1.62,2.54,cb
TR2607250006094,CL101230,EN00531,trottinette,Grenoble ,ST1057,ST1054,2026-07-25 13:16:34,2026-07-25 13:28:34,12,2.17,3.64,cb
TR2607250006095,CL108779,EN00164,trottinette,Lyon,ST1002,ST1016,2026-07-25 13:45:12,2026-07-25 14:58:12,73,13.91,17.06,cb
TR2607250006096,CL108633,EN00131,trottinette,Lyon,ST1004,ST1007,2026-07-25 13:33:21,2026-07-25 13:57:21,24,5.05,6.28,abonnement
TR2607250006097,CL101348,EN00210,trottinette,Lyon,ST1006,ST1010,1784979701,2026-07-25 13:58:41,17,5.57,4.74,cb
TR2607250006098,CL104476,EN00211,velo_elec,Lyon,ST1007,ST1011,2026-07-25 13:32:48,25/07/2026 13:48,16,3.23,5.0,cb
TR2607250006099,CL105429,EN00035,velo_elec,Lyon ,ST1009,ST1005,2026-07-25 13:31:33,2026-07-25 13:37:33,6,1.19,2.5,cb
TR2607250006100,CL103603,EN00212,trottinette,Lyon,ST1010,ST1006,2026-07-25 13:38:37,2026-07-25 13:50:37,12,3.75,3.64,abonnement
TR2607250006101,CL106156,EN00098,velo_elec,Lyon,ST1011,ST1003,25/07/2026 13:41,2026-07-25 14:15:07,34,5.86,9.5,cb
TR2607250006102,CL107116,EN00068,velo_elec,Lyon,ST1012,ST1003,2026-07-25 13:31:19,2026-07-25 13:36:19,5,1.36,2.25,abonnement
TR2607250006103,CL101361,EN00197,velo_elec,Lyon,ST1014,ST1008,2026-07-25 13:37:19,2026-07-25 13:49:19,12,3.5,4.0,paypal
TR2607250006104,CL100522,EN00150,trottinette,Lyon,ST1014,ST1019,25/07/2026 13:37,25/07/2026 13:45,8,1.38,2.76,paypal
TR2607250006105,CL107863,EN00119,trottinette,Lyon,ST1015,ST1015,2026-07-25 13:41:53,2026-07-25 14:01:53,20,5.37,5.4,cb
TR2607250006106,CL103236,EN00054,trottinette,Lyon,ST1015,ST1016,25/07/2026 13:31,25/07/2026 13:39,8,2.31,2.76,cb
TR2607250006107,CL100936,EN00001,velo_elec,Lyon,ST1016,ST1006,25/07/2026 13:39,2026-07-25 13:49:21,10,3.42,3.5,abonnement
TR2607250006108,CL103549,EN00201,velo_elec,Lyon,ST1017,ST1018,2026-07-25 13:37:05,25/07/2026 13:46,9,2.46,3.25,paypal
TR2607250006109,CL100583,EN00336,velo_elec,Nantes,ST1024,ST1032,2026-07-25 13:37:21,2026-07-25 13:59:21,22,5.51,6.5,abonnement
TR2607250006110,CL100131,EN00330,trottinette,Nantes,ST1027,ST1028,2026-07-25 13:38:01,2026-07-25 13:55:01,17,5.22,4.74,abonnement
TR2607250006111,CL106508,EN00348,velo_elec,Nantes,ST1028,ST1023,2026-07-25 13:45:04,2026-07-25 14:04:04,19,5.5,5.75,paypal
TR2607250006112,CL107046,EN00468,trottinette,Lille,ST1039,ST1036,2026-07-25 13:34:07,2026-07-25 13:54:07,20,3.36,5.4,abonnement
TR2607250006113,CL106882,EN00405,trottinette,Lille,ST1041,ST1042,2026-07-25 13:36:54,25/07/2026 13:52,16,2.85,4.52,cb
TR2607250006114,CL105377,EN00425,velo_elec,Lille,ST1042,ST1035,2026-07-25 13:38:52,2026-07-25 13:50:52,12,3.02,4.0,paypal
TR2607250006115,CL102356,EN00517,trottinette,Grenoble,ST1048,ST1056,2026-07-25 13:34:15,2026-07-25 13:40:15,6,1.54,2.32,cb
TR2607250006116,CL105505,EN00580,velo_elec,Grenoble,ST1048,ST1057,2026-07-25 13:31:40,25/07/2026 13:38,7,2.02,2.75,cb
TR2607250006117,CL106276,EN00515,trottinette,Grenoble,ST1050,ST1052,1784979220,2026-07-25 13:45:40,12,2.61,3.64,cb
TR2607250006118,CL103364,EN00567,velo_elec,Grenoble,ST1052,ST1050,25/07/2026 13:39,2026-07-25 13:47:52,8,1.31,3.0,cb
TR2607250006119,CL105132,EN00531,trottinette,Grenoble,ST1054,ST1052,2026-07-25 13:44:46,2026-07-25 13:49:46,5,1.66,2.1,cb
TR2607250006120,CL958173,EN00578,velo_elec,Grenoble,ST1055,ST1053,25/07/2026 13:42,2026-07-25 13:51:39,9,3.02,3.25,
TR2607250006121,CL106499,EN00587,trottinette,Grenoble,ST1056,ST1053,25/07/2026 13:43,25/07/2026 14:07,24,4.92,6.28,cb
TR2607250006122,CL104456,EN00600,trottinette,Grenoble,ST1057,ST1049,25/07/2026 13:41,2026-07-25 13:52:35,11,2.03,3.42,cb
TR2607250006123,CL103798,EN00509,trottinette,Grenoble,ST1057,ST1052,25/07/2026 13:40,2026-07-25 13:47:36,7,1.68,2.54,abonnement
TR2607250006124,CL105055,EN00516,velo_elec,Grenoble,ST1057,ST1054,2026-07-25 13:44:44,2026-07-25 13:53:44,9,2.62,3.25,abonnement
TR2607250006125,CL107485,EN00565,trottinette,Grenoble,ST1057,ST1056,2026-07-25 13:44:02,2026-07-25 14:00:02,16,5.42,4.52,paypal
TR2607250006126,CL107299,EN00003,velo_elec,Lyon,ST1004,ST1013,2026-07-25 13:53:49,25/07/2026 14:00,7,1.19,2.75,paypal
TR2607250006127,CL106443,EN00035,velo_elec,Lyon,ST1005,ST1013,2026-07-25 13:50:31,2026-07-25 13:58:31,8,2.23,3.0,cb
TR2607250006128,CL107844,EN00203,trottinette,Lyon,ST1007,ST1008,2026-07-25 13:51:45,2026-07-25 14:20:45,29,7.66,7.38,abonnement
TR2607250006129,CL101265,EN00113,velo_elec,Lyon,ST1010,ST1003,2026-07-25 14:00:37,2026-07-25 14:09:37,9,2.28,3.25,cb
TR2607250006130,CL102230,EN00200,trottinette,Lyon,ST1011,ST1015,2026-07-25 13:53:59,2026-07-25 14:22:59,29,8.91,7.38,abonnement
TR2607250006131,CL106899,EN00065,trottinette,Lyon,ST1012,ST1002,25/07/2026 13:48,25/07/2026 13:56,8,2.43,2.76,abonnement
TR2607250006132,CL107919,EN00040,velo,Lyon,ST1013,ST1002,2026-07-25 13:53:36,2026-07-25 14:00:36,7,1.32,2.05,cb
TR2607250006133,CL100794,EN00069,trottinette,Lyon,ST1015,ST1011,25/07/2026 13:49,2026-07-25 14:04:00,15,3.18,4.3,cb
TR2607250006134,CL102592,EN00063,velo_elec,Lyonn,ST1015,ST1002,2026-07-25 13:49:10,2026-07-25 14:11:10,22,5.49,6.5,cb
TR2607250006135,CL107549,EN00193,trottinette,Lyon,ST1016,ST1009,2026-07-25 13:53:36,2026-07-25 14:03:36,10,1.72,3.2,abonnement
TR2607250006136,CL101650,EN00013,velo_elec,Lyon,ST1017,ST1006,2026-07-25 13:59:22,2026-07-25 14:09:22,10,3.34,3.5,abonnement
TR2607250006137,CL104230,EN00037,trottinette,Lyon,ST1018,ST1009,2026-07-25 13:59:10,2026-07-25 14:25:10,26,7.86,6.72,cb
TR2607250006138,CL101246,EN00339,velo_elec,Nantes,ST1024,ST1027,2026-07-25 13:58:46,2026-07-25 14:30:46,32,6.22,9.0,cb
TR2607250006139,CL108974,EN00238,velo_elec,Nantes,ST1028,ST1024,2026-07-25 13:48:14,2026-07-25 14:04:14,16,4.33,,cb
TR2607250006140,CL101113,EN00316,velo_elec,Nantes,ST1031,ST1032,2026-07-25 13:58:25,2026-07-25 14:09:25,11,2.49,3.75,cb
TR2607250006141,CL105769,EN00354,velo_elec,Nantes,ST1032,ST1026,1784980073,2026-07-25 14:18:53,31,10.82,8.75,cb
TR2607250006142,CL105129,EN00494,velo_elec,Lille,ST1036,ST1042,2026-07-25 13:51:27,2026-07-25 13:59:27,8,1.52,3.0,cb
TR2607250006143,CL101697,EN00455,velo_elec,Lille,ST1038,ST1038,2026-07-25 13:51:58,2026-07-25 14:01:58,10,2.31,3.5,abonnement
TR2607250006144,CL108630,EN00470,trottinette,Lille,ST1040,ST1034,1784980523,2026-07-25 14:09:23,14,4.64,4.08,cb
TR2607250006145,CL108192,EN00449,trottinette,Lille,ST1041,ST1044,2026-07-25 13:52:48,2026-07-25 14:02:48,10,2.22,3.2,
TR2607250006146,CL107417,EN00563,trottinette,Grenoble,ST1054,ST1053,2026-07-25 13:49:35,2026-07-25 14:06:35,17,3.85,4.74,abonnement
TR2607250006147,CL106041,EN00537,velo_elec,GRENOBLE,ST1055,ST1053,25/07/2026 13:58,2026-07-25 15:06:19,68,19.31,18.0,abonnement
TR2607250006148,CL103059,EN00517,trottinette,Grenoble,ST1056,ST1052,25/07/2026 13:57,2026-07-25 14:11:21,14,2.86,4.08,abonnement
TR2607250006149,CL102746,EN00598,velo_elec,Grenoble,ST1058,ST1056,2026-07-25 13:46:57,2026-07-25 14:10:57,24,5.25,7.0,cb
TR2607250006150,CL103683,EN00143,velo,Lyon,ST1005,ST1017,2026-07-25 14:06:44,2026-07-25 14:25:44,19,5.87,3.85,abonnement
TR2607250006151,CL104378,EN00036,velo_elec,Lyon,ST1006,ST1001,2026-07-25 14:08:32,2026-07-25 14:17:32,9,2.97,3.25,
TR2607250006152,CL106153,EN00131,trottinette,Lyon,ST1007,ST1001,2026-07-25 14:13:13,2026-07-25 14:17:13,4,1.15,1.88,abonnement
TR2607250006153,CL107725,EN00197,velo_elec,Lyon,ST1008,ST1010,2026-07-25 14:06:54,2026-07-25 14:20:54,14,2.54,4.5,cb
TR2607250006154,CL107109,EN00083,velo_elec,Lyon,ST1009,ST1008,2026-07-25 14:12:43,2026-07-25 14:20:43,8,2.15,3.0,cb
TR2607250006155,CL106287,EN00003,velo_elec,Lyon,ST1013,ST1016,2026-07-25 14:03:20,1784981900,15,3.41,4.75,cb
TR2607250006156,CL103363,EN00052,trottinette,Lyon,ST1014,ST1006,25/07/2026 14:03,2026-07-25 14:10:56,7,1.83,2.54,cb
TR2607250006157,CL101073,EN00162,velo_elec,LYON,ST1016,ST1005,2026-07-25 14:13:43,25/07/2026 14:35,22,5.58,6.5,cb
TR2607250006158,CL101848,EN00051,velo,Lyon,ST1017,ST1003,2026-07-25 14:10:04,2026-07-25 14:17:04,7,1.21,2.05,cb
TR2607250006159,CL108612,EN00266,velo_elec,Nantes,ST1022,ST9170,1784981135,2026-07-25 14:11:35,6,1.31,2.5,cb
TR2607250006160,CL107737,EN00355,velo_elec,Nantes,ST1024,ST1028,25/07/2026 14:04,2026-07-25 14:26:49,22,4.15,6.5,abonnement
TR2607250006161,CL102628,EN00258,trottinette,Nantes,ST1027,ST1020,2026-07-25 14:15:13,2026-07-25 14:27:13,12,3.41,3.64,paypal
TR2607250006162,CL105592,EN00330,trottinette,Nantes,ST1028,ST1026,2026-07-25 14:04:01,2026-07-25 14:18:01,14,3.3,4.08,abonnement
TR2607250006163,CL108265,EN00352,velo_elec,NANTES,ST1030,ST1025,2026-07-25 14:12:39,2026-07-25 14:23:39,11,2.68,3.75,cb
TR2607250006164,CL100320,EN00315,velo_elec,Nantes,ST1032,ST1022,2026-07-25 14:09:09,2026-07-25 14:20:09,11,3.62,3.75,cb
TR2607250006165,CL103837,EN00383,trottinette,Lille,ST1036,ST1038,,2026-07-25 14:27:07,20,3.23,5.4,cb
TR2607250006166,CL105449,EN00370,velo_elec,Lille,ST1038,ST1044,2026-07-25 14:07:53,2026-07-25 14:16:53,9,1.9,3.25,cb
TR2607250006167,CL108826,EN00395,trottinette,Lille,ST1040,ST1035,2026-07-25 14:14:18,2026-07-25 14:26:18,12,2.09,3.64,abonnement
TR2607250006168,CL106887,EN00488,velo_elec,Lille,ST1040,ST1034,1784981394,25/07/2026 14:19,10,1.66,3.5,cb
TR2607250006169,CL105345,EN00494,velo_elec,Lille,ST1042,ST1040,2026-07-25 14:06:07,2026-07-25 14:15:07,9,2.01,3.25,cb
TR2607250006170,CL102422,EN00408,velo_elec,LILLE,ST1043,ST1034,1784981288,2026-07-25 14:19:08,11,1.67,3.75,abonnement
TR2607250006171,CL108838,EN00363,velo_elec,Lille,ST1045,ST1047,2026-07-25 14:05:49,2026-07-25 14:24:49,19,5.12,5.75,cb
TR2607250006172,CL107387,EN00512,velo_elec,Grenoble,ST1049,ST1050,2026-07-25 14:06:01,2026-07-25 14:34:01,28,5.75,8.0,abonnement
TR2607250006173,CL103632,EN00507,trottinette,Grenoble,ST1051,ST1048,2026-07-25 14:05:34,2026-07-25 14:19:34,14,3.12,4.08,cb
TR2607250006174,CL105220,EN00578,velo_elec,Grenoble,ST1053,ST1054,1784981212,,8,2.17,3.0,cb
TR2607250006175,CL101150,EN00591,velo_elec,Grenoble,ST1053,ST1052,2026-07-25 14:13:40,2026-07-25 14:31:40,18,5.56,5.5,cb
TR2607250006176,CL107148,EN00090,trottinette,Lyon,ST1002,ST1018,2026-07-25 14:25:50,2026-07-25 14:49:50,24,6.6,6.28,paypal
TR2607250006177,CL108862,EN00208,velo_elec,Lyon,ST1005,ST1017,2026-07-25 14:28:59,2026-07-25 15:09:59,41,12.32,11.25,abonnement
TR2607250006178,CL100589,EN00094,velo_elec,Lyon,ST1011,ST1004,,25/07/2026 14:35,13,2.46,4.25,cb
TR2607250006179,CL103217,EN00191,trottinette,Lyon,ST1011,ST1015,2026-07-25 14:26:10,2026-07-25 14:46:10,20,4.0,5.4,cb
TR2607250006180,CL106546,EN00078,velo_elec,Lyon,ST1011,ST1002,2026-07-25 14:29:34,2026-07-25 14:51:34,22,3.34,6.5,abonnement
TR2607250006181,CL105499,EN00172,trottinette,Lyon,ST1012,ST1009,2026-07-25 14:24:02,2026-07-25 14:31:02,7,1.52,2.54,abonnement
TR2607250006182,CL107116,EN00091,velo_elec,Lyon,ST1015,ST1001,2026-07-25 14:20:52,1784983072,17,5.94,5.25,cb
TR2607250006183,CL105432,EN00103,trottinette,Lyon,ST1016,ST1015,25/07/2026 14:24,2026-07-25 14:28:24,4,1.02,1.88,paypal
TR2607250006184,CL102803,EN00045,trottinette,Lyon,ST1019,ST1010,25/07/2026 14:20,2026-07-25 14:38:40,18,4.0,4.96,abonnement
TR2607250006185,CL107223,EN00293,velo_elec,Nantes,ST1020,ST1033,,2026-07-25 14:32:46,8,1.46,3.0,abonnement
TR2607250006186,CL103046,EN00280,trottinette,Nantes,ST1022,ST1021,2026-07-25 14:20:39,2026-07-25 14:22:39,2,0.3,1.44,abonnement
TR2607250006187,CL103759,EN00260,velo_elec,Nantes,ST1023,ST1030,2026-07-25 14:16:26,2026-07-25 14:35:26,19,3.55,5.75,abonnement
TR2607250006188,CL107511,EN00264,trottinette,Nantes,ST1027,ST1024,2026-07-25 14:21:45,2026-07-25 14:55:45,34,11.65,8.48,cb
TR2607250006189,CL102459,EN00249,velo_elec,Nantes,ST1028,ST1030,2026-07-25 14:26:16,,17,4.86,5.25,cb
TR2607250006190,CL101177,EN00349,velo_elec,Nantes,ST1028,ST1021,2026-07-25 14:28:00,2026-07-25 14:44:00,16,5.15,5.0,cb
TR2607250006191,CL107891,EN00263,trottinette,Nantes,ST1029,ST1022,2026-07-25 14:28:23,2026-07-25 14:35:23,7,1.34,2.54,paypal
TR2607250006192,CL107588,EN00266,velo_elec,Nantes,ST1030,ST1026,25/07/2026 14:29,2026-07-25 15:05:29,36,10.41,10.0,cb
TR2607250006193,CL103465,EN00328,velo_elec,Nantes,ST1031,ST1029,2026-07-25 14:19:59,2026-07-25 14:38:59,19,3.37,5.75,cb
TR2607250006194,CL103249,EN00253,trottinette,Nantes,ST1031,ST1032,25/07/2026 14:22,2026-07-25 14:28:30,6,2.04,2.32,cb
TR2607250006195,CL105080,EN00305,velo_elec,Nantes,ST1033,ST1021,2026-07-25 14:24:05,2026-07-25 15:13:05,49,8.93,13.25,cb
TR2607250006196,CL102214,EN00257,trottinette,Nantes,ST1033,ST1020,2026-07-25 14:16:25,2026-07-25 14:22:25,6,1.26,2.32,cb
TR2607250006197,CL107507,EN00360,trottinette,Nantes,ST1033,ST1022,2026-07-25 14:29:11,2026-07-25 14:41:11,12,2.78,3.64,cb
TR2607250006198,CL104849,EN00393,trottinette,Lille,ST1035,ST1045,2026-07-25 14:22:30,2026-07-25 14:46:30,24,3.71,6.28,cb
TR2607250006199,CL102770,EN00425,velo_elec,Lille,ST1035,ST1041,2026-07-25 14:28:59,25/07/2026 14:35,7,1.09,2.75,paypal
TR2607250006200,CL107941,EN00476,trottinette,Lille,ST1041,ST1034,2026-07-25 14:23:28,2026-07-25 14:31:28,8,1.86,2.76,abonnement
TR2607250006201,CL107077,EN00486,velo,Lille,ST1043,ST1043,2026-07-25 14:25:20,2026-07-25 14:41:20,16,4.67,3.4,cb
TR2607250006202,CL104576,EN00446,trottinette,Lille,ST1046,ST1041,2026-07-25 14:23:35,2026-07-25 14:47:35,24,7.53,6.28,cb
TR2607250006203,CL100650,EN00385,velo_elec,Lille,ST1047,ST1044,2026-07-25 14:25:07,25/07/2026 14:42,17,5.68,5.25,abonnement
TR2607250006204,CL100611,EN00584,trottinette,Grenoble,ST1048,ST1056,2026-07-25 14:20:47,2026-07-25 14:29:47,9,2.58,2.98,abonnement
TR2607250006205,CL100205,EN00541,velo_elec,Grenoble,ST1048,ST1053,25/07/2026 14:19,2026-07-25 14:28:34,9,2.57,3.25,cb
TR2607250006206,CL107264,EN00520,velo_elec,Grenoble,ST1049,ST1051,2026-07-25 14:23:24,2026-07-25 15:16:24,53,9.93,14.25,abonnement
TR2607250006207,CL102024,EN00567,velo_elec,Grenoble,ST1050,ST1053,1784981862,2026-07-25 14:39:42,22,4.68,6.5,cb
TR2607250006208,CL106930,EN00533,velo_elec,Grenoble,ST1051,ST1050,2026-07-25 14:17:09,2026-07-25 14:22:09,5,1.72,2.25,cb
TR2607250006209,CL101852,EN00587,trottinette,Grenoble,ST1053,ST1054,2026-07-25 14:26:04,2026-07-25 14:56:04,30,7.75,7.6,abonnement
TR2607250006210,CL104846,EN00565,trottinette,Grenoble,ST1056,ST1051,1784982403,25/07/2026 14:32,6,1.77,2.32,abonnement
TR2607250006211,CL102009,EN00598,velo_elec,Grenoble,ST1056,ST1050,2026-07-25 14:28:14,25/07/2026 14:37,9,2.65,3.25,cb
TR2607250006212,CL105700,EN00028,trottinette,Lyon,ST1003,ST1004,2026-07-25 14:40:51,25/07/2026 14:57,17,5.91,4.74,cb
TR2607250006213,CL104625,EN00113,velo_elec,Lyon,ST1003,ST1009,2026-07-25 14:37:51,2026-07-25 14:43:51,6,1.25,2.5,cb
TR2607250006214,CL106038,EN00182,trottinette,Lyon,ST1004,ST1007,25/07/2026 14:39,1784983703,9,1.46,2.98,cb
TR2607250006215,CL100502,EN00023,trottinette,LYON,ST1007,ST1019,2026-07-25 14:31:22,1784982982,5,1.72,2.1,cb
TR2607250006216,CL106400,EN00037,trottinette,lyon,ST1009,ST1011,,1784983796,18,3.69,4.96,abonnement
TR2607250006217,CL101903,EN00031,velo_elec,Lyon,ST1011,ST1004,2026-07-25 14:43:11,2026-07-25 15:59:11,76,14.92,20.0,abonnement
TR2607250006218,CL103049,EN00139,velo_elec,Lyon,ST1012,ST1009,2026-07-25 14:36:48,2026-07-25 14:48:48,12,4.12,4.0,
TR2607250006219,CL103953,EN00207,velo_elec,Lyon,ST1014,ST1015,2026-07-25 14:35:06,2026-07-25 14:44:06,9,1.52,3.25,cb
TR2607250006220,CL101727,EN00215,velo_elec,Lyon,ST1015,ST1010,25/07/2026 14:45,25/07/2026 14:56,11,3.63,3.75,cb
TR2607250006221,CL105084,EN00130,velo_elec,Lyon,ST1018,ST1014,2026-07-25 14:37:38,25/07/2026 14:52,15,4.77,4.75,cb
TR2607250006222,CL107103,EN00258,trottinette,Nantes,ST1020,ST1022,,2026-07-25 15:00:30,15,3.72,4.3,cb
TR2607250006223,CL103110,EN00354,velo_elec,Nantes,ST1026,ST1032,2026-07-25 14:45:09,2026-07-25 14:51:09,6,1.26,2.5,paypal
TR2607250006224,CL100452,EN00290,trottinette,Nantes,ST1027,ST1021,2026-07-25 14:39:16,,8,2.49,2.76,cb
TR2607250006225,CL100565,EN00311,trottinette,Nantes,ST1030,ST1026,2026-07-25 14:40:02,25/07/2026 14:47,7,2.15,2.54,cb
TR2607250006226,CL104420,EN00338,velo_elec,Nantes,ST1031,ST1029,2026-07-25 14:43:16,1784984236,14,2.7,4.5,cb
TR2607250006227,CL100623,EN00237,velo_elec,Nantes,ST1031,ST1024,25/07/2026 14:38,1784984778,28,6.94,8.0,cb
TR2607250006228,CL106456,EN00288,trottinette,Nantes,ST1032,ST1024,2026-07-25 14:38:00,2026-07-25 14:43:00,5,0.87,2.1,cb
TR2607250006229,CL101393,EN00300,velo_elec,Nantes,ST1033,ST1027,1784982717,2026-07-25 14:42:57,11,1.73,3.75,paypal
TR2607250006230,CL102809,EN00283,trottinette,Nantes,ST1033,ST1030,2026-07-25 14:38:11,2026-07-25 15:01:11,23,3.46,6.06,abonnement
TR2607250006231,CL102310,EN00455,velo_elec,Lille,ST1038,ST1041,2026-07-25 14:31:15,1784982915,4,1.25,2.0,paypal
TR2607250006232,CL101117,EN00494,velo_elec,Lille,ST1040,ST1046,,2026-07-25 14:37:37,6,1.92,2.5,cb
TR2607250006233,CL100364,EN00454,velo,Lille,ST1046,ST1040,2026-07-25 14:32:31,2026-07-25 14:39:31,-29,1.89,2.05,cb
TR2607250006234,CL100399,EN00363,velo_elec,Lille,ST1047,ST1038,2026-07-25 14:43:15,,9,2.35,3.25,cb
TR2607250006235,CL105595,EN00571,trottinette,Grenoble,ST1049,ST1049,2026-07-25 14:33:39,2026-07-25 14:49:39,16,2.56,4.52,cb
TR2607250006236,CL107687,EN00563,trottinette,Grenoble,ST1053,ST1051,2026-07-25 14:33:17,2026-07-25 14:41:17,8,2.25,2.76,cb
TR2607250006237,CL105812,EN00127,trottinette,Lyon,ST1001,ST1012,2026-07-25 14:49:01,2026-07-25 14:57:01,8,2.47,2.76,abonnement
TR2607250006238,CL103581,EN00098,velo_elec,Lyon,ST1003,ST1007,2026-07-25 14:59:58,2026-07-25 15:11:58,12,3.04,4.0,abonnement
TR2607250006239,CL100557,EN00214,trottinette,Lyon,ST1004,ST1019,2026-07-25 14:56:40,,21,3.79,5.62,abonnement
TR2607250006240,CL108932,EN00094,velo_elec,Lyon,ST1004,ST1007,2026-07-25 14:50:04,2026-07-25 15:15:04,25,7.82,7.25,cb
TR2607250006241,CL107903,EN00162,velo_elec,Lyon,ST1005,ST1004,,2026-07-25 14:57:02,2456,1.28,2.25,paypal
TR2607250006242,CL104104,EN00083,velo_elec,Lyon,ST1008,ST1005,,2026-07-25 15:23:28,23,4.81,6.75,cb
TR2607250006243,CL100429,EN00203,trottinette,Lyon,ST1008,ST1010,1784984026,2026-07-25 15:05:46,12,1.9,3.64,
TR2607250006244,CL106641,EN00026,trottinette,Lyon,ST1014,ST1012,2026-07-25 14:57:24,2026-07-25 15:05:24,8,2.2,2.76,paypal
TR2607250006245,CL100664,EN00207,velo_elec,Lyon,ST1015,ST1008,25/07/2026 14:55,2026-07-25 15:16:49,21,4.06,6.25,cb
TR2607250006246,CL100119,EN00003,velo_elec,Lyon,ST1016,ST1013,2026-07-25 14:48:08,2026-07-25 14:56:08,8,2.33,3.0,cb
TR2607250006247,CL100265,EN00221,velo_elec,Nantes,ST1023,ST1030,2026-07-25 14:59:21,2026-07-25 15:22:21,23,6.45,6.75,cb
TR2607250006248,CL107507,EN00287,velo_elec,Nantes,ST1028,ST1024,2026-07-25 14:47:38,2026-07-25 15:09:38,22,4.03,6.5,paypal
TR2607250006249,CL106354,EN00377,trottinette,Lille,ST1034,ST1034,2026-07-25 14:58:13,2026-07-25 15:10:13,12,3.27,3.64,paypal
TR2607250006250,CL104962,EN00462,velo_elec,Lille,ST1045,ST1045,2026-07-25 14:49:28,2026-07-25 15:03:28,14,3.09,4.5,cb
TR2607250006251,CL100555,EN00507,trottinette,Grenoble,ST1048,ST1049,2026-07-25 14:58:46,2026-07-25 15:18:46,20,4.99,5.4,cb
TR2607250006252,CL100337,EN00565,trottinette,Grenoble,ST1051,ST1049,2026-07-25 14:58:44,2026-07-25 15:18:44,20,3.89,5.4,cb
TR2607250006253,CL104534,EN00541,velo_elec,Grenoble,ST1053,ST1054,2026-07-25 14:59:00,2026-07-25 15:20:00,21,5.13,6.25,cb
TR2607250006254,CL107723,EN00567,velo_elec,Grenoble,ST1053,ST1048,2026-07-25 14:53:16,2026-07-25 15:08:16,15,4.88,4.75,cb
TR2607250006255,CL104213,EN00578,velo_elec,Grenoble,ST1054,ST1053,1784984126,,9,1.62,3.25,abonnement
TR2607250006256,CL102696,EN00549,velo_elec,Grenoble,ST1055,ST1054,,,17,5.17,5.25,abonnement
TR2607250006257,CL106466,EN00569,trottinette,Grenoble,ST1055,ST1049,2026-07-25 14:52:21,2026-07-25 15:05:21,13,2.16,3.86,cb
TR2607250006258,CL107702,EN00580,velo_elec,Grenoble,ST1057,ST1053,2026-07-25 14:50:00,2026-07-25 15:09:00,19,3.9,5.75,cb
TR2607250006259,CL104539,EN00133,velo_elec,Lyon,ST1002,ST1015,2026-07-25 15:01:35,25/07/2026 15:32,31,4.71,8.75,paypal
TR2607250006260,CL101337,EN00063,velo_elec,Lyon,ST1002,ST1012,2026-07-25 15:15:54,2026-07-25 15:52:54,37,9.74,10.25,paypal
TR2607250006261,CL108478,EN00113,velo_elec,Lyon,ST1009,ST1006,2026-07-25 15:03:05,2026-07-25 15:32:05,29,9.76,8.25,abonnement
TR2607250006262,CL101410,EN00124,velo_elec,Lyon,ST1009,ST1009,2026-07-25 15:07:30,2026-07-25 15:12:30,5,1.64,2.25,cb
TR2607250006263,CL101317,EN00034,velo_elec,Lyon,ST1010,ST1015,25/07/2026 15:14,2026-07-25 15:39:57,25,3.92,7.25,abonnement
TR2607250006264,CL104594,EN00215,velo_elec,Lyon,ST1010,ST1006,2026-07-25 15:15:13,2026-07-25 15:24:13,9,2.49,3.25,cb
TR2607250006265,CL105520,EN00045,trottinette,Lyon,ST1010,ST1015,2026-07-25 15:14:13,1784986153,15,2.35,4.3,cb
TR2607250006266,CL103075,EN00197,velo_elec,Lyon,ST1010,ST1012,2026-07-25 15:02:31,2026-07-25 15:13:31,11,2.39,3.75,cb
TR2607250006267,CL100248,EN00127,trottinette,Lyon,ST1012,ST1011,2026-07-25 15:13:09,25/07/2026 15:24,11,2.99,3.42,paypal
TR2607250006268,CL105238,EN00035,velo_elec,Lyon ,ST1013,ST1009,2026-07-25 15:15:35,1784985935,10,1.57,3.5,abonnement
TR2607250006269,CL105752,EN00119,trottinette,Lyon ,ST1015,ST1018,1784984897,2026-07-25 15:34:17,26,7.13,,paypal
TR2607250006270,CL104137,EN00175,trottinette,Lyon,ST1016,ST1018,2026-07-25 15:02:40,2026-07-25 15:56:40,54,11.21,12.88,cb
TR2607250006271,CL103172,EN00143,velo,Lyon,ST1017,ST1014,2026-07-25 15:07:46,2026-07-25 15:21:46,14,3.2,3.1,abonnement
TR2607250006272,CL108594,EN00145,trottinette,Lyon,ST1019,ST1001,2026-07-25 15:03:29,2026-07-25 15:15:29,12,2.12,3.64,cb
TR2607250006273,CL103677,EN00248,trottinette,Nantes,ST1020,ST1026,2026-07-25 15:10:54,2026-07-25 15:23:54,13,2.42,3.86,cb
TR2607250006274,CL107196,EN00263,trottinette,Nantes,ST1022,ST1030,2026-07-25 15:03:12,2026-07-25 15:21:12,18,3.55,4.96,cb
TR2607250006275,CL104552,EN00239,trottinette,Nantes,ST1025,ST1025,2026-07-25 15:13:39,2026-07-25 15:20:39,7,2.39,2.54,cb
TR2607250006276,CL100254,EN00339,velo_elec,nantes,ST1027,ST1023,2026-07-25 15:02:30,1784984790,4,1.32,2.0,cb
TR2607250006277,CL108977,EN00298,trottinette,nantes,ST1029,ST1027,2026-07-25 15:03:23,2026-07-25 15:12:23,9,2.74,2.98,abonnement
TR2607250006278,CL103784,EN00260,velo_elec,Nantes,ST1030,ST1033,2026-07-25 15:03:07,25/07/2026 15:07,4,1.12,2.0,cb
TR2607250006279,CL108014,EN00395,trottinette,Lille,ST1035,ST1046,2026-07-25 15:05:40,2026-07-25 15:31:40,26,4.89,6.72,cb
TR2607250006280,CL103965,EN00482,velo_elec,Lille,ST1038,ST1037,2026-07-25 15:04:52,2026-07-25 15:19:52,15,2.99,4.75,cb
TR2607250006281,CL106365,EN00494,velo_elec,Lille,ST1046,ST1046,2026-07-25 15:13:09,25/07/2026 15:30,17,5.29,5.25,cb
TR2607250006282,CL106658,EN00533,velo_elec,Grenoble,ST1050,ST1053,2026-07-25 15:08:13,25/07/2026 15:16,8,1.73,3.0,cb
TR2607250006283,CL105675,EN00562,velo,Grenoble,ST1053,ST1051,2026-07-25 15:12:42,2026-07-25 16:04:42,52,10.83,8.8,cb
TR2607250006284,CL107881,EN00587,trottinette,Grenoble,ST1054,ST1050,2026-07-25 15:16:23,2026-07-25 15:36:23,20,4.92,5.4,cb
TR2607250006285,CL104740,EN00036,velo_elec,Lyon,ST1001,ST1003,25/07/2026 15:25,25/07/2026 15:33,8,2.1,3.0,cb
TR2607250006286,CL104795,EN00209,velo_elec,Lyon,ST1004,ST1015,2026-07-25 15:22:54,2026-07-25 15:31:54,9,2.87,3.25,cb
TR2607250006287,CL104884,EN00028,trottinette,Lyon,ST1004,ST1001,,2026-07-25 15:29:32,-20,2.12,3.2,cb
TR2607250006288,CL101907,EN00182,trottinette,Lyon,ST1007,ST1009,2026-07-25 15:26:01,2026-07-25 15:44:01,18,4.19,4.96,cb
TR2607250006289,CL101779,EN00210,trottinette,Lyon,ST1010,ST1006,2026-07-25 15:22:54,2026-07-25 15:39:54,17,3.75,4.74,cb
TR2607250006290,CL104515,EN00203,trottinette,Lyon,ST1010,ST1012,2026-07-25 15:26:07,25/07/2026 15:34,8,2.24,2.76,paypal
TR2607250006291,CL108323,EN00069,trottinette,Lyon,ST1011,ST1016,2026-07-25 15:25:33,2026-07-25 15:44:33,19,4.08,5.18,cb
TR2607250006292,CL106132,EN00211,velo_elec,Lyon,ST1011,ST1005,2026-07-25 15:22:19,2026-07-25 15:46:19,24,7.5,7.0,cb
TR2607250006293,CL104731,EN00003,velo_elec,Lyon,ST1013,ST1018,25/07/2026 15:16,2026-07-25 15:27:05,11,2.87,3.75,paypal
TR2607250006294,CL100433,EN00164,trottinette,Lyon,ST1016,ST1019,25/07/2026 15:30,2026-07-25 15:52:46,22,3.99,5.84,abonnement
TR2607250006295,CL107306,EN00208,velo_elec,Lyon,ST1017,ST1016,2026-07-25 15:21:26,2026-07-25 15:37:26,16,5.39,5.0,cb
TR2607250006296,CL104085,EN00154,trottinette,Lyon,ST1019,ST1013,2026-07-25 15:30:02,2026-07-25 15:35:02,5,1.3,2.1,cb
TR2607250006297,CL103908,EN00268,trottinette,Nantes,ST1020,ST1020,25/07/2026 15:30,2026-07-25 15:37:46,7,1.89,2.54,paypal
TR2607250006298,CL104329,EN00222,velo_elec,Nantes,ST1021,ST1028,2026-07-25 15:20:55,2026-07-25 15:36:55,16,2.44,5.0,paypal
TR2607250006299,CL101864,EN00266,velo_elec,Nantes,ST1026,ST1027,2026-07-25 15:15:45,2026-07-25 15:23:45,8,1.58,3.0,cb
TR2607250006300,CL106683,EN00355,velo_elec,Nantes,ST1028,ST1022,2026-07-25 15:26:31,2026-07-25 15:45:31,19,5.09,5.75,cb
TR2607250006301,CL102920,EN00293,velo_elec,Nantes,ST1033,ST1033,2026-07-25 15:28:12,1784986572,8,1.68,3.0,cb
TR2607250006302,CL107046,EN00475,trottinette,Lille,ST1040,ST1046,2026-07-25 15:25:37,25/07/2026 15:43,18,4.7,4.96,cb
TR2607250006303,CL105687,EN00405,trottinette, Lille,ST1042,ST1034,2026-07-25 15:27:34,2026-07-25 15:36:34,9,2.27,2.98,cb
TR2607250006304,CL104220,EN00382,trottinette,Lille,ST1044,ST1046,2026-07-25 15:26:03,2026-07-25 15:38:03,12,3.82,3.64,cb
TR2607250006305,CL100399,EN00370,velo_elec,Lille,ST1044,ST1041,1784985815,2026-07-25 15:42:35,19,5.82,5.75,cb
TR2607250006306,CL102327,EN00424,velo_elec,Lille,ST1044,ST1042,2026-07-25 15:24:12,2026-07-25 15:33:12,9,3.06,3.25,cb
TR2607250006307,CL102273,EN00438,trottinette,LILLE,ST1047,ST1043,2026-07-25 15:22:14,2026-07-25 15:27:14,5,1.17,2.1,cb
TR2607250006308,CL107241,EN00567,velo_elec,Grenoble,ST1048,ST1053,2026-07-25 15:20:20,2026-07-25 15:26:20,6,1.49,2.5,abonnement
TR2607250006309,CL103633,EN00533,velo_elec,GRENOBLE,ST1053,ST1052,2026-07-25 15:20:03,2026-07-25 15:31:03,11,1.95,3.75,cb
TR2607250006310,CL107575,EN00549,velo_elec,GRENOBLE,ST1054,ST1058,2026-07-25 15:27:53,25/07/2026 15:55,28,6.03,8.0,cb
TR2607250006311,CL101750,EN00579,trottinette,Grenoble,ST1055,ST1057,2026-07-25 15:24:01,2026-07-25 15:36:01,12,3.75,3.64,paypal
TR2607250006312,CL106630,EN00561,velo_elec,Grenoble,ST1055,ST1054,2026-07-25 15:21:49,1784986129,7,2.07,2.75,paypal
TR2607250006313,CL106630,EN00597,trottinette,Grenoble,ST1056,ST1055,,,55,17.65,13.1,cb
TR2607250006314,CL105402,EN00592,velo_elec,Grenoble,ST1056,ST1051,1784985781,2026-07-25 15:38:01,15,4.53,4.75,abonnement
TR2607250006315,CL100555,EN00554,velo_elec,Grenoble,ST1058,ST1049,2026-07-25 15:22:32,2026-07-25 15:51:32,29,7.1,8.25,
TR2607250006316,CL105304,EN00079,velo_elec,Lyon,ST1004,ST1012,2026-07-25 15:45:34,2026-07-25 15:56:34,11,2.97,3.75,cb
TR2607250006317,CL106024,EN00220,velo_elec,Lyon,ST1004,ST1002,2026-07-25 15:44:50,2026-07-25 15:57:50,13,2.64,4.25,abonnement
TR2607250006318,CL106648,EN00083,velo_elec,Lyon,ST1005,ST1018,2026-07-25 15:31:59,2026-07-25 16:06:59,35,7.93,9.75,cb
TR2607250006319,CL102768,EN00035,velo_elec,Lyon,ST1009,ST1004,2026-07-25 15:36:03,25/07/2026 15:48,12,2.41,4.0,cb
TR2607250006320,CL102897,EN00127,trottinette,Lyon,ST1011,ST1002,1784986765,2026-07-25 15:52:25,13,4.13,3.86,paypal
TR2607250006321,CL100259,EN00174,velo_elec,Lyon,ST1011,ST1005,2026-07-25 15:38:59,1784987999,21,5.3,6.25,abonnement
TR2607250006322,CL106503,EN00026,trottinette,Lyon,ST1012,ST1006,2026-07-25 15:36:28,25/07/2026 15:54,18,3.25,4.96,cb
TR2607250006323,CL108497,EN00197,velo_elec,Lyon,ST1012,ST1019,2026-07-25 15:34:38,2026-07-25 16:21:38,47,8.92,12.75,cb
TR2607250006324,CL106454,EN00130,velo_elec,Lyon,ST1014,ST1015,2026-07-25 15:34:56,2026-07-25 15:47:56,13,3.37,4.25,cb
TR2607250006325,CL106475,EN00209,velo_elec,Lyon,ST1015,ST1008,2026-07-25 15:36:29,2026-07-25 15:53:29,17,3.16,5.25,cb
TR2607250006326,CL105546,EN00045,trottinette,Lyon,ST1015,ST1010,2026-07-25 15:44:49,1784987809,12,3.05,3.64,paypal
TR2607250006327,CL108084,EN00191,trottinette,Lyon,ST1015,ST1004,2026-07-25 15:30:55,2026-07-25 15:42:55,12,4.2,3.64,abonnement
TR2607250006328,CL101261,EN00019,trottinette,Lyon,ST1016,ST1011,2026-07-25 15:41:40,2026-07-25 16:06:40,25,5.58,6.5,abonnement
TR2607250006329,CL103327,EN00272,trottinette,Nantes,ST1026,ST1029,2026-07-25 15:33:56,2026-07-25 15:40:56,7,2.09,2.54,paypal
TR2607250006330,CL108430,EN00266,velo_elec,Nantes,ST1027,ST1024,2026-07-25 15:31:45,2026-07-25 15:58:45,27,7.66,7.75,cb
TR2607250006331,CL107022,EN00301,velo_elec,Nantes,ST1028,ST1025,25/07/2026 15:31,2026-07-25 15:36:05,5,0.98,2.25,paypal
TR2607250006332,CL104437,EN00273,velo_elec,Nantes,ST1029,ST1023,1784986362,2026-07-25 16:03:42,31,7.17,8.75,abonnement
TR2607250006333,CL104692,EN00260,velo_elec,Nantes,ST1033,ST1027,,25/07/2026 15:59,14,2.53,4.5,abonnement
TR2607250006334,CL104282,EN00470,trottinette,Lille,ST1034,ST1045,2026-07-25 15:33:24,25/07/2026 16:11,38,7.98,9.36,abonnement
TR2607250006335,CL108095,EN00406,velo_elec,Lille,ST1035,ST1044,2026-07-25 15:32:21,2026-07-25 15:44:21,12,3.74,4.0,abonnement
TR2607250006336,CL104095,EN00389,trottinette,Lille,ST1037,ST1037,2026-07-25 15:40:15,2026-07-25 15:45:15,5,1.59,2.1,cb
TR2607250006337,CL105089,EN00415,trottinette,Lille,ST1040,ST1044,2026-07-25 15:44:59,2026-07-25 15:58:59,14,4.04,4.08,cb
TR2607250006338,CL105242,EN00438,trottinette,Lille,ST1043,ST1045,2026-07-25 15:31:58,2026-07-25 16:17:58,46,8.61,11.12,paypal
TR2607250006339,CL107353,EN00486,velo,Lille,ST1043,ST1040,2026-07-25 15:35:40,1784987980,24,4.16,4.6,paypal
TR2607250006340,CL105082,EN00578,velo_elec,Grenoble,ST1053,ST1052,25/07/2026 15:34,1784987295,14,4.5,4.5,cb
TR2607250006341,CL105796,EN00514,velo_elec,Grenoble,ST1058,ST1054,2026-07-25 15:35:33,2026-07-25 15:44:33,9,1.69,3.25,cb
TR2607250006342,CL105034,EN00078,velo_elec,Lyon,ST1002,ST1005,2026-07-25 15:56:06,2026-07-25 16:04:06,8,1.57,3.0,cb
TR2607250006343,CL105932,EN00036,velo_elec,Lyon,ST1003,ST1005,2026-07-25 15:48:10,2026-07-25 16:11:10,23,3.87,6.75,cb
TR2607250006344,CL105672,EN00055,trottinette,Lyon,ST1003,ST1017,2026-07-25 15:48:05,1784988185,15,3.72,4.3,paypal
TR2607250006345,CL106389,EN00067,velo_elec,Lyon,ST1004,ST1005,25/07/2026 16:00,2026-07-25 16:03:16,3,0.65,1.75,cb
TR2607250006346,CL108795,EN00207,velo_elec,Lyon,ST1008,ST1014,2026-07-25 15:55:22,25/07/2026 16:06,11,3.16,3.75,paypal
TR2607250006347,CL104076,EN00202,trottinette,Lyon,ST1012,ST1004,2026-07-25 15:46:18,2026-07-25 15:58:18,12,2.76,3.64,cb
TR2607250006348,CL104979,EN00050,velo_elec,Lyon,ST1014,ST1002,25/07/2026 15:45,2026-07-25 15:52:56,7,1.83,2.75,cb
TR2607250006349,CL102260,EN00133,velo_elec,Lyon,ST1015,ST1012,2026-07-25 15:57:17,2026-07-25 16:09:17,12,3.81,4.0,cb
TR2607250006350,CL108392,EN00341,velo_elec,Nantes,ST1022,ST1033,25/07/2026 15:46,25/07/2026 15:53,7,2.44,2.75,cb
TR2607250006351,CL103628,EN00236,velo_elec,Nantes,ST1024,ST1028,2026-07-25 15:49:51,2026-07-25 16:22:51,33,5.21,9.25,cb
TR2607250006352,CL101475,EN00337,trottinette,Nantes,ST1026,ST1022,2026-07-25 15:46:44,2026-07-25 15:56:44,10,2.4,3.2,cb
TR2607250006353,CL105137,EN00330,trottinette,Nantes,ST1026,ST1028,2026-07-25 15:52:31,2026-07-25 15:58:31,6,1.63,2.32,abonnement
TR2607250006354,CL106872,EN00222,velo_elec,Nantes,ST1028,ST1022,2026-07-25 15:57:58,2026-07-25 16:06:58,9,2.62,3.25,cb
TR2607250006355,CL104587,EN00263,trottinette,Nantes,ST1030,ST1032,2026-07-25 15:55:38,2026-07-25 15:57:38,2,0.4,1.44,cb
TR2607250006356,CL103589,EN00221,velo_elec,Nante,ST1030,ST1022,2026-07-25 15:48:05,2026-07-25 15:56:05,8,1.25,3.0,abonnement
TR2607250006357,CL108068,EN00354,velo_elec,Nantes,ST1032,ST1033,1784987446,2026-07-25 16:04:46,14,2.79,4.5,cb
TR2607250006358,CL107944,EN00389,trottinette,lille,ST1037,ST1040,2026-07-25 15:54:44,2026-07-25 16:01:44,7,1.64,2.54,
TR2607250006359,CL108040,EN00411,trottinette,Lille,ST1039,ST1038,25/07/2026 15:47,2026-07-25 16:06:50,19,5.0,5.18,abonnement
TR2607250006360,CL101675,EN00396,velo_elec,Lille,ST1039,ST1046,1784987400,,9,2.31,3.25,cb
TR2607250006361,CL105786,EN00393,trottinette,Lille,ST1045,ST1047,25/07/2026 15:56,1784988771,16,4.15,4.52,cb
TR2607250006362,CL101009,EN00431,velo,Lille,ST1047,ST1047,2026-07-25 15:53:42,2026-07-25 16:23:42,30,7.25,5.5,abonnement
TR2607250006363,CL105914,EN00521,velo,Grenoble,ST1048,ST1057,1784987532,2026-07-25 16:03:12,11,1.97,2.65,abonnement
TR2607250006364,CL101706,EN00598,velo_elec,Grenoble,ST1050,ST1057,25/07/2026 15:59,,23,7.04,6.75,cb
TR2607250006365,CL102190,EN00509,trottinette,Grenoble,ST1052,ST1051,25/07/2026 15:57,25/07/2026 16:12,15,4.11,4.3,abonnement
TR2607250006366,CL105373,EN00541,velo_elec,Grenoble,ST1054,ST1054,2026-07-25 15:56:07,2026-07-25 16:07:07,11,3.78,3.75,cb
TR2607250006367,CL105761,EN00544,velo_elec,Grenoble,ST1055,ST1058,2026-07-25 15:48:46,2026-07-25 16:00:46,12,1.99,4.0,paypal
TR2607250006368,CL101200,EN00091,velo_elec,Lyon,ST1001,ST1006,2026-07-25 16:09:26,2026-07-25 16:31:26,22,5.99,6.5,abonnement
TR2607250006369,CL107815,EN00145,trottinette,Lyon,ST1001,ST1018,2026-07-25 16:14:00,2026-07-25 16:22:00,8,1.85,2.76,
TR2607250006370,CL107452,EN00127,trottinette,Lyon,ST1002,ST1019,2026-07-25 16:09:07,,17,5.41,4.74,cb
TR2607250006371,CL105159,EN00220,velo_elec,Lyon,ST1002,ST1010,2026-07-25 16:07:06,2026-07-25 16:34:06,27,8.24,7.75,cb
TR2607250006372,CL106351,EN00186,trottinette,Lyon,ST1002,ST1018,2026-07-25 16:08:57,2026-07-25 16:17:57,9,2.25,2.98,cb
TR2607250006373,CL100030,EN00068,velo_elec,Lyon,ST1003,ST1010,25/07/2026 16:08,2026-07-25 16:23:29,15,4.92,4.75,paypal
TR2607250006374,CL106598,EN00219,velo_elec,Lyon,ST1003,ST1003,2026-07-25 16:07:05,2026-07-25 16:16:05,9,3.08,3.25,cb
TR2607250006375,CL103193,EN00035,velo_elec,Lyonn,ST1004,ST1007,2026-07-25 16:12:56,25/07/2026 16:33,21,6.47,6.25,paypal
TR2607250006376,CL106123,EN00030,trottinette,Lyon,ST1004,ST1019,2026-07-25 16:13:23,2026-07-25 16:20:23,7,1.61,2.54,cb
TR2607250006377,CL100614,EN00180,trottinette,Lyon,ST1006,ST1018,2026-07-25 16:08:21,2026-07-25 16:25:21,17,3.24,4.74,cb
TR2607250006378,CL107207,EN00215,velo_elec,Lyonn,ST1006,ST1016,2026-07-25 16:13:37,2026-07-25 16:28:37,15,4.39,4.75,abonnement
TR2607250006379,CL108098,EN00037,trottinette,Lyon,ST1011,ST1003,2026-07-25 16:01:14,2026-07-25 16:17:14,16,3.62,4.52,
TR2607250006380,CL108560,EN00168,velo_elec,Lyon,ST1011,ST1009,2026-07-25 16:11:04,25/07/2026 16:19,8,2.62,3.0,cb
TR2607250006381,CL102315,EN00007,velo,Lyon ,ST1014,ST1014,1784988380,2026-07-25 16:18:20,12,2.71,2.8,abonnement
TR2607250006382,CL106681,EN00034,velo_elec,Lyon,ST1015,ST1004,2026-07-25 16:07:41,25/07/2026 16:11,4,0.79,2.0,cb
TR2607250006383,CL100741,EN00135,trottinette,Lyon,ST1018,ST1009,25/07/2026 16:07,25/07/2026 16:26,19,5.75,5.18,cb
TR2607250006384,CL102951,EN00232,trottinette,Nantes,ST1020,ST1028,2026-07-25 16:13:46,2026-07-25 16:17:46,4,0.83,1.88,abonnement
TR2607250006385,CL101319,EN00317,trottinette,Nantes,ST1020,ST1024,25/07/2026 16:12,2026-07-25 16:24:34,12,1.86,3.64,cb
TR2607250006386,CL102464,EN00329,trottinette,NANTES,ST1020,ST1026,2026-07-25 16:09:38,2026-07-25 16:19:38,10,2.34,3.2,cb
TR2607250006387,CL100193,EN00332,trottinette,Nantes,ST1021,ST1020,25/07/2026 16:11,2026-07-25 16:39:25,28,6.25,7.16,paypal
TR2607250006388,CL106310,EN00239,trottinette,Nantes,ST1025,ST1030,1784988252,,11,3.45,3.42,cb
TR2607250006389,CL107147,EN00246,trottinette,Nantes,ST1031,ST1022,2026-07-25 16:12:07,2026-07-25 17:11:07,59,20.04,13.98,paypal
TR2607250006390,CL101257,EN00341,velo_elec,Nantes,ST1033,ST1023,25/07/2026 16:09,2026-07-25 16:16:52,7,1.98,2.75,paypal
TR2607250006391,CL104233,EN00377,trottinette,LILLE,ST1034,ST1045,2026-07-25 16:12:34,2026-07-25 16:23:34,11,1.82,3.42,cb
TR2607250006392,CL107599,EN00386,trottinette,Lille,ST1037,ST1044,25/07/2026 16:14,2026-07-25 16:32:57,18,5.34,4.96,cb
TR2607250006393,CL108698,EN00600,trottinette,Grenoble,ST1049,ST1055,2026-07-25 16:11:41,2026-07-25 16:19:41,8,2.42,2.76,paypal
TR2607250006394,CL106046,EN00512,velo_elec,Grenoble,ST1050,ST1054,2026-07-25 16:15:59,2026-07-25 16:24:59,9,2.7,3.25,cb
TR2607250006395,CL107298,EN00520,velo_elec,Grenoble,ST1051,ST1057,2026-07-25 16:05:22,25/07/2026 16:27,22,3.79,6.5,abonnement
TR2607250006396,CL102011,EN00553,trottinette,Grenoble,ST1056,ST1058,2026-07-25 16:14:31,2026-07-25 16:32:31,18,6.09,4.96,cb
TR2607250006397,CL108761,EN00579,trottinette,Grenoble,ST1057,ST1048,2026-07-25 16:08:17,2026-07-25 16:33:17,25,4.17,6.5,cb
TR2607250006398,CL103874,EN00028,trottinette,Lyon,ST1001,ST1008,25/07/2026 16:25,2026-07-25 16:37:55,12,3.07,,abonnement
TR2607250006399,CL104696,EN00065,trottinette,Lyon,ST1002,ST1017,2026-07-25 16:17:43,25/07/2026 16:28,11,2.32,3.42,cb
TR2607250006400,CL106762,EN00157,velo_elec,Lyon,ST1002,ST1008,2026-07-25 16:17:21,2026-07-25 16:28:21,11,3.52,3.75,cb
TR2607250006401,CL106598,EN00092,trottinette,Lyon,ST1003,ST1015,2026-07-25 16:27:14,2026-07-25 16:35:14,8,2.38,2.76,cb
TR2607250006402,CL102889,EN00213,trottinette,Lyon,ST1003,ST1002,2026-07-25 16:21:57,2026-07-25 16:28:57,7,2.3,2.54,abonnement
TR2607250006403,CL108055,EN00031,velo_elec,Lyon,ST1004,ST1005,2026-07-25 16:16:42,2026-07-25 16:40:42,24,7.93,7.0,cb
TR2607250006404,CL102237,EN00026,trottinette,Lyon,ST1006,ST1018,2026-07-25 16:27:40,2026-07-25 16:36:40,9,1.92,2.98,cb
TR2607250006405,CL104602,EN00182,trottinette,Lyon,ST1009,ST1003,2026-07-25 16:26:38,2026-07-25 16:35:38,9,2.31,2.98,cb
TR2607250006406,CL106781,EN00130,velo_elec,Lyon,ST1015,ST1016,2026-07-25 16:28:28,25/07/2026 17:00,32,11.07,9.0,cb
TR2607250006407,CL102510,EN00054,trottinette,Lyon,ST1016,ST1011,2026-07-25 16:19:36,1784989596,7,1.96,2.54,cb
TR2607250006408,CL101387,EN00055,trottinette,Lyon,ST1017,ST1011,2026-07-25 16:26:45,2026-07-25 16:54:45,28,9.13,7.16,paypal
TR2607250006409,CL101286,EN00175,trottinette,Lyon,ST1018,ST1009,2026-07-25 16:27:20,2026-07-25 16:55:20,28,7.38,7.16,abonnement
TR2607250006410,CL100351,EN00216,velo_elec,Lyon,ST1019,ST1017,2026-07-25 16:29:30,25/07/2026 16:45,16,4.71,5.0,abonnement
TR2607250006411,CL101672,EN00146,trottinette,Lyon,ST1019,ST1008,2026-07-25 16:17:08,2026-07-25 16:30:08,13,3.45,3.86,cb
TR2607250006412,CL108461,EN00257,trottinette,Nantes,ST1020,ST1031,2026-07-25 16:22:23,2026-07-25 16:42:23,20,3.46,5.4,cb
TR2607250006413,CL104369,EN00222,velo_elec,Nantes,ST1022,ST1026,2026-07-25 16:27:06,2026-07-25 16:54:06,27,5.06,7.75,cb
TR2607250006414,CL108727,EN00341,velo_elec,Nantes,ST1023,ST1028,2026-07-25 16:25:59,2026-07-25 16:32:59,7,1.52,2.75,cb
TR2607250006415,CL107126,EN00321,velo_elec,Nante,ST1023,ST1020,2026-07-25 16:21:14,2026-07-25 16:31:14,10,2.96,3.5,cb
TR2607250006416,CL101879,EN00272,trottinette,Nantes,ST1029,ST1033,2026-07-25 16:23:35,,38,7.28,9.36,cb
TR2607250006417,CL104380,EN00429,velo,lille,ST1035,ST1045,2026-07-25 16:30:07,2026-07-25 16:41:07,11,3.67,2.65,
TR2607250006418,CL102843,EN00365,velo_elec,Lille,ST1036,ST1035,2026-07-25 16:19:00,2026-07-25 17:00:00,41,12.85,11.25,cb
TR2607250006419,CL108592,EN00482,velo_elec,LILLE,ST1037,ST1040,2026-07-25 16:18:44,1784989364,4,1.27,2.0,cb
TR2607250006420,CL104115,EN00389,trottinette,Lille,ST1040,ST1040,2026-07-25 16:22:24,25/07/2026 16:32,10,1.77,3.2,abonnement
TR2607250006421,CL108324,EN00464,trottinette,Lille,ST1040,ST1037,25/07/2026 16:18,2026-07-25 16:31:56,13,4.09,3.86,paypal
TR2607250006422,CL106348,EN00487,velo,Lille,ST1043,ST1040,2026-07-25 16:23:05,2026-07-25 16:29:05,6,1.6,1.9,cb
TR2607250006423,CL107291,EN00397,velo,Lille,ST1043,ST1038,,,12,1.81,2.8,cb
TR2607250006424,CL101198,EN00406,velo_elec, Lille,ST1044,ST1045,2026-07-25 16:30:49,2026-07-25 16:34:49,4,1.22,2.0,cb
TR2607250006425,CL101499,EN00475,trottinette,Lille,ST1046,ST1040,2026-07-25 16:28:35,1784990675,16,5.12,4.52,abonnement
TR2607250006426,CL101627,EN00540,velo,Grenoble,ST1048,ST1054,2026-07-25 16:25:52,2026-07-25 16:36:52,11,3.79,2.65,cb
TR2607250006427,CL100307,EN00571,trottinette,Grenoble,ST1049,ST1048,2026-07-25 16:27:13,1784989873,4,0.95,1.88,cb
TR2607250006428,CL107921,EN00587,trottinette,Grenoble,ST1050,ST1051,2026-07-25 16:27:41,2026-07-25 16:31:41,4,0.83,1.88,abonnement
TR2607250006429,CL102654,EN00509,trottinette,Grenoble,ST1051,ST1051,2026-07-25 16:26:53,2026-07-25 16:51:53,25,7.59,6.5,cb
TR2607250006430,CL106058,EN00533,velo_elec,Grenoble,ST1052,ST1053,25/07/2026 16:20,25/07/2026 16:32,12,2.38,4.0,abonnement
TR2607250006431,CL107261,EN00513,velo_elec,Grenoble,ST1055,ST1051,2026-07-25 16:27:31,2026-07-25 16:36:31,9,2.78,3.25,cb
TR2607250006432,CL107800,EN00548,trottinette,Grenoble,ST1058,ST1048,2026-07-25 16:19:07,2026-07-25 16:27:07,8,2.08,2.76,cb
TR2607250006433,CL102283,EN00050,velo_elec,Lyon ,ST1002,ST1008,2026-07-25 16:39:24,2026-07-25 16:53:24,14,3.2,,cb
TR2607250006434,CL104258,EN00212,trottinette,Lyon,ST1006,ST1016,2026-07-25 16:36:59,1784990879,11,2.45,3.42,abonnement
TR2607250006435,CL108081,EN00091,velo_elec,Lyon,ST1006,ST1019,2026-07-25 16:36:19,2026-07-25 16:57:19,21,5.71,6.25,abonnement
TR2607250006436,CL107145,EN00209,velo_elec,Lyon,ST1008,ST1004,2026-07-25 16:44:01,2026-07-25 16:56:01,12,2.09,4.0,paypal
TR2607250006437,CL104864,EN00207,velo_elec,Lyon,ST1014,ST1006,2026-07-25 16:44:30,2026-07-25 17:02:30,18,5.15,5.5,paypal
TR2607250006438,CL101197,EN00007,velo,Lyon,ST1014,ST1008,2026-07-25 16:43:17,2026-07-25 17:15:17,32,7.87,5.8,cb
TR2607250006439,CL106278,EN00143,velo,lyon,ST1014,ST1008,2026-07-25 16:44:50,2026-07-25 17:05:50,21,3.8,4.15,cb
TR2607250006440,CL102937,EN00151,trottinette,Lyon,ST1016,ST1013,2026-07-25 16:36:41,2026-07-25 16:41:41,-10,1.6,2.1,cb
TR2607250006441,CL104267,EN00106,trottinette,Lyon,ST1016,ST1019,25/07/2026 16:40,2026-07-25 17:00:38,20,5.3,5.4,abonnement
TR2607250006442,CL104401,EN00112,velo_elec,Lyon,ST1019,ST1011,2026-07-25 16:32:44,2026-07-25 17:02:44,30,9.75,8.5,abonnement
TR2607250006443,CL103994,EN00150,trottinette,Lyon,ST1019,ST1005,,2026-07-25 16:44:52,13,4.18,3.86,abonnement
TR2607250006444,CL108845,EN00359,trottinette,Nantes,ST1025,ST1026,2026-07-25 16:31:19,2026-07-25 16:41:19,10,1.56,3.2,cb
TR2607250006445,CL105077,EN00276,velo_elec,Nantes,ST1026,ST1031,25/07/2026 16:33,2026-07-25 16:52:15,19,4.12,5.75,cb
TR2607250006446,CL100497,EN00296,velo,Nantes,ST1031,ST1022,2026-07-25 16:40:56,1784991356,15,5.17,3.25,cb
TR2607250006447,CL102321,EN00354,velo_elec,Nantes,ST1033,ST1023,2026-07-25 16:41:18,2026-07-25 16:50:18,9,1.82,3.25,cb
TR2607250006448,CL103996,EN00293,velo_elec,Nantes,ST1033,ST1026,,2026-07-25 16:52:07,17,4.44,5.25,cb
TR2607250006449,CL105705,EN00432,velo,Lille,ST1035,ST1038,2026-07-25 16:33:46,2026-07-25 16:43:46,10,2.38,2.5,abonnement
TR2607250006450,CL106668,EN00469,velo,Lille,ST1035,ST1039,2026-07-25 16:37:17,2026-07-25 16:48:17,11,3.47,2.65,paypal
TR2607250006451,CL103320,EN00453,trottinette,Lille,ST1041,ST1035,25/07/2026 16:43,2026-07-25 17:02:07,19,5.36,5.18,cb
TR2607250006452,CL101604,EN00446,trottinette, Lille,ST1041,ST1046,2026-07-25 16:37:22,2026-07-25 16:48:22,11,2.9,3.42,abonnement
TR2607250006453,CL100911,EN00377,trottinette,Lille,ST1045,ST1045,2026-07-25 16:39:45,,5,0.81,2.1,paypal
TR2607250006454,CL102213,EN00382,trottinette,Lille,ST1046,ST1043,2026-07-25 16:35:01,,18,4.97,4.96,abonnement
TR2607250006455,CL101077,EN00571,trottinette,Grenoble,ST1048,ST1053,2026-07-25 16:42:32,2026-07-25 16:51:32,9,1.93,2.98,paypal
TR2607250006456,CL104577,EN00533,velo_elec,Grenoble,ST1053,ST1054,2026-07-25 16:44:50,2026-07-25 16:54:50,10,2.65,3.5,abonnement
TR2607250006457,CL107176,EN00512,velo_elec,Grenoble,ST1054,ST1050,2026-07-25 16:43:37,2026-07-25 16:58:37,15,3.09,4.75,cb
TR2607250006458,CL101746,EN00541,velo_elec,GRENOBLE,ST1054,ST1050,2026-07-25 16:40:23,2026-07-25 16:59:23,19,4.36,5.75,abonnement
TR2607250006459,CL103493,EN00182,trottinette,Lyon,ST1003,ST1007,2026-07-25 16:47:36,2026-07-25 16:51:36,4,0.8,1.88,cb
TR2607250006460,CL106241,EN00146,trottinette,Lyon,ST1008,ST1005,2026-07-25 16:55:11,2026-07-25 17:02:11,7,1.93,2.54,cb
TR2607250006461,CL105279,EN00028,trottinette,Lyon,ST1008,ST1003,2026-07-25 16:47:28,2026-07-25 17:13:28,26,8.23,6.72,cb
TR2607250006462,CL103693,EN00124,velo_elec,Lyon,ST1009,ST1014,2026-07-25 16:58:46,2026-07-25 17:25:46,27,5.68,7.75,cb
TR2607250006463,CL105756,EN00010,trottinette,Lyon,ST1009,ST1012,2026-07-25 16:59:21,2026-07-25 17:26:21,2631,5.22,6.94,abonnement
TR2607250006464,CL104276,EN00045,trottinette,Lyon,ST1010,ST1014,2026-07-25 16:52:25,,13,2.65,3.86,abonnement
TR2607250006465,CL104299,EN00220,velo_elec,Lyon,ST1010,ST1016,2026-07-25 16:58:10,1784992210,12,2.97,4.0,abonnement
TR2607250006466,CL107075,EN00079,velo_elec,Lyon,ST1012,ST1010,2026-07-25 16:56:31,25/07/2026 17:01,5,1.53,2.25,abonnement
TR2607250006467,CL104926,EN00200,trottinette,Lyon,ST1015,ST1005,2026-07-25 16:52:14,25/07/2026 17:01,9,1.65,2.98,cb
TR2607250006468,CL105113,EN00280,trottinette,Nantes,ST1021,ST1021,2026-07-25 16:57:26,25/07/2026 17:10,13,4.43,3.86,cb
TR2607250006469,CL104746,EN00337,trottinette,Nantes,ST1022,ST1021,2026-07-25 16:59:40,2026-07-25 17:12:40,13,3.3,3.86,cb
TR2607250006470,CL107018,EN00348,velo_elec,Nantes,ST1023,ST1025,2026-07-25 16:47:10,2026-07-25 17:04:10,17,4.23,5.25,cb
TR2607250006471,CL108444,EN00263,trottinette,Nantes,ST1032,ST1025,2026-07-25 16:54:28,1784991928,11,3.02,3.42,cb
TR2607250006472,CL107003,EN00336,velo_elec,nantes,ST1032,ST1028,2026-07-25 16:51:47,1784991467,6,2.08,2.5,paypal
TR2607250006473,CL105507,EN00441,velo_elec,Lille,ST1037,ST1046,2026-07-25 16:55:38,25/07/2026 17:05,10,2.17,3.5,abonnement
TR2607250006474,CL102317,EN00475,trottinette,Lille,ST1040,ST1040,2026-07-25 16:48:38,1784992478,26,8.33,6.72,cb
TR2607250006475,CL105058,EN00369,velo,lille,ST1043,ST1042,2026-07-25 16:48:02,2026-07-25 17:16:02,28,5.3,5.2,abonnement
TR2607250006476,CL101389,EN00438,trottinette,Lille,ST1045,ST1042,2026-07-25 16:48:31,2026-07-25 17:13:31,25,5.12,6.5,cb
TR2607250006477,CL105522,EN00556,trottinette,Grenoble,ST1050,ST1052,2026-07-25 16:51:10,2026-07-25 17:01:10,10,1.88,3.2,cb
TR2607250006478,CL103842,EN00546,trottinette,Grenoble,ST1050,ST1051,25/07/2026 16:56,2026-07-25 17:14:14,18,3.4,4.96,
TR2607250006479,CL100570,EN00587,trottinette,GRENOBLE,ST1051,ST1051,1784991492,25/07/2026 17:06,8,2.2,2.76,abonnement
TR2607250006480,CL100622,EN00584,trottinette,Grenoble,ST1056,ST1058,25/07/2026 17:00,25/07/2026 17:31,31,8.78,7.82,paypal
TR2607250006481,CL108386,EN00585,velo_elec,Grenoble,ST1056,ST1055,,,11,1.99,3.75,abonnement
TR2607250006482,CL107414,EN00590,velo_elec,grenoble,ST1057,ST1051,1784991145,2026-07-25 17:23:25,31,6.82,8.75,abonnement
TR2607250006483,CL105519,EN00520,velo_elec,Grenoble,ST1057,ST1056,2026-07-25 16:50:14,2026-07-25 17:09:14,19,5.58,5.75,abonnement
TR2607250006484,CL103114,EN00508,trottinette,Grenoble,ST1058,ST1053,2026-07-25 16:50:52,2026-07-25 16:59:52,9,2.26,2.98,paypal
TR2607250006485,CL106529,EN00209,velo_elec,Lyon,ST1004,ST1005,2026-07-25 17:09:55,2026-07-25 17:29:55,20,6.07,6.0,paypal
TR2607250006486,CL105353,EN00034,velo_elec,Lyon,ST1004,ST1015,1784992066,25/07/2026 17:11,4,0.67,2.0,cb
TR2607250006487,CL102858,EN00031,velo_elec,Lyon,ST1005,ST1015,2026-07-25 17:07:53,,21,4.15,6.25,cb
TR2607250006488,CL100701,EN00033,trottinette,Lyon ,ST1006,ST1011,2026-07-25 17:00:59,2026-07-25 17:21:59,21,3.34,5.62,cb
TR2607250006489,CL105419,EN00052,trottinette,Lyon,ST1006,ST1006,2026-07-25 17:07:35,25/07/2026 17:19,12,2.8,3.64,cb
TR2607250006490,CL106127,EN00050,velo_elec,Lyon,ST1008,ST1005,1784991733,25/07/2026 17:05,3,0.74,1.75,abonnement
TR2607250006491,CL100027,EN00175,trottinette,Lyon,ST1009,ST1012,2026-07-25 17:03:02,25/07/2026 17:22,19,5.47,5.18,cb
TR2607250006492,CL106065,EN00019,trottinette,Lyon,ST1011,ST1001,2026-07-25 17:08:46,1784993026,15,4.51,4.3,cb
TR2607250006493,CL103368,EN00063,velo_elec,Lyon ,ST1012,ST1015,2026-07-25 17:12:19,2026-07-25 17:32:19,20,6.9,6.0,abonnement
TR2607250006494,CL103199,EN00151,trottinette,Lyon,ST1013,ST9228,2026-07-25 17:06:28,25/07/2026 17:14,8,1.24,2.76,cb
TR2607250006495,CL106389,EN00092,trottinette,Lyonn,ST1015,ST1018,2026-07-25 17:10:26,2026-07-25 17:31:26,21,3.8,5.62,cb
TR2607250006496,CL101247,EN00332,trottinette,NANTES,ST1020,ST1021,2026-07-25 17:13:54,2026-07-25 17:18:54,5,1.29,2.1,cb
TR2607250006497,CL108636,EN00321,velo_elec,Nante,ST1020,ST1033,2026-07-25 17:14:26,25/07/2026 17:28,14,2.4,4.5,cb
TR2607250006498,CL106892,EN00304,velo_elec,Nantes,ST1029,ST1027,25/07/2026 17:11,2026-07-25 17:14:07,3,0.46,1.75,paypal
TR2607250006499,CL108466,EN00283,trottinette,Nantes,ST1030,ST1027,2026-07-25 17:12:00,1784993760,24,7.79,6.28,cb
TR2607250006500,CL108763,EN00250,velo_elec,Nantes,ST1032,ST1032,2026-07-25 17:06:27,2026-07-25 17:23:27,17,3.3,5.25,abonnement
TR2607250006501,CL101489,EN00467,velo_elec,Lille,ST1034,ST1043,2026-07-25 17:13:40,2026-07-25 17:23:40,10,3.26,3.5,cb
TR2607250006502,CL108984,EN00365,velo_elec,Lille,ST1035,ST1044,,25/07/2026 17:24,21,6.17,6.25,cb
TR2607250006503,CL104424,EN00424,velo_elec,Lille,ST1042,ST1044,2026-07-25 17:11:14,2026-07-25 17:18:14,7,1.82,2.75,cb
TR2607250006504,CL103194,EN00382,trottinette,lille,ST1043,ST1040,2026-07-25 17:06:47,2026-07-25 17:10:47,4,1.2,1.88,paypal
TR2607250006505,CL105209,EN00446,trottinette,Lille,ST1046,ST1041,2026-07-25 17:02:31,2026-07-25 17:14:31,12,3.72,3.64,abonnement
TR2607250006506,CL107041,EN00554,velo_elec,Grenoble,ST1049,ST1048,2026-07-25 17:08:20,25/07/2026 17:16,8,2.28,3.0,cb
TR2607250006507,CL107713,EN00512,velo_elec,Grenoble,ST1050,ST1058,25/07/2026 17:07,2026-07-25 17:21:15,14,3.9,4.5,cb
TR2607250006508,CL106946,EN00551,trottinette,Grenoble,ST1051,ST1048,2026-07-25 17:03:41,2026-07-25 17:16:41,13,3.21,3.86,cb
TR2607250006509,CL104934,EN00514,velo_elec,Grenoble,ST1054,ST1049,2026-07-25 17:08:43,2026-07-25 17:21:43,13,1.99,4.25,cb
TR2607250006510,CL104055,EN00533,velo_elec,Grenoble,ST1054,ST1050,25/07/2026 17:12,2026-07-25 17:22:58,10,1.53,3.5,paypal
TR2607250006511,CL102204,EN00598,velo_elec,Grenoble,ST1057,ST1054,2026-07-25 17:11:18,2026-07-25 17:14:18,3,0.67,1.75,paypal
TR2607250006512,CL105852,EN00131,trottinette,Lyon ,ST1001,ST1007,2026-07-25 17:27:13,2026-07-25 17:34:13,7,1.73,2.54,abonnement
TR2607250006513,CL100441,EN00050,velo_elec,Lyon,ST1005,ST1006,2026-07-25 17:23:27,2026-07-25 17:48:27,25,6.0,7.25,cb
TR2607250006514,CL103859,EN00207,velo_elec,Lyon,ST1006,ST1015,2026-07-25 17:18:09,2026-07-25 17:27:09,9,1.74,3.25,cb
TR2607250006515,CL103588,EN00055,trottinette,Lyon,ST1011,ST1013,2026-07-25 17:28:11,1784993591,5,1.69,2.1,abonnement
TR2607250006516,CL104688,EN00122,trottinette,Lyon,ST1012,ST1004,2026-07-25 17:24:21,2026-07-25 17:35:21,3900,3.82,3.42,cb
TR2607250006517,CL101459,EN00106,trottinette,Lyon,ST1019,ST1019,2026-07-25 17:25:58,2026-07-25 17:46:58,21,3.9,5.62,cb
TR2607250006518,CL100413,EN00305,velo_elec,Nantes,ST1021,ST1030,2026-07-25 17:18:36,1784993616,15,4.1,4.75,cb
TR2607250006519,CL103467,EN00280,trottinette,Nantes,ST1021,ST1020,2026-07-25 17:26:58,2026-07-25 17:45:58,19,5.32,5.18,paypal
TR2607250006520,CL107438,EN00302,velo_elec,Nantes,ST1022,ST1032,1784992670,2026-07-25 17:35:50,18,5.04,5.5,cb
TR2607250006521,CL105451,EN00263,trottinette,Nantes,ST1025,ST1029,2026-07-25 17:17:40,2026-07-25 17:31:40,14,2.65,4.08,cb
TR2607250006522,CL108342,EN00327,velo_elec,Nantes,ST1025,ST1024,2026-07-25 17:19:55,2026-07-25 17:26:55,7,1.34,2.75,abonnement
TR2607250006523,CL108257,EN00222,velo_elec,Nantes,ST1026,ST1027,2026-07-25 17:25:34,2026-07-25 17:35:34,10,2.25,3.5,abonnement
TR2607250006524,CL106450,EN00298,trottinette,NANTES,ST1027,ST1030,2026-07-25 17:16:24,,17,2.8,4.74,cb
TR2607250006525,CL108399,EN00338,velo_elec,Nantes,ST1029,ST1023,2026-07-25 17:17:24,1784992884,4,0.91,2.0,abonnement
TR2607250006526,CL106487,EN00291,velo_elec,Nantes,ST1032,ST1031,1784992762,25/07/2026 17:36,17,5.76,5.25,paypal
TR2607250006527,CL103630,EN00295,velo_elec,NANTES,ST1032,ST1020,,2026-07-25 17:31:48,11,3.06,3.75,abonnement
TR2607250006528,CL107130,EN00405,trottinette,LILLE,ST1034,ST1047,2026-07-25 17:23:55,25/07/2026 17:34,11,2.96,3.42,abonnement
TR2607250006529,CL104417,EN00473,trottinette,Lille,ST1036,ST1046,25/07/2026 17:22,2026-07-25 17:41:21,19,5.05,5.18,paypal
TR2607250006530,CL100388,EN00438,trottinette,Lille,ST1042,ST1037,2026-07-25 17:17:37,2026-07-25 17:21:37,4,1.18,1.88,paypal
TR2607250006531,CL102424,EN00439,velo_elec,Lille,ST1042,ST1046,25/07/2026 17:28,1784994230,15,2.64,4.75,cb
TR2607250006532,CL101646,EN00415,trottinette,Lille,ST1044,ST1044,2026-07-25 17:29:40,2026-07-25 17:47:40,18,4.16,4.96,abonnement
TR2607250006533,CL107740,EN00565,trottinette,Grenoble,ST1049,ST1055,2026-07-25 17:19:24,2026-07-25 17:37:24,18,3.82,4.96,paypal
TR2607250006534,CL105029,EN00541,velo_elec,Grenoble,ST1050,ST1058,2026-07-25 17:30:56,2026-07-25 17:37:56,7,1.79,2.75,abonnement
TR2607250006535,CL104058,EN00587,trottinette,Grenoble,ST1051,ST1056,1784992903,2026-07-25 17:30:43,-11,2.52,2.98,cb
TR2607250006536,CL102366,EN00592,velo_elec,Grenoble,ST1051,ST1054,1784993342,25/07/2026 17:41,12,1.95,4.0,paypal
TR2607250006537,CL105671,EN00539,velo_elec,Grenoble,ST1051,ST1052,1784992818,2026-07-25 17:24:18,4,1.39,2.0,paypal
TR2607250006538,CL108115,EN00598,velo_elec,Grenoble,ST1054,ST1048,2026-07-25 17:19:26,2026-07-25 17:30:26,11,2.94,3.75,cb
TR2607250006539,CL107623,EN00600,trottinette,Grenoble,ST1055,ST1056,2026-07-25 17:24:36,2026-07-25 17:47:36,23,4.07,6.06,cb
TR2607250006540,CL107324,EN00520,velo_elec,grenoble,ST1056,ST1050,25/07/2026 17:20,2026-07-25 17:46:51,26,6.59,7.5,cb
TR2607250006541,CL104626,EN00524,velo_elec,Grenoble,ST1058,ST1053,1784993069,2026-07-25 17:45:29,21,3.68,6.25,cb
TR2607250006542,CL100881,EN00019,trottinette,Lyon,ST1001,ST1019,2026-07-25 17:33:58,2026-07-25 17:37:58,4,1.34,1.88,cb
TR2607250006543,CL102523,EN00049,trottinette,Lyon,ST1001,ST1012,2026-07-25 17:39:27,2026-07-25 18:13:27,34,6.75,8.48,abonnement
TR2607250006544,CL100416,EN00052,trottinette,Lyon,ST1006,ST1018,2026-07-25 17:38:14,2026-07-25 17:43:14,5,1.22,2.1,abonnement
TR2607250006545,CL100788,EN00157,velo_elec,Lyon,ST1008,ST1013,,25/07/2026 17:58,25,8.04,7.25,cb
TR2607250006546,CL101159,EN00007,velo,Lyon,ST1008,ST1015,2026-07-25 17:35:55,25/07/2026 17:45,10,2.04,2.5,paypal
TR2607250006547,CL101227,EN00168,velo_elec,Lyon,ST1009,ST1003,1784994069,2026-07-25 18:14:09,33,6.95,9.25,cb
TR2607250006548,CL104592,EN00199,velo_elec,Lyon,ST1009,ST1017,2026-07-25 17:32:09,2026-07-25 17:36:09,4,1.16,2.0,abonnement
TR2607250006549,CL103209,EN00151,trottinette,Lyon,ST1012,ST1004,2026-07-25 17:33:16,25/07/2026 17:39,6,1.71,2.32,abonnement
TR2607250006550,CL102565,EN00154,trottinette,Lyon,ST1013,ST1013,2026-07-25 17:44:21,25/07/2026 17:56,12,3.42,3.64,abonnement
TR2607250006551,CL103238,EN00215,velo_elec,Lyon,ST1016,ST1018,2026-07-25 17:32:13,2026-07-25 17:42:13,10,2.65,3.5,cb
TR2607250006552,CL101759,EN00303,velo_elec,Nantes,ST1025,ST1021,2026-07-25 17:34:52,2026-07-25 17:49:52,15,3.57,4.75,cb
TR2607250006553,CL104472,EN00359,trottinette,Nantes,ST1026,ST1031,2026-07-25 17:34:28,2026-07-25 17:48:28,14,2.53,4.08,cb
TR2607250006554,CL104860,EN00239,trottinette,Nantes,ST1030,ST1023,2026-07-25 17:38:15,,16,5.53,4.52,cb
TR2607250006555,CL106152,EN00286,velo_elec,Nante,ST1032,ST1026,2026-07-25 17:36:58,25/07/2026 17:46,10,3.15,3.5,cb
TR2607250006556,CL103799,EN00363,velo_elec,Lille,ST1038,ST1045,1784994060,2026-07-25 18:05:00,24,4.12,7.0,abonnement
TR2607250006557,CL100533,EN00455,velo_elec, Lille,ST1041,ST1044,2026-07-25 17:41:34,2026-07-25 17:45:34,4,0.88,2.0,abonnement
TR2607250006558,CL100684,EN00446,trottinette,Lille,ST1041,ST1040,2026-07-25 17:37:29,,5,1.64,2.1,cb
TR2607250006559,CL103463,EN00406,velo_elec,Lille,ST1045,ST1035,2026-07-25 17:37:17,2026-07-25 17:50:17,13,2.25,4.25,cb
TR2607250006560,CL104947,EN00377,trottinette,Lille,ST1045,ST1042,2026-07-25 17:42:10,2026-07-25 17:50:10,8,2.58,2.76,paypal
TR2607250006561,CL107655,EN00590,velo_elec,Grenoble,ST1051,ST1051,1784993514,2026-07-25 17:59:54,28,8.51,8.0,abonnement
TR2607250006562,CL102759,EN00532,velo_elec,Grenoble,ST1051,ST1052,2026-07-25 17:40:08,2026-07-25 17:46:08,6,1.9,2.5,cb
TR2607250006563,CL100446,EN00556,trottinette,Grenoble,ST1052,ST1050,2026-07-25 17:42:41,2026-07-25 17:51:41,9,2.07,2.98,cb
TR2607250006564,CL104749,EN00571,trottinette,Grenoble,ST1053,ST1054,2026-07-25 17:36:46,2026-07-25 17:40:46,4,0.65,1.88,cb
TR2607250006565,CL101140,EN00516,velo_elec,Grenoble,ST1054,ST1058,2026-07-25 17:36:06,2026-07-25 17:39:06,3,0.55,1.75,cb
TR2607250006566,CL102800,EN00587,trottinette,Grenoble,ST1056,ST1057,2026-07-25 17:35:09,2026-07-25 17:43:09,8,1.9,2.76,cb
TR2607250006567,CL107391,EN00521,velo,Grenoble,ST1057,ST1058,2026-07-25 17:43:37,2026-07-25 17:47:37,4,1.34,1.6,abonnement
TR2607250006568,CL107981,EN00574,velo,Grenoble,ST1057,ST1048,2026-07-25 17:43:04,2026-07-25 17:53:04,10,2.39,2.5,cb
TR2607250006569,CL108150,EN00076,velo_elec,Lyon,ST1001,ST1010,2026-07-25 17:57:11,1784995991,16,3.78,5.0,paypal
TR2607250006570,CL102280,EN00024,velo_elec,Lyon,ST1001,ST1013,25/07/2026 17:54,25/07/2026 18:03,9,1.42,3.25,paypal
TR2607250006571,CL105202,EN00058,velo_elec,Lyon,ST1001,ST1016,2026-07-25 17:52:54,2026-07-25 17:58:54,6,0.95,2.5,cb
TR2607250006572,CL101515,EN00036,velo_elec,Lyon,ST1005,ST1011,2026-07-25 17:51:28,2026-07-25 18:05:28,14,3.91,4.5,cb
TR2607250006573,CL103874,EN00113,velo_elec,Lyon,ST1006,ST1018,2026-07-25 17:45:43,2026-07-25 17:52:43,7,2.38,2.75,cb
TR2607250006574,CL104983,EN00098,velo_elec,Lyon,ST1007,ST1016,2026-07-25 17:48:05,2026-07-25 18:06:05,18,3.98,5.5,cb
TR2607250006575,CL101626,EN00131,trottinette,Lyon,ST1007,ST1003,2026-07-25 17:52:13,25/07/2026 17:58,6,1.74,2.32,cb
TR2607250006576,CL105286,EN00079,velo_elec,Lyon,ST1010,ST1015,2026-07-25 17:48:22,2026-07-25 17:55:22,7,1.93,2.75,cb
TR2607250006577,CL102240,EN00054,trottinette,Lyon,ST1011,ST1003,25/07/2026 17:53,2026-07-25 18:08:48,15,5.2,4.3,cb
TR2607250006578,CL103236,EN00045,trottinette,Lyon,ST1014,ST1003,2026-07-25 17:51:18,2026-07-25 18:20:18,29,7.93,7.38,abonnement
TR2607250006579,CL103811,EN00092,trottinette,Lyon,ST1018,ST1010,2026-07-25 17:51:22,25/07/2026 17:57,6,2.0,2.32,cb
TR2607250006580,CL108415,EN00019,trottinette,Lyon,ST1019,ST1006,2026-07-25 18:00:11,2026-07-25 18:04:11,4,1.15,1.88,abonnement
TR2607250006581,CL100044,EN00081,velo_elec,Lyon,ST1019,ST1019,2026-07-25 17:50:20,2026-07-25 17:59:20,9,2.89,3.25,abonnement
TR2607250006582,CL103478,EN00280,trottinette,Nantes,ST1020,ST1025,2026-07-25 17:56:18,2026-07-25 18:06:18,10,2.0,3.2,abonnement
TR2607250006583,CL100623,EN00354,velo_elec,Nantes,ST1023,ST1030,,2026-07-25 18:07:05,14,4.55,4.5,cb
TR2607250006584,CL102906,EN00283,trottinette,Nantes,ST1027,ST1028,2026-07-25 17:53:14,2026-07-25 18:02:14,9,1.95,2.98,cb
TR2607250006585,CL101271,EN00341,velo_elec,Nantes,ST1028,ST1033,2026-07-25 17:50:58,2026-07-25 18:07:58,17,5.93,5.25,cb
TR2607250006586,CL103378,EN00336,velo_elec,Nantes,ST1028,ST1026,2026-07-25 17:50:25,2026-07-25 18:05:25,15,4.19,4.75,cb
TR2607250006587,CL102083,EN00247,trottinette,Nantes,ST1031,ST1024,2026-07-25 17:58:13,,25,4.98,6.5,abonnement
TR2607250006588,CL104157,EN00291,velo_elec,Nante,ST1031,ST1022,2026-07-25 17:58:12,2026-07-25 18:20:12,22,5.58,6.5,cb
TR2607250006589,CL108390,EN00276,velo_elec,nantes,ST1031,ST1024,2026-07-25 17:46:00,25/07/2026 17:51,5,1.68,2.25,abonnement
TR2607250006590,CL101221,EN00453,trottinette,Lille,ST1035,ST1045,2026-07-25 17:47:20,2026-07-25 17:51:20,4,1.29,1.88,paypal
TR2607250006591,CL102907,EN00456,trottinette, Lille,ST1039,ST1041,2026-07-25 17:47:59,2026-07-25 17:58:59,11,3.65,3.42,cb
TR2607250006592,CL100592,EN00366,trottinette,Lille,ST1042,ST1044,2026-07-25 17:47:27,25/07/2026 17:59,12,3.11,3.64,cb
TR2607250006593,CL102941,EN00455,velo_elec,Lille,ST1044,ST1040,2026-07-25 17:46:12,2026-07-25 17:59:12,13,3.22,4.25,paypal
TR2607250006594,CL107479,EN00473,trottinette,Lille,ST1046,ST1042,2026-07-25 17:49:20,2026-07-25 18:21:20,32,5.5,8.04,cb
TR2607250006595,CL100224,EN00507,trottinette,Grenoble,ST1049,ST1054,2026-07-25 17:51:00,,4,1.31,1.88,cb
TR2607250006596,CL100300,EN00533,velo_elec,Grenoble,ST1050,ST1049,2026-07-25 17:49:59,1784995679,18,3.09,5.5,cb
TR2607250006597,CL102867,EN00508,trottinette,Grenoble,ST1053,ST1053,25/07/2026 17:59,25/07/2026 18:04,5,1.45,2.1,cb
TR2607250006598,CL108394,EN00587,trottinette,Grenoble,ST1057,ST1057,2026-07-25 17:48:18,2026-07-25 17:55:18,7,1.08,2.54,cb
TR2607250006599,CL100144,EN00122,trottinette,Lyon,ST1004,ST1017,2026-07-25 18:07:21,25/07/2026 18:10,3,0.77,1.66,cb
TR2607250006600,CL107679,EN00094,velo_elec,Lyon,ST1007,ST1015,2026-07-25 18:08:29,2026-07-25 18:14:29,6,1.91,2.5,abonnement
TR2607250006601,CL102211,EN00092,trottinette,Lyon,ST1010,ST1007,2026-07-25 18:12:49,2026-07-25 18:32:49,20,6.91,5.4,cb
TR2607250006602,CL107065,EN00055,trottinette,Lyon,ST1013,ST1005,2026-07-25 18:10:14,2026-07-25 18:13:14,3,0.6,1.66,cb
TR2607250006603,CL107075,EN00154,trottinette,Lyon,ST1013,ST1019,2026-07-25 18:10:49,2026-07-25 18:15:49,5,1.44,2.1,abonnement
TR2607250006604,CL102754,EN00124,velo_elec,Lyon,ST1014,ST1009,2026-07-25 18:07:08,2026-07-25 18:15:08,8,1.51,3.0,
TR2607250006605,CL101050,EN00079,velo_elec,Lyon,ST1015,ST1010,25/07/2026 18:06,2026-07-25 18:14:35,8,2.52,3.0,cb
TR2607250006606,CL104893,EN00215,velo_elec,Lyon,ST1018,ST1006,2026-07-25 18:10:04,2026-07-25 18:17:04,7,1.49,2.75,cb
TR2607250006607,CL106531,EN00180,trottinette,Lyon,ST1018,ST1002,2026-07-25 18:11:37,2026-07-25 18:21:37,10,2.37,3.2,
TR2607250006608,CL100733,EN00164,trottinette,Lyon,ST1019,ST1005,2026-07-25 18:10:21,2026-07-25 18:21:21,11,1.82,3.42,cb
TR2607250006609,CL102141,EN00081,velo_elec,Lyon,ST1019,ST1009,2026-07-25 18:08:42,2026-07-25 18:25:42,17,3.72,5.25,cb
TR2607250006610,CL104051,EN00230,velo_elec,Nantes,ST1022,ST1029,2026-07-25 18:13:27,2026-07-25 18:22:27,9,1.93,3.25,abonnement
TR2607250006611,CL100565,EN00239,trottinette,Nantes,ST1023,ST1028,,25/07/2026 18:31,23,7.81,6.06,paypal
TR2607250006612,CL105884,EN00263,trottinette,NANTES,ST1029,ST1032,2026-07-25 18:15:43,2026-07-25 18:27:43,12,3.54,3.64,
TR2607250006613,CL105878,EN00410,velo_elec,Lille,ST1036,ST1037,25/07/2026 18:06,2026-07-25 18:17:09,11,2.83,3.75,cb
TR2607250006614,CL101117,EN00383,trottinette,Lille,ST1038,ST1039,1784996036,2026-07-25 18:18:56,5,1.23,2.1,cb
TR2607250006615,CL104639,EN00444,trottinette,Lille,ST1038,ST1043,2026-07-25 18:00:55,2026-07-25 18:05:55,5,1.67,2.1,abonnement
TR2607250006616,CL105130,EN00517,trottinette,Grenoble ,ST1052,ST1056,2026-07-25 18:08:00,2026-07-25 18:20:00,12,2.51,3.64,abonnement
TR2607250006617,CL108755,EN00537,velo_elec,Grenoble,ST1053,ST1057,2026-07-25 18:10:12,2026-07-25 18:17:12,7,1.3,2.75,paypal
TR2607250006618,CL107879,EN00587,trottinette,Grenoble,ST1057,ST1058,2026-07-25 18:04:08,1784995868,7,1.62,2.54,abonnement
TR2607250006619,CL102919,EN00151,trottinette,Lyon,ST1004,ST1013,2026-07-25 18:20:57,2026-07-25 18:23:57,3,0.98,1.66,cb
TR2607250006620,CL905289,EN00191,trottinette,Lyonn,ST1004,ST1002,25/07/2026 18:29,2026-07-25 18:47:52,18,5.88,4.96,cb
TR2607250006621,CL101350,EN00055,trottinette,Lyon,ST1005,ST1012,2026-07-25 18:16:35,2026-07-25 18:21:35,5,1.18,2.1,abonnement
TR2607250006622,CL103347,EN00036,velo_elec,Lyon,ST1011,ST1016,2026-07-25 18:28:53,2026-07-25 18:38:53,10,2.52,3.5,abonnement
TR2607250006623,CL102768,EN00133,velo_elec,Lyon,ST1012,ST1001,25/07/2026 18:25,2026-07-25 18:42:08,17,3.54,5.25,cb
TR2607250006624,CL101147,EN00175,trottinette,Lyon,ST1012,ST1017,2026-07-25 18:19:24,2026-07-25 18:35:24,16,3.86,4.52,cb
TR2607250006625,CL100949,EN00024,velo_elec,Lyon,ST1013,ST1012,2026-07-25 18:22:02,2026-07-25 18:33:02,11,3.41,3.75,cb
TR2607250006626,CL100000,EN00034,velo_elec,Lyon,ST1015,ST1011,2026-07-25 18:25:35,2026-07-25 18:42:35,17,4.94,5.25,cb
TR2607250006627,CL106891,EN00069,trottinette,Lyon,ST1016,ST1006,2026-07-25 18:23:57,1784999577,49,15.77,11.78,cb
TR2607250006628,CL103509,EN00212,trottinette,Lyon,ST1016,ST1003,2026-07-25 18:29:02,2026-07-25 18:38:02,9,2.62,2.98,cb
TR2607250006629,CL107717,EN00026,trottinette,Lyon,ST1018,ST1002,1784996765,2026-07-25 18:55:05,29,8.04,7.38,cb
TR2607250006630,CL105321,EN00141,velo_elec,Lyon,ST1019,ST1008,2026-07-25 18:27:54,2026-07-25 18:43:54,2653,5.29,5.0,abonnement
TR2607250006631,CL103239,EN00295,velo_elec,Nantes,ST1020,ST1025,25/07/2026 18:26,2026-07-25 18:48:10,22,3.31,6.5,cb
TR2607250006632,CL100781,EN00268,trottinette,NANTES,ST1020,ST1030,1784996697,2026-07-25 18:35:57,11,2.67,3.42,abonnement
TR2607250006633,CL103522,EN00289,trottinette,Nantes,ST1026,ST1024,25/07/2026 18:18,1784997341,-12,5.22,4.74,abonnement
TR2607250006634,CL106268,EN00283,trottinette,Nantes,ST1028,ST1030,25/07/2026 18:18,2026-07-25 18:39:05,21,7.28,5.62,paypal
TR2607250006635,CL105047,EN00328,velo_elec,Nantes,ST1029,ST1032,2026-07-25 18:22:42,2026-07-25 18:32:42,10,2.92,3.5,abonnement
TR2607250006636,CL104382,EN00354,velo_elec,nantes,ST1030,ST1032,25/07/2026 18:18,2026-07-25 18:35:45,17,4.96,5.25,abonnement
TR2607250006637,CL106303,EN00302,velo_elec,Nantes,ST1032,ST1033,1784996300,2026-07-25 18:53:20,35,6.12,9.75,cb
TR2607250006638,CL105330,EN00366,trottinette,Lille,ST1044,ST1037,2026-07-25 18:18:28,2026-07-25 18:20:28,2,0.64,1.44,cb
TR2607250006639,CL105112,EN00494,velo_elec,Lille,ST1046,ST1038,2026-07-25 18:18:46,1784997106,13,2.44,4.25,cb
TR2607250006640,CL103401,EN00556,trottinette,Grenoble,ST1050,ST1056,2026-07-25 18:17:24,25/07/2026 18:27,10,3.31,3.2,abonnement
TR2607250006641,CL100129,EN00578,velo_elec,Grenoble,ST1052,ST1055,1784996938,2026-07-25 18:43:58,15,2.62,4.75,abonnement
TR2607250006642,CL101617,EN00565,trottinette,Grenoble,ST1055,ST1051,1784996863,2026-07-25 18:36:43,9,1.53,2.98,abonnement
TR2607250006643,CL107577,EN00600,trottinette,Grenoble,ST1056,ST1055,1784996631,25/07/2026 18:32,9,2.51,2.98,paypal
TR2607250006644,CL100377,EN00523,velo_elec,Grenoble,ST1056,ST1057,2026-07-25 18:15:49,2026-07-25 18:27:49,12,3.4,4.0,paypal
TR2607250006645,CL105636,EN00566,trottinette,Grenoble,ST1056,ST1049,2026-07-25 18:27:50,2026-07-25 18:34:50,7,1.86,2.54,abonnement
TR2607250006646,CL106523,EN00075,trottinette,Lyon,ST1001,ST1008,2026-07-25 18:35:34,2026-07-25 18:43:34,8,1.49,2.76,cb
TR2607250006647,CL100799,EN00039,velo_elec,Lyon,ST1001,ST1006,2026-07-25 18:37:24,2026-07-25 18:43:24,6,1.39,2.5,paypal
TR2607250006648,CL105163,EN00054,trottinette,Lyon,ST1003,ST1008,2026-07-25 18:33:36,1784997756,9,2.44,2.98,paypal
TR2607250006649,CL100884,EN00131,trottinette,Lyon,ST1003,ST1011,2026-07-25 18:35:19,2026-07-25 18:48:19,13,4.15,3.86,cb
TR2607250006650,CL105166,EN00219,velo_elec,Lyon,ST1003,ST1015,2026-07-25 18:37:55,2026-07-25 18:39:55,2,0.65,1.5,cb
TR2607250006651,CL108267,EN00143,velo,Lyon,ST1008,ST1015,2026-07-25 18:33:31,2026-07-25 18:50:31,17,4.88,3.55,cb
TR2607250006652,CL101223,EN00122,trottinette,Lyon,ST1017,ST1003,1784997713,2026-07-25 18:54:53,13,4.33,3.86,cb
TR2607250006653,CL100001,EN00339,velo_elec,Nantes,ST1023,ST1032,2026-07-25 18:31:42,2026-07-25 18:43:42,12,4.12,4.0,cb
TR2607250006654,CL107098,EN00247,trottinette,Nantes,ST1024,ST1023,2026-07-25 18:42:03,2026-07-25 18:52:03,10,2.62,3.2,cb
TR2607250006655,CL100278,EN00266,velo_elec,Nantes,ST1024,ST1020,2026-07-25 18:42:40,25/07/2026 18:55,13,2.43,4.25,cb
TR2607250006656,CL104344,EN00230,velo_elec,Nantes,ST1029,ST1022,2026-07-25 18:39:09,2026-07-25 18:49:09,10,2.15,3.5,paypal
TR2607250006657,CL103442,EN00347,trottinette,Nantes,ST1033,ST1031,2026-07-25 18:33:03,2026-07-25 18:43:03,10,2.77,3.2,
TR2607250006658,CL104499,EN00383,trottinette,Lille,ST1039,ST1034,25/07/2026 18:32,2026-07-25 18:43:05,11,2.27,3.42,cb
TR2607250006659,CL104254,EN00467,velo_elec,Lille,ST1043,ST1044,25/07/2026 18:31,2026-07-25 18:39:15,8,1.34,3.0,
TR2607250006660,CL108592,EN00415,trottinette,Lille,ST1044,ST1046,2026-07-25 18:35:24,25/07/2026 18:51,16,2.7,4.52,abonnement
TR2607250006661,CL108643,EN00579,trottinette,Grenoble,ST1048,ST1055,2026-07-25 18:33:01,2026-07-25 18:44:01,11,1.82,3.42,cb
TR2607250006662,CL103381,EN00554,velo_elec,Grenoble,ST1048,ST1051,2026-07-25 18:41:00,2026-07-25 18:57:00,16,5.32,5.0,abonnement
TR2607250006663,CL100150,EN00050,velo_elec,Lyon,ST1006,ST1005,2026-07-25 18:51:14,25/07/2026 19:02,11,1.82,3.75,paypal
TR2607250006664,CL108372,EN00092,trottinette,Lyon,ST1007,ST1008,2026-07-25 18:54:52,2026-07-25 18:58:52,4,1.31,1.88,paypal
TR2607250006665,CL104284,EN00141,velo_elec,Lyon,ST1008,ST1012,2026-07-25 18:50:18,2026-07-25 18:53:18,3,0.6,1.75,cb
TR2607250006666,CL103236,EN00110,velo_elec,Lyon,ST1009,ST1018,2026-07-25 18:50:41,2026-07-25 19:02:41,12,1.91,4.0,abonnement
TR2607250006667,CL100290,EN00079,velo_elec,Lyon ,ST1010,ST1004,2026-07-25 18:58:14,2026-07-25 19:08:14,10,3.03,3.5,paypal
TR2607250006668,CL107137,EN00151,trottinette,Lyon,ST1013,ST1012,2026-07-25 18:48:38,2026-07-25 19:02:38,14,2.54,4.08,cb
TR2607250006669,CL107544,EN00157,velo_elec,Lyon,ST1013,ST1001,25/07/2026 18:57,2026-07-25 19:06:46,9,1.57,3.25,abonnement
TR2607250006670,CL106419,EN00063,velo_elec,Lyon,ST1015,ST1012,25/07/2026 18:50,2026-07-25 19:01:26,11,2.43,3.75,cb
TR2607250006671,CL103256,EN00031,velo_elec,Lyon,ST1015,ST1012,2026-07-25 18:55:21,25/07/2026 19:23,28,9.21,8.0,paypal
TR2607250006672,CL102511,EN00145,trottinette,Lyon,ST1018,ST1006,2026-07-25 18:49:46,2026-07-25 19:00:46,11,2.93,,cb
TR2607250006673,CL108093,EN00052,trottinette,Lyon,ST1018,ST1007,25/07/2026 18:47,2026-07-25 18:52:41,5,1.32,2.1,cb
TR2607250006674,CL105716,EN00243,velo,Nantes,ST1029,ST1029,2026-07-25 18:48:16,2026-07-25 18:59:16,11,2.71,2.65,abonnement
TR2607250006675,CL105489,EN00272,trottinette,nantes,ST1033,ST1021,2026-07-25 18:58:58,2026-07-25 19:07:58,9,1.83,2.98,cb
TR2607250006676,CL108752,EN00459,velo_elec,Lille,ST1036,ST1034,2026-07-25 18:47:16,2026-07-25 18:57:16,10,1.58,3.5,cb
TR2607250006677,CL100371,EN00366,trottinette,Lille,ST1037,ST1040,2026-07-25 18:55:31,2026-07-25 19:13:31,18,5.87,4.96,abonnement
TR2607250006678,CL108357,EN00413,trottinette,Lille,ST1039,ST1041,2026-07-25 18:51:12,2026-07-25 19:15:12,24,5.87,6.28,paypal
TR2607250006679,CL102525,EN00453,trottinette,lille,ST1045,ST1044,2026-07-25 18:58:14,2026-07-25 19:07:14,9,2.61,2.98,abonnement
TR2607250006680,CL100061,EN00441,velo_elec,Lille,ST1046,ST1037,,2026-07-25 18:59:35,13,3.79,4.25,cb
TR2607250006681,CL103661,EN00548,trottinette,grenoble,ST1048,ST1054,2026-07-25 18:46:39,2026-07-25 19:04:39,18,5.32,4.96,cb
TR2607250006682,CL101812,EN00598,velo_elec,Grenoble,ST1048,ST1053,2026-07-25 18:52:25,2026-07-25 19:17:25,25,7.14,7.25,paypal
TR2607250006683,CL108723,EN00514,velo_elec,Grenoble,ST1049,ST1054,2026-07-25 18:53:25,2026-07-25 18:57:25,4,1.36,2.0,paypal
TR2607250006684,CL107271,EN00520,velo_elec,Grenoble,ST1050,ST1056,2026-07-25 18:51:08,1784998988,12,2.73,4.0,cb
TR2607250006685,CL106619,EN00516,velo_elec,Grenoble ,ST1058,ST1053,2026-07-25 19:00:30,25/07/2026 19:12,12,1.96,4.0,cb
TR2607250006686,CL103305,EN00512,velo_elec,Grenoble,ST1058,ST1051,2026-07-25 18:55:24,2026-07-25 19:02:24,7,1.36,2.75,cb
TR2607250006687,CL107099,EN00133,velo_elec,Lyon,ST1001,ST1019,2026-07-25 19:09:57,25/07/2026 19:18,9,2.59,3.25,cb
TR2607250006688,CL104864,EN00149,velo,Lyon,ST1001,ST1015,2026-07-25 19:12:04,2026-07-25 19:21:04,9,2.99,2.35,cb
TR2607250006689,CL105975,EN00180,trottinette,Lyon,ST1002,ST1004,2026-07-25 19:07:33,2026-07-25 19:19:33,12,2.06,3.64,cb
TR2607250006690,CL108560,EN00075,trottinette,Lyon,ST1008,ST1011,2026-07-25 19:14:22,,12,2.58,3.64,cb
TR2607250006691,CL107116,EN00094,velo_elec,Lyon,ST1015,ST1001,2026-07-25 19:08:51,2026-07-25 19:18:51,10,2.01,3.5,cb
TR2607250006692,CL100350,EN00003,velo_elec,Lyon,ST1018,ST1003,2026-07-25 19:02:44,25/07/2026 19:07,5,1.54,2.25,abonnement
TR2607250006693,CL103512,EN00315,velo_elec,Nantes,ST1022,ST1027,2026-07-25 19:01:41,25/07/2026 19:12,11,2.45,3.75,cb
TR2607250006694,CL100285,EN00247,trottinette,Nantes,ST1023,ST1026,2026-07-25 19:12:15,2026-07-25 19:19:15,7,1.3,2.54,cb
TR2607250006695,CL102279,EN00327,velo_elec,NANTES,ST1024,ST1020,2026-07-25 19:01:31,2026-07-25 19:15:31,14,3.11,4.5,abonnement
TR2607250006696,CL104411,EN00298,trottinette,Nantes,ST1030,ST1025,25/07/2026 19:13,2026-07-25 19:39:45,26,7.71,6.72,cb
TR2607250006697,CL104638,EN00252,velo_elec,Nantes,ST1032,ST1023,2026-07-25 19:05:37,25/07/2026 19:17,12,2.19,4.0,cb
TR2607250006698,CL101021,EN00494,velo_elec,Lille,ST1038,ST1038,2026-07-25 19:06:17,,3,0.56,1.75,cb
TR2607250006699,CL102928,EN00455,velo_elec,Lille,ST1040,ST1044,2026-07-25 19:07:13,25/07/2026 19:13,6,1.09,2.5,cb
TR2607250006700,CL105280,EN00444,trottinette,Lille,ST1043,ST1043,2026-07-25 19:11:19,2026-07-25 19:22:19,11,1.69,3.42,paypal
TR2607250006701,CL101419,EN00580,velo_elec,Grenoble,ST1053,ST1049,2026-07-25 19:12:44,2026-07-25 19:23:44,11,2.3,3.75,abonnement
TR2607250006702,CL104645,EN00068,velo_elec,Lyon,ST1010,ST1010,2026-07-25 19:22:41,2026-07-25 20:01:41,39,7.75,10.75,abonnement
TR2607250006703,CL103248,EN00176,velo,Lyon,ST1013,ST1001,2026-07-25 19:25:17,2026-07-25 19:38:17,13,3.05,2.95,cb
TR2607250006704,CL104888,EN00341,velo_elec,Nantes,ST1033,ST1032,2026-07-25 19:20:51,2026-07-25 19:34:51,14,3.53,4.5,cb
TR2607250006705,CL102031,EN00494,velo_elec,Lille,ST1038,ST1037,2026-07-25 19:18:56,2026-07-25 19:28:56,10,3.26,3.5,cb
TR2607250006706,CL107514,EN00426,trottinette,Lille,ST1039,ST1047,2026-07-25 19:28:49,2026-07-25 19:33:49,5,0.82,2.1,abonnement
TR2607250006707,CL108766,EN00551,trottinette,Grenoble,ST1048,ST1049,2026-07-25 19:20:49,2026-07-25 20:06:49,46,14.96,11.12,cb
TR2607250006708,CL102578,EN00537,velo_elec,grenoble,ST1057,ST1057,2026-07-25 19:22:08,2026-07-25 19:34:08,12,2.95,4.0,
TR2607250006709,CL106583,EN00541,velo_elec,Grenoble,ST1058,ST1058,2026-07-25 19:29:08,2026-07-25 19:41:08,12,3.5,4.0,abonnement
TR2607250006710,CL108062,EN00079,velo_elec,Lyon,ST1004,ST1004,2026-07-25 19:44:24,25/07/2026 19:49,5,1.18,2.25,paypal
TR2607250006711,CL105768,EN00019,trottinette,Lyonn,ST1006,ST1019,2026-07-25 19:35:10,2026-07-25 19:54:10,19,3.13,5.18,paypal
TR2607250006712,CL108998,EN00081,velo_elec,Lyon,ST1009,ST1016,2026-07-25 19:45:08,2026-07-25 19:47:08,2,0.34,1.5,cb
TR2607250006713,CL105661,EN00207,velo_elec,Lyon,ST1015,ST1009,1785001320,2026-07-25 19:48:00,6,1.59,2.5,cb
TR2607250006714,CL100824,EN00216,velo_elec,Lyon,ST1017,ST1012,2026-07-25 19:44:29,25/07/2026 19:52,8,1.39,3.0,abonnement
TR2607250006715,CL108638,EN00175,trottinette,Lyon,ST1017,ST1010,2026-07-25 19:43:18,2026-07-25 20:21:18,38,11.44,9.36,cb
TR2607250006716,CL106042,EN00091,velo_elec,Lyon,ST1019,ST1017,1785001074,2026-07-25 19:41:54,4,1.33,2.0,abonnement
TR2607250006717,CL103966,EN00252,velo_elec,Nantes,ST1023,ST1025,25/07/2026 19:35,2026-07-25 19:37:32,2,0.55,1.5,paypal
TR2607250006718,CL107995,EN00310,trottinette,Nantes,ST1025,ST1023,2026-07-25 19:43:23,2026-07-25 19:48:23,5,1.26,2.1,cb
TR2607250006719,CL106349,EN00347,trottinette,nantes,ST1031,ST1032,2026-07-25 19:37:46,2026-07-25 19:47:46,10,3.17,3.2,abonnement
TR2607250006720,CL100015,EN00384,trottinette,Lille,ST1039,ST1038,2026-07-25 19:35:48,1785001788,14,4.09,4.08,paypal
TR2607250006721,CL107273,EN00413,trottinette,Lille,ST1041,ST1040,2026-07-25 19:44:05,2026-07-25 19:52:05,8,2.5,2.76,abonnement
TR2607250006722,CL102361,EN00546,trottinette,Grenoble,ST1051,ST1051,2026-07-25 19:34:57,,11,3.76,3.42,abonnement
TR2607250006723,CL100917,EN00515,trottinette,Grenoble,ST1052,ST1056,2026-07-25 19:35:03,2026-07-25 19:41:03,6,1.63,2.32,paypal
TR2607250006724,CL105957,EN00556,trottinette,Grenoble ,ST1056,ST1056,2026-07-25 19:31:01,2026-07-25 19:34:01,3,0.96,1.66,cb
TR2607250006725,CL104137,EN00215,velo_elec,Lyon,ST1006,ST9796,2026-07-25 19:47:03,2026-07-25 20:38:03,51,12.04,13.75,abonnement
TR2607250006726,CL106002,EN00092,trottinette,Lyon,ST1008,ST1002,2026-07-25 19:50:44,2026-07-25 20:16:44,26,7.42,6.72,abonnement
TR2607250006727,CL107784,EN00036,velo_elec,Lyon,ST1016,ST1012,2026-07-25 19:49:38,2026-07-25 19:55:38,6,1.85,2.5,cb
TR2607250006728,CL107057,EN00154,trottinette,Lyon,ST1019,ST1018,2026-07-25 19:46:38,2026-07-25 20:05:38,19,3.77,5.18,cb
TR2607250006729,CL101399,EN00133,velo_elec,Lyon,ST1019,ST1005,2026-07-25 19:56:07,25/07/2026 19:59,3,1.0,1.75,cb
TR2607250006730,CL101648,EN00332,trottinette,Nantes,ST1021,ST1027,2026-07-25 19:56:45,2026-07-25 21:26:45,90,26.51,20.8,cb
TR2607250006731,CL103924,EN00285,trottinette,Nantes,ST1022,ST1027,2026-07-25 19:48:40,2026-07-25 19:54:40,6,1.03,2.32,cb
TR2607250006732,CL105853,EN00321,velo_elec,Nantes,ST1033,ST1033,25/07/2026 20:00,2026-07-25 20:31:06,31,8.94,8.75,abonnement
TR2607250006733,CL104675,EN00406,velo_elec,Lille,ST1035,ST1043,2026-07-25 19:49:39,25/07/2026 20:03,14,3.89,4.5,paypal
TR2607250006734,CL107398,EN00472,velo_elec,Lille,ST1036,ST1039,2026-07-25 19:47:21,2026-07-25 20:02:21,15,2.49,4.75,abonnement
TR2607250006735,CL107376,EN00390,velo,LILLE,ST1039,ST1046,2026-07-25 19:53:10,2026-07-25 20:01:10,8,2.36,2.2,cb
TR2607250006736,CL101323,EN00366,trottinette,Lille,ST1040,ST1047,2026-07-25 19:47:57,2026-07-25 20:44:57,57,16.7,13.54,abonnement
TR2607250006737,CL107726,EN00467,velo_elec,Lille,ST1044,ST1037,25/07/2026 19:56,2026-07-25 19:59:23,3,0.93,1.75,cb
TR2607250006738,CL107623,EN00556,trottinette,Grenoble,ST1056,ST1053,2026-07-25 19:59:46,2026-07-25 20:08:46,9,1.91,2.98,cb
TR2607250006739,CL100118,EN00541,velo_elec,Grenoble,ST1058,ST1048,1785002422,2026-07-25 20:16:22,16,5.22,5.0,cb
TR2607250006740,CL101125,EN00085,velo_elec,Lyon,ST1002,ST1005,2026-07-25 20:01:35,25/07/2026 20:12,11,3.13,3.75,cb
TR2607250006741,CL104766,EN00026,trottinette,Lyon,ST1002,ST1009,2026-07-25 20:07:23,2026-07-25 20:25:23,18,3.37,4.96,cb
TR2607250006742,CL101721,EN00050,velo_elec,Lyon,ST1005,ST1001,2026-07-25 20:13:24,2026-07-25 20:25:24,12,4.09,4.0,paypal
TR2607250006743,CL106132,EN00076,velo_elec,Lyon,ST1010,ST1016,2026-07-25 20:08:09,2026-07-25 20:18:09,10,1.61,3.5,cb
TR2607250006744,CL101183,EN00266,velo_elec,Nantes,ST1020,ST1030,25/07/2026 20:01,1785002924,7,1.22,2.75,paypal
TR2607250006745,CL108308,EN00310,trottinette,Nantes,ST1023,ST1029,2026-07-25 20:13:45,1785004485,21,5.14,5.62,abonnement
TR2607250006746,CL105119,EN00283,trottinette,Nantes,ST1030,ST1022,2026-07-25 20:03:52,2026-07-25 20:16:52,13,3.13,3.86,abonnement
TR2607250006747,CL106969,EN00377,trottinette,Lille,ST1042,ST1042,25/07/2026 20:09,2026-07-25 20:22:11,13,4.16,3.86,cb
TR2607250006748,CL106890,EN00546,trottinette,Grenoble,ST1051,ST1052,2026-07-25 20:06:15,2026-07-25 20:10:15,4,0.65,1.88,paypal
TR2607250006749,CL105109,EN00587,trottinette,Grenoble,ST1058,ST1048,2026-07-25 20:11:02,1785003722,11,2.33,3.42,abonnement
TR2607250006750,CL108463,EN00157,velo_elec,LYON,ST1001,ST1003,,2026-07-25 20:46:45,20,6.57,6.0,paypal
TR2607250006751,CL101643,EN00210,trottinette,Lyon,ST1006,ST1004,2026-07-25 20:28:28,2026-07-25 20:41:28,13,3.07,3.86,cb
TR2607250006752,CL103839,EN00152,velo_elec,Lyon,ST1009,ST1009,2026-07-25 20:21:53,2026-07-25 20:26:53,5,0.95,2.25,abonnement
TR2607250006753,CL100678,EN00128,velo,Lyon,ST1013,ST1006,2026-07-25 20:20:17,1785003917,5,1.4,1.75,cb
TR2607250006754,CL103763,EN00081,velo_elec,Lyon,ST1016,ST1012,25/07/2026 20:21,2026-07-25 20:29:22,8,1.38,3.0,cb
TR2607250006755,CL102568,EN00019,trottinette,Lyon,ST1019,ST1004,2026-07-25 20:23:11,2026-07-25 20:36:11,13,2.39,3.86,cb
TR2607250006756,CL107363,EN00459,velo_elec,Lille,ST1034,ST1045,2026-07-25 20:29:48,2026-07-25 20:39:48,10,1.56,3.5,abonnement
TR2607250006757,CL104216,EN00464,trottinette,Lille,ST1037,ST1042,2026-07-25 20:23:01,2026-07-25 20:40:01,17,5.44,4.74,cb
TR2607250006758,CL108229,EN00410,velo_elec,LILLE,ST1037,ST1043,25/07/2026 20:22,2026-07-25 20:55:30,33,10.43,9.25,cb
TR2607250006759,CL100464,EN00393,trottinette,Lille,ST1047,ST1046,2026-07-25 20:17:35,2026-07-25 20:23:35,6,1.27,2.32,abonnement
TR2607250006760,CL105542,EN00579,trottinette,Grenoble,ST1055,ST1048,2026-07-25 20:26:49,1785004909,15,3.57,4.3,paypal
TR2607250006761,CL103636,EN00570,trottinette,GRENOBLE,ST1058,ST1058,2026-07-25 20:22:09,2026-07-25 20:27:09,5,1.35,2.1,abonnement
TR2607250006762,CL102051,EN00092,trottinette,Lyon,ST1002,ST1001,2026-07-25 20:36:52,2026-07-25 20:49:52,13,3.87,3.86,paypal
TR2607250006763,CL107916,EN00337,trottinette,Nantes,ST1021,ST1032,2026-07-25 20:39:31,2026-07-25 20:50:31,11,2.74,3.42,cb
TR2607250006764,CL104936,EN00311,trottinette,Nantes,ST1026,ST1022,2026-07-25 20:32:46,2026-07-25 20:50:46,18,3.5,4.96,cb
TR2607250006765,CL107524,EN00243,velo,Nantes,ST1029,ST1029,2026-07-25 20:41:01,2026-07-25 21:02:01,21,3.67,4.15,cb
TR2607250006766,CL102843,EN00384,trottinette,Lille,ST1038,ST1040,1785004489,25/07/2026 20:45,11,3.12,3.42,paypal
TR2607250006767,CL108132,EN00370,velo_elec,Lille,ST1041,ST1045,25/07/2026 20:32,2026-07-25 20:42:42,10,2.75,3.5,cb
TR2607250006768,CL101641,EN00551,trottinette,Grenoble,ST1049,ST1050,2026-07-25 20:37:19,2026-07-25 20:54:19,17,3.63,4.74,paypal
TR2607250006769,CL101737,EN00588,velo_elec,Grenoble,ST1058,ST9933,2026-07-25 20:30:58,2026-07-25 20:41:58,11,3.01,3.75,abonnement
TR2607250006770,CL106625,EN00045,trottinette,Lyon,ST1003,ST1008,2026-07-25 20:46:21,25/07/2026 20:54,8,1.61,2.76,cb
TR2607250006771,CL104607,EN00079,velo_elec,Lyon,ST1004,ST1005,2026-07-25 21:01:06,2026-07-25 21:17:06,16,5.0,5.0,abonnement
TR2607250006772,CL104062,EN00054,trottinette,Lyon,ST1008,ST1014,25/07/2026 20:49,2026-07-25 20:55:31,6,2.06,2.32,cb
TR2607250006773,CL104265,EN00265,trottinette,Nantes,ST1024,ST1020,2026-07-25 20:52:29,2026-07-25 21:01:29,9,2.26,2.98,cb
TR2607250006774,CL101467,EN00359,trottinette,Nantes,ST1031,ST1023,25/07/2026 20:56,2026-07-25 21:04:09,8,1.25,2.76,abonnement
TR2607250006775,CL105114,EN00356,velo,Nantes,ST1033,ST1025,2026-07-25 20:57:42,2026-07-25 21:03:42,6,1.74,1.9,cb
TR2607250006776,CL102833,EN00495,trottinette,Lille,ST1041,ST1039,2026-07-25 20:54:16,2026-07-25 21:07:16,13,2.62,3.86,cb
TR2607250006777,CL102928,EN00363,velo_elec,Lille,ST1045,ST1040,2026-07-25 20:59:33,2026-07-25 21:16:33,17,5.41,5.25,abonnement
TR2607250006778,CL104412,EN00569,trottinette,Grenoble,ST1049,ST1053,25/07/2026 20:50,2026-07-25 20:53:55,3,0.58,1.66,paypal
TR2607250006779,CL100108,EN00546,trottinette,Grenoble ,ST1052,ST1054,,2026-07-25 21:09:26,16,4.4,4.52,cb
TR2607250006780,CL106815,EN00537,velo_elec,Grenoble,ST1057,ST1053,2026-07-25 20:49:21,2026-07-25 21:07:21,18,5.16,5.5,cb
TR2607250006781,CL100886,EN00050,velo_elec,Lyon,ST1001,ST1008,2026-07-25 21:11:52,2026-07-25 21:39:52,28,5.52,8.0,
TR2607250006782,CL106259,EN00094,velo_elec,Lyon,ST1001,ST1004,2026-07-25 21:04:32,25/07/2026 21:10,6,1.75,2.5,cb
TR2607250006783,CL106320,EN00124,velo_elec,Lyon,ST1009,ST1016,2026-07-25 21:11:29,2026-07-25 21:21:29,10,2.2,3.5,cb
TR2607250006784,CL108855,EN00175,trottinette,Lyon,ST1010,ST1007,2026-07-25 21:02:56,2026-07-25 21:09:56,7,1.98,,cb
TR2607250006785,CL100741,EN00075,trottinette,Lyon,ST1011,ST1014,2026-07-25 21:02:55,2026-07-25 21:21:55,19,3.28,5.18,abonnement
TR2607250006786,CL103110,EN00235,trottinette,Nantes,ST1026,ST1032,,2026-07-25 21:10:18,7,1.48,2.54,cb
TR2607250006787,CL104538,EN00175,trottinette,lyon,ST1007,ST1015,2026-07-25 21:30:17,2026-07-25 21:38:17,8,2.0,2.76,cb
TR2607250006788,CL103546,EN00010,trottinette,Lyon,ST1012,ST1017,25/07/2026 21:21,2026-07-25 21:29:31,8,2.77,2.76,abonnement
TR2607250006789,CL101413,EN00219,velo_elec,Lyon,ST1015,ST1019,2026-07-25 21:26:44,2026-07-25 21:36:44,10,3.32,3.5,cb
TR2607250006790,CL100915,EN00076,velo_elec,Lyon,ST1016,ST1001,2026-07-25 21:20:17,2026-07-25 21:24:17,4,0.96,2.0,abonnement
TR2607250006791,CL107954,EN00091,velo_elec,Lyon,ST1017,ST1007,2026-07-25 21:24:04,,8,1.46,3.0,paypal
TR2607250006792,CL106705,EN00222,velo_elec,Nantes,ST1027,ST1030,2026-07-25 21:16:04,25/07/2026 21:26,10,2.45,3.5,cb
TR2607250006793,CL106585,EN00344,velo,Nantes,ST1031,ST1031,2026-07-25 21:16:05,2026-07-25 21:24:05,8,1.21,2.2,paypal
TR2607250006794,CL100873,EN00551,trottinette,Grenoble,ST1050,ST1052,2026-07-25 21:26:47,2026-07-25 21:30:47,4,0.97,1.88,abonnement
TR2607250006795,CL106168,EN00218,velo_elec,Lyon,ST1002,ST1011,2026-07-25 21:31:43,25/07/2026 21:48,17,3.78,5.25,cb
TR2607250006796,CL104251,EN00085,velo_elec,Lyon,ST1005,ST1015,2026-07-25 21:33:00,2026-07-25 21:51:00,18,2.88,5.5,paypal
TR2607250006797,CL108795,EN00075,trottinette,Lyon,ST1014,ST1002,2026-07-25 21:41:11,2026-07-25 21:46:11,5,0.8,2.1,paypal
TR2607250006798,CL108605,EN00054,trottinette,Lyon,ST1014,ST1018,1785008208,25/07/2026 21:43,7,1.58,2.54,abonnement
TR2607250006799,CL100087,EN00103,trottinette,Lyon,ST1015,ST1005,2026-07-25 21:39:22,25/07/2026 21:42,3,0.88,1.66,cb
TR2607250006800,CL107381,EN00327,velo_elec,nantes,ST1020,ST1020,2026-07-25 21:34:37,1785009517,24,5.36,7.0,cb
TR2607250006801,CL106279,EN00222,velo_elec,Nantes,ST1030,ST1032,2026-07-25 21:39:07,2026-07-25 21:55:07,16,3.14,5.0,paypal
TR2607250006802,CL104972,EN00472,velo_elec,Lille,ST1039,ST1037,2026-07-25 21:35:51,2026-07-25 22:01:51,26,7.91,7.5,cb
TR2607250006803,CL102038,EN00578,velo_elec,Grenoble,ST1055,ST1054,2026-07-25 21:41:54,2026-07-25 22:09:54,28,6.62,8.0,abonnement
TR2607250006804,CL107251,EN00517,trottinette,GRENOBLE,ST1056,ST1054,2026-07-25 21:33:36,2026-07-25 21:45:36,12,2.94,3.64,cb
TR2607250006805,CL105746,EN00075,trottinette,Lyon,ST1002,ST1018,2026-07-25 21:46:57,2026-07-25 22:08:57,22,6.17,5.84,cb
TR2607250006806,CL102638,EN00019,trottinette,Lyon,ST1004,ST1018,25/07/2026 21:47,2026-07-25 21:56:04,9,2.94,2.98,cb
TR2607250006807,CL103699,EN00145,trottinette,Lyon,ST1006,ST1004,2026-07-25 21:53:10,2026-07-25 21:56:10,3,0.47,1.66,cb
TR2607250006808,CL104630,EN00091,velo_elec,Lyon,ST1007,ST1011,2026-07-25 21:56:39,2026-07-25 21:59:39,3,0.62,1.75,paypal
TR2607250006809,CL100949,EN00175,trottinette,Lyon,ST1015,ST1010,2026-07-25 21:48:28,2026-07-25 22:14:28,26,8.96,6.72,abonnement
TR2607250006810,CL108063,EN00185,trottinette,Lyon,ST1019,ST1008,2026-07-25 21:53:08,2026-07-25 22:24:08,31,9.02,7.82,abonnement
TR2607250006811,CL104153,EN00334,trottinette,Nantes,ST1032,ST1027,25/07/2026 22:01,2026-07-25 22:08:01,7,1.9,2.54,abonnement
TR2607250006812,CL101497,EN00551,trottinette,Grenoble,ST1052,ST1056,2026-07-25 22:00:02,25/07/2026 22:07,7,2.39,2.54,abonnement
TR2607250006813,CL101128,EN00516,velo_elec,Grenoble,ST1053,ST1057,2026-07-25 21:56:45,2026-07-25 22:13:45,17,4.18,5.25,cb
TR2607250006814,CL102756,EN00181,velo_elec,Lyonn,ST1002,ST1014,2026-07-25 22:07:49,2026-07-25 22:14:49,4625,1.46,2.75,abonnement
TR2607250006815,CL108302,EN00209,velo_elec,Lyon,ST1005,ST1015,2026-07-25 22:10:03,2026-07-25 22:21:03,11,1.89,3.75,cb
TR2607250006816,CL102819,EN00333,trottinette,Nantes,ST1032,ST1026,2026-07-25 22:03:07,2026-07-25 22:10:07,7,1.13,2.54,abonnement
TR2607250006817,CL101597,EN00405,trottinette,lille,ST1047,ST1047,,2026-07-25 22:07:53,6,1.46,2.32,cb
TR2607250006818,CL105822,EN00600,trottinette,Grenoble,ST1055,ST1049,2026-07-25 22:14:29,2026-07-25 22:38:29,24,7.16,6.28,paypal
TR2607250006819,CL102013,EN00515,trottinette,Grenoble,ST1056,ST1054,2026-07-25 22:13:16,2026-07-25 22:38:16,25,5.38,6.5,paypal
TR2607250006820,CL107736,EN00150,trottinette,Lyon,ST1005,ST1019,25/07/2026 22:23,2026-07-25 22:31:13,8,2.18,2.76,cb
TR2607250006821,CL107808,EN00133,velo_elec,Lyon,ST1005,ST1008,2026-07-25 22:19:24,2026-07-25 22:30:24,11,2.71,3.75,cb
TR2607250006822,CL100485,EN00124,velo_elec,Lyon,ST1016,ST1001,25/07/2026 22:23,25/07/2026 22:38,15,5.24,4.75,abonnement
TR2607250006823,CL105515,EN00244,trottinette,Nantes,ST1021,ST1030,2026-07-25 22:22:04,25/07/2026 22:30,8,2.51,2.76,abonnement
TR2607250006824,CL107457,EN00208,velo_elec,Lyon,ST1016,ST1003,25/07/2026 22:35,2026-07-25 22:57:55,22,5.84,6.5,cb
TR2607250006825,CL100233,EN00265,trottinette,Nantes,ST1020,ST1032,2026-07-25 22:35:23,2026-07-25 22:57:23,22,4.04,5.84,cb
TR2607250006826,CL104141,EN00428,velo_elec,Lille,ST1041,ST1041,2026-07-25 22:45:21,25/07/2026 22:57,12,3.54,4.0,paypal
TR2607250006827,CL101425,EN00556,trottinette,Grenoble,ST1053,ST1049,2026-07-25 22:44:16,2026-07-25 22:54:16,10,3.36,3.2,cb
TR2607250006828,CL104045,EN00516,velo_elec,Grenoble,ST1057,ST1051,2026-07-25 22:36:40,2026-07-25 22:44:40,8,2.12,3.0,paypal
TR2607250006829,CL102823,EN00069,trottinette,Lyon,ST1006,ST1006,2026-07-25 22:47:20,2026-07-25 23:01:20,14,2.73,4.08,abonnement
TR2607250006830,CL108825,EN00344,velo,NANTES,ST1031,ST1030,2026-07-25 23:00:38,25/07/2026 23:14,14,3.24,3.1,abonnement
TR2607250006831,CL101968,EN00325,trottinette,Nantes,ST1033,ST1025,2026-07-25 22:56:44,2026-07-25 23:08:44,12,2.79,3.64,cb
TR2607250006832,CL101285,EN00192,velo_elec,Lyon,ST1002,ST1017,2026-07-25 23:09:39,2026-07-25 23:34:39,25,3.99,7.25,abonnement
TR2607250006833,CL105441,EN00428,velo_elec,Lille,ST1041,ST1045,1785013816,2026-07-25 23:20:16,10,2.06,3.5,abonnement
TR2607250006834,CL108000,EN00464,trottinette,Lille,ST1042,ST1036,2026-07-25 23:04:06,2026-07-25 23:16:06,12,4.15,3.64,cb
TR2607250006835,CL105984,EN00045,trottinette,Lyon,ST1008,ST1008,1785014964,2026-07-25 23:38:24,9,1.47,2.98,abonnement
TR2607250006836,CL104047,EN00085,velo_elec,Lyon,ST1015,ST1013,2026-07-25 23:27:22,2026-07-25 23:41:22,14,3.8,4.5,cb
TR2607250006837,CL106006,EN00097,velo_elec,Lyon,ST1009,ST1010,2026-07-25 23:30:29,2026-07-25 23:42:29,12,3.23,4.0,abonnement
TR2607250006838,CL106878,EN00252,velo_elec,NANTES,ST1025,ST1022,2026-07-25 23:35:37,2026-07-26 00:05:37,30,6.53,8.5,abonnement
TR2607250006839,CL107667,EN00370,velo_elec,Lille,ST1045,ST1043,2026-07-25 23:45:28,25/07/2026 23:52,7,1.23,2.75,cb
TR2607250006840,CL100476,EN00516,velo_elec,Grenoble,ST1051,ST1049,25/07/2026 23:31,1785016150,18,5.07,5.5,abonnement
TR2607250006841,CL108319,EN00553,trottinette,Grenoble,ST1058,ST1055,2026-07-25 23:34:14,2026-07-25 23:45:14,11,2.78,3.42,abonnement
TR2607250006842,CL100522,EN00098,velo_elec,Lyon,ST1016,ST1017,2026-07-25 23:55:31,2026-07-26 00:34:31,39,7.83,10.75,cb
TR2607250006843,CL102859,EN00106,trottinette,LYON,ST1019,ST1012,25/07/2026 23:47,26/07/2026 00:14,27,5.2,6.94,cb
TR2607250006844,CL104468,EN00311,trottinette,Nantes,ST1022,ST1031,2026-07-25 23:55:09,2026-07-26 00:08:09,13,2.15,3.86,cb
TR2607250006845,CL100704,EN00416,trottinette,Lille,ST1041,ST1035,,2026-07-26 00:04:49,5,1.0,2.1,paypal
