trajet_id,client_id,engin_id,type_engin,ville,station_depart,station_arrivee,debut,fin,duree_min,distance_km,montant_eur,moyen_paiement
TR2607200000001,CL100763,EN00276,velo_elec,Nantes,ST1027,ST1023,2026-07-20 00:09:00,2026-07-20 00:15:00,6,1.15,2.5,paypal
TR2607200000002,CL107430,EN00483,trottinette,Lille,ST1041,ST1042,2026-07-20 00:09:13,2026-07-20 00:14:13,5,1.05,2.1,cb
TR2607200000003,CL101736,EN00527,velo_elec,Grenoble,ST1051,ST1048,2026-07-20 00:36:35,2026-07-20 01:01:35,25,5.88,7.25,cb
TR2607200000004,CL105300,EN00261,trottinette,Nantes,ST1023,ST1021,2026-07-20 01:04:10,2026-07-20 01:14:10,10,1.57,3.2,cb
TR2607200000005,CL103794,EN00541,velo_elec,Grenoble,ST1055,ST1058,2026-07-20 01:03:36,2026-07-20 01:16:36,13,3.25,4.25,abonnement
TR2607200000006,CL104270,EN00272,trottinette,Nantes,ST1026,ST1030,2026-07-20 01:29:28,20/07/2026 01:48,19,4.52,5.18,cb
TR2607200000007,CL103369,EN00167,trottinette,Lyon,ST1004,ST1008,2026-07-20 02:50:59,2026-07-20 02:54:59,4,1.21,1.88,paypal
TR2607200000008,CL100354,EN00206,velo_elec,Lyon,ST1019,ST1001,2026-07-20 03:19:07,2026-07-20 03:31:07,12,3.53,4.0,cb
TR2607200000009,CL101373,EN00135,trottinette,Lyon,ST1017,ST1013,2026-07-20 03:34:48,2026-07-20 04:08:48,34,6.03,8.48,abonnement
TR2607200000010,CL101077,EN00598,velo_elec,Grenoble,ST1055,ST1058,20/07/2026 04:06,2026-07-20 04:30:07,24,4.65,7.0,cb
TR2607200000011,CL100733,EN00153,velo_elec,Lyon,ST1017,ST1013,1784516028,2026-07-20 05:04:48,11,1.74,3.75,cb
TR2607200000012,CL105202,EN00006,trottinette,Lyon,ST1004,ST1017,2026-07-20 05:12:24,2026-07-20 05:25:24,13,3.01,3.86,cb
TR2607200000013,CL103172,EN00024,velo_elec,Lyonn,ST1010,ST1001,2026-07-20 05:09:02,2026-07-20 05:30:02,21,4.74,6.25,
TR2607200000014,CL108864,EN00239,trottinette,Nantes,ST1030,ST1032,20/07/2026 05:34,2026-07-20 05:46:27,12,3.02,3.64,abonnement
TR2607200000015,CL101207,EN00058,velo_elec,LYON,ST1014,ST1011,2026-07-20 05:55:50,1784520350,10,1.8,3.5,cb
TR2607200000016,CL103886,EN00329,trottinette,Nantes,ST1023,ST1031,2026-07-20 05:58:41,2026-07-20 06:08:41,10,3.14,3.2,paypal
TR2607200000017,CL102689,EN00044,trottinette,Lyon,ST1011,ST1002,2026-07-20 06:08:11,2026-07-20 06:26:11,18,4.3,4.96,abonnement
TR2607200000018,CL104673,EN00039,velo_elec,Lyon,ST1011,ST1012,20/07/2026 06:03,2026-07-20 06:07:54,4,1.2,2.0,abonnement
TR2607200000019,CL100574,EN00172,trottinette,LYON,ST1011,ST1004,2026-07-20 06:08:59,2026-07-20 06:13:59,5,1.22,2.1,abonnement
TR2607200000020,CL108788,EN00033,trottinette,Lyon,ST1015,ST1004,2026-07-20 06:07:19,2026-07-20 06:22:19,15,2.59,4.3,cb
TR2607200000021,CL106230,EN00107,velo_elec,Lyonn,ST1016,ST1001,2026-07-20 06:08:29,2026-07-20 06:19:29,11,3.77,3.75,paypal
TR2607200000022,CL106042,EN00194,velo_elec,Lyon,ST1018,ST1003,2026-07-20 06:12:44,2026-07-20 06:22:44,10,3.22,3.5,cb
TR2607200000023,CL104777,EN00348,velo_elec,Nantes,ST1031,ST1022,2026-07-20 06:15:39,20/07/2026 06:30,15,2.59,4.75,cb
TR2607200000024,CL107779,EN00349,velo_elec,Nantes,ST1031,ST1021,1784520285,2026-07-20 06:26:45,22,4.31,6.5,abonnement
TR2607200000025,CL108454,EN00300,velo_elec,Nantes,ST1032,ST1021,2026-07-20 06:15:35,2026-07-20 06:25:35,10,2.45,3.5,
TR2607200000026,CL104735,EN00484,velo_elec,lille,ST1041,ST1039,1784520882,20/07/2026 06:16,2,0.69,1.5,paypal
TR2607200000027,CL105215,EN00453,trottinette,LILLE,ST1047,ST1036,20/07/2026 06:07,2026-07-20 06:10:39,3,0.57,1.66,cb
TR2607200000028,CL106345,EN00536,velo_elec,Grenoble,ST1049,ST1052,2026-07-20 06:03:33,20/07/2026 06:09,6,0.9,2.5,paypal
TR2607200000029,CL105308,EN00528,velo_elec,Grenoble,ST1053,ST1049,2026-07-20 06:05:17,2026-07-20 06:25:17,20,5.32,6.0,cb
TR2607200000030,CL103772,EN00014,velo_elec,Lyon,ST1001,ST1010,1784521528,20/07/2026 06:49,24,6.43,7.0,cb
TR2607200000031,CL106389,EN00110,velo_elec,Lyon,ST1003,ST1011,2026-07-20 06:21:32,2026-07-20 06:33:32,12,2.97,4.0,cb
TR2607200000032,CL100190,EN00080,trottinette,Lyon,ST1005,ST1004,2026-07-20 06:25:35,20/07/2026 06:37,12,1.82,3.64,cb
TR2607200000033,CL101360,EN00108,velo_elec,LYON,ST1007,ST1018,2026-07-20 06:27:16,2026-07-20 06:43:16,16,4.63,5.0,cb
TR2607200000034,CL108437,EN00157,velo_elec,Lyon,ST1009,ST1003,2026-07-20 06:18:52,1784521432,5,1.73,2.25,abonnement
TR2607200000035,CL100350,EN00063,velo_elec,Lyon,ST1014,ST1007,2026-07-20 06:22:23,2026-07-20 06:36:23,14,2.59,4.5,abonnement
TR2607200000036,CL103371,EN00006,trottinette,Lyon,ST1017,ST1002,20/07/2026 06:18,2026-07-20 06:30:08,12,3.1,3.64,paypal
TR2607200000037,CL100230,EN00249,velo_elec,nantes,ST1024,ST1020,2026-07-20 06:19:06,1784522046,15,4.78,4.75,paypal
TR2607200000038,CL102504,EN00281,velo_elec,Nantes,ST1024,ST1022,2026-07-20 06:17:33,2026-07-20 06:51:33,34,9.8,9.5,abonnement
TR2607200000039,CL103173,EN00304,velo_elec,Nantes,ST1027,ST1021,2026-07-20 06:28:55,2026-07-20 06:43:55,15,3.22,4.75,cb
TR2607200000040,CL101904,EN00327,velo_elec,Nantes,ST1027,ST1028,2026-07-20 06:17:26,2026-07-20 06:20:26,3,0.76,1.75,cb
TR2607200000041,CL105708,EN00494,velo_elec,Lille,ST1046,ST1035,20/07/2026 06:22,,11,3.69,3.75,abonnement
TR2607200000042,CL104196,EN00493,velo_elec,Lille,ST1047,ST1036,20/07/2026 06:17,2026-07-20 06:54:20,37,7.19,10.25,paypal
TR2607200000043,CL106897,EN00212,trottinette,Lyon,ST1008,ST1004,2026-07-20 06:41:56,,19,5.72,5.18,cb
TR2607200000044,CL104759,EN00009,velo_elec,Lyon,ST1013,ST1018,2026-07-20 06:37:07,2026-07-20 07:07:07,30,5.36,8.5,paypal
TR2607200000045,CL101639,EN00197,velo_elec,Lyon,ST1014,ST1005,2026-07-20 06:43:05,2026-07-20 07:06:05,23,3.64,6.75,paypal
TR2607200000046,CL100968,EN00066,trottinette,Lyon,ST1015,ST1018,2026-07-20 06:33:03,,20,5.54,5.4,cb
TR2607200000047,CL106940,EN00254,velo_elec,Nante,ST1033,ST1027,2026-07-20 06:44:55,2026-07-20 07:00:55,16,3.42,5.0,cb
TR2607200000048,CL105561,EN00451,velo_elec,Lille,ST1041,ST1037,2026-07-20 06:32:51,2026-07-20 06:36:51,4,0.86,2.0,paypal
TR2607200000049,CL107244,EN00571,trottinette,Grenoble,ST1055,ST1049,2026-07-20 06:38:57,2026-07-20 06:56:57,18,4.59,4.96,paypal
TR2607200000050,CL102964,EN00210,trottinette,Lyon,ST1004,ST1013,2026-07-20 06:55:30,,29,9.85,7.38,cb
TR2607200000051,CL108150,EN00113,velo_elec,Lyon,ST1006,ST1002,,2026-07-20 07:05:14,5,0.82,2.25,abonnement
TR2607200000052,CL101324,EN00121,trottinette,LYON,ST1009,ST1007,2026-07-20 06:55:30,2026-07-20 07:05:30,10,3.06,3.2,abonnement
TR2607200000053,CL104559,EN00071,velo_elec,Lyon,ST1014,ST1004,2026-07-20 06:46:26,2026-07-20 07:06:26,20,6.42,6.0,cb
TR2607200000054,CL104444,EN00216,velo_elec,Lyon,ST1017,ST1019,2026-07-20 06:54:27,20/07/2026 07:12,18,3.43,5.5,cb
TR2607200000055,CL106707,EN00077,trottinette,Lyon,ST1017,ST1014,2026-07-20 06:46:34,20/07/2026 07:09,23,6.44,6.06,cb
TR2607200000056,CL104731,EN00074,trottinette,Lyonn,ST1019,ST1001,20/07/2026 06:59,20/07/2026 07:16,17,3.92,4.74,cb
TR2607200000057,CL103346,EN00316,velo_elec,Nantes,ST1025,ST1025,2026-07-20 06:58:56,2026-07-20 07:03:56,5,1.37,2.25,cb
TR2607200000058,CL103498,EN00317,trottinette,Nantes,ST1025,ST1026,2026-07-20 06:50:10,2026-07-20 07:06:10,16,4.31,4.52,cb
TR2607200000059,CL101157,EN00342,velo_elec,Nantes,ST1029,ST1022,2026-07-20 06:56:06,2026-07-20 07:04:06,8,1.65,3.0,abonnement
TR2607200000060,CL101758,EN00370,velo_elec,Lille,ST1047,ST1034,2026-07-20 06:59:08,2026-07-20 07:09:08,10,2.6,3.5,abonnement
TR2607200000061,CL106236,EN00578,velo_elec,grenoble,ST1050,ST1048,20/07/2026 06:55,2026-07-20 07:01:11,6,1.97,2.5,cb
TR2607200000062,CL103128,EN00175,trottinette,LYON,ST1002,ST1013,2026-07-20 07:09:08,2026-07-20 07:13:08,4,0.75,1.88,cb
TR2607200000063,CL100449,EN00214,trottinette,Lyon,ST1005,ST1010,1784523641,2026-07-20 07:05:41,5,1.7,2.1,cb
TR2607200000064,CL104276,EN00101,velo_elec,Lyon,ST1005,ST1002,2026-07-20 07:08:19,2026-07-20 07:14:19,6,1.7,2.5,paypal
TR2607200000065,CL100071,EN00010,trottinette,Lyon,ST1006,ST1004,2026-07-20 07:04:40,2026-07-20 07:14:40,10,2.05,3.2,cb
TR2607200000066,CL104764,EN00063,velo_elec,Lyon,ST1007,ST1010,20/07/2026 07:08,2026-07-20 07:25:48,17,3.88,5.25,abonnement
TR2607200000067,CL102812,EN00002,velo_elec,Lyon,ST1007,ST1015,2026-07-20 07:14:55,2026-07-20 07:39:55,-6,7.74,7.25,cb
TR2607200000068,CL107449,EN00193,trottinette,Lyon,ST1008,ST1011,2026-07-20 07:13:48,20/07/2026 07:27,14,2.8,4.08,cb
TR2607200000069,CL108198,EN00165,trottinette,Lyon,ST1009,ST1001,2026-07-20 07:04:31,1784524771,15,3.44,4.3,abonnement
TR2607200000070,CL108637,EN00078,velo_elec,Lyon,ST1010,ST1011,2026-07-20 07:14:29,20/07/2026 07:27,13,4.52,4.25,abonnement
TR2607200000071,CL100429,EN00140,trottinette,Lyon,ST1012,ST1016,20/07/2026 07:03,1784524245,7,1.11,2.54,paypal
TR2607200000072,CL106278,EN00173,velo_elec,Lyon,ST1015,ST1003,20/07/2026 07:11,1784525172,15,3.37,4.75,abonnement
TR2607200000073,CL103635,EN00208,velo_elec,Lyon,ST1015,ST1002,20/07/2026 07:10,20/07/2026 07:25,15,2.73,4.75,cb
TR2607200000074,CL101131,EN00192,velo_elec,lyon,ST1015,ST1004,2026-07-20 07:06:56,20/07/2026 07:15,9,1.6,3.25,abonnement
TR2607200000075,CL101305,EN00182,trottinette,Lyon,ST1016,ST1012,20/07/2026 07:02,2026-07-20 07:24:05,22,4.19,5.84,abonnement
TR2607200000076,CL102874,EN00177,velo_elec,LYON,ST1017,ST1008,2026-07-20 07:14:19,2026-07-20 08:38:19,5793,20.44,22.0,abonnement
TR2607200000077,CL104036,EN00099,velo_elec,Lyon,ST1019,ST1004,1784523723,1784524323,10,2.04,3.5,cb
TR2607200000078,CL105706,EN00330,trottinette,Nante,ST1023,ST1025,1784524155,2026-07-20 07:22:15,13,4.46,3.86,cb
TR2607200000079,CL106832,EN00340,velo_elec,Nante,ST1024,ST1022,2026-07-20 07:11:08,2026-07-20 07:33:08,22,3.75,6.5,cb
TR2607200000080,CL108771,EN00341,velo_elec,Nantes,ST1028,ST1032,2026-07-20 07:12:10,2026-07-20 08:03:10,51,13.95,13.75,cb
TR2607200000081,CL101442,EN00289,trottinette,Nantes,ST1031,ST1032,2026-07-20 07:01:28,20/07/2026 07:10,9,1.53,2.98,cb
TR2607200000082,CL103906,EN00269,velo_elec,Nantes,ST1033,ST1022,2026-07-20 07:05:45,2026-07-20 07:22:45,17,4.86,5.25,abonnement
TR2607200000083,CL103131,EN00421,velo_elec,Lille,ST1037,ST1036,2026-07-20 07:09:06,2026-07-20 07:21:06,12,3.26,4.0,abonnement
TR2607200000084,CL100789,EN00384,trottinette,Lille,ST1047,ST1035,2026-07-20 07:13:02,2026-07-20 07:25:02,12,2.2,3.64,cb
TR2607200000085,CL100646,EN00518,trottinette,Grenoble,ST1048,ST1049,2026-07-20 07:05:07,2026-07-20 07:20:07,15,4.05,4.3,paypal
TR2607200000086,CL105758,EN00511,trottinette,Grenoble,ST1053,ST1057,1784523817,1784523997,3,0.88,1.66,cb
TR2607200000087,CL104751,EN00592,velo_elec,Grenoble,ST1054,ST1048,,2026-07-20 07:22:46,17,3.9,5.25,cb
TR2607200000088,CL102390,EN00508,trottinette,Grenoble,ST1054,ST1049,2026-07-20 07:04:45,2026-07-20 07:09:45,5,1.42,2.1,cb
TR2607200000089,CL105660,EN00590,velo_elec,Grenoble,ST1056,ST1048,2026-07-20 07:06:16,2026-07-20 07:10:16,4,0.94,2.0,abonnement
TR2607200000090,CL105522,EN00533,velo_elec,Grenoble,ST1058,ST1048,2026-07-20 07:09:15,1784524995,14,4.34,4.5,paypal
TR2607200000091,CL105323,EN00097,velo_elec,Lyon,ST1001,ST1019,2026-07-20 07:30:35,2026-07-20 07:38:35,8,1.52,3.0,cb
TR2607200000092,CL103602,EN00138,velo_elec,Lyon,ST1006,ST1004,20/07/2026 07:21,2026-07-20 07:42:00,21,6.66,6.25,cb
TR2607200000093,CL104872,EN00163,trottinette,Lyon,ST1009,ST1004,20/07/2026 07:16,1784525663,18,5.24,4.96,cb
TR2607200000094,CL100355,EN00058,velo_elec,Lyon,ST1011,ST1008,2026-07-20 07:18:32,2026-07-20 07:29:32,11,3.48,3.75,abonnement
TR2607200000095,CL103418,EN00039,velo_elec,Lyon,ST1012,ST1004,2026-07-20 07:23:36,20/07/2026 08:04,41,12.39,11.25,cb
TR2607200000096,CL104194,EN00050,velo_elec,Lyon,ST1014,ST1002,2026-07-20 07:16:58,2026-07-20 07:37:58,21,6.95,6.25,cb
TR2607200000097,CL102796,EN00061,trottinette,Lyon,ST1016,ST1015,2026-07-20 07:30:12,2026-07-20 07:46:12,16,5.57,4.52,cb
TR2607200000098,CL101777,EN00131,trottinette,Lyon,ST1017,ST1004,1784524975,2026-07-20 07:31:55,9,1.77,2.98,cb
TR2607200000099,CL103369,EN00151,trottinette,Lyon,ST1017,ST1003,20/07/2026 07:20,2026-07-20 07:26:47,6,1.26,2.32,cb
TR2607200000100,CL101346,EN00134,velo,Lyon,ST1017,ST1011,2026-07-20 07:28:04,20/07/2026 07:38,10,3.29,2.5,cb
TR2607200000101,CL106897,EN00118,trottinette,lyon,ST1018,ST1002,2026-07-20 07:23:05,2026-07-20 07:30:05,7,1.28,2.54,cb
TR2607200000102,CL102927,EN00009,velo_elec,Lyon,ST1018,ST1001,2026-07-20 07:28:56,2026-07-20 07:31:56,3,0.73,1.75,paypal
TR2607200000103,CL105684,EN00216,velo_elec,Lyon,ST1019,ST1003,2026-07-20 07:15:51,2026-07-20 07:26:51,11,2.99,3.75,cb
TR2607200000104,CL106195,EN00106,trottinette,Lyon,ST1019,ST1001,2026-07-20 07:28:45,,14,3.49,4.08,
TR2607200000105,CL104451,EN00049,trottinette,Lyon,ST1019,ST1003,2026-07-20 07:22:23,20/07/2026 07:30,8,2.31,2.76,
TR2607200000106,CL102516,EN00298,trottinette,Nantes,ST1020,ST1031,2026-07-20 07:23:46,2026-07-20 07:53:46,30,6.8,7.6,abonnement
TR2607200000107,CL104260,EN00342,velo_elec,Nantes,ST1022,ST1031,2026-07-20 07:21:11,2026-07-20 07:54:11,33,7.38,9.25,abonnement
TR2607200000108,CL106083,EN00336,velo_elec,Nantes,ST1022,ST1033,2026-07-20 07:15:58,2026-07-20 07:27:58,12,1.84,4.0,cb
TR2607200000109,CL107522,EN00359,trottinette,nantes,ST1023,ST1020,2026-07-20 07:30:27,2026-07-20 07:46:27,16,2.67,4.52,cb
TR2607200000110,CL104153,EN00272,trottinette,Nantes,ST1024,ST9247,2026-07-20 07:28:53,2026-07-20 07:34:53,6,1.95,2.32,cb
TR2607200000111,CL101778,EN00313,trottinette,Nantes,ST1024,ST1021,2026-07-20 07:22:35,20/07/2026 07:29,7,1.6,2.54,paypal
TR2607200000112,CL108424,EN00316,velo_elec,Nantes,ST1025,ST1030,,2026-07-20 07:21:35,5,1.04,2.25,cb
TR2607200000113,CL107035,EN00221,velo_elec,Nantes,ST1029,ST1021,20/07/2026 07:30,2026-07-20 07:40:21,10,2.51,3.5,abonnement
TR2607200000114,CL105723,EN00256,velo_elec,Nantes,ST1031,ST1027,2026-07-20 07:22:05,2026-07-20 07:41:05,19,4.15,5.75,cb
TR2607200000115,CL106437,EN00285,trottinette,Nantes,ST1033,ST1022,2026-07-20 07:28:39,2026-07-20 07:34:39,6,1.14,2.32,cb
TR2607200000116,CL105175,EN00395,trottinette,Lille,ST1036,ST1044,1784524961,2026-07-20 08:00:41,38,10.4,9.36,abonnement
TR2607200000117,CL100584,EN00492,velo_elec,Lille,ST1046,ST1037,2026-07-20 07:28:28,20/07/2026 07:44,16,2.48,5.0,cb
TR2607200000118,CL106545,EN00523,velo_elec,Grenoble,ST1050,ST1048,20/07/2026 07:21,2026-07-20 07:33:54,12,1.97,4.0,cb
TR2607200000119,CL106405,EN00582,trottinette,Grenoble,ST1054,ST1055,,20/07/2026 07:26,9,2.89,2.98,paypal
TR2607200000120,CL105582,EN00130,velo_elec,Lyon,ST1001,ST1001,2026-07-20 07:35:10,20/07/2026 07:45,10,2.04,3.5,paypal
TR2607200000121,CL916580,EN00194,velo_elec,Lyon,ST1003,ST1009,1784525592,20/07/2026 07:40,7,2.13,2.75,abonnement
TR2607200000122,CL108119,EN00197,velo_elec,Lyon,ST1005,ST1003,2026-07-20 07:40:03,2026-07-20 07:47:03,7,1.32,2.75,cb
TR2607200000123,CL100639,EN00196,velo_elec,Lyon,ST1009,ST1002,2026-07-20 07:32:01,2026-07-20 07:42:01,10,1.51,3.5,paypal
TR2607200000124,CL100374,EN00110,velo_elec,Lyon,ST1011,ST1018,20/07/2026 07:35,2026-07-20 08:20:56,45,14.81,12.25,abonnement
TR2607200000125,CL100703,EN00078,velo_elec,Lyon,ST1011,ST1001,2026-07-20 07:31:07,20/07/2026 07:38,7,1.14,2.75,cb
TR2607200000126,CL103047,EN00193,trottinette,Lyon,ST1011,ST1008,2026-07-20 07:31:42,20/07/2026 07:59,28,7.36,7.16,cb
TR2607200000127,CL104414,EN00182,trottinette,Lyon,ST1012,ST1009,20/07/2026 07:32,2026-07-20 07:41:12,9,1.65,2.98,paypal
TR2607200000128,CL105414,EN00073,velo_elec,lyon,ST1015,ST1007,2026-07-20 07:43:31,1784527111,15,5.17,4.75,cb
TR2607200000129,CL103558,EN00019,trottinette,Lyon,ST1015,ST1008,2026-07-20 07:45:17,2026-07-20 08:00:17,15,3.56,,cb
TR2607200000130,CL108749,EN00140,trottinette,Lyon,ST1016,ST1004,2026-07-20 07:35:04,2026-07-20 07:58:04,23,4.5,6.06,abonnement
TR2607200000131,CL108876,EN00095,trottinette,Lyon,ST1018,ST1018,2026-07-20 07:37:13,2026-07-20 07:54:13,17,4.58,4.74,cb
TR2607200000132,CL106913,EN00108,velo_elec,Lyon,ST1018,ST1001,2026-07-20 07:32:49,2026-07-20 07:38:49,6,0.91,2.5,abonnement
TR2607200000133,CL107194,EN00066,trottinette,Lyon,ST1018,ST1003,20/07/2026 07:40,2026-07-20 07:59:56,19,4.88,5.18,
TR2607200000134,CL975082,EN00209,velo_elec,Lyon,ST1019,ST1003,2026-07-20 07:39:35,2026-07-20 07:58:35,19,4.8,5.75,cb
TR2607200000135,CL101961,EN00041,velo_elec,Lyon,ST1019,ST1002,2026-07-20 07:37:57,2026-07-20 08:00:57,23,4.55,6.75,paypal
TR2607200000136,CL105281,EN00273,velo_elec,Nantes,ST1023,ST1022,2026-07-20 07:33:37,2026-07-20 07:42:37,9,2.36,3.25,abonnement
TR2607200000137,CL103442,EN00230,velo_elec,Nantes,ST1023,ST1020,2026-07-20 07:32:40,2026-07-20 07:41:40,9,1.54,3.25,cb
TR2607200000138,CL107196,EN00261,trottinette,Nantes,ST1025,ST1021,2026-07-20 07:39:12,20/07/2026 07:49,10,3.03,3.2,abonnement
TR2607200000139,CL102054,EN00267,trottinette,Nantes,ST1027,ST1020,2026-07-20 07:41:19,2026-07-20 07:53:19,12,3.26,3.64,cb
TR2607200000140,CL106986,EN00327,velo_elec,Nantes,ST1028,ST1021,2026-07-20 07:38:13,2026-07-20 07:44:13,6,1.7,2.5,cb
TR2607200000141,CL104257,EN00316,velo_elec,Nantes,ST1030,ST1029,1784526159,2026-07-20 08:09:39,27,6.65,7.75,abonnement
TR2607200000142,CL104865,EN00265,trottinette,Nantes,ST1030,ST1020,1784525445,20/07/2026 07:43,13,3.81,3.86,cb
TR2607200000143,CL105077,EN00333,trottinette,Nantes,ST1031,ST1021,,2026-07-20 07:45:45,14,4.26,4.08,abonnement
TR2607200000144,CL103094,EN00276,velo_elec,Nantes,ST1032,ST1024,,2026-07-20 07:49:43,10,2.47,3.5,cb
TR2607200000145,CL108077,EN00373,velo_elec,lille,ST1035,ST1046,20/07/2026 07:45,2026-07-20 08:03:39,18,4.96,5.5,cb
TR2607200000146,CL100019,EN00451,velo_elec,Lille,ST1037,ST1041,,2026-07-20 07:46:00,11,3.79,3.75,abonnement
TR2607200000147,CL102640,EN00458,velo,Lille,ST1041,ST1037,2026-07-20 07:40:58,2026-07-20 07:53:58,13,2.07,2.95,abonnement
TR2607200000148,CL106668,EN00392,velo_elec,Lille,ST1042,ST1041,2026-07-20 07:45:48,2026-07-20 07:53:48,8,2.63,3.0,paypal
TR2607200000149,CL106190,EN00418,trottinette,Lille,ST1042,ST1037,2026-07-20 07:41:50,20/07/2026 07:55,14,4.48,4.08,abonnement
TR2607200000150,CL105494,EN00391,velo_elec,Lille,ST1043,ST1035,2026-07-20 07:36:16,2026-07-20 07:42:16,6,1.33,2.5,abonnement
TR2607200000151,CL104535,EN00386,trottinette,Lille,ST1047,ST1045,2026-07-20 07:33:35,1784526995,23,6.68,6.06,cb
TR2607200000152,CL103258,EN00519,velo_elec,Grenoble,ST1050,ST1049,2026-07-20 07:34:25,2026-07-20 07:43:25,9,1.38,3.25,paypal
TR2607200000153,CL105569,EN00599,trottinette,Grenoble,ST1050,ST1054,20/07/2026 07:30,20/07/2026 07:55,25,4.68,6.5,
TR2607200000154,CL106738,EN00521,velo,Grenoble,ST1050,ST1049,2026-07-20 07:37:08,2026-07-20 07:45:08,8,1.7,2.2,abonnement
TR2607200000155,CL103951,EN00557,velo,Grenoble,ST1050,ST1056,2026-07-20 07:31:33,2026-07-20 07:46:33,15,4.41,3.25,cb
TR2607200000156,CL108351,EN00547,trottinette,Grenoble,ST1054,ST1049,2026-07-20 07:33:09,2026-07-20 07:49:09,16,4.19,4.52,abonnement
TR2607200000157,CL100341,EN00598,velo_elec,Grenoble,ST1058,ST1048,20/07/2026 07:43,2026-07-20 07:53:05,10,2.91,3.5,cb
TR2607200000158,CL105383,EN00589,velo_elec,grenoble,ST1058,ST1049,,2026-07-20 07:39:50,8,1.97,3.0,abonnement
TR2607200000159,CL106613,EN00083,velo_elec,Lyon,ST1004,ST1005,2026-07-20 07:52:16,2026-07-20 08:05:16,13,2.44,4.25,abonnement
TR2607200000160,CL102262,EN00088,velo,Lyon,ST1005,ST1003,2026-07-20 07:50:21,2026-07-20 07:58:21,8,2.08,2.2,cb
TR2607200000161,CL105773,EN00079,velo_elec,Lyon,ST1006,ST1003,2026-07-20 07:48:39,2026-07-20 07:54:39,6,1.17,2.5,abonnement
TR2607200000162,CL100354,EN00020,velo_elec,Lyon,ST1007,ST1019,2026-07-20 07:50:19,2026-07-20 07:54:19,4,1.21,2.0,abonnement
TR2607200000163,CL104508,EN00127,trottinette,Lyon,ST1008,ST1005,2026-07-20 07:51:35,2026-07-20 07:59:35,8,2.52,2.76,cb
TR2607200000164,CL104715,EN00194,velo_elec,Lyon,ST1009,ST1002,2026-07-20 07:47:47,2026-07-20 07:59:47,12,3.1,4.0,cb
TR2607200000165,CL103069,EN00027,velo_elec,lyon,ST1012,ST1004,1784526759,2026-07-20 08:01:39,9,2.18,3.25,cb
TR2607200000166,CL924525,EN00062,trottinette,Lyon,ST1012,ST1001,2026-07-20 07:52:54,2026-07-20 08:19:54,27,4.07,6.94,cb
TR2607200000167,CL103368,EN00175,trottinette,Lyon,ST1013,ST1007,2026-07-20 07:53:59,,13,2.93,3.86,cb
TR2607200000168,CL108597,EN00136,trottinette,Lyon,ST1016,ST1010,2026-07-20 07:58:37,2026-07-20 08:23:37,25,4.14,6.5,abonnement
TR2607200000169,CL104738,EN00207,velo_elec,Lyon,ST1018,ST1004,2026-07-20 07:55:58,2026-07-20 08:12:58,17,5.85,5.25,cb
TR2607200000170,CL104354,EN00097,velo_elec,Lyon,ST1019,ST1001,2026-07-20 07:50:18,2026-07-20 08:14:18,24,3.91,7.0,paypal
TR2607200000171,CL100471,EN00332,trottinette,Nantes,ST1027,ST1020,,2026-07-20 08:03:05,11,3.42,3.42,cb
TR2607200000172,CL102620,EN00224,velo_elec,Nantes,ST1032,ST1032,2026-07-20 07:58:10,2026-07-20 08:05:10,7,2.32,2.75,cb
TR2607200000173,CL108358,EN00492,velo_elec,Lille,ST1037,ST1039,2026-07-20 07:59:44,1784528084,15,4.17,4.75,paypal
TR2607200000174,CL100563,EN00385,velo_elec,Lille,ST1038,ST1038,2026-07-20 07:58:38,2026-07-20 08:16:38,18,6.04,5.5,abonnement
TR2607200000175,CL103944,EN00396,velo_elec,Lille,ST1038,ST1034,2026-07-20 07:49:20,2026-07-20 07:59:20,10,2.2,3.5,abonnement
TR2607200000176,CL108711,EN00451,velo_elec,LILLE,ST1041,ST1047,2026-07-20 07:57:29,20/07/2026 08:11,14,3.3,4.5,abonnement
TR2607200000177,CL107640,EN00431,velo,Lille,ST1041,ST1035,2026-07-20 07:57:08,2026-07-20 08:06:08,9,2.09,2.35,cb
TR2607200000178,CL102127,EN00476,trottinette,Lille,ST1046,ST1036,2026-07-20 07:52:32,1784527712,16,3.6,4.52,abonnement
TR2607200000179,CL103813,EN00435,trottinette,Lille,ST1046,ST1036,2026-07-20 07:48:16,2026-07-20 08:02:16,14,3.18,4.08,paypal
TR2607200000180,CL100544,EN00562,velo,Grenoble,ST1050,ST1049,2026-07-20 07:52:45,1784527245,8,2.24,2.2,cb
TR2607200000181,CL104316,EN00536,velo_elec,Grenoble,ST1052,ST1051,,2026-07-20 08:06:45,15,5.05,4.75,cb
TR2607200000182,CL102575,EN00558,trottinette,Grenoble,ST1056,ST1048,20/07/2026 07:46,2026-07-20 08:14:32,28,7.57,7.16,abonnement
TR2607200000183,CL106230,EN00158,velo_elec,Lyon,ST1001,ST1019,2026-07-20 08:07:19,2026-07-20 08:18:19,-14,2.13,3.75,paypal
TR2607200000184,CL100498,EN00080,trottinette,Lyon,ST1004,ST1013,2026-07-20 08:12:52,2026-07-20 08:20:52,8,2.57,,abonnement
TR2607200000185,CL107097,EN00127,trottinette,Lyon,ST1005,ST1001,2026-07-20 08:13:34,2026-07-20 08:28:34,15,3.03,4.3,cb
TR2607200000186,CL100161,EN00091,velo_elec,Lyon,ST1006,ST1002,2026-07-20 08:03:11,2026-07-20 08:51:11,48,10.46,13.0,
TR2607200000187,CL103986,EN00086,velo_elec,Lyon,ST1007,ST1004,2026-07-20 08:08:08,2026-07-20 08:30:08,22,5.84,6.5,cb
TR2607200000188,CL101305,EN00058,velo_elec,Lyon,ST1008,ST1002,2026-07-20 08:08:05,2026-07-20 08:36:05,28,9.5,8.0,abonnement
TR2607200000189,CL102511,EN00139,velo_elec,Lyon,ST1010,ST1004,20/07/2026 08:04,2026-07-20 08:26:45,22,4.95,6.5,cb
TR2607200000190,CL108932,EN00014,velo_elec,Lyon ,ST1010,ST1014,2026-07-20 08:08:37,1784528317,10,2.83,3.5,abonnement
TR2607200000191,CL104392,EN00054,trottinette,Lyon,ST1011,ST1010,2026-07-20 08:09:17,2026-07-20 08:26:17,17,5.15,4.74,abonnement
TR2607200000192,CL102224,EN00218,velo_elec,Lyon,ST1012,ST1008,2026-07-20 08:13:01,20/07/2026 08:30,17,2.92,5.25,abonnement
TR2607200000193,CL103833,EN00186,trottinette,lyon,ST1012,ST1001,2026-07-20 08:07:17,2026-07-20 08:18:17,11,3.82,3.42,paypal
TR2607200000194,CL101358,EN00094,velo_elec,Lyon,ST1014,ST1002,2026-07-20 08:13:52,,16,3.3,5.0,abonnement
TR2607200000195,CL105819,EN00081,velo_elec,LYON,ST1014,ST1004,2026-07-20 08:01:05,20/07/2026 08:19,18,3.5,5.5,abonnement
TR2607200000196,CL104107,EN00061,trottinette,Lyon,ST1015,ST1009,2026-07-20 08:10:53,2026-07-20 08:22:53,12,1.89,3.64,cb
TR2607200000197,CL104689,EN00095,trottinette,Lyon,ST1018,ST1005,2026-07-20 08:01:39,2026-07-20 08:10:39,9,3.1,2.98,paypal
TR2607200000198,CL102171,EN00276,velo_elec,Nantes,ST1024,ST1022,1784527880,2026-07-20 08:17:20,6,1.3,2.5,cb
TR2607200000199,CL100028,EN00250,velo_elec,Nantes,ST1025,ST1021,2026-07-20 08:09:35,2026-07-20 08:19:35,10,1.76,3.5,paypal
TR2607200000200,CL105165,EN00229,trottinette,Nantes,ST1026,ST1023,2026-07-20 08:09:21,2026-07-20 08:12:21,3,1.03,1.66,paypal
TR2607200000201,CL107524,EN00317,trottinette,Nantes,ST1026,ST1021,1784527988,2026-07-20 08:20:08,7,1.79,2.54,abonnement
TR2607200000202,CL102118,EN00318,velo_elec,Nantes,ST1027,ST1020,2026-07-20 08:10:11,2026-07-20 08:26:11,16,4.04,5.0,paypal
TR2607200000203,CL103629,EN00258,trottinette,Nantes,ST1027,ST1022,2026-07-20 08:10:05,2026-07-20 08:21:05,11,1.77,3.42,cb
TR2607200000204,CL107653,EN00307,trottinette,Nantes,ST1028,ST1027,2026-07-20 08:15:06,2026-07-20 08:24:06,9,1.44,2.98,cb
TR2607200000205,CL108763,EN00253,trottinette,Nantes,ST1030,ST1024,2026-07-20 08:13:48,2026-07-20 08:24:48,11,1.98,3.42,cb
TR2607200000206,CL102246,EN00289,trottinette,Nantes,ST1032,ST1033,20/07/2026 08:14,2026-07-20 08:25:18,11,1.81,3.42,cb
TR2607200000207,CL105300,EN00283,trottinette,Nantes,ST1032,ST1022,2026-07-20 08:02:16,2026-07-20 08:30:16,28,9.08,7.16,paypal
TR2607200000208,CL106721,EN00336,velo_elec,Nantes,ST1033,ST1020,2026-07-20 08:04:11,2026-07-20 08:07:11,3,0.86,1.75,cb
TR2607200000209,CL103665,EN00240,trottinette,Nantes,ST1033,ST1024,2026-07-20 08:01:06,20/07/2026 08:12,11,3.31,3.42,cb
TR2607200000210,CL104965,EN00391,velo_elec,Lille,ST1035,ST1038,2026-07-20 08:06:30,2026-07-20 08:11:30,5,0.81,2.25,cb
TR2607200000211,CL108029,EN00418,trottinette,lille,ST1037,ST1040,1784527549,2026-07-20 08:09:49,4,1.09,1.88,cb
TR2607200000212,CL108357,EN00377,trottinette,Lille,ST1038,ST1036,2026-07-20 08:09:37,2026-07-20 08:33:37,24,3.98,6.28,abonnement
TR2607200000213,CL103271,EN00485,trottinette,Lille,ST1040,ST1035,1784527875,2026-07-20 08:44:15,33,8.32,8.26,paypal
TR2607200000214,CL104698,EN00415,trottinette,Lille,ST1042,ST1035,20/07/2026 08:08,2026-07-20 08:14:36,6,1.25,2.32,cb
TR2607200000215,CL108232,EN00446,trottinette, Lille,ST1043,ST1036,2026-07-20 08:13:53,2026-07-20 08:32:53,19,6.48,5.18,cb
TR2607200000216,CL102391,EN00386,trottinette,lille,ST1045,ST1041,2026-07-20 08:03:23,2026-07-20 08:31:23,28,6.8,7.16,paypal
TR2607200000217,CL100176,EN00520,velo_elec,Grenoble,ST1049,ST1048,2026-07-20 08:05:50,2026-07-20 08:09:50,4,0.81,2.0,cb
TR2607200000218,CL108221,EN00532,velo_elec,Grenoble,ST1052,ST1049,2026-07-20 08:14:04,2026-07-20 08:27:04,13,3.11,4.25,cb
TR2607200000219,CL102550,EN00505,velo,Grenoble,ST1054,ST1052,2026-07-20 08:15:54,2026-07-20 08:26:54,11,3.14,2.65,cb
TR2607200000220,CL107659,EN00504,trottinette,Grenoble,ST1057,ST1058,2026-07-20 08:09:52,2026-07-20 08:22:52,13,4.54,3.86,cb
TR2607200000221,CL102099,EN00501,trottinette,Grenoble,ST1058,ST1054,2026-07-20 08:11:24,,10,1.62,3.2,cb
TR2607200000222,CL107318,EN00113,velo_elec,Lyon,ST1002,ST1014,2026-07-20 08:27:16,2026-07-20 08:45:16,18,4.96,5.5,cb
TR2607200000223,CL100695,EN00111,trottinette,Lyon,ST1002,ST1007,2026-07-20 08:17:35,2026-07-20 08:31:35,14,2.98,4.08,cb
TR2607200000224,CL102608,EN00071,velo_elec,Lyon,ST1004,ST1017,2026-07-20 08:24:20,2026-07-20 08:30:20,6,1.48,2.5,paypal
TR2607200000225,CL101505,EN00175,trottinette,Lyon,ST1007,ST1004,1784528952,2026-07-20 08:40:12,11,2.67,3.42,cb
TR2607200000226,CL101525,EN00087,trottinette,Lyon,ST1008,ST1002,2026-07-20 08:18:31,2026-07-20 08:28:31,10,1.83,3.2,cb
TR2607200000227,CL101346,EN00063,velo_elec,Lyon,ST1010,ST1002,2026-07-20 08:16:48,2026-07-20 08:30:48,14,2.55,4.5,abonnement
TR2607200000228,CL104070,EN00160,velo_elec,lyon,ST1010,ST1011,2026-07-20 08:15:56,2026-07-20 08:17:56,2,0.41,1.5,abonnement
TR2607200000229,CL102568,EN00098,velo_elec,Lyon,ST1010,ST1002,2026-07-20 08:24:03,2026-07-20 08:39:03,15,3.92,4.75,cb
TR2607200000230,CL101545,EN00214,trottinette,Lyon,ST1010,ST1012,2026-07-20 08:19:50,20/07/2026 08:25,6,0.93,2.32,abonnement
TR2607200000231,CL107837,EN00190,trottinette,Lyon,ST1010,ST1002,2026-07-20 08:25:04,2026-07-20 08:37:04,12,2.81,3.64,abonnement
TR2607200000232,CL107988,EN00089,trottinette,Lyon,ST1011,ST1016,2026-07-20 08:22:59,2026-07-20 08:28:59,6,1.55,2.32,abonnement
TR2607200000233,CL101205,EN00096,velo_elec,Lyon ,ST1011,ST1001,1784529022,2026-07-20 08:41:22,11,2.64,3.75,
TR2607200000234,CL104689,EN00037,trottinette,Lyon,ST1012,ST1003,20/07/2026 08:18,2026-07-20 08:27:22,-10,1.91,2.98,cb
TR2607200000235,CL108910,EN00129,velo_elec,Lyon,ST1013,ST1003,,2026-07-20 08:51:21,24,5.83,7.0,cb
TR2607200000236,CL106123,EN00178,velo_elec,Lyon,ST1013,ST1012,2026-07-20 08:17:08,20/07/2026 08:29,12,3.9,4.0,abonnement
TR2607200000237,CL108613,EN00162,velo_elec,Lyon,ST1014,ST1004,2026-07-20 08:20:38,1784528858,7,1.99,2.75,cb
TR2607200000238,CL100788,EN00002,velo_elec,Lyon ,ST1015,ST1008,2026-07-20 08:16:44,2026-07-20 08:24:44,8,2.5,3.0,abonnement
TR2607200000239,CL100005,EN00122,trottinette,Lyon,ST1016,ST1014,20/07/2026 08:27,1784529650,13,3.79,3.86,paypal
TR2607200000240,CL107427,EN00020,velo_elec,Lyon,ST1019,ST1002,2026-07-20 08:28:54,2026-07-20 08:56:54,28,5.8,8.0,cb
TR2607200000241,CL108680,EN00245,velo_elec,Nantes,ST1020,ST1022,2026-07-20 08:27:18,2026-07-20 08:56:18,29,7.59,8.25,cb
TR2607200000242,CL108941,EN00348,velo_elec,Nantes,ST1022,ST1025,2026-07-20 08:21:17,2026-07-20 08:35:17,14,2.74,4.5,cb
TR2607200000243,CL102712,EN00229,trottinette,Nantes,ST1023,ST1022,2026-07-20 08:19:56,2026-07-20 08:46:56,27,4.35,6.94,cb
TR2607200000244,CL104157,EN00238,velo_elec,Nantes,ST1024,ST1021,1784528748,2026-07-20 08:29:48,4,1.29,2.0,abonnement
TR2607200000245,CL100752,EN00294,velo_elec,Nantes,ST1024,ST1020,2026-07-20 08:17:39,2026-07-20 08:22:39,5,1.44,2.25,paypal
TR2607200000246,CL103293,EN00252,velo_elec,Nantes,ST1025,ST1021,1784529016,2026-07-20 08:53:16,23,7.4,6.75,cb
TR2607200000247,CL102196,EN00237,velo_elec,Nantes,ST1026,ST1020,,2026-07-20 08:23:10,6,1.17,2.5,cb
TR2607200000248,CL101778,EN00316,velo_elec,Nantes,ST1029,ST1033,2026-07-20 08:19:43,2026-07-20 08:31:43,12,2.99,4.0,cb
TR2607200000249,CL100966,EN00358,trottinette,Nantes,ST1029,ST9482,20/07/2026 08:26,2026-07-20 08:28:22,2,0.59,1.44,paypal
TR2607200000250,CL105856,EN00290,trottinette,Nantes,ST1030,ST1022,2026-07-20 08:18:31,,33,7.74,8.26,cb
TR2607200000251,CL105256,EN00342,velo_elec,Nantes,ST1031,ST1021,2026-07-20 08:18:17,20/07/2026 08:31,13,2.01,4.25,cb
TR2607200000252,CL100752,EN00224,velo_elec,Nantes,ST1032,ST1020,20/07/2026 08:25,1784529959,20,6.43,6.0,abonnement
TR2607200000253,CL103046,EN00239,trottinette,Nantes,ST1032,ST1021,2026-07-20 08:17:51,2026-07-20 08:25:51,8,2.76,2.76,paypal
TR2607200000254,CL106079,EN00341,velo_elec,Nantes,ST1032,ST1027,20/07/2026 08:24,2026-07-20 08:31:10,7,1.74,2.75,cb
TR2607200000255,CL105840,EN00236,velo_elec,Nantes,ST1032,ST1021,2026-07-20 08:30:07,2026-07-20 08:36:07,6,1.35,2.5,abonnement
TR2607200000256,CL103177,EN00225,velo_elec,Nantes,ST1033,ST1021,2026-07-20 08:18:53,2026-07-20 08:31:53,13,3.18,4.25,abonnement
TR2607200000257,CL108582,EN00223,velo,Nantes,ST1033,ST1024,2026-07-20 08:25:46,2026-07-20 08:40:46,15,3.2,3.25,cb
TR2607200000258,CL103952,EN00459,velo_elec,Lille,ST1034,ST1047,20/07/2026 08:30,2026-07-20 08:53:34,23,4.35,6.75,abonnement
TR2607200000259,CL106234,EN00391,velo_elec,Lille,ST1038,ST1036,2026-07-20 08:28:04,2026-07-20 09:00:04,32,9.84,9.0,cb
TR2607200000260,CL106743,EN00385,velo_elec, Lille,ST1038,ST1035,2026-07-20 08:26:08,2026-07-20 08:34:08,8,1.7,3.0,cb
TR2607200000261,CL107972,EN00392,velo_elec,Lille,ST1041,ST1046,,2026-07-20 08:29:29,7,1.74,2.75,cb
TR2607200000262,CL107728,EN00389,trottinette,Lille,ST1042,ST1035,2026-07-20 08:24:22,20/07/2026 08:54,30,10.11,,abonnement
TR2607200000263,CL101537,EN00443,velo_elec,LILLE,ST1043,ST1036,2026-07-20 08:21:54,2026-07-20 08:28:54,7,1.7,2.75,cb
TR2607200000264,CL108021,EN00482,velo_elec,Lille,ST1044,ST1037,2026-07-20 08:27:51,2026-07-20 08:36:51,9,2.61,3.25,abonnement
TR2607200000265,CL108029,EN00388,velo_elec,Lille,ST1044,ST1045,,1784529996,26,4.4,7.5,cb
TR2607200000266,CL100856,EN00489,trottinette,Lille,ST1044,ST1037,2026-07-20 08:19:46,2026-07-20 08:29:46,10,2.47,3.2,cb
TR2607200000267,CL107284,EN00480,velo_elec,Lille,ST1047,ST1034,2026-07-20 08:16:17,,10,2.68,3.5,abonnement
TR2607200000268,CL105136,EN00423,velo_elec,Lille,ST1047,ST1044,2026-07-20 08:23:45,20/07/2026 08:30,7,2.17,2.75,cb
TR2607200000269,CL107471,EN00599,trottinette,GRENOBLE,ST1054,ST1049,20/07/2026 08:28,2026-07-20 08:34:18,4700,1.88,2.32,cb
TR2607200000270,CL107279,EN00539,velo_elec,GRENOBLE,ST1055,ST1048,2026-07-20 08:29:51,20/07/2026 08:57,28,5.29,8.0,abonnement
TR2607200000271,CL108008,EN00584,trottinette,Grenoble,ST1057,ST1056,2026-07-20 08:21:51,2026-07-20 08:27:51,6,1.67,2.32,abonnement
TR2607200000272,CL107345,EN00047,velo_elec,Lyon,ST1003,ST1017,1784529710,2026-07-20 08:54:50,13,4.1,4.25,cb
TR2607200000273,CL107918,EN00083,velo_elec,Lyon,ST1005,ST1008,2026-07-20 08:35:44,2026-07-20 08:58:44,23,3.95,6.75,
TR2607200000274,CL917508,EN00065,trottinette,Lyon,ST1006,ST1004,1784529700,2026-07-20 08:58:40,17,5.02,4.74,paypal
TR2607200000275,CL105763,EN00136,trottinette,Lyon,ST1010,ST1015,2026-07-20 08:36:53,1784529833,7,1.33,2.54,cb
TR2607200000276,CL104031,EN00178,velo_elec,Lyon,ST1012,ST1001,2026-07-20 08:35:26,2026-07-20 08:41:26,6,1.62,2.5,paypal
TR2607200000277,CL103699,EN00214,trottinette,Lyon,ST1012,ST1004,2026-07-20 08:41:50,2026-07-20 09:10:50,29,8.7,7.38,abonnement
TR2607200000278,CL104062,EN00169,velo,Lyon,ST1012,ST1002,2026-07-20 08:35:42,2026-07-20 08:51:42,16,4.23,3.4,cb
TR2607200000279,CL100170,EN00014,velo_elec,Lyon,ST1014,ST1013,20/07/2026 08:33,2026-07-20 08:38:41,5,1.06,2.25,cb
TR2607200000280,CL101013,EN00204,velo_elec,Lyon,ST1015,ST1013,2026-07-20 08:44:56,2026-07-20 08:52:56,8,2.05,3.0,paypal
TR2607200000281,CL107586,EN00071,velo_elec,Lyon,ST1017,ST1008,2026-07-20 08:44:09,2026-07-20 08:54:09,10,1.53,3.5,cb
TR2607200000282,CL105664,EN00110,velo_elec,Lyon,ST1018,ST1017,2026-07-20 08:32:01,20/07/2026 08:55,23,7.25,6.75,cb
TR2607200000283,CL103445,EN00158,velo_elec,Lyon,ST1019,ST1002,2026-07-20 08:31:29,2026-07-20 08:40:29,9,3.13,3.25,abonnement
TR2607200000284,CL103814,EN00253,trottinette,Nantes,ST1024,ST1020,2026-07-20 08:32:54,2026-07-20 08:58:54,26,6.07,6.72,paypal
TR2607200000285,CL102686,EN00286,velo_elec,Nantes,ST1028,ST1022,2026-07-20 08:34:54,2026-07-20 08:41:54,7,1.38,2.75,cb
TR2607200000286,CL915579,EN00360,trottinette,Nantes,ST1028,ST1020,20/07/2026 08:33,2026-07-20 08:52:46,19,2.85,5.18,abonnement
TR2607200000287,CL106994,EN00358,trottinette,NANTES,ST1030,ST1024,2026-07-20 08:32:21,2026-07-20 09:47:21,75,25.93,17.5,abonnement
TR2607200000288,CL107030,EN00232,trottinette,Nantes,ST1030,ST1020,2026-07-20 08:33:55,20/07/2026 08:36,3,0.89,1.66,abonnement
TR2607200000289,CL104162,EN00227,trottinette,Nantes,ST1030,ST1033,,2026-07-20 08:45:28,6,1.18,2.32,cb
TR2607200000290,CL103498,EN00325,trottinette,Nantes,ST1031,ST1022,2026-07-20 08:31:02,2026-07-20 09:06:02,35,11.69,8.7,cb
TR2607200000291,CL102434,EN00328,velo_elec,Nantes,ST1032,ST1025,2026-07-20 08:36:13,2026-07-20 08:48:13,12,2.98,4.0,abonnement
TR2607200000292,CL100704,EN00489,trottinette,Lille,ST1037,ST1035,1784529870,2026-07-20 08:49:30,5,0.88,2.1,cb
TR2607200000293,CL105898,EN00383,trottinette,Lille,ST1038,ST1034,20/07/2026 08:41,2026-07-20 08:50:37,9,2.5,2.98,abonnement
TR2607200000294,CL106522,EN00483,trottinette,Lille,ST1039,ST1034,1784529835,2026-07-20 08:59:55,16,3.57,4.52,cb
TR2607200000295,CL102729,EN00481,velo_elec,Lille,ST1040,ST1036,2026-07-20 08:39:20,2026-07-20 08:48:20,9,2.85,3.25,cb
TR2607200000296,CL105381,EN00422,velo_elec,Lille,ST1042,ST1047,2026-07-20 08:37:43,2026-07-20 08:50:43,13,3.08,4.25,cb
TR2607200000297,CL104496,EN00402,trottinette,Lille,ST1044,ST1036,2026-07-20 08:39:21,2026-07-20 09:01:21,22,4.46,5.84,
TR2607200000298,CL103014,EN00392,velo_elec,Lille,ST1046,ST1034,2026-07-20 08:45:36,20/07/2026 09:12,27,5.43,7.75,abonnement
TR2607200000299,CL104519,EN00569,trottinette,Grenoble,ST1052,ST1048,2026-07-20 08:42:02,2026-07-20 08:57:02,15,2.39,4.3,paypal
TR2607200000300,CL101406,EN00504,trottinette,Grenoble,ST1058,ST1048,1784529506,20/07/2026 08:56,18,3.17,4.96,
TR2607200000301,CL100142,EN00183,velo_elec,Lyon,ST1003,ST1008,2026-07-20 08:46:51,2026-07-20 09:02:51,16,4.47,5.0,abonnement
TR2607200000302,CL101916,EN00095,trottinette,Lyon,ST1005,ST1001,2026-07-20 08:54:20,2026-07-20 08:59:20,5,1.25,2.1,cb
TR2607200000303,CL103772,EN00182,trottinette,Lyon,ST1009,ST1004,2026-07-20 08:46:59,2026-07-20 09:00:59,14,2.73,4.08,cb
TR2607200000304,CL100057,EN00054,trottinette,Lyon,ST1010,ST1002,20/07/2026 08:55,2026-07-20 09:27:32,32,10.53,8.04,cb
TR2607200000305,CL103763,EN00160,velo_elec,Lyon,ST1011,ST1003,2026-07-20 08:47:57,2026-07-20 08:55:57,8,2.16,3.0,cb
TR2607200000306,CL104399,EN00142,velo_elec,Lyon,ST1011,ST1008,2026-07-20 08:50:22,2026-07-20 09:01:22,11,2.81,3.75,paypal
TR2607200000307,CL103602,EN00171,velo,Lyon,ST1012,ST1003,2026-07-20 08:52:06,20/07/2026 09:02,10,1.74,2.5,
TR2607200000308,CL107649,EN00017,velo,Lyon,ST1012,ST1001,2026-07-20 08:55:08,2026-07-20 09:24:08,29,4.57,5.35,abonnement
TR2607200000309,CL107510,EN00153,velo_elec,Lyon,ST1013,ST1001,2026-07-20 08:57:17,,20,4.3,,cb
TR2607200000310,CL100698,EN00052,trottinette,Lyon,ST1013,ST1002,1784530778,2026-07-20 09:09:38,10,3.29,3.2,cb
TR2607200000311,CL102160,EN00031,velo_elec,Lyon,ST1013,ST1002,2026-07-20 08:54:59,1784530919,7,2.25,2.75,cb
TR2607200000312,CL101289,EN00113,velo_elec,Lyon,ST1014,ST1009,20/07/2026 08:46,2026-07-20 08:55:58,9,1.51,3.25,cb
TR2607200000313,CL108293,EN00055,trottinette,Lyon,ST1014,ST1003,2026-07-20 08:59:41,2026-07-20 09:07:41,8,2.58,2.76,cb
TR2607200000314,CL101156,EN00161,velo_elec,Lyon,ST1016,ST1003,2026-07-20 08:47:19,20/07/2026 08:59,12,3.03,4.0,cb
TR2607200000315,CL108857,EN00030,trottinette,Lyon,ST1019,ST1017,20/07/2026 08:49,20/07/2026 09:13,24,7.32,6.28,cb
TR2607200000316,CL102616,EN00260,velo_elec,Nantes,ST1024,ST1029,2026-07-20 08:57:14,2026-07-20 09:12:14,15,3.02,4.75,cb
TR2607200000317,CL103596,EN00321,velo_elec,Nantes,ST1024,ST1029,20/07/2026 08:51,2026-07-20 08:57:29,6,1.11,2.5,cb
TR2607200000318,CL104752,EN00312,trottinette,Nantes,ST1026,ST1021,2026-07-20 08:51:43,2026-07-20 09:09:43,18,3.53,4.96,cb
TR2607200000319,CL102323,EN00315,velo_elec,Nantes,ST1028,ST1027,2026-07-20 08:59:27,2026-07-20 09:13:27,14,3.15,4.5,abonnement
TR2607200000320,CL108486,EN00355,velo_elec,Nantes,ST1029,ST1023,2026-07-20 08:46:12,2026-07-20 08:52:12,6,2.01,2.5,abonnement
TR2607200000321,CL104065,EN00326,velo,Nantes,ST1029,ST1021,2026-07-20 08:47:25,1784530345,5,0.8,1.75,cb
TR2607200000322,CL108825,EN00334,trottinette,Nantes,ST1030,ST1022,2026-07-20 08:50:10,20/07/2026 08:55,5,1.51,2.1,abonnement
TR2607200000323,CL101826,EN00347,trottinette,Nantes,ST1030,ST1022,2026-07-20 08:54:05,2026-07-20 09:10:05,16,3.42,4.52,cb
TR2607200000324,CL107036,EN00482,velo_elec,Lille,ST1037,ST1034,20/07/2026 08:51,1784530743,8,1.4,3.0,cb
TR2607200000325,CL108054,EN00458,velo,Lille,ST1037,ST1040,2026-07-20 08:58:00,20/07/2026 09:04,6,1.3,1.9,cb
TR2607200000326,CL106608,EN00418,trottinette,Lille,ST1040,ST1039,2026-07-20 08:53:27,2026-07-20 09:03:27,10,3.46,3.2,cb
TR2607200000327,CL107013,EN00599,trottinette,Grenoble,ST1049,ST1051,2026-07-20 08:58:29,1784531429,12,2.39,3.64,paypal
TR2607200000328,CL107741,EN00526,velo_elec,Grenoble,ST1052,ST1051,,2026-07-20 08:54:13,5,1.39,2.25,cb
TR2607200000329,CL105523,EN00580,velo_elec,Grenoble,ST1055,ST1049,2026-07-20 08:49:50,2026-07-20 09:02:50,13,3.66,4.25,cb
TR2607200000330,CL108692,EN00560,velo_elec,Grenoble,ST1055,ST1051,2026-07-20 08:46:07,2026-07-20 08:56:07,10,3.03,3.5,paypal
TR2607200000331,CL107681,EN00584,trottinette,Grenoble,ST1056,ST1049,20/07/2026 08:48,1784530567,8,2.19,2.76,
TR2607200000332,CL102221,EN00587,trottinette,Grenoble,ST1057,ST1053,2026-07-20 08:57:19,2026-07-20 09:01:19,4,1.11,1.88,cb
TR2607200000333,CL106718,EN00206,velo_elec,Lyon,ST1001,ST1002,2026-07-20 09:05:17,20/07/2026 09:13,8,2.05,3.0,cb
TR2607200000334,CL102481,EN00008,trottinette,Lyon,ST1003,ST1002,1784531434,2026-07-20 09:21:34,11,3.1,3.42,abonnement
TR2607200000335,CL100235,EN00212,trottinette,Lyon,ST1004,ST1008,20/07/2026 09:06,2026-07-20 09:24:24,18,4.39,4.96,cb
TR2607200000336,CL101916,EN00113,velo_elec,Lyon,ST1009,ST1004,2026-07-20 09:08:57,2026-07-20 09:25:57,17,3.79,5.25,abonnement
TR2607200000337,CL103315,EN00051,velo,Lyon,ST1012,ST1010,2026-07-20 09:10:31,2026-07-20 09:27:31,17,2.83,3.55,cb
TR2607200000338,CL107783,EN00026,trottinette,Lyon,ST1013,ST1012,2026-07-20 09:14:17,2026-07-20 09:27:17,13,4.01,3.86,cb
TR2607200000339,CL102449,EN00036,velo_elec,Lyon,ST1015,ST1011,2026-07-20 09:14:27,2026-07-20 09:29:27,15,4.89,4.75,cb
TR2607200000340,CL101701,EN00089,trottinette,Lyon,ST1016,ST1002,2026-07-20 09:02:52,2026-07-20 09:22:52,20,3.31,5.4,abonnement
TR2607200000341,CL107852,EN00355,velo_elec,Nantes,ST1023,ST1023,20/07/2026 09:04,2026-07-20 09:17:03,13,3.33,4.25,cb
TR2607200000342,CL104910,EN00309,trottinette,Nantes,ST1026,ST1021,2026-07-20 09:15:28,2026-07-20 09:24:28,9,2.08,2.98,cb
TR2607200000343,CL105221,EN00235,trottinette,Nantes,ST1030,ST1023,2026-07-20 09:06:17,2026-07-20 09:14:17,8,1.55,2.76,cb
TR2607200000344,CL105780,EN00357,trottinette,Nantes,ST1031,ST1029,2026-07-20 09:09:08,2026-07-20 09:25:08,16,5.03,4.52,paypal
TR2607200000345,CL100279,EN00352,velo_elec,nantes,ST1031,ST1021,2026-07-20 09:02:36,1784531556,10,3.23,3.5,abonnement
TR2607200000346,CL106290,EN00316,velo_elec,Nantes,ST1033,ST1020,2026-07-20 09:16:17,2026-07-20 09:25:17,9,2.44,3.25,cb
TR2607200000347,CL101821,EN00375,trottinette,Lille,ST1038,ST1042,20/07/2026 09:04,2026-07-20 09:20:34,16,3.14,4.52,abonnement
TR2607200000348,CL103562,EN00484,velo_elec, Lille,ST1039,ST1035,2026-07-20 09:14:42,20/07/2026 09:29,15,2.39,4.75,abonnement
TR2607200000349,CL101066,EN00417,trottinette,Lille,ST1042,ST1041,20/07/2026 09:09,2026-07-20 09:21:41,12,3.63,3.64,cb
TR2607200000350,CL106256,EN00409,trottinette,Lille,ST1043,ST1039,2026-07-20 09:07:25,2026-07-20 09:22:25,15,3.97,4.3,cb
TR2607200000351,CL104427,EN00567,velo_elec,Grenoble,ST1049,ST1051,2026-07-20 09:14:31,2026-07-20 09:18:31,4,0.93,2.0,cb
TR2607200000352,CL100070,EN00524,velo_elec,Grenoble,ST1056,ST1049,2026-07-20 09:11:38,2026-07-20 09:23:38,12,2.01,4.0,paypal
TR2607200000353,CL100689,EN00507,trottinette,Grenoble,ST1056,ST1049,1784531100,2026-07-20 09:13:00,8,2.33,2.76,cb
TR2607200000354,CL107676,EN00107,velo_elec,Lyon,ST1001,ST1014,2026-07-20 09:31:01,20/07/2026 09:44,13,2.87,4.25,cb
TR2607200000355,CL100997,EN00190,trottinette,Lyon,ST1002,ST1006,2026-07-20 09:23:00,2026-07-20 09:37:00,14,3.46,4.08,cb
TR2607200000356,CL104680,EN00025,velo_elec,Lyon,ST1003,ST1019,2026-07-20 09:23:17,20/07/2026 09:26,3,0.48,1.75,cb
TR2607200000357,CL100293,EN00117,trottinette,Lyon,ST1003,ST1005,2026-07-20 09:18:40,2026-07-20 09:23:40,-3,1.09,2.1,cb
TR2607200000358,CL106539,EN00111,trottinette,Lyon,ST1007,ST1004,2026-07-20 09:20:52,2026-07-20 09:47:52,27,4.6,6.94,cb
TR2607200000359,CL102365,EN00109,trottinette,Lyon,ST1011,ST1003,2026-07-20 09:24:09,20/07/2026 09:37,13,3.9,3.86,cb
TR2607200000360,CL102850,EN00014,velo_elec,Lyon,ST1013,ST1004,2026-07-20 09:16:43,2026-07-20 09:19:43,3,0.59,1.75,cb
TR2607200000361,CL104085,EN00080,trottinette,Lyon,ST1013,ST1002,2026-07-20 09:24:45,2026-07-20 09:44:45,20,7.0,5.4,abonnement
TR2607200000362,CL103863,EN00003,velo_elec,Lyon,ST1014,ST1019,2026-07-20 09:23:14,2026-07-20 09:35:14,12,3.46,4.0,paypal
TR2607200000363,CL106970,EN00035,velo_elec,Lyon,ST1015,ST1002,2026-07-20 09:19:07,20/07/2026 09:44,25,4.29,7.25,abonnement
TR2607200000364,CL104860,EN00298,trottinette,Nantes,ST1031,ST1027,2026-07-20 09:27:27,2026-07-20 09:40:27,13,4.04,3.86,cb
TR2607200000365,CL103214,EN00289,trottinette,Nantes,ST1033,ST1025,1784532087,2026-07-20 09:26:27,5,1.56,2.1,cb
TR2607200000366,CL102030,EN00486,velo,Lille,ST1038,ST1044,2026-07-20 09:27:36,2026-07-20 09:42:36,15,3.38,3.25,cb
TR2607200000367,CL102840,EN00465,velo,Lille,ST1038,ST1044,2026-07-20 09:18:36,1784532636,12,2.8,2.8,cb
TR2607200000368,CL101674,EN00426,trottinette,Lille,ST1044,ST1034,2026-07-20 09:30:06,20/07/2026 09:57,27,6.26,6.94,cb
TR2607200000369,CL100239,EN00404,trottinette,Lille,ST1044,ST1042,20/07/2026 09:19,2026-07-20 09:49:46,30,10.33,7.6,cb
TR2607200000370,CL102038,EN00541,velo_elec,Grenoble,ST1051,ST1053,2026-07-20 09:15:46,2026-07-20 09:27:46,12,2.92,4.0,paypal
TR2607200000371,CL104381,EN00013,velo_elec,Lyon,ST1003,ST1018,2026-07-20 09:35:54,1784534154,20,4.47,6.0,cb
TR2607200000372,CL100171,EN00115,velo_elec,Lyon,ST1006,ST1003,2026-07-20 09:31:03,2026-07-20 09:36:03,5,1.26,2.25,cb
TR2607200000373,CL108791,EN00143,velo,Lyon,ST1006,ST1002,2026-07-20 09:39:36,2026-07-20 09:53:36,14,4.73,3.1,cb
TR2607200000374,CL101191,EN00121,trottinette,Lyon,ST1007,ST1001,2026-07-20 09:31:59,2026-07-20 09:47:59,16,3.66,4.52,cb
TR2607200000375,CL107252,EN00177,velo_elec,Lyon,ST1008,ST1003,20/07/2026 09:45,20/07/2026 10:03,18,3.72,5.5,cb
TR2607200000376,CL106604,EN00051,velo,Lyon,ST1010,ST1001,2026-07-20 09:42:30,2026-07-20 09:53:30,11,1.83,2.65,cb
TR2607200000377,CL102425,EN00036,velo_elec,Lyon,ST1011,ST1003,20/07/2026 09:31,2026-07-20 09:44:44,13,4.32,4.25,cb
TR2607200000378,CL108725,EN00001,velo_elec,Lyon,ST1011,ST1016,,2026-07-20 09:44:14,12,2.73,4.0,cb
TR2607200000379,CL100389,EN00077,trottinette,Lyon,ST1014,ST1002,2026-07-20 09:40:09,2026-07-20 10:00:09,20,3.72,5.4,abonnement
TR2607200000380,CL104283,EN00122,trottinette,Lyon,ST1014,ST1014,2026-07-20 09:34:33,20/07/2026 09:39,5,1.1,2.1,paypal
TR2607200000381,CL101509,EN00136,trottinette,Lyon,ST1015,ST1016,1784532978,1784533518,9,2.08,2.98,paypal
TR2607200000382,CL107684,EN00189,trottinette,Lyon,ST1015,ST1001,20/07/2026 09:41,20/07/2026 10:21,40,11.83,9.8,cb
TR2607200000383,CL107116,EN00202,trottinette,Lyon,ST1015,ST1001,2026-07-20 09:36:18,2026-07-20 09:52:18,16,4.02,4.52,cb
TR2607200000384,CL104187,EN00004,velo_elec,Lyon,ST1016,ST1007,2026-07-20 09:34:48,2026-07-20 09:41:48,7,1.06,2.75,cb
TR2607200000385,CL105296,EN00030,trottinette,Lyon,ST1017,ST1003,1784533417,2026-07-20 09:49:37,6,1.24,2.32,cb
TR2607200000386,CL101206,EN00025,velo_elec,Lyon,ST1019,ST1006,2026-07-20 09:43:48,2026-07-20 10:02:48,19,3.73,5.75,paypal
TR2607200000387,CL104460,EN00340,velo_elec,Nantes,ST1022,ST1029,20/07/2026 09:43,2026-07-20 09:52:32,9,1.59,3.25,cb
TR2607200000388,CL108220,EN00235,trottinette,Nantes,ST1023,ST1031,20/07/2026 09:35,1784533595,11,1.98,3.42,cb
TR2607200000389,CL106631,EN00355,velo_elec,Nantes,ST1023,ST1022,2026-07-20 09:39:30,,12,3.84,4.0,paypal
TR2607200000390,CL103665,EN00280,trottinette,Nantes,ST1024,ST1022,2026-07-20 09:41:06,2026-07-20 10:00:06,19,4.09,5.18,abonnement
TR2607200000391,CL108057,EN00240,trottinette,Nantes,ST1024,ST1020,2026-07-20 09:37:26,2026-07-20 09:52:26,15,3.04,4.3,cb
TR2607200000392,CL106353,EN00302,velo_elec,Nantes,ST1026,ST1022,2026-07-20 09:34:09,20/07/2026 09:41,7,1.2,2.75,abonnement
TR2607200000393,CL100384,EN00351,trottinette,Nantes,ST1028,ST1030,2026-07-20 09:45:20,2026-07-20 10:04:20,19,3.84,5.18,abonnement
TR2607200000394,CL103790,EN00337,trottinette,nantes,ST1032,ST1025,2026-07-20 09:39:42,2026-07-20 09:42:42,3,0.95,1.66,abonnement
TR2607200000395,CL101659,EN00227,trottinette,Nantes,ST1033,ST1029,1784533143,2026-07-20 10:09:03,30,9.72,7.6,abonnement
TR2607200000396,CL106166,EN00439,velo_elec,Lille,ST1040,ST1034,2026-07-20 09:32:51,1784533191,7,2.0,2.75,paypal
TR2607200000397,CL104800,EN00428,velo_elec,Lille,ST1042,ST1035,20/07/2026 09:34,2026-07-20 09:47:19,13,4.09,4.25,abonnement
TR2607200000398,CL103830,EN00427,trottinette,Lille,ST1043,ST1035,20/07/2026 09:38,2026-07-20 09:40:51,2,0.5,1.44,paypal
TR2607200000399,CL106342,EN00425,velo_elec, Lille,ST1043,ST1035,2026-07-20 09:34:41,20/07/2026 09:48,14,4.87,4.5,abonnement
TR2607200000400,CL106078,EN00578,velo_elec,GRENOBLE,ST1048,ST1048,2026-07-20 09:44:36,2026-07-20 09:57:36,13,3.43,4.25,abonnement
TR2607200000401,CL104000,EN00541,velo_elec,Grenoble,ST1053,ST1049,2026-07-20 09:38:33,2026-07-20 09:42:33,4,1.29,2.0,cb
TR2607200000402,CL103027,EN00501,trottinette,Grenoble,ST1054,ST1055,2026-07-20 09:33:06,2026-07-20 09:44:06,11,2.19,3.42,cb
TR2607200000403,CL101841,EN00575,trottinette,Grenoble,ST1058,ST1051,2026-07-20 09:46:01,2026-07-20 10:00:01,14,3.93,4.08,cb
TR2607200000404,CL106287,EN00117,trottinette,Lyon,ST1005,ST1007,1784533795,20/07/2026 10:00,11,1.89,3.42,paypal
TR2607200000405,CL108129,EN00190,trottinette,Lyon,ST1006,ST1002,2026-07-20 09:50:47,20/07/2026 10:01,11,1.95,3.42,abonnement
TR2607200000406,CL107047,EN00119,trottinette,Lyon,ST1007,ST1003,20/07/2026 09:47,2026-07-20 10:00:51,13,2.66,3.86,cb
TR2607200000407,CL107236,EN00183,velo_elec,Lyon,ST1008,ST1001,2026-07-20 09:46:33,2026-07-20 09:52:33,6,1.59,2.5,cb
TR2607200000408,CL101347,EN00026,trottinette,Lyon,ST1012,ST1004,20/07/2026 09:47,2026-07-20 10:03:27,16,2.92,4.52,cb
TR2607200000409,CL101115,EN00219,velo_elec,LYON,ST1013,ST1004,2026-07-20 09:55:52,2026-07-20 10:07:52,12,3.57,4.0,abonnement
TR2607200000410,CL108024,EN00107,velo_elec,Lyon,ST1014,ST1003,1784533781,20/07/2026 10:08,19,4.92,5.75,cb
TR2607200000411,CL102329,EN00122,trottinette,Lyon,ST1014,ST1002,2026-07-20 09:56:58,2026-07-20 10:16:58,8566,3.79,5.4,cb
TR2607200000412,CL100529,EN00005,velo_elec,Lyon,ST1014,ST1004,20/07/2026 09:45,2026-07-20 09:48:51,3,0.82,1.75,cb
TR2607200000413,CL103684,EN00093,velo_elec,Lyon,ST1016,ST1006,2026-07-20 09:53:44,2026-07-20 09:58:44,5,0.91,2.25,cb
TR2607200000414,CL103833,EN00003,velo_elec,Lyon,ST1019,ST1001,2026-07-20 09:55:01,20/07/2026 10:32,37,8.03,10.25,cb
TR2607200000415,CL103568,EN00300,velo_elec,Nantes,ST1021,ST1024,2026-07-20 09:59:19,20/07/2026 10:09,-20,1.59,3.5,paypal
TR2607200000416,CL100308,EN00288,trottinette,Nantes,ST1024,ST1024,2026-07-20 09:46:36,2026-07-20 10:01:36,15,2.73,4.3,cb
TR2607200000417,CL107959,EN00348,velo_elec,Nante,ST1025,ST1031,20/07/2026 09:57,2026-07-20 10:31:49,34,6.72,9.5,abonnement
TR2607200000418,CL108310,EN00307,trottinette,Nantes,ST1027,ST1029,2026-07-20 09:52:59,2026-07-20 10:08:59,16,5.1,4.52,cb
TR2607200000419,CL103908,EN00235,trottinette,Nantes,ST1031,ST1022,20/07/2026 09:54,2026-07-20 09:59:27,5,0.96,2.1,cb
TR2607200000420,CL105210,EN00482,velo_elec,Lille,ST1034,ST1040,1784534291,2026-07-20 10:14:11,16,4.01,5.0,cb
TR2607200000421,CL105354,EN00365,velo_elec,Lille,ST1040,ST1047,2026-07-20 09:49:35,2026-07-20 09:57:35,8,2.42,3.0,cb
TR2607200000422,CL105081,EN00393,trottinette,Lille,ST1043,ST1036,1784533898,1784535398,25,6.13,6.5,cb
TR2607200000423,CL100941,EN00422,velo_elec,Lille,ST1047,ST1046,1784533939,2026-07-20 09:54:19,2,0.31,1.5,abonnement
TR2607200000424,CL106919,EN00567,velo_elec,Grenoble,ST1051,ST1053,2026-07-20 09:55:37,2026-07-20 10:22:37,27,9.05,7.75,paypal
TR2607200000425,CL107041,EN00545,trottinette,Grenoble,ST1057,ST1048,2026-07-20 10:00:14,1784536334,32,5.07,8.04,abonnement
TR2607200000426,CL104766,EN00054,trottinette,Lyon,ST1002,ST1010,1784534888,2026-07-20 10:15:08,7,1.71,2.54,cb
TR2607200000427,CL108282,EN00214,trottinette,Lyon,ST1004,ST9345,2026-07-20 10:04:09,2026-07-20 10:16:09,12,3.3,3.64,cb
TR2607200000428,CL108414,EN00018,trottinette,Lyon,ST1014,ST1004,2026-07-20 10:05:36,2026-07-20 10:33:36,28,7.12,7.16,
TR2607200000429,CL103312,EN00247,trottinette,Nantes,ST1026,ST1033,20/07/2026 10:11,2026-07-20 10:26:31,15,4.35,4.3,abonnement
TR2607200000430,CL101296,EN00587,trottinette,Grenoble,ST1053,ST1057,2026-07-20 10:04:13,1784535193,9,2.49,2.98,paypal
TR2607200000431,CL101031,EN00540,velo,Grenoble,ST1054,ST1049,2026-07-20 10:10:06,2026-07-20 10:21:06,11,2.63,2.65,paypal
TR2607200000432,CL108522,EN00548,trottinette,Grenoble,ST1055,ST1054,,2026-07-20 10:19:17,12,2.88,3.64,cb
TR2607200000433,CL103825,EN00596,velo_elec,Grenoble,ST1056,ST1049,2026-07-20 10:08:34,2026-07-20 10:41:34,33,6.67,9.25,abonnement
TR2607200000434,CL103766,EN00214,trottinette,Lyon,ST1006,ST1006,2026-07-20 10:16:38,2026-07-20 10:44:38,28,4.58,7.16,cb
TR2607200000435,CL104484,EN00156,velo,Lyon,ST1012,ST1007,2026-07-20 10:28:12,2026-07-20 10:32:12,4,1.09,1.6,cb
TR2607200000436,CL100995,EN00047,velo_elec,Lyon,ST1017,ST1009,2026-07-20 10:25:33,2026-07-20 10:32:33,7,2.04,2.75,cb
TR2607200000437,CL100260,EN00249,velo_elec,Nantes,ST1020,ST1021,2026-07-20 10:22:05,2026-07-20 10:43:05,21,5.79,6.25,cb
TR2607200000438,CL107551,EN00338,velo_elec,Nantes,ST1021,ST1032,2026-07-20 10:26:46,2026-07-20 10:35:46,9,2.15,3.25,paypal
TR2607200000439,CL105592,EN00327,velo_elec,Nantes,ST1021,ST1030,2026-07-20 10:25:36,2026-07-20 10:38:36,13,2.14,4.25,abonnement
TR2607200000440,CL106387,EN00276,velo_elec,Nantes,ST1022,ST1021,20/07/2026 10:20,2026-07-20 10:40:48,20,5.06,6.0,cb
TR2607200000441,CL103293,EN00340,velo_elec,Nantes,ST1029,ST1026,2026-07-20 10:17:36,2026-07-20 10:22:36,5,1.5,2.25,cb
TR2607200000442,CL108474,EN00351,trottinette,Nantes,ST1030,ST1022,2026-07-20 10:20:20,2026-07-20 10:27:20,7,1.76,2.54,cb
TR2607200000443,CL105381,EN00369,velo,Lille,ST1038,ST1039,2026-07-20 10:21:29,2026-07-20 10:24:29,3,0.56,1.45,paypal
TR2607200000444,CL103944,EN00388,velo_elec,Lille,ST1045,ST1038,2026-07-20 10:18:27,2026-07-20 10:30:27,12,2.63,4.0,cb
TR2607200000445,CL105112,EN00373,velo_elec,Lille,ST1046,ST1038,1784535941,1784537141,20,5.98,6.0,cb
TR2607200000446,CL101959,EN00593,trottinette,Grenoble,ST1055,ST1053,2026-07-20 10:23:37,2026-07-20 10:30:37,7,1.84,2.54,cb
TR2607200000447,CL105167,EN00537,velo_elec,Grenoble,ST1058,ST1054,2026-07-20 10:27:27,2026-07-20 10:31:27,4,1.37,2.0,cb
TR2607200000448,CL107362,EN00025,velo_elec,Lyon,ST1006,ST1001,2026-07-20 10:38:18,2026-07-20 10:51:18,13,3.0,4.25,paypal
TR2607200000449,CL108389,EN00072,velo,Lyon,ST1015,ST1006,2026-07-20 10:43:28,2026-07-20 10:55:28,12,4.08,2.8,cb
TR2607200000450,CL102192,EN00329,trottinette,Nantes,ST1031,ST1033,2026-07-20 10:38:17,2026-07-20 10:43:17,5,1.0,2.1,abonnement
TR2607200000451,CL103675,EN00291,velo_elec,Nantes,ST1032,ST1021,20/07/2026 10:40,2026-07-20 10:53:50,13,2.59,4.25,cb
TR2607200000452,CL108194,EN00482,velo_elec,Lille,ST1040,ST1047,2026-07-20 10:41:47,2026-07-20 11:11:47,30,7.03,8.5,abonnement
TR2607200000453,CL100076,EN00189,trottinette,Lyon,ST1001,ST1008,2026-07-20 10:46:19,2026-07-20 10:53:19,7,1.42,2.54,cb
TR2607200000454,CL106150,EN00030,trottinette,Lyon,ST1003,ST1010,20/07/2026 10:46,2026-07-20 11:09:35,23,6.82,6.06,cb
TR2607200000455,CL107795,EN00117,trottinette,Lyon,ST1007,ST1009,2026-07-20 10:55:22,2026-07-20 10:59:22,4,0.63,1.88,cb
TR2607200000456,CL107439,EN00167,trottinette,Lyon,ST1008,ST1019,2026-07-20 10:47:52,20/07/2026 10:59,12,3.66,3.64,cb
TR2607200000457,CL107294,EN00047,velo_elec,Lyon,ST1009,ST1010,2026-07-20 10:47:03,2026-07-20 10:57:03,10,3.48,3.5,abonnement
TR2607200000458,CL102608,EN00155,velo,Lyon,ST1015,ST1010,20/07/2026 10:58,2026-07-20 11:07:54,9,2.43,2.35,abonnement
TR2607200000459,CL104277,EN00092,trottinette,Lyon,ST1016,ST1018,2026-07-20 10:50:40,2026-07-20 11:03:40,13,2.17,3.86,cb
TR2607200000460,CL108567,EN00222,velo_elec,Nantes,ST1021,ST1021,2026-07-20 10:47:02,2026-07-20 10:50:02,3,0.55,1.75,abonnement
TR2607200000461,CL106025,EN00280,trottinette,Nantes,ST1022,ST1020,2026-07-20 10:52:50,2026-07-20 11:11:50,19,4.82,5.18,cb
TR2607200000462,CL100758,EN00289,trottinette,Nantes,ST1025,ST1032,2026-07-20 10:57:48,2026-07-20 11:01:48,4,0.76,1.88,cb
TR2607200000463,CL105722,EN00365,velo_elec, Lille,ST1047,ST1034,2026-07-20 11:00:36,2026-07-20 11:13:36,13,3.39,4.25,cb
TR2607200000464,CL101527,EN00577,velo_elec,Grenoble,ST1057,ST1054,2026-07-20 10:58:58,2026-07-20 11:23:58,25,5.65,7.25,abonnement
TR2607200000465,CL102182,EN00130,velo_elec,LYON,ST1001,ST1004,2026-07-20 11:15:05,2026-07-20 11:22:05,7,1.3,2.75,abonnement
TR2607200000466,CL102786,EN00240,trottinette,Nantes,ST1020,ST1020,2026-07-20 11:05:32,2026-07-20 11:14:32,9,1.83,2.98,abonnement
TR2607200000467,CL102056,EN00245,velo_elec,Nantes,ST1022,ST1027,2026-07-20 11:05:26,2026-07-20 11:14:26,9,3.01,3.25,cb
TR2607200000468,CL105831,EN00327,velo_elec,Nantes,ST1030,ST1029,2026-07-20 11:04:21,2026-07-20 11:14:21,10,2.79,3.5,cb
TR2607200000469,CL104745,EN00247,trottinette,Nantes,ST1033,ST1025,2026-07-20 11:04:09,2026-07-20 11:29:09,25,7.52,6.5,abonnement
TR2607200000470,CL104956,EN00503,trottinette,Grenoble,ST1056,ST1048,2026-07-20 11:04:27,2026-07-20 11:19:27,15,4.1,4.3,abonnement
TR2607200000471,CL100942,EN00185,trottinette,Lyon,ST1001,ST1001,2026-07-20 11:25:45,2026-07-20 11:48:45,23,7.16,6.06,abonnement
TR2607200000472,CL108893,EN00015,velo,Lyon,ST1014,ST1009,1784539783,2026-07-20 11:43:43,14,3.64,3.1,paypal
TR2607200000473,CL102352,EN00110,velo_elec,Lyon,ST1017,ST1019,2026-07-20 11:22:26,2026-07-20 11:28:26,6,2.04,2.5,cb
TR2607200000474,CL106849,EN00245,velo_elec,Nantes,ST1027,ST1032,2026-07-20 11:28:52,2026-07-20 11:38:52,10,3.36,3.5,cb
TR2607200000475,CL101519,EN00329,trottinette,Nantes,ST1033,ST1020,2026-07-20 11:29:34,2026-07-20 11:39:34,10,2.49,3.2,abonnement
TR2607200000476,CL100952,EN00435,trottinette,Lille,ST1036,ST1045,,2026-07-20 11:44:39,21,6.28,5.62,cb
TR2607200000477,CL102191,EN00386,trottinette,Lille,ST1041,ST1039,20/07/2026 11:26,2026-07-20 11:32:25,6,1.58,2.32,cb
TR2607200000478,CL107211,EN00514,velo_elec,Grenoble,ST1052,ST1052,20/07/2026 11:19,2026-07-20 11:23:54,4,1.27,2.0,cb
TR2607200000479,CL100581,EN00093,velo_elec,Lyon,ST1006,ST1019,,20/07/2026 12:00,26,8.42,7.5,abonnement
TR2607200000480,CL107172,EN00189,trottinette,lyon,ST1008,ST1019,20/07/2026 11:36,,40,6.74,9.8,cb
TR2607200000481,CL103481,EN00117,trottinette,Lyon,ST1009,ST1001,2026-07-20 11:38:27,2026-07-20 12:00:27,22,3.91,5.84,paypal
TR2607200000482,CL108943,EN00159,velo,Lyon,ST1015,ST1018,2026-07-20 11:41:12,2026-07-20 11:52:12,11,2.64,2.65,cb
TR2607200000483,CL105736,EN00304,velo_elec,Nantes,ST1021,ST1030,20/07/2026 11:40,2026-07-20 11:54:05,14,2.72,4.5,abonnement
TR2607200000484,CL103342,EN00340,velo_elec,Nantes,ST1026,ST1032,2026-07-20 11:42:41,2026-07-20 12:05:41,23,6.79,6.75,cb
TR2607200000485,CL105856,EN00348,velo_elec,Nantes,ST1031,ST1031,2026-07-20 11:42:30,2026-07-20 11:45:30,3,0.79,1.75,cb
TR2607200000486,CL105676,EN00434,velo_elec,Lille,ST1034,ST1046,1784540359,2026-07-20 11:49:19,10,1.54,3.5,abonnement
TR2607200000487,CL100341,EN00515,trottinette,Grenoble,ST1055,ST1054,2026-07-20 11:33:22,2026-07-20 11:54:22,21,6.28,5.62,paypal
TR2607200000488,CL105321,EN00097,velo_elec,Lyon,ST1001,ST1019,20/07/2026 11:49,,21,7.09,6.25,cb
TR2607200000489,CL106084,EN00214,trottinette,Lyon,ST1006,ST1002,2026-07-20 11:54:17,2026-07-20 12:38:17,44,12.45,10.68,abonnement
TR2607200000490,CL106503,EN00004,velo_elec,Lyon,ST1007,ST1018,2026-07-20 11:55:08,2026-07-20 12:46:08,51,14.55,13.75,abonnement
TR2607200000491,CL106576,EN00358,trottinette,Nantes,ST1024,ST1020,2026-07-20 11:51:32,2026-07-20 12:01:32,10,2.16,3.2,abonnement
TR2607200000492,CL104667,EN00327,velo_elec,Nantes,ST1029,ST1020,2026-07-20 11:47:28,1784541628,13,2.79,4.25,cb
TR2607200000493,CL105625,EN00494,velo_elec,Lille,ST1035,ST1037,20/07/2026 11:53,2026-07-20 12:27:33,34,6.89,9.5,cb
TR2607200000494,CL105613,EN00386,trottinette,Lille,ST1039,ST1037,2026-07-20 12:00:59,2026-07-20 12:11:59,11,2.23,3.42,abonnement
TR2607200000495,CL108095,EN00438,trottinette,Lille,ST1040,ST1040,1784540990,2026-07-20 11:59:50,10,2.71,3.2,cb
TR2607200000496,CL100681,EN00556,trottinette,Grenoble,ST1052,ST1051,2026-07-20 11:58:26,1784542226,12,2.46,,cb
TR2607200000497,CL107371,EN00053,trottinette,Lyon,ST1002,ST1019,2026-07-20 12:10:08,2026-07-20 12:21:08,11,1.7,3.42,cb
TR2607200000498,CL106258,EN00177,velo_elec,Lyon,ST1003,ST1016,2026-07-20 12:05:04,2026-07-20 12:12:04,7,2.07,2.75,abonnement
TR2607200000499,CL105348,EN00105,velo_elec,Lyon,ST1007,ST1010,20/07/2026 12:10,,8,1.73,3.0,cb
TR2607200000500,CL102968,EN00073,velo_elec,Lyon,ST1007,ST1006,2026-07-20 12:14:45,1784543085,10,1.75,3.5,paypal
TR2607200000501,CL100957,EN00061,trottinette,Lyon,ST1009,ST1014,20/07/2026 12:09,2026-07-20 12:18:12,9,3.1,2.98,cb
TR2607200000502,CL102057,EN00154,trottinette,Lyon,ST1009,ST1005,2026-07-20 12:09:23,2026-07-20 12:13:23,4,0.73,1.88,abonnement
TR2607200000503,CL102935,EN00147,velo,Lyon,ST1014,ST1002,1784542425,2026-07-20 12:31:45,18,5.33,3.7,cb
TR2607200000504,CL101846,EN00167,trottinette,Lyon,ST1019,ST1005,2026-07-20 12:12:18,2026-07-20 12:26:18,14,3.51,4.08,cb
TR2607200000505,CL104705,EN00247,trottinette,Nantes,ST1025,ST1024,,2026-07-20 12:37:52,25,5.65,6.5,cb
TR2607200000506,CL108917,EN00241,velo,Nantes,ST1026,ST1026,2026-07-20 12:14:12,2026-07-20 12:30:12,16,2.85,3.4,cb
TR2607200000507,CL100690,EN00256,velo_elec,Nantes,ST1027,ST1032,20/07/2026 12:11,2026-07-20 12:26:48,15,5.23,4.75,cb
TR2607200000508,CL108703,EN00254,velo_elec,Nantes,ST1027,ST1022,2026-07-20 12:01:36,1784542356,11,3.43,3.75,cb
TR2607200000509,CL107313,EN00415,trottinette,Lille,ST1035,ST1038,,20/07/2026 12:50,46,16.09,11.12,paypal
TR2607200000510,CL100704,EN00453,trottinette,Lille,ST1036,ST1040,2026-07-20 12:05:23,2026-07-20 12:08:23,3,0.69,1.66,cb
TR2607200000511,CL108537,EN00418,trottinette,Lille,ST1039,ST1040,2026-07-20 12:07:34,2026-07-20 12:18:34,11,1.86,3.42,cb
TR2607200000512,CL102021,EN00434,velo_elec,Lille,ST1046,ST1045,2026-07-20 12:03:59,2026-07-20 12:13:59,10,1.83,,cb
TR2607200000513,CL107354,EN00566,trottinette,Grenoble,ST1048,ST1058,2026-07-20 12:07:27,2026-07-20 12:35:27,28,4.97,7.16,abonnement
TR2607200000514,CL103794,EN00536,velo_elec,Grenoble,ST1051,ST1052,,20/07/2026 12:38,25,3.78,7.25,abonnement
TR2607200000515,CL105918,EN00535,velo_elec,Grenoble,ST1058,ST1053,20/07/2026 12:06,2026-07-20 12:11:11,5,1.62,2.25,cb
TR2607200000516,CL102691,EN00118,trottinette,Lyon,ST1002,ST1012,2026-07-20 12:21:36,20/07/2026 12:28,7,1.41,2.54,abonnement
TR2607200000517,CL107487,EN00072,velo,Lyon,ST1006,ST1016,1784542583,2026-07-20 12:24:23,8,1.39,2.2,cb
TR2607200000518,CL103812,EN00179,trottinette,Lyon,ST1009,ST1016,2026-07-20 12:25:32,2026-07-20 12:39:32,14,3.12,4.08,paypal
TR2607200000519,CL108138,EN00015,velo,Lyon,ST1009,ST1009,2026-07-20 12:21:23,2026-07-20 12:37:23,16,2.55,3.4,cb
TR2607200000520,CL104590,EN00054,trottinette,Lyon,ST1010,ST1007,2026-07-20 12:28:18,2026-07-20 12:33:18,5,0.79,2.1,cb
TR2607200000521,CL108546,EN00013,velo_elec,Lyon,ST1018,ST1002,2026-07-20 12:23:42,2026-07-20 12:38:42,15,3.77,4.75,cb
TR2607200000522,CL104636,EN00492,velo_elec,Lille,ST1039,ST1044,2026-07-20 12:25:39,2026-07-20 12:32:39,7,1.1,2.75,cb
TR2607200000523,CL101119,EN00434,velo_elec,Lille,ST1045,ST1037,2026-07-20 12:27:05,2026-07-20 12:39:05,12,3.18,4.0,paypal
TR2607200000524,CL107230,EN00435,trottinette,Lille,ST1045,ST1036,2026-07-20 12:26:51,2026-07-20 12:43:51,17,3.83,4.74,abonnement
TR2607200000525,CL103235,EN00482,velo_elec,Lille,ST1047,ST1038,2026-07-20 12:16:17,2026-07-20 12:31:17,15,2.54,4.75,cb
TR2607200000526,CL105370,EN00506,trottinette,Grenoble,ST1055,ST1054,2026-07-20 12:16:33,2026-07-20 12:41:33,25,7.42,6.5,cb
TR2607200000527,CL103913,EN00206,velo_elec,Lyon,ST1002,ST1014,2026-07-20 12:37:32,20/07/2026 13:04,27,4.74,7.75,cb
TR2607200000528,CL100031,EN00194,velo_elec,Lyon,ST1002,ST1018,2026-07-20 12:41:07,20/07/2026 13:00,19,2.96,5.75,cb
TR2607200000529,CL108909,EN00018,trottinette,Lyon,ST1004,ST1011,2026-07-20 12:36:59,2026-07-20 12:39:59,3,0.64,1.66,cb
TR2607200000530,CL101961,EN00103,trottinette,Lyon,ST1007,ST1008,2026-07-20 12:43:42,2026-07-20 12:54:42,11,2.95,3.42,paypal
TR2607200000531,CL104392,EN00001,velo_elec,LYON,ST1016,ST1001,2026-07-20 12:30:45,1784545005,26,6.49,7.5,abonnement
TR2607200000532,CL106576,EN00278,trottinette,Nantes,ST1025,ST1029,20/07/2026 12:34,1784544240,10,2.83,3.2,abonnement
TR2607200000533,CL101363,EN00341,velo_elec,Nantes,ST1027,ST1026,2026-07-20 12:35:29,2026-07-20 12:52:29,17,4.98,5.25,abonnement
TR2607200000534,CL105177,EN00304,velo_elec,Nantes,ST1030,ST1023,2026-07-20 12:35:41,2026-07-20 12:47:41,12,2.63,4.0,cb
TR2607200000535,CL100251,EN00305,velo_elec,Nantes,ST1031,ST1033,2026-07-20 12:34:56,2026-07-20 12:42:56,8,2.24,3.0,abonnement
TR2607200000536,CL104288,EN00399,trottinette,Lille,ST1034,ST1036,2026-07-20 12:37:17,2026-07-20 12:48:17,11,2.5,3.42,abonnement
TR2607200000537,CL107745,EN00484,velo_elec,Lille,ST1035,ST1044,20/07/2026 12:36,2026-07-20 12:49:23,13,3.97,4.25,cb
TR2607200000538,CL104720,EN00422,velo_elec,lille,ST1046,ST1045,2026-07-20 12:36:41,20/07/2026 12:42,6,1.32,2.5,cb
TR2607200000539,CL100637,EN00024,velo_elec,Lyon,ST1001,ST1002,2026-07-20 12:52:51,2026-07-20 13:27:51,35,6.38,9.75,cb
TR2607200000540,CL100608,EN00158,velo_elec,Lyon,ST1002,ST1003,20/07/2026 12:50,2026-07-20 13:06:18,16,3.38,5.0,abonnement
TR2607200000541,CL103139,EN00008,trottinette,Lyon,ST1002,ST1004,1784544907,2026-07-20 13:45:07,50,13.07,12.0,abonnement
TR2607200000542,CL104932,EN00129,velo_elec,Lyon,ST1003,ST1017,2026-07-20 12:54:04,1784546044,20,3.13,6.0,abonnement
TR2607200000543,CL100507,EN00130,velo_elec,Lyon,ST1004,ST1004,2026-07-20 12:58:11,2026-07-20 13:15:11,17,5.64,5.25,cb
TR2607200000544,CL106201,EN00073,velo_elec,Lyon,ST1006,ST1010,2026-07-20 12:50:57,20/07/2026 13:02,12,3.01,4.0,paypal
TR2607200000545,CL100651,EN00166,velo,Lyon,ST1015,ST1002,2026-07-20 12:55:19,2026-07-20 13:11:19,5689,3.39,3.4,abonnement
TR2607200000546,CL104136,EN00114,velo,Lyon,ST1015,ST1008,2026-07-20 12:54:02,2026-07-20 13:17:02,23,7.45,4.45,abonnement
TR2607200000547,CL100955,EN00060,velo,Lyon,ST1015,ST1007,2026-07-20 12:50:42,20/07/2026 13:00,10,2.43,2.5,abonnement
TR2607200000548,CL105329,EN00177,velo_elec,Lyon,ST1016,ST1013,2026-07-20 12:55:16,2026-07-20 13:10:16,15,2.66,4.75,abonnement
TR2607200000549,CL107891,EN00315,velo_elec,Nantes,ST1027,ST1031,20/07/2026 12:52,2026-07-20 13:07:31,15,2.43,4.75,abonnement
TR2607200000550,CL100166,EN00348,velo_elec,Nantes,ST1031,ST1025,2026-07-20 13:00:10,1784545690,8,1.79,3.0,paypal
TR2607200000551,CL106610,EN00483,trottinette,LILLE,ST1034,ST1042,2026-07-20 12:47:53,20/07/2026 13:03,16,3.58,4.52,cb
TR2607200000552,CL106344,EN00373,velo_elec,Lille,ST1038,ST1037,1784544565,2026-07-20 13:00:25,11,1.82,3.75,cb
TR2607200000553,CL104921,EN00368,trottinette,Lille,ST1039,ST1036,2026-07-20 12:52:26,2026-07-20 12:59:26,7,1.3,2.54,cb
TR2607200000554,CL100610,EN00409,trottinette,Lille,ST1039,ST1035,2026-07-20 12:52:46,2026-07-20 12:55:46,3,0.5,1.66,abonnement
TR2607200000555,CL103019,EN00417,trottinette,Lille,ST1041,ST1036,20/07/2026 12:47,20/07/2026 13:01,14,4.74,4.08,paypal
TR2607200000556,CL104289,EN00375,trottinette,Lille,ST1042,ST1046,20/07/2026 12:56,2026-07-20 13:01:04,5,0.79,2.1,cb
TR2607200000557,CL106964,EN00599,trottinette,Grenoble,ST1051,ST1055,2026-07-20 12:48:53,2026-07-20 13:02:53,14,4.53,4.08,paypal
TR2607200000558,CL103842,EN00577,velo_elec,Grenoble,ST1054,ST1053,2026-07-20 13:00:16,2026-07-20 13:05:16,5,1.16,2.25,abonnement
TR2607200000559,CL107449,EN00001,velo_elec,lyon,ST1001,ST1009,2026-07-20 13:05:00,2026-07-20 13:15:00,10,1.64,3.5,paypal
TR2607200000560,CL102878,EN00281,velo_elec,Nantes,ST1022,ST1022,2026-07-20 13:11:25,2026-07-20 13:21:25,10,3.17,3.5,paypal
TR2607200000561,CL101823,EN00264,trottinette,Nantes,ST1022,ST1027,20/07/2026 13:09,2026-07-20 13:15:01,6,1.04,2.32,abonnement
TR2607200000562,CL103043,EN00304,velo_elec,Nantes,ST1023,ST1030,2026-07-20 13:12:39,2026-07-20 13:28:39,16,4.99,5.0,paypal
TR2607200000563,CL105451,EN00298,trottinette,nantes,ST1027,ST1032,2026-07-20 13:01:06,1784546706,24,5.56,6.28,cb
TR2607200000564,CL100082,EN00388,velo_elec,Lille,ST1038,ST1047,2026-07-20 13:11:21,2026-07-20 13:18:21,7,1.06,2.75,cb
TR2607200000565,CL104698,EN00459,velo_elec,Lille,ST1047,ST1040,20/07/2026 13:15,2026-07-20 13:48:27,33,7.87,9.25,paypal
TR2607200000566,CL103435,EN00541,velo_elec,Grenoble,ST1049,ST1049,2026-07-20 13:14:56,20/07/2026 13:27,13,2.9,4.25,cb
TR2607200000567,CL100111,EN00537,velo_elec,Grenoble,ST1054,ST1048,2026-07-20 13:03:10,2026-07-20 13:13:10,10,3.01,3.5,cb
TR2607200000568,CL100326,EN00078,velo_elec,Lyon,ST1001,ST1018,2026-07-20 13:16:47,2026-07-20 13:28:47,12,3.83,4.0,cb
TR2607200000569,CL108219,EN00071,velo_elec,Lyon,ST1008,ST1007,20/07/2026 13:25,2026-07-20 13:40:35,15,2.51,4.75,cb
TR2607200000570,CL102979,EN00118,trottinette,Lyon,ST1012,ST1016,2026-07-20 13:17:43,2026-07-20 13:29:43,12,4.16,3.64,abonnement
TR2607200000571,CL103068,EN00194,velo_elec,Lyon,ST1018,ST1009,2026-07-20 13:26:02,20/07/2026 13:40,14,4.05,4.5,abonnement
TR2607200000572,CL101747,EN00263,trottinette,Nante,ST1028,ST1030,20/07/2026 13:20,2026-07-20 13:55:53,35,10.97,8.7,abonnement
TR2607200000573,CL101424,EN00338,velo_elec,Nantes,ST1032,ST1026,20/07/2026 13:29,2026-07-20 13:55:55,26,6.79,7.5,paypal
TR2607200000574,CL103840,EN00245,velo_elec,Nantes,ST1032,ST1021,2026-07-20 13:19:16,2026-07-20 13:21:16,2,0.5,1.5,abonnement
TR2607200000575,CL100279,EN00305,velo_elec,Nantes,ST1033,ST1030,2026-07-20 13:20:06,2026-07-20 13:25:06,5,1.24,2.25,cb
TR2607200000576,CL105799,EN00412,trottinette,Lille,ST1036,ST1038,2026-07-20 13:22:23,2026-07-20 13:43:23,21,6.55,5.62,cb
TR2607200000577,CL106534,EN00536,velo_elec,Grenoble,ST1052,ST1053,2026-07-20 13:21:52,20/07/2026 13:31,10,1.7,3.5,abonnement
TR2607200000578,CL108517,EN00548,trottinette,Grenoble ,ST1054,ST1054,2026-07-20 13:21:21,20/07/2026 13:40,19,5.31,5.18,cb
TR2607200000579,CL105918,EN00512,velo_elec,Grenoble,ST1057,ST1055,2026-07-20 13:30:36,2026-07-20 13:33:36,3,0.46,1.75,cb
TR2607200000580,CL104027,EN00157,velo_elec,Lyon,ST1003,ST1014,2026-07-20 13:33:13,1784547673,8,1.7,3.0,abonnement
TR2607200000581,CL102982,EN00167,trottinette,Lyon,ST1005,ST1018,2026-07-20 13:38:47,2026-07-20 13:58:47,20,5.67,5.4,cb
TR2607200000582,CL105684,EN00054,trottinette,Lyon,ST1007,ST1016,20/07/2026 13:35,2026-07-20 14:01:09,26,5.88,6.72,
TR2607200000583,CL103787,EN00001,velo_elec,Lyon,ST1009,ST1007,2026-07-20 13:44:54,2026-07-20 13:48:54,4,0.89,2.0,abonnement
TR2607200000584,CL102737,EN00015,velo,Lyon,ST1009,ST1009,2026-07-20 13:45:21,2026-07-20 13:53:21,8,1.97,2.2,cb
TR2607200000585,CL104680,EN00177,velo_elec,Lyon,ST1013,ST1006,2026-07-20 13:43:18,2026-07-20 14:10:18,27,7.18,7.75,paypal
TR2607200000586,CL107898,EN00118,trottinette,Lyon,ST1016,ST1009,2026-07-20 13:38:24,2026-07-20 13:47:24,9,2.77,2.98,cb
TR2607200000587,CL102022,EN00078,velo_elec,Lyon,ST1018,ST1016,2026-07-20 13:34:39,2026-07-20 13:51:39,17,5.73,5.25,cb
TR2607200000588,CL107032,EN00053,trottinette,Lyon,ST1019,ST1006,2026-07-20 13:37:21,2026-07-20 13:41:21,4,1.31,1.88,abonnement
TR2607200000589,CL104794,EN00288,trottinette,Nantes,ST1024,ST1029,1784547179,2026-07-20 13:45:59,13,3.1,3.86,
TR2607200000590,CL100299,EN00264,trottinette,Nantes,ST1027,ST1026,2026-07-20 13:35:43,2026-07-20 13:46:43,11,1.91,3.42,cb
TR2607200000591,CL108015,EN00392,velo_elec,Lille,ST1034,ST1043,20/07/2026 13:41,2026-07-20 13:52:45,11,1.74,3.75,cb
TR2607200000592,CL106072,EN00489,trottinette,Lille,ST1035,ST1036,2026-07-20 13:40:56,,26,7.52,6.72,abonnement
TR2607200000593,CL103240,EN00386,trottinette,Lille,ST1037,ST1034,20/07/2026 13:42,2026-07-20 13:48:11,6,1.77,2.32,paypal
TR2607200000594,CL108234,EN00375,trottinette,Lille,ST1046,ST1034,2026-07-20 13:40:29,20/07/2026 13:51,11,3.58,3.42,paypal
TR2607200000595,CL101414,EN00516,velo_elec,Grenoble,ST1051,ST1055,1784547703,2026-07-20 13:51:43,10,3.22,3.5,paypal
TR2607200000596,CL106783,EN00183,velo_elec,Lyon,ST1001,ST1004,2026-07-20 13:46:59,2026-07-20 13:58:59,12,2.19,4.0,cb
TR2607200000597,CL101606,EN00197,velo_elec,Lyon,ST1003,ST1016,2026-07-20 13:48:37,2026-07-20 13:55:37,7,2.34,,paypal
TR2607200000598,CL106948,EN00107,velo_elec,Lyon,ST1003,ST1014,2026-07-20 13:50:57,1784548917,11,2.35,3.75,abonnement
TR2607200000599,CL101112,EN00018,trottinette,Lyon,ST1011,ST1002,2026-07-20 13:55:15,2026-07-20 14:00:15,5,1.6,2.1,cb
TR2607200000600,CL103418,EN00206,velo_elec,Lyon,ST1014,ST1019,2026-07-20 13:49:41,20/07/2026 14:00,11,2.89,3.75,cb
TR2607200000601,CL102935,EN00129,velo_elec,LYON,ST1017,ST1011,20/07/2026 14:00,2026-07-20 14:17:44,17,4.11,5.25,cb
TR2607200000602,CL107037,EN00240,trottinette,Nantes,ST1020,ST1025,2026-07-20 13:53:08,2026-07-20 14:03:08,10,2.66,3.2,cb
TR2607200000603,CL104924,EN00300,velo_elec,Nantes,ST1024,ST1030,2026-07-20 13:53:27,2026-07-20 13:59:27,6,1.13,2.5,cb
TR2607200000604,CL106759,EN00227,trottinette,Nantes,ST1029,ST1026,2026-07-20 13:53:42,2026-07-20 14:07:42,14,3.36,4.08,
TR2607200000605,CL100110,EN00372,trottinette,Lille,ST1044,ST1037,2026-07-20 13:53:05,2026-07-20 14:02:05,9,2.43,2.98,paypal
TR2607200000606,CL102795,EN00422,velo_elec,Lille,ST1045,ST1038,2026-07-20 13:48:54,2026-07-20 14:05:54,17,4.94,5.25,cb
TR2607200000607,CL101096,EN00514,velo_elec,Grenoble,ST1052,ST1057,2026-07-20 13:49:26,20/07/2026 14:06,-9,3.81,5.25,cb
TR2607200000608,CL107713,EN00552,trottinette,Grenoble,ST1056,ST1049,2026-07-20 13:54:14,2026-07-20 14:10:14,16,2.5,4.52,cb
TR2607200000609,CL107180,EN00566,trottinette,Grenoble,ST1058,ST1056,2026-07-20 13:49:10,2026-07-20 13:52:10,3,1.02,1.66,cb
TR2607200000610,CL101817,EN00220,velo_elec,Lyon,ST1003,ST1005,2026-07-20 14:06:19,2026-07-20 14:16:19,10,3.36,3.5,cb
TR2607200000611,CL101916,EN00053,trottinette,Lyon,ST1006,ST1005,2026-07-20 14:09:41,,4,1.12,1.88,cb
TR2607200000612,CL106718,EN00047,velo_elec,Lyon,ST1010,ST1018,2026-07-20 14:04:15,2026-07-20 14:20:15,16,3.75,5.0,paypal
TR2607200000613,CL104904,EN00338,velo_elec,Nantes,ST1026,ST1033,2026-07-20 14:04:04,20/07/2026 14:15,11,3.52,3.75,cb
TR2607200000614,CL108959,EN00288,trottinette,Nantes,ST1029,ST1023,2026-07-20 14:09:37,2026-07-20 14:26:37,17,2.98,4.74,cb
TR2607200000615,CL108982,EN00392,velo_elec,Lille,ST1043,ST1045,2026-07-20 14:10:13,2026-07-20 14:20:13,10,2.28,3.5,cb
TR2607200000616,CL102746,EN00533,velo_elec,Grenoble,ST1048,ST1057,2026-07-20 14:03:13,2026-07-20 14:13:13,10,3.3,3.5,paypal
TR2607200000617,CL107202,EN00567,velo_elec,GRENOBLE,ST1053,ST1048,2026-07-20 14:13:12,2026-07-20 14:35:12,22,3.63,6.5,abonnement
TR2607200000618,CL103269,EN00001,velo_elec,Lyon,ST1007,ST1015,1784550416,20/07/2026 14:35,9,2.34,3.25,abonnement
TR2607200000619,CL100102,EN00070,trottinette,Lyon,ST1008,ST1015,2026-07-20 14:24:49,2026-07-20 14:39:49,15,4.67,4.3,cb
TR2607200000620,CL103265,EN00358,trottinette,Nantes,ST1020,ST1033,2026-07-20 14:23:50,2026-07-20 14:38:50,15,2.71,4.3,abonnement
TR2607200000621,CL100628,EN00336,velo_elec,Nantes,ST1020,ST1027,2026-07-20 14:26:50,2026-07-20 14:46:50,20,5.53,6.0,abonnement
TR2607200000622,CL102462,EN00244,trottinette,nantes,ST1028,ST1032,1784550311,2026-07-20 14:30:11,5,1.06,2.1,paypal
TR2607200000623,CL100193,EN00307,trottinette,Nantes,ST1029,ST1023,2026-07-20 14:18:05,20/07/2026 14:36,18,2.82,4.96,cb
TR2607200000624,CL100831,EN00357,trottinette,Nantes,ST1029,ST1026,20/07/2026 14:18,2026-07-20 14:26:57,8,2.26,2.76,paypal
TR2607200000625,CL101275,EN00481,velo_elec,Lille,ST1036,ST1043,2026-07-20 14:18:09,2026-07-20 14:28:09,10,2.2,3.5,cb
TR2607200000626,CL106743,EN00412,trottinette,Lille,ST1038,ST1038,2026-07-20 14:25:38,2026-07-20 14:38:38,13,3.21,3.86,cb
TR2607200000627,CL101210,EN00484,velo_elec,Lille,ST1044,ST1046,2026-07-20 14:17:48,2026-07-20 15:06:48,49,9.05,13.25,abonnement
TR2607200000628,CL106460,EN00560,velo_elec,Grenoble,ST1051,ST1048,2026-07-20 14:18:00,2026-07-20 14:59:00,41,14.08,11.25,
TR2607200000629,CL104372,EN00129,velo_elec,Lyonn,ST1011,ST1009,2026-07-20 14:31:49,2026-07-20 14:44:49,13,3.01,4.25,cb
TR2607200000630,CL100568,EN00157,velo_elec,Lyon,ST1014,ST1015,2026-07-20 14:42:17,2026-07-20 14:52:17,10,1.84,3.5,abonnement
TR2607200000631,CL102467,EN00047,velo_elec,LYON,ST1018,ST1004,2026-07-20 14:36:48,1784551608,10,2.68,3.5,abonnement
TR2607200000632,CL100730,EN00267,trottinette,Nantes,ST1020,ST1028,2026-07-20 14:40:26,20/07/2026 15:15,35,9.19,8.7,cb
TR2607200000633,CL102661,EN00347,trottinette,Nantes,ST1022,ST1032,2026-07-20 14:32:45,2026-07-20 15:05:45,33,6.1,8.26,cb
TR2607200000634,CL108050,EN00240,trottinette,Nantes,ST1025,ST1022,2026-07-20 14:35:16,1784552596,28,6.88,7.16,cb
TR2607200000635,CL100432,EN00553,trottinette,Grenoble,ST1051,ST1049,2026-07-20 14:43:57,2026-07-20 15:24:57,41,10.02,10.02,paypal
TR2607200000636,CL105244,EN00572,velo,Grenoble,ST1058,ST1049,2026-07-20 14:32:09,20/07/2026 14:50,18,5.58,3.7,abonnement
TR2607200000637,CL100181,EN00214,trottinette,Lyon,ST1002,ST1017,1784552007,2026-07-20 15:03:27,10,3.15,3.2,cb
TR2607200000638,CL100169,EN00018,trottinette,Lyon,ST1002,ST1018,2026-07-20 14:58:00,2026-07-20 15:07:00,9,2.82,2.98,cb
TR2607200000639,CL105470,EN00053,trottinette,Lyon,ST1005,ST1002,2026-07-20 14:51:26,2026-07-20 15:19:26,28,6.99,7.16,cb
TR2607200000640,CL104940,EN00001,velo_elec,lyon,ST1015,ST1012,2026-07-20 14:49:12,1784552772,17,2.81,5.25,abonnement
TR2607200000641,CL100912,EN00197,velo_elec,Lyon,ST1016,ST1015,2026-07-20 14:59:04,20/07/2026 15:07,8,1.28,3.0,cb
TR2607200000642,CL100041,EN00482,velo_elec,Lille,ST1038,ST1045,2026-07-20 14:55:15,2026-07-20 14:59:15,4,0.62,2.0,abonnement
TR2607200000643,CL108652,EN00483,trottinette,Lille,ST1042,ST1041,2026-07-20 14:57:09,2026-07-20 15:03:09,6,1.15,2.32,cb
TR2607200000644,CL107638,EN00481,velo_elec,Lille,ST1043,ST1041,2026-07-20 14:56:50,20/07/2026 15:08,12,3.89,4.0,cb
TR2607200000645,CL100459,EN00009,velo_elec,Lyon,ST1001,ST1006,2026-07-20 15:02:51,2026-07-20 15:07:51,5,1.51,2.25,cb
TR2607200000646,CL104414,EN00178,velo_elec,Lyon,ST1001,ST1011,20/07/2026 15:10,2026-07-20 15:32:10,22,6.82,6.5,abonnement
TR2607200000647,CL101666,EN00220,velo_elec,Lyon,ST1005,ST1016,2026-07-20 15:09:04,20/07/2026 15:20,11,3.5,3.75,abonnement
TR2607200000648,CL107663,EN00092,trottinette,Lyon,ST1018,ST1016,2026-07-20 15:06:15,2026-07-20 15:20:15,14,2.56,4.08,abonnement
TR2607200000649,CL100975,EN00354,velo_elec,Nantes,ST1022,ST1028,2026-07-20 15:11:36,2026-07-20 15:15:36,4,1.23,2.0,cb
TR2607200000650,CL101742,EN00305,velo_elec,Nantes,ST1030,ST1029,2026-07-20 15:15:01,2026-07-20 15:26:01,11,3.16,3.75,cb
TR2607200000651,CL103296,EN00358,trottinette,Nantes,ST1033,ST1021,20/07/2026 15:13,20/07/2026 15:31,18,3.8,4.96,abonnement
TR2607200000652,CL103865,EN00386,trottinette,Lille,ST1034,ST1035,1784553323,20/07/2026 15:21,6,2.07,2.32,cb
TR2607200000653,CL103743,EN00412,trottinette,Lille,ST1038,ST1036,2026-07-20 15:09:05,2026-07-20 15:18:05,9,2.86,2.98,
TR2607200000654,CL103691,EN00452,velo,Lille,ST1046,ST1040,1784553302,2026-07-20 15:36:02,21,4.0,4.15,paypal
TR2607200000655,CL102694,EN00581,velo,Grenoble,ST1052,ST1050,,20/07/2026 15:21,13,2.28,2.95,paypal
TR2607200000656,CL102136,EN00028,trottinette,Lyon,ST1001,ST1009,2026-07-20 15:17:03,2026-07-20 15:35:03,18,3.42,4.96,abonnement
TR2607200000657,CL104712,EN00207,velo_elec,Lyon,ST1004,ST1016,2026-07-20 15:16:16,20/07/2026 15:19,3,0.88,1.75,cb
TR2607200000658,CL101720,EN00009,velo_elec,LYON,ST1006,ST1001,2026-07-20 15:23:47,2026-07-20 15:27:47,4,1.03,2.0,cb
TR2607200000659,CL103657,EN00157,velo_elec,Lyon,ST1015,ST1013,2026-07-20 15:27:59,20/07/2026 15:42,15,3.78,4.75,abonnement
TR2607200000660,CL104991,EN00303,velo_elec,Nantes,ST1020,ST1027,,2026-07-20 15:30:35,7,1.57,2.75,abonnement
TR2607200000661,CL105177,EN00225,velo_elec,Nantes,ST1021,ST1029,2026-07-20 15:27:37,2026-07-20 15:37:37,10,1.54,3.5,abonnement
TR2607200000662,CL104584,EN00222,velo_elec,Nantes,ST1021,ST1030,2026-07-20 15:18:34,2026-07-20 15:41:34,23,7.65,6.75,abonnement
TR2607200000663,CL106840,EN00321,velo_elec,Nantes,ST1029,ST1022,2026-07-20 15:23:47,2026-07-20 15:27:47,4,0.97,2.0,abonnement
TR2607200000664,CL105065,EN00315,velo_elec,Nantes,ST1031,ST1028,2026-07-20 15:21:08,2026-07-20 15:25:08,4,0.84,2.0,abonnement
TR2607200000665,CL107010,EN00256,velo_elec,Nantes,ST1032,ST1030,2026-07-20 15:29:02,2026-07-20 15:44:02,15,4.57,4.75,abonnement
TR2607200000666,CL108615,EN00289,trottinette,Nantes,ST1032,ST1029,20/07/2026 15:25,2026-07-20 15:33:35,8,2.69,2.76,cb
TR2607200000667,CL108234,EN00481,velo_elec,Lille,ST1041,ST1034,2026-07-20 15:22:05,2026-07-20 15:30:05,8,2.42,3.0,cb
TR2607200000668,CL106221,EN00404,trottinette,Lille,ST1042,ST1045,2026-07-20 15:20:57,2026-07-20 15:30:57,10,2.44,3.2,cb
TR2607200000669,CL107740,EN00533,velo_elec,Grenoble,ST1057,ST1053,2026-07-20 15:16:31,1784553871,8,1.64,3.0,paypal
TR2607200000670,CL103680,EN00050,velo_elec,Lyon ,ST1002,ST1006,2026-07-20 15:38:17,2026-07-20 15:48:17,10,2.73,3.5,
TR2607200000671,CL103410,EN00052,trottinette,Lyon,ST1002,ST1002,20/07/2026 15:32,2026-07-20 15:44:09,12,3.32,3.64,cb
TR2607200000672,CL101264,EN00194,velo_elec,Lyon,ST1009,ST1019,2026-07-20 15:37:33,2026-07-20 15:49:33,12,2.05,4.0,abonnement
TR2607200000673,CL107458,EN00030,trottinette,Lyon,ST1010,ST1014,2026-07-20 15:35:26,1784555486,16,4.84,4.52,abonnement
TR2607200000674,CL106257,EN00237,velo_elec,Nantes,ST1020,ST1032,1784554242,2026-07-20 15:36:42,6,1.76,2.5,abonnement
TR2607200000675,CL102316,EN00415,trottinette,Lille,ST1038,ST1041,2026-07-20 15:36:06,2026-07-20 15:55:06,19,4.74,5.18,abonnement
TR2607200000676,CL105793,EN00379,velo_elec,Lille,ST1039,ST1043,2026-07-20 15:31:38,2026-07-20 15:36:38,5,1.25,2.25,paypal
TR2607200000677,CL102228,EN00388,velo_elec,Lille,ST1047,ST1046,2026-07-20 15:35:07,20/07/2026 16:09,34,10.47,9.5,paypal
TR2607200000678,CL106461,EN00581,velo,Grenoble,ST1050,ST1048,2026-07-20 15:31:33,2026-07-20 15:34:33,3,0.55,1.45,cb
TR2607200000679,CL108321,EN00006,trottinette,Lyon,ST1002,ST1012,2026-07-20 15:51:22,2026-07-20 16:10:22,19,6.47,5.18,cb
TR2607200000680,CL106302,EN00154,trottinette,Lyon,ST1005,ST1006,2026-07-20 15:56:38,2026-07-20 16:06:38,10,2.63,3.2,cb
TR2607200000681,CL102387,EN00177,velo_elec,Lyon,ST1006,ST1011,2026-07-20 15:59:43,2026-07-20 16:16:43,17,5.61,5.25,abonnement
TR2607200000682,CL107979,EN00057,velo_elec,Lyon,ST1008,ST1007,2026-07-20 15:47:44,2026-07-20 15:54:44,7,1.28,2.75,paypal
TR2607200000683,CL102816,EN00178,velo_elec,lyon,ST1011,ST1013,20/07/2026 15:46,,13,3.03,4.25,cb
TR2607200000684,CL108122,EN00157,velo_elec,Lyon,ST1013,ST1007,2026-07-20 16:00:52,2026-07-20 16:09:52,9,3.12,3.25,cb
TR2607200000685,CL105047,EN00248,trottinette,Nantes,ST1031,ST1022,2026-07-20 15:54:02,1784556362,12,3.2,3.64,abonnement
TR2607200000686,CL108332,EN00338,velo_elec,Nantes,ST1033,ST1031,20/07/2026 15:57,2026-07-20 16:05:14,8,2.6,3.0,cb
TR2607200000687,CL103206,EN00379,velo_elec,Lille,ST1043,ST1047,2026-07-20 15:59:59,20/07/2026 16:10,11,2.75,3.75,paypal
TR2607200000688,CL106992,EN00381,trottinette,Lille,ST1044,ST1042,2026-07-20 15:55:30,2026-07-20 16:24:30,29,7.61,7.38,cb
TR2607200000689,CL101749,EN00526,velo_elec,Grenoble,ST1051,ST1054,2026-07-20 15:51:55,20/07/2026 16:15,24,5.25,7.0,cb
TR2607200000690,CL105826,EN00563,trottinette,Grenoble,ST1057,ST1057,20/07/2026 15:46,2026-07-20 16:11:56,25,5.38,6.5,cb
TR2607200000691,CL104889,EN00122,trottinette,Lyon,ST1002,ST1014,2026-07-20 16:12:03,2026-07-20 16:24:03,12,2.04,3.64,abonnement
TR2607200000692,CL106898,EN00050,velo_elec,Lyon ,ST1006,ST1015,2026-07-20 16:12:45,2026-07-20 16:21:45,9,2.53,3.25,cb
TR2607200000693,CL104190,EN00071,velo_elec,Lyon,ST1007,ST1018,2026-07-20 16:10:30,2026-07-20 16:36:30,26,6.88,7.5,cb
TR2607200000694,CL107147,EN00288,trottinette,Nantes,ST1023,ST1020,2026-07-20 16:09:35,2026-07-20 16:11:35,2,0.33,1.44,cb
TR2607200000695,CL937905,EN00307,trottinette,Nantes,ST1023,ST1025,2026-07-20 16:01:45,2026-07-20 16:08:45,7,1.57,2.54,cb
TR2607200000696,CL104203,EN00227,trottinette,Nantes,ST1026,ST1029,1784556738,2026-07-20 16:20:18,8,2.58,2.76,cb
TR2607200000697,CL105246,EN00264,trottinette,Nantes,ST1026,ST1028,2026-07-20 16:01:17,20/07/2026 16:24,23,3.98,6.06,cb
TR2607200000698,CL107234,EN00439,velo_elec,Lille,ST1034,ST1035,2026-07-20 16:13:55,1784557195,6,1.28,2.5,paypal
TR2607200000699,CL108277,EN00444,trottinette,Lille,ST1039,ST1046,2026-07-20 16:10:43,2026-07-20 16:22:43,12,3.62,3.64,paypal
TR2607200000700,CL101031,EN00515,trottinette,Grenoble,ST1054,ST1058,2026-07-20 16:08:41,2026-07-20 16:25:41,17,5.68,4.74,cb
TR2607200000701,CL100094,EN00153,velo_elec,LYON,ST1001,ST1009,2026-07-20 16:21:15,2026-07-20 17:02:15,41,7.61,11.25,abonnement
TR2607200000702,CL106475,EN00144,trottinette,Lyon,ST1003,ST1005,2026-07-20 16:30:24,2026-07-20 16:41:24,11,3.03,3.42,cb
TR2607200000703,CL108857,EN00130,velo_elec,Lyon,ST1004,ST1012,2026-07-20 16:25:03,2026-07-20 16:29:03,4,0.92,2.0,cb
TR2607200000704,CL103683,EN00014,velo_elec,Lyon,ST1004,ST1013,1784557488,2026-07-20 16:33:48,9,2.58,3.25,abonnement
TR2607200000705,CL105785,EN00154,trottinette,Lyon,ST1006,ST1010,20/07/2026 16:25,20/07/2026 16:31,6,1.49,2.32,abonnement
TR2607200000706,CL102445,EN00184,velo_elec,Lyon,ST1008,ST1001,2026-07-20 16:29:13,20/07/2026 16:32,3,0.5,1.75,cb
TR2607200000707,CL105982,EN00207,velo_elec,Lyon,ST1016,ST1007,2026-07-20 16:16:47,20/07/2026 16:26,10,1.7,3.5,cb
TR2607200000708,CL103085,EN00265,trottinette,Nantes,ST1020,ST1031,2026-07-20 16:21:25,2026-07-20 16:28:25,7,1.08,2.54,cb
TR2607200000709,CL104163,EN00325,trottinette,Nantes,ST1022,ST1025,20/07/2026 16:27,2026-07-20 16:45:24,18,3.92,4.96,cb
TR2607200000710,CL100343,EN00341,velo_elec,Nantes,ST1026,ST1026,2026-07-20 16:28:14,2026-07-20 16:38:14,10,2.36,3.5,abonnement
TR2607200000711,CL105831,EN00237,velo_elec,Nantes,ST1032,ST1027,20/07/2026 16:26,2026-07-20 16:49:33,23,5.53,6.75,cb
TR2607200000712,CL101675,EN00453,trottinette,Lille,ST1040,ST1037,2026-07-20 16:18:42,2026-07-20 16:30:42,12,3.13,,
TR2607200000713,CL108827,EN00483,trottinette,Lille,ST1041,ST1047,20/07/2026 16:29,2026-07-20 16:40:25,11,1.83,3.42,paypal
TR2607200000714,CL105396,EN00449,trottinette,Lille,ST1044,ST1043,,2026-07-20 16:39:40,23,6.61,6.06,cb
TR2607200000715,CL107674,EN00512,velo_elec,Grenoble,ST1055,ST1051,2026-07-20 16:24:53,2026-07-20 16:39:53,15,4.89,4.75,cb
TR2607200000716,CL107075,EN00009,velo_elec,Lyon,ST1001,ST1017,20/07/2026 16:42,2026-07-20 17:02:48,20,5.85,6.0,cb
TR2607200000717,CL107487,EN00094,velo_elec,Lyon,ST1002,ST1012,1784558254,2026-07-20 16:59:34,22,3.92,6.5,cb
TR2607200000718,CL107733,EN00146,trottinette,Lyon,ST1002,ST1007,2026-07-20 16:45:17,2026-07-20 17:03:17,18,5.56,4.96,abonnement
TR2607200000719,CL107976,EN00139,velo_elec,Lyon,ST1004,ST1019,2026-07-20 16:32:42,2026-07-20 16:49:42,17,4.58,5.25,cb
TR2607200000720,CL106143,EN00207,velo_elec,Lyon,ST1007,ST1013,2026-07-20 16:45:13,20/07/2026 16:51,6,1.77,2.5,cb
TR2607200000721,CL105096,EN00130,velo_elec,Lyon,ST1012,ST1003,20/07/2026 16:38,2026-07-20 16:44:14,6,1.05,2.5,cb
TR2607200000722,CL107275,EN00210,trottinette,Lyon,ST1013,ST1004,2026-07-20 16:36:10,2026-07-20 16:55:10,19,3.4,5.18,cb
TR2607200000723,CL101498,EN00294,velo_elec,Nantes,ST1020,ST1020,2026-07-20 16:37:48,2026-07-20 17:04:48,27,6.46,7.75,cb
TR2607200000724,CL103851,EN00300,velo_elec,Nantes,ST1030,ST1021,20/07/2026 16:33,2026-07-20 16:45:33,12,3.95,4.0,abonnement
TR2607200000725,CL102322,EN00462,velo_elec,Lille,ST1035,ST1044,2026-07-20 16:33:46,2026-07-20 16:41:46,8,2.55,3.0,abonnement
TR2607200000726,CL104854,EN00440,trottinette,lille,ST1036,ST1045,2026-07-20 16:34:50,2026-07-20 16:47:50,13,3.86,3.86,cb
TR2607200000727,CL104655,EN00438,trottinette,Lille,ST1040,ST1038,2026-07-20 16:38:26,,5,1.05,2.1,cb
TR2607200000728,CL104968,EN00553,trottinette,Grenoble,ST1049,ST1054,2026-07-20 16:35:28,2026-07-20 16:42:28,7,2.09,2.54,abonnement
TR2607200000729,CL100851,EN00214,trottinette,Lyon,ST1017,ST1007,20/07/2026 16:51,2026-07-20 17:03:09,12,3.62,3.64,paypal
TR2607200000730,CL103522,EN00349,velo_elec,Nantes,ST1021,ST1023,2026-07-20 16:52:32,2026-07-20 17:01:32,9,2.14,3.25,abonnement
TR2607200000731,CL108227,EN00281,velo_elec,Nantes,ST1022,ST1030,2026-07-20 17:01:22,1784561362,28,5.86,8.0,paypal
TR2607200000732,CL107144,EN00247,trottinette,Nantes,ST1024,ST1033,2026-07-20 16:54:33,2026-07-20 17:13:33,19,5.18,5.18,abonnement
TR2607200000733,CL104437,EN00222,velo_elec,Nantes,ST1030,ST1024,2026-07-20 16:48:49,2026-07-20 16:54:49,6,1.87,2.5,abonnement
TR2607200000734,CL100381,EN00416,trottinette,Lille,ST1034,ST1043,20/07/2026 16:51,2026-07-20 17:08:39,17,5.47,4.74,abonnement
TR2607200000735,CL105320,EN00383,trottinette,Lille,ST1034,ST1045,2026-07-20 16:46:27,20/07/2026 16:57,11,1.72,3.42,paypal
TR2607200000736,CL105218,EN00391,velo_elec,Lille,ST1036,ST1040,2026-07-20 16:58:27,2026-07-20 17:14:27,16,2.68,5.0,paypal
TR2607200000737,CL108973,EN00453,trottinette,Lille,ST1037,ST1040,2026-07-20 16:56:21,2026-07-20 17:20:21,24,7.85,6.28,abonnement
TR2607200000738,CL105239,EN00392,velo_elec,Lille,ST1045,ST1047,2026-07-20 16:49:58,20/07/2026 16:58,9,2.81,3.25,cb
TR2607200000739,CL107073,EN00516,velo_elec,Grenoble,ST1055,ST1055,2026-07-20 16:56:20,2026-07-20 17:30:20,34,11.23,9.5,abonnement
TR2607200000740,CL103673,EN00087,trottinette,Lyon,ST1002,ST1009,2026-07-20 17:03:13,20/07/2026 17:14,11,2.18,3.42,cb
TR2607200000741,CL100913,EN00031,velo_elec,Lyon,ST1002,ST1016,2026-07-20 17:03:29,2026-07-20 17:15:29,12,3.41,4.0,cb
TR2607200000742,CL108352,EN00063,velo_elec,Lyon,ST1002,ST1005,2026-07-20 17:12:31,2026-07-20 17:24:31,12,2.08,4.0,abonnement
TR2607200000743,CL101197,EN00058,velo_elec,Lyon,ST1002,ST1019,2026-07-20 17:10:21,2026-07-20 17:14:21,4,1.24,2.0,paypal
TR2607200000744,CL106625,EN00100,velo_elec,Lyon ,ST1002,ST1009,,2026-07-20 17:11:30,10,3.22,3.5,abonnement
TR2607200000745,CL100826,EN00158,velo_elec,Lyon,ST1003,ST1017,1784559739,2026-07-20 17:16:19,14,2.57,4.5,cb
TR2607200000746,CL101288,EN00029,velo_elec,Lyon,ST1004,ST1008,20/07/2026 17:06,2026-07-20 17:33:03,27,7.03,7.75,paypal
TR2607200000747,CL104825,EN00144,trottinette,Lyon,ST1005,ST1014,20/07/2026 17:08,20/07/2026 17:17,9,1.69,2.98,abonnement
TR2607200000748,CL101620,EN00177,velo_elec,Lyon,ST1011,ST1008,2026-07-20 17:13:57,2026-07-20 17:30:57,17,3.93,5.25,abonnement
TR2607200000749,CL103382,EN00094,velo_elec,lyon,ST1012,ST1016,2026-07-20 17:06:46,2026-07-20 17:17:46,11,3.61,3.75,cb
TR2607200000750,CL102321,EN00280,trottinette,Nantes,ST1020,ST1024,20/07/2026 17:09,,14,2.62,4.08,paypal
TR2607200000751,CL104396,EN00229,trottinette,Nantes,ST1022,ST1027,2026-07-20 17:04:49,2026-07-20 17:09:49,5,1.37,2.1,abonnement
TR2607200000752,CL104767,EN00222,velo_elec,Nantes,ST1024,ST1024,2026-07-20 17:03:33,1784560473,11,2.53,3.75,cb
TR2607200000753,CL101332,EN00325,trottinette,Nantes,ST1025,ST1020,2026-07-20 17:01:56,2026-07-20 17:17:56,16,5.34,4.52,cb
TR2607200000754,CL104641,EN00402,trottinette,Lille,ST1036,ST1041,2026-07-20 17:03:09,2026-07-20 17:08:09,5,1.15,2.1,
TR2607200000755,CL105747,EN00533,velo_elec,Grenoble,ST1053,ST1057,20/07/2026 17:04,2026-07-20 17:11:09,7,2.11,2.75,cb
TR2607200000756,CL101019,EN00515,trottinette,Grenoble,ST1058,ST9182,20/07/2026 17:14,2026-07-20 17:31:07,17,4.45,4.74,abonnement
TR2607200000757,CL107452,EN00013,velo_elec,Lyon,ST1002,ST1009,2026-07-20 17:23:10,2026-07-20 17:56:10,33,9.31,9.25,
TR2607200000758,CL104538,EN00152,velo_elec,Lyon,ST1003,ST1007,2026-07-20 17:23:48,20/07/2026 17:28,5,1.34,2.25,
TR2607200000759,CL103060,EN00183,velo_elec,Lyon ,ST1004,ST1002,2026-07-20 17:22:09,2026-07-20 17:37:09,15,4.26,4.75,cb
TR2607200000760,CL103125,EN00113,velo_elec,Lyon,ST1004,ST1012,2026-07-20 17:28:05,2026-07-20 17:47:05,19,4.44,5.75,cb
TR2607200000761,CL108282,EN00134,velo,Lyon,ST1011,ST1001,2026-07-20 17:26:22,20/07/2026 17:47,21,7.03,4.15,abonnement
TR2607200000762,CL106193,EN00006,trottinette,Lyon,ST1012,ST1010,2026-07-20 17:27:07,1784561587,6,1.11,2.32,abonnement
TR2607200000763,CL105605,EN00001,velo_elec,Lyon,ST1012,ST1011,2026-07-20 17:28:27,2026-07-20 17:50:27,22,4.54,6.5,cb
TR2607200000764,CL101801,EN00158,velo_elec,Lyon,ST1017,ST1012,2026-07-20 17:29:10,2026-07-20 17:38:10,9,1.6,3.25,cb
TR2607200000765,CL104582,EN00018,trottinette,Lyon ,ST1018,ST1015,20/07/2026 17:22,2026-07-20 17:29:06,7,1.63,2.54,cb
TR2607200000766,CL106286,EN00097,velo_elec,Lyon,ST1019,ST1003,2026-07-20 17:17:39,2026-07-20 17:22:39,5,0.92,2.25,abonnement
TR2607200000767,CL108312,EN00206,velo_elec,Lyon,ST1019,ST1014,2026-07-20 17:21:09,2026-07-20 17:29:09,8,2.29,3.0,abonnement
TR2607200000768,CL102857,EN00327,velo_elec,Nantes,ST1020,ST1031,2026-07-20 17:30:45,2026-07-20 17:45:45,15,2.37,4.75,abonnement
TR2607200000769,CL101953,EN00235,trottinette,Nantes,ST1022,ST1023,2026-07-20 17:25:42,2026-07-20 17:53:42,28,7.98,7.16,cb
TR2607200000770,CL108404,EN00258,trottinette,Nantes,ST1022,ST1023,1784560668,2026-07-20 17:27:48,10,2.16,3.2,abonnement
TR2607200000771,CL105205,EN00254,velo_elec,Nantes,ST1022,ST1023,2026-07-20 17:29:07,,14,2.36,4.5,cb
TR2607200000772,CL106257,EN00349,velo_elec,Nantes,ST1023,ST1032,2026-07-20 17:24:50,2026-07-20 17:31:50,7,1.68,2.75,abonnement
TR2607200000773,CL105952,EN00304,velo_elec,Nantes,ST1030,ST1032,2026-07-20 17:29:44,2026-07-20 17:43:44,14,4.78,4.5,paypal
TR2607200000774,CL103158,EN00256,velo_elec,Nantes,ST1030,ST1029,2026-07-20 17:18:09,2026-07-20 17:24:09,6,1.84,2.5,cb
TR2607200000775,CL105317,EN00467,velo_elec,LILLE,ST1034,ST1039,2026-07-20 17:26:46,2026-07-20 17:37:46,11,2.18,3.75,abonnement
TR2607200000776,CL102191,EN00365,velo_elec,Lille,ST1034,ST1035,2026-07-20 17:25:14,1784561354,8467,0.72,2.0,cb
TR2607200000777,CL105550,EN00470,trottinette,Lille,ST1035,ST1039,2026-07-20 17:22:55,2026-07-20 17:35:55,13,3.23,3.86,cb
TR2607200000778,CL106780,EN00440,trottinette,Lille,ST1045,ST1044,2026-07-20 17:16:08,2026-07-20 17:23:08,7,1.44,2.54,paypal
TR2607200000779,CL106610,EN00444,trottinette,Lille,ST1046,ST1042,2026-07-20 17:30:24,2026-07-20 17:34:24,4,1.09,1.88,paypal
TR2607200000780,CL107031,EN00392,velo_elec, Lille,ST1047,ST1036,2026-07-20 17:18:09,2026-07-20 17:26:09,8,2.43,3.0,cb
TR2607200000781,CL107224,EN00588,velo_elec,Grenoble,ST1049,ST1058,2026-07-20 17:17:49,2026-07-20 17:21:49,4,1.16,2.0,cb
TR2607200000782,CL106238,EN00505,velo,Grenoble,ST1052,ST1052,,2026-07-20 17:45:13,14,3.84,3.1,paypal
TR2607200000783,CL104934,EN00553,trottinette,Grenoble,ST1054,ST1057,2026-07-20 17:30:36,2026-07-20 17:45:36,15,2.89,4.3,paypal
TR2607200000784,CL106527,EN00566,trottinette,Grenoble,ST1056,ST1053,1784560840,20/07/2026 17:36,16,2.88,4.52,cb
TR2607200000785,CL107644,EN00003,velo_elec,Lyon,ST1001,ST1019,1784562168,2026-07-20 17:52:48,10,1.89,3.5,cb
TR2607200000786,CL101799,EN00025,velo_elec,Lyon,ST1001,ST1015,2026-07-20 17:42:30,2026-07-20 17:59:30,17,4.49,5.25,abonnement
TR2607200000787,CL105858,EN00052,trottinette,Lyon,ST1002,ST1012,2026-07-20 17:42:50,2026-07-20 18:02:50,20,4.47,5.4,cb
TR2607200000788,CL100387,EN00130,velo_elec,Lyon,ST1003,ST1015,2026-07-20 17:30:58,2026-07-20 17:37:58,7,2.21,2.75,abonnement
TR2607200000789,CL104701,EN00216,velo_elec,Lyon,ST1003,ST1003,2026-07-20 17:36:45,20/07/2026 18:10,34,6.02,9.5,abonnement
TR2607200000790,CL101707,EN00199,velo_elec,Lyon,ST1003,ST1019,2026-07-20 17:38:27,2026-07-20 17:56:27,18,3.37,5.5,cb
TR2607200000791,CL106783,EN00063,velo_elec,Lyon,ST1005,ST1007,1784561617,2026-07-20 17:47:37,14,4.6,4.5,cb
TR2607200000792,CL100649,EN00105,velo_elec,Lyon,ST1010,ST1007,2026-07-20 17:33:42,2026-07-20 17:41:42,8,1.23,3.0,cb
TR2607200000793,CL104569,EN00122,trottinette,Lyon,ST1014,ST1017,2026-07-20 17:44:50,2026-07-20 17:50:50,6,1.15,2.32,abonnement
TR2607200000794,CL101168,EN00018,trottinette,Lyon,ST1015,ST1010,2026-07-20 17:37:21,2026-07-20 17:46:21,9,2.54,2.98,abonnement
TR2607200000795,CL108149,EN00071,velo_elec,Lyon,ST1018,ST1008,1784561725,2026-07-20 17:42:25,7,1.29,2.75,cb
TR2607200000796,CL108445,EN00318,velo_elec,Nantes,ST1020,ST1029,2026-07-20 17:43:58,2026-07-20 17:48:58,5,1.36,2.25,cb
TR2607200000797,CL101613,EN00261,trottinette,nantes,ST1021,ST1033,2026-07-20 17:35:14,2026-07-20 17:41:14,6,1.64,2.32,abonnement
TR2607200000798,CL105777,EN00300,velo_elec,Nantes,ST1021,ST1024,2026-07-20 17:34:04,2026-07-20 17:41:04,7,1.14,2.75,abonnement
TR2607200000799,CL104580,EN00249,velo_elec,Nantes,ST1021,ST1031,2026-07-20 17:43:02,2026-07-20 17:59:02,16,3.09,5.0,cb
TR2607200000800,CL107190,EN00285,trottinette,Nantes,ST1022,ST1033,2026-07-20 17:44:50,2026-07-20 18:02:50,18,2.84,4.96,cb
TR2607200000801,CL108183,EN00286,velo_elec,Nantes,ST1022,ST1030,20/07/2026 17:34,2026-07-20 17:40:42,6,1.46,2.5,abonnement
TR2607200000802,CL106506,EN00258,trottinette,Nantes,ST1023,ST1021,,2026-07-20 17:46:31,10,3.11,3.2,cb
TR2607200000803,CL100916,EN00222,velo_elec,Nantes,ST1024,ST1024,2026-07-20 17:31:18,2026-07-20 17:39:18,8,1.74,3.0,abonnement
TR2607200000804,CL108346,EN00336,velo_elec,Nantes,ST1027,ST1026,2026-07-20 17:42:58,1784562778,10,2.8,3.5,paypal
TR2607200000805,CL102030,EN00473,trottinette,Lille,ST1034,ST1040,2026-07-20 17:41:21,2026-07-20 17:53:21,12,3.52,3.64,paypal
TR2607200000806,CL101791,EN00386,trottinette,Lille,ST1035,ST1044,20/07/2026 17:33,2026-07-20 18:03:23,30,9.95,7.6,paypal
TR2607200000807,CL101730,EN00438,trottinette,Lille,ST1038,ST1047,1784561530,1784562070,9,1.97,2.98,abonnement
TR2607200000808,CL102946,EN00424,velo_elec,Lille,ST1042,ST1046,2026-07-20 17:41:43,2026-07-20 17:47:43,6,0.96,2.5,cb
TR2607200000809,CL103476,EN00381,trottinette,Lille,ST1042,ST1043,2026-07-20 17:40:28,2026-07-20 17:53:28,13,2.16,3.86,paypal
TR2607200000810,CL102453,EN00462,velo_elec,Lille,ST1044,ST1046,2026-07-20 17:42:05,2026-07-20 17:47:05,5,1.27,2.25,cb
TR2607200000811,CL105671,EN00518,trottinette,Grenoble,ST1049,ST1057,2026-07-20 17:36:34,2026-07-20 17:44:34,8,2.6,2.76,cb
TR2607200000812,CL100111,EN00515,trottinette,Grenoble,ST1050,ST1049,2026-07-20 17:44:36,2026-07-20 17:56:36,12,2.96,3.64,cb
TR2607200000813,CL103359,EN00536,velo_elec,Grenoble,ST1053,ST1049,2026-07-20 17:44:57,2026-07-20 17:54:57,10,1.66,3.5,abonnement
TR2607200000814,CL107231,EN00181,velo_elec,Lyon,ST1001,ST1016,20/07/2026 17:52,2026-07-20 17:59:38,7,1.42,2.75,cb
TR2607200000815,CL105499,EN00203,trottinette,Lyon,ST1001,ST1016,1784562710,2026-07-20 18:04:50,13,3.52,3.86,cb
TR2607200000816,CL100242,EN00185,trottinette,Lyon,ST1001,ST1005,2026-07-20 17:49:49,2026-07-20 18:06:49,17,4.75,4.74,cb
TR2607200000817,CL105238,EN00084,velo_elec,Lyon,ST1001,ST1017,2026-07-20 17:48:59,2026-07-20 18:05:59,17,5.05,5.25,cb
TR2607200000818,CL107160,EN00183,velo_elec,Lyon,ST1002,ST1012,2026-07-20 17:50:51,2026-07-20 17:57:51,7,2.44,2.75,paypal
TR2607200000819,CL101274,EN00024,velo_elec,Lyon,ST1002,ST1007,2026-07-20 17:58:34,2026-07-20 18:09:34,11,2.2,3.75,abonnement
TR2607200000820,CL100782,EN00033,trottinette,Lyon,ST1004,ST1011,2026-07-20 17:57:27,2026-07-20 18:13:27,16,5.05,4.52,cb
TR2607200000821,CL104433,EN00081,velo_elec,Lyon,ST1004,ST1006,2026-07-20 17:46:48,2026-07-20 18:08:48,22,4.4,6.5,cb
TR2607200000822,CL101840,EN00018,trottinette,Lyon,ST1010,ST1011,2026-07-20 17:54:41,2026-07-20 18:07:41,13,2.79,3.86,abonnement
TR2607200000823,CL105358,EN00207,velo_elec,Lyon,ST1013,ST1002,2026-07-20 17:46:56,2026-07-20 17:53:56,7,1.26,2.75,cb
TR2607200000824,CL100965,EN00009,velo_elec,Lyon,ST1017,ST1012,2026-07-20 17:59:42,2026-07-20 18:10:42,11,3.76,3.75,paypal
TR2607200000825,CL108335,EN00224,velo_elec,Nantes,ST1020,ST1025,2026-07-20 17:55:24,2026-07-20 18:18:24,23,6.35,6.75,cb
TR2607200000826,CL102008,EN00226,velo_elec,Nantes,ST1021,ST1025,,20/07/2026 18:06,17,3.71,5.25,abonnement
TR2607200000827,CL102818,EN00254,velo_elec,Nantes,ST1023,ST1025,2026-07-20 17:52:47,2026-07-20 18:07:47,15,3.35,4.75,abonnement
TR2607200000828,CL108744,EN00300,velo_elec,nantes,ST1024,ST1032,,2026-07-20 17:55:07,7,2.21,2.75,
TR2607200000829,CL105952,EN00341,velo_elec,Nantes,ST1026,ST1032,2026-07-20 17:51:15,2026-07-20 17:57:15,6,1.15,2.5,cb
TR2607200000830,CL101576,EN00225,velo_elec,Nantes,ST1029,ST1028,2026-07-20 17:46:05,2026-07-20 17:52:05,6,1.23,2.5,abonnement
TR2607200000831,CL101263,EN00263,trottinette,Nantes,ST1030,ST1022,2026-07-20 17:58:46,2026-07-20 18:15:46,17,3.12,4.74,paypal
TR2607200000832,CL104431,EN00450,trottinette,LILLE,ST1034,ST1043,2026-07-20 17:54:47,2026-07-20 18:08:47,14,4.05,4.08,cb
TR2607200000833,CL103967,EN00399,trottinette,Lille,ST1036,ST1040,2026-07-20 17:55:57,20/07/2026 18:01,6,1.63,2.32,abonnement
TR2607200000834,CL102978,EN00467,velo_elec,Lille,ST1039,ST1047,20/07/2026 17:55,2026-07-20 18:01:49,6,1.36,2.5,abonnement
TR2607200000835,CL102164,EN00416,trottinette,Lille,ST1043,ST1040,2026-07-20 17:48:52,20/07/2026 18:07,19,5.59,5.18,cb
TR2607200000836,CL101310,EN00541,velo_elec,Grenoble,ST1049,ST1052,,2026-07-20 18:05:57,19,3.9,5.75,abonnement
TR2607200000837,CL107024,EN00586,velo,Grenoble,ST1056,ST1053,2026-07-20 17:57:33,20/07/2026 18:02,5,1.75,1.75,cb
TR2607200000838,CL103288,EN00514,velo_elec,Grenoble,ST1057,ST1055,2026-07-20 17:59:36,2026-07-20 18:23:36,24,5.57,7.0,abonnement
TR2607200000839,CL100736,EN00127,trottinette,Lyon,ST1001,ST1015,1784564009,20/07/2026 18:35,22,3.37,5.84,cb
TR2607200000840,CL107815,EN00207,velo_elec,Lyon,ST1002,ST1008,2026-07-20 18:04:01,1784563621,3,0.71,1.75,cb
TR2607200000841,CL103146,EN00201,velo_elec,Lyon,ST1002,ST1008,,2026-07-20 18:13:20,7,2.27,2.75,abonnement
TR2607200000842,CL105266,EN00011,velo_elec,Lyon,ST1002,ST1001,,1784564970,17,5.41,5.25,cb
TR2607200000843,CL103570,EN00075,trottinette,Lyon,ST1003,ST1018,20/07/2026 18:13,2026-07-20 18:31:06,18,5.0,4.96,cb
TR2607200000844,CL102832,EN00175,trottinette,Lyon,ST1004,ST1019,2026-07-20 18:09:20,20/07/2026 18:15,6,1.26,2.32,abonnement
TR2607200000845,CL105704,EN00014,velo_elec,Lyon,ST1013,ST1006,2026-07-20 18:04:41,2026-07-20 18:31:41,27,8.74,7.75,paypal
TR2607200000846,CL100707,EN00178,velo_elec,Lyon,ST1013,ST1001,20/07/2026 18:12,2026-07-20 18:22:22,10,3.49,3.5,cb
TR2607200000847,CL107418,EN00050,velo_elec,Lyon,ST1015,ST1009,2026-07-20 18:05:43,2026-07-20 18:11:43,6,0.93,2.5,cb
TR2607200000848,CL102859,EN00003,velo_elec,Lyon,ST1019,ST1017,2026-07-20 18:10:15,2026-07-20 18:38:15,28,7.97,8.0,cb
TR2607200000849,CL104524,EN00266,velo_elec,Nantes,ST1021,ST1021,2026-07-20 18:05:37,20/07/2026 18:21,16,3.3,5.0,paypal
TR2607200000850,CL104021,EN00317,trottinette,Nantes,ST1021,ST1030,2026-07-20 18:02:43,2026-07-20 18:12:43,10,2.49,3.2,cb
TR2607200000851,CL108549,EN00277,velo_elec,Nantes,ST1022,ST1026,,2026-07-20 18:46:45,46,11.81,12.5,cb
TR2607200000852,CL102502,EN00235,trottinette,nantes,ST1023,ST1022,2026-07-20 18:09:55,1784564275,8,1.49,2.76,cb
TR2607200000853,CL103431,EN00227,trottinette,Nantes,ST1029,ST1022,2026-07-20 18:08:25,2026-07-20 18:13:25,5,0.96,2.1,cb
TR2607200000854,CL103432,EN00385,velo_elec,Lille,ST1035,ST1041,2026-07-20 18:11:57,2026-07-20 18:27:57,16,3.49,5.0,abonnement
TR2607200000855,CL104030,EN00393,trottinette,Lille,ST1036,ST1047,2026-07-20 18:05:46,20/07/2026 18:09,4,1.14,1.88,cb
TR2607200000856,CL105268,EN00464,trottinette,Lille,ST1036,ST1045,2026-07-20 18:13:43,2026-07-20 18:21:43,8,1.89,2.76,cb
TR2607200000857,CL104016,EN00430,velo_elec,Lille,ST1036,ST1046,2026-07-20 18:13:44,1784565164,19,4.69,5.75,cb
TR2607200000858,CL101548,EN00494,velo_elec,Lille,ST1037,ST1038,2026-07-20 18:09:11,2026-07-20 18:18:11,9,1.8,3.25,cb
TR2607200000859,CL102184,EN00373,velo_elec,Lille,ST1037,ST1035,2026-07-20 18:14:38,2026-07-20 18:26:38,12,2.5,4.0,abonnement
TR2607200000860,CL105564,EN00372,trottinette,Lille,ST1037,ST1041,2026-07-20 18:02:11,2026-07-20 18:11:11,9,2.8,2.98,abonnement
TR2607200000861,CL106628,EN00422,velo_elec,Lille,ST1038,ST1036,2026-07-20 18:08:52,1784565112,23,4.96,6.75,cb
TR2607200000862,CL108822,EN00470,trottinette,Lille,ST1039,ST1035,2026-07-20 18:00:33,2026-07-20 18:21:33,21,5.43,5.62,abonnement
TR2607200000863,CL108863,EN00449,trottinette,Lille,ST1043,ST1045,20/07/2026 18:03,2026-07-20 18:24:30,21,4.59,5.62,cb
TR2607200000864,CL102944,EN00383,trottinette,Lille,ST1045,ST1043,2026-07-20 18:09:37,2026-07-20 18:18:37,9,2.72,2.98,cb
TR2607200000865,CL102404,EN00515,trottinette,Grenoble,ST1049,ST1054,2026-07-20 18:03:39,2026-07-20 18:25:39,22,5.58,5.84,cb
TR2607200000866,CL101908,EN00505,velo,Grenoble,ST1052,ST1054,20/07/2026 18:06,20/07/2026 18:31,25,8.7,4.75,abonnement
TR2607200000867,CL105356,EN00577,velo_elec,Grenoble,ST1053,ST1056,20/07/2026 18:15,2026-07-20 18:23:34,8,2.55,3.0,abonnement
TR2607200000868,CL107913,EN00108,velo_elec,Lyon,ST1001,ST1012,20/07/2026 18:26,2026-07-20 18:30:10,4,0.99,2.0,abonnement
TR2607200000869,CL102082,EN00184,velo_elec,Lyon,ST1001,ST1017,20/07/2026 18:23,2026-07-20 18:30:11,7,1.5,2.75,cb
TR2607200000870,CL102783,EN00074,trottinette,Lyon,ST1001,ST1012,2026-07-20 18:17:10,,9,1.5,2.98,abonnement
TR2607200000871,CL102990,EN00098,velo_elec,Lyon,ST1002,ST1008,2026-07-20 18:20:01,2026-07-20 18:48:01,28,7.35,8.0,abonnement
TR2607200000872,CL105541,EN00080,trottinette,Lyon,ST1002,ST1010,20/07/2026 18:17,2026-07-20 18:23:10,6,1.79,2.32,abonnement
TR2607200000873,CL107495,EN00097,velo_elec,Lyon,ST1003,ST1008,2026-07-20 18:25:31,2026-07-20 18:36:31,11,2.82,3.75,cb
TR2607200000874,CL106796,EN00162,velo_elec,Lyon,ST1004,ST1017,20/07/2026 18:28,2026-07-20 18:47:26,19,4.31,5.75,abonnement
TR2607200000875,CL108560,EN00027,velo_elec,Lyon,ST1004,ST1017,2026-07-20 18:21:07,2026-07-20 18:34:07,13,1.98,4.25,cb
TR2607200000876,CL104784,EN00185,trottinette,Lyon,ST1005,ST1010,2026-07-20 18:28:54,2026-07-20 18:46:54,18,6.2,4.96,cb
TR2607200000877,CL101387,EN00081,velo_elec,Lyon,ST1006,ST1014,2026-07-20 18:19:06,2026-07-20 18:30:06,11,1.84,3.75,abonnement
TR2607200000878,CL102033,EN00145,trottinette,Lyon,ST1007,ST1008,2026-07-20 18:30:36,1784565576,9,2.48,2.98,cb
TR2607200000879,CL103637,EN00152,velo_elec,Lyon,ST1007,ST1005,2026-07-20 18:21:03,1784564823,6,1.25,2.5,paypal
TR2607200000880,CL101350,EN00214,trottinette,Lyon,ST1007,ST1012,20/07/2026 18:26,2026-07-20 18:30:13,4,1.2,1.88,abonnement
TR2607200000881,CL100226,EN00113,velo_elec,Lyon,ST1012,ST1015,2026-07-20 18:20:05,2026-07-20 18:29:05,9,2.59,3.25,cb
TR2607200000882,CL104637,EN00133,velo_elec,Lyon,ST1013,ST1011,2026-07-20 18:29:43,2026-07-20 18:51:43,22,3.85,6.5,
TR2607200000883,CL105492,EN00107,velo_elec,LYON,ST1014,ST1011,2026-07-20 18:22:59,2026-07-20 18:41:59,19,6.34,5.75,cb
TR2607200000884,CL107429,EN00130,velo_elec,Lyon,ST1015,ST1011,2026-07-20 18:29:17,2026-07-20 18:42:17,13,4.19,4.25,cb
TR2607200000885,CL102858,EN00197,velo_elec,Lyonn,ST1015,ST1009,20/07/2026 18:18,20/07/2026 18:31,13,4.07,4.25,cb
TR2607200000886,CL100190,EN00136,trottinette,Lyon,ST1016,ST1014,2026-07-20 18:26:37,2026-07-20 18:34:37,8,1.53,2.76,cb
TR2607200000887,CL106676,EN00167,trottinette,Lyon,ST1018,ST9094,2026-07-20 18:30:09,2026-07-20 18:39:09,9,2.65,2.98,paypal
TR2607200000888,CL102330,EN00332,trottinette,Nante,ST1020,ST1024,1784564135,2026-07-20 18:23:35,8,2.16,2.76,abonnement
TR2607200000889,CL103297,EN00316,velo_elec,Nantes,ST1020,ST1033,2026-07-20 18:28:24,2026-07-20 18:45:24,17,2.96,5.25,cb
TR2607200000890,CL108354,EN00287,velo_elec,Nantes,ST1020,ST1030,2026-07-20 18:24:33,20/07/2026 18:36,12,3.7,4.0,cb
TR2607200000891,CL104321,EN00238,velo_elec,Nantes,ST1021,ST1030,1784564587,2026-07-20 18:44:07,21,6.67,6.25,cb
TR2607200000892,CL106141,EN00222,velo_elec,Nantes,ST1024,ST1032,2026-07-20 18:30:55,20/07/2026 18:39,9,2.95,3.25,paypal
TR2607200000893,CL104816,EN00280,trottinette,Nantes,ST1024,ST1033,2026-07-20 18:21:19,2026-07-20 18:25:19,4,0.83,1.88,cb
TR2607200000894,CL104533,EN00303,velo_elec,Nantes,ST1027,ST1021,2026-07-20 18:16:31,2026-07-20 18:32:31,16,2.5,5.0,cb
TR2607200000895,CL100623,EN00229,trottinette,Nantes,ST1027,ST1031,2026-07-20 18:30:44,2026-07-20 18:40:44,10,3.48,3.2,cb
TR2607200000896,CL103260,EN00225,velo_elec,Nantes,ST1028,ST1026,2026-07-20 18:24:06,2026-07-20 18:30:06,6,0.98,2.5,abonnement
TR2607200000897,CL106840,EN00305,velo_elec,Nantes,ST1029,ST1021,2026-07-20 18:27:56,20/07/2026 18:34,7,1.73,2.75,cb
TR2607200000898,CL103616,EN00318,velo_elec,Nantes,ST1029,ST1032,2026-07-20 18:20:09,2026-07-20 18:28:09,8,2.31,3.0,cb
TR2607200000899,CL101108,EN00317,trottinette,Nantes,ST1030,ST1031,2026-07-20 18:23:29,2026-07-20 18:34:29,3465,3.64,3.42,cb
TR2607200000900,CL105958,EN00439,velo_elec,Lille,ST1035,ST1043,2026-07-20 18:28:53,2026-07-20 18:45:53,17,5.26,5.25,cb
TR2607200000901,CL105554,EN00493,velo_elec,Lille,ST1036,ST1040,2026-07-20 18:20:19,2026-07-20 18:34:19,14,4.8,4.5,abonnement
TR2607200000902,CL105377,EN00443,velo_elec,Lille,ST1036,ST1047,2026-07-20 18:21:41,1784565101,10,1.99,3.5,cb
TR2607200000903,CL105268,EN00434,velo_elec,Lille,ST1037,ST1034,2026-07-20 18:20:25,2026-07-20 18:26:25,6,1.67,2.5,cb
TR2607200000904,CL108504,EN00499,velo,Lille,ST1038,ST1045,2026-07-20 18:17:43,20/07/2026 18:25,8,2.34,2.2,cb
TR2607200000905,CL105377,EN00369,velo,Lille,ST1039,ST1039,2026-07-20 18:24:46,2026-07-20 18:28:46,4,0.87,1.6,cb
TR2607200000906,CL102907,EN00437,velo,Lille,ST1039,ST1047,2026-07-20 18:18:01,2026-07-20 18:24:01,6,1.84,1.9,abonnement
TR2607200000907,CL106670,EN00444,trottinette,Lille,ST1042,ST1043,2026-07-20 18:27:29,1784565209,6,0.92,2.32,abonnement
TR2607200000908,CL101553,EN00420,trottinette,LILLE,ST1042,ST1035,2026-07-20 18:19:08,2026-07-20 18:49:08,30,9.01,7.6,cb
TR2607200000909,CL101728,EN00578,velo_elec,Grenoble,ST1048,ST1056,2026-07-20 18:20:59,2026-07-20 18:22:59,2,0.43,1.5,cb
TR2607200000910,CL105469,EN00520,velo_elec,Grenoble,ST1048,ST1048,2026-07-20 18:16:27,2026-07-20 18:20:27,4,1.31,2.0,cb
TR2607200000911,CL104353,EN00523,velo_elec,Grenoble,ST1048,ST1053,2026-07-20 18:17:48,2026-07-20 18:25:48,8,1.6,3.0,abonnement
TR2607200000912,CL102285,EN00571,trottinette,Grenoble,ST1049,ST1052,2026-07-20 18:17:06,2026-07-20 18:35:06,18,3.73,4.96,cb
TR2607200000913,CL102437,EN00104,trottinette,Lyon,ST1001,ST9332,2026-07-20 18:33:44,2026-07-20 18:40:44,7,1.41,2.54,cb
TR2607200000914,CL106251,EN00021,trottinette,Lyonn,ST1001,ST1005,2026-07-20 18:39:55,2026-07-20 19:10:55,31,5.11,7.82,cb
TR2607200000915,CL101727,EN00091,velo_elec,lyon,ST1002,ST1011,2026-07-20 18:37:45,,8,2.24,3.0,cb
TR2607200000916,CL101654,EN00200,trottinette,Lyon,ST1003,ST1007,2026-07-20 18:44:21,2026-07-20 18:49:21,5,0.76,2.1,paypal
TR2607200000917,CL101705,EN00160,velo_elec,Lyon,ST1003,ST1012,2026-07-20 18:40:28,2026-07-20 18:53:28,13,3.33,4.25,cb
TR2607200000918,CL105528,EN00173,velo_elec,Lyon,ST1003,ST1006,2026-07-20 18:31:25,,11,2.7,3.75,abonnement
TR2607200000919,CL104637,EN00099,velo_elec,Lyon,ST1004,ST1001,1784565204,2026-07-20 18:41:24,8,1.28,3.0,
TR2607200000920,CL102783,EN00067,velo_elec,Lyon,ST1008,ST1016,20/07/2026 18:32,2026-07-20 18:48:24,16,3.61,5.0,cb
TR2607200000921,CL100534,EN00050,velo_elec,Lyon,ST1009,ST1005,2026-07-20 18:33:45,2026-07-20 18:35:45,2,0.6,1.5,cb
TR2607200000922,CL101059,EN00214,trottinette,Lyon,ST1012,ST1013,2026-07-20 18:39:24,2026-07-20 18:42:24,3,0.51,1.66,paypal
TR2607200000923,CL103156,EN00108,velo_elec,LYON,ST1012,ST1005,1784565339,2026-07-20 18:44:39,9,1.54,3.25,cb
TR2607200000924,CL108293,EN00204,velo_elec,Lyon,ST1013,ST1019,1784565824,2026-07-20 18:55:44,12,2.32,4.0,cb
TR2607200000925,CL103077,EN00025,velo_elec,Lyon,ST1015,ST1012,1784565272,2026-07-20 18:49:32,15,2.37,4.75,cb
TR2607200000926,CL104187,EN00058,velo_elec,Lyon,ST1019,ST1017,20/07/2026 18:35,2026-07-20 18:51:38,16,3.44,5.0,cb
TR2607200000927,CL106289,EN00139,velo_elec,Lyon,ST1019,ST1012,2026-07-20 18:40:30,2026-07-20 18:51:30,11,3.77,3.75,paypal
TR2607200000928,CL106271,EN00257,trottinette,Nantes,ST1020,ST1020,2026-07-20 18:32:59,2026-07-20 18:46:59,14,4.66,4.08,abonnement
TR2607200000929,CL106611,EN00339,velo_elec,Nantes,ST1020,ST1021,2026-07-20 18:36:27,,8,2.38,3.0,cb
TR2607200000930,CL100373,EN00272,trottinette,Nantes,ST1021,ST1029,2026-07-20 18:40:09,1784567289,28,4.27,7.16,abonnement
TR2607200000931,CL105412,EN00263,trottinette,Nantes,ST1022,ST1030,2026-07-20 18:38:53,2026-07-20 18:47:53,9,1.6,2.98,abonnement
TR2607200000932,CL106586,EN00226,velo_elec,Nantes,ST1025,ST1020,2026-07-20 18:42:13,2026-07-20 18:57:13,15,2.53,4.75,cb
TR2607200000933,CL101670,EN00225,velo_elec,Nantes,ST1026,ST1029,20/07/2026 18:45,2026-07-20 18:51:42,6,1.54,2.5,abonnement
TR2607200000934,CL100771,EN00336,velo_elec,Nantes,ST1026,ST1023,2026-07-20 18:43:12,20/07/2026 18:47,4,0.82,2.0,cb
TR2607200000935,CL105506,EN00289,trottinette,Nantes,ST1029,ST1025,2026-07-20 18:45:45,2026-07-20 18:55:45,10,2.28,3.2,cb
TR2607200000936,CL106425,EN00286,velo_elec,Nantes,ST1030,ST1025,2026-07-20 18:42:59,2026-07-20 18:51:59,9,2.86,3.25,cb
TR2607200000937,CL103709,EN00281,velo_elec,Nantes,ST1030,ST1033,,2026-07-20 18:39:49,6,1.05,2.5,cb
TR2607200000938,CL105027,EN00247,trottinette,Nantes,ST1033,ST1021,2026-07-20 18:37:42,2026-07-20 18:47:42,10,2.84,3.2,cb
TR2607200000939,CL101950,EN00261,trottinette,Nantes,ST1033,ST1029,2026-07-20 18:37:09,2026-07-20 18:42:09,5,0.85,2.1,cb
TR2607200000940,CL945756,EN00400,trottinette, Lille,ST1034,ST1037,2026-07-20 18:34:17,2026-07-20 18:52:17,18,4.72,4.96,abonnement
TR2607200000941,CL105898,EN00489,trottinette,Lille,ST1036,ST1040,2026-07-20 18:41:57,2026-07-20 18:50:57,9,2.71,2.98,cb
TR2607200000942,CL105028,EN00392,velo_elec,Lille,ST1036,ST1040,2026-07-20 18:45:17,2026-07-20 18:58:17,13,2.08,4.25,cb
TR2607200000943,CL106335,EN00421,velo_elec,Lille,ST1036,ST1043,2026-07-20 18:43:47,2026-07-20 18:49:47,6,1.94,2.5,cb
TR2607200000944,CL101321,EN00494,velo_elec,Lille,ST1038,ST1039,2026-07-20 18:39:22,20/07/2026 18:44,5,1.38,2.25,paypal
TR2607200000945,CL100889,EN00369,velo,Lille,ST1039,ST1045,2026-07-20 18:33:23,2026-07-20 18:49:23,16,3.11,3.4,cb
TR2607200000946,CL101169,EN00378,velo_elec,Lille,ST1040,ST1035,2026-07-20 18:34:05,2026-07-20 19:04:05,30,5.27,8.5,cb
TR2607200000947,CL103200,EN00385,velo_elec, Lille,ST1041,ST1036,2026-07-20 18:39:42,2026-07-20 18:48:42,9,2.91,3.25,cb
TR2607200000948,CL102316,EN00492,velo_elec,Lille,ST1044,ST1036,2026-07-20 18:34:14,20/07/2026 18:59,25,8.59,7.25,abonnement
TR2607200000949,CL105314,EN00455,velo_elec,Lille,ST1044,ST1040,2026-07-20 18:31:39,2026-07-20 18:40:39,9,2.92,3.25,cb
TR2607200000950,CL100156,EN00464,trottinette,Lille,ST1045,ST1041,2026-07-20 18:35:56,2026-07-20 18:52:56,17,4.55,4.74,cb
TR2607200000951,CL105826,EN00520,velo_elec,Grenoble,ST1048,ST1051,2026-07-20 18:32:19,2026-07-20 18:51:19,19,6.61,5.75,cb
TR2607200000952,CL101312,EN00598,velo_elec,Grenoble,ST1048,ST1057,2026-07-20 18:40:00,2026-07-20 18:48:00,8,1.21,3.0,abonnement
TR2607200000953,CL101000,EN00541,velo_elec,Grenoble,ST1052,ST1053,2026-07-20 18:40:19,2026-07-20 18:46:19,6,1.23,2.5,abonnement
TR2607200000954,CL104057,EN00523,velo_elec,Grenoble,ST1053,ST1057,2026-07-20 18:41:30,20/07/2026 18:57,16,5.17,5.0,abonnement
TR2607200000955,CL108037,EN00553,trottinette,Grenoble,ST1057,ST1055,2026-07-20 18:31:50,2026-07-20 18:36:50,5,0.85,2.1,abonnement
TR2607200000956,CL103295,EN00211,velo_elec,Lyon,ST1001,ST1007,2026-07-20 18:48:02,20/07/2026 19:27,39,9.65,10.75,abonnement
TR2607200000957,CL101395,EN00099,velo_elec,Lyon,ST1001,ST1010,2026-07-20 18:53:28,2026-07-20 19:42:28,49,10.73,13.25,paypal
TR2607200000958,CL101611,EN00056,velo_elec,Lyon,ST1001,ST1004,2026-07-20 18:53:04,2026-07-20 19:05:04,12,3.85,4.0,abonnement
TR2607200000959,CL107612,EN00190,trottinette,Lyon,ST1002,ST1013,2026-07-20 18:58:50,2026-07-20 19:04:50,6,1.1,2.32,cb
TR2607200000960,CL106015,EN00196,velo_elec,Lyon,ST1002,ST1019,1784566320,1784567340,17,5.46,5.25,cb
TR2607200000961,CL107114,EN00055,trottinette,Lyon,ST1003,ST1006,2026-07-20 18:50:20,2026-07-20 19:17:20,27,4.43,6.94,cb
TR2607200000962,CL107663,EN00152,velo_elec,Lyon,ST1005,ST1019,2026-07-20 18:49:37,2026-07-20 19:00:37,11,2.16,3.75,paypal
TR2607200000963,CL106734,EN00177,velo_elec,Lyon,ST1008,ST1008,1784566137,2026-07-20 19:25:57,37,10.56,10.25,paypal
TR2607200000964,CL105788,EN00006,trottinette,Lyon,ST1010,ST1019,2026-07-20 18:46:46,2026-07-20 18:58:46,12,3.18,3.64,paypal
TR2607200000965,CL104597,EN00181,velo_elec,Lyon,ST1016,ST1002,2026-07-20 18:53:29,20/07/2026 19:04,11,3.35,3.75,cb
TR2607200000966,CL107580,EN00078,velo_elec,Lyon,ST1016,ST1002,20/07/2026 18:56,2026-07-20 19:44:33,48,11.27,13.0,abonnement
TR2607200000967,CL108977,EN00284,trottinette,Nantes,ST1020,ST1032,2026-07-20 18:57:24,2026-07-20 19:05:24,8,1.21,2.76,cb
TR2607200000968,CL107292,EN00221,velo_elec,Nantes,ST1021,ST1026,,2026-07-20 19:19:27,31,7.06,8.75,cb
TR2607200000969,CL107015,EN00342,velo_elec,Nantes,ST1021,ST1031,2026-07-20 18:50:19,20/07/2026 19:07,17,4.73,5.25,paypal
TR2607200000970,CL106098,EN00357,trottinette,Nantes,ST1026,ST1028,2026-07-20 18:46:40,20/07/2026 18:49,3,0.68,1.66,cb
TR2607200000971,CL108680,EN00316,velo_elec,NANTES,ST1033,ST1030,2026-07-20 18:54:35,2026-07-20 18:58:35,4,1.17,2.0,paypal
TR2607200000972,CL102887,EN00434,velo_elec,LILLE,ST1034,ST1037,2026-07-20 18:48:47,2026-07-20 19:00:47,12,3.0,4.0,abonnement
TR2607200000973,CL103474,EN00494,velo_elec,Lille,ST1039,ST1035,2026-07-20 18:49:34,2026-07-20 18:59:34,10,3.13,3.5,cb
TR2607200000974,CL106922,EN00474,velo_elec,Lille,ST1044,ST1035,20/07/2026 18:57,2026-07-20 19:10:40,13,2.72,4.25,cb
TR2607200000975,CL107367,EN00424,velo_elec,Lille,ST1046,ST1036,2026-07-20 18:52:15,2026-07-20 19:04:15,12,3.13,4.0,cb
TR2607200000976,CL106147,EN00585,velo_elec,Grenoble ,ST1048,ST1055,2026-07-20 18:57:58,2026-07-20 19:04:58,7,1.83,2.75,cb
TR2607200000977,CL103770,EN00539,velo_elec,Grenoble,ST1048,ST1051,2026-07-20 18:46:46,,3,0.68,1.75,abonnement
TR2607200000978,CL104112,EN00512,velo_elec,Grenoble,ST1051,ST1050,2026-07-20 18:50:32,2026-07-20 19:01:32,11,2.49,3.75,cb
TR2607200000979,CL103471,EN00515,trottinette,Grenoble,ST1054,ST1057,2026-07-20 18:58:37,2026-07-20 19:09:37,11,2.66,3.42,paypal
TR2607200000980,CL102326,EN00578,velo_elec,Grenoble,ST1056,ST1049,2026-07-20 18:54:59,2026-07-20 19:11:59,17,3.32,5.25,paypal
TR2607200000981,CL106202,EN00533,velo_elec,Grenoble,ST1057,ST1053,2026-07-20 19:01:07,20/07/2026 19:05,4,1.0,2.0,cb
TR2607200000982,CL100209,EN00588,velo_elec,Grenoble,ST1058,ST1052,1784566586,2026-07-20 19:04:26,8,1.27,3.0,abonnement
TR2607200000983,CL108597,EN00140,trottinette,Lyon,ST1004,ST1010,2026-07-20 19:01:36,2026-07-20 19:09:36,8,2.21,2.76,abonnement
TR2607200000984,CL103315,EN00145,trottinette,Lyon,ST1008,ST1010,2026-07-20 19:08:14,2026-07-20 19:43:14,35,6.74,8.7,cb
TR2607200000985,CL101847,EN00091,velo_elec,Lyon,ST1011,ST1010,2026-07-20 19:05:30,2026-07-20 19:09:30,4,1.07,2.0,cb
TR2607200000986,CL100612,EN00067,velo_elec,Lyon,ST1016,ST1019,2026-07-20 19:07:19,2026-07-20 19:13:19,6,1.25,2.5,cb
TR2607200000987,CL106360,EN00122,trottinette,Lyon,ST1017,ST1011,2026-07-20 19:04:28,2026-07-20 19:19:28,15,3.97,4.3,cb
TR2607200000988,CL106353,EN00232,trottinette,Nantes,ST1020,ST1027,2026-07-20 19:10:42,2026-07-20 19:37:42,27,7.25,6.94,cb
TR2607200000989,CL102476,EN00226,velo_elec,Nantes,ST1020,ST1022,2026-07-20 19:15:35,2026-07-20 19:25:35,10,1.87,3.5,cb
TR2607200000990,CL108205,EN00235,trottinette,Nantes,ST1022,ST9101,2026-07-20 19:13:45,2026-07-20 19:24:45,11,2.68,3.42,paypal
TR2607200000991,CL101432,EN00249,velo_elec,Nantes,ST1031,ST1022,2026-07-20 19:09:06,2026-07-20 19:13:06,4,1.27,2.0,cb
TR2607200000992,CL100025,EN00349,velo_elec,Nantes,ST1032,ST1028,2026-07-20 19:12:20,1784568560,17,2.55,5.25,cb
TR2607200000993,CL100040,EN00411,trottinette,Lille,ST1042,ST1034,,2026-07-20 19:34:06,26,4.44,6.72,cb
TR2607200000994,CL106658,EN00590,velo_elec,Grenoble,ST1048,ST1050,2026-07-20 19:13:09,2026-07-20 19:15:09,2,0.49,1.5,paypal
TR2607200000995,CL103999,EN00517,trottinette,Grenoble,ST1049,ST1051,2026-07-20 19:04:15,2026-07-20 19:11:15,7,1.29,2.54,cb
TR2607200000996,CL107245,EN00532,velo_elec,Grenoble,ST1049,ST1056,2026-07-20 19:06:00,1784567880,12,3.45,4.0,abonnement
TR2607200000997,CL101026,EN00512,velo_elec,Grenoble,ST1050,ST1058,1784567545,20/07/2026 20:07,55,14.45,14.75,cb
TR2607200000998,CL100037,EN00195,velo_elec,Lyon,ST1003,ST1005,20/07/2026 19:17,2026-07-20 19:25:33,8,1.21,3.0,paypal
TR2607200000999,CL108637,EN00050,velo_elec,Lyon,ST1005,ST1007,2026-07-20 19:30:12,2026-07-20 19:49:12,19,4.46,5.75,cb
TR2607200001000,CL107625,EN00091,velo_elec,Lyon,ST1010,ST1008,2026-07-20 19:20:16,1784568556,9,1.75,3.25,abonnement
TR2607200001001,CL102701,EN00140,trottinette,Lyon,ST1010,ST1019,20/07/2026 19:21,2026-07-20 19:51:43,30,6.22,7.6,cb
TR2607200001002,CL100540,EN00130,velo_elec,Lyon,ST1011,ST1009,2026-07-20 19:15:43,2026-07-20 19:31:43,16,3.9,5.0,abonnement
TR2607200001003,CL108700,EN00003,velo_elec,Lyonn,ST1017,ST1019,2026-07-20 19:20:04,2026-07-20 19:38:04,18,4.34,5.5,abonnement
TR2607200001004,CL103344,EN00067,velo_elec,Lyon,ST1019,ST1009,2026-07-20 19:30:49,2026-07-20 19:47:49,17,3.45,5.25,abonnement
TR2607200001005,CL108345,EN00175,trottinette,Lyon,ST1019,ST1019,2026-07-20 19:28:12,20/07/2026 19:35,7,1.08,2.54,cb
TR2607200001006,CL108793,EN00247,trottinette,Nantes,ST1021,ST1023,2026-07-20 19:19:14,1784568614,11,2.5,3.42,cb
TR2607200001007,CL105592,EN00305,velo_elec,Nantes,ST1021,ST1030,2026-07-20 19:30:58,,20,4.38,6.0,paypal
TR2607200001008,CL108474,EN00332,trottinette,Nante,ST1024,ST1025,2026-07-20 19:29:48,,-23,6.8,9.14,cb
TR2607200001009,CL106458,EN00348,velo_elec,NANTES,ST1025,ST1025,2026-07-20 19:21:46,2026-07-20 19:27:46,6,0.99,2.5,paypal
TR2607200001010,CL107950,EN00281,velo_elec,Nantes,ST1033,ST1022,1784568183,2026-07-20 19:30:03,7,2.11,2.75,abonnement
TR2607200001011,CL103914,EN00420,trottinette,Lille,ST1035,ST1039,2026-07-20 19:17:28,2026-07-20 19:24:28,7,1.63,2.54,cb
TR2607200001012,CL101069,EN00424,velo_elec,Lille,ST1036,ST1040,2026-07-20 19:18:23,2026-07-20 19:27:23,9,2.81,3.25,cb
TR2607200001013,CL107908,EN00578,velo_elec,Grenoble,ST1049,ST1048,2026-07-20 19:23:15,2026-07-20 19:32:15,9,1.49,3.25,abonnement
TR2607200001014,CL104594,EN00170,trottinette,Lyon,ST1001,ST1007,2026-07-20 19:44:31,2026-07-20 19:49:31,5,1.15,2.1,paypal
TR2607200001015,CL105076,EN00165,trottinette,Lyon,ST1001,ST1009,2026-07-20 19:43:37,2026-07-20 20:01:37,18,5.91,4.96,cb
TR2607200001016,CL108914,EN00161,velo_elec,Lyon,ST1003,ST1006,1784569248,20/07/2026 19:49,9,2.44,3.25,cb
TR2607200001017,CL107948,EN00216,velo_elec,Lyon,ST1003,ST1009,2026-07-20 19:35:07,20/07/2026 19:45,10,2.84,3.5,abonnement
TR2607200001018,CL100154,EN00108,velo_elec,Lyon,ST1005,ST1007,1784569437,2026-07-20 20:08:57,25,5.22,7.25,cb
TR2607200001019,CL102741,EN00091,velo_elec,Lyonn,ST1008,ST1006,2026-07-20 19:34:16,2026-07-20 19:38:16,4,1.28,2.0,abonnement
TR2607200001020,CL100077,EN00118,trottinette,Lyon,ST1009,ST1015,2026-07-20 19:33:43,2026-07-20 19:40:43,7,2.06,2.54,cb
TR2607200001021,CL107782,EN00197,velo_elec,Lyon,ST1009,ST1017,20/07/2026 19:37,20/07/2026 19:52,15,3.54,4.75,
TR2607200001022,CL107109,EN00184,velo_elec,Lyon ,ST1017,ST1005,2026-07-20 19:40:02,2026-07-20 19:45:02,5,1.05,2.25,paypal
TR2607200001023,CL101965,EN00199,velo_elec,Lyon,ST1019,ST1011,2026-07-20 19:39:58,2026-07-20 19:49:58,10,1.56,,cb
TR2607200001024,CL107869,EN00294,velo_elec,Nantes,ST1020,ST1027,,1784570381,14,2.28,4.5,cb
TR2607200001025,CL102752,EN00239,trottinette,Nantes,ST1021,ST1026,2026-07-20 19:43:44,1784570864,24,7.49,6.28,cb
TR2607200001026,CL100623,EN00276,velo_elec,Nantes,ST1021,ST1030,1784569071,20/07/2026 19:45,8,1.85,3.0,abonnement
TR2607200001027,CL106643,EN00227,trottinette,Nantes,ST1022,ST1026,2026-07-20 19:40:08,2026-07-20 19:50:08,10,2.29,3.2,cb
TR2607200001028,CL103271,EN00444,trottinette, Lille,ST1043,ST1042,2026-07-20 19:38:31,2026-07-20 19:57:31,19,6.48,5.18,cb
TR2607200001029,CL106049,EN00462,velo_elec,LILLE,ST1046,ST1047,2026-07-20 19:38:02,2026-07-20 19:55:02,17,5.25,5.25,cb
TR2607200001030,CL107270,EN00590,velo_elec,Grenoble,ST1050,ST1052,2026-07-20 19:32:10,2026-07-20 19:52:10,20,5.77,6.0,abonnement
TR2607200001031,CL104410,EN00533,velo_elec,Grenoble,ST1053,ST1050,1784568809,2026-07-20 19:36:29,3,1.02,1.75,cb
TR2607200001032,CL107784,EN00178,velo_elec,Lyon,ST1001,ST1007,2026-07-20 19:59:58,,4,1.08,2.0,cb
TR2607200001033,CL100595,EN00181,velo_elec,Lyon,ST1002,ST1005,2026-07-20 19:58:27,2026-07-20 20:14:27,16,2.83,5.0,cb
TR2607200001034,CL103422,EN00044,trottinette,Lyon,ST1002,ST1016,2026-07-20 19:59:00,2026-07-20 20:05:00,6,1.62,2.32,paypal
TR2607200001035,CL102303,EN00198,velo_elec,Lyon,ST1003,ST1012,2026-07-20 19:48:03,20/07/2026 19:57,9,2.1,3.25,cb
TR2607200001036,CL107345,EN00042,trottinette,Lyon,ST1003,ST1012,2026-07-20 19:48:36,2026-07-20 20:09:36,21,3.86,5.62,cb
TR2607200001037,CL101589,EN00158,velo_elec,lyon,ST1012,ST1001,2026-07-20 19:46:33,2026-07-20 20:18:33,32,10.92,9.0,abonnement
TR2607200001038,CL105893,EN00070,trottinette,Lyon,ST1015,ST1003,2026-07-20 19:55:39,2026-07-20 20:06:39,11,3.05,3.42,cb
TR2607200001039,CL100298,EN00325,trottinette,Nantes,ST1020,ST1028,1784569793,2026-07-20 20:57:53,68,13.94,15.96,abonnement
TR2607200001040,CL108673,EN00311,trottinette,Nantes,ST1020,ST1024,20/07/2026 19:53,2026-07-20 20:09:54,16,3.02,4.52,abonnement
TR2607200001041,CL104377,EN00249,velo_elec,Nantes,ST1022,ST1032,20/07/2026 20:00,2026-07-20 20:13:06,13,3.65,4.25,paypal
TR2607200001042,CL106292,EN00240,trottinette,Nantes,ST1022,ST1031,20/07/2026 19:47,2026-07-20 20:04:18,17,3.78,4.74,abonnement
TR2607200001043,CL100145,EN00223,velo,Nantes,ST1024,ST1024,2026-07-20 20:00:19,2026-07-20 20:04:19,4,1.37,1.6,abonnement
TR2607200001044,CL101436,EN00221,velo_elec,Nantes,ST1026,ST1025,2026-07-20 19:56:53,2026-07-20 20:25:53,29,7.89,8.25,cb
TR2607200001045,CL102338,EN00235,trottinette,Nantes,ST1027,ST1023,2026-07-20 19:52:54,2026-07-20 20:06:54,14,3.65,4.08,cb
TR2607200001046,CL104670,EN00263,trottinette,Nantes,ST1030,ST1024,2026-07-20 19:58:14,1784570894,10,2.45,3.2,abonnement
TR2607200001047,CL103162,EN00422,velo_elec,Lille,ST1036,ST1037,2026-07-20 19:57:54,2026-07-20 20:05:54,8,1.22,3.0,paypal
TR2607200001048,CL103748,EN00472,velo_elec,Lille,ST1042,ST1035,2026-07-20 19:48:12,,9,2.47,3.25,cb
TR2607200001049,CL101543,EN00449,trottinette,Lille,ST1045,ST1037,2026-07-20 19:54:51,1784572311,37,12.66,,cb
TR2607200001050,CL103854,EN00596,velo_elec,Grenoble,ST1049,ST1055,2026-07-20 19:57:20,2026-07-20 20:05:20,8,1.25,3.0,cb
TR2607200001051,CL107982,EN00588,velo_elec,Grenoble,ST1052,ST1049,2026-07-20 19:47:44,2026-07-20 19:49:44,2,0.63,1.5,abonnement
TR2607200001052,CL103812,EN00067,velo_elec,Lyon,ST1009,ST1013,2026-07-20 20:11:09,2026-07-20 20:30:09,19,3.52,5.75,cb
TR2607200001053,CL107993,EN00122,trottinette,Lyon,ST1011,ST1014,2026-07-20 20:12:15,2026-07-20 20:35:15,23,7.13,6.06,cb
TR2607200001054,CL100097,EN00220,velo_elec,Lyon,ST1016,ST1012,2026-07-20 20:06:30,2026-07-20 20:27:30,21,5.09,6.25,cb
TR2607200001055,CL103082,EN00273,velo_elec,Nantes,ST1022,ST1021,20/07/2026 20:08,20/07/2026 20:18,10,2.68,3.5,cb
TR2607200001056,CL108649,EN00224,velo_elec,Nantes,ST1025,ST1024,2026-07-20 20:01:43,2026-07-20 20:10:43,9,1.97,3.25,cb
TR2607200001057,CL107653,EN00300,velo_elec,Nantes,ST1032,ST1029,2026-07-20 20:07:25,2026-07-20 20:12:25,5,0.79,2.25,cb
TR2607200001058,CL101012,EN00285,trottinette,Nantes,ST1033,ST1023,2026-07-20 20:07:22,2026-07-20 20:19:22,12,3.75,3.64,abonnement
TR2607200001059,CL104260,EN00280,trottinette,Nantes,ST1033,ST1032,2026-07-20 20:10:30,20/07/2026 20:19,9,2.13,2.98,paypal
TR2607200001060,CL103140,EN00411,trottinette,Lille,ST1034,ST1043,2026-07-20 20:03:05,2026-07-20 20:14:05,11,2.94,3.42,abonnement
TR2607200001061,CL103413,EN00424,velo_elec,Lille,ST1040,ST1038,20/07/2026 20:12,2026-07-20 20:25:55,13,3.76,4.25,abonnement
TR2607200001062,CL104261,EN00444,trottinette,Lille,ST1042,ST1040,2026-07-20 20:11:32,2026-07-20 20:31:32,20,4.97,5.4,abonnement
TR2607200001063,CL107548,EN00520,velo_elec,Grenoble,ST1051,ST1057,2026-07-20 20:15:12,2026-07-20 20:21:12,6,2.0,2.5,abonnement
TR2607200001064,CL103198,EN00087,trottinette,Lyon,ST1009,ST1019,2026-07-20 20:29:08,2026-07-20 20:41:08,12,3.66,3.64,cb
TR2607200001065,CL100794,EN00118,trottinette,Lyon,ST1015,ST1012,2026-07-20 20:25:41,2026-07-20 20:39:41,14,4.26,4.08,paypal
TR2607200001066,CL102664,EN00113,velo_elec,Lyon,ST1015,ST1018,2026-07-20 20:20:40,2026-07-20 20:26:40,6,1.8,2.5,paypal
TR2607200001067,CL107801,EN00003,velo_elec,Lyon,ST1019,ST1008,2026-07-20 20:28:50,2026-07-20 20:53:50,25,7.25,7.25,cb
TR2607200001068,CL102956,EN00152,velo_elec,Lyon,ST1019,ST1016,2026-07-20 20:21:14,2026-07-20 21:11:14,50,11.94,13.5,cb
TR2607200001069,CL104384,EN00228,trottinette,Nantes,ST1022,ST1023,2026-07-20 20:22:41,2026-07-20 20:31:41,9,3.11,2.98,cb
TR2607200001070,CL104587,EN00247,trottinette,Nantes,ST1023,ST1023,2026-07-20 20:18:50,2026-07-20 20:27:50,9,3.01,2.98,abonnement
TR2607200001071,CL105180,EN00237,velo_elec,Nante,ST1027,ST1025,2026-07-20 20:22:30,2026-07-20 20:31:30,9,1.59,3.25,cb
TR2607200001072,CL102863,EN00294,velo_elec,Nantes,ST1027,ST1031,2026-07-20 20:18:14,20/07/2026 20:35,17,5.63,5.25,cb
TR2607200001073,CL108009,EN00318,velo_elec,Nantes,ST1032,ST1033,1784571377,2026-07-20 20:24:17,8,2.5,3.0,cb
TR2607200001074,CL101775,EN00422,velo_elec,Lille,ST1037,ST1045,2026-07-20 20:17:26,2026-07-20 20:30:26,13,3.76,4.25,abonnement
TR2607200001075,CL101594,EN00402,trottinette,Lille,ST1041,ST1044,2026-07-20 20:22:13,20/07/2026 20:28,6,1.51,2.32,cb
TR2607200001076,CL100958,EN00539,velo_elec,Grenoble,ST1051,ST1055,20/07/2026 20:26,2026-07-20 20:33:02,7,1.34,2.75,cb
TR2607200001077,CL107519,EN00532,velo_elec,Grenoble,ST1056,ST1048,2026-07-20 20:18:12,1784571972,8,2.18,3.0,paypal
TR2607200001078,CL106176,EN00512,velo_elec,Grenoble,ST1058,ST1053,2026-07-20 20:19:40,2026-07-20 20:27:40,8,1.55,3.0,cb
TR2607200001079,CL100788,EN00106,trottinette,Lyon,ST1001,ST1006,,2026-07-20 20:51:11,19,4.82,5.18,paypal
TR2607200001080,CL102913,EN00127,trottinette,Lyon,ST1015,ST1001,2026-07-20 20:33:23,20/07/2026 20:45,12,3.33,3.64,abonnement
TR2607200001081,CL100872,EN00263,trottinette,Nantes,ST1024,ST1023,,20/07/2026 20:59,18,6.24,4.96,abonnement
TR2607200001082,CL104541,EN00354,velo_elec,Nantes,ST1028,ST1032,2026-07-20 20:44:36,2026-07-20 20:51:36,7,2.13,,abonnement
TR2607200001083,CL102170,EN00385,velo_elec,Lille,ST1036,ST1043,20/07/2026 20:45,2026-07-20 20:59:16,14,3.32,4.5,paypal
TR2607200001084,CL102839,EN00391,velo_elec,Lille,ST1040,ST1045,2026-07-20 20:38:27,2026-07-20 20:51:27,13,2.46,4.25,paypal
TR2607200001085,CL101466,EN00596,velo_elec,Grenoble,ST1055,ST1048,2026-07-20 20:39:46,2026-07-20 20:56:46,17,4.42,5.25,cb
TR2607200001086,CL106031,EN00018,trottinette,Lyon,ST1011,ST1005,1784573820,2026-07-20 21:17:00,20,5.4,5.4,cb
TR2607200001087,CL108154,EN00183,velo_elec,Lyon,ST1012,ST1019,20/07/2026 21:00,2026-07-20 21:04:37,4,0.7,2.0,cb
TR2607200001088,CL107252,EN00027,velo_elec,Lyon,ST1017,ST1014,20/07/2026 20:47,2026-07-20 21:14:02,27,5.77,7.75,cb
TR2607200001089,CL100753,EN00113,velo_elec,Lyon,ST1018,ST1007,2026-07-20 20:58:21,1784574501,10,1.8,3.5,abonnement
TR2607200001090,CL106292,EN00266,velo_elec,Nante,ST1021,ST1024,2026-07-20 21:00:19,1784574379,6,1.71,2.5,paypal
TR2607200001091,CL103708,EN00276,velo_elec,Nantes,ST1030,ST1023,20/07/2026 20:57,20/07/2026 21:13,16,4.84,5.0,cb
TR2607200001092,CL105960,EN00449,trottinette,Lille,ST1037,ST1039,20/07/2026 20:55,20/07/2026 21:01,6,1.11,2.32,cb
TR2607200001093,CL103718,EN00420,trottinette,Lille,ST1039,ST1046,2026-07-20 20:48:27,20/07/2026 20:52,4,0.83,1.88,cb
TR2607200001094,CL108358,EN00411,trottinette,Lille,ST1043,ST1037,2026-07-20 20:55:27,2026-07-20 21:10:27,15,2.81,4.3,cb
TR2607200001095,CL102548,EN00395,trottinette,Lille,ST1044,ST1038,2026-07-20 20:58:59,1784574779,14,3.22,4.08,cb
TR2607200001096,CL105908,EN00533,velo_elec,Grenoble,ST1050,ST1052,1784573320,2026-07-20 21:02:40,14,2.64,4.5,cb
TR2607200001097,CL103847,EN00211,velo_elec,Lyon,ST1007,ST1008,2026-07-20 21:11:34,2026-07-20 21:23:34,12,3.2,4.0,cb
TR2607200001098,CL100211,EN00028,trottinette,lyon,ST1009,ST1011,2026-07-20 21:07:10,2026-07-20 21:19:10,12,3.36,3.64,abonnement
TR2607200001099,CL107534,EN00094,velo_elec,Lyon,ST1016,ST1004,2026-07-20 21:11:44,20/07/2026 21:22,11,2.04,3.75,paypal
TR2607200001100,CL104274,EN00257,trottinette,Nantes,ST1020,ST1022,2026-07-20 21:04:52,2026-07-20 21:16:52,12,2.27,3.64,cb
TR2607200001101,CL108236,EN00349,velo_elec,Nantes,ST1028,ST1031,20/07/2026 21:12,2026-07-20 21:27:34,15,3.44,4.75,cb
TR2607200001102,CL107462,EN00225,velo_elec,Nantes,ST1029,ST1023,20/07/2026 21:13,2026-07-20 21:46:29,33,4.99,9.25,cb
TR2607200001103,CL105332,EN00365,velo_elec,Lille,ST1035,ST1035,20/07/2026 21:02,2026-07-20 21:22:46,20,5.5,6.0,cb
TR2607200001104,CL106510,EN00184,velo_elec,Lyon,ST1005,ST1003,2026-07-20 21:25:37,2026-07-20 21:34:37,9,1.68,3.25,cb
TR2607200001105,CL108784,EN00075,trottinette,Lyon ,ST1018,ST1008,2026-07-20 21:28:56,2026-07-20 21:47:56,19,4.79,5.18,abonnement
TR2607200001106,CL105521,EN00237,velo_elec,Nantes,ST1025,ST1030,2026-07-20 21:19:59,2026-07-20 21:30:59,11,3.33,3.75,cb
TR2607200001107,CL105424,EN00402,trottinette,Lille,ST1044,ST1039,2026-07-20 21:16:46,2026-07-20 21:20:46,4,0.99,1.88,cb
TR2607200001108,CL107258,EN00047,velo_elec,Lyon,ST1004,ST1002,2026-07-20 21:39:37,1784577157,13,2.32,4.25,cb
TR2607200001109,CL105054,EN00203,trottinette,Lyon,ST1016,ST1012,1784576453,2026-07-20 21:49:53,9,2.47,2.98,paypal
TR2607200001110,CL108475,EN00226,velo_elec,Nantes,ST1022,ST1025,2026-07-20 21:35:05,2026-07-20 22:00:05,25,5.59,7.25,cb
TR2607200001111,CL103403,EN00266,velo_elec,Nantes,ST1024,ST1022,2026-07-20 21:43:42,20/07/2026 22:02,19,5.84,5.75,abonnement
TR2607200001112,CL105769,EN00286,velo_elec,Nantes,ST1025,ST1028,2026-07-20 21:43:46,2026-07-20 21:50:46,7,1.83,2.75,cb
TR2607200001113,CL105149,EN00354,velo_elec,Nantes,ST1032,ST1021,2026-07-20 21:36:11,2026-07-20 21:46:11,10,2.8,3.5,abonnement
TR2607200001114,CL107352,EN00372,trottinette,Lille,ST1041,ST1041,2026-07-20 21:35:34,2026-07-20 22:09:34,34,8.58,8.48,cb
TR2607200001115,CL103426,EN00422,velo_elec,Lille,ST1045,ST1035,2026-07-20 21:35:05,2026-07-20 21:42:05,7,1.99,2.75,cb
TR2607200001116,CL107878,EN00588,velo_elec,Grenoble,ST1049,ST1050,2026-07-20 21:33:38,2026-07-20 21:44:38,11,1.97,3.75,cb
TR2607200001117,CL106217,EN00091,velo_elec,Lyon,ST1006,ST1012,2026-07-20 22:00:11,20/07/2026 22:10,10,2.92,3.5,cb
TR2607200001118,CL103576,EN00194,velo_elec,Lyon,ST1019,ST1007,2026-07-20 21:54:15,1784577795,9,2.41,3.25,cb
TR2607200001119,CL107278,EN00245,velo_elec,Nantes,ST1021,ST1029,2026-07-20 21:54:44,2026-07-20 22:11:44,17,2.69,5.25,abonnement
TR2607200001120,CL102933,EN00184,velo_elec,Lyon,ST1003,ST1008,2026-07-20 22:29:56,2026-07-20 22:35:56,6,1.91,2.5,cb
TR2607200001121,CL107316,EN00068,velo_elec,Lyon,ST1013,ST1003,20/07/2026 22:22,2026-07-20 22:47:17,25,7.35,7.25,paypal
TR2607200001122,CL101697,EN00442,trottinette,lille,ST1042,ST1034,2026-07-20 22:22:53,2026-07-20 22:37:53,15,3.26,4.3,cb
TR2607200001123,CL103549,EN00181,velo_elec,Lyon,ST1005,ST1004,2026-07-20 22:32:25,1784580265,12,3.9,4.0,paypal
TR2607200001124,CL104340,EN00588,velo_elec,Grenoble,ST1050,ST1055,1784579620,2026-07-20 23:07:40,34,6.08,9.5,paypal
TR2607200001125,CL101854,EN00598,velo_elec,Grenoble,ST1057,ST1057,20/07/2026 22:43,2026-07-20 22:47:52,4,1.05,2.0,cb
TR2607200001126,CL108216,EN00295,velo_elec,nantes,ST1027,ST1032,2026-07-20 22:50:11,2026-07-20 23:13:11,23,6.2,6.75,cb
TR2607200001127,CL101657,EN00377,trottinette,Lille,ST1036,ST1047,2026-07-20 22:46:54,20/07/2026 22:59,13,2.89,3.86,abonnement
TR2607200001128,CL101238,EN00464,trottinette,Lille,ST1041,ST1045,1784580566,2026-07-20 22:58:26,9,1.45,2.98,cb
TR2607200001129,CL106913,EN00136,trottinette,Lyon,ST1014,ST1007,2026-07-20 23:18:48,2026-07-20 23:32:48,14,4.83,4.08,cb
TR2607200001130,CL106883,EN00577,velo_elec,Grenoble,ST1056,ST1058,2026-07-20 23:22:26,20/07/2026 23:27,5,0.94,2.25,abonnement
TR2607200001131,CL101153,EN00249,velo_elec,Nantes,ST1032,ST1024,2026-07-20 23:44:01,2026-07-20 23:48:01,4,0.85,2.0,cb
TR2607200001132,CL105977,EN00091,velo_elec,Lyon,ST1012,ST1019,2026-07-20 23:57:16,,9,2.77,3.25,paypal
TR2607200001133,CL100561,EN00004,velo_elec,Lyon,ST1018,ST1001,2026-07-20 23:57:30,2026-07-21 00:01:30,4,1.03,2.0,abonnement
