trajet_id,client_id,engin_id,type_engin,ville,station_depart,station_arrivee,debut,fin,duree_min,distance_km,montant_eur,moyen_paiement
TR2609090056162,CL108321,EN00055,trottinette,Lyon,ST1011,ST1013,2026-09-09 00:25:53,09/09/2026 00:38,13,3.34,3.86,abonnement
TR2609090056163,CL108913,EN00441,velo_elec,Lille,ST1045,ST1045,2026-09-09 00:20:58,2026-09-09 00:33:58,13,2.21,4.25,cb
TR2609090056164,CL107343,EN00534,trottinette,Grenoble,ST1048,ST1049,2026-09-09 00:24:45,2026-09-09 00:38:45,14,3.47,4.08,cb
TR2609090056165,CL101019,EN00591,velo_elec,Grenoble,ST1058,ST1048,2026-09-09 00:49:40,2026-09-09 01:13:40,24,6.97,7.0,abonnement
TR2609090056166,CL107660,EN00560,velo_elec,Grenoble,ST1051,ST1058,2026-09-09 01:26:01,1788910381,7,2.03,2.75,cb
TR2609090056167,CL101479,EN00483,trottinette,Lille,ST1044,ST1045,2026-09-09 03:12:16,09/09/2026 03:27,15,2.3,4.3,cb
TR2609090056168,CL102619,EN00021,trottinette,Lyon,ST1010,ST1009,2026-09-09 05:07:12,2026-09-09 05:36:12,29,8.8,7.38,cb
TR2609090056169,CL101908,EN00523,velo_elec,Grenoble,ST1051,ST1058,2026-09-09 05:05:00,1788923580,8,1.69,3.0,paypal
TR2609090056170,CL108561,EN00192,velo_elec,Lyon,ST1007,ST1009,2026-09-09 05:22:34,1788924334,3,0.78,1.75,paypal
TR2609090056171,CL102491,EN00461,velo_elec,Lille,ST1046,ST1038,2026-09-09 05:25:49,2026-09-09 05:45:49,20,3.52,6.0,abonnement
TR2609090056172,CL101999,EN00430,velo_elec,Lille,ST1039,ST1037,2026-09-09 05:37:28,2026-09-09 05:53:28,16,4.2,5.0,paypal
TR2609090056173,CL103776,EN00426,trottinette,Lille,ST1039,ST1046,09/09/2026 05:31,2026-09-09 05:38:59,7,2.11,2.54,paypal
TR2609090056174,CL106700,EN00444,trottinette,Lille,ST1041,ST1047,2026-09-09 05:39:21,2026-09-09 05:56:21,17,4.05,4.74,abonnement
TR2609090056175,CL104700,EN00101,velo_elec,Lyon,ST1017,ST1017,2026-09-09 05:54:15,2026-09-09 06:03:15,9,1.45,3.25,cb
TR2609090056176,CL106320,EN00195,velo_elec,Lyon,ST1002,ST1014,2026-09-09 06:08:11,09/09/2026 06:27,19,6.31,5.75,
TR2609090056177,CL105472,EN00018,trottinette,Lyon,ST1005,ST1002,2026-09-09 06:00:54,2026-09-09 06:04:54,4,1.13,1.88,cb
TR2609090056178,CL100947,EN00193,trottinette,Lyon,ST1006,ST1001,2026-09-09 06:04:12,2026-09-09 06:25:12,21,5.34,5.62,cb
TR2609090056179,CL103423,EN00037,trottinette,Lyon,ST1007,ST1005,2026-09-09 06:10:18,2026-09-09 06:15:18,5,1.43,2.1,cb
TR2609090056180,CL101855,EN00157,velo_elec,Lyon,ST1014,ST1001,2026-09-09 06:10:59,2026-09-09 06:31:59,21,3.34,6.25,cb
TR2609090056181,CL102149,EN00298,trottinette,Nantes,ST1023,ST1022,2026-09-09 06:13:45,2026-09-09 06:47:45,34,9.67,8.48,cb
TR2609090056182,CL108508,EN00316,velo_elec,Nantes,ST1025,ST1020,2026-09-09 06:13:32,1788927572,6,2.03,2.5,cb
TR2609090056183,CL104638,EN00358,trottinette,Nantes,ST1029,ST1021,2026-09-09 06:04:13,2026-09-09 06:22:13,18,6.2,4.96,abonnement
TR2609090056184,CL108283,EN00481,velo_elec,Lille,ST1037,ST1041,2026-09-09 06:03:47,2026-09-09 06:09:47,6,1.55,2.5,abonnement
TR2609090056185,CL104720,EN00490,velo,Lille,ST1039,ST1034,09/09/2026 06:06,2026-09-09 06:22:11,-13,5.47,3.4,cb
TR2609090056186,CL102763,EN00471,velo,Lille,ST1039,ST1036,2026-09-09 06:08:13,2026-09-09 06:21:13,13,4.23,2.95,cb
TR2609090056187,CL108813,EN00378,velo_elec,Lille,ST1044,ST1034,2026-09-09 06:10:22,2026-09-09 06:22:22,12,2.09,4.0,paypal
TR2609090056188,CL104737,EN00554,velo_elec,Grenoble,ST1054,ST1049,2026-09-09 06:10:50,09/09/2026 06:17,7,1.68,2.75,cb
TR2609090056189,CL100119,EN00162,velo_elec,Lyon,ST1006,ST1013,2026-09-09 06:20:38,2026-09-09 06:27:38,7,2.13,2.75,abonnement
TR2609090056190,CL105533,EN00178,velo_elec,Lyon,ST1006,ST1003,2026-09-09 06:26:09,09/09/2026 06:44,18,6.28,5.5,paypal
TR2609090056191,CL105631,EN00173,velo_elec,Lyonn,ST1008,ST1002,2026-09-09 06:17:27,2026-09-09 06:27:27,10,3.32,3.5,cb
TR2609090056192,CL103874,EN00009,velo_elec,Lyon,ST1009,ST1002,2026-09-09 06:23:53,2026-09-09 06:47:53,24,8.07,7.0,abonnement
TR2609090056193,CL102078,EN00160,velo_elec,Lyon,ST1010,ST1002,2026-09-09 06:21:22,2026-09-09 06:36:22,15,3.8,4.75,cb
TR2609090056194,CL106509,EN00220,velo_elec,Lyon,ST1011,ST1002,09/09/2026 06:21,09/09/2026 06:31,10,2.75,3.5,cb
TR2609090056195,CL107505,EN00025,velo_elec,Lyon,ST1012,ST1003,,2026-09-09 06:20:15,4,0.75,2.0,cb
TR2609090056196,CL107229,EN00208,velo_elec,Lyon,ST1014,ST1011,2026-09-09 06:17:58,2026-09-09 06:35:58,18,3.82,5.5,cb
TR2609090056197,CL105560,EN00094,velo_elec,Lyon,ST1016,ST1010,09/09/2026 06:30,2026-09-09 06:35:12,5,0.8,2.25,abonnement
TR2609090056198,CL104747,EN00101,velo_elec,Lyon,ST1017,ST1003,09/09/2026 06:15,2026-09-09 06:23:56,8,2.77,3.0,cb
TR2609090056199,CL108312,EN00042,trottinette,LYON,ST1018,ST1004,2026-09-09 06:19:44,09/09/2026 06:26,7,2.23,2.54,paypal
TR2609090056200,CL106434,EN00329,trottinette,Nantes,ST1025,ST1021,2026-09-09 06:19:02,2026-09-09 06:29:02,10,3.45,3.2,cb
TR2609090056201,CL106498,EN00249,velo_elec,Nantes,ST1028,ST1021,2026-09-09 06:21:54,09/09/2026 06:26,5,1.24,2.25,cb
TR2609090056202,CL107835,EN00441,velo_elec,Lille,ST1035,ST1042,2026-09-09 06:17:45,2026-09-09 06:32:45,15,2.66,4.75,cb
TR2609090056203,CL101612,EN00377,trottinette,Lille,ST1045,ST1034,2026-09-09 06:29:26,1788928886,12,3.92,3.64,cb
TR2609090056204,CL105659,EN00474,velo_elec,Lille,ST1045,ST1035,2026-09-09 06:25:58,2026-09-09 06:47:58,22,5.15,6.5,cb
TR2609090056205,CL102117,EN00585,velo_elec,Grenoble,ST1050,ST1049,09/09/2026 06:27,09/09/2026 06:42,15,5.19,4.75,abonnement
TR2609090056206,CL100977,EN00192,velo_elec,lyon,ST1009,ST1019,2026-09-09 06:40:51,2026-09-09 06:44:51,4,0.7,2.0,abonnement
TR2609090056207,CL100596,EN00216,velo_elec,Lyon,ST1010,ST1002,2026-09-09 06:33:19,09/09/2026 06:50,17,5.27,5.25,paypal
TR2609090056208,CL104623,EN00002,velo_elec,Lyon,ST1013,ST1016,2026-09-09 06:38:27,2026-09-09 06:45:27,7,1.27,2.75,cb
TR2609090056209,CL108084,EN00036,velo_elec,Lyon,ST1014,ST1015,2026-09-09 06:32:23,2026-09-09 06:44:23,12,2.55,4.0,abonnement
TR2609090056210,CL105810,EN00195,velo_elec,Lyon,ST1014,ST1019,1788928320,2026-09-09 06:36:00,4,1.07,2.0,paypal
TR2609090056211,CL104290,EN00214,trottinette,Lyon,ST1018,ST1004,2026-09-09 06:34:32,2026-09-09 06:49:32,15,3.38,4.3,cb
TR2609090056212,CL106082,EN00267,trottinette,NANTES,ST1028,ST1022,1788928605,09/09/2026 06:46,10,1.79,3.2,cb
TR2609090056213,CL103774,EN00277,velo_elec,Nantes,ST1032,ST1022,2026-09-09 06:39:30,2026-09-09 06:45:30,6,1.27,2.5,cb
TR2609090056214,CL108555,EN00430,velo_elec,LILLE,ST1037,ST1034,2026-09-09 06:41:55,2026-09-09 06:58:55,17,3.46,5.25,abonnement
TR2609090056215,CL107079,EN00453,trottinette,Lille,ST1037,ST1041,2026-09-09 06:42:07,09/09/2026 06:51,9,1.92,2.98,abonnement
TR2609090056216,CL104326,EN00392,velo_elec,Lille,ST1038,ST1047,2026-09-09 06:39:27,2026-09-09 06:51:27,12,3.5,4.0,abonnement
TR2609090056217,CL108040,EN00362,velo_elec,Lille,ST1038,ST1036,2026-09-09 06:30:56,2026-09-09 06:44:56,14,3.46,4.5,cb
TR2609090056218,CL102553,EN00404,trottinette,Lille,ST1044,ST1045,2026-09-09 06:41:05,2026-09-09 06:55:05,14,2.78,4.08,cb
TR2609090056219,CL104732,EN00516,velo_elec,GRENOBLE,ST1048,ST1053,1788929113,09/09/2026 06:52,7,1.86,2.75,cb
TR2609090056220,CL108269,EN00551,trottinette,Grenoble,ST1049,ST1055,2026-09-09 06:35:13,1788928753,4,0.98,1.88,abonnement
TR2609090056221,CL103530,EN00591,velo_elec,Grenoble,ST1050,ST1048,2026-09-09 06:33:49,2026-09-09 07:17:49,44,13.92,12.0,cb
TR2609090056222,CL100893,EN00598,velo_elec,Grenoble,ST1052,ST1049,2026-09-09 06:43:55,2026-09-09 06:55:55,12,1.99,4.0,cb
TR2609090056223,CL103005,EN00522,velo_elec,Grenoble,ST1057,ST1049,2026-09-09 06:37:50,2026-09-09 06:50:50,13,2.81,4.25,abonnement
TR2609090056224,CL102142,EN00139,velo_elec,Lyon,ST1008,ST1004,2026-09-09 07:00:18,2026-09-09 07:09:18,9,2.95,3.25,cb
TR2609090056225,CL103298,EN00162,velo_elec,lyon,ST1013,ST1002,2026-09-09 06:47:05,2026-09-09 06:58:05,11,2.77,3.75,cb
TR2609090056226,CL101869,EN00141,velo_elec,Lyon,ST1015,ST1001,2026-09-09 06:48:14,2026-09-09 07:03:14,15,5.09,4.75,abonnement
TR2609090056227,CL100415,EN00246,trottinette,Nantes,ST1023,ST1020,2026-09-09 06:49:30,2026-09-09 06:59:30,10,1.83,3.2,cb
TR2609090056228,CL101933,EN00276,velo_elec,NANTES,ST1029,ST1020,2026-09-09 06:56:50,09/09/2026 07:06,10,1.85,3.5,cb
TR2609090056229,CL104226,EN00260,velo_elec,Nantes,ST1032,ST1020,2026-09-09 06:50:07,2026-09-09 07:36:07,46,13.44,12.5,abonnement
TR2609090056230,CL102806,EN00426,trottinette, Lille,ST1046,ST1034,09/09/2026 06:56,1788930533,12,4.01,3.64,abonnement
TR2609090056231,CL101676,EN00513,velo_elec,Grenoble,ST1051,ST1048,2026-09-09 07:00:10,1788930490,8,2.01,3.0,cb
TR2609090056232,CL106531,EN00203,trottinette,Lyon,ST1005,ST1002,2026-09-09 07:03:36,1788930336,2,0.59,1.44,cb
TR2609090056233,CL107915,EN00084,velo_elec,Lyon,ST1006,ST1002,2026-09-09 07:07:11,2026-09-09 07:20:11,13,4.0,4.25,cb
TR2609090056234,CL107680,EN00044,trottinette,Lyon,ST1008,ST1001,2026-09-09 07:05:41,1788931721,23,7.48,,cb
TR2609090056235,CL102817,EN00085,velo_elec,Lyon,ST1009,ST1017,2026-09-09 07:01:46,2026-09-09 07:08:46,7,1.91,2.75,
TR2609090056236,CL101962,EN00110,velo_elec,lyon,ST1011,ST1013,1788930865,2026-09-09 07:19:25,5,1.64,2.25,cb
TR2609090056237,CL101337,EN00081,velo_elec,Lyon,ST1012,ST1004,09/09/2026 07:05,1788930504,3,1.04,1.75,cb
TR2609090056238,CL102871,EN00197,velo_elec,Lyon,ST1014,ST1001,2026-09-09 07:05:50,2026-09-09 07:33:50,-3,4.64,8.0,cb
TR2609090056239,CL105818,EN00036,velo_elec,Lyon,ST1015,ST1008,2026-09-09 07:08:44,2026-09-09 07:22:44,14,4.47,4.5,paypal
TR2609090056240,CL107971,EN00351,trottinette,NANTES,ST1020,ST1028,09/09/2026 07:02,2026-09-09 07:10:03,8,2.65,2.76,abonnement
TR2609090056241,CL104767,EN00353,velo,Nantes,ST1023,ST1022,09/09/2026 07:12,2026-09-09 07:22:43,10,1.76,2.5,paypal
TR2609090056242,CL100779,EN00279,velo,Nantes,ST1023,ST1022,2026-09-09 07:15:55,2026-09-09 07:21:55,6,2.07,1.9,paypal
TR2609090056243,CL102432,EN00339,velo_elec,Nantes,ST1028,ST1022,2026-09-09 07:04:53,2026-09-09 07:12:53,8,2.0,3.0,cb
TR2609090056244,CL108867,EN00359,trottinette,Nantes,ST1028,ST1033,2026-09-09 07:13:42,2026-09-09 07:20:42,7,1.72,2.54,abonnement
TR2609090056245,CL106036,EN00297,trottinette,Nantes,ST1028,ST1024,2026-09-09 07:08:13,2026-09-09 07:41:13,33,7.54,8.26,paypal
TR2609090056246,CL101234,EN00233,velo_elec,NANTES,ST1028,ST1020,2026-09-09 07:12:42,2026-09-09 07:19:42,7,1.52,2.75,cb
TR2609090056247,CL100643,EN00285,trottinette,Nantes,ST1028,ST1029,09/09/2026 07:09,2026-09-09 07:15:41,6,1.05,2.32,paypal
TR2609090056248,CL101632,EN00226,velo_elec,Nantes,ST1031,ST1022,2026-09-09 07:06:50,09/09/2026 07:13,7,2.26,2.75,cb
TR2609090056249,CL108220,EN00281,velo_elec,Nantes,ST1031,ST1020,2026-09-09 07:03:42,2026-09-09 07:20:42,17,3.16,5.25,cb
TR2609090056250,CL106045,EN00256,velo_elec,Nantes,ST1033,ST1021,09/09/2026 07:02,2026-09-09 07:08:20,6,2.08,2.5,abonnement
TR2609090056251,CL104580,EN00263,trottinette,Nantes,ST1033,ST1021,2026-09-09 07:12:12,2026-09-09 07:19:12,7,1.66,2.54,cb
TR2609090056252,CL104646,EN00365,velo_elec,Lille,ST1034,ST1037,09/09/2026 07:09,2026-09-09 07:21:58,12,2.75,4.0,paypal
TR2609090056253,CL102358,EN00467,velo_elec,Lille,ST1042,ST1036,2026-09-09 07:15:42,2026-09-09 07:30:42,15,5.13,4.75,cb
TR2609090056254,CL101558,EN00372,trottinette,Lille,ST1044,ST1038,2026-09-09 07:11:53,2026-09-09 07:16:53,5,0.9,2.1,cb
TR2609090056255,CL102617,EN00485,trottinette,Lille,ST1046,ST1035,09/09/2026 07:02,1788931337,20,4.1,5.4,paypal
TR2609090056256,CL100469,EN00408,velo_elec,Lille,ST1047,ST1034,2026-09-09 07:11:47,1788931727,17,2.79,5.25,cb
TR2609090056257,CL105513,EN00444,trottinette,Lille,ST1047,ST1036,2026-09-09 07:01:24,2026-09-09 07:11:24,10,3.46,3.2,cb
TR2609090056258,CL105796,EN00541,velo_elec,Grenoble,ST1050,ST1051,2026-09-09 07:12:51,09/09/2026 07:22,10,3.18,3.5,paypal
TR2609090056259,CL106429,EN00506,trottinette,Grenoble,ST1052,ST1049,2026-09-09 07:03:55,1788931195,16,5.59,4.52,abonnement
TR2609090056260,CL107623,EN00575,trottinette,Grenoble,ST1052,ST1048,2026-09-09 07:08:09,2026-09-09 07:26:09,18,3.26,4.96,abonnement
TR2609090056261,CL106551,EN00516,velo_elec,Grenoble,ST1053,ST1050,2026-09-09 07:03:11,2026-09-09 07:11:11,8,1.3,3.0,abonnement
TR2609090056262,CL106719,EN00577,velo_elec,Grenoble,ST1056,ST1048,2026-09-09 07:01:11,2026-09-09 07:09:11,8,2.56,3.0,cb
TR2609090056263,CL107111,EN00535,velo_elec,Grenoble,ST1058,ST1048,1788930214,2026-09-09 07:15:34,12,3.85,4.0,cb
TR2609090056264,CL106165,EN00523,velo_elec,Grenoble,ST1058,ST1048,2026-09-09 07:07:07,2026-09-09 07:21:07,14,3.82,4.5,cb
TR2609090056265,CL101855,EN00102,velo_elec,Lyon,ST1001,ST1013,2026-09-09 07:25:11,2026-09-09 07:36:11,11,3.67,3.75,cb
TR2609090056266,CL104132,EN00220,velo_elec,Lyon,ST1002,ST1005,2026-09-09 07:15:48,1788932028,18,4.83,5.5,cb
TR2609090056267,CL101232,EN00025,velo_elec,Lyon,ST1003,ST1001,09/09/2026 07:18,2026-09-09 07:52:47,34,11.31,9.5,abonnement
TR2609090056268,CL104654,EN00205,trottinette,Lyon,ST1005,ST1011,09/09/2026 07:20,2026-09-09 07:36:56,16,4.88,4.52,cb
TR2609090056269,CL103727,EN00050,velo_elec,Lyon,ST1007,ST1015,2026-09-09 07:21:32,2026-09-09 07:46:32,25,8.3,7.25,cb
TR2609090056270,CL102106,EN00079,velo_elec,Lyon,ST1009,ST1009,1788931817,2026-09-09 07:35:17,5,1.27,2.25,abonnement
TR2609090056271,CL104748,EN00021,trottinette,Lyon,ST1009,ST1004,09/09/2026 07:18,1788931585,8,1.51,2.76,cb
TR2609090056272,CL100945,EN00092,trottinette,Lyon,ST1009,ST1002,,2026-09-09 07:36:54,10,1.56,3.2,cb
TR2609090056273,CL107132,EN00094,velo_elec,Lyon,ST1010,ST1002,2026-09-09 07:15:48,2026-09-09 07:19:48,4,0.96,2.0,abonnement
TR2609090056274,CL106261,EN00218,velo_elec,Lyon,ST1010,ST1018,2026-09-09 07:27:21,09/09/2026 07:33,6,1.29,2.5,abonnement
TR2609090056275,CL100429,EN00006,trottinette,Lyon,ST1014,ST1004,1788931674,09/09/2026 07:40,13,3.33,3.86,cb
TR2609090056276,CL104253,EN00154,trottinette,Lyon,ST1014,ST1003,,2026-09-09 07:30:17,10,2.56,3.2,paypal
TR2609090056277,CL103760,EN00119,trottinette,Lyon,ST1015,ST1003,2026-09-09 07:26:25,2026-09-09 07:35:25,9,2.59,2.98,cb
TR2609090056278,CL108843,EN00058,velo_elec,Lyon,ST1016,ST1004,2026-09-09 07:23:37,2026-09-09 08:31:37,68,22.1,18.0,cb
TR2609090056279,CL102985,EN00103,trottinette,Lyon,ST1016,ST1002,09/09/2026 07:23,2026-09-09 07:49:27,26,7.42,6.72,cb
TR2609090056280,CL101179,EN00002,velo_elec,Lyon,ST1016,ST1005,09/09/2026 07:28,2026-09-09 07:50:22,22,5.02,6.5,abonnement
TR2609090056281,CL102798,EN00085,velo_elec,Lyon,ST1017,ST1002,2026-09-09 07:17:13,2026-09-09 07:30:13,13,3.1,4.25,abonnement
TR2609090056282,CL107679,EN00195,velo_elec,Lyon,ST1019,ST1002,2026-09-09 07:28:25,2026-09-09 07:49:25,21,6.89,6.25,cb
TR2609090056283,CL104175,EN00144,trottinette,Lyon,ST1019,ST1001,09/09/2026 07:20,09/09/2026 07:27,7,2.0,2.54,abonnement
TR2609090056284,CL102757,EN00224,velo_elec,Nantes,ST1024,ST1020,2026-09-09 07:26:46,2026-09-09 07:46:46,20,4.96,6.0,cb
TR2609090056285,CL103522,EN00327,velo_elec,Nantes,ST1026,ST1022,2026-09-09 07:22:57,2026-09-09 07:34:57,12,2.9,4.0,paypal
TR2609090056286,CL921983,EN00238,velo_elec,Nantes,ST1027,ST1030,2026-09-09 07:28:56,09/09/2026 07:46,18,3.46,5.5,cb
TR2609090056287,CL106152,EN00351,trottinette,Nante,ST1028,ST1027,2026-09-09 07:19:58,,19,4.76,5.18,paypal
TR2609090056288,CL106000,EN00285,trottinette,Nantes,ST1029,ST1022,2026-09-09 07:17:25,2026-09-09 07:24:25,7,1.54,2.54,paypal
TR2609090056289,CL105686,EN00273,velo_elec,Nantes,ST1030,ST1021,2026-09-09 07:24:11,,15,4.21,4.75,cb
TR2609090056290,CL101393,EN00292,velo_elec,Nantes,ST1030,ST1021,2026-09-09 07:18:14,1788931814,12,2.82,4.0,cb
TR2609090056291,CL106548,EN00245,velo_elec,Nantes,ST1032,ST1026,2026-09-09 07:18:45,2026-09-09 07:26:45,8,2.78,3.0,cb
TR2609090056292,CL104023,EN00294,velo_elec,Nantes,ST1032,ST1021,2026-09-09 07:28:44,2026-09-09 07:39:44,11,3.67,3.75,
TR2609090056293,CL101362,EN00244,trottinette,Nantes,ST1033,ST1022,2026-09-09 07:16:27,2026-09-09 07:20:27,4,1.25,1.88,cb
TR2609090056294,CL107522,EN00228,trottinette,Nantes,ST1033,ST1021,2026-09-09 07:25:56,2026-09-09 07:36:56,11,2.59,3.42,cb
TR2609090056295,CL100898,EN00395,trottinette,Lille,ST1034,ST1041,2026-09-09 07:23:34,2026-09-09 07:37:34,14,2.88,4.08,cb
TR2609090056296,CL101149,EN00424,velo_elec,Lille,ST1037,ST1036,2026-09-09 07:22:44,2026-09-09 07:44:44,22,5.73,6.5,cb
TR2609090056297,CL108176,EN00492,velo_elec,Lille,ST1037,ST1043,2026-09-09 07:28:20,2026-09-09 07:46:20,18,4.57,5.5,cb
TR2609090056298,CL100740,EN00479,trottinette,Lille,ST1037,ST1035,09/09/2026 07:17,2026-09-09 07:38:51,21,5.0,5.62,paypal
TR2609090056299,CL100060,EN00499,velo,Lille,ST1037,ST1035,2026-09-09 07:26:03,2026-09-09 07:36:03,10,1.68,2.5,cb
TR2609090056300,CL104111,EN00391,velo_elec,Lille,ST1038,ST1035,09/09/2026 07:24,2026-09-09 07:54:32,30,8.69,8.5,cb
TR2609090056301,CL101184,EN00451,velo_elec,Lille,ST1040,ST1037,09/09/2026 07:16,2026-09-09 07:20:53,4,0.89,2.0,cb
TR2609090056302,CL107773,EN00425,velo_elec,Lille,ST1042,ST1044,2026-09-09 07:29:52,2026-09-09 07:47:52,18,4.32,5.5,cb
TR2609090056303,CL104424,EN00441,velo_elec,Lille,ST1042,ST1041,2026-09-09 07:24:09,2026-09-09 07:35:09,11,2.83,3.75,paypal
TR2609090056304,CL103089,EN00446,trottinette,lille,ST1042,ST1035,2026-09-09 07:24:53,09/09/2026 07:28,4,0.68,1.88,cb
TR2609090056305,CL104810,EN00415,trottinette,Lille,ST1046,ST1038,2026-09-09 07:20:36,2026-09-09 07:26:36,6,1.92,2.32,paypal
TR2609090056306,CL105839,EN00476,trottinette,Lille,ST1046,ST1036,2026-09-09 07:19:11,2026-09-09 07:26:11,-29,2.41,2.54,paypal
TR2609090056307,CL102447,EN00392,velo_elec, Lille,ST1047,ST1036,2026-09-09 07:30:19,2026-09-09 07:56:19,26,8.71,7.5,cb
TR2609090056308,CL100863,EN00387,velo,Lille,ST1047,ST1034,09/09/2026 07:19,2026-09-09 07:45:11,26,7.62,4.9,cb
TR2609090056309,CL104519,EN00516,velo_elec,Grenoble,ST1050,ST1049,2026-09-09 07:16:04,09/09/2026 07:43,27,8.31,7.75,cb
TR2609090056310,CL103364,EN00566,trottinette,Grenoble,ST1051,ST1056,2026-09-09 07:20:38,09/09/2026 07:28,8,1.22,2.76,paypal
TR2609090056311,CL105842,EN00515,trottinette,Grenoble,ST1051,ST1056,09/09/2026 07:29,2026-09-09 07:42:49,13,4.1,3.86,abonnement
TR2609090056312,CL107271,EN00544,velo_elec,Grenoble,ST1054,ST1049,2026-09-09 07:21:05,2026-09-09 07:28:05,7,1.24,2.75,cb
TR2609090056313,CL107005,EN00587,trottinette,Grenoble,ST1055,ST1049,09/09/2026 07:23,2026-09-09 07:34:36,11,1.8,3.42,abonnement
TR2609090056314,CL107288,EN00518,trottinette,Grenoble,ST1055,ST1057,2026-09-09 07:20:15,09/09/2026 07:26,6,1.98,2.32,abonnement
TR2609090056315,CL105225,EN00548,trottinette,Grenoble,ST1058,ST1048,2026-09-09 07:22:04,2026-09-09 07:53:04,31,4.96,7.82,cb
TR2609090056316,CL108978,EN00194,velo_elec,Lyon,ST1003,ST1015,2026-09-09 07:34:56,2026-09-09 07:42:56,8,1.78,3.0,cb
TR2609090056317,CL107191,EN00204,velo_elec,Lyon,ST1005,ST1004,2026-09-09 07:31:34,2026-09-09 07:33:34,2,0.66,1.5,cb
TR2609090056318,CL104181,EN00041,velo_elec,Lyon,ST1006,ST1004,2026-09-09 07:45:20,2026-09-09 07:58:20,13,3.41,4.25,abonnement
TR2609090056319,CL106810,EN00117,trottinette,Lyon,ST1008,ST1010,2026-09-09 07:34:52,2026-09-09 07:52:52,18,4.21,4.96,cb
TR2609090056320,CL102720,EN00054,trottinette,Lyon,ST1009,ST1004,2026-09-09 07:44:47,2026-09-09 07:54:47,10,3.48,3.2,cb
TR2609090056321,CL105163,EN00105,velo_elec,Lyon,ST1010,ST1004,2026-09-09 07:41:39,2026-09-09 07:47:39,6,1.51,2.5,cb
TR2609090056322,CL102313,EN00121,trottinette,Lyon,ST1012,ST1010,2026-09-09 07:34:58,2026-09-09 08:06:58,32,6.47,8.04,cb
TR2609090056323,CL108654,EN00110,velo_elec,Lyon,ST1013,ST1002,09/09/2026 07:38,2026-09-09 07:44:09,6,0.93,2.5,paypal
TR2609090056324,CL103986,EN00113,velo_elec,Lyon,ST1014,ST1013,2026-09-09 07:43:41,2026-09-09 07:50:41,7,2.45,2.75,paypal
TR2609090056325,CL106968,EN00165,trottinette,Lyon,ST1015,ST1016,2026-09-09 07:45:26,2026-09-09 07:49:26,4,1.26,1.88,cb
TR2609090056326,CL103092,EN00187,velo_elec,Lyon,ST1016,ST1014,2026-09-09 07:40:57,2026-09-09 08:02:57,22,3.63,6.5,cb
TR2609090056327,CL101712,EN00090,trottinette,Lyon,ST1017,ST1001,2026-09-09 07:41:38,2026-09-09 08:19:38,38,12.0,9.36,cb
TR2609090056328,CL102624,EN00004,velo_elec,Lyon,ST1017,ST1003,09/09/2026 07:35,09/09/2026 08:05,30,9.25,8.5,cb
TR2609090056329,CL107477,EN00247,trottinette,Nantes,ST1020,ST1031,2026-09-09 07:37:44,2026-09-09 07:43:44,6,1.01,2.32,cb
TR2609090056330,CL103358,EN00259,trottinette,Nantes,ST1021,ST1031,2026-09-09 07:45:41,2026-09-09 08:01:41,16,3.19,4.52,cb
TR2609090056331,CL100396,EN00284,trottinette,Nantes,ST1028,ST1020,1788932151,2026-09-09 07:39:51,4,0.94,1.88,cb
TR2609090056332,CL101032,EN00286,velo_elec,Nantes,ST1030,ST1021,1788932014,2026-09-09 08:34:34,61,20.02,16.25,cb
TR2609090056333,CL107824,EN00280,trottinette,Nantes,ST1031,ST1022,2026-09-09 07:33:49,2026-09-09 07:48:49,15,4.81,4.3,paypal
TR2609090056334,CL100786,EN00261,trottinette,Nantes,ST1031,ST1022,2026-09-09 07:37:02,2026-09-09 07:49:02,12,3.28,3.64,cb
TR2609090056335,CL100495,EN00250,velo_elec,Nantes,ST1032,ST1020,2026-09-09 07:35:07,2026-09-09 07:48:07,13,2.83,4.25,cb
TR2609090056336,CL101632,EN00342,velo_elec,Nantes,ST1032,ST1020,09/09/2026 07:33,2026-09-09 07:41:13,8,1.83,3.0,paypal
TR2609090056337,CL107157,EN00311,trottinette,Nantes,ST1033,ST1022,09/09/2026 07:37,1788933207,16,2.61,4.52,cb
TR2609090056338,CL105613,EN00493,velo_elec,Lille,ST1035,ST1042,2026-09-09 07:39:47,2026-09-09 07:46:47,7,1.33,2.75,paypal
TR2609090056339,CL101118,EN00440,trottinette,Lille,ST1038,ST1043,2026-09-09 07:39:36,2026-09-09 07:53:36,14,2.86,4.08,cb
TR2609090056340,CL103674,EN00379,velo_elec,Lille,ST1038,ST1043,1788932550,2026-09-09 07:46:30,4,1.37,2.0,abonnement
TR2609090056341,CL107765,EN00381,trottinette,Lille,ST1040,ST1035,2026-09-09 07:43:18,2026-09-09 07:52:18,9,1.67,2.98,abonnement
TR2609090056342,CL106089,EN00423,velo_elec,Lille,ST1040,ST1034,2026-09-09 07:44:09,2026-09-09 07:49:09,5,1.35,2.25,paypal
TR2609090056343,CL108839,EN00388,velo_elec,Lille,ST1044,ST1034,2026-09-09 07:33:49,09/09/2026 07:58,25,5.2,7.25,abonnement
TR2609090056344,CL106854,EN00483,trottinette,Lille,ST1045,ST1035,1788932599,2026-09-09 07:50:19,7,1.28,2.54,abonnement
TR2609090056345,CL108643,EN00555,velo,Grenoble,ST1050,ST1049,2026-09-09 07:45:26,09/09/2026 07:56,11,3.81,2.65,cb
TR2609090056346,CL107674,EN00549,velo_elec,Grenoble,ST1051,ST1049,2026-09-09 07:33:27,2026-09-09 07:39:27,6,1.2,2.5,abonnement
TR2609090056347,CL100847,EN00514,velo_elec,Grenoble,ST1055,ST1048,2026-09-09 07:41:36,2026-09-09 07:50:36,9,2.28,3.25,cb
TR2609090056348,CL106058,EN00566,trottinette,Grenoble,ST1056,ST1048,2026-09-09 07:35:36,2026-09-09 07:51:36,16,4.32,4.52,abonnement
TR2609090056349,CL105941,EN00559,trottinette,Grenoble,ST1057,ST1055,2026-09-09 07:32:06,2026-09-09 07:41:06,9,3.09,2.98,abonnement
TR2609090056350,CL107413,EN00571,trottinette,Grenoble,ST1058,ST1049,2026-09-09 07:41:14,2026-09-09 08:05:14,24,6.08,6.28,cb
TR2609090056351,CL101346,EN00220,velo_elec,Lyon,ST1005,ST1002,2026-09-09 07:52:28,2026-09-09 08:01:28,9,2.37,3.25,cb
TR2609090056352,CL103308,EN00037,trottinette,Lyon,ST1005,ST1004,2026-09-09 07:47:11,2026-09-09 07:55:11,8,1.65,2.76,cb
TR2609090056353,CL102657,EN00093,velo_elec,Lyon,ST1006,ST1004,09/09/2026 07:50,,7,1.17,2.75,cb
TR2609090056354,CL104508,EN00077,trottinette,Lyon,ST1006,ST1018,2026-09-09 07:53:02,2026-09-09 08:11:02,18,5.24,4.96,abonnement
TR2609090056355,CL107019,EN00073,velo_elec,Lyon,ST1007,ST1015,2026-09-09 07:49:54,2026-09-09 08:03:54,-10,3.05,4.5,cb
TR2609090056356,CL107979,EN00089,trottinette,Lyon,ST1007,ST1010,2026-09-09 07:59:30,09/09/2026 08:07,8,2.44,2.76,cb
TR2609090056357,CL103911,EN00161,velo_elec,Lyon,ST1007,ST1002,2026-09-09 07:59:35,2026-09-09 08:13:35,14,2.29,4.5,cb
TR2609090056358,CL107257,EN00079,velo_elec,Lyon,ST1009,ST1017,2026-09-09 07:59:51,2026-09-09 08:08:51,9,2.4,3.25,cb
TR2609090056359,CL100649,EN00164,trottinette,Lyon,ST1010,ST1003,2026-09-09 07:48:52,2026-09-09 08:02:52,14,3.25,4.08,cb
TR2609090056360,CL100874,EN00208,velo_elec,Lyon,ST1011,ST1004,09/09/2026 07:53,09/09/2026 08:05,12,3.05,4.0,abonnement
TR2609090056361,CL100720,EN00131,trottinette,Lyon,ST1012,ST1003,09/09/2026 07:50,2026-09-09 07:52:08,2,0.5,1.44,cb
TR2609090056362,CL108010,EN00106,trottinette,Lyon,ST1012,ST1001,1788933083,2026-09-09 08:11:23,20,5.64,5.4,abonnement
TR2609090056363,CL105059,EN00034,velo_elec,Lyon,ST1013,ST1014,2026-09-09 07:55:49,2026-09-09 08:01:49,6,1.97,2.5,paypal
TR2609090056364,CL101410,EN00102,velo_elec,Lyon,ST1013,ST1014,2026-09-09 07:58:12,09/09/2026 08:17,19,6.25,5.75,abonnement
TR2609090056365,CL103128,EN00111,trottinette,Lyon,ST1017,ST1003,2026-09-09 07:58:22,09/09/2026 08:09,11,3.37,3.42,abonnement
TR2609090056366,CL106875,EN00091,velo_elec,Lyon,ST1019,ST1004,2026-09-09 07:46:09,09/09/2026 07:53,7,1.51,2.75,cb
TR2609090056367,CL104161,EN00341,velo_elec,Nantes,ST1024,ST1021,2026-09-09 07:55:15,1788934815,25,5.23,7.25,paypal
TR2609090056368,CL107333,EN00266,velo_elec,Nantes,ST1024,ST1022,1788932969,2026-09-09 08:05:29,16,5.37,5.0,cb
TR2609090056369,CL108205,EN00337,trottinette,Nantes,ST1024,ST1022,09/09/2026 07:58,09/09/2026 08:14,16,5.21,4.52,abonnement
TR2609090056370,CL107250,EN00240,trottinette,Nantes,ST1025,ST1022,1788932896,2026-09-09 07:57:16,9,2.77,2.98,paypal
TR2609090056371,CL104153,EN00234,trottinette,Nante,ST1025,ST1022,2026-09-09 07:54:28,2026-09-09 08:05:28,11,2.26,3.42,cb
TR2609090056372,CL104851,EN00304,velo_elec,Nantes,ST1026,ST1022,2026-09-09 08:00:38,2026-09-09 08:10:38,10,3.09,3.5,cb
TR2609090056373,CL101130,EN00232,trottinette,Nantes,ST1032,ST1030,2026-09-09 07:55:08,2026-09-09 07:59:08,4,1.32,1.88,abonnement
TR2609090056374,CL105647,EN00359,trottinette,Nante,ST1033,ST1024,2026-09-09 07:59:59,2026-09-09 08:13:59,14,4.66,4.08,cb
TR2609090056375,CL104358,EN00451,velo_elec,Lille,ST1037,ST1038,2026-09-09 07:53:34,2026-09-09 08:08:34,15,4.37,4.75,cb
TR2609090056376,CL100757,EN00434,velo_elec,Lille,ST1040,ST1034,2026-09-09 07:46:00,2026-09-09 07:55:00,9,2.05,3.25,abonnement
TR2609090056377,CL107441,EN00481,velo_elec,Lille,ST1041,ST1038,2026-09-09 07:48:22,2026-09-09 08:23:22,35,6.64,9.75,cb
TR2609090056378,CL103562,EN00363,velo_elec,Lille,ST1041,ST1040,2026-09-09 07:56:30,2026-09-09 08:01:30,5,1.31,2.25,abonnement
TR2609090056379,CL107046,EN00498,trottinette,Lille,ST1044,ST1044,2026-09-09 07:59:54,09/09/2026 08:09,10,3.19,3.2,cb
TR2609090056380,CL106352,EN00404,trottinette,Lille,ST1045,ST1035,09/09/2026 07:46,09/09/2026 07:57,11,2.36,3.42,cb
TR2609090056381,CL103597,EN00450,trottinette,Lille,ST1045,ST1034,2026-09-09 07:59:56,2026-09-09 08:17:56,18,3.81,4.96,cb
TR2609090056382,CL104555,EN00594,velo,Grenoble,ST1050,ST1048,09/09/2026 07:53,2026-09-09 08:08:37,15,4.39,3.25,cb
TR2609090056383,CL100151,EN00509,trottinette,Grenoble,ST1052,ST1055,1788932936,2026-09-09 08:20:56,32,6.01,8.04,abonnement
TR2609090056384,CL102494,EN00550,velo,Grenoble,ST1052,ST1049,09/09/2026 07:59,2026-09-09 08:24:07,25,6.21,4.75,abonnement
TR2609090056385,CL103842,EN00512,velo_elec,Grenoble,ST1053,ST1048,2026-09-09 07:58:27,09/09/2026 08:20,22,4.82,6.5,cb
TR2609090056386,CL106028,EN00547,trottinette,Grenoble,ST1058,ST1048,2026-09-09 07:58:34,2026-09-09 08:01:34,3,0.95,1.66,paypal
TR2609090056387,CL106865,EN00091,velo_elec,Lyon,ST1004,ST1009,2026-09-09 08:08:22,,5,1.07,2.25,abonnement
TR2609090056388,CL104689,EN00002,velo_elec,Lyon,ST1005,ST1007,2026-09-09 08:05:27,1788935067,19,4.44,5.75,cb
TR2609090056389,CL103248,EN00118,trottinette,Lyon,ST1005,ST1012,2026-09-09 08:02:14,2026-09-09 08:14:14,12,3.9,3.64,cb
TR2609090056390,CL107782,EN00005,velo_elec,Lyon,ST1005,ST1003,2026-09-09 08:15:29,2026-09-09 08:21:29,6,1.41,2.5,abonnement
TR2609090056391,CL104070,EN00120,velo,Lyon,ST1006,ST1002,2026-09-09 08:12:57,2026-09-09 08:30:57,18,4.95,3.7,abonnement
TR2609090056392,CL104866,EN00207,velo_elec,Lyonn,ST1007,ST1012,2026-09-09 08:02:22,2026-09-09 08:16:22,14,3.42,4.5,cb
TR2609090056393,CL101962,EN00047,velo_elec,Lyon,ST1007,ST1001,2026-09-09 08:05:53,2026-09-09 08:14:53,9,1.55,3.25,paypal
TR2609090056394,CL106951,EN00036,velo_elec,Lyon,ST1008,ST1019,2026-09-09 08:04:28,2026-09-09 08:11:28,7,1.6,2.75,abonnement
TR2609090056395,CL102650,EN00074,trottinette,Lyon,ST1012,ST1003,2026-09-09 08:06:08,1788934448,8,2.71,2.76,paypal
TR2609090056396,CL100922,EN00055,trottinette,Lyon,ST1013,ST1003,2026-09-09 08:14:11,2026-09-09 08:18:11,4,1.33,1.88,paypal
TR2609090056397,CL101205,EN00034,velo_elec,Lyon,ST1014,ST1004,2026-09-09 08:15:08,2026-09-09 08:17:08,2,0.65,1.5,abonnement
TR2609090056398,CL101002,EN00123,velo_elec,Lyonn,ST1016,ST1003,1788934091,2026-09-09 08:58:11,50,8.2,13.5,paypal
TR2609090056399,CL101924,EN00100,velo_elec,Lyon,ST1019,ST1001,2026-09-09 08:00:56,2026-09-09 08:18:56,18,3.84,5.5,cb
TR2609090056400,CL106156,EN00184,velo_elec,Lyon,ST1019,ST1004,09/09/2026 08:03,2026-09-09 08:14:25,11,3.71,3.75,abonnement
TR2609090056401,CL106025,EN00250,velo_elec,Nantes,ST1020,ST1022,1788934198,2026-09-09 08:32:58,23,4.86,6.75,paypal
TR2609090056402,CL101614,EN00265,trottinette,Nantes,ST1024,ST1032,2026-09-09 08:12:43,09/09/2026 08:28,16,2.5,4.52,abonnement
TR2609090056403,CL101942,EN00297,trottinette,Nantes,ST1024,ST1021,2026-09-09 08:06:23,2026-09-09 08:48:23,42,10.97,10.24,cb
TR2609090056404,CL107123,EN00346,velo,Nantes,ST1024,ST1022,09/09/2026 08:06,1788934447,8,2.61,2.2,abonnement
TR2609090056405,CL104106,EN00222,velo_elec,Nantes,ST1029,ST1031,2026-09-09 08:05:55,2026-09-09 08:13:55,8,2.63,3.0,
TR2609090056406,CL108636,EN00319,velo_elec,Nantes,ST1032,ST1032,2026-09-09 08:10:58,2026-09-09 08:40:58,30,6.72,8.5,cb
TR2609090056407,CL101269,EN00268,trottinette,Nantes,ST1032,ST1020,09/09/2026 08:05,2026-09-09 08:11:22,6,1.79,2.32,paypal
TR2609090056408,CL108554,EN00225,velo_elec,Nantes,ST1032,ST1033,2026-09-09 08:08:47,2026-09-09 08:23:47,15,3.31,4.75,cb
TR2609090056409,CL100430,EN00305,velo_elec,Nantes,ST1033,ST1020,2026-09-09 08:10:00,2026-09-09 08:36:00,6274,7.83,7.5,cb
TR2609090056410,CL105659,EN00365,velo_elec,Lille,ST1037,ST1034,2026-09-09 08:11:08,2026-09-09 08:16:08,5,1.59,2.25,cb
TR2609090056411,CL101256,EN00403,trottinette,Lille,ST1043,ST1035,2026-09-09 08:03:30,1788935370,26,5.09,6.72,cb
TR2609090056412,CL107266,EN00425,velo_elec, Lille,ST1044,ST1035,2026-09-09 08:13:47,2026-09-09 08:35:47,22,5.03,6.5,
TR2609090056413,CL102358,EN00416,trottinette,Lille,ST1044,ST1036,2026-09-09 08:06:28,2026-09-09 08:14:28,8,2.67,2.76,abonnement
TR2609090056414,CL104502,EN00386,trottinette,Lille,ST1046,ST1034,2026-09-09 08:07:26,09/09/2026 08:09,2,0.57,1.44,cb
TR2609090056415,CL104588,EN00539,velo_elec,Grenoble,ST1051,ST1049,2026-09-09 08:12:32,2026-09-09 08:21:32,9,3.0,3.25,cb
TR2609090056416,CL107603,EN00541,velo_elec,Grenoble,ST1051,ST1049,2026-09-09 08:11:28,2026-09-09 08:38:28,27,8.43,7.75,cb
TR2609090056417,CL103935,EN00589,velo_elec,Grenoble,ST1053,ST1049,2026-09-09 08:14:02,2026-09-09 08:58:02,44,8.96,12.0,cb
TR2609090056418,CL105182,EN00568,velo,Grenoble,ST1053,ST1048,09/09/2026 08:15,2026-09-09 08:29:14,14,3.75,3.1,cb
TR2609090056419,CL103538,EN00519,velo_elec,Grenoble,ST1054,ST1053,2026-09-09 08:14:40,2026-09-09 08:22:40,8,1.77,3.0,cb
TR2609090056420,CL105025,EN00517,trottinette,grenoble,ST1055,ST1049,09/09/2026 08:05,2026-09-09 08:07:46,2,0.36,1.44,paypal
TR2609090056421,CL107741,EN00551,trottinette,grenoble,ST1055,ST1049,2026-09-09 08:08:44,2026-09-09 08:20:44,12,3.88,3.64,abonnement
TR2609090056422,CL107555,EN00530,velo_elec,Grenoble,ST1057,ST1048,2026-09-09 08:04:02,2026-09-09 08:11:02,7,1.98,2.75,cb
TR2609090056423,CL106491,EN00112,velo_elec,Lyon,ST1001,ST1019,2026-09-09 08:18:38,2026-09-09 08:42:38,24,5.97,7.0,cb
TR2609090056424,CL107412,EN00119,trottinette,Lyon,ST1003,ST1018,2026-09-09 08:24:02,1788936002,16,2.6,4.52,abonnement
TR2609090056425,CL105219,EN00131,trottinette,Lyon,ST1003,ST1005,2026-09-09 08:29:25,2026-09-09 08:38:25,9,1.39,2.98,paypal
TR2609090056426,CL106338,EN00209,velo_elec,Lyon,ST1005,ST1017,2026-09-09 08:31:00,1788936000,9,1.61,3.25,cb
TR2609090056427,CL103859,EN00083,velo_elec,Lyon,ST1007,ST1012,09/09/2026 08:16,1788935458,14,3.09,4.5,abonnement
TR2609090056428,CL105526,EN00180,trottinette,Lyon,ST1007,ST1002,2026-09-09 08:17:17,09/09/2026 08:41,24,7.36,6.28,cb
TR2609090056429,CL101938,EN00134,velo,Lyon,ST1007,ST1003,2026-09-09 08:23:46,2026-09-09 08:26:46,3,0.92,1.45,cb
TR2609090056430,CL100253,EN00076,velo_elec,Lyon,ST1008,ST1008,09/09/2026 08:28,2026-09-09 08:53:25,25,4.07,7.25,cb
TR2609090056431,CL106659,EN00158,velo_elec,Lyon,ST1008,ST1004,09/09/2026 08:16,2026-09-09 08:25:21,9,3.13,3.25,cb
TR2609090056432,CL105276,EN00186,trottinette,Lyon,ST1008,ST1002,2026-09-09 08:15:30,2026-09-09 08:36:30,21,3.83,5.62,abonnement
TR2609090056433,CL101290,EN00091,velo_elec,Lyon,ST1009,ST1002,2026-09-09 08:19:52,2026-09-09 08:28:52,9,1.93,3.25,abonnement
TR2609090056434,CL107683,EN00057,velo_elec,Lyon,ST1009,ST1019,2026-09-09 08:29:02,2026-09-09 08:53:02,24,6.16,7.0,paypal
TR2609090056435,CL106998,EN00107,velo_elec,Lyon,ST1009,ST1002,09/09/2026 08:19,09/09/2026 08:30,11,2.87,3.75,abonnement
TR2609090056436,CL103295,EN00117,trottinette,LYON,ST1010,ST1012,2026-09-09 08:28:25,09/09/2026 08:36,8,2.3,2.76,paypal
TR2609090056437,CL107781,EN00121,trottinette,Lyon,ST1010,ST1017,2026-09-09 08:18:45,2026-09-09 08:27:45,9,2.38,2.98,abonnement
TR2609090056438,CL100612,EN00205,trottinette,Lyon,ST1011,ST1004,2026-09-09 08:24:44,2026-09-09 08:34:44,10,2.99,3.2,abonnement
TR2609090056439,CL104616,EN00138,velo_elec,Lyon,ST1012,ST1012,2026-09-09 08:19:59,09/09/2026 08:27,8,2.3,3.0,cb
TR2609090056440,CL100550,EN00179,trottinette,Lyon,ST1012,ST1002,2026-09-09 08:29:05,2026-09-09 08:32:05,3,0.95,1.66,cb
TR2609090056441,CL104281,EN00109,trottinette,Lyon,ST1013,ST1004,2026-09-09 08:23:50,2026-09-09 08:56:50,33,6.09,8.26,cb
TR2609090056442,CL103092,EN00124,velo_elec,Lyon,ST1015,ST1004,2026-09-09 08:25:10,2026-09-09 08:35:10,10,1.96,3.5,cb
TR2609090056443,CL103902,EN00063,velo_elec,Lyon,ST1016,ST1001,,,9,2.4,3.25,abonnement
TR2609090056444,CL108321,EN00079,velo_elec,lyon,ST1017,ST1019,2026-09-09 08:16:57,2026-09-09 08:25:57,9,3.08,3.25,cb
TR2609090056445,CL102699,EN00218,velo_elec,Lyon,ST1018,ST1012,2026-09-09 08:30:07,2026-09-09 08:49:07,19,6.14,5.75,cb
TR2609090056446,CL106299,EN00077,trottinette,Lyon,ST1018,ST1011,2026-09-09 08:26:07,2026-09-09 09:06:07,40,11.05,9.8,cb
TR2609090056447,CL107263,EN00036,velo_elec,Lyon,ST1019,ST1003,2026-09-09 08:19:44,09/09/2026 08:32,13,2.67,4.25,abonnement
TR2609090056448,CL107438,EN00224,velo_elec,Nantes,ST1020,ST1023,2026-09-09 08:19:26,2026-09-09 08:31:26,12,3.12,4.0,cb
TR2609090056449,CL108215,EN00280,trottinette,Nantes,ST1022,ST1027,2026-09-09 08:31:02,2026-09-09 08:48:02,17,3.7,4.74,cb
TR2609090056450,CL105500,EN00359,trottinette,Nantes,ST1024,ST1021,2026-09-09 08:21:36,2026-09-09 08:36:36,15,4.37,4.3,cb
TR2609090056451,CL103340,EN00235,trottinette,Nantes,ST1026,ST1021,09/09/2026 08:19,2026-09-09 09:01:19,42,10.14,10.24,abonnement
TR2609090056452,CL101461,EN00283,trottinette,Nantes,ST1026,ST1032,2026-09-09 08:30:16,,5,1.64,2.1,cb
TR2609090056453,CL101923,EN00340,velo_elec,Nantes,ST1026,ST1031,2026-09-09 08:27:33,2026-09-09 08:32:33,5,1.38,2.25,cb
TR2609090056454,CL100455,EN00295,velo_elec,Nantes,ST1026,ST1023,2026-09-09 08:29:01,2026-09-09 08:42:01,13,2.91,4.25,cb
TR2609090056455,CL103319,EN00336,velo_elec,Nantes,ST1026,ST1020,1788934555,2026-09-09 08:25:55,10,2.41,3.5,cb
TR2609090056456,CL101922,EN00314,trottinette,Nantes,ST1027,ST1030,2026-09-09 08:20:14,2026-09-09 08:34:14,14,4.53,4.08,cb
TR2609090056457,CL106260,EN00347,trottinette,Nantes,ST1028,ST1023,2026-09-09 08:27:16,2026-09-09 08:30:16,3,0.89,1.66,cb
TR2609090056458,CL103630,EN00257,trottinette,Nantes,ST1028,ST1021,1788935145,09/09/2026 08:34,9,2.3,2.98,abonnement
TR2609090056459,CL102094,EN00332,trottinette,Nantes,ST1029,ST1020,2026-09-09 08:25:26,2026-09-09 08:35:26,10,1.97,3.2,cb
TR2609090056460,CL104910,EN00349,velo_elec,Nantes,ST1030,ST1026,2026-09-09 08:20:32,1788935552,12,3.13,4.0,cb
TR2609090056461,CL101443,EN00238,velo_elec,Nantes,ST1030,ST1022,2026-09-09 08:20:45,2026-09-09 08:45:45,25,8.04,7.25,abonnement
TR2609090056462,CL100045,EN00232,trottinette,Nantes,ST1030,ST1028,2026-09-09 08:27:56,2026-09-09 08:33:56,6,1.19,2.32,abonnement
TR2609090056463,CL105547,EN00247,trottinette,Nantes,ST1031,ST1021,1788935025,1788937125,35,10.57,8.7,abonnement
TR2609090056464,CL100916,EN00259,trottinette,Nante,ST1031,ST1021,2026-09-09 08:19:41,2026-09-09 08:27:41,8,1.48,2.76,cb
TR2609090056465,CL102561,EN00357,trottinette,Nantes,ST1032,ST1020,2026-09-09 08:18:38,2026-09-09 08:31:38,13,2.16,3.86,abonnement
TR2609090056466,CL100758,EN00309,trottinette,Nantes,ST1032,ST1020,2026-09-09 08:19:38,2026-09-09 08:24:38,5,1.62,2.1,cb
TR2609090056467,CL103158,EN00331,velo,Nantes,ST1032,ST1021,2026-09-09 08:18:23,2026-09-09 08:25:23,7,2.44,,cb
TR2609090056468,CL108209,EN00335,velo,NANTES,ST1032,ST1025,1788935178,2026-09-09 08:42:18,16,5.02,3.4,cb
TR2609090056469,CL106067,EN00427,trottinette,Lille,ST1034,ST1046,2026-09-09 08:21:36,1788935316,7,1.45,2.54,cb
TR2609090056470,CL101861,EN00385,velo_elec,Lille,ST1036,ST1038,2026-09-09 08:16:42,1788935922,22,6.34,6.5,abonnement
TR2609090056471,CL107087,EN00382,trottinette,Lille,ST1036,ST1042,1788934772,09/09/2026 08:26,7,2.41,2.54,cb
TR2609090056472,CL108975,EN00395,trottinette,Lille,ST1041,ST1034,1788935254,2026-09-09 08:34:34,7,1.4,2.54,abonnement
TR2609090056473,CL105659,EN00375,trottinette,Lille,ST1045,ST1038,2026-09-09 08:28:30,2026-09-09 08:42:30,14,3.74,4.08,abonnement
TR2609090056474,CL105728,EN00531,trottinette,Grenoble,ST1051,ST1056,09/09/2026 08:22,2026-09-09 08:38:11,16,4.02,4.52,cb
TR2609090056475,CL102152,EN00543,velo,Grenoble,ST1052,ST1049,1788934831,09/09/2026 08:30,10,2.92,2.5,abonnement
TR2609090056476,CL107969,EN00502,velo,Grenoble,ST1052,ST1051,1788935195,2026-09-09 08:45:35,19,5.94,3.85,abonnement
TR2609090056477,CL104221,EN00556,trottinette,Grenoble ,ST1055,ST1054,2026-09-09 08:26:00,09/09/2026 08:37,11,3.48,3.42,paypal
TR2609090056478,CL107002,EN00515,trottinette,Grenoble,ST1056,ST1048,2026-09-09 08:30:21,2026-09-09 08:34:21,4,1.2,1.88,cb
TR2609090056479,CL107720,EN00565,trottinette,Grenoble,ST1058,ST1058,1788934692,2026-09-09 08:24:12,6,1.87,2.32,cb
TR2609090056480,CL108805,EN00029,velo_elec,Lyon,ST1005,ST1002,09/09/2026 08:30,2026-09-09 08:38:46,8,2.06,3.0,paypal
TR2609090056481,CL106718,EN00017,velo,Lyon,ST1005,ST1010,2026-09-09 08:45:56,2026-09-09 10:09:56,84,28.79,13.6,cb
TR2609090056482,CL101142,EN00023,trottinette,Lyon,ST1008,ST1006,2026-09-09 08:37:17,2026-09-09 08:51:17,14,3.57,4.08,cb
TR2609090056483,CL101267,EN00089,trottinette,Lyon ,ST1010,ST1003,2026-09-09 08:36:50,09/09/2026 09:08,32,6.6,8.04,cb
TR2609090056484,CL106326,EN00210,trottinette,Lyon,ST1010,ST1004,2026-09-09 08:39:13,2026-09-09 08:52:13,13,3.21,3.86,cb
TR2609090056485,CL102899,EN00175,trottinette,Lyon,ST1011,ST1004,09/09/2026 08:32,2026-09-09 08:43:27,11,1.81,3.42,cb
TR2609090056486,CL100214,EN00172,trottinette,Lyon,ST1012,ST1018,1788936320,2026-09-09 08:48:20,3,0.48,1.66,abonnement
TR2609090056487,CL103869,EN00010,trottinette,Lyon,ST1012,ST1002,2026-09-09 08:41:44,2026-09-09 08:48:44,7,1.08,2.54,cb
TR2609090056488,CL103809,EN00113,velo_elec,Lyon,ST1013,ST1013,2026-09-09 08:36:10,2026-09-09 08:43:10,7,1.99,2.75,paypal
TR2609090056489,CL101203,EN00200,trottinette,Lyon,ST1013,ST1014,2026-09-09 08:42:44,2026-09-09 09:00:44,18,6.28,4.96,cb
TR2609090056490,CL108967,EN00019,trottinette,Lyon,ST1013,ST1019,2026-09-09 08:32:51,2026-09-09 08:38:51,6,1.23,2.32,cb
TR2609090056491,CL102262,EN00102,velo_elec,Lyon,ST1014,ST1004,2026-09-09 08:35:54,2026-09-09 08:51:54,16,2.54,5.0,paypal
TR2609090056492,CL105321,EN00073,velo_elec,Lyon,ST1015,ST1001,2026-09-09 08:34:36,2026-09-09 09:10:36,36,6.07,10.0,abonnement
TR2609090056493,CL103639,EN00194,velo_elec,Lyon,ST1015,ST1005,09/09/2026 08:44,2026-09-09 08:50:00,6,1.05,2.5,abonnement
TR2609090056494,CL108613,EN00129,velo_elec,Lyon,ST1015,ST1001,2026-09-09 08:31:35,2026-09-09 08:39:35,8,2.65,3.0,abonnement
TR2609090056495,CL100212,EN00212,trottinette,Lyon,ST1015,ST1001,1788935967,09/09/2026 08:53,14,3.79,4.08,abonnement
TR2609090056496,CL100608,EN00191,trottinette,Lyon,ST1016,ST1012,2026-09-09 08:30:30,2026-09-09 08:36:30,6,2.04,2.32,abonnement
TR2609090056497,CL105858,EN00095,trottinette,Lyon ,ST1016,ST1003,2026-09-09 08:42:09,2026-09-09 08:52:09,10,1.57,3.2,cb
TR2609090056498,CL108995,EN00259,trottinette,Nantes,ST1021,ST1029,2026-09-09 08:40:18,2026-09-09 08:47:18,7,1.73,2.54,cb
TR2609090056499,CL107382,EN00347,trottinette,Nantes,ST1023,ST1022,2026-09-09 08:39:16,2026-09-09 08:44:16,5,0.98,2.1,abonnement
TR2609090056500,CL108600,EN00224,velo_elec,Nantes,ST1023,ST1021,2026-09-09 08:42:58,2026-09-09 09:06:58,24,5.74,7.0,paypal
TR2609090056501,CL107631,EN00245,velo_elec,nantes,ST1026,ST1025,2026-09-09 08:40:01,2026-09-09 08:55:01,15,3.46,4.75,abonnement
TR2609090056502,CL104437,EN00307,trottinette,NANTES,ST1026,ST1021,2026-09-09 08:42:07,2026-09-09 09:04:07,22,6.08,5.84,paypal
TR2609090056503,CL103247,EN00351,trottinette,Nantes,ST1027,ST1033,2026-09-09 08:36:12,1788939312,59,14.87,13.98,cb
TR2609090056504,CL103437,EN00306,velo,Nantes,ST1027,ST1027,2026-09-09 08:36:39,2026-09-09 08:57:39,21,7.18,4.15,paypal
TR2609090056505,CL100786,EN00289,trottinette,nantes,ST1028,ST1027,2026-09-09 08:36:42,2026-09-09 08:41:42,5,1.28,2.1,paypal
TR2609090056506,CL104015,EN00343,velo,Nantes,ST1029,ST1021,09/09/2026 08:35,2026-09-09 08:56:17,21,5.72,4.15,abonnement
TR2609090056507,CL107647,EN00312,trottinette,Nantes,ST1030,ST1033,2026-09-09 08:38:10,2026-09-09 08:48:10,10,3.27,3.2,abonnement
TR2609090056508,CL105183,EN00293,velo_elec,Nantes,ST1031,ST1021,09/09/2026 08:44,2026-09-09 08:59:41,15,4.05,4.75,
TR2609090056509,CL107962,EN00222,velo_elec,NANTES,ST1031,ST1021,09/09/2026 08:39,2026-09-09 08:57:03,18,5.43,5.5,cb
TR2609090056510,CL101598,EN00313,trottinette,Nantes,ST1031,ST1021,2026-09-09 08:36:52,2026-09-09 08:41:52,-24,1.73,2.1,abonnement
TR2609090056511,CL106075,EN00265,trottinette,Nantes,ST1032,ST1022,2026-09-09 08:40:45,2026-09-09 09:15:45,35,6.16,8.7,cb
TR2609090056512,CL104503,EN00242,velo,Nantes,ST1032,ST1022,2026-09-09 08:33:02,2026-09-09 08:37:02,4,1.33,1.6,cb
TR2609090056513,CL103322,EN00225,velo_elec,Nantes,ST1033,ST1025,2026-09-09 08:32:23,2026-09-09 08:45:23,13,2.11,4.25,cb
TR2609090056514,CL108877,EN00370,velo_elec,Lille,ST1035,ST1040,2026-09-09 08:42:21,2026-09-09 08:57:21,15,2.53,4.75,abonnement
TR2609090056515,CL102548,EN00366,trottinette,Lille,ST1036,ST1044,2026-09-09 08:32:04,2026-09-09 08:51:04,19,5.1,5.18,cb
TR2609090056516,CL108972,EN00484,velo_elec,Lille,ST1040,ST1040,2026-09-09 08:43:34,2026-09-09 08:50:34,7,1.13,2.75,cb
TR2609090056517,CL103050,EN00494,velo_elec,Lille,ST1041,ST1036,2026-09-09 08:35:11,2026-09-09 08:44:11,9,1.43,3.25,cb
TR2609090056518,CL106158,EN00382,trottinette,Lille,ST1042,ST1043,2026-09-09 08:41:04,09/09/2026 08:53,-21,3.09,3.64,cb
TR2609090056519,CL105504,EN00393,trottinette,Lille,ST1046,ST1040,2026-09-09 08:41:55,,11,1.96,3.42,cb
TR2609090056520,CL108504,EN00427,trottinette,Lille,ST1046,ST1039,2026-09-09 08:41:37,2026-09-09 09:22:37,41,11.63,10.02,cb
TR2609090056521,CL107024,EN00530,velo_elec,Grenoble,ST1048,ST1055,2026-09-09 08:45:01,2026-09-09 08:57:01,12,1.98,4.0,paypal
TR2609090056522,CL101005,EN00557,velo,Grenoble,ST1051,ST1054,2026-09-09 08:34:45,2026-09-09 09:11:45,37,8.47,6.55,cb
TR2609090056523,CL102351,EN00510,velo,GRENOBLE,ST1051,ST1048,2026-09-09 08:33:51,2026-09-09 08:38:51,5,1.68,1.75,abonnement
TR2609090056524,CL108003,EN00565,trottinette,Grenoble,ST1058,ST1048,2026-09-09 08:34:44,2026-09-09 08:50:44,16,4.17,4.52,paypal
TR2609090056525,CL104033,EN00508,trottinette,Grenoble,ST1058,ST1048,2026-09-09 08:41:07,1788937447,23,4.17,6.06,cb
TR2609090056526,CL104199,EN00131,trottinette,Lyon,ST1005,ST1004,09/09/2026 08:46,2026-09-09 09:10:23,24,4.4,6.28,paypal
TR2609090056527,CL100949,EN00067,velo_elec,Lyon,ST1008,ST1019,2026-09-09 08:53:32,2026-09-09 09:10:32,17,5.6,5.25,abonnement
TR2609090056528,CL101231,EN00069,trottinette,Lyon,ST1009,ST1003,,2026-09-09 09:06:40,9,1.82,2.98,cb
TR2609090056529,CL106418,EN00007,velo,Lyon,ST1009,ST1004,2026-09-09 08:53:14,09/09/2026 09:02,9,2.41,2.35,abonnement
TR2609090056530,CL102552,EN00113,velo_elec,Lyon ,ST1013,ST1003,09/09/2026 08:53,09/09/2026 09:01,8,1.52,3.0,cb
TR2609090056531,CL106784,EN00119,trottinette,Lyon,ST1018,ST1002,2026-09-09 08:51:02,2026-09-09 08:57:02,6,0.95,2.32,paypal
TR2609090056532,CL104862,EN00357,trottinette,Nantes,ST1020,ST1033,09/09/2026 08:55,2026-09-09 08:59:25,4,1.2,1.88,cb
TR2609090056533,CL103886,EN00249,velo_elec,Nantes,ST1021,ST1020,2026-09-09 08:53:28,2026-09-09 09:09:28,16,4.35,5.0,cb
TR2609090056534,CL102089,EN00295,velo_elec,Nantes,ST1023,ST1020,09/09/2026 08:53,2026-09-09 09:07:55,14,3.6,4.5,
TR2609090056535,CL101781,EN00225,velo_elec,Nantes,ST1025,ST1022,2026-09-09 08:51:19,2026-09-09 09:35:19,44,7.57,12.0,cb
TR2609090056536,CL106441,EN00335,velo,Nantes,ST1025,ST1022,2026-09-09 08:46:33,09/09/2026 09:00,14,2.24,3.1,abonnement
TR2609090056537,CL103097,EN00289,trottinette,Nantes,ST1027,ST1021,2026-09-09 08:50:14,2026-09-09 09:03:14,13,2.32,3.86,cb
TR2609090056538,CL101923,EN00287,velo_elec,Nantes,ST1028,ST1027,2026-09-09 08:54:11,09/09/2026 09:02,8,2.58,3.0,abonnement
TR2609090056539,CL106940,EN00314,trottinette,Nantes,ST1030,ST1020,1788936810,2026-09-09 09:06:30,13,3.82,3.86,
TR2609090056540,CL100966,EN00283,trottinette,nantes,ST1032,ST1021,2026-09-09 08:57:44,09/09/2026 09:03,6,1.61,2.32,cb
TR2609090056541,CL103274,EN00443,velo_elec,Lille,ST1041,ST1038,2026-09-09 08:46:58,09/09/2026 09:06,20,5.3,6.0,abonnement
TR2609090056542,CL102490,EN00493,velo_elec,Lille,ST1042,ST1035,2026-09-09 08:59:23,2026-09-09 09:11:23,12,3.44,4.0,abonnement
TR2609090056543,CL108439,EN00414,velo_elec,Lille,ST1043,ST1034,2026-09-09 08:52:08,2026-09-09 09:02:08,10,2.47,3.5,abonnement
TR2609090056544,CL106051,EN00473,trottinette,Lille,ST1044,ST1035,2026-09-09 08:57:04,2026-09-09 09:12:04,15,3.46,4.3,cb
TR2609090056545,CL106352,EN00417,trottinette,Lille,ST1044,ST1037,2026-09-09 08:50:36,2026-09-09 09:18:36,28,6.15,7.16,abonnement
TR2609090056546,CL107441,EN00412,trottinette,Lille,ST1044,ST1035,2026-09-09 08:49:44,2026-09-09 09:00:44,11,2.51,3.42,cb
TR2609090056547,CL102895,EN00468,trottinette,Lille,ST1044,ST1039,2026-09-09 08:51:02,2026-09-09 08:56:02,5,1.57,2.1,abonnement
TR2609090056548,CL101673,EN00457,velo,Lille,ST1045,ST1046,2026-09-09 08:50:04,09/09/2026 08:55,5,0.84,1.75,abonnement
TR2609090056549,CL103642,EN00369,velo, Lille,ST1045,ST1034,09/09/2026 08:55,2026-09-09 09:04:18,9,2.82,2.35,paypal
TR2609090056550,CL108526,EN00579,trottinette,Grenoble,ST1049,ST1053,2026-09-09 08:56:34,2026-09-09 09:23:34,27,5.54,6.94,abonnement
TR2609090056551,CL101678,EN00502,velo,Grenoble,ST1051,ST1053,2026-09-09 08:57:33,2026-09-09 09:08:33,11,3.84,2.65,paypal
TR2609090056552,CL100016,EN00556,trottinette,Grenoble,ST1054,ST1048,2026-09-09 08:50:03,1788937143,9,2.68,2.98,cb
TR2609090056553,CL108130,EN00546,trottinette,Grenoble,ST1057,ST1048,2026-09-09 08:57:51,2026-09-09 09:00:51,3,0.99,1.66,abonnement
TR2609090056554,CL104871,EN00518,trottinette,Grenoble,ST1057,ST1053,1788937087,09/09/2026 09:17,19,3.86,5.18,abonnement
TR2609090056555,CL100093,EN00595,velo,Grenoble,ST1058,ST1049,1788936816,09/09/2026 09:11,18,6.25,3.7,abonnement
TR2609090056556,CL106238,EN00540,velo,Grenoble,ST1058,ST1048,09/09/2026 08:47,2026-09-09 09:05:34,18,6.22,3.7,cb
TR2609090056557,CL101178,EN00572,velo,Grenoble,ST1058,ST1053,2026-09-09 08:51:41,2026-09-09 09:00:41,9,1.73,2.35,abonnement
TR2609090056558,CL102342,EN00194,velo_elec,Lyon,ST1005,ST1004,1788937298,1788937598,5,1.18,2.25,cb
TR2609090056559,CL107504,EN00156,velo,Lyon,ST1009,ST1004,2026-09-09 09:09:46,2026-09-09 09:30:46,21,4.17,4.15,cb
TR2609090056560,CL108408,EN00191,trottinette,Lyon,ST1012,ST1016,2026-09-09 09:02:30,2026-09-09 09:13:30,11,3.02,3.42,cb
TR2609090056561,CL100445,EN00182,trottinette,Lyon,ST1013,ST1008,,2026-09-09 09:23:53,13,2.73,3.86,cb
TR2609090056562,CL104793,EN00038,velo,Lyon,ST1013,ST1006,2026-09-09 09:00:29,2026-09-09 09:08:29,8,2.63,2.2,abonnement
TR2609090056563,CL102329,EN00187,velo_elec,Lyon,ST1014,ST1017,2026-09-09 09:03:08,2026-09-09 09:17:08,14,3.74,4.5,abonnement
TR2609090056564,CL102943,EN00165,trottinette,Lyon,ST1016,ST1004,2026-09-09 09:07:43,2026-09-09 09:15:43,8,2.78,2.76,abonnement
TR2609090056565,CL103167,EN00172,trottinette,Lyon,ST1018,ST1004,09/09/2026 09:04,1788937979,8,1.79,2.76,paypal
TR2609090056566,CL103049,EN00213,trottinette,Lyon,ST1019,ST1004,09/09/2026 09:08,2026-09-09 09:28:17,20,5.27,5.4,cb
TR2609090056567,CL108950,EN00349,velo_elec,Nantes,ST1026,ST1021,09/09/2026 09:09,2026-09-09 09:49:46,40,11.9,11.0,cb
TR2609090056568,CL100415,EN00280,trottinette,Nantes,ST1027,ST1033,2026-09-09 09:06:12,09/09/2026 09:30,24,7.81,6.28,cb
TR2609090056569,CL102611,EN00319,velo_elec,Nantes,ST1032,ST1021,1788938103,,16,4.02,5.0,abonnement
TR2609090056570,CL108490,EN00409,trottinette,Lille,ST1035,ST1042,2026-09-09 09:06:24,09/09/2026 09:13,7,1.48,2.54,abonnement
TR2609090056571,CL106444,EN00485,trottinette,Lille,ST1035,ST1039,09/09/2026 09:03,2026-09-09 09:12:40,9,1.49,2.98,cb
TR2609090056572,CL101786,EN00385,velo_elec, Lille,ST1038,ST1034,09/09/2026 09:02,1788938522,20,3.35,6.0,cb
TR2609090056573,CL101060,EN00468,trottinette,Lille,ST1039,ST1034,2026-09-09 09:14:32,09/09/2026 09:21,7,2.05,2.54,cb
TR2609090056574,CL102095,EN00484,velo_elec,Lille,ST1040,ST1039,2026-09-09 09:04:06,1788938166,12,1.86,4.0,cb
TR2609090056575,CL105173,EN00370,velo_elec,Lille,ST1040,ST1036,2026-09-09 09:07:50,09/09/2026 09:19,12,3.85,4.0,cb
TR2609090056576,CL103888,EN00453,trottinette,Lille,ST1041,ST1044,2026-09-09 09:07:00,2026-09-09 09:12:00,5,0.79,2.1,paypal
TR2609090056577,CL108014,EN00366,trottinette,Lille,ST1044,ST1036,2026-09-09 09:02:47,2026-09-09 09:18:47,16,2.85,4.52,paypal
TR2609090056578,CL103619,EN00580,velo_elec,Grenoble,ST1055,ST1054,2026-09-09 09:01:33,2026-09-09 09:07:33,6,1.53,2.5,abonnement
TR2609090056579,CL104069,EN00545,trottinette,Grenoble,ST1057,ST1048,,2026-09-09 09:27:43,27,8.05,6.94,cb
TR2609090056580,CL102675,EN00574,velo,Grenoble,ST1058,ST1051,2026-09-09 09:09:43,2026-09-09 09:37:43,28,9.11,5.2,
TR2609090056581,CL103382,EN00127,trottinette,Lyon,ST1008,ST1018,2026-09-09 09:21:54,2026-09-09 09:32:54,11,2.53,3.42,cb
TR2609090056582,CL103348,EN00188,velo,Lyon,ST1009,ST1001,2026-09-09 09:25:04,09/09/2026 09:41,16,2.42,3.4,cb
TR2609090056583,CL102633,EN00039,velo_elec,Lyon,ST1010,ST1003,09/09/2026 09:21,2026-09-09 09:37:36,16,2.69,5.0,abonnement
TR2609090056584,CL102352,EN00176,velo,Lyon,ST1010,ST1002,2026-09-09 09:26:07,09/09/2026 09:33,7,1.81,2.05,cb
TR2609090056585,CL102624,EN00174,velo_elec,Lyon,ST1015,ST1009,2026-09-09 09:26:54,2026-09-09 09:36:54,10,3.23,3.5,paypal
TR2609090056586,CL108991,EN00098,velo_elec,Lyonn,ST1016,ST1013,2026-09-09 09:24:46,2026-09-09 09:33:46,9,2.05,3.25,paypal
TR2609090056587,CL107906,EN00068,velo_elec,Lyon,ST1019,ST1003,2026-09-09 09:21:42,2026-09-09 09:33:42,12,1.96,4.0,cb
TR2609090056588,CL107497,EN00245,velo_elec,Nantes,ST1025,ST1033,2026-09-09 09:18:10,2026-09-09 09:22:10,4,0.89,2.0,cb
TR2609090056589,CL101299,EN00239,trottinette,Nantes,ST1026,ST1029,2026-09-09 09:19:12,1788939432,18,5.91,4.96,abonnement
TR2609090056590,CL103232,EN00232,trottinette,Nantes,ST1028,ST1020,2026-09-09 09:23:15,2026-09-09 09:33:15,10,1.62,3.2,cb
TR2609090056591,CL103908,EN00357,trottinette,Nantes,ST1033,ST1029,2026-09-09 09:17:26,2026-09-09 09:36:26,19,5.04,5.18,abonnement
TR2609090056592,CL100973,EN00411,trottinette,LILLE,ST1034,ST1038,2026-09-09 09:20:41,1788939041,10,2.96,3.2,cb
TR2609090056593,CL105001,EN00451,velo_elec,Lille,ST1038,ST1036,2026-09-09 09:29:37,2026-09-09 09:36:37,7,2.09,2.75,cb
TR2609090056594,CL108379,EN00481,velo_elec,Lille,ST1038,ST1035,2026-09-09 09:18:49,09/09/2026 09:20,2,0.31,1.5,paypal
TR2609090056595,CL108427,EN00413,trottinette,Lille,ST1038,ST1036,2026-09-09 09:30:19,2026-09-09 09:37:19,7,1.6,2.54,cb
TR2609090056596,CL107026,EN00484,velo_elec,Lille,ST1039,ST1039,2026-09-09 09:20:18,2026-09-09 09:30:18,10,3.35,3.5,cb
TR2609090056597,CL107599,EN00475,trottinette,Lille,ST1044,ST1038,2026-09-09 09:23:34,2026-09-09 09:29:34,6,0.98,2.32,cb
TR2609090056598,CL102884,EN00491,velo,Lille,ST1046,ST1037,2026-09-09 09:21:10,2026-09-09 09:30:10,9,2.24,2.35,paypal
TR2609090056599,CL106306,EN00563,trottinette,Grenoble,ST1057,ST1048,2026-09-09 09:19:58,09/09/2026 09:23,4,1.07,1.88,paypal
TR2609090056600,CL107299,EN00090,trottinette,Lyon,ST1001,ST1005,2026-09-09 09:41:51,1788940311,10,3.09,3.2,cb
TR2609090056601,CL106047,EN00031,velo_elec,Lyon,ST1002,ST1002,2026-09-09 09:43:20,09/09/2026 10:04,21,6.25,6.25,cb
TR2609090056602,CL103209,EN00111,trottinette,Lyon,ST1003,ST1006,2026-09-09 09:33:16,2026-09-09 09:40:16,7,2.44,2.54,cb
TR2609090056603,CL107948,EN00002,velo_elec,Lyon,ST1007,ST1004,2026-09-09 09:40:05,2026-09-09 10:09:05,-29,4.55,8.25,abonnement
TR2609090056604,CL102523,EN00138,velo_elec,Lyon,ST1012,ST1013,2026-09-09 09:45:53,2026-09-09 10:02:53,17,3.61,5.25,abonnement
TR2609090056605,CL108499,EN00028,trottinette,Lyon,ST1014,ST1002,2026-09-09 09:40:18,2026-09-09 09:49:18,9,1.74,2.98,cb
TR2609090056606,CL100276,EN00050,velo_elec,Lyon,ST1015,ST1004,2026-09-09 09:43:36,2026-09-09 09:55:36,12,3.05,4.0,cb
TR2609090056607,CL100822,EN00167,trottinette,Lyonn,ST1016,ST1018,09/09/2026 09:31,2026-09-09 09:38:50,7,1.13,2.54,cb
TR2609090056608,CL103040,EN00183,velo_elec,Lyon,ST1016,ST1003,2026-09-09 09:36:23,09/09/2026 09:58,22,5.11,6.5,abonnement
TR2609090056609,CL108559,EN00191,trottinette,Lyon,ST1016,ST1015,09/09/2026 09:35,2026-09-09 09:43:48,8,1.4,2.76,abonnement
TR2609090056610,CL107167,EN00187,velo_elec,Lyon,ST1017,ST1009,2026-09-09 09:35:15,2026-09-09 09:39:15,4,1.17,2.0,cb
TR2609090056611,CL105481,EN00121,trottinette,Lyon ,ST1017,ST1002,2026-09-09 09:40:00,09/09/2026 09:57,17,3.7,4.74,abonnement
TR2609090056612,CL104579,EN00265,trottinette,Nantes,ST1022,ST1023,09/09/2026 09:31,2026-09-09 09:37:29,6,1.31,2.32,paypal
TR2609090056613,CL104390,EN00301,velo_elec,Nantes,ST1028,ST1026,2026-09-09 09:36:22,2026-09-09 09:47:22,11,3.83,3.75,cb
TR2609090056614,CL104209,EN00259,trottinette,Nantes,ST1029,ST1025,2026-09-09 09:31:52,2026-09-09 09:46:52,15,4.9,4.3,abonnement
TR2609090056615,CL105609,EN00312,trottinette,Nantes,ST1033,ST1029,2026-09-09 09:35:49,2026-09-09 09:59:49,24,6.01,6.28,cb
TR2609090056616,CL100933,EN00245,velo_elec,Nantes,ST1033,ST1020,2026-09-09 09:39:14,2026-09-09 09:53:14,14,2.63,4.5,cb
TR2609090056617,CL104041,EN00417,trottinette,Lille,ST1037,ST1041,1788939566,2026-09-09 09:50:26,11,3.6,3.42,cb
TR2609090056618,CL106190,EN00411,trottinette,Lille,ST1038,ST1035,09/09/2026 09:32,2026-09-09 09:46:47,14,3.97,4.08,cb
TR2609090056619,CL102378,EN00373,velo_elec,Lille,ST1038,ST1036,09/09/2026 09:33,09/09/2026 09:38,5,0.96,2.25,abonnement
TR2609090056620,CL103271,EN00382,trottinette,Lille,ST1043,ST9046,2026-09-09 09:30:46,09/09/2026 09:37,7,1.47,2.54,cb
TR2609090056621,CL101149,EN00402,trottinette,Lille,ST1044,ST1036,2026-09-09 09:39:39,2026-09-09 09:55:39,16,4.8,4.52,abonnement
TR2609090056622,CL108132,EN00457,velo,Lille,ST1046,ST1041,2026-09-09 09:39:35,09/09/2026 10:12,33,10.4,5.95,cb
TR2609090056623,CL104535,EN00466,velo,Lille,ST1046,ST1036,09/09/2026 09:41,2026-09-09 09:54:41,6124,4.36,2.95,abonnement
TR2609090056624,CL101327,EN00580,velo_elec,Grenoble,ST1054,ST1049,2026-09-09 09:33:24,1788939984,13,3.0,4.25,abonnement
TR2609090056625,CL101014,EN00511,trottinette,Grenoble,ST1057,ST1053,09/09/2026 09:37,2026-09-09 09:53:11,16,5.04,4.52,cb
TR2609090056626,CL100447,EN00076,velo_elec,Lyon,ST1008,ST1003,2026-09-09 09:53:44,2026-09-09 09:59:44,6,1.88,2.5,cb
TR2609090056627,CL104305,EN00077,trottinette,Lyon,ST1011,ST1003,2026-09-09 09:48:11,2026-09-09 10:03:11,15,4.63,4.3,abonnement
TR2609090056628,CL100052,EN00013,velo_elec,Lyon,ST1015,ST1004,2026-09-09 09:52:03,09/09/2026 10:08,16,2.72,5.0,abonnement
TR2609090056629,CL104938,EN00209,velo_elec,Lyon,ST1017,ST1003,2026-09-09 09:50:06,2026-09-09 10:04:06,14,2.34,4.5,cb
TR2609090056630,CL105008,EN00030,trottinette,Lyon,ST1019,ST1002,2026-09-09 09:59:13,2026-09-09 10:06:13,7,2.25,2.54,cb
TR2609090056631,CL102665,EN00112,velo_elec,Lyonn,ST1019,ST1013,2026-09-09 09:47:07,2026-09-09 09:58:07,11,2.47,3.75,cb
TR2609090056632,CL106758,EN00338,velo_elec,Nantes,ST1026,ST1022,2026-09-09 09:50:37,2026-09-09 09:57:37,7,2.25,2.75,abonnement
TR2609090056633,CL105651,EN00271,velo_elec,Nantes,ST1026,ST1029,1788940235,2026-09-09 10:11:35,21,4.74,,cb
TR2609090056634,CL106184,EN00357,trottinette,Nantes,ST1029,ST1021,2026-09-09 09:47:09,2026-09-09 10:10:09,23,7.58,6.06,cb
TR2609090056635,CL105212,EN00340,velo_elec,Nantes,ST1031,ST1028,2026-09-09 09:54:57,1788940857,6,1.32,2.5,cb
TR2609090056636,CL108043,EN00372,trottinette,Lille,ST1038,ST1037,09/09/2026 09:49,2026-09-09 10:02:10,13,2.27,3.86,cb
TR2609090056637,CL103943,EN00393,trottinette,Lille,ST1040,ST1046,,2026-09-09 10:29:42,40,10.23,9.8,abonnement
TR2609090056638,CL107972,EN00441,velo_elec,Lille,ST1041,ST1034,09/09/2026 10:00,2026-09-09 10:13:00,13,3.43,4.25,cb
TR2609090056639,CL103337,EN00409,trottinette,Lille,ST1042,ST1034,2026-09-09 09:46:59,1788940439,7,1.51,2.54,cb
TR2609090056640,CL100372,EN00517,trottinette,Grenoble,ST1049,ST1056,2026-09-09 09:47:10,2026-09-09 09:59:10,12,2.78,3.64,cb
TR2609090056641,CL104945,EN00588,velo_elec,Grenoble,ST1051,ST1049,,2026-09-09 10:20:58,26,7.16,7.5,cb
TR2609090056642,CL107005,EN00519,velo_elec,Grenoble,ST1053,ST1048,2026-09-09 09:49:34,09/09/2026 09:56,7,1.13,2.75,cb
TR2609090056643,CL108522,EN00531,trottinette,Grenoble ,ST1056,ST1055,2026-09-09 09:52:01,1788940861,9,1.49,2.98,abonnement
TR2609090056644,CL102017,EN00501,trottinette,Grenoble,ST1057,ST1049,09/09/2026 09:54,2026-09-09 10:02:18,8,2.66,2.76,cb
TR2609090056645,CL108535,EN00576,velo,GRENOBLE,ST1058,ST1049,2026-09-09 09:47:20,2026-09-09 09:59:20,12,2.54,2.8,abonnement
TR2609090056646,CL104917,EN00001,velo_elec,Lyon,ST1011,ST1004,2026-09-09 10:09:42,2026-09-09 10:16:42,8019,1.59,2.75,cb
TR2609090056647,CL108142,EN00117,trottinette,Lyon,ST1012,ST1014,09/09/2026 10:07,2026-09-09 10:17:27,10,2.84,3.2,abonnement
TR2609090056648,CL102250,EN00112,velo_elec,Lyon,ST1013,ST1007,2026-09-09 10:03:51,1788941511,8,1.52,3.0,cb
TR2609090056649,CL102897,EN00065,trottinette,Lyon,ST1016,ST1016,2026-09-09 10:01:31,1788941431,9,2.94,2.98,abonnement
TR2609090056650,CL101904,EN00265,trottinette,Nantes,ST1023,ST1023,2026-09-09 10:02:31,09/09/2026 10:13,11,2.39,3.42,abonnement
TR2609090056651,CL104270,EN00351,trottinette,Nantes,ST1033,ST1030,2026-09-09 10:12:10,1788942490,16,2.88,4.52,cb
TR2609090056652,CL104229,EN00498,trottinette,Lille,ST1044,ST1044,2026-09-09 10:04:55,2026-09-09 10:09:55,5,1.01,2.1,cb
TR2609090056653,CL100176,EN00574,velo,Grenoble,ST1051,ST1048,1788941663,2026-09-09 10:29:23,15,4.46,3.25,cb
TR2609090056654,CL105557,EN00579,trottinette,Grenoble,ST1053,ST1058,09/09/2026 10:07,2026-09-09 10:52:58,45,14.26,10.9,cb
TR2609090056655,CL107041,EN00557,velo,Grenoble,ST1054,ST1057,2026-09-09 10:02:20,09/09/2026 10:15,13,2.28,2.95,paypal
TR2609090056656,CL107166,EN00069,trottinette,Lyon,ST1003,ST1002,2026-09-09 10:25:49,2026-09-09 10:55:49,30,8.14,7.6,cb
TR2609090056657,CL103863,EN00164,trottinette,Lyon,ST1003,ST1011,2026-09-09 10:22:55,1788942475,5,0.84,2.1,cb
TR2609090056658,CL108564,EN00112,velo_elec,Lyon,ST1007,ST1017,2026-09-09 10:20:28,2026-09-09 10:34:28,14,2.38,4.5,cb
TR2609090056659,CL108372,EN00015,velo,Lyon,ST1007,ST1016,2026-09-09 10:29:58,09/09/2026 11:06,37,7.05,6.55,cb
TR2609090056660,CL100077,EN00150,trottinette,Lyon,ST1011,ST1017,2026-09-09 10:24:20,1788942440,3,0.83,1.66,cb
TR2609090056661,CL104265,EN00225,velo_elec,Nantes,ST1022,ST1033,2026-09-09 10:29:20,2026-09-09 10:47:20,18,3.7,5.5,cb
TR2609090056662,CL104072,EN00301,velo_elec,Nantes,ST1026,ST1025,1788942629,2026-09-09 10:42:29,12,3.2,4.0,cb
TR2609090056663,CL102197,EN00312,trottinette,Nantes,ST1029,ST1032,1788941982,2026-09-09 10:34:42,15,4.78,4.3,abonnement
TR2609090056664,CL106406,EN00462,velo_elec,Lille,ST1035,ST1036,2026-09-09 10:21:04,09/09/2026 10:30,9,2.08,3.25,cb
TR2609090056665,CL102107,EN00480,velo_elec,Lille,ST1040,ST1039,2026-09-09 10:27:30,2026-09-09 10:53:30,26,7.82,7.5,cb
TR2609090056666,CL107479,EN00379,velo_elec,Lille,ST1043,ST1039,2026-09-09 10:28:45,1788943665,19,6.25,5.75,abonnement
TR2609090056667,CL107045,EN00382,trottinette,Lille,ST1047,ST1046,2026-09-09 10:27:29,,8,2.01,2.76,cb
TR2609090056668,CL104565,EN00518,trottinette,Grenoble ,ST1053,ST1048,2026-09-09 10:18:50,09/09/2026 10:59,41,9.51,10.02,abonnement
TR2609090056669,CL102893,EN00023,trottinette,Lyon,ST1006,ST1014,2026-09-09 10:41:33,2026-09-09 10:58:33,17,4.54,4.74,abonnement
TR2609090056670,CL108579,EN00187,velo_elec,Lyon,ST1009,ST1004,1788943517,,20,5.51,6.0,paypal
TR2609090056671,CL108530,EN00164,trottinette,Lyon,ST1011,ST1018,1788942854,09/09/2026 10:55,21,6.46,5.62,abonnement
TR2609090056672,CL104916,EN00200,trottinette,Lyon,ST1014,ST1018,2026-09-09 10:33:34,1788943654,14,3.31,4.08,cb
TR2609090056673,CL103094,EN00287,velo_elec,Nantes,ST1027,ST1029,09/09/2026 10:41,2026-09-09 10:43:28,2,0.46,1.5,paypal
TR2609090056674,CL101684,EN00280,trottinette,Nantes,ST1033,ST1022,2026-09-09 10:43:36,2026-09-09 10:49:36,6,1.25,2.32,cb
TR2609090056675,CL101008,EN00400,trottinette,Lille,ST1036,ST1044,2026-09-09 10:35:52,2026-09-09 10:45:52,10,1.66,3.2,cb
TR2609090056676,CL108639,EN00375,trottinette,Lille,ST1038,ST1042,2026-09-09 10:34:35,2026-09-09 10:48:35,14,2.26,4.08,abonnement
TR2609090056677,CL107392,EN00393,trottinette,Lille,ST1046,ST1035,2026-09-09 10:35:24,2026-09-09 10:47:24,12,2.76,3.64,abonnement
TR2609090056678,CL108305,EN00511,trottinette,Grenoble,ST1053,ST1050,2026-09-09 10:34:53,2026-09-09 10:43:53,9,2.13,2.98,cb
TR2609090056679,CL104884,EN00182,trottinette,Lyon,ST1008,ST1014,2026-09-09 10:49:50,09/09/2026 10:56,7,2.31,2.54,paypal
TR2609090056680,CL106042,EN00174,velo_elec,Lyon,ST1009,ST1017,2026-09-09 10:57:37,2026-09-09 11:05:37,8,2.07,3.0,abonnement
TR2609090056681,CL102111,EN00122,trottinette,Lyon,ST1014,ST1018,09/09/2026 11:00,2026-09-09 11:16:02,16,3.92,4.52,abonnement
TR2609090056682,CL103679,EN00026,trottinette,Lyon,ST1014,ST1018,2026-09-09 11:00:32,2026-09-09 11:09:32,9,1.7,2.98,cb
TR2609090056683,CL106620,EN00127,trottinette,Lyon,ST1018,ST1007,2026-09-09 11:00:26,09/09/2026 11:21,21,5.37,5.62,
TR2609090056684,CL108845,EN00359,trottinette,Nantes,ST1021,ST1030,2026-09-09 10:48:39,09/09/2026 11:03,15,3.62,4.3,cb
TR2609090056685,CL107015,EN00297,trottinette,Nantes,ST1021,ST1031,2026-09-09 10:55:45,2026-09-09 11:06:45,11,2.06,3.42,cb
TR2609090056686,CL101477,EN00323,velo,Nantes,ST1031,ST1024,2026-09-09 10:49:29,2026-09-09 11:02:29,13,2.39,2.95,abonnement
TR2609090056687,CL100835,EN00424,velo_elec,Lille,ST1036,ST1047,2026-09-09 10:46:28,2026-09-09 11:05:28,19,4.46,5.75,cb
TR2609090056688,CL916337,EN00372,trottinette,Lille,ST1037,ST1041,2026-09-09 10:56:00,09/09/2026 11:08,12,3.32,3.64,cb
TR2609090056689,CL107448,EN00571,trottinette,Grenoble,ST1049,ST1048,2026-09-09 10:55:38,09/09/2026 11:11,16,5.06,4.52,abonnement
TR2609090056690,CL107349,EN00090,trottinette,Lyon,ST1005,ST1006,2026-09-09 11:12:37,2026-09-09 11:27:37,15,3.52,4.3,cb
TR2609090056691,CL104387,EN00111,trottinette,Lyon,ST1006,ST1018,2026-09-09 11:14:20,2026-09-09 11:17:20,3,0.77,1.66,cb
TR2609090056692,CL105546,EN00099,velo_elec,Lyon,ST1012,ST1001,2026-09-09 11:03:54,2026-09-09 11:10:54,7,1.81,,abonnement
TR2609090056693,CL106235,EN00098,velo_elec,Lyon,ST1013,ST1010,09/09/2026 11:11,2026-09-09 11:28:22,17,2.83,5.25,cb
TR2609090056694,CL102667,EN00182,trottinette,Lyon,ST1014,ST1018,,,13,2.5,3.86,cb
TR2609090056695,CL101358,EN00067,velo_elec,Lyon,ST1019,ST1011,2026-09-09 11:15:55,1788945775,7,1.71,2.75,abonnement
TR2609090056696,CL104709,EN00340,velo_elec,Nantes,ST1028,ST1031,09/09/2026 11:08,1788945244,6,1.21,2.5,cb
TR2609090056697,CL100393,EN00271,velo_elec,Nantes,ST1029,ST1023,,2026-09-09 11:13:20,6,1.8,2.5,abonnement
TR2609090056698,CL100356,EN00404,trottinette,Lille,ST1035,ST1036,2026-09-09 11:07:43,09/09/2026 11:12,5,0.93,2.1,cb
TR2609090056699,CL101366,EN00402,trottinette,Lille,ST1036,ST1043,2026-09-09 11:12:06,2026-09-09 11:30:06,18,4.14,4.96,cb
TR2609090056700,CL108438,EN00475,trottinette,LILLE,ST1038,ST1041,2026-09-09 11:04:20,2026-09-09 11:17:20,13,3.28,3.86,cb
TR2609090056701,CL106057,EN00422,velo_elec,Lille,ST1038,ST1047,2026-09-09 11:01:46,2026-09-09 11:06:46,5,1.16,2.25,cb
TR2609090056702,CL104505,EN00443,velo_elec,lille,ST1038,ST1043,2026-09-09 11:03:12,2026-09-09 11:09:12,6,1.49,2.5,paypal
TR2609090056703,CL108968,EN00498,trottinette,Lille,ST1044,ST1038,2026-09-09 11:03:35,2026-09-09 11:13:35,10,2.15,3.2,abonnement
TR2609090056704,CL100505,EN00531,trottinette,Grenoble,ST1055,ST1052,2026-09-09 11:04:08,2026-09-09 11:31:08,27,5.08,6.94,cb
TR2609090056705,CL106622,EN00112,velo_elec,Lyon,ST1017,ST1010,2026-09-09 11:29:33,,8,1.88,3.0,cb
TR2609090056706,CL108641,EN00313,trottinette,Nantes,ST1021,ST1021,2026-09-09 11:23:58,2026-09-09 11:30:58,7,1.89,2.54,cb
TR2609090056707,CL103737,EN00498,trottinette,Lille,ST1038,ST1039,2026-09-09 11:23:22,09/09/2026 11:31,8,2.06,2.76,abonnement
TR2609090056708,CL103309,EN00575,trottinette,Grenoble ,ST1048,ST1058,2026-09-09 11:21:43,2026-09-09 11:23:43,2,0.67,1.44,abonnement
TR2609090056709,CL104540,EN00511,trottinette,Grenoble,ST1050,ST1057,2026-09-09 11:26:52,2026-09-09 11:59:52,33,10.09,8.26,cb
TR2609090056710,CL103134,EN00533,velo_elec,Grenoble,ST1057,ST1049,09/09/2026 11:22,1788946068,5,1.53,2.25,abonnement
TR2609090056711,CL101899,EN00097,velo_elec,Lyon,ST1001,ST1004,2026-09-09 11:38:21,1788946881,3,0.75,1.75,cb
TR2609090056712,CL103884,EN00100,velo_elec,Lyon,ST1001,ST1019,2026-09-09 11:45:15,,13,3.44,4.25,cb
TR2609090056713,CL101589,EN00219,velo_elec,Lyon,ST1004,ST1016,09/09/2026 11:38,2026-09-09 11:47:50,9,1.44,3.25,cb
TR2609090056714,CL101236,EN00133,velo_elec,Lyon,ST1008,ST1010,2026-09-09 11:40:16,2026-09-09 11:58:16,18,2.95,5.5,paypal
TR2609090056715,CL101826,EN00271,velo_elec,Nantes,ST1023,ST1027,2026-09-09 11:39:01,2026-09-09 11:48:01,9,1.45,3.25,abonnement
TR2609090056716,CL100817,EN00259,trottinette,Nantes,ST1025,ST1032,09/09/2026 11:38,2026-09-09 11:46:42,8,2.42,2.76,cb
TR2609090056717,CL105648,EN00359,trottinette,Nantes,ST1030,ST1024,2026-09-09 11:34:37,2026-09-09 12:03:37,29,5.16,7.38,cb
TR2609090056718,CL102395,EN00297,trottinette,Nantes,ST1031,ST1022,2026-09-09 11:39:22,2026-09-09 11:52:22,13,2.49,3.86,abonnement
TR2609090056719,CL104365,EN00477,trottinette,Lille,ST1038,ST1046,2026-09-09 11:34:27,2026-09-09 12:04:27,30,7.91,7.6,cb
TR2609090056720,CL101667,EN00475,trottinette,Lille,ST1041,ST1036,09/09/2026 11:41,09/09/2026 11:55,14,4.49,4.08,abonnement
TR2609090056721,CL100313,EN00492,velo_elec,lille,ST1043,ST1045,2026-09-09 11:44:31,1788948571,25,4.58,7.25,cb
TR2609090056722,CL103143,EN00565,trottinette,Grenoble,ST1048,ST1055,2026-09-09 11:41:24,2026-09-09 11:47:24,6,1.46,2.32,cb
TR2609090056723,CL104601,EN00575,trottinette,Grenoble,ST1058,ST1055,2026-09-09 11:31:21,2026-09-09 11:47:21,16,5.02,4.52,cb
TR2609090056724,CL108705,EN00023,trottinette,Lyon,ST1014,ST1001,09/09/2026 11:49,09/09/2026 11:57,8,1.69,2.76,abonnement
TR2609090056725,CL107287,EN00111,trottinette,Lyon,ST1018,ST1014,2026-09-09 11:48:58,2026-09-09 11:51:58,3,0.56,1.66,cb
TR2609090056726,CL108851,EN00287,velo_elec,Nantes,ST1029,ST1025,2026-09-09 12:00:03,1788948543,9,2.57,3.25,paypal
TR2609090056727,CL100717,EN00351,trottinette,Nantes,ST1030,ST1025,2026-09-09 12:00:03,2026-09-09 12:09:03,9,2.04,2.98,cb
TR2609090056728,CL100898,EN00461,velo_elec,Lille,ST1038,ST1047,2026-09-09 11:50:13,1788947713,5,0.96,2.25,cb
TR2609090056729,CL106592,EN00531,trottinette,Grenoble,ST1052,ST1048,,2026-09-09 12:01:06,14,3.99,4.08,cb
TR2609090056730,CL107978,EN00517,trottinette,Grenoble,ST1056,ST1056,2026-09-09 11:59:45,2026-09-09 12:09:45,10,1.76,3.2,abonnement
TR2609090056731,CL108909,EN00138,velo_elec,Lyon,ST1013,ST1013,2026-09-09 12:03:30,2026-09-09 12:19:30,16,2.82,5.0,abonnement
TR2609090056732,CL101727,EN00111,trottinette,Lyon,ST1014,ST1007,2026-09-09 12:13:57,2026-09-09 12:21:57,8,2.77,2.76,cb
TR2609090056733,CL101705,EN00219,velo_elec,Lyon,ST1016,ST9550,2026-09-09 12:09:11,2026-09-09 12:25:11,16,4.4,5.0,abonnement
TR2609090056734,CL105316,EN00282,velo,Nantes,ST1026,ST1021,2026-09-09 12:07:55,2026-09-09 12:27:55,20,4.52,4.0,abonnement
TR2609090056735,CL100417,EN00239,trottinette,NANTES,ST1029,ST1021,2026-09-09 12:08:37,09/09/2026 12:15,7,1.38,2.54,abonnement
TR2609090056736,CL103306,EN00340,velo_elec,Nante,ST1031,ST1027,2026-09-09 12:15:08,2026-09-09 12:30:08,15,4.64,4.75,cb
TR2609090056737,CL100039,EN00345,velo,NANTES,ST1031,ST1024,09/09/2026 12:10,2026-09-09 12:16:54,6,1.86,1.9,cb
TR2609090056738,CL104170,EN00326,velo,Nantes,ST1031,ST1025,2026-09-09 12:04:53,2026-09-09 12:11:53,7,1.88,2.05,paypal
TR2609090056739,CL102540,EN00412,trottinette,Lille,ST1035,ST1037,2026-09-09 12:02:59,2026-09-09 12:21:59,19,6.61,5.18,abonnement
TR2609090056740,CL106882,EN00485,trottinette,Lille,ST1039,ST1036,09/09/2026 12:09,2026-09-09 12:31:11,22,5.19,5.84,cb
TR2609090056741,CL106335,EN00372,trottinette,Lille,ST1041,ST1047,2026-09-09 12:01:43,09/09/2026 12:10,9,3.13,2.98,cb
TR2609090056742,CL104948,EN00417,trottinette,Lille,ST1041,ST1037,1788948539,1788949139,10,1.5,3.2,cb
TR2609090056743,CL107209,EN00456,trottinette,Lille,ST1041,ST1043,2026-09-09 12:11:20,09/09/2026 12:17,6,1.12,2.32,abonnement
TR2609090056744,CL103893,EN00402,trottinette,Lille,ST1043,ST1036,2026-09-09 12:12:55,2026-09-09 12:16:55,4,0.97,1.88,cb
TR2609090056745,CL104972,EN00383,trottinette,Lille,ST1043,ST1038,2026-09-09 12:01:17,2026-09-09 12:14:17,13,3.13,3.86,paypal
TR2609090056746,CL104771,EN00382,trottinette,Lille,ST1046,ST1047,1788948675,2026-09-09 12:16:15,5,1.67,2.1,abonnement
TR2609090056747,CL101217,EN00424,velo_elec,Lille,ST1047,ST1035,2026-09-09 12:01:39,1788948459,6,1.04,2.5,paypal
TR2609090056748,CL105671,EN00580,velo_elec,Grenoble,ST1049,ST1052,2026-09-09 12:06:00,,32,7.07,9.0,paypal
TR2609090056749,CL102773,EN00553,trottinette,Grenoble,ST1057,ST1049,1788948109,2026-09-09 12:32:49,31,5.11,7.82,paypal
TR2609090056750,CL108180,EN00073,velo_elec,Lyon,ST1001,ST1002,2026-09-09 12:30:08,2026-09-09 12:36:08,6,2.01,2.5,cb
TR2609090056751,CL103592,EN00133,velo_elec,Lyon,ST1010,ST1016,2026-09-09 12:29:44,2026-09-09 12:48:44,19,3.8,5.75,cb
TR2609090056752,CL103581,EN00067,velo_elec,Lyon,ST1011,ST1013,2026-09-09 12:23:35,1788950315,15,4.61,4.75,cb
TR2609090056753,CL103121,EN00152,velo_elec,Lyon,ST1011,ST1018,2026-09-09 12:20:27,09/09/2026 12:23,3,0.51,1.75,
TR2609090056754,CL105392,EN00014,velo_elec,Lyon,ST1016,ST1017,2026-09-09 12:23:29,2026-09-09 12:32:29,9,2.0,3.25,paypal
TR2609090056755,CL102639,EN00079,velo_elec,Lyon,ST1019,ST1010,2026-09-09 12:25:27,2026-09-09 13:03:27,38,6.57,10.5,cb
TR2609090056756,CL104306,EN00309,trottinette,Nantes,ST1020,ST1031,2026-09-09 12:17:54,2026-09-09 12:31:54,14,4.14,4.08,cb
TR2609090056757,CL103297,EN00241,velo,Nantes,ST1031,ST1033,09/09/2026 12:18,2026-09-09 12:31:50,13,2.93,2.95,cb
TR2609090056758,CL108446,EN00491,velo,Lille,ST1037,ST1046,2026-09-09 12:21:52,2026-09-09 12:27:52,6,1.69,1.9,cb
TR2609090056759,CL103108,EN00383,trottinette,Lille,ST1038,ST1046,2026-09-09 12:20:48,2026-09-09 12:35:48,15,4.88,4.3,paypal
TR2609090056760,CL104722,EN00502,velo,Grenoble,ST1053,ST1054,1788949488,2026-09-09 12:33:48,9,2.82,2.35,cb
TR2609090056761,CL107409,EN00579,trottinette,Grenoble,ST1058,ST1058,2026-09-09 12:26:39,2026-09-09 12:51:39,25,6.87,6.5,abonnement
TR2609090056762,CL105166,EN00039,velo_elec,Lyon,ST1003,ST1001,2026-09-09 12:33:52,2026-09-09 13:24:52,51,8.28,13.75,paypal
TR2609090056763,CL105640,EN00209,velo_elec,Lyon,ST1003,ST1007,2026-09-09 12:35:43,2026-09-09 12:47:43,12,1.84,4.0,abonnement
TR2609090056764,CL107556,EN00054,trottinette,Lyon,ST1004,ST1013,2026-09-09 12:40:06,2026-09-09 13:02:06,22,5.69,5.84,
TR2609090056765,CL106893,EN00090,trottinette,Lyon,ST1006,ST1017,2026-09-09 12:36:16,2026-09-09 12:55:16,19,3.44,5.18,abonnement
TR2609090056766,CL108149,EN00075,trottinette,Lyon,ST1008,ST1001,2026-09-09 12:36:36,1788951396,20,6.85,5.4,paypal
TR2609090056767,CL104984,EN00112,velo_elec,Lyon,ST1010,ST1010,2026-09-09 12:39:08,,8,2.66,3.0,cb
TR2609090056768,CL100394,EN00118,trottinette,LYON,ST1012,ST1018,2026-09-09 12:45:33,2026-09-09 12:52:33,7,2.35,2.54,cb
TR2609090056769,CL105811,EN00138,velo_elec,Lyon,ST1013,ST1001,2026-09-09 12:39:50,2026-09-09 12:47:50,8,2.4,3.0,cb
TR2609090056770,CL103322,EN00265,trottinette,Nantes,ST1023,ST1023,2026-09-09 12:33:44,2026-09-09 12:50:44,17,2.96,4.74,cb
TR2609090056771,CL108110,EN00359,trottinette,Nantes,ST1024,ST1025,2026-09-09 12:43:29,2026-09-09 13:19:29,36,9.93,8.92,cb
TR2609090056772,CL107775,EN00450,trottinette,Lille,ST1034,ST1041,,,6,0.97,2.32,cb
TR2609090056773,CL108920,EN00412,trottinette,Lille,ST1037,ST1043,2026-09-09 12:43:40,09/09/2026 13:03,20,6.54,5.4,abonnement
TR2609090056774,CL106568,EN00417,trottinette, Lille,ST1037,ST1041,2026-09-09 12:33:46,2026-09-09 12:44:46,11,2.78,3.42,paypal
TR2609090056775,CL101792,EN00415,trottinette,Lille,ST1038,ST1039,2026-09-09 12:35:24,2026-09-09 12:38:24,3,0.77,1.66,cb
TR2609090056776,CL108043,EN00484,velo_elec,Lille,ST1039,ST1045,2026-09-09 12:31:45,09/09/2026 12:38,7,2.43,2.75,abonnement
TR2609090056777,CL102045,EN00363,velo_elec,Lille,ST1040,ST1043,2026-09-09 12:41:21,2026-09-09 12:46:21,5,1.31,2.25,cb
TR2609090056778,CL102236,EN00443,velo_elec,Lille,ST1043,ST1047,09/09/2026 12:35,2026-09-09 12:48:01,13,2.2,4.25,cb
TR2609090056779,CL107655,EN00572,velo,Grenoble,ST1053,ST1058,1788950053,2026-09-09 12:52:13,18,3.98,3.7,cb
TR2609090056780,CL107632,EN00121,trottinette,Lyon,ST1002,ST1012,09/09/2026 12:48,2026-09-09 12:53:41,5,1.1,2.1,paypal
TR2609090056781,CL100000,EN00143,velo,Lyon,ST1008,ST1006,09/09/2026 12:54,2026-09-09 13:11:50,17,5.82,3.55,cb
TR2609090056782,CL101643,EN00040,velo,Lyon,ST1011,ST1004,2026-09-09 12:49:58,2026-09-09 12:59:58,10,1.53,2.5,cb
TR2609090056783,CL108510,EN00108,velo_elec,Lyon,ST1014,ST1008,2026-09-09 12:50:09,1788951549,9,1.81,3.25,cb
TR2609090056784,CL102782,EN00174,velo_elec,Lyon,ST1017,ST1004,2026-09-09 12:58:33,1788952233,12,4.06,4.0,cb
TR2609090056785,CL106662,EN00150,trottinette,Lyon,ST1017,ST1005,2026-09-09 12:52:38,2026-09-09 12:56:38,4,0.64,1.88,
TR2609090056786,CL104958,EN00270,velo_elec,Nantes,ST1022,ST1028,2026-09-09 13:00:05,2026-09-09 14:05:05,65,13.64,17.25,abonnement
TR2609090056787,CL102747,EN00479,trottinette,Lille,ST1035,ST1040,2026-09-09 12:53:35,2026-09-09 13:24:35,31,5.31,7.82,cb
TR2609090056788,CL101017,EN00375,trottinette,Lille,ST1042,ST1037,1788951479,2026-09-09 13:19:59,22,6.83,5.84,abonnement
TR2609090056789,CL101407,EN00363,velo_elec,Lille,ST1043,ST1041,2026-09-09 12:58:44,2026-09-09 13:18:44,20,6.16,6.0,cb
TR2609090056790,CL107921,EN00518,trottinette,Grenoble,ST1048,ST1048,2026-09-09 12:50:05,2026-09-09 13:01:05,11,2.51,3.42,abonnement
TR2609090056791,CL101338,EN00133,velo_elec,lyon,ST1016,ST1016,2026-09-09 13:03:18,2026-09-09 13:11:18,8,2.3,3.0,paypal
TR2609090056792,CL108730,EN00065,trottinette,Lyon,ST1016,ST1011,2026-09-09 13:01:27,2026-09-09 13:05:27,4,0.91,1.88,cb
TR2609090056793,CL105231,EN00135,trottinette,lyon,ST1019,ST1005,2026-09-09 13:13:20,2026-09-09 13:21:20,8,2.31,2.76,paypal
TR2609090056794,CL103386,EN00355,velo_elec,Nantes,ST1020,ST1033,2026-09-09 13:10:40,2026-09-09 13:32:40,2356,3.8,6.5,cb
TR2609090056795,CL108904,EN00271,velo_elec,Nantes,ST1027,ST1022,2026-09-09 13:03:22,2026-09-09 13:07:22,4,1.32,2.0,abonnement
TR2609090056796,CL108197,EN00225,velo_elec,NANTES,ST1033,ST1026,09/09/2026 13:15,2026-09-09 13:29:16,14,2.59,4.5,cb
TR2609090056797,CL105576,EN00441,velo_elec,Lille,ST1034,ST1034,09/09/2026 13:12,09/09/2026 13:45,33,10.74,9.25,abonnement
TR2609090056798,CL101202,EN00477,trottinette,Lille,ST1046,ST9685,2026-09-09 13:08:57,2026-09-09 13:19:57,11,2.47,3.42,cb
TR2609090056799,CL107892,EN00541,velo_elec,Grenoble,ST1049,ST1053,2026-09-09 13:13:47,2026-09-09 13:22:47,9,1.5,3.25,cb
TR2609090056800,CL102482,EN00580,velo_elec,Grenoble,ST1052,ST1057,09/09/2026 13:13,09/09/2026 13:43,30,6.4,8.5,cb
TR2609090056801,CL105804,EN00097,velo_elec,Lyon,ST1004,ST1018,09/09/2026 13:26,09/09/2026 13:43,17,4.88,5.25,abonnement
TR2609090056802,CL103902,EN00209,velo_elec,Lyon,ST1007,ST1019,2026-09-09 13:16:01,2026-09-09 13:38:01,22,7.0,6.5,cb
TR2609090056803,CL101840,EN00067,velo_elec,Lyon,ST1013,ST1013,2026-09-09 13:20:00,1788954180,23,6.08,6.75,abonnement
TR2609090056804,CL106228,EN00219,velo_elec,Lyon,ST1014,ST1014,2026-09-09 13:25:28,2026-09-09 13:37:28,12,2.89,4.0,paypal
TR2609090056805,CL105975,EN00090,trottinette,Lyon,ST1017,ST1006,2026-09-09 13:26:45,2026-09-09 13:30:45,4,1.32,1.88,paypal
TR2609090056806,CL108031,EN00182,trottinette,Lyon,ST1018,ST1018,1788953245,1788954505,21,3.3,5.62,abonnement
TR2609090056807,CL103021,EN00305,velo_elec,Nantes,ST1020,ST1031,2026-09-09 13:28:41,2026-09-09 13:32:41,4,1.33,2.0,abonnement
TR2609090056808,CL102512,EN00249,velo_elec,Nantes,ST1020,ST1028,2026-09-09 13:25:43,09/09/2026 13:40,15,4.26,4.75,cb
TR2609090056809,CL106167,EN00280,trottinette,Nantes,ST1022,ST1021,2026-09-09 13:17:37,09/09/2026 13:33,16,2.64,4.52,
TR2609090056810,CL108359,EN00265,trottinette,Nantes,ST1023,ST1020,2026-09-09 13:30:02,2026-09-09 13:51:02,21,3.45,5.62,paypal
TR2609090056811,CL100975,EN00323,velo,Nantes,ST1024,ST1024,2026-09-09 13:22:26,2026-09-09 13:32:26,10,1.65,2.5,cb
TR2609090056812,CL108549,EN00345,velo,Nantes,ST1024,ST1026,2026-09-09 13:22:21,2026-09-09 13:33:21,11,2.53,2.65,cb
TR2609090056813,CL107953,EN00309,trottinette,Nantes,ST1031,ST1032,2026-09-09 13:27:22,2026-09-09 13:34:22,7,1.58,2.54,cb
TR2609090056814,CL106048,EN00468,trottinette,Lille,ST1034,ST1042,2026-09-09 13:27:00,2026-09-09 13:45:00,18,3.61,4.96,
TR2609090056815,CL103564,EN00473,trottinette,Lille,ST1035,ST1044,2026-09-09 13:28:35,2026-09-09 13:34:35,6,1.5,2.32,cb
TR2609090056816,CL106304,EN00452,velo,Lille,ST1038,ST1034,09/09/2026 13:21,1788953247,6,2.09,1.9,paypal
TR2609090056817,CL106579,EN00448,velo,Lille,ST1038,ST1039,2026-09-09 13:17:08,09/09/2026 13:30,13,4.45,2.95,cb
TR2609090056818,CL103620,EN00498,trottinette,Lille,ST1039,ST1041,2026-09-09 13:21:31,2026-09-09 13:35:31,14,2.89,4.08,paypal
TR2609090056819,CL102049,EN00450,trottinette,Lille,ST1041,ST1039,2026-09-09 13:19:27,2026-09-09 13:32:27,13,4.31,3.86,paypal
TR2609090056820,CL101597,EN00406,velo_elec,Lille,ST1042,ST1035,2026-09-09 13:18:47,,12,3.36,4.0,cb
TR2609090056821,CL107494,EN00456,trottinette,Lille,ST1043,ST1037,2026-09-09 13:20:34,2026-09-09 13:31:34,11,1.84,3.42,cb
TR2609090056822,CL104576,EN00449,trottinette,Lille,ST1044,ST1038,09/09/2026 13:17,09/09/2026 13:32,15,3.41,4.3,cb
TR2609090056823,CL105128,EN00588,velo_elec,grenoble,ST1049,ST1049,2026-09-09 13:17:26,2026-09-09 13:26:26,9,3.06,3.25,cb
TR2609090056824,CL100546,EN00135,trottinette,Lyon,ST1005,ST1012,2026-09-09 13:38:12,2026-09-09 13:52:12,14,2.95,4.08,cb
TR2609090056825,CL105259,EN00054,trottinette,Lyon,ST1013,ST1018,09/09/2026 13:31,09/09/2026 13:51,20,4.6,5.4,cb
TR2609090056826,CL100566,EN00196,velo_elec,Lyon,ST1014,ST1007,09/09/2026 13:44,09/09/2026 13:56,12,1.9,4.0,abonnement
TR2609090056827,CL106199,EN00191,trottinette,Lyon,ST1015,ST1002,2026-09-09 13:35:50,2026-09-09 13:45:50,10,3.1,3.2,paypal
TR2609090056828,CL101952,EN00215,velo_elec,Lyon,ST1015,ST1016,2026-09-09 13:45:24,09/09/2026 14:01,16,2.73,5.0,abonnement
TR2609090056829,CL103740,EN00133,velo_elec,Lyon,ST1016,ST1015,09/09/2026 13:35,2026-09-09 13:42:25,7,1.49,2.75,cb
TR2609090056830,CL107666,EN00015,velo,lyon,ST1016,ST1015,2026-09-09 13:39:24,2026-09-09 13:49:24,10,1.61,2.5,cb
TR2609090056831,CL107871,EN00100,velo_elec,Lyon,ST1019,ST1003,2026-09-09 13:34:54,2026-09-09 13:50:54,16,5.2,5.0,abonnement
TR2609090056832,CL105512,EN00052,trottinette,Lyon,ST1019,ST1007,2026-09-09 13:38:46,1788954526,10,3.12,3.2,cb
TR2609090056833,CL106458,EN00269,velo_elec,Nantes,ST1022,ST1031,2026-09-09 13:33:46,2026-09-09 13:56:46,23,5.41,6.75,cb
TR2609090056834,CL104865,EN00301,velo_elec,Nantes,ST1025,ST1033,1788953785,2026-09-09 13:45:25,9,1.95,3.25,cb
TR2609090056835,CL108236,EN00340,velo_elec,Nantes,ST1027,ST1021,2026-09-09 13:34:37,2026-09-09 13:43:37,9,2.05,3.25,cb
TR2609090056836,CL100438,EN00306,velo,Nantes,ST1027,ST1031,1788953548,2026-09-09 13:44:28,12,1.98,2.8,abonnement
TR2609090056837,CL108354,EN00312,trottinette,Nantes,ST1032,ST1023,2026-09-09 13:40:11,2026-09-09 13:47:11,7,1.37,2.54,cb
TR2609090056838,CL105445,EN00241,velo,NANTES,ST1033,ST1027,1788953544,2026-09-09 13:51:24,19,5.94,3.85,cb
TR2609090056839,CL105817,EN00477,trottinette,Lille,ST1041,ST1042,2026-09-09 13:38:56,2026-09-09 13:55:56,17,5.93,4.74,cb
TR2609090056840,CL100203,EN00382,trottinette,Lille,ST1047,ST1044,09/09/2026 13:38,1788955215,22,6.34,5.84,cb
TR2609090056841,CL103538,EN00591,velo_elec,Grenoble,ST1048,ST1054,2026-09-09 13:41:42,2026-09-09 13:56:42,15,2.6,4.75,paypal
TR2609090056842,CL100970,EN00541,velo_elec,Grenoble,ST1053,ST1048,1788954040,2026-09-09 13:54:40,14,2.74,4.5,abonnement
TR2609090056843,CL106044,EN00517,trottinette,Grenoble,ST1056,ST1050,2026-09-09 13:35:49,2026-09-09 13:39:49,4,1.11,1.88,paypal
TR2609090056844,CL101750,EN00511,trottinette,Grenoble,ST1057,ST1048,1788953485,2026-09-09 13:42:25,11,3.62,3.42,cb
TR2609090056845,CL101383,EN00075,trottinette,Lyon,ST1001,ST1002,2026-09-09 13:58:45,2026-09-09 14:15:45,17,3.6,4.74,paypal
TR2609090056846,CL106100,EN00004,velo_elec,Lyon,ST1003,ST1001,2026-09-09 14:00:29,09/09/2026 14:11,11,2.67,3.75,abonnement
TR2609090056847,CL107374,EN00108,velo_elec,Lyon,ST1008,ST1008,2026-09-09 13:50:27,2026-09-09 13:59:27,9,2.59,3.25,abonnement
TR2609090056848,CL101313,EN00219,velo_elec,Lyon,ST1014,ST1011,2026-09-09 13:49:48,2026-09-09 13:51:48,2,0.39,1.5,abonnement
TR2609090056849,CL104307,EN00133,velo_elec,Lyonn,ST1015,ST1018,2026-09-09 13:52:00,1788955980,21,5.83,6.25,cb
TR2609090056850,CL103227,EN00048,velo,Lyon,ST1016,ST1019,09/09/2026 13:54,2026-09-09 14:19:51,25,7.49,4.75,paypal
TR2609090056851,CL103075,EN00014,velo_elec,Lyon,ST1017,ST1010,2026-09-09 13:59:19,2026-09-09 14:04:19,5,1.53,2.25,cb
TR2609090056852,CL100964,EN00097,velo_elec,Lyon,ST1018,ST1016,2026-09-09 13:55:49,1788955129,3,0.87,1.75,cb
TR2609090056853,CL101156,EN00209,velo_elec,Lyon,ST1019,ST1017,2026-09-09 13:51:14,2026-09-09 14:08:14,17,4.89,5.25,cb
TR2609090056854,CL106282,EN00406,velo_elec,Lille,ST1035,ST1038,2026-09-09 13:56:13,,7,1.36,2.75,
TR2609090056855,CL107531,EN00449,trottinette,Lille,ST1038,ST9929,2026-09-09 13:56:48,1788955428,7,2.01,2.54,abonnement
TR2609090056856,CL101448,EN00492,velo_elec,Lille,ST1045,ST1045,2026-09-09 13:58:19,2026-09-09 14:04:19,6,1.35,2.5,cb
TR2609090056857,CL108384,EN00553,trottinette,Grenoble,ST1049,ST1052,09/09/2026 13:57,1788955560,9,2.27,2.98,cb
TR2609090056858,CL108590,EN00039,velo_elec,Lyon,ST1001,ST1016,2026-09-09 14:03:25,2026-09-09 14:22:25,19,5.93,5.75,cb
TR2609090056859,CL107885,EN00109,trottinette,Lyon,ST1004,ST1019,09/09/2026 14:05,2026-09-09 14:30:26,25,6.29,6.5,cb
TR2609090056860,CL105482,EN00111,trottinette,Lyon,ST1007,ST1008,2026-09-09 14:15:20,1788957020,15,4.29,4.3,abonnement
TR2609090056861,CL101191,EN00067,velo_elec,Lyon,ST1013,ST1012,2026-09-09 14:16:10,2026-09-09 14:20:10,4,1.25,2.0,abonnement
TR2609090056862,CL100736,EN00097,velo_elec,Lyon,ST1016,ST1013,2026-09-09 14:12:18,2026-09-09 14:31:18,19,4.99,5.75,cb
TR2609090056863,CL105054,EN00200,trottinette,Lyon,ST1018,ST1010,2026-09-09 14:14:44,,12,2.23,3.64,cb
TR2609090056864,CL105241,EN00192,velo_elec,Lyon,ST1019,ST1019,09/09/2026 14:10,09/09/2026 14:29,19,3.65,5.75,paypal
TR2609090056865,CL100580,EN00325,trottinette,NANTES,ST1021,ST1026,2026-09-09 14:12:29,2026-09-09 14:27:29,15,5.02,4.3,cb
TR2609090056866,CL105603,EN00309,trottinette,Nantes,ST1032,ST1028,09/09/2026 14:08,2026-09-09 14:18:36,10,3.42,,cb
TR2609090056867,CL107792,EN00476,trottinette,Lille,ST1036,ST1047,2026-09-09 14:02:18,2026-09-09 14:10:18,8,2.51,2.76,cb
TR2609090056868,CL100535,EN00415,trottinette,Lille,ST1039,ST1034,2026-09-09 14:06:35,2026-09-09 14:19:35,13,3.19,3.86,cb
TR2609090056869,CL104464,EN00484,velo_elec,Lille,ST1045,ST1043,2026-09-09 14:03:02,2026-09-09 14:09:02,6,1.29,2.5,cb
TR2609090056870,CL108349,EN00527,velo_elec,Grenoble,ST1055,ST1054,09/09/2026 14:08,09/09/2026 14:22,14,3.59,4.5,cb
TR2609090056871,CL107518,EN00565,trottinette,Grenoble ,ST1055,ST1054,2026-09-09 14:16:05,2026-09-09 14:24:05,8,2.03,2.76,abonnement
TR2609090056872,CL100209,EN00579,trottinette,Grenoble,ST1058,ST1057,2026-09-09 14:10:24,09/09/2026 14:17,7,1.21,2.54,abonnement
TR2609090056873,CL107139,EN00190,trottinette,Lyon,ST1014,ST1017,2026-09-09 14:30:24,09/09/2026 14:41,11,2.83,3.42,paypal
TR2609090056874,CL102457,EN00215,velo_elec,Lyon,ST1016,ST1007,2026-09-09 14:29:17,2026-09-09 15:00:17,31,10.47,8.75,cb
TR2609090056875,CL106389,EN00168,velo_elec,Lyon,ST1019,ST1016,2026-09-09 14:21:51,,13,3.61,4.25,cb
TR2609090056876,CL106043,EN00351,trottinette,Nantes,ST1025,ST1031,2026-09-09 14:25:30,2026-09-09 14:58:30,33,11.15,8.26,cb
TR2609090056877,CL100863,EN00404,trottinette,Lille,ST1036,ST1039,2026-09-09 14:27:41,2026-09-09 14:43:41,16,5.46,4.52,abonnement
TR2609090056878,CL103072,EN00456,trottinette,Lille,ST1037,ST1039,09/09/2026 14:25,2026-09-09 14:37:12,12,1.85,3.64,abonnement
TR2609090056879,CL107453,EN00406,velo_elec,Lille,ST1038,ST1038,2026-09-09 14:16:59,2026-09-09 14:21:59,5,1.13,2.25,cb
TR2609090056880,CL100757,EN00468,trottinette,Lille,ST1042,ST1040,2026-09-09 14:18:57,2026-09-09 14:39:57,21,6.51,5.62,cb
TR2609090056881,CL101988,EN00484,velo_elec,Lille,ST1043,ST1043,1788957035,2026-09-09 14:35:35,5,1.14,2.25,cb
TR2609090056882,CL100049,EN00400,trottinette,Lille,ST1044,ST1036,2026-09-09 14:28:58,2026-09-09 14:44:58,16,3.9,4.52,abonnement
TR2609090056883,CL107513,EN00473,trottinette,Lille,ST1044,ST1035,2026-09-09 14:17:52,2026-09-09 14:27:52,10,2.21,,paypal
TR2609090056884,CL104469,EN00492,velo_elec,Lille,ST1045,ST1044,2026-09-09 14:22:02,2026-09-09 14:25:02,3,0.92,1.75,cb
TR2609090056885,CL100724,EN00383,trottinette,Lille,ST1046,ST1041,2026-09-09 14:28:27,1788957627,12,2.36,3.64,abonnement
TR2609090056886,CL106504,EN00372,trottinette,Lille,ST1047,ST1034,2026-09-09 14:17:16,2026-09-09 14:42:16,25,8.6,6.5,cb
TR2609090056887,CL101696,EN00591,velo_elec,GRENOBLE,ST1054,ST1049,09/09/2026 14:30,09/09/2026 14:39,9,1.81,3.25,cb
TR2609090056888,CL108097,EN00572,velo,Grenoble,ST1058,ST1058,2026-09-09 14:30:13,2026-09-09 14:37:13,7,1.25,2.05,cb
TR2609090056889,CL108071,EN00127,trottinette,Lyon,ST1007,ST1006,2026-09-09 14:36:21,2026-09-09 14:59:21,23,6.95,6.06,cb
TR2609090056890,CL102609,EN00053,trottinette,Lyon,ST1015,ST1009,09/09/2026 14:43,2026-09-09 15:02:40,19,3.58,5.18,abonnement
TR2609090056891,CL102672,EN00039,velo_elec,Lyon,ST1016,ST1013,2026-09-09 14:39:22,1788958462,15,2.79,4.75,cb
TR2609090056892,CL103225,EN00259,trottinette,Nantes,ST1032,ST1030,2026-09-09 14:34:43,09/09/2026 14:39,5,0.82,2.1,cb
TR2609090056893,CL107230,EN00417,trottinette,Lille,ST1041,ST1038,2026-09-09 14:37:23,2026-09-09 14:48:23,11,1.72,3.42,cb
TR2609090056894,CL104220,EN00498,trottinette,Lille,ST1041,ST1036,2026-09-09 14:39:48,1788958188,10,3.44,3.2,cb
TR2609090056895,CL100980,EN00363,velo_elec,Lille,ST1041,ST1044,09/09/2026 14:40,2026-09-09 15:00:12,20,5.32,6.0,abonnement
TR2609090056896,CL103477,EN00491,velo,Lille,ST1046,ST1038,2026-09-09 14:42:06,2026-09-09 14:57:06,15,2.45,3.25,cb
TR2609090056897,CL107807,EN00599,trottinette,Grenoble,ST1048,ST1057,2026-09-09 14:35:54,2026-09-09 14:47:54,12,2.08,3.64,paypal
TR2609090056898,CL101521,EN00578,velo_elec,grenoble,ST1048,ST1056,1788957029,2026-09-09 14:35:29,5,1.12,2.25,abonnement
TR2609090056899,CL107693,EN00517,trottinette,Grenoble,ST1050,ST1051,2026-09-09 14:31:55,1788958255,19,4.66,5.18,cb
TR2609090056900,CL100498,EN00089,trottinette,Lyon,ST1003,ST1004,2026-09-09 14:53:54,1788958854,7,1.61,2.54,paypal
TR2609090056901,CL103931,EN00219,velo_elec,Lyon,ST1011,ST1006,2026-09-09 14:50:55,2026-09-09 15:20:55,30,9.5,8.5,cb
TR2609090056902,CL102122,EN00065,trottinette,Lyon,ST1011,ST1006,,1788960092,30,5.33,7.6,cb
TR2609090056903,CL104105,EN00117,trottinette,Lyon,ST1014,ST1003,2026-09-09 14:59:59,2026-09-09 15:03:59,4,1.25,1.88,cb
TR2609090056904,CL107435,EN00287,velo_elec,Nantes,ST1025,ST1027,1788958301,2026-09-09 15:02:41,11,2.9,3.75,abonnement
TR2609090056905,CL100331,EN00241,velo,Nantes,ST1027,ST1026,2026-09-09 14:46:21,09/09/2026 14:53,7,1.57,2.05,cb
TR2609090056906,CL107506,EN00406,velo_elec,Lille,ST1038,ST1044,2026-09-09 14:47:47,2026-09-09 14:59:47,12,2.45,4.0,cb
TR2609090056907,CL103977,EN00450,trottinette,Lille,ST1039,ST1046,2026-09-09 14:49:32,2026-09-09 15:15:32,26,5.66,6.72,cb
TR2609090056908,CL106258,EN00001,velo_elec,Lyon,ST1004,ST1009,2026-09-09 15:02:59,2026-09-09 15:19:59,17,4.75,5.25,cb
TR2609090056909,CL101109,EN00150,trottinette,Lyon,ST1005,ST1009,2026-09-09 15:14:18,2026-09-09 15:20:18,6,1.73,2.32,cb
TR2609090056910,CL102565,EN00104,trottinette,Lyon,ST1012,ST1011,2026-09-09 15:09:31,2026-09-09 15:23:31,14,4.31,4.08,cb
TR2609090056911,CL105692,EN00168,velo_elec,Lyon,ST1016,ST1019,2026-09-09 15:12:47,09/09/2026 15:15,3,0.93,1.75,paypal
TR2609090056912,CL101361,EN00109,trottinette,Lyon,ST1019,ST1010,1788959629,2026-09-09 15:17:49,4,0.99,1.88,abonnement
TR2609090056913,CL108981,EN00313,trottinette,Nantes,ST1021,ST1020,2026-09-09 15:05:34,2026-09-09 15:45:34,40,8.18,9.8,cb
TR2609090056914,CL100068,EN00553,trottinette,Grenoble,ST1052,ST1049,2026-09-09 15:07:42,09/09/2026 15:33,26,6.97,6.72,cb
TR2609090056915,CL107374,EN00004,velo_elec,Lyon ,ST1001,ST1017,1788960192,09/09/2026 15:41,18,5.96,5.5,cb
TR2609090056916,CL102523,EN00062,trottinette,Lyon,ST1002,ST1009,09/09/2026 15:23,2026-09-09 15:32:46,9,2.02,2.98,paypal
TR2609090056917,CL108295,EN00056,velo_elec,Lyon,ST1003,ST1013,2026-09-09 15:18:42,1788961122,20,5.29,6.0,cb
TR2609090056918,CL102631,EN00210,trottinette,Lyon,ST1004,ST1008,2026-09-09 15:18:18,,6,2.0,2.32,cb
TR2609090056919,CL103740,EN00215,velo_elec,Lyon,ST1007,ST1006,2026-09-09 15:22:52,2026-09-09 15:31:52,9,1.61,3.25,cb
TR2609090056920,CL105997,EN00192,velo_elec,Lyon,ST1019,ST1010,1788960548,2026-09-09 15:36:08,7,1.47,2.75,paypal
TR2609090056921,CL100758,EN00280,trottinette,Nantes,ST1021,ST1022,2026-09-09 15:30:11,2026-09-09 16:11:11,41,11.47,10.02,abonnement
TR2609090056922,CL107190,EN00271,velo_elec,Nante,ST1022,ST1021,2026-09-09 15:16:12,09/09/2026 15:31,15,2.6,4.75,cb
TR2609090056923,CL108128,EN00297,trottinette,Nantes,ST1022,ST1026,2026-09-09 15:30:34,,12,3.49,3.64,abonnement
TR2609090056924,CL102789,EN00323,velo,Nantes,ST1024,ST1020,09/09/2026 15:29,09/09/2026 15:32,3,0.94,1.45,abonnement
TR2609090056925,CL106069,EN00325,trottinette,Nantes,ST1026,ST1033,2026-09-09 15:28:02,1788963002,42,10.0,10.24,abonnement
TR2609090056926,CL103202,EN00255,velo,Nantes,ST1032,ST1024,09/09/2026 15:28,2026-09-09 15:51:48,23,5.25,4.45,abonnement
TR2609090056927,CL101675,EN00426,trottinette,Lille,ST1034,ST1047,2026-09-09 15:20:07,2026-09-09 15:28:07,8,2.1,2.76,cb
TR2609090056928,CL103541,EN00375,trottinette,Lille,ST1037,ST1047,2026-09-09 15:21:40,09/09/2026 15:34,13,2.55,3.86,cb
TR2609090056929,CL106226,EN00404,trottinette,Lille,ST1039,ST1038,2026-09-09 15:19:14,2026-09-09 15:39:14,20,4.73,5.4,cb
TR2609090056930,CL104045,EN00549,velo_elec,Grenoble,ST1049,ST1057,2026-09-09 15:17:58,2026-09-09 15:33:58,16,2.83,5.0,cb
TR2609090056931,CL102112,EN00055,trottinette,Lyon,ST1003,ST1006,2026-09-09 15:34:28,2026-09-09 15:55:28,21,5.9,5.62,cb
TR2609090056932,CL100325,EN00130,velo_elec,Lyon,ST1019,ST1016,2026-09-09 15:35:13,2026-09-09 15:46:13,11,2.2,3.75,
TR2609090056933,CL106875,EN00168,velo_elec,Lyon,ST1019,ST1012,2026-09-09 15:39:22,2026-09-09 15:57:22,18,4.27,5.5,cb
TR2609090056934,CL108941,EN00287,velo_elec,Nantes,ST1027,ST1025,2026-09-09 15:43:16,2026-09-09 15:52:16,9,1.77,3.25,cb
TR2609090056935,CL105340,EN00259,trottinette,Nantes,ST1030,ST1033,2026-09-09 15:34:15,09/09/2026 15:47,13,4.39,3.86,paypal
TR2609090056936,CL106500,EN00368,trottinette,Lille,ST1036,ST1042,2026-09-09 15:41:50,2026-09-09 15:47:50,6,1.25,2.32,paypal
TR2609090056937,CL101569,EN00456,trottinette,Lille,ST1039,ST1041,2026-09-09 15:46:18,2026-09-09 16:01:18,15,2.81,4.3,abonnement
TR2609090056938,CL107291,EN00480,velo_elec,Lille,ST1039,ST1039,2026-09-09 15:31:13,2026-09-09 15:47:13,16,4.0,5.0,abonnement
TR2609090056939,CL107540,EN00477,trottinette, Lille,ST1042,ST1042,2026-09-09 15:45:30,2026-09-09 15:49:30,4,1.0,1.88,abonnement
TR2609090056940,CL106078,EN00578,velo_elec,Grenoble,ST1056,ST1054,2026-09-09 15:42:56,2026-09-09 15:51:56,9,2.65,3.25,cb
TR2609090056941,CL104706,EN00572,velo,Grenoble,ST1058,ST1048,1788961148,,8,2.67,2.2,abonnement
TR2609090056942,CL104093,EN00025,velo_elec,Lyon,ST1001,ST1007,,2026-09-09 16:03:39,7,1.94,2.75,abonnement
TR2609090056943,CL105110,EN00108,velo_elec,Lyon,ST1008,ST1011,09/09/2026 15:58,09/09/2026 16:12,14,3.52,4.5,cb
TR2609090056944,CL108055,EN00104,trottinette,Lyon,ST1011,ST1019,1788961638,09/09/2026 16:02,15,5.13,4.3,cb
TR2609090056945,CL101172,EN00012,velo,Lyon,ST1011,ST1007,2026-09-09 15:48:46,2026-09-09 15:59:46,11,2.01,2.65,abonnement
TR2609090056946,CL103520,EN00130,velo_elec,Lyon,ST1016,ST1008,,09/09/2026 15:58,5,0.77,2.25,cb
TR2609090056947,CL106833,EN00004,velo_elec,Lyon,ST1017,ST1019,2026-09-09 15:59:53,2026-09-09 16:22:53,23,7.51,6.75,cb
TR2609090056948,CL101831,EN00316,velo_elec,Nantes,ST1020,ST1030,1788962374,2026-09-09 16:09:34,10,1.66,3.5,paypal
TR2609090056949,CL105037,EN00359,trottinette,Nantes,ST1025,ST1027,,09/09/2026 16:00,9,1.36,2.98,abonnement
TR2609090056950,CL107226,EN00381,trottinette,Lille,ST1035,ST1041,,2026-09-09 16:03:34,4,1.1,1.88,abonnement
TR2609090056951,CL104963,EN00427,trottinette,Lille,ST1039,ST1036,2026-09-09 15:53:17,2026-09-09 16:21:17,28,4.89,7.16,cb
TR2609090056952,CL100381,EN00379,velo_elec,Lille,ST1039,ST1045,1788962286,2026-09-09 16:19:06,21,4.35,6.25,cb
TR2609090056953,CL103088,EN00527,velo_elec,Grenoble,ST1054,ST1048,2026-09-09 15:47:37,2026-09-09 16:13:37,26,6.3,7.5,paypal
TR2609090056954,CL106381,EN00089,trottinette,Lyon,ST1004,ST1013,2026-09-09 16:06:07,2026-09-09 16:13:07,7,1.4,2.54,cb
TR2609090056955,CL102971,EN00352,velo_elec,Nantes,ST1020,ST1027,2026-09-09 16:13:01,2026-09-09 16:17:01,4,1.21,2.0,abonnement
TR2609090056956,CL103419,EN00227,trottinette,Nantes,ST1020,ST1030,2026-09-09 16:13:25,2026-09-09 16:20:25,7,1.06,2.54,cb
TR2609090056957,CL105205,EN00265,trottinette,Nantes,ST1020,ST1026,2026-09-09 16:01:52,2026-09-09 16:08:52,7,2.42,2.54,abonnement
TR2609090056958,CL107018,EN00239,trottinette,Nantes,ST1021,ST1027,2026-09-09 16:07:08,2026-09-09 16:17:08,10,2.69,3.2,cb
TR2609090056959,CL103823,EN00224,velo_elec,Nantes,ST1021,ST1028,2026-09-09 16:08:23,,13,2.26,4.25,cb
TR2609090056960,CL102275,EN00359,trottinette,Nantes,ST1027,ST1022,2026-09-09 16:02:36,1788962976,7,1.66,2.54,cb
TR2609090056961,CL101880,EN00310,trottinette,Nantes,ST1028,ST1026,2026-09-09 16:13:12,09/09/2026 16:21,8,1.71,2.76,cb
TR2609090056962,CL105260,EN00301,velo_elec,Nante,ST1033,ST1026,1788962986,2026-09-09 16:16:46,7,2.34,2.75,cb
TR2609090056963,CL103362,EN00548,trottinette,Grenoble,ST1048,ST1053,2026-09-09 16:08:05,2026-09-09 16:11:05,3,0.5,1.66,cb
TR2609090056964,CL101296,EN00578,velo_elec,Grenoble,ST1054,ST1051,2026-09-09 16:04:40,,32,11.1,9.0,cb
TR2609090056965,CL102483,EN00592,velo_elec,Grenoble,ST1055,ST1054,2026-09-09 16:02:10,2026-09-09 16:13:10,11,2.31,3.75,cb
TR2609090056966,CL101578,EN00157,velo_elec,Lyon,ST1001,ST1006,2026-09-09 16:23:53,2026-09-09 16:32:53,9,2.87,3.25,paypal
TR2609090056967,CL106837,EN00077,trottinette,Lyon,ST1003,ST1019,2026-09-09 16:22:44,2026-09-09 16:48:44,26,7.25,6.72,cb
TR2609090056968,CL105289,EN00211,velo_elec,Lyon,ST1004,ST1008,09/09/2026 16:27,2026-09-09 16:57:38,30,9.74,8.5,cb
TR2609090056969,CL106523,EN00109,trottinette,Lyon,ST1010,ST1003,1788963558,2026-09-09 16:41:18,22,5.09,5.84,cb
TR2609090056970,CL107107,EN00121,trottinette,Lyon,ST1012,ST1004,2026-09-09 16:26:21,2026-09-09 16:31:21,5,1.37,2.1,cb
TR2609090056971,CL101722,EN00056,velo_elec,Lyon,ST1013,ST1009,1788963670,1788965290,27,8.07,7.75,abonnement
TR2609090056972,CL100844,EN00140,trottinette,Lyon,ST1014,ST1012,2026-09-09 16:28:11,2026-09-09 16:34:11,6,0.94,2.32,paypal
TR2609090056973,CL100231,EN00347,trottinette,NANTES,ST1022,ST1025,2026-09-09 16:30:43,2026-09-09 16:44:43,14,4.22,4.08,cb
TR2609090056974,CL103924,EN00287,velo_elec,Nantes,ST1025,ST1022,2026-09-09 16:29:45,2026-09-09 16:40:45,11,3.56,3.75,cb
TR2609090056975,CL103866,EN00462,velo_elec,Lille,ST1036,ST1039,2026-09-09 16:29:16,09/09/2026 16:40,11,3.09,3.75,abonnement
TR2609090056976,CL105312,EN00417,trottinette,lille,ST1038,ST1037,09/09/2026 16:16,09/09/2026 16:38,22,4.41,5.84,abonnement
TR2609090056977,CL106190,EN00492,velo_elec,Lille,ST1044,ST1036,2026-09-09 16:28:43,2026-09-09 16:49:43,21,3.55,6.25,cb
TR2609090056978,CL105918,EN00530,velo_elec,Grenoble,ST1055,ST1051,1788963490,09/09/2026 16:32,14,3.75,4.5,abonnement
TR2609090056979,CL102721,EN00549,velo_elec,Grenoble,ST1057,ST1055,2026-09-09 16:19:56,2026-09-09 16:35:56,16,4.8,5.0,cb
TR2609090056980,CL104414,EN00024,velo_elec,lyon,ST1001,ST1008,09/09/2026 16:44,2026-09-09 16:53:35,9,2.0,3.25,abonnement
TR2609090056981,CL106275,EN00191,trottinette,Lyon,ST1002,ST1005,2026-09-09 16:43:29,2026-09-09 16:50:29,7,2.3,2.54,cb
TR2609090056982,CL106891,EN00068,velo_elec,Lyon,ST1003,ST1019,2026-09-09 16:40:26,2026-09-09 16:52:26,12,2.77,4.0,abonnement
TR2609090056983,CL102517,EN00025,velo_elec,Lyon,ST1007,ST1015,2026-09-09 16:35:30,2026-09-09 16:47:30,12,1.91,4.0,cb
TR2609090056984,CL107806,EN00053,trottinette,Lyon,ST1009,ST1008,2026-09-09 16:36:15,2026-09-09 16:43:15,7,1.17,2.54,cb
TR2609090056985,CL107579,EN00359,trottinette,nantes,ST1022,ST1031,09/09/2026 16:42,2026-09-09 17:16:57,34,7.61,8.48,abonnement
TR2609090056986,CL105454,EN00312,trottinette,Nantes,ST1023,ST1024,2026-09-09 16:41:41,2026-09-09 16:48:41,7,2.19,2.54,cb
TR2609090056987,CL104306,EN00301,velo_elec,Nante,ST1026,ST1022,2026-09-09 16:38:59,2026-09-09 16:50:59,12,4.12,4.0,cb
TR2609090056988,CL100827,EN00451,velo_elec,Lille,ST1036,ST1044,09/09/2026 16:31,2026-09-09 16:48:37,17,2.57,5.25,cb
TR2609090056989,CL101067,EN00482,velo_elec,Lille,ST1040,ST1046,2026-09-09 16:46:10,09/09/2026 16:56,10,2.11,3.5,abonnement
TR2609090056990,CL103050,EN00476,trottinette,Lille,ST1047,ST1036,2026-09-09 16:31:44,2026-09-09 16:37:44,6,1.3,2.32,cb
TR2609090056991,CL100144,EN00142,velo_elec,Lyon,ST1003,ST1007,2026-09-09 16:59:50,2026-09-09 17:07:50,8,1.44,3.0,cb
TR2609090056992,CL103294,EN00276,velo_elec,Nantes,ST1020,ST1023,09/09/2026 16:52,1788967471,32,9.93,9.0,cb
TR2609090056993,CL101423,EN00255,velo,Nantes,ST1024,ST1023,2026-09-09 16:59:13,2026-09-09 17:04:13,5,1.44,1.75,abonnement
TR2609090056994,CL101377,EN00305,velo_elec,Nantes,ST1031,ST1023,09/09/2026 16:54,1788966105,7,1.35,2.75,abonnement
TR2609090056995,CL103263,EN00424,velo_elec,Lille,ST1035,ST1042,2026-09-09 16:50:18,2026-09-09 16:57:18,7,2.45,2.75,abonnement
TR2609090056996,CL106629,EN00403,trottinette,Lille,ST1035,ST1040,2026-09-09 16:53:07,1788965827,4,0.89,1.88,cb
TR2609090056997,CL100961,EN00476,trottinette,Lille,ST1036,ST1043,2026-09-09 16:57:56,2026-09-09 17:15:56,18,5.87,4.96,
TR2609090056998,CL100714,EN00370,velo_elec,Lille,ST1036,ST1041,09/09/2026 16:53,2026-09-09 17:01:18,8,2.36,3.0,abonnement
TR2609090056999,CL101662,EN00417,trottinette,Lille,ST1037,ST1040,2026-09-09 16:54:28,2026-09-09 17:04:28,10,2.84,3.2,cb
TR2609090057000,CL107608,EN00484,velo_elec,Lille,ST1043,ST1043,1788965497,2026-09-09 17:13:37,22,3.86,6.5,cb
TR2609090057001,CL103477,EN00412,trottinette,Lille,ST1043,ST1037,2026-09-09 16:51:26,09/09/2026 17:00,9,2.21,2.98,cb
TR2609090057002,CL104574,EN00450,trottinette,Lille,ST1046,ST9810,2026-09-09 16:57:58,2026-09-09 17:27:58,30,6.0,7.6,cb
TR2609090057003,CL100520,EN00591,velo_elec,Grenoble,ST1049,ST1050,2026-09-09 16:58:43,2026-09-09 17:08:43,10,2.03,3.5,cb
TR2609090057004,CL101521,EN00553,trottinette,Grenoble,ST1049,ST1053,2026-09-09 16:49:23,2026-09-09 16:58:23,9,1.42,2.98,cb
TR2609090057005,CL101521,EN00588,velo_elec,grenoble,ST1049,ST1052,2026-09-09 16:53:24,2026-09-09 17:01:24,8,1.21,3.0,cb
TR2609090057006,CL108584,EN00592,velo_elec,Grenoble,ST1054,ST1051,2026-09-09 16:56:06,09/09/2026 17:03,7,2.4,2.75,abonnement
TR2609090057007,CL105758,EN00565,trottinette,grenoble,ST1054,ST1049,2026-09-09 16:51:15,09/09/2026 17:12,21,5.32,5.62,paypal
TR2609090057008,CL101637,EN00191,trottinette,Lyon,ST1005,ST1014,2026-09-09 17:05:03,2026-09-09 17:23:03,18,4.96,4.96,cb
TR2609090057009,CL103004,EN00052,trottinette,Lyon,ST1007,ST1002,2026-09-09 17:03:25,09/09/2026 17:48,45,11.55,10.9,cb
TR2609090057010,CL101547,EN00140,trottinette,Lyon,ST1012,ST1005,2026-09-09 17:02:46,2026-09-09 17:15:46,13,3.63,3.86,cb
TR2609090057011,CL104132,EN00089,trottinette,Lyon ,ST1013,ST1005,2026-09-09 17:01:45,2026-09-09 17:14:45,13,3.4,3.86,abonnement
TR2609090057012,CL102976,EN00097,velo_elec,Lyon,ST1013,ST1002,2026-09-09 17:07:16,2026-09-09 17:20:16,13,3.12,4.25,abonnement
TR2609090057013,CL102315,EN00159,velo,Lyon,ST1014,ST1006,2026-09-09 17:00:49,2026-09-09 17:03:49,3,0.82,1.45,abonnement
TR2609090057014,CL101722,EN00025,velo_elec,Lyon,ST1015,ST1019,2026-09-09 17:03:11,2026-09-09 17:42:11,39,6.86,10.75,abonnement
TR2609090057015,CL108125,EN00019,trottinette,Lyon,ST1019,ST1016,2026-09-09 17:06:06,2026-09-09 17:31:06,25,5.2,6.5,cb
TR2609090057016,CL103388,EN00271,velo_elec,Nantes,ST1021,ST1026,2026-09-09 17:01:05,2026-09-09 17:09:05,8,1.9,3.0,abonnement
TR2609090057017,CL108608,EN00287,velo_elec,Nantes,ST1022,ST1021,2026-09-09 17:03:40,2026-09-09 17:10:40,7,1.24,2.75,cb
TR2609090057018,CL107550,EN00305,velo_elec,Nantes,ST1023,ST1032,2026-09-09 17:09:41,2026-09-09 17:17:41,8,1.85,3.0,cb
TR2609090057019,CL107598,EN00309,trottinette,Nantes,ST1028,ST1024,2026-09-09 17:03:11,09/09/2026 17:13,10,3.11,3.2,cb
TR2609090057020,CL102785,EN00316,velo_elec,Nantes,ST1030,ST1032,2026-09-09 17:15:38,2026-09-09 17:33:38,18,5.9,5.5,abonnement
TR2609090057021,CL102398,EN00386,trottinette,Lille,ST1034,ST1041,2026-09-09 17:08:47,09/09/2026 17:20,12,2.16,3.64,cb
TR2609090057022,CL108020,EN00488,velo_elec,Lille,ST1034,ST1034,09/09/2026 17:05,2026-09-09 17:28:07,23,7.95,6.75,paypal
TR2609090057023,CL105514,EN00473,trottinette,lille,ST1035,ST1037,2026-09-09 17:07:48,09/09/2026 17:18,11,2.31,3.42,paypal
TR2609090057024,CL104734,EN00404,trottinette,Lille,ST1038,ST1045,2026-09-09 17:11:55,09/09/2026 17:36,25,6.45,6.5,cb
TR2609090057025,CL104358,EN00396,velo_elec,Lille,ST1040,ST1044,2026-09-09 17:13:03,2026-09-09 17:25:03,12,2.12,4.0,cb
TR2609090057026,CL102040,EN00368,trottinette,Lille,ST1042,ST1045,2026-09-09 17:01:09,2026-09-09 17:18:09,17,2.59,4.74,cb
TR2609090057027,CL102907,EN00440,trottinette,Lille,ST1043,ST1042,2026-09-09 17:06:11,1788967511,19,3.95,5.18,cb
TR2609090057028,CL105371,EN00426,trottinette,Lille,ST1047,ST1034,2026-09-09 17:11:25,1788967285,10,2.83,3.2,cb
TR2609090057029,CL102696,EN00515,trottinette,Grenoble,ST1048,ST1058,2026-09-09 17:06:46,2026-09-09 17:22:46,8639,2.61,4.52,abonnement
TR2609090057030,CL106041,EN00588,velo_elec,Grenoble,ST1052,ST1058,2026-09-09 17:02:51,2026-09-09 17:13:51,11,2.88,3.75,cb
TR2609090057031,CL101303,EN00548,trottinette,Grenoble,ST1053,ST1055,2026-09-09 17:06:03,2026-09-09 17:22:03,16,3.75,4.52,cb
TR2609090057032,CL104075,EN00575,trottinette,Grenoble,ST1055,ST1053,2026-09-09 17:06:58,2026-09-09 17:18:58,12,3.23,3.64,cb
TR2609090057033,CL105518,EN00035,velo_elec,Lyon,ST1003,ST1001,2026-09-09 17:18:51,2026-09-09 17:37:51,19,3.31,5.75,abonnement
TR2609090057034,CL105248,EN00027,velo_elec,Lyon,ST1003,ST1012,2026-09-09 17:20:57,2026-09-09 17:25:57,5,1.1,2.25,abonnement
TR2609090057035,CL103071,EN00121,trottinette,lyon,ST1004,ST1006,09/09/2026 17:24,2026-09-09 17:34:42,10,2.07,3.2,paypal
TR2609090057036,CL105462,EN00108,velo_elec,Lyonn,ST1011,ST1010,09/09/2026 17:21,1788968299,17,5.73,5.25,cb
TR2609090057037,CL108532,EN00207,velo_elec,Lyon,ST1012,ST1008,09/09/2026 17:20,,19,2.85,5.75,cb
TR2609090057038,CL104978,EN00039,velo_elec,Lyon,ST1013,ST1011,09/09/2026 17:17,2026-09-09 17:22:28,5,1.19,2.25,cb
TR2609090057039,CL102814,EN00051,velo,lyon,ST1014,ST1011,2026-09-09 17:20:14,1788968954,29,5.44,5.35,paypal
TR2609090057040,CL107162,EN00190,trottinette,Lyon,ST1017,ST1002,2026-09-09 17:20:34,2026-09-09 17:47:34,27,6.31,6.94,cb
TR2609090057041,CL102122,EN00004,velo_elec,Lyon,ST1019,ST1019,2026-09-09 17:29:10,,7,2.32,2.75,cb
TR2609090057042,CL108501,EN00248,trottinette,Nantes,ST1020,ST1025,2026-09-09 17:28:25,09/09/2026 17:45,17,4.9,4.74,cb
TR2609090057043,CL107767,EN00287,velo_elec,Nantes,ST1021,ST1032,09/09/2026 17:17,2026-09-09 17:30:57,13,2.29,4.25,abonnement
TR2609090057044,CL105471,EN00255,velo,Nantes,ST1023,ST1025,2026-09-09 17:24:49,2026-09-09 17:30:49,6,1.78,1.9,abonnement
TR2609090057045,CL100771,EN00227,trottinette,Nantes,ST1030,ST1022,2026-09-09 17:25:22,09/09/2026 17:32,7,1.22,2.54,abonnement
TR2609090057046,CL106277,EN00269,velo_elec,Nantes,ST1031,ST1032,2026-09-09 17:28:23,2026-09-09 17:41:23,13,3.13,4.25,cb
TR2609090057047,CL102441,EN00415,trottinette,Lille,ST1034,ST1045,2026-09-09 17:26:47,1788968027,7,1.62,2.54,cb
TR2609090057048,CL103201,EN00385,velo_elec,Lille,ST1034,ST1037,2026-09-09 17:26:57,2026-09-09 17:29:57,3,0.81,1.75,abonnement
TR2609090057049,CL106961,EN00411,trottinette,Lille,ST1035,ST1036,1788967555,2026-09-09 17:34:55,9,1.61,2.98,cb
TR2609090057050,CL103462,EN00481,velo_elec,Lille,ST1035,ST1043,2026-09-09 17:29:02,2026-09-09 17:36:02,7,1.43,2.75,cb
TR2609090057051,CL100371,EN00405,trottinette,Lille,ST1035,ST1043,2026-09-09 17:28:40,2026-09-09 18:20:40,52,15.93,12.44,cb
TR2609090057052,CL105568,EN00393,trottinette,Lille,ST1035,ST1044,2026-09-09 17:23:49,2026-09-09 17:46:49,23,4.28,6.06,abonnement
TR2609090057053,CL106989,EN00474,velo_elec,Lille,ST1035,ST1045,2026-09-09 17:19:24,2026-09-09 17:29:24,10,2.5,3.5,abonnement
TR2609090057054,CL105989,EN00491,velo,Lille,ST1038,ST1043,2026-09-09 17:23:38,09/09/2026 17:27,4,0.93,1.6,cb
TR2609090057055,CL102602,EN00384,trottinette,Lille,ST1044,ST1043,09/09/2026 17:21,09/09/2026 17:32,11,1.93,3.42,cb
TR2609090057056,CL102649,EN00508,trottinette,Grenoble,ST1048,ST1054,2026-09-09 17:23:17,1788967937,9,2.72,2.98,cb
TR2609090057057,CL102854,EN00565,trottinette,Grenoble,ST1049,ST1054,2026-09-09 17:18:11,2026-09-09 17:26:11,8,1.36,2.76,cb
TR2609090057058,CL104643,EN00534,trottinette,Grenoble,ST1049,ST1053,2026-09-09 17:19:01,2026-09-09 17:29:01,10,2.1,3.2,cb
TR2609090057059,CL107980,EN00502,velo,Grenoble,ST1054,ST1058,09/09/2026 17:28,2026-09-09 17:38:53,10,2.31,2.5,paypal
TR2609090057060,CL103134,EN00599,trottinette,Grenoble,ST1057,ST1055,2026-09-09 17:19:42,2026-09-09 17:26:42,7,1.59,2.54,abonnement
TR2609090057061,CL100731,EN00588,velo_elec,Grenoble,ST1058,ST1054,2026-09-09 17:22:10,2026-09-09 17:35:10,13,3.45,4.25,paypal
TR2609090057062,CL108631,EN00193,trottinette,Lyon,ST1001,ST1007,2026-09-09 17:42:42,2026-09-09 17:53:42,11,3.37,3.42,cb
TR2609090057063,CL102346,EN00011,velo_elec,Lyon,ST1001,ST1009,2026-09-09 17:42:54,09/09/2026 17:52,10,3.2,3.5,abonnement
TR2609090057064,CL106140,EN00141,velo_elec,Lyon,ST1001,ST1006,2026-09-09 17:36:28,2026-09-09 17:54:28,18,5.61,5.5,cb
TR2609090057065,CL100092,EN00023,trottinette,Lyon,ST1001,ST1018,2026-09-09 17:36:50,09/09/2026 17:47,11,1.98,3.42,abonnement
TR2609090057066,CL102868,EN00029,velo_elec,Lyon,ST1002,ST1007,09/09/2026 17:37,2026-09-09 17:59:13,22,6.26,6.5,cb
TR2609090057067,CL104283,EN00186,trottinette,Lyon,ST1002,ST1007,2026-09-09 17:33:22,2026-09-09 17:46:22,13,4.4,3.86,cb
TR2609090057068,CL108795,EN00100,velo_elec,Lyon,ST1003,ST1017,2026-09-09 17:32:07,2026-09-09 17:49:07,17,3.19,5.25,cb
TR2609090057069,CL108560,EN00199,velo_elec,Lyon,ST1004,ST1008,2026-09-09 17:33:49,2026-09-09 17:37:49,4,1.24,2.0,abonnement
TR2609090057070,CL105652,EN00039,velo_elec,Lyonn,ST1011,ST1008,2026-09-09 17:38:32,2026-09-09 17:43:32,5,1.32,2.25,paypal
TR2609090057071,CL107919,EN00191,trottinette,Lyon,ST1014,ST1013,2026-09-09 17:45:18,09/09/2026 17:57,12,3.49,3.64,abonnement
TR2609090057072,CL102406,EN00209,velo_elec,Lyon,ST1017,ST1015,09/09/2026 17:34,1788969532,24,4.94,7.0,paypal
TR2609090057073,CL100262,EN00342,velo_elec,Nantes,ST1020,ST1021,2026-09-09 17:32:15,2026-09-09 17:38:15,6,1.0,2.5,cb
TR2609090057074,CL100177,EN00315,velo_elec,Nantes,ST1021,ST1029,09/09/2026 17:39,2026-09-09 17:48:00,9,2.29,3.25,paypal
TR2609090057075,CL102852,EN00301,velo_elec,Nantes,ST1022,ST1029,2026-09-09 17:37:30,1788968610,6,0.93,2.5,cb
TR2609090057076,CL108416,EN00250,velo_elec,Nante,ST1022,ST1022,2026-09-09 17:32:45,2026-09-09 17:45:45,13,2.49,4.25,cb
TR2609090057077,CL105335,EN00300,velo_elec,Nantes,ST1022,ST1028,2026-09-09 17:31:49,2026-09-09 17:57:49,26,7.43,7.5,abonnement
TR2609090057078,CL105006,EN00309,trottinette,Nantes,ST1024,ST1033,2026-09-09 17:43:16,2026-09-09 18:40:16,57,19.78,13.54,abonnement
TR2609090057079,CL105994,EN00310,trottinette,Nantes,ST1026,ST1021,2026-09-09 17:32:41,09/09/2026 17:38,6,1.05,2.32,cb
TR2609090057080,CL108299,EN00297,trottinette,Nantes,ST1026,ST1023,2026-09-09 17:38:53,2026-09-09 17:45:53,7,1.22,2.54,paypal
TR2609090057081,CL105769,EN00355,velo_elec,Nantes,ST1033,ST1022,2026-09-09 17:33:53,09/09/2026 17:39,6,1.27,2.5,cb
TR2609090057082,CL105234,EN00427,trottinette,Lille,ST1036,ST1038,2026-09-09 17:42:16,2026-09-09 17:48:16,6,1.06,2.32,cb
TR2609090057083,CL102853,EN00453,trottinette,Lille,ST1044,ST1041,2026-09-09 17:41:43,09/09/2026 18:04,23,4.17,6.06,cb
TR2609090057084,CL104527,EN00482,velo_elec,Lille,ST1046,ST1035,2026-09-09 17:42:13,2026-09-09 17:50:13,8,2.68,3.0,cb
TR2609090057085,CL103153,EN00443,velo_elec,Lille,ST1047,ST1041,2026-09-09 17:40:06,2026-09-09 17:47:06,7,1.7,2.75,cb
TR2609090057086,CL104829,EN00520,velo_elec,Grenoble,ST1048,ST1050,2026-09-09 17:41:06,09/09/2026 17:47,5837,1.18,2.5,paypal
TR2609090057087,CL108487,EN00519,velo_elec,Grenoble,ST1048,ST1056,2026-09-09 17:41:30,2026-09-09 18:00:30,19,3.02,5.75,abonnement
TR2609090057088,CL107802,EN00522,velo_elec,Grenoble,ST1049,ST1053,09/09/2026 17:35,2026-09-09 17:44:50,9,1.52,3.25,abonnement
TR2609090057089,CL106113,EN00591,velo_elec,Grenoble,ST1050,ST1052,2026-09-09 17:42:55,2026-09-09 17:49:55,7,1.41,2.75,paypal
TR2609090057090,CL104238,EN00144,trottinette,Lyon,ST1001,ST1018,2026-09-09 17:51:34,09/09/2026 18:08,17,5.64,4.74,cb
TR2609090057091,CL104081,EN00003,velo_elec,Lyon,ST1001,ST1015,2026-09-09 17:58:20,,5,1.35,2.25,abonnement
TR2609090057092,CL107023,EN00217,velo_elec,Lyon,ST1001,ST1005,2026-09-09 17:51:56,2026-09-09 17:59:56,8,2.7,3.0,cb
TR2609090057093,CL104062,EN00035,velo_elec,Lyon,ST1001,ST1012,2026-09-09 17:58:20,2026-09-09 18:02:20,4,1.13,2.0,cb
TR2609090057094,CL105585,EN00085,velo_elec,Lyon,ST1002,ST1018,2026-09-09 17:55:36,2026-09-09 18:22:36,27,6.52,7.75,abonnement
TR2609090057095,CL105313,EN00107,velo_elec,Lyon,ST1002,ST1017,09/09/2026 17:55,2026-09-09 18:07:43,12,2.37,4.0,cb
TR2609090057096,CL106523,EN00201,velo_elec,Lyon,ST1004,ST1008,2026-09-09 17:47:51,09/09/2026 18:02,15,3.87,4.75,cb
TR2609090057097,CL107906,EN00065,trottinette,Lyon ,ST1006,ST1003,2026-09-09 17:49:46,2026-09-09 17:58:46,9,1.97,2.98,cb
TR2609090057098,CL105639,EN00053,trottinette,Lyon,ST1008,ST1016,2026-09-09 18:00:17,09/09/2026 18:09,9,1.89,2.98,abonnement
TR2609090057099,CL102979,EN00083,velo_elec,Lyon,ST1012,ST1005,09/09/2026 17:49,1788969340,6,0.98,2.5,cb
TR2609090057100,CL106906,EN00163,trottinette,Lyon,ST1015,ST1016,1788969155,2026-09-09 18:13:35,21,4.5,5.62,abonnement
TR2609090057101,CL101680,EN00336,velo_elec,Nantes,ST1020,ST1021,09/09/2026 17:51,2026-09-09 18:07:55,16,3.85,5.0,cb
TR2609090057102,CL103982,EN00310,trottinette,Nantes,ST1021,ST1028,2026-09-09 18:00:31,09/09/2026 18:10,10,3.23,3.2,abonnement
TR2609090057103,CL101461,EN00302,velo_elec,Nante,ST1021,ST9551,09/09/2026 17:48,09/09/2026 18:00,12,2.6,4.0,abonnement
TR2609090057104,CL103610,EN00355,velo_elec,Nantes,ST1022,ST1029,2026-09-09 17:47:54,09/09/2026 17:54,7,1.87,2.75,cb
TR2609090057105,CL107824,EN00225,velo_elec,Nantes,ST1026,ST1031,2026-09-09 17:52:20,2026-09-09 17:55:20,3,0.89,1.75,abonnement
TR2609090057106,CL104834,EN00239,trottinette,Nantes,ST1027,ST1021,2026-09-09 17:53:31,09/09/2026 18:04,11,3.57,3.42,cb
TR2609090057107,CL106702,EN00270,velo_elec,Nantes,ST1028,ST1029,2026-09-09 17:47:43,2026-09-09 18:22:43,35,11.26,9.75,cb
TR2609090057108,CL101093,EN00224,velo_elec,nantes,ST1028,ST1025,2026-09-09 17:57:08,2026-09-09 18:07:08,10,1.78,3.5,cb
TR2609090057109,CL108928,EN00301,velo_elec,Nantes,ST1029,ST1023,09/09/2026 17:48,2026-09-09 18:05:11,17,5.57,5.25,cb
TR2609090057110,CL102027,EN00488,velo_elec,Lille,ST1034,ST1038,2026-09-09 17:47:32,09/09/2026 18:00,13,2.13,4.25,abonnement
TR2609090057111,CL106870,EN00426,trottinette,Lille,ST1034,ST1040,2026-09-09 17:47:31,1788969091,4,1.08,1.88,abonnement
TR2609090057112,CL104599,EN00441,velo_elec,Lille,ST1034,ST1046,2026-09-09 17:48:16,2026-09-09 18:05:16,17,2.57,5.25,cb
TR2609090057113,CL105782,EN00372,trottinette,Lille,ST1034,ST1035,2026-09-09 17:50:37,09/09/2026 18:05,15,4.49,4.3,cb
TR2609090057114,CL100852,EN00493,velo_elec,Lille,ST1035,ST1042,2026-09-09 18:00:29,2026-09-09 18:06:29,6,0.95,2.5,cb
TR2609090057115,CL108411,EN00386,trottinette,Lille,ST1041,ST1039,2026-09-09 17:49:51,2026-09-09 18:08:51,19,4.9,5.18,paypal
TR2609090057116,CL105805,EN00396,velo_elec,LILLE,ST1044,ST1047,2026-09-09 17:57:47,09/09/2026 18:08,11,2.05,3.75,cb
TR2609090057117,CL106981,EN00518,trottinette,Grenoble,ST1048,ST1051,2026-09-09 17:51:57,2026-09-09 17:59:57,8,1.88,2.76,abonnement
TR2609090057118,CL108394,EN00503,trottinette,Grenoble,ST1049,ST1055,09/09/2026 17:48,2026-09-09 18:04:34,16,5.1,4.52,
TR2609090057119,CL103798,EN00579,trottinette,Grenoble,ST1057,ST1053,09/09/2026 18:00,1788970044,7,1.95,2.54,cb
TR2609090057120,CL102393,EN00515,trottinette,Grenoble,ST1058,ST1052,2026-09-09 17:54:01,2026-09-09 18:16:01,22,6.73,5.84,cb
TR2609090057121,CL107349,EN00063,velo_elec,Lyon,ST1001,ST1013,2026-09-09 18:06:51,2026-09-09 18:44:51,38,6.4,10.5,cb
TR2609090057122,CL108998,EN00202,trottinette,Lyon,ST1001,ST1018,09/09/2026 18:08,2026-09-09 18:21:37,13,2.74,3.86,cb
TR2609090057123,CL105525,EN00010,trottinette,Lyon,ST1002,ST1009,1788970219,2026-09-09 18:23:19,13,3.98,3.86,abonnement
TR2609090057124,CL105088,EN00065,trottinette,Lyon,ST1003,ST1003,2026-09-09 18:09:35,2026-09-09 18:14:35,5,1.08,2.1,paypal
TR2609090057125,CL101155,EN00214,trottinette,Lyon,ST1004,ST1005,2026-09-09 18:12:13,2026-09-09 18:20:13,8,2.05,2.76,cb
TR2609090057126,CL105981,EN00034,velo_elec,Lyonn,ST1004,ST1002,09/09/2026 18:06,2026-09-09 18:19:04,13,3.48,4.25,cb
TR2609090057127,CL108619,EN00081,velo_elec,Lyon,ST1004,ST1002,2026-09-09 18:11:52,2026-09-09 18:25:52,14,3.99,4.5,cb
TR2609090057128,CL104130,EN00029,velo_elec,Lyon,ST1007,ST1018,2026-09-09 18:10:44,2026-09-09 18:21:44,11,2.86,3.75,abonnement
TR2609090057129,CL100212,EN00014,velo_elec,Lyon,ST1010,ST1002,2026-09-09 18:01:46,2026-09-09 18:29:46,28,9.56,8.0,cb
TR2609090057130,CL102419,EN00209,velo_elec,Lyon,ST1015,ST1009,2026-09-09 18:07:28,2026-09-09 18:19:28,-10,3.88,4.0,abonnement
TR2609090057131,CL108536,EN00169,velo,Lyon,ST1015,ST1015,09/09/2026 18:15,2026-09-09 18:34:40,19,4.9,3.85,cb
TR2609090057132,CL101761,EN00019,trottinette,Lyon,ST1016,ST1006,2026-09-09 18:03:15,,6,1.79,2.32,cb
TR2609090057133,CL102370,EN00253,trottinette,Nantes,ST1021,ST1027,2026-09-09 18:06:18,2026-09-09 18:22:18,16,2.66,4.52,cb
TR2609090057134,CL101747,EN00354,velo_elec,Nantes,ST1021,ST1027,2026-09-09 18:09:49,2026-09-09 18:18:49,9,2.17,3.25,paypal
TR2609090057135,CL101372,EN00328,velo_elec,Nantes,ST1022,ST1033,09/09/2026 18:02,2026-09-09 18:25:28,23,7.79,6.75,
TR2609090057136,CL106621,EN00226,velo_elec,Nantes,ST1022,ST1021,1788970082,2026-09-09 18:18:02,10,2.86,3.5,cb
TR2609090057137,CL107705,EN00297,trottinette,Nantes,ST1023,ST1028,2026-09-09 18:15:21,2026-09-09 18:42:21,27,8.53,6.94,cb
TR2609090057138,CL105174,EN00276,velo_elec,Nantes,ST1023,ST1025,2026-09-09 18:10:59,2026-09-09 18:18:59,8,2.77,3.0,abonnement
TR2609090057139,CL107630,EN00312,trottinette,nantes,ST1024,ST1025,2026-09-09 18:06:25,2026-09-09 18:19:25,13,3.15,3.86,cb
TR2609090057140,CL106371,EN00302,velo_elec,Nantes,ST1030,ST1030,2026-09-09 18:07:58,2026-09-09 18:18:58,11,3.28,3.75,abonnement
TR2609090057141,CL105875,EN00259,trottinette,Nantes,ST1033,ST1022,2026-09-09 18:08:47,2026-09-09 18:24:47,16,4.23,4.52,cb
TR2609090057142,CL100345,EN00409,trottinette,Lille,ST1034,ST1034,2026-09-09 18:01:55,09/09/2026 18:08,7,2.1,2.54,paypal
TR2609090057143,CL104165,EN00408,velo_elec,Lille,ST1034,ST1037,2026-09-09 18:11:48,2026-09-09 18:17:48,6,1.8,2.5,paypal
TR2609090057144,CL106661,EN00482,velo_elec,Lille,ST1035,ST1039,2026-09-09 18:01:42,2026-09-09 18:19:42,18,5.03,5.5,abonnement
TR2609090057145,CL103752,EN00483,trottinette,Lille,ST1035,ST1044,2026-09-09 18:02:46,09/09/2026 18:18,16,3.57,4.52,cb
TR2609090057146,CL106067,EN00402,trottinette,Lille,ST1036,ST1046,2026-09-09 18:13:44,2026-09-09 18:47:44,34,9.3,8.48,cb
TR2609090057147,CL100174,EN00400,trottinette,Lille,ST1036,ST1038,1788969962,2026-09-09 18:26:02,20,5.47,5.4,cb
TR2609090057148,CL103612,EN00427,trottinette,Lille,ST1038,ST1041,2026-09-09 18:04:15,2026-09-09 18:22:15,7107,4.19,4.96,abonnement
TR2609090057149,CL102317,EN00488,velo_elec,Lille,ST1038,ST1047,09/09/2026 18:15,2026-09-09 18:32:11,17,2.65,5.25,cb
TR2609090057150,CL108229,EN00462,velo_elec,Lille,ST1039,ST1045,2026-09-09 18:10:48,2026-09-09 18:16:48,6,1.11,2.5,cb
TR2609090057151,CL107331,EN00426,trottinette,Lille,ST1040,ST1039,2026-09-09 18:07:09,2026-09-09 18:11:09,4,1.11,1.88,cb
TR2609090057152,CL102497,EN00422,velo_elec,Lille,ST1047,ST1035,2026-09-09 18:07:28,2026-09-09 18:59:28,52,15.59,14.0,cb
TR2609090057153,CL104003,EN00585,velo_elec,Grenoble,ST1049,ST1054,2026-09-09 18:00:37,2026-09-09 18:24:37,24,4.8,7.0,cb
TR2609090057154,CL105524,EN00587,trottinette,Grenoble,ST1049,ST1054,1788970198,2026-09-09 18:16:58,7,1.67,2.54,
TR2609090057155,CL103999,EN00551,trottinette,Grenoble,ST1049,ST1055,2026-09-09 18:14:44,2026-09-09 18:23:44,9,2.7,2.98,cb
TR2609090057156,CL107005,EN00520,velo_elec,Grenoble,ST1050,ST1056,2026-09-09 18:07:18,2026-09-09 18:15:18,8,1.66,3.0,cb
TR2609090057157,CL107121,EN00575,trottinette,Grenoble,ST1053,ST1052,2026-09-09 18:11:52,2026-09-09 18:31:52,20,3.55,5.4,cb
TR2609090057158,CL103948,EN00508,trottinette,Grenoble,ST1054,ST1058,2026-09-09 18:11:41,2026-09-09 18:33:41,22,5.62,5.84,abonnement
TR2609090057159,CL103090,EN00502,velo,Grenoble,ST1058,ST1054,2026-09-09 18:12:28,2026-09-09 18:22:28,10,2.86,2.5,paypal
TR2609090057160,CL106958,EN00052,trottinette,Lyon,ST1002,ST1011,09/09/2026 18:29,2026-09-09 18:39:07,10,1.72,3.2,abonnement
TR2609090057161,CL108398,EN00124,velo_elec,Lyon,ST1004,ST1014,2026-09-09 18:20:13,,10,2.34,3.5,cb
TR2609090057162,CL103488,EN00082,velo,Lyon,ST1011,ST1017,2026-09-09 18:17:05,1788970925,5,1.53,1.75,paypal
TR2609090057163,CL104149,EN00053,trottinette,Lyon,ST1016,ST1017,09/09/2026 18:17,2026-09-09 18:38:10,21,4.69,5.62,cb
TR2609090057164,CL104292,EN00303,velo_elec,Nantes,ST1020,ST1030,2026-09-09 18:28:43,1788972763,24,5.98,7.0,cb
TR2609090057165,CL108113,EN00239,trottinette,Nantes,ST1021,ST1032,2026-09-09 18:17:43,2026-09-09 18:22:43,5,0.88,2.1,paypal
TR2609090057166,CL107538,EN00277,velo_elec,Nantes,ST1022,ST1020,2026-09-09 18:28:36,2026-09-09 18:41:36,13,3.22,4.25,cb
TR2609090057167,CL100916,EN00291,velo_elec,Nantes,ST1022,ST1026,09/09/2026 18:15,,23,5.15,6.75,cb
TR2609090057168,CL102777,EN00250,velo_elec,Nantes,ST1022,ST1027,2026-09-09 18:26:08,2026-09-09 18:35:08,9,2.16,3.25,cb
TR2609090057169,CL108746,EN00355,velo_elec,Nantes,ST1029,ST1031,2026-09-09 18:30:41,2026-09-09 18:41:41,11,3.58,3.75,paypal
TR2609090057170,CL100073,EN00315,velo_elec,Nantes,ST1029,ST1029,2026-09-09 18:21:25,2026-09-09 18:47:25,26,8.99,7.5,abonnement
TR2609090057171,CL104549,EN00359,trottinette,Nantes,ST1031,ST1027,1788971055,2026-09-09 18:34:15,10,3.2,3.2,cb
TR2609090057172,CL107553,EN00423,velo_elec,Lille,ST1034,ST1045,2026-09-09 18:15:47,2026-09-09 18:25:47,10,1.79,3.5,paypal
TR2609090057173,CL107999,EN00372,trottinette,Lille,ST1035,ST1038,2026-09-09 18:15:31,1788971071,9,1.78,2.98,cb
TR2609090057174,CL100825,EN00446,trottinette,Lille,ST1035,ST1040,2026-09-09 18:21:41,2026-09-09 19:00:41,39,8.36,9.58,cb
TR2609090057175,CL104252,EN00475,trottinette,Lille,ST1036,ST1039,2026-09-09 18:28:41,2026-09-09 18:40:41,12,3.23,3.64,cb
TR2609090057176,CL106698,EN00386,trottinette,Lille,ST1039,ST1038,2026-09-09 18:18:46,2026-09-09 18:24:46,6,1.34,2.32,cb
TR2609090057177,CL105678,EN00403,trottinette,Lille,ST1040,ST1042,2026-09-09 18:22:21,2026-09-09 18:27:21,5,1.62,2.1,cb
TR2609090057178,CL105187,EN00443,velo_elec,Lille,ST1041,ST1046,2026-09-09 18:22:53,2026-09-09 18:24:53,2,0.64,1.5,abonnement
TR2609090057179,CL103062,EN00441,velo_elec,LILLE,ST1046,ST1037,09/09/2026 18:25,2026-09-09 18:32:54,7,1.71,2.75,cb
TR2609090057180,CL108374,EN00524,velo_elec,Grenoble,ST1049,ST1053,2026-09-09 18:22:21,2026-09-09 18:38:21,16,5.41,5.0,abonnement
TR2609090057181,CL105522,EN00591,velo_elec,Grenoble ,ST1052,ST1058,09/09/2026 18:24,2026-09-09 18:38:13,14,3.07,4.5,cb
TR2609090057182,CL104945,EN00553,trottinette,Grenoble,ST1053,ST1051,2026-09-09 18:18:38,2026-09-09 18:36:38,18,3.4,4.96,cb
TR2609090057183,CL102283,EN00197,velo_elec,Lyon,ST1001,ST1005,09/09/2026 18:42,2026-09-09 18:59:24,17,3.9,5.25,paypal
TR2609090057184,CL105642,EN00065,trottinette,Lyonn,ST1003,ST1001,2026-09-09 18:32:04,2026-09-09 19:12:04,40,7.88,9.8,paypal
TR2609090057185,CL108496,EN00178,velo_elec,Lyon,ST1003,ST1019,2026-09-09 18:41:02,,10,3.26,3.5,paypal
TR2609090057186,CL102861,EN00109,trottinette,Lyon,ST1003,ST1015,2026-09-09 18:34:29,2026-09-09 18:47:29,13,3.46,3.86,cb
TR2609090057187,CL108769,EN00172,trottinette,Lyon,ST1004,ST1011,2026-09-09 18:35:54,2026-09-09 18:48:54,13,2.21,3.86,abonnement
TR2609090057188,CL101196,EN00140,trottinette,Lyon,ST1005,ST1015,2026-09-09 18:43:27,2026-09-09 18:59:27,16,5.29,4.52,cb
TR2609090057189,CL108754,EN00083,velo_elec,Lyon,ST1005,ST1001,2026-09-09 18:34:41,2026-09-09 18:47:41,13,2.03,4.25,cb
TR2609090057190,CL103811,EN00215,velo_elec,Lyon,ST1006,ST1011,2026-09-09 18:32:11,2026-09-09 19:04:11,32,11.06,9.0,cb
TR2609090057191,CL103587,EN00124,velo_elec,Lyon ,ST1014,ST1019,09/09/2026 18:38,,16,4.91,5.0,paypal
TR2609090057192,CL103469,EN00163,trottinette,Lyon,ST1016,ST1012,2026-09-09 18:32:04,2026-09-09 18:42:04,10,2.48,3.2,cb
TR2609090057193,CL105931,EN00107,velo_elec,Lyon,ST1017,ST1010,2026-09-09 18:40:34,09/09/2026 18:48,8,2.06,3.0,cb
TR2609090057194,CL104457,EN00104,trottinette,Lyon,ST1019,ST1014,2026-09-09 18:41:16,2026-09-09 18:49:16,8,1.57,2.76,cb
TR2609090057195,CL108236,EN00357,trottinette,Nantes,ST1021,ST1028,1788971957,2026-09-09 18:58:17,19,4.18,5.18,abonnement
TR2609090057196,CL104454,EN00226,velo_elec,Nantes,ST1021,ST1033,09/09/2026 18:37,09/09/2026 18:46,9,2.85,3.25,cb
TR2609090057197,CL104858,EN00256,velo_elec,Nantes,ST1021,ST1028,2026-09-09 18:33:54,2026-09-09 18:44:54,11,2.98,3.75,abonnement
TR2609090057198,CL107443,EN00301,velo_elec,Nantes,ST1023,ST1021,09/09/2026 18:44,09/09/2026 18:55,11,3.69,3.75,cb
TR2609090057199,CL103677,EN00224,velo_elec,Nantes,ST1025,ST1022,,2026-09-09 19:03:01,18,3.32,5.5,abonnement
TR2609090057200,CL105391,EN00354,velo_elec,Nantes,ST1027,ST1029,1788972198,,5,1.36,2.25,paypal
TR2609090057201,CL105716,EN00287,velo_elec,Nantes,ST1032,ST1031,2026-09-09 18:37:29,09/09/2026 19:12,35,11.04,9.75,paypal
TR2609090057202,CL106409,EN00365,velo_elec,Lille,ST1034,ST1047,2026-09-09 18:38:31,2026-09-09 18:53:31,15,2.78,4.75,abonnement
TR2609090057203,CL107604,EN00410,velo_elec,Lille,ST1035,ST1041,2026-09-09 18:39:17,1788972797,14,4.62,4.5,cb
TR2609090057204,CL105843,EN00385,velo_elec,Lille,ST1037,ST1045,2026-09-09 18:33:43,2026-09-09 18:41:43,8,2.43,3.0,cb
TR2609090057205,CL105744,EN00482,velo_elec,Lille,ST1039,ST1040,2026-09-09 18:40:38,2026-09-09 18:51:38,11,2.43,3.75,abonnement
TR2609090057206,CL108822,EN00440,trottinette,Lille,ST1042,ST1034,09/09/2026 18:36,2026-09-09 19:10:03,34,7.04,8.48,cb
TR2609090057207,CL102355,EN00393,trottinette,Lille,ST1044,ST1039,2026-09-09 18:38:09,2026-09-09 18:41:09,3,0.97,1.66,cb
TR2609090057208,CL100811,EN00379,velo_elec,Lille,ST1045,ST1034,2026-09-09 18:30:21,09/09/2026 18:36,6,1.14,2.5,paypal
TR2609090057209,CL100309,EN00443,velo_elec,Lille,ST1046,ST1037,2026-09-09 18:34:43,2026-09-09 19:03:43,29,5.26,8.25,abonnement
TR2609090057210,CL105895,EN00396,velo_elec,Lille,ST1047,ST1035,,2026-09-09 19:09:29,25,6.88,7.25,paypal
TR2609090057211,CL102928,EN00375,trottinette,Lille,ST1047,ST1039,2026-09-09 18:34:42,2026-09-09 18:40:42,6,1.22,2.32,cb
TR2609090057212,CL102875,EN00590,velo_elec,Grenoble,ST1049,ST1057,2026-09-09 18:41:03,2026-09-09 19:02:03,21,6.46,6.25,cb
TR2609090057213,CL101554,EN00567,velo_elec,Grenoble,ST1049,ST1055,2026-09-09 18:43:30,2026-09-09 18:55:30,12,3.24,4.0,cb
TR2609090057214,CL102186,EN00565,trottinette,Grenoble,ST1054,ST1056,2026-09-09 18:45:14,2026-09-09 18:59:14,14,4.19,4.08,paypal
TR2609090057215,CL104714,EN00091,velo_elec,Lyon,ST1002,ST1019,2026-09-09 18:52:55,2026-09-09 18:55:55,3,0.47,1.75,abonnement
TR2609090057216,CL101885,EN00154,trottinette,Lyonn,ST1003,ST1015,2026-09-09 18:54:44,2026-09-09 19:03:44,9,1.63,2.98,cb
TR2609090057217,CL105231,EN00101,velo_elec,Lyon,ST1003,ST1012,2026-09-09 18:59:45,2026-09-09 19:08:45,9,2.29,3.25,cb
TR2609090057218,CL101672,EN00139,velo_elec,Lyon,ST1004,ST1012,2026-09-09 18:50:16,2026-09-09 18:57:16,7,1.76,2.75,cb
TR2609090057219,CL104147,EN00213,trottinette,Lyon,ST1004,ST1005,09/09/2026 18:55,2026-09-09 19:05:30,10,2.65,3.2,cb
TR2609090057220,CL105929,EN00214,trottinette,Lyon,ST1005,ST1013,2026-09-09 18:55:27,2026-09-09 19:02:27,7,1.46,2.54,abonnement
TR2609090057221,CL108831,EN00163,trottinette,Lyon,ST1012,ST1016,1788972813,2026-09-09 19:00:33,7,2.27,2.54,paypal
TR2609090057222,CL101368,EN00135,trottinette,Lyon,ST1012,ST1002,2026-09-09 18:47:51,2026-09-09 19:14:51,27,6.16,6.94,cb
TR2609090057223,CL104568,EN00027,velo_elec,Lyon,ST1012,ST1019,2026-09-09 18:50:27,2026-09-09 19:01:27,11,2.01,3.75,abonnement
TR2609090057224,CL102581,EN00003,velo_elec,Lyon,ST1015,ST1005,2026-09-09 18:58:45,2026-09-09 19:03:45,5,1.54,2.25,paypal
TR2609090057225,CL100323,EN00053,trottinette,Lyon,ST1017,ST1011,2026-09-09 18:52:47,09/09/2026 19:00,8,1.7,2.76,abonnement
TR2609090057226,CL106654,EN00292,velo_elec,Nantes,ST1021,ST1030,2026-09-09 18:52:26,2026-09-09 18:59:26,-1,2.2,2.75,cb
TR2609090057227,CL107688,EN00259,trottinette,Nantes,ST1022,ST1032,2026-09-09 18:51:01,2026-09-09 18:56:01,5,1.62,2.1,cb
TR2609090057228,CL106717,EN00270,velo_elec,Nantes,ST1029,ST1026,2026-09-09 18:54:54,2026-09-09 19:05:54,11,3.78,3.75,paypal
TR2609090057229,CL103855,EN00355,velo_elec,Nantes,ST1031,ST1028,1788973200,2026-09-09 19:08:00,8,1.88,3.0,cb
TR2609090057230,CL102331,EN00379,velo_elec,Lille,ST1034,ST1041,2026-09-09 18:56:33,09/09/2026 19:37,41,8.84,11.25,cb
TR2609090057231,CL106578,EN00409,trottinette,Lille,ST1034,ST1043,2026-09-09 18:55:09,1788973689,13,4.27,3.86,abonnement
TR2609090057232,CL104017,EN00434,velo_elec,LILLE,ST1034,ST1044,2026-09-09 18:46:37,2026-09-09 18:51:37,5,1.13,2.25,cb
TR2609090057233,CL102993,EN00425,velo_elec,Lille,ST1035,ST1047,2026-09-09 18:48:30,1788972630,2,0.48,1.5,cb
TR2609090057234,CL101946,EN00391,velo_elec,Lille,ST1035,ST1045,2026-09-09 18:46:10,09/09/2026 19:08,22,4.96,6.5,cb
TR2609090057235,CL107203,EN00492,velo_elec,Lille,ST1036,ST1047,1788973017,2026-09-09 19:05:57,9,2.46,3.25,cb
TR2609090057236,CL105293,EN00394,velo_elec,Lille,ST1036,ST1044,2026-09-09 18:51:44,2026-09-09 19:09:44,18,5.34,5.5,cb
TR2609090057237,CL102163,EN00362,velo_elec,Lille,ST1036,ST1043,2026-09-09 18:58:27,1788973587,8,2.39,3.0,paypal
TR2609090057238,CL107861,EN00408,velo_elec,Lille,ST1037,ST1044,,2026-09-09 19:06:44,11,2.84,3.75,cb
TR2609090057239,CL101661,EN00479,trottinette,Lille,ST1040,ST1038,,09/09/2026 19:18,18,4.95,4.96,cb
TR2609090057240,CL103379,EN00477,trottinette,Lille,ST1042,ST1038,2026-09-09 18:47:04,09/09/2026 18:57,10,2.94,3.2,cb
TR2609090057241,CL104869,EN00405,trottinette,Lille,ST1043,ST1038,1788973080,2026-09-09 19:19:00,21,4.02,5.62,abonnement
TR2609090057242,CL914493,EN00511,trottinette,Grenoble,ST1048,ST1049,09/09/2026 18:58,2026-09-09 19:05:45,7,2.12,2.54,abonnement
TR2609090057243,CL101369,EN00541,velo_elec,Grenoble,ST1048,ST1057,2026-09-09 18:58:56,2026-09-09 19:04:56,6,1.03,2.5,cb
TR2609090057244,CL103088,EN00571,trottinette,Grenoble ,ST1048,ST1050,09/09/2026 18:55,09/09/2026 19:18,23,5.96,6.06,cb
TR2609090057245,CL102070,EN00522,velo_elec,Grenoble,ST1053,ST1050,2026-09-09 18:57:21,2026-09-09 19:05:21,8,2.12,3.0,cb
TR2609090057246,CL100701,EN00020,velo_elec,Lyon,ST1004,ST1011,2026-09-09 19:12:25,2026-09-09 19:21:25,9,2.77,3.25,cb
TR2609090057247,CL103310,EN00194,velo_elec,Lyon,ST1004,ST1002,2026-09-09 19:15:27,2026-09-09 19:30:27,15,4.23,4.75,cb
TR2609090057248,CL104285,EN00184,velo_elec,Lyon,ST1004,ST1004,2026-09-09 19:06:54,2026-09-09 19:25:54,19,4.46,5.75,cb
TR2609090057249,CL108005,EN00006,trottinette,Lyon,ST1004,ST1011,2026-09-09 19:14:12,2026-09-09 19:56:12,42,11.36,10.24,
TR2609090057250,CL108211,EN00121,trottinette,Lyon,ST1006,ST1019,2026-09-09 19:02:52,2026-09-09 19:22:52,20,6.59,5.4,abonnement
TR2609090057251,CL108362,EN00186,trottinette,Lyon,ST1007,ST1012,2026-09-09 19:03:23,09/09/2026 19:18,15,5.17,4.3,paypal
TR2609090057252,CL103481,EN00150,trottinette,Lyon,ST1009,ST1002,09/09/2026 19:13,1788974782,13,4.15,3.86,cb
TR2609090057253,CL104792,EN00052,trottinette,Lyon,ST1011,ST1011,2026-09-09 19:01:33,09/09/2026 19:09,8,2.14,2.76,cb
TR2609090057254,CL107578,EN00140,trottinette,Lyon,ST1015,ST1016,2026-09-09 19:04:26,2026-09-09 19:08:26,4,0.71,1.88,cb
TR2609090057255,CL108184,EN00100,velo_elec,lyon,ST1017,ST1011,2026-09-09 19:04:46,2026-09-09 19:35:46,31,6.15,8.75,cb
TR2609090057256,CL107873,EN00339,velo_elec,Nantes,ST1022,ST1033,2026-09-09 19:10:57,2026-09-09 19:26:57,16,4.62,5.0,abonnement
TR2609090057257,CL102703,EN00267,trottinette,Nantes,ST1022,ST1025,2026-09-09 19:10:06,09/09/2026 19:17,7,1.24,2.54,abonnement
TR2609090057258,CL105682,EN00359,trottinette,Nantes,ST1027,ST1027,2026-09-09 19:09:55,2026-09-09 19:50:55,41,12.26,10.02,abonnement
TR2609090057259,CL101473,EN00225,velo_elec,Nantes,ST1031,ST1026,09/09/2026 19:13,2026-09-09 19:28:40,15,5.1,4.75,cb
TR2609090057260,CL104789,EN00485,trottinette,Lille,ST1036,ST1042,2026-09-09 19:14:43,1788974623,9,2.18,2.98,cb
TR2609090057261,CL103614,EN00424,velo_elec,lille,ST1042,ST1037,2026-09-09 19:13:07,2026-09-09 19:36:07,23,4.31,6.75,paypal
TR2609090057262,CL106957,EN00495,trottinette,Lille,ST1043,ST1042,1788973663,2026-09-09 19:22:43,15,3.87,4.3,cb
TR2609090057263,CL102876,EN00488,velo_elec,Lille,ST1047,ST1035,1788973503,2026-09-09 19:18:03,13,2.41,4.25,cb
TR2609090057264,CL102977,EN00570,trottinette,Grenoble,ST1048,ST1048,2026-09-09 19:13:57,09/09/2026 19:22,9,1.7,2.98,abonnement
TR2609090057265,CL104519,EN00554,velo_elec,Grenoble,ST1049,ST1052,2026-09-09 19:15:51,2026-09-09 19:33:51,18,5.37,5.5,cb
TR2609090057266,CL106376,EN00516,velo_elec,grenoble,ST1049,ST1055,09/09/2026 19:13,2026-09-09 19:19:21,6,0.92,2.5,cb
TR2609090057267,CL101890,EN00579,trottinette,Grenoble,ST1053,ST1052,2026-09-09 19:08:23,2026-09-09 19:17:23,9,3.1,2.98,cb
TR2609090057268,CL102418,EN00534,trottinette,Grenoble,ST1053,ST1049,09/09/2026 19:08,2026-09-09 19:17:03,9,1.98,2.98,cb
TR2609090057269,CL106429,EN00587,trottinette,Grenoble,ST1054,ST1048,2026-09-09 19:11:24,1788975444,26,4.52,6.72,cb
TR2609090057270,CL107330,EN00083,velo_elec,Lyon,ST1001,ST1019,09/09/2026 19:30,09/09/2026 20:15,45,8.15,12.25,abonnement
TR2609090057271,CL103786,EN00074,trottinette,Lyon,ST1003,ST1008,2026-09-09 19:26:45,2026-09-09 19:46:45,20,3.9,5.4,cb
TR2609090057272,CL101064,EN00102,velo_elec,Lyon,ST1004,ST1013,2026-09-09 19:29:25,2026-09-09 19:36:25,7,1.98,2.75,cb
TR2609090057273,CL103146,EN00089,trottinette,Lyon,ST1005,ST1019,1788974580,2026-09-09 19:37:00,14,2.26,4.08,paypal
TR2609090057274,CL102762,EN00107,velo_elec,Lyon,ST1010,ST1011,09/09/2026 19:16,2026-09-09 19:33:09,17,3.56,5.25,cb
TR2609090057275,CL103975,EN00191,trottinette,Lyonn,ST1013,ST1009,2026-09-09 19:24:19,2026-09-09 19:27:19,3,0.59,1.66,abonnement
TR2609090057276,CL105808,EN00104,trottinette,Lyon,ST1014,ST1005,2026-09-09 19:23:53,2026-09-09 19:53:53,30,5.44,7.6,cb
TR2609090057277,CL101830,EN00152,velo_elec,Lyonn,ST1018,ST1008,2026-09-09 19:22:20,2026-09-09 19:36:20,14,4.6,4.5,abonnement
TR2609090057278,CL100495,EN00277,velo_elec,Nantes,ST1020,ST1027,2026-09-09 19:17:04,09/09/2026 19:29,12,2.41,4.0,cb
TR2609090057279,CL104292,EN00330,trottinette,Nantes,ST1021,ST1023,2026-09-09 19:27:54,1788975474,10,2.65,3.2,cb
TR2609090057280,CL103074,EN00252,velo_elec,Nantes,ST1022,ST1021,09/09/2026 19:29,09/09/2026 19:33,4,1.2,2.0,paypal
TR2609090057281,CL104977,EN00271,velo_elec,Nantes,ST1026,ST1029,2026-09-09 19:23:44,2026-09-09 19:55:44,32,6.02,9.0,paypal
TR2609090057282,CL108984,EN00422,velo_elec,Lille,ST1035,ST1041,09/09/2026 19:28,2026-09-09 19:34:53,6,1.95,2.5,cb
TR2609090057283,CL108883,EN00396,velo_elec,Lille,ST1035,ST1046,2026-09-09 19:30:34,1788975514,8,1.32,3.0,abonnement
TR2609090057284,CL108806,EN00460,velo_elec,Lille,ST1036,ST1043,09/09/2026 19:20,1788974783,6,1.32,,cb
TR2609090057285,CL104225,EN00411,trottinette,Lille,ST1036,ST1039,09/09/2026 19:22,2026-09-09 19:30:36,8,1.35,2.76,cb
TR2609090057286,CL105559,EN00393,trottinette,Lille,ST1039,ST1034,2026-09-09 19:16:14,2026-09-09 19:30:14,14,4.38,4.08,cb
TR2609090057287,CL108104,EN00383,trottinette,Lille,ST1041,ST1041,09/09/2026 19:19,2026-09-09 19:34:42,15,3.64,4.3,cb
TR2609090057288,CL100986,EN00403,trottinette,Lille,ST1042,ST1039,2026-09-09 19:27:12,2026-09-09 19:54:12,27,6.93,6.94,paypal
TR2609090057289,CL100110,EN00450,trottinette,Lille,ST1042,ST1037,2026-09-09 19:16:02,2026-09-09 19:26:02,10,3.37,3.2,cb
TR2609090057290,CL103178,EN00384,trottinette,Lille,ST1043,ST1042,2026-09-09 19:17:15,2026-09-09 19:32:15,15,4.21,4.3,cb
TR2609090057291,CL100759,EN00511,trottinette,Grenoble,ST1049,ST1058,09/09/2026 19:24,2026-09-09 19:32:31,8,2.69,2.76,paypal
TR2609090057292,CL107456,EN00522,velo_elec,Grenoble,ST1050,ST1054,2026-09-09 19:19:53,2026-09-09 20:00:53,41,11.09,11.25,cb
TR2609090057293,CL104732,EN00548,trottinette,Grenoble,ST1055,ST1058,2026-09-09 19:23:27,2026-09-09 19:29:27,6,1.07,2.32,cb
TR2609090057294,CL105660,EN00599,trottinette,Grenoble,ST1055,ST1052,2026-09-09 19:28:31,2026-09-09 19:45:31,17,4.09,4.74,abonnement
TR2609090057295,CL103305,EN00541,velo_elec,Grenoble,ST1057,ST1058,2026-09-09 19:18:24,2026-09-09 19:43:24,25,6.61,7.25,paypal
TR2609090057296,CL105520,EN00065,trottinette,Lyon,ST1001,ST1011,2026-09-09 19:36:58,2026-09-09 19:50:58,14,2.1,4.08,abonnement
TR2609090057297,CL100405,EN00106,trottinette,Lyon,ST1001,ST1014,1788975056,1788975296,4,1.1,1.88,
TR2609090057298,CL106070,EN00174,velo_elec,Lyon,ST1004,ST1007,09/09/2026 19:36,2026-09-09 19:47:00,11,2.65,3.75,cb
TR2609090057299,CL107563,EN00210,trottinette,Lyon,ST1008,ST1002,2026-09-09 19:32:17,2026-09-09 19:39:17,7,1.99,2.54,abonnement
TR2609090057300,CL106529,EN00108,velo_elec,Lyon,ST1010,ST1014,09/09/2026 19:35,09/09/2026 19:47,12,3.19,4.0,abonnement
TR2609090057301,CL102665,EN00091,velo_elec,Lyon,ST1019,ST1015,2026-09-09 19:38:47,2026-09-09 20:05:47,27,9.23,7.75,abonnement
TR2609090057302,CL100466,EN00233,velo_elec,Nantes,ST1020,ST1027,2026-09-09 19:37:01,09/09/2026 19:40,3,1.01,1.75,abonnement
TR2609090057303,CL101932,EN00281,velo_elec,Nantes,ST1020,ST1024,2026-09-09 19:43:21,2026-09-09 19:52:21,9,2.46,3.25,cb
TR2609090057304,CL102091,EN00334,trottinette,Nantes,ST1022,ST1031,2026-09-09 19:32:58,2026-09-09 19:41:58,9,2.54,2.98,cb
TR2609090057305,CL104666,EN00327,velo_elec,Nantes,ST1022,ST1028,2026-09-09 19:34:20,1788976460,20,3.82,6.0,cb
TR2609090057306,CL108942,EN00347,trottinette,Nantes,ST1025,ST1029,2026-09-09 19:32:20,2026-09-09 19:42:20,10,2.5,3.2,cb
TR2609090057307,CL107453,EN00393,trottinette,Lille,ST1034,ST1040,,2026-09-09 19:54:23,11,3.48,3.42,cb
TR2609090057308,CL100364,EN00443,velo_elec,Lille,ST1037,ST1035,2026-09-09 19:39:52,2026-09-09 20:31:52,52,16.63,14.0,cb
TR2609090057309,CL105057,EN00381,trottinette,Lille,ST1041,ST1046,2026-09-09 19:36:34,2026-09-09 19:41:34,5,1.56,2.1,paypal
TR2609090057310,CL104340,EN00534,trottinette,Grenoble,ST1049,ST1054,2026-09-09 19:35:06,1788976266,16,4.8,4.52,cb
TR2609090057311,CL101568,EN00588,velo_elec,Grenoble,ST1054,ST1055,2026-09-09 19:35:11,2026-09-09 19:48:11,13,3.91,4.25,abonnement
TR2609090057312,CL104194,EN00150,trottinette,Lyon,ST1002,ST1015,2026-09-09 19:51:35,2026-09-09 19:55:35,4,1.25,1.88,abonnement
TR2609090057313,CL103058,EN00151,trottinette,Lyonn,ST1003,ST1019,2026-09-09 19:49:35,2026-09-09 20:04:35,15,2.3,4.3,abonnement
TR2609090057314,CL106369,EN00036,velo_elec,Lyon,ST1003,ST1013,09/09/2026 19:51,2026-09-09 19:58:50,7,1.51,2.75,abonnement
TR2609090057315,CL108318,EN00041,velo_elec,Lyon,ST1004,ST1018,2026-09-09 20:00:21,2026-09-09 20:06:21,6,1.21,2.5,cb
TR2609090057316,CL107935,EN00204,velo_elec,Lyon,ST1004,ST1001,2026-09-09 19:55:31,2026-09-09 20:19:31,24,5.74,7.0,paypal
TR2609090057317,CL105936,EN00055,trottinette,Lyon,ST1006,ST1017,2026-09-09 19:54:36,2026-09-09 20:11:36,17,4.64,4.74,paypal
TR2609090057318,CL101158,EN00062,trottinette,Lyon,ST1009,ST1003,2026-09-09 20:00:15,2026-09-09 20:09:15,9,2.45,2.98,cb
TR2609090057319,CL100064,EN00284,trottinette,Nantes,ST1020,ST1020,2026-09-09 19:52:23,09/09/2026 19:59,7,1.91,2.54,
TR2609090057320,CL103920,EN00246,trottinette,nantes,ST1020,ST1030,2026-09-09 19:51:55,2026-09-09 20:03:55,12,4.14,3.64,paypal
TR2609090057321,CL105267,EN00333,trottinette,Nantes,ST1021,ST1029,09/09/2026 19:54,2026-09-09 20:01:18,7,1.98,2.54,abonnement
TR2609090057322,CL107080,EN00221,velo_elec,Nantes,ST1022,ST1030,,2026-09-09 20:02:39,8,1.89,3.0,cb
TR2609090057323,CL105212,EN00354,velo_elec,Nantes,ST1029,ST1033,1788975987,2026-09-09 20:00:27,14,3.62,4.5,cb
TR2609090057324,CL107038,EN00302,velo_elec,Nantes,ST1030,ST1025,09/09/2026 19:53,2026-09-09 20:13:27,20,5.37,6.0,paypal
TR2609090057325,CL101108,EN00292,velo_elec,Nantes,ST1030,ST1028,2026-09-09 19:50:41,2026-09-09 20:10:41,20,6.14,6.0,abonnement
TR2609090057326,CL108356,EN00259,trottinette,Nantes,ST1032,ST1030,2026-09-09 19:50:52,1788976792,9,3.1,2.98,cb
TR2609090057327,CL107230,EN00392,velo_elec,Lille,ST1036,ST1045,2026-09-09 19:49:48,2026-09-09 20:01:48,12,2.97,4.0,paypal
TR2609090057328,CL107728,EN00410,velo_elec,Lille,ST1041,ST1038,2026-09-09 19:55:37,09/09/2026 20:02,7,1.74,2.75,abonnement
TR2609090057329,CL104614,EN00453,trottinette,Lille,ST1041,ST1042,2026-09-09 19:52:33,2026-09-09 20:09:33,17,3.2,4.74,abonnement
TR2609090057330,CL100634,EN00363,velo_elec,Lille,ST1044,ST1046,2026-09-09 19:53:46,2026-09-09 20:10:46,17,3.74,5.25,paypal
TR2609090057331,CL102810,EN00381,trottinette,Lille,ST1046,ST1041,09/09/2026 19:53,2026-09-09 20:02:20,9,3.14,2.98,paypal
TR2609090057332,CL107525,EN00546,trottinette,Grenoble,ST1048,ST1056,09/09/2026 20:00,2026-09-09 20:21:24,21,5.14,5.62,cb
TR2609090057333,CL106553,EN00536,velo_elec,Grenoble,ST1049,ST1055,2026-09-09 19:48:55,2026-09-09 20:02:55,14,4.5,4.5,abonnement
TR2609090057334,CL100917,EN00585,velo_elec,Grenoble,ST1054,ST1048,2026-09-09 19:46:11,2026-09-09 19:53:11,7,1.79,2.75,cb
TR2609090057335,CL100016,EN00590,velo_elec,Grenoble,ST1057,ST1056,2026-09-09 19:48:58,2026-09-09 20:00:58,12,3.08,4.0,abonnement
TR2609090057336,CL105393,EN00580,velo_elec,Grenoble,ST1057,ST1058,09/09/2026 19:52,2026-09-09 20:04:54,12,2.37,4.0,abonnement
TR2609090057337,CL100470,EN00511,trottinette,Grenoble,ST1058,ST1056,09/09/2026 19:54,1788976946,8,1.57,2.76,abonnement
TR2609090057338,CL102137,EN00355,velo_elec,Nantes,ST1028,ST1025,2026-09-09 20:02:13,1788977653,12,2.37,4.0,cb
TR2609090057339,CL101792,EN00494,velo_elec,Lille,ST1036,ST1035,2026-09-09 20:14:31,2026-09-09 20:22:31,8,2.33,3.0,cb
TR2609090057340,CL104614,EN00405,trottinette,Lille,ST1038,ST1038,2026-09-09 20:02:17,2026-09-09 20:09:17,7,2.39,2.54,cb
TR2609090057341,CL107933,EN00386,trottinette,Lille,ST1038,ST1037,,09/09/2026 20:16,6,2.07,2.32,abonnement
TR2609090057342,CL108232,EN00477,trottinette,Lille,ST1038,ST1047,2026-09-09 20:02:22,2026-09-09 20:48:22,46,9.56,11.12,cb
TR2609090057343,CL106398,EN00379,velo_elec,Lille,ST1041,ST1038,09/09/2026 20:07,,5,1.55,2.25,cb
TR2609090057344,CL100221,EN00370,velo_elec,Lille,ST1041,ST1034,2026-09-09 20:12:47,09/09/2026 20:27,15,2.92,4.75,cb
TR2609090057345,CL106490,EN00515,trottinette,Grenoble,ST1052,ST1048,2026-09-09 20:03:20,09/09/2026 20:50,47,8.64,11.34,cb
TR2609090057346,CL102506,EN00129,velo_elec,Lyon,ST1001,ST1012,1788978035,2026-09-09 20:35:35,15,2.93,4.75,cb
TR2609090057347,CL101726,EN00055,trottinette,Lyon,ST1017,ST1018,2026-09-09 20:18:31,2026-09-09 20:28:31,10,1.94,3.2,cb
TR2609090057348,CL100466,EN00304,velo_elec,NANTES,ST1022,ST1030,2026-09-09 20:27:10,2026-09-09 20:32:10,5,1.18,2.25,cb
TR2609090057349,CL100331,EN00355,velo_elec,Nantes,ST1025,ST1029,2026-09-09 20:28:31,2026-09-09 20:37:31,9,1.59,3.25,abonnement
TR2609090057350,CL106167,EN00325,trottinette,Nantes,ST1033,ST1025,2026-09-09 20:29:10,2026-09-09 20:41:10,12,3.81,3.64,abonnement
TR2609090057351,CL108035,EN00309,trottinette,Nante,ST1033,ST1024,1788977910,2026-09-09 20:47:30,29,6.72,7.38,cb
TR2609090057352,CL106036,EN00328,velo_elec,Nantes,ST1033,ST1024,2026-09-09 20:22:54,2026-09-09 20:30:54,8,2.51,3.0,paypal
TR2609090057353,CL104778,EN00380,velo_elec,Lille,ST1036,ST1035,09/09/2026 20:27,2026-09-09 20:32:12,5,0.82,2.25,abonnement
TR2609090057354,CL106780,EN00383,trottinette,lille,ST1041,ST1037,2026-09-09 20:22:26,2026-09-09 20:41:26,19,6.27,5.18,abonnement
TR2609090057355,CL102164,EN00476,trottinette,Lille,ST1043,ST1046,1788977841,2026-09-09 20:37:21,20,4.17,5.4,cb
TR2609090057356,CL105200,EN00391,velo_elec,Lille,ST1045,ST1043,2026-09-09 20:19:05,2026-09-09 20:38:05,-24,4.85,5.75,abonnement
TR2609090057357,CL107701,EN00571,trottinette,Grenoble,ST1050,ST1056,1788978123,,11,2.66,3.42,abonnement
TR2609090057358,CL108319,EN00524,velo_elec,Grenoble,ST1053,ST1049,2026-09-09 20:19:50,09/09/2026 20:28,9,2.97,3.25,cb
TR2609090057359,CL108092,EN00520,velo_elec,Grenoble ,ST1056,ST1050,2026-09-09 20:20:37,2026-09-09 20:37:37,17,5.13,5.25,cb
TR2609090057360,CL107262,EN00062,trottinette,Lyon,ST1003,ST1002,2026-09-09 20:33:35,2026-09-09 20:42:35,9,1.66,2.98,
TR2609090057361,CL101073,EN00163,trottinette,Lyon,ST1016,ST1019,2026-09-09 20:43:26,2026-09-09 21:01:26,18,3.07,4.96,paypal
TR2609090057362,CL102682,EN00328,velo_elec,Nantes,ST1024,ST1030,2026-09-09 20:37:15,2026-09-09 20:48:15,11,1.77,3.75,cb
TR2609090057363,CL103985,EN00225,velo_elec,Nantes,ST1026,ST1022,2026-09-09 20:40:24,2026-09-09 20:44:24,4,1.15,2.0,cb
TR2609090057364,CL102054,EN00270,velo_elec,Nantes,ST1026,ST1031,09/09/2026 20:37,2026-09-09 20:47:13,10,2.87,3.5,abonnement
TR2609090057365,CL104860,EN00226,velo_elec,Nantes,ST1033,ST1027,2026-09-09 20:46:00,09/09/2026 20:51,5,1.47,2.25,cb
TR2609090057366,CL105817,EN00416,trottinette,Lille,ST1036,ST1039,2026-09-09 20:31:40,2026-09-09 20:47:40,16,5.01,4.52,abonnement
TR2609090057367,CL102553,EN00366,trottinette,Lille,ST1036,ST1046,2026-09-09 20:40:46,2026-09-09 20:49:46,9,1.9,2.98,cb
TR2609090057368,CL102292,EN00446,trottinette,Lille,ST1040,ST1041,2026-09-09 20:41:41,2026-09-09 21:06:41,25,6.97,6.5,cb
TR2609090057369,CL106669,EN00492,velo_elec,Lille,ST1047,ST1041,2026-09-09 20:44:42,2026-09-09 20:57:42,13,2.05,4.25,abonnement
TR2609090057370,CL104481,EN00597,trottinette,Grenoble,ST1049,ST1050,2026-09-09 20:35:40,2026-09-09 20:41:40,6,1.1,2.32,abonnement
TR2609090057371,CL103290,EN00518,trottinette,Grenoble,ST1051,ST1053,2026-09-09 20:38:48,09/09/2026 20:48,10,2.21,3.2,paypal
TR2609090057372,CL104674,EN00044,trottinette,Lyon,ST1001,ST1015,2026-09-09 20:59:36,2026-09-09 21:09:36,10,2.42,3.2,cb
TR2609090057373,CL107776,EN00112,velo_elec,Lyon,ST1010,ST1010,2026-09-09 20:50:04,2026-09-09 21:25:04,35,8.54,9.75,cb
TR2609090057374,CL104979,EN00006,trottinette,Lyon,ST1011,ST1014,2026-09-09 20:53:16,2026-09-09 21:21:16,28,8.59,7.16,cb
TR2609090057375,CL105982,EN00150,trottinette,lyon,ST1015,ST1015,09/09/2026 20:57,2026-09-09 21:11:59,14,3.54,4.08,cb
TR2609090057376,CL108201,EN00057,velo_elec,Lyon,ST1019,ST1009,2026-09-09 20:56:03,2026-09-09 21:16:03,20,3.32,6.0,cb
TR2609090057377,CL101351,EN00330,trottinette,Nantes,ST1023,ST1032,2026-09-09 20:54:34,2026-09-09 21:13:34,19,4.5,5.18,cb
TR2609090057378,CL102518,EN00391,velo_elec,LILLE,ST1043,ST1037,2026-09-09 20:55:01,2026-09-09 21:01:01,6,1.08,2.5,cb
TR2609090057379,CL103163,EN00415,trottinette,Lille,ST1045,ST1043,2026-09-09 20:48:18,2026-09-09 21:05:18,17,4.23,4.74,cb
TR2609090057380,CL107008,EN00597,trottinette,Grenoble,ST1050,ST1055,2026-09-09 20:50:57,2026-09-09 21:20:57,30,4.83,7.6,abonnement
TR2609090057381,CL105364,EN00520,velo_elec,Grenoble,ST1050,ST1053,2026-09-09 20:58:03,2026-09-09 21:03:03,5,1.61,2.25,cb
TR2609090057382,CL101471,EN00575,trottinette,Grenoble,ST1052,ST1053,2026-09-09 20:53:29,2026-09-09 21:01:29,8,1.63,2.76,paypal
TR2609090057383,CL106086,EN00549,velo_elec,Grenoble,ST1055,ST1058,2026-09-09 20:48:26,09/09/2026 20:58,10,3.2,3.5,cb
TR2609090057384,CL103210,EN00136,trottinette,Lyon,ST1002,ST1007,2026-09-09 21:07:48,2026-09-09 21:29:48,22,5.53,5.84,paypal
TR2609090057385,CL108286,EN00174,velo_elec,Lyon ,ST1007,ST1006,09/09/2026 21:10,2026-09-09 21:22:17,12,2.6,4.0,cb
TR2609090057386,CL106635,EN00152,velo_elec,Lyon,ST1008,ST1012,2026-09-09 21:07:25,09/09/2026 21:13,6,1.54,2.5,cb
TR2609090057387,CL107011,EN00091,velo_elec,Lyon,ST1015,ST1006,2026-09-09 21:09:08,2026-09-09 21:11:08,2,0.32,1.5,cb
TR2609090057388,CL102510,EN00082,velo,Lyon,ST1017,ST1019,1788980761,2026-09-09 21:15:01,9,2.6,2.35,cb
TR2609090057389,CL105059,EN00004,velo_elec,Lyon,ST1019,ST1013,2026-09-09 21:11:06,1788981966,15,3.01,4.75,abonnement
TR2609090057390,CL106518,EN00399,trottinette,Lille,ST1036,ST1041,09/09/2026 21:11,09/09/2026 21:16,5,0.89,2.1,abonnement
TR2609090057391,CL102382,EN00416,trottinette,Lille,ST1039,ST1046,2026-09-09 21:10:09,2026-09-09 21:36:09,26,8.56,6.72,cb
TR2609090057392,CL108239,EN00482,velo_elec,Lille,ST1040,ST1038,09/09/2026 21:05,2026-09-09 21:11:02,6,2.1,2.5,abonnement
TR2609090057393,CL105373,EN00589,velo_elec,Grenoble,ST1049,ST1051,1788980958,2026-09-09 21:48:18,39,11.19,10.75,cb
TR2609090057394,CL106554,EN00592,velo_elec,GRENOBLE,ST1051,ST1054,2026-09-09 21:15:13,2026-09-09 21:27:13,12,3.91,4.0,cb
TR2609090057395,CL103772,EN00044,trottinette,Lyon,ST1015,ST1019,2026-09-09 21:26:49,2026-09-09 21:34:49,8,2.0,2.76,cb
TR2609090057396,CL906655,EN00373,velo_elec,Lille,ST1036,ST1043,2026-09-09 21:18:09,2026-09-09 21:27:09,9,2.64,3.25,cb
TR2609090057397,CL101786,EN00410,velo_elec,Lille,ST1038,ST1036,2026-09-09 21:17:34,09/09/2026 21:23,6,1.43,2.5,abonnement
TR2609090057398,CL932281,EN00534,trottinette,Grenoble,ST1054,ST1057,2026-09-09 21:17:03,2026-09-09 21:48:03,31,5.19,7.82,cb
TR2609090057399,CL103224,EN00580,velo_elec,Grenoble,ST1058,ST1056,2026-09-09 21:25:46,2026-09-09 21:47:46,22,3.8,6.5,abonnement
TR2609090057400,CL102400,EN00014,velo_elec,LYON,ST1002,ST1003,2026-09-09 21:38:39,2026-09-09 22:10:39,32,9.17,9.0,cb
TR2609090057401,CL105198,EN00210,trottinette,Lyon,ST1002,ST1002,2026-09-09 21:42:12,2026-09-09 21:50:12,8,2.46,2.76,abonnement
TR2609090057402,CL103983,EN00217,velo_elec,Lyon,ST1005,ST1005,,2026-09-09 22:07:28,26,6.04,7.5,abonnement
TR2609090057403,CL104376,EN00174,velo_elec,Lyon,ST1006,ST1019,2026-09-09 21:44:54,2026-09-09 21:51:54,7,1.53,2.75,paypal
TR2609090057404,CL101902,EN00258,trottinette,Nantes,ST1020,ST1029,2026-09-09 21:41:24,2026-09-09 21:55:24,14,2.23,4.08,paypal
TR2609090057405,CL103706,EN00286,velo_elec,Nantes,ST1021,ST1030,2026-09-09 21:43:00,2026-09-09 22:11:00,28,7.12,8.0,abonnement
TR2609090057406,CL100166,EN00265,trottinette,Nantes,ST1026,ST1033,2026-09-09 21:37:46,,6,1.24,2.32,abonnement
TR2609090057407,CL108731,EN00359,trottinette,Nantes,ST1027,ST1027,09/09/2026 21:31,2026-09-09 21:51:18,20,3.43,5.4,cb
TR2609090057408,CL108048,EN00287,velo_elec,Nantes,ST1031,ST1032,2026-09-09 21:33:51,1788983631,20,6.42,6.0,cb
TR2609090057409,CL101787,EN00410,velo_elec,Lille,ST1036,ST1047,2026-09-09 21:37:31,2026-09-09 21:40:31,3,0.51,1.75,cb
TR2609090057410,CL106003,EN00399,trottinette,Lille,ST1041,ST1039,2026-09-09 21:33:05,2026-09-09 21:50:05,17,3.97,4.74,cb
TR2609090057411,CL100475,EN00495,trottinette, Lille,ST1042,ST1035,2026-09-09 21:41:55,2026-09-09 21:50:55,9,2.19,2.98,paypal
TR2609090057412,CL104943,EN00385,velo_elec,Lille,ST1045,ST1045,,2026-09-09 21:48:01,10,3.12,3.5,cb
TR2609090057413,CL102586,EN00530,velo_elec,Grenoble,ST1051,ST1050,2026-09-09 21:31:57,09/09/2026 22:09,38,9.52,10.5,cb
TR2609090057414,CL104061,EN00599,trottinette,Grenoble,ST1052,ST1057,2026-09-09 21:38:21,2026-09-09 21:51:21,13,4.54,3.86,cb
TR2609090057415,CL103539,EN00100,velo_elec,Lyon,ST1011,ST1017,2026-09-09 21:47:46,2026-09-09 21:58:46,11,3.07,3.75,abonnement
TR2609090057416,CL104391,EN00384,trottinette,Lille,ST1042,ST1047,2026-09-09 21:52:39,2026-09-09 22:03:39,11,2.75,3.42,cb
TR2609090057417,CL102300,EN00483,trottinette,Lille,ST1044,ST1036,09/09/2026 21:46,09/09/2026 22:01,15,3.82,4.3,abonnement
TR2609090057418,CL101526,EN00554,velo_elec,Grenoble,ST1052,ST1054,2026-09-09 21:53:18,2026-09-09 22:21:18,28,7.38,8.0,cb
TR2609090057419,CL105433,EN00548,trottinette,Grenoble,ST1058,ST1058,09/09/2026 21:54,2026-09-09 22:15:38,21,3.37,5.62,cb
TR2609090057420,CL103481,EN00100,velo_elec,Lyon,ST1017,ST1010,2026-09-09 22:07:55,2026-09-09 22:15:55,8,1.36,3.0,cb
TR2609090057421,CL107994,EN00399,trottinette,Lille,ST1039,ST1040,2026-09-09 22:10:07,2026-09-09 22:22:07,12,4.19,3.64,cb
TR2609090057422,CL103685,EN00597,trottinette,Grenoble,ST1055,ST1048,09/09/2026 22:04,2026-09-09 22:14:06,10,3.19,3.2,cb
TR2609090057423,CL100108,EN00580,velo_elec,Grenoble,ST1056,ST1053,09/09/2026 22:05,09/09/2026 22:21,16,5.21,5.0,cb
TR2609090057424,CL102584,EN00264,trottinette,Nantes,ST1020,ST1026,2026-09-09 22:28:59,2026-09-09 22:43:59,15,5.02,4.3,cb
TR2609090057425,CL104279,EN00410,velo_elec,Lille,ST1047,ST1046,,2026-09-09 22:29:26,10,2.73,3.5,abonnement
TR2609090057426,CL101695,EN00579,trottinette,Grenoble,ST1052,ST1055,2026-09-09 22:23:22,2026-09-09 22:36:22,13,4.04,3.86,cb
TR2609090057427,CL106099,EN00014,velo_elec,Lyon,ST1003,ST1015,2026-09-09 22:32:23,2026-09-09 22:41:23,9,1.45,3.25,paypal
TR2609090057428,CL100590,EN00475,trottinette,Lille,ST1039,ST1039,2026-09-09 22:59:44,09/09/2026 23:09,10,1.8,3.2,paypal
TR2609090057429,CL104751,EN00519,velo_elec,Grenoble,ST1056,ST1057,2026-09-09 22:48:30,2026-09-09 23:16:30,28,6.17,8.0,abonnement
TR2609090057430,CL107903,EN00136,trottinette,Lyon,ST1007,ST1011,2026-09-09 23:06:33,2026-09-09 23:15:33,9,2.77,2.98,abonnement
TR2609090057431,CL100326,EN00150,trottinette,Lyon,ST1015,ST1019,09/09/2026 23:12,2026-09-09 23:48:53,36,5.46,8.92,paypal
TR2609090057432,CL102995,EN00592,velo_elec,Grenoble,ST1054,ST1052,2026-09-09 23:13:27,2026-09-09 23:26:27,13,2.0,4.25,cb
TR2609090057433,CL107370,EN00100,velo_elec,Lyon,ST1010,ST1013,09/09/2026 23:55,,18,3.04,5.5,cb
