trajet_id,client_id,engin_id,type_engin,ville,station_depart,station_arrivee,debut,fin,duree_min,distance_km,montant_eur,moyen_paiement
TR2608220035281,CL100927,EN00154,trottinette,Lyon,ST1013,ST1001,2026-08-22 00:09:57,1787350677,8,2.59,2.76,cb
TR2608220035282,CL107705,EN00354,velo_elec,NANTES,ST1023,ST1023,2026-08-22 00:05:02,2026-08-22 00:09:02,4,0.61,2.0,cb
TR2608220035283,CL102309,EN00311,trottinette,NANTES,ST1033,ST1021,2026-08-22 00:09:44,2026-08-22 00:29:44,20,6.59,5.4,abonnement
TR2608220035284,CL107226,EN00435,trottinette,Lille,ST1044,ST1037,2026-08-22 00:04:24,22/08/2026 00:18,14,4.12,4.08,cb
TR2608220035285,CL100293,EN00124,velo_elec,Lyon,ST1007,ST1017,2026-08-22 00:46:57,2026-08-22 01:18:57,32,7.31,9.0,cb
TR2608220035286,CL101430,EN00001,velo_elec,Lyon,ST1013,ST1010,2026-08-22 01:10:52,1787354572,12,2.19,4.0,cb
TR2608220035287,CL101661,EN00474,velo_elec,Lille,ST1039,ST1035,2026-08-22 01:01:59,2026-08-22 01:13:59,12,2.26,4.0,abonnement
TR2608220035288,CL103325,EN00090,trottinette,Lyon,ST1012,ST1006,,2026-08-22 01:34:35,8,1.84,2.76,abonnement
TR2608220035289,CL105159,EN00189,trottinette,Lyon,ST1005,ST1018,2026-08-22 01:38:54,2026-08-22 02:12:54,34,10.47,8.48,cb
TR2608220035290,CL103330,EN00439,velo_elec,Lille,ST1047,ST1043,2026-08-22 01:48:32,2026-08-22 01:55:32,7,1.11,2.75,abonnement
TR2608220035291,CL105840,EN00281,velo_elec,Nantes,ST1030,ST1026,2026-08-22 02:04:22,2026-08-22 02:10:22,6,1.56,2.5,abonnement
TR2608220035292,CL107070,EN00474,velo_elec,Lille,ST1035,ST1039,1787356945,2026-08-22 02:27:25,25,8.19,7.25,cb
TR2608220035293,CL103898,EN00492,velo_elec,Lille,ST1043,ST1047,,2026-08-22 02:54:57,24,4.7,7.0,cb
TR2608220035294,CL100396,EN00302,velo_elec,Nantes,ST1032,ST1032,2026-08-22 02:54:24,2026-08-22 03:11:24,17,4.39,5.25,cb
TR2608220035295,CL108816,EN00481,velo_elec,Lille,ST1042,ST1035,22/08/2026 03:10,2026-08-22 03:19:31,9,2.04,3.25,abonnement
TR2608220035296,CL100746,EN00167,trottinette,Lyon,ST1001,ST1014,22/08/2026 03:47,,-26,1.23,1.88,cb
TR2608220035297,CL104177,EN00261,trottinette,Nantes,ST1023,ST1025,2026-08-22 04:14:47,22/08/2026 04:25,11,3.39,3.42,cb
TR2608220035298,CL104472,EN00261,trottinette,Nantes,ST1025,ST1033,1787367760,2026-08-22 05:40:40,38,9.23,9.36,abonnement
TR2608220035299,CL105674,EN00441,velo_elec,Lille,ST1035,ST1045,2026-08-22 05:45:19,2026-08-22 06:02:19,17,3.45,5.25,cb
TR2608220035300,CL102278,EN00178,velo_elec,Lyon,ST1011,ST1013,2026-08-22 05:56:19,2026-08-22 06:06:19,10,2.94,3.5,cb
TR2608220035301,CL102055,EN00183,velo_elec,Lyon,ST1012,ST1003,22/08/2026 06:02,2026-08-22 06:11:11,9,2.97,3.25,cb
TR2608220035302,CL102729,EN00439,velo_elec,Lille,ST1038,ST1038,2026-08-22 06:06:38,2026-08-22 06:25:38,19,5.73,5.75,cb
TR2608220035303,CL104154,EN00391,velo_elec,Lille,ST1045,ST1044,2026-08-22 06:02:10,22/08/2026 06:05,3,0.84,1.75,paypal
TR2608220035304,CL105668,EN00565,trottinette,Grenoble,ST1055,ST1058,22/08/2026 06:01,2026-08-22 06:09:22,8,1.79,2.76,cb
TR2608220035305,CL107958,EN00294,velo_elec,Nantes,ST1023,ST1029,2026-08-22 06:19:17,22/08/2026 06:46,27,5.56,7.75,abonnement
TR2608220035306,CL104733,EN00410,velo_elec,Lille,ST1036,ST1038,2026-08-22 06:20:54,2026-08-22 06:36:54,16,2.56,5.0,cb
TR2608220035307,CL102052,EN00413,trottinette,Lille,ST1047,ST1044,,2026-08-22 06:56:22,12,1.88,3.64,cb
TR2608220035308,CL105089,EN00484,velo_elec,Lille,ST1047,ST1043,2026-08-22 06:52:09,2026-08-22 07:03:09,11,2.71,3.75,cb
TR2608220035309,CL103722,EN00111,trottinette,Lyon,ST1004,ST1007,2026-08-22 07:12:09,1787376069,9,2.63,2.98,cb
TR2608220035310,CL103338,EN00070,trottinette,Lyon,ST1004,ST1014,2026-08-22 07:10:39,2026-08-22 07:16:39,6,2.0,2.32,abonnement
TR2608220035311,CL100216,EN00080,trottinette,Lyon,ST1009,ST1016,2026-08-22 07:01:50,22/08/2026 07:10,9,2.73,2.98,abonnement
TR2608220035312,CL108006,EN00167,trottinette,Lyon,ST1014,ST1012,22/08/2026 07:09,2026-08-22 07:23:38,14,3.51,4.08,cb
TR2608220035313,CL103556,EN00175,trottinette,Lyon,ST1016,ST1008,2026-08-22 07:06:29,2026-08-22 07:11:29,5,0.87,2.1,abonnement
TR2608220035314,CL103043,EN00302,velo_elec,Nantes,ST1032,ST1021,1787375004,1787376684,28,7.63,8.0,paypal
TR2608220035315,CL105155,EN00434,velo_elec,Lille,ST1035,ST1042,2026-08-22 07:14:55,,10,1.73,3.5,cb
TR2608220035316,CL108811,EN00545,trottinette,Grenoble,ST1058,ST1054,2026-08-22 07:15:37,2026-08-22 07:28:37,13,2.27,3.86,abonnement
TR2608220035317,CL106647,EN00219,velo_elec,Lyon,ST1005,ST1016,2026-08-22 07:30:10,1787376970,6,1.8,2.5,paypal
TR2608220035318,CL102237,EN00027,velo_elec,Lyon,ST1006,ST1001,2026-08-22 07:16:34,2026-08-22 07:34:34,18,2.89,5.5,cb
TR2608220035319,CL106326,EN00123,velo_elec,Lyonn,ST1006,ST1017,2026-08-22 07:18:44,22/08/2026 07:33,15,4.91,4.75,paypal
TR2608220035320,CL107808,EN00035,velo_elec,Lyon,ST1009,ST1009,2026-08-22 07:25:30,1787376750,7,2.07,2.75,cb
TR2608220035321,CL107162,EN00081,velo_elec,lyon,ST1014,ST1006,2026-08-22 07:20:48,2026-08-22 07:45:48,25,7.51,7.25,cb
TR2608220035322,CL108785,EN00307,trottinette,Nantes,ST1024,ST1022,2026-08-22 07:19:43,2026-08-22 07:32:43,13,3.67,3.86,paypal
TR2608220035323,CL103849,EN00289,trottinette,Nantes,ST1027,ST1026,2026-08-22 07:20:20,2026-08-22 07:30:20,10,2.87,3.2,cb
TR2608220035324,CL102016,EN00294,velo_elec,Nantes,ST1029,ST1024,22/08/2026 07:23,,9,2.8,3.25,abonnement
TR2608220035325,CL104073,EN00230,velo_elec,Nantes,ST1031,ST1025,22/08/2026 07:30,2026-08-22 07:39:08,9,2.11,3.25,cb
TR2608220035326,CL102375,EN00488,velo_elec,Lille,ST1034,ST1038,2026-08-22 07:30:08,,3,0.75,1.75,abonnement
TR2608220035327,CL105362,EN00477,trottinette,Lille,ST1034,ST1047,2026-08-22 07:19:20,22/08/2026 07:31,12,2.94,3.64,cb
TR2608220035328,CL108157,EN00395,trottinette,Lille,ST1044,ST1045,2026-08-22 07:21:32,2026-08-22 07:26:32,5,1.55,2.1,abonnement
TR2608220035329,CL104886,EN00031,velo_elec,Lyon,ST1004,ST1011,2026-08-22 07:40:10,2026-08-22 07:54:10,14,4.86,4.5,cb
TR2608220035330,CL103695,EN00111,trottinette,lyon,ST1007,ST1016,2026-08-22 07:33:55,2026-08-22 08:11:55,38,6.86,9.36,cb
TR2608220035331,CL103129,EN00167,trottinette,Lyon,ST1012,ST1014,22/08/2026 07:45,2026-08-22 07:57:29,12,3.35,3.64,abonnement
TR2608220035332,CL104832,EN00030,trottinette,Lyon,ST1015,ST1003,2026-08-22 07:39:52,2026-08-22 07:44:52,5,1.14,2.1,cb
TR2608220035333,CL102835,EN00074,trottinette,Lyon,ST1018,ST1009,2026-08-22 07:36:45,2026-08-22 07:55:45,19,4.32,5.18,abonnement
TR2608220035334,CL100481,EN00136,trottinette,Lyon,ST1006,ST1004,2026-08-22 07:51:24,2026-08-22 07:58:24,7,2.02,2.54,abonnement
TR2608220035335,CL106135,EN00102,velo_elec,Lyon,ST1017,ST1005,2026-08-22 07:51:36,2026-08-22 08:01:36,10,1.84,3.5,cb
TR2608220035336,CL107035,EN00234,trottinette,Nantes,ST1020,ST1020,2026-08-22 07:52:14,2026-08-22 08:31:14,39,6.63,9.58,paypal
TR2608220035337,CL106377,EN00328,velo_elec,Nantes,ST1030,ST1031,2026-08-22 07:58:24,,8,2.77,3.0,paypal
TR2608220035338,CL108367,EN00476,trottinette,Lille,ST1039,ST1038,1787378439,2026-08-22 08:05:39,5,0.91,2.1,abonnement
TR2608220035339,CL105187,EN00409,trottinette,Lille,ST1043,ST1034,2026-08-22 07:50:27,1787378367,9,2.0,2.98,cb
TR2608220035340,CL106827,EN00462,velo_elec,Lille,ST1044,ST1036,22/08/2026 07:51,2026-08-22 08:05:11,14,4.65,4.5,cb
TR2608220035341,CL105225,EN00563,trottinette,Grenoble,ST1052,ST1058,2026-08-22 07:57:07,22/08/2026 08:07,10,2.99,3.2,abonnement
TR2608220035342,CL105530,EN00133,velo_elec,Lyon,ST1009,ST1006,2026-08-22 08:01:51,2026-08-22 08:12:51,11,3.57,3.75,paypal
TR2608220035343,CL100723,EN00185,trottinette,Lyon,ST1016,ST1002,2026-08-22 08:02:54,2026-08-22 08:19:54,17,5.66,4.74,abonnement
TR2608220035344,CL100402,EN00104,trottinette,Lyon,ST1017,ST1004,2026-08-22 08:15:20,2026-08-22 08:30:20,15,3.21,4.3,cb
TR2608220035345,CL100554,EN00319,velo_elec,Nantes,ST1023,ST1025,22/08/2026 08:06,2026-08-22 08:26:41,2774,3.79,6.0,paypal
TR2608220035346,CL108845,EN00248,trottinette,Nantes,ST1026,ST1023,2026-08-22 08:15:51,2026-08-22 08:27:51,12,3.83,3.64,cb
TR2608220035347,CL108527,EN00236,velo_elec,Nantes,ST1033,ST1027,2026-08-22 08:04:46,2026-08-22 08:10:46,6,1.87,2.5,cb
TR2608220035348,CL103580,EN00464,trottinette,Lille,ST1036,ST1047,2026-08-22 08:12:07,2026-08-22 08:25:07,13,3.19,3.86,abonnement
TR2608220035349,CL108525,EN00461,velo_elec,Lille,ST1039,ST1036,22/08/2026 08:12,1787379830,11,1.84,3.75,abonnement
TR2608220035350,CL106864,EN00485,trottinette,Lille,ST1044,ST1038,2026-08-22 08:07:21,2026-08-22 08:41:21,34,10.63,8.48,cb
TR2608220035351,CL102366,EN00509,trottinette,Grenoble,ST1051,ST1049,1787378691,2026-08-22 08:08:51,4,0.65,1.88,cb
TR2608220035352,CL107011,EN00056,velo_elec,Lyon ,ST1003,ST1007,2026-08-22 08:24:22,2026-08-22 09:05:22,41,7.44,11.25,abonnement
TR2608220035353,CL108918,EN00133,velo_elec,Lyon,ST1006,ST1003,1787379481,2026-08-22 08:25:01,7,1.31,2.75,cb
TR2608220035354,CL107727,EN00079,velo_elec,Lyon,ST1007,ST1019,2026-08-22 08:19:03,2026-08-22 08:34:03,15,2.26,4.75,abonnement
TR2608220035355,CL106926,EN00154,trottinette,Lyon,ST1012,ST1016,2026-08-22 08:20:49,2026-08-22 08:35:49,15,3.68,4.3,cb
TR2608220035356,CL101953,EN00338,velo_elec,NANTES,ST1023,ST1027,2026-08-22 08:19:55,2026-08-22 08:34:55,15,3.38,4.75,abonnement
TR2608220035357,CL104325,EN00365,velo_elec,LILLE,ST1035,ST1034,2026-08-22 08:20:22,2026-08-22 08:36:22,16,4.3,5.0,paypal
TR2608220035358,CL108630,EN00372,trottinette,LILLE,ST1041,ST1039,2026-08-22 08:27:08,2026-08-22 08:40:08,13,3.88,3.86,cb
TR2608220035359,CL105702,EN00385,velo_elec,Lille,ST1046,ST1038,2026-08-22 08:21:53,2026-08-22 08:32:53,11,2.97,3.75,cb
TR2608220035360,CL100201,EN00477,trottinette,LILLE,ST1047,ST1043,2026-08-22 08:25:34,1787380534,10,3.04,3.2,cb
TR2608220035361,CL103250,EN00388,velo_elec,Lille,ST1047,ST1044,2026-08-22 08:28:10,2026-08-22 08:37:10,9,1.8,3.25,cb
TR2608220035362,CL100194,EN00535,velo_elec,grenoble,ST1049,ST1050,22/08/2026 08:26,2026-08-22 08:41:33,15,3.93,4.75,abonnement
TR2608220035363,CL103139,EN00117,trottinette,Lyon,ST1001,ST1008,2026-08-22 08:40:37,22/08/2026 08:53,13,3.2,3.86,abonnement
TR2608220035364,CL107993,EN00136,trottinette,Lyon,ST1004,ST1001,1787380279,2026-08-22 08:52:19,21,6.72,5.62,paypal
TR2608220035365,CL108323,EN00081,velo_elec,LYON,ST1006,ST1014,2026-08-22 08:36:57,2026-08-22 08:48:57,12,3.04,4.0,paypal
TR2608220035366,CL105488,EN00028,trottinette,Lyon,ST1007,ST9608,2026-08-22 08:43:03,22/08/2026 09:10,27,4.87,6.94,abonnement
TR2608220035367,CL107973,EN00190,trottinette,Lyon,ST1008,ST1009,2026-08-22 08:36:25,2026-08-22 08:54:25,18,3.7,4.96,cb
TR2608220035368,CL108529,EN00020,velo_elec,Lyonn,ST1010,ST1018,2026-08-22 08:37:03,2026-08-22 08:45:03,8,1.42,3.0,paypal
TR2608220035369,CL106715,EN00180,trottinette,Lyon,ST1012,ST1009,2026-08-22 08:38:37,2026-08-22 08:47:37,9,2.88,2.98,cb
TR2608220035370,CL105548,EN00178,velo_elec,Lyon,ST1013,ST1007,2026-08-22 08:34:50,2026-08-22 08:44:50,10,1.81,3.5,cb
TR2608220035371,CL105787,EN00167,trottinette,Lyon,ST1014,ST1014,2026-08-22 08:43:21,2026-08-22 09:01:21,18,4.07,4.96,abonnement
TR2608220035372,CL105189,EN00313,trottinette,Nantes,ST1022,ST1024,2026-08-22 08:43:15,22/08/2026 09:04,21,7.35,5.62,cb
TR2608220035373,CL107932,EN00248,trottinette,Nantes,ST1023,ST1024,2026-08-22 08:30:46,2026-08-22 08:35:46,5,0.79,2.1,abonnement
TR2608220035374,CL102723,EN00319,velo_elec,Nantes,ST1025,ST1032,2026-08-22 08:35:29,1787381789,21,5.15,6.25,cb
TR2608220035375,CL108329,EN00488,velo_elec,Lille,ST1038,ST1035,22/08/2026 08:32,22/08/2026 08:43,11,2.68,3.75,abonnement
TR2608220035376,CL103302,EN00448,velo,Lille,ST1039,ST1037,2026-08-22 08:41:37,2026-08-22 09:03:37,22,4.86,4.3,cb
TR2608220035377,CL102402,EN00474,velo_elec,Lille,ST1046,ST1043,2026-08-22 08:39:07,2026-08-22 08:50:07,11,2.14,3.75,abonnement
TR2608220035378,CL102086,EN00533,velo_elec,Grenoble,ST1050,ST1055,2026-08-22 08:33:42,2026-08-22 08:45:42,12,2.92,4.0,abonnement
TR2608220035379,CL108701,EN00506,trottinette,GRENOBLE,ST1052,ST1049,2026-08-22 08:33:06,2026-08-22 08:50:06,17,2.68,4.74,paypal
TR2608220035380,CL107024,EN00582,trottinette,Grenoble,ST1058,ST1053,2026-08-22 08:38:31,1787381791,18,3.84,4.96,cb
TR2608220035381,CL107755,EN00102,velo_elec,Lyon,ST1005,ST1018,22/08/2026 08:49,2026-08-22 09:04:47,15,4.66,4.75,cb
TR2608220035382,CL105095,EN00178,velo_elec,Lyon,ST1007,ST1007,2026-08-22 08:49:28,2026-08-22 09:07:28,18,4.08,5.5,abonnement
TR2608220035383,CL100024,EN00094,velo_elec,Lyon,ST1019,ST1009,2026-08-22 09:00:50,22/08/2026 09:15,15,2.51,4.75,cb
TR2608220035384,CL106243,EN00316,velo_elec,Nantes,ST1022,ST1030,22/08/2026 08:47,22/08/2026 08:58,11,2.11,3.75,abonnement
TR2608220035385,CL103655,EN00328,velo_elec,Nantes,ST1031,ST1023,2026-08-22 08:59:17,2026-08-22 09:35:17,36,10.19,10.0,cb
TR2608220035386,CL102321,EN00240,trottinette,Nantes,ST1032,ST1023,22/08/2026 08:55,2026-08-22 09:07:15,12,3.61,3.64,paypal
TR2608220035387,CL101177,EN00332,trottinette,Nantes,ST1033,ST1033,22/08/2026 08:57,,9,2.63,2.98,cb
TR2608220035388,CL104877,EN00402,trottinette,Lille,ST1037,ST1040,2026-08-22 08:58:16,2026-08-22 09:05:16,7,2.41,2.54,cb
TR2608220035389,CL106472,EN00375,trottinette,Lille,ST1041,ST1040,1787381240,2026-08-22 08:57:20,10,2.07,3.2,cb
TR2608220035390,CL102138,EN00418,trottinette,Lille,ST1046,ST1039,2026-08-22 08:47:27,2026-08-22 08:53:27,6,2.03,2.32,cb
TR2608220035391,CL107234,EN00492,velo_elec,LILLE,ST1047,ST1035,2026-08-22 08:46:45,2026-08-22 09:02:45,16,3.18,,abonnement
TR2608220035392,CL103124,EN00220,velo_elec,Lyon,ST1002,ST1011,22/08/2026 09:11,2026-08-22 09:33:28,22,7.38,6.5,
TR2608220035393,CL101763,EN00201,velo_elec,Lyon,ST1010,ST1002,2026-08-22 09:13:41,2026-08-22 09:23:41,10,3.18,3.5,cb
TR2608220035394,CL104423,EN00095,trottinette,Lyon,ST1010,ST1007,1787382278,2026-08-22 09:22:38,18,3.27,4.96,cb
TR2608220035395,CL106757,EN00177,velo_elec,Lyon,ST1011,ST1004,2026-08-22 09:14:12,2026-08-22 09:26:12,12,4.13,4.0,paypal
TR2608220035396,CL107107,EN00031,velo_elec,Lyon,ST1011,ST1001,2026-08-22 09:04:07,2026-08-22 09:18:07,14,4.16,4.5,cb
TR2608220035397,CL100228,EN00001,velo_elec,Lyon,ST1019,ST1018,2026-08-22 09:09:43,2026-08-22 09:15:43,6,1.44,2.5,cb
TR2608220035398,CL104523,EN00291,velo_elec,Nantes,ST1024,ST1027,2026-08-22 09:03:42,2026-08-22 09:31:42,28,7.81,8.0,
TR2608220035399,CL108776,EN00230,velo_elec,Nantes,ST1025,ST1029,2026-08-22 09:08:25,2026-08-22 09:26:25,18,4.7,5.5,cb
TR2608220035400,CL103297,EN00236,velo_elec,Nantes,ST1027,ST1022,2026-08-22 09:15:20,22/08/2026 09:22,7,1.45,2.75,cb
TR2608220035401,CL103733,EN00357,trottinette,Nantes,ST1031,ST1030,1787382085,2026-08-22 09:11:25,10,1.99,3.2,abonnement
TR2608220035402,CL102515,EN00319,velo_elec,Nantes,ST1032,ST1020,2026-08-22 09:03:02,2026-08-22 09:08:02,5,1.04,2.25,cb
TR2608220035403,CL101344,EN00488,velo_elec,Lille,ST1035,ST1041,22/08/2026 09:11,2026-08-22 09:17:18,6,1.33,2.5,cb
TR2608220035404,CL107095,EN00476,trottinette,Lille,ST1038,ST1044,2026-08-22 09:10:52,2026-08-22 09:36:52,26,6.47,6.72,abonnement
TR2608220035405,CL102327,EN00444,trottinette,Lille,ST1040,ST1042,22/08/2026 09:08,2026-08-22 09:23:06,15,4.75,4.3,cb
TR2608220035406,CL105678,EN00406,velo_elec, Lille,ST1043,ST1036,2026-08-22 09:02:27,22/08/2026 09:27,25,8.38,7.25,paypal
TR2608220035407,CL105970,EN00370,velo_elec,Lille,ST1043,ST1039,2026-08-22 09:06:55,2026-08-22 09:17:55,-9,2.4,3.75,cb
TR2608220035408,CL105538,EN00391,velo_elec,Lille,ST1044,ST1047,2026-08-22 09:07:28,2026-08-22 09:13:28,6,1.88,2.5,paypal
TR2608220035409,CL104492,EN00395,trottinette,Lille,ST1045,ST1044,2026-08-22 09:03:01,,17,4.74,4.74,cb
TR2608220035410,CL102126,EN00599,trottinette,Grenoble,ST1049,ST1048,2026-08-22 09:14:37,2026-08-22 09:28:37,14,4.82,4.08,cb
TR2608220035411,CL105886,EN00104,trottinette,Lyon,ST1004,ST1004,2026-08-22 09:24:25,22/08/2026 09:35,11,1.91,3.42,paypal
TR2608220035412,CL108005,EN00150,trottinette,Lyon,ST1011,ST1008,22/08/2026 09:20,2026-08-22 09:25:51,5,1.41,2.1,abonnement
TR2608220035413,CL104561,EN00037,trottinette,Lyon,ST1014,ST1019,22/08/2026 09:21,,14,4.21,4.08,cb
TR2608220035414,CL102862,EN00006,trottinette,Lyon,ST1015,ST1010,2026-08-22 09:27:55,2026-08-22 09:38:55,11,2.66,3.42,abonnement
TR2608220035415,CL101560,EN00020,velo_elec,Lyon,ST1018,ST1018,2026-08-22 09:16:36,22/08/2026 09:33,17,5.06,5.25,cb
TR2608220035416,CL100228,EN00102,velo_elec,Lyon,ST1018,ST1015,22/08/2026 09:21,2026-08-22 09:32:38,11,2.42,3.75,cb
TR2608220035417,CL105521,EN00333,trottinette,Nantes,ST1020,ST1021,22/08/2026 09:22,2026-08-22 09:41:50,19,4.35,5.18,paypal
TR2608220035418,CL108392,EN00307,trottinette,Nantes,ST1022,ST1028,2026-08-22 09:19:39,2026-08-22 09:25:39,6,1.41,2.32,cb
TR2608220035419,CL102500,EN00240,trottinette,Nantes,ST1023,ST1030,2026-08-22 09:27:50,2026-08-22 09:34:50,7,1.64,2.54,paypal
TR2608220035420,CL104123,EN00316,velo_elec,Nantes,ST1030,ST1029,22/08/2026 09:20,2026-08-22 09:31:24,11,2.97,3.75,paypal
TR2608220035421,CL104991,EN00334,trottinette,Nantes,ST1032,ST1026,22/08/2026 09:17,2026-08-22 09:36:13,19,4.43,5.18,cb
TR2608220035422,CL103590,EN00264,trottinette,Nantes,ST1033,ST1027,22/08/2026 09:17,2026-08-22 09:26:28,9,1.4,2.98,cb
TR2608220035423,CL100767,EN00481,velo_elec,Lille,ST1035,ST1034,2026-08-22 09:18:59,22/08/2026 09:28,10,3.32,3.5,abonnement
TR2608220035424,CL102640,EN00372,trottinette,Lille,ST1039,ST1047,22/08/2026 09:22,2026-08-22 09:55:24,33,6.92,8.26,cb
TR2608220035425,CL100049,EN00418,trottinette,Lille,ST1039,ST1043,2026-08-22 09:20:11,2026-08-22 09:32:11,12,3.42,3.64,abonnement
TR2608220035426,CL107867,EN00375,trottinette,Lille,ST1040,ST1036,,2026-08-22 09:44:33,24,6.22,6.28,cb
TR2608220035427,CL104193,EN00414,velo_elec,Lille,ST1041,ST1045,2026-08-22 09:22:19,22/08/2026 09:33,11,1.87,3.75,abonnement
TR2608220035428,CL108192,EN00477,trottinette,Lille,ST1043,ST1043,2026-08-22 09:21:42,2026-08-22 09:42:42,21,4.02,5.62,paypal
TR2608220035429,CL107608,EN00373,velo_elec,Lille,ST1044,ST1044,2026-08-22 09:23:51,2026-08-22 09:25:51,2,0.34,1.5,cb
TR2608220035430,CL105741,EN00520,velo_elec,Grenoble,ST1055,ST1057,2026-08-22 09:19:57,2026-08-22 09:49:57,30,5.6,8.5,paypal
TR2608220035431,CL108742,EN00048,velo,Lyon,ST1005,ST1005,2026-08-22 09:43:29,2026-08-22 09:50:29,7,1.87,2.05,cb
TR2608220035432,CL101693,EN00056,velo_elec,Lyon,ST1007,ST1013,22/08/2026 09:37,2026-08-22 09:46:21,9,3.12,3.25,abonnement
TR2608220035433,CL108648,EN00092,trottinette,Lyon,ST1008,ST1005,2026-08-22 09:41:55,2026-08-22 09:54:55,13,3.86,3.86,cb
TR2608220035434,CL104765,EN00125,velo,Lyon,ST1010,ST1002,22/08/2026 09:38,,9,1.85,2.35,cb
TR2608220035435,CL107237,EN00041,velo_elec,Lyon,ST1012,ST1012,1787384747,2026-08-22 09:47:47,2,0.59,1.5,cb
TR2608220035436,CL100389,EN00034,velo_elec,Lyon,ST1013,ST1007,22/08/2026 09:42,1787385216,11,2.75,3.75,cb
TR2608220035437,CL104645,EN00194,velo_elec,Lyon,ST1017,ST1017,2026-08-22 09:43:19,2026-08-22 09:57:19,14,2.53,4.5,abonnement
TR2608220035438,CL107262,EN00151,trottinette,Lyon,ST1017,ST1010,2026-08-22 09:41:41,2026-08-22 09:54:41,13,2.97,3.86,cb
TR2608220035439,CL102716,EN00348,velo_elec,Nantes,ST1022,ST1027,2026-08-22 09:36:03,2026-08-22 09:46:03,10,2.53,3.5,cb
TR2608220035440,CL107989,EN00222,velo_elec,nantes,ST1023,ST1023,2026-08-22 09:46:04,2026-08-22 10:23:04,37,5.99,10.25,cb
TR2608220035441,CL108673,EN00321,velo_elec,Nantes,ST1026,ST1032,2026-08-22 09:43:31,22/08/2026 09:49,6,1.33,2.5,abonnement
TR2608220035442,CL104359,EN00316,velo_elec,Nantes,ST1029,ST1020,2026-08-22 09:37:34,2026-08-22 09:46:34,9,1.76,3.25,paypal
TR2608220035443,CL108310,EN00332,trottinette,nantes,ST1033,ST1030,2026-08-22 09:43:49,2026-08-22 09:56:49,13,3.59,3.86,cb
TR2608220035444,CL100361,EN00410,velo_elec,Lille,ST1038,ST1034,1787383970,22/08/2026 09:37,5,1.69,2.25,cb
TR2608220035445,CL105124,EN00488,velo_elec,Lille,ST1041,ST1040,2026-08-22 09:41:18,22/08/2026 09:57,16,5.28,5.0,cb
TR2608220035446,CL100009,EN00498,trottinette,lille,ST1042,ST1042,2026-08-22 09:44:55,2026-08-22 09:53:55,9,3.14,2.98,abonnement
TR2608220035447,CL103428,EN00484,velo_elec,Lille,ST1043,ST1047,2026-08-22 09:34:23,22/08/2026 09:40,6,1.82,2.5,cb
TR2608220035448,CL104115,EN00386,trottinette,Lille,ST1043,ST1037,2026-08-22 09:40:00,2026-08-22 09:48:00,8,2.44,2.76,paypal
TR2608220035449,CL108640,EN00373,velo_elec,Lille,ST1044,ST1039,2026-08-22 09:36:11,,23,5.13,6.75,abonnement
TR2608220035450,CL102331,EN00441,velo_elec,Lille,ST1045,ST1045,2026-08-22 09:42:46,2026-08-22 09:52:46,10,3.36,3.5,cb
TR2608220035451,CL106165,EN00597,trottinette,Grenoble,ST1051,ST1058,2026-08-22 09:42:09,22/08/2026 10:06,24,6.52,6.28,cb
TR2608220035452,CL105142,EN00091,velo_elec,LYON,ST1001,ST1016,2026-08-22 10:00:37,2026-08-22 10:16:37,16,5.35,5.0,
TR2608220035453,CL103508,EN00100,velo_elec,Lyon,ST1001,ST1018,2026-08-22 09:52:24,1787385384,4,1.13,2.0,cb
TR2608220035454,CL105288,EN00127,trottinette,Lyon ,ST1004,ST1019,2026-08-22 09:51:30,2026-08-22 10:12:30,21,3.81,5.62,cb
TR2608220035455,CL107903,EN00078,velo_elec,Lyon,ST1012,ST1011,2026-08-22 09:50:37,1787385757,12,3.04,4.0,cb
TR2608220035456,CL102771,EN00162,velo_elec,Lyon,ST1016,ST1017,1787385208,22/08/2026 10:10,17,2.61,5.25,abonnement
TR2608220035457,CL108654,EN00080,trottinette,Lyon,ST1016,ST1019,2026-08-22 09:56:45,2026-08-22 10:07:45,11,2.63,3.42,cb
TR2608220035458,CL104590,EN00037,trottinette,Lyon,ST1019,ST1004,2026-08-22 09:51:59,2026-08-22 10:08:59,17,4.29,4.74,abonnement
TR2608220035459,CL100913,EN00052,trottinette,Lyon,ST1019,ST1015,2026-08-22 10:00:32,2026-08-22 10:02:32,2,0.51,1.44,paypal
TR2608220035460,CL105065,EN00351,trottinette,Nantes,ST1021,ST1027,2026-08-22 09:50:54,2026-08-22 10:00:54,10,2.51,3.2,abonnement
TR2608220035461,CL101287,EN00287,velo_elec,Nantes,ST1033,ST1023,2026-08-22 09:58:49,2026-08-22 10:08:49,10,3.46,3.5,abonnement
TR2608220035462,CL101141,EN00453,trottinette,Lille,ST1035,ST1042,2026-08-22 09:46:42,22/08/2026 10:01,15,4.5,4.3,cb
TR2608220035463,CL105612,EN00366,trottinette,Lille,ST1036,ST1035,2026-08-22 09:52:18,22/08/2026 09:58,6,1.97,2.32,cb
TR2608220035464,CL104750,EN00363,velo_elec,Lille,ST1037,ST1042,2026-08-22 09:48:21,2026-08-22 10:02:21,14,2.43,4.5,paypal
TR2608220035465,CL105495,EN00414,velo_elec,Lille,ST1045,ST1036,2026-08-22 09:46:41,1787385221,7,2.35,2.75,cb
TR2608220035466,CL105261,EN00495,trottinette,Lille,ST1046,ST1040,1787384744,2026-08-22 10:05:44,20,4.27,5.4,abonnement
TR2608220035467,CL100560,EN00496,velo_elec, Lille,ST1046,ST1046,22/08/2026 09:56,22/08/2026 10:20,24,5.33,7.0,cb
TR2608220035468,CL101636,EN00533,velo_elec,Grenoble,ST1055,ST1050,2026-08-22 09:55:48,1787386908,26,8.4,7.5,cb
TR2608220035469,CL100195,EN00593,trottinette,Grenoble,ST1056,ST1048,22/08/2026 09:54,2026-08-22 10:21:07,27,4.7,6.94,abonnement
TR2608220035470,CL104176,EN00065,trottinette,Lyon ,ST1003,ST1007,2026-08-22 10:06:02,2026-08-22 10:16:02,10,3.14,3.2,cb
TR2608220035471,CL101420,EN00209,velo_elec,Lyon,ST1003,ST1010,2026-08-22 10:15:07,2026-08-22 10:29:07,14,4.78,4.5,abonnement
TR2608220035472,CL101987,EN00177,velo_elec,Lyon,ST1004,ST1017,2026-08-22 10:03:44,22/08/2026 10:13,10,3.47,3.5,cb
TR2608220035473,CL107605,EN00092,trottinette,Lyon,ST1005,ST1017,2026-08-22 10:02:02,1787386022,5,1.24,2.1,cb
TR2608220035474,CL100664,EN00034,velo_elec,Lyon ,ST1007,ST1009,2026-08-22 10:07:13,2026-08-22 10:14:13,7,1.12,2.75,cb
TR2608220035475,CL101270,EN00089,trottinette,Lyon,ST1008,ST1018,2026-08-22 10:11:45,2026-08-22 10:19:45,8,1.9,2.76,abonnement
TR2608220035476,CL106607,EN00094,velo_elec,Lyon,ST1009,ST1019,2026-08-22 10:03:49,1787386549,12,3.01,4.0,cb
TR2608220035477,CL104324,EN00190,trottinette,Lyon,ST1009,ST1004,2026-08-22 10:10:19,2026-08-22 10:31:19,21,4.07,5.62,cb
TR2608220035478,CL103922,EN00006,trottinette,Lyon,ST1010,ST1002,2026-08-22 10:02:15,2026-08-22 10:17:15,15,2.45,4.3,cb
TR2608220035479,CL105410,EN00041,velo_elec,Lyon,ST1012,ST1001,2026-08-22 10:02:28,2026-08-22 10:19:28,17,4.72,5.25,abonnement
TR2608220035480,CL103553,EN00056,velo_elec,Lyon,ST1013,ST1017,2026-08-22 10:13:09,2026-08-22 10:43:09,30,6.7,8.5,cb
TR2608220035481,CL104129,EN00070,trottinette,Lyon,ST1014,ST1013,22/08/2026 10:03,1787386444,11,3.05,3.42,abonnement
TR2608220035482,CL104533,EN00316,velo_elec,Nantes,ST1020,ST1020,2026-08-22 10:12:01,1787386921,10,3.1,3.5,cb
TR2608220035483,CL100591,EN00328,velo_elec,Nantes,ST1023,ST1020,22/08/2026 10:01,2026-08-22 10:14:39,13,2.07,4.25,abonnement
TR2608220035484,CL104478,EN00229,trottinette,Nantes,ST1024,ST1033,,2026-08-22 10:37:40,26,7.51,6.72,abonnement
TR2608220035485,CL107945,EN00297,trottinette,Nantes,ST1025,ST1022,22/08/2026 10:13,22/08/2026 10:21,8,1.54,2.76,abonnement
TR2608220035486,CL105340,EN00329,trottinette,nantes,ST1025,ST1028,2026-08-22 10:14:05,2026-08-22 10:21:05,7,2.0,,abonnement
TR2608220035487,CL108461,EN00230,velo_elec,Nantes,ST1029,ST1022,2026-08-22 10:03:17,2026-08-22 10:06:17,3,0.77,1.75,abonnement
TR2608220035488,CL107238,EN00261,trottinette,Nantes,ST1033,ST1024,2026-08-22 10:01:55,2026-08-22 10:09:55,8,1.73,2.76,cb
TR2608220035489,CL107650,EN00324,velo,Nantes,ST1033,ST1027,2026-08-22 10:13:57,2026-08-22 10:16:57,3,0.58,1.45,cb
TR2608220035490,CL107361,EN00275,velo,Nantes,ST1033,ST1027,22/08/2026 10:12,2026-08-22 10:25:48,13,2.35,2.95,abonnement
TR2608220035491,CL102603,EN00386,trottinette,Lille,ST1037,ST1038,2026-08-22 10:08:59,2026-08-22 10:23:59,15,2.75,4.3,cb
TR2608220035492,CL105156,EN00370,velo_elec,Lille,ST1039,ST1044,2026-08-22 10:08:25,2026-08-22 10:20:25,12,3.16,4.0,paypal
TR2608220035493,CL107385,EN00373,velo_elec,Lille,ST1039,ST1036,2026-08-22 10:04:12,2026-08-22 10:11:12,7,2.43,2.75,cb
TR2608220035494,CL100704,EN00408,velo_elec,Lille,ST1041,ST1044,2026-08-22 10:04:06,2026-08-22 10:16:06,12,1.99,4.0,abonnement
TR2608220035495,CL101943,EN00449,trottinette,Lille,ST1042,ST1035,2026-08-22 10:07:34,2026-08-22 10:15:34,8,1.89,2.76,paypal
TR2608220035496,CL107197,EN00498,trottinette,Lille,ST1042,ST1037,2026-08-22 10:02:24,2026-08-22 10:13:24,11,2.67,3.42,abonnement
TR2608220035497,CL103398,EN00474,velo_elec,Lille,ST1043,ST1047,2026-08-22 10:05:32,1787386472,9,1.49,3.25,cb
TR2608220035498,CL102729,EN00477,trottinette,Lille,ST1043,ST1039,2026-08-22 10:10:24,2026-08-22 10:36:24,26,5.43,6.72,cb
TR2608220035499,CL105909,EN00441,velo_elec,Lille,ST1045,ST1038,2026-08-22 10:08:30,22/08/2026 10:27,19,5.19,5.75,cb
TR2608220035500,CL101616,EN00391,velo_elec,Lille,ST1047,ST1037,2026-08-22 10:15:47,2026-08-22 10:22:47,7,1.68,2.75,abonnement
TR2608220035501,CL104059,EN00053,trottinette,Lyon,ST1002,ST1014,2026-08-22 10:22:22,22/08/2026 11:15,53,13.18,12.66,abonnement
TR2608220035502,CL104134,EN00118,trottinette,Lyon,ST1008,ST1015,2026-08-22 10:21:38,22/08/2026 10:47,26,5.34,6.72,cb
TR2608220035503,CL106817,EN00212,trottinette,Lyon,ST1009,ST1013,2026-08-22 10:20:15,2026-08-22 10:35:15,15,3.58,4.3,cb
TR2608220035504,CL100355,EN00151,trottinette,Lyon,ST1010,ST1001,2026-08-22 10:16:26,22/08/2026 10:29,13,2.77,3.86,paypal
TR2608220035505,CL103280,EN00029,velo_elec,Lyon,ST1012,ST1017,2026-08-22 10:28:56,2026-08-22 10:35:56,7,1.93,2.75,cb
TR2608220035506,CL101578,EN00100,velo_elec,Lyon,ST1018,ST1007,1787387082,2026-08-22 10:28:42,4,0.82,2.0,cb
TR2608220035507,CL103919,EN00305,velo_elec,Nantes,ST1020,ST1031,2026-08-22 10:27:58,2026-08-22 10:37:58,10,1.88,3.5,paypal
TR2608220035508,CL103132,EN00319,velo_elec,Nantes,ST1020,ST1023,2026-08-22 10:26:43,2026-08-22 10:33:43,7,2.25,2.75,abonnement
TR2608220035509,CL101502,EN00238,velo_elec,Nantes,ST1021,ST1021,2026-08-22 10:22:12,2026-08-22 10:35:12,13,3.7,4.25,abonnement
TR2608220035510,CL101742,EN00231,velo,Nantes,ST1029,ST1030,2026-08-22 10:19:00,2026-08-22 10:25:00,6,1.38,1.9,cb
TR2608220035511,CL107125,EN00415,trottinette,Lille,ST1034,ST1037,2026-08-22 10:27:05,2026-08-22 10:29:05,2,0.38,1.44,cb
TR2608220035512,CL104337,EN00379,velo_elec, Lille,ST1041,ST1040,2026-08-22 10:29:27,,9,1.59,3.25,cb
TR2608220035513,CL103952,EN00400,trottinette,Lille,ST1043,ST1041,2026-08-22 10:17:25,2026-08-22 10:28:25,11,2.35,3.42,cb
TR2608220035514,CL106803,EN00374,velo_elec,Lille,ST1046,ST1042,2026-08-22 10:30:34,2026-08-22 10:39:34,9,1.56,3.25,abonnement
TR2608220035515,CL107800,EN00580,velo_elec,Grenoble,ST1048,ST1048,2026-08-22 10:18:34,22/08/2026 10:24,6,1.06,2.5,cb
TR2608220035516,CL102936,EN00526,velo_elec,grenoble,ST1056,ST1048,22/08/2026 10:30,2026-08-22 10:34:25,4,1.36,2.0,abonnement
TR2608220035517,CL102112,EN00101,velo_elec,Lyon,ST1001,ST1009,22/08/2026 10:42,1787388600,8,2.67,3.0,abonnement
TR2608220035518,CL106389,EN00041,velo_elec,Lyon,ST1001,ST1007,22/08/2026 10:43,2026-08-22 10:52:41,9,1.52,3.25,cb
TR2608220035519,CL106762,EN00048,velo,Lyon,ST1005,ST1019,2026-08-22 10:45:35,2026-08-22 10:54:35,9,1.7,2.35,paypal
TR2608220035520,CL100317,EN00209,velo_elec,lyon,ST1010,ST1011,2026-08-22 10:44:25,2026-08-22 11:01:25,17,5.83,5.25,abonnement
TR2608220035521,CL104556,EN00200,trottinette,Lyon,ST1011,ST1004,22/08/2026 10:33,2026-08-22 10:46:44,13,2.16,3.86,cb
TR2608220035522,CL106861,EN00220,velo_elec,Lyon,ST1011,ST1007,2026-08-22 10:35:21,2026-08-22 10:51:21,16,4.02,5.0,cb
TR2608220035523,CL108690,EN00316,velo_elec,Nantes,ST1020,ST1026,,2026-08-22 10:52:24,8,2.17,3.0,abonnement
TR2608220035524,CL105378,EN00221,velo_elec,Nantes,ST1025,ST1027,1787387455,2026-08-22 10:40:55,10,2.19,3.5,cb
TR2608220035525,CL106043,EN00227,trottinette,Nantes,ST1025,ST1031,2026-08-22 10:38:58,2026-08-22 10:49:58,11,2.85,3.42,cb
TR2608220035526,CL108164,EN00246,trottinette,Nantes,ST1025,ST1027,2026-08-22 10:39:39,2026-08-22 10:45:39,6,1.32,2.32,cb
TR2608220035527,CL102838,EN00417,trottinette,Lille,ST1040,ST1040,22/08/2026 10:39,,12,2.58,3.64,cb
TR2608220035528,CL100083,EN00424,velo_elec,Lille,ST1041,ST1045,22/08/2026 10:35,2026-08-22 10:53:56,18,6.14,5.5,cb
TR2608220035529,CL102487,EN00382,trottinette,Lille,ST1043,ST1035,,1787388676,7,2.43,2.54,cb
TR2608220035530,CL105494,EN00413,trottinette,Lille,ST1044,ST1046,2026-08-22 10:36:59,1787388719,15,3.04,4.3,cb
TR2608220035531,CL102586,EN00530,velo_elec,Grenoble,ST1051,ST1054,2026-08-22 10:38:09,2026-08-22 10:47:09,9,1.54,3.25,paypal
TR2608220035532,CL105810,EN00151,trottinette,Lyon,ST1001,ST1019,2026-08-22 10:46:58,2026-08-22 11:11:58,25,8.44,6.5,cb
TR2608220035533,CL104484,EN00010,trottinette,Lyon,ST1002,ST1010,2026-08-22 10:46:46,22/08/2026 10:59,13,2.67,3.86,abonnement
TR2608220035534,CL107257,EN00133,velo_elec,Lyonn,ST1003,ST1007,22/08/2026 10:52,1787389034,5,1.62,2.25,abonnement
TR2608220035535,CL107906,EN00042,trottinette,Lyon,ST1004,ST1011,1787388906,2026-08-22 10:58:06,3,0.77,1.66,paypal
TR2608220035536,CL107185,EN00200,trottinette,Lyon,ST1004,ST1019,22/08/2026 10:56,2026-08-22 11:03:46,7,1.36,2.54,paypal
TR2608220035537,CL108791,EN00034,velo_elec,Lyon,ST1009,ST1014,2026-08-22 10:55:04,2026-08-22 11:07:04,12,3.27,4.0,abonnement
TR2608220035538,CL108309,EN00091,velo_elec,Lyon,ST1016,ST1001,1787389110,22/08/2026 11:18,20,3.67,6.0,abonnement
TR2608220035539,CL100670,EN00154,trottinette,Lyon,ST1016,ST1002,2026-08-22 10:55:46,22/08/2026 11:09,14,3.25,4.08,abonnement
TR2608220035540,CL105263,EN00124,velo_elec,Lyon,ST1018,ST1012,22/08/2026 10:56,,9,2.11,3.25,cb
TR2608220035541,CL104560,EN00089,trottinette,lyon,ST1018,ST1008,22/08/2026 10:57,2026-08-22 11:13:22,16,4.44,4.52,cb
TR2608220035542,CL106904,EN00253,trottinette,Nantes,ST1020,ST1033,2026-08-22 10:46:43,2026-08-22 11:03:43,17,5.15,4.74,paypal
TR2608220035543,CL107055,EN00358,trottinette,Nantes,ST1020,ST1031,2026-08-22 11:00:28,22/08/2026 11:10,10,2.73,3.2,cb
TR2608220035544,CL104692,EN00238,velo_elec,Nantes,ST1021,ST1023,2026-08-22 10:56:54,2026-08-22 11:15:54,19,5.1,5.75,cb
TR2608220035545,CL106279,EN00236,velo_elec,Nantes,ST1022,ST1032,2026-08-22 10:58:00,2026-08-22 11:08:00,3676,1.69,3.5,abonnement
TR2608220035546,CL101454,EN00266,velo_elec,Nantes,ST1022,ST1028,22/08/2026 10:49,2026-08-22 10:57:03,8,2.58,3.0,cb
TR2608220035547,CL100395,EN00247,trottinette,NANTES,ST1025,ST1021,2026-08-22 10:55:11,2026-08-22 11:07:11,12,1.85,,cb
TR2608220035548,CL100460,EN00352,velo_elec,Nantes,ST1026,ST1023,2026-08-22 10:58:11,,8,2.63,3.0,abonnement
TR2608220035549,CL106173,EN00305,velo_elec,Nantes,ST1031,ST1025,2026-08-22 10:58:43,22/08/2026 11:07,9,2.86,3.25,cb
TR2608220035550,CL103487,EN00321,velo_elec,Nantes,ST1032,ST1028,2026-08-22 10:56:39,2026-08-22 11:00:39,4,1.18,2.0,abonnement
TR2608220035551,CL101271,EN00229,trottinette,Nantes,ST1033,ST1033,2026-08-22 10:47:45,2026-08-22 11:04:45,17,4.17,4.74,cb
TR2608220035552,CL106213,EN00446,trottinette,Lille,ST1034,ST1046,22/08/2026 10:50,2026-08-22 11:06:50,16,5.34,4.52,cb
TR2608220035553,CL108438,EN00366,trottinette,Lille,ST1035,ST1040,2026-08-22 10:52:48,22/08/2026 11:07,15,3.78,4.3,cb
TR2608220035554,CL105702,EN00415,trottinette,Lille,ST1037,ST1035,2026-08-22 10:46:48,1787388708,5,1.17,2.1,cb
TR2608220035555,CL103063,EN00498,trottinette,Lille,ST1037,ST1040,22/08/2026 11:00,2026-08-22 11:03:00,3,0.54,1.66,cb
TR2608220035556,CL105362,EN00385,velo_elec,Lille,ST1038,ST1036,2026-08-22 10:54:28,2026-08-22 11:07:28,13,2.13,4.25,abonnement
TR2608220035557,CL105293,EN00394,velo_elec,Lille,ST1041,ST1043,2026-08-22 10:51:51,22/08/2026 11:00,9,1.49,3.25,cb
TR2608220035558,CL103062,EN00472,velo_elec,Lille,ST1041,ST1047,2026-08-22 10:59:03,1787389923,13,2.4,,abonnement
TR2608220035559,CL100035,EN00408,velo_elec,Lille,ST1044,ST1039,2026-08-22 10:47:00,2026-08-22 11:04:00,17,4.66,5.25,abonnement
TR2608220035560,CL103894,EN00496,velo_elec,Lille,ST1046,ST1040,2026-08-22 10:45:55,2026-08-22 10:59:55,14,3.49,4.5,cb
TR2608220035561,CL101675,EN00484,velo_elec,Lille,ST1047,ST1043,2026-08-22 10:49:35,2026-08-22 11:20:35,31,4.8,8.75,cb
TR2608220035562,CL101215,EN00580,velo_elec,Grenoble,ST1048,ST1048,22/08/2026 10:53,22/08/2026 11:19,26,6.67,7.5,abonnement
TR2608220035563,CL100086,EN00598,velo_elec,Grenoble,ST1055,ST1051,2026-08-22 10:53:10,2026-08-22 11:03:10,10,3.43,3.5,cb
TR2608220035564,CL101725,EN00532,velo_elec,Grenoble,ST1057,ST1050,2026-08-22 10:56:00,2026-08-22 11:08:00,12,4.05,4.0,cb
TR2608220035565,CL108381,EN00031,velo_elec,Lyon,ST1001,ST1006,2026-08-22 11:04:49,2026-08-22 11:27:49,23,4.69,6.75,paypal
TR2608220035566,CL104078,EN00030,trottinette,Lyon,ST1003,ST1004,2026-08-22 11:10:55,2026-08-22 11:22:55,12,3.49,3.64,abonnement
TR2608220035567,CL106384,EN00104,trottinette,Lyon,ST1004,ST1010,2026-08-22 11:10:03,2026-08-22 11:16:03,6,1.14,2.32,cb
TR2608220035568,CL106972,EN00037,trottinette,Lyon,ST1004,ST1017,1787389910,22/08/2026 11:16,5,0.9,2.1,abonnement
TR2608220035569,CL103931,EN00095,trottinette,Lyon,ST1007,ST1007,22/08/2026 11:05,2026-08-22 11:10:00,5,1.7,2.1,paypal
TR2608220035570,CL104007,EN00175,trottinette,Lyon,ST1008,ST1005,2026-08-22 11:01:04,22/08/2026 11:18,17,3.5,4.74,abonnement
TR2608220035571,CL101373,EN00010,trottinette,Lyon,ST1010,ST1009,2026-08-22 11:03:31,2026-08-22 11:13:31,10,3.48,3.2,abonnement
TR2608220035572,CL106751,EN00042,trottinette,LYON,ST1011,ST1013,22/08/2026 11:09,2026-08-22 11:16:55,7,2.06,2.54,cb
TR2608220035573,CL104568,EN00212,trottinette,Lyon,ST1013,ST1015,2026-08-22 11:06:38,2026-08-22 11:14:38,8,2.01,2.76,cb
TR2608220035574,CL104308,EN00214,trottinette,Lyon,ST1014,ST1009,2026-08-22 11:09:55,2026-08-22 11:16:55,7,1.48,2.54,cb
TR2608220035575,CL106868,EN00020,velo_elec,lyon,ST1018,ST1019,1787390112,2026-08-22 11:57:12,42,11.05,11.5,abonnement
TR2608220035576,CL106650,EN00079,velo_elec,LYON,ST1019,ST1002,2026-08-22 11:09:18,2026-08-22 11:25:18,16,5.43,5.0,cb
TR2608220035577,CL104023,EN00259,trottinette,Nantes,ST1020,ST1028,2026-08-22 11:09:57,2026-08-22 11:15:57,6,1.47,2.32,paypal
TR2608220035578,CL108316,EN00299,trottinette,Nantes,ST1022,ST1023,2026-08-22 11:05:42,2026-08-22 11:09:42,4,1.34,1.88,cb
TR2608220035579,CL100105,EN00222,velo_elec,Nantes,ST1023,ST1025,2026-08-22 11:10:12,2026-08-22 11:27:12,17,4.7,5.25,abonnement
TR2608220035580,CL103751,EN00351,trottinette,nantes,ST1027,ST1027,2026-08-22 11:04:58,2026-08-22 12:02:58,58,11.74,13.76,abonnement
TR2608220035581,CL102728,EN00270,velo_elec,Nantes,ST1028,ST1022,2026-08-22 11:04:40,2026-08-22 11:22:40,18,5.07,5.5,abonnement
TR2608220035582,CL102187,EN00258,trottinette,Nantes,ST1030,ST1024,2026-08-22 11:12:28,2026-08-22 11:20:28,8,1.65,2.76,cb
TR2608220035583,CL108774,EN00288,trottinette,Nantes,ST1032,ST1026,,2026-08-22 11:10:52,5,1.21,2.1,paypal
TR2608220035584,CL107164,EN00467,velo_elec,Lille,ST1034,ST1042,22/08/2026 11:04,22/08/2026 11:08,4,1.07,2.0,cb
TR2608220035585,CL102576,EN00409,trottinette,Lille,ST1034,ST1043,2026-08-22 11:09:01,2026-08-22 11:23:01,14,2.38,4.08,cb
TR2608220035586,CL101141,EN00415,trottinette,Lille,ST1035,ST1039,22/08/2026 11:03,2026-08-22 11:15:34,12,3.67,3.64,cb
TR2608220035587,CL100586,EN00435,trottinette,Lille,ST1036,ST1045,2026-08-22 11:15:23,2026-08-22 11:25:23,10,2.76,3.2,cb
TR2608220035588,CL105312,EN00462,velo_elec,Lille,ST1036,ST1039,1787389471,2026-08-22 11:10:31,6,0.92,2.5,cb
TR2608220035589,CL102505,EN00391,velo_elec,Lille,ST1037,ST1046,2026-08-22 11:12:47,1787391047,18,3.51,5.5,paypal
TR2608220035590,CL104570,EN00416,trottinette,lille,ST1037,ST1036,2026-08-22 11:05:16,2026-08-22 11:16:16,11,3.84,3.42,cb
TR2608220035591,CL108821,EN00394,velo_elec, Lille,ST1043,ST1046,2026-08-22 11:06:42,2026-08-22 11:35:42,29,7.74,8.25,cb
TR2608220035592,CL108350,EN00413,trottinette,Lille,ST1046,ST1034,2026-08-22 11:03:33,2026-08-22 11:10:33,7,1.77,2.54,cb
TR2608220035593,CL101083,EN00520,velo_elec,Grenoble,ST1057,ST1048,2026-08-22 11:03:08,2026-08-22 11:10:08,7,1.53,2.75,abonnement
TR2608220035594,CL107289,EN00136,trottinette,Lyon,ST1001,ST1014,2026-08-22 11:20:26,2026-08-22 11:51:26,31,7.7,7.82,cb
TR2608220035595,CL107347,EN00183,velo_elec,Lyon,ST1003,ST1017,2026-08-22 11:18:24,1787391204,15,5.2,4.75,abonnement
TR2608220035596,CL106774,EN00115,velo_elec,Lyon,ST1003,ST1001,2026-08-22 11:19:31,2026-08-22 11:25:31,6,1.86,2.5,cb
TR2608220035597,CL104575,EN00063,velo_elec,Lyon,ST1003,ST1001,2026-08-22 11:17:06,1787390946,12,1.9,4.0,cb
TR2608220035598,CL104047,EN00163,trottinette,Lyon,ST1004,ST1013,2026-08-22 11:20:17,2026-08-22 11:28:17,8,2.7,2.76,paypal
TR2608220035599,CL102216,EN00184,velo_elec,LYON,ST1004,ST1010,2026-08-22 11:23:25,2026-08-22 11:50:25,27,5.61,7.75,abonnement
TR2608220035600,CL103941,EN00168,velo_elec,Lyon,ST1007,ST1012,1787390307,2026-08-22 11:32:27,14,3.41,4.5,cb
TR2608220035601,CL104276,EN00095,trottinette,Lyon,ST1007,ST1002,2026-08-22 11:30:30,2026-08-22 11:33:30,3,0.62,1.66,cb
TR2608220035602,CL104104,EN00129,velo_elec,Lyon,ST1009,ST1009,2026-08-22 11:16:49,2026-08-22 11:20:49,4,1.22,2.0,cb
TR2608220035603,CL103493,EN00101,velo_elec,Lyon,ST1009,ST1009,1787390374,2026-08-22 11:21:34,2,0.57,1.5,abonnement
TR2608220035604,CL105825,EN00140,trottinette,Lyon,ST1013,ST1006,2026-08-22 11:23:17,22/08/2026 11:31,8,1.89,2.76,cb
TR2608220035605,CL108322,EN00172,trottinette,Lyon,ST1013,ST1004,2026-08-22 11:15:45,2026-08-22 11:27:45,12,3.87,3.64,
TR2608220035606,CL104199,EN00034,velo_elec,Lyon,ST1014,ST1017,2026-08-22 11:27:35,2026-08-22 11:33:35,6,1.64,2.5,cb
TR2608220035607,CL108352,EN00158,velo_elec,Lyon,ST1016,ST1008,2026-08-22 11:21:10,2026-08-22 11:35:10,14,2.38,4.5,abonnement
TR2608220035608,CL103583,EN00123,velo_elec,Lyon,ST1017,ST1004,2026-08-22 11:24:10,2026-08-22 11:33:10,9,2.7,3.25,cb
TR2608220035609,CL107316,EN00162,velo_elec,Lyon,ST1017,ST1006,1787390560,2026-08-22 11:39:40,17,2.73,5.25,cb
TR2608220035610,CL104232,EN00044,trottinette,Lyon,ST1019,ST1008,2026-08-22 11:22:58,2026-08-22 11:43:58,21,4.14,5.62,cb
TR2608220035611,CL107212,EN00094,velo_elec,Lyonn,ST1019,ST1009,2026-08-22 11:18:39,2026-08-22 11:27:39,9,2.45,3.25,abonnement
TR2608220035612,CL103353,EN00333,trottinette,nantes,ST1021,ST1025,2026-08-22 11:20:23,2026-08-22 11:33:23,13,3.98,3.86,cb
TR2608220035613,CL103622,EN00238,velo_elec,nantes,ST1023,ST1026,2026-08-22 11:22:23,1787391203,11,2.11,3.75,cb
TR2608220035614,CL104587,EN00305,velo_elec,nantes,ST1025,ST1032,2026-08-22 11:25:29,2026-08-22 11:38:29,13,4.47,4.25,cb
TR2608220035615,CL106189,EN00291,velo_elec,Nantes,ST1027,ST1023,2026-08-22 11:24:25,,30,10.02,8.5,cb
TR2608220035616,CL103497,EN00236,velo_elec,Nantes,ST1032,ST1032,2026-08-22 11:24:40,22/08/2026 11:35,11,2.61,3.75,paypal
TR2608220035617,CL103622,EN00327,velo_elec,Nantes,ST1032,ST1026,2026-08-22 11:26:45,2026-08-22 11:34:45,8,2.18,3.0,cb
TR2608220035618,CL108390,EN00229,trottinette,Nantes,ST1033,ST1025,22/08/2026 11:17,2026-08-22 11:27:15,10,1.9,3.2,paypal
TR2608220035619,CL103417,EN00253,trottinette,Nantes,ST1033,ST1030,2026-08-22 11:24:46,22/08/2026 11:47,23,4.03,6.06,paypal
TR2608220035620,CL100971,EN00375,trottinette,Lille,ST1036,ST1034,1787390184,2026-08-22 11:27:24,11,2.72,3.42,cb
TR2608220035621,CL108948,EN00406,velo_elec,Lille,ST1036,ST1042,2026-08-22 11:18:24,1787391624,22,5.04,6.5,abonnement
TR2608220035622,CL104327,EN00477,trottinette,Lille,ST1039,ST1047,2026-08-22 11:31:07,2026-08-22 11:51:07,20,4.25,5.4,abonnement
TR2608220035623,CL108446,EN00400,trottinette,Lille,ST1041,ST1041,2026-08-22 11:30:22,2026-08-22 11:35:22,5,1.01,2.1,paypal
TR2608220035624,CL106931,EN00418,trottinette,Lille,ST1043,ST1034,2026-08-22 11:27:49,2026-08-22 11:32:49,5,1.06,2.1,cb
TR2608220035625,CL100645,EN00464,trottinette,Lille,ST1047,ST9287,2026-08-22 11:23:49,22/08/2026 11:35,12,3.16,3.64,cb
TR2608220035626,CL108296,EN00514,velo_elec,Grenoble,ST1055,ST1052,2026-08-22 11:16:56,22/08/2026 11:30,14,3.55,4.5,cb
TR2608220035627,CL100765,EN00028,trottinette,Lyon,ST1002,ST1014,22/08/2026 11:43,2026-08-22 11:50:38,7,2.37,2.54,cb
TR2608220035628,CL103667,EN00054,trottinette,Lyon,ST1002,ST1011,2026-08-22 11:44:40,2026-08-22 11:54:40,10,1.81,3.2,cb
TR2608220035629,CL105329,EN00066,trottinette,Lyon,ST1003,ST1016,2026-08-22 11:33:09,2026-08-22 12:02:09,29,5.38,7.38,cb
TR2608220035630,CL101840,EN00199,velo_elec,Lyon,ST1003,ST1019,2026-08-22 11:44:29,2026-08-22 12:11:29,5287,8.34,7.75,cb
TR2608220035631,CL106941,EN00030,trottinette,Lyon,ST1004,ST1010,,22/08/2026 11:50,12,3.79,3.64,abonnement
TR2608220035632,CL103611,EN00100,velo_elec,lyon,ST1007,ST1002,22/08/2026 11:35,2026-08-22 11:50:26,15,4.66,4.75,abonnement
TR2608220035633,CL100972,EN00129,velo_elec,Lyon ,ST1009,ST1016,22/08/2026 11:32,2026-08-22 11:39:06,7,1.49,2.75,
TR2608220035634,CL106142,EN00104,trottinette,Lyon,ST1010,ST1008,2026-08-22 11:35:20,22/08/2026 11:56,21,6.45,5.62,abonnement
TR2608220035635,CL108571,EN00209,velo_elec,Lyon,ST1011,ST1011,2026-08-22 11:42:29,22/08/2026 12:05,23,4.8,6.75,paypal
TR2608220035636,CL101158,EN00084,velo_elec,Lyon,ST1011,ST1017,22/08/2026 11:38,2026-08-22 11:51:49,13,2.86,4.25,cb
TR2608220035637,CL107408,EN00124,velo_elec,Lyon,ST1012,ST1001,2026-08-22 11:42:35,1787392235,8,2.03,3.0,cb
TR2608220035638,CL102545,EN00192,velo_elec,Lyon,ST1012,ST1008,2026-08-22 11:33:57,2026-08-22 11:44:57,11,2.83,3.75,abonnement
TR2608220035639,CL104387,EN00049,trottinette,Lyon,ST1015,ST1014,2026-08-22 11:33:24,1787391684,8,2.28,2.76,cb
TR2608220035640,CL108540,EN00174,velo_elec,Lyon,ST1015,ST1018,1787391201,2026-08-22 11:41:21,8,2.52,3.0,abonnement
TR2608220035641,CL101147,EN00127,trottinette,Lyon,ST1019,ST1002,2026-08-22 11:43:36,2026-08-22 11:55:36,12,2.2,3.64,abonnement
TR2608220035642,CL101385,EN00244,trottinette,Nantes,ST1020,ST1032,2026-08-22 11:40:58,2026-08-22 11:56:58,16,3.73,4.52,cb
TR2608220035643,CL106075,EN00222,velo_elec,Nantes,ST1025,ST1022,2026-08-22 11:39:07,2026-08-22 11:54:07,15,3.74,4.75,paypal
TR2608220035644,CL103294,EN00348,velo_elec,Nantes,ST1027,ST1020,22/08/2026 11:38,2026-08-22 11:48:01,10,3.19,3.5,cb
TR2608220035645,CL108068,EN00336,velo_elec,Nantes,ST1032,ST1029,2026-08-22 11:38:35,22/08/2026 11:43,5,0.95,2.25,cb
TR2608220035646,CL106355,EN00263,trottinette,Nantes,ST1032,ST1025,2026-08-22 11:39:26,2026-08-22 11:43:26,4,1.0,1.88,cb
TR2608220035647,CL101436,EN00235,trottinette,Nantes,ST1032,ST1023,1787391285,2026-08-22 11:43:45,9,2.06,2.98,cb
TR2608220035648,CL108104,EN00362,velo_elec,Lille,ST1034,ST1037,1787391391,2026-08-22 11:47:31,11,2.38,3.75,cb
TR2608220035649,CL106284,EN00449,trottinette,Lille,ST1035,ST1042,2026-08-22 11:42:57,22/08/2026 11:55,13,3.4,3.86,cb
TR2608220035650,CL105892,EN00427,trottinette,Lille,ST1038,ST1045,2026-08-22 11:35:30,22/08/2026 11:48,13,2.64,3.86,paypal
TR2608220035651,CL966664,EN00374,velo_elec,Lille,ST1042,ST1035,2026-08-22 11:45:17,22/08/2026 11:50,5,1.44,2.25,cb
TR2608220035652,CL104965,EN00467,velo_elec,Lille,ST1042,ST1043,2026-08-22 11:42:22,2026-08-22 11:49:22,7,1.15,2.75,cb
TR2608220035653,CL103778,EN00475,trottinette,Lille,ST1047,ST1045,2026-08-22 11:32:02,2026-08-22 11:34:02,2,0.58,1.44,cb
TR2608220035654,CL101421,EN00527,velo_elec,Grenoble,ST1049,ST1056,2026-08-22 11:37:51,2026-08-22 11:43:51,6,1.47,2.5,cb
TR2608220035655,CL101072,EN00509,trottinette,Grenoble,ST1049,ST1058,2026-08-22 11:35:07,2026-08-22 11:42:07,7,1.83,2.54,cb
TR2608220035656,CL100418,EN00545,trottinette,Grenoble,ST1054,ST9754,2026-08-22 11:34:00,2026-08-22 11:44:00,10,3.44,3.2,abonnement
TR2608220035657,CL106155,EN00513,velo_elec,GRENOBLE,ST1056,ST1048,2026-08-22 11:45:35,2026-08-22 11:50:35,5,0.77,2.25,cb
TR2608220035658,CL104205,EN00518,trottinette,Grenoble,ST1056,ST1056,2026-08-22 11:42:56,2026-08-22 11:49:56,7,1.74,2.54,abonnement
TR2608220035659,CL101142,EN00091,velo_elec,Lyon,ST1001,ST1004,2026-08-22 12:00:16,2026-08-22 12:14:16,14,3.82,4.5,paypal
TR2608220035660,CL104307,EN00095,trottinette,Lyon,ST1002,ST1014,2026-08-22 11:49:58,22/08/2026 12:03,14,4.15,4.08,abonnement
TR2608220035661,CL108196,EN00123,velo_elec,Lyon,ST1004,ST1009,2026-08-22 11:53:50,2026-08-22 12:07:50,14,4.72,4.5,paypal
TR2608220035662,CL108484,EN00175,trottinette,Lyon,ST1005,ST1015,22/08/2026 11:47,2026-08-22 11:54:16,7,2.04,2.54,cb
TR2608220035663,CL101690,EN00108,velo_elec,Lyon,ST1008,ST1010,2026-08-22 11:47:15,,12,3.61,4.0,cb
TR2608220035664,CL102955,EN00138,velo_elec,Lyon ,ST1011,ST1013,22/08/2026 11:57,22/08/2026 12:05,8,1.24,3.0,cb
TR2608220035665,CL103314,EN00076,velo_elec,Lyon,ST1012,ST1017,2026-08-22 11:51:54,2026-08-22 11:56:54,5,0.84,2.25,abonnement
TR2608220035666,CL108456,EN00168,velo_elec,Lyon,ST1012,ST1014,2026-08-22 11:57:12,2026-08-22 12:05:12,8,1.83,3.0,cb
TR2608220035667,CL103248,EN00024,velo_elec,Lyon,ST1012,ST1015,2026-08-22 12:00:04,2026-08-22 12:05:04,5,1.15,2.25,abonnement
TR2608220035668,CL104392,EN00173,velo_elec,Lyon,ST1013,ST1008,2026-08-22 11:54:30,2026-08-22 11:59:30,5,0.91,2.25,paypal
TR2608220035669,CL102346,EN00042,trottinette,Lyon,ST1013,ST1014,2026-08-22 11:52:31,2026-08-22 11:58:31,6,1.19,2.32,cb
TR2608220035670,CL106897,EN00070,trottinette,Lyon,ST1013,ST1011,2026-08-22 11:45:51,22/08/2026 11:52,7,1.64,2.54,cb
TR2608220035671,CL105313,EN00096,velo_elec,Lyon,ST1015,ST1012,2026-08-22 11:57:07,1787393167,9,1.93,3.25,cb
TR2608220035672,CL100387,EN00129,velo_elec,Lyon,ST1016,ST1013,2026-08-22 11:51:33,2026-08-22 12:02:33,11,3.29,3.75,cb
TR2608220035673,CL101840,EN00160,velo_elec,Lyon,ST1016,ST1003,2026-08-22 11:54:34,2026-08-22 11:59:34,5,0.97,2.25,cb
TR2608220035674,CL101247,EN00228,trottinette,Nante,ST1020,ST1026,22/08/2026 11:53,2026-08-22 12:29:38,36,10.31,8.92,cb
TR2608220035675,CL105716,EN00258,trottinette,Nantes,ST1024,ST1030,2026-08-22 11:51:58,2026-08-22 12:05:58,-21,4.4,4.08,cb
TR2608220035676,CL101190,EN00333,trottinette,Nantes,ST1025,ST1025,22/08/2026 11:57,1787393692,17,2.78,4.74,cb
TR2608220035677,CL988523,EN00238,velo_elec,Nantes,ST1026,ST1024,1787392411,1787393491,18,4.55,5.5,cb
TR2608220035678,CL103378,EN00250,velo_elec,Nantes,ST1028,ST1028,2026-08-22 11:46:12,2026-08-22 11:54:12,8,1.27,3.0,cb
TR2608220035679,CL101037,EN00236,velo_elec,Nantes,ST1032,ST1029,2026-08-22 11:55:28,1787393488,16,5.29,5.0,abonnement
TR2608220035680,CL102144,EN00493,velo_elec,LILLE,ST1037,ST1037,22/08/2026 11:53,2026-08-22 11:59:02,6,1.1,2.5,cb
TR2608220035681,CL108095,EN00485,trottinette,Lille,ST1038,ST1036,2026-08-22 11:50:22,1787392702,8,1.84,2.76,cb
TR2608220035682,CL103261,EN00415,trottinette,Lille,ST1039,ST1037,2026-08-22 11:56:47,2026-08-22 12:24:47,28,5.69,7.16,abonnement
TR2608220035683,CL108409,EN00435,trottinette,Lille,ST1045,ST1038,2026-08-22 11:51:12,2026-08-22 12:03:12,12,2.11,3.64,abonnement
TR2608220035684,CL100297,EN00384,trottinette,Lille,ST1045,ST1037,2026-08-22 11:58:27,2026-08-22 12:11:27,13,3.56,3.86,cb
TR2608220035685,CL106247,EN00517,trottinette,Grenoble,ST1052,ST1054,2026-08-22 11:50:06,2026-08-22 12:02:06,12,1.89,3.64,cb
TR2608220035686,CL108285,EN00509,trottinette,Grenoble,ST1058,ST1055,22/08/2026 11:54,22/08/2026 12:24,30,8.07,7.6,cb
TR2608220035687,CL988657,EN00124,velo_elec,Lyon,ST1001,ST1019,2026-08-22 12:13:01,2026-08-22 12:23:01,10,2.7,3.5,cb
TR2608220035688,CL100844,EN00085,velo_elec,Lyon,ST1002,ST1017,2026-08-22 12:00:37,2026-08-22 12:02:37,2,0.68,1.5,cb
TR2608220035689,CL106746,EN00025,velo_elec,Lyon,ST1003,ST1011,2026-08-22 12:01:02,,9,3.06,3.25,cb
TR2608220035690,CL104105,EN00172,trottinette,Lyon,ST1004,ST1012,2026-08-22 12:09:26,22/08/2026 12:19,10,1.85,3.2,paypal
TR2608220035691,CL105157,EN00162,velo_elec,Lyon,ST1006,ST1009,2026-08-22 12:05:38,1787393798,11,2.62,3.75,cb
TR2608220035692,CL104615,EN00031,velo_elec,Lyon,ST1006,ST1011,2026-08-22 12:15:12,2026-08-22 12:53:12,38,10.85,10.5,cb
TR2608220035693,CL107187,EN00065,trottinette,Lyon,ST1007,ST1018,1787393714,2026-08-22 12:26:14,11,2.96,3.42,cb
TR2608220035694,CL108560,EN00113,velo_elec,Lyon,ST1009,ST1010,2026-08-22 12:13:05,2026-08-22 12:50:05,37,11.52,10.25,cb
TR2608220035695,CL102986,EN00054,trottinette,Lyon,ST1011,ST1017,2026-08-22 12:13:00,2026-08-22 12:41:00,28,7.49,7.16,cb
TR2608220035696,CL100172,EN00105,velo_elec,Lyon,ST1016,ST1011,2026-08-22 12:12:16,2026-08-22 12:20:16,8,2.68,3.0,cb
TR2608220035697,CL101244,EN00203,trottinette,Lyon,ST1016,ST1005,2026-08-22 12:07:36,2026-08-22 12:17:36,10,2.17,3.2,cb
TR2608220035698,CL101413,EN00111,trottinette,Lyon,ST1016,ST1006,22/08/2026 12:14,2026-08-22 12:30:07,16,2.57,4.52,paypal
TR2608220035699,CL104761,EN00076,velo_elec,Lyon,ST1017,ST1010,2026-08-22 12:07:07,2026-08-22 12:21:07,14,4.58,4.5,abonnement
TR2608220035700,CL100316,EN00293,velo_elec,Nantes,ST1021,ST1029,2026-08-22 12:07:51,1787393871,10,2.04,3.5,cb
TR2608220035701,CL106260,EN00270,velo_elec,Nantes,ST1022,ST1030,,2026-08-22 12:14:49,11,2.81,3.75,cb
TR2608220035702,CL102488,EN00250,velo_elec,Nantes,ST1028,ST1021,22/08/2026 12:09,2026-08-22 12:19:04,10,1.82,3.5,cb
TR2608220035703,CL105357,EN00336,velo_elec,Nantes,ST1029,ST1026,2026-08-22 12:15:03,2026-08-22 12:29:03,14,4.51,4.5,cb
TR2608220035704,CL108332,EN00226,velo_elec,Nantes,ST1030,ST1026,2026-08-22 12:11:56,2026-08-22 12:21:56,10,3.22,3.5,cb
TR2608220035705,CL108215,EN00283,trottinette,Nantes,ST1031,ST1030,2026-08-22 12:12:45,2026-08-22 12:38:45,26,6.14,6.72,
TR2608220035706,CL104541,EN00305,velo_elec,Nantes,ST1032,ST1031,2026-08-22 12:06:20,2026-08-22 12:23:20,17,3.52,5.25,cb
TR2608220035707,CL106878,EN00244,trottinette,Nantes,ST1032,ST1030,2026-08-22 12:02:55,2026-08-22 12:13:55,11,3.52,3.42,paypal
TR2608220035708,CL101001,EN00399,trottinette,Lille,ST1034,ST1040,1787393514,2026-08-22 12:18:54,7,1.98,2.54,cb
TR2608220035709,CL108883,EN00382,trottinette,Lille,ST1035,ST1035,2026-08-22 12:05:27,2026-08-22 12:23:27,18,4.07,4.96,abonnement
TR2608220035710,CL105273,EN00462,velo_elec,Lille,ST1039,ST1037,2026-08-22 12:15:40,2026-08-22 12:21:40,6,1.34,2.5,cb
TR2608220035711,CL102513,EN00408,velo_elec,Lille,ST1039,ST1036,2026-08-22 12:09:29,2026-08-22 12:12:29,3,0.93,1.75,abonnement
TR2608220035712,CL105535,EN00444,trottinette,Lille,ST1042,ST1039,2026-08-22 12:07:25,2026-08-22 12:12:25,5,1.6,2.1,cb
TR2608220035713,CL102564,EN00467,velo_elec,Lille,ST1043,ST1042,2026-08-22 12:11:41,2026-08-22 12:23:41,12,3.02,4.0,abonnement
TR2608220035714,CL104658,EN00537,velo_elec,Grenoble,ST1049,ST1051,2026-08-22 12:12:10,2026-08-22 12:24:10,12,3.36,4.0,abonnement
TR2608220035715,CL100508,EN00079,velo_elec,Lyon,ST1002,ST1002,2026-08-22 12:24:34,2026-08-22 12:36:34,12,2.16,4.0,cb
TR2608220035716,CL105379,EN00198,velo_elec,Lyon,ST1003,ST1007,2026-08-22 12:27:11,2026-08-22 12:36:11,9,2.78,3.25,paypal
TR2608220035717,CL105135,EN00133,velo_elec,Lyon,ST1007,ST1017,1787393821,2026-08-22 12:33:01,16,4.91,5.0,cb
TR2608220035718,CL103457,EN00041,velo_elec,Lyon,ST1007,ST1019,2026-08-22 12:22:10,2026-08-22 12:33:10,11,3.18,3.75,cb
TR2608220035719,CL100938,EN00209,velo_elec,Lyon,ST1011,ST1002,2026-08-22 12:16:02,22/08/2026 12:20,4,0.75,2.0,abonnement
TR2608220035720,CL108089,EN00129,velo_elec,Lyon,ST1013,ST1004,1787394490,2026-08-22 12:38:10,10,3.49,3.5,paypal
TR2608220035721,CL106088,EN00195,velo_elec,lyon,ST1014,ST1004,2026-08-22 12:16:54,2026-08-22 12:31:54,15,4.81,4.75,cb
TR2608220035722,CL100334,EN00103,trottinette,Lyon,ST1015,ST1014,22/08/2026 12:16,2026-08-22 12:57:08,41,9.56,,paypal
TR2608220035723,CL976539,EN00087,trottinette,Lyon,ST1015,ST1011,2026-08-22 12:24:46,2026-08-22 12:30:46,6,1.39,2.32,cb
TR2608220035724,CL105768,EN00174,velo_elec,Lyon,ST1018,ST1004,2026-08-22 12:26:13,2026-08-22 12:33:13,7,1.22,2.75,paypal
TR2608220035725,CL100709,EN00245,velo_elec,Nantes,ST1021,ST1029,2026-08-22 12:27:22,22/08/2026 12:49,22,4.69,6.5,paypal
TR2608220035726,CL100928,EN00307,trottinette,Nantes,ST1028,ST1028,2026-08-22 12:24:24,2026-08-22 12:43:24,19,3.23,5.18,abonnement
TR2608220035727,CL101136,EN00270,velo_elec,Nantes,ST1030,ST1030,2026-08-22 12:22:09,2026-08-22 12:44:09,22,4.71,6.5,cb
TR2608220035728,CL108649,EN00260,velo_elec,Nantes,ST1031,ST1031,2026-08-22 12:17:43,2026-08-22 12:39:43,22,5.86,,cb
TR2608220035729,CL102752,EN00358,trottinette,Nantes,ST1031,ST1021,2026-08-22 12:30:19,2026-08-22 12:38:19,8,2.1,2.76,paypal
TR2608220035730,CL105723,EN00322,velo,Nantes,ST1032,ST1031,2026-08-22 12:25:39,22/08/2026 12:38,13,3.56,2.95,abonnement
TR2608220035731,CL105697,EN00418,trottinette,Lille,ST1034,ST1036,2026-08-22 12:21:15,2026-08-22 12:36:15,15,4.75,4.3,cb
TR2608220035732,CL103153,EN00416,trottinette,Lille,ST1036,ST1041,2026-08-22 12:16:42,2026-08-22 12:20:42,4,0.81,1.88,paypal
TR2608220035733,CL102281,EN00362,velo_elec,Lille,ST1037,ST1037,2026-08-22 12:16:56,2026-08-22 12:25:56,9,1.98,3.25,cb
TR2608220035734,CL104873,EN00473,trottinette,Lille,ST1040,ST1047,2026-08-22 12:20:27,,11,3.0,3.42,cb
TR2608220035735,CL108104,EN00409,trottinette,Lille,ST1043,ST1037,22/08/2026 12:17,2026-08-22 12:19:05,2,0.67,1.44,cb
TR2608220035736,CL107206,EN00484,velo_elec,Lille,ST1043,ST1039,2026-08-22 12:17:40,2026-08-22 13:12:40,55,16.68,14.75,paypal
TR2608220035737,CL108002,EN00443,velo_elec,Lille,ST1044,ST1038,22/08/2026 12:26,2026-08-22 12:39:03,13,3.45,4.25,abonnement
TR2608220035738,CL101834,EN00394,velo_elec,Lille,ST1046,ST1039,2026-08-22 12:19:11,1787394551,10,3.41,3.5,cb
TR2608220035739,CL106213,EN00446,trottinette,Lille,ST1046,ST1046,2026-08-22 12:19:57,1787394417,7,1.44,2.54,abonnement
TR2608220035740,CL108964,EN00520,velo_elec,Grenoble,ST1048,ST1050,2026-08-22 12:27:03,2026-08-22 12:33:03,6,1.65,2.5,paypal
TR2608220035741,CL108056,EN00599,trottinette,Grenoble,ST1048,ST1050,2026-08-22 12:23:11,1787395091,15,3.75,4.3,paypal
TR2608220035742,CL105364,EN00582,trottinette,Grenoble,ST1053,ST1049,22/08/2026 12:29,2026-08-22 12:32:39,3,0.59,1.66,cb
TR2608220035743,CL105867,EN00534,trottinette,Grenoble,ST1055,ST1056,2026-08-22 12:21:39,1787394699,10,2.03,3.2,abonnement
TR2608220035744,CL100774,EN00115,velo_elec,Lyon,ST1001,ST1019,2026-08-22 12:40:45,2026-08-22 12:54:45,14,4.73,4.5,cb
TR2608220035745,CL103961,EN00141,velo_elec,lyon,ST1002,ST1016,2026-08-22 12:34:50,2026-08-22 12:42:50,8,2.09,3.0,abonnement
TR2608220035746,CL101220,EN00140,trottinette,Lyonn,ST1006,ST1011,2026-08-22 12:41:17,2026-08-22 12:45:17,4,0.89,1.88,cb
TR2608220035747,CL104232,EN00173,velo_elec,LYON,ST1008,ST1016,,2026-08-22 13:18:09,35,10.93,9.75,cb
TR2608220035748,CL106734,EN00076,velo_elec,Lyon,ST1010,ST1004,2026-08-22 12:33:58,2026-08-22 13:04:58,31,10.78,8.75,cb
TR2608220035749,CL100700,EN00087,trottinette,Lyon,ST1011,ST1018,22/08/2026 12:37,2026-08-22 13:40:00,63,9.88,14.86,cb
TR2608220035750,CL105959,EN00070,trottinette,Lyonn,ST1011,ST1018,1787394871,,11,2.99,3.42,abonnement
TR2608220035751,CL104680,EN00096,velo_elec,Lyon,ST1012,ST1016,2026-08-22 12:41:58,22/08/2026 13:02,21,3.42,6.25,abonnement
TR2608220035752,CL100322,EN00163,trottinette,Lyon,ST1013,ST1015,22/08/2026 12:33,2026-08-22 13:01:49,28,4.98,7.16,cb
TR2608220035753,CL953480,EN00165,trottinette,LYON,ST1013,ST1015,2026-08-22 12:34:19,2026-08-22 12:43:19,9,2.47,2.98,cb
TR2608220035754,CL101114,EN00144,trottinette,Lyon,ST1015,ST1013,2026-08-22 12:34:50,2026-08-22 12:41:50,7,1.96,2.54,cb
TR2608220035755,CL104707,EN00066,trottinette,Lyon,ST1016,ST1007,22/08/2026 12:38,2026-08-22 12:58:53,20,6.53,5.4,cb
TR2608220035756,CL101892,EN00085,velo_elec,Lyon,ST1017,ST1004,2026-08-22 12:36:20,2026-08-22 12:44:20,8,2.48,3.0,cb
TR2608220035757,CL105142,EN00065,trottinette,Lyon,ST1018,ST1007,2026-08-22 12:36:53,2026-08-22 12:43:53,7,2.1,2.54,cb
TR2608220035758,CL100389,EN00001,velo_elec,Lyon,ST1018,ST1017,2026-08-22 12:33:22,2026-08-22 12:36:22,3,0.84,1.75,abonnement
TR2608220035759,CL103499,EN00205,trottinette,lyon,ST1018,ST1016,2026-08-22 12:37:28,2026-08-22 12:48:28,11,3.05,3.42,cb
TR2608220035760,CL101768,EN00050,velo_elec,Lyon,ST1018,ST1013,2026-08-22 12:34:49,2026-08-22 12:55:49,21,4.99,6.25,paypal
TR2608220035761,CL104931,EN00348,velo_elec,Nantes,ST1020,ST1033,22/08/2026 12:35,2026-08-22 12:39:22,4,1.21,2.0,cb
TR2608220035762,CL106422,EN00222,velo_elec,Nantes,ST1022,ST1021,2026-08-22 12:31:44,2026-08-22 12:40:44,9,2.49,3.25,cb
TR2608220035763,CL103678,EN00355,velo_elec,Nantes,ST1022,ST1026,2026-08-22 12:33:49,22/08/2026 12:39,6,1.79,2.5,abonnement
TR2608220035764,CL102223,EN00291,velo_elec,Nantes,ST1023,ST1029,2026-08-22 12:32:34,,2,0.44,1.5,abonnement
TR2608220035765,CL107594,EN00319,velo_elec,Nantes,ST1023,ST1020,1787395000,2026-08-22 12:53:40,17,4.87,5.25,cb
TR2608220035766,CL107598,EN00276,velo_elec,Nantes,ST1024,ST1032,2026-08-22 12:32:10,2026-08-22 12:46:10,14,2.92,4.5,cb
TR2608220035767,CL108392,EN00281,velo_elec,Nantes,ST1024,ST1025,2026-08-22 12:36:20,1787396120,19,3.76,5.75,cb
TR2608220035768,CL100582,EN00258,trottinette,Nantes,ST1030,ST1032,2026-08-22 12:38:53,2026-08-22 13:04:53,26,5.85,6.72,cb
TR2608220035769,CL101451,EN00311,trottinette,Nantes,ST1030,ST1027,2026-08-22 12:40:30,2026-08-22 12:54:30,14,4.1,4.08,abonnement
TR2608220035770,CL108475,EN00332,trottinette,Nantes,ST1030,ST1027,2026-08-22 12:40:07,2026-08-22 12:46:07,6,1.89,2.32,cb
TR2608220035771,CL103302,EN00435,trottinette,Lille,ST1038,ST1047,2026-08-22 12:45:21,2026-08-22 12:54:21,9,1.91,2.98,cb
TR2608220035772,CL103426,EN00496,velo_elec,Lille,ST1040,ST1039,22/08/2026 12:39,22/08/2026 12:42,3,0.58,1.75,abonnement
TR2608220035773,CL107486,EN00417,trottinette,Lille,ST1040,ST1043,2026-08-22 12:44:11,2026-08-22 12:58:11,14,4.87,4.08,paypal
TR2608220035774,CL100361,EN00395,trottinette,Lille,ST1044,ST1044,2026-08-22 12:37:15,2026-08-22 12:41:15,4,0.95,1.88,abonnement
TR2608220035775,CL101988,EN00370,velo_elec,Lille,ST1044,ST1040,22/08/2026 12:43,22/08/2026 12:57,14,3.0,4.5,cb
TR2608220035776,CL100468,EN00427,trottinette,Lille,ST1045,ST1045,2026-08-22 12:32:10,2026-08-22 12:41:10,9,2.09,2.98,cb
TR2608220035777,CL103888,EN00430,velo_elec,Lille,ST1045,ST1034,22/08/2026 12:42,2026-08-22 12:52:27,10,3.08,3.5,abonnement
TR2608220035778,CL105572,EN00537,velo_elec,Grenoble ,ST1051,ST1054,1787395350,2026-08-22 12:54:30,12,3.08,4.0,cb
TR2608220035779,CL105505,EN00565,trottinette,Grenoble,ST1058,ST1057,2026-08-22 12:42:03,2026-08-22 12:45:03,3,0.94,1.66,
TR2608220035780,CL103686,EN00079,velo_elec,Lyonn,ST1002,ST1007,2026-08-22 12:56:42,2026-08-22 13:24:42,28,7.77,8.0,paypal
TR2608220035781,CL108613,EN00100,velo_elec,Lyon,ST1002,ST1006,2026-08-22 12:55:36,1787397276,19,5.88,5.75,cb
TR2608220035782,CL102953,EN00006,trottinette,Lyon,ST1002,ST1016,2026-08-22 12:57:16,22/08/2026 13:05,8,2.18,2.76,cb
TR2608220035783,CL108400,EN00127,trottinette,Lyon,ST1002,ST1006,2026-08-22 12:50:30,2026-08-22 12:52:30,2,0.56,1.44,abonnement
TR2608220035784,CL100527,EN00195,velo_elec,Lyon,ST1004,ST1006,2026-08-22 12:59:27,2026-08-22 13:24:27,25,4.64,7.25,paypal
TR2608220035785,CL104874,EN00203,trottinette,Lyon,ST1005,ST1005,2026-08-22 12:54:15,2026-08-22 13:19:15,25,6.12,6.5,abonnement
TR2608220035786,CL101022,EN00111,trottinette,Lyon,ST1006,ST1013,2026-08-22 12:50:30,2026-08-22 13:06:30,16,5.15,4.52,abonnement
TR2608220035787,CL108779,EN00055,trottinette,lyon,ST1011,ST1007,2026-08-22 12:55:19,22/08/2026 13:10,15,3.46,4.3,cb
TR2608220035788,CL106857,EN00212,trottinette,Lyon,ST1015,ST1012,2026-08-22 12:57:20,22/08/2026 13:05,8,1.35,2.76,cb
TR2608220035789,CL108962,EN00360,trottinette,Nantes,ST1020,ST1029,2026-08-22 12:58:47,2026-08-22 13:06:47,8,1.53,2.76,cb
TR2608220035790,CL108250,EN00264,trottinette,Nantes,ST1027,ST1028,22/08/2026 12:57,2026-08-22 13:08:06,11,3.19,3.42,cb
TR2608220035791,CL100401,EN00221,velo_elec,Nantes,ST1027,ST1020,,22/08/2026 13:22,22,6.5,6.5,abonnement
TR2608220035792,CL100308,EN00293,velo_elec,Nantes,ST1029,ST1020,2026-08-22 12:48:19,22/08/2026 13:09,21,6.59,6.25,cb
TR2608220035793,CL101588,EN00291,velo_elec,Nantes,ST1029,ST1027,2026-08-22 12:53:15,2026-08-22 13:05:15,12,4.0,4.0,cb
TR2608220035794,CL108803,EN00276,velo_elec,Nantes,ST1032,ST1021,2026-08-22 12:47:06,22/08/2026 12:57,10,1.7,3.5,abonnement
TR2608220035795,CL100243,EN00374,velo_elec,Lille,ST1035,ST1034,2026-08-22 12:53:18,2026-08-22 13:16:18,23,5.51,6.75,cb
TR2608220035796,CL102945,EN00485,trottinette,LILLE,ST1036,ST1039,2026-08-22 12:50:14,2026-08-22 13:04:14,14,2.96,4.08,abonnement
TR2608220035797,CL108711,EN00493,velo_elec,Lille,ST1037,ST1042,1787395757,2026-08-22 12:59:17,10,1.93,3.5,abonnement
TR2608220035798,CL100613,EN00405,trottinette,Lille,ST1038,ST1045,2026-08-22 12:45:44,2026-08-22 13:04:44,19,6.56,5.18,paypal
TR2608220035799,CL108551,EN00416,trottinette,Lille,ST1041,ST1037,2026-08-22 12:50:53,22/08/2026 13:00,10,2.22,3.2,cb
TR2608220035800,CL100549,EN00388,velo_elec,Lille,ST1044,ST1047,2026-08-22 12:53:14,2026-08-22 13:01:14,8,2.56,3.0,cb
TR2608220035801,CL100143,EN00395,trottinette,Lille,ST1044,ST1037,2026-08-22 12:49:02,2026-08-22 12:54:02,5,1.02,2.1,cb
TR2608220035802,CL102528,EN00446,trottinette,Lille,ST1046,ST1041,2026-08-22 12:50:09,2026-08-22 13:22:09,32,5.41,8.04,cb
TR2608220035803,CL100304,EN00473,trottinette,Lille,ST1047,ST1045,2026-08-22 12:51:17,2026-08-22 12:59:17,8,2.05,2.76,cb
TR2608220035804,CL101320,EN00545,trottinette,Grenoble,ST1051,ST1050,2026-08-22 12:54:39,2026-08-22 13:05:39,11,2.66,3.42,abonnement
TR2608220035805,CL108515,EN00575,trottinette,Grenoble,ST1053,ST1053,2026-08-22 12:57:42,22/08/2026 13:24,27,4.68,6.94,abonnement
TR2608220035806,CL105313,EN00063,velo_elec,Lyon,ST1001,ST1017,2026-08-22 13:08:31,22/08/2026 13:12,4,1.39,2.0,abonnement
TR2608220035807,CL105219,EN00174,velo_elec,Lyon,ST1004,ST1006,2026-08-22 13:04:38,2026-08-22 13:19:38,15,4.67,4.75,paypal
TR2608220035808,CL103384,EN00085,velo_elec,Lyon,ST1004,ST1015,2026-08-22 13:06:09,2026-08-22 13:11:09,5,0.92,2.25,abonnement
TR2608220035809,CL105785,EN00101,velo_elec,Lyon,ST1009,ST1016,2026-08-22 13:07:45,2026-08-22 13:10:45,3,0.89,1.75,paypal
TR2608220035810,CL107917,EN00113,velo_elec,Lyon,ST1010,ST1019,2026-08-22 13:09:42,2026-08-22 13:14:42,5,1.18,2.25,cb
TR2608220035811,CL108333,EN00108,velo_elec,Lyon,ST1010,ST1018,2026-08-22 13:14:37,2026-08-22 13:22:37,8,2.67,3.0,abonnement
TR2608220035812,CL105763,EN00121,trottinette,Lyon,ST1013,ST1018,2026-08-22 13:04:54,2026-08-22 13:31:54,27,5.5,6.94,abonnement
TR2608220035813,CL106201,EN00183,velo_elec,Lyon,ST1017,ST1016,2026-08-22 13:05:46,2026-08-22 13:10:46,5,0.86,2.25,cb
TR2608220035814,CL108028,EN00070,trottinette,Lyon,ST1018,ST1003,2026-08-22 13:05:39,2026-08-22 13:15:39,10,1.54,3.2,paypal
TR2608220035815,CL102234,EN00170,trottinette,lyon,ST1018,ST1008,2026-08-22 13:05:43,2026-08-22 13:15:43,10,3.05,3.2,
TR2608220035816,CL106355,EN00250,velo_elec,Nantes,ST1021,ST1021,2026-08-22 13:02:57,2026-08-22 13:08:57,6,1.85,2.5,cb
TR2608220035817,CL102996,EN00312,trottinette,Nantes,ST1022,ST1024,22/08/2026 13:10,,18,2.87,4.96,abonnement
TR2608220035818,CL107361,EN00299,trottinette,Nantes,ST1023,ST1024,2026-08-22 13:14:44,22/08/2026 13:30,16,2.79,4.52,paypal
TR2608220035819,CL105035,EN00352,velo_elec,Nantes,ST1023,ST1026,2026-08-22 13:07:01,2026-08-22 13:11:01,4340,0.79,2.0,cb
TR2608220035820,CL101747,EN00313,trottinette,Nantes,ST1024,ST1032,2026-08-22 13:14:31,1787397991,12,1.97,3.64,cb
TR2608220035821,CL107955,EN00245,velo_elec,Nantes,ST1029,ST1029,1787397069,1787397789,12,2.62,4.0,cb
TR2608220035822,CL104919,EN00348,velo_elec,Nantes,ST1033,ST1023,1787397324,2026-08-22 13:25:24,10,2.85,3.5,cb
TR2608220035823,CL103536,EN00375,trottinette,Lille,ST1034,ST1034,2026-08-22 13:11:17,2026-08-22 13:20:17,9,2.99,2.98,cb
TR2608220035824,CL103634,EN00450,trottinette,Lille,ST1038,ST1042,2026-08-22 13:08:52,2026-08-22 13:59:52,51,8.74,12.22,cb
TR2608220035825,CL103806,EN00394,velo_elec,Lille,ST1039,ST1037,2026-08-22 13:07:03,2026-08-22 13:14:03,7,1.09,2.75,abonnement
TR2608220035826,CL104103,EN00400,trottinette,Lille,ST1041,ST1044,2026-08-22 13:07:50,2026-08-22 13:32:50,25,5.95,6.5,cb
TR2608220035827,CL101174,EN00504,trottinette,Grenoble ,ST1052,ST1052,2026-08-22 13:13:29,1787397869,11,1.82,3.42,cb
TR2608220035828,CL105477,EN00026,trottinette,Lyon,ST1003,ST1004,2026-08-22 13:29:17,2026-08-22 13:34:17,5,0.83,2.1,cb
TR2608220035829,CL103638,EN00129,velo_elec,Lyon,ST1004,ST1015,2026-08-22 13:21:39,2026-08-22 13:28:39,7,1.33,2.75,abonnement
TR2608220035830,CL107112,EN00089,trottinette,Lyon,ST1008,ST1010,2026-08-22 13:16:19,2026-08-22 13:22:19,6,1.32,2.32,cb
TR2608220035831,CL101846,EN00030,trottinette,Lyon,ST1010,ST1010,22/08/2026 13:17,2026-08-22 13:26:43,9,2.03,2.98,abonnement
TR2608220035832,CL101218,EN00212,trottinette,Lyon,ST1012,ST1005,22/08/2026 13:19,22/08/2026 13:30,11,3.85,3.42,cb
TR2608220035833,CL106564,EN00131,trottinette,Lyonn,ST1013,ST1005,2026-08-22 13:22:52,2026-08-22 13:32:52,10,1.52,3.2,abonnement
TR2608220035834,CL104591,EN00049,trottinette,Lyon,ST1014,ST1005,2026-08-22 13:30:29,2026-08-22 13:41:29,11,2.24,3.42,cb
TR2608220035835,CL105679,EN00028,trottinette,Lyon,ST1014,ST1002,,2026-08-22 13:40:50,18,5.63,4.96,cb
TR2608220035836,CL107487,EN00205,trottinette,Lyon,ST1016,ST1007,2026-08-22 13:30:10,2026-08-22 13:43:10,13,1.98,3.86,paypal
TR2608220035837,CL103148,EN00101,velo_elec,Lyon,ST1016,ST1003,2026-08-22 13:25:22,2026-08-22 13:46:22,21,3.71,6.25,abonnement
TR2608220035838,CL101328,EN00096,velo_elec,Lyon,ST1016,ST1013,22/08/2026 13:23,2026-08-22 13:45:21,22,6.09,6.5,abonnement
TR2608220035839,CL108529,EN00124,velo_elec,Lyon,ST1019,ST1018,2026-08-22 13:21:57,1787398137,7,1.11,2.75,abonnement
TR2608220035840,CL104163,EN00303,velo_elec,Nantes,ST1021,ST1021,2026-08-22 13:20:34,2026-08-22 13:28:34,-12,2.24,3.0,cb
TR2608220035841,CL106960,EN00354,velo_elec,Nantes,ST1022,ST1022,2026-08-22 13:30:38,2026-08-22 13:37:38,7,1.84,2.75,cb
TR2608220035842,CL107477,EN00230,velo_elec,Nantes,ST1022,ST1024,2026-08-22 13:27:23,2026-08-22 13:43:23,16,3.82,5.0,abonnement
TR2608220035843,CL106277,EN00287,velo_elec,Nantes,ST1023,ST1033,2026-08-22 13:16:50,2026-08-22 13:38:50,22,6.73,6.5,cb
TR2608220035844,CL107956,EN00294,velo_elec,Nantes,ST1024,ST1022,2026-08-22 13:26:08,2026-08-22 13:57:08,31,5.46,8.75,cb
TR2608220035845,CL101442,EN00316,velo_elec,Nantes,ST1026,ST1028,1787397785,2026-08-22 13:34:05,11,2.77,3.75,cb
TR2608220035846,CL100983,EN00289,trottinette,Nante,ST1026,ST1031,22/08/2026 13:18,22/08/2026 13:27,9,3.11,2.98,cb
TR2608220035847,CL102776,EN00291,velo_elec,Nantes,ST1027,ST1030,2026-08-22 13:26:00,2026-08-22 13:42:00,16,3.03,5.0,abonnement
TR2608220035848,CL108527,EN00236,velo_elec,Nantes,ST1029,ST1028,2026-08-22 13:23:25,2026-08-22 13:29:25,6,1.19,2.5,paypal
TR2608220035849,CL100415,EN00270,velo_elec,Nantes,ST1030,ST1025,22/08/2026 13:23,2026-08-22 13:25:07,2,0.39,1.5,abonnement
TR2608220035850,CL101994,EN00309,trottinette,Nantes,ST1030,ST1025,2026-08-22 13:19:04,2026-08-22 13:28:04,9,1.54,2.98,cb
TR2608220035851,CL104807,EN00258,trottinette,Nantes,ST1032,ST1021,2026-08-22 13:30:01,2026-08-22 13:55:01,25,4.64,6.5,cb
TR2608220035852,CL107189,EN00418,trottinette,lille,ST1036,ST1047,,2026-08-22 13:41:33,23,4.59,6.06,paypal
TR2608220035853,CL106773,EN00394,velo_elec,Lille,ST1037,ST1041,2026-08-22 13:25:22,2026-08-22 13:29:22,4,1.39,2.0,cb
TR2608220035854,CL106186,EN00496,velo_elec,Lille,ST1039,ST1037,2026-08-22 13:27:46,2026-08-22 13:41:46,14,4.0,4.5,abonnement
TR2608220035855,CL105621,EN00485,trottinette,lille,ST1039,ST1040,2026-08-22 13:20:27,2026-08-22 13:28:27,8,2.23,2.76,cb
TR2608220035856,CL103971,EN00426,trottinette,Lille,ST1043,ST1043,2026-08-22 13:16:03,2026-08-22 13:27:03,11,2.06,3.42,abonnement
TR2608220035857,CL105659,EN00417,trottinette,Lille,ST1043,ST1036,2026-08-22 13:24:10,2026-08-22 13:35:10,11,2.15,3.42,abonnement
TR2608220035858,CL108040,EN00405,trottinette,LILLE,ST1045,ST1034,2026-08-22 13:24:00,2026-08-22 13:32:00,8,1.95,2.76,cb
TR2608220035859,CL108837,EN00391,velo_elec,Lille,ST1046,ST1034,2026-08-22 13:17:16,2026-08-22 13:22:16,5,1.01,2.25,cb
TR2608220035860,CL103967,EN00486,velo,Lille,ST1046,ST1034,2026-08-22 13:16:20,2026-08-22 13:22:20,6,1.21,1.9,cb
TR2608220035861,CL103411,EN00477,trottinette,Lille,ST1047,ST1043,,1787398171,12,4.13,3.64,paypal
TR2608220035862,CL100982,EN00582,trottinette,Grenoble,ST1049,ST1049,2026-08-22 13:21:10,2026-08-22 13:37:10,16,2.78,4.52,cb
TR2608220035863,CL105849,EN00546,trottinette,Grenoble,ST1053,ST1053,22/08/2026 13:23,2026-08-22 13:48:25,25,6.06,6.5,abonnement
TR2608220035864,CL105484,EN00204,velo_elec,LYON,ST1001,ST1018,2026-08-22 13:42:55,22/08/2026 13:54,12,3.13,4.0,cb
TR2608220035865,CL105980,EN00209,velo_elec,Lyon,ST1002,ST1011,2026-08-22 13:37:02,22/08/2026 13:45,8,2.74,3.0,cb
TR2608220035866,CL104504,EN00160,velo_elec,Lyon,ST1003,ST1002,2026-08-22 13:39:32,2026-08-22 13:56:32,17,2.6,5.25,paypal
TR2608220035867,CL103673,EN00076,velo_elec,Lyon,ST1004,ST1005,2026-08-22 13:39:54,2026-08-22 14:21:54,42,7.67,11.5,paypal
TR2608220035868,CL105475,EN00091,velo_elec,Lyon,ST1004,ST1008,22/08/2026 13:44,2026-08-22 13:57:46,13,2.57,4.25,cb
TR2608220035869,CL100581,EN00212,trottinette,Lyon,ST1005,ST1009,2026-08-22 13:41:42,2026-08-22 13:52:42,11,3.74,3.42,cb
TR2608220035870,CL101685,EN00170,trottinette,Lyon,ST1008,ST1017,2026-08-22 13:37:53,2026-08-22 13:41:53,4,0.66,1.88,cb
TR2608220035871,CL108497,EN00089,trottinette,Lyon,ST1010,ST1001,2026-08-22 13:32:38,2026-08-22 13:44:38,12,2.73,3.64,cb
TR2608220035872,CL104677,EN00030,trottinette,lyon,ST1010,ST1013,22/08/2026 13:36,2026-08-22 13:55:56,19,4.95,5.18,cb
TR2608220035873,CL101701,EN00172,trottinette,Lyon,ST1012,ST1003,2026-08-22 13:33:20,2026-08-22 13:53:20,20,3.9,5.4,cb
TR2608220035874,CL103699,EN00009,velo_elec,Lyon,ST1012,ST1006,2026-08-22 13:37:07,2026-08-22 13:46:07,9,1.54,3.25,abonnement
TR2608220035875,CL106183,EN00050,velo_elec,Lyon,ST1013,ST1011,2026-08-22 13:36:24,2026-08-22 13:45:24,9,2.02,3.25,cb
TR2608220035876,CL106635,EN00129,velo_elec,Lyon,ST1015,ST1001,2026-08-22 13:45:28,2026-08-22 13:49:28,4,1.11,2.0,cb
TR2608220035877,CL102057,EN00092,trottinette,Lyon,ST1017,ST1015,2026-08-22 13:31:09,2026-08-22 13:40:09,9,2.97,2.98,abonnement
TR2608220035878,CL106968,EN00121,trottinette,Lyon,ST1018,ST1001,2026-08-22 13:41:32,2026-08-22 13:52:32,11,2.69,3.42,cb
TR2608220035879,CL106886,EN00124,velo_elec,Lyon,ST1018,ST1013,2026-08-22 13:31:56,2026-08-22 13:37:56,6,1.21,2.5,abonnement
TR2608220035880,CL104558,EN00041,velo_elec,Lyon,ST1019,ST1008,2026-08-22 13:43:35,22/08/2026 14:20,37,10.3,10.25,cb
TR2608220035881,CL103882,EN00293,velo_elec,Nantes,ST1020,ST1029,2026-08-22 13:34:33,2026-08-22 13:48:33,14,4.14,4.5,cb
TR2608220035882,CL108042,EN00303,velo_elec,Nantes,ST1021,ST1028,2026-08-22 13:35:11,2026-08-22 13:58:11,23,5.02,6.75,
TR2608220035883,CL107022,EN00225,velo_elec,Nantes,ST1027,ST1032,2026-08-22 13:40:00,2026-08-22 13:49:00,9,1.49,3.25,abonnement
TR2608220035884,CL106069,EN00245,velo_elec,Nantes,ST1029,ST1027,2026-08-22 13:37:31,2026-08-22 13:48:31,11,2.83,3.75,paypal
TR2608220035885,CL105901,EN00360,trottinette,Nantes,ST1029,ST1020,2026-08-22 13:38:10,2026-08-22 13:44:10,6,2.04,2.32,abonnement
TR2608220035886,CL106730,EN00357,trottinette,Nantes,ST1030,ST1020,2026-08-22 13:31:47,,28,5.28,7.16,cb
TR2608220035887,CL103334,EN00495,trottinette,Lille,ST1040,ST1041,2026-08-22 13:37:56,2026-08-22 13:48:56,11,3.09,3.42,cb
TR2608220035888,CL100660,EN00394,velo_elec,Lille,ST1041,ST1047,2026-08-22 13:42:49,2026-08-22 14:06:49,24,6.0,7.0,cb
TR2608220035889,CL106352,EN00363,velo_elec,Lille,ST1042,ST1036,2026-08-22 13:34:05,2026-08-22 13:40:05,6,1.61,2.5,cb
TR2608220035890,CL105413,EN00426,trottinette,Lille,ST1043,ST1046,2026-08-22 13:32:30,2026-08-22 13:41:30,9,2.63,2.98,cb
TR2608220035891,CL100084,EN00473,trottinette,Lille,ST1045,ST1041,1787398493,2026-08-22 13:45:53,11,2.75,3.42,paypal
TR2608220035892,CL108968,EN00427,trottinette,Lille,ST1045,ST1047,2026-08-22 13:40:33,2026-08-22 13:54:33,14,2.57,4.08,abonnement
TR2608220035893,CL108225,EN00412,trottinette,Lille,ST1045,ST1038,2026-08-22 13:32:25,2026-08-22 13:39:25,7,2.28,2.54,cb
TR2608220035894,CL106370,EN00371,velo,Lille,ST1046,ST1037,1787398731,1787398971,4,1.14,1.6,abonnement
TR2608220035895,CL108555,EN00435,trottinette,Lille,ST1047,ST1039,2026-08-22 13:44:43,2026-08-22 13:54:43,10,2.64,3.2,cb
TR2608220035896,CL101572,EN00522,velo_elec,Grenoble,ST1053,ST1049,2026-08-22 13:40:06,2026-08-22 13:55:06,15,4.47,4.75,cb
TR2608220035897,CL105779,EN00563,trottinette,Grenoble,ST1058,ST1056,2026-08-22 13:40:48,22/08/2026 13:45,5,1.22,2.1,cb
TR2608220035898,CL108361,EN00089,trottinette,Lyon,ST1001,ST1011,2026-08-22 13:58:29,2026-08-22 14:13:29,15,4.81,4.3,
TR2608220035899,CL102542,EN00075,trottinette,Lyon,ST1001,ST1006,2026-08-22 13:49:26,22/08/2026 14:03,14,2.16,4.08,cb
TR2608220035900,CL103001,EN00028,trottinette,Lyon,ST1002,ST1006,2026-08-22 13:46:40,2026-08-22 13:52:40,6,1.15,2.32,cb
TR2608220035901,CL984781,EN00101,velo_elec,Lyon,ST1003,ST1019,2026-08-22 13:48:35,2026-08-22 14:30:35,42,6.78,11.5,cb
TR2608220035902,CL103464,EN00208,velo_elec,Lyon,ST1003,ST1009,2026-08-22 13:47:55,22/08/2026 13:58,11,2.1,3.75,cb
TR2608220035903,CL106731,EN00203,trottinette,Lyon ,ST1005,ST1013,2026-08-22 13:47:41,2026-08-22 13:53:41,6,1.88,2.32,cb
TR2608220035904,CL105739,EN00174,velo_elec,Lyon,ST1006,ST1007,22/08/2026 13:46,2026-08-22 14:11:00,25,3.78,7.25,paypal
TR2608220035905,CL105775,EN00066,trottinette,Lyon,ST1007,ST1003,22/08/2026 13:53,1787400616,17,2.75,4.74,abonnement
TR2608220035906,CL108012,EN00150,trottinette,Lyon,ST1008,ST1010,2026-08-22 13:51:54,2026-08-22 13:56:54,5,0.91,2.1,cb
TR2608220035907,CL104620,EN00123,velo_elec,Lyon,ST1009,ST1006,2026-08-22 13:46:56,2026-08-22 14:14:56,28,7.58,8.0,cb
TR2608220035908,CL100617,EN00184,velo_elec,Lyon,ST1010,ST1010,2026-08-22 14:00:03,2026-08-22 14:25:03,25,5.67,7.25,cb
TR2608220035909,CL102414,EN00168,velo_elec,Lyon,ST1014,ST1009,,1787400188,11,2.85,3.75,abonnement
TR2608220035910,CL102997,EN00042,trottinette,Lyonn,ST1014,ST1008,1787399229,22/08/2026 13:51,4,0.73,1.88,cb
TR2608220035911,CL103833,EN00085,velo_elec,lyon,ST1015,ST1016,2026-08-22 13:55:40,2026-08-22 14:07:40,12,3.95,4.0,cb
TR2608220035912,CL100253,EN00119,trottinette,Lyon,ST1015,ST1016,2026-08-22 13:58:17,2026-08-22 14:21:17,23,3.52,6.06,abonnement
TR2608220035913,CL106913,EN00173,velo_elec,Lyon,ST1016,ST1010,2026-08-22 13:54:38,2026-08-22 14:04:38,10,2.29,3.5,abonnement
TR2608220035914,CL105755,EN00170,trottinette,Lyon,ST1017,ST1007,2026-08-22 13:58:03,2026-08-22 14:05:03,7,1.13,2.54,paypal
TR2608220035915,CL108017,EN00252,velo_elec,Nantes,ST1022,ST1028,22/08/2026 14:00,2026-08-22 14:08:40,8,2.71,3.0,abonnement
TR2608220035916,CL108049,EN00348,velo_elec,Nantes,ST1023,ST1022,22/08/2026 13:47,2026-08-22 14:02:44,15,4.47,4.75,cb
TR2608220035917,CL102197,EN00332,trottinette,Nantes,ST1027,ST1021,1787399927,2026-08-22 14:16:47,18,4.42,4.96,cb
TR2608220035918,CL106069,EN00291,velo_elec,Nantes,ST1030,ST1026,2026-08-22 13:48:49,2026-08-22 14:02:49,14,4.04,4.5,paypal
TR2608220035919,CL101664,EN00382,trottinette,Lille,ST1035,ST1034,2026-08-22 13:54:24,2026-08-22 14:04:24,10,3.48,3.2,abonnement
TR2608220035920,CL101675,EN00363,velo_elec,Lille,ST1036,ST1041,2026-08-22 13:58:26,2026-08-22 14:15:26,17,5.32,5.25,cb
TR2608220035921,CL106851,EN00416,trottinette,Lille,ST1037,ST1035,2026-08-22 13:52:52,2026-08-22 13:57:52,5,1.6,2.1,abonnement
TR2608220035922,CL102375,EN00366,trottinette, Lille,ST1040,ST1035,2026-08-22 13:55:17,2026-08-22 14:09:17,14,2.19,4.08,abonnement
TR2608220035923,CL103957,EN00493,velo_elec, Lille,ST1042,ST1035,2026-08-22 13:47:40,2026-08-22 13:58:40,11,3.22,3.75,cb
TR2608220035924,CL103572,EN00467,velo_elec,Lille,ST1042,ST1036,2026-08-22 13:56:38,22/08/2026 14:10,14,3.26,4.5,cb
TR2608220035925,CL102096,EN00477,trottinette,Lille,ST1043,ST1037,2026-08-22 13:54:18,2026-08-22 14:05:18,11,2.43,3.42,abonnement
TR2608220035926,CL108874,EN00400,trottinette,Lille,ST1044,ST1039,22/08/2026 13:52,2026-08-22 14:13:39,21,5.77,5.62,abonnement
TR2608220035927,CL105381,EN00426,trottinette,Lille,ST1046,ST1039,2026-08-22 13:46:04,2026-08-22 13:48:04,2,0.43,1.44,abonnement
TR2608220035928,CL106736,EN00185,trottinette,LYON,ST1002,ST1013,2026-08-22 14:15:38,2026-08-22 14:21:38,6,1.83,2.32,cb
TR2608220035929,CL104476,EN00205,trottinette,Lyon,ST1007,ST1005,2026-08-22 14:04:17,2026-08-22 14:12:17,8,2.2,2.76,abonnement
TR2608220035930,CL101051,EN00042,trottinette,Lyon,ST1008,ST1001,22/08/2026 14:11,2026-08-22 14:27:03,-2,3.2,4.52,cb
TR2608220035931,CL107658,EN00082,velo,Lyon,ST1012,ST1006,2026-08-22 14:06:57,2026-08-22 14:22:57,16,3.08,3.4,cb
TR2608220035932,CL105152,EN00203,trottinette,Lyon,ST1013,ST1009,22/08/2026 14:15,22/08/2026 14:22,7,1.79,2.54,abonnement
TR2608220035933,CL101574,EN00095,trottinette,Lyon,ST1014,ST1011,2026-08-22 14:13:54,2026-08-22 14:36:54,23,4.12,6.06,cb
TR2608220035934,CL104085,EN00118,trottinette,Lyon,ST1015,ST1016,2026-08-22 14:03:47,2026-08-22 14:20:47,17,4.0,4.74,paypal
TR2608220035935,CL102437,EN00092,trottinette,Lyon,ST1015,ST1002,2026-08-22 14:07:47,22/08/2026 14:25,18,4.38,4.96,abonnement
TR2608220035936,CL107112,EN00183,velo_elec,Lyon,ST1016,ST1012,22/08/2026 14:07,2026-08-22 14:24:54,17,3.82,5.25,cb
TR2608220035937,CL108540,EN00141,velo_elec,LYON,ST1016,ST1009,2026-08-22 14:08:26,2026-08-22 14:30:26,22,6.79,6.5,cb
TR2608220035938,CL107426,EN00087,trottinette,Lyon,ST1018,ST1007,2026-08-22 14:10:18,2026-08-22 14:16:18,6,1.46,2.32,paypal
TR2608220035939,CL101762,EN00108,velo_elec,Lyon,ST1018,ST1013,2026-08-22 14:05:37,2026-08-22 14:13:37,8,2.39,3.0,abonnement
TR2608220035940,CL107236,EN00204,velo_elec,Lyon,ST1018,ST1003,2026-08-22 14:13:56,2026-08-22 14:35:56,22,6.07,6.5,abonnement
TR2608220035941,CL105596,EN00250,velo_elec,Nantes,ST1021,ST1022,2026-08-22 14:07:42,2026-08-22 14:13:42,6,1.51,2.5,cb
TR2608220035942,CL104647,EN00257,trottinette,Nantes,ST1023,ST1032,2026-08-22 14:10:22,2026-08-22 14:22:22,12,2.25,3.64,abonnement
TR2608220035943,CL104051,EN00238,velo_elec,Nantes,ST1024,ST1025,2026-08-22 14:05:29,2026-08-22 14:28:29,23,3.5,6.75,paypal
TR2608220035944,CL100460,EN00355,velo_elec,Nantes,ST1026,ST1030,2026-08-22 14:06:49,2026-08-22 14:13:49,7,1.52,2.75,abonnement
TR2608220035945,CL104446,EN00339,velo_elec,Nantes,ST1030,ST1022,2026-08-22 14:05:55,2026-08-22 14:12:55,7,2.08,2.75,cb
TR2608220035946,CL108882,EN00240,trottinette,Nantes,ST1030,ST1030,2026-08-22 14:02:09,2026-08-22 14:22:09,20,3.13,5.4,cb
TR2608220035947,CL106844,EN00289,trottinette,Nantes,ST1031,ST1028,2026-08-22 14:13:08,22/08/2026 14:23,10,2.66,3.2,cb
TR2608220035948,CL105094,EN00313,trottinette,Nantes,ST1032,ST9382,2026-08-22 14:14:42,2026-08-22 14:22:42,8,2.69,2.76,cb
TR2608220035949,CL100588,EN00287,velo_elec,Nantes,ST1033,ST1032,22/08/2026 14:08,2026-08-22 14:22:31,14,4.16,4.5,cb
TR2608220035950,CL106480,EN00461,velo_elec,Lille,ST1036,ST1038,2026-08-22 14:11:53,2026-08-22 14:23:53,12,2.15,4.0,abonnement
TR2608220035951,CL107491,EN00404,trottinette,Lille,ST1036,ST1035,2026-08-22 14:09:00,2026-08-22 14:41:00,32,11.17,8.04,paypal
TR2608220035952,CL103115,EN00386,trottinette,Lille,ST1038,ST1043,2026-08-22 14:07:28,22/08/2026 14:14,7,1.11,2.54,cb
TR2608220035953,CL100388,EN00473,trottinette,Lille,ST1041,ST1040,2026-08-22 14:07:00,2026-08-22 14:19:00,12,2.99,3.64,abonnement
TR2608220035954,CL104675,EN00495,trottinette,Lille,ST1041,ST1036,2026-08-22 14:12:02,22/08/2026 15:15,63,16.4,14.86,abonnement
TR2608220035955,CL108606,EN00407,velo,Lille,ST1043,ST1036,22/08/2026 14:07,22/08/2026 14:17,10,1.93,2.5,abonnement
TR2608220035956,CL103093,EN00489,trottinette,Lille,ST1044,ST1034,2026-08-22 14:05:38,2026-08-22 14:21:38,16,3.33,4.52,paypal
TR2608220035957,CL105894,EN00475,trottinette,Lille,ST1045,ST1037,2026-08-22 14:00:59,2026-08-22 14:10:59,10,1.63,3.2,cb
TR2608220035958,CL107752,EN00597,trottinette,Grenoble,ST1058,ST1055,2026-08-22 14:09:48,2026-08-22 14:25:48,16,4.23,4.52,cb
TR2608220035959,CL107931,EN00591,velo_elec,Grenoble,ST1058,ST1054,2026-08-22 14:09:49,2026-08-22 14:12:49,3,0.9,1.75,cb
TR2608220035960,CL100596,EN00172,trottinette,Lyon,ST1003,ST1019,22/08/2026 14:18,2026-08-22 14:37:13,19,4.74,5.18,abonnement
TR2608220035961,CL102651,EN00066,trottinette,Lyon,ST1003,ST1001,1787401008,2026-08-22 14:19:48,3,0.83,1.66,cb
TR2608220035962,CL100158,EN00190,trottinette,Lyon,ST1004,ST1019,2026-08-22 14:22:08,22/08/2026 14:35,13,2.01,3.86,paypal
TR2608220035963,CL108248,EN00061,trottinette,Lyon,ST1004,ST1009,2026-08-22 14:29:30,2026-08-22 15:43:30,74,16.63,17.28,cb
TR2608220035964,CL100394,EN00131,trottinette,Lyon,ST1005,ST1010,2026-08-22 14:26:20,2026-08-22 14:29:20,3,0.82,1.66,abonnement
TR2608220035965,CL100031,EN00049,trottinette,Lyon,ST1005,ST1004,2026-08-22 14:29:48,2026-08-22 14:47:48,18,4.55,4.96,abonnement
TR2608220035966,CL105150,EN00087,trottinette,Lyon,ST1007,ST1014,2026-08-22 14:31:13,22/08/2026 14:50,19,5.92,5.18,paypal
TR2608220035967,CL102568,EN00044,trottinette,Lyon,ST1008,ST1016,2026-08-22 14:27:05,2026-08-22 14:32:05,-11,1.22,2.1,cb
TR2608220035968,CL108094,EN00168,velo_elec,Lyon,ST1009,ST1004,2026-08-22 14:16:14,2026-08-22 14:31:14,15,4.77,4.75,cb
TR2608220035969,CL104985,EN00094,velo_elec,Lyon,ST1009,ST1003,1787401808,2026-08-22 14:47:08,17,3.96,5.25,abonnement
TR2608220035970,CL104283,EN00173,velo_elec,lyon,ST1010,ST9792,2026-08-22 14:17:30,2026-08-22 14:28:30,11,3.4,3.75,paypal
TR2608220035971,CL106275,EN00150,trottinette,Lyon,ST1010,ST1018,2026-08-22 14:22:22,2026-08-22 14:31:22,9,2.53,2.98,abonnement
TR2608220035972,CL108927,EN00050,velo_elec,Lyon,ST1011,ST1013,2026-08-22 14:18:31,22/08/2026 14:36,18,5.46,5.5,paypal
TR2608220035973,CL106800,EN00032,velo,Lyon,ST1012,ST1016,2026-08-22 14:17:44,2026-08-22 14:35:44,18,4.44,3.7,paypal
TR2608220035974,CL105739,EN00139,velo_elec,Lyon,ST1013,ST1005,2026-08-22 14:20:16,2026-08-22 14:40:16,20,3.09,6.0,
TR2608220035975,CL102457,EN00103,trottinette,Lyon,ST1014,ST1007,2026-08-22 14:18:34,2026-08-22 14:39:34,21,6.25,5.62,abonnement
TR2608220035976,CL104363,EN00113,velo_elec,Lyon ,ST1019,ST1015,1787401757,1787402717,16,4.54,5.0,paypal
TR2608220035977,CL101804,EN00255,velo,Nantes,ST1023,ST1023,2026-08-22 14:17:45,2026-08-22 14:31:45,14,2.14,3.1,paypal
TR2608220035978,CL107381,EN00291,velo_elec,Nantes,ST1026,ST1030,2026-08-22 14:22:19,2026-08-22 14:31:19,9,1.42,3.25,cb
TR2608220035979,CL100933,EN00355,velo_elec,Nantes,ST1030,ST1025,2026-08-22 14:21:58,2026-08-22 14:31:58,10,1.62,3.5,cb
TR2608220035980,CL108839,EN00374,velo_elec,Lille,ST1034,ST1040,2026-08-22 14:24:42,2026-08-22 14:36:42,12,3.39,4.0,cb
TR2608220035981,CL104970,EN00405,trottinette,Lille,ST1034,ST1040,2026-08-22 14:29:50,2026-08-22 14:50:50,21,6.78,5.62,abonnement
TR2608220035982,CL102066,EN00443,velo_elec,Lille,ST1038,ST1039,2026-08-22 14:24:52,22/08/2026 14:54,30,6.85,8.5,cb
TR2608220035983,CL100714,EN00363,velo_elec,Lille,ST1041,ST1045,2026-08-22 14:26:24,2026-08-22 14:39:24,13,2.96,4.25,abonnement
TR2608220035984,CL108541,EN00386,trottinette,Lille,ST1043,ST1044,2026-08-22 14:21:25,2026-08-22 14:30:25,9,2.91,2.98,abonnement
TR2608220035985,CL108160,EN00570,trottinette,Grenoble,ST1055,ST1053,1787401679,2026-08-22 14:42:59,15,3.71,4.3,cb
TR2608220035986,CL107921,EN00588,velo_elec,Grenoble,ST1058,ST1056,2026-08-22 14:29:22,2026-08-22 14:35:22,6,1.63,2.5,cb
TR2608220035987,CL104107,EN00066,trottinette,Lyon,ST1001,ST1011,2026-08-22 14:45:00,2026-08-22 14:57:00,12,3.12,3.64,abonnement
TR2608220035988,CL100656,EN00092,trottinette,Lyon,ST1002,ST1017,2026-08-22 14:40:46,2026-08-22 16:00:46,80,16.12,18.6,abonnement
TR2608220035989,CL100736,EN00168,velo_elec,Lyon,ST1004,ST1008,2026-08-22 14:44:54,2026-08-22 14:55:54,11,2.75,3.75,abonnement
TR2608220035990,CL105399,EN00191,trottinette,Lyon,ST1008,ST1014,2026-08-22 14:40:00,2026-08-22 14:53:00,13,4.29,3.86,abonnement
TR2608220035991,CL104840,EN00131,trottinette,Lyon,ST1010,ST1015,2026-08-22 14:44:47,2026-08-22 14:49:47,5,1.51,2.1,cb
TR2608220035992,CL104129,EN00184,velo_elec,Lyon,ST1010,ST1007,2026-08-22 14:44:44,,10,2.62,3.5,abonnement
TR2608220035993,CL107152,EN00209,velo_elec,Lyon,ST1011,ST1017,2026-08-22 14:38:41,2026-08-22 14:42:41,4,0.67,2.0,paypal
TR2608220035994,CL100824,EN00183,velo_elec,Lyon,ST1012,ST1018,2026-08-22 14:42:26,2026-08-22 14:48:26,6,1.88,2.5,paypal
TR2608220035995,CL100881,EN00136,trottinette,Lyon,ST1014,ST1009,,2026-08-22 14:51:04,16,4.03,4.52,paypal
TR2608220035996,CL100784,EN00085,velo_elec,Lyon,ST1016,ST1006,2026-08-22 14:44:37,2026-08-22 14:59:37,15,3.41,4.75,cb
TR2608220035997,CL108906,EN00006,trottinette,Lyon,ST1016,ST1004,2026-08-22 14:30:54,2026-08-22 14:58:54,28,8.08,7.16,abonnement
TR2608220035998,CL102931,EN00150,trottinette,Lyon,ST1018,ST1017,22/08/2026 14:45,2026-08-22 14:56:24,11,2.98,3.42,paypal
TR2608220035999,CL108401,EN00313,trottinette,Nantes,ST1031,ST1026,2026-08-22 14:40:26,22/08/2026 14:59,19,3.18,5.18,cb
TR2608220036000,CL100804,EN00227,trottinette,nantes,ST1031,ST1025,2026-08-22 14:46:03,2026-08-22 14:55:03,9,3.08,2.98,cb
TR2608220036001,CL106750,EN00382,trottinette,Lille,ST1034,ST1044,2026-08-22 14:44:50,2026-08-22 14:57:50,13,2.67,3.86,paypal
TR2608220036002,CL101604,EN00496,velo_elec,Lille,ST1037,ST1043,2026-08-22 14:38:00,2026-08-22 14:51:00,13,4.49,4.25,cb
TR2608220036003,CL105659,EN00484,velo_elec,Lille,ST1039,ST1047,22/08/2026 14:37,1787402872,10,2.66,3.5,cb
TR2608220036004,CL106678,EN00445,velo_elec,Lille,ST1040,ST1040,2026-08-22 14:42:39,2026-08-22 15:42:39,60,10.75,16.0,cb
TR2608220036005,CL106446,EN00386,trottinette,Lille,ST1044,ST1034,2026-08-22 14:41:11,2026-08-22 14:49:11,8,2.61,2.76,paypal
TR2608220036006,CL106459,EN00383,trottinette,Lille,ST1044,ST1039,2026-08-22 14:38:08,2026-08-22 14:58:08,20,5.21,5.4,cb
TR2608220036007,CL105538,EN00422,velo_elec,Lille,ST1045,ST1038,2026-08-22 14:43:47,2026-08-22 14:50:47,7,1.09,2.75,abonnement
TR2608220036008,CL102740,EN00424,velo_elec, Lille,ST1045,ST1036,1787401908,2026-08-22 14:52:48,21,6.21,6.25,paypal
TR2608220036009,CL104948,EN00381,trottinette,Lille,ST1045,ST1037,2026-08-22 14:33:29,22/08/2026 14:40,7,1.12,2.54,paypal
TR2608220036010,CL107494,EN00394,velo_elec,Lille,ST1047,ST1036,2026-08-22 14:44:06,2026-08-22 14:48:06,4,0.97,2.0,cb
TR2608220036011,CL104920,EN00418,trottinette,Lille,ST1047,ST1039,2026-08-22 14:35:21,2026-08-22 14:49:21,14,4.71,4.08,cb
TR2608220036012,CL103433,EN00427,trottinette,Lille,ST1047,ST1043,2026-08-22 14:41:17,2026-08-22 14:48:17,7,1.99,2.54,cb
TR2608220036013,CL106412,EN00508,trottinette,Grenoble,ST1049,ST1050,,2026-08-22 14:55:14,11,2.92,3.42,cb
TR2608220036014,CL102235,EN00539,velo_elec,Grenoble,ST1050,ST1054,2026-08-22 14:32:41,2026-08-22 14:42:41,10,1.63,3.5,paypal
TR2608220036015,CL106719,EN00577,velo_elec,Grenoble,ST1057,ST1058,2026-08-22 14:44:42,1787403762,18,3.53,5.5,abonnement
TR2608220036016,CL106162,EN00565,trottinette,Grenoble,ST1057,ST1052,2026-08-22 14:40:37,2026-08-22 15:03:37,23,4.56,6.06,cb
TR2608220036017,CL105787,EN00129,velo_elec,Lyon ,ST1001,ST1018,2026-08-22 14:47:20,2026-08-22 14:54:20,7,2.02,2.75,paypal
TR2608220036018,CL100481,EN00121,trottinette,Lyon,ST1001,ST1014,2026-08-22 14:54:28,22/08/2026 15:29,-28,6.32,8.7,cb
TR2608220036019,CL108789,EN00094,velo_elec,Lyon ,ST1003,ST1017,2026-08-22 14:58:55,2026-08-22 15:04:55,6,1.15,2.5,abonnement
TR2608220036020,CL104267,EN00204,velo_elec,Lyon,ST1003,ST1014,2026-08-22 14:56:28,2026-08-22 15:04:28,8,1.9,3.0,cb
TR2608220036021,CL104404,EN00139,velo_elec,lyon,ST1005,ST1019,22/08/2026 14:47,2026-08-22 15:03:05,16,5.18,5.0,cb
TR2608220036022,CL103953,EN00170,trottinette,Lyon,ST1007,ST1014,22/08/2026 14:45,2026-08-22 14:54:50,9,2.29,2.98,
TR2608220036023,CL108569,EN00203,trottinette,Lyon,ST1009,ST1011,2026-08-22 15:00:07,2026-08-22 15:15:07,15,2.49,4.3,paypal
TR2608220036024,CL105010,EN00010,trottinette,Lyon,ST1009,ST1007,2026-08-22 14:46:12,1787403372,10,2.35,3.2,abonnement
TR2608220036025,CL105152,EN00095,trottinette,Lyon,ST1011,ST1015,22/08/2026 14:59,1787405718,36,8.92,8.92,cb
TR2608220036026,CL108028,EN00050,velo_elec,Lyon,ST1013,ST1013,22/08/2026 14:50,2026-08-22 15:10:04,20,4.46,6.0,abonnement
TR2608220036027,CL101862,EN00151,trottinette,Lyon,ST1019,ST1008,2026-08-22 14:49:03,2026-08-22 15:06:03,17,5.26,4.74,cb
TR2608220036028,CL108449,EN00255,velo,Nantes,ST1023,ST1028,2026-08-22 14:55:15,2026-08-22 15:02:15,7,2.34,2.05,paypal
TR2608220036029,CL105264,EN00298,trottinette,NANTES,ST1024,ST1033,2026-08-22 14:59:41,2026-08-22 15:11:41,12,1.92,3.64,cb
TR2608220036030,CL106308,EN00352,velo_elec,Nantes,ST1026,ST1020,2026-08-22 14:57:01,1787404321,15,4.9,4.75,cb
TR2608220036031,CL108251,EN00245,velo_elec,Nantes,ST1027,ST1021,2026-08-22 14:55:27,2026-08-22 15:01:27,6,1.39,2.5,cb
TR2608220036032,CL105281,EN00293,velo_elec,Nantes,ST1029,ST1022,2026-08-22 14:48:41,2026-08-22 14:54:41,6,1.41,2.5,abonnement
TR2608220036033,CL102544,EN00260,velo_elec,Nantes,ST1031,ST1033,,1787404150,9,1.65,3.25,cb
TR2608220036034,CL105489,EN00225,velo_elec,Nantes,ST1032,ST1028,2026-08-22 14:47:06,2026-08-22 15:00:06,13,4.46,4.25,abonnement
TR2608220036035,CL105891,EN00287,velo_elec,Nantes,ST1032,ST1021,2026-08-22 14:54:00,,8,1.98,3.0,cb
TR2608220036036,CL100572,EN00241,velo,NANTES,ST1032,ST1030,2026-08-22 14:51:10,2026-08-22 15:08:10,17,4.78,3.55,abonnement
TR2608220036037,CL107094,EN00493,velo_elec,Lille,ST1035,ST1038,2026-08-22 14:52:14,22/08/2026 14:58,6,1.57,2.5,cb
TR2608220036038,CL106003,EN00467,velo_elec,Lille,ST1036,ST1037,22/08/2026 14:46,2026-08-22 15:17:53,31,7.28,8.75,cb
TR2608220036039,CL106163,EN00461,velo_elec,Lille,ST1038,ST1042,2026-08-22 14:50:00,2026-08-22 15:02:00,12,1.81,4.0,abonnement
TR2608220036040,CL106501,EN00426,trottinette,Lille,ST1039,ST1046,2026-08-22 14:48:54,,24,7.62,6.28,paypal
TR2608220036041,CL103631,EN00449,trottinette,Lille,ST1042,ST1037,2026-08-22 14:54:41,2026-08-22 15:02:41,8,2.54,2.76,abonnement
TR2608220036042,CL107085,EN00455,velo_elec,LILLE,ST1042,ST1042,2026-08-22 14:58:22,22/08/2026 15:08,10,2.07,3.5,paypal
TR2608220036043,CL100855,EN00434,velo_elec,Lille,ST1042,ST1042,2026-08-22 14:57:07,2026-08-22 16:20:07,83,12.6,21.75,cb
TR2608220036044,CL104553,EN00450,trottinette,lille,ST1042,ST1039,,2026-08-22 15:02:09,12,1.85,3.64,cb
TR2608220036045,CL102944,EN00476,trottinette,Lille,ST1044,ST1047,22/08/2026 14:47,2026-08-22 15:02:43,15,3.39,4.3,cb
TR2608220036046,CL100740,EN00388,velo_elec,Lille,ST1047,ST1038,,2026-08-22 14:56:14,4,1.33,2.0,abonnement
TR2608220036047,CL104061,EN00582,trottinette,Grenoble,ST1049,ST1058,2026-08-22 14:51:43,2026-08-22 15:07:43,16,2.8,4.52,cb
TR2608220036048,CL106022,EN00523,velo_elec,Grenoble,ST1049,ST1055,22/08/2026 14:55,2026-08-22 15:00:42,5,1.73,2.25,abonnement
TR2608220036049,CL105036,EN00042,trottinette,Lyon,ST1001,ST1019,22/08/2026 15:03,2026-08-22 15:18:06,15,2.72,4.3,cb
TR2608220036050,CL104738,EN00003,velo_elec,Lyon,ST1001,ST1015,2026-08-22 15:14:37,22/08/2026 15:43,29,5.89,8.25,cb
TR2608220036051,CL105323,EN00049,trottinette,Lyon,ST1004,ST1006,2026-08-22 15:11:42,2026-08-22 15:23:42,12,3.82,3.64,cb
TR2608220036052,CL106781,EN00055,trottinette,Lyonn,ST1007,ST1010,22/08/2026 15:01,2026-08-22 15:17:29,16,2.84,4.52,paypal
TR2608220036053,CL103404,EN00066,trottinette,Lyon,ST1011,ST1016,2026-08-22 15:09:48,2026-08-22 15:49:48,40,7.56,9.8,abonnement
TR2608220036054,CL102655,EN00111,trottinette,Lyon,ST1013,ST1019,2026-08-22 15:02:13,1787405833,35,11.09,8.7,cb
TR2608220036055,CL102369,EN00170,trottinette,Lyon,ST1014,ST1012,2026-08-22 15:11:02,,10,3.38,3.2,cb
TR2608220036056,CL100226,EN00131,trottinette,Lyon,ST1015,ST1001,2026-08-22 15:14:55,2026-08-22 15:33:55,19,4.04,5.18,cb
TR2608220036057,CL104693,EN00044,trottinette,Lyon,ST1016,ST1004,2026-08-22 15:11:21,2026-08-22 15:20:21,9,1.71,2.98,cb
TR2608220036058,CL104822,EN00133,velo_elec,Lyon,ST1017,ST1005,2026-08-22 15:02:22,2026-08-22 15:10:22,8,2.06,3.0,cb
TR2608220036059,CL104681,EN00177,velo_elec,Lyon,ST1017,ST1011,22/08/2026 15:02,2026-08-22 15:06:43,4,0.95,2.0,cb
TR2608220036060,CL100173,EN00034,velo_elec,Lyon,ST1017,ST1012,22/08/2026 15:15,2026-08-22 15:33:20,18,3.23,5.5,abonnement
TR2608220036061,CL104867,EN00172,trottinette,Lyon ,ST1019,ST1010,2026-08-22 15:11:24,2026-08-22 15:22:24,11,3.47,3.42,cb
TR2608220036062,CL107557,EN00276,velo_elec,Nantes,ST1021,ST1031,2026-08-22 15:02:10,2026-08-22 15:25:10,23,5.58,6.75,cb
TR2608220036063,CL104048,EN00340,velo_elec,Nantes,ST1021,ST1029,2026-08-22 15:10:36,2026-08-22 15:12:36,2,0.47,1.5,abonnement
TR2608220036064,CL104817,EN00226,velo_elec,Nantes,ST1026,ST1030,,2026-08-22 15:37:04,30,6.48,8.5,cb
TR2608220036065,CL107098,EN00303,velo_elec,Nantes,ST1028,ST1033,2026-08-22 15:13:30,2026-08-22 15:33:30,20,5.23,,cb
TR2608220036066,CL102208,EN00291,velo_elec,Nantes,ST1030,ST1026,2026-08-22 15:02:14,2026-08-22 15:15:14,13,3.89,4.25,abonnement
TR2608220036067,CL107020,EN00283,trottinette,Nantes,ST1030,ST1024,2026-08-22 15:11:51,22/08/2026 15:24,13,3.37,3.86,cb
TR2608220036068,CL107944,EN00386,trottinette,Lille,ST1034,ST1040,2026-08-22 15:02:00,2026-08-22 15:28:00,26,6.76,6.72,cb
TR2608220036069,CL101058,EN00416,trottinette,Lille,ST1035,ST1039,2026-08-22 15:08:20,2026-08-22 15:17:20,9,1.48,2.98,cb
TR2608220036070,CL102838,EN00394,velo_elec,Lille,ST1036,ST1035,22/08/2026 15:10,2026-08-22 15:20:38,10,1.94,3.5,abonnement
TR2608220036071,CL106322,EN00381,trottinette,Lille,ST1037,ST1045,22/08/2026 15:02,1787404449,12,1.92,3.64,abonnement
TR2608220036072,CL105312,EN00444,trottinette,Lille,ST1039,ST9633,2026-08-22 15:11:09,22/08/2026 15:15,4,1.33,1.88,abonnement
TR2608220036073,CL108490,EN00446,trottinette,Lille,ST1041,ST1037,22/08/2026 15:13,22/08/2026 15:26,13,2.47,3.86,cb
TR2608220036074,CL102923,EN00364,velo,LILLE,ST1041,ST1034,2026-08-22 15:06:46,22/08/2026 15:23,17,5.45,3.55,cb
TR2608220036075,CL107570,EN00382,trottinette,Lille,ST1044,ST1046,2026-08-22 15:01:39,2026-08-22 15:19:39,18,3.07,4.96,abonnement
TR2608220036076,CL100823,EN00532,velo_elec,Grenoble,ST1050,ST1054,22/08/2026 15:14,2026-08-22 15:28:25,14,4.49,4.5,paypal
TR2608220036077,CL104401,EN00058,velo_elec,Lyon,ST1003,ST1009,2026-08-22 15:20:45,2026-08-22 15:34:45,14,2.68,4.5,cb
TR2608220036078,CL104240,EN00205,trottinette,Lyon,ST1005,ST1014,2026-08-22 15:29:08,2026-08-22 15:35:08,6,2.05,2.32,abonnement
TR2608220036079,CL108590,EN00133,velo_elec,Lyon,ST1005,ST1018,2026-08-22 15:27:38,22/08/2026 15:33,6,1.03,2.5,abonnement
TR2608220036080,CL101359,EN00076,velo_elec,Lyon,ST1005,ST1013,1787405397,22/08/2026 15:57,28,6.52,8.0,cb
TR2608220036081,CL100433,EN00184,velo_elec,Lyon,ST1007,ST1005,22/08/2026 15:22,2026-08-22 15:34:30,12,3.39,4.0,cb
TR2608220036082,CL106684,EN00087,trottinette,Lyon,ST1014,ST1011,2026-08-22 15:23:38,2026-08-22 15:29:38,6,1.71,2.32,cb
TR2608220036083,CL102033,EN00129,velo_elec,Lyon,ST1018,ST1008,2026-08-22 15:30:44,2026-08-22 16:02:44,32,6.13,9.0,abonnement
TR2608220036084,CL108463,EN00139,velo_elec,Lyon,ST1019,ST1010,22/08/2026 15:25,2026-08-22 15:32:57,7,1.51,2.75,abonnement
TR2608220036085,CL106667,EN00319,velo_elec,Nantes,ST1020,ST1031,2026-08-22 15:30:00,2026-08-22 15:44:00,14,2.76,4.5,cb
TR2608220036086,CL104611,EN00352,velo_elec,Nantes,ST1020,ST1027,2026-08-22 15:19:48,2026-08-22 15:26:48,7,1.16,2.75,paypal
TR2608220036087,CL102309,EN00328,velo_elec,Nantes,ST1020,ST1022,2026-08-22 15:18:53,1787406293,26,8.23,7.5,cb
TR2608220036088,CL101061,EN00317,trottinette,Nantes,ST1020,ST1029,2026-08-22 15:16:14,2026-08-22 15:31:14,15,4.3,4.3,cb
TR2608220036089,CL104206,EN00293,velo_elec,Nantes,ST1022,ST1028,2026-08-22 15:22:19,2026-08-22 15:42:19,20,4.92,6.0,paypal
TR2608220036090,CL107147,EN00273,velo_elec,Nantes,ST1024,ST1026,2026-08-22 15:29:26,2026-08-22 15:36:26,7,1.31,2.75,paypal
TR2608220036091,CL105285,EN00230,velo_elec,Nantes,ST1024,ST1031,2026-08-22 15:29:57,2026-08-22 15:40:57,11,2.58,3.75,cb
TR2608220036092,CL100054,EN00270,velo_elec,Nantes,ST1025,ST1028,2026-08-22 15:27:29,,25,7.29,7.25,cb
TR2608220036093,CL105623,EN00281,velo_elec,Nantes,ST1025,ST1022,2026-08-22 15:17:43,22/08/2026 15:43,26,5.74,7.5,cb
TR2608220036094,CL104040,EN00351,trottinette,Nantes,ST1027,ST1033,2026-08-22 15:26:17,2026-08-22 15:37:17,11,2.17,3.42,
TR2608220036095,CL106940,EN00224,velo_elec,Nantes,ST1028,ST1028,22/08/2026 15:18,2026-08-22 15:21:38,3,0.6,1.75,paypal
TR2608220036096,CL105682,EN00316,velo_elec,NANTES,ST1028,ST1029,2026-08-22 15:30:20,22/08/2026 15:53,23,3.93,6.75,cb
TR2608220036097,CL103993,EN00231,velo,Nantes,ST1030,ST1031,2026-08-22 15:29:37,2026-08-22 15:32:37,3,0.45,1.45,abonnement
TR2608220036098,CL101463,EN00241,velo,Nantes,ST1030,ST1026,2026-08-22 15:25:04,2026-08-22 15:42:04,17,4.39,3.55,abonnement
TR2608220036099,CL108781,EN00306,velo,Nantes,ST1032,ST1023,2026-08-22 15:17:44,2026-08-22 15:26:44,9,2.63,2.35,cb
TR2608220036100,CL106180,EN00442,trottinette,Lille,ST1034,ST1042,22/08/2026 15:25,2026-08-22 15:36:44,11,2.56,3.42,cb
TR2608220036101,CL103039,EN00366,trottinette,Lille,ST1035,ST1038,2026-08-22 15:22:14,2026-08-22 15:28:14,6,1.39,2.32,abonnement
TR2608220036102,CL100693,EN00424,velo_elec,Lille,ST1036,ST1047,2026-08-22 15:30:22,2026-08-22 15:36:22,6,2.09,2.5,cb
TR2608220036103,CL107828,EN00381,trottinette,Lille,ST1045,ST1035,2026-08-22 15:15:39,1787405499,16,4.56,4.52,abonnement
TR2608220036104,CL108652,EN00363,velo_elec,Lille,ST1045,ST1047,2026-08-22 15:30:14,2026-08-22 15:55:14,25,8.66,7.25,cb
TR2608220036105,CL108065,EN00484,velo_elec,Lille,ST1047,ST1045,2026-08-22 15:27:51,1787405571,5,0.82,2.25,cb
TR2608220036106,CL107963,EN00570,trottinette,Grenoble,ST1053,ST1051,2026-08-22 15:20:07,22/08/2026 15:23,3,0.84,1.66,cb
TR2608220036107,CL103935,EN00534,trottinette,Grenoble,ST1056,ST1057,2026-08-22 15:29:39,22/08/2026 15:42,13,4.47,3.86,abonnement
TR2608220036108,CL105690,EN00503,trottinette,Grenoble,ST1057,ST1049,2026-08-22 15:19:38,22/08/2026 15:29,10,2.3,3.2,cb
TR2608220036109,CL101494,EN00070,trottinette,Lyon,ST1003,ST1017,2026-08-22 15:41:26,22/08/2026 15:55,14,2.47,4.08,cb
TR2608220036110,CL107083,EN00195,velo_elec,Lyon,ST1006,ST1014,2026-08-22 15:42:39,2026-08-22 15:56:39,14,4.39,4.5,abonnement
TR2608220036111,CL106896,EN00220,velo_elec,Lyon,ST1007,ST1010,2026-08-22 15:37:17,2026-08-22 15:45:17,8,1.41,3.0,cb
TR2608220036112,CL108426,EN00203,trottinette,Lyon ,ST1011,ST1007,2026-08-22 15:42:08,22/08/2026 16:00,18,4.62,4.96,abonnement
TR2608220036113,CL108435,EN00030,trottinette,Lyonn,ST1013,ST1017,2026-08-22 15:38:02,2026-08-22 15:48:02,10,2.85,3.2,cb
TR2608220036114,CL103175,EN00118,trottinette,Lyon,ST1016,ST1007,2026-08-22 15:31:04,22/08/2026 16:01,30,8.12,7.6,cb
TR2608220036115,CL104182,EN00094,velo_elec,Lyon,ST1017,ST1005,2026-08-22 15:45:31,2026-08-22 15:47:31,2,0.61,1.5,cb
TR2608220036116,CL106302,EN00037,trottinette,Lyon,ST1017,ST1007,2026-08-22 15:43:01,,14,4.38,4.08,abonnement
TR2608220036117,CL104232,EN00200,trottinette,Lyon,ST1019,ST1016,2026-08-22 15:35:31,1787406151,7,1.51,2.54,cb
TR2608220036118,CL103655,EN00234,trottinette,Nantes,ST1020,ST1028,1787405559,2026-08-22 15:45:39,13,3.1,3.86,cb
TR2608220036119,CL102758,EN00222,velo_elec,Nantes,ST1021,ST1028,2026-08-22 15:40:18,1787407338,22,6.26,6.5,abonnement
TR2608220036120,CL107328,EN00302,velo_elec,Nantes,ST1021,ST1033,2026-08-22 15:41:56,2026-08-22 15:58:56,17,5.93,5.25,paypal
TR2608220036121,CL101023,EN00306,velo,Nantes,ST1023,ST1026,22/08/2026 15:30,2026-08-22 15:35:46,5,1.09,1.75,abonnement
TR2608220036122,CL102432,EN00300,velo_elec,Nantes,ST1026,ST1023,2026-08-22 15:37:28,22/08/2026 16:09,32,9.31,9.0,cb
TR2608220036123,CL102450,EN00224,velo_elec,Nantes,ST1028,ST1026,22/08/2026 15:35,2026-08-22 15:53:48,18,4.86,5.5,cb
TR2608220036124,CL108252,EN00340,velo_elec,Nantes,ST1029,ST1024,2026-08-22 15:42:49,2026-08-22 15:54:49,12,3.86,4.0,paypal
TR2608220036125,CL103674,EN00403,trottinette,Lille,ST1037,ST1039,2026-08-22 15:33:23,1787406263,11,2.14,3.42,cb
TR2608220036126,CL106549,EN00455,velo_elec,Lille,ST1042,ST1047,2026-08-22 15:40:01,2026-08-22 15:44:01,4,0.9,2.0,cb
TR2608220036127,CL105644,EN00438,trottinette,Lille,ST1042,ST1047,2026-08-22 15:42:53,2026-08-22 15:54:53,12,2.79,3.64,paypal
TR2608220036128,CL107910,EN00506,trottinette,Grenoble,ST1049,ST1057,2026-08-22 15:43:12,2026-08-22 16:01:12,18,6.19,4.96,cb
TR2608220036129,CL101998,EN00539,velo_elec,Grenoble,ST1054,ST1058,2026-08-22 15:33:09,2026-08-22 15:42:09,9,2.57,3.25,cb
TR2608220036130,CL107042,EN00131,trottinette,Lyon,ST1001,ST1018,2026-08-22 15:48:19,2026-08-22 15:53:19,5,1.47,2.1,cb
TR2608220036131,CL101556,EN00083,velo_elec,Lyon,ST1002,ST1017,2026-08-22 15:54:14,2026-08-22 16:04:14,10,2.35,3.5,cb
TR2608220036132,CL100072,EN00201,velo_elec,Lyon,ST1002,ST1010,2026-08-22 15:52:59,2026-08-22 16:09:59,17,4.23,5.25,abonnement
TR2608220036133,CL107296,EN00173,velo_elec,Lyon,ST1007,ST1017,2026-08-22 15:50:55,22/08/2026 15:55,5,1.0,2.25,cb
TR2608220036134,CL106178,EN00065,trottinette,Lyon,ST1007,ST1015,2026-08-22 15:45:59,2026-08-22 15:50:59,5,1.0,2.1,cb
TR2608220036135,CL107760,EN00168,velo_elec,Lyon,ST1008,ST1013,22/08/2026 15:52,2026-08-22 16:02:31,10,1.89,3.5,
TR2608220036136,CL104129,EN00091,velo_elec,Lyon,ST1008,ST1001,2026-08-22 15:53:50,2026-08-22 16:08:50,15,4.42,4.75,abonnement
TR2608220036137,CL102489,EN00151,trottinette,Lyon,ST1008,ST1017,1787406923,2026-08-22 16:07:23,12,3.99,3.64,paypal
TR2608220036138,CL105869,EN00136,trottinette,Lyon,ST1009,ST1002,22/08/2026 15:58,2026-08-22 16:03:18,5,1.22,2.1,abonnement
TR2608220036139,CL105092,EN00139,velo_elec,Lyon,ST1010,ST1004,2026-08-22 15:58:07,1787408107,17,3.98,5.25,cb
TR2608220036140,CL101783,EN00087,trottinette,Lyon,ST1011,ST1003,2026-08-22 15:57:03,2026-08-22 16:22:03,25,4.1,6.5,cb
TR2608220036141,CL101371,EN00050,velo_elec,Lyon,ST1013,ST1005,22/08/2026 15:51,2026-08-22 16:13:19,22,3.92,6.5,cb
TR2608220036142,CL104892,EN00144,trottinette,Lyon,ST1013,ST1001,2026-08-22 15:56:43,2026-08-22 16:09:43,13,2.04,3.86,cb
TR2608220036143,CL106937,EN00096,velo_elec,Lyon,ST1013,ST1015,,2026-08-22 16:00:53,10,2.64,3.5,abonnement
TR2608220036144,CL102347,EN00108,velo_elec,Lyon,ST1013,ST1011,2026-08-22 15:59:21,22/08/2026 16:05,6,1.64,2.5,cb
TR2608220036145,CL100890,EN00113,velo_elec,Lyon,ST1015,ST1013,22/08/2026 15:53,,17,2.57,5.25,paypal
TR2608220036146,CL103523,EN00200,trottinette,Lyon,ST1016,ST1001,2026-08-22 15:50:34,2026-08-22 16:18:34,28,9.04,7.16,cb
TR2608220036147,CL101305,EN00119,trottinette,Lyon,ST1016,ST1012,2026-08-22 15:59:17,2026-08-22 16:20:17,21,7.17,5.62,paypal
TR2608220036148,CL108051,EN00250,velo_elec,Nantes,ST1022,ST1023,2026-08-22 15:59:49,2026-08-22 16:21:49,22,4.73,6.5,cb
TR2608220036149,CL104468,EN00248,trottinette,Nantes,ST1024,ST1029,1787406778,2026-08-22 16:03:58,11,3.51,3.42,cb
TR2608220036150,CL102154,EN00229,trottinette,Nantes,ST1025,ST1028,2026-08-22 15:57:04,1787407564,9,2.3,2.98,cb
TR2608220036151,CL101372,EN00317,trottinette,Nantes,ST1029,ST1029,2026-08-22 15:48:16,2026-08-22 15:58:16,10,3.0,3.2,cb
TR2608220036152,CL103274,EN00493,velo_elec,Lille,ST1038,ST1044,2026-08-22 15:58:09,22/08/2026 16:27,29,6.82,8.25,cb
TR2608220036153,CL102164,EN00406,velo_elec,Lille,ST1042,ST1040,2026-08-22 15:53:37,22/08/2026 16:11,18,6.14,5.5,cb
TR2608220036154,CL101139,EN00496,velo_elec,Lille,ST1043,ST1044,2026-08-22 15:55:16,2026-08-22 16:03:16,8,2.68,3.0,abonnement
TR2608220036155,CL108439,EN00423,velo_elec,Lille,ST1044,ST1043,2026-08-22 15:57:33,2026-08-22 16:06:33,9,2.29,3.25,cb
TR2608220036156,CL107947,EN00456,trottinette,Lille,ST1044,ST1044,2026-08-22 15:46:25,2026-08-22 16:14:25,28,5.36,7.16,cb
TR2608220036157,CL101780,EN00596,velo_elec,Grenoble,ST1048,ST1051,22/08/2026 16:01,2026-08-22 16:08:17,7,1.24,2.75,abonnement
TR2608220036158,CL102708,EN00514,velo_elec,Grenoble,ST1052,ST1052,2026-08-22 15:49:05,2026-08-22 16:07:05,18,5.71,5.5,cb
TR2608220036159,CL108574,EN00013,velo_elec,Lyon,ST1001,ST1018,2026-08-22 16:04:22,2026-08-22 16:14:22,10,3.42,3.5,cb
TR2608220036160,CL106665,EN00073,velo_elec,Lyon,ST1003,ST1015,22/08/2026 16:08,2026-08-22 16:21:52,13,4.2,4.25,paypal
TR2608220036161,CL101123,EN00157,velo_elec,Lyon,ST1003,ST1019,22/08/2026 16:10,22/08/2026 16:31,21,5.13,6.25,cb
TR2608220036162,CL108154,EN00184,velo_elec,Lyon,ST1005,ST1017,1787407349,2026-08-22 16:23:29,21,4.41,6.25,cb
TR2608220036163,CL100897,EN00009,velo_elec,Lyon,ST1006,ST1006,2026-08-22 16:09:49,2026-08-22 16:23:49,14,2.9,4.5,cb
TR2608220036164,CL103375,EN00123,velo_elec,Lyon,ST1006,ST1009,2026-08-22 16:12:42,22/08/2026 16:23,11,3.45,3.75,paypal
TR2608220036165,CL101430,EN00174,velo_elec,Lyon,ST1007,ST1010,2026-08-22 16:08:59,2026-08-22 16:33:59,25,6.37,7.25,paypal
TR2608220036166,CL106665,EN00041,velo_elec,Lyon,ST1008,ST1016,2026-08-22 16:06:44,22/08/2026 16:08,2,0.39,1.5,paypal
TR2608220036167,CL100284,EN00177,velo_elec,Lyon,ST1011,ST1002,2026-08-22 16:01:51,2026-08-22 16:12:51,11,3.04,3.75,abonnement
TR2608220036168,CL102731,EN00124,velo_elec,Lyon,ST1013,ST1015,2026-08-22 16:06:39,2026-08-22 16:19:39,13,3.77,4.25,abonnement
TR2608220036169,CL103626,EN00175,trottinette,Lyon,ST1015,ST1016,2026-08-22 16:08:24,2026-08-22 16:21:24,13,2.51,3.86,cb
TR2608220036170,CL101534,EN00066,trottinette,Lyon,ST1016,ST1012,,1787408920,14,4.66,4.08,cb
TR2608220036171,CL102893,EN00187,velo_elec,Lyon,ST1016,ST1008,2026-08-22 16:02:00,2026-08-22 16:10:00,8,2.52,3.0,cb
TR2608220036172,CL100522,EN00030,trottinette,Lyon,ST1017,ST1018,2026-08-22 16:13:20,2026-08-22 16:16:20,3,0.52,1.66,abonnement
TR2608220036173,CL105577,EN00133,velo_elec,Lyon,ST1018,ST1005,2026-08-22 16:03:15,2026-08-22 16:17:15,14,3.59,4.5,abonnement
TR2608220036174,CL103342,EN00249,velo_elec,Nantes,ST1021,ST1021,1787407717,2026-08-22 16:26:37,18,5.18,5.5,abonnement
TR2608220036175,CL100775,EN00272,trottinette,Nantes,ST1021,ST1024,2026-08-22 16:03:38,2026-08-22 16:08:38,5,1.31,2.1,abonnement
TR2608220036176,CL104949,EN00281,velo_elec,Nantes,ST1022,ST1033,2026-08-22 16:03:59,2026-08-22 16:12:59,9,2.45,3.25,paypal
TR2608220036177,CL104153,EN00340,velo_elec,Nantes,ST1024,ST1030,2026-08-22 16:06:37,2026-08-22 16:10:37,4,1.25,2.0,cb
TR2608220036178,CL107955,EN00282,velo,Nantes,ST1032,ST1027,2026-08-22 16:11:33,2026-08-22 16:32:33,21,5.34,4.15,cb
TR2608220036179,CL108252,EN00251,velo,Nantes,ST1032,ST1023,2026-08-22 16:14:24,,22,6.22,4.3,cb
TR2608220036180,CL100905,EN00481,velo_elec,Lille,ST1034,ST1043,22/08/2026 16:04,2026-08-22 17:15:02,71,12.85,18.75,cb
TR2608220036181,CL106188,EN00374,velo_elec,Lille,ST1040,ST1037,2026-08-22 16:01:57,22/08/2026 16:15,14,2.34,4.5,cb
TR2608220036182,CL105136,EN00461,velo_elec,Lille,ST1042,ST1036,2026-08-22 16:11:55,,10,2.92,3.5,abonnement
TR2608220036183,CL102830,EN00401,trottinette,Lille,ST1044,ST1038,2026-08-22 16:13:40,2026-08-22 16:23:40,10,1.97,3.2,cb
TR2608220036184,CL107851,EN00484,velo_elec,Lille,ST1045,ST1047,2026-08-22 16:08:31,2026-08-22 16:22:31,14,4.27,4.5,abonnement
TR2608220036185,CL105218,EN00382,trottinette,Lille,ST1046,ST1037,2026-08-22 16:08:21,2026-08-22 16:15:21,7,1.24,2.54,cb
TR2608220036186,CL108023,EN00094,velo_elec,Lyon,ST1005,ST1010,2026-08-22 16:20:22,2026-08-22 16:29:22,9,2.95,3.25,cb
TR2608220036187,CL107384,EN00028,trottinette,Lyon,ST1006,ST1013,22/08/2026 16:20,22/08/2026 16:32,12,3.93,3.64,cb
TR2608220036188,CL103660,EN00220,velo_elec,Lyon,ST1010,ST1012,2026-08-22 16:23:16,2026-08-22 16:37:16,14,4.41,4.5,cb
TR2608220036189,CL102346,EN00108,velo_elec,Lyon,ST1011,ST1012,1787409012,22/08/2026 16:54,24,7.63,7.0,abonnement
TR2608220036190,CL103295,EN00168,velo_elec,Lyon,ST1013,ST1015,22/08/2026 16:22,2026-08-22 16:35:47,13,3.07,,abonnement
TR2608220036191,CL106837,EN00205,trottinette,Lyon,ST1014,ST1003,2026-08-22 16:17:35,2026-08-22 16:27:35,10,2.75,3.2,cb
TR2608220036192,CL108312,EN00195,velo_elec,Lyon,ST1014,ST1019,2026-08-22 16:21:35,2026-08-22 16:42:35,21,3.69,6.25,cb
TR2608220036193,CL105740,EN00021,trottinette,Lyon ,ST1014,ST1004,2026-08-22 16:18:46,2026-08-22 16:43:46,25,7.16,6.5,paypal
TR2608220036194,CL106237,EN00065,trottinette,Lyon,ST1015,ST1005,22/08/2026 16:20,2026-08-22 16:24:43,4,1.38,1.88,cb
TR2608220036195,CL104185,EN00096,velo_elec,Lyon,ST1015,ST1004,,22/08/2026 16:37,16,2.67,5.0,cb
TR2608220036196,CL108593,EN00245,velo_elec,Nantes,ST1021,ST1029,2026-08-22 16:25:24,2026-08-22 16:43:24,18,4.47,5.5,abonnement
TR2608220036197,CL106739,EN00267,trottinette,Nantes,ST1021,ST1022,22/08/2026 16:29,2026-08-22 16:37:57,8,1.63,2.76,abonnement
TR2608220036198,CL108689,EN00300,velo_elec,Nantes,ST1023,ST1028,22/08/2026 16:25,2026-08-22 16:38:49,13,3.24,4.25,paypal
TR2608220036199,CL108222,EN00284,trottinette,Nantes,ST1024,ST1023,2026-08-22 16:25:25,2026-08-22 16:45:25,20,3.92,5.4,cb
TR2608220036200,CL100020,EN00238,velo_elec,Nante,ST1025,ST1029,2026-08-22 16:20:06,2026-08-22 16:50:06,30,5.14,8.5,abonnement
TR2608220036201,CL105281,EN00224,velo_elec,Nantes,ST1026,ST1031,2026-08-22 16:27:02,2026-08-22 16:36:02,9,3.07,3.25,cb
TR2608220036202,CL103589,EN00316,velo_elec,Nantes,ST1029,ST1025,22/08/2026 16:25,2026-08-22 16:38:14,13,2.27,4.25,abonnement
TR2608220036203,CL101613,EN00303,velo_elec,Nantes,ST1033,ST1032,1787408145,2026-08-22 16:43:45,28,5.59,8.0,cb
TR2608220036204,CL102493,EN00374,velo_elec,Lille,ST1037,ST1043,2026-08-22 16:30:15,2026-08-22 16:37:15,7,1.34,2.75,cb
TR2608220036205,CL104435,EN00366,trottinette,Lille,ST1038,ST1038,2026-08-22 16:27:34,22/08/2026 16:40,13,4.14,3.86,cb
TR2608220036206,CL106997,EN00442,trottinette,Lille,ST1042,ST1043,2026-08-22 16:17:12,22/08/2026 16:28,11,3.63,3.42,abonnement
TR2608220036207,CL108448,EN00427,trottinette,Lille,ST1043,ST1037,2026-08-22 16:18:53,2026-08-22 16:36:53,18,4.86,4.96,cb
TR2608220036208,CL100277,EN00426,trottinette,Lille,ST1046,ST1039,2026-08-22 16:17:47,22/08/2026 16:27,10,2.96,3.2,cb
TR2608220036209,CL107711,EN00535,velo_elec,Grenoble,ST1050,ST1055,2026-08-22 16:24:41,22/08/2026 16:26,2,0.4,1.5,cb
TR2608220036210,CL107180,EN00544,velo_elec,grenoble,ST1053,ST1058,2026-08-22 16:19:41,2026-08-22 16:31:41,12,2.84,4.0,paypal
TR2608220036211,CL100589,EN00136,trottinette,Lyon,ST1002,ST1018,2026-08-22 16:44:34,2026-08-22 16:58:34,14,4.5,4.08,paypal
TR2608220036212,CL107306,EN00177,velo_elec,Lyon,ST1002,ST1014,2026-08-22 16:42:01,2026-08-22 17:05:01,23,7.95,6.75,paypal
TR2608220036213,CL101952,EN00018,trottinette,Lyon,ST1004,ST1015,2026-08-22 16:36:00,2026-08-22 16:53:00,17,5.31,4.74,cb
TR2608220036214,CL104938,EN00139,velo_elec,Lyon,ST1004,ST1017,2026-08-22 16:39:11,2026-08-22 16:58:11,19,3.13,5.75,paypal
TR2608220036215,CL106731,EN00044,trottinette,Lyon,ST1004,ST1002,2026-08-22 16:35:09,2026-08-22 16:50:09,15,3.23,4.3,cb
TR2608220036216,CL107833,EN00050,velo_elec,Lyon,ST1005,ST1003,1787409889,2026-08-22 16:55:49,11,1.98,3.75,cb
TR2608220036217,CL103645,EN00009,velo_elec,Lyon,ST1006,ST1004,2026-08-22 16:42:08,22/08/2026 16:55,13,3.99,4.25,cb
TR2608220036218,CL100547,EN00129,velo_elec,Lyon,ST1008,ST1006,2026-08-22 16:41:04,2026-08-22 17:13:04,32,7.98,9.0,cb
TR2608220036219,CL101971,EN00186,trottinette,Lyon,ST1009,ST9208,2026-08-22 16:34:25,2026-08-22 16:36:25,2,0.68,1.44,paypal
TR2608220036220,CL102230,EN00185,trottinette,Lyon,ST1013,ST1019,2026-08-22 16:41:16,2026-08-22 16:49:16,8,1.56,2.76,cb
TR2608220036221,CL108894,EN00124,velo_elec,Lyon,ST1015,ST1002,2026-08-22 16:43:27,22/08/2026 16:46,3,0.57,1.75,cb
TR2608220036222,CL108437,EN00102,velo_elec,Lyon,ST1015,ST1013,2026-08-22 16:34:30,22/08/2026 16:49,15,5.17,4.75,cb
TR2608220036223,CL105054,EN00070,trottinette,Lyon,ST1017,ST1003,22/08/2026 16:41,2026-08-22 16:48:45,7,1.29,2.54,cb
TR2608220036224,CL103746,EN00221,velo_elec,NANTES,ST1020,ST1021,2026-08-22 16:42:26,2026-08-22 16:54:26,12,2.64,4.0,cb
TR2608220036225,CL108287,EN00359,trottinette,Nantes,ST1020,ST1020,2026-08-22 16:45:47,22/08/2026 17:03,18,5.0,4.96,cb
TR2608220036226,CL100495,EN00249,velo_elec,Nante,ST1021,ST1022,2026-08-22 16:38:33,1787409993,8,2.39,3.0,abonnement
TR2608220036227,CL102173,EN00295,velo_elec,Nantes,ST1024,ST1028,2026-08-22 16:37:09,2026-08-22 16:51:09,14,2.45,4.5,cb
TR2608220036228,CL104468,EN00293,velo_elec,Nantes,ST1028,ST1032,2026-08-22 16:34:07,1787409787,9,2.48,3.25,cb
TR2608220036229,CL100048,EN00248,trottinette,Nante,ST1029,ST1020,2026-08-22 16:45:02,2026-08-22 17:03:02,18,5.98,4.96,paypal
TR2608220036230,CL108806,EN00365,velo_elec,Lille,ST1034,ST1036,2026-08-22 16:36:00,2026-08-22 17:01:00,25,6.43,7.25,paypal
TR2608220036231,CL105921,EN00495,trottinette,Lille,ST1036,ST1037,2026-08-22 16:34:52,22/08/2026 16:40,6,1.02,2.32,cb
TR2608220036232,CL108736,EN00368,trottinette,Lille,ST1038,ST1037,2026-08-22 16:42:51,22/08/2026 17:02,20,5.89,5.4,abonnement
TR2608220036233,CL101786,EN00442,trottinette,Lille,ST1043,ST1040,2026-08-22 16:39:23,2026-08-22 16:41:23,2,0.37,1.44,paypal
TR2608220036234,CL105539,EN00456,trottinette,Lille,ST1044,ST1040,2026-08-22 16:40:25,22/08/2026 16:49,9,2.45,2.98,cb
TR2608220036235,CL100408,EN00532,velo_elec,Grenoble,ST1054,ST1049,1787409110,2026-08-22 16:38:50,7,1.18,2.75,cb
TR2608220036236,CL100618,EN00535,velo_elec,Grenoble,ST1055,ST1049,2026-08-22 16:32:49,22/08/2026 16:39,7,1.55,2.75,cb
TR2608220036237,CL100007,EN00144,trottinette,Lyon,ST1001,ST1015,22/08/2026 16:54,2026-08-22 17:00:59,6,1.94,2.32,cb
TR2608220036238,CL100426,EN00133,velo_elec,Lyon,ST1005,ST1015,1787410586,22/08/2026 17:25,29,9.21,8.25,abonnement
TR2608220036239,CL100290,EN00127,trottinette,Lyon,ST1006,ST1002,2026-08-22 16:50:03,,21,5.14,5.62,cb
TR2608220036240,CL104909,EN00104,trottinette,Lyon,ST1008,ST1002,2026-08-22 16:50:21,2026-08-22 16:57:21,7,1.39,2.54,cb
TR2608220036241,CL100844,EN00216,velo_elec,Lyon,ST1008,ST1011,2026-08-22 16:53:09,2026-08-22 17:08:09,15,3.56,4.75,
TR2608220036242,CL105577,EN00213,trottinette,Lyon,ST1011,ST1018,22/08/2026 17:00,1787411089,4,1.3,1.88,cb
TR2608220036243,CL103198,EN00066,trottinette,Lyon ,ST1012,ST1001,2026-08-22 16:55:32,2026-08-22 17:14:32,19,6.3,5.18,cb
TR2608220036244,CL106723,EN00081,velo_elec,Lyon,ST1014,ST1006,2026-08-22 16:47:33,2026-08-22 17:02:33,15,4.59,4.75,abonnement
TR2608220036245,CL102159,EN00168,velo_elec,LYON,ST1015,ST1008,22/08/2026 16:53,2026-08-22 17:03:14,10,1.87,3.5,cb
TR2608220036246,CL108024,EN00207,velo_elec,Lyon,ST1015,ST1014,2026-08-22 17:00:41,2026-08-22 17:03:41,3,0.47,1.75,cb
TR2608220036247,CL107897,EN00258,trottinette,Nantes,ST1021,ST1029,2026-08-22 16:59:10,2026-08-22 17:03:10,4,1.08,1.88,cb
TR2608220036248,CL106656,EN00314,trottinette,NANTES,ST1021,ST1030,22/08/2026 16:46,2026-08-22 17:08:12,22,7.1,5.84,cb
TR2608220036249,CL106512,EN00354,velo_elec,Nantes,ST1022,ST1031,2026-08-22 16:49:47,2026-08-22 16:54:47,5,0.83,2.25,abonnement
TR2608220036250,CL100012,EN00290,trottinette,Nantes,ST1027,ST1020,2026-08-22 16:54:43,2026-08-22 17:06:43,12,2.61,3.64,paypal
TR2608220036251,CL102255,EN00340,velo_elec,Nantes,ST1030,ST1028,2026-08-22 16:51:34,2026-08-22 17:05:34,14,4.69,4.5,cb
TR2608220036252,CL105443,EN00411,trottinette,Lille,ST1035,ST1041,2026-08-22 16:57:52,2026-08-22 17:21:52,24,4.24,6.28,abonnement
TR2608220036253,CL107867,EN00381,trottinette,Lille,ST1035,ST1037,22/08/2026 16:56,2026-08-22 17:01:39,5,1.69,2.1,cb
TR2608220036254,CL106444,EN00414,velo_elec,Lille,ST1036,ST1043,22/08/2026 16:58,2026-08-22 17:09:59,11,3.33,3.75,cb
TR2608220036255,CL102769,EN00401,trottinette,Lille,ST1038,ST1046,2026-08-22 16:55:29,1787411009,8,1.36,2.76,abonnement
TR2608220036256,CL102228,EN00403,trottinette,Lille,ST1039,ST1043,1787410831,2026-08-22 17:23:31,23,7.97,6.06,abonnement
TR2608220036257,CL106988,EN00374,velo_elec, Lille,ST1043,ST1035,2026-08-22 16:51:43,2026-08-22 16:56:43,5,1.11,2.25,cb
TR2608220036258,CL102215,EN00493,velo_elec,Lille,ST1044,ST1041,2026-08-22 16:52:21,22/08/2026 17:08,16,3.38,5.0,cb
TR2608220036259,CL105722,EN00496,velo_elec, Lille,ST1044,ST1041,2026-08-22 16:54:23,2026-08-22 17:02:23,8,1.6,3.0,cb
TR2608220036260,CL103905,EN00424,velo_elec,Lille,ST1047,ST1036,2026-08-22 16:57:18,2026-08-22 17:02:18,5,1.44,2.25,cb
TR2608220036261,CL100797,EN00537,velo_elec,Grenoble,ST1054,ST1053,2026-08-22 16:52:38,2026-08-22 17:08:38,16,2.99,5.0,abonnement
TR2608220036262,CL101015,EN00544,velo_elec,Grenoble,ST1058,ST1056,2026-08-22 16:59:46,2026-08-22 17:18:46,19,3.08,5.75,cb
TR2608220036263,CL106744,EN00186,trottinette,Lyon,ST1002,ST1007,22/08/2026 17:09,2026-08-22 17:23:43,14,2.56,4.08,cb
TR2608220036264,CL107096,EN00117,trottinette,Lyon,ST1008,ST1015,22/08/2026 17:14,22/08/2026 17:23,9,3.03,2.98,cb
TR2608220036265,CL107587,EN00061,trottinette,Lyon,ST1009,ST1008,2026-08-22 17:09:53,1787412233,14,2.48,4.08,paypal
TR2608220036266,CL103561,EN00055,trottinette,Lyon,ST1010,ST1008,2026-08-22 17:07:24,1787412504,21,7.09,5.62,cb
TR2608220036267,CL100044,EN00113,velo_elec,Lyon,ST1013,ST1011,22/08/2026 17:08,2026-08-22 17:28:15,20,4.86,6.0,cb
TR2608220036268,CL100615,EN00028,trottinette,Lyon,ST1013,ST1001,2026-08-22 17:06:23,2026-08-22 17:11:23,5,0.94,2.1,abonnement
TR2608220036269,CL108591,EN00073,velo_elec,Lyon,ST1015,ST1009,2026-08-22 17:11:56,22/08/2026 17:23,12,2.61,4.0,cb
TR2608220036270,CL104426,EN00030,trottinette,Lyon,ST1018,ST1012,2026-08-22 17:06:40,2026-08-22 17:25:40,19,4.26,5.18,cb
TR2608220036271,CL101074,EN00157,velo_elec,Lyon,ST1019,ST1015,22/08/2026 17:02,22/08/2026 17:19,17,4.17,5.25,abonnement
TR2608220036272,CL108612,EN00342,velo_elec,Nantes,ST1022,ST1033,2026-08-22 17:10:24,2026-08-22 17:42:24,32,5.66,9.0,cb
TR2608220036273,CL106115,EN00294,velo_elec,Nantes,ST1022,ST1023,22/08/2026 17:02,22/08/2026 17:34,32,8.62,9.0,cb
TR2608220036274,CL108165,EN00263,trottinette,Nantes,ST1025,ST1020,2026-08-22 17:08:07,2026-08-22 17:30:07,22,4.31,5.84,abonnement
TR2608220036275,CL103864,EN00270,velo_elec,Nantes,ST1028,ST1025,2026-08-22 17:04:32,2026-08-22 17:10:32,6,0.96,2.5,paypal
TR2608220036276,CL104622,EN00303,velo_elec,Nante,ST1032,ST1021,2026-08-22 17:04:29,2026-08-22 17:27:29,23,7.08,6.75,abonnement
TR2608220036277,CL103893,EN00366,trottinette,Lille,ST1038,ST1040,2026-08-22 17:14:40,2026-08-22 17:36:40,22,7.43,5.84,paypal
TR2608220036278,CL101119,EN00416,trottinette,Lille,ST1039,ST1042,2026-08-22 17:11:48,2026-08-22 17:29:48,18,6.16,4.96,abonnement
TR2608220036279,CL104346,EN00496,velo_elec,Lille,ST1041,ST1044,2026-08-22 17:06:01,2026-08-22 17:13:01,7,1.52,2.75,cb
TR2608220036280,CL103019,EN00423,velo_elec,Lille,ST1043,ST1047,2026-08-22 17:06:37,2026-08-22 17:17:37,11,1.67,3.75,paypal
TR2608220036281,CL103813,EN00484,velo_elec,Lille,ST1047,ST1040,22/08/2026 17:14,2026-08-22 17:27:01,13,2.68,4.25,paypal
TR2608220036282,CL106528,EN00535,velo_elec,Grenoble,ST1049,ST1054,2026-08-22 17:01:58,2026-08-22 17:45:58,44,7.13,12.0,abonnement
TR2608220036283,CL102404,EN00514,velo_elec,Grenoble,ST1052,ST1053,1787411218,22/08/2026 17:18,12,2.01,4.0,cb
TR2608220036284,CL101096,EN00530,velo_elec,GRENOBLE,ST1054,ST1051,2026-08-22 17:14:19,22/08/2026 17:30,16,5.06,5.0,abonnement
TR2608220036285,CL104806,EN00124,velo_elec,Lyon,ST1002,ST1017,22/08/2026 17:29,2026-08-22 17:41:11,12,3.15,4.0,
TR2608220036286,CL105450,EN00145,trottinette,Lyon,ST1003,ST1010,2026-08-22 17:30:42,2026-08-22 17:38:42,8,2.59,2.76,cb
TR2608220036287,CL101585,EN00009,velo_elec,Lyon ,ST1004,ST1014,22/08/2026 17:19,2026-08-22 17:31:02,12,2.21,4.0,cb
TR2608220036288,CL106222,EN00096,velo_elec,Lyon,ST1004,ST1019,22/08/2026 17:16,2026-08-22 17:50:40,34,11.08,9.5,cb
TR2608220036289,CL103017,EN00010,trottinette,Lyon,ST1007,ST1013,2026-08-22 17:21:09,22/08/2026 17:28,7,2.11,2.54,cb
TR2608220036290,CL108006,EN00168,velo_elec,Lyon,ST1008,ST1010,2026-08-22 17:27:50,1787412710,4,1.06,2.0,abonnement
TR2608220036291,CL106614,EN00090,trottinette,Lyon,ST1009,ST1002,2026-08-22 17:18:11,22/08/2026 17:38,20,3.19,5.4,cb
TR2608220036292,CL102756,EN00162,velo_elec,Lyon,ST1009,ST1017,2026-08-22 17:22:57,22/08/2026 17:29,7,2.26,2.75,abonnement
TR2608220036293,CL103045,EN00140,trottinette,Lyon,ST1011,ST1006,2026-08-22 17:26:13,2026-08-22 17:34:13,8,2.45,2.76,cb
TR2608220036294,CL108583,EN00025,velo_elec,Lyon,ST1011,ST1001,2026-08-22 17:28:48,2026-08-22 17:36:48,8,1.3,3.0,abonnement
TR2608220036295,CL101187,EN00089,trottinette,Lyon,ST1011,ST1011,2026-08-22 17:26:17,,7,1.45,2.54,cb
TR2608220036296,CL100858,EN00041,velo_elec,Lyon,ST1016,ST1010,1787411980,22/08/2026 17:48,29,7.14,8.25,abonnement
TR2608220036297,CL104813,EN00092,trottinette,Lyon,ST1017,ST1015,2026-08-22 17:28:02,2026-08-22 17:38:02,10,2.66,3.2,cb
TR2608220036298,CL104256,EN00213,trottinette,Lyon,ST1018,ST1019,22/08/2026 17:27,2026-08-22 17:37:54,10,3.06,3.2,abonnement
TR2608220036299,CL103997,EN00115,velo_elec,Lyon,ST1019,ST1012,2026-08-22 17:24:35,2026-08-22 17:38:35,14,4.24,4.5,cb
TR2608220036300,CL100231,EN00239,trottinette,Nantes,ST1021,ST1022,2026-08-22 17:23:25,1787413225,17,5.86,4.74,cb
TR2608220036301,CL101301,EN00250,velo_elec,Nantes,ST1023,ST1020,2026-08-22 17:20:03,2026-08-22 17:25:03,5,0.79,2.25,cb
TR2608220036302,CL103516,EN00312,trottinette,Nantes,ST1024,ST1033,2026-08-22 17:20:15,2026-08-22 17:28:15,8,2.61,2.76,abonnement
TR2608220036303,CL108265,EN00270,velo_elec,Nantes,ST1025,ST1022,22/08/2026 17:25,2026-08-22 17:38:06,13,4.26,4.25,cb
TR2608220036304,CL104936,EN00273,velo_elec,Nantes,ST1026,ST1029,2026-08-22 17:18:59,2026-08-22 17:25:59,7,1.57,2.75,paypal
TR2608220036305,CL106702,EN00291,velo_elec,Nantes,ST1026,ST1023,2026-08-22 17:27:42,2026-08-22 17:46:42,19,5.3,5.75,cb
TR2608220036306,CL102784,EN00226,velo_elec,NANTES,ST1030,ST1024,,2026-08-22 17:56:29,30,8.18,8.5,cb
TR2608220036307,CL105047,EN00293,velo_elec,Nantes,ST1032,ST1022,2026-08-22 17:27:09,2026-08-22 17:32:09,5,1.15,2.25,abonnement
TR2608220036308,CL107856,EN00393,trottinette,Lille,ST1035,ST1037,2026-08-22 17:21:32,2026-08-22 17:30:32,9,2.68,2.98,cb
TR2608220036309,CL100388,EN00394,velo_elec,LILLE,ST1035,ST1039,2026-08-22 17:20:35,2026-08-22 17:40:35,20,5.82,6.0,cb
TR2608220036310,CL100019,EN00427,trottinette,Lille,ST1037,ST1046,22/08/2026 17:19,2026-08-22 17:29:50,10,2.1,3.2,paypal
TR2608220036311,CL103131,EN00400,trottinette,Lille,ST1039,ST1042,2026-08-22 17:19:22,2026-08-22 17:34:22,15,4.8,4.3,abonnement
TR2608220036312,CL108881,EN00493,velo_elec,Lille,ST1041,ST1035,,2026-08-22 17:33:08,9,2.63,3.25,abonnement
TR2608220036313,CL101992,EN00434,velo_elec,Lille,ST1042,ST1037,2026-08-22 17:16:45,,11,3.5,3.75,abonnement
TR2608220036314,CL105834,EN00414,velo_elec,Lille,ST1043,ST1036,2026-08-22 17:20:18,1787412378,6,1.97,2.5,abonnement
TR2608220036315,CL100371,EN00496,velo_elec,Lille,ST1044,ST1043,2026-08-22 17:29:18,22/08/2026 17:47,18,3.71,5.5,paypal
TR2608220036316,CL107087,EN00361,trottinette,LILLE,ST1044,ST1046,2026-08-22 17:23:10,2026-08-22 17:30:10,7,2.11,2.54,cb
TR2608220036317,CL101583,EN00419,velo,Lille,ST1044,ST1036,2026-08-22 17:27:05,1787413745,22,4.03,4.3,abonnement
TR2608220036318,CL104800,EN00401,trottinette,lille,ST1046,ST1036,2026-08-22 17:22:46,2026-08-22 17:36:46,14,4.66,4.08,abonnement
TR2608220036319,CL107414,EN00533,velo_elec,Grenoble,ST1050,ST1053,2026-08-22 17:19:01,2026-08-22 17:27:01,8,2.49,3.0,cb
TR2608220036320,CL108410,EN00520,velo_elec,Grenoble,ST1050,ST1048,2026-08-22 17:22:01,2026-08-22 17:37:01,15,3.08,4.75,abonnement
TR2608220036321,CL105595,EN00523,velo_elec,Grenoble,ST1055,ST1055,2026-08-22 17:19:09,2026-08-22 17:23:09,4,0.63,2.0,cb
TR2608220036322,CL101526,EN00527,velo_elec,Grenoble,ST1056,ST1054,2026-08-22 17:23:54,2026-08-22 17:43:54,20,5.83,6.0,abonnement
TR2608220036323,CL107581,EN00066,trottinette,Lyon,ST1001,ST1003,2026-08-22 17:31:58,2026-08-22 17:41:58,10,2.96,3.2,cb
TR2608220036324,CL105432,EN00127,trottinette,Lyon,ST1002,ST1009,2026-08-22 17:42:40,,10,2.05,3.2,cb
TR2608220036325,CL102035,EN00070,trottinette,Lyon,ST1003,ST1001,22/08/2026 17:33,2026-08-22 17:51:52,18,4.21,4.96,cb
TR2608220036326,CL100676,EN00006,trottinette,Lyon,ST1004,ST1007,2026-08-22 17:38:33,2026-08-22 17:53:33,15,4.33,4.3,cb
TR2608220036327,CL100450,EN00065,trottinette,Lyon,ST1005,ST1014,2026-08-22 17:35:40,2026-08-22 17:38:40,3,0.8,1.66,paypal
TR2608220036328,CL106222,EN00100,velo_elec,Lyon,ST1006,ST1019,2026-08-22 17:32:49,1787413549,13,3.1,4.25,cb
TR2608220036329,CL100812,EN00085,velo_elec,Lyon,ST1006,ST1016,2026-08-22 17:41:58,2026-08-22 17:48:58,7,2.27,2.75,cb
TR2608220036330,CL108064,EN00049,trottinette,Lyon,ST1006,ST1005,2026-08-22 17:45:48,2026-08-22 18:11:48,26,7.53,6.72,cb
TR2608220036331,CL103231,EN00081,velo_elec,Lyonn,ST1006,ST1013,2026-08-22 17:39:57,2026-08-22 17:58:57,19,5.3,5.75,
TR2608220036332,CL103053,EN00186,trottinette,Lyon,ST1007,ST1013,2026-08-22 17:35:15,22/08/2026 17:44,9,2.7,2.98,abonnement
TR2608220036333,CL106438,EN00061,trottinette,Lyon,ST1008,ST1010,2026-08-22 17:36:50,2026-08-22 17:46:50,10,3.13,3.2,cb
TR2608220036334,CL101517,EN00113,velo_elec,Lyon,ST1011,ST1011,2026-08-22 17:39:20,2026-08-22 17:56:20,17,4.84,5.25,cb
TR2608220036335,CL107063,EN00170,trottinette,Lyon,ST1012,ST1018,1787412735,2026-08-22 17:46:15,14,3.19,4.08,paypal
TR2608220036336,CL106193,EN00010,trottinette,Lyon,ST1013,ST1008,2026-08-22 17:32:16,2026-08-22 18:14:16,42,12.06,10.24,abonnement
TR2608220036337,CL108824,EN00102,velo_elec,Lyon,ST1013,ST1004,2026-08-22 17:43:11,2026-08-22 18:02:11,19,6.12,5.75,cb
TR2608220036338,CL106121,EN00009,velo_elec,Lyon,ST1014,ST1011,2026-08-22 17:33:40,1787413540,12,3.61,4.0,abonnement
TR2608220036339,CL100609,EN00191,trottinette,Lyon,ST1014,ST1009,2026-08-22 17:42:26,2026-08-22 18:11:26,29,9.53,7.38,
TR2608220036340,CL108458,EN00197,velo_elec,Lyon,ST1015,ST1008,22/08/2026 17:37,1787413219,3,0.95,1.75,abonnement
TR2608220036341,CL100532,EN00157,velo_elec,Lyon,ST1015,ST1004,2026-08-22 17:40:48,2026-08-22 17:56:48,16,2.55,5.0,cb
TR2608220036342,CL107644,EN00175,trottinette,Lyon,ST1016,ST1012,2026-08-22 17:45:37,2026-08-22 18:10:37,25,7.15,6.5,paypal
TR2608220036343,CL104983,EN00195,velo_elec,Lyon,ST1019,ST1008,22/08/2026 17:42,2026-08-22 17:49:01,7,1.22,2.75,abonnement
TR2608220036344,CL106025,EN00290,trottinette,Nantes,ST1020,ST1022,2026-08-22 17:43:28,2026-08-22 17:59:28,16,3.28,4.52,abonnement
TR2608220036345,CL101535,EN00284,trottinette,Nantes,ST1023,ST1031,2026-08-22 17:44:46,2026-08-22 17:52:46,8,1.85,2.76,abonnement
TR2608220036346,CL101401,EN00261,trottinette,Nantes,ST1024,ST1023,2026-08-22 17:34:44,2026-08-22 17:56:44,22,4.25,5.84,cb
TR2608220036347,CL108707,EN00352,velo_elec,Nantes,ST1027,ST1029,22/08/2026 17:41,2026-08-22 17:53:03,12,3.14,4.0,cb
TR2608220036348,CL107254,EN00276,velo_elec,Nantes,ST1031,ST1020,1787413426,2026-08-22 18:03:46,20,5.17,6.0,abonnement
TR2608220036349,CL102618,EN00281,velo_elec,Nantes,ST1033,ST1031,2026-08-22 17:34:06,2026-08-22 18:00:06,26,5.43,7.5,cb
TR2608220036350,CL103393,EN00460,velo_elec,Lille,ST1034,ST1047,2026-08-22 17:41:40,2026-08-22 17:58:40,17,4.93,5.25,cb
TR2608220036351,CL106854,EN00374,velo_elec,lille,ST1035,ST1047,2026-08-22 17:31:33,22/08/2026 17:35,4,1.2,2.0,cb
TR2608220036352,CL104947,EN00424,velo_elec,Lille,ST1036,ST1044,2026-08-22 17:38:40,2026-08-22 17:48:40,10,3.28,3.5,paypal
TR2608220036353,CL106920,EN00417,trottinette,Lille,ST1036,ST1037,2026-08-22 17:46:14,2026-08-22 18:25:14,39,10.28,9.58,cb
TR2608220036354,CL100792,EN00456,trottinette,Lille,ST1040,ST1041,2026-08-22 17:33:50,2026-08-22 17:46:50,13,3.94,3.86,cb
TR2608220036355,CL102363,EN00411,trottinette, Lille,ST1041,ST1045,22/08/2026 17:38,2026-08-22 17:51:53,13,3.51,3.86,cb
TR2608220036356,CL107424,EN00416,trottinette,Lille,ST1042,ST1037,2026-08-22 17:34:02,22/08/2026 17:40,6,1.7,2.32,cb
TR2608220036357,CL106898,EN00091,velo_elec,Lyon,ST1001,ST1002,2026-08-22 17:54:16,2026-08-22 18:05:16,11,3.02,3.75,cb
TR2608220036358,CL104305,EN00028,trottinette,Lyon,ST1001,ST1011,2026-08-22 17:55:22,22/08/2026 18:11,16,4.96,4.52,abonnement
TR2608220036359,CL105991,EN00090,trottinette,Lyon,ST1002,ST1016,2026-08-22 17:48:18,2026-08-22 18:03:18,15,2.51,4.3,cb
TR2608220036360,CL101756,EN00104,trottinette,Lyon,ST1002,ST1009,2026-08-22 17:57:23,2026-08-22 18:24:23,27,6.39,6.94,cb
TR2608220036361,CL106771,EN00021,trottinette,Lyon,ST1004,ST1012,2026-08-22 17:46:38,2026-08-22 17:52:38,6,1.84,2.32,cb
TR2608220036362,CL107340,EN00026,trottinette,Lyon,ST1004,ST1019,2026-08-22 17:58:16,2026-08-22 18:01:16,3,0.87,1.66,cb
TR2608220036363,CL105731,EN00140,trottinette,Lyon,ST1006,ST1016,2026-08-22 17:46:41,2026-08-22 18:11:41,25,8.57,6.5,cb
TR2608220036364,CL104952,EN00178,velo_elec,Lyon,ST1007,ST1011,2026-08-22 17:48:39,2026-08-22 17:54:39,6,0.97,2.5,paypal
TR2608220036365,CL975633,EN00073,velo_elec,Lyon,ST1009,ST1007,2026-08-22 17:58:29,2026-08-22 18:09:29,11,3.14,3.75,abonnement
TR2608220036366,CL107703,EN00145,trottinette,Lyon,ST1010,ST1010,2026-08-22 17:56:53,1787414693,8,2.38,2.76,cb
TR2608220036367,CL103701,EN00220,velo_elec,Lyon,ST1012,ST1011,2026-08-22 17:59:28,2026-08-22 18:09:28,10,2.19,3.5,cb
TR2608220036368,CL108908,EN00030,trottinette,Lyon,ST1012,ST1019,2026-08-22 17:48:04,2026-08-22 18:01:04,13,3.21,3.86,cb
TR2608220036369,CL107977,EN00183,velo_elec,lyon,ST1018,ST1017,1787414211,22/08/2026 18:04,8,1.29,3.0,cb
TR2608220036370,CL108023,EN00213,trottinette,Lyon,ST1019,ST1007,2026-08-22 17:49:09,2026-08-22 17:55:09,6,1.47,2.32,cb
TR2608220036371,CL100346,EN00263,trottinette,Nantes,ST1020,ST1026,2026-08-22 17:59:41,,10,3.1,3.2,cb
TR2608220036372,CL102512,EN00294,velo_elec,Nante,ST1023,ST1031,2026-08-22 17:54:53,22/08/2026 18:09,15,3.13,4.75,cb
TR2608220036373,CL101451,EN00311,trottinette,Nantes,ST1027,ST1024,2026-08-22 18:01:15,2026-08-22 18:20:15,19,3.21,5.18,cb
TR2608220036374,CL108949,EN00246,trottinette,Nantes,ST1027,ST1020,2026-08-22 17:58:50,2026-08-22 18:22:50,24,7.38,6.28,
TR2608220036375,CL102395,EN00338,velo_elec,Nantes,ST1027,ST1020,2026-08-22 17:53:47,2026-08-22 18:31:47,38,8.67,10.5,cb
TR2608220036376,CL105879,EN00266,velo_elec,Nantes,ST1028,ST1025,2026-08-22 17:51:08,2026-08-22 18:00:08,9,2.24,3.25,cb
TR2608220036377,CL105840,EN00224,velo_elec,Nantes,ST1031,ST1025,,22/08/2026 18:03,12,3.15,4.0,abonnement
TR2608220036378,CL956465,EN00302,velo_elec,nantes,ST1033,ST1026,2026-08-22 17:51:20,2026-08-22 17:59:20,8,2.23,3.0,cb
TR2608220036379,CL107765,EN00439,velo_elec, Lille,ST1038,ST1047,22/08/2026 17:55,2026-08-22 18:07:44,12,3.92,4.0,cb
TR2608220036380,CL107994,EN00394,velo_elec,Lille,ST1039,ST1037,2026-08-22 17:59:57,2026-08-22 18:15:57,16,4.09,5.0,cb
TR2608220036381,CL107401,EN00484,velo_elec,Lille,ST1040,ST1047,,22/08/2026 18:02,13,4.12,4.25,cb
TR2608220036382,CL106624,EN00420,trottinette,Lille,ST1040,ST1036,2026-08-22 18:00:13,2026-08-22 18:08:13,8,1.85,2.76,cb
TR2608220036383,CL103891,EN00456,trottinette,Lille,ST1041,ST1034,2026-08-22 17:49:36,2026-08-22 18:04:36,15,5.0,4.3,cb
TR2608220036384,CL101053,EN00468,trottinette,Lille,ST1042,ST1040,2026-08-22 17:56:55,2026-08-22 18:04:55,8,2.6,2.76,abonnement
TR2608220036385,CL102970,EN00363,velo_elec,lille,ST1047,ST1036,2026-08-22 17:52:11,2026-08-22 18:02:11,10,2.61,3.5,abonnement
TR2608220036386,CL108102,EN00578,velo_elec,Grenoble,ST1048,ST1056,22/08/2026 17:54,2026-08-22 18:07:46,13,2.78,4.25,abonnement
TR2608220036387,CL104601,EN00527,velo_elec,Grenoble,ST1054,ST1048,2026-08-22 17:58:37,1787414977,11,3.41,3.75,cb
TR2608220036388,CL100517,EN00523,velo_elec,Grenoble,ST1055,ST1050,2026-08-22 17:56:57,2026-08-22 18:07:57,11,2.22,3.75,cb
TR2608220036389,CL104905,EN00070,trottinette,Lyon,ST1001,ST1004,2026-08-22 18:12:39,2026-08-22 18:17:39,5,1.71,2.1,cb
TR2608220036390,CL100355,EN00122,trottinette,Lyon,ST1002,ST1012,2026-08-22 18:05:11,22/08/2026 18:14,9,2.3,2.98,cb
TR2608220036391,CL107727,EN00129,velo_elec,Lyon,ST1006,ST1012,2026-08-22 18:02:31,2026-08-22 18:07:31,5,1.02,2.25,abonnement
TR2608220036392,CL104498,EN00197,velo_elec,Lyon,ST1008,ST1003,2026-08-22 18:11:36,2026-08-22 18:17:36,6,1.87,2.5,
TR2608220036393,CL108348,EN00195,velo_elec,Lyon,ST1008,ST1014,2026-08-22 18:11:52,2026-08-22 18:17:52,6,2.05,2.5,cb
TR2608220036394,CL104715,EN00123,velo_elec,Lyon,ST1009,ST1013,2026-08-22 18:11:58,2026-08-22 18:18:58,7,2.31,2.75,cb
TR2608220036395,CL100818,EN00141,velo_elec,Lyon,ST1009,ST1018,2026-08-22 18:14:48,2026-08-22 18:24:48,10,1.78,3.5,cb
TR2608220036396,CL107276,EN00215,velo_elec,Lyon,ST1014,ST1016,2026-08-22 18:06:15,2026-08-22 18:14:15,8,1.84,3.0,cb
TR2608220036397,CL108494,EN00065,trottinette,Lyon,ST1014,ST1006,,2026-08-22 18:13:45,7,1.72,2.54,cb
TR2608220036398,CL102798,EN00184,velo_elec,Lyon,ST1017,ST1015,2026-08-22 18:01:59,22/08/2026 18:11,10,3.46,3.5,cb
TR2608220036399,CL101387,EN00131,trottinette,Lyon,ST1018,ST1001,22/08/2026 18:06,2026-08-22 18:19:38,13,2.11,3.86,cb
TR2608220036400,CL107053,EN00101,velo_elec,Lyon,ST1019,ST1003,2026-08-22 18:06:25,2026-08-22 18:57:25,51,9.17,13.75,paypal
TR2608220036401,CL100904,EN00080,trottinette,Lyon,ST1019,ST1016,2026-08-22 18:15:36,2026-08-22 18:25:36,10,3.15,3.2,cb
TR2608220036402,CL105344,EN00185,trottinette,Lyon,ST1019,ST1018,22/08/2026 18:15,1787416381,18,6.27,4.96,cb
TR2608220036403,CL101825,EN00303,velo_elec,Nantes,ST1021,ST1020,2026-08-22 18:04:51,22/08/2026 18:09,5,0.95,2.25,cb
TR2608220036404,CL104541,EN00239,trottinette,Nantes,ST1022,ST1025,22/08/2026 18:12,22/08/2026 18:20,8,1.68,2.76,abonnement
TR2608220036405,CL108335,EN00302,velo_elec,Nantes,ST1026,ST1028,2026-08-22 18:07:26,2026-08-22 18:34:26,27,4.8,7.75,abonnement
TR2608220036406,CL104329,EN00324,velo,Nantes,ST1027,ST1026,1787414911,2026-08-22 18:36:31,28,6.42,5.2,cb
TR2608220036407,CL105599,EN00307,trottinette,Nantes,ST1028,ST1024,1787415189,1787415849,11,2.57,3.42,cb
TR2608220036408,CL102599,EN00493,velo_elec,Lille,ST1035,ST1047,22/08/2026 18:06,2026-08-22 18:21:29,15,2.5,4.75,paypal
TR2608220036409,CL102399,EN00401,trottinette,Lille,ST1036,ST1046,2026-08-22 18:15:50,2026-08-22 18:24:50,9,2.21,2.98,cb
TR2608220036410,CL108839,EN00363,velo_elec,Lille,ST1036,ST1043,2026-08-22 18:07:54,22/08/2026 18:17,10,3.36,3.5,cb
TR2608220036411,CL106703,EN00495,trottinette,Lille,ST1037,ST1037,,22/08/2026 18:12,9,2.15,2.98,cb
TR2608220036412,CL107243,EN00388,velo_elec,Lille,ST1038,ST1044,2026-08-22 18:03:29,,6,1.43,2.5,cb
TR2608220036413,CL107186,EN00478,trottinette,Lille,ST1038,ST1041,2026-08-22 18:15:01,2026-08-22 18:36:01,21,5.47,5.62,cb
TR2608220036414,CL106775,EN00411,trottinette,Lille,ST1045,ST1040,2026-08-22 18:02:45,2026-08-22 18:09:45,7,1.45,2.54,paypal
TR2608220036415,CL103862,EN00508,trottinette,Grenoble,ST1050,ST1057,22/08/2026 18:08,2026-08-22 18:17:47,9,2.04,2.98,cb
TR2608220036416,CL105159,EN00073,velo_elec,Lyon,ST1007,ST1010,2026-08-22 18:18:03,2026-08-22 18:25:03,7,2.17,2.75,cb
TR2608220036417,CL106299,EN00055,trottinette,Lyon,ST1008,ST1006,1787415779,2026-08-22 18:35:59,13,2.19,3.86,abonnement
TR2608220036418,CL103570,EN00167,trottinette,Lyon,ST1014,ST1019,2026-08-22 18:20:50,22/08/2026 18:38,18,4.75,4.96,cb
TR2608220036419,CL106205,EN00053,trottinette,Lyon,ST1014,ST1016,2026-08-22 18:27:42,2026-08-22 18:40:42,13,3.22,3.86,cb
TR2608220036420,CL100954,EN00111,trottinette,Lyon,ST1019,ST1003,2026-08-22 18:27:44,2026-08-22 18:35:44,8,1.85,2.76,cb
TR2608220036421,CL105978,EN00254,velo_elec,Nantes,ST1025,ST1029,2026-08-22 18:29:10,2026-08-22 18:38:10,9,3.06,3.25,abonnement
TR2608220036422,CL107635,EN00275,velo,Nantes,ST1027,ST1025,2026-08-22 18:25:09,2026-08-22 18:32:09,7,2.28,2.05,cb
TR2608220036423,CL104928,EN00346,velo,Nantes,ST1027,ST1028,2026-08-22 18:25:16,2026-08-22 18:33:16,8,2.71,2.2,abonnement
TR2608220036424,CL107894,EN00354,velo_elec,Nantes,ST1031,ST1029,2026-08-22 18:28:19,2026-08-22 18:31:19,3,0.9,1.75,paypal
TR2608220036425,CL102432,EN00298,trottinette,nantes,ST1033,ST1031,2026-08-22 18:27:33,22/08/2026 18:36,9,2.21,2.98,cb
TR2608220036426,CL101541,EN00456,trottinette,Lille,ST1034,ST1041,2026-08-22 18:16:51,2026-08-22 18:48:51,32,7.91,8.04,paypal
TR2608220036427,CL106674,EN00483,trottinette,lille,ST1035,ST1041,2026-08-22 18:27:29,2026-08-22 18:54:29,27,4.18,6.94,cb
TR2608220036428,CL100345,EN00420,trottinette,Lille,ST1036,ST1034,2026-08-22 18:31:01,2026-08-22 18:43:01,12,3.48,3.64,paypal
TR2608220036429,CL107640,EN00412,trottinette,Lille,ST1038,ST1042,,1787416442,14,4.16,4.08,cb
TR2608220036430,CL108244,EN00361,trottinette,Lille,ST1046,ST1045,2026-08-22 18:27:01,22/08/2026 18:44,17,4.58,4.74,cb
TR2608220036431,CL105632,EN00157,velo_elec,Lyon,ST1004,ST1011,2026-08-22 18:43:10,2026-08-22 18:59:10,16,2.97,5.0,cb
TR2608220036432,CL102976,EN00049,trottinette,Lyon,ST1005,ST1018,2026-08-22 18:39:26,22/08/2026 18:46,7,1.23,2.54,cb
TR2608220036433,CL104251,EN00065,trottinette,Lyonn,ST1006,ST1016,2026-08-22 18:35:51,2026-08-22 18:56:51,21,6.53,5.62,cb
TR2608220036434,CL107107,EN00213,trottinette,Lyon,ST1007,ST9323,1787416667,1787417027,6,1.74,2.32,cb
TR2608220036435,CL108046,EN00208,velo_elec,LYON,ST1009,ST1019,2026-08-22 18:36:51,22/08/2026 18:47,11,3.23,3.75,cb
TR2608220036436,CL101862,EN00212,trottinette,Lyon,ST1009,ST1012,2026-08-22 18:44:23,22/08/2026 18:51,7,1.71,2.54,paypal
TR2608220036437,CL103329,EN00122,trottinette,LYON,ST1012,ST1011,2026-08-22 18:34:28,2026-08-22 18:40:28,6,1.02,,cb
TR2608220036438,CL106024,EN00115,velo_elec,Lyon,ST1012,ST1005,2026-08-22 18:44:15,1787418015,16,4.74,5.0,abonnement
TR2608220036439,CL104716,EN00034,velo_elec,Lyon,ST1012,ST1004,2026-08-22 18:43:28,2026-08-22 18:51:28,8,1.92,3.0,cb
TR2608220036440,CL102385,EN00108,velo_elec,Lyon,ST1012,ST1017,2026-08-22 18:44:47,2026-08-22 19:15:47,31,9.9,8.75,abonnement
TR2608220036441,CL107505,EN00186,trottinette,Lyon,ST1013,ST1011,2026-08-22 18:36:45,2026-08-22 18:40:45,4,1.27,1.88,cb
TR2608220036442,CL108857,EN00140,trottinette,Lyon,ST1016,ST1013,2026-08-22 18:41:40,2026-08-22 18:54:40,13,3.83,3.86,cb
TR2608220036443,CL107293,EN00162,velo_elec,Lyon,ST1017,ST1018,2026-08-22 18:34:35,2026-08-22 18:41:35,7,2.21,2.75,cb
TR2608220036444,CL104571,EN00190,trottinette,Lyon,ST1019,ST1002,2026-08-22 18:33:34,2026-08-22 18:41:34,8,2.4,2.76,abonnement
TR2608220036445,CL933121,EN00271,velo_elec,Nantes,ST1021,ST1029,2026-08-22 18:40:44,2026-08-22 19:05:44,25,7.28,7.25,cb
TR2608220036446,CL104474,EN00291,velo_elec,Nantes,ST1023,ST1025,2026-08-22 18:31:45,2026-08-22 18:41:45,10,2.58,3.5,cb
TR2608220036447,CL104487,EN00307,trottinette,Nantes,ST1024,ST1032,2026-08-22 18:33:28,2026-08-22 18:39:28,6,1.69,2.32,cb
TR2608220036448,CL101004,EN00263,trottinette,Nantes,ST1026,ST1028,2026-08-22 18:31:08,2026-08-22 18:50:08,19,4.29,5.18,paypal
TR2608220036449,CL105654,EN00282,velo,Nantes,ST1027,ST1033,2026-08-22 18:45:16,1787417476,6,1.98,1.9,cb
TR2608220036450,CL103184,EN00222,velo_elec,Nantes,ST1028,ST1033,2026-08-22 18:34:11,2026-08-22 18:40:11,6,1.08,2.5,abonnement
TR2608220036451,CL107394,EN00340,velo_elec,Nantes,ST1028,ST1030,2026-08-22 18:32:27,2026-08-22 19:00:27,28,6.97,8.0,cb
TR2608220036452,CL106961,EN00410,velo_elec,Lille,ST1034,ST1035,2026-08-22 18:35:38,2026-08-22 18:59:38,24,3.95,7.0,cb
TR2608220036453,CL105508,EN00492,velo_elec,Lille,ST1035,ST1040,2026-08-22 18:39:28,22/08/2026 19:29,50,8.43,13.5,cb
TR2608220036454,CL106931,EN00434,velo_elec,Lille,ST1037,ST1042,2026-08-22 18:35:57,2026-08-22 18:53:57,18,5.55,5.5,abonnement
TR2608220036455,CL102944,EN00422,velo_elec,Lille,ST1038,ST1034,2026-08-22 18:35:43,2026-08-22 18:47:43,12,2.38,4.0,cb
TR2608220036456,CL105227,EN00494,velo_elec,Lille,ST1038,ST1039,2026-08-22 18:42:14,,27,5.04,7.75,cb
TR2608220036457,CL100304,EN00383,trottinette,Lille,ST1039,ST1039,2026-08-22 18:40:08,2026-08-22 19:30:08,50,8.67,12.0,abonnement
TR2608220036458,CL106304,EN00427,trottinette,Lille,ST1046,ST1038,2026-08-22 18:42:18,2026-08-22 19:35:18,53,11.12,12.66,cb
TR2608220036459,CL102188,EN00484,velo_elec,Lille,ST1047,ST1034,2026-08-22 18:34:46,2026-08-22 18:59:46,25,6.42,7.25,cb
TR2608220036460,CL104857,EN00077,trottinette,Lyon,ST1002,ST1003,2026-08-22 18:54:54,2026-08-22 19:26:54,32,5.84,8.04,cb
TR2608220036461,CL107896,EN00129,velo_elec,Lyon,ST1012,ST1005,2026-08-22 18:52:44,2026-08-22 18:57:44,5,1.57,2.25,abonnement
TR2608220036462,CL106402,EN00195,velo_elec,Lyon,ST1014,ST1006,2026-08-22 18:56:11,22/08/2026 19:13,17,3.86,5.25,paypal
TR2608220036463,CL107663,EN00003,velo_elec,Lyon,ST1015,ST1010,1787417239,2026-08-22 18:56:19,9,1.68,3.25,cb
TR2608220036464,CL103732,EN00162,velo_elec,Lyon,ST1018,ST1018,2026-08-22 18:50:56,2026-08-22 18:53:56,3,1.03,1.75,cb
TR2608220036465,CL108342,EN00250,velo_elec,Nantes,ST1020,ST1026,22/08/2026 18:48,2026-08-22 18:51:15,3,0.68,1.75,cb
TR2608220036466,CL104389,EN00358,trottinette,Nantes,ST1021,ST1029,2026-08-22 18:56:56,2026-08-22 19:13:56,17,3.81,4.74,cb
TR2608220036467,CL108431,EN00299,trottinette,Nantes,ST1024,ST1032,2026-08-22 18:54:31,2026-08-22 19:08:31,14,2.29,4.08,abonnement
TR2608220036468,CL103437,EN00232,trottinette,Nantes,ST1026,ST1023,22/08/2026 19:00,1787418744,12,1.97,3.64,cb
TR2608220036469,CL101598,EN00296,velo,Nantes,ST1027,ST1023,2026-08-22 18:57:58,2026-08-22 19:01:58,4,1.29,1.6,cb
TR2608220036470,CL108444,EN00321,velo_elec,Nantes,ST1028,ST1024,2026-08-22 18:50:03,2026-08-22 19:00:03,10,2.56,3.5,abonnement
TR2608220036471,CL106850,EN00375,trottinette,Lille,ST1034,ST1037,22/08/2026 18:47,2026-08-22 19:03:54,16,4.78,4.52,cb
TR2608220036472,CL108537,EN00430,velo_elec,Lille,ST1034,ST1036,2026-08-22 19:00:56,2026-08-22 19:34:56,34,6.75,9.5,cb
TR2608220036473,CL104243,EN00373,velo_elec,Lille,ST1036,ST1046,2026-08-22 18:48:45,22/08/2026 19:01,13,4.34,4.25,cb
TR2608220036474,CL102748,EN00414,velo_elec,Lille,ST1036,ST1044,2026-08-22 19:00:28,2026-08-22 19:14:28,14,2.35,4.5,cb
TR2608220036475,CL108509,EN00417,trottinette,Lille,ST1037,ST1035,2026-08-22 18:53:56,2026-08-22 18:59:56,6,1.42,2.32,cb
TR2608220036476,CL104656,EN00418,trottinette,Lille,ST1039,ST1041,1787417513,2026-08-22 18:57:53,6,1.74,2.32,paypal
TR2608220036477,CL108000,EN00481,velo_elec,lille,ST1043,ST1034,2026-08-22 18:57:59,2026-08-22 19:06:59,9,1.94,3.25,paypal
TR2608220036478,CL103881,EN00403,trottinette,Lille,ST1043,ST1038,2026-08-22 18:59:13,2026-08-22 19:14:13,15,4.09,4.3,
TR2608220036479,CL106021,EN00545,trottinette,Grenoble,ST1050,ST1048,2026-08-22 18:46:13,2026-08-22 19:01:13,15,4.44,4.3,paypal
TR2608220036480,CL107261,EN00547,trottinette,Grenoble,ST1051,ST1048,1787417404,2026-08-22 18:58:04,8,2.22,2.76,cb
TR2608220036481,CL108481,EN00190,trottinette,Lyon,ST1002,ST1012,2026-08-22 19:05:22,2026-08-22 19:25:22,20,6.2,5.4,cb
TR2608220036482,CL106998,EN00115,velo_elec,Lyon,ST1005,ST1004,2026-08-22 19:03:21,,14,4.76,4.5,paypal
TR2608220036483,CL103154,EN00173,velo_elec,Lyon,ST1017,ST1010,2026-08-22 19:11:16,2026-08-22 19:23:16,12,3.91,4.0,paypal
TR2608220036484,CL100537,EN00239,trottinette,Nantes,ST1025,ST1032,2026-08-22 19:08:56,2026-08-22 19:22:56,14,2.39,4.08,cb
TR2608220036485,CL108230,EN00450,trottinette,Lille,ST1039,ST1036,2026-08-22 19:00:54,1787418654,10,2.87,3.2,paypal
TR2608220036486,CL101543,EN00435,trottinette,Lille,ST1039,ST1044,2026-08-22 19:06:28,2026-08-22 19:22:28,16,4.7,4.52,cb
TR2608220036487,CL106835,EN00478,trottinette,Lille,ST1041,ST1040,2026-08-22 19:01:39,22/08/2026 19:44,43,7.27,10.46,abonnement
TR2608220036488,CL108328,EN00434,velo_elec,Lille,ST1042,ST1035,2026-08-22 19:12:33,2026-08-22 19:23:33,11,2.97,3.75,cb
TR2608220036489,CL106489,EN00361,trottinette,Lille,ST1045,ST1036,2026-08-22 19:04:01,2026-08-22 19:18:01,14,3.72,4.08,abonnement
TR2608220036490,CL100176,EN00547,trottinette,Grenoble,ST1048,ST1053,2026-08-22 19:03:28,2026-08-22 19:12:28,9,2.49,2.98,cb
TR2608220036491,CL107675,EN00539,velo_elec,Grenoble,ST1058,ST1052,,2026-08-22 19:14:06,7,1.89,2.75,abonnement
TR2608220036492,CL101731,EN00200,trottinette,Lyon,ST1001,ST1014,1787419461,2026-08-22 19:53:21,29,8.2,7.38,cb
TR2608220036493,CL105582,EN00131,trottinette,Lyon,ST1001,ST1011,2026-08-22 19:25:47,2026-08-22 19:41:47,16,5.22,4.52,cb
TR2608220036494,CL102733,EN00129,velo_elec,Lyon,ST1005,ST1008,2026-08-22 19:23:55,2026-08-22 20:14:55,51,13.13,13.75,cb
TR2608220036495,CL100305,EN00195,velo_elec,Lyon,ST1006,ST1014,2026-08-22 19:28:05,22/08/2026 19:32,4,1.07,2.0,cb
TR2608220036496,CL108219,EN00104,trottinette,Lyon,ST1009,ST1002,2026-08-22 19:29:30,2026-08-22 19:43:30,14,2.73,4.08,paypal
TR2608220036497,CL106724,EN00207,velo_elec,Lyon ,ST1014,ST1002,2026-08-22 19:16:10,,33,10.11,9.25,paypal
TR2608220036498,CL101146,EN00215,velo_elec,Lyon,ST1016,ST1006,1787419827,2026-08-22 19:41:27,11,3.84,3.75,cb
TR2608220036499,CL108820,EN00090,trottinette,Lyon,ST1016,ST1018,2026-08-22 19:19:47,2026-08-22 19:40:47,21,6.86,5.62,cb
TR2608220036500,CL105868,EN00085,velo_elec,Lyon,ST1016,ST1011,22/08/2026 19:24,2026-08-22 19:43:50,19,2.91,5.75,abonnement
TR2608220036501,CL104123,EN00276,velo_elec,Nantes,ST1020,ST1025,22/08/2026 19:27,,11,2.23,3.75,paypal
TR2608220036502,CL104180,EN00256,velo_elec,Nantes,ST1021,ST1029,1787419182,2026-08-22 19:31:42,12,3.1,4.0,cb
TR2608220036503,CL106517,EN00321,velo_elec,Nantes,ST1024,ST1022,2026-08-22 19:19:24,2026-08-22 19:42:24,23,5.5,6.75,cb
TR2608220036504,CL102034,EN00263,trottinette,Nantes,ST1028,ST1033,22/08/2026 19:29,2026-08-22 19:39:07,10,2.51,3.2,cb
TR2608220036505,CL105020,EN00307,trottinette,Nantes,ST1032,ST1032,2026-08-22 19:27:18,2026-08-22 19:33:18,6,1.09,2.32,cb
TR2608220036506,CL105216,EN00299,trottinette,Nantes,ST1032,ST1028,2026-08-22 19:20:02,2026-08-22 19:31:02,11,3.11,3.42,abonnement
TR2608220036507,CL102243,EN00483,trottinette,Lille,ST1041,ST1046,1787419249,2026-08-22 19:27:49,7,2.07,2.54,abonnement
TR2608220036508,CL105611,EN00363,velo_elec,Lille,ST1043,ST1035,2026-08-22 19:26:06,2026-08-22 19:36:06,10,1.95,3.5,abonnement
TR2608220036509,CL103621,EN00496,velo_elec,Lille,ST1043,ST1040,2026-08-22 19:28:48,22/08/2026 19:33,5,0.79,2.25,cb
TR2608220036510,CL104334,EN00374,velo_elec,Lille,ST1047,ST1039,2026-08-22 19:23:19,2026-08-22 19:27:19,4,0.83,2.0,cb
TR2608220036511,CL101718,EN00534,trottinette,Grenoble,ST1057,ST1055,22/08/2026 19:22,22/08/2026 19:27,5,0.75,2.1,cb
TR2608220036512,CL103902,EN00025,velo_elec,Lyon,ST1001,ST1019,2026-08-22 19:35:24,2026-08-22 19:38:24,3,0.66,1.75,cb
TR2608220036513,CL108749,EN00033,trottinette,Lyon,ST1002,ST1010,2026-08-22 19:45:28,2026-08-22 19:50:28,5,1.54,2.1,cb
TR2608220036514,CL101802,EN00091,velo_elec,Lyon,ST1002,ST1013,2026-08-22 19:31:29,2026-08-22 19:52:29,21,5.46,6.25,cb
TR2608220036515,CL106404,EN00045,trottinette,Lyon,ST1003,ST1009,1787420128,2026-08-22 19:45:28,10,2.02,3.2,abonnement
TR2608220036516,CL107325,EN00197,velo_elec,Lyon,ST1003,ST1019,1787420601,2026-08-22 19:47:21,4,0.79,2.0,cb
TR2608220036517,CL107439,EN00070,trottinette,Lyon,ST1004,ST1013,22/08/2026 19:45,2026-08-22 19:58:57,13,2.02,3.86,abonnement
TR2608220036518,CL104916,EN00203,trottinette,Lyon,ST1007,ST1009,2026-08-22 19:31:35,2026-08-22 19:37:35,6,1.01,2.32,cb
TR2608220036519,CL105512,EN00093,velo_elec,Lyon,ST1011,ST1013,1787420606,2026-08-22 19:58:26,15,2.58,4.75,cb
TR2608220036520,CL100692,EN00190,trottinette,Lyon,ST1012,ST1002,2026-08-22 19:40:35,2026-08-22 19:44:35,4,0.66,1.88,abonnement
TR2608220036521,CL102196,EN00303,velo_elec,Nante,ST1020,ST1032,2026-08-22 19:38:27,2026-08-22 19:53:27,15,3.26,4.75,cb
TR2608220036522,CL103136,EN00341,velo_elec,Nantes,ST1021,ST1022,2026-08-22 19:42:13,2026-08-22 19:48:13,6,1.84,2.5,cb
TR2608220036523,CL106801,EN00272,trottinette,Nantes,ST1024,ST1031,22/08/2026 19:40,2026-08-22 20:10:50,30,8.49,7.6,cb
TR2608220036524,CL104647,EN00347,trottinette,Nantes,ST1024,ST1022,2026-08-22 19:44:16,2026-08-22 19:57:16,13,3.55,3.86,abonnement
TR2608220036525,CL106116,EN00254,velo_elec,Nantes,ST1029,ST1025,2026-08-22 19:33:48,1787420808,13,3.74,4.25,paypal
TR2608220036526,CL100291,EN00239,trottinette,Nantes,ST1032,ST1025,2026-08-22 19:39:08,2026-08-22 19:55:08,16,4.02,4.52,cb
TR2608220036527,CL103678,EN00222,velo_elec,Nantes,ST1033,ST1025,2026-08-22 19:31:31,2026-08-22 19:50:31,19,6.32,5.75,cb
TR2608220036528,CL108889,EN00481,velo_elec,Lille,ST1034,ST1038,2026-08-22 19:40:48,22/08/2026 19:49,9,2.45,3.25,paypal
TR2608220036529,CL108192,EN00403,trottinette,Lille,ST1038,ST1045,2026-08-22 19:36:07,2026-08-22 19:52:07,16,3.25,4.52,cb
TR2608220036530,CL104441,EN00494,velo_elec,Lille,ST1039,ST1044,2026-08-22 19:34:39,2026-08-22 19:42:39,8,1.87,3.0,cb
TR2608220036531,CL106997,EN00374,velo_elec,Lille,ST1039,ST1038,22/08/2026 19:32,2026-08-22 19:46:17,14,3.8,4.5,paypal
TR2608220036532,CL101110,EN00569,trottinette,Grenoble,ST1055,ST1050,2026-08-22 19:36:38,,16,4.27,4.52,cb
TR2608220036533,CL100813,EN00206,velo_elec,Lyon,ST1001,ST1002,2026-08-22 19:59:38,2026-08-22 20:23:38,24,5.95,7.0,cb
TR2608220036534,CL100573,EN00067,velo_elec,Lyon,ST1001,ST1006,2026-08-22 19:53:04,22/08/2026 19:59,6,1.81,2.5,cb
TR2608220036535,CL101013,EN00027,velo_elec,lyon,ST1001,ST1015,2026-08-22 19:48:55,2026-08-22 20:10:55,22,3.77,6.5,cb
TR2608220036536,CL101916,EN00066,trottinette,Lyonn,ST1003,ST1008,22/08/2026 19:47,2026-08-22 19:57:09,10,2.81,3.2,cb
TR2608220036537,CL108038,EN00037,trottinette,Lyon,ST1007,ST1014,2026-08-22 19:48:23,2026-08-22 19:58:23,10,1.85,3.2,abonnement
TR2608220036538,CL102332,EN00045,trottinette,Lyon,ST1009,ST1011,2026-08-22 19:54:23,2026-08-22 20:18:23,24,6.02,6.28,cb
TR2608220036539,CL100199,EN00140,trottinette,Lyon,ST1013,ST1011,22/08/2026 19:57,2026-08-22 20:34:13,37,9.94,9.14,abonnement
TR2608220036540,CL105036,EN00194,velo_elec,Lyon,ST1017,ST1001,2026-08-22 19:53:08,2026-08-22 20:03:08,10,1.97,3.5,cb
TR2608220036541,CL106033,EN00213,trottinette,Lyon,ST1017,ST1009,1787420859,2026-08-22 20:13:39,26,7.47,6.72,abonnement
TR2608220036542,CL101443,EN00290,trottinette,Nante,ST1022,ST1027,2026-08-22 19:57:47,2026-08-22 20:10:47,13,4.11,3.86,abonnement
TR2608220036543,CL103442,EN00286,velo_elec,Nantes,ST1024,ST1024,2026-08-22 19:50:43,2026-08-22 20:09:43,19,5.06,5.75,cb
TR2608220036544,CL100131,EN00266,velo_elec,Nantes,ST1025,ST1025,2026-08-22 19:50:25,2026-08-22 20:14:25,24,6.42,7.0,abonnement
TR2608220036545,CL106459,EN00417,trottinette,Lille,ST1035,ST1045,2026-08-22 19:54:21,2026-08-22 20:00:21,6,1.88,2.32,paypal
TR2608220036546,CL100816,EN00418,trottinette,Lille,ST1041,ST1038,2026-08-22 19:53:25,2026-08-22 20:11:25,18,3.42,4.96,cb
TR2608220036547,CL101590,EN00472,velo_elec,Lille,ST1047,ST1039,22/08/2026 19:51,2026-08-22 20:03:56,12,3.83,4.0,abonnement
TR2608220036548,CL108799,EN00532,velo_elec,Grenoble,ST1049,ST1050,2026-08-22 19:58:20,2026-08-22 20:03:20,5,1.72,2.25,cb
TR2608220036549,CL103506,EN00534,trottinette,Grenoble,ST1055,ST1052,1787420884,2026-08-22 19:56:04,8,2.47,2.76,cb
TR2608220036550,CL105364,EN00577,velo_elec,Grenoble,ST1058,ST1049,1787421527,2026-08-22 20:09:47,11,1.83,3.75,cb
TR2608220036551,CL107822,EN00033,trottinette,Lyon,ST1010,ST1017,2026-08-22 20:09:23,2026-08-22 20:33:23,24,7.81,6.28,cb
TR2608220036552,CL101917,EN00004,velo_elec,Lyon,ST1015,ST1018,2026-08-22 20:16:05,2026-08-22 20:37:05,21,6.44,6.25,
TR2608220036553,CL107477,EN00293,velo_elec,Nantes,ST1022,ST1031,2026-08-22 20:06:44,2026-08-22 20:17:44,11,2.99,3.75,cb
TR2608220036554,CL100455,EN00354,velo_elec,Nantes,ST1029,ST1023,2026-08-22 20:09:45,2026-08-22 20:24:45,15,4.68,4.75,abonnement
TR2608220036555,CL107540,EN00383,trottinette,Lille,ST1039,ST1044,2026-08-22 20:11:22,2026-08-22 20:19:22,8,2.5,2.76,abonnement
TR2608220036556,CL101988,EN00417,trottinette,Lille,ST1045,ST1042,1787422216,2026-08-22 20:13:16,3,1.03,1.66,abonnement
TR2608220036557,CL106276,EN00526,velo_elec,Grenoble,ST1048,ST1058,2026-08-22 20:11:04,2026-08-22 20:18:04,7,1.27,2.75,abonnement
TR2608220036558,CL107446,EN00596,velo_elec,Grenoble,ST1051,ST1051,2026-08-22 20:07:25,2026-08-22 20:14:25,7,1.62,2.75,cb
TR2608220036559,CL105128,EN00535,velo_elec,Grenoble,ST1054,ST1055,22/08/2026 20:06,2026-08-22 20:21:59,15,3.46,4.75,cb
TR2608220036560,CL108264,EN00179,trottinette,Lyon,ST1003,ST1012,22/08/2026 20:25,2026-08-22 20:41:40,16,4.84,4.52,cb
TR2608220036561,CL102968,EN00034,velo_elec,Lyon,ST1004,ST1007,22/08/2026 20:19,2026-08-22 21:04:01,45,12.75,12.25,cb
TR2608220036562,CL102847,EN00079,velo_elec,Lyon,ST1007,ST1003,2026-08-22 20:30:57,22/08/2026 20:47,17,5.69,5.25,cb
TR2608220036563,CL107011,EN00203,trottinette,Lyon,ST1009,ST1006,2026-08-22 20:25:23,2026-08-22 20:32:23,7,1.38,2.54,cb
TR2608220036564,CL108628,EN00211,velo_elec,Lyon,ST1011,ST1014,2026-08-22 20:25:42,2026-08-22 20:40:42,15,2.29,4.75,cb
TR2608220036565,CL105432,EN00122,trottinette,Lyon,ST1011,ST1016,2026-08-22 20:30:19,2026-08-22 20:40:19,10,2.01,3.2,cb
TR2608220036566,CL103731,EN00182,trottinette,Lyon,ST1019,ST1019,22/08/2026 20:23,2026-08-22 20:44:55,21,7.09,5.62,cb
TR2608220036567,CL103055,EN00270,velo_elec,Nantes,ST1022,ST1021,22/08/2026 20:29,2026-08-22 20:35:47,6,1.85,2.5,abonnement
TR2608220036568,CL102323,EN00274,velo,Nantes,ST1024,ST1029,2026-08-22 20:20:44,2026-08-22 20:42:44,22,6.07,4.3,cb
TR2608220036569,CL107743,EN00336,velo_elec,Nantes,ST1026,ST1030,2026-08-22 20:29:09,2026-08-22 20:38:09,9,2.69,3.25,paypal
TR2608220036570,CL107805,EN00426,trottinette,lille,ST1039,ST1045,2026-08-22 20:15:52,2026-08-22 20:25:52,10,2.57,3.2,paypal
TR2608220036571,CL104225,EN00492,velo_elec,Lille,ST1040,ST1036,2026-08-22 20:17:08,2026-08-22 20:27:08,10,2.95,3.5,abonnement
TR2608220036572,CL102151,EN00478,trottinette,Lille,ST1040,ST1034,2026-08-22 20:27:24,2026-08-22 20:31:24,4,1.02,1.88,cb
TR2608220036573,CL103634,EN00455,velo_elec,Lille,ST1047,ST1047,2026-08-22 20:17:49,2026-08-22 20:24:49,7,1.22,2.75,cb
TR2608220036574,CL107259,EN00582,trottinette,Grenoble,ST1058,ST1048,2026-08-22 20:21:11,2026-08-22 20:31:11,10,1.71,3.2,paypal
TR2608220036575,CL102931,EN00003,velo_elec,Lyon,ST1010,ST1001,2026-08-22 20:34:03,2026-08-22 20:36:03,2,0.36,1.5,paypal
TR2608220036576,CL101251,EN00200,trottinette,Lyon,ST1014,ST1001,,2026-08-22 20:42:26,6,1.35,2.32,cb
TR2608220036577,CL105219,EN00037,trottinette,Lyon,ST1014,ST1018,2026-08-22 20:31:51,2026-08-22 20:51:51,20,5.42,5.4,cb
TR2608220036578,CL104701,EN00195,velo_elec,Lyon,ST1014,ST1019,22/08/2026 20:35,2026-08-22 20:43:07,8,1.31,,cb
TR2608220036579,CL107913,EN00027,velo_elec,Lyon,ST1015,ST1014,2026-08-22 20:39:09,1787425029,18,4.64,5.5,abonnement
TR2608220036580,CL104150,EN00162,velo_elec,Lyon,ST1018,ST1015,2026-08-22 20:34:01,2026-08-22 20:45:01,11,3.39,3.75,paypal
TR2608220036581,CL107067,EN00141,velo_elec,Lyon,ST1018,ST1013,2026-08-22 20:36:21,2026-08-22 20:46:21,10,3.26,3.5,cb
TR2608220036582,CL106642,EN00235,trottinette,Nantes,ST1023,ST1026,2026-08-22 20:38:07,2026-08-22 20:44:07,6,1.42,2.32,abonnement
TR2608220036583,CL108776,EN00263,trottinette,Nantes,ST1033,ST1027,22/08/2026 20:34,2026-08-22 20:44:17,10,2.88,3.2,abonnement
TR2608220036584,CL100047,EN00393,trottinette, Lille,ST1037,ST1041,2026-08-22 20:42:12,2026-08-22 20:54:12,12,2.47,3.64,abonnement
TR2608220036585,CL106596,EN00194,velo_elec,Lyon,ST1001,ST1011,2026-08-22 20:52:03,2026-08-22 21:03:03,11,3.14,3.75,cb
TR2608220036586,CL105583,EN00077,trottinette,Lyon,ST1003,ST1019,2026-08-22 21:00:31,2026-08-22 21:15:31,15,5.23,4.3,cb
TR2608220036587,CL105017,EN00115,velo_elec,Lyon,ST1004,ST1016,2026-08-22 20:50:36,2026-08-22 21:01:36,11,2.13,3.75,paypal
TR2608220036588,CL101779,EN00102,velo_elec,Lyon,ST1004,ST1012,,2026-08-22 20:56:30,5,1.41,2.25,abonnement
TR2608220036589,CL106975,EN00215,velo_elec,Lyon,ST1006,ST1006,2026-08-22 21:00:10,2026-08-22 21:12:10,12,2.9,4.0,abonnement
TR2608220036590,CL102148,EN00033,trottinette,Lyon,ST1017,ST1007,2026-08-22 20:50:59,22/08/2026 20:56,6,1.61,2.32,paypal
TR2608220036591,CL108618,EN00197,velo_elec,Lyon,ST1019,ST1014,2026-08-22 20:51:41,2026-08-22 21:07:41,16,5.36,5.0,abonnement
TR2608220036592,CL108193,EN00268,trottinette,NANTES,ST1020,ST1029,2026-08-22 20:51:49,22/08/2026 21:12,21,6.71,5.62,cb
TR2608220036593,CL105105,EN00254,velo_elec,Nantes,ST1025,ST1028,22/08/2026 20:56,2026-08-22 21:03:54,7,2.39,2.75,abonnement
TR2608220036594,CL101638,EN00235,trottinette,Nantes,ST1026,ST1026,2026-08-22 20:57:40,22/08/2026 21:12,15,3.92,4.3,cb
TR2608220036595,CL107056,EN00290,trottinette,Nantes,ST1027,ST1030,2026-08-22 20:53:05,2026-08-22 21:01:05,8,1.79,2.76,cb
TR2608220036596,CL102253,EN00495,trottinette,Lille,ST1037,ST1044,22/08/2026 20:53,2026-08-22 21:01:59,8,2.22,2.76,cb
TR2608220036597,CL103191,EN00427,trottinette, Lille,ST1038,ST1045,2026-08-22 20:58:05,22/08/2026 21:14,16,5.21,4.52,cb
TR2608220036598,CL102138,EN00472,velo_elec,Lille,ST1039,ST1042,2026-08-22 20:46:55,22/08/2026 21:00,14,4.39,4.5,cb
TR2608220036599,CL103671,EN00456,trottinette,Lille,ST1041,ST1041,2026-08-22 20:56:38,2026-08-22 21:28:38,32,11.1,8.04,paypal
TR2608220036600,CL104435,EN00435,trottinette,Lille,ST1044,ST1046,2026-08-22 20:51:06,2026-08-22 21:04:06,13,3.97,3.86,cb
TR2608220036601,CL107097,EN00027,velo_elec,Lyon,ST1014,ST1010,2026-08-22 21:11:09,2026-08-22 21:22:09,11,3.7,3.75,cb
TR2608220036602,CL104404,EN00211,velo_elec,Lyon,ST1014,ST1011,2026-08-22 21:09:36,22/08/2026 21:15,6,1.58,2.5,paypal
TR2608220036603,CL102372,EN00092,trottinette,Lyon,ST1015,ST1018,2026-08-22 21:03:53,2026-08-22 21:12:53,9,2.37,2.98,cb
TR2608220036604,CL101556,EN00018,trottinette,Lyon,ST1015,ST1013,2026-08-22 21:13:45,2026-08-22 21:23:45,10,2.49,3.2,cb
TR2608220036605,CL107971,EN00336,velo_elec,Nante,ST1030,ST1030,22/08/2026 21:05,22/08/2026 21:19,14,2.35,4.5,abonnement
TR2608220036606,CL107410,EN00473,trottinette,Lille,ST1040,ST1036,2026-08-22 21:04:17,22/08/2026 21:15,11,2.42,3.42,cb
TR2608220036607,CL106920,EN00393,trottinette,Lille,ST1041,ST1044,2026-08-22 21:03:51,22/08/2026 21:09,6,1.05,2.32,paypal
TR2608220036608,CL104717,EN00426,trottinette,Lille,ST1045,ST1047,1787426057,1787427197,19,6.51,5.18,cb
TR2608220036609,CL107243,EN00493,velo_elec,Lille,ST1047,ST1045,2026-08-22 21:05:53,2026-08-22 21:24:53,19,6.54,5.75,cb
TR2608220036610,CL101138,EN00508,trottinette,Grenoble,ST1057,ST1051,2026-08-22 21:05:19,2026-08-22 21:13:19,8,2.07,2.76,cb
TR2608220036611,CL105781,EN00129,velo_elec,Lyon,ST1008,ST1002,2026-08-22 21:28:09,2026-08-22 21:35:09,7,2.1,2.75,abonnement
TR2608220036612,CL108898,EN00004,velo_elec,Lyon,ST1018,ST1004,2026-08-22 21:24:29,2026-08-22 21:57:29,33,8.65,9.25,cb
TR2608220036613,CL105191,EN00208,velo_elec,Lyon,ST1019,ST1010,2026-08-22 21:25:21,2026-08-22 21:29:21,4,1.06,2.0,cb
TR2608220036614,CL106841,EN00354,velo_elec,Nantes,ST1023,ST1024,2026-08-22 21:24:15,2026-08-22 21:32:15,8,1.44,3.0,cb
TR2608220036615,CL106212,EN00293,velo_elec,Nantes,ST1031,ST1020,2026-08-22 21:18:04,22/08/2026 21:23,5,0.77,2.25,abonnement
TR2608220036616,CL106842,EN00368,trottinette,Lille,ST1037,ST1039,22/08/2026 21:30,2026-08-22 21:32:47,2,0.57,1.44,abonnement
TR2608220036617,CL108300,EN00481,velo_elec,Lille,ST1038,ST1046,2026-08-22 21:25:42,2026-08-22 21:52:42,27,7.91,7.75,abonnement
TR2608220036618,CL101581,EN00374,velo_elec,Lille,ST1038,ST1042,22/08/2026 21:17,2026-08-22 21:38:07,21,5.54,6.25,cb
TR2608220036619,CL102331,EN00427,trottinette,Lille,ST1045,ST1036,2026-08-22 21:21:35,1787426795,5,1.55,2.1,abonnement
TR2608220036620,CL105958,EN00444,trottinette,Lille,ST1047,ST1045,2026-08-22 21:16:30,22/08/2026 21:25,9,1.97,2.98,cb
TR2608220036621,CL102783,EN00205,trottinette,Lyon,ST1003,ST1009,2026-08-22 21:44:13,2026-08-22 21:48:13,4,1.06,1.88,cb
TR2608220036622,CL101251,EN00093,velo_elec,Lyon,ST1013,ST1011,2026-08-22 21:37:00,1787427780,6,1.97,2.5,cb
TR2608220036623,CL105008,EN00182,trottinette,Lyon,ST1019,ST1002,2026-08-22 21:39:57,2026-08-22 21:58:57,19,5.88,5.18,paypal
TR2608220036624,CL104209,EN00303,velo_elec,Nante,ST1032,ST1032,22/08/2026 21:34,2026-08-22 21:42:51,8,1.29,3.0,cb
TR2608220036625,CL108108,EN00492,velo_elec,Lille,ST1036,ST1034,2026-08-22 21:45:45,2026-08-22 21:54:45,9,2.43,3.25,abonnement
TR2608220036626,CL102608,EN00003,velo_elec,Lyon,ST1001,ST1017,2026-08-22 21:52:20,2026-08-22 21:55:20,3,0.81,1.75,cb
TR2608220036627,CL103702,EN00201,velo_elec,Lyonn,ST1010,ST1009,1787427996,2026-08-22 21:57:36,11,2.15,3.75,cb
TR2608220036628,CL107973,EN00027,velo_elec,Lyon,ST1010,ST1006,2026-08-22 21:51:48,22/08/2026 22:09,18,5.17,5.5,cb
TR2608220036629,CL104602,EN00197,velo_elec,Lyon,ST1014,ST1012,2026-08-22 22:00:05,2026-08-22 22:16:05,16,3.59,5.0,paypal
TR2608220036630,CL105982,EN00077,trottinette,Lyon,ST1019,ST1008,1787428244,2026-08-22 22:03:44,13,1.99,3.86,cb
TR2608220036631,CL105940,EN00296,velo,Nantes,ST1023,ST1021,2026-08-22 21:53:30,2026-08-22 22:03:30,10,1.69,2.5,cb
TR2608220036632,CL102819,EN00235,trottinette,Nantes,ST1026,ST1029,2026-08-22 21:49:26,1787429306,-26,3.64,5.18,cb
TR2608220036633,CL100758,EN00303,velo_elec,Nantes,ST1032,ST1030,2026-08-22 21:57:00,2026-08-22 22:03:00,2763,1.3,2.5,
TR2608220036634,CL102764,EN00386,trottinette,Lille,ST1040,ST1042,2026-08-22 21:58:44,2026-08-22 22:03:44,5,1.0,2.1,cb
TR2608220036635,CL101811,EN00472,velo_elec,Lille,ST1042,ST1037,2026-08-22 21:52:57,2026-08-22 22:06:57,14,3.59,4.5,abonnement
TR2608220036636,CL100930,EN00577,velo_elec,Grenoble,ST1049,ST1056,2026-08-22 21:50:52,2026-08-22 22:06:52,16,2.88,5.0,cb
TR2608220036637,CL103949,EN00535,velo_elec,Grenoble,ST1055,ST1056,,2026-08-22 22:22:33,24,7.27,7.0,abonnement
TR2608220036638,CL100018,EN00200,trottinette,Lyon,ST1001,ST1017,2026-08-22 22:05:49,22/08/2026 22:13,8,1.83,2.76,abonnement
TR2608220036639,CL106605,EN00206,velo_elec,Lyon,ST1002,ST1017,22/08/2026 22:12,2026-08-22 22:24:45,12,3.18,4.0,cb
TR2608220036640,CL106596,EN00179,trottinette,Lyon,ST1012,ST1003,2026-08-22 22:02:27,2026-08-22 22:08:27,6,1.01,2.32,cb
TR2608220036641,CL102960,EN00177,velo_elec,Lyon,ST1014,ST1016,2026-08-22 22:01:21,2026-08-22 22:08:21,7,1.5,2.75,cb
TR2608220036642,CL108703,EN00251,velo,Nantes,ST1023,ST1026,2026-08-22 22:10:26,2026-08-22 22:30:26,20,5.98,4.0,cb
TR2608220036643,CL100864,EN00381,trottinette,Lille,ST1037,ST1037,2026-08-22 22:09:50,2026-08-22 22:41:50,32,8.23,8.04,cb
TR2608220036644,CL100422,EN00493,velo_elec,Lille,ST1045,ST1037,2026-08-22 22:09:08,2026-08-22 22:16:08,7,2.18,2.75,cb
TR2608220036645,CL108838,EN00483,trottinette,Lille,ST1046,ST1041,2026-08-22 22:14:10,1787430850,20,6.55,5.4,cb
TR2608220036646,CL102678,EN00591,velo_elec,Grenoble,ST1054,ST1057,2026-08-22 22:01:31,2026-08-22 22:29:31,28,5.15,8.0,cb
TR2608220036647,CL100285,EN00354,velo_elec,Nantes,ST1024,ST1027,2026-08-22 22:24:15,2026-08-22 22:38:15,14,2.34,4.5,cb
TR2608220036648,CL108401,EN00235,trottinette,Nantes,ST1029,ST1022,2026-08-22 22:27:24,22/08/2026 22:35,8,2.43,2.76,abonnement
TR2608220036649,CL100422,EN00392,velo_elec,Lille,ST1035,ST1041,2026-08-22 22:17:04,2026-08-22 22:26:04,9,1.92,3.25,paypal
TR2608220036650,CL104972,EN00472,velo_elec,Lille,ST1037,ST1039,2026-08-22 22:25:55,2026-08-22 22:30:55,5,0.86,2.25,cb
TR2608220036651,CL105041,EN00418,trottinette,Lille,ST1038,ST1041,2026-08-22 22:26:04,22/08/2026 22:42,16,5.09,4.52,cb
TR2608220036652,CL106543,EN00417,trottinette,Lille,ST1042,ST1040,2026-08-22 22:16:50,2026-08-22 22:53:50,37,7.05,9.14,cb
TR2608220036653,CL100483,EN00179,trottinette,Lyon,ST1003,ST1010,2026-08-22 22:34:55,22/08/2026 22:45,11,1.76,3.42,cb
TR2608220036654,CL980919,EN00092,trottinette,Lyon,ST1018,ST1005,22/08/2026 22:42,2026-08-22 22:54:51,12,2.46,3.64,cb
TR2608220036655,CL104580,EN00254,velo_elec,NANTES,ST1028,ST1030,2026-08-22 22:39:04,2026-08-22 22:54:04,15,4.29,4.75,cb
TR2608220036656,CL107864,EN00239,trottinette,Nantes,ST1025,ST1029,2026-08-22 22:52:33,2026-08-22 23:14:33,22,6.3,5.84,cb
TR2608220036657,CL104177,EN00250,velo_elec,Nantes,ST1026,ST1031,2026-08-22 22:49:12,2026-08-22 23:05:12,16,4.23,5.0,cb
TR2608220036658,CL101548,EN00451,velo_elec,Lille,ST1035,ST1037,22/08/2026 22:47,2026-08-22 23:20:33,33,11.17,9.25,abonnement
TR2608220036659,CL106519,EN00403,trottinette,Lille,ST1045,ST1039,2026-08-22 22:58:39,2026-08-22 23:09:39,-18,1.79,3.42,abonnement
TR2608220036660,CL105253,EN00018,trottinette,Lyon,ST1013,ST1018,,2026-08-22 23:28:23,21,7.08,5.62,
TR2608220036661,CL105920,EN00122,trottinette,lyon,ST1016,ST1019,2026-08-22 23:10:25,2026-08-22 23:22:25,12,3.89,3.64,abonnement
TR2608220036662,CL106849,EN00334,trottinette,NANTES,ST1026,ST1027,2026-08-22 23:06:59,2026-08-22 23:15:59,9,1.56,2.98,abonnement
TR2608220036663,CL104696,EN00121,trottinette,Lyon,ST1014,ST1015,2026-08-22 23:21:55,2026-08-22 23:26:55,5,0.97,2.1,cb
TR2608220036664,CL102183,EN00277,velo_elec,Nante,ST1028,ST1033,2026-08-22 23:25:37,2026-08-22 23:35:37,10,2.22,3.5,cb
TR2608220036665,CL103458,EN00472,velo_elec,Lille,ST1039,ST1046,2026-08-22 23:16:23,2026-08-22 23:33:23,17,4.8,5.25,abonnement
TR2608220036666,CL104314,EN00050,velo_elec,Lyon,ST1003,ST1019,2026-08-22 23:38:49,2026-08-22 23:56:49,18,3.84,5.5,abonnement
TR2608220036667,CL105163,EN00080,trottinette,Lyon,ST1016,ST1013,2026-08-22 23:34:45,2026-08-22 23:41:45,7,1.6,2.54,cb
TR2608220036668,CL104767,EN00281,velo_elec,Nantes,ST1031,ST1026,2026-08-22 23:43:03,2026-08-22 23:50:03,7,1.15,2.75,abonnement
TR2608220036669,CL954040,EN00451,velo_elec,Lille,ST1037,ST1041,2026-08-22 23:31:23,2026-08-22 23:42:23,11,1.87,3.75,cb
TR2608220036670,CL101056,EN00405,trottinette,Lille,ST1040,ST1034,2026-08-22 23:36:35,2026-08-22 23:41:35,5,1.44,2.1,paypal
TR2608220036671,CL106079,EN00224,velo_elec,Nantes,ST1025,ST1021,22/08/2026 23:47,2026-08-23 00:05:10,18,5.15,5.5,paypal
TR2608220036672,CL106797,EN00520,velo_elec,Grenoble,ST1048,ST1052,2026-08-22 23:51:42,2026-08-22 23:59:42,8,1.33,3.0,cb
