trajet_id,client_id,engin_id,type_engin,ville,station_depart,station_arrivee,debut,fin,duree_min,distance_km,montant_eur,moyen_paiement
TR2609120059372,CL104455,EN00146,trottinette,Lyon,ST1005,ST1015,2026-09-12 00:07:16,12/09/2026 00:19,12,4.03,3.64,paypal
TR2609120059373,CL103568,EN00261,trottinette,Nantes,ST1022,ST1020,2026-09-12 00:12:32,2026-09-12 00:41:32,29,9.68,7.38,cb
TR2609120059374,CL101162,EN00451,velo_elec,LILLE,ST1043,ST1037,2026-09-12 00:00:45,2026-09-12 00:06:45,6,2.09,2.5,cb
TR2609120059375,CL106187,EN00579,trottinette,Grenoble,ST1058,ST1051,12/09/2026 00:21,1789165854,9,2.71,2.98,abonnement
TR2609120059376,CL106593,EN00291,velo_elec,NANTES,ST1033,ST1020,2026-09-12 01:26:13,2026-09-12 01:38:13,12,3.17,4.0,abonnement
TR2609120059377,CL105828,EN00058,velo_elec,Lyon,ST1019,ST1004,,2026-09-12 01:52:13,13,3.12,4.25,cb
TR2609120059378,CL100828,EN00382,trottinette,Lille,ST1046,ST1044,2026-09-12 01:54:48,,9,2.64,2.98,abonnement
TR2609120059379,CL104277,EN00178,velo_elec,Lyon,ST1001,ST1008,2026-09-12 02:05:48,2026-09-12 02:13:48,8,1.27,3.0,cb
TR2609120059380,CL100922,EN00095,trottinette,Lyon,ST1012,ST1004,2026-09-12 02:13:07,2026-09-12 02:23:07,10,2.31,3.2,cb
TR2609120059381,CL102500,EN00307,trottinette,Nantes,ST1021,ST1024,12/09/2026 02:11,12/09/2026 02:23,12,2.7,3.64,cb
TR2609120059382,CL107002,EN00508,trottinette,Grenoble,ST1058,ST1051,2026-09-12 02:13:44,1789172564,9,2.69,2.98,cb
TR2609120059383,CL106084,EN00113,velo_elec,Lyon,ST1014,ST1007,2026-09-12 03:04:48,2026-09-12 03:16:48,12,3.89,4.0,cb
TR2609120059384,CL103328,EN00039,velo_elec,Lyon,ST1004,ST1017,2026-09-12 03:27:03,2026-09-12 03:36:03,9,1.74,3.25,cb
TR2609120059385,CL100497,EN00349,velo_elec,Nantes,ST1030,ST1033,2026-09-12 04:51:20,12/09/2026 05:06,15,3.28,4.75,cb
TR2609120059386,CL105584,EN00080,trottinette,Lyon,ST1014,ST1015,1789182425,2026-09-12 05:19:05,12,3.65,3.64,cb
TR2609120059387,CL101164,EN00254,velo_elec,Nantes,ST1031,ST1028,1789182474,12/09/2026 05:15,8,1.74,3.0,cb
TR2609120059388,CL108890,EN00106,trottinette,Lyon,ST1003,ST1003,2026-09-12 05:26:08,2026-09-12 05:38:08,12,2.22,3.64,paypal
TR2609120059389,CL105353,EN00181,velo_elec,Lyon,ST1013,ST1001,2026-09-12 06:00:43,,8,2.22,3.0,paypal
TR2609120059390,CL103811,EN00102,velo_elec,Lyon,ST1001,ST1011,2026-09-12 06:07:56,2026-09-12 06:12:56,5,1.28,2.25,abonnement
TR2609120059391,CL101799,EN00167,trottinette,Lyon,ST1002,ST1014,2026-09-12 06:02:27,2026-09-12 06:11:27,9,3.14,2.98,cb
TR2609120059392,CL105054,EN00136,trottinette,Lyonn,ST1010,ST1002,2026-09-12 06:13:41,2026-09-12 06:16:41,3,0.64,1.66,
TR2609120059393,CL108169,EN00424,velo_elec,Lille,ST1038,ST1035,2026-09-12 06:12:07,2026-09-12 06:57:07,45,7.08,12.25,abonnement
TR2609120059394,CL100676,EN00142,velo_elec,Lyon,ST1001,ST1013,2026-09-12 06:30:22,2026-09-12 07:01:22,31,6.99,8.75,cb
TR2609120059395,CL104927,EN00217,velo_elec,Lyon,ST1009,ST1001,2026-09-12 06:30:20,2026-09-12 07:09:20,39,12.09,10.75,cb
TR2609120059396,CL103192,EN00115,velo_elec,Lyon,ST1013,ST1002,2026-09-12 06:59:40,2026-09-12 07:10:40,11,2.16,3.75,cb
TR2609120059397,CL101888,EN00230,velo_elec,Nantes,ST1026,ST1028,2026-09-12 06:51:34,2026-09-12 06:55:34,4,1.38,2.0,cb
TR2609120059398,CL103765,EN00106,trottinette,Lyon,ST1003,ST1018,2026-09-12 07:09:37,,8,1.23,2.76,paypal
TR2609120059399,CL105580,EN00113,velo_elec,Lyon,ST1007,ST1014,2026-09-12 07:12:48,2026-09-12 07:21:48,9,2.5,3.25,abonnement
TR2609120059400,CL100317,EN00009,velo_elec,Lyon,ST1015,ST1014,2026-09-12 07:14:07,2026-09-12 07:53:07,39,6.2,10.75,cb
TR2609120059401,CL103836,EN00098,velo_elec,Lyon,ST1018,ST1003,2026-09-12 07:01:17,2026-09-12 07:23:17,22,6.99,6.5,abonnement
TR2609120059402,CL101306,EN00206,velo_elec,Lyon,ST1019,ST1010,2026-09-12 07:13:42,2026-09-12 07:17:42,4,1.16,2.0,cb
TR2609120059403,CL108373,EN00281,velo_elec,Nantes,ST1020,ST1027,2026-09-12 07:05:48,2026-09-12 07:12:48,7,2.08,2.75,abonnement
TR2609120059404,CL101377,EN00321,velo_elec,Nantes,ST1021,ST1028,2026-09-12 07:01:52,2026-09-12 07:27:52,26,4.29,7.5,cb
TR2609120059405,CL108100,EN00349,velo_elec,Nantes,ST1033,ST1033,2026-09-12 07:09:12,2026-09-12 07:23:12,14,2.98,4.5,cb
TR2609120059406,CL102570,EN00361,trottinette,Lille,ST1035,ST1037,1789189498,1789193518,67,12.61,15.74,cb
TR2609120059407,CL106049,EN00386,trottinette,Lille,ST1042,ST1047,2026-09-12 07:09:58,2026-09-12 07:15:58,6,1.34,2.32,cb
TR2609120059408,CL101305,EN00181,velo_elec,Lyon,ST1001,ST1011,2026-09-12 07:22:55,2026-09-12 07:33:55,11,3.5,3.75,cb
TR2609120059409,CL106865,EN00115,velo_elec,Lyon,ST1002,ST1001,12/09/2026 07:29,2026-09-12 07:34:13,5,1.13,2.25,cb
TR2609120059410,CL104054,EN00216,velo_elec,Lyon,ST1016,ST1009,2026-09-12 07:18:28,1789191328,17,3.34,5.25,cb
TR2609120059411,CL106804,EN00184,velo_elec,Lyon,ST1018,ST1019,2026-09-12 07:20:05,2026-09-12 07:31:05,11,3.1,3.75,cb
TR2609120059412,CL105281,EN00281,velo_elec,Nantes,ST1027,ST1023,2026-09-12 07:24:53,12/09/2026 07:34,10,1.94,3.5,cb
TR2609120059413,CL106540,EN00473,trottinette,Lille,ST1042,ST1043,2026-09-12 07:24:05,2026-09-12 07:38:05,14,3.91,4.08,paypal
TR2609120059414,CL102092,EN00572,velo,Grenoble,ST1053,ST1058,2026-09-12 07:22:52,2026-09-12 07:43:52,21,6.58,4.15,cb
TR2609120059415,CL100776,EN00140,trottinette,Lyon ,ST1007,ST1016,2026-09-12 07:40:26,12/09/2026 07:52,12,3.32,3.64,abonnement
TR2609120059416,CL104538,EN00047,velo_elec,Lyon,ST1008,ST1015,1789191878,2026-09-12 08:02:38,18,2.75,5.5,cb
TR2609120059417,CL101784,EN00336,velo_elec,Nantes,ST1024,ST1026,2026-09-12 07:38:01,2026-09-12 07:46:01,8,2.75,3.0,abonnement
TR2609120059418,CL104403,EN00434,velo_elec,Lille,ST1040,ST1044,2026-09-12 07:42:44,2026-09-12 07:53:44,11,2.97,3.75,cb
TR2609120059419,CL105318,EN00145,trottinette,Lyon,ST1005,ST1007,2026-09-12 07:48:46,12/09/2026 08:00,12,4.18,3.64,cb
TR2609120059420,CL105558,EN00205,trottinette,Lyon ,ST1006,ST1007,12/09/2026 07:56,12/09/2026 08:04,8,2.69,2.76,abonnement
TR2609120059421,CL107099,EN00144,trottinette,Lyon,ST1013,ST1003,2026-09-12 07:49:45,2026-09-12 07:53:45,4,0.84,1.88,paypal
TR2609120059422,CL104772,EN00112,velo_elec,Lyon,ST1013,ST1002,2026-09-12 07:59:14,,8,2.35,3.0,abonnement
TR2609120059423,CL101055,EN00228,trottinette,Nantes,ST1021,ST1025,12/09/2026 07:46,2026-09-12 07:51:32,5,1.23,2.1,cb
TR2609120059424,CL105887,EN00327,velo_elec,Nantes,ST1026,ST1027,2026-09-12 07:58:30,2026-09-12 08:11:30,13,4.17,4.25,cb
TR2609120059425,CL104873,EN00400,trottinette,Lille,ST1038,ST1042,1789192633,12/09/2026 08:11,14,4.26,4.08,cb
TR2609120059426,CL101076,EN00426,trottinette,Lille,ST1045,ST1046,2026-09-12 07:57:23,12/09/2026 08:05,8,2.64,2.76,cb
TR2609120059427,CL103488,EN00177,velo_elec,Lyon,ST1003,ST1018,2026-09-12 08:13:18,2026-09-12 08:24:18,11,2.28,3.75,cb
TR2609120059428,CL102899,EN00141,velo_elec,Lyon,ST1004,ST1001,2026-09-12 08:13:16,12/09/2026 08:29,16,4.55,5.0,paypal
TR2609120059429,CL102239,EN00014,velo_elec,Lyon,ST1004,ST1010,2026-09-12 08:11:14,2026-09-12 08:22:14,11,1.98,3.75,abonnement
TR2609120059430,CL104351,EN00186,trottinette,Lyon,ST1006,ST1017,2026-09-12 08:10:48,2026-09-12 08:36:48,26,6.62,6.72,paypal
TR2609120059431,CL108751,EN00096,velo_elec,Lyon,ST1013,ST1004,2026-09-12 08:13:42,2026-09-12 08:35:42,22,5.0,6.5,abonnement
TR2609120059432,CL103687,EN00281,velo_elec,Nantes,ST1023,ST1020,2026-09-12 08:13:52,2026-09-12 09:43:52,90,25.25,23.5,abonnement
TR2609120059433,CL105769,EN00284,trottinette,Nantes,ST1023,ST1026,2026-09-12 08:13:50,2026-09-12 08:15:50,2,0.64,1.44,cb
TR2609120059434,CL102629,EN00239,trottinette,Nantes,ST1030,ST1023,2026-09-12 08:02:54,2026-09-12 08:16:54,14,3.77,4.08,cb
TR2609120059435,CL105782,EN00477,trottinette,Lille,ST1034,ST1039,1789193258,2026-09-12 08:25:38,18,6.12,4.96,abonnement
TR2609120059436,CL105902,EN00414,velo_elec,Lille,ST1047,ST1044,2026-09-12 08:02:14,12/09/2026 08:14,12,2.2,4.0,abonnement
TR2609120059437,CL103511,EN00199,velo_elec,Lyon,ST1001,ST1017,2026-09-12 08:26:43,2026-09-12 08:34:43,8,2.54,3.0,cb
TR2609120059438,CL102664,EN00144,trottinette,Lyon ,ST1003,ST1004,2026-09-12 08:26:30,12/09/2026 08:42,16,5.23,4.52,abonnement
TR2609120059439,CL101873,EN00055,trottinette,Lyon,ST1004,ST1005,2026-09-12 08:27:55,2026-09-12 08:35:55,8,1.67,2.76,cb
TR2609120059440,CL108597,EN00003,velo_elec,Lyon,ST1005,ST1011,2026-09-12 08:19:57,2026-09-12 08:26:57,7,1.32,2.75,cb
TR2609120059441,CL107237,EN00145,trottinette,Lyon,ST1007,ST1006,12/09/2026 08:29,2026-09-12 08:37:06,8,1.86,2.76,cb
TR2609120059442,CL104883,EN00006,trottinette,Lyon,ST1008,ST1009,12/09/2026 08:27,2026-09-12 09:06:21,39,9.51,9.58,abonnement
TR2609120059443,CL102105,EN00142,velo_elec,Lyon,ST1013,ST1011,2026-09-12 08:20:58,12/09/2026 08:35,15,4.65,4.75,cb
TR2609120059444,CL104374,EN00041,velo_elec,Lyon ,ST1016,ST1007,12/09/2026 08:29,2026-09-12 08:44:49,15,4.48,4.75,abonnement
TR2609120059445,CL101956,EN00317,trottinette,Nantes,ST1022,ST1029,2026-09-12 08:28:01,2026-09-12 08:45:01,17,4.25,4.74,cb
TR2609120059446,CL105174,EN00318,velo_elec,Nantes,ST1023,ST1021,12/09/2026 08:22,2026-09-12 09:11:22,49,11.67,13.25,cb
TR2609120059447,CL108227,EN00336,velo_elec,Nantes,ST1026,ST1022,2026-09-12 08:23:43,2026-09-12 08:39:43,16,2.42,5.0,paypal
TR2609120059448,CL106265,EN00321,velo_elec,Nantes,ST1028,ST1030,2026-09-12 08:18:22,12/09/2026 08:42,24,7.88,7.0,cb
TR2609120059449,CL101262,EN00300,velo_elec,nantes,ST1031,ST1024,2026-09-12 08:22:15,2026-09-12 08:27:15,5,1.21,2.25,cb
TR2609120059450,CL103616,EN00236,velo_elec,Nantes,ST1033,ST1029,2026-09-12 08:27:20,2026-09-12 08:43:20,16,2.87,5.0,abonnement
TR2609120059451,CL108934,EN00484,velo_elec,Lille,ST1034,ST1044,1789194485,2026-09-12 08:35:05,7,2.01,2.75,abonnement
TR2609120059452,CL100835,EN00381,trottinette,Lille,ST1040,ST1046,12/09/2026 08:27,2026-09-12 08:37:27,10,2.3,3.2,cb
TR2609120059453,CL104727,EN00394,velo_elec,Lille,ST1041,ST1045,2026-09-12 08:24:58,2026-09-12 08:46:58,22,6.76,6.5,cb
TR2609120059454,CL108754,EN00101,velo_elec,Lyonn,ST1004,ST1017,2026-09-12 08:39:57,2026-09-12 09:12:57,33,8.36,9.25,cb
TR2609120059455,CL100188,EN00205,trottinette,Lyon,ST1007,ST1004,12/09/2026 08:41,2026-09-12 08:50:26,9,1.96,2.98,paypal
TR2609120059456,CL104170,EN00229,trottinette,Nantes,ST1021,ST1025,2026-09-12 08:42:30,12/09/2026 09:04,22,7.69,5.84,abonnement
TR2609120059457,CL101826,EN00300,velo_elec,Nantes,ST1024,ST1026,2026-09-12 08:41:23,12/09/2026 08:54,13,2.1,4.25,paypal
TR2609120059458,CL105249,EN00291,velo_elec,Nantes,ST1027,ST1024,2026-09-12 08:45:33,2026-09-12 08:59:33,14,4.9,4.5,abonnement
TR2609120059459,CL100124,EN00224,velo_elec,Nantes,ST1030,ST1032,2026-09-12 08:32:32,12/09/2026 08:54,22,6.1,6.5,cb
TR2609120059460,CL105316,EN00311,trottinette,Nantes,ST1031,ST1020,1789195539,2026-09-12 09:10:39,25,7.47,6.5,abonnement
TR2609120059461,CL106484,EN00349,velo_elec,NANTES,ST1033,ST1023,2026-09-12 08:41:19,1789195579,5,1.67,2.25,cb
TR2609120059462,CL102863,EN00283,trottinette,NANTES,ST1033,ST1021,12/09/2026 08:34,1789195570,12,2.98,3.64,cb
TR2609120059463,CL101139,EN00472,velo_elec,Lille,ST1034,ST1041,2026-09-12 08:36:22,2026-09-12 08:44:22,8,1.43,3.0,cb
TR2609120059464,CL105971,EN00592,velo_elec,Grenoble,ST1048,ST1058,,12/09/2026 09:02,18,4.99,5.5,abonnement
TR2609120059465,CL101312,EN00558,trottinette,Grenoble,ST1055,ST1056,2026-09-12 08:33:05,12/09/2026 08:38,5,0.95,2.1,abonnement
TR2609120059466,CL102239,EN00112,velo_elec,Lyon,ST1002,ST1014,2026-09-12 08:48:10,12/09/2026 08:54,6,1.94,2.5,paypal
TR2609120059467,CL104880,EN00036,velo_elec,Lyon,ST1002,ST1007,1789196379,2026-09-12 09:42:39,43,10.17,11.75,abonnement
TR2609120059468,CL104286,EN00056,velo_elec,Lyon,ST1009,ST1006,2026-09-12 08:48:50,2026-09-12 09:16:50,28,8.15,8.0,paypal
TR2609120059469,CL104933,EN00102,velo_elec,Lyon,ST1011,ST1004,,2026-09-12 09:07:04,16,3.95,5.0,paypal
TR2609120059470,CL105245,EN00199,velo_elec,Lyon,ST1017,ST1007,1789196060,2026-09-12 09:08:20,14,4.62,4.5,cb
TR2609120059471,CL102885,EN00310,trottinette,NANTES,ST1031,ST1033,1789195662,2026-09-12 09:05:42,18,5.63,4.96,abonnement
TR2609120059472,CL103810,EN00481,velo_elec,Lille,ST1036,ST1047,2026-09-12 08:56:00,2026-09-12 09:04:00,8,1.6,3.0,cb
TR2609120059473,CL105864,EN00427,trottinette,Lille,ST1041,ST1039,1789196196,2026-09-12 09:08:36,12,3.08,3.64,cb
TR2609120059474,CL102576,EN00396,velo_elec,Lille,ST1044,ST1040,2026-09-12 09:01:11,2026-09-12 09:28:11,27,7.58,7.75,cb
TR2609120059475,CL105934,EN00599,trottinette,Grenoble,ST1048,ST1058,12/09/2026 08:59,2026-09-12 09:04:25,5,1.38,2.1,cb
TR2609120059476,CL106004,EN00584,trottinette,Grenoble,ST1049,ST1054,2026-09-12 08:46:52,2026-09-12 09:00:52,14,2.87,4.08,cb
TR2609120059477,CL103161,EN00124,velo_elec,Lyon,ST1001,ST1013,12/09/2026 09:10,,6,1.23,2.5,cb
TR2609120059478,CL108663,EN00055,trottinette,Lyonn,ST1005,ST1010,2026-09-12 09:02:49,2026-09-12 09:16:49,14,4.06,4.08,cb
TR2609120059479,CL104680,EN00035,velo_elec,Lyon,ST1008,ST1007,2026-09-12 09:04:20,,13,3.3,4.25,abonnement
TR2609120059480,CL101601,EN00211,velo_elec,Lyon,ST1009,ST1010,2026-09-12 09:06:55,2026-09-12 09:23:55,17,4.45,5.25,cb
TR2609120059481,CL106503,EN00216,velo_elec,Lyon,ST1009,ST1003,2026-09-12 09:05:48,2026-09-12 09:18:48,13,1.98,4.25,
TR2609120059482,CL101203,EN00212,trottinette,Lyon,ST1019,ST1008,,2026-09-12 09:18:25,8,2.27,2.76,paypal
TR2609120059483,CL104394,EN00184,velo_elec,Lyon,ST1019,ST1017,2026-09-12 09:06:57,2026-09-12 09:10:57,4,1.0,2.0,cb
TR2609120059484,CL106593,EN00278,trottinette,Nantes,ST1020,ST1032,2026-09-12 09:01:35,2026-09-12 09:16:35,15,2.95,4.3,cb
TR2609120059485,CL107899,EN00349,velo_elec,Nantes,ST1023,ST1027,12/09/2026 09:05,2026-09-12 09:14:21,9,1.44,3.25,paypal
TR2609120059486,CL105845,EN00239,trottinette,Nantes,ST1023,ST1024,2026-09-12 09:10:18,2026-09-12 09:49:18,39,12.42,9.58,cb
TR2609120059487,CL103532,EN00319,velo_elec,Nantes,ST1023,ST1028,2026-09-12 09:06:51,2026-09-12 09:16:51,10,3.08,3.5,abonnement
TR2609120059488,CL103668,EN00228,trottinette,Nantes,ST1025,ST1032,1789197146,12/09/2026 09:23,11,3.49,3.42,cb
TR2609120059489,CL103584,EN00273,velo_elec,Nantes,ST1032,ST1022,2026-09-12 09:09:06,2026-09-12 09:13:06,4,0.84,2.0,abonnement
TR2609120059490,CL103943,EN00365,velo_elec,Lille,ST1035,ST1047,2026-09-12 09:08:30,2026-09-12 09:12:30,4,1.24,2.0,paypal
TR2609120059491,CL100835,EN00421,velo_elec,Lille,ST1036,ST1040,1789196910,2026-09-12 09:13:30,5,1.02,2.25,cb
TR2609120059492,CL105719,EN00394,velo_elec,Lille,ST1045,ST1047,2026-09-12 09:10:06,2026-09-12 09:37:06,27,5.38,7.75,paypal
TR2609120059493,CL102457,EN00115,velo_elec,Lyon,ST1001,ST1019,2026-09-12 09:22:25,1789199185,24,5.18,7.0,cb
TR2609120059494,CL104421,EN00031,velo_elec,Lyon,ST1001,ST1003,2026-09-12 09:17:02,12/09/2026 09:20,3,0.88,1.75,cb
TR2609120059495,CL105482,EN00044,trottinette,Lyon,ST1008,ST1010,2026-09-12 09:19:49,2026-09-12 09:38:49,19,3.21,5.18,cb
TR2609120059496,CL101159,EN00210,trottinette,Lyon,ST1011,ST1012,2026-09-12 09:18:10,1789197970,8,2.44,2.76,cb
TR2609120059497,CL105125,EN00272,trottinette,Nantes,ST1021,ST1021,2026-09-12 09:16:48,12/09/2026 09:37,21,3.61,5.62,cb
TR2609120059498,CL105448,EN00284,trottinette,nantes,ST1026,ST1032,2026-09-12 09:24:50,,27,7.83,6.94,cb
TR2609120059499,CL104203,EN00230,velo_elec,Nante,ST1028,ST1023,2026-09-12 09:28:20,2026-09-12 09:38:20,10,2.44,3.5,paypal
TR2609120059500,CL108272,EN00342,velo_elec,Nantes,ST1031,ST1033,2026-09-12 09:25:36,2026-09-12 09:29:36,4,1.11,2.0,cb
TR2609120059501,CL102131,EN00224,velo_elec,NANTES,ST1032,ST1022,2026-09-12 09:28:53,2026-09-12 09:33:53,5,0.95,2.25,abonnement
TR2609120059502,CL103848,EN00478,trottinette,Lille,ST1034,ST1040,2026-09-12 09:29:27,2026-09-12 09:34:27,5,0.8,2.1,cb
TR2609120059503,CL106445,EN00377,trottinette,Lille,ST1035,ST1046,2026-09-12 09:27:17,2026-09-12 09:57:17,30,8.98,7.6,abonnement
TR2609120059504,CL104233,EN00476,trottinette,Lille,ST1044,ST1044,2026-09-12 09:22:11,2026-09-12 09:30:11,8,2.64,2.76,abonnement
TR2609120059505,CL104848,EN00441,velo_elec,Lille,ST1046,ST1037,12/09/2026 09:16,2026-09-12 09:31:15,15,3.65,4.75,paypal
TR2609120059506,CL106787,EN00585,velo_elec,Grenoble,ST1050,ST1049,,12/09/2026 09:44,20,3.04,6.0,cb
TR2609120059507,CL106162,EN00549,velo_elec,Grenoble,ST1055,ST1054,2026-09-12 09:20:14,2026-09-12 09:33:14,13,4.14,4.25,paypal
TR2609120059508,CL107183,EN00216,velo_elec,Lyon,ST1003,ST1015,12/09/2026 09:38,2026-09-12 09:43:56,5,1.64,2.25,cb
TR2609120059509,CL108381,EN00189,trottinette,LYON,ST1007,ST1018,2026-09-12 09:34:07,2026-09-12 09:50:07,16,4.55,4.52,paypal
TR2609120059510,CL101196,EN00212,trottinette,Lyon,ST1008,ST1016,1789199159,,11,3.11,3.42,paypal
TR2609120059511,CL103788,EN00162,velo_elec,Lyon,ST1012,ST1014,2026-09-12 09:31:53,2026-09-12 09:40:53,9,1.49,3.25,cb
TR2609120059512,CL100773,EN00124,velo_elec,Lyon,ST1013,ST1008,2026-09-12 09:39:32,2026-09-12 09:48:32,9,3.04,3.25,cb
TR2609120059513,CL104275,EN00009,velo_elec,Lyon,ST1014,ST1002,2026-09-12 09:42:09,12/09/2026 10:03,21,4.16,6.25,paypal
TR2609120059514,CL101806,EN00209,velo_elec,Lyon,ST1015,ST1002,2026-09-12 09:43:38,2026-09-12 09:53:38,10,2.26,3.5,abonnement
TR2609120059515,CL102726,EN00184,velo_elec,Lyon,ST1017,ST1016,2026-09-12 09:31:47,2026-09-12 09:45:47,14,3.18,4.5,cb
TR2609120059516,CL104617,EN00172,trottinette,Lyon,ST1019,ST1011,2026-09-12 09:36:43,2026-09-12 09:53:43,17,4.15,4.74,abonnement
TR2609120059517,CL105343,EN00333,trottinette,Nantes,ST1020,ST1025,1789198524,2026-09-12 09:42:24,7,1.96,2.54,abonnement
TR2609120059518,CL104533,EN00301,velo_elec,Nantes,ST1022,ST1029,2026-09-12 09:35:19,12/09/2026 09:47,12,2.24,4.0,cb
TR2609120059519,CL101864,EN00273,velo_elec,Nantes,ST1022,ST1023,1789199056,12/09/2026 09:59,7785,3.12,4.75,paypal
TR2609120059520,CL100489,EN00236,velo_elec,Nantes,ST1029,ST1025,,2026-09-12 09:51:23,10,2.43,3.5,cb
TR2609120059521,CL102674,EN00232,trottinette,Nantes,ST1031,ST1031,12/09/2026 09:44,2026-09-12 09:56:41,12,2.35,3.64,cb
TR2609120059522,CL108764,EN00222,velo_elec,Nantes,ST1033,ST1023,2026-09-12 09:34:34,,20,6.34,6.0,cb
TR2609120059523,CL103467,EN00247,trottinette,Nantes,ST1033,ST1021,2026-09-12 09:31:03,2026-09-12 09:43:03,12,3.99,3.64,cb
TR2609120059524,CL102618,EN00342,velo_elec,Nantes,ST1033,ST1026,2026-09-12 09:38:45,2026-09-12 09:43:45,-26,1.47,2.25,cb
TR2609120059525,CL105895,EN00373,velo_elec,Lille,ST1034,ST1042,2026-09-12 09:30:43,2026-09-12 09:43:43,13,3.7,4.25,abonnement
TR2609120059526,CL102970,EN00441,velo_elec,Lille,ST1037,ST1041,2026-09-12 09:37:31,2026-09-12 09:50:31,13,3.78,4.25,cb
TR2609120059527,CL103562,EN00403,trottinette,Lille,ST1045,ST1037,12/09/2026 09:34,2026-09-12 09:43:34,9,1.39,2.98,abonnement
TR2609120059528,CL103398,EN00452,velo,Lille,ST1045,ST1046,1789199054,12/09/2026 09:51,7,1.21,2.05,abonnement
TR2609120059529,CL103587,EN00008,trottinette,Lyon,ST1001,ST1004,2026-09-12 09:56:46,12/09/2026 10:09,13,3.47,3.86,paypal
TR2609120059530,CL101252,EN00141,velo_elec,Lyon,ST1001,ST1005,2026-09-12 09:59:25,2026-09-12 10:02:25,3,1.0,1.75,cb
TR2609120059531,CL106088,EN00077,trottinette,Lyon,ST1004,ST1012,2026-09-12 09:52:33,2026-09-12 10:14:33,22,4.91,5.84,cb
TR2609120059532,CL103120,EN00179,trottinette,Lyon,ST1005,ST1019,2026-09-12 09:54:06,2026-09-12 10:02:06,8,2.64,2.76,cb
TR2609120059533,CL101430,EN00192,velo_elec,Lyon,ST1005,ST1015,2026-09-12 09:48:16,2026-09-12 10:03:16,15,4.4,4.75,cb
TR2609120059534,CL106926,EN00035,velo_elec,Lyon,ST1007,ST1014,2026-09-12 09:55:20,2026-09-12 10:02:20,7,2.28,2.75,cb
TR2609120059535,CL101847,EN00041,velo_elec,Lyon,ST1007,ST1014,,2026-09-12 10:33:16,35,10.87,9.75,paypal
TR2609120059536,CL104926,EN00200,trottinette,Lyon,ST1015,ST1006,2026-09-12 09:46:52,12/09/2026 10:05,19,2.92,5.18,cb
TR2609120059537,CL108848,EN00354,velo_elec,Nantes,ST1028,ST1028,2026-09-12 09:46:01,12/09/2026 09:54,8,1.42,3.0,abonnement
TR2609120059538,CL106879,EN00355,velo_elec,Nantes,ST1031,ST1026,1789199606,12/09/2026 10:01,8,2.51,3.0,cb
TR2609120059539,CL108522,EN00593,trottinette,Grenoble,ST1050,ST1057,2026-09-12 09:47:09,2026-09-12 09:51:09,4,0.85,1.88,abonnement
TR2609120059540,CL100746,EN00187,velo_elec,Lyon,ST1005,ST1003,12/09/2026 10:01,2026-09-12 10:14:15,13,2.01,4.25,cb
TR2609120059541,CL102753,EN00199,velo_elec,Lyon,ST1007,ST1009,12/09/2026 10:14,1789201368,8,2.34,3.0,paypal
TR2609120059542,CL103267,EN00036,velo_elec,Lyon,ST1007,ST1003,2026-09-12 10:10:13,12/09/2026 10:15,5,1.28,2.25,abonnement
TR2609120059543,CL103196,EN00152,velo_elec,Lyon,ST1009,ST1010,,2026-09-12 10:06:46,6,1.34,2.5,abonnement
TR2609120059544,CL101197,EN00211,velo_elec,Lyon,ST1010,ST1015,2026-09-12 10:14:48,12/09/2026 10:25,11,2.71,3.75,cb
TR2609120059545,CL105606,EN00178,velo_elec,Lyon,ST1012,ST1009,2026-09-12 10:02:35,2026-09-12 10:15:35,13,3.78,4.25,abonnement
TR2609120059546,CL103121,EN00035,velo_elec,Lyon,ST1014,ST1016,2026-09-12 10:07:02,12/09/2026 10:10,3,0.63,1.75,cb
TR2609120059547,CL104513,EN00039,velo_elec,Lyon,ST1017,ST1017,12/09/2026 10:03,12/09/2026 10:15,12,3.44,4.0,paypal
TR2609120059548,CL100819,EN00107,velo_elec,Lyon,ST1019,ST1011,2026-09-12 10:11:43,,13,4.29,4.25,cb
TR2609120059549,CL103377,EN00352,velo_elec,Nantes,ST1021,ST1026,12/09/2026 10:05,2026-09-12 10:26:40,21,6.87,6.25,paypal
TR2609120059550,CL108403,EN00291,velo_elec,Nantes,ST1024,ST1021,2026-09-12 10:07:17,2026-09-12 10:19:17,12,2.06,4.0,cb
TR2609120059551,CL106839,EN00333,trottinette,Nantes,ST1025,ST1032,2026-09-12 10:08:51,2026-09-12 10:12:51,4,1.22,1.88,cb
TR2609120059552,CL107995,EN00321,velo_elec,Nantes,ST1030,ST1031,2026-09-12 10:12:19,2026-09-12 10:20:19,8,2.24,3.0,cb
TR2609120059553,CL102171,EN00280,trottinette,Nantes,ST1031,ST1026,,1789201536,11,3.46,3.42,cb
TR2609120059554,CL104919,EN00358,trottinette,Nantes,ST1033,ST1027,2026-09-12 10:06:51,2026-09-12 10:13:51,7,2.39,2.54,cb
TR2609120059555,CL108768,EN00305,velo_elec,Nantes,ST1033,ST1024,2026-09-12 10:01:38,2026-09-12 10:10:38,9,3.15,3.25,cb
TR2609120059556,CL101674,EN00375,trottinette,Lille,ST1042,ST1036,2026-09-12 10:13:24,2026-09-12 10:20:24,7,1.81,2.54,paypal
TR2609120059557,CL105799,EN00426,trottinette,Lille,ST1046,ST1044,2026-09-12 10:10:10,1789201330,12,2.22,3.64,abonnement
TR2609120059558,CL104983,EN00217,velo_elec,Lyon,ST1001,ST1003,2026-09-12 10:21:02,2026-09-12 10:29:02,8,2.02,3.0,cb
TR2609120059559,CL102336,EN00209,velo_elec,Lyon,ST1002,ST1004,2026-09-12 10:29:55,2026-09-12 10:39:55,10,3.34,3.5,cb
TR2609120059560,CL105512,EN00197,velo_elec,Lyon,ST1003,ST1006,1789201131,2026-09-12 10:28:51,10,2.21,3.5,abonnement
TR2609120059561,CL105366,EN00008,trottinette,Lyon,ST1004,ST1009,12/09/2026 10:17,2026-09-12 10:32:15,15,3.61,4.3,paypal
TR2609120059562,CL102948,EN00124,velo_elec,Lyon,ST1008,ST1008,2026-09-12 10:29:20,2026-09-12 11:25:20,56,15.26,15.0,cb
TR2609120059563,CL101285,EN00025,velo_elec,Lyon,ST1008,ST1012,2026-09-12 10:29:29,2026-09-12 10:45:29,16,3.69,5.0,cb
TR2609120059564,CL108943,EN00178,velo_elec,Lyon,ST1009,ST1009,2026-09-12 10:26:34,12/09/2026 10:43,17,5.95,5.25,cb
TR2609120059565,CL100747,EN00152,velo_elec,Lyon,ST1010,ST1008,2026-09-12 10:28:44,2026-09-12 10:34:44,6,1.34,2.5,cb
TR2609120059566,CL108034,EN00190,trottinette,Lyon,ST1013,ST1016,2026-09-12 10:20:13,2026-09-12 10:34:13,14,2.78,4.08,cb
TR2609120059567,CL102816,EN00162,velo_elec,Lyon,ST1014,ST1007,2026-09-12 10:19:25,2026-09-12 10:23:25,4,0.68,2.0,paypal
TR2609120059568,CL101123,EN00083,velo_elec,Lyon,ST1015,ST1003,2026-09-12 10:23:24,2026-09-12 10:30:24,7,1.92,2.75,cb
TR2609120059569,CL103731,EN00084,velo_elec,Lyon,ST1016,ST1008,,2026-09-12 10:19:24,4,1.06,2.0,abonnement
TR2609120059570,CL106487,EN00224,velo_elec,Nantes,ST1022,ST1031,1789201805,2026-09-12 10:37:05,7,2.03,2.75,cb
TR2609120059571,CL101613,EN00336,velo_elec,Nantes,ST1022,ST1020,2026-09-12 10:29:57,2026-09-12 10:56:57,27,9.29,7.75,abonnement
TR2609120059572,CL106269,EN00285,trottinette,Nantes,ST1025,ST1031,2026-09-12 10:26:24,2026-09-12 10:36:24,10,2.15,3.2,paypal
TR2609120059573,CL108948,EN00411,trottinette,Lille,ST1041,ST1043,12/09/2026 10:19,2026-09-12 10:28:06,9,2.24,2.98,paypal
TR2609120059574,CL106216,EN00432,velo,Lille,ST1045,ST1043,12/09/2026 10:15,2026-09-12 10:35:59,20,3.4,4.0,paypal
TR2609120059575,CL107161,EN00127,trottinette,Lyon,ST1004,ST1015,2026-09-12 10:40:40,2026-09-12 10:57:40,17,3.1,4.74,paypal
TR2609120059576,CL102477,EN00141,velo_elec,Lyon,ST1005,ST1009,12/09/2026 10:42,2026-09-12 10:47:26,5,1.63,2.25,cb
TR2609120059577,CL105214,EN00162,velo_elec,Lyon,ST1007,ST1019,2026-09-12 10:32:39,2026-09-12 10:59:39,27,6.67,7.75,cb
TR2609120059578,CL102925,EN00086,velo_elec,LYON,ST1007,ST1004,2026-09-12 10:34:44,2026-09-12 10:47:44,13,4.05,4.25,abonnement
TR2609120059579,CL106975,EN00084,velo_elec,Lyon,ST1008,ST1007,2026-09-12 10:41:12,2026-09-12 10:59:12,18,3.0,5.5,abonnement
TR2609120059580,CL100566,EN00199,velo_elec,Lyon,ST1009,ST1006,2026-09-12 10:35:03,2026-09-12 10:58:03,23,6.29,6.75,cb
TR2609120059581,CL103307,EN00206,velo_elec,LYON,ST1010,ST1010,2026-09-12 10:34:00,2026-09-12 11:01:00,27,7.53,7.75,paypal
TR2609120059582,CL100091,EN00203,trottinette,Lyon,ST1011,ST1006,2026-09-12 10:31:45,2026-09-12 11:29:45,58,17.67,13.76,cb
TR2609120059583,CL107567,EN00107,velo_elec,Lyon,ST1011,ST1010,2026-09-12 10:34:59,1789202939,14,2.4,4.5,cb
TR2609120059584,CL104240,EN00167,trottinette,Lyon,ST1014,ST1019,12/09/2026 10:36,2026-09-12 10:48:59,12,4.12,3.64,cb
TR2609120059585,CL107563,EN00113,velo_elec,Lyon,ST1014,ST1014,2026-09-12 10:33:31,2026-09-12 10:47:31,14,3.91,4.5,abonnement
TR2609120059586,CL103278,EN00034,velo_elec,Lyon,ST1015,ST1018,12/09/2026 10:33,2026-09-12 10:42:53,9,1.61,3.25,abonnement
TR2609120059587,CL100664,EN00027,velo_elec,Lyon,ST1016,ST1014,2026-09-12 10:39:40,2026-09-12 10:47:40,8,2.24,3.0,abonnement
TR2609120059588,CL102818,EN00299,trottinette,Nantes,ST1020,ST1020,,2026-09-12 10:57:37,13,2.73,3.86,abonnement
TR2609120059589,CL104420,EN00227,trottinette,Nantes,ST1024,ST1028,2026-09-12 10:33:21,2026-09-12 10:42:21,9,3.04,2.98,cb
TR2609120059590,CL102212,EN00301,velo_elec,Nantes,ST1029,ST1021,2026-09-12 10:35:09,2026-09-12 10:47:09,12,2.4,4.0,cb
TR2609120059591,CL103155,EN00325,trottinette,Nantes,ST1029,ST1032,12/09/2026 10:42,,27,6.02,6.94,abonnement
TR2609120059592,CL107869,EN00249,velo_elec,Nantes,ST1030,ST1031,12/09/2026 10:36,12/09/2026 11:05,29,4.55,8.25,cb
TR2609120059593,CL107006,EN00321,velo_elec,Nantes,ST1031,ST1024,2026-09-12 10:42:09,2026-09-12 10:54:09,12,1.96,4.0,cb
TR2609120059594,CL107473,EN00333,trottinette,Nantes,ST1032,ST1023,2026-09-12 10:40:31,2026-09-12 10:50:31,10,2.23,3.2,abonnement
TR2609120059595,CL100439,EN00375,trottinette,Lille,ST1036,ST1043,2026-09-12 10:42:21,2026-09-12 11:14:21,32,6.7,8.04,cb
TR2609120059596,CL103889,EN00361,trottinette,Lille,ST1037,ST1044,2026-09-12 10:31:46,2026-09-12 10:42:46,11,2.9,3.42,abonnement
TR2609120059597,CL102298,EN00427,trottinette,Lille,ST1039,ST1046,2026-09-12 10:42:04,2026-09-12 11:03:04,21,7.01,5.62,cb
TR2609120059598,CL108495,EN00444,trottinette,Lille,ST1042,ST1046,12/09/2026 10:44,2026-09-12 11:02:25,18,6.2,4.96,cb
TR2609120059599,CL104061,EN00598,velo_elec,Grenoble,ST1052,ST1053,12/09/2026 10:41,2026-09-12 10:45:25,4,1.28,2.0,cb
TR2609120059600,CL100289,EN00525,velo,Grenoble,ST1053,ST1056,2026-09-12 10:41:29,2026-09-12 10:48:29,7,2.31,2.05,abonnement
TR2609120059601,CL104774,EN00010,trottinette,Lyon,ST1003,ST1019,12/09/2026 10:57,2026-09-12 11:18:56,21,4.19,5.62,abonnement
TR2609120059602,CL103731,EN00209,velo_elec,Lyonn,ST1004,ST1017,2026-09-12 10:48:25,2026-09-12 11:20:25,32,8.42,9.0,paypal
TR2609120059603,CL108884,EN00102,velo_elec,Lyon,ST1004,ST1012,2026-09-12 10:54:49,1789204549,21,7.13,6.25,abonnement
TR2609120059604,CL106958,EN00087,trottinette,lyon,ST1007,ST1005,2026-09-12 10:58:05,1789204205,12,3.91,3.64,paypal
TR2609120059605,CL105459,EN00008,trottinette,Lyon,ST1009,ST1006,2026-09-12 10:56:34,2026-09-12 11:05:34,9,3.13,2.98,abonnement
TR2609120059606,CL101248,EN00178,velo_elec,Lyon,ST1009,ST1016,2026-09-12 10:57:15,2026-09-12 10:59:15,2,0.3,1.5,cb
TR2609120059607,CL101196,EN00195,velo_elec,Lyon,ST1012,ST1010,2026-09-12 10:51:23,,8,2.09,3.0,abonnement
TR2609120059608,CL108792,EN00077,trottinette,Lyon,ST1012,ST1014,2026-09-12 10:59:24,2026-09-12 11:04:24,-17,1.07,2.1,cb
TR2609120059609,CL101921,EN00218,velo_elec,Lyon,ST1013,ST1008,2026-09-12 10:51:05,2026-09-12 11:19:05,28,8.98,8.0,abonnement
TR2609120059610,CL102437,EN00054,trottinette,Lyon,ST1016,ST1017,2026-09-12 10:53:53,12/09/2026 11:12,19,3.55,5.18,abonnement
TR2609120059611,CL104044,EN00018,trottinette,Lyon,ST1019,ST1013,2026-09-12 10:53:40,2026-09-12 11:01:40,8,1.27,2.76,paypal
TR2609120059612,CL103255,EN00122,trottinette,lyon,ST1019,ST1016,2026-09-12 10:48:31,2026-09-12 11:01:31,13,3.39,3.86,paypal
TR2609120059613,CL102620,EN00315,velo_elec,Nante,ST1020,ST1021,2026-09-12 10:53:17,2026-09-12 11:03:17,10,3.08,3.5,cb
TR2609120059614,CL108224,EN00337,trottinette,Nantes,ST1024,ST1021,1789202767,2026-09-12 11:21:07,35,11.44,8.7,cb
TR2609120059615,CL104961,EN00253,trottinette,Nante,ST1025,ST1032,2026-09-12 10:52:58,2026-09-12 11:12:58,20,5.0,5.4,abonnement
TR2609120059616,CL107205,EN00254,velo_elec,Nantes,ST1028,ST1024,12/09/2026 10:49,2026-09-12 10:54:29,5,1.12,2.25,cb
TR2609120059617,CL104767,EN00317,trottinette,Nantes,ST1029,ST1029,12/09/2026 10:49,2026-09-12 10:55:38,5824,1.04,2.32,cb
TR2609120059618,CL105491,EN00308,velo,Nantes,ST1030,ST1023,12/09/2026 10:56,2026-09-12 11:00:14,4,0.91,1.6,abonnement
TR2609120059619,CL104525,EN00310,trottinette,Nantes,ST1033,ST1025,2026-09-12 10:58:30,2026-09-12 11:31:30,33,7.58,8.26,cb
TR2609120059620,CL101008,EN00405,trottinette,Lille,ST1038,ST1037,2026-09-12 10:58:09,2026-09-12 11:16:09,18,3.96,4.96,abonnement
TR2609120059621,CL105906,EN00478,trottinette,Lille,ST1040,ST1035,2026-09-12 10:55:54,1789204074,12,2.76,3.64,cb
TR2609120059622,CL106409,EN00430,velo_elec,Lille,ST1044,ST1043,2026-09-12 11:00:43,12/09/2026 11:04,4,1.38,2.0,cb
TR2609120059623,CL101254,EN00549,velo_elec,Grenoble,ST1054,ST1049,2026-09-12 10:47:10,2026-09-12 10:51:10,4,1.14,2.0,cb
TR2609120059624,CL106376,EN00551,trottinette,Grenoble,ST1057,ST1048,1789202961,2026-09-12 10:57:21,8,1.26,2.76,abonnement
TR2609120059625,CL107280,EN00009,velo_elec,Lyon,ST1002,ST1002,2026-09-12 11:11:36,2026-09-12 11:22:36,11,3.62,3.75,cb
TR2609120059626,CL101891,EN00083,velo_elec,Lyon,ST1003,ST1014,2026-09-12 11:04:57,2026-09-12 11:18:57,14,4.01,4.5,abonnement
TR2609120059627,CL100513,EN00049,trottinette,Lyon,ST1004,ST1006,2026-09-12 11:00:40,2026-09-12 11:17:40,17,5.66,4.74,abonnement
TR2609120059628,CL102524,EN00132,trottinette,Lyon,ST1004,ST1004,12/09/2026 11:15,12/09/2026 11:27,12,2.73,3.64,paypal
TR2609120059629,CL103109,EN00144,trottinette,Lyon,ST1004,ST1009,2026-09-12 11:08:51,2026-09-12 11:26:51,18,5.74,4.96,cb
TR2609120059630,CL100566,EN00195,velo_elec,Lyon,ST1010,ST1006,,2026-09-12 11:53:44,51,15.34,,cb
TR2609120059631,CL102181,EN00107,velo_elec,Lyon,ST1010,ST1007,12/09/2026 11:11,,33,8.42,9.25,abonnement
TR2609120059632,CL106607,EN00055,trottinette,Lyon,ST1010,ST1005,2026-09-12 11:03:00,12/09/2026 11:15,12,2.93,3.64,cb
TR2609120059633,CL108264,EN00172,trottinette,Lyon,ST1011,ST1003,1789204074,2026-09-12 11:32:54,25,7.42,6.5,abonnement
TR2609120059634,CL108646,EN00210,trottinette,Lyon,ST1012,ST1009,2026-09-12 11:01:48,1789204068,6,1.72,2.32,abonnement
TR2609120059635,CL103295,EN00027,velo_elec,Lyon,ST1014,ST1009,2026-09-12 11:02:18,2026-09-12 11:21:18,19,3.06,5.75,cb
TR2609120059636,CL103970,EN00052,trottinette,LYON,ST1019,ST1014,2026-09-12 11:02:16,2026-09-12 11:07:16,5,1.51,2.1,cb
TR2609120059637,CL106596,EN00196,velo_elec,LYON,ST1019,ST1001,2026-09-12 11:02:46,12/09/2026 11:17,15,4.78,4.75,cb
TR2609120059638,CL106481,EN00301,velo_elec,Nantes,ST1021,ST1028,2026-09-12 11:14:10,2026-09-12 11:30:10,16,2.73,5.0,cb
TR2609120059639,CL108205,EN00263,trottinette,NANTES,ST1022,ST1032,,2026-09-12 11:13:50,4,1.02,1.88,paypal
TR2609120059640,CL105871,EN00347,trottinette,Nantes,ST1027,ST1021,2026-09-12 11:08:13,2026-09-12 11:12:13,4,0.97,1.88,abonnement
TR2609120059641,CL105065,EN00354,velo_elec,Nantes,ST1028,ST1033,2026-09-12 11:10:58,2026-09-12 11:21:58,11,3.6,3.75,abonnement
TR2609120059642,CL100056,EN00279,velo,Nantes,ST1030,ST1029,1789203867,2026-09-12 11:18:27,14,3.56,3.1,abonnement
TR2609120059643,CL108776,EN00255,velo,Nantes,ST1030,ST1024,2026-09-12 11:01:39,2026-09-12 11:19:39,18,4.76,3.7,cb
TR2609120059644,CL103324,EN00353,velo,Nantes,ST1033,ST1026,2026-09-12 11:04:55,1789205215,22,5.29,4.3,paypal
TR2609120059645,CL100843,EN00361,trottinette,Lille,ST1044,ST1040,2026-09-12 11:08:38,2026-09-12 11:41:38,33,10.78,8.26,paypal
TR2609120059646,CL100355,EN00045,trottinette,Lyon,ST1001,ST1018,2026-09-12 11:22:37,2026-09-12 11:29:37,7,1.81,2.54,cb
TR2609120059647,CL105982,EN00111,trottinette,Lyon,ST1003,ST1013,2026-09-12 11:27:11,2026-09-12 11:40:11,13,3.28,3.86,cb
TR2609120059648,CL104892,EN00096,velo_elec,Lyon,ST1004,ST1009,2026-09-12 11:19:02,2026-09-12 11:28:02,9,2.11,3.25,cb
TR2609120059649,CL103822,EN00044,trottinette,Lyon,ST1010,ST1016,2026-09-12 11:28:20,12/09/2026 11:37,9,2.36,2.98,cb
TR2609120059650,CL100550,EN00066,trottinette,Lyon,ST1011,ST1019,2026-09-12 11:18:51,2026-09-12 11:22:51,4,1.06,1.88,cb
TR2609120059651,CL100746,EN00194,velo_elec,lyon,ST1011,ST1015,2026-09-12 11:17:09,1789205889,21,6.02,6.25,abonnement
TR2609120059652,CL106837,EN00186,trottinette,Lyon,ST1017,ST1009,2026-09-12 11:29:48,2026-09-12 11:39:48,10,1.72,3.2,paypal
TR2609120059653,CL101727,EN00079,velo_elec,Lyon,ST1018,ST1017,2026-09-12 11:29:16,2026-09-12 11:49:16,20,5.09,6.0,cb
TR2609120059654,CL101378,EN00347,trottinette,Nantes,ST1021,ST1022,2026-09-12 11:17:10,2026-09-12 11:23:10,6,1.44,2.32,abonnement
TR2609120059655,CL104756,EN00333,trottinette,Nantes,ST1023,ST1032,2026-09-12 11:26:15,2026-09-12 11:30:15,4,0.61,1.88,cb
TR2609120059656,CL104816,EN00230,velo_elec,Nantes,ST1023,ST1030,2026-09-12 11:24:53,1789206293,20,3.91,6.0,cb
TR2609120059657,CL102684,EN00273,velo_elec,Nantes,ST1023,ST1029,2026-09-12 11:22:03,2026-09-12 11:33:03,11,3.1,3.75,abonnement
TR2609120059658,CL106582,EN00321,velo_elec,Nantes,ST1024,ST1025,2026-09-12 11:16:49,2026-09-12 11:26:49,10,2.99,3.5,cb
TR2609120059659,CL100638,EN00254,velo_elec,Nantes,ST1024,ST1021,2026-09-12 11:19:02,12/09/2026 11:43,24,6.85,7.0,cb
TR2609120059660,CL107462,EN00300,velo_elec,Nantes,ST1026,ST1021,2026-09-12 11:17:10,2026-09-12 11:26:10,9,1.69,3.25,abonnement
TR2609120059661,CL103487,EN00327,velo_elec,Nantes,ST1027,ST1028,12/09/2026 11:18,2026-09-12 11:22:01,4,0.83,2.0,abonnement
TR2609120059662,CL106849,EN00287,velo_elec,Nantes,ST1028,ST1031,12/09/2026 11:28,2026-09-12 11:36:51,8,1.88,3.0,cb
TR2609120059663,CL100124,EN00344,velo,nantes,ST1033,ST1029,1789205337,2026-09-12 11:45:57,17,4.66,3.55,cb
TR2609120059664,CL103767,EN00346,velo,Nantes,ST1033,ST1028,2026-09-12 11:25:28,12/09/2026 11:31,6,2.03,1.9,cb
TR2609120059665,CL105896,EN00451,velo_elec,Lille,ST1039,ST1047,1789205030,2026-09-12 11:34:50,11,3.24,3.75,cb
TR2609120059666,CL105529,EN00509,trottinette,grenoble,ST1048,ST1050,2026-09-12 11:21:40,2026-09-12 11:23:40,2,0.33,1.44,cb
TR2609120059667,CL102086,EN00598,velo_elec,Grenoble,ST1053,ST1057,12/09/2026 11:24,2026-09-12 12:15:54,51,16.85,13.75,paypal
TR2609120059668,CL104101,EN00031,velo_elec,Lyon,ST1003,ST1007,2026-09-12 11:35:44,2026-09-12 11:55:44,20,5.28,6.0,cb
TR2609120059669,CL103578,EN00104,trottinette,Lyonn,ST1003,ST1002,2026-09-12 11:45:24,2026-09-12 12:03:24,18,5.14,4.96,cb
TR2609120059670,CL106363,EN00217,velo_elec,Lyon,ST1003,ST1010,2026-09-12 11:34:28,2026-09-12 11:48:28,14,3.88,4.5,paypal
TR2609120059671,CL107671,EN00108,velo_elec,Lyon,ST1008,ST1017,,2026-09-12 12:09:49,30,8.45,8.5,cb
TR2609120059672,CL106249,EN00033,trottinette,Lyon,ST1012,ST1019,2026-09-12 11:36:49,2026-09-12 12:00:49,24,4.22,6.28,paypal
TR2609120059673,CL108064,EN00102,velo_elec,Lyon,ST1012,ST1011,2026-09-12 11:39:52,2026-09-12 11:49:52,10,2.09,3.5,cb
TR2609120059674,CL103736,EN00018,trottinette,Lyon,ST1013,ST1006,2026-09-12 11:40:41,2026-09-12 11:59:41,19,6.01,5.18,cb
TR2609120059675,CL108910,EN00127,trottinette,Lyon,ST1015,ST1003,1789205686,2026-09-12 11:47:46,13,2.57,3.86,cb
TR2609120059676,CL106141,EN00303,velo_elec,NANTES,ST1020,ST1023,2026-09-12 11:31:22,2026-09-12 11:44:22,13,2.73,4.25,abonnement
TR2609120059677,CL101211,EN00315,velo_elec,Nantes,ST1021,ST1021,12/09/2026 11:41,2026-09-12 11:47:03,6,1.22,2.5,abonnement
TR2609120059678,CL102488,EN00309,trottinette,Nantes,ST1024,ST1023,2026-09-12 11:37:48,2026-09-12 11:59:48,22,5.97,5.84,cb
TR2609120059679,CL106705,EN00342,velo_elec,Nantes,ST1026,ST1027,2026-09-12 11:37:55,2026-09-12 11:50:55,13,3.41,4.25,cb
TR2609120059680,CL105256,EN00285,trottinette,Nantes,ST1031,ST1028,2026-09-12 11:33:22,2026-09-12 11:48:22,15,3.69,4.3,cb
TR2609120059681,CL108636,EN00224,velo_elec,Nantes,ST1031,ST1025,2026-09-12 11:43:14,2026-09-12 11:46:14,3,0.56,1.75,cb
TR2609120059682,CL107975,EN00430,velo_elec,Lille,ST1043,ST1042,2026-09-12 11:34:00,1789205880,4,1.03,2.0,abonnement
TR2609120059683,CL101730,EN00444,trottinette,Lille,ST1046,ST9755,2026-09-12 11:40:32,2026-09-12 11:49:32,9,2.73,2.98,abonnement
TR2609120059684,CL100200,EN00440,trottinette,Lille,ST1047,ST1038,12/09/2026 11:32,2026-09-12 11:35:21,3,0.73,1.66,abonnement
TR2609120059685,CL102048,EN00584,trottinette,Grenoble,ST1054,ST1049,2026-09-12 11:46:04,2026-09-12 11:58:04,12,3.31,3.64,cb
TR2609120059686,CL105315,EN00535,velo_elec,Grenoble,ST1056,ST1055,2026-09-12 11:43:04,2026-09-12 11:55:04,12,2.72,4.0,abonnement
TR2609120059687,CL108144,EN00196,velo_elec,Lyon,ST1001,ST1007,2026-09-12 11:54:44,2026-09-12 11:59:44,5,1.49,2.25,
TR2609120059688,CL104457,EN00158,velo_elec,Lyon,ST1001,ST1013,12/09/2026 11:50,2026-09-12 12:00:30,10,2.39,3.5,cb
TR2609120059689,CL107449,EN00160,velo_elec,Lyon,ST1001,ST1005,12/09/2026 11:54,2026-09-12 12:10:42,7421,2.87,5.0,cb
TR2609120059690,CL108569,EN00087,trottinette,Lyon,ST1005,ST1011,1789206948,2026-09-12 12:11:48,16,5.35,4.52,abonnement
TR2609120059691,CL103233,EN00084,velo_elec,Lyon,ST1007,ST1002,2026-09-12 11:50:05,2026-09-12 12:00:05,10,2.02,3.5,cb
TR2609120059692,CL107707,EN00107,velo_elec,Lyonn,ST1007,ST1009,2026-09-12 11:55:02,1789207442,9,1.9,3.25,abonnement
TR2609120059693,CL101881,EN00206,velo_elec,LYON,ST1010,ST1012,12/09/2026 11:52,2026-09-12 12:06:58,14,3.1,4.5,cb
TR2609120059694,CL102695,EN00014,velo_elec,Lyon,ST1010,ST1018,1789206941,2026-09-12 12:09:41,14,4.43,4.5,cb
TR2609120059695,CL108730,EN00062,trottinette,Lyon ,ST1010,ST1015,2026-09-12 11:59:33,2026-09-12 12:06:33,7,1.11,2.54,cb
TR2609120059696,CL104691,EN00050,velo_elec,Lyonn,ST1012,ST1011,2026-09-12 11:52:09,1789208649,32,7.1,9.0,abonnement
TR2609120059697,CL106983,EN00154,trottinette,Lyon,ST1012,ST1009,12/09/2026 11:53,2026-09-12 12:13:19,20,5.42,5.4,abonnement
TR2609120059698,CL105692,EN00111,trottinette,Lyon,ST1013,ST1002,2026-09-12 11:56:50,2026-09-12 12:01:50,5,1.15,2.1,cb
TR2609120059699,CL106015,EN00010,trottinette,Lyon,ST1019,ST1006,2026-09-12 11:47:58,2026-09-12 12:02:58,15,2.94,4.3,cb
TR2609120059700,CL108016,EN00303,velo_elec,Nantes,ST1023,ST1033,2026-09-12 11:57:37,2026-09-12 12:16:37,19,5.43,5.75,cb
TR2609120059701,CL103324,EN00304,velo_elec,Nantes,ST1025,ST1027,2026-09-12 11:57:09,2026-09-12 12:17:09,20,6.25,6.0,abonnement
TR2609120059702,CL104951,EN00333,trottinette,Nantes,ST1032,ST1025,1789206834,2026-09-12 12:04:54,11,2.63,3.42,cb
TR2609120059703,CL102589,EN00405,trottinette,Lille,ST1037,ST1036,2026-09-12 11:47:56,2026-09-12 11:52:56,5,1.45,2.1,paypal
TR2609120059704,CL105195,EN00475,trottinette,Lille,ST1042,ST1038,2026-09-12 11:53:44,12/09/2026 12:10,17,2.58,4.74,cb
TR2609120059705,CL103031,EN00566,trottinette,Grenoble,ST1049,ST1050,2026-09-12 11:52:56,2026-09-12 11:57:56,5,1.03,2.1,paypal
TR2609120059706,CL108136,EN00127,trottinette,Lyon,ST1003,ST9661,2026-09-12 12:01:58,2026-09-12 12:16:58,15,3.14,4.3,cb
TR2609120059707,CL106605,EN00132,trottinette,Lyon,ST1004,ST1007,2026-09-12 12:14:39,2026-09-12 12:28:39,14,4.43,4.08,paypal
TR2609120059708,CL107102,EN00055,trottinette,Lyon,ST1005,ST1014,2026-09-12 12:08:27,2026-09-12 12:24:27,16,2.68,4.52,abonnement
TR2609120059709,CL100639,EN00174,velo_elec,Lyon,ST1005,ST1010,2026-09-12 12:11:33,2026-09-12 12:20:33,9,1.61,3.25,abonnement
TR2609120059710,CL103550,EN00196,velo_elec,Lyon,ST1007,ST1009,2026-09-12 12:06:39,2026-09-12 12:11:39,5,1.18,2.25,cb
TR2609120059711,CL105306,EN00152,velo_elec,Lyon,ST1008,ST1007,12/09/2026 12:15,12/09/2026 12:26,11,3.46,3.75,cb
TR2609120059712,CL105410,EN00186,trottinette,Lyon,ST1009,ST1018,2026-09-12 12:02:09,2026-09-12 12:29:09,27,5.96,6.94,cb
TR2609120059713,CL108024,EN00027,velo_elec,Lyon,ST1009,ST1018,2026-09-12 12:01:37,12/09/2026 12:07,6,1.14,2.5,cb
TR2609120059714,CL101643,EN00217,velo_elec,Lyon,ST1010,ST1012,1789207695,2026-09-12 12:31:15,23,5.42,6.75,paypal
TR2609120059715,CL918846,EN00129,velo_elec,Lyon,ST1012,ST1015,2026-09-12 12:02:19,2026-09-12 12:10:19,8,2.3,3.0,abonnement
TR2609120059716,CL105828,EN00158,velo_elec,Lyon,ST1013,ST1009,12/09/2026 12:08,2026-09-12 12:12:36,4,1.38,,paypal
TR2609120059717,CL103347,EN00052,trottinette,Lyon,ST1014,ST1002,2026-09-12 12:13:18,2026-09-12 12:27:18,14,4.49,4.08,paypal
TR2609120059718,CL104792,EN00079,velo_elec,Lyon,ST1017,ST1014,2026-09-12 12:11:56,2026-09-12 12:39:56,28,7.07,8.0,cb
TR2609120059719,CL102898,EN00045,trottinette,Lyon,ST1018,ST1005,2026-09-12 12:15:07,2026-09-12 12:22:07,7,1.23,2.54,cb
TR2609120059720,CL106896,EN00162,velo_elec,Lyon,ST1019,ST1006,2026-09-12 12:08:46,2026-09-12 12:19:46,11,1.97,3.75,abonnement
TR2609120059721,CL108403,EN00222,velo_elec,Nantes,ST1023,ST1023,12/09/2026 12:08,2026-09-12 12:30:50,22,3.85,6.5,cb
TR2609120059722,CL101234,EN00321,velo_elec,Nantes,ST1025,ST1028,2026-09-12 12:05:00,2026-09-12 12:12:00,7,2.14,2.75,cb
TR2609120059723,CL108396,EN00292,velo_elec,Nantes,ST1025,ST1022,2026-09-12 12:06:43,2026-09-12 12:11:43,5,1.58,2.25,abonnement
TR2609120059724,CL104237,EN00352,velo_elec,Nantes,ST1026,ST1026,12/09/2026 12:15,2026-09-12 12:22:30,7,2.1,2.75,
TR2609120059725,CL100064,EN00230,velo_elec,Nantes,ST1030,ST1023,2026-09-12 12:14:45,2026-09-12 12:36:45,22,7.02,6.5,abonnement
TR2609120059726,CL100686,EN00271,velo_elec,Nantes,ST1031,ST1020,2026-09-12 12:08:16,2026-09-12 12:16:16,8,1.94,3.0,paypal
TR2609120059727,CL100536,EN00228,trottinette,Nantes,ST1032,ST1028,2026-09-12 12:02:57,2026-09-12 12:25:57,23,7.11,6.06,abonnement
TR2609120059728,CL101528,EN00354,velo_elec,Nantes,ST1033,ST1024,2026-09-12 12:03:49,2026-09-12 12:18:49,15,4.28,4.75,cb
TR2609120059729,CL105173,EN00462,velo_elec,LILLE,ST1034,ST1037,2026-09-12 12:08:12,2026-09-12 12:28:12,20,6.47,6.0,abonnement
TR2609120059730,CL107570,EN00368,trottinette,Lille,ST1035,ST1047,2026-09-12 12:13:57,2026-09-12 12:23:57,10,2.04,3.2,abonnement
TR2609120059731,CL105986,EN00549,velo_elec,Grenoble,ST1049,ST1057,2026-09-12 12:08:09,2026-09-12 12:20:09,12,2.52,4.0,abonnement
TR2609120059732,CL107021,EN00567,velo_elec,Grenoble,ST1054,ST1053,2026-09-12 12:05:29,2026-09-12 12:31:29,26,6.0,7.5,paypal
TR2609120059733,CL101427,EN00061,trottinette,Lyon,ST1001,ST1019,2026-09-12 12:17:44,,9,1.46,2.98,
TR2609120059734,CL100445,EN00170,trottinette,Lyon,ST1002,ST1019,2026-09-12 12:19:26,2026-09-12 12:32:26,13,4.19,3.86,cb
TR2609120059735,CL107149,EN00160,velo_elec,Lyon,ST1005,ST1008,1789208840,1789209860,17,5.26,5.25,cb
TR2609120059736,CL106557,EN00056,velo_elec,LYON,ST1006,ST1019,2026-09-12 12:19:57,1789209957,26,4.5,7.5,abonnement
TR2609120059737,CL102955,EN00210,trottinette,Lyon,ST1009,ST1001,2026-09-12 12:18:59,2026-09-12 12:34:59,16,5.44,4.52,cb
TR2609120059738,CL106222,EN00087,trottinette,Lyon,ST1011,ST1015,2026-09-12 12:25:53,2026-09-12 12:35:53,10,2.66,3.2,cb
TR2609120059739,CL104551,EN00095,trottinette,Lyon,ST1015,ST1009,2026-09-12 12:16:40,2026-09-12 12:24:40,8,1.52,2.76,abonnement
TR2609120059740,CL106559,EN00184,velo_elec,Lyonn,ST1016,ST1004,2026-09-12 12:29:50,2026-09-12 12:40:50,11,2.7,3.75,abonnement
TR2609120059741,CL102624,EN00035,velo_elec,lyon,ST1016,ST1005,2026-09-12 12:27:35,2026-09-12 12:47:35,20,3.27,6.0,abonnement
TR2609120059742,CL101871,EN00108,velo_elec,Lyon,ST1017,ST1015,2026-09-12 12:16:52,1789209352,19,5.95,5.75,cb
TR2609120059743,CL101160,EN00271,velo_elec,Nantes,ST1020,ST1026,12/09/2026 12:24,2026-09-12 12:35:07,11,3.55,3.75,cb
TR2609120059744,CL106309,EN00347,trottinette,Nantes,ST1022,ST1031,2026-09-12 12:29:23,2026-09-12 12:42:23,13,4.2,3.86,paypal
TR2609120059745,CL106967,EN00309,trottinette,Nantes,ST1023,ST1020,2026-09-12 12:27:24,2026-09-12 12:42:24,15,4.0,,abonnement
TR2609120059746,CL107916,EN00250,velo_elec,NANTES,ST1024,ST1027,12/09/2026 12:18,2026-09-12 12:22:31,4,1.32,2.0,cb
TR2609120059747,CL103981,EN00333,trottinette,Nantes,ST1025,ST1024,2026-09-12 12:18:39,2026-09-12 13:25:39,67,20.05,15.74,abonnement
TR2609120059748,CL102765,EN00301,velo_elec,Nantes,ST1028,ST1020,2026-09-12 12:18:14,2026-09-12 12:32:14,14,3.72,4.5,cb
TR2609120059749,CL101023,EN00303,velo_elec,Nantes,ST1033,ST1032,2026-09-12 12:23:26,2026-09-12 12:57:26,34,9.44,9.5,abonnement
TR2609120059750,CL101992,EN00478,trottinette,Lille,ST1035,ST1038,2026-09-12 12:23:16,2026-09-12 12:40:16,17,3.98,4.74,cb
TR2609120059751,CL104877,EN00439,velo_elec,Lille,ST1035,ST1039,2026-09-12 12:26:05,12/09/2026 12:40,14,4.6,4.5,abonnement
TR2609120059752,CL103540,EN00476,trottinette,Lille,ST1044,ST1038,2026-09-12 12:22:21,2026-09-12 12:27:21,5,1.73,2.1,abonnement
TR2609120059753,CL107027,EN00526,velo_elec,Grenoble,ST1049,ST1048,12/09/2026 12:17,12/09/2026 12:22,5,1.35,2.25,cb
TR2609120059754,CL102429,EN00138,velo_elec,Lyon,ST1001,ST1017,12/09/2026 12:39,2026-09-12 12:41:32,2,0.63,1.5,abonnement
TR2609120059755,CL106952,EN00172,trottinette,Lyon,ST1003,ST1014,12/09/2026 12:35,1789210667,22,6.89,5.84,cb
TR2609120059756,CL107913,EN00187,velo_elec,Lyon,ST1003,ST1004,2026-09-12 12:45:53,2026-09-12 12:54:53,9,1.7,3.25,cb
TR2609120059757,CL100507,EN00045,trottinette,Lyon,ST1005,ST1009,12/09/2026 12:35,12/09/2026 12:59,24,7.07,6.28,cb
TR2609120059758,CL100599,EN00074,trottinette,Lyon,ST1005,ST1017,2026-09-12 12:45:02,,25,8.61,6.5,cb
TR2609120059759,CL108414,EN00152,velo_elec,Lyon,ST1007,ST1009,2026-09-12 12:35:13,2026-09-12 13:15:13,40,9.39,11.0,cb
TR2609120059760,CL107356,EN00031,velo_elec,Lyon,ST1007,ST1006,2026-09-12 12:35:53,2026-09-12 12:45:53,10,2.11,3.5,paypal
TR2609120059761,CL107153,EN00206,velo_elec,Lyon,ST1012,ST1008,2026-09-12 12:35:59,2026-09-12 12:51:59,16,2.65,5.0,cb
TR2609120059762,CL106070,EN00165,trottinette,Lyon,ST1012,ST1005,12/09/2026 12:41,12/09/2026 13:09,28,7.29,7.16,abonnement
TR2609120059763,CL102387,EN00216,velo_elec,Lyon,ST1015,ST1009,2026-09-12 12:42:02,2026-09-12 12:47:02,5,0.78,2.25,cb
TR2609120059764,CL105134,EN00211,velo_elec,Lyon,ST1015,ST1007,2026-09-12 12:39:53,2026-09-12 12:46:53,7,1.22,2.75,cb
TR2609120059765,CL100002,EN00209,velo_elec,Lyon,ST1017,ST1016,12/09/2026 12:32,2026-09-12 12:40:37,8,1.33,3.0,abonnement
TR2609120059766,CL106064,EN00039,velo_elec,Lyon,ST1017,ST1012,,2026-09-12 12:47:48,10,2.42,3.5,cb
TR2609120059767,CL105503,EN00189,trottinette,Lyon,ST1018,ST1002,2026-09-12 12:38:21,2026-09-12 13:05:21,27,6.32,6.94,cb
TR2609120059768,CL108369,EN00299,trottinette,Nantes,ST1020,ST1033,2026-09-12 12:43:41,2026-09-12 13:05:41,22,6.97,5.84,cb
TR2609120059769,CL100254,EN00292,velo_elec,Nantes,ST1022,ST1026,2026-09-12 12:41:45,2026-09-12 12:57:45,16,2.68,5.0,cb
TR2609120059770,CL104110,EN00302,velo_elec,Nantes,ST1022,ST1024,12/09/2026 12:44,12/09/2026 12:51,7,1.12,2.75,cb
TR2609120059771,CL108294,EN00222,velo_elec,Nantes,ST1023,ST1020,2026-09-12 12:37:38,12/09/2026 12:45,8,2.11,3.0,cb
TR2609120059772,CL105879,EN00308,velo,Nantes,ST1023,ST1024,12/09/2026 12:34,2026-09-12 12:51:44,17,2.79,3.55,cb
TR2609120059773,CL107312,EN00307,trottinette,Nante,ST1025,ST1026,2026-09-12 12:35:21,2026-09-12 12:44:21,9,2.57,2.98,cb
TR2609120059774,CL103184,EN00327,velo_elec,Nantes,ST1028,ST1033,12/09/2026 12:40,2026-09-12 13:00:23,20,5.42,6.0,cb
TR2609120059775,CL101164,EN00273,velo_elec,Nantes,ST1029,ST1024,,2026-09-12 12:46:11,5,1.7,2.25,abonnement
TR2609120059776,CL106560,EN00317,trottinette,Nante,ST1029,ST1023,2026-09-12 12:33:25,2026-09-12 12:46:25,13,4.11,3.86,cb
TR2609120059777,CL100905,EN00485,trottinette,Lille,ST1038,ST1038,2026-09-12 12:32:49,2026-09-12 12:57:49,25,5.75,6.5,cb
TR2609120059778,CL101805,EN00396,velo_elec,Lille,ST1040,ST1040,2026-09-12 12:37:13,2026-09-12 12:48:13,11,3.12,3.75,paypal
TR2609120059779,CL102030,EN00414,velo_elec,Lille,ST1044,ST1035,2026-09-12 12:31:20,2026-09-12 12:57:20,26,8.07,7.5,cb
TR2609120059780,CL107740,EN00541,velo_elec,Grenoble,ST1048,ST1049,2026-09-12 12:37:30,2026-09-12 12:45:30,8,1.21,3.0,paypal
TR2609120059781,CL101367,EN00553,trottinette,Grenoble,ST1048,ST1056,2026-09-12 12:44:49,1789210549,11,2.87,3.42,cb
TR2609120059782,CL100815,EN00584,trottinette,Grenoble,ST1049,ST1049,2026-09-12 12:33:01,2026-09-12 12:55:01,22,4.25,5.84,abonnement
TR2609120059783,CL104726,EN00522,velo_elec,Grenoble,ST1049,ST1049,2026-09-12 12:43:15,2026-09-12 12:52:15,9,2.09,3.25,cb
TR2609120059784,CL106875,EN00175,trottinette,Lyon,ST1003,ST1002,2026-09-12 12:59:56,2026-09-12 13:02:56,3,0.53,1.66,abonnement
TR2609120059785,CL100115,EN00211,velo_elec,LYON,ST1007,ST1002,12/09/2026 12:54,,19,3.19,5.75,cb
TR2609120059786,CL108997,EN00168,velo_elec,Lyon,ST1012,ST1010,,2026-09-12 13:07:20,12,2.51,4.0,abonnement
TR2609120059787,CL101124,EN00083,velo_elec,Lyon,ST1014,ST1014,2026-09-12 12:51:45,,9,2.3,3.25,cb
TR2609120059788,CL100488,EN00077,trottinette,Lyon,ST1014,ST1002,2026-09-12 12:53:06,2026-09-12 13:04:06,11,3.61,3.42,cb
TR2609120059789,CL108583,EN00212,trottinette,Lyon,ST1016,ST1003,12/09/2026 12:52,2026-09-12 13:04:35,12,1.97,3.64,cb
TR2609120059790,CL104875,EN00122,trottinette,Lyon,ST1016,ST1003,2026-09-12 12:48:49,2026-09-12 12:58:49,10,1.54,3.2,
TR2609120059791,CL101961,EN00027,velo_elec,Lyon,ST1018,ST1002,2026-09-12 12:46:52,12/09/2026 12:53,7,2.05,2.75,cb
TR2609120059792,CL108429,EN00177,velo_elec,Lyon,ST1018,ST1013,12/09/2026 12:50,2026-09-12 14:17:10,87,25.76,22.75,abonnement
TR2609120059793,CL104421,EN00106,trottinette,Lyon,ST1018,ST1016,2026-09-12 12:51:42,1789211922,27,4.96,6.94,cb
TR2609120059794,CL104509,EN00301,velo_elec,Nantes,ST1020,ST1024,2026-09-12 12:57:16,2026-09-12 13:29:16,32,8.4,9.0,abonnement
TR2609120059795,CL107721,EN00315,velo_elec,nantes,ST1021,ST1032,2026-09-12 12:55:38,12/09/2026 13:05,10,1.75,3.5,paypal
TR2609120059796,CL105658,EN00462,velo_elec,Lille,ST1037,ST1043,1789210615,2026-09-12 13:10:55,14,3.42,4.5,abonnement
TR2609120059797,CL102781,EN00393,trottinette,Lille,ST1043,ST1042,2026-09-12 12:46:45,12/09/2026 12:48,2,0.64,1.44,paypal
TR2609120059798,CL105436,EN00566,trottinette,Grenoble,ST1050,ST1049,2026-09-12 12:57:46,2026-09-12 13:03:46,6,1.15,2.32,abonnement
TR2609120059799,CL100793,EN00567,velo_elec,Grenoble,ST1053,ST1049,2026-09-12 12:48:42,1789210782,11,3.13,3.75,abonnement
TR2609120059800,CL101706,EN00529,velo,Grenoble,ST1054,ST1054,2026-09-12 12:46:17,12/09/2026 12:59,13,3.73,2.95,abonnement
TR2609120059801,CL103454,EN00210,trottinette,Lyon,ST1001,ST1005,2026-09-12 13:08:55,2026-09-12 13:20:55,12,3.83,3.64,abonnement
TR2609120059802,CL106951,EN00198,velo_elec,Lyon,ST1001,ST1018,2026-09-12 13:14:08,2026-09-12 13:26:08,5130,3.46,4.0,paypal
TR2609120059803,CL106201,EN00122,trottinette,Lyon,ST1003,ST1017,2026-09-12 13:15:26,12/09/2026 13:33,18,4.0,4.96,cb
TR2609120059804,CL103808,EN00132,trottinette,LYON,ST1007,ST1014,2026-09-12 13:12:45,2026-09-12 13:28:45,16,5.33,4.52,cb
TR2609120059805,CL101509,EN00103,trottinette,Lyon,ST1007,ST1008,2026-09-12 13:11:49,12/09/2026 13:21,10,1.69,3.2,paypal
TR2609120059806,CL107607,EN00216,velo_elec,Lyon,ST1009,ST1017,2026-09-12 13:08:58,1789211638,-13,1.31,2.25,paypal
TR2609120059807,CL100596,EN00039,velo_elec,Lyon,ST1012,ST1010,2026-09-12 13:14:56,2026-09-12 13:24:56,10,2.79,3.5,cb
TR2609120059808,CL104806,EN00133,velo_elec,Lyon,ST1013,ST1002,2026-09-12 13:01:52,2026-09-12 13:08:52,7,1.86,2.75,cb
TR2609120059809,CL104059,EN00041,velo_elec,Lyon,ST1014,ST1001,1789211000,12/09/2026 13:11,8,1.48,3.0,abonnement
TR2609120059810,CL105410,EN00108,velo_elec,Lyon,ST1015,ST1011,12/09/2026 13:01,2026-09-12 13:30:23,29,5.85,8.25,abonnement
TR2609120059811,CL108408,EN00061,trottinette,Lyon,ST1019,ST1012,2026-09-12 13:05:59,2026-09-12 13:11:59,6,1.52,2.32,cb
TR2609120059812,CL107610,EN00291,velo_elec,Nante,ST1021,ST1032,2026-09-12 13:07:49,2026-09-12 13:22:49,15,4.74,4.75,cb
TR2609120059813,CL100193,EN00256,velo_elec,NANTES,ST1022,ST1020,2026-09-12 13:02:26,2026-09-12 13:26:26,24,7.87,7.0,abonnement
TR2609120059814,CL100817,EN00230,velo_elec,nantes,ST1023,ST1030,2026-09-12 13:09:55,12/09/2026 13:26,17,5.45,5.25,cb
TR2609120059815,CL108412,EN00304,velo_elec,Nantes,ST1027,ST1026,12/09/2026 13:15,2026-09-12 13:25:45,10,3.22,3.5,cb
TR2609120059816,CL106017,EN00341,velo_elec,Nantes,ST1028,ST1029,2026-09-12 13:15:02,2026-09-12 13:29:02,14,2.4,4.5,cb
TR2609120059817,CL105094,EN00279,velo,Nantes,ST1029,ST1027,1789211119,2026-09-12 13:28:19,23,7.87,4.45,cb
TR2609120059818,CL102091,EN00287,velo_elec,nantes,ST1031,ST1031,2026-09-12 13:02:01,12/09/2026 13:12,10,2.82,3.5,cb
TR2609120059819,CL108489,EN00347,trottinette,Nantes,ST1031,ST1022,2026-09-12 13:04:08,2026-09-12 13:12:08,8,2.01,2.76,cb
TR2609120059820,CL100686,EN00278,trottinette,Nantes,ST1032,ST1020,2026-09-12 13:02:58,2026-09-12 13:16:58,14,4.37,4.08,cb
TR2609120059821,CL107615,EN00372,trottinette,lille,ST1042,ST1039,12/09/2026 13:01,2026-09-12 13:07:02,6,1.66,2.32,abonnement
TR2609120059822,CL104419,EN00554,velo_elec,Grenoble,ST1052,ST1056,1789210987,1789211587,10,1.89,3.5,cb
TR2609120059823,CL104456,EN00559,trottinette,Grenoble,ST1058,ST1051,2026-09-12 13:11:56,2026-09-12 13:18:56,7,1.35,2.54,cb
TR2609120059824,CL100058,EN00041,velo_elec,Lyon ,ST1001,ST1009,2026-09-12 13:28:46,2026-09-12 13:35:46,7,1.94,2.75,cb
TR2609120059825,CL102695,EN00084,velo_elec,Lyon,ST1002,ST1011,2026-09-12 13:20:18,2026-09-12 13:33:18,13,4.1,4.25,cb
TR2609120059826,CL105982,EN00035,velo_elec,Lyon,ST1005,ST1007,2026-09-12 13:30:10,2026-09-12 13:36:10,6,2.08,2.5,paypal
TR2609120059827,CL108467,EN00165,trottinette,Lyon,ST1005,ST1006,2026-09-12 13:17:39,12/09/2026 13:23,6,1.83,2.32,paypal
TR2609120059828,CL102277,EN00018,trottinette,Lyon,ST1006,ST1003,2026-09-12 13:25:26,2026-09-12 13:37:26,12,1.92,3.64,abonnement
TR2609120059829,CL108862,EN00137,velo,Lyon,ST1007,ST1003,12/09/2026 13:25,2026-09-12 13:35:14,10,1.68,2.5,abonnement
TR2609120059830,CL107784,EN00058,velo_elec,Lyon,ST1011,ST1007,2026-09-12 13:26:10,2026-09-12 14:03:10,37,8.85,10.25,cb
TR2609120059831,CL104084,EN00181,velo_elec,Lyon,ST1011,ST1011,2026-09-12 13:30:55,2026-09-12 13:47:55,17,3.35,5.25,cb
TR2609120059832,CL103376,EN00193,trottinette,Lyon,ST1013,ST1016,2026-09-12 13:15:56,12/09/2026 13:43,28,8.0,7.16,cb
TR2609120059833,CL102751,EN00087,trottinette,Lyon,ST1015,ST1009,2026-09-12 13:22:08,12/09/2026 13:34,12,3.92,3.64,paypal
TR2609120059834,CL108281,EN00213,trottinette,Lyon,ST1015,ST1012,,12/09/2026 13:37,16,5.52,4.52,abonnement
TR2609120059835,CL100402,EN00190,trottinette,Lyon,ST1016,ST1019,2026-09-12 13:21:49,2026-09-12 13:36:49,15,2.51,4.3,abonnement
TR2609120059836,CL108559,EN00034,velo_elec,Lyon,ST1018,ST1004,,12/09/2026 13:18,3,0.92,1.75,cb
TR2609120059837,CL106634,EN00186,trottinette,Lyon,ST1018,ST1007,2026-09-12 13:20:23,2026-09-12 13:34:23,14,3.04,4.08,cb
TR2609120059838,CL101449,EN00315,velo_elec,Nantes,ST1032,ST1023,2026-09-12 13:25:11,2026-09-12 13:34:11,9,2.86,3.25,
TR2609120059839,CL105547,EN00327,velo_elec,Nantes,ST1033,ST1024,12/09/2026 13:18,2026-09-12 13:34:54,16,4.3,5.0,cb
TR2609120059840,CL101026,EN00571,trottinette,Grenoble,ST1048,ST1057,2026-09-12 13:19:34,12/09/2026 13:35,16,5.24,4.52,cb
TR2609120059841,CL108210,EN00509,trottinette,Grenoble,ST1050,ST1051,2026-09-12 13:28:07,2026-09-12 13:42:07,14,3.94,4.08,paypal
TR2609120059842,CL104239,EN00001,velo_elec,Lyon,ST1001,ST1016,2026-09-12 13:31:55,2026-09-12 13:41:55,10,1.83,3.5,abonnement
TR2609120059843,CL103000,EN00212,trottinette,Lyon,ST1003,ST1003,12/09/2026 13:34,12/09/2026 13:40,6,1.64,2.32,abonnement
TR2609120059844,CL108478,EN00199,velo_elec,Lyon,ST1006,ST1011,2026-09-12 13:43:55,12/09/2026 13:52,9,2.26,3.25,abonnement
TR2609120059845,CL104299,EN00200,trottinette,Lyon,ST1006,ST1013,2026-09-12 13:44:27,2026-09-12 13:59:27,15,2.28,4.3,abonnement
TR2609120059846,CL100198,EN00116,velo,Lyon,ST1007,ST1008,2026-09-12 13:36:34,,15,4.4,3.25,paypal
TR2609120059847,CL101306,EN00188,velo,Lyonn,ST1007,ST1005,2026-09-12 13:43:27,2026-09-12 13:51:27,8,1.3,2.2,abonnement
TR2609120059848,CL103523,EN00095,trottinette,Lyon,ST1009,ST1004,12/09/2026 13:35,2026-09-12 13:44:55,9,1.65,2.98,cb
TR2609120059849,CL107666,EN00196,velo_elec,Lyon,ST1009,ST9913,2026-09-12 13:44:13,2026-09-12 13:56:13,12,3.9,4.0,abonnement
TR2609120059850,CL104793,EN00039,velo_elec,Lyon,ST1010,ST1019,1789213374,2026-09-12 13:48:54,6,2.02,2.5,paypal
TR2609120059851,CL106924,EN00061,trottinette,Lyon,ST1012,ST1002,2026-09-12 13:41:02,2026-09-12 14:00:02,19,2.98,5.18,cb
TR2609120059852,CL106938,EN00012,velo,Lyon,ST1013,ST1012,2026-09-12 13:37:09,2026-09-12 14:02:09,25,5.62,4.75,paypal
TR2609120059853,CL103859,EN00128,velo,Lyon,ST1013,ST1014,2026-09-12 13:44:59,2026-09-12 13:55:59,11,2.08,2.65,abonnement
TR2609120059854,CL102913,EN00172,trottinette,Lyon,ST1014,ST1004,2026-09-12 13:42:14,2026-09-12 14:00:14,18,5.86,4.96,cb
TR2609120059855,CL104088,EN00170,trottinette,Lyon,ST1019,ST1012,2026-09-12 13:31:57,,10,2.83,3.2,paypal
TR2609120059856,CL100032,EN00267,trottinette,Nantes,ST1022,ST1026,12/09/2026 13:44,12/09/2026 13:59,15,5.03,4.3,paypal
TR2609120059857,CL108554,EN00347,trottinette,Nantes,ST1022,ST1028,2026-09-12 13:36:44,2026-09-12 14:33:44,57,14.47,13.54,cb
TR2609120059858,CL100410,EN00240,trottinette,Nantes,ST1027,ST1028,2026-09-12 13:43:06,2026-09-12 13:51:06,8,1.45,2.76,paypal
TR2609120059859,CL107845,EN00349,velo_elec,Nantes,ST1027,ST1032,2026-09-12 13:35:24,2026-09-12 13:45:24,10,3.45,3.5,cb
TR2609120059860,CL108567,EN00321,velo_elec,Nantes,ST1028,ST1031,2026-09-12 13:31:38,2026-09-12 13:39:38,8,2.45,3.0,cb
TR2609120059861,CL108287,EN00341,velo_elec,Nantes,ST1029,ST1033,2026-09-12 13:35:53,1789213313,6,1.97,2.5,abonnement
TR2609120059862,CL107542,EN00230,velo_elec,Nantes,ST1030,ST1031,2026-09-12 13:43:57,2026-09-12 13:49:57,6,2.03,2.5,paypal
TR2609120059863,CL107682,EN00287,velo_elec,Nantes,ST1031,ST1026,2026-09-12 13:33:05,1789213685,15,4.02,4.75,cb
TR2609120059864,CL103253,EN00440,trottinette,Lille,ST1038,ST1044,2026-09-12 13:37:20,2026-09-12 13:43:20,6,1.42,2.32,cb
TR2609120059865,CL100503,EN00441,velo_elec,Lille,ST1041,ST1037,12/09/2026 13:41,2026-09-12 13:50:22,9,2.71,3.25,cb
TR2609120059866,CL108630,EN00411,trottinette,Lille,ST1043,ST1045,12/09/2026 13:44,2026-09-12 13:52:39,8,1.48,2.76,cb
TR2609120059867,CL104003,EN00527,velo_elec,Grenoble,ST1058,ST1052,12/09/2026 13:39,2026-09-12 13:51:08,12,3.51,4.0,paypal
TR2609120059868,CL101990,EN00052,trottinette,Lyon,ST1002,ST1002,2026-09-12 13:54:05,2026-09-12 14:19:05,25,6.79,6.5,cb
TR2609120059869,CL106740,EN00184,velo_elec,Lyon,ST1004,ST1004,2026-09-12 13:49:55,1789214275,8,1.78,3.0,cb
TR2609120059870,CL104725,EN00210,trottinette,Lyon,ST1005,ST1006,2026-09-12 13:52:14,2026-09-12 13:59:14,7,1.62,2.54,paypal
TR2609120059871,CL100531,EN00195,velo_elec,Lyon,ST1006,ST1015,12/09/2026 13:46,2026-09-12 13:55:00,9,2.56,3.25,cb
TR2609120059872,CL107102,EN00035,velo_elec,Lyon,ST1007,ST1010,2026-09-12 13:54:17,2026-09-12 14:09:17,15,2.75,4.75,cb
TR2609120059873,CL108094,EN00186,trottinette,Lyon,ST1007,ST1018,12/09/2026 14:00,1789214871,7,1.74,2.54,cb
TR2609120059874,CL107102,EN00103,trottinette,Lyon,ST1008,ST1002,12/09/2026 14:00,2026-09-12 14:15:12,15,4.97,4.3,cb
TR2609120059875,CL107903,EN00152,velo_elec,Lyon ,ST1009,ST1006,12/09/2026 13:50,12/09/2026 14:03,13,4.01,4.25,abonnement
TR2609120059876,CL107310,EN00168,velo_elec,Lyon,ST1010,ST1019,12/09/2026 13:48,2026-09-12 14:08:55,20,6.79,6.0,cb
TR2609120059877,CL106394,EN00194,velo_elec,Lyon,ST1015,ST1002,1789213570,2026-09-12 13:55:10,9,1.36,3.25,cb
TR2609120059878,CL107148,EN00014,velo_elec,Lyon,ST1018,ST1012,2026-09-12 13:54:51,2026-09-12 14:14:51,20,4.54,6.0,abonnement
TR2609120059879,CL108840,EN00300,velo_elec,Nantes,ST1021,ST1032,2026-09-12 13:52:47,2026-09-12 13:57:47,5,1.35,2.25,abonnement
TR2609120059880,CL107551,EN00229,trottinette,Nantes,ST1025,ST1033,2026-09-12 13:47:34,2026-09-12 13:54:34,7,2.24,2.54,cb
TR2609120059881,CL107435,EN00271,velo_elec,Nantes,ST1026,ST1025,2026-09-12 13:57:48,1789216608,39,6.3,10.75,cb
TR2609120059882,CL105196,EN00359,trottinette,NANTES,ST1027,ST1031,2026-09-12 13:52:59,2026-09-12 14:03:59,11,2.07,3.42,cb
TR2609120059883,CL105489,EN00266,velo_elec,Nantes,ST1027,ST1028,2026-09-12 13:56:02,1789217282,52,7.89,14.0,cb
TR2609120059884,CL108563,EN00344,velo,Nantes,ST1029,ST1030,2026-09-12 13:55:15,2026-09-12 14:16:15,21,5.45,4.15,cb
TR2609120059885,CL101953,EN00329,trottinette,Nantes,ST1032,ST1028,2026-09-12 13:54:43,12/09/2026 14:06,12,3.33,3.64,abonnement
TR2609120059886,CL101583,EN00365,velo_elec,Lille,ST1047,ST1045,12/09/2026 13:57,2026-09-12 14:03:51,6,0.93,2.5,cb
TR2609120059887,CL107922,EN00139,velo_elec,Lyon,ST1001,ST1015,2026-09-12 14:05:55,2026-09-12 14:35:55,30,7.96,8.5,cb
TR2609120059888,CL100310,EN00171,velo,Lyon,ST1001,ST1004,2026-09-12 14:12:48,2026-09-12 14:36:48,-8,6.36,4.6,cb
TR2609120059889,CL101487,EN00212,trottinette,Lyon,ST1003,ST1009,2026-09-12 14:04:51,2026-09-12 14:17:51,13,4.4,3.86,cb
TR2609120059890,CL101109,EN00125,velo,Lyon,ST1007,ST1003,2026-09-12 14:08:01,,33,5.6,5.95,abonnement
TR2609120059891,CL103119,EN00127,trottinette,Lyon,ST1008,ST1009,2026-09-12 14:11:39,2026-09-12 14:31:39,20,4.33,5.4,abonnement
TR2609120059892,CL100181,EN00087,trottinette,Lyon,ST1009,ST1006,2026-09-12 14:03:36,2026-09-12 14:16:36,13,2.15,3.86,abonnement
TR2609120059893,CL100004,EN00174,velo_elec,Lyonn,ST1010,ST1011,2026-09-12 14:14:44,2026-09-12 14:42:44,28,8.51,8.0,cb
TR2609120059894,CL101824,EN00084,velo_elec,Lyon,ST1011,ST1015,2026-09-12 14:13:20,2026-09-12 14:25:20,12,3.91,4.0,paypal
TR2609120059895,CL108111,EN00170,trottinette,Lyon,ST1012,ST1017,2026-09-12 14:06:52,2026-09-12 14:11:52,5,0.91,2.1,cb
TR2609120059896,CL101228,EN00200,trottinette,Lyon,ST1013,ST1015,2026-09-12 14:01:22,2026-09-12 14:07:22,6,1.43,2.32,cb
TR2609120059897,CL106941,EN00074,trottinette,Lyon,ST1017,ST1010,2026-09-12 14:03:30,2026-09-12 14:09:30,6,1.18,2.32,cb
TR2609120059898,CL103028,EN00198,velo_elec,Lyon,ST1018,ST1018,2026-09-12 14:09:30,12/09/2026 14:35,26,8.1,7.5,cb
TR2609120059899,CL103715,EN00316,velo_elec,NANTES,ST1020,ST1031,2026-09-12 14:06:39,,16,3.57,5.0,abonnement
TR2609120059900,CL108719,EN00254,velo_elec,Nantes,ST1021,ST1030,,2026-09-12 14:18:31,15,5.11,4.75,abonnement
TR2609120059901,CL102512,EN00236,velo_elec,Nantes,ST1025,ST1021,2026-09-12 14:11:59,12/09/2026 14:27,16,2.74,5.0,cb
TR2609120059902,CL101694,EN00267,trottinette,Nantes,ST1026,ST1031,1789214871,2026-09-12 14:17:51,10,1.79,3.2,cb
TR2609120059903,CL108668,EN00287,velo_elec,Nantes,ST1026,ST1020,2026-09-12 14:13:37,2026-09-12 14:17:37,4,0.77,2.0,abonnement
TR2609120059904,CL106097,EN00294,velo_elec,Nantes,ST1027,ST1025,2026-09-12 14:01:36,12/09/2026 14:16,15,4.24,4.75,paypal
TR2609120059905,CL100167,EN00349,velo_elec,Nantes,ST1032,ST1028,,1789215477,8,2.28,3.0,cb
TR2609120059906,CL103703,EN00341,velo_elec,Nantes,ST1033,ST1020,2026-09-12 14:04:06,1789216386,29,7.95,8.25,cb
TR2609120059907,CL103182,EN00441,velo_elec,Lille,ST1037,ST1042,,2026-09-12 14:30:52,18,5.2,5.5,abonnement
TR2609120059908,CL100521,EN00403,trottinette,Lille,ST1037,ST1043,1789214952,12/09/2026 14:29,20,4.65,5.4,cb
TR2609120059909,CL103330,EN00440,trottinette,lille,ST1044,ST1046,12/09/2026 14:15,2026-09-12 14:34:15,19,4.48,5.18,cb
TR2609120059910,CL102736,EN00103,trottinette,Lyon,ST1002,ST1016,2026-09-12 14:20:02,1789217042,24,4.17,6.28,cb
TR2609120059911,CL103209,EN00172,trottinette,Lyon,ST1004,ST1003,2026-09-12 14:26:28,2026-09-12 14:31:28,5,1.48,2.1,cb
TR2609120059912,CL100322,EN00188,velo,Lyon,ST1005,ST1001,2026-09-12 14:22:57,12/09/2026 14:34,12,2.53,2.8,cb
TR2609120059913,CL104765,EN00165,trottinette,Lyon,ST1006,ST1013,2026-09-12 14:28:19,2026-09-12 14:33:19,5,1.7,2.1,cb
TR2609120059914,CL101977,EN00008,trottinette,Lyon,ST1006,ST1015,2026-09-12 14:31:06,12/09/2026 14:51,20,3.01,5.4,cb
TR2609120059915,CL106457,EN00058,velo_elec,Lyon,ST1007,ST1013,2026-09-12 14:28:54,2026-09-12 14:44:54,16,4.5,5.0,cb
TR2609120059916,CL106709,EN00045,trottinette,Lyon,ST1009,ST1005,12/09/2026 14:27,12/09/2026 14:35,8,1.79,2.76,cb
TR2609120059917,CL101550,EN00041,velo_elec,Lyon,ST1009,ST1013,2026-09-12 14:24:01,2026-09-12 14:29:01,5,1.11,2.25,paypal
TR2609120059918,CL102972,EN00199,velo_elec,Lyon,ST1011,ST1019,2026-09-12 14:18:33,2026-09-12 14:41:33,23,7.59,6.75,abonnement
TR2609120059919,CL101092,EN00108,velo_elec,Lyon,ST1011,ST1015,2026-09-12 14:25:52,1789216372,7,1.27,2.75,cb
TR2609120059920,CL101962,EN00177,velo_elec,Lyon,ST1013,ST1004,12/09/2026 14:20,2026-09-12 14:39:42,19,4.32,5.75,cb
TR2609120059921,CL105499,EN00195,velo_elec,LYON,ST1015,ST1009,2026-09-12 14:16:31,2026-09-12 14:40:31,24,7.94,7.0,cb
TR2609120059922,CL104538,EN00193,trottinette,Lyon,ST1016,ST1016,2026-09-12 14:23:42,2026-09-12 14:28:42,5,1.66,2.1,cb
TR2609120059923,CL108431,EN00260,velo_elec,Nantes,ST1020,ST1033,12/09/2026 14:19,2026-09-12 14:46:05,27,7.85,7.75,cb
TR2609120059924,CL104841,EN00268,trottinette,Nantes,ST1021,ST1024,1789215477,2026-09-12 14:31:57,14,3.57,4.08,cb
TR2609120059925,CL102321,EN00295,velo_elec,NANTES,ST1022,ST1025,2026-09-12 14:26:30,2026-09-12 14:34:30,8,2.65,3.0,cb
TR2609120059926,CL102255,EN00304,velo_elec,Nantes,ST1026,ST1028,2026-09-12 14:18:33,2026-09-12 14:33:33,15,5.24,4.75,abonnement
TR2609120059927,CL100580,EN00339,velo_elec,Nantes,ST1028,ST1031,2026-09-12 14:18:01,2026-09-12 14:29:01,11,1.89,3.75,cb
TR2609120059928,CL108197,EN00344,velo,Nantes,ST1030,ST1028,2026-09-12 14:16:40,2026-09-12 14:32:40,16,3.36,3.4,abonnement
TR2609120059929,CL104328,EN00405,trottinette,Lille,ST1036,ST1043,2026-09-12 14:23:35,2026-09-12 14:35:35,12,2.49,3.64,cb
TR2609120059930,CL107451,EN00462,velo_elec,Lille,ST1043,ST1043,2026-09-12 14:16:55,2026-09-12 14:22:55,6,0.94,2.5,abonnement
TR2609120059931,CL107589,EN00381,trottinette,Lille,ST1046,ST1037,2026-09-12 14:16:41,2026-09-12 14:21:41,5,1.42,2.1,cb
TR2609120059932,CL103825,EN00540,velo,Grenoble,ST1050,ST1058,2026-09-12 14:17:54,1789217214,29,7.4,5.35,cb
TR2609120059933,CL105087,EN00027,velo_elec,Lyon,ST1002,ST1002,2026-09-12 14:35:40,2026-09-12 14:58:40,5094,7.53,6.75,cb
TR2609120059934,CL106648,EN00172,trottinette,Lyon,ST1003,ST1019,12/09/2026 14:41,2026-09-12 14:57:20,16,3.71,4.52,cb
TR2609120059935,CL945208,EN00006,trottinette,Lyon,ST1009,ST1014,2026-09-12 14:44:44,2026-09-12 15:07:44,23,4.04,6.06,abonnement
TR2609120059936,CL103931,EN00041,velo_elec,Lyon,ST1013,ST1006,2026-09-12 14:32:19,2026-09-12 14:48:19,16,2.86,5.0,paypal
TR2609120059937,CL107149,EN00132,trottinette,Lyon,ST1014,ST1018,2026-09-12 14:37:16,2026-09-12 15:00:16,23,7.96,6.06,abonnement
TR2609120059938,CL100822,EN00083,velo_elec,Lyon,ST1014,ST1012,2026-09-12 14:33:52,2026-09-12 14:36:52,3,0.74,1.75,paypal
TR2609120059939,CL106468,EN00170,trottinette,Lyonn,ST1017,ST1010,2026-09-12 14:43:27,2026-09-12 14:50:27,7,1.61,2.54,cb
TR2609120059940,CL107935,EN00056,velo_elec,Lyon ,ST1019,ST1012,2026-09-12 14:32:29,12/09/2026 14:41,9,2.2,3.25,cb
TR2609120059941,CL106441,EN00283,trottinette,Nantes,ST1021,ST1030,2026-09-12 14:40:28,2026-09-12 14:46:28,6,1.37,2.32,cb
TR2609120059942,CL101018,EN00332,trottinette,Nantes,ST1022,ST1032,2026-09-12 14:41:34,2026-09-12 14:45:34,4,0.63,1.88,abonnement
TR2609120059943,CL103349,EN00315,velo_elec,Nantes,ST1023,ST1033,2026-09-12 14:38:28,12/09/2026 15:13,35,5.85,9.75,abonnement
TR2609120059944,CL106098,EN00273,velo_elec,Nantes,ST1024,ST1026,1789216483,2026-09-12 14:42:43,8,1.73,3.0,cb
TR2609120059945,CL104411,EN00224,velo_elec,Nantes,ST1025,ST1026,2026-09-12 14:43:51,2026-09-12 14:50:51,7,1.16,2.75,paypal
TR2609120059946,CL104718,EN00328,velo_elec,Nantes,ST1025,ST1030,12/09/2026 14:38,2026-09-12 14:50:14,12,2.37,4.0,abonnement
TR2609120059947,CL105682,EN00312,trottinette,Nantes,ST1025,ST1030,2026-09-12 14:38:48,12/09/2026 15:01,23,5.07,6.06,cb
TR2609120059948,CL107714,EN00250,velo_elec,Nante,ST1027,ST1026,2026-09-12 14:36:22,2026-09-12 14:45:22,9,1.43,3.25,abonnement
TR2609120059949,CL103706,EN00339,velo_elec,Nantes,ST1031,ST1029,2026-09-12 14:34:15,2026-09-12 14:47:15,13,2.7,4.25,abonnement
TR2609120059950,CL103232,EN00359,trottinette,Nantes,ST1031,ST1024,12/09/2026 14:37,1789219399,46,12.35,11.12,cb
TR2609120059951,CL101101,EN00291,velo_elec,NANTES,ST1032,ST1025,12/09/2026 14:44,2026-09-12 15:06:38,22,5.34,6.5,cb
TR2609120059952,CL103985,EN00253,trottinette,Nantes,ST1032,ST1021,2026-09-12 14:39:10,2026-09-12 14:52:10,13,3.22,3.86,cb
TR2609120059953,CL106555,EN00229,trottinette,Nantes,ST1033,ST1025,12/09/2026 14:31,12/09/2026 14:45,14,2.9,4.08,paypal
TR2609120059954,CL100542,EN00414,velo_elec,Lille,ST1035,ST1034,2026-09-12 14:37:56,2026-09-12 14:59:56,22,6.48,6.5,cb
TR2609120059955,CL105697,EN00443,velo_elec,Lille,ST1036,ST1045,12/09/2026 14:40,,12,4.12,4.0,cb
TR2609120059956,CL105527,EN00476,trottinette,Lille,ST1038,ST1040,2026-09-12 14:42:44,1789217744,13,2.41,3.86,cb
TR2609120059957,CL107975,EN00438,trottinette,Lille,ST1042,ST1040,2026-09-12 14:33:18,2026-09-12 14:45:18,12,3.43,3.64,abonnement
TR2609120059958,CL100275,EN00526,velo_elec,Grenoble,ST1048,ST1057,2026-09-12 14:36:31,2026-09-12 14:46:31,10,3.37,3.5,cb
TR2609120059959,CL102754,EN00018,trottinette,Lyon,ST1003,ST1006,2026-09-12 14:49:38,2026-09-12 14:59:38,10,2.87,3.2,cb
TR2609120059960,CL100303,EN00184,velo_elec,Lyon,ST1004,ST1013,2026-09-12 14:59:13,2026-09-12 15:08:13,9,1.98,3.25,cb
TR2609120059961,CL103791,EN00045,trottinette,Lyon,ST1005,ST1014,2026-09-12 14:57:39,2026-09-12 15:08:39,11,2.76,3.42,cb
TR2609120059962,CL104568,EN00010,trottinette,Lyon,ST1006,ST1019,1789217249,2026-09-12 15:05:29,18,6.29,4.96,abonnement
TR2609120059963,CL106569,EN00074,trottinette,Lyon,ST1010,ST1015,12/09/2026 14:46,2026-09-12 14:55:41,9,2.6,2.98,cb
TR2609120059964,CL105961,EN00090,trottinette,Lyon,ST1011,ST1015,2026-09-12 14:47:08,2026-09-12 14:53:08,6,1.61,2.32,paypal
TR2609120059965,CL105870,EN00056,velo_elec,Lyon,ST1012,ST1001,2026-09-12 14:57:05,12/09/2026 15:10,-28,3.51,4.25,cb
TR2609120059966,CL108481,EN00165,trottinette,Lyon,ST1013,ST1014,12/09/2026 14:48,2026-09-12 15:22:51,34,7.71,8.48,cb
TR2609120059967,CL108773,EN00058,velo_elec,Lyon,ST1013,ST1019,2026-09-12 14:49:01,2026-09-12 14:57:01,8,1.24,3.0,paypal
TR2609120059968,CL106783,EN00182,trottinette,Lyon,ST1014,ST1005,2026-09-12 14:53:52,12/09/2026 15:03,10,1.9,3.2,cb
TR2609120059969,CL108820,EN00084,velo_elec,Lyon,ST1015,ST1011,12/09/2026 14:51,2026-09-12 15:00:39,9,1.82,3.25,cb
TR2609120059970,CL105118,EN00108,velo_elec,lyon,ST1015,ST1019,2026-09-12 14:50:19,2026-09-12 15:03:19,13,3.12,4.25,paypal
TR2609120059971,CL100596,EN00023,trottinette,Lyon,ST1015,ST1015,2026-09-12 14:54:21,2026-09-12 15:37:21,43,10.49,10.46,cb
TR2609120059972,CL106594,EN00216,velo_elec,Lyon,ST1017,ST1003,2026-09-12 14:46:58,2026-09-12 14:53:58,7,2.07,2.75,abonnement
TR2609120059973,CL100723,EN00066,trottinette,Lyon,ST1019,ST1014,12/09/2026 14:46,1789217860,11,3.64,3.42,cb
TR2609120059974,CL102145,EN00196,velo_elec,Lyon,ST1019,ST1017,2026-09-12 14:52:04,2026-09-12 15:03:04,11,2.06,3.75,cb
TR2609120059975,CL101283,EN00039,velo_elec,Lyon,ST1019,ST1007,1789217703,2026-09-12 15:07:03,12,3.81,4.0,abonnement
TR2609120059976,CL108831,EN00042,trottinette,Lyon,ST1019,ST1013,2026-09-12 14:49:10,2026-09-12 15:07:10,18,4.58,4.96,abonnement
TR2609120059977,CL106614,EN00013,velo_elec,Lyon,ST1019,ST1007,2026-09-12 14:59:18,2026-09-12 15:01:18,2,0.49,1.5,cb
TR2609120059978,CL105398,EN00287,velo_elec,Nantes,ST1020,ST1032,2026-09-12 14:48:50,12/09/2026 15:20,32,9.39,9.0,abonnement
TR2609120059979,CL101648,EN00354,velo_elec,Nantes,ST1024,ST1027,2026-09-12 15:00:37,2026-09-12 15:05:37,5,1.64,2.25,paypal
TR2609120059980,CL103417,EN00271,velo_elec,Nantes,ST1025,ST1029,2026-09-12 15:00:12,2026-09-12 15:08:12,8,2.19,3.0,cb
TR2609120059981,CL105374,EN00292,velo_elec,Nantes,ST1026,ST1028,2026-09-12 14:47:34,2026-09-12 14:54:34,7,1.7,2.75,abonnement
TR2609120059982,CL107699,EN00273,velo_elec,Nantes,ST1026,ST1033,2026-09-12 14:46:42,2026-09-12 14:58:42,5650,3.35,4.0,abonnement
TR2609120059983,CL101107,EN00235,trottinette,Nantes,ST1028,ST1023,2026-09-12 14:55:08,2026-09-12 15:20:08,25,5.62,6.5,abonnement
TR2609120059984,CL107691,EN00300,velo_elec,Nantes,ST1032,ST1028,2026-09-12 14:49:35,2026-09-12 15:08:35,19,3.85,5.75,abonnement
TR2609120059985,CL105967,EN00299,trottinette,Nantes,ST1033,ST1027,2026-09-12 14:49:36,2026-09-12 14:53:36,4,1.29,1.88,paypal
TR2609120059986,CL105667,EN00385,velo_elec,Lille,ST1035,ST1046,1789217222,2026-09-12 15:11:02,24,4.51,7.0,abonnement
TR2609120059987,CL100721,EN00475,trottinette,Lille,ST1038,ST1036,1789217708,2026-09-12 15:11:08,16,4.43,4.52,cb
TR2609120059988,CL107907,EN00438,trottinette,Lille,ST1040,ST1038,2026-09-12 14:52:05,2026-09-12 15:10:05,18,4.75,4.96,abonnement
TR2609120059989,CL101326,EN00600,trottinette,Grenoble,ST1051,ST1056,2026-09-12 14:55:08,2026-09-12 15:02:08,7,1.3,2.54,paypal
TR2609120059990,CL103792,EN00535,velo_elec,Grenoble,ST1055,ST1048,2026-09-12 14:50:33,12/09/2026 15:01,11,1.8,3.75,cb
TR2609120059991,CL104388,EN00027,velo_elec,Lyon,ST1002,ST1001,2026-09-12 15:04:14,2026-09-12 15:31:14,27,7.64,7.75,abonnement
TR2609120059992,CL107358,EN00013,velo_elec,Lyon,ST1007,ST1003,2026-09-12 15:04:46,2026-09-12 15:27:46,23,4.72,6.75,abonnement
TR2609120059993,CL107452,EN00174,velo_elec,Lyon,ST1011,ST1014,2026-09-12 15:06:06,2026-09-12 15:33:06,27,6.0,7.75,abonnement
TR2609120059994,CL101539,EN00084,velo_elec,Lyon,ST1011,ST1005,2026-09-12 15:07:03,2026-09-12 15:25:03,18,5.6,5.5,cb
TR2609120059995,CL104529,EN00121,trottinette,Lyon,ST1014,ST1017,2026-09-12 15:14:16,,40,7.76,9.8,
TR2609120059996,CL103922,EN00112,velo_elec,Lyon,ST1014,ST1001,2026-09-12 15:08:41,12/09/2026 15:13,5,1.49,2.25,abonnement
TR2609120059997,CL107490,EN00074,trottinette,Lyon,ST1015,ST1001,2026-09-12 15:01:15,2026-09-12 15:24:15,23,6.09,6.06,cb
TR2609120059998,CL101512,EN00090,trottinette,Lyon,ST1015,ST1004,2026-09-12 15:05:12,2026-09-12 15:11:12,6,1.18,2.32,abonnement
TR2609120059999,CL107863,EN00193,trottinette,Lyon,ST1016,ST1004,2026-09-12 15:03:48,12/09/2026 15:16,13,3.63,3.86,paypal
TR2609120060000,CL101723,EN00164,trottinette,Lyon,ST1017,ST1011,2026-09-12 15:12:36,2026-09-12 15:16:36,4,0.84,1.88,cb
TR2609120060001,CL105348,EN00054,trottinette,Lyon,ST1017,ST1006,2026-09-12 15:08:39,2026-09-12 15:22:39,14,3.25,4.08,cb
TR2609120060002,CL107350,EN00068,velo_elec,Lyon,ST1017,ST1011,12/09/2026 15:07,2026-09-12 15:21:21,14,4.44,4.5,cb
TR2609120060003,CL104385,EN00278,trottinette,Nantes,ST1020,ST1030,2026-09-12 15:11:43,2026-09-12 15:18:43,7,1.23,2.54,cb
TR2609120060004,CL100845,EN00293,velo_elec,Nantes,ST1020,ST1022,2026-09-12 15:03:46,2026-09-12 15:15:46,12,2.88,4.0,paypal
TR2609120060005,CL103545,EN00234,trottinette,Nantes,ST1022,ST1023,12/09/2026 15:08,2026-09-12 15:14:35,6,0.94,2.32,cb
TR2609120060006,CL103294,EN00302,velo_elec,nantes,ST1024,ST1027,2026-09-12 15:03:18,2026-09-12 15:27:18,24,5.14,7.0,cb
TR2609120060007,CL104697,EN00294,velo_elec,Nantes,ST1025,ST1031,2026-09-12 15:14:31,2026-09-12 15:23:31,9,2.21,3.25,abonnement
TR2609120060008,CL104219,EN00265,trottinette,Nantes,ST1028,ST1025,2026-09-12 15:13:00,2026-09-12 15:20:00,7,1.98,2.54,cb
TR2609120060009,CL106506,EN00339,velo_elec,Nantes,ST1029,ST1025,2026-09-12 15:07:17,2026-09-12 15:35:17,28,6.43,8.0,cb
TR2609120060010,CL108470,EN00267,trottinette,Nantes,ST1031,ST1026,1789218485,2026-09-12 15:13:05,5,1.37,2.1,cb
TR2609120060011,CL107312,EN00263,trottinette,Nantes,ST1032,ST1033,2026-09-12 15:12:37,2026-09-12 15:17:37,5,1.56,2.1,cb
TR2609120060012,CL102902,EN00273,velo_elec,Nante,ST1033,ST1021,2026-09-12 15:01:54,2026-09-12 15:13:54,12,1.86,4.0,abonnement
TR2609120060013,CL100634,EN00372,trottinette,Lille,ST1039,ST1042,2026-09-12 15:14:13,1789220293,24,7.38,6.28,cb
TR2609120060014,CL105423,EN00430,velo_elec,Lille,ST1042,ST1039,2026-09-12 15:10:03,2026-09-12 15:32:03,22,6.64,6.5,cb
TR2609120060015,CL103524,EN00056,velo_elec,Lyon,ST1001,ST1007,2026-09-12 15:31:07,2026-09-12 15:49:07,18,4.15,5.5,abonnement
TR2609120060016,CL104886,EN00216,velo_elec,Lyon,ST1003,ST1013,2026-09-12 15:23:50,2026-09-12 15:37:50,14,4.59,4.5,abonnement
TR2609120060017,CL100450,EN00177,velo_elec,Lyon,ST1004,ST1017,12/09/2026 15:23,2026-09-12 15:28:49,5,1.57,2.25,cb
TR2609120060018,CL107954,EN00034,velo_elec,Lyon,ST1004,ST1019,12/09/2026 15:18,2026-09-12 15:35:57,17,3.92,5.25,cb
TR2609120060019,CL102672,EN00182,trottinette,Lyon,ST1005,ST1018,2026-09-12 15:16:30,2026-09-12 15:35:30,19,5.26,5.18,cb
TR2609120060020,CL108200,EN00206,velo_elec,Lyon,ST1008,ST1007,2026-09-12 15:28:39,2026-09-12 16:26:39,58,15.73,15.5,cb
TR2609120060021,CL108604,EN00124,velo_elec,Lyon,ST1008,ST1016,1789219198,2026-09-12 15:23:58,4,1.03,2.0,abonnement
TR2609120060022,CL102925,EN00107,velo_elec,Lyon,ST1009,ST1003,1789219423,2026-09-12 15:31:43,8,1.39,3.0,
TR2609120060023,CL100142,EN00028,trottinette,Lyon,ST1009,ST1014,2026-09-12 15:16:42,2026-09-12 15:23:42,7,1.59,2.54,cb
TR2609120060024,CL100866,EN00170,trottinette,Lyon,ST1010,ST1012,2026-09-12 15:27:43,2026-09-12 15:34:43,7,1.45,2.54,abonnement
TR2609120060025,CL101338,EN00184,velo_elec,Lyon,ST1013,ST1006,2026-09-12 15:25:52,2026-09-12 15:29:52,4,0.71,2.0,cb
TR2609120060026,CL103602,EN00042,trottinette,Lyon,ST1013,ST1012,2026-09-12 15:24:29,2026-09-12 15:31:29,7,1.94,2.54,cb
TR2609120060027,CL103817,EN00066,trottinette,Lyon,ST1014,ST1009,2026-09-12 15:19:55,2026-09-12 15:29:55,10,2.11,3.2,abonnement
TR2609120060028,CL105400,EN00079,velo_elec,Lyon,ST1014,ST1003,12/09/2026 15:18,2026-09-12 15:39:21,21,7.3,6.25,cb
TR2609120060029,CL101580,EN00139,velo_elec,Lyon,ST1015,ST1002,12/09/2026 15:30,2026-09-12 15:40:24,10,3.09,3.5,abonnement
TR2609120060030,CL108096,EN00209,velo_elec,LYON,ST1016,ST1002,2026-09-12 15:20:39,2026-09-12 15:45:39,25,6.42,7.25,cb
TR2609120060031,CL108181,EN00196,velo_elec,Lyon,ST1017,ST1001,2026-09-12 15:29:44,1789220324,9,1.61,3.25,abonnement
TR2609120060032,CL107632,EN00198,velo_elec,Lyon,ST1018,ST1018,2026-09-12 15:17:44,2026-09-12 15:39:44,22,4.26,6.5,cb
TR2609120060033,CL107250,EN00234,trottinette,Nantes,ST1023,ST1032,2026-09-12 15:24:48,1789219668,3,0.89,1.66,paypal
TR2609120060034,CL108294,EN00267,trottinette,Nantes,ST1026,ST1021,2026-09-12 15:23:16,2026-09-12 15:30:16,7,1.72,2.54,abonnement
TR2609120060035,CL106296,EN00307,trottinette,Nantes,ST1026,ST1027,2026-09-12 15:28:39,1789220079,6,1.87,2.32,abonnement
TR2609120060036,CL108168,EN00224,velo_elec,Nantes,ST1026,ST1028,1789219654,2026-09-12 15:37:34,10,3.16,3.5,abonnement
TR2609120060037,CL108113,EN00334,trottinette,Nantes,ST1026,ST1024,2026-09-12 15:21:57,2026-09-12 15:27:57,6,1.39,2.32,paypal
TR2609120060038,CL107827,EN00271,velo_elec,Nantes,ST1029,ST1020,2026-09-12 15:30:43,2026-09-12 15:50:43,20,3.29,6.0,cb
TR2609120060039,CL107841,EN00254,velo_elec,Nantes,ST1030,ST1033,2026-09-12 15:30:51,2026-09-12 15:56:51,26,6.67,7.5,cb
TR2609120060040,CL101614,EN00283,trottinette,Nantes,ST1030,ST1033,1789219495,2026-09-12 15:57:55,33,6.12,8.26,paypal
TR2609120060041,CL100056,EN00328,velo_elec,Nantes,ST1030,ST1025,2026-09-12 15:30:26,12/09/2026 15:35,5,0.85,2.25,cb
TR2609120060042,CL100551,EN00260,velo_elec,Nantes,ST1033,ST1030,2026-09-12 15:21:02,1789220162,15,2.47,4.75,cb
TR2609120060043,CL107030,EN00315,velo_elec,Nantes,ST1033,ST1029,1789219422,12/09/2026 15:25,2,0.69,1.5,paypal
TR2609120060044,CL104356,EN00498,trottinette,Lille,ST1036,ST1046,2026-09-12 15:22:52,2026-09-12 15:30:52,8,2.43,2.76,abonnement
TR2609120060045,CL107352,EN00395,trottinette,Lille,ST1039,ST1043,2026-09-12 15:16:46,2026-09-12 15:35:46,19,5.42,5.18,cb
TR2609120060046,CL108268,EN00477,trottinette,Lille,ST1039,ST1036,12/09/2026 15:23,2026-09-12 15:27:07,4,1.19,1.88,cb
TR2609120060047,CL105013,EN00413,trottinette,Lille,ST1041,ST1035,2026-09-12 15:18:07,2026-09-12 15:33:07,15,3.72,4.3,cb
TR2609120060048,CL108716,EN00368,trottinette,Lille,ST1047,ST1036,2026-09-12 15:20:19,2026-09-12 15:25:19,5,1.31,2.1,paypal
TR2609120060049,CL106752,EN00013,velo_elec,Lyon,ST1003,ST1012,2026-09-12 15:44:50,2026-09-12 15:52:50,8,2.3,3.0,abonnement
TR2609120060050,CL100596,EN00098,velo_elec,Lyon,ST1003,ST1012,1789220749,2026-09-12 15:57:49,12,2.36,4.0,abonnement
TR2609120060051,CL102075,EN00184,velo_elec,Lyon,ST1006,ST1007,1789220537,2026-09-12 15:51:17,9,1.46,3.25,cb
TR2609120060052,CL106502,EN00162,velo_elec,Lyon,ST1006,ST1015,2026-09-12 15:40:53,12/09/2026 15:55,15,4.7,4.75,cb
TR2609120060053,CL100998,EN00152,velo_elec,Lyon,ST1006,ST1002,2026-09-12 15:35:47,2026-09-12 15:51:47,16,4.68,5.0,abonnement
TR2609120060054,CL103722,EN00035,velo_elec,Lyon,ST1010,ST1006,12/09/2026 15:36,2026-09-12 15:46:29,10,2.86,3.5,abonnement
TR2609120060055,CL107231,EN00083,velo_elec,Lyon,ST1012,ST1011,2026-09-12 15:45:33,2026-09-12 15:52:33,7,2.26,2.75,cb
TR2609120060056,CL102407,EN00178,velo_elec,lyon,ST1016,ST1008,12/09/2026 15:43,12/09/2026 15:48,5,1.58,2.25,cb
TR2609120060057,CL106516,EN00076,velo_elec,Lyon,ST1016,ST1015,2026-09-12 15:37:13,2026-09-12 15:44:13,7,2.4,2.75,cb
TR2609120060058,CL105710,EN00177,velo_elec,LYON,ST1017,ST1016,2026-09-12 15:35:06,1789220886,13,2.81,4.25,cb
TR2609120060059,CL105555,EN00122,trottinette,Lyon,ST1017,ST1012,1789220329,2026-09-12 15:49:49,11,3.16,3.42,paypal
TR2609120060060,CL107534,EN00151,trottinette,Lyon,ST1019,ST1011,12/09/2026 15:38,2026-09-12 15:49:05,11,1.98,3.42,cb
TR2609120060061,CL103555,EN00267,trottinette,Nantes,ST1021,ST1031,2026-09-12 15:37:43,2026-09-12 16:00:43,23,5.11,6.06,cb
TR2609120060062,CL101570,EN00250,velo_elec,Nantes,ST1026,ST1030,2026-09-12 15:37:17,12/09/2026 15:54,17,3.96,5.25,paypal
TR2609120060063,CL101216,EN00352,velo_elec,Nantes,ST1026,ST1026,2026-09-12 15:44:16,12/09/2026 16:06,22,6.56,6.5,cb
TR2609120060064,CL107643,EN00350,velo,Nantes,ST1026,ST1029,2026-09-12 15:43:07,2026-09-12 15:55:07,12,3.92,2.8,abonnement
TR2609120060065,CL104532,EN00353,velo,Nantes,ST1026,ST1026,2026-09-12 15:42:53,2026-09-12 15:56:53,14,2.92,3.1,cb
TR2609120060066,CL100885,EN00321,velo_elec,Nantes,ST1031,ST1033,2026-09-12 15:45:30,2026-09-12 16:02:30,17,3.95,5.25,cb
TR2609120060067,CL106008,EN00287,velo_elec,Nantes,ST1032,ST1027,2026-09-12 15:42:33,12/09/2026 15:59,17,2.76,5.25,cb
TR2609120060068,CL103513,EN00263,trottinette,Nantes,ST1033,ST1030,2026-09-12 15:36:04,2026-09-12 15:56:04,20,3.34,5.4,abonnement
TR2609120060069,CL106186,EN00416,trottinette,Lille,ST1035,ST1044,2026-09-12 15:41:11,2026-09-12 16:18:11,37,10.26,9.14,abonnement
TR2609120060070,CL108347,EN00597,trottinette,GRENOBLE,ST1055,ST1055,2026-09-12 15:41:53,12/09/2026 16:07,26,4.31,6.72,abonnement
TR2609120060071,CL100024,EN00074,trottinette,Lyon,ST1001,ST1015,,2026-09-12 16:11:28,13,2.96,3.86,cb
TR2609120060072,CL105010,EN00027,velo_elec,Lyon,ST1001,ST1018,,2026-09-12 16:06:30,13,3.28,4.25,cb
TR2609120060073,CL108047,EN00084,velo_elec,Lyon,ST1005,ST1005,2026-09-12 15:48:34,2026-09-12 15:55:34,7,1.98,2.75,cb
TR2609120060074,CL107188,EN00035,velo_elec,Lyon,ST1006,ST1005,2026-09-12 15:57:15,2026-09-12 16:19:15,22,3.48,6.5,cb
TR2609120060075,CL101995,EN00109,trottinette,Lyon,ST1008,ST1005,12/09/2026 15:56,2026-09-12 16:05:44,9,2.12,2.98,cb
TR2609120060076,CL102150,EN00146,trottinette,LYON,ST1008,ST1007,2026-09-12 15:56:09,2026-09-12 16:02:09,6,2.09,2.32,cb
TR2609120060077,CL108098,EN00164,trottinette,Lyon,ST1011,ST1001,2026-09-12 15:59:44,1789222184,10,3.14,3.2,abonnement
TR2609120060078,CL106382,EN00102,velo_elec,lyon,ST1011,ST1019,2026-09-12 16:00:40,1789222060,7,1.26,2.75,paypal
TR2609120060079,CL107349,EN00199,velo_elec,Lyon,ST1019,ST1004,2026-09-12 15:49:32,2026-09-12 16:01:32,12,3.12,4.0,abonnement
TR2609120060080,CL106000,EN00298,trottinette,Nantes,ST1021,ST1033,2026-09-12 15:59:21,2026-09-12 16:16:21,17,3.25,4.74,abonnement
TR2609120060081,CL100717,EN00293,velo_elec,Nantes,ST1022,ST1028,,2026-09-12 15:51:11,5,0.93,2.25,cb
TR2609120060082,CL102702,EN00231,velo,Nante,ST1026,ST1026,2026-09-12 15:46:37,2026-09-12 16:17:37,31,8.92,5.65,cb
TR2609120060083,CL106014,EN00306,velo,Nantes,ST1026,ST1026,12/09/2026 15:46,2026-09-12 15:51:57,5,1.74,1.75,cb
TR2609120060084,CL101544,EN00354,velo_elec,Nantes,ST1027,ST1032,2026-09-12 15:47:03,2026-09-12 15:57:03,10,2.57,3.5,cb
TR2609120060085,CL102212,EN00259,trottinette,Nantes,ST1028,ST1030,2026-09-12 15:55:25,12/09/2026 15:59,4,1.2,1.88,abonnement
TR2609120060086,CL104211,EN00278,trottinette,Nantes,ST1030,ST1031,12/09/2026 15:56,2026-09-12 16:03:33,7,1.89,2.54,abonnement
TR2609120060087,CL103150,EN00260,velo_elec,Nantes,ST1030,ST1032,,2026-09-12 16:01:34,9,1.7,3.25,abonnement
TR2609120060088,CL100053,EN00316,velo_elec,Nantes,ST1031,ST1032,2026-09-12 16:00:37,2026-09-12 16:07:37,7,1.81,2.75,abonnement
TR2609120060089,CL100139,EN00455,velo_elec,Lille,ST1041,ST1038,2026-09-12 15:48:08,2026-09-12 16:06:08,18,2.94,5.5,cb
TR2609120060090,CL103277,EN00460,velo_elec, Lille,ST1047,ST1046,2026-09-12 16:00:04,2026-09-12 16:19:04,19,4.38,5.75,abonnement
TR2609120060091,CL100274,EN00107,velo_elec,Lyon,ST1003,ST1010,2026-09-12 16:15:36,1789222836,5,1.19,2.25,abonnement
TR2609120060092,CL106516,EN00053,trottinette,Lyon,ST1004,ST1013,2026-09-12 16:09:17,2026-09-12 16:47:17,38,6.04,9.36,paypal
TR2609120060093,CL106333,EN00193,trottinette,Lyon,ST1004,ST1001,2026-09-12 16:05:27,2026-09-12 16:29:27,24,7.3,6.28,
TR2609120060094,CL101387,EN00184,velo_elec,Lyon,ST1007,ST1012,2026-09-12 16:09:42,2026-09-12 16:29:42,20,3.2,6.0,cb
TR2609120060095,CL103310,EN00195,velo_elec,Lyon,ST1009,ST1010,2026-09-12 16:04:48,1789222368,8,2.07,3.0,paypal
TR2609120060096,CL101179,EN00170,trottinette,Lyon,ST1012,ST1014,2026-09-12 16:09:31,2026-09-12 16:31:31,22,7.08,5.84,cb
TR2609120060097,CL102793,EN00213,trottinette,Lyon,ST1012,ST1004,12/09/2026 16:14,2026-09-12 16:17:54,3,0.99,1.66,abonnement
TR2609120060098,CL100644,EN00216,velo_elec,lyon,ST1013,ST1007,2026-09-12 16:04:24,2026-09-12 16:34:24,30,6.21,8.5,cb
TR2609120060099,CL103992,EN00062,trottinette,Lyon,ST1015,ST1007,2026-09-12 16:09:07,,14,4.53,4.08,cb
TR2609120060100,CL106496,EN00076,velo_elec,Lyon,ST1015,ST1015,1789222386,2026-09-12 16:26:06,13,2.62,4.25,abonnement
TR2609120060101,CL107082,EN00101,velo_elec,Lyon,ST1017,ST1006,1789222165,2026-09-12 16:19:25,10,2.07,3.5,cb
TR2609120060102,CL105701,EN00198,velo_elec,LYON,ST1018,ST1001,2026-09-12 16:08:57,,15,4.88,4.75,cb
TR2609120060103,CL101028,EN00132,trottinette,Lyon,ST1018,ST1014,2026-09-12 16:03:42,2026-09-12 16:13:42,10,2.95,3.2,paypal
TR2609120060104,CL100567,EN00360,trottinette,Nantes,ST1021,ST1028,2026-09-12 16:05:25,2026-09-12 16:21:25,16,4.12,,cb
TR2609120060105,CL101829,EN00276,velo_elec,Nantes,ST1022,ST1030,1789222498,2026-09-12 16:19:58,5,1.57,2.25,cb
TR2609120060106,CL107843,EN00359,trottinette,Nantes,ST1024,ST1033,2026-09-12 16:14:53,12/09/2026 16:19,5,1.15,2.1,cb
TR2609120060107,CL105174,EN00353,velo,Nantes,ST1026,ST1027,2026-09-12 16:14:59,12/09/2026 16:22,8,1.34,2.2,cb
TR2609120060108,CL106246,EN00226,velo_elec,Nantes,ST1028,ST1027,2026-09-12 16:11:09,2026-09-12 16:24:09,13,3.99,4.25,cb
TR2609120060109,CL103985,EN00227,trottinette,Nantes,ST1028,ST1020,2026-09-12 16:08:43,2026-09-12 16:23:43,15,4.51,4.3,cb
TR2609120060110,CL104503,EN00254,velo_elec,Nantes,ST1033,ST1022,2026-09-12 16:07:41,2026-09-12 16:48:41,41,7.34,11.25,paypal
TR2609120060111,CL105330,EN00362,velo_elec,LILLE,ST1044,ST1040,2026-09-12 16:11:17,2026-09-12 16:21:17,10,2.75,3.5,paypal
TR2609120060112,CL106957,EN00443,velo_elec,Lille,ST1045,ST1047,12/09/2026 16:03,2026-09-12 16:15:36,12,1.8,4.0,abonnement
TR2609120060113,CL100152,EN00541,velo_elec,Grenoble,ST1049,ST1052,2026-09-12 16:08:28,2026-09-12 16:19:28,11,2.52,3.75,paypal
TR2609120060114,CL101292,EN00529,velo,grenoble,ST1054,ST1056,2026-09-12 16:01:43,2026-09-12 16:47:43,46,7.08,7.9,cb
TR2609120060115,CL104086,EN00575,trottinette,Grenoble,ST1055,ST1058,2026-09-12 16:06:06,12/09/2026 16:19,13,2.31,3.86,abonnement
TR2609120060116,CL108536,EN00112,velo_elec,Lyon,ST1001,ST1014,2026-09-12 16:18:44,2026-09-12 16:20:44,2,0.59,1.5,paypal
TR2609120060117,CL102022,EN00196,velo_elec,Lyon,ST1001,ST1004,1789222730,2026-09-12 16:29:50,11,3.68,3.75,cb
TR2609120060118,CL108586,EN00100,velo_elec,Lyon,ST1002,ST1013,2026-09-12 16:25:12,2026-09-12 16:49:12,24,6.05,7.0,abonnement
TR2609120060119,CL102219,EN00079,velo_elec,Lyonn,ST1003,ST1011,2026-09-12 16:28:48,2026-09-12 16:47:48,19,4.23,5.75,cb
TR2609120060120,CL108371,EN00036,velo_elec,Lyon,ST1003,ST1004,2026-09-12 16:25:22,2026-09-12 16:30:22,5,1.62,2.25,cb
TR2609120060121,CL106259,EN00095,trottinette,Lyon,ST1004,ST1001,2026-09-12 16:28:07,2026-09-12 16:51:07,23,3.67,6.06,cb
TR2609120060122,CL103874,EN00084,velo_elec,Lyon,ST1005,ST1017,1789223367,2026-09-12 16:38:27,9,2.93,3.25,cb
TR2609120060123,CL108590,EN00039,velo_elec,Lyon,ST1007,ST1009,2026-09-12 16:22:47,12/09/2026 16:25,3,0.77,1.75,cb
TR2609120060124,CL107117,EN00195,velo_elec,Lyon,ST1010,ST1009,2026-09-12 16:21:33,2026-09-12 16:34:33,13,2.53,4.25,paypal
TR2609120060125,CL100000,EN00220,velo_elec,Lyon,ST1012,ST1016,2026-09-12 16:18:17,2026-09-12 16:32:17,14,4.09,4.5,abonnement
TR2609120060126,CL101090,EN00138,velo_elec,Lyon,ST1017,ST1013,2026-09-12 16:19:41,1789223501,12,3.1,4.0,abonnement
TR2609120060127,CL108281,EN00102,velo_elec,Lyon,ST1019,ST1002,2026-09-12 16:28:38,2026-09-12 16:38:38,10,2.02,3.5,cb
TR2609120060128,CL100154,EN00190,trottinette,Lyon,ST1019,ST1008,,2026-09-12 16:32:12,11,3.46,3.42,cb
TR2609120060129,CL102137,EN00236,velo_elec,Nantes,ST1021,ST1024,2026-09-12 16:19:05,2026-09-12 16:35:05,16,3.03,5.0,paypal
TR2609120060130,CL102967,EN00357,trottinette,Nante,ST1022,ST1020,2026-09-12 16:18:42,2026-09-12 16:34:42,16,4.38,4.52,abonnement
TR2609120060131,CL102515,EN00235,trottinette,nantes,ST1023,ST1033,2026-09-12 16:18:45,2026-09-12 16:26:45,8,1.66,2.76,paypal
TR2609120060132,CL103294,EN00338,velo_elec,Nantes,ST1024,ST1031,12/09/2026 16:26,2026-09-12 16:35:21,9,1.7,3.25,paypal
TR2609120060133,CL105720,EN00327,velo_elec,Nantes,ST1024,ST1024,2026-09-12 16:20:05,2026-09-12 16:27:05,7,1.46,2.75,cb
TR2609120060134,CL100667,EN00289,trottinette,Nantes,ST1025,ST1024,2026-09-12 16:22:36,12/09/2026 16:30,8,2.44,2.76,abonnement
TR2609120060135,CL101404,EN00352,velo_elec,Nantes,ST1026,ST1025,2026-09-12 16:19:11,2026-09-12 16:44:11,25,4.8,7.25,cb
TR2609120060136,CL102951,EN00285,trottinette,Nantes,ST1028,ST1024,2026-09-12 16:19:50,2026-09-12 16:24:50,5,0.95,2.1,paypal
TR2609120060137,CL101262,EN00315,velo_elec,Nante,ST1029,ST1023,2026-09-12 16:24:50,2026-09-12 16:43:50,19,5.88,5.75,cb
TR2609120060138,CL106408,EN00259,trottinette,Nantes,ST1030,ST1021,2026-09-12 16:18:30,1789223550,14,3.9,4.08,abonnement
TR2609120060139,CL103741,EN00267,trottinette,NANTES,ST1031,ST1025,2026-09-12 16:19:37,2026-09-12 16:27:37,8,1.78,,abonnement
TR2609120060140,CL100769,EN00294,velo_elec,Nantes,ST1031,ST1029,2026-09-12 16:21:16,2026-09-12 16:50:16,29,6.47,8.25,abonnement
TR2609120060141,CL104720,EN00405,trottinette,Lille,ST1043,ST1045,12/09/2026 16:18,2026-09-12 16:24:17,6,2.0,2.32,cb
TR2609120060142,CL108578,EN00365,velo_elec,Lille,ST1045,ST1046,2026-09-12 16:18:36,2026-09-12 16:21:36,3,0.49,1.75,cb
TR2609120060143,CL107257,EN00139,velo_elec,Lyon,ST1002,ST1019,2026-09-12 16:44:15,2026-09-12 16:53:15,9,2.7,3.25,cb
TR2609120060144,CL108479,EN00131,trottinette,LYON,ST1003,ST1014,12/09/2026 16:45,1789225081,13,3.32,3.86,cb
TR2609120060145,CL100000,EN00020,velo_elec,Lyon,ST1003,ST1013,2026-09-12 16:32:50,,16,4.97,5.0,paypal
TR2609120060146,CL100739,EN00090,trottinette,lyon,ST1004,ST1004,2026-09-12 16:42:42,2026-09-12 16:49:42,7,1.09,2.54,cb
TR2609120060147,CL100416,EN00199,velo_elec,Lyon,ST1004,ST1002,2026-09-12 16:41:29,1789224629,9,2.95,3.25,abonnement
TR2609120060148,CL101265,EN00062,trottinette,Lyon,ST1007,ST1015,1789223753,2026-09-12 16:39:53,4,1.03,1.88,cb
TR2609120060149,CL106241,EN00212,trottinette,Lyon,ST1009,ST1018,12/09/2026 16:43,2026-09-12 16:54:03,11,2.96,3.42,abonnement
TR2609120060150,CL104152,EN00107,velo_elec,Lyon,ST1010,ST1012,2026-09-12 16:33:34,2026-09-12 16:46:34,13,3.63,4.25,cb
TR2609120060151,CL106805,EN00174,velo_elec,Lyon,ST1014,ST1014,2026-09-12 16:36:46,2026-09-12 17:08:46,32,9.79,9.0,abonnement
TR2609120060152,CL100248,EN00132,trottinette,Lyon,ST1014,ST1017,2026-09-12 16:38:35,12/09/2026 16:45,7,1.41,2.54,paypal
TR2609120060153,CL101433,EN00023,trottinette,Lyon,ST1015,ST1007,1789223711,2026-09-12 16:49:11,14,4.85,4.08,cb
TR2609120060154,CL104582,EN00183,velo_elec,Lyon,ST1017,ST1010,2026-09-12 16:33:18,2026-09-12 16:52:18,19,6.03,5.75,cb
TR2609120060155,CL104035,EN00182,trottinette,Lyon,ST1018,ST1019,12/09/2026 16:41,2026-09-12 16:51:35,10,1.71,3.2,cb
TR2609120060156,CL108795,EN00172,trottinette,Lyon,ST1019,ST1003,1789224263,12/09/2026 16:57,13,2.2,3.86,paypal
TR2609120060157,CL106611,EN00246,trottinette,Nantes,ST1020,ST1025,2026-09-12 16:36:30,2026-09-12 16:41:30,5,1.13,2.1,cb
TR2609120060158,CL105125,EN00314,trottinette,Nantes,ST1028,ST1029,2026-09-12 16:42:23,2026-09-12 16:47:23,5,0.97,2.1,cb
TR2609120060159,CL107326,EN00350,velo,Nantes,ST1029,ST1028,12/09/2026 16:39,2026-09-12 16:43:40,4,0.77,1.6,cb
TR2609120060160,CL107037,EN00278,trottinette,Nantes,ST1031,ST1023,2026-09-12 16:37:04,2026-09-12 16:51:04,14,3.82,4.08,abonnement
TR2609120060161,CL102864,EN00235,trottinette,Nantes,ST1033,ST1030,2026-09-12 16:36:15,2026-09-12 16:43:15,7,1.07,2.54,paypal
TR2609120060162,CL102041,EN00401,trottinette,Lille,ST1036,ST1035,,2026-09-12 16:39:50,3,0.84,1.66,
TR2609120060163,CL101569,EN00365,velo_elec,Lille,ST1046,ST1036,2026-09-12 16:36:27,2026-09-12 16:42:27,6,1.33,2.5,cb
TR2609120060164,CL107069,EN00558,trottinette,Grenoble,ST1056,ST1056,1789224229,2026-09-12 16:57:49,14,4.11,4.08,abonnement
TR2609120060165,CL108070,EN00549,velo_elec,Grenoble,ST1057,ST1056,12/09/2026 16:42,2026-09-12 16:51:27,9,2.68,3.25,cb
TR2609120060166,CL104774,EN00198,velo_elec,Lyon,ST1001,ST1009,2026-09-12 16:53:20,2026-09-12 16:56:20,3,0.85,1.75,abonnement
TR2609120060167,CL101760,EN00215,velo_elec,Lyon ,ST1003,ST1003,2026-09-12 16:55:05,2026-09-12 17:03:05,8,1.32,3.0,abonnement
TR2609120060168,CL108063,EN00137,velo,Lyon,ST1003,ST1016,2026-09-12 16:55:15,1789225755,14,4.82,3.1,cb
TR2609120060169,CL103057,EN00196,velo_elec,Lyon,ST1004,ST1012,2026-09-12 16:57:19,2026-09-12 17:02:19,5,1.37,2.25,cb
TR2609120060170,CL101705,EN00018,trottinette,Lyon,ST1006,ST1016,2026-09-12 16:53:25,2026-09-12 17:08:25,15,2.79,4.3,abonnement
TR2609120060171,CL102582,EN00206,velo_elec,Lyon,ST1007,ST1011,2026-09-12 16:56:32,2026-09-12 17:07:32,11,2.54,3.75,cb
TR2609120060172,CL102003,EN00178,velo_elec,Lyon ,ST1008,ST1014,,2026-09-12 17:10:23,11,3.54,3.75,paypal
TR2609120060173,CL103644,EN00083,velo_elec,Lyon,ST1011,ST1013,2026-09-12 16:49:27,,15,3.33,4.75,cb
TR2609120060174,CL101346,EN00003,velo_elec,Lyon,ST1011,ST1012,2026-09-12 16:48:01,12/09/2026 17:25,37,7.22,10.25,cb
TR2609120060175,CL102160,EN00184,velo_elec,Lyon,ST1012,ST1003,12/09/2026 17:00,2026-09-12 17:09:38,9,2.03,3.25,cb
TR2609120060176,CL106249,EN00138,velo_elec,Lyon,ST1013,ST1005,2026-09-12 16:50:29,12/09/2026 17:11,21,6.23,6.25,cb
TR2609120060177,CL101928,EN00165,trottinette,Lyon,ST1014,ST1012,2026-09-12 16:55:09,1789225449,9,2.0,2.98,paypal
TR2609120060178,CL106071,EN00113,velo_elec,Lyon,ST1014,ST1017,2026-09-12 16:49:17,12/09/2026 17:02,13,3.01,4.25,abonnement
TR2609120060179,CL102713,EN00271,velo_elec,NANTES,ST1020,ST1026,2026-09-12 17:00:01,2026-09-12 17:06:01,6,1.68,2.5,cb
TR2609120060180,CL103214,EN00289,trottinette,Nantes,ST1024,ST1028,1789224970,12/09/2026 17:01,5,1.57,2.1,cb
TR2609120060181,CL107940,EN00231,velo,Nantes,ST1026,ST1027,2026-09-12 16:55:13,12/09/2026 17:06,11,2.74,2.65,cb
TR2609120060182,CL102739,EN00306,velo,Nantes,ST1026,ST1031,2026-09-12 16:56:58,2026-09-12 17:04:58,8,2.23,2.2,cb
TR2609120060183,CL105888,EN00287,velo_elec,Nantes,ST1027,ST1033,2026-09-12 16:49:14,,-10,3.42,4.25,paypal
TR2609120060184,CL101573,EN00226,velo_elec,Nantes,ST1027,ST1028,2026-09-12 16:45:56,2026-09-12 16:59:56,14,4.38,4.5,cb
TR2609120060185,CL107838,EN00240,trottinette,nantes,ST1028,ST1020,2026-09-12 16:47:48,2026-09-12 16:56:48,9,2.33,2.98,cb
TR2609120060186,CL105346,EN00228,trottinette,Nantes,ST1028,ST1023,12/09/2026 16:57,2026-09-12 17:03:52,6,1.59,2.32,cb
TR2609120060187,CL101345,EN00235,trottinette,Nantes,ST1030,ST1030,12/09/2026 16:58,2026-09-12 17:04:15,6,1.61,2.32,cb
TR2609120060188,CL107238,EN00250,velo_elec,Nantes,ST1030,ST1020,2026-09-12 16:57:16,2026-09-12 16:59:16,2,0.39,1.5,cb
TR2609120060189,CL103800,EN00401,trottinette,Lille,ST1035,ST1042,2026-09-12 16:53:49,12/09/2026 16:59,6,1.54,2.32,cb
TR2609120060190,CL106107,EN00494,velo_elec,Lille,ST1040,ST1040,1789225042,2026-09-12 17:10:22,13,4.18,4.25,cb
TR2609120060191,CL108557,EN00411,trottinette,Lille,ST1045,ST1038,2026-09-12 16:47:19,12/09/2026 16:57,10,2.55,3.2,abonnement
TR2609120060192,CL100500,EN00443,velo_elec,Lille,ST1047,ST1043,2026-09-12 16:51:23,2026-09-12 17:12:23,21,3.69,6.25,abonnement
TR2609120060193,CL101568,EN00535,velo_elec,Grenoble,ST1048,ST1049,2026-09-12 16:48:04,12/09/2026 17:01,13,2.48,4.25,cb
TR2609120060194,CL100062,EN00566,trottinette,Grenoble,ST1049,ST1053,2026-09-12 16:50:48,1789225548,15,3.25,4.3,paypal
TR2609120060195,CL107566,EN00541,velo_elec,Grenoble,ST1052,ST1054,2026-09-12 16:57:25,1789226365,22,4.34,6.5,cb
TR2609120060196,CL101700,EN00542,velo,Grenoble,ST1053,ST1050,2026-09-12 16:46:50,2026-09-12 16:55:50,9,1.8,2.35,abonnement
TR2609120060197,CL104839,EN00193,trottinette,Lyon,ST1001,ST1016,2026-09-12 17:03:39,2026-09-12 17:21:39,18,4.45,4.96,cb
TR2609120060198,CL100303,EN00061,trottinette,Lyon,ST1002,ST1003,2026-09-12 17:07:51,2026-09-12 17:09:51,2,0.62,1.44,cb
TR2609120060199,CL102142,EN00090,trottinette,Lyon,ST1004,ST1016,1789225467,2026-09-12 17:23:27,19,3.1,5.18,abonnement
TR2609120060200,CL105304,EN00023,trottinette,Lyon,ST1007,ST1019,2026-09-12 17:03:58,1789226338,15,4.59,4.3,cb
TR2609120060201,CL107692,EN00056,velo_elec,Lyon,ST1007,ST1009,2026-09-12 17:03:08,2026-09-12 17:53:08,50,8.1,13.5,cb
TR2609120060202,CL104031,EN00190,trottinette,Lyon,ST1008,ST1003,2026-09-12 17:10:37,2026-09-12 17:20:37,10,2.72,3.2,
TR2609120060203,CL100161,EN00157,velo_elec,Lyon,ST1008,ST1017,2026-09-12 17:11:13,1789226593,12,3.73,4.0,cb
TR2609120060204,CL100782,EN00100,velo_elec,Lyon,ST1013,ST1016,2026-09-12 17:05:52,12/09/2026 17:14,9,2.77,3.25,abonnement
TR2609120060205,CL102369,EN00112,velo_elec,Lyon,ST1014,ST1001,2026-09-12 17:12:49,2026-09-12 17:34:49,22,7.38,6.5,cb
TR2609120060206,CL105775,EN00202,trottinette,Lyon,ST1014,ST1012,12/09/2026 17:10,2026-09-12 17:18:28,8,2.12,2.76,abonnement
TR2609120060207,CL105270,EN00062,trottinette,Lyon,ST1015,ST1019,2026-09-12 17:03:59,12/09/2026 17:10,7,1.72,2.54,cb
TR2609120060208,CL104169,EN00001,velo_elec,Lyon,ST1016,ST1003,12/09/2026 17:01,2026-09-12 17:16:47,15,3.52,4.75,cb
TR2609120060209,CL103248,EN00177,velo_elec,Lyon,ST1016,ST1006,2026-09-12 17:09:15,2026-09-12 17:12:15,3,0.92,1.75,cb
TR2609120060210,CL107943,EN00240,trottinette,Nantes,ST1020,ST1021,2026-09-12 17:08:56,2026-09-12 17:37:56,29,5.42,7.38,abonnement
TR2609120060211,CL102686,EN00242,velo,Nantes,ST1022,ST1021,12/09/2026 17:14,2026-09-12 17:22:42,8,2.03,2.2,cb
TR2609120060212,CL102450,EN00315,velo_elec,Nantes,ST1023,ST1028,2026-09-12 17:02:08,2026-09-12 17:12:08,10,2.99,3.5,paypal
TR2609120060213,CL106839,EN00342,velo_elec,Nantes,ST1027,ST1024,2026-09-12 17:10:39,2026-09-12 17:22:39,12,1.94,4.0,paypal
TR2609120060214,CL105603,EN00289,trottinette,Nantes,ST1028,ST1033,2026-09-12 17:03:22,2026-09-12 17:09:22,6,1.25,2.32,paypal
TR2609120060215,CL106335,EN00381,trottinette,Lille,ST1037,ST1043,2026-09-12 17:06:48,2026-09-12 17:16:48,10,1.56,3.2,cb
TR2609120060216,CL107071,EN00430,velo_elec, Lille,ST1039,ST1042,2026-09-12 17:14:17,2026-09-12 17:30:17,16,3.39,5.0,paypal
TR2609120060217,CL103335,EN00476,trottinette,lille,ST1040,ST1034,2026-09-12 17:04:20,2026-09-12 17:15:20,11,2.62,3.42,abonnement
TR2609120060218,CL101818,EN00375,trottinette,Lille,ST1043,ST1037,2026-09-12 17:14:07,2026-09-12 17:35:07,21,5.96,5.62,cb
TR2609120060219,CL103971,EN00498,trottinette,Lille,ST1046,ST1040,2026-09-12 17:05:27,2026-09-12 17:15:27,10,3.49,3.2,abonnement
TR2609120060220,CL107299,EN00164,trottinette,Lyon,ST1001,ST1005,2026-09-12 17:27:37,1789227337,8,2.41,2.76,abonnement
TR2609120060221,CL101124,EN00095,trottinette,Lyon,ST1001,ST1016,2026-09-12 17:24:37,2026-09-12 17:31:37,7,1.43,2.54,cb
TR2609120060222,CL104558,EN00077,trottinette,Lyon,ST1002,ST1002,2026-09-12 17:22:26,2026-09-12 17:31:26,9,1.49,2.98,cb
TR2609120060223,CL100981,EN00001,velo_elec,Lyon,ST1003,ST1018,12/09/2026 17:28,12/09/2026 17:45,17,5.63,5.25,cb
TR2609120060224,CL106546,EN00213,trottinette,Lyon,ST1004,ST1017,2026-09-12 17:27:21,,8,1.72,2.76,abonnement
TR2609120060225,CL102116,EN00187,velo_elec,Lyon,ST1004,ST1019,12/09/2026 17:22,2026-09-12 17:28:37,6,1.29,2.5,
TR2609120060226,CL106400,EN00036,velo_elec,Lyon,ST1004,ST1001,2026-09-12 17:16:38,2026-09-12 17:23:38,7,1.46,2.75,cb
TR2609120060227,CL106766,EN00177,velo_elec,Lyon,ST1006,ST1008,2026-09-12 17:24:29,12/09/2026 17:33,9,2.18,3.25,cb
TR2609120060228,CL107735,EN00057,velo_elec,Lyon,ST1008,ST1009,2026-09-12 17:22:03,12/09/2026 17:45,23,5.15,6.75,cb
TR2609120060229,CL104494,EN00160,velo_elec,Lyon,ST1008,ST1009,2026-09-12 17:29:04,12/09/2026 17:34,5,0.94,2.25,cb
TR2609120060230,CL106796,EN00218,velo_elec,Lyon,ST1008,ST1018,12/09/2026 17:23,2026-09-12 17:34:28,11,2.21,3.75,paypal
TR2609120060231,CL103696,EN00183,velo_elec,Lyon,ST1010,ST1012,2026-09-12 17:28:53,1789227293,6,1.88,2.5,cb
TR2609120060232,CL106029,EN00131,trottinette,Lyon,ST1014,ST1016,1789226199,2026-09-12 17:35:39,19,6.04,5.18,paypal
TR2609120060233,CL103185,EN00174,velo_elec,Lyon,ST1014,ST1012,2026-09-12 17:24:44,2026-09-12 17:43:44,19,6.32,5.75,cb
TR2609120060234,CL107150,EN00027,velo_elec,Lyon,ST1018,ST1009,2026-09-12 17:26:51,12/09/2026 17:31,5,1.63,2.25,abonnement
TR2609120060235,CL102372,EN00139,velo_elec,LYON,ST1019,ST1012,2026-09-12 17:24:42,2026-09-12 17:33:42,9,2.16,3.25,
TR2609120060236,CL108147,EN00062,trottinette,Lyon,ST1019,ST1013,2026-09-12 17:26:26,2026-09-12 17:34:26,8,2.62,2.76,abonnement
TR2609120060237,CL103892,EN00259,trottinette,Nantes,ST1021,ST1026,2026-09-12 17:24:35,12/09/2026 17:43,19,3.75,5.18,abonnement
TR2609120060238,CL107706,EN00285,trottinette,Nantes,ST1024,ST1033,2026-09-12 17:26:06,2026-09-12 17:30:06,4,0.64,1.88,cb
TR2609120060239,CL103184,EN00271,velo_elec,Nante,ST1026,ST1033,2026-09-12 17:19:12,2026-09-12 17:38:12,19,6.25,5.75,cb
TR2609120060240,CL108518,EN00349,velo_elec,Nantes,ST1028,ST1024,2026-09-12 17:24:14,12/09/2026 17:28,4,0.6,2.0,cb
TR2609120060241,CL103465,EN00304,velo_elec,Nantes,ST1028,ST1024,2026-09-12 17:21:05,1789227605,19,6.05,5.75,cb
TR2609120060242,CL102323,EN00314,trottinette,Nante,ST1029,ST1032,2026-09-12 17:18:51,2026-09-12 17:24:51,6,2.03,2.32,cb
TR2609120060243,CL103096,EN00294,velo_elec,Nantes,ST1029,ST1021,2026-09-12 17:24:16,2026-09-12 17:29:16,5,0.91,2.25,paypal
TR2609120060244,CL102967,EN00289,trottinette,Nante,ST1033,ST1031,2026-09-12 17:28:41,2026-09-12 17:33:41,5,1.1,2.1,abonnement
TR2609120060245,CL107638,EN00490,velo,Lille,ST1037,ST1042,2026-09-12 17:25:40,12/09/2026 17:52,27,4.35,5.05,cb
TR2609120060246,CL102908,EN00036,velo_elec,Lyon,ST1001,ST1003,12/09/2026 17:33,12/09/2026 17:41,8,2.23,3.0,cb
TR2609120060247,CL103595,EN00215,velo_elec,Lyon,ST1003,ST1011,2026-09-12 17:46:08,2026-09-12 17:51:08,5,0.97,2.25,abonnement
TR2609120060248,CL100574,EN00073,velo_elec,LYON,ST1004,ST1016,2026-09-12 17:32:33,2026-09-12 17:40:33,8,1.6,3.0,cb
TR2609120060249,CL100600,EN00089,trottinette,Lyon,ST1004,ST1009,2026-09-12 17:34:06,1789228026,13,3.77,3.86,abonnement
TR2609120060250,CL105606,EN00205,trottinette,Lyon,ST1004,ST1001,2026-09-12 17:40:53,12/09/2026 17:53,13,1.98,3.86,abonnement
TR2609120060251,CL104062,EN00041,velo_elec,Lyon,ST1006,ST1013,2026-09-12 17:31:08,2026-09-12 17:37:08,6,1.29,2.5,cb
TR2609120060252,CL100424,EN00087,trottinette,Lyon,ST1006,ST1007,2026-09-12 17:44:29,12/09/2026 18:02,18,4.8,4.96,cb
TR2609120060253,CL106774,EN00197,velo_elec,Lyon,ST1006,ST1003,2026-09-12 17:31:44,12/09/2026 17:46,15,3.23,4.75,cb
TR2609120060254,CL104546,EN00216,velo_elec,Lyon,ST1007,ST1003,2026-09-12 17:39:47,2026-09-12 17:45:47,6,2.05,2.5,abonnement
TR2609120060255,CL100481,EN00004,velo_elec,Lyon,ST1008,ST1018,12/09/2026 17:33,,17,5.28,5.25,cb
TR2609120060256,CL102296,EN00198,velo_elec,Lyon,ST1009,ST1003,2026-09-12 17:32:13,2026-09-12 17:41:13,9,1.57,3.25,paypal
TR2609120060257,CL103407,EN00178,velo_elec,Lyon,ST1014,ST1017,,2026-09-12 18:00:30,16,3.35,5.0,cb
TR2609120060258,CL107751,EN00076,velo_elec,Lyon,ST1015,ST1011,2026-09-12 17:40:53,2026-09-12 18:19:53,39,12.69,10.75,paypal
TR2609120060259,CL106383,EN00100,velo_elec,Lyon,ST1016,ST1002,12/09/2026 17:43,2026-09-12 18:10:26,27,5.78,7.75,cb
TR2609120060260,CL103925,EN00132,trottinette,Lyon,ST1017,ST1004,2026-09-12 17:44:25,12/09/2026 17:51,7,1.18,2.54,paypal
TR2609120060261,CL104806,EN00084,velo_elec,Lyon,ST1017,ST1012,2026-09-12 17:38:31,2026-09-12 18:08:31,30,7.29,8.5,cb
TR2609120060262,CL980236,EN00186,trottinette,Lyon,ST1018,ST1004,2026-09-12 17:43:30,2026-09-12 18:11:30,28,4.56,7.16,cb
TR2609120060263,CL102768,EN00212,trottinette,Lyon,ST1018,ST1016,2026-09-12 17:40:40,2026-09-12 18:06:40,26,7.59,6.72,cb
TR2609120060264,CL105551,EN00182,trottinette,Lyon,ST1019,ST1001,2026-09-12 17:31:19,2026-09-12 17:49:19,18,3.25,4.96,abonnement
TR2609120060265,CL102154,EN00227,trottinette,Nantes,ST1020,ST1022,1789227485,2026-09-12 17:56:05,18,6.14,4.96,cb
TR2609120060266,CL100956,EN00349,velo_elec,Nante,ST1024,ST1027,12/09/2026 17:34,12/09/2026 17:51,17,5.63,5.25,cb
TR2609120060267,CL100311,EN00246,trottinette,Nantes,ST1025,ST1032,12/09/2026 17:38,2026-09-12 17:58:31,20,3.43,5.4,cb
TR2609120060268,CL102140,EN00339,velo_elec,Nantes,ST1025,ST1033,2026-09-12 17:37:04,2026-09-12 17:43:04,6,1.75,2.5,abonnement
TR2609120060269,CL102431,EN00235,trottinette,NANTES,ST1030,ST1028,,2026-09-12 17:44:47,6,1.4,2.32,cb
TR2609120060270,CL100258,EN00221,velo_elec,Nantes,ST1032,ST1026,2026-09-12 17:33:59,2026-09-12 18:15:59,42,8.78,11.5,paypal
TR2609120060271,CL101184,EN00414,velo_elec,Lille,ST1034,ST1043,2026-09-12 17:34:47,2026-09-12 17:48:47,14,4.61,4.5,paypal
TR2609120060272,CL103162,EN00401,trottinette,Lille,ST1042,ST1042,12/09/2026 17:42,12/09/2026 17:57,15,3.35,4.3,abonnement
TR2609120060273,CL108374,EN00566,trottinette,Grenoble,ST1053,ST1049,12/09/2026 17:44,2026-09-12 17:59:39,15,2.74,4.3,abonnement
TR2609120060274,CL101650,EN00112,velo_elec,Lyon,ST1001,ST1003,12/09/2026 17:50,2026-09-12 17:55:24,5,1.4,2.25,paypal
TR2609120060275,CL107138,EN00189,trottinette,Lyon,ST1002,ST1005,12/09/2026 17:53,2026-09-12 18:02:08,9,1.81,2.98,paypal
TR2609120060276,CL107629,EN00052,trottinette,Lyon,ST1002,ST1001,2026-09-12 17:57:29,2026-09-12 18:04:29,7,1.49,2.54,cb
TR2609120060277,CL107863,EN00209,velo_elec,Lyon,ST1002,ST1003,2026-09-12 17:48:19,1789229599,25,8.55,7.25,cb
TR2609120060278,CL103488,EN00028,trottinette,Lyon,ST1014,ST1003,12/09/2026 17:51,2026-09-12 17:55:49,4,1.19,1.88,cb
TR2609120060279,CL105642,EN00030,trottinette,Lyon,ST1015,ST1009,2026-09-12 17:46:20,2026-09-12 17:53:20,7,2.29,2.54,cb
TR2609120060280,CL104547,EN00208,velo_elec,Lyon,ST1015,ST1011,2026-09-12 17:50:20,2026-09-12 17:59:20,9,1.97,3.25,cb
TR2609120060281,CL107220,EN00001,velo_elec,Lyon,ST1018,ST1018,2026-09-12 17:55:05,2026-09-12 18:07:05,12,2.28,4.0,cb
TR2609120060282,CL103447,EN00311,trottinette,Nantes,ST1020,ST1025,2026-09-12 17:52:09,12/09/2026 17:57,5,1.03,2.1,abonnement
TR2609120060283,CL108966,EN00261,trottinette,nantes,ST1020,ST1028,2026-09-12 17:54:40,2026-09-12 18:12:40,18,3.03,4.96,paypal
TR2609120060284,CL101143,EN00228,trottinette,Nantes,ST1023,ST1024,2026-09-12 17:50:57,2026-09-12 18:45:57,55,10.8,13.1,paypal
TR2609120060285,CL104935,EN00238,velo_elec,Nantes,ST1024,ST1031,12/09/2026 17:57,2026-09-12 18:11:57,14,4.59,4.5,cb
TR2609120060286,CL101087,EN00327,velo_elec,Nante,ST1024,ST1031,2026-09-12 17:52:25,2026-09-12 18:40:25,48,12.72,13.0,cb
TR2609120060287,CL107766,EN00259,trottinette,Nantes,ST1026,ST1023,2026-09-12 17:58:59,2026-09-12 18:15:59,17,3.94,4.74,abonnement
TR2609120060288,CL108854,EN00307,trottinette,Nantes,ST1027,ST1022,12/09/2026 17:57,2026-09-12 18:07:39,10,3.27,3.2,abonnement
TR2609120060289,CL101446,EN00292,velo_elec,Nantes,ST1028,ST1033,2026-09-12 17:49:18,12/09/2026 17:57,8,2.26,3.0,cb
TR2609120060290,CL106115,EN00226,velo_elec,Nantes,ST1028,ST1031,2026-09-12 17:46:10,12/09/2026 18:02,16,2.52,5.0,cb
TR2609120060291,CL100231,EN00329,trottinette,nantes,ST1028,ST1025,2026-09-12 17:55:25,2026-09-12 18:00:25,5,1.41,2.1,cb
TR2609120060292,CL108390,EN00224,velo_elec,Nantes,ST1028,ST1030,1789228697,12/09/2026 18:06,8,1.25,3.0,abonnement
TR2609120060293,CL101188,EN00312,trottinette,Nantes,ST1030,ST1030,2026-09-12 17:58:30,2026-09-12 18:04:30,6,1.68,2.32,abonnement
TR2609120060294,CL103322,EN00289,trottinette,Nantes,ST1031,ST1023,2026-09-12 17:53:33,2026-09-12 18:12:33,19,4.61,5.18,cb
TR2609120060295,CL104858,EN00339,velo_elec,Nantes,ST1033,ST1031,2026-09-12 17:54:26,2026-09-12 18:05:26,11,2.39,3.75,
TR2609120060296,CL101503,EN00413,trottinette,Lille,ST1035,ST1043,2026-09-12 17:55:23,2026-09-12 17:58:23,3,0.56,1.66,cb
TR2609120060297,CL104154,EN00498,trottinette,Lille,ST1040,ST1044,2026-09-12 17:55:26,2026-09-12 18:01:26,6,1.74,2.32,abonnement
TR2609120060298,CL103050,EN00451,velo_elec,Lille,ST1047,ST1038,2026-09-12 17:49:15,2026-09-12 18:00:15,11,3.35,3.75,cb
TR2609120060299,CL106626,EN00527,velo_elec,GRENOBLE,ST1052,ST1053,,,22,4.91,6.5,abonnement
TR2609120060300,CL100759,EN00511,trottinette,Grenoble,ST1058,ST1050,2026-09-12 17:50:11,2026-09-12 18:00:11,10,3.36,3.2,cb
TR2609120060301,CL107683,EN00182,trottinette,Lyon,ST1001,ST1015,2026-09-12 18:10:52,2026-09-12 18:36:52,26,4.05,6.72,cb
TR2609120060302,CL104455,EN00031,velo_elec,Lyon,ST1006,ST1004,12/09/2026 18:03,2026-09-12 18:08:40,5,0.82,2.25,cb
TR2609120060303,CL106482,EN00146,trottinette,Lyon,ST1007,ST1002,2026-09-12 18:01:27,2026-09-12 18:08:27,7,1.49,2.54,cb
TR2609120060304,CL107183,EN00177,velo_elec,Lyon,ST1008,ST1014,2026-09-12 18:03:46,2026-09-12 18:12:46,9,3.1,3.25,paypal
TR2609120060305,CL102403,EN00030,trottinette,Lyon,ST1009,ST1005,2026-09-12 18:14:02,12/09/2026 18:25,11,2.15,3.42,cb
TR2609120060306,CL100883,EN00020,velo_elec,Lyon,ST1013,ST1016,12/09/2026 18:08,2026-09-12 18:18:21,10,2.63,3.5,paypal
TR2609120060307,CL100302,EN00131,trottinette,Lyon,ST1016,ST1014,2026-09-12 18:10:02,2026-09-12 18:17:02,7,1.3,2.54,cb
TR2609120060308,CL106712,EN00218,velo_elec,Lyon,ST1018,ST1008,2026-09-12 18:12:51,2026-09-12 18:21:51,9,1.88,3.25,abonnement
TR2609120060309,CL104831,EN00023,trottinette,Lyon,ST1019,ST1008,12/09/2026 18:11,12/09/2026 18:17,6,1.27,2.32,cb
TR2609120060310,CL105024,EN00233,velo_elec,Nantes,ST1021,ST1027,2026-09-12 18:15:10,1789230310,10,2.46,3.5,paypal
TR2609120060311,CL103590,EN00227,trottinette,Nantes,ST1022,ST1025,2026-09-12 18:16:02,12/09/2026 18:33,17,4.04,4.74,cb
TR2609120060312,CL108966,EN00265,trottinette,Nantes,ST1025,ST1033,2026-09-12 18:13:48,2026-09-12 18:25:48,12,2.66,3.64,cb
TR2609120060313,CL105016,EN00358,trottinette,Nantes,ST1027,ST1032,2026-09-12 18:03:34,2026-09-12 18:12:34,9,3.11,2.98,paypal
TR2609120060314,CL108793,EN00263,trottinette,Nantes,ST1030,ST1025,2026-09-12 18:03:22,2026-09-12 18:09:22,6,1.11,2.32,cb
TR2609120060315,CL108041,EN00246,trottinette,Nantes,ST1032,ST1022,2026-09-12 18:07:46,2026-09-12 18:13:46,6,1.24,2.32,cb
TR2609120060316,CL101056,EN00476,trottinette,Lille,ST1034,ST1039,2026-09-12 18:06:41,2026-09-12 18:09:41,3,0.86,1.66,cb
TR2609120060317,CL107886,EN00479,trottinette,Lille,ST1036,ST1037,2026-09-12 18:08:08,2026-09-12 18:33:08,25,4.54,6.5,cb
TR2609120060318,CL103943,EN00400,trottinette, Lille,ST1042,ST1039,2026-09-12 18:13:42,2026-09-12 18:24:42,11,3.56,3.42,abonnement
TR2609120060319,CL103025,EN00443,velo_elec,Lille,ST1043,ST1047,2026-09-12 18:14:17,2026-09-12 18:22:17,8,1.56,3.0,abonnement
TR2609120060320,CL106214,EN00440,trottinette,Lille,ST1046,ST1044,2026-09-12 18:15:05,2026-09-12 18:23:05,8,2.24,2.76,cb
TR2609120060321,CL108271,EN00559,trottinette,Grenoble,ST1051,ST1057,12/09/2026 18:12,2026-09-12 18:21:40,9,2.39,2.98,abonnement
TR2609120060322,CL103533,EN00133,velo_elec,Lyon,ST1002,ST1004,1789230343,2026-09-12 18:52:43,27,8.34,7.75,cb
TR2609120060323,CL108119,EN00138,velo_elec,Lyon,ST1005,ST1001,2026-09-12 18:30:58,2026-09-12 18:47:58,17,4.73,5.25,cb
TR2609120060324,CL105479,EN00215,velo_elec,Lyon,ST1011,ST1005,2026-09-12 18:23:19,2026-09-12 18:34:19,11,2.89,3.75,abonnement
TR2609120060325,CL102178,EN00062,trottinette,Lyon,ST1013,ST1011,2026-09-12 18:21:15,12/09/2026 18:46,25,8.41,6.5,paypal
TR2609120060326,CL102846,EN00053,trottinette,Lyon,ST1013,ST1008,2026-09-12 18:22:37,12/09/2026 18:29,7,1.61,2.54,cb
TR2609120060327,CL105615,EN00131,trottinette,Lyon,ST1014,ST1001,2026-09-12 18:28:56,2026-09-12 18:39:56,11,1.82,3.42,
TR2609120060328,CL107248,EN00177,velo_elec,Lyon,ST1014,ST1010,12/09/2026 18:28,2026-09-12 18:35:18,7,1.88,2.75,abonnement
TR2609120060329,CL108676,EN00103,trottinette,Lyon,ST1016,ST1004,2026-09-12 18:17:46,2026-09-12 18:41:46,24,8.22,6.28,paypal
TR2609120060330,CL107913,EN00178,velo_elec,Lyon,ST1017,ST1006,2026-09-12 18:15:56,1789230416,11,1.67,3.75,paypal
TR2609120060331,CL100223,EN00004,velo_elec,LYON,ST1018,ST1019,2026-09-12 18:29:41,2026-09-12 18:38:41,9,2.46,3.25,cb
TR2609120060332,CL105778,EN00221,velo_elec,Nantes,ST1026,ST1020,2026-09-12 18:24:32,2026-09-12 18:30:32,6,1.59,2.5,cb
TR2609120060333,CL108673,EN00269,velo_elec,Nantes,ST1027,ST1028,2026-09-12 18:19:56,2026-09-12 18:45:56,26,5.25,7.5,cb
TR2609120060334,CL103349,EN00349,velo_elec,Nantes,ST1027,ST1023,2026-09-12 18:20:05,12/09/2026 18:31,11,2.02,3.75,cb
TR2609120060335,CL100725,EN00319,velo_elec,Nantes,ST1028,ST1020,2026-09-12 18:21:00,2026-09-12 18:36:00,15,3.23,4.75,cb
TR2609120060336,CL104609,EN00224,velo_elec,Nantes,ST1030,ST1030,2026-09-12 18:21:31,2026-09-12 18:40:31,19,6.31,5.75,cb
TR2609120060337,CL100236,EN00287,velo_elec,Nantes,ST1033,ST1022,2026-09-12 18:28:20,12/09/2026 18:38,10,2.58,3.5,cb
TR2609120060338,CL106780,EN00476,trottinette,Lille,ST1039,ST1045,2026-09-12 18:16:36,2026-09-12 18:24:36,8,2.15,2.76,paypal
TR2609120060339,CL107246,EN00494,velo_elec,Lille,ST1040,ST1047,2026-09-12 18:21:24,2026-09-12 18:33:24,12,2.94,4.0,paypal
TR2609120060340,CL107210,EN00462,velo_elec,Lille,ST1043,ST1044,2026-09-12 18:16:52,2026-09-12 18:43:52,27,4.19,7.75,paypal
TR2609120060341,CL103051,EN00570,trottinette,Grenoble,ST1058,ST1050,2026-09-12 18:27:17,12/09/2026 18:38,11,2.45,3.42,cb
TR2609120060342,CL103125,EN00086,velo_elec,Lyon,ST1004,ST1017,2026-09-12 18:36:40,2026-09-12 18:49:40,13,3.82,4.25,cb
TR2609120060343,CL104198,EN00030,trottinette,Lyon,ST1005,ST1017,2026-09-12 18:38:19,2026-09-12 18:47:19,9,3.04,2.98,abonnement
TR2609120060344,CL100010,EN00203,trottinette,Lyon,ST1006,ST1013,2026-09-12 18:40:10,2026-09-12 18:51:10,11,1.75,3.42,abonnement
TR2609120060345,CL102250,EN00087,trottinette,Lyon,ST1007,ST1018,12/09/2026 18:37,1789232663,27,9.04,6.94,cb
TR2609120060346,CL101525,EN00057,velo_elec,Lyon,ST1009,ST1003,12/09/2026 18:43,2026-09-12 18:51:07,8,2.62,3.0,abonnement
TR2609120060347,CL101899,EN00055,trottinette,Lyon,ST1014,ST1003,2026-09-12 18:38:00,2026-09-12 18:49:00,11,1.74,3.42,abonnement
TR2609120060348,CL105951,EN00212,trottinette,Lyon,ST1016,ST1008,2026-09-12 18:46:00,2026-09-12 18:57:00,11,3.39,3.42,abonnement
TR2609120060349,CL100783,EN00020,velo_elec,Lyon,ST1016,ST1019,2026-09-12 18:33:27,2026-09-12 19:29:27,56,12.95,15.0,paypal
TR2609120060350,CL108303,EN00244,trottinette,Nantes,ST1021,ST1028,2026-09-12 18:32:33,2026-09-12 18:48:33,16,4.44,4.52,cb
TR2609120060351,CL102611,EN00253,trottinette,Nantes,ST1021,ST1025,2026-09-12 18:41:27,2026-09-12 19:11:27,30,8.92,7.6,abonnement
TR2609120060352,CL941648,EN00272,trottinette,Nantes,ST1021,ST1023,2026-09-12 18:39:19,2026-09-12 18:49:19,10,2.97,3.2,abonnement
TR2609120060353,CL102062,EN00289,trottinette,Nantes,ST1023,ST1033,12/09/2026 18:32,2026-09-12 18:40:10,8,2.32,2.76,cb
TR2609120060354,CL105213,EN00268,trottinette,Nantes,ST1024,ST1027,2026-09-12 18:44:38,2026-09-12 18:58:38,14,3.11,4.08,paypal
TR2609120060355,CL107869,EN00290,trottinette,Nantes,ST1027,ST1029,2026-09-12 18:33:10,2026-09-12 18:38:10,5,1.16,2.1,cb
TR2609120060356,CL102321,EN00252,velo_elec,Nantes,ST1027,ST1023,2026-09-12 18:34:21,2026-09-12 18:48:21,14,3.75,,cb
TR2609120060357,CL106000,EN00233,velo_elec,Nantes,ST1027,ST1022,2026-09-12 18:38:05,12/09/2026 18:50,12,3.87,4.0,abonnement
TR2609120060358,CL105121,EN00300,velo_elec,Nantes,ST1028,ST1029,1789231330,2026-09-12 18:48:10,6,2.1,2.5,cb
TR2609120060359,CL104447,EN00438,trottinette,Lille,ST1038,ST1042,1789231225,2026-09-12 18:43:25,3,0.7,1.66,cb
TR2609120060360,CL103427,EN00362,velo_elec,Lille,ST1040,ST1044,2026-09-12 18:39:49,2026-09-12 18:51:49,12,3.41,4.0,cb
TR2609120060361,CL107273,EN00472,velo_elec,Lille,ST1041,ST1041,2026-09-12 18:32:08,2026-09-12 18:57:08,25,7.76,7.25,abonnement
TR2609120060362,CL101195,EN00401,trottinette,Lille,ST1042,ST1034,2026-09-12 18:37:02,2026-09-12 18:46:02,9,1.98,2.98,cb
TR2609120060363,CL101867,EN00556,trottinette,Grenoble,ST1049,ST1053,2026-09-12 18:36:37,2026-09-12 18:45:37,9,3.07,2.98,cb
TR2609120060364,CL101285,EN00205,trottinette,Lyon,ST1001,ST1013,2026-09-12 18:50:02,12/09/2026 18:58,8,1.48,2.76,cb
TR2609120060365,CL100774,EN00131,trottinette,Lyon,ST1001,ST1011,2026-09-12 18:54:30,2026-09-12 19:04:30,10,2.53,3.2,cb
TR2609120060366,CL106219,EN00198,velo_elec,Lyon,ST1003,ST1006,2026-09-12 18:59:22,2026-09-12 19:28:22,29,4.97,8.25,cb
TR2609120060367,CL100276,EN00061,trottinette,Lyon,ST1003,ST1014,2026-09-12 18:54:03,1789232463,7,1.67,2.54,abonnement
TR2609120060368,CL103673,EN00178,velo_elec,lyon,ST1006,ST1010,1789231716,2026-09-12 19:03:36,15,4.92,4.75,cb
TR2609120060369,CL106529,EN00218,velo_elec,Lyon,ST1008,ST1006,2026-09-12 18:56:52,2026-09-12 19:00:52,4,1.3,2.0,cb
TR2609120060370,CL104200,EN00177,velo_elec,LYON,ST1010,ST1004,2026-09-12 18:48:19,2026-09-12 18:54:19,6,0.92,2.5,paypal
TR2609120060371,CL101679,EN00206,velo_elec,Lyon,ST1011,ST1009,12/09/2026 18:50,2026-09-12 19:00:06,10,2.54,3.5,cb
TR2609120060372,CL106029,EN00208,velo_elec,Lyon,ST1011,ST1014,2026-09-12 19:00:01,2026-09-12 19:22:01,22,5.44,6.5,cb
TR2609120060373,CL106694,EN00041,velo_elec,LYON,ST1013,ST1003,2026-09-12 18:58:47,12/09/2026 19:25,27,7.28,7.75,abonnement
TR2609120060374,CL103859,EN00045,trottinette,Lyon,ST1014,ST1001,2026-09-12 18:46:13,2026-09-12 19:21:13,35,7.02,8.7,cb
TR2609120060375,CL100374,EN00001,velo_elec,Lyon,ST1018,ST1011,,2026-09-12 18:56:03,6,1.04,2.5,cb
TR2609120060376,CL106648,EN00004,velo_elec,Lyon,ST1019,ST1005,2026-09-12 18:54:05,1789232225,3,0.89,1.75,cb
TR2609120060377,CL101398,EN00259,trottinette,Nantes,ST1023,ST1026,2026-09-12 18:57:22,2026-09-12 19:11:22,14,2.13,4.08,cb
TR2609120060378,CL108041,EN00342,velo_elec,Nantes,ST1024,ST1029,2026-09-12 18:49:56,2026-09-12 19:06:56,17,4.08,5.25,abonnement
TR2609120060379,CL106940,EN00267,trottinette,Nantes,ST1025,ST1021,2026-09-12 18:45:56,2026-09-12 18:55:56,10,1.92,3.2,cb
TR2609120060380,CL100775,EN00299,trottinette,nantes,ST1027,ST1022,2026-09-12 18:47:38,2026-09-12 19:00:38,13,4.01,3.86,cb
TR2609120060381,CL105598,EN00224,velo_elec,nantes,ST1030,ST1030,2026-09-12 19:00:14,2026-09-12 19:07:14,7,1.64,2.75,paypal
TR2609120060382,CL100140,EN00238,velo_elec,Nantes,ST1031,ST1025,2026-09-12 18:47:25,2026-09-12 18:51:25,4,0.65,2.0,cb
TR2609120060383,CL108764,EN00339,velo_elec,Nantes,ST1031,ST1028,2026-09-12 18:55:19,2026-09-12 19:09:19,14,4.32,4.5,cb
TR2609120060384,CL107829,EN00443,velo_elec,Lille,ST1047,ST1039,2026-09-12 18:55:59,2026-09-12 19:02:59,7,1.29,2.75,cb
TR2609120060385,CL100493,EN00537,velo_elec,Grenoble,ST1048,ST1050,2026-09-12 18:52:53,2026-09-12 19:02:53,10,3.19,3.5,cb
TR2609120060386,CL101276,EN00597,trottinette,Grenoble,ST1055,ST1051,2026-09-12 18:49:38,2026-09-12 18:53:38,4,1.03,1.88,paypal
TR2609120060387,CL100897,EN00138,velo_elec,Lyon,ST1001,ST1010,2026-09-12 19:01:35,2026-09-12 19:08:35,7,2.1,2.75,cb
TR2609120060388,CL108436,EN00146,trottinette,Lyon,ST1002,ST1006,2026-09-12 19:04:38,2026-09-12 19:13:38,9,2.7,2.98,paypal
TR2609120060389,CL103484,EN00186,trottinette,Lyon,ST1004,ST1014,12/09/2026 19:02,12/09/2026 19:07,5,1.66,2.1,cb
TR2609120060390,CL107429,EN00004,velo_elec,Lyon,ST1005,ST1012,12/09/2026 19:08,2026-09-12 19:44:03,36,7.18,10.0,abonnement
TR2609120060391,CL100559,EN00215,velo_elec,Lyon,ST1005,ST1018,12/09/2026 19:08,2026-09-12 19:26:18,18,5.52,5.5,cb
TR2609120060392,CL103199,EN00189,trottinette,Lyon,ST1005,ST1001,2026-09-12 19:01:42,2026-09-12 19:16:42,15,5.06,4.3,cb
TR2609120060393,CL100849,EN00089,trottinette,LYON,ST1009,ST1010,1789232667,2026-09-12 19:10:27,6,1.1,2.32,cb
TR2609120060394,CL101255,EN00001,velo_elec,Lyon,ST1011,ST1015,2026-09-12 19:03:33,2026-09-12 19:22:33,19,5.9,5.75,cb
TR2609120060395,CL103091,EN00122,trottinette,Lyon,ST1012,ST1014,2026-09-12 19:05:32,2026-09-12 19:29:32,24,7.09,6.28,paypal
TR2609120060396,CL103442,EN00319,velo_elec,Nantes,ST1020,ST1028,12/09/2026 19:06,2026-09-12 19:19:58,13,3.49,4.25,abonnement
TR2609120060397,CL103985,EN00246,trottinette,Nantes,ST1022,ST1022,2026-09-12 19:14:45,2026-09-12 19:33:45,19,4.93,5.18,cb
TR2609120060398,CL105372,EN00244,trottinette,Nantes,ST1028,ST1029,2026-09-12 19:08:04,2026-09-12 19:24:04,16,5.32,4.52,cb
TR2609120060399,CL108731,EN00338,velo_elec,Nante,ST1031,ST1022,12/09/2026 19:05,2026-09-12 19:14:04,9,3.07,3.25,cb
TR2609120060400,CL106092,EN00405,trottinette,Lille,ST1045,ST1046,2026-09-12 19:09:53,2026-09-12 19:20:53,11,1.91,3.42,cb
TR2609120060401,CL108922,EN00394,velo_elec,Lille,ST1047,ST1038,12/09/2026 19:12,2026-09-12 19:59:16,47,7.83,12.75,cb
TR2609120060402,CL106734,EN00100,velo_elec,Lyon,ST1002,ST1010,2026-09-12 19:24:40,2026-09-12 19:44:40,20,3.5,6.0,paypal
TR2609120060403,CL108217,EN00037,trottinette,Lyonn,ST1002,ST9982,2026-09-12 19:26:36,2026-09-12 19:34:36,8,2.43,2.76,abonnement
TR2609120060404,CL100321,EN00057,velo_elec,Lyon ,ST1003,ST1015,2026-09-12 19:23:56,2026-09-12 19:39:56,16,3.61,5.0,cb
TR2609120060405,CL108594,EN00031,velo_elec,Lyon,ST1004,ST1006,12/09/2026 19:17,12/09/2026 19:34,17,5.13,5.25,cb
TR2609120060406,CL100386,EN00218,velo_elec,Lyon,ST1006,ST1001,2026-09-12 19:17:13,2026-09-12 19:39:13,22,4.55,6.5,cb
TR2609120060407,CL103207,EN00146,trottinette,Lyon,ST1006,ST1014,12/09/2026 19:23,2026-09-12 19:43:20,20,6.03,5.4,paypal
TR2609120060408,CL104031,EN00212,trottinette,Lyon,ST1008,ST1011,12/09/2026 19:27,2026-09-12 19:38:06,11,3.28,3.42,cb
TR2609120060409,CL102897,EN00053,trottinette,Lyon,ST1008,ST1011,2026-09-12 19:26:43,12/09/2026 19:34,8,2.58,,cb
TR2609120060410,CL100981,EN00205,trottinette,Lyon,ST1013,ST1009,12/09/2026 19:30,2026-09-12 19:51:00,21,5.56,5.62,cb
TR2609120060411,CL106227,EN00201,velo_elec,Lyon,ST1016,ST1015,2026-09-12 19:23:19,2026-09-12 19:29:19,6,2.07,2.5,paypal
TR2609120060412,CL101973,EN00024,velo_elec,Lyon,ST1019,ST1013,2026-09-12 19:26:37,12/09/2026 19:33,7,2.4,2.75,cb
TR2609120060413,CL101164,EN00239,trottinette,Nantes,ST1024,ST1020,2026-09-12 19:25:31,2026-09-12 19:32:31,7,1.35,2.54,abonnement
TR2609120060414,CL101042,EN00224,velo_elec,Nantes,ST1030,ST1024,2026-09-12 19:15:35,2026-09-12 19:37:35,22,7.5,6.5,cb
TR2609120060415,CL108680,EN00226,velo_elec,Nantes,ST1031,ST1027,1789233488,1789236308,47,8.79,12.75,abonnement
TR2609120060416,CL105018,EN00479,trottinette,Lille,ST1037,ST1039,,2026-09-12 19:25:26,5,1.45,2.1,abonnement
TR2609120060417,CL107007,EN00393,trottinette,Lille,ST1042,ST1045,2026-09-12 19:28:14,2026-09-12 19:44:14,16,4.25,4.52,cb
TR2609120060418,CL108206,EN00511,trottinette,Grenoble,ST1050,ST1053,2026-09-12 19:23:02,,15,3.09,4.3,cb
TR2609120060419,CL107450,EN00600,trottinette,Grenoble,ST1056,ST1050,12/09/2026 19:25,2026-09-12 19:52:39,27,7.2,6.94,abonnement
TR2609120060420,CL102225,EN00133,velo_elec,Lyon,ST1004,ST1019,2026-09-12 19:31:02,1789236482,37,6.23,10.25,paypal
TR2609120060421,CL102334,EN00089,trottinette,Lyon,ST1010,ST1003,2026-09-12 19:34:15,2026-09-12 20:10:15,36,7.27,8.92,cb
TR2609120060422,CL108499,EN00131,trottinette,Lyon,ST1011,ST1016,1789235122,2026-09-12 19:51:22,6,0.92,2.32,cb
TR2609120060423,CL104070,EN00183,velo_elec,Lyon,ST1012,ST1006,2026-09-12 19:44:21,1789235601,9,2.98,3.25,cb
TR2609120060424,CL106563,EN00161,velo_elec,Lyon,ST1016,ST1013,2026-09-12 19:41:56,2026-09-12 19:49:56,8,2.18,3.0,abonnement
TR2609120060425,CL106531,EN00086,velo_elec,Lyon,ST1017,ST1019,2026-09-12 19:37:25,2026-09-12 19:55:25,18,4.73,5.5,cb
TR2609120060426,CL103932,EN00030,trottinette,Lyon,ST1017,ST1002,2026-09-12 19:40:49,2026-09-12 20:01:49,21,5.45,5.62,cb
TR2609120060427,CL101328,EN00087,trottinette,Lyon,ST1018,ST1005,1789234658,12/09/2026 19:44,7,1.47,2.54,paypal
TR2609120060428,CL106368,EN00020,velo_elec,Lyon,ST1019,ST1004,2026-09-12 19:41:18,2026-09-12 19:50:18,9,1.59,3.25,cb
TR2609120060429,CL103493,EN00108,velo_elec,Lyon,ST1019,ST1006,12/09/2026 19:31,12/09/2026 19:38,7,2.23,2.75,abonnement
TR2609120060430,CL104206,EN00349,velo_elec,Nantes,ST1023,ST1033,2026-09-12 19:34:08,2026-09-12 19:45:08,11,1.9,3.75,cb
TR2609120060431,CL105792,EN00272,trottinette,Nantes,ST1023,ST1021,2026-09-12 19:33:29,2026-09-12 19:37:29,4,1.18,1.88,cb
TR2609120060432,CL100452,EN00244,trottinette,Nantes,ST1029,ST1033,12/09/2026 19:41,12/09/2026 19:49,8,1.47,2.76,cb
TR2609120060433,CL101070,EN00232,trottinette,Nantes,ST1031,ST1024,2026-09-12 19:44:14,2026-09-12 19:50:14,6,2.09,2.32,cb
TR2609120060434,CL107687,EN00556,trottinette,Grenoble,ST1053,ST1053,12/09/2026 19:35,2026-09-12 19:55:28,20,4.25,5.4,cb
TR2609120060435,CL104497,EN00177,velo_elec,Lyon,ST1004,ST1005,1789235789,2026-09-12 20:04:29,8,2.75,3.0,cb
TR2609120060436,CL101123,EN00031,velo_elec,Lyon,ST1006,ST1010,2026-09-12 19:49:36,2026-09-12 19:53:36,4,1.26,2.0,cb
TR2609120060437,CL101630,EN00023,trottinette,Lyon ,ST1008,ST1008,2026-09-12 19:45:57,2026-09-12 19:50:57,5,0.99,2.1,cb
TR2609120060438,CL103382,EN00024,velo_elec,Lyon,ST1013,ST1008,2026-09-12 19:59:14,12/09/2026 20:23,24,6.25,7.0,cb
TR2609120060439,CL107863,EN00215,velo_elec,Lyon,ST1018,ST1008,1789235358,12/09/2026 20:01,12,2.97,4.0,cb
TR2609120060440,CL104048,EN00239,trottinette,Nantes,ST1020,ST1020,2026-09-12 19:48:05,2026-09-12 20:06:05,18,5.66,4.96,cb
TR2609120060441,CL101301,EN00238,velo_elec,Nantes,ST1025,ST1029,12/09/2026 19:52,1789235739,3,1.03,1.75,cb
TR2609120060442,CL104858,EN00291,velo_elec,Nantes,ST1025,ST1032,2026-09-12 19:55:43,2026-09-12 20:21:43,26,6.72,7.5,abonnement
TR2609120060443,CL103746,EN00300,velo_elec,Nantes,ST1029,ST1031,2026-09-12 19:55:47,2026-09-12 20:12:47,17,5.81,5.25,cb
TR2609120060444,CL106434,EN00290,trottinette,Nantes,ST1029,ST1029,2026-09-12 19:48:43,1789235503,3,0.63,1.66,abonnement
TR2609120060445,CL102572,EN00354,velo_elec,Nantes,ST1032,ST1031,2026-09-12 19:52:03,2026-09-12 19:57:03,5,1.4,2.25,cb
TR2609120060446,CL103515,EN00401,trottinette,Lille,ST1034,ST1035,2026-09-12 19:48:08,12/09/2026 19:53,5,0.78,2.1,abonnement
TR2609120060447,CL104502,EN00400,trottinette,Lille,ST1039,ST1035,12/09/2026 19:46,2026-09-12 19:54:12,8,2.64,2.76,abonnement
TR2609120060448,CL103874,EN00045,trottinette,Lyon,ST1001,ST1016,2026-09-12 20:01:46,2026-09-12 20:29:46,28,6.92,7.16,cb
TR2609120060449,CL105606,EN00218,velo_elec,Lyon,ST1001,ST1001,2026-09-12 20:01:50,2026-09-12 20:08:50,7,1.84,2.75,paypal
TR2609120060450,CL101944,EN00052,trottinette,Lyon,ST1001,ST1015,2026-09-12 20:05:49,2026-09-12 20:18:49,13,4.47,3.86,abonnement
TR2609120060451,CL108914,EN00190,trottinette,Lyon,ST1003,ST1011,12/09/2026 20:15,2026-09-12 20:31:37,16,2.76,4.52,paypal
TR2609120060452,CL108179,EN00183,velo_elec,Lyon,ST1006,ST1005,2026-09-12 20:07:28,2026-09-12 20:18:28,11,2.36,3.75,abonnement
TR2609120060453,CL102182,EN00094,velo_elec,Lyon,ST1008,ST1009,2026-09-12 20:15:02,12/09/2026 20:33,18,3.56,5.5,cb
TR2609120060454,CL108742,EN00215,velo_elec,Lyon,ST1008,ST1009,2026-09-12 20:00:46,2026-09-12 20:17:46,17,2.68,5.25,paypal
TR2609120060455,CL108769,EN00206,velo_elec,Lyon,ST1009,ST1006,2026-09-12 20:08:42,1789238082,26,6.08,7.5,abonnement
TR2609120060456,CL102637,EN00138,velo_elec,Lyon,ST1010,ST1010,2026-09-12 20:06:35,2026-09-12 20:16:35,10,3.13,3.5,cb
TR2609120060457,CL106680,EN00031,velo_elec,Lyon,ST1010,ST1009,,2026-09-12 20:27:43,19,5.97,5.75,cb
TR2609120060458,CL104276,EN00212,trottinette,Lyon,ST1011,ST1011,12/09/2026 20:12,2026-09-12 20:22:54,10,3.24,3.2,abonnement
TR2609120060459,CL104933,EN00139,velo_elec,Lyon,ST1012,ST1001,12/09/2026 20:07,2026-09-12 20:25:07,18,3.77,5.5,cb
TR2609120060460,CL103693,EN00186,trottinette,Lyon,ST1014,ST1008,2026-09-12 20:11:54,12/09/2026 20:25,14,2.45,4.08,paypal
TR2609120060461,CL105823,EN00252,velo_elec,Nantes,ST1023,ST1021,2026-09-12 20:00:54,2026-09-12 20:04:54,4,1.31,2.0,abonnement
TR2609120060462,CL107734,EN00259,trottinette,Nantes,ST1026,ST1029,2026-09-12 20:08:55,12/09/2026 20:25,17,5.27,4.74,abonnement
TR2609120060463,CL107509,EN00354,velo_elec,Nantes,ST1031,ST1023,2026-09-12 20:11:50,2026-09-12 20:16:50,5,1.42,2.25,abonnement
TR2609120060464,CL101536,EN00467,velo_elec,Lille,ST1035,ST1040,2026-09-12 20:10:18,2026-09-12 20:26:18,16,3.13,5.0,paypal
TR2609120060465,CL100939,EN00443,velo_elec,Lille,ST1039,ST1041,2026-09-12 20:07:14,12/09/2026 20:23,16,3.69,5.0,abonnement
TR2609120060466,CL102875,EN00512,velo_elec,Grenoble,ST1052,ST1048,2026-09-12 20:14:35,12/09/2026 20:17,3,0.81,1.75,abonnement
TR2609120060467,CL101174,EN00557,velo,Grenoble,ST1052,ST1055,2026-09-12 20:10:58,2026-09-12 20:28:58,18,4.93,3.7,paypal
TR2609120060468,CL107696,EN00020,velo_elec,Lyon,ST1004,ST1015,12/09/2026 20:19,2026-09-12 20:26:02,3427,1.45,2.75,cb
TR2609120060469,CL107263,EN00132,trottinette,Lyon,ST1004,ST1002,12/09/2026 20:29,2026-09-12 20:56:56,27,6.17,6.94,cb
TR2609120060470,CL107776,EN00198,velo_elec,Lyon,ST1006,ST1009,2026-09-12 20:25:19,2026-09-12 21:25:19,60,11.91,16.0,paypal
TR2609120060471,CL100058,EN00138,velo_elec,Lyon,ST1010,ST1017,2026-09-12 20:19:27,12/09/2026 20:36,17,4.29,5.25,abonnement
TR2609120060472,CL101684,EN00232,trottinette,Nantes,ST1024,ST1030,2026-09-12 20:24:16,12/09/2026 20:40,16,4.97,4.52,paypal
TR2609120060473,CL100987,EN00302,velo_elec,Nantes,ST1027,ST1023,2026-09-12 20:24:31,2026-09-12 20:34:31,10,3.33,3.5,cb
TR2609120060474,CL103202,EN00238,velo_elec,Nantes,ST1029,ST1031,12/09/2026 20:18,2026-09-12 20:27:24,9,2.93,3.25,abonnement
TR2609120060475,CL104719,EN00230,velo_elec,Nantes,ST1031,ST1020,2026-09-12 20:16:53,12/09/2026 20:32,16,5.26,5.0,abonnement
TR2609120060476,CL104698,EN00384,trottinette,Lille,ST1034,ST1038,2026-09-12 20:24:38,,9,1.78,2.98,cb
TR2609120060477,CL102778,EN00218,velo_elec,Lyonn,ST1001,ST1015,2026-09-12 20:33:09,2026-09-12 21:34:09,61,9.22,16.25,cb
TR2609120060478,CL103638,EN00108,velo_elec,Lyon,ST1006,ST1009,2026-09-12 20:33:26,2026-09-12 20:46:26,13,2.67,4.25,cb
TR2609120060479,CL102181,EN00079,velo_elec,Lyon,ST1011,ST1005,2026-09-12 20:34:54,2026-09-12 20:48:54,14,3.82,4.5,cb
TR2609120060480,CL106375,EN00161,velo_elec,Lyon,ST1013,ST1015,2026-09-12 20:31:42,2026-09-12 20:37:42,6,1.41,2.5,cb
TR2609120060481,CL105368,EN00201,velo_elec,Lyon,ST1015,ST1016,2026-09-12 20:43:47,2026-09-12 21:14:47,31,5.73,8.75,paypal
TR2609120060482,CL107666,EN00057,velo_elec,Lyon,ST1015,ST1016,2026-09-12 20:35:14,2026-09-12 21:01:14,26,5.17,7.5,abonnement
TR2609120060483,CL108031,EN00045,trottinette,Lyon,ST1016,ST1016,2026-09-12 20:44:58,1789239238,9,1.41,2.98,abonnement
TR2609120060484,CL102785,EN00328,velo_elec,Nantes,ST1025,ST1020,2026-09-12 20:32:15,12/09/2026 20:49,17,3.01,5.25,abonnement
TR2609120060485,CL105939,EN00430,velo_elec,Lille,ST1042,ST1041,12/09/2026 20:33,2026-09-12 20:39:51,6,1.55,2.5,paypal
TR2609120060486,CL105786,EN00414,velo_elec,Lille,ST1043,ST1043,12/09/2026 20:34,2026-09-12 20:50:38,16,4.28,5.0,cb
TR2609120060487,CL101819,EN00206,velo_elec,Lyon,ST1006,ST1017,2026-09-12 21:01:11,2026-09-12 21:11:11,10,2.93,3.5,cb
TR2609120060488,CL105608,EN00100,velo_elec,Lyon,ST1010,ST1012,2026-09-12 20:56:54,2026-09-12 21:01:54,5,1.24,2.25,paypal
TR2609120060489,CL101895,EN00208,velo_elec,Lyon,ST1014,ST1011,2026-09-12 20:58:05,12/09/2026 21:02,4,1.04,2.0,cb
TR2609120060490,CL102890,EN00020,velo_elec,Lyon ,ST1015,ST1015,2026-09-12 20:56:34,2026-09-12 21:09:34,13,3.85,4.25,cb
TR2609120060491,CL106713,EN00121,trottinette,Lyon,ST1017,ST1003,2026-09-12 20:56:16,12/09/2026 21:08,12,3.17,3.64,cb
TR2609120060492,CL107172,EN00117,trottinette,Lyon,ST1018,ST1019,2026-09-12 20:54:37,,8,1.61,2.76,paypal
TR2609120060493,CL102308,EN00264,trottinette,Nantes,ST1025,ST1021,2026-09-12 20:55:54,2026-09-12 21:03:54,8,2.35,2.76,paypal
TR2609120060494,CL108251,EN00248,trottinette,Nantes,ST1025,ST1025,2026-09-12 20:56:33,2026-09-12 21:09:33,-17,4.06,3.86,abonnement
TR2609120060495,CL105788,EN00139,velo_elec,Lyon,ST1001,ST1007,2026-09-12 21:02:51,2026-09-12 21:17:51,15,4.84,4.75,cb
TR2609120060496,CL104182,EN00089,trottinette,LYON,ST1003,ST1010,2026-09-12 21:10:07,2026-09-12 21:20:07,7837,3.28,3.2,abonnement
TR2609120060497,CL108779,EN00184,velo_elec,Lyon,ST1003,ST1002,2026-09-12 21:01:12,2026-09-12 21:13:12,12,2.7,4.0,cb
TR2609120060498,CL104808,EN00162,velo_elec,LYON,ST1015,ST1001,2026-09-12 21:06:19,2026-09-12 21:17:19,11,3.48,3.75,cb
TR2609120060499,CL107584,EN00354,velo_elec,Nantes,ST1023,ST1032,2026-09-12 21:07:11,12/09/2026 21:29,22,3.79,6.5,cb
TR2609120060500,CL104420,EN00245,velo_elec,Nantes,ST1027,ST1021,1789239650,12/09/2026 21:21,21,7.32,6.25,paypal
TR2609120060501,CL101747,EN00342,velo_elec,Nantes,ST1029,ST1032,2026-09-12 21:15:10,2026-09-12 21:23:10,8,2.0,3.0,cb
TR2609120060502,CL106696,EN00449,trottinette,Lille,ST1040,ST1043,2026-09-12 21:09:17,2026-09-12 21:19:17,10,1.62,3.2,cb
TR2609120060503,CL104588,EN00535,velo_elec,Grenoble,ST1049,ST1049,,2026-09-12 21:11:28,7,2.2,2.75,cb
TR2609120060504,CL106528,EN00566,trottinette,Grenoble,ST1049,ST1056,,2026-09-12 21:36:12,21,6.4,5.62,cb
TR2609120060505,CL102071,EN00094,velo_elec,Lyon,ST1009,ST1008,2026-09-12 21:23:55,2026-09-12 21:25:55,2,0.38,1.5,cb
TR2609120060506,CL102731,EN00178,velo_elec,Lyon,ST1010,ST1013,2026-09-12 21:17:41,2026-09-12 21:33:41,16,5.47,5.0,abonnement
TR2609120060507,CL101599,EN00219,velo_elec,Lyon,ST1012,ST1019,2026-09-12 21:22:00,12/09/2026 21:26,4,0.78,2.0,abonnement
TR2609120060508,CL106296,EN00302,velo_elec,Nantes,ST1023,ST1032,2026-09-12 21:23:41,1789241981,16,3.83,5.0,cb
TR2609120060509,CL102101,EN00329,trottinette,Nantes,ST1025,ST1032,2026-09-12 21:18:03,2026-09-12 21:43:03,25,7.15,,cb
TR2609120060510,CL964871,EN00238,velo_elec,Nantes,ST1031,ST1020,1789240574,2026-09-12 21:24:14,8,2.36,3.0,abonnement
TR2609120060511,CL105040,EN00121,trottinette,Lyon,ST1003,ST1011,2026-09-12 21:36:20,2026-09-12 21:48:20,12,2.74,3.64,cb
TR2609120060512,CL108081,EN00054,trottinette,Lyon,ST1006,ST1013,2026-09-12 21:43:35,2026-09-12 22:09:35,26,7.31,6.72,paypal
TR2609120060513,CL108792,EN00089,trottinette,Lyon,ST1010,ST1019,2026-09-12 21:31:42,2026-09-12 21:40:42,9,2.26,2.98,paypal
TR2609120060514,CL101907,EN00138,velo_elec,lyon,ST1017,ST1013,2026-09-12 21:43:13,2026-09-12 21:50:13,7,1.61,2.75,cb
TR2609120060515,CL106764,EN00273,velo_elec,Nantes,ST1021,ST1023,,2026-09-12 21:51:06,5,1.05,2.25,cb
TR2609120060516,CL101363,EN00319,velo_elec,Nantes,ST1028,ST1020,2026-09-12 21:45:09,2026-09-12 21:50:09,5,1.66,2.25,abonnement
TR2609120060517,CL103475,EN00300,velo_elec,Nantes,ST1031,ST1033,2026-09-12 21:31:50,,8,2.63,3.0,cb
TR2609120060518,CL104128,EN00479,trottinette,Lille,ST1039,ST1044,2026-09-12 21:42:45,1789242945,13,4.18,3.86,cb
TR2609120060519,CL100084,EN00393,trottinette,Lille,ST1045,ST1038,2026-09-12 21:45:51,2026-09-12 22:03:51,18,6.13,4.96,paypal
TR2609120060520,CL104006,EN00536,velo_elec,Grenoble,ST1055,ST1048,2026-09-12 21:39:52,2026-09-12 21:53:52,-6,2.95,4.5,abonnement
TR2609120060521,CL102080,EN00162,velo_elec,Lyon,ST1001,ST1009,2026-09-12 21:51:20,2026-09-12 22:09:20,18,3.93,5.5,cb
TR2609120060522,CL100212,EN00103,trottinette,Lyon,ST1004,ST1010,2026-09-12 21:58:11,2026-09-12 22:02:11,4,1.02,1.88,cb
TR2609120060523,CL108001,EN00139,velo_elec,Lyon,ST1007,ST1003,2026-09-12 21:47:07,2026-09-12 21:57:07,10,3.17,3.5,cb
TR2609120060524,CL100031,EN00205,trottinette,Lyon,ST1009,ST1001,12/09/2026 21:48,12/09/2026 22:22,34,5.24,8.48,cb
TR2609120060525,CL107464,EN00304,velo_elec,Nantes,ST1024,ST1026,12/09/2026 21:56,1789243429,7,1.32,2.75,cb
TR2609120060526,CL105047,EN00314,trottinette,nantes,ST1032,ST1027,12/09/2026 21:50,2026-09-12 22:14:51,24,7.39,6.28,abonnement
TR2609120060527,CL101162,EN00375,trottinette,Lille,ST1037,ST1047,2026-09-12 21:50:44,2026-09-12 22:18:44,8228,9.65,7.16,abonnement
TR2609120060528,CL102003,EN00087,trottinette,Lyon,ST1005,ST1019,2026-09-12 22:04:10,2026-09-12 22:08:10,4,0.62,1.88,cb
TR2609120060529,CL104423,EN00004,velo_elec,Lyon,ST1012,ST1001,12/09/2026 22:14,2026-09-12 22:21:27,7,2.28,2.75,abonnement
TR2609120060530,CL106584,EN00206,velo_elec,Lyon,ST1017,ST1011,2026-09-12 22:02:13,2026-09-12 22:06:13,4,1.39,2.0,cb
TR2609120060531,CL106016,EN00219,velo_elec,Lyon,ST1019,ST1013,12/09/2026 22:07,2026-09-12 22:12:01,5,1.71,2.25,cb
TR2609120060532,CL102628,EN00246,trottinette,Nantes,ST1022,ST1032,2026-09-12 22:02:15,2026-09-12 22:16:15,14,3.8,4.08,abonnement
TR2609120060533,CL104162,EN00232,trottinette,Nantes,ST1030,ST9431,12/09/2026 22:15,12/09/2026 22:41,26,7.17,6.72,cb
TR2609120060534,CL104713,EN00121,trottinette,Lyon,ST1011,ST1003,12/09/2026 22:20,2026-09-12 22:39:14,19,6.18,5.18,abonnement
TR2609120060535,CL108894,EN00174,velo_elec,Lyon,ST1012,ST1005,2026-09-12 22:20:01,2026-09-12 22:29:01,9,1.66,3.25,cb
TR2609120060536,CL103304,EN00113,velo_elec,Lyon,ST1017,ST1005,12/09/2026 22:28,2026-09-12 22:40:19,12,2.78,4.0,paypal
TR2609120060537,CL101729,EN00311,trottinette,Nantes,ST1025,ST1021,12/09/2026 22:30,2026-09-12 22:38:02,-12,2.12,2.76,abonnement
TR2609120060538,CL107779,EN00290,trottinette,Nantes,ST1029,ST1033,2026-09-12 22:22:12,12/09/2026 22:43,21,4.31,5.62,abonnement
TR2609120060539,CL104960,EN00259,trottinette,Nantes,ST1029,ST1022,2026-09-12 22:24:55,12/09/2026 22:36,12,2.84,3.64,cb
TR2609120060540,CL108508,EN00246,trottinette,Nantes,ST1032,ST1024,2026-09-12 22:30:32,2026-09-12 22:48:32,18,3.97,4.96,cb
TR2609120060541,CL105625,EN00372,trottinette,Lille,ST1042,ST1041,12/09/2026 22:17,2026-09-12 22:23:23,6,1.46,2.32,abonnement
TR2609120060542,CL100988,EN00079,velo_elec,Lyon,ST1005,ST1016,2026-09-12 22:42:25,2026-09-12 22:55:25,13,3.58,4.25,cb
TR2609120060543,CL105446,EN00049,trottinette,Lyon,ST1006,ST1003,2026-09-12 22:44:30,2026-09-12 22:58:30,14,2.49,4.08,paypal
TR2609120060544,CL107634,EN00190,trottinette,Lyon,ST1011,ST1003,12/09/2026 22:30,2026-09-12 22:43:32,13,2.01,3.86,abonnement
TR2609120060545,CL103295,EN00165,trottinette,LYON,ST1012,ST1016,2026-09-12 22:35:40,2026-09-12 22:44:40,9,2.35,2.98,cb
TR2609120060546,CL106104,EN00122,trottinette,Lyon,ST1014,ST1013,2026-09-12 22:40:38,2026-09-12 23:04:38,24,6.93,6.28,abonnement
TR2609120060547,CL107622,EN00129,velo_elec,Lyon,ST1015,ST1004,1789245680,12/09/2026 23:02,21,5.68,6.25,cb
TR2609120060548,CL100602,EN00121,trottinette,Lyon,ST1003,ST1008,2026-09-12 23:00:32,2026-09-12 23:07:32,7,1.52,2.54,cb
TR2609120060549,CL106949,EN00020,velo_elec,Lyon,ST1015,ST1006,,12/09/2026 23:13,13,3.24,4.25,cb
TR2609120060550,CL102364,EN00304,velo_elec,Nantes,ST1026,ST1030,1789246117,2026-09-12 22:56:37,8,1.45,3.0,paypal
TR2609120060551,CL105274,EN00439,velo_elec,Lille,ST1039,ST1037,2026-09-12 23:00:07,12/09/2026 23:18,18,4.86,5.5,abonnement
TR2609120060552,CL103419,EN00318,velo_elec,Nantes,ST1021,ST1023,2026-09-12 23:04:00,2026-09-12 23:14:00,10,1.6,3.5,abonnement
TR2609120060553,CL102920,EN00273,velo_elec,Nantes,ST1023,ST1029,2026-09-12 23:03:54,2026-09-12 23:33:54,30,5.19,8.5,paypal
TR2609120060554,CL105249,EN00229,trottinette,Nantes,ST1025,ST1028,1789247134,1789247494,6,1.2,2.32,cb
TR2609120060555,CL100060,EN00460,velo_elec,Lille,ST1046,ST1045,12/09/2026 23:06,2026-09-12 23:21:40,15,4.09,4.75,cb
TR2609120060556,CL102552,EN00074,trottinette,Lyon,ST1015,ST1005,,2026-09-12 23:46:22,29,5.7,7.38,abonnement
TR2609120060557,CL100645,EN00438,trottinette,Lille,ST1042,ST1035,2026-09-12 23:23:41,2026-09-12 23:52:41,29,5.59,7.38,cb
TR2609120060558,CL104947,EN00476,trottinette,LILLE,ST1045,ST1035,12/09/2026 23:29,2026-09-12 23:40:50,11,2.59,3.42,abonnement
TR2609120060559,CL107444,EN00004,velo_elec,Lyon,ST1001,ST1009,2026-09-12 23:31:27,1789249047,6,1.55,2.5,cb
TR2609120060560,CL103850,EN00580,velo_elec,Grenoble,ST1051,ST1053,2026-09-12 23:34:21,2026-09-13 00:01:21,27,4.61,7.75,abonnement
TR2609120060561,CL100170,EN00009,velo_elec,Lyon,ST1002,ST1018,1789250304,2026-09-13 00:17:24,19,4.43,5.75,cb
TR2609120060562,CL108180,EN00139,velo_elec,Lyon,ST1003,ST1003,2026-09-12 23:46:55,2026-09-12 23:59:55,13,3.92,4.25,cb
TR2609120060563,CL103601,EN00334,trottinette,Nante,ST1024,ST1028,2026-09-12 23:45:25,2026-09-12 23:50:25,5,1.56,2.1,cb
TR2609120060564,CL104255,EN00478,trottinette,Lille,ST1038,ST1044,,2026-09-13 00:07:25,7,1.78,2.54,cb
