trajet_id,client_id,engin_id,type_engin,ville,station_depart,station_arrivee,debut,fin,duree_min,distance_km,montant_eur,moyen_paiement
TR2608050017864,CL106844,EN00250,velo_elec,nantes,ST1028,ST1027,2026-08-05 00:37:42,2026-08-05 01:09:42,32,4.89,9.0,cb
TR2608050017865,CL100560,EN00484,velo_elec,Lille,ST1046,ST1034,2026-08-05 01:43:57,2026-08-05 01:55:57,12,3.42,4.0,abonnement
TR2608050017866,CL108624,EN00580,velo_elec,Grenoble,ST1053,ST1051,2026-08-05 02:44:49,05/08/2026 02:52,8,2.18,3.0,paypal
TR2608050017867,CL107816,EN00211,velo_elec,Lyon,ST1012,ST1012,2026-08-05 04:01:45,05/08/2026 04:20,19,4.86,5.75,cb
TR2608050017868,CL105104,EN00031,velo_elec,Lyon,ST1019,ST1018,2026-08-05 04:56:31,2026-08-05 05:12:31,16,5.56,5.0,abonnement
TR2608050017869,CL105937,EN00516,velo_elec,Grenoble,ST1053,ST1054,2026-08-05 05:02:20,1785899420,8,2.01,3.0,cb
TR2608050017870,CL106179,EN00249,velo_elec,Nantes,ST1025,ST1021,2026-08-05 05:16:38,2026-08-05 05:46:38,30,8.27,8.5,abonnement
TR2608050017871,CL103677,EN00277,velo_elec,NANTES,ST1030,ST1031,2026-08-05 05:19:48,2026-08-05 05:58:48,39,9.71,10.75,abonnement
TR2608050017872,CL100375,EN00339,velo_elec,Nantes,ST1033,ST1029,2026-08-05 05:30:14,2026-08-05 05:40:14,10,2.2,3.5,abonnement
TR2608050017873,CL101145,EN00446,trottinette,Lille,ST1045,ST1041,2026-08-05 05:28:02,2026-08-05 05:44:02,16,4.48,4.52,cb
TR2608050017874,CL105059,EN00058,velo_elec,Lyon,ST1016,ST1001,2026-08-05 05:56:20,2026-08-05 06:00:20,4,1.13,2.0,paypal
TR2608050017875,CL108248,EN00019,trottinette,Lyon,ST1005,ST1002,,2026-08-05 06:22:45,7,1.85,2.54,cb
TR2608050017876,CL100484,EN00184,velo_elec,Lyon,ST1016,ST1003,2026-08-05 06:11:39,2026-08-05 06:14:39,3,0.95,1.75,cb
TR2608050017877,CL106546,EN00144,trottinette,lyon,ST1016,ST1004,2026-08-05 06:02:13,2026-08-05 06:20:13,18,5.78,4.96,cb
TR2608050017878,CL103242,EN00183,velo_elec,Lyon,ST1016,ST1004,2026-08-05 06:14:03,2026-08-05 06:25:03,11,1.69,3.75,abonnement
TR2608050017879,CL108835,EN00031,velo_elec,Lyon,ST1018,ST1002,2026-08-05 06:07:21,05/08/2026 06:26,19,3.13,5.75,abonnement
TR2608050017880,CL107860,EN00252,velo_elec,Nantes,ST1022,ST1020,2026-08-05 06:13:34,,5,0.93,2.25,cb
TR2608050017881,CL100775,EN00226,velo_elec,nantes,ST1024,ST1020,2026-08-05 06:06:17,2026-08-05 06:22:17,16,5.14,5.0,
TR2608050017882,CL102938,EN00260,velo_elec,Nantes,ST1028,ST1022,1785902728,2026-08-05 06:13:28,8,1.82,3.0,cb
TR2608050017883,CL102168,EN00339,velo_elec,Nantes,ST1029,ST1026,1785902986,2026-08-05 06:33:46,24,7.73,7.0,cb
TR2608050017884,CL105650,EN00378,velo_elec,Lille,ST1041,ST1035,2026-08-05 06:12:56,1785904016,14,3.3,4.5,cb
TR2608050017885,CL108888,EN00566,trottinette,Grenoble,ST1057,ST1053,2026-08-05 06:12:50,2026-08-05 06:30:50,18,4.35,4.96,abonnement
TR2608050017886,CL103772,EN00154,trottinette,Lyon,ST1006,ST1001,2026-08-05 06:27:42,2026-08-05 06:38:42,11,3.73,3.42,cb
TR2608050017887,CL107469,EN00203,trottinette,lyon,ST1008,ST1004,2026-08-05 06:28:17,2026-08-05 06:38:17,10,3.14,3.2,cb
TR2608050017888,CL916125,EN00067,velo_elec,Lyon,ST1009,ST1018,2026-08-05 06:19:57,2026-08-05 06:22:57,3,0.55,1.75,abonnement
TR2608050017889,CL100954,EN00057,velo_elec,Lyon,ST1010,ST1019,2026-08-05 06:25:13,2026-08-05 06:40:13,15,4.66,4.75,abonnement
TR2608050017890,CL103184,EN00261,trottinette,NANTES,ST1024,ST1022,2026-08-05 06:16:55,2026-08-05 06:45:55,4871,7.35,7.38,paypal
TR2608050017891,CL106840,EN00301,velo_elec,Nantes,ST1028,ST1022,1785903881,1785905141,21,4.49,6.25,cb
TR2608050017892,CL100184,EN00312,trottinette,Nantes,ST1031,ST1024,2026-08-05 06:27:08,2026-08-05 06:41:08,14,3.4,4.08,cb
TR2608050017893,CL101103,EN00259,trottinette,Nantes,ST1031,ST1022,05/08/2026 06:22,1785904845,18,4.22,4.96,paypal
TR2608050017894,CL105905,EN00300,velo_elec,Nantes,ST1033,ST1020,2026-08-05 06:17:00,2026-08-05 06:29:00,12,4.06,4.0,abonnement
TR2608050017895,CL101615,EN00482,velo_elec,Lille,ST1038,ST1034,2026-08-05 06:17:30,2026-08-05 06:57:30,40,7.62,11.0,cb
TR2608050017896,CL108555,EN00363,velo_elec,Lille,ST1043,ST1046,05/08/2026 06:20,2026-08-05 06:31:11,11,2.22,3.75,abonnement
TR2608050017897,CL104252,EN00460,velo_elec,Lille,ST1046,ST1036,2026-08-05 06:17:40,05/08/2026 06:21,4,0.75,2.0,cb
TR2608050017898,CL102190,EN00524,velo_elec,Grenoble,ST1048,ST1050,2026-08-05 06:26:41,2026-08-05 06:37:41,11,3.79,,paypal
TR2608050017899,CL101633,EN00513,velo_elec,Grenoble,ST1051,ST1049,05/08/2026 06:26,05/08/2026 06:30,4,1.22,2.0,cb
TR2608050017900,CL100377,EN00511,trottinette,Grenoble,ST1052,ST1048,2026-08-05 06:27:21,05/08/2026 06:34,7,1.5,2.54,abonnement
TR2608050017901,CL106460,EN00516,velo_elec,Grenoble,ST1054,ST1048,2026-08-05 06:21:30,2026-08-05 06:30:30,9,2.25,3.25,abonnement
TR2608050017902,CL105245,EN00003,velo_elec,Lyon,ST1005,ST1002,05/08/2026 06:37,2026-08-05 06:43:37,6,2.01,2.5,cb
TR2608050017903,CL101883,EN00206,velo_elec,Lyonn,ST1015,ST1003,2026-08-05 06:45:34,2026-08-05 07:31:34,46,8.23,12.5,abonnement
TR2608050017904,CL107296,EN00172,trottinette,Lyonn,ST1016,ST1003,2026-08-05 06:36:16,2026-08-05 07:40:16,64,20.82,15.08,abonnement
TR2608050017905,CL108599,EN00175,trottinette,LYON,ST1017,ST1002,2026-08-05 06:35:46,2026-08-05 06:51:46,16,4.84,4.52,cb
TR2608050017906,CL103521,EN00246,trottinette,Nantes,ST1025,ST1031,2026-08-05 06:45:22,05/08/2026 06:50,5,1.67,2.1,cb
TR2608050017907,CL105901,EN00233,velo_elec,Nantes,ST1032,ST1024,2026-08-05 06:38:21,05/08/2026 06:47,9,2.56,3.25,cb
TR2608050017908,CL105116,EN00304,velo_elec,Nantes,ST1033,ST1021,,2026-08-05 06:45:26,11,3.08,3.75,paypal
TR2608050017909,CL108104,EN00460,velo_elec,Lille,ST1036,ST1038,05/08/2026 06:43,05/08/2026 06:49,6,1.82,2.5,cb
TR2608050017910,CL100055,EN00406,velo_elec,Lille,ST1037,ST1034,2026-08-05 06:34:27,2026-08-05 06:49:27,15,3.84,4.75,cb
TR2608050017911,CL103995,EN00442,trottinette,Lille,ST1039,ST1034,2026-08-05 06:31:40,2026-08-05 06:38:40,7,1.95,2.54,abonnement
TR2608050017912,CL102343,EN00520,velo_elec,Grenoble,ST1048,ST1048,2026-08-05 06:42:34,2026-08-05 07:13:34,31,10.61,8.75,cb
TR2608050017913,CL100879,EN00512,velo_elec,Grenoble,ST1050,ST1048,2026-08-05 06:41:11,2026-08-05 07:07:11,-16,7.98,7.5,cb
TR2608050017914,CL104067,EN00079,velo_elec,LYON,ST1007,ST1004,2026-08-05 06:51:53,05/08/2026 06:56,5,0.83,2.25,abonnement
TR2608050017915,CL102585,EN00021,trottinette,Lyon,ST1016,ST1004,2026-08-05 06:57:15,2026-08-05 07:01:15,4,1.11,1.88,abonnement
TR2608050017916,CL105606,EN00067,velo_elec,Lyon,ST1018,ST1003,2026-08-05 06:52:28,2026-08-05 07:02:28,10,3.03,3.5,abonnement
TR2608050017917,CL100158,EN00214,trottinette,Lyon,ST1018,ST1001,2026-08-05 06:50:31,2026-08-05 07:08:31,18,3.6,4.96,cb
TR2608050017918,CL107960,EN00285,trottinette,Nantes,ST1025,ST1023,2026-08-05 07:00:41,1785906761,12,2.98,3.64,cb
TR2608050017919,CL104079,EN00434,velo_elec,Lille,ST1037,ST1036,2026-08-05 06:54:32,2026-08-05 06:59:32,5,1.07,2.25,paypal
TR2608050017920,CL108253,EN00413,trottinette,Lille,ST1042,ST1034,2026-08-05 06:56:44,2026-08-05 08:07:44,71,10.67,16.62,cb
TR2608050017921,CL102040,EN00478,trottinette, Lille,ST1043,ST1035,1785905720,1785906020,5,1.54,2.1,cb
TR2608050017922,CL107938,EN00494,velo_elec,Lille,ST1047,ST1045,1785905359,2026-08-05 07:04:19,15,4.59,4.75,abonnement
TR2608050017923,CL105086,EN00507,trottinette,grenoble,ST1051,ST1049,1785905508,1785905808,5,1.22,2.1,abonnement
TR2608050017924,CL101296,EN00582,trottinette,Grenoble,ST1056,ST1057,05/08/2026 06:56,2026-08-05 07:20:30,24,5.6,6.28,abonnement
TR2608050017925,CL105308,EN00537,velo_elec,Grenoble,ST1057,ST1048,2026-08-05 06:58:36,05/08/2026 07:06,8,1.86,3.0,cb
TR2608050017926,CL108496,EN00071,velo_elec,Lyon,ST1001,ST1017,2026-08-05 07:06:59,2026-08-05 07:16:59,10,2.27,3.5,cb
TR2608050017927,CL103192,EN00089,trottinette,Lyon,ST1002,ST1012,2026-08-05 07:14:24,2026-08-05 07:23:24,9,2.19,2.98,cb
TR2608050017928,CL101251,EN00115,velo_elec,Lyon,ST1005,ST1014,2026-08-05 07:12:00,2026-08-05 07:33:00,21,6.59,6.25,cb
TR2608050017929,CL102997,EN00139,velo_elec,Lyon,ST1007,ST1004,2026-08-05 07:05:38,,9,2.45,3.25,paypal
TR2608050017930,CL107808,EN00050,velo_elec,Lyon,ST1011,ST1001,2026-08-05 07:13:48,2026-08-05 07:17:48,4,1.38,2.0,paypal
TR2608050017931,CL104889,EN00103,trottinette,Lyon,ST1013,ST1003,2026-08-05 07:09:54,2026-08-05 07:34:54,25,4.74,6.5,cb
TR2608050017932,CL108075,EN00086,velo_elec,Lyon,ST1015,ST1003,2026-08-05 07:15:10,,23,7.18,6.75,cb
TR2608050017933,CL106153,EN00036,velo_elec,Lyon,ST1016,ST1003,2026-08-05 07:10:33,2026-08-05 07:19:33,9,3.04,3.25,abonnement
TR2608050017934,CL107369,EN00057,velo_elec,Lyon,ST1019,ST1002,2026-08-05 07:12:02,2026-08-05 07:30:02,18,4.68,5.5,abonnement
TR2608050017935,CL108533,EN00008,trottinette,Lyon,ST1019,ST1015,1785906782,2026-08-05 07:19:02,6,1.71,2.32,cb
TR2608050017936,CL108081,EN00168,velo_elec,Lyon,ST1019,ST1013,2026-08-05 07:05:57,2026-08-05 07:12:57,7,1.12,2.75,paypal
TR2608050017937,CL104991,EN00260,velo_elec,Nantes,ST1022,ST1028,2026-08-05 07:12:27,,5,1.41,2.25,cb
TR2608050017938,CL103239,EN00230,velo_elec,Nantes,ST1023,ST1020,2026-08-05 07:11:16,2026-08-05 07:23:16,3588,2.23,4.0,abonnement
TR2608050017939,CL107852,EN00245,velo_elec,Nantes,ST1026,ST1022,05/08/2026 07:11,2026-08-05 07:22:47,11,3.25,3.75,abonnement
TR2608050017940,CL103753,EN00355,velo_elec,Nantes,ST1026,ST1025,2026-08-05 07:15:35,2026-08-05 07:52:35,37,6.25,10.25,cb
TR2608050017941,CL106960,EN00305,velo_elec,Nantes,ST1028,ST1027,2026-08-05 07:03:40,05/08/2026 07:18,15,3.63,4.75,paypal
TR2608050017942,CL108033,EN00337,trottinette,Nantes,ST1028,ST1029,05/08/2026 07:04,1785907130,14,4.4,4.08,cb
TR2608050017943,CL105760,EN00338,velo_elec,Nantes,ST1029,ST1033,05/08/2026 07:15,2026-08-05 07:22:04,7,1.16,2.75,cb
TR2608050017944,CL103026,EN00289,trottinette,Nantes,ST1030,ST1022,1785906191,2026-08-05 07:08:11,5,1.35,2.1,cb
TR2608050017945,CL101216,EN00313,trottinette,Nantes,ST1033,ST1022,2026-08-05 07:04:26,05/08/2026 07:07,3,0.88,1.66,paypal
TR2608050017946,CL108044,EN00430,velo_elec,Lille,ST1035,ST1038,2026-08-05 07:13:35,2026-08-05 07:24:35,11,1.95,3.75,cb
TR2608050017947,CL108101,EN00433,velo,Lille,ST1037,ST1034,2026-08-05 07:14:46,2026-08-05 07:44:46,30,7.44,5.5,abonnement
TR2608050017948,CL100740,EN00496,velo_elec,Lille,ST1038,ST1036,2026-08-05 07:02:17,2026-08-05 07:08:17,6,1.1,2.5,cb
TR2608050017949,CL102490,EN00421,velo_elec,Lille,ST1039,ST1047,1785906926,2026-08-05 07:26:26,11,2.54,3.75,paypal
TR2608050017950,CL105497,EN00470,trottinette,Lille,ST1044,ST1043,,,25,6.26,6.5,cb
TR2608050017951,CL105576,EN00403,trottinette,Lille,ST1045,ST1035,2026-08-05 07:01:56,2026-08-05 07:09:56,8,1.75,2.76,cb
TR2608050017952,CL106920,EN00440,trottinette,Lille,ST1045,ST1045,2026-08-05 07:01:29,2026-08-05 07:34:29,33,11.33,8.26,abonnement
TR2608050017953,CL105193,EN00363,velo_elec,Lille,ST1046,ST1036,2026-08-05 07:07:17,2026-08-05 07:15:17,8,1.88,3.0,cb
TR2608050017954,CL103894,EN00461,velo_elec,Lille,ST1047,ST1035,05/08/2026 07:14,05/08/2026 07:21,7,1.59,2.75,abonnement
TR2608050017955,CL100611,EN00506,trottinette,Grenoble,ST1049,ST1050,2026-08-05 07:15:08,2026-08-05 07:21:08,6,1.65,2.32,cb
TR2608050017956,CL105433,EN00565,trottinette,Grenoble,ST1052,ST1049,2026-08-05 07:03:46,2026-08-05 07:10:46,7,1.48,2.54,paypal
TR2608050017957,CL102718,EN00517,trottinette,Grenoble,ST1054,ST1049,2026-08-05 07:10:32,2026-08-05 07:23:32,13,3.5,3.86,paypal
TR2608050017958,CL105690,EN00523,velo_elec,Grenoble,ST1056,ST1049,1785906748,05/08/2026 07:23,11,3.82,3.75,cb
TR2608050017959,CL102383,EN00131,trottinette,Lyon,ST1005,ST1001,2026-08-05 07:29:35,2026-08-05 07:44:35,15,4.11,4.3,cb
TR2608050017960,CL102893,EN00045,trottinette,Lyon ,ST1006,ST1014,1785907098,,4,1.05,1.88,cb
TR2608050017961,CL104799,EN00096,velo_elec,Lyon,ST1009,ST1015,2026-08-05 07:24:58,2026-08-05 07:38:58,14,2.73,4.5,cb
TR2608050017962,CL101074,EN00121,trottinette,Lyon,ST1012,ST1016,2026-08-05 07:25:50,2026-08-05 07:39:50,14,2.61,4.08,cb
TR2608050017963,CL107053,EN00118,trottinette,Lyon,ST1013,ST1004,2026-08-05 07:27:31,2026-08-05 07:59:31,32,9.89,8.04,cb
TR2608050017964,CL106031,EN00191,trottinette,Lyon,ST1016,ST1007,2026-08-05 07:16:34,2026-08-05 07:25:34,9,3.04,2.98,abonnement
TR2608050017965,CL101952,EN00165,trottinette,Lyon,ST1017,ST1001,2026-08-05 07:20:19,05/08/2026 07:45,25,8.06,6.5,paypal
TR2608050017966,CL104621,EN00137,velo,Lyonn,ST1017,ST1019,05/08/2026 07:27,2026-08-05 07:41:50,14,2.73,3.1,cb
TR2608050017967,CL100385,EN00199,velo_elec,Lyon,ST1018,ST1010,2026-08-05 07:19:44,2026-08-05 07:28:44,9,1.95,3.25,cb
TR2608050017968,CL103180,EN00229,trottinette,Nantes,ST1027,ST1020,2026-08-05 07:21:13,2026-08-05 07:38:13,17,4.43,4.74,paypal
TR2608050017969,CL100727,EN00352,velo_elec,Nantes,ST1032,ST1022,2026-08-05 07:29:01,2026-08-05 07:34:01,5,1.1,2.25,cb
TR2608050017970,CL103346,EN00234,trottinette,Nantes,ST1033,ST1022,05/08/2026 07:26,2026-08-05 07:43:48,17,3.47,4.74,abonnement
TR2608050017971,CL101925,EN00235,trottinette,Nantes,ST1033,ST1029,1785907830,2026-08-05 07:39:30,9,2.98,2.98,cb
TR2608050017972,CL104710,EN00388,velo_elec,Lille,ST1034,ST1042,2026-08-05 07:23:50,2026-08-05 07:27:50,4,1.28,2.0,abonnement
TR2608050017973,CL101275,EN00466,velo,Lille,ST1037,ST1038,2026-08-05 07:28:59,2026-08-05 08:00:59,32,11.18,5.8,cb
TR2608050017974,CL103072,EN00389,trottinette,Lille,ST1038,ST1034,2026-08-05 07:20:59,2026-08-05 07:39:59,19,4.27,5.18,cb
TR2608050017975,CL101340,EN00460,velo_elec,Lille,ST1038,ST1040,2026-08-05 07:22:02,2026-08-05 07:38:02,16,3.66,5.0,paypal
TR2608050017976,CL101455,EN00450,trottinette,Lille,ST1039,ST1036,2026-08-05 07:26:51,05/08/2026 07:35,9,2.48,2.98,
TR2608050017977,CL108721,EN00420,trottinette,Lille,ST1040,ST1034,2026-08-05 07:20:14,2026-08-05 07:29:14,9,2.8,2.98,cb
TR2608050017978,CL100855,EN00484,velo_elec,Lille,ST1040,ST1036,2026-08-05 07:18:57,2026-08-05 07:36:57,18,5.98,5.5,cb
TR2608050017979,CL105504,EN00455,velo_elec,Lille,ST1040,ST1035,2026-08-05 07:27:07,2026-08-05 07:45:07,18,5.81,5.5,cb
TR2608050017980,CL101275,EN00453,trottinette,Lille,ST1042,ST1034,2026-08-05 07:26:33,05/08/2026 07:43,17,4.15,4.74,abonnement
TR2608050017981,CL103243,EN00395,trottinette,lille,ST1042,ST1038,2026-08-05 07:16:32,2026-08-05 07:27:32,11,3.57,3.42,abonnement
TR2608050017982,CL107352,EN00493,velo_elec,Lille,ST1043,ST1034,05/08/2026 07:24,2026-08-05 07:35:16,11,3.15,3.75,cb
TR2608050017983,CL107877,EN00474,velo_elec,Lille,ST1044,ST1040,2026-08-05 07:19:48,05/08/2026 07:28,9,1.44,3.25,cb
TR2608050017984,CL103274,EN00494,velo_elec,Lille,ST1045,ST1036,05/08/2026 07:18,2026-08-05 07:27:39,9,2.94,3.25,cb
TR2608050017985,CL107045,EN00417,trottinette,Lille,ST1045,ST1042,2026-08-05 07:16:21,2026-08-05 07:25:21,9,1.78,2.98,cb
TR2608050017986,CL107640,EN00382,trottinette,Lille,ST1046,ST1036,2026-08-05 07:30:33,2026-08-05 07:56:33,26,6.63,6.72,abonnement
TR2608050017987,CL105805,EN00414,velo_elec,Lille,ST1046,ST1036,,2026-08-05 07:31:21,5,1.18,2.25,abonnement
TR2608050017988,CL103682,EN00441,velo_elec, Lille,ST1047,ST1034,2026-08-05 07:22:25,2026-08-05 07:29:25,7,1.81,2.75,cb
TR2608050017989,CL106640,EN00524,velo_elec,Grenoble ,ST1050,ST1057,2026-08-05 07:22:22,2026-08-05 07:36:22,14,2.14,4.5,abonnement
TR2608050017990,CL107492,EN00566,trottinette,Grenoble,ST1053,ST1053,05/08/2026 07:19,2026-08-05 07:30:37,11,1.99,3.42,abonnement
TR2608050017991,CL107572,EN00588,velo_elec,Grenoble,ST1054,ST1049,2026-08-05 07:20:17,2026-08-05 07:40:17,20,4.47,6.0,paypal
TR2608050017992,CL914645,EN00544,velo_elec,Grenoble,ST1057,ST1049,05/08/2026 07:26,1785908691,18,5.69,5.5,cb
TR2608050017993,CL101965,EN00176,velo,Lyon,ST1005,ST1004,2026-08-05 07:41:03,2026-08-05 07:47:03,6,1.02,1.9,abonnement
TR2608050017994,CL106680,EN00099,velo_elec,Lyon,ST1006,ST1012,2026-08-05 07:40:24,2026-08-05 07:48:24,8,1.69,3.0,cb
TR2608050017995,CL106897,EN00074,trottinette,Lyon,ST1009,ST1018,2026-08-05 07:41:23,1785908963,7560,1.81,2.76,abonnement
TR2608050017996,CL107286,EN00157,velo_elec,Lyon,ST1009,ST1005,2026-08-05 07:37:32,2026-08-05 07:45:32,8,1.2,3.0,paypal
TR2608050017997,CL107787,EN00123,velo_elec,Lyon,ST1010,ST1001,2026-08-05 07:42:30,2026-08-05 07:53:30,11,3.18,3.75,
TR2608050017998,CL108638,EN00089,trottinette,Lyon,ST1012,ST1004,2026-08-05 07:39:33,2026-08-05 07:48:33,9,1.47,2.98,cb
TR2608050017999,CL104659,EN00145,trottinette,Lyon,ST1013,ST1017,2026-08-05 07:32:53,2026-08-05 08:39:53,67,13.27,15.74,cb
TR2608050018000,CL106594,EN00202,trottinette,Lyon,ST1014,ST1001,2026-08-05 07:33:27,2026-08-05 07:51:27,18,6.23,4.96,paypal
TR2608050018001,CL107350,EN00122,trottinette,Lyon,ST1014,ST1012,2026-08-05 07:34:15,05/08/2026 08:20,46,15.07,,cb
TR2608050018002,CL104997,EN00008,trottinette,Lyon,ST1015,ST1002,2026-08-05 07:41:47,2026-08-05 08:09:47,28,7.09,7.16,cb
TR2608050018003,CL104571,EN00065,trottinette,Lyon,ST1016,ST1001,2026-08-05 07:34:17,2026-08-05 07:48:17,14,4.18,4.08,cb
TR2608050018004,CL107782,EN00026,trottinette,lyon,ST1016,ST1005,2026-08-05 07:44:02,2026-08-05 07:58:02,14,4.72,4.08,abonnement
TR2608050018005,CL107866,EN00071,velo_elec,Lyon,ST1017,ST1016,1785908163,2026-08-05 07:41:03,5,1.35,2.25,cb
TR2608050018006,CL102019,EN00063,velo_elec,Lyon,ST1018,ST1004,2026-08-05 07:40:57,,12,3.95,4.0,paypal
TR2608050018007,CL102120,EN00252,velo_elec,Nantes,ST1020,ST1020,05/08/2026 07:31,2026-08-05 07:45:40,14,4.71,4.5,cb
TR2608050018008,CL104218,EN00301,velo_elec,nantes,ST1022,ST1028,2026-08-05 07:34:47,2026-08-05 07:47:47,13,2.76,4.25,abonnement
TR2608050018009,CL106154,EN00293,velo_elec,Nantes,ST1023,ST1029,05/08/2026 07:37,05/08/2026 07:39,2,0.35,1.5,cb
TR2608050018010,CL102698,EN00285,trottinette,Nantes,ST1023,ST1022,05/08/2026 07:37,2026-08-05 07:48:34,11,1.98,3.42,abonnement
TR2608050018011,CL104004,EN00346,velo,Nantes,ST1023,ST1028,2026-08-05 07:39:28,2026-08-05 07:51:28,12,1.99,2.8,cb
TR2608050018012,CL103074,EN00225,velo_elec,nantes,ST1024,ST1020,2026-08-05 07:44:46,2026-08-05 07:51:46,7,2.36,2.75,cb
TR2608050018013,CL104219,EN00244,trottinette,Nantes,ST1025,ST1028,2026-08-05 07:35:18,05/08/2026 07:59,24,4.07,6.28,
TR2608050018014,CL107564,EN00264,trottinette,Nantes,ST1026,ST1033,05/08/2026 07:34,1785908622,9,1.35,2.98,cb
TR2608050018015,CL108470,EN00305,velo_elec,Nantes,ST1027,ST1030,2026-08-05 07:39:12,2026-08-05 07:57:12,18,5.6,5.5,abonnement
TR2608050018016,CL108600,EN00260,velo_elec,Nantes,ST1028,ST1020,2026-08-05 07:45:17,2026-08-05 08:02:17,17,3.8,5.25,cb
TR2608050018017,CL105451,EN00292,velo_elec,Nantes,ST1029,ST1028,2026-08-05 07:38:30,05/08/2026 07:55,17,5.94,5.25,cb
TR2608050018018,CL101432,EN00354,velo_elec,Nantes,ST1029,ST1022,2026-08-05 07:42:24,2026-08-05 07:59:24,17,3.35,5.25,cb
TR2608050018019,CL100131,EN00311,trottinette,NANTES,ST1031,ST1030,2026-08-05 07:35:00,2026-08-05 07:47:00,12,3.84,3.64,abonnement
TR2608050018020,CL103920,EN00338,velo_elec,Nantes,ST1033,ST1023,05/08/2026 07:41,05/08/2026 07:46,5,1.05,2.25,cb
TR2608050018021,CL106092,EN00479,trottinette,Lille,ST1035,ST1047,2026-08-05 07:38:43,05/08/2026 07:50,12,3.49,3.64,cb
TR2608050018022,CL104358,EN00430,velo_elec,Lille,ST1038,ST1036,2026-08-05 07:39:51,2026-08-05 08:00:51,21,3.82,6.25,paypal
TR2608050018023,CL107186,EN00443,velo_elec,Lille,ST1040,ST1039,2026-08-05 07:42:02,2026-08-05 08:05:02,23,4.58,6.75,abonnement
TR2608050018024,CL102170,EN00472,velo_elec,Lille,ST1041,ST1036,2026-08-05 07:33:02,2026-08-05 07:46:02,13,3.22,4.25,abonnement
TR2608050018025,CL103642,EN00405,trottinette,Lille,ST1041,ST1035,2026-08-05 07:35:28,2026-08-05 07:43:28,8,2.58,2.76,cb
TR2608050018026,CL101758,EN00372,trottinette,Lille,ST1041,ST1035,05/08/2026 07:42,1785909607,18,4.34,4.96,cb
TR2608050018027,CL101053,EN00388,velo_elec,Lille,ST1042,ST1034,2026-08-05 07:32:48,2026-08-05 07:51:48,19,2.87,5.75,abonnement
TR2608050018028,CL106711,EN00399,trottinette,lille,ST1043,ST1036,2026-08-05 07:41:08,2026-08-05 07:59:08,18,5.65,4.96,cb
TR2608050018029,CL105900,EN00504,trottinette,Grenoble,ST1049,ST1051,2026-08-05 07:35:32,2026-08-05 07:46:32,11,1.69,3.42,cb
TR2608050018030,CL104871,EN00506,trottinette,Grenoble,ST1050,ST1049,2026-08-05 07:41:43,2026-08-05 08:00:43,19,5.09,5.18,abonnement
TR2608050018031,CL103317,EN00556,trottinette,Grenoble,ST1054,ST1052,2026-08-05 07:37:02,2026-08-05 07:47:02,10,3.33,3.2,abonnement
TR2608050018032,CL100823,EN00533,velo_elec,Grenoble,ST1055,ST1051,2026-08-05 07:45:44,2026-08-05 08:09:44,24,4.16,7.0,abonnement
TR2608050018033,CL105692,EN00157,velo_elec,Lyon,ST1005,ST1002,2026-08-05 07:57:07,2026-08-05 08:08:07,11,2.64,3.75,cb
TR2608050018034,CL105296,EN00162,velo_elec,Lyon,ST1007,ST1012,2026-08-05 07:48:46,2026-08-05 08:01:46,13,3.1,4.25,cb
TR2608050018035,CL101560,EN00022,velo,Lyon,ST1007,ST1014,2026-08-05 07:50:33,05/08/2026 07:56,6,1.52,1.9,paypal
TR2608050018036,CL100955,EN00030,trottinette,Lyon,ST1008,ST1002,2026-08-05 08:00:18,2026-08-05 08:12:18,12,3.11,3.64,abonnement
TR2608050018037,CL108789,EN00090,trottinette,Lyon,ST1009,ST1016,2026-08-05 07:55:48,1785911268,32,9.66,8.04,cb
TR2608050018038,CL101115,EN00151,trottinette,Lyon,ST1012,ST1001,2026-08-05 07:48:45,2026-08-05 07:54:45,6,1.26,2.32,abonnement
TR2608050018039,CL103165,EN00039,velo_elec,Lyon,ST1013,ST1006,2026-08-05 07:50:04,05/08/2026 08:14,24,5.32,7.0,cb
TR2608050018040,CL107239,EN00181,velo_elec,Lyon,ST1013,ST1004,2026-08-05 07:45:34,2026-08-05 07:50:34,5,1.33,2.25,cb
TR2608050018041,CL108800,EN00141,velo_elec,Lyon,ST1014,ST1004,2026-08-05 07:56:44,1785909824,7,1.09,2.75,abonnement
TR2608050018042,CL108180,EN00121,trottinette,Lyon,ST1016,ST1002,2026-08-05 07:56:36,2026-08-05 08:09:36,13,3.89,3.86,abonnement
TR2608050018043,CL106123,EN00071,velo_elec,Lyon,ST1016,ST1002,2026-08-05 07:58:41,2026-08-05 08:06:41,8,1.62,3.0,cb
TR2608050018044,CL108514,EN00016,velo,Lyon,ST1016,ST1005,2026-08-05 07:46:37,2026-08-05 07:54:37,8,1.61,2.2,paypal
TR2608050018045,CL102428,EN00210,trottinette,Lyon,ST1019,ST1018,05/08/2026 07:54,2026-08-05 08:09:08,15,2.64,4.3,cb
TR2608050018046,CL108466,EN00333,trottinette,Nantes,ST1024,ST1020,2026-08-05 07:59:54,2026-08-05 08:09:54,10,2.32,3.2,abonnement
TR2608050018047,CL105856,EN00312,trottinette,Nantes,ST1024,ST1023,2026-08-05 07:49:57,2026-08-05 08:09:57,20,4.71,5.4,cb
TR2608050018048,CL108403,EN00268,trottinette,Nantes,ST1025,ST1022,2026-08-05 07:54:50,2026-08-05 08:09:50,15,3.4,4.3,abonnement
TR2608050018049,CL105445,EN00359,trottinette,Nantes,ST1025,ST1021,1785908901,2026-08-05 08:42:21,54,15.17,12.88,abonnement
TR2608050018050,CL105764,EN00339,velo_elec,NANTES,ST1026,ST1024,2026-08-05 07:55:03,,12,3.3,4.0,cb
TR2608050018051,CL101062,EN00254,velo_elec,Nantes,ST1026,ST1027,2026-08-05 07:46:20,2026-08-05 07:55:20,9,2.07,3.25,cb
TR2608050018052,CL105720,EN00280,trottinette,Nantes,ST1027,ST1020,2026-08-05 07:51:26,05/08/2026 08:08,17,5.38,,cb
TR2608050018053,CL103616,EN00330,trottinette,Nantes,ST1031,ST1022,2026-08-05 07:51:01,2026-08-05 08:02:01,11,2.77,3.42,paypal
TR2608050018054,CL105170,EN00349,velo_elec,Nantes,ST1032,ST1021,2026-08-05 07:49:52,2026-08-05 07:52:52,3,0.78,1.75,abonnement
TR2608050018055,CL108880,EN00264,trottinette,Nantes,ST1033,ST1032,05/08/2026 07:47,2026-08-05 08:03:14,16,2.9,4.52,abonnement
TR2608050018056,CL105255,EN00423,velo_elec,Lille,ST1038,ST1035,2026-08-05 07:50:08,2026-08-05 07:55:08,5,1.74,2.25,paypal
TR2608050018057,CL101149,EN00400,trottinette,Lille,ST1041,ST1034,2026-08-05 08:00:21,2026-08-05 08:04:21,4,0.67,1.88,cb
TR2608050018058,CL101849,EN00417,trottinette,Lille,ST1042,ST1035,2026-08-05 07:47:55,2026-08-05 08:01:55,14,3.45,4.08,cb
TR2608050018059,CL101740,EN00491,velo,Lille,ST1042,ST1034,,2026-08-05 08:05:35,18,3.2,3.7,paypal
TR2608050018060,CL105401,EN00432,velo,Lille,ST1042,ST1036,2026-08-05 07:58:50,2026-08-05 08:18:50,20,5.29,4.0,paypal
TR2608050018061,CL108239,EN00470,trottinette,Lille,ST1043,ST1045,2026-08-05 07:49:39,2026-08-05 08:08:39,19,6.27,5.18,paypal
TR2608050018062,CL101139,EN00428,velo_elec,Lille,ST1044,ST1036,2026-08-05 07:48:47,05/08/2026 08:06,18,3.03,5.5,cb
TR2608050018063,CL101389,EN00439,velo_elec, Lille,ST1044,ST1036,2026-08-05 07:52:58,2026-08-05 07:58:58,6,1.51,2.5,abonnement
TR2608050018064,CL108842,EN00422,velo_elec,Lille,ST1047,ST1034,2026-08-05 07:55:05,2026-08-05 08:02:05,7,1.84,2.75,paypal
TR2608050018065,CL100220,EN00513,velo_elec,Grenoble,ST1049,ST1051,2026-08-05 07:52:18,1785909738,10,2.18,3.5,paypal
TR2608050018066,CL101105,EN00587,trottinette,Grenoble,ST1050,ST1051,2026-08-05 07:52:24,05/08/2026 08:01,9,2.78,2.98,cb
TR2608050018067,CL106238,EN00527,velo_elec,Grenoble,ST1050,ST1048,2026-08-05 07:56:33,,-21,0.81,1.75,cb
TR2608050018068,CL106021,EN00567,velo_elec,Grenoble,ST1054,ST1049,2026-08-05 07:47:17,2026-08-05 07:59:17,12,2.36,4.0,paypal
TR2608050018069,CL107129,EN00554,velo_elec,Grenoble,ST1055,ST1050,2026-08-05 07:57:37,2026-08-05 08:02:37,5,0.95,2.25,cb
TR2608050018070,CL107028,EN00514,velo_elec,Grenoble,ST1055,ST1051,05/08/2026 08:00,2026-08-05 08:08:11,8,1.26,3.0,cb
TR2608050018071,CL107713,EN00547,trottinette,Grenoble,ST1058,ST1051,2026-08-05 08:00:02,2026-08-05 08:15:02,15,5.22,4.3,paypal
TR2608050018072,CL107339,EN00016,velo,Lyon,ST1005,ST1005,2026-08-05 08:04:47,2026-08-05 08:22:47,18,6.13,3.7,abonnement
TR2608050018073,CL108633,EN00060,velo,Lyon,ST1007,ST1005,2026-08-05 08:08:50,05/08/2026 08:19,11,2.67,2.65,cb
TR2608050018074,CL101551,EN00097,velo_elec,Lyon,ST1010,ST1002,05/08/2026 08:12,1785910805,8,2.29,3.0,abonnement
TR2608050018075,CL107733,EN00055,trottinette,Lyon,ST1011,ST1001,2026-08-05 08:13:29,2026-08-05 08:28:29,15,3.48,4.3,cb
TR2608050018076,CL106894,EN00152,velo_elec,Lyon,ST1011,ST1009,2026-08-05 08:10:57,05/08/2026 08:28,18,4.44,5.5,cb
TR2608050018077,CL102025,EN00052,trottinette,Lyon,ST1012,ST1004,2026-08-05 08:14:43,2026-08-05 08:27:43,13,4.55,3.86,cb
TR2608050018078,CL104825,EN00174,velo_elec,Lyon,ST1013,ST1014,1785910226,,16,5.13,5.0,cb
TR2608050018079,CL107338,EN00107,velo_elec,Lyon,ST1013,ST1011,1785909887,05/08/2026 08:09,5,1.65,2.25,cb
TR2608050018080,CL100420,EN00005,velo_elec,Lyon,ST1014,ST1004,2026-08-05 08:14:08,2026-08-05 08:33:08,19,5.37,5.75,cb
TR2608050018081,CL100938,EN00133,velo_elec,Lyon,ST1014,ST1001,2026-08-05 08:05:17,2026-08-05 08:16:17,11,3.79,3.75,abonnement
TR2608050018082,CL980552,EN00101,velo_elec,Lyon,ST1014,ST1014,2026-08-05 08:14:41,2026-08-05 08:28:41,14,4.77,4.5,cb
TR2608050018083,CL105292,EN00011,velo_elec,Lyon,ST1014,ST1004,2026-08-05 08:12:06,05/08/2026 08:25,13,3.33,4.25,paypal
TR2608050018084,CL108693,EN00096,velo_elec,Lyon,ST1015,ST1004,2026-08-05 08:11:24,2026-08-05 08:13:24,2,0.3,1.5,cb
TR2608050018085,CL105605,EN00053,trottinette,Lyon,ST1015,ST1001,2026-08-05 08:11:38,2026-08-05 08:29:38,18,3.82,4.96,abonnement
TR2608050018086,CL101979,EN00109,trottinette,Lyon,ST1015,ST1018,1785909983,2026-08-05 08:18:23,12,2.44,3.64,cb
TR2608050018087,CL103065,EN00048,velo,Lyon,ST1016,ST1003,2026-08-05 08:06:46,2026-08-05 08:18:46,12,2.67,2.8,cb
TR2608050018088,CL101225,EN00338,velo_elec,Nantes,ST1023,ST1020,05/08/2026 08:08,2026-08-05 08:13:02,5,1.49,2.25,cb
TR2608050018089,CL106841,EN00321,velo_elec,Nantes,ST1026,ST1031,2026-08-05 08:08:38,2026-08-05 08:24:38,16,3.69,5.0,
TR2608050018090,CL103906,EN00254,velo_elec,Nantes,ST1027,ST1022,2026-08-05 08:01:22,2026-08-05 08:06:22,5,0.77,2.25,paypal
TR2608050018091,CL108432,EN00301,velo_elec,Nantes,ST1028,ST1027,05/08/2026 08:02,2026-08-05 08:08:40,6,1.97,2.5,abonnement
TR2608050018092,CL108971,EN00270,velo_elec,Nantes,ST1029,ST1020,2026-08-05 08:08:29,2026-08-05 08:30:29,22,7.68,6.5,paypal
TR2608050018093,CL104794,EN00311,trottinette,Nantes,ST1030,ST1021,2026-08-05 08:09:31,2026-08-05 08:23:31,14,3.82,4.08,cb
TR2608050018094,CL106380,EN00246,trottinette,Nantes,ST1031,ST1021,2026-08-05 08:05:55,,9,1.66,2.98,cb
TR2608050018095,CL105066,EN00256,velo_elec,Nantes,ST1032,ST1025,2026-08-05 08:14:35,1785911555,18,3.38,5.5,cb
TR2608050018096,CL105485,EN00228,trottinette,nantes,ST1033,ST1028,1785910325,2026-08-05 08:26:05,14,2.19,4.08,abonnement
TR2608050018097,CL104325,EN00384,trottinette,Lille,ST1036,ST1036,2026-08-05 08:02:44,05/08/2026 08:20,18,3.25,4.96,paypal
TR2608050018098,CL101858,EN00487,velo,Lille,ST1039,ST1036,2026-08-05 08:06:53,2026-08-05 08:22:53,16,3.2,3.4,cb
TR2608050018099,CL103448,EN00397,velo,Lille,ST1039,ST1041,2026-08-05 08:03:14,2026-08-05 08:17:14,14,2.23,3.1,abonnement
TR2608050018100,CL104424,EN00460,velo_elec,Lille,ST1040,ST1042,2026-08-05 08:15:22,05/08/2026 08:40,25,3.89,7.25,abonnement
TR2608050018101,CL101300,EN00427,trottinette,Lille,ST1041,ST1035,2026-08-05 08:15:02,1785910922,7,1.27,2.54,cb
TR2608050018102,CL104642,EN00446,trottinette,Lille,ST1041,ST1040,05/08/2026 08:14,2026-08-05 08:22:10,8,2.26,2.76,cb
TR2608050018103,CL101029,EN00431,velo,Lille,ST1041,ST1038,2026-08-05 08:05:24,2026-08-05 08:37:24,32,6.07,5.8,cb
TR2608050018104,CL108973,EN00497,velo,Lille,ST1042,ST1034,2026-08-05 08:10:49,05/08/2026 08:20,10,3.14,2.5,cb
TR2608050018105,CL106347,EN00418,trottinette,Lille,ST1045,ST1034,1785909856,05/08/2026 08:14,10,2.41,3.2,abonnement
TR2608050018106,CL101192,EN00556,trottinette,Grenoble,ST1052,ST1050,2026-08-05 08:12:53,2026-08-05 08:28:53,16,5.43,4.52,abonnement
TR2608050018107,CL108343,EN00579,trottinette,Grenoble,ST1052,ST1049,2026-08-05 08:11:51,2026-08-05 08:48:51,37,8.11,9.14,abonnement
TR2608050018108,CL100403,EN00583,velo,Grenoble,ST1052,ST1049,1785909716,2026-08-05 08:13:56,12,2.34,2.8,paypal
TR2608050018109,CL105986,EN00559,trottinette,Grenoble,ST1055,ST1048,2026-08-05 08:13:55,2026-08-05 08:47:55,34,8.9,8.48,cb
TR2608050018110,CL100078,EN00570,trottinette,Grenoble,ST1056,ST1048,2026-08-05 08:14:38,2026-08-05 08:17:38,3,0.9,1.66,cb
TR2608050018111,CL104530,EN00509,trottinette,Grenoble ,ST1058,ST1049,2026-08-05 08:06:27,2026-08-05 08:10:27,4,1.28,1.88,cb
TR2608050018112,CL100894,EN00534,trottinette,Grenoble,ST1058,ST1051,2026-08-05 08:06:04,1785911224,21,4.31,5.62,cb
TR2608050018113,CL107271,EN00536,velo_elec,Grenoble,ST1058,ST1049,05/08/2026 08:10,2026-08-05 08:18:15,8,1.82,3.0,abonnement
TR2608050018114,CL105157,EN00212,trottinette,Lyon,ST1009,ST1019,2026-08-05 08:18:57,,21,6.73,5.62,abonnement
TR2608050018115,CL103464,EN00112,velo_elec,Lyon,ST1011,ST1015,2026-08-05 08:20:42,2026-08-05 08:32:42,12,2.04,4.0,abonnement
TR2608050018116,CL102859,EN00129,velo_elec,Lyon,ST1013,ST1002,2026-08-05 08:28:58,2026-08-05 08:36:58,8,2.36,3.0,cb
TR2608050018117,CL103638,EN00117,trottinette,Lyon,ST1014,ST1003,2026-08-05 08:24:36,2026-08-05 08:52:36,28,5.95,7.16,cb
TR2608050018118,CL108079,EN00034,velo_elec,Lyon,ST1016,ST1010,2026-08-05 08:19:17,2026-08-05 08:26:17,7,1.18,2.75,abonnement
TR2608050018119,CL107348,EN00074,trottinette,Lyon,ST1018,ST1003,2026-08-05 08:22:45,2026-08-05 08:31:45,9,2.33,2.98,cb
TR2608050018120,CL103220,EN00185,trottinette,Lyon,ST1019,ST1004,2026-08-05 08:16:55,2026-08-05 08:29:55,13,3.55,3.86,cb
TR2608050018121,CL108112,EN00140,trottinette,Lyon,ST1019,ST1005,1785910786,2026-08-05 08:30:46,11,3.59,3.42,paypal
TR2608050018122,CL100346,EN00273,velo_elec,Nantes,ST1021,ST1029,2026-08-05 08:18:57,1785911877,19,3.03,5.75,cb
TR2608050018123,CL107967,EN00312,trottinette,Nantes,ST1023,ST1021,2026-08-05 08:27:47,05/08/2026 08:54,27,5.32,6.94,cb
TR2608050018124,CL103403,EN00325,trottinette,NANTES,ST1024,ST1022,2026-08-05 08:20:40,1785911440,10,2.05,3.2,paypal
TR2608050018125,CL107584,EN00310,trottinette,Nantes,ST1026,ST1022,1785911106,2026-08-05 08:42:06,17,3.9,4.74,cb
TR2608050018126,CL108284,EN00301,velo_elec,Nantes,ST1027,ST1022,1785910774,2026-08-05 08:30:34,11,1.76,3.75,abonnement
TR2608050018127,CL108959,EN00266,velo_elec,nantes,ST1028,ST1022,2026-08-05 08:22:05,1785911945,17,5.73,5.25,cb
TR2608050018128,CL100725,EN00305,velo_elec,Nantes,ST1030,ST1021,2026-08-05 08:21:45,1785912285,23,7.0,6.75,cb
TR2608050018129,CL104745,EN00276,velo_elec,Nantes,ST1031,ST1022,1785910775,2026-08-05 08:38:35,19,5.46,5.75,abonnement
TR2608050018130,CL105068,EN00303,velo_elec,Nantes,ST1032,ST1022,2026-08-05 08:25:46,2026-08-05 08:29:46,4,0.75,2.0,abonnement
TR2608050018131,CL101450,EN00360,trottinette,Nantes,ST1032,ST1022,2026-08-05 08:24:17,2026-08-05 08:42:17,18,6.05,4.96,abonnement
TR2608050018132,CL107312,EN00265,trottinette,Nantes,ST1032,ST1021,2026-08-05 08:27:35,2026-08-05 08:36:35,9,2.54,2.98,cb
TR2608050018133,CL108748,EN00247,trottinette,Nantes,ST1033,ST1021,05/08/2026 08:20,2026-08-05 08:33:59,13,3.82,3.86,cb
TR2608050018134,CL107205,EN00335,velo,Nantes,ST1033,ST1022,05/08/2026 08:27,2026-08-05 08:30:13,3,0.82,1.45,cb
TR2608050018135,CL101982,EN00459,velo_elec,lille,ST1035,ST1038,05/08/2026 08:29,2026-08-05 08:50:17,21,3.84,6.25,abonnement
TR2608050018136,CL105407,EN00361,trottinette,Lille,ST1035,ST1045,1785910596,2026-08-05 08:32:36,-1,4.44,4.52,cb
TR2608050018137,CL108083,EN00426,trottinette,Lille,ST1038,ST1035,2026-08-05 08:30:23,2026-08-05 09:22:23,52,18.11,12.44,abonnement
TR2608050018138,CL101753,EN00489,trottinette,Lille,ST1038,ST1035,2026-08-05 08:19:29,05/08/2026 08:30,11,1.77,3.42,cb
TR2608050018139,CL101088,EN00443,velo_elec,Lille,ST1039,ST1035,2026-08-05 08:22:06,2026-08-05 08:28:06,6,1.68,2.5,paypal
TR2608050018140,CL105255,EN00500,velo,Lille,ST1039,ST1034,2026-08-05 08:26:21,2026-08-05 08:36:21,10,3.43,2.5,cb
TR2608050018141,CL103014,EN00464,trottinette,lille,ST1043,ST1047,2026-08-05 08:16:04,2026-08-05 08:20:04,4,1.16,1.88,paypal
TR2608050018142,CL107765,EN00401,trottinette,Lille,ST1044,ST1035,2026-08-05 08:19:31,1785911671,15,3.32,4.3,cb
TR2608050018143,CL107975,EN00396,velo_elec,Lille,ST1044,ST1035,2026-08-05 08:27:21,2026-08-05 09:00:21,33,5.25,9.25,cb
TR2608050018144,CL105441,EN00483,trottinette,Lille,ST1044,ST1036,2026-08-05 08:26:15,2026-08-05 08:34:15,8,1.48,2.76,abonnement
TR2608050018145,CL106134,EN00490,velo,Lille,ST1045,ST1035,2026-08-05 08:22:22,2026-08-05 08:43:22,21,5.5,4.15,cb
TR2608050018146,CL108495,EN00465,velo,Lille,ST1045,ST1036,05/08/2026 08:30,2026-08-05 08:43:41,13,4.2,2.95,abonnement
TR2608050018147,CL104128,EN00451,velo_elec,LILLE,ST1046,ST1034,2026-08-05 08:18:41,,5,1.3,2.25,cb
TR2608050018148,CL105417,EN00477,trottinette,LILLE,ST1046,ST1037,05/08/2026 08:24,2026-08-05 08:39:57,15,3.58,4.3,cb
TR2608050018149,CL108531,EN00554,velo_elec,Grenoble,ST1050,ST1054,2026-08-05 08:29:40,2026-08-05 08:49:40,20,5.81,6.0,cb
TR2608050018150,CL100620,EN00557,velo,Grenoble,ST1052,ST1050,1785911028,1785912708,28,6.15,5.2,abonnement
TR2608050018151,CL100829,EN00566,trottinette,Grenoble,ST1053,ST1049,,2026-08-05 08:45:47,20,4.87,5.4,cb
TR2608050018152,CL106462,EN00574,velo,Grenoble,ST1054,ST1048,2026-08-05 08:30:19,05/08/2026 08:34,4,1.26,1.6,cb
TR2608050018153,CL107529,EN00593,trottinette,Grenoble,ST1056,ST1058,2026-08-05 08:20:48,2026-08-05 08:41:48,21,3.47,5.62,cb
TR2608050018154,CL101908,EN00584,trottinette,Grenoble,ST1058,ST1054,2026-08-05 08:29:19,1785911779,7,2.0,2.54,paypal
TR2608050018155,CL103251,EN00140,trottinette,Lyon,ST1005,ST1002,05/08/2026 08:42,2026-08-05 09:03:10,21,5.43,5.62,cb
TR2608050018156,CL100274,EN00016,velo,Lyon,ST1005,ST1004,05/08/2026 08:43,2026-08-05 08:56:10,13,4.27,2.95,cb
TR2608050018157,CL102229,EN00039,velo_elec,Lyon,ST1006,ST1001,05/08/2026 08:32,1785912890,22,7.58,6.5,abonnement
TR2608050018158,CL102419,EN00034,velo_elec,Lyon,ST1010,ST1012,2026-08-05 08:38:24,2026-08-05 08:50:24,12,3.27,4.0,abonnement
TR2608050018159,CL102478,EN00099,velo_elec,Lyon,ST1012,ST1001,2026-08-05 08:36:19,2026-08-05 09:02:19,26,7.03,7.5,cb
TR2608050018160,CL102037,EN00092,trottinette,Lyon,ST1012,ST1018,2026-08-05 08:39:59,1785912719,12,3.51,3.64,cb
TR2608050018161,CL106374,EN00142,velo_elec,Lyon,ST1015,ST1003,2026-08-05 08:34:22,2026-08-05 08:44:22,10,1.64,3.5,abonnement
TR2608050018162,CL108064,EN00081,velo_elec,Lyon,ST1015,ST1001,2026-08-05 08:32:29,05/08/2026 08:54,22,6.43,6.5,cb
TR2608050018163,CL106761,EN00164,trottinette,Lyon,ST1016,ST1003,2026-08-05 08:34:43,1785911863,3,1.03,1.66,cb
TR2608050018164,CL106662,EN00109,trottinette,lyon,ST1018,ST1004,1785911588,2026-08-05 08:43:08,10,2.1,3.2,abonnement
TR2608050018165,CL101144,EN00357,trottinette,Nantes,ST1020,ST1032,2026-08-05 08:33:30,05/08/2026 08:45,12,2.43,3.64,cb
TR2608050018166,CL103892,EN00225,velo_elec,Nante,ST1020,ST1028,,2026-08-05 08:48:28,5,1.31,2.25,cb
TR2608050018167,CL102154,EN00271,velo_elec,NANTES,ST1024,ST1020,2026-08-05 08:35:18,2026-08-05 08:48:18,13,3.21,,cb
TR2608050018168,CL103475,EN00233,velo_elec,Nantes,ST1024,ST1022,2026-08-05 08:36:27,05/08/2026 08:47,11,2.9,3.75,abonnement
TR2608050018169,CL106189,EN00222,velo_elec,Nantes,ST1029,ST1029,2026-08-05 08:45:36,05/08/2026 08:53,8,1.49,3.0,cb
TR2608050018170,CL101528,EN00340,velo_elec,Nantes,ST1031,ST1022,2026-08-05 08:40:39,2026-08-05 08:45:39,5,1.19,2.25,cb
TR2608050018171,CL102713,EN00307,trottinette,Nantes,ST1032,ST1022,2026-08-05 08:42:17,2026-08-05 08:50:17,8,2.38,2.76,cb
TR2608050018172,CL108727,EN00350,velo,Nantes,ST1033,ST1024,05/08/2026 08:37,2026-08-05 09:02:49,25,7.38,4.75,abonnement
TR2608050018173,CL104212,EN00422,velo_elec,Lille,ST1034,ST1039,2026-08-05 08:42:37,05/08/2026 08:48,6,0.95,2.5,abonnement
TR2608050018174,CL105906,EN00408,velo_elec, Lille,ST1038,ST1035,2026-08-05 08:43:18,2026-08-05 08:52:18,9,2.88,3.25,paypal
TR2608050018175,CL104402,EN00395,trottinette,Lille,ST1038,ST1034,05/08/2026 08:43,2026-08-05 08:51:46,8,2.05,2.76,abonnement
TR2608050018176,CL100400,EN00438,trottinette,Lille,ST1038,ST1044,2026-08-05 08:35:01,05/08/2026 08:46,11,1.66,3.42,abonnement
TR2608050018177,CL105405,EN00407,velo,Lille,ST1039,ST1045,2026-08-05 08:40:04,2026-08-05 08:45:04,5,0.94,1.75,cb
TR2608050018178,CL100110,EN00370,velo_elec,Lille,ST1040,ST1034,2026-08-05 08:38:30,2026-08-05 08:47:30,9,2.84,3.25,abonnement
TR2608050018179,CL104280,EN00397,velo,Lille,ST1041,ST1044,05/08/2026 08:37,2026-08-05 08:57:36,20,3.66,4.0,cb
TR2608050018180,CL104920,EN00471,velo,Lille,ST1043,ST1035,2026-08-05 08:41:50,2026-08-05 09:17:50,36,12.0,6.4,cb
TR2608050018181,CL101482,EN00498,trottinette,Lille,ST1044,ST1034,1785911959,2026-08-05 08:46:19,7,1.25,2.54,abonnement
TR2608050018182,CL108761,EN00594,velo,Grenoble,ST1052,ST1048,2026-08-05 08:42:48,2026-08-05 08:53:48,11,2.19,2.65,cb
TR2608050018183,CL108374,EN00530,velo_elec,Grenoble,ST1056,ST1048,2026-08-05 08:38:39,05/08/2026 08:47,9,2.84,3.25,abonnement
TR2608050018184,CL108553,EN00577,velo_elec,Grenoble,ST1056,ST1057,05/08/2026 08:36,05/08/2026 08:59,23,6.21,6.75,paypal
TR2608050018185,CL102345,EN00575,trottinette,Grenoble,ST1056,ST1050,05/08/2026 08:35,2026-08-05 08:46:46,11,2.98,3.42,cb
TR2608050018186,CL108147,EN00124,velo_elec,Lyon,ST1001,ST1014,2026-08-05 08:49:34,2026-08-05 08:55:34,6,2.06,2.5,abonnement
TR2608050018187,CL102142,EN00065,trottinette,Lyon,ST1001,ST1015,2026-08-05 08:49:14,2026-08-05 09:08:14,19,4.28,5.18,paypal
TR2608050018188,CL106056,EN00202,trottinette,Lyon,ST1001,ST1009,2026-08-05 08:52:39,05/08/2026 09:09,17,2.82,4.74,abonnement
TR2608050018189,CL106483,EN00026,trottinette,Lyonn,ST1005,ST1004,2026-08-05 08:55:49,2026-08-05 09:01:49,6,1.23,2.32,paypal
TR2608050018190,CL101244,EN00084,velo_elec,Lyon,ST1011,ST1003,2026-08-05 08:46:13,2026-08-05 08:54:13,8,1.4,3.0,cb
TR2608050018191,CL102865,EN00107,velo_elec,Lyon,ST1011,ST1002,2026-08-05 08:56:41,2026-08-05 09:02:41,6,1.6,2.5,abonnement
TR2608050018192,CL105812,EN00127,trottinette,Lyon,ST1011,ST1001,,2026-08-05 08:59:27,5,1.47,2.1,cb
TR2608050018193,CL107099,EN00105,velo_elec,Lyon ,ST1012,ST1015,2026-08-05 08:58:30,2026-08-05 09:09:30,11,3.54,3.75,cb
TR2608050018194,CL106913,EN00119,trottinette,Lyon,ST1013,ST1007,2026-08-05 08:57:11,2026-08-05 09:05:11,8,1.76,2.76,cb
TR2608050018195,CL103052,EN00083,velo_elec,Lyon,ST1014,ST1002,2026-08-05 08:54:03,05/08/2026 09:11,17,5.45,5.25,cb
TR2608050018196,CL101375,EN00112,velo_elec,Lyon,ST1015,ST1014,2026-08-05 08:53:35,2026-08-05 09:04:35,11,2.24,3.75,cb
TR2608050018197,CL101328,EN00014,velo_elec,Lyon,ST1015,ST1001,2026-08-05 08:56:41,05/08/2026 09:05,9,2.2,3.25,abonnement
TR2608050018198,CL101458,EN00070,trottinette,Lyon,ST1019,ST1003,2026-08-05 09:00:43,2026-08-05 09:07:43,7,2.43,2.54,cb
TR2608050018199,CL101774,EN00333,trottinette,Nantes,ST1020,ST1024,2026-08-05 08:50:31,2026-08-05 09:13:31,23,6.52,6.06,abonnement
TR2608050018200,CL104988,EN00330,trottinette,Nantes,ST1022,ST1032,05/08/2026 08:46,2026-08-05 09:00:31,14,3.07,4.08,paypal
TR2608050018201,CL100370,EN00328,velo_elec,nantes,ST1024,ST1028,2026-08-05 08:51:24,2026-08-05 09:01:24,10,2.69,3.5,paypal
TR2608050018202,CL100919,EN00256,velo_elec,Nantes,ST1025,ST1031,2026-08-05 08:46:03,2026-08-05 08:54:03,8,2.21,3.0,abonnement
TR2608050018203,CL105751,EN00336,velo_elec,Nantes,ST1026,ST1020,2026-08-05 08:56:26,2026-08-05 09:18:26,22,6.05,6.5,cb
TR2608050018204,CL106469,EN00298,trottinette,Nantes,ST1031,ST1033,2026-08-05 08:56:08,2026-08-05 09:09:08,13,2.71,3.86,paypal
TR2608050018205,CL107030,EN00269,velo_elec,Nante,ST1031,ST1021,2026-08-05 08:59:11,2026-08-05 09:13:11,14,4.54,4.5,cb
TR2608050018206,CL107647,EN00357,trottinette,Nantes,ST1032,ST1021,2026-08-05 08:50:56,2026-08-05 09:02:56,12,2.59,3.64,cb
TR2608050018207,CL101831,EN00299,trottinette,Nantes,ST1032,ST1033,2026-08-05 08:56:54,05/08/2026 09:18,22,6.91,5.84,cb
TR2608050018208,CL105712,EN00264,trottinette,Nantes,ST1032,ST1032,2026-08-05 08:57:48,2026-08-05 09:05:48,8,2.72,2.76,cb
TR2608050018209,CL105927,EN00425,velo_elec,Lille,ST1040,ST1035,2026-08-05 08:55:19,,40,12.69,11.0,cb
TR2608050018210,CL105001,EN00476,trottinette,Lille,ST1044,ST1047,1785912889,1785914389,25,5.72,6.5,cb
TR2608050018211,CL107266,EN00392,velo_elec,Lille,ST1044,ST1034,2026-08-05 08:48:29,1785913349,14,4.04,4.5,cb
TR2608050018212,CL108169,EN00386,trottinette,Lille,ST1044,ST1034,2026-08-05 08:56:22,2026-08-05 09:06:22,10,2.7,3.2,cb
TR2608050018213,CL101025,EN00361,trottinette,Lille,ST1045,ST1034,2026-08-05 08:47:08,2026-08-05 08:55:08,8,1.57,,cb
TR2608050018214,CL102293,EN00499,velo,Lille,ST1045,ST1035,2026-08-05 08:52:30,05/08/2026 09:13,21,3.15,4.15,abonnement
TR2608050018215,CL105143,EN00515,trottinette,Grenoble,ST1049,ST1057,2026-08-05 08:51:00,2026-08-05 09:00:00,9,2.27,2.98,paypal
TR2608050018216,CL106035,EN00584,trottinette,Grenoble,ST1054,ST1055,2026-08-05 08:48:23,2026-08-05 09:07:23,19,5.98,5.18,cb
TR2608050018217,CL101035,EN00561,velo_elec,Grenoble,ST1056,ST1049,,2026-08-05 09:00:50,7,2.06,2.75,abonnement
TR2608050018218,CL102048,EN00582,trottinette,Grenoble,ST1057,ST1049,2026-08-05 08:52:00,,10,2.98,3.2,cb
TR2608050018219,CL108254,EN00023,trottinette,Lyon,ST1003,ST1018,2026-08-05 09:09:42,2026-08-05 09:17:42,8,2.53,2.76,cb
TR2608050018220,CL106241,EN00060,velo,Lyon,ST1005,ST1002,2026-08-05 09:07:06,2026-08-05 09:28:06,21,7.3,4.15,cb
TR2608050018221,CL108924,EN00196,velo_elec,Lyon,ST1008,ST1001,05/08/2026 09:05,05/08/2026 09:23,18,5.38,5.5,abonnement
TR2608050018222,CL105549,EN00200,trottinette,Lyon,ST1008,ST1001,2026-08-05 09:10:13,2026-08-05 09:28:13,18,3.89,4.96,cb
TR2608050018223,CL101186,EN00158,velo_elec,Lyon,ST1010,ST1015,1785913862,2026-08-05 09:29:02,18,5.0,5.5,paypal
TR2608050018224,CL101155,EN00095,trottinette,Lyon,ST1011,ST1001,2026-08-05 09:11:41,2026-08-05 09:20:41,9,2.54,2.98,cb
TR2608050018225,CL108204,EN00124,velo_elec,Lyon,ST1014,ST1004,05/08/2026 09:03,2026-08-05 09:14:48,11,1.98,3.75,cb
TR2608050018226,CL103897,EN00193,trottinette,Lyonn,ST1015,ST1015,,2026-08-05 09:16:19,11,3.64,3.42,cb
TR2608050018227,CL104803,EN00047,velo_elec,Lyon ,ST1015,ST1012,2026-08-05 09:10:03,2026-08-05 09:23:03,13,4.07,4.25,paypal
TR2608050018228,CL107591,EN00247,trottinette,Nantes,ST1021,ST1031,2026-08-05 09:05:03,2026-08-05 09:26:03,21,6.17,5.62,cb
TR2608050018229,CL106512,EN00248,trottinette,Nantes,ST1024,ST1020,2026-08-05 09:03:14,2026-08-05 09:50:14,47,13.23,11.34,cb
TR2608050018230,CL106353,EN00326,velo,Nantes,ST1026,ST1022,2026-08-05 09:15:41,2026-08-05 09:20:41,5,1.53,1.75,paypal
TR2608050018231,CL101182,EN00231,velo,Nantes,ST1026,ST1024,2026-08-05 09:10:15,2026-08-05 09:15:15,5,1.25,1.75,cb
TR2608050018232,CL100786,EN00225,velo_elec,Nantes,ST1028,ST1030,05/08/2026 09:11,2026-08-05 09:26:16,15,2.78,,cb
TR2608050018233,CL106656,EN00330,trottinette,Nantes,ST1032,ST1021,2026-08-05 09:07:13,2026-08-05 09:24:13,17,4.04,4.74,abonnement
TR2608050018234,CL107937,EN00401,trottinette,Lille,ST1035,ST1044,05/08/2026 09:01,2026-08-05 09:08:31,7,1.14,2.54,cb
TR2608050018235,CL107835,EN00485,trottinette,Lille,ST1036,ST1041,2026-08-05 09:05:36,2026-08-05 09:22:36,17,5.9,4.74,cb
TR2608050018236,CL106068,EN00477,trottinette,Lille,ST1037,ST1035,2026-08-05 09:04:58,2026-08-05 09:13:58,9,1.4,2.98,paypal
TR2608050018237,CL105508,EN00459,velo_elec,Lille,ST1038,ST1035,2026-08-05 09:02:49,2026-08-05 09:16:49,14,2.37,4.5,cb
TR2608050018238,CL100961,EN00474,velo_elec,Lille,ST1040,ST1034,1785913532,2026-08-05 10:30:32,85,19.71,22.25,cb
TR2608050018239,CL103780,EN00437,velo,Lille,ST1045,ST1036,2026-08-05 09:14:27,2026-08-05 09:28:27,14,4.76,3.1,cb
TR2608050018240,CL106852,EN00479,trottinette,Lille,ST1047,ST1036,2026-08-05 09:12:21,1785914301,6,1.32,2.32,abonnement
TR2608050018241,CL101310,EN00554,velo_elec,Grenoble,ST1054,ST1056,05/08/2026 09:03,2026-08-05 09:16:25,13,1.98,4.25,cb
TR2608050018242,CL100372,EN00518,trottinette,Grenoble,ST1056,ST1049,2026-08-05 09:15:08,2026-08-05 09:30:08,15,2.84,4.3,cb
TR2608050018243,CL104205,EN00515,trottinette,Grenoble,ST1057,ST1052,2026-08-05 09:07:26,2026-08-05 09:19:26,12,3.0,3.64,abonnement
TR2608050018244,CL104799,EN00010,trottinette,Lyon,ST1008,ST1010,2026-08-05 09:19:43,,3,0.99,1.66,abonnement
TR2608050018245,CL101625,EN00162,velo_elec,Lyon,ST1012,ST1004,2026-08-05 09:25:59,2026-08-05 09:30:59,5,1.13,2.25,cb
TR2608050018246,CL101952,EN00034,velo_elec,Lyon,ST1012,ST1003,2026-08-05 09:22:42,05/08/2026 09:27,5,1.0,2.25,cb
TR2608050018247,CL107889,EN00090,trottinette,LYON,ST1016,ST1003,2026-08-05 09:25:30,05/08/2026 09:38,13,2.79,3.86,abonnement
TR2608050018248,CL101064,EN00100,velo_elec,lyon,ST1019,ST1017,2026-08-05 09:20:16,2026-08-05 09:40:16,20,3.36,6.0,cb
TR2608050018249,CL108904,EN00359,trottinette,Nantes,ST1021,ST1029,2026-08-05 09:24:16,1785915256,10,2.66,3.2,abonnement
TR2608050018250,CL102064,EN00355,velo_elec,Nantes,ST1025,ST1023,2026-08-05 09:24:57,1785915297,10,1.71,3.5,cb
TR2608050018251,CL104056,EN00329,trottinette,Nantes,ST1025,ST1020,2026-08-05 09:19:41,05/08/2026 09:24,5,1.16,2.1,abonnement
TR2608050018252,CL101748,EN00331,velo,NANTES,ST1026,ST1033,2026-08-05 09:25:15,2026-08-05 09:34:15,9,1.98,2.35,cb
TR2608050018253,CL102301,EN00251,velo,Nantes,ST1026,ST1021,2026-08-05 09:19:41,2026-08-05 09:28:41,9,2.05,2.35,abonnement
TR2608050018254,CL105879,EN00256,velo_elec,Nantes,ST1031,ST1022,2026-08-05 09:16:25,2026-08-05 09:27:25,11,1.95,3.75,abonnement
TR2608050018255,CL105349,EN00373,velo_elec,Lille,ST1038,ST1035,1785914211,2026-08-05 09:29:51,13,3.72,4.25,cb
TR2608050018256,CL101078,EN00462,velo_elec,Lille,ST1040,ST1047,2026-08-05 09:28:01,1785916021,19,2.89,5.75,cb
TR2608050018257,CL103434,EN00393,trottinette,Lille,ST1040,ST1036,2026-08-05 09:25:35,2026-08-05 09:42:35,17,2.74,4.74,abonnement
TR2608050018258,CL104734,EN00440,trottinette,lille,ST1045,ST1036,05/08/2026 09:26,2026-08-05 09:37:17,11,3.78,3.42,abonnement
TR2608050018259,CL102714,EN00407,velo,Lille,ST1045,ST1036,05/08/2026 09:30,2026-08-05 09:34:19,4,1.11,1.6,cb
TR2608050018260,CL108473,EN00464,trottinette,Lille,ST1047,ST1039,2026-08-05 09:27:41,2026-08-05 09:40:41,13,4.0,3.86,cb
TR2608050018261,CL102097,EN00579,trottinette,Grenoble,ST1049,ST1049,2026-08-05 09:28:28,2026-08-05 09:32:28,4,1.26,1.88,abonnement
TR2608050018262,CL105356,EN00597,trottinette,Grenoble,ST1049,ST1048,2026-08-05 09:29:58,1785915898,15,4.69,4.3,abonnement
TR2608050018263,CL104941,EN00587,trottinette,Grenoble,ST1051,ST1054,2026-08-05 09:21:06,2026-08-05 09:30:06,9,1.62,2.98,cb
TR2608050018264,CL102577,EN00554,velo_elec,Grenoble,ST1056,ST1050,,2026-08-05 09:33:46,-30,3.7,3.75,cb
TR2608050018265,CL100090,EN00524,velo_elec,Grenoble,ST1057,ST1049,2026-08-05 09:17:56,2026-08-05 09:25:56,8,1.48,3.0,cb
TR2608050018266,CL106305,EN00571,trottinette,Grenoble,ST1057,ST1048,,2026-08-05 09:29:27,12,2.72,3.64,paypal
TR2608050018267,CL103395,EN00532,velo_elec,Grenoble,ST1057,ST1056,2026-08-05 09:27:23,2026-08-05 09:39:23,12,4.15,4.0,cb
TR2608050018268,CL105877,EN00165,trottinette,LYON,ST1001,ST1006,2026-08-05 09:43:51,2026-08-05 09:48:51,5,1.66,2.1,cb
TR2608050018269,CL100284,EN00135,trottinette,Lyon,ST1009,ST1010,2026-08-05 09:45:06,2026-08-05 09:55:06,10,2.37,3.2,abonnement
TR2608050018270,CL101347,EN00202,trottinette,Lyon,ST1009,ST1002,2026-08-05 09:35:29,2026-08-05 09:39:29,4,0.97,1.88,cb
TR2608050018271,CL102535,EN00130,velo_elec,Lyon,ST1010,ST1005,2026-08-05 09:30:31,2026-08-05 09:39:31,9,2.25,3.25,cb
TR2608050018272,CL107755,EN00189,trottinette,Lyon,ST1011,ST1004,2026-08-05 09:33:29,2026-08-05 10:05:29,32,6.39,8.04,abonnement
TR2608050018273,CL101305,EN00064,velo,Lyon,ST1016,ST1001,2026-08-05 09:44:31,2026-08-05 10:08:31,24,5.97,4.6,cb
TR2608050018274,CL102519,EN00023,trottinette,Lyon,ST1018,ST1003,05/08/2026 09:35,2026-08-05 09:41:21,6,1.81,2.32,cb
TR2608050018275,CL104344,EN00280,trottinette,Nantes,ST1020,ST1029,1785915061,2026-08-05 09:49:01,18,6.01,4.96,cb
TR2608050018276,CL105923,EN00258,trottinette,Nantes,ST1032,ST1023,2026-08-05 09:33:52,2026-08-05 09:39:52,6,1.91,2.32,abonnement
TR2608050018277,CL100397,EN00422,velo_elec,lille,ST1039,ST1034,2026-08-05 09:39:51,2026-08-05 09:59:51,20,3.68,6.0,paypal
TR2608050018278,CL108603,EN00485,trottinette,Lille,ST1041,ST1041,2026-08-05 09:31:49,2026-08-05 09:39:49,8,2.71,2.76,abonnement
TR2608050018279,CL107870,EN00460,velo_elec,lille,ST1042,ST1035,2026-08-05 09:34:52,2026-08-05 09:38:52,4,1.07,2.0,abonnement
TR2608050018280,CL101132,EN00401,trottinette,Lille,ST1044,ST1035,2026-08-05 09:32:51,2026-08-05 09:34:51,2,0.41,1.44,abonnement
TR2608050018281,CL104438,EN00383,trottinette,Lille,ST1044,ST1035,2026-08-05 09:36:57,2026-08-05 10:00:57,24,7.02,6.28,cb
TR2608050018282,CL107791,EN00368,trottinette,Lille,ST1044,ST1047,2026-08-05 09:44:08,2026-08-05 09:49:08,5,1.25,2.1,cb
TR2608050018283,CL102645,EN00412,trottinette,Lille,ST1044,ST1036,2026-08-05 09:33:21,2026-08-05 09:56:21,23,7.8,6.06,
TR2608050018284,CL102109,EN00447,velo,Lille,ST1045,ST1045,2026-08-05 09:34:53,1785915533,4,0.88,1.6,cb
TR2608050018285,CL101600,EN00468,trottinette,Lille,ST1047,ST9609,1785915107,2026-08-05 09:38:47,7,1.98,2.54,cb
TR2608050018286,CL107406,EN00567,velo_elec,Grenoble,ST1049,ST1052,2026-08-05 09:43:55,2026-08-05 10:13:55,30,8.24,8.5,cb
TR2608050018287,CL108045,EN00575,trottinette,Grenoble,ST1050,ST1049,2026-08-05 09:45:00,2026-08-05 10:08:00,23,4.82,6.06,cb
TR2608050018288,CL106583,EN00557,velo,Grenoble,ST1050,ST1048,2026-08-05 09:36:30,,7,2.0,2.05,abonnement
TR2608050018289,CL104959,EN00592,velo_elec,Grenoble,ST1053,ST1049,,2026-08-05 09:51:37,6,1.44,2.5,abonnement
TR2608050018290,CL107093,EN00589,velo_elec,Grenoble,ST1056,ST1050,2026-08-05 09:31:04,2026-08-05 09:55:04,24,6.5,7.0,cb
TR2608050018291,CL101150,EN00600,trottinette,Grenoble,ST1057,ST1048,1785915619,2026-08-05 09:48:19,8,1.7,2.76,cb
TR2608050018292,CL994381,EN00593,trottinette,Grenoble,ST1058,ST1049,2026-08-05 09:39:22,1785916762,20,5.03,5.4,cb
TR2608050018293,CL102335,EN00201,velo_elec,Lyon,ST1001,ST1007,2026-08-05 09:53:32,2026-08-05 10:02:32,9,2.73,3.25,cb
TR2608050018294,CL104785,EN00190,trottinette,Lyon,ST1002,ST1019,2026-08-05 09:57:36,2026-08-05 10:09:36,12,4.0,3.64,cb
TR2608050018295,CL107505,EN00130,velo_elec,Lyon,ST1005,ST1002,2026-08-05 09:57:09,05/08/2026 10:04,7,2.0,2.75,abonnement
TR2608050018296,CL108693,EN00119,trottinette,LYON,ST1007,ST1001,2026-08-05 09:56:25,2026-08-05 10:05:25,9,1.63,2.98,cb
TR2608050018297,CL107369,EN00178,velo_elec,Lyon,ST1008,ST1016,2026-08-05 09:54:55,1785916975,8,2.65,3.0,cb
TR2608050018298,CL108876,EN00152,velo_elec,Lyon,ST1009,ST1012,2026-08-05 09:59:21,2026-08-05 10:24:21,25,8.19,7.25,abonnement
TR2608050018299,CL104784,EN00113,velo_elec,Lyon,ST1009,ST1003,2026-08-05 09:47:14,2026-08-05 10:04:14,17,4.85,5.25,abonnement
TR2608050018300,CL103267,EN00211,velo_elec,Lyon,ST1012,ST1002,2026-08-05 09:50:56,2026-08-05 09:56:56,6,1.91,2.5,cb
TR2608050018301,CL103978,EN00092,trottinette,LYON,ST1018,ST1003,2026-08-05 09:49:18,,2,0.4,1.44,cb
TR2608050018302,CL108345,EN00054,trottinette,Lyon,ST1019,ST1002,2026-08-05 09:47:19,,7,1.37,2.54,abonnement
TR2608050018303,CL107038,EN00355,velo_elec,Nantes,ST1023,ST1020,05/08/2026 09:59,2026-08-05 10:20:33,21,6.86,6.25,cb
TR2608050018304,CL103964,EN00333,trottinette,NANTES,ST1024,ST1030,05/08/2026 09:55,2026-08-05 10:16:47,21,6.52,5.62,abonnement
TR2608050018305,CL100028,EN00334,trottinette,Nantes,ST1025,ST1030,2026-08-05 09:54:23,2026-08-05 10:30:23,36,11.52,8.92,cb
TR2608050018306,CL104162,EN00296,velo,Nantes,ST1025,ST1020,2026-08-05 09:50:03,2026-08-05 10:02:03,12,3.26,2.8,cb
TR2608050018307,CL102193,EN00228,trottinette,Nante,ST1028,ST1022,2026-08-05 09:55:26,2026-08-05 10:18:26,23,4.6,6.06,cb
TR2608050018308,CL101475,EN00235,trottinette,Nante,ST1029,ST1021,2026-08-05 09:48:40,2026-08-05 10:27:40,39,12.44,9.58,cb
TR2608050018309,CL105547,EN00225,velo_elec,Nantes,ST1030,ST1022,2026-08-05 09:55:54,2026-08-05 10:02:54,7,1.68,2.75,abonnement
TR2608050018310,CL100219,EN00247,trottinette,Nantes,ST1031,ST1020,05/08/2026 09:50,05/08/2026 09:59,9,2.87,2.98,cb
TR2608050018311,CL105451,EN00299,trottinette,Nantes,ST1033,ST1021,2026-08-05 09:52:06,2026-08-05 10:07:06,15,5.09,4.3,cb
TR2608050018312,CL106989,EN00450,trottinette,Lille,ST1036,ST1042,2026-08-05 09:58:16,2026-08-05 10:14:16,16,2.74,4.52,abonnement
TR2608050018313,CL101352,EN00464,trottinette,Lille,ST1039,ST1042,2026-08-05 09:54:19,2026-08-05 10:24:19,30,7.06,7.6,abonnement
TR2608050018314,CL106696,EN00446,trottinette,Lille,ST1040,ST1034,1785916153,2026-08-05 10:07:13,18,5.5,4.96,abonnement
TR2608050018315,CL105659,EN00438,trottinette,Lille,ST1044,ST1036,2026-08-05 09:53:59,05/08/2026 10:03,10,2.73,3.2,cb
TR2608050018316,CL104944,EN00387,velo,Lille,ST1044,ST1036,05/08/2026 09:58,2026-08-05 10:28:40,30,7.03,5.5,cb
TR2608050018317,CL103413,EN00421,velo_elec,Lille,ST1047,ST1034,05/08/2026 09:48,2026-08-05 09:58:02,10,2.99,3.5,cb
TR2608050018318,CL104679,EN00449,trottinette,Lille,ST1047,ST1045,2026-08-05 09:49:54,2026-08-05 10:06:54,17,4.27,4.74,cb
TR2608050018319,CL100932,EN00554,velo_elec,Grenoble,ST1050,ST1052,2026-08-05 09:48:35,05/08/2026 09:59,11,2.17,3.75,cb
TR2608050018320,CL107966,EN00587,trottinette,Grenoble,ST1054,ST1049,2026-08-05 09:48:00,2026-08-05 10:28:00,40,8.62,9.8,abonnement
TR2608050018321,CL107675,EN00535,velo_elec,GRENOBLE,ST1055,ST1048,1785916052,2026-08-05 10:00:32,13,4.03,4.25,cb
TR2608050018322,CL104033,EN00532,velo_elec,GRENOBLE,ST1056,ST1048,2026-08-05 09:48:13,05/08/2026 10:17,29,9.75,8.25,paypal
TR2608050018323,CL106815,EN00598,velo_elec,Grenoble,ST1057,ST1048,2026-08-05 09:50:25,2026-08-05 10:35:25,45,11.82,12.25,
TR2608050018324,CL104984,EN00172,trottinette,Lyon,ST1003,ST1017,2026-08-05 10:03:44,2026-08-05 10:23:44,20,6.89,5.4,paypal
TR2608050018325,CL100922,EN00210,trottinette,Lyon,ST1018,ST1012,2026-08-05 10:07:39,2026-08-05 10:09:39,2,0.58,1.44,abonnement
TR2608050018326,CL100979,EN00277,velo_elec,Nantes,ST1031,ST1021,2026-08-05 10:10:38,2026-08-05 10:19:38,9,3.0,3.25,cb
TR2608050018327,CL105091,EN00298,trottinette,Nantes,ST1033,ST1031,2026-08-05 10:14:04,2026-08-05 10:43:04,29,5.3,7.38,cb
TR2608050018328,CL103014,EN00462,velo_elec,Lille,ST1047,ST1035,05/08/2026 10:10,2026-08-05 10:14:38,4,0.64,2.0,cb
TR2608050018329,CL102930,EN00579,trottinette,GRENOBLE,ST1049,ST1050,2026-08-05 10:03:35,2026-08-05 10:13:35,10,2.85,3.2,cb
TR2608050018330,CL101867,EN00534,trottinette,Grenoble,ST1051,ST1048,2026-08-05 10:04:56,2026-08-05 10:16:56,12,2.85,3.64,abonnement
TR2608050018331,CL103471,EN00515,trottinette,Grenoble,ST1052,ST1054,2026-08-05 10:07:08,05/08/2026 10:28,21,3.9,5.62,cb
TR2608050018332,CL108330,EN00599,trottinette,Grenoble,ST1055,ST1057,2026-08-05 10:06:04,05/08/2026 10:13,7,2.37,2.54,cb
TR2608050018333,CL104786,EN00131,trottinette,Lyon,ST1001,ST1006,2026-08-05 10:29:35,05/08/2026 10:53,24,4.13,6.28,paypal
TR2608050018334,CL104958,EN00328,velo_elec,NANTES,ST1028,ST1022,2026-08-05 10:23:18,2026-08-05 10:29:18,6,1.52,2.5,abonnement
TR2608050018335,CL100050,EN00292,velo_elec,Nantes,ST1028,ST1021,05/08/2026 10:18,2026-08-05 10:30:14,12,2.33,4.0,cb
TR2608050018336,CL104943,EN00444,trottinette,Lille,ST1036,ST1042,2026-08-05 10:21:31,05/08/2026 10:30,9,1.51,2.98,cb
TR2608050018337,CL101603,EN00485,trottinette,Lille,ST1041,ST1046,2026-08-05 10:31:08,2026-08-05 10:41:08,10,3.26,3.2,abonnement
TR2608050018338,CL106214,EN00450,trottinette,Lille,ST1042,ST1047,2026-08-05 10:18:02,2026-08-05 10:49:02,31,8.95,7.82,paypal
TR2608050018339,CL107014,EN00424,velo_elec,Lille,ST1043,ST1045,2026-08-05 10:27:31,05/08/2026 10:52,25,6.23,7.25,abonnement
TR2608050018340,CL105075,EN00196,velo_elec,Lyon,ST1001,ST1017,2026-08-05 10:42:32,2026-08-05 11:15:32,33,10.24,9.25,cb
TR2608050018341,CL104825,EN00090,trottinette,Lyon,ST1003,ST1019,2026-08-05 10:42:24,2026-08-05 10:51:24,9,2.44,2.98,cb
TR2608050018342,CL100242,EN00135,trottinette,Lyon,ST1010,ST1018,1785919007,2026-08-05 10:56:47,20,5.61,5.4,abonnement
TR2608050018343,CL101872,EN00122,trottinette,Lyon,ST1012,ST1002,,2026-08-05 10:53:36,20,5.86,5.4,cb
TR2608050018344,CL101809,EN00431,velo,lille,ST1038,ST1036,2026-08-05 10:31:45,2026-08-05 10:40:45,9,2.44,2.35,cb
TR2608050018345,CL107506,EN00466,velo,Lille,ST1038,ST1046,2026-08-05 10:42:32,2026-08-05 10:46:32,4,1.23,1.6,abonnement
TR2608050018346,CL100372,EN00525,velo,Grenoble,ST1056,ST1053,2026-08-05 10:30:56,2026-08-05 10:36:56,6,1.82,1.9,paypal
TR2608050018347,CL100004,EN00209,velo_elec,Lyon,ST1009,ST1004,2026-08-05 10:51:48,2026-08-05 10:57:48,6,1.87,2.5,cb
TR2608050018348,CL108532,EN00047,velo_elec,Lyon,ST1012,ST1017,2026-08-05 10:52:56,05/08/2026 11:02,10,2.0,3.5,cb
TR2608050018349,CL106781,EN00168,velo_elec,Lyon,ST1013,ST1001,2026-08-05 11:00:13,2026-08-05 11:03:13,3,0.87,1.75,cb
TR2608050018350,CL100391,EN00065,trottinette,Lyon,ST1015,ST1009,2026-08-05 10:55:44,2026-08-05 11:06:44,11,3.09,3.42,
TR2608050018351,CL108633,EN00178,velo_elec,Lyon ,ST1016,ST1013,2026-08-05 10:50:08,2026-08-05 11:13:08,23,4.39,6.75,paypal
TR2608050018352,CL107507,EN00310,trottinette,Nantes,ST1022,ST1027,2026-08-05 10:57:14,2026-08-05 11:18:14,21,6.76,5.62,cb
TR2608050018353,CL103096,EN00264,trottinette,Nantes,ST1032,ST1025,05/08/2026 10:45,2026-08-05 10:56:36,11,3.73,3.42,cb
TR2608050018354,CL106080,EN00099,velo_elec,Lyon,ST1001,ST1007,05/08/2026 11:14,2026-08-05 11:20:43,6,1.74,2.5,cb
TR2608050018355,CL106557,EN00200,trottinette,Lyon,ST1001,ST1004,2026-08-05 11:15:18,2026-08-05 12:09:18,54,16.43,12.88,cb
TR2608050018356,CL107977,EN00215,velo_elec,Lyon,ST1011,ST1002,2026-08-05 11:03:45,05/08/2026 11:11,8,1.95,3.0,cb
TR2608050018357,CL105118,EN00033,trottinette,Lyon,ST1013,ST1011,2026-08-05 11:08:23,2026-08-05 11:16:23,8,1.28,2.76,paypal
TR2608050018358,CL108289,EN00145,trottinette,LYON,ST1017,ST1009,2026-08-05 11:01:52,2026-08-05 11:29:52,28,9.1,7.16,abonnement
TR2608050018359,CL104812,EN00258,trottinette,Nantes,ST1023,ST1028,2026-08-05 11:15:25,2026-08-05 11:22:25,7,1.12,2.54,abonnement
TR2608050018360,CL103610,EN00241,velo,Nantes,ST1032,ST1031,05/08/2026 11:11,2026-08-05 11:16:27,5,1.6,1.75,paypal
TR2608050018361,CL102527,EN00444,trottinette,Lille,ST1042,ST1046,2026-08-05 11:03:40,2026-08-05 11:10:40,7,1.12,2.54,cb
TR2608050018362,CL100855,EN00450,trottinette,Lille,ST1047,ST1045,2026-08-05 11:03:57,2026-08-05 11:13:57,10,1.57,3.2,paypal
TR2608050018363,CL102802,EN00187,velo_elec,Lyon,ST1003,ST1007,2026-08-05 11:21:26,2026-08-05 11:40:26,19,6.0,5.75,abonnement
TR2608050018364,CL102481,EN00165,trottinette,Lyon,ST1006,ST1010,2026-08-05 11:16:30,2026-08-05 11:20:30,4,1.31,1.88,cb
TR2608050018365,CL108502,EN00210,trottinette,Lyon,ST1012,ST1011,05/08/2026 11:29,2026-08-05 11:31:09,2,0.39,1.44,cb
TR2608050018366,CL107709,EN00056,velo_elec,Lyon,ST1013,ST1008,2026-08-05 11:26:17,2026-08-05 11:48:17,22,6.72,6.5,cb
TR2608050018367,CL102522,EN00295,velo_elec,Nantes,ST1024,ST1026,2026-08-05 11:16:24,05/08/2026 11:41,25,7.95,7.25,paypal
TR2608050018368,CL100545,EN00221,velo_elec,Nantes,ST1028,ST1020,05/08/2026 11:16,2026-08-05 11:30:17,14,3.32,4.5,paypal
TR2608050018369,CL106506,EN00267,trottinette,Nantes,ST1028,ST1023,05/08/2026 11:19,2026-08-05 11:34:53,15,3.6,4.3,cb
TR2608050018370,CL104837,EN00334,trottinette,NANTES,ST1030,ST1028,2026-08-05 11:16:13,2026-08-05 11:27:13,11,3.76,3.42,cb
TR2608050018371,CL104906,EN00306,velo,Nantes,ST1032,ST1025,2026-08-05 11:24:11,2026-08-05 11:30:11,6,1.22,1.9,paypal
TR2608050018372,CL108195,EN00547,trottinette,Grenoble,ST1051,ST1050,2026-08-05 11:23:32,2026-08-05 11:27:32,4,0.64,1.88,paypal
TR2608050018373,CL105406,EN00515,trottinette,Grenoble,ST1054,ST1055,2026-08-05 11:27:25,05/08/2026 11:40,13,2.42,3.86,cb
TR2608050018374,CL100116,EN00549,velo_elec,Grenoble,ST1058,ST1057,2026-08-05 11:16:45,2026-08-05 11:44:45,28,6.74,8.0,paypal
TR2608050018375,CL102033,EN00189,trottinette,Lyon,ST1004,ST1016,2026-08-05 11:31:45,2026-08-05 11:34:45,3,0.55,1.66,cb
TR2608050018376,CL106896,EN00131,trottinette,Lyon,ST1006,ST1015,2026-08-05 11:40:53,2026-08-05 12:03:53,23,5.43,6.06,cb
TR2608050018377,CL107677,EN00178,velo_elec,lyon,ST1013,ST1011,2026-08-05 11:32:56,05/08/2026 11:41,9,1.7,3.25,abonnement
TR2608050018378,CL101869,EN00158,velo_elec,Lyon,ST1015,ST1017,,05/08/2026 11:54,22,5.8,6.5,cb
TR2608050018379,CL105501,EN00310,trottinette,Nantes,ST1027,ST1029,2026-08-05 11:33:13,2026-08-05 11:53:13,20,6.77,5.4,abonnement
TR2608050018380,CL103981,EN00333,trottinette,Nantes,ST1030,ST1022,1785922563,05/08/2026 11:47,11,2.05,3.42,cb
TR2608050018381,CL105391,EN00298,trottinette,Nantes,ST1031,ST1029,2026-08-05 11:44:52,05/08/2026 12:01,17,2.78,4.74,abonnement
TR2608050018382,CL108207,EN00331,velo,Nantes,ST1033,ST1026,05/08/2026 11:40,2026-08-05 11:44:16,4,1.24,1.6,cb
TR2608050018383,CL105002,EN00476,trottinette,Lille,ST1047,ST1043,2026-08-05 11:33:22,2026-08-05 11:57:22,24,5.95,6.28,cb
TR2608050018384,CL108979,EN00589,velo_elec,Grenoble,ST1050,ST1050,2026-08-05 11:38:52,2026-08-05 11:44:52,6,1.09,2.5,cb
TR2608050018385,CL104315,EN00556,trottinette,Grenoble,ST1050,ST1056,2026-08-05 11:40:00,2026-08-05 11:58:00,18,5.08,4.96,cb
TR2608050018386,CL108221,EN00584,trottinette,grenoble,ST1055,ST1054,2026-08-05 11:39:40,2026-08-05 12:10:40,31,7.75,7.82,
TR2608050018387,CL103850,EN00521,velo,grenoble,ST1058,ST1058,2026-08-05 11:31:25,1785923185,15,4.05,3.25,abonnement
TR2608050018388,CL100408,EN00538,velo,Grenoble,ST1058,ST1048,2026-08-05 11:30:36,,16,3.08,3.4,cb
TR2608050018389,CL108855,EN00117,trottinette,Lyon,ST1003,ST1018,2026-08-05 11:50:46,2026-08-05 12:18:46,28,7.16,7.16,paypal
TR2608050018390,CL102874,EN00036,velo_elec,Lyon,ST1003,ST1012,2026-08-05 11:57:57,2026-08-05 12:12:57,15,4.76,4.75,cb
TR2608050018391,CL101065,EN00204,velo_elec,Lyon,ST1008,ST1013,2026-08-05 11:49:18,2026-08-05 12:32:18,43,10.17,11.75,abonnement
TR2608050018392,CL107280,EN00189,trottinette,Lyon,ST1016,ST1014,2026-08-05 11:47:11,05/08/2026 11:58,11,2.07,3.42,cb
TR2608050018393,CL102115,EN00100,velo_elec,Lyon,ST1017,ST1018,05/08/2026 11:48,2026-08-05 12:01:28,13,3.21,4.25,abonnement
TR2608050018394,CL106371,EN00336,velo_elec,Nantes,ST1020,ST1026,05/08/2026 11:48,2026-08-05 12:00:36,12,2.18,4.0,cb
TR2608050018395,CL100786,EN00305,velo_elec,Nantes,ST1021,ST1028,1785924004,05/08/2026 12:04,4,0.75,2.0,paypal
TR2608050018396,CL103424,EN00295,velo_elec,Nantes,ST1026,ST1022,2026-08-05 11:53:13,1785924133,9,2.7,3.25,cb
TR2608050018397,CL101624,EN00474,velo_elec,Lille,ST1034,ST1047,2026-08-05 11:57:37,05/08/2026 12:24,27,4.42,7.75,paypal
TR2608050018398,CL102539,EN00418,trottinette,Lille,ST1034,ST1042,2026-08-05 12:00:22,2026-08-05 12:11:22,11,3.39,3.42,abonnement
TR2608050018399,CL104380,EN00444,trottinette,Lille,ST1046,ST1038,2026-08-05 11:49:24,05/08/2026 12:03,14,2.25,4.08,paypal
TR2608050018400,CL100694,EN00139,velo_elec,Lyonn,ST1004,ST1009,2026-08-05 12:02:09,2026-08-05 12:18:09,16,3.41,5.0,abonnement
TR2608050018401,CL107227,EN00049,trottinette,Lyon,ST1008,ST1017,1785924901,2026-08-05 12:31:01,16,3.9,4.52,paypal
TR2608050018402,CL102735,EN00248,trottinette,Nantes,ST1020,ST1026,2026-08-05 12:07:12,2026-08-05 12:13:12,6,1.21,2.32,cb
TR2608050018403,CL105416,EN00264,trottinette,Nantes,ST1025,ST1029,2026-08-05 12:02:44,2026-08-05 12:09:44,7,1.57,2.54,cb
TR2608050018404,CL105260,EN00306,velo,Nantes,ST1025,ST1024,1785924912,05/08/2026 12:22,7,2.36,2.05,abonnement
TR2608050018405,CL103866,EN00404,trottinette,Lille,ST1034,ST1043,2026-08-05 12:11:46,2026-08-05 12:21:46,-18,2.34,3.2,abonnement
TR2608050018406,CL105949,EN00397,velo,Lille,ST1044,ST1043,05/08/2026 12:06,2026-08-05 12:18:53,12,2.58,2.8,abonnement
TR2608050018407,CL107831,EN00111,trottinette,Lyon,ST1004,ST1011,2026-08-05 12:30:45,2026-08-05 12:50:45,20,3.75,5.4,abonnement
TR2608050018408,CL106482,EN00045,trottinette,Lyon,ST1014,ST1019,,05/08/2026 13:02,36,10.7,8.92,cb
TR2608050018409,CL104900,EN00131,trottinette,Lyon,ST1015,ST1008,2026-08-05 12:23:56,2026-08-05 12:26:56,3,0.97,1.66,cb
TR2608050018410,CL104388,EN00090,trottinette,Lyon,ST1019,ST1003,1785925211,2026-08-05 12:29:11,9,2.27,2.98,cb
TR2608050018411,CL108383,EN00333,trottinette,Nantes,ST1022,ST1026,1785925453,2026-08-05 12:45:13,21,5.36,5.62,cb
TR2608050018412,CL105170,EN00309,trottinette,Nantes,ST1031,ST1023,05/08/2026 12:29,2026-08-05 12:43:26,14,3.45,4.08,abonnement
TR2608050018413,CL108743,EN00275,velo,Nantes,ST1032,ST1023,2026-08-05 12:22:42,2026-08-05 12:33:42,11,3.15,2.65,cb
TR2608050018414,CL104675,EN00438,trottinette,Lille,ST1036,ST1043,05/08/2026 12:27,05/08/2026 12:54,27,4.25,6.94,cb
TR2608050018415,CL105173,EN00444,trottinette,Lille,ST1038,ST1044,2026-08-05 12:21:58,2026-08-05 12:37:58,16,3.53,4.52,cb
TR2608050018416,CL107474,EN00418,trottinette,Lille,ST1042,ST1043,05/08/2026 12:25,05/08/2026 12:31,6,1.35,2.32,cb
TR2608050018417,CL101250,EN00476,trottinette,Lille,ST1043,ST1040,2026-08-05 12:20:44,2026-08-05 12:23:44,3,0.73,1.66,abonnement
TR2608050018418,CL104060,EN00213,trottinette,Lyon,ST1001,ST1013,2026-08-05 12:40:39,2026-08-05 12:51:39,11,1.65,3.42,cb
TR2608050018419,CL103255,EN00164,trottinette,Lyon,ST1003,ST1001,2026-08-05 12:36:02,2026-08-05 12:48:02,12,2.73,3.64,abonnement
TR2608050018420,CL101874,EN00200,trottinette,Lyon,ST1004,ST1014,05/08/2026 12:31,05/08/2026 12:55,24,4.81,6.28,cb
TR2608050018421,CL107925,EN00100,velo_elec,Lyon,ST1018,ST1018,2026-08-05 12:37:38,2026-08-05 12:59:38,22,6.52,6.5,cb
TR2608050018422,CL101164,EN00329,trottinette,Nantes,ST1020,ST1032,2026-08-05 12:45:27,2026-08-05 12:58:27,13,3.23,3.86,cb
TR2608050018423,CL106844,EN00267,trottinette,nantes,ST1023,ST1028,2026-08-05 12:43:43,05/08/2026 12:51,8,1.91,2.76,abonnement
TR2608050018424,CL105506,EN00297,trottinette,Nantes,ST1024,ST1022,05/08/2026 12:44,2026-08-05 12:56:05,12,3.26,3.64,cb
TR2608050018425,CL102785,EN00336,velo_elec,Nantes,ST1026,ST1033,2026-08-05 12:44:30,2026-08-05 13:01:30,17,3.97,5.25,paypal
TR2608050018426,CL108013,EN00351,trottinette,Nantes,ST1028,ST1020,2026-08-05 12:41:28,2026-08-05 12:52:28,11,2.21,3.42,cb
TR2608050018427,CL105500,EN00278,trottinette,Nantes,ST1031,ST1031,2026-08-05 12:34:41,2026-08-05 13:00:41,26,5.85,6.72,cb
TR2608050018428,CL101658,EN00412,trottinette,Lille,ST1036,ST1041,05/08/2026 12:31,2026-08-05 12:46:14,15,5.2,4.3,abonnement
TR2608050018429,CL100961,EN00368,trottinette,Lille,ST1047,ST1040,2026-08-05 12:34:38,05/08/2026 12:42,8,2.37,2.76,cb
TR2608050018430,CL106763,EN00598,velo_elec,Grenoble,ST1048,ST1055,2026-08-05 12:40:48,05/08/2026 12:45,5,1.12,2.25,cb
TR2608050018431,CL108337,EN00504,trottinette,Grenoble,ST1051,ST1050,1785926549,05/08/2026 12:48,6,1.04,2.32,abonnement
TR2608050018432,CL101497,EN00569,trottinette,Grenoble,ST1053,ST1054,05/08/2026 12:34,05/08/2026 12:45,11,3.73,3.42,cb
TR2608050018433,CL104760,EN00515,trottinette,Grenoble,ST1055,ST1049,05/08/2026 12:37,2026-08-05 12:42:38,5,0.94,2.1,cb
TR2608050018434,CL104144,EN00505,velo,Grenoble,ST1055,ST1054,05/08/2026 12:33,2026-08-05 12:45:39,12,2.44,2.8,cb
TR2608050018435,CL105857,EN00572,velo,Grenoble,ST1055,ST1054,2026-08-05 12:44:01,05/08/2026 12:47,3,0.66,1.45,paypal
TR2608050018436,CL103484,EN00140,trottinette,Lyon,ST1002,ST1013,2026-08-05 12:56:29,2026-08-05 13:08:29,12,1.81,3.64,cb
TR2608050018437,CL101532,EN00066,trottinette,Lyon,ST1003,ST1010,05/08/2026 12:54,2026-08-05 13:04:37,10,3.33,3.2,abonnement
TR2608050018438,CL103269,EN00090,trottinette,Lyon,ST1003,ST1016,2026-08-05 12:47:01,2026-08-05 12:54:01,7,1.72,2.54,cb
TR2608050018439,CL107408,EN00189,trottinette,Lyon,ST1014,ST1001,05/08/2026 12:47,2026-08-05 12:50:29,3,0.87,1.66,cb
TR2608050018440,CL102636,EN00105,velo_elec,Lyon,ST1015,ST1014,05/08/2026 12:48,2026-08-05 12:51:16,3,0.62,1.75,cb
TR2608050018441,CL106810,EN00024,velo_elec,Lyon,ST1015,ST1002,2026-08-05 12:59:30,2026-08-05 13:11:30,12,3.01,4.0,abonnement
TR2608050018442,CL106875,EN00117,trottinette,Lyon,ST1018,ST1004,2026-08-05 12:57:47,2026-08-05 13:27:47,30,9.25,7.6,paypal
TR2608050018443,CL103416,EN00135,trottinette,Lyon,ST1018,ST1003,05/08/2026 12:47,2026-08-05 12:53:14,6,1.71,2.32,cb
TR2608050018444,CL103132,EN00227,trottinette,Nantes,ST1024,ST1033,2026-08-05 12:50:10,2026-08-05 13:00:10,10,2.42,3.2,cb
TR2608050018445,CL102255,EN00248,trottinette,Nantes,ST1026,ST9726,2026-08-05 12:48:05,2026-08-05 12:56:05,8,2.52,2.76,cb
TR2608050018446,CL104008,EN00347,trottinette,Nantes,ST1029,ST1020,05/08/2026 12:45,2026-08-05 13:12:58,27,4.8,6.94,abonnement
TR2608050018447,CL106829,EN00477,trottinette,Lille,ST1035,ST1034,05/08/2026 12:59,2026-08-05 13:08:15,9,2.64,,cb
TR2608050018448,CL101063,EN00412,trottinette,Lille,ST1041,ST1038,2026-08-05 12:46:07,2026-08-05 13:02:07,16,2.47,4.52,cb
TR2608050018449,CL103405,EN00464,trottinette,LILLE,ST1042,ST1036,2026-08-05 12:53:12,05/08/2026 13:25,32,7.65,8.04,abonnement
TR2608050018450,CL104242,EN00404,trottinette,Lille,ST1043,ST1047,2026-08-05 12:51:39,2026-08-05 13:14:39,23,3.57,6.06,abonnement
TR2608050018451,CL108382,EN00513,velo_elec,Grenoble,ST1051,ST1055,2026-08-05 13:00:21,2026-08-05 13:11:21,11,2.15,3.75,cb
TR2608050018452,CL103654,EN00525,velo,Grenoble,ST1053,ST1055,2026-08-05 12:54:23,2026-08-05 13:00:23,6,1.57,1.9,abonnement
TR2608050018453,CL103305,EN00569,trottinette,Grenoble,ST1054,ST1052,2026-08-05 12:52:04,,13,2.18,3.86,cb
TR2608050018454,CL105944,EN00521,velo,Grenoble,ST1058,ST1053,1785927611,,9,2.6,2.35,paypal
TR2608050018455,CL103673,EN00180,trottinette,Lyon,ST1004,ST1002,05/08/2026 13:10,2026-08-05 13:28:22,18,4.68,4.96,abonnement
TR2608050018456,CL105995,EN00162,velo_elec,Lyon,ST1004,ST1018,2026-08-05 13:14:04,1785929464,17,4.89,5.25,abonnement
TR2608050018457,CL105392,EN00131,trottinette,Lyon,ST1008,ST1016,2026-08-05 13:10:07,2026-08-05 13:17:07,7,1.66,2.54,abonnement
TR2608050018458,CL106093,EN00200,trottinette,LYON,ST1014,ST1003,2026-08-05 13:13:28,,12,1.82,3.64,paypal
TR2608050018459,CL100806,EN00325,trottinette,Nantes,ST1022,ST1022,,2026-08-05 13:17:57,7,1.38,2.54,cb
TR2608050018460,CL108471,EN00409,trottinette,Lille,ST1035,ST1039,,2026-08-05 13:25:40,11,2.61,3.42,abonnement
TR2608050018461,CL100791,EN00470,trottinette,Lille,ST1045,ST1038,2026-08-05 13:07:31,2026-08-05 13:25:31,18,5.8,4.96,cb
TR2608050018462,CL102879,EN00449,trottinette,Lille,ST1045,ST1039,2026-08-05 13:15:47,2026-08-05 13:25:47,10,2.11,3.2,cb
TR2608050018463,CL100049,EN00474,velo_elec,Lille,ST1047,ST1047,2026-08-05 13:14:29,2026-08-05 13:32:29,18,3.51,5.5,abonnement
TR2608050018464,CL106763,EN00598,velo_elec,Grenoble,ST1055,ST1058,2026-08-05 13:08:21,,27,7.1,7.75,abonnement
TR2608050018465,CL105111,EN00549,velo_elec,Grenoble,ST1057,ST1052,1785927786,05/08/2026 13:10,7,1.39,2.75,abonnement
TR2608050018466,CL107613,EN00189,trottinette,LYON,ST1001,ST1011,2026-08-05 13:24:38,2026-08-05 13:48:38,24,4.77,6.28,cb
TR2608050018467,CL102639,EN00150,trottinette,Lyon,ST1002,ST1002,2026-08-05 13:28:49,2026-08-05 13:49:49,21,6.66,5.62,cb
TR2608050018468,CL108348,EN00208,velo_elec,Lyon,ST1003,ST1005,2026-08-05 13:29:19,2026-08-05 13:40:19,11,3.79,3.75,abonnement
TR2608050018469,CL103772,EN00191,trottinette,Lyon,ST1007,ST1002,2026-08-05 13:30:31,2026-08-05 14:04:31,34,5.73,8.48,paypal
TR2608050018470,CL105541,EN00075,trottinette,Lyon,ST1009,ST1012,2026-08-05 13:24:49,2026-08-05 13:29:49,5,1.34,2.1,cb
TR2608050018471,CL105639,EN00139,velo_elec,Lyon,ST1009,ST1016,05/08/2026 13:25,,14,2.78,4.5,paypal
TR2608050018472,CL105087,EN00145,trottinette,Lyon,ST1009,ST1006,1785928803,2026-08-05 13:29:03,9,2.4,2.98,abonnement
TR2608050018473,CL105762,EN00153,velo_elec,Lyon,ST1010,ST1015,2026-08-05 13:28:13,2026-08-05 13:36:13,8,1.6,3.0,abonnement
TR2608050018474,CL102633,EN00009,velo_elec,Lyon,ST1010,ST1015,2026-08-05 13:16:49,2026-08-05 13:23:49,7,1.99,2.75,abonnement
TR2608050018475,CL107229,EN00140,trottinette,Lyon,ST1013,ST1019,2026-08-05 13:20:10,1785929290,8,2.58,2.76,cb
TR2608050018476,CL104724,EN00174,velo_elec,Lyon,ST1014,ST1016,2026-08-05 13:25:43,,23,5.38,6.75,abonnement
TR2608050018477,CL107051,EN00196,velo_elec,Lyon,ST1017,ST1004,05/08/2026 13:31,2026-08-05 13:37:13,6,1.76,2.5,cb
TR2608050018478,CL100881,EN00190,trottinette,Lyon,ST1019,ST1016,1785928771,2026-08-05 14:13:31,54,16.74,12.88,paypal
TR2608050018479,CL103845,EN00045,trottinette,Lyon,ST1019,ST1002,2026-08-05 13:25:30,2026-08-05 13:35:30,10,3.42,3.2,cb
TR2608050018480,CL104910,EN00299,trottinette,Nantes,ST1021,ST1032,2026-08-05 13:30:39,05/08/2026 13:49,19,5.53,,abonnement
TR2608050018481,CL108650,EN00314,trottinette,Nantes,ST1024,ST1027,05/08/2026 13:24,2026-08-05 13:33:25,9,1.39,2.98,cb
TR2608050018482,CL101183,EN00222,velo_elec,Nantes,ST1029,ST1030,05/08/2026 13:20,05/08/2026 13:43,23,6.39,6.75,abonnement
TR2608050018483,CL104473,EN00278,trottinette,Nantes,ST1031,ST1026,2026-08-05 13:22:32,2026-08-05 13:29:32,7,1.22,2.54,cb
TR2608050018484,CL102220,EN00321,velo_elec,Nantes,ST1031,ST1022,05/08/2026 13:25,05/08/2026 13:40,15,4.87,4.75,cb
TR2608050018485,CL108601,EN00411,trottinette,Lille,ST1035,ST1037,2026-08-05 13:16:14,2026-08-05 13:26:14,10,2.08,3.2,cb
TR2608050018486,CL100275,EN00575,trottinette,Grenoble,ST1049,ST1056,2026-08-05 13:18:23,2026-08-05 13:34:23,16,4.14,4.52,abonnement
TR2608050018487,CL104045,EN00561,velo_elec,Grenoble,ST1049,ST1048,2026-08-05 13:27:19,2026-08-05 13:43:19,-4,4.76,5.0,paypal
TR2608050018488,CL100207,EN00589,velo_elec,Grenoble,ST1050,ST1052,2026-08-05 13:19:51,2026-08-05 13:39:51,20,6.69,6.0,cb
TR2608050018489,CL106719,EN00563,trottinette,Grenoble,ST1051,ST1057,2026-08-05 13:17:54,05/08/2026 13:26,9,1.46,2.98,cb
TR2608050018490,CL108314,EN00554,velo_elec,Grenoble,ST1052,ST1055,05/08/2026 13:25,2026-08-05 13:36:37,11,2.87,3.75,cb
TR2608050018491,CL103224,EN00521,velo,GRENOBLE,ST1053,ST1050,2026-08-05 13:21:37,05/08/2026 13:37,16,3.53,3.4,abonnement
TR2608050018492,CL107931,EN00584,trottinette,Grenoble,ST1054,ST1052,2026-08-05 13:18:48,1785929388,11,3.65,3.42,cb
TR2608050018493,CL104938,EN00065,trottinette,Lyon,ST1009,ST1009,2026-08-05 13:39:54,2026-08-05 14:08:54,29,8.98,7.38,cb
TR2608050018494,CL108148,EN00009,velo_elec,Lyon,ST1015,ST1016,1785929843,05/08/2026 13:48,11,3.22,3.75,cb
TR2608050018495,CL103867,EN00172,trottinette,Lyon,ST1017,ST1004,1785929764,2026-08-05 13:40:04,4,0.69,1.88,abonnement
TR2608050018496,CL106105,EN00158,velo_elec,Lyon,ST1017,ST1016,2026-08-05 13:44:06,1785931386,19,5.97,5.75,cb
TR2608050018497,CL101618,EN00162,velo_elec,Lyon ,ST1018,ST1012,2026-08-05 13:36:10,2026-08-05 13:42:10,6,1.91,2.5,abonnement
TR2608050018498,CL108707,EN00288,trottinette,Nantes,ST1020,ST1033,2026-08-05 13:38:13,2026-08-05 13:58:13,20,5.1,5.4,cb
TR2608050018499,CL108418,EN00339,velo_elec,Nantes,ST1024,ST1020,2026-08-05 13:31:11,,15,4.17,4.75,cb
TR2608050018500,CL106330,EN00238,velo_elec,Nantes,ST1024,ST1030,2026-08-05 13:34:17,2026-08-05 13:40:17,6,1.2,2.5,abonnement
TR2608050018501,CL108396,EN00278,trottinette,Nantes,ST1026,ST1030,2026-08-05 13:38:42,2026-08-05 13:47:42,9,1.85,2.98,cb
TR2608050018502,CL106540,EN00462,velo_elec,Lille,ST1035,ST1037,2026-08-05 13:32:39,1785930759,20,4.28,6.0,abonnement
TR2608050018503,CL108239,EN00470,trottinette,Lille,ST1038,ST1038,05/08/2026 13:43,2026-08-05 14:36:59,53,15.98,12.66,abonnement
TR2608050018504,CL102833,EN00485,trottinette,Lille,ST1046,ST1034,2026-08-05 13:40:29,2026-08-05 13:46:29,6,0.93,2.32,cb
TR2608050018505,CL100980,EN00466,velo,Lille,ST1046,ST1038,2026-08-05 13:33:54,2026-08-05 13:52:54,19,6.1,3.85,abonnement
TR2608050018506,CL106763,EN00547,trottinette,Grenoble,ST1050,ST1055,2026-08-05 13:42:13,2026-08-05 14:01:13,19,4.73,5.18,abonnement
TR2608050018507,CL104231,EN00579,trottinette,Grenoble,ST1050,ST1050,2026-08-05 13:31:50,2026-08-05 13:41:50,10,3.17,3.2,cb
TR2608050018508,CL100151,EN00556,trottinette,Grenoble,ST1056,ST1050,,2026-08-05 13:41:02,10,3.43,3.2,paypal
TR2608050018509,CL104577,EN00599,trottinette,GRENOBLE,ST1057,ST1053,2026-08-05 13:35:44,2026-08-05 13:47:44,12,2.48,3.64,abonnement
TR2608050018510,CL101122,EN00002,velo_elec,Lyon,ST1004,ST1015,05/08/2026 13:47,2026-08-05 13:54:30,7,1.5,2.75,abonnement
TR2608050018511,CL102269,EN00169,velo,Lyon,ST1009,ST1011,2026-08-05 13:55:21,2026-08-05 14:08:21,13,3.28,2.95,cb
TR2608050018512,CL108339,EN00075,trottinette,Lyon,ST1012,ST1019,2026-08-05 14:00:47,05/08/2026 14:02,2,0.68,1.44,cb
TR2608050018513,CL104445,EN00179,trottinette,Lyon,ST1014,ST1010,2026-08-05 13:47:03,2026-08-05 13:56:03,9,2.72,2.98,cb
TR2608050018514,CL106713,EN00153,velo_elec,Lyon,ST1015,ST1013,05/08/2026 13:55,1785931967,17,3.67,5.25,paypal
TR2608050018515,CL104700,EN00049,trottinette,Lyon,ST1017,ST1007,2026-08-05 13:50:43,2026-08-05 14:00:43,10,3.46,3.2,cb
TR2608050018516,CL105852,EN00140,trottinette,Lyon,ST1019,ST1010,2026-08-05 13:45:52,2026-08-05 13:54:52,9,1.72,2.98,abonnement
TR2608050018517,CL100215,EN00228,trottinette,Nantes,ST1022,ST1022,05/08/2026 13:55,2026-08-05 14:08:23,13,3.69,3.86,abonnement
TR2608050018518,CL102878,EN00323,velo,NANTES,ST1031,ST1027,2026-08-05 13:47:05,05/08/2026 14:06,19,3.14,3.85,abonnement
TR2608050018519,CL106117,EN00411,trottinette,Lille,ST1037,ST1037,2026-08-05 14:00:38,05/08/2026 14:11,11,3.1,3.42,cb
TR2608050018520,CL108157,EN00412,trottinette,Lille,ST1038,ST1039,1785930688,2026-08-05 14:02:28,11,1.99,3.42,abonnement
TR2608050018521,CL102134,EN00560,velo_elec,Grenoble,ST1051,ST1055,1785930438,2026-08-05 14:06:18,19,4.42,5.75,cb
TR2608050018522,CL107354,EN00533,velo_elec,Grenoble,ST1051,ST1050,2026-08-05 13:47:57,2026-08-05 14:14:57,27,5.82,7.75,cb
TR2608050018523,CL103170,EN00573,velo,Grenoble,ST1053,ST1048,2026-08-05 13:48:26,2026-08-05 14:04:26,16,3.92,3.4,cb
TR2608050018524,CL102936,EN00505,velo,Grenoble ,ST1054,ST1053,2026-08-05 13:55:12,2026-08-05 14:01:12,6,1.57,1.9,cb
TR2608050018525,CL108146,EN00187,velo_elec,Lyon,ST1007,ST1018,2026-08-05 14:11:48,2026-08-05 14:20:48,9,1.9,3.25,cb
TR2608050018526,CL108403,EN00240,trottinette,Nantes,ST1024,ST1023,05/08/2026 14:08,1785932464,13,3.82,3.86,cb
TR2608050018527,CL103150,EN00248,trottinette,Nantes,ST1026,ST1025,2026-08-05 14:09:23,2026-08-05 14:17:23,8,2.27,2.76,paypal
TR2608050018528,CL105094,EN00258,trottinette,Nantes,ST1028,ST1030,2026-08-05 14:05:48,2026-08-05 14:12:48,7,1.19,2.54,cb
TR2608050018529,CL106459,EN00380,velo_elec,Lille,ST1034,ST1040,2026-08-05 14:09:26,2026-08-05 14:18:26,9,1.63,3.25,cb
TR2608050018530,CL107537,EN00462,velo_elec,Lille,ST1037,ST1034,2026-08-05 14:14:10,05/08/2026 14:19,5,1.46,2.25,abonnement
TR2608050018531,CL105989,EN00444,trottinette,Lille,ST1044,ST1042,2026-08-05 14:03:53,05/08/2026 14:20,17,3.08,4.74,abonnement
TR2608050018532,CL104397,EN00503,trottinette,Grenoble,ST1048,ST1057,2026-08-05 14:02:21,2026-08-05 14:12:21,10,2.2,3.2,abonnement
TR2608050018533,CL100183,EN00208,velo_elec,Lyon,ST1005,ST1013,2026-08-05 14:24:39,2026-08-05 14:45:39,21,3.77,6.25,abonnement
TR2608050018534,CL101767,EN00250,velo_elec,Nantes,ST1021,ST1028,2026-08-05 14:31:02,2026-08-05 14:36:02,5,0.83,,abonnement
TR2608050018535,CL100215,EN00309,trottinette,Nantes,ST1023,ST1022,2026-08-05 14:19:05,2026-08-05 14:35:05,16,2.92,4.52,cb
TR2608050018536,CL103737,EN00456,trottinette,Lille,ST1034,ST1045,2026-08-05 14:20:59,2026-08-05 14:27:59,7427,2.34,2.54,cb
TR2608050018537,CL101025,EN00446,trottinette,Lille,ST1034,ST1038,2026-08-05 14:23:59,,12,4.03,3.64,abonnement
TR2608050018538,CL107433,EN00411,trottinette,Lille,ST1037,ST1041,2026-08-05 14:20:09,05/08/2026 14:29,9,1.87,2.98,cb
TR2608050018539,CL103854,EN00582,trottinette,Grenoble,ST1049,ST1048,2026-08-05 14:21:41,2026-08-05 14:27:41,6,1.44,2.32,cb
TR2608050018540,CL100133,EN00593,trottinette,Grenoble,ST1049,ST1057,2026-08-05 14:16:58,2026-08-05 14:21:58,-25,1.36,2.1,abonnement
TR2608050018541,CL103820,EN00572,velo,Grenoble,ST1054,ST1048,2026-08-05 14:15:39,2026-08-05 14:20:39,5,1.54,,cb
TR2608050018542,CL101860,EN00575,trottinette,Grenoble,ST1056,ST1053,2026-08-05 14:26:08,2026-08-05 14:34:08,8,2.0,2.76,cb
TR2608050018543,CL985381,EN00215,velo_elec,Lyon,ST1002,ST1009,2026-08-05 14:35:05,2026-08-05 14:49:05,14,2.72,4.5,cb
TR2608050018544,CL104448,EN00145,trottinette,Lyon,ST1006,ST1019,2026-08-05 14:30:29,2026-08-05 14:47:29,17,3.58,4.74,cb
TR2608050018545,CL100602,EN00049,trottinette,lyon,ST1007,ST1009,2026-08-05 14:45:29,2026-08-05 15:12:29,27,5.36,6.94,cb
TR2608050018546,CL105159,EN00190,trottinette,Lyon,ST1016,ST1014,2026-08-05 14:44:53,05/08/2026 14:49,5,1.54,2.1,abonnement
TR2608050018547,CL103975,EN00047,velo_elec,Lyon,ST1017,ST1012,2026-08-05 14:35:31,2026-08-05 14:49:31,14,3.48,4.5,cb
TR2608050018548,CL103437,EN00240,trottinette,Nantes,ST1023,ST1021,05/08/2026 14:37,05/08/2026 14:54,17,3.13,4.74,cb
TR2608050018549,CL103081,EN00316,velo_elec,Nantes,ST1024,ST1020,2026-08-05 14:36:44,2026-08-05 14:52:44,16,5.05,5.0,cb
TR2608050018550,CL102879,EN00393,trottinette,Lille,ST1036,ST1034,2026-08-05 14:34:03,2026-08-05 14:45:03,11,3.77,3.42,cb
TR2608050018551,CL106500,EN00411,trottinette,Lille,ST1041,ST1047,2026-08-05 14:37:04,2026-08-05 15:10:04,33,6.5,8.26,cb
TR2608050018552,CL108838,EN00456,trottinette,Lille,ST1045,ST1043,1785933387,2026-08-05 14:50:27,14,3.48,4.08,abonnement
TR2608050018553,CL100907,EN00474,velo_elec, Lille,ST1047,ST1038,1785933555,,17,3.43,5.25,abonnement
TR2608050018554,CL103479,EN00527,velo_elec,Grenoble,ST1048,ST1057,2026-08-05 14:33:38,2026-08-05 14:50:38,17,4.52,5.25,abonnement
TR2608050018555,CL103820,EN00507,trottinette,Grenoble,ST1049,ST1050,2026-08-05 14:30:36,2026-08-05 14:42:36,12,3.09,3.64,abonnement
TR2608050018556,CL101547,EN00201,velo_elec,Lyon,ST1007,ST1016,2026-08-05 14:57:34,2026-08-05 15:00:34,3,0.69,1.75,abonnement
TR2608050018557,CL104245,EN00099,velo_elec,Lyon,ST1007,ST1008,05/08/2026 14:54,2026-08-05 15:33:12,39,9.74,10.75,cb
TR2608050018558,CL105076,EN00002,velo_elec,Lyon,ST1015,ST1010,05/08/2026 14:54,2026-08-05 15:06:17,12,4.06,4.0,abonnement
TR2608050018559,CL102698,EN00321,velo_elec,Nantes,ST1022,ST1025,2026-08-05 14:59:56,2026-08-05 15:11:56,6943,3.9,4.0,cb
TR2608050018560,CL108310,EN00329,trottinette,Nantes,ST1032,ST1031,2026-08-05 14:49:43,2026-08-05 15:04:43,15,3.4,4.3,cb
TR2608050018561,CL103486,EN00559,trottinette,Grenoble,ST1048,ST1053,2026-08-05 14:55:25,2026-08-05 15:04:25,9,2.88,2.98,cb
TR2608050018562,CL103092,EN00034,velo_elec,Lyon,ST1003,ST1012,2026-08-05 15:15:19,05/08/2026 15:21,6,1.12,2.5,abonnement
TR2608050018563,CL106200,EN00068,velo_elec,Lyon,ST1004,ST1011,2026-08-05 15:14:27,,5,1.24,2.25,cb
TR2608050018564,CL105890,EN00357,trottinette,Nantes,ST1021,ST1025,2026-08-05 15:01:25,2026-08-05 15:19:25,18,4.59,4.96,paypal
TR2608050018565,CL108781,EN00309,trottinette,Nantes,ST1022,ST1029,1785935644,2026-08-05 15:21:04,7,1.14,2.54,paypal
TR2608050018566,CL100032,EN00314,trottinette,Nantes,ST1027,ST1027,2026-08-05 15:07:16,2026-08-05 15:26:16,19,4.21,5.18,abonnement
TR2608050018567,CL103785,EN00336,velo_elec,Nantes,ST1033,ST1029,2026-08-05 15:01:23,2026-08-05 15:19:23,18,4.01,5.5,abonnement
TR2608050018568,CL103438,EN00409,trottinette,LILLE,ST1039,ST1035,,2026-08-05 15:26:19,14,3.97,4.08,cb
TR2608050018569,CL107792,EN00444,trottinette,Lille,ST1042,ST1042,2026-08-05 15:02:39,,4,1.14,1.88,abonnement
TR2608050018570,CL103389,EN00519,velo_elec,Grenoble,ST1048,ST1049,,2026-08-05 15:09:47,9,2.55,3.25,paypal
TR2608050018571,CL105376,EN00599,trottinette,Grenoble,ST1053,ST1058,05/08/2026 15:02,05/08/2026 15:17,15,3.64,4.3,paypal
TR2608050018572,CL108074,EN00164,trottinette,Lyon,ST1001,ST1003,2026-08-05 15:21:11,05/08/2026 15:26,5,1.6,2.1,cb
TR2608050018573,CL105755,EN00206,velo_elec,Lyon,ST1003,ST1018,2026-08-05 15:18:01,2026-08-05 15:29:01,11,3.48,3.75,paypal
TR2608050018574,CL101971,EN00023,trottinette,Lyon,ST1003,ST1001,2026-08-05 15:25:51,2026-08-05 15:38:51,13,3.56,3.86,abonnement
TR2608050018575,CL103492,EN00047,velo_elec,Lyon,ST1012,ST1018,2026-08-05 15:16:34,1785936394,10,3.28,3.5,cb
TR2608050018576,CL107347,EN00075,trottinette,Lyon,ST1019,ST1014,2026-08-05 15:24:37,2026-08-05 15:26:37,2,0.61,1.44,abonnement
TR2608050018577,CL106484,EN00240,trottinette,Nantes,ST1021,ST1030,2026-08-05 15:28:47,2026-08-05 15:32:47,4,0.67,1.88,cb
TR2608050018578,CL100667,EN00249,velo_elec,Nantes,ST1021,ST9147,2026-08-05 15:19:10,2026-08-05 15:36:10,17,5.64,5.25,abonnement
TR2608050018579,CL103676,EN00350,velo,Nante,ST1024,ST1033,2026-08-05 15:21:04,2026-08-05 15:25:04,4,0.67,1.6,cb
TR2608050018580,CL100025,EN00231,velo,Nantes,ST1024,ST1025,2026-08-05 15:27:56,2026-08-05 15:37:56,10,1.74,2.5,paypal
TR2608050018581,CL105374,EN00321,velo_elec,Nantes,ST1025,ST1021,2026-08-05 15:16:38,05/08/2026 15:32,16,5.59,5.0,abonnement
TR2608050018582,CL102129,EN00264,trottinette,Nantes,ST1029,ST1028,2026-08-05 15:25:08,2026-08-05 15:38:08,13,2.02,3.86,
TR2608050018583,CL100953,EN00288,trottinette,Nantes,ST1033,ST1024,2026-08-05 15:25:53,05/08/2026 15:58,33,5.11,8.26,abonnement
TR2608050018584,CL107474,EN00380,velo_elec,Lille,ST1040,ST1046,2026-08-05 15:25:37,2026-08-05 15:32:37,7,1.31,2.75,cb
TR2608050018585,CL104243,EN00368,trottinette,Lille,ST1040,ST1036,05/08/2026 15:25,2026-08-05 15:33:23,8,2.32,2.76,paypal
TR2608050018586,CL106219,EN00123,velo_elec,Lyon,ST1001,ST1018,2026-08-05 15:43:05,2026-08-05 15:49:05,6,1.1,2.5,paypal
TR2608050018587,CL105404,EN00136,trottinette,LYON,ST1002,ST1004,05/08/2026 15:39,,19,4.24,5.18,abonnement
TR2608050018588,CL104886,EN00144,trottinette,Lyon,ST1004,ST1010,2026-08-05 15:32:42,2026-08-05 15:46:42,14,4.73,4.08,cb
TR2608050018589,CL102080,EN00215,velo_elec,Lyon,ST1009,ST1002,2026-08-05 15:31:42,2026-08-05 15:40:42,9,1.99,3.25,cb
TR2608050018590,CL107386,EN00165,trottinette,lyon,ST1010,ST1005,2026-08-05 15:38:21,2026-08-05 15:49:21,11,2.08,3.42,cb
TR2608050018591,CL107158,EN00036,velo_elec,Lyon,ST1012,ST1009,2026-08-05 15:45:25,2026-08-05 16:04:25,19,6.62,5.75,abonnement
TR2608050018592,CL103215,EN00190,trottinette,Lyon,ST1014,ST1015,05/08/2026 15:34,2026-08-05 15:39:55,5,1.05,2.1,cb
TR2608050018593,CL108320,EN00197,velo_elec,Lyon,ST1019,ST1018,2026-08-05 15:43:54,2026-08-05 15:58:54,15,2.28,4.75,cb
TR2608050018594,CL108891,EN00306,velo,Nantes,ST1024,ST1028,2026-08-05 15:44:17,2026-08-05 16:27:17,43,7.79,7.45,cb
TR2608050018595,CL104954,EN00333,trottinette,Nantes,ST1026,ST1031,2026-08-05 15:34:31,2026-08-05 15:40:31,6,0.94,2.32,cb
TR2608050018596,CL104180,EN00267,trottinette,Nantes,ST1028,ST1021,2026-08-05 15:39:54,2026-08-05 15:45:54,6,1.78,2.32,paypal
TR2608050018597,CL102788,EN00299,trottinette,Nantes,ST1032,ST1021,05/08/2026 15:42,2026-08-05 15:48:44,6,1.45,2.32,paypal
TR2608050018598,CL108793,EN00227,trottinette,Nantes,ST1033,ST1027,2026-08-05 15:33:26,2026-08-05 15:44:26,11,2.94,3.42,
TR2608050018599,CL106812,EN00441,velo_elec, Lille,ST1034,ST1042,2026-08-05 15:33:19,2026-08-05 15:49:19,16,3.37,5.0,cb
TR2608050018600,CL102799,EN00444,trottinette,Lille,ST1042,ST1038,2026-08-05 15:33:32,2026-08-05 15:44:32,11,2.65,3.42,cb
TR2608050018601,CL106577,EN00162,velo_elec,Lyon,ST1012,ST1010,2026-08-05 15:50:05,2026-08-05 15:57:05,7,1.92,2.75,cb
TR2608050018602,CL108805,EN00190,trottinette,lyon,ST1015,ST1011,2026-08-05 15:55:30,2026-08-05 16:25:30,30,5.95,7.6,cb
TR2608050018603,CL101055,EN00267,trottinette,Nantes,ST1021,ST1025,2026-08-05 16:00:16,05/08/2026 16:11,11,1.99,3.42,cb
TR2608050018604,CL108215,EN00331,velo,Nantes,ST1026,ST1028,2026-08-05 15:55:10,2026-08-05 16:09:10,14,2.23,3.1,abonnement
TR2608050018605,CL102939,EN00250,velo_elec,Nantes,ST1028,ST1026,05/08/2026 15:53,2026-08-05 16:11:57,18,4.01,5.5,abonnement
TR2608050018606,CL100070,EN00534,trottinette,Grenoble,ST1048,ST1058,2026-08-05 15:52:03,2026-08-05 16:05:03,13,2.05,3.86,cb
TR2608050018607,CL108097,EN00554,velo_elec,Grenoble,ST1055,ST1055,2026-08-05 15:46:23,2026-08-05 15:53:23,7,1.8,2.75,cb
TR2608050018608,CL101158,EN00161,velo_elec,lyon,ST1003,ST1007,2026-08-05 16:10:29,2026-08-05 16:22:29,12,4.08,4.0,abonnement
TR2608050018609,CL106799,EN00021,trottinette,Lyon,ST1004,ST1001,05/08/2026 16:02,2026-08-05 16:09:23,7,1.12,2.54,cb
TR2608050018610,CL103116,EN00193,trottinette,Lyon,ST1015,ST1005,2026-08-05 16:00:58,05/08/2026 16:24,24,7.16,6.28,paypal
TR2608050018611,CL100158,EN00076,velo_elec,Lyonn,ST1019,ST1002,,1785940066,20,3.54,6.0,cb
TR2608050018612,CL107942,EN00355,velo_elec,Nantes,ST1020,ST1029,2026-08-05 16:12:42,2026-08-05 16:44:42,32,5.08,9.0,cb
TR2608050018613,CL102464,EN00325,trottinette,Nantes,ST1022,ST1023,2026-08-05 16:06:13,2026-08-05 16:13:13,7,1.5,2.54,cb
TR2608050018614,CL107959,EN00288,trottinette,Nantes,ST1024,ST1032,2026-08-05 16:13:37,2026-08-05 16:37:37,24,3.96,6.28,cb
TR2608050018615,CL101263,EN00334,trottinette,Nantes,ST1028,ST1030,2026-08-05 16:04:09,2026-08-05 16:31:09,27,8.93,6.94,cb
TR2608050018616,CL105422,EN00425,velo_elec,Lille,ST1035,ST1046,05/08/2026 16:01,2026-08-05 16:09:50,8,2.28,3.0,cb
TR2608050018617,CL105513,EN00373,velo_elec,Lille,ST1035,ST1045,05/08/2026 16:04,1785939685,17,2.86,5.25,abonnement
TR2608050018618,CL107474,EN00383,trottinette,Lille,ST1035,ST1046,2026-08-05 16:05:51,05/08/2026 16:23,18,5.67,4.96,cb
TR2608050018619,CL102090,EN00440,trottinette,Lille,ST1036,ST1042,2026-08-05 16:04:28,05/08/2026 16:33,29,9.97,7.38,cb
TR2608050018620,CL102390,EN00570,trottinette,Grenoble,ST1048,ST1052,2026-08-05 16:13:45,05/08/2026 16:42,29,5.82,,cb
TR2608050018621,CL105911,EN00556,trottinette,Grenoble,ST1050,ST1055,1785939094,2026-08-05 16:32:34,21,6.02,5.62,paypal
TR2608050018622,CL104589,EN00559,trottinette,Grenoble,ST1053,ST1050,2026-08-05 16:08:02,2026-08-05 16:11:02,3,0.99,1.66,cb
TR2608050018623,CL102075,EN00099,velo_elec,Lyon,ST1008,ST1012,2026-08-05 16:20:51,05/08/2026 16:29,9,1.4,3.25,abonnement
TR2608050018624,CL104136,EN00009,velo_elec,Lyon,ST1016,ST1011,1785939635,2026-08-05 16:44:35,24,4.8,7.0,abonnement
TR2608050018625,CL107116,EN00047,velo_elec,Lyon,ST1018,ST1003,2026-08-05 16:29:53,2026-08-05 16:43:53,14,4.27,4.5,cb
TR2608050018626,CL106000,EN00325,trottinette,Nantes,ST1023,ST1022,05/08/2026 16:26,1785940684,12,3.96,3.64,cb
TR2608050018627,CL105124,EN00386,trottinette,Lille,ST1034,ST1039,2026-08-05 16:21:30,2026-08-05 16:42:30,21,5.66,5.62,abonnement
TR2608050018628,CL103274,EN00413,trottinette,Lille,ST1034,ST1038,2026-08-05 16:28:49,2026-08-05 16:36:49,8,2.7,2.76,cb
TR2608050018629,CL101376,EN00424,velo_elec,Lille,ST1045,ST1037,1785939575,2026-08-05 16:46:35,27,9.32,7.75,cb
TR2608050018630,CL101260,EN00561,velo_elec,Grenoble,ST1048,ST1051,2026-08-05 16:16:19,2026-08-05 16:31:19,15,3.32,4.75,cb
TR2608050018631,CL103121,EN00024,velo_elec,Lyon,ST1002,ST1013,1785940814,2026-08-05 16:56:14,16,2.4,5.0,cb
TR2608050018632,CL107316,EN00160,velo_elec,Lyon,ST1004,ST1016,1785941153,2026-08-05 16:55:53,10,3.11,3.5,cb
TR2608050018633,CL103968,EN00153,velo_elec,Lyon,ST1013,ST1014,2026-08-05 16:42:45,2026-08-05 16:50:45,8,2.15,3.0,cb
TR2608050018634,CL100991,EN00187,velo_elec,Lyon,ST1018,ST1009,2026-08-05 16:44:23,2026-08-05 16:54:23,10,3.45,3.5,cb
TR2608050018635,CL107785,EN00351,trottinette,Nantes,ST1020,ST1020,2026-08-05 16:31:33,05/08/2026 16:51,20,6.67,5.4,cb
TR2608050018636,CL101012,EN00225,velo_elec,Nantes,ST1022,ST1032,2026-08-05 16:41:19,2026-08-05 16:56:19,15,2.61,4.75,cb
TR2608050018637,CL100730,EN00228,trottinette,Nantes,ST1022,ST1031,2026-08-05 16:33:15,,18,3.53,4.96,cb
TR2608050018638,CL102176,EN00275,velo,Nantes,ST1023,ST1022,2026-08-05 16:43:19,2026-08-05 17:18:19,35,6.17,6.25,abonnement
TR2608050018639,CL103277,EN00370,velo_elec,Lille,ST1034,ST1038,2026-08-05 16:36:22,2026-08-05 16:45:22,9,1.83,3.25,cb
TR2608050018640,CL107173,EN00427,trottinette,Lille,ST1035,ST1038,2026-08-05 16:40:19,2026-08-05 17:01:19,21,6.19,5.62,paypal
TR2608050018641,CL108266,EN00418,trottinette,Lille,ST1043,ST1047,2026-08-05 16:35:05,2026-08-05 16:53:05,18,4.73,4.96,abonnement
TR2608050018642,CL107537,EN00456,trottinette,Lille,ST1043,ST1047,2026-08-05 16:32:55,2026-08-05 16:44:55,12,4.07,3.64,cb
TR2608050018643,CL108908,EN00077,trottinette,Lyon,ST1011,ST1013,2026-08-05 16:46:37,2026-08-05 16:56:37,10,2.21,3.2,paypal
TR2608050018644,CL102864,EN00233,velo_elec,Nantes,ST1022,ST1029,2026-08-05 16:51:14,05/08/2026 17:03,12,2.57,4.0,abonnement
TR2608050018645,CL108808,EN00309,trottinette,Nantes,ST1029,ST1031,2026-08-05 16:58:43,1785942283,6,1.32,2.32,cb
TR2608050018646,CL108443,EN00329,trottinette,Nantes,ST1031,ST1029,2026-08-05 16:50:56,2026-08-05 17:05:56,15,3.38,4.3,paypal
TR2608050018647,CL104805,EN00477,trottinette,Lille,ST1034,ST1047,2026-08-05 16:54:23,2026-08-05 17:03:23,9,2.46,2.98,paypal
TR2608050018648,CL100139,EN00438,trottinette,Lille,ST1043,ST1038,2026-08-05 16:56:07,2026-08-05 17:06:07,10,2.48,3.2,abonnement
TR2608050018649,CL100584,EN00397,velo,Lille,ST1043,ST1042,2026-08-05 16:59:56,2026-08-05 17:10:56,11,2.69,2.65,cb
TR2608050018650,CL100932,EN00597,trottinette,Grenoble,ST1048,ST1051,05/08/2026 16:59,2026-08-05 17:14:37,15,3.04,4.3,cb
TR2608050018651,CL106479,EN00596,velo_elec,Grenoble,ST1051,ST1050,2026-08-05 16:51:04,2026-08-05 17:10:04,-12,4.94,5.75,cb
TR2608050018652,CL107068,EN00575,trottinette,Grenoble,ST1053,ST1055,2026-08-05 16:53:57,05/08/2026 17:08,15,3.3,4.3,paypal
TR2608050018653,CL108522,EN00554,velo_elec,Grenoble,ST1055,ST1048,2026-08-05 16:47:23,2026-08-05 16:58:23,11,1.82,3.75,cb
TR2608050018654,CL100459,EN00047,velo_elec,Lyon,ST1003,ST1015,2026-08-05 17:03:07,2026-08-05 17:23:07,20,3.11,6.0,abonnement
TR2608050018655,CL100024,EN00103,trottinette,lyon,ST1003,ST1018,2026-08-05 17:01:13,05/08/2026 17:15,14,2.51,4.08,cb
TR2608050018656,CL106785,EN00164,trottinette,Lyon,ST1003,ST1011,2026-08-05 17:15:04,2026-08-05 17:35:04,20,6.28,5.4,abonnement
TR2608050018657,CL105368,EN00026,trottinette,Lyon,ST1004,ST1013,2026-08-05 17:04:57,2026-08-05 17:17:57,13,2.16,3.86,cb
TR2608050018658,CL103078,EN00146,trottinette,Lyon,ST1004,ST1002,1785942765,05/08/2026 17:28,16,2.97,4.52,cb
TR2608050018659,CL101961,EN00082,velo,Lyon,ST1015,ST1018,05/08/2026 17:03,2026-08-05 17:18:12,15,4.16,3.25,cb
TR2608050018660,CL104989,EN00160,velo_elec,Lyon,ST1016,ST1006,2026-08-05 17:10:16,2026-08-05 17:22:16,12,3.33,4.0,paypal
TR2608050018661,CL101234,EN00260,velo_elec,Nantes,ST1020,ST1023,2026-08-05 17:03:13,2026-08-05 17:14:13,11,2.93,3.75,
TR2608050018662,CL102271,EN00358,trottinette,Nantes,ST1022,ST1024,05/08/2026 17:11,2026-08-05 17:15:40,4,1.38,1.88,cb
TR2608050018663,CL103409,EN00327,velo_elec,Nantes,ST1022,ST1032,2026-08-05 17:12:51,2026-08-05 17:16:51,4,0.7,2.0,abonnement
TR2608050018664,CL107845,EN00240,trottinette,Nantes,ST1030,ST1023,2026-08-05 17:03:35,2026-08-05 17:27:35,24,3.74,6.28,cb
TR2608050018665,CL104108,EN00333,trottinette,Nantes,ST1031,ST1025,2026-08-05 17:03:49,2026-08-05 17:14:49,11,2.48,3.42,abonnement
TR2608050018666,CL101467,EN00288,trottinette,Nantes,ST1032,ST1026,1785942695,2026-08-05 17:28:35,17,4.96,4.74,
TR2608050018667,CL104106,EN00225,velo_elec,Nantes,ST1032,ST1032,2026-08-05 17:11:43,2026-08-05 17:25:43,14,4.72,4.5,abonnement
TR2608050018668,CL105122,EN00350,velo,Nantes,ST1033,ST1027,2026-08-05 17:01:05,2026-08-05 17:16:05,15,4.69,3.25,cb
TR2608050018669,CL107938,EN00396,velo_elec,Lille,ST1035,ST1041,2026-08-05 17:10:35,2026-08-05 17:17:35,7,2.04,2.75,cb
TR2608050018670,CL108661,EN00384,trottinette,Lille,ST1036,ST1040,2026-08-05 17:05:27,2026-08-05 17:13:27,8,2.1,2.76,abonnement
TR2608050018671,CL971933,EN00370,velo_elec,Lille,ST1038,ST1038,2026-08-05 17:14:59,2026-08-05 17:26:59,12,3.9,4.0,paypal
TR2608050018672,CL105494,EN00449,trottinette,Lille,ST1039,ST1040,05/08/2026 17:11,2026-08-05 17:17:24,6,1.16,2.32,cb
TR2608050018673,CL100444,EN00441,velo_elec,Lille,ST1042,ST1036,2026-08-05 17:09:55,2026-08-05 17:25:55,16,5.53,5.0,cb
TR2608050018674,CL101260,EN00554,velo_elec,Grenoble,ST1048,ST1055,05/08/2026 17:10,2026-08-05 17:46:40,36,6.94,10.0,cb
TR2608050018675,CL104434,EN00518,trottinette,GRENOBLE,ST1049,ST1055,05/08/2026 17:11,2026-08-05 17:23:10,12,3.49,3.64,cb
TR2608050018676,CL105826,EN00541,velo_elec,Grenoble,ST1049,ST1054,05/08/2026 17:11,05/08/2026 17:23,12,3.31,4.0,paypal
TR2608050018677,CL101700,EN00522,velo_elec,Grenoble,ST1049,ST1053,2026-08-05 17:12:41,2026-08-05 17:16:41,4,1.23,2.0,cb
TR2608050018678,CL108584,EN00519,velo_elec,Grenoble,ST1049,ST1051,,2026-08-05 17:10:30,-20,1.02,2.5,cb
TR2608050018679,CL102019,EN00211,velo_elec,Lyon,ST1002,ST1013,2026-08-05 17:18:41,05/08/2026 17:26,8,2.23,3.0,cb
TR2608050018680,CL106577,EN00089,trottinette,Lyon,ST1004,ST1008,2026-08-05 17:28:49,2026-08-05 17:41:49,13,4.36,3.86,abonnement
TR2608050018681,CL100841,EN00193,trottinette,Lyon,ST1005,ST1010,05/08/2026 17:27,2026-08-05 17:37:33,10,2.72,3.2,abonnement
TR2608050018682,CL107707,EN00165,trottinette,Lyon,ST1005,ST9039,2026-08-05 17:23:15,05/08/2026 17:42,19,6.45,5.18,cb
TR2608050018683,CL104814,EN00098,velo_elec,Lyon,ST1010,ST1003,2026-08-05 17:15:50,05/08/2026 17:37,22,4.65,6.5,paypal
TR2608050018684,CL100279,EN00316,velo_elec,Nantes,ST1020,ST1026,05/08/2026 17:22,2026-08-05 17:52:06,30,4.59,8.5,abonnement
TR2608050018685,CL107208,EN00352,velo_elec,Nantes,ST1022,ST1029,2026-08-05 17:27:51,2026-08-05 17:49:51,22,6.59,6.5,paypal
TR2608050018686,CL100775,EN00260,velo_elec,Nante,ST1023,ST1025,2026-08-05 17:28:43,2026-08-05 17:34:43,6,1.49,2.5,
TR2608050018687,CL108501,EN00305,velo_elec,Nantes,ST1028,ST1032,05/08/2026 17:21,2026-08-05 17:32:28,11,1.91,3.75,paypal
TR2608050018688,CL100471,EN00309,trottinette,Nantes,ST1031,ST1032,05/08/2026 17:19,2026-08-05 17:37:06,18,5.2,4.96,cb
TR2608050018689,CL103470,EN00420,trottinette,Lille,ST1034,ST1045,2026-08-05 17:18:15,,6,1.45,2.32,cb
TR2608050018690,CL106668,EN00386,trottinette,lille,ST1039,ST1042,,2026-08-05 17:41:40,12,4.14,3.64,paypal
TR2608050018691,CL103398,EN00425,velo_elec,Lille,ST1046,ST1045,2026-08-05 17:16:55,2026-08-05 17:27:55,11,2.72,3.75,paypal
TR2608050018692,CL103562,EN00411,trottinette,Lille,ST1047,ST1035,,2026-08-05 17:38:56,14,4.5,4.08,cb
TR2608050018693,CL106993,EN00477,trottinette,Lille,ST1047,ST1034,05/08/2026 17:25,2026-08-05 17:32:34,7,1.59,2.54,cb
TR2608050018694,CL100681,EN00526,velo_elec,Grenoble,ST1048,ST1050,2026-08-05 17:25:36,1785944616,18,5.23,5.5,abonnement
TR2608050018695,CL106367,EN00591,velo_elec,Grenoble,ST1049,ST1054,,2026-08-05 17:36:30,7,2.31,2.75,abonnement
TR2608050018696,CL102113,EN00596,velo_elec,Grenoble,ST1050,ST1053,2026-08-05 17:22:09,2026-08-05 17:42:09,20,6.03,6.0,abonnement
TR2608050018697,CL107397,EN00522,velo_elec,Grenoble,ST1053,ST1055,2026-08-05 17:22:24,2026-08-05 17:56:24,34,9.33,9.5,abonnement
TR2608050018698,CL100194,EN00505,velo,Grenoble,ST1053,ST1048,2026-08-05 17:21:05,2026-08-05 17:41:05,20,4.93,4.0,abonnement
TR2608050018699,CL100487,EN00215,velo_elec,lyon,ST1002,ST1016,2026-08-05 17:34:25,2026-08-05 17:48:25,14,2.47,4.5,abonnement
TR2608050018700,CL105437,EN00150,trottinette,Lyon,ST1002,ST1007,2026-08-05 17:39:30,2026-08-05 17:54:30,15,2.68,4.3,abonnement
TR2608050018701,CL101092,EN00057,velo_elec,LYON,ST1002,ST1019,05/08/2026 17:34,,13,3.9,4.25,cb
TR2608050018702,CL100046,EN00196,velo_elec,Lyon,ST1004,ST1007,05/08/2026 17:40,1785945226,13,3.13,4.25,cb
TR2608050018703,CL101347,EN00161,velo_elec,Lyon,ST1007,ST1014,2026-08-05 17:45:32,1785946052,22,4.21,6.5,abonnement
TR2608050018704,CL101124,EN00187,velo_elec,Lyon,ST1009,ST1003,,2026-08-05 17:43:22,10,2.59,3.5,paypal
TR2608050018705,CL103567,EN00034,velo_elec,Lyon,ST1012,ST1012,2026-08-05 17:44:29,2026-08-05 18:04:29,20,6.29,6.0,paypal
TR2608050018706,CL105506,EN00315,velo_elec,Nantes,ST1022,ST1020,2026-08-05 17:43:39,2026-08-05 18:03:39,20,4.49,6.0,cb
TR2608050018707,CL106380,EN00291,velo_elec,Nantes,ST1022,ST1023,2026-08-05 17:31:57,05/08/2026 17:34,6686,0.48,1.75,paypal
TR2608050018708,CL104385,EN00303,velo_elec,Nantes,ST1022,ST1023,2026-08-05 17:45:07,1785945607,15,2.98,4.75,cb
TR2608050018709,CL104845,EN00236,velo_elec,Nantes,ST1022,ST1022,2026-08-05 17:38:59,2026-08-05 18:00:59,22,5.9,6.5,abonnement
TR2608050018710,CL104066,EN00240,trottinette,NANTES,ST1023,ST1030,2026-08-05 17:45:57,2026-08-05 17:51:57,6,2.08,2.32,cb
TR2608050018711,CL104935,EN00358,trottinette,NANTES,ST1024,ST1032,05/08/2026 17:38,1785944892,10,2.79,3.2,paypal
TR2608050018712,CL108174,EN00314,trottinette,Nantes,ST1027,ST1021,2026-08-05 17:40:08,2026-08-05 17:50:08,10,2.3,3.2,paypal
TR2608050018713,CL101130,EN00258,trottinette,Nantes,ST1030,ST1029,05/08/2026 17:44,05/08/2026 17:58,14,3.71,4.08,paypal
TR2608050018714,CL103668,EN00278,trottinette,Nantes,ST1030,ST1021,2026-08-05 17:34:59,2026-08-05 18:01:59,27,6.36,6.94,cb
TR2608050018715,CL107524,EN00222,velo_elec,Nantes,ST1030,ST1025,2026-08-05 17:33:28,2026-08-05 17:42:28,9,2.31,3.25,cb
TR2608050018716,CL105267,EN00327,velo_elec,Nantes,ST1032,ST1023,2026-08-05 17:38:12,2026-08-05 17:54:12,6842,4.81,5.0,cb
TR2608050018717,CL101256,EN00393,trottinette,Lille,ST1034,ST1040,2026-08-05 17:46:12,05/08/2026 18:03,17,3.49,4.74,abonnement
TR2608050018718,CL101336,EN00417,trottinette,Lille,ST1035,ST1040,05/08/2026 17:34,2026-08-05 17:59:50,25,4.52,6.5,abonnement
TR2608050018719,CL101661,EN00430,velo_elec,Lille,ST1036,ST1046,2026-08-05 17:41:40,2026-08-05 17:49:40,8,1.33,3.0,cb
TR2608050018720,CL107792,EN00441,velo_elec,Lille,ST1036,ST1037,2026-08-05 17:40:36,2026-08-05 17:48:36,8,2.79,3.0,cb
TR2608050018721,CL106543,EN00380,velo_elec,lille,ST1046,ST1043,2026-08-05 17:39:16,2026-08-05 17:49:16,10,2.05,3.5,cb
TR2608050018722,CL102300,EN00404,trottinette,Lille,ST1047,ST1039,05/08/2026 17:40,2026-08-05 17:51:40,-28,3.44,3.42,cb
TR2608050018723,CL105426,EN00537,velo_elec,Grenoble,ST1048,ST1048,2026-08-05 17:36:33,2026-08-05 17:50:33,14,4.74,4.5,abonnement
TR2608050018724,CL100275,EN00523,velo_elec,grenoble,ST1049,ST1056,1785944410,2026-08-05 17:47:10,7,2.13,2.75,cb
TR2608050018725,CL107990,EN00541,velo_elec,grenoble,ST1054,ST1058,2026-08-05 17:36:20,2026-08-05 18:08:20,32,6.71,9.0,cb
TR2608050018726,CL102126,EN00503,trottinette,Grenoble,ST1057,ST1057,05/08/2026 17:37,2026-08-05 17:49:44,12,3.08,3.64,paypal
TR2608050018727,CL101464,EN00598,velo_elec,Grenoble,ST1058,ST1048,2026-08-05 17:35:55,2026-08-05 17:46:55,11,1.74,3.75,abonnement
TR2608050018728,CL105364,EN00534,trottinette,Grenoble,ST1058,ST1057,2026-08-05 17:45:08,2026-08-05 17:48:08,3,0.65,1.66,cb
TR2608050018729,CL102598,EN00021,trottinette,Lyon,ST1001,ST1016,2026-08-05 17:54:11,05/08/2026 18:12,18,4.41,4.96,cb
TR2608050018730,CL104909,EN00098,velo_elec,Lyon,ST1003,ST1006,2026-08-05 17:54:00,2026-08-05 17:59:00,5,1.32,2.25,paypal
TR2608050018731,CL100273,EN00160,velo_elec,Lyon,ST1006,ST1014,2026-08-05 17:50:12,2026-08-05 17:57:12,7,1.47,2.75,cb
TR2608050018732,CL101203,EN00036,velo_elec,Lyon,ST1009,ST1012,2026-08-05 17:51:32,2026-08-05 17:58:32,7,2.16,2.75,cb
TR2608050018733,CL103060,EN00193,trottinette,Lyon,ST1010,ST1017,2026-08-05 17:46:03,2026-08-05 17:55:03,9,1.4,2.98,cb
TR2608050018734,CL103295,EN00099,velo_elec,Lyon,ST1012,ST1015,2026-08-05 17:55:56,05/08/2026 18:04,9,1.62,3.25,abonnement
TR2608050018735,CL108546,EN00211,velo_elec,Lyon,ST1013,ST1012,2026-08-05 17:58:49,2026-08-05 18:05:49,7,2.45,2.75,cb
TR2608050018736,CL103146,EN00047,velo_elec,Lyon,ST1015,ST1010,2026-08-05 17:48:54,05/08/2026 17:55,7,1.87,2.75,abonnement
TR2608050018737,CL106482,EN00206,velo_elec,Lyon,ST1018,ST1017,2026-08-05 17:58:32,2026-08-05 18:02:32,4,0.9,2.0,abonnement
TR2608050018738,CL104314,EN00123,velo_elec,Lyon,ST1018,ST1014,05/08/2026 17:55,05/08/2026 18:03,8,1.34,3.0,cb
TR2608050018739,CL104587,EN00286,velo_elec,Nantes,ST1020,ST1033,1785945168,2026-08-05 17:56:48,4,1.21,2.0,abonnement
TR2608050018740,CL105094,EN00271,velo_elec,Nantes,ST1020,ST1031,2026-08-05 17:53:35,2026-08-05 17:58:35,5,0.78,2.25,
TR2608050018741,CL108354,EN00267,trottinette,Nantes,ST1025,ST1033,2026-08-05 17:46:55,2026-08-05 17:50:55,4,1.07,,cb
TR2608050018742,CL102996,EN00222,velo_elec,Nantes,ST1025,ST1026,2026-08-05 17:58:30,2026-08-05 18:18:30,20,6.48,6.0,abonnement
TR2608050018743,CL106017,EN00250,velo_elec,Nante,ST1026,ST1033,2026-08-05 18:00:45,2026-08-05 18:07:45,7,2.06,2.75,cb
TR2608050018744,CL108493,EN00264,trottinette,Nantes,ST1028,ST9225,05/08/2026 17:47,2026-08-05 17:52:12,5,1.24,2.1,abonnement
TR2608050018745,CL101241,EN00498,trottinette,Lille,ST1034,ST1047,1785945046,05/08/2026 17:54,4,0.84,1.88,abonnement
TR2608050018746,CL106365,EN00413,trottinette,Lille,ST1038,ST1042,2026-08-05 17:59:34,2026-08-05 18:18:34,19,6.26,5.18,cb
TR2608050018747,CL106304,EN00386,trottinette,Lille,ST1042,ST1046,2026-08-05 17:59:49,,5,1.01,2.1,abonnement
TR2608050018748,CL107095,EN00383,trottinette,Lille,ST1046,ST1042,2026-08-05 17:59:17,1785946157,10,1.62,3.2,paypal
TR2608050018749,CL107143,EN00591,velo_elec,Grenoble,ST1054,ST1055,2026-08-05 17:53:22,2026-08-05 18:03:22,10,2.62,3.5,cb
TR2608050018750,CL101297,EN00599,trottinette,Grenoble,ST1058,ST1058,1785945653,2026-08-05 18:17:53,17,3.49,4.74,paypal
TR2608050018751,CL100421,EN00165,trottinette,Lyon,ST1001,ST1013,2026-08-05 18:10:12,2026-08-05 18:23:12,13,3.84,3.86,cb
TR2608050018752,CL107586,EN00050,velo_elec,Lyon,ST1001,ST1013,2026-08-05 18:06:34,2026-08-05 18:37:34,31,6.14,8.75,abonnement
TR2608050018753,CL105134,EN00018,trottinette,Lyon,ST1001,ST1013,2026-08-05 18:03:26,2026-08-05 18:12:26,9,2.97,2.98,abonnement
TR2608050018754,CL101557,EN00187,velo_elec,Lyon,ST1003,ST1013,2026-08-05 18:12:15,2026-08-05 18:20:15,8,1.46,3.0,cb
TR2608050018755,CL103205,EN00216,velo_elec,Lyon,ST1003,ST1015,2026-08-05 18:05:33,2026-08-05 18:24:33,19,6.06,5.75,paypal
TR2608050018756,CL106613,EN00067,velo_elec,Lyon,ST1003,ST1010,05/08/2026 18:05,2026-08-05 18:08:47,3,0.72,1.75,cb
TR2608050018757,CL105577,EN00203,trottinette,Lyon,ST1004,ST1015,2026-08-05 18:13:19,05/08/2026 18:23,10,3.33,3.2,abonnement
TR2608050018758,CL103897,EN00049,trottinette,lyon,ST1009,ST1013,,2026-08-05 18:13:43,12,3.51,3.64,cb
TR2608050018759,CL105329,EN00139,velo_elec,Lyon,ST1016,ST1007,1785946450,2026-08-05 18:27:10,13,3.13,4.25,cb
TR2608050018760,CL108532,EN00057,velo_elec,Lyon,ST1019,ST1019,2026-08-05 18:05:23,2026-08-05 18:31:23,26,4.56,7.5,abonnement
TR2608050018761,CL107953,EN00269,velo_elec,Nantes,ST1021,ST1026,2026-08-05 18:15:04,2026-08-05 18:43:04,28,7.2,8.0,cb
TR2608050018762,CL105686,EN00245,velo_elec,Nantes,ST1022,ST1029,,2026-08-05 18:19:01,13,1.97,4.25,cb
TR2608050018763,CL104906,EN00291,velo_elec,Nantes,ST1023,ST1025,2026-08-05 18:13:54,2026-08-05 18:27:54,14,3.16,4.5,abonnement
TR2608050018764,CL105311,EN00303,velo_elec,nantes,ST1023,ST1031,2026-08-05 18:15:03,2026-08-05 18:39:03,24,5.69,7.0,cb
TR2608050018765,CL100786,EN00264,trottinette,Nantes,ST1024,ST1024,2026-08-05 18:04:49,2026-08-05 18:09:49,5,0.98,2.1,abonnement
TR2608050018766,CL104382,EN00248,trottinette,Nantes,ST1025,ST1023,2026-08-05 18:03:32,2026-08-05 18:10:32,7,2.25,2.54,paypal
TR2608050018767,CL108782,EN00260,velo_elec,Nantes,ST1025,ST1021,2026-08-05 18:05:45,05/08/2026 18:11,6,1.03,2.5,abonnement
TR2608050018768,CL102094,EN00359,trottinette,Nantes,ST1029,ST1025,2026-08-05 18:05:59,2026-08-05 18:14:59,9,2.24,2.98,cb
TR2608050018769,CL107056,EN00355,velo_elec,Nantes,ST1029,ST1025,2026-08-05 18:08:09,2026-08-05 18:15:09,7,1.13,2.75,paypal
TR2608050018770,CL100064,EN00240,trottinette,Nantes,ST1030,ST1026,2026-08-05 18:06:25,2026-08-05 18:41:25,35,6.89,8.7,
TR2608050018771,CL100961,EN00462,velo_elec,Lille,ST1034,ST1044,05/08/2026 18:07,2026-08-05 18:21:42,14,2.12,4.5,cb
TR2608050018772,CL101474,EN00488,velo_elec,Lille,ST1035,ST1042,2026-08-05 18:06:20,2026-08-05 18:22:20,16,5.26,5.0,abonnement
TR2608050018773,CL100490,EN00441,velo_elec,Lille,ST1037,ST1046,2026-08-05 18:02:47,05/08/2026 18:15,13,2.29,4.25,paypal
TR2608050018774,CL106356,EN00446,trottinette,Lille,ST1038,ST1042,2026-08-05 18:12:59,2026-08-05 18:20:59,8,1.39,2.76,cb
TR2608050018775,CL102030,EN00440,trottinette,Lille,ST1042,ST1045,2026-08-05 18:06:44,2026-08-05 18:16:44,10,1.53,3.2,cb
TR2608050018776,CL107946,EN00380,velo_elec,Lille,ST1043,ST1045,2026-08-05 18:12:39,2026-08-05 18:23:39,11,2.81,3.75,cb
TR2608050018777,CL104447,EN00430,velo_elec,Lille,ST1046,ST1043,2026-08-05 18:03:46,2026-08-05 18:14:46,11,2.24,3.75,cb
TR2608050018778,CL107701,EN00598,velo_elec,GRENOBLE,ST1048,ST1050,2026-08-05 18:03:36,2026-08-05 18:13:36,10,2.55,3.5,cb
TR2608050018779,CL106601,EN00559,trottinette,Grenoble,ST1050,ST1052,05/08/2026 18:10,2026-08-05 18:18:51,8,2.51,2.76,abonnement
TR2608050018780,CL105049,EN00549,velo_elec,Grenoble,ST1052,ST1055,2026-08-05 18:08:29,05/08/2026 18:20,12,3.41,4.0,cb
TR2608050018781,CL106637,EN00518,trottinette,Grenoble,ST1055,ST1053,2026-08-05 18:15:10,2026-08-05 18:32:10,17,3.01,4.74,cb
TR2608050018782,CL103935,EN00523,velo_elec,Grenoble,ST1056,ST1056,2026-08-05 18:06:13,2026-08-05 18:27:13,21,6.87,6.25,abonnement
TR2608050018783,CL103994,EN00023,trottinette,Lyon,ST1001,ST1014,05/08/2026 18:25,2026-08-05 18:35:20,10,2.17,3.2,cb
TR2608050018784,CL107426,EN00008,trottinette,Lyon,ST1002,ST1011,2026-08-05 18:27:27,2026-08-05 18:38:27,11,2.94,3.42,cb
TR2608050018785,CL103968,EN00054,trottinette,Lyon,ST1002,ST1017,2026-08-05 18:29:25,2026-08-05 18:44:25,15,4.76,4.3,abonnement
TR2608050018786,CL101417,EN00083,velo_elec,Lyon,ST1002,ST1018,2026-08-05 18:18:39,2026-08-05 18:28:39,10,2.75,3.5,abonnement
TR2608050018787,CL106242,EN00121,trottinette,lyon,ST1002,ST1006,2026-08-05 18:18:16,2026-08-05 18:33:16,15,3.42,4.3,cb
TR2608050018788,CL100606,EN00217,velo_elec,Lyon,ST1003,ST1007,05/08/2026 18:29,2026-08-05 18:38:06,9,2.76,3.25,paypal
TR2608050018789,CL104104,EN00124,velo_elec,Lyon,ST1004,ST1019,2026-08-05 18:23:14,05/08/2026 18:32,9,2.89,3.25,cb
TR2608050018790,CL100447,EN00136,trottinette,Lyon,ST1004,ST1003,2026-08-05 18:21:32,2026-08-05 18:38:32,17,4.25,4.74,abonnement
TR2608050018791,CL108571,EN00098,velo_elec,Lyon,ST1006,ST1007,05/08/2026 18:30,2026-08-05 18:34:00,4,1.1,2.0,cb
TR2608050018792,CL103549,EN00065,trottinette,Lyon,ST1009,ST1007,05/08/2026 18:30,2026-08-05 18:41:41,11,2.71,3.42,paypal
TR2608050018793,CL105711,EN00179,trottinette,Lyon,ST1010,ST1007,2026-08-05 18:21:33,1785947553,11,3.55,3.42,paypal
TR2608050018794,CL101065,EN00002,velo_elec,LYON,ST1010,ST1013,2026-08-05 18:20:59,2026-08-05 18:33:59,-9,3.7,4.25,abonnement
TR2608050018795,CL100951,EN00211,velo_elec,Lyon,ST1012,ST1010,05/08/2026 18:21,2026-08-05 18:30:07,9,3.1,3.25,abonnement
TR2608050018796,CL105661,EN00036,velo_elec,Lyon,ST1012,ST1019,2026-08-05 18:19:40,2026-08-05 18:37:40,18,6.2,5.5,cb
TR2608050018797,CL103578,EN00077,trottinette,Lyon,ST1013,ST1018,1785947425,2026-08-05 18:44:25,14,3.71,4.08,cb
TR2608050018798,CL100474,EN00100,velo_elec,Lyon,ST1018,ST1012,2026-08-05 18:25:19,2026-08-05 18:40:19,15,4.82,4.75,cb
TR2608050018799,CL107885,EN00103,trottinette,lyon,ST1018,ST1019,2026-08-05 18:31:05,05/08/2026 18:45,14,3.98,4.08,cb
TR2608050018800,CL103667,EN00186,trottinette,Lyon,ST1019,ST1001,2026-08-05 18:19:10,2026-08-05 18:23:10,4,1.08,1.88,paypal
TR2608050018801,CL106303,EN00351,trottinette,Nantes,ST1020,ST1021,2026-08-05 18:21:13,2026-08-05 19:24:13,63,11.52,14.86,cb
TR2608050018802,CL102306,EN00314,trottinette,Nantes,ST1021,ST1022,2026-08-05 18:28:16,,35,6.0,8.7,paypal
TR2608050018803,CL105831,EN00321,velo_elec,Nantes,ST1021,ST1031,2026-08-05 18:30:12,2026-08-05 19:01:12,31,6.16,8.75,cb
TR2608050018804,CL103721,EN00259,trottinette,Nantes,ST1022,ST1028,2026-08-05 18:19:34,2026-08-05 18:29:34,10,1.93,3.2,cb
TR2608050018805,CL104949,EN00237,velo_elec,Nantes,ST1022,ST1032,2026-08-05 18:26:21,2026-08-05 18:42:21,16,3.36,5.0,cb
TR2608050018806,CL102271,EN00248,trottinette,Nantes,ST1023,ST1025,2026-08-05 18:15:38,2026-08-05 18:27:38,12,2.51,3.64,abonnement
TR2608050018807,CL103430,EN00298,trottinette,Nantes,ST1029,ST1030,2026-08-05 18:28:01,,32,8.33,8.04,abonnement
TR2608050018808,CL102279,EN00334,trottinette,Nante,ST1030,ST1020,2026-08-05 18:18:17,2026-08-05 18:39:17,21,3.82,5.62,paypal
TR2608050018809,CL100979,EN00305,velo_elec,Nantes,ST1032,ST1022,2026-08-05 18:21:49,05/08/2026 18:35,14,3.8,4.5,paypal
TR2608050018810,CL102157,EN00477,trottinette,Lille,ST1034,ST1038,,2026-08-05 18:32:33,8,1.73,2.76,abonnement
TR2608050018811,CL101787,EN00411,trottinette,lille,ST1035,ST1038,2026-08-05 18:26:58,2026-08-05 18:32:58,6,1.98,2.32,abonnement
TR2608050018812,CL106962,EN00368,trottinette,Lille,ST1036,ST1037,2026-08-05 18:27:37,05/08/2026 18:49,22,5.15,5.84,paypal
TR2608050018813,CL105215,EN00384,trottinette,Lille,ST1040,ST1045,2026-08-05 18:20:41,2026-08-05 18:29:41,9,3.02,2.98,
TR2608050018814,CL106846,EN00476,trottinette, Lille,ST1040,ST1047,2026-08-05 18:23:20,2026-08-05 18:28:20,5,0.88,2.1,cb
TR2608050018815,CL100360,EN00396,velo_elec,LILLE,ST1041,ST1046,2026-08-05 18:27:42,2026-08-05 18:31:42,4,0.7,2.0,cb
TR2608050018816,CL104771,EN00386,trottinette,Lille,ST1046,ST1035,05/08/2026 18:20,2026-08-05 19:00:19,40,8.24,9.8,abonnement
TR2608050018817,CL100825,EN00441,velo_elec,Lille,ST1046,ST1042,2026-08-05 18:25:00,2026-08-05 18:39:00,14,2.55,4.5,abonnement
TR2608050018818,CL101171,EN00548,trottinette,Grenoble,ST1049,ST1055,2026-08-05 18:21:40,2026-08-05 18:35:40,14,3.82,4.08,cb
TR2608050018819,CL102245,EN00524,velo_elec,Grenoble,ST1049,ST1055,05/08/2026 18:20,2026-08-05 18:26:31,6,1.13,2.5,cb
TR2608050018820,CL103999,EN00517,trottinette,Grenoble,ST1049,ST1048,2026-08-05 18:28:17,2026-08-05 18:43:17,15,2.31,4.3,cb
TR2608050018821,CL104418,EN00589,velo_elec,Grenoble,ST1052,ST1055,05/08/2026 18:21,2026-08-05 18:25:37,4,0.93,2.0,abonnement
TR2608050018822,CL108556,EN00596,velo_elec,Grenoble,ST1053,ST1050,2026-08-05 18:21:10,,6,1.26,2.5,abonnement
TR2608050018823,CL103288,EN00522,velo_elec,Grenoble,ST1055,ST1048,2026-08-05 18:28:45,2026-08-05 18:44:45,16,4.9,5.0,cb
TR2608050018824,CL104456,EN00527,velo_elec,Grenoble,ST1057,ST1054,,2026-08-05 18:44:55,16,5.09,5.0,cb
TR2608050018825,CL107712,EN00030,trottinette,Lyon,ST1002,ST1005,2026-08-05 18:40:37,2026-08-05 18:46:37,6,1.48,2.32,abonnement
TR2608050018826,CL100869,EN00172,trottinette,Lyon,ST1004,ST1016,,2026-08-05 18:44:56,4,0.96,1.88,cb
TR2608050018827,CL101931,EN00181,velo_elec,Lyon,ST1004,ST1018,05/08/2026 18:38,2026-08-05 18:45:15,7,1.76,2.75,cb
TR2608050018828,CL100212,EN00096,velo_elec,Lyon,ST1004,ST1013,05/08/2026 18:39,2026-08-05 18:58:16,19,3.17,5.75,cb
TR2608050018829,CL108199,EN00139,velo_elec,Lyon ,ST1007,ST1014,2026-08-05 18:45:05,2026-08-05 18:56:05,11,3.42,3.75,cb
TR2608050018830,CL101341,EN00144,trottinette,Lyon,ST1010,ST1006,1785947571,2026-08-05 18:42:51,10,1.56,3.2,abonnement
TR2608050018831,CL108893,EN00211,velo_elec,Lyon,ST1010,ST1014,2026-08-05 18:34:30,05/08/2026 18:37,3,0.67,1.75,paypal
TR2608050018832,CL108122,EN00034,velo_elec,Lyon,ST1012,ST1014,2026-08-05 18:36:37,2026-08-05 18:50:37,14,4.29,4.5,cb
TR2608050018833,CL100553,EN00075,trottinette,Lyon,ST1014,ST1016,2026-08-05 18:38:56,2026-08-05 18:45:56,7,1.67,2.54,paypal
TR2608050018834,CL103984,EN00201,velo_elec,Lyon,ST1016,ST1003,,2026-08-05 19:04:46,21,5.19,6.25,cb
TR2608050018835,CL100132,EN00215,velo_elec,Lyon,ST1016,ST1013,2026-08-05 18:39:34,2026-08-05 19:00:34,21,4.57,6.25,
TR2608050018836,CL104755,EN00083,velo_elec,Lyon,ST1018,ST1012,2026-08-05 18:45:53,2026-08-05 19:28:53,43,14.28,11.75,cb
TR2608050018837,CL101294,EN00287,velo_elec,Nantes,ST1020,ST1026,2026-08-05 18:35:27,2026-08-05 18:46:27,11,1.66,3.75,paypal
TR2608050018838,CL101461,EN00340,velo_elec,Nantes,ST1022,ST1025,1785947931,2026-08-05 18:50:51,12,2.34,4.0,cb
TR2608050018839,CL102268,EN00328,velo_elec,Nantes,ST1022,ST1024,2026-08-05 18:38:18,2026-08-05 18:48:18,10,2.71,3.5,abonnement
TR2608050018840,CL102677,EN00264,trottinette,Nantes,ST1024,ST1026,,2026-08-05 18:53:35,10,2.76,3.2,cb
TR2608050018841,CL106272,EN00316,velo_elec,Nantes,ST1026,ST1028,2026-08-05 18:33:26,2026-08-05 18:51:26,18,4.78,5.5,cb
TR2608050018842,CL107916,EN00259,trottinette,Nantes,ST1028,ST9276,2026-08-05 18:42:54,05/08/2026 19:01,19,6.62,5.18,abonnement
TR2608050018843,CL100775,EN00224,velo_elec,Nantes,ST1028,ST1028,1785947743,2026-08-05 19:07:43,32,10.62,9.0,cb
TR2608050018844,CL108241,EN00258,trottinette,Nantes,ST1029,ST1020,2026-08-05 18:36:47,2026-08-05 18:54:47,18,3.34,4.96,abonnement
TR2608050018845,CL103396,EN00309,trottinette,Nantes,ST1032,ST1028,2026-08-05 18:43:25,2026-08-05 18:46:25,3,0.95,1.66,cb
TR2608050018846,CL100854,EN00422,velo_elec,Lille,ST1034,ST1043,2026-08-05 18:39:30,2026-08-05 18:59:30,20,4.17,6.0,abonnement
TR2608050018847,CL108066,EN00473,trottinette,Lille,ST1034,ST1038,2026-08-05 18:32:29,2026-08-05 18:36:29,4,0.8,1.88,cb
TR2608050018848,CL107561,EN00379,velo_elec,Lille,ST1034,ST1036,2026-08-05 18:37:17,2026-08-05 18:44:17,7,1.54,2.75,cb
TR2608050018849,CL106409,EN00401,trottinette,Lille,ST1035,ST1039,2026-08-05 18:37:45,2026-08-05 18:45:45,8,1.5,,paypal
TR2608050018850,CL101210,EN00409,trottinette,Lille,ST1035,ST1040,2026-08-05 18:43:38,05/08/2026 18:53,10,2.82,3.2,cb
TR2608050018851,CL101974,EN00459,velo_elec,Lille,ST1035,ST1039,1785948308,2026-08-05 18:56:08,11,1.75,3.75,abonnement
TR2608050018852,CL102049,EN00424,velo_elec, Lille,ST1037,ST1041,2026-08-05 18:46:16,,19,3.45,5.75,
TR2608050018853,CL107479,EN00370,velo_elec,Lille,ST1038,ST1045,1785947999,2026-08-05 19:02:59,23,3.94,6.75,cb
TR2608050018854,CL100366,EN00412,trottinette,Lille,ST1039,ST1038,2026-08-05 18:41:36,2026-08-05 19:09:36,28,5.7,7.16,cb
TR2608050018855,CL103277,EN00404,trottinette,Lille,ST1039,ST1046,2026-08-05 18:40:22,2026-08-05 18:51:22,11,2.46,3.42,abonnement
TR2608050018856,CL106710,EN00430,velo_elec,Lille,ST1043,ST1044,2026-08-05 18:39:44,2026-08-05 18:48:44,9,1.45,3.25,abonnement
TR2608050018857,CL106922,EN00498,trottinette,Lille,ST1047,ST1035,2026-08-05 18:36:43,2026-08-05 18:43:43,7,1.95,2.54,cb
TR2608050018858,CL103844,EN00582,trottinette,Grenoble,ST1048,ST1050,2026-08-05 18:43:37,1785948937,12,3.58,3.64,paypal
TR2608050018859,CL108233,EN00515,trottinette,Grenoble,ST1049,ST1053,05/08/2026 18:31,05/08/2026 18:43,12,3.97,3.64,paypal
TR2608050018860,CL105220,EN00598,velo_elec,Grenoble,ST1050,ST1052,1785948338,2026-08-05 18:53:38,8,2.23,3.0,paypal
TR2608050018861,CL103090,EN00596,velo_elec,Grenoble,ST1050,ST1051,05/08/2026 18:38,2026-08-05 18:53:14,15,3.09,4.75,cb
TR2608050018862,CL100902,EN00567,velo_elec,Grenoble ,ST1052,ST1050,2026-08-05 18:39:01,2026-08-05 18:51:01,12,2.62,4.0,cb
TR2608050018863,CL101951,EN00541,velo_elec,Grenoble ,ST1058,ST1048,05/08/2026 18:37,2026-08-05 18:49:01,12,2.43,4.0,paypal
TR2608050018864,CL103859,EN00168,velo_elec,Lyon,ST1001,ST1001,2026-08-05 18:54:23,2026-08-05 19:06:23,12,1.94,4.0,cb
TR2608050018865,CL108006,EN00192,velo_elec,Lyon,ST1003,ST1012,2026-08-05 18:50:42,05/08/2026 19:03,13,2.76,4.25,cb
TR2608050018866,CL104986,EN00194,velo_elec,Lyon,ST1004,ST1015,2026-08-05 18:46:43,2026-08-05 18:51:43,5,1.71,2.25,abonnement
TR2608050018867,CL102960,EN00144,trottinette,Lyon,ST1006,ST1016,2026-08-05 18:48:28,2026-08-05 18:55:28,7,1.17,2.54,cb
TR2608050018868,CL107340,EN00008,trottinette,Lyon,ST1011,ST1013,05/08/2026 18:50,2026-08-05 19:04:44,14,3.98,4.08,abonnement
TR2608050018869,CL105777,EN00252,velo_elec,Nante,ST1020,ST1025,2026-08-05 18:46:45,2026-08-05 19:03:45,17,4.27,5.25,cb
TR2608050018870,CL108675,EN00327,velo_elec,nantes,ST1023,ST1032,2026-08-05 18:48:26,2026-08-05 18:58:26,10,2.24,3.5,cb
TR2608050018871,CL104411,EN00355,velo_elec,Nantes,ST1025,ST1025,2026-08-05 18:54:00,05/08/2026 19:03,9,1.53,3.25,cb
TR2608050018872,CL100308,EN00309,trottinette,Nantes,ST1028,ST1022,2026-08-05 18:51:58,2026-08-05 18:59:58,8,2.54,2.76,cb
TR2608050018873,CL102133,EN00358,trottinette,Nantes,ST1032,ST1022,2026-08-05 18:53:08,05/08/2026 19:02,9,2.95,2.98,cb
TR2608050018874,CL108738,EN00385,velo_elec,Lille,ST1034,ST1037,2026-08-05 19:00:30,2026-08-05 19:24:30,24,4.51,7.0,cb
TR2608050018875,CL105332,EN00498,trottinette,Lille,ST1035,ST1039,05/08/2026 18:55,05/08/2026 19:03,8,2.61,2.76,cb
TR2608050018876,CL108455,EN00445,velo_elec,Lille,ST1035,ST1035,2026-08-05 18:57:50,2026-08-05 19:03:50,6,1.01,2.5,abonnement
TR2608050018877,CL104679,EN00423,velo_elec,Lille,ST1035,ST1037,2026-08-05 18:47:20,2026-08-05 18:58:20,11,3.63,3.75,paypal
TR2608050018878,CL108883,EN00366,trottinette,Lille,ST1035,ST1047,2026-08-05 18:58:19,,9,1.65,2.98,cb
TR2608050018879,CL106655,EN00496,velo_elec,LILLE,ST1036,ST1034,2026-08-05 18:54:13,2026-08-05 19:03:13,9,2.1,3.25,abonnement
TR2608050018880,CL102257,EN00363,velo_elec,Lille,ST1036,ST1044,2026-08-05 18:46:52,2026-08-05 18:54:52,-24,1.84,3.0,abonnement
TR2608050018881,CL100360,EN00444,trottinette,Lille,ST1038,ST1036,2026-08-05 18:56:12,2026-08-05 19:06:12,10,2.51,3.2,cb
TR2608050018882,CL104193,EN00462,velo_elec,Lille,ST1044,ST1041,2026-08-05 18:49:05,,17,3.83,5.25,abonnement
TR2608050018883,CL108841,EN00396,velo_elec,Lille,ST1046,ST1047,2026-08-05 18:55:51,05/08/2026 19:05,10,2.72,3.5,paypal
TR2608050018884,CL105714,EN00476,trottinette,Lille,ST1047,ST1046,2026-08-05 18:48:30,2026-08-05 19:12:30,24,7.25,6.28,paypal
TR2608050018885,CL105167,EN00522,velo_elec,Grenoble,ST1048,ST1049,2026-08-05 18:51:49,2026-08-05 19:05:49,14,4.34,4.5,paypal
TR2608050018886,CL106601,EN00544,velo_elec,Grenoble,ST1049,ST1051,2026-08-05 18:55:48,2026-08-05 19:08:48,13,2.0,4.25,cb
TR2608050018887,CL104459,EN00186,trottinette,Lyon ,ST1001,ST1019,2026-08-05 19:11:56,2026-08-05 19:23:56,12,2.16,3.64,cb
TR2608050018888,CL100957,EN00191,trottinette,Lyon,ST1002,ST1007,2026-08-05 19:11:03,2026-08-05 19:18:03,7,2.18,2.54,cb
TR2608050018889,CL105637,EN00028,trottinette,Lyon,ST1004,ST1012,2026-08-05 19:02:57,2026-08-05 19:25:57,23,4.49,6.06,cb
TR2608050018890,CL101966,EN00030,trottinette,Lyon,ST1005,ST1003,2026-08-05 19:13:49,2026-08-05 19:19:49,6,1.03,2.32,cb
TR2608050018891,CL103994,EN00089,trottinette,Lyon,ST1008,ST1009,2026-08-05 19:03:47,2026-08-05 19:09:47,6,1.4,2.32,cb
TR2608050018892,CL103582,EN00153,velo_elec,Lyon,ST1014,ST1006,05/08/2026 19:07,2026-08-05 19:15:38,8,2.24,3.0,abonnement
TR2608050018893,CL107475,EN00036,velo_elec,Lyon,ST1019,ST1012,2026-08-05 19:11:32,2026-08-05 19:25:32,14,3.68,4.5,cb
TR2608050018894,CL104188,EN00260,velo_elec,Nantes,ST1021,ST1030,1785949989,2026-08-05 19:19:09,6,1.48,2.5,abonnement
TR2608050018895,CL103132,EN00299,trottinette,Nantes,ST1021,ST1024,05/08/2026 19:09,2026-08-05 19:19:12,10,2.19,3.2,cb
TR2608050018896,CL108815,EN00305,velo_elec,Nantes,ST1022,ST1032,2026-08-05 19:04:47,05/08/2026 19:24,20,3.84,6.0,cb
TR2608050018897,CL100817,EN00269,velo_elec,Nantes,ST1026,ST1020,1785949688,2026-08-05 19:10:08,2,0.34,1.5,cb
TR2608050018898,CL100186,EN00389,trottinette,Lille,ST1034,ST1038,2026-08-05 19:16:03,2026-08-05 19:27:03,11,3.04,3.42,cb
TR2608050018899,CL108573,EN00406,velo_elec,LILLE,ST1034,ST1038,2026-08-05 19:10:09,2026-08-05 19:25:09,15,4.38,4.75,cb
TR2608050018900,CL108176,EN00482,velo_elec,Lille,ST1034,ST1042,2026-08-05 19:02:48,2026-08-05 19:17:48,15,3.58,4.75,cb
TR2608050018901,CL107094,EN00388,velo_elec,lille,ST1034,ST1039,2026-08-05 19:09:59,05/08/2026 19:19,10,3.05,3.5,paypal
TR2608050018902,CL108661,EN00495,trottinette,Lille,ST1035,ST1046,2026-08-05 19:12:00,05/08/2026 19:27,15,2.68,4.3,abonnement
TR2608050018903,CL104848,EN00484,velo_elec,LILLE,ST1036,ST1043,2026-08-05 19:01:27,2026-08-05 19:26:27,25,4.28,7.25,abonnement
TR2608050018904,CL106317,EN00368,trottinette,Lille,ST1037,ST1044,2026-08-05 19:14:18,2026-08-05 19:32:18,18,4.63,4.96,abonnement
TR2608050018905,CL107460,EN00423,velo_elec,Lille,ST1037,ST1037,2026-08-05 19:13:17,05/08/2026 19:23,6077,3.14,3.5,paypal
TR2608050018906,CL105112,EN00446,trottinette,Lille,ST1042,ST1038,2026-08-05 19:10:18,2026-08-05 19:20:18,10,3.43,3.2,abonnement
TR2608050018907,CL101213,EN00422,velo_elec,Lille,ST1043,ST1043,2026-08-05 19:06:18,2026-08-05 19:24:18,18,4.58,5.5,cb
TR2608050018908,CL108578,EN00430,velo_elec,Lille,ST1044,ST1037,2026-08-05 19:12:56,2026-08-05 19:23:56,11,2.15,3.75,abonnement
TR2608050018909,CL108870,EN00363,velo_elec,Lille,ST1044,ST1034,2026-08-05 19:15:15,2026-08-05 19:20:15,5,1.06,2.25,cb
TR2608050018910,CL104499,EN00425,velo_elec,Lille,ST1045,ST1034,2026-08-05 19:10:45,05/08/2026 19:19,9,2.7,3.25,cb
TR2608050018911,CL101605,EN00541,velo_elec,Grenoble,ST1048,ST1058,,2026-08-05 19:07:20,5,1.55,2.25,cb
TR2608050018912,CL107195,EN00516,velo_elec,Grenoble,ST1048,ST1052,2026-08-05 19:09:28,2026-08-05 19:25:28,16,2.97,5.0,cb
TR2608050018913,CL108279,EN00567,velo_elec,Grenoble,ST1050,ST1057,2026-08-05 19:01:24,2026-08-05 19:05:24,4,0.85,2.0,abonnement
TR2608050018914,CL108022,EN00518,trottinette,Grenoble,ST1053,ST1055,2026-08-05 19:06:31,2026-08-05 19:15:31,9,3.0,2.98,cb
TR2608050018915,CL102588,EN00133,velo_elec,Lyon,ST1001,ST1007,2026-08-05 19:20:31,2026-08-05 19:39:31,19,4.51,5.75,abonnement
TR2608050018916,CL108952,EN00065,trottinette,Lyon,ST1007,ST1003,1785950407,2026-08-05 19:29:07,9,2.28,2.98,paypal
TR2608050018917,CL106127,EN00094,velo_elec,Lyon,ST1008,ST1011,2026-08-05 19:18:34,2026-08-05 19:23:34,5,1.52,2.25,abonnement
TR2608050018918,CL101973,EN00089,trottinette,Lyon,ST1009,ST1006,2026-08-05 19:19:26,2026-08-05 19:38:26,19,4.83,5.18,abonnement
TR2608050018919,CL104498,EN00075,trottinette,Lyon,ST1016,ST1015,1785950493,1785951573,18,2.88,4.96,paypal
TR2608050018920,CL103026,EN00309,trottinette,Nantes,ST1022,ST1028,2026-08-05 19:17:40,2026-08-05 19:42:40,25,4.42,6.5,cb
TR2608050018921,CL108995,EN00359,trottinette,Nantes,ST1025,ST1026,1785950755,05/08/2026 19:29,4,1.27,1.88,cb
TR2608050018922,CL100012,EN00227,trottinette,Nantes,ST1027,ST1020,1785951011,2026-08-05 19:59:11,29,7.47,7.38,paypal
TR2608050018923,CL107664,EN00316,velo_elec,Nantes,ST1028,ST1032,2026-08-05 19:20:56,2026-08-05 19:25:56,5,1.04,2.25,abonnement
TR2608050018924,CL102193,EN00271,velo_elec,Nantes,ST1031,ST1030,2026-08-05 19:21:10,2026-08-05 19:28:10,7,2.26,2.75,abonnement
TR2608050018925,CL106786,EN00444,trottinette,Lille,ST1036,ST1037,2026-08-05 19:20:12,2026-08-05 19:24:12,4,0.64,1.88,cb
TR2608050018926,CL102548,EN00411,trottinette,Lille,ST1038,ST1047,2026-08-05 19:24:43,2026-08-05 19:45:43,21,6.42,5.62,cb
TR2608050018927,CL103929,EN00537,velo_elec,Grenoble,ST1048,ST1048,05/08/2026 19:26,2026-08-05 19:31:22,5,1.28,2.25,cb
TR2608050018928,CL101866,EN00520,velo_elec,Grenoble,ST1048,ST1051,2026-08-05 19:16:45,2026-08-05 19:22:45,6,1.28,2.5,abonnement
TR2608050018929,CL102097,EN00522,velo_elec,Grenoble,ST1049,ST1052,2026-08-05 19:29:45,2026-08-05 19:46:45,17,3.38,5.25,abonnement
TR2608050018930,CL108955,EN00587,trottinette,Grenoble,ST1049,ST1056,2026-08-05 19:22:54,2026-08-05 19:34:54,12,3.82,3.64,cb
TR2608050018931,CL106041,EN00506,trottinette,Grenoble,ST1049,ST1057,2026-08-05 19:21:50,2026-08-05 19:27:50,6,1.48,2.32,abonnement
TR2608050018932,CL104310,EN00565,trottinette,Grenoble,ST1049,ST1056,2026-08-05 19:23:00,2026-08-05 19:34:00,11,3.38,3.42,abonnement
TR2608050018933,CL105111,EN00504,trottinette,Grenoble,ST1050,ST1048,,2026-08-05 19:36:58,19,3.56,5.18,cb
TR2608050018934,CL105829,EN00523,velo_elec,Grenoble,ST1056,ST1050,,2026-08-05 19:37:48,10,1.86,3.5,cb
TR2608050018935,CL105432,EN00151,trottinette,Lyon,ST1001,ST1004,2026-08-05 19:38:06,05/08/2026 20:01,23,6.55,6.06,abonnement
TR2608050018936,CL108381,EN00180,trottinette,Lyon,ST1002,ST1010,05/08/2026 19:39,2026-08-05 19:53:51,14,3.01,4.08,cb
TR2608050018937,CL102218,EN00146,trottinette,Lyon,ST1002,ST1011,2026-08-05 19:31:12,2026-08-05 19:37:12,6,2.04,2.32,cb
TR2608050018938,CL106227,EN00203,trottinette,Lyon,ST1015,ST1001,05/08/2026 19:39,2026-08-05 19:50:26,11,3.18,3.42,cb
TR2608050018939,CL102403,EN00186,trottinette,Lyon,ST1019,ST1017,2026-08-05 19:37:44,2026-08-05 19:54:44,17,5.76,4.74,cb
TR2608050018940,CL108207,EN00316,velo_elec,Nantes,ST1032,ST1028,2026-08-05 19:37:00,2026-08-05 19:58:00,21,6.9,6.25,
TR2608050018941,CL107585,EN00426,trottinette,Lille,ST1035,ST1047,2026-08-05 19:32:33,2026-08-05 19:44:33,12,3.6,3.64,abonnement
TR2608050018942,CL103613,EN00446,trottinette,Lille,ST1038,ST1038,2026-08-05 19:34:26,2026-08-05 19:47:26,13,4.09,3.86,abonnement
TR2608050018943,CL102683,EN00373,velo_elec,Lille,ST1045,ST1041,2026-08-05 19:34:33,1785952293,17,2.86,5.25,cb
TR2608050018944,CL108014,EN00404,trottinette,Lille,ST1046,ST1045,2026-08-05 19:43:46,05/08/2026 19:48,5,1.38,2.1,cb
TR2608050018945,CL103820,EN00579,trottinette,Grenoble,ST1050,ST1055,1785951197,05/08/2026 19:42,9,2.84,2.98,cb
TR2608050018946,CL106646,EN00526,velo_elec,Grenoble,ST1050,ST1052,2026-08-05 19:39:48,2026-08-05 20:13:48,34,5.45,9.5,cb
TR2608050018947,CL103112,EN00503,trottinette,Grenoble,ST1057,ST1053,2026-08-05 19:42:03,2026-08-05 19:52:03,10,2.43,3.2,paypal
TR2608050018948,CL106985,EN00097,velo_elec,Lyon,ST1002,ST1005,05/08/2026 19:49,05/08/2026 20:10,21,6.7,6.25,abonnement
TR2608050018949,CL101693,EN00065,trottinette,Lyon,ST1003,ST1008,2026-08-05 19:58:31,2026-08-05 20:10:31,12,3.05,3.64,cb
TR2608050018950,CL106358,EN00162,velo_elec,Lyon,ST1010,ST1007,1785952617,2026-08-05 20:05:57,9,3.09,3.25,cb
TR2608050018951,CL104059,EN00068,velo_elec,Lyon,ST1011,ST1009,2026-08-05 19:54:48,2026-08-05 20:07:48,13,4.41,4.25,cb
TR2608050018952,CL100206,EN00111,trottinette,Lyon,ST1011,ST1005,2026-08-05 19:57:44,2026-08-05 20:04:44,7,2.07,2.54,abonnement
TR2608050018953,CL103167,EN00028,trottinette,Lyon,ST1012,ST1006,2026-08-05 19:50:00,2026-08-05 19:54:00,4,1.16,1.88,cb
TR2608050018954,CL101223,EN00090,trottinette,Lyon,ST1016,ST1005,2026-08-05 19:50:54,2026-08-05 19:55:54,5,1.35,2.1,abonnement
TR2608050018955,CL102239,EN00193,trottinette,Lyon,ST1017,ST1017,2026-08-05 19:48:20,2026-08-05 20:00:20,12,3.6,3.64,paypal
TR2608050018956,CL107962,EN00314,trottinette,Nantes,ST1022,ST1026,2026-08-05 19:56:05,2026-08-05 20:02:05,6,2.04,2.32,cb
TR2608050018957,CL108466,EN00288,trottinette,Nantes,ST1026,ST1028,,2026-08-05 20:09:43,18,5.89,4.96,abonnement
TR2608050018958,CL104370,EN00323,velo,Nantes,ST1027,ST1020,2026-08-05 19:52:32,2026-08-05 19:58:32,6,1.4,1.9,cb
TR2608050018959,CL102294,EN00425,velo_elec,LILLE,ST1034,ST1043,2026-08-05 20:00:16,2026-08-05 20:25:16,25,6.31,7.25,abonnement
TR2608050018960,CL102424,EN00445,velo_elec,Lille,ST1035,ST1040,2026-08-05 19:48:07,2026-08-05 19:56:07,8,2.29,3.0,paypal
TR2608050018961,CL107810,EN00479,trottinette,Lille,ST1036,ST1045,05/08/2026 19:55,05/08/2026 20:07,12,3.62,3.64,cb
TR2608050018962,CL108842,EN00374,velo_elec,Lille,ST1036,ST1040,2026-08-05 19:55:37,2026-08-05 20:02:37,7,2.05,2.75,paypal
TR2608050018963,CL107180,EN00509,trottinette,Grenoble,ST1049,ST1054,2026-08-05 19:59:36,2026-08-05 20:25:36,26,8.37,6.72,cb
TR2608050018964,CL101617,EN00589,velo_elec,Grenoble,ST1055,ST1058,2026-08-05 20:00:49,2026-08-05 20:16:49,16,5.01,5.0,cb
TR2608050018965,CL104798,EN00587,trottinette,Grenoble,ST1056,ST1056,2026-08-05 19:52:15,2026-08-05 19:54:15,2,0.5,1.44,cb
TR2608050018966,CL101991,EN00201,velo_elec,Lyon,ST1003,ST1010,2026-08-05 20:11:52,2026-08-05 20:20:52,9,2.16,3.25,cb
TR2608050018967,CL104978,EN00009,velo_elec,Lyon,ST1011,ST1003,2026-08-05 20:04:53,2026-08-05 20:20:53,16,2.82,5.0,paypal
TR2608050018968,CL103375,EN00189,trottinette,Lyon,ST1011,ST1008,05/08/2026 20:14,2026-08-05 20:26:31,12,3.28,3.64,paypal
TR2608050018969,CL101933,EN00299,trottinette,Nantes,ST1024,ST1022,2026-08-05 20:09:09,2026-08-05 20:32:09,23,6.85,6.06,cb
TR2608050018970,CL102903,EN00359,trottinette,Nantes,ST1026,ST1022,2026-08-05 20:04:43,2026-08-05 20:22:43,18,5.69,4.96,abonnement
TR2608050018971,CL103751,EN00260,velo_elec,Nantes,ST1030,ST1033,2026-08-05 20:11:51,2026-08-05 20:16:51,5,1.56,2.25,abonnement
TR2608050018972,CL108216,EN00305,velo_elec,Nantes,ST1032,ST1025,2026-08-05 20:14:06,2026-08-05 20:23:06,9,2.02,3.25,cb
TR2608050018973,CL108334,EN00393,trottinette,Lille,ST1040,ST1045,1785953762,,15,3.61,4.3,
TR2608050018974,CL100967,EN00484,velo_elec,Lille,ST1043,ST1036,05/08/2026 20:04,2026-08-05 20:17:37,13,3.59,4.25,abonnement
TR2608050018975,CL108011,EN00426,trottinette,Lille,ST1047,ST1039,2026-08-05 20:02:02,2026-08-05 20:09:02,7,1.44,2.54,cb
TR2608050018976,CL102368,EN00160,velo_elec,Lyon,ST1014,ST1015,2026-08-05 20:26:01,2026-08-05 20:36:01,10,1.69,3.5,abonnement
TR2608050018977,CL100977,EN00186,trottinette,Lyonn,ST1017,ST1016,2026-08-05 20:24:16,2026-08-05 21:04:16,40,12.7,9.8,paypal
TR2608050018978,CL105823,EN00351,trottinette,Nantes,ST1021,ST1033,2026-08-05 20:20:37,,21,5.33,5.62,cb
TR2608050018979,CL106179,EN00278,trottinette,Nantes,ST1021,ST1033,2026-08-05 20:27:54,05/08/2026 20:42,15,4.99,4.3,cb
TR2608050018980,CL103713,EN00316,velo_elec,Nantes,ST1028,ST1025,2026-08-05 20:19:41,2026-08-05 20:37:41,18,2.9,5.5,cb
TR2608050018981,CL102448,EN00271,velo_elec,Nantes,ST1030,ST1028,2026-08-05 20:25:51,2026-08-05 20:38:51,13,2.59,4.25,cb
TR2608050018982,CL104735,EN00477,trottinette,LILLE,ST1038,ST1036,2026-08-05 20:20:38,2026-08-05 20:52:38,32,8.02,8.04,paypal
TR2608050018983,CL103134,EN00559,trottinette,Grenoble,ST1052,ST1055,1785953996,05/08/2026 20:25,6,1.24,2.32,paypal
TR2608050018984,CL108531,EN00549,velo_elec,grenoble,ST1055,ST1049,2026-08-05 20:18:55,05/08/2026 20:42,24,6.39,7.0,abonnement
TR2608050018985,CL107978,EN00578,velo_elec,Grenoble,ST1057,ST1054,2026-08-05 20:18:40,05/08/2026 20:37,19,5.33,5.75,paypal
TR2608050018986,CL103645,EN00003,velo_elec,Lyon,ST1002,ST1017,2026-08-05 20:35:23,05/08/2026 20:40,5,1.0,,cb
TR2608050018987,CL100007,EN00065,trottinette,Lyon,ST1008,ST1002,2026-08-05 20:43:34,05/08/2026 20:47,4,1.09,1.88,cb
TR2608050018988,CL107760,EN00075,trottinette,Lyon,ST1015,ST1007,2026-08-05 20:32:28,2026-08-05 20:39:28,7,1.31,2.54,abonnement
TR2608050018989,CL108677,EN00350,velo,Nantes,ST1027,ST1026,2026-08-05 20:39:31,2026-08-05 21:06:31,27,4.22,5.05,cb
TR2608050018990,CL105846,EN00288,trottinette,Nantes,ST1028,ST1028,2026-08-05 20:31:07,2026-08-05 20:39:07,8,1.43,2.76,cb
TR2608050018991,CL100924,EN00496,velo_elec,Lille,ST1034,ST1047,2026-08-05 20:41:43,2026-08-05 20:56:43,15,5.14,4.75,cb
TR2608050018992,CL107491,EN00426,trottinette,Lille,ST1039,ST1043,2026-08-05 20:39:25,2026-08-05 21:04:25,25,7.82,6.5,paypal
TR2608050018993,CL101792,EN00368,trottinette,Lille,ST1044,ST1047,2026-08-05 20:38:50,2026-08-05 20:43:50,5,0.75,2.1,cb
TR2608050018994,CL103865,EN00476,trottinette,Lille,ST1046,ST1039,2026-08-05 20:40:46,05/08/2026 20:49,9,2.69,2.98,cb
TR2608050018995,CL105666,EN00396,velo_elec,Lille,ST1047,ST1038,2026-08-05 20:39:18,2026-08-05 20:51:18,12,2.29,4.0,abonnement
TR2608050018996,CL106963,EN00580,velo_elec,Grenoble,ST1051,ST1048,05/08/2026 20:34,05/08/2026 20:47,13,3.15,4.25,cb
TR2608050018997,CL100496,EN00153,velo_elec,Lyon,ST1006,ST1016,2026-08-05 20:52:54,2026-08-05 20:57:54,5,0.94,2.25,abonnement
TR2608050018998,CL105913,EN00028,trottinette,Lyon,ST1006,ST1001,2026-08-05 20:50:53,2026-08-05 21:03:53,13,2.43,3.86,abonnement
TR2608050018999,CL108178,EN00068,velo_elec,Lyon,ST1009,ST1018,2026-08-05 20:46:29,2026-08-05 21:01:29,15,3.72,4.75,cb
TR2608050019000,CL106736,EN00077,trottinette,Lyon,ST1018,ST1009,2026-08-05 20:47:47,2026-08-05 20:56:47,9,1.61,2.98,cb
TR2608050019001,CL104524,EN00348,velo_elec,Nantes,ST1021,ST1032,2026-08-05 20:59:43,2026-08-05 21:26:43,27,4.4,7.75,paypal
TR2608050019002,CL105501,EN00328,velo_elec,Nantes,ST1024,ST1028,2026-08-05 20:49:00,2026-08-05 20:58:00,9,2.64,3.25,cb
TR2608050019003,CL104815,EN00336,velo_elec,Nantes,ST1029,ST1032,2026-08-05 20:46:47,2026-08-05 20:55:47,9,2.58,3.25,abonnement
TR2608050019004,CL103176,EN00430,velo_elec,Lille,ST1037,ST1047,05/08/2026 20:45,2026-08-05 20:56:28,11,3.6,3.75,cb
TR2608050019005,CL102217,EN00488,velo_elec,Lille,ST1042,ST1046,2026-08-05 20:57:31,2026-08-05 21:02:31,5,0.88,2.25,cb
TR2608050019006,CL103182,EN00420,trottinette,Lille,ST1045,ST1034,2026-08-05 20:49:15,2026-08-05 20:55:15,6,1.96,2.32,cb
TR2608050019007,CL108762,EN00549,velo_elec,Grenoble,ST1049,ST1049,2026-08-05 20:51:01,2026-08-05 21:02:01,11,2.34,3.75,abonnement
TR2608050019008,CL106658,EN00514,velo_elec,Grenoble,ST1051,ST1056,2026-08-05 20:52:18,2026-08-05 21:13:18,21,3.32,6.25,abonnement
TR2608050019009,CL108319,EN00569,trottinette,Grenoble,ST1052,ST1055,2026-08-05 20:50:01,2026-08-05 21:03:01,13,2.96,3.86,cb
TR2608050019010,CL103579,EN00036,velo_elec,Lyon,ST1012,ST1009,05/08/2026 21:01,2026-08-05 21:19:43,18,4.28,5.5,abonnement
TR2608050019011,CL105040,EN00160,velo_elec,Lyon,ST1015,ST1001,05/08/2026 21:13,2026-08-05 21:34:19,21,6.05,6.25,paypal
TR2608050019012,CL105954,EN00492,velo_elec,Lille,ST1035,ST1043,2026-08-05 21:09:40,2026-08-05 21:32:40,23,6.63,6.75,cb
TR2608050019013,CL104463,EN00401,trottinette,Lille,ST1039,ST1037,1785956486,2026-08-05 21:10:26,9,1.72,2.98,paypal
TR2608050019014,CL108083,EN00373,velo_elec,Lille,ST1041,ST1042,2026-08-05 21:11:17,2026-08-05 21:18:17,7,1.6,2.75,cb
TR2608050019015,CL102079,EN00532,velo_elec,Grenoble,ST1048,ST1052,05/08/2026 21:10,1785958502,25,4.32,7.25,abonnement
TR2608050019016,CL104075,EN00598,velo_elec,Grenoble,ST1052,ST1049,2026-08-05 21:14:26,05/08/2026 21:27,13,4.28,4.25,cb
TR2608050019017,CL107276,EN00146,trottinette,Lyon,ST1011,ST1008,2026-08-05 21:21:26,2026-08-05 21:35:26,14,4.07,4.08,abonnement
TR2608050019018,CL103561,EN00204,velo_elec,Lyon ,ST1013,ST1003,05/08/2026 21:24,05/08/2026 21:35,11,3.23,3.75,cb
TR2608050019019,CL107034,EN00271,velo_elec,Nantes,ST1028,ST1027,05/08/2026 21:26,2026-08-05 21:30:08,4,1.08,2.0,abonnement
TR2608050019020,CL102246,EN00280,trottinette,Nantes,ST1029,ST1032,2026-08-05 21:20:17,1785958517,15,3.02,4.3,paypal
TR2608050019021,CL106646,EN00589,velo_elec,Grenoble,ST1058,ST1056,2026-08-05 21:20:19,2026-08-05 21:32:19,12,3.29,4.0,abonnement
TR2608050019022,CL103073,EN00047,velo_elec,Lyon,ST1010,ST1006,05/08/2026 21:37,2026-08-05 21:41:09,4,0.96,2.0,abonnement
TR2608050019023,CL104761,EN00211,velo_elec,Lyon,ST1014,ST1008,2026-08-05 21:39:19,2026-08-05 21:47:19,8,2.51,3.0,cb
TR2608050019024,CL101107,EN00329,trottinette,Nantes,ST1029,ST1032,2026-08-05 21:32:05,2026-08-05 21:50:05,18,3.59,4.96,paypal
TR2608050019025,CL105188,EN00298,trottinette,Nantes,ST1030,ST1028,2026-08-05 21:38:24,2026-08-05 21:45:24,7,2.03,2.54,cb
TR2608050019026,CL107366,EN00449,trottinette,Lille,ST1040,ST1047,05/08/2026 21:38,05/08/2026 21:44,6,1.79,2.32,cb
TR2608050019027,CL108488,EN00368,trottinette,Lille,ST1047,ST1037,2026-08-05 21:32:43,2026-08-05 21:50:43,18,3.64,4.96,cb
TR2608050019028,CL107674,EN00582,trottinette,Grenoble,ST1050,ST1048,1785958360,2026-08-05 21:39:40,7,2.4,2.54,abonnement
TR2608050019029,CL105531,EN00204,velo_elec,lyon,ST1003,ST1009,1785959816,1785960716,15,4.16,4.75,cb
TR2608050019030,CL101023,EN00227,trottinette,Nantes,ST1020,ST1027,2026-08-05 21:57:49,2026-08-05 22:08:49,11,3.83,3.42,paypal
TR2608050019031,CL103033,EN00349,velo_elec,Nantes,ST1021,ST1032,2026-08-05 21:46:29,2026-08-05 21:54:29,8,1.69,3.0,cb
TR2608050019032,CL100377,EN00507,trottinette,Grenoble,ST1050,ST1052,05/08/2026 21:50,2026-08-05 22:24:21,34,9.36,8.48,paypal
TR2608050019033,CL103328,EN00077,trottinette,Lyon,ST1009,ST1016,2026-08-05 22:04:11,05/08/2026 22:14,10,2.54,3.2,paypal
TR2608050019034,CL952250,EN00190,trottinette,Lyon,ST1011,ST1014,2026-08-05 22:09:22,2026-08-05 23:10:22,61,13.41,14.42,abonnement
TR2608050019035,CL104708,EN00238,velo_elec,nantes,ST1030,ST1029,2026-08-05 22:01:45,2026-08-05 22:20:45,19,3.89,5.75,cb
TR2608050019036,CL105835,EN00474,velo_elec,Lille,ST1038,ST1038,2026-08-05 22:08:32,2026-08-05 22:27:32,-15,4.61,5.75,cb
TR2608050019037,CL108775,EN00234,trottinette,Nantes,ST1022,ST1030,2026-08-05 22:24:42,05/08/2026 22:27,3,0.78,1.66,cb
TR2608050019038,CL108262,EN00425,velo_elec, Lille,ST1043,ST1047,05/08/2026 22:25,2026-08-05 22:32:07,7,2.41,2.75,abonnement
TR2608050019039,CL105794,EN00523,velo_elec,Grenoble,ST1050,ST1053,2026-08-05 22:21:49,05/08/2026 22:28,7,1.63,2.75,paypal
TR2608050019040,CL104286,EN00145,trottinette,Lyon,ST1019,ST1011,2026-08-05 22:36:10,2026-08-05 23:02:10,26,7.8,6.72,cb
TR2608050019041,CL105281,EN00355,velo_elec,Nantes,ST1025,ST1023,2026-08-05 22:36:52,2026-08-05 22:54:52,18,3.3,5.5,cb
TR2608050019042,CL104019,EN00298,trottinette,Nantes,ST1028,ST1028,05/08/2026 22:33,2026-08-05 22:40:54,7,1.72,2.54,cb
TR2608050019043,CL103112,EN00532,velo_elec,Grenoble,ST1052,ST1056,05/08/2026 22:36,05/08/2026 22:52,16,2.75,5.0,cb
TR2608050019044,CL107161,EN00065,trottinette,lyon,ST1002,ST1017,2026-08-05 23:05:45,2026-08-05 23:09:45,4,1.25,1.88,cb
TR2608050019045,CL102803,EN00033,trottinette,Lyon ,ST1011,ST1002,2026-08-05 23:03:08,2026-08-05 23:07:08,4,1.4,1.88,cb
TR2608050019046,CL107196,EN00355,velo_elec,Nantes,ST1023,ST1033,2026-08-05 23:08:24,2026-08-05 23:21:24,13,2.35,4.25,abonnement
TR2608050019047,CL105915,EN00233,velo_elec,Nantes,ST1029,ST1022,1785964832,2026-08-05 23:31:32,11,2.32,3.75,cb
TR2608050019048,CL107827,EN00321,velo_elec,Nantes,ST1031,ST1024,2026-08-05 23:28:21,1785966381,18,5.29,5.5,abonnement
TR2608050019049,CL104078,EN00111,trottinette,Lyon,ST1005,ST1018,1785966101,2026-08-05 23:58:41,17,3.66,4.74,paypal
TR2608050019050,CL103587,EN00211,velo_elec,Lyon,ST1008,ST1003,2026-08-05 23:35:47,2026-08-05 23:41:47,6,1.41,2.5,paypal
TR2608050019051,CL100935,EN00342,velo_elec,Nantes,ST1021,ST1030,1785965987,05/08/2026 23:51,12,4.1,4.0,cb
TR2608050019052,CL104957,EN00222,velo_elec,Nantes,ST1026,ST1024,05/08/2026 23:41,2026-08-05 23:45:34,4,0.78,2.0,abonnement
TR2608050019053,CL104071,EN00438,trottinette,lille,ST1038,ST1043,2026-08-05 23:55:25,2026-08-06 00:08:25,13,2.48,3.86,cb
