trajet_id,client_id,engin_id,type_engin,ville,station_depart,station_arrivee,debut,fin,duree_min,distance_km,montant_eur,moyen_paiement
TR2608290043005,CL106131,EN00135,trottinette,Lyon,ST1013,ST1009,2026-08-29 00:17:09,29/08/2026 00:22,5,1.37,2.1,cb
TR2608290043006,CL108155,EN00381,trottinette,Lille,ST1043,ST1034,2026-08-29 00:25:06,2026-08-29 00:32:06,7,1.92,2.54,cb
TR2608290043007,CL105088,EN00154,trottinette,Lyon,ST1011,ST1006,2026-08-29 00:36:19,2026-08-29 00:45:19,9,1.44,2.98,cb
TR2608290043008,CL104960,EN00307,trottinette,Nantes,ST1033,ST1027,2026-08-29 00:36:32,2026-08-29 00:44:32,8,2.21,2.76,abonnement
TR2608290043009,CL105055,EN00530,velo_elec,Grenoble,ST1052,ST1056,2026-08-29 00:34:58,29/08/2026 00:44,10,2.13,3.5,cb
TR2608290043010,CL108497,EN00152,velo_elec,Lyon,ST1001,ST1006,2026-08-29 01:09:22,2026-08-29 01:15:22,6,1.73,2.5,abonnement
TR2608290043011,CL101229,EN00301,velo_elec,Nantes,ST1023,ST1028,2026-08-29 01:10:43,2026-08-29 01:16:43,6,1.81,2.5,cb
TR2608290043012,CL108087,EN00071,velo_elec,Lyon,ST1013,ST1019,2026-08-29 01:21:33,2026-08-29 01:36:33,15,3.62,4.75,paypal
TR2608290043013,CL108583,EN00130,velo_elec,Lyon,ST1019,ST1018,2026-08-29 01:16:45,29/08/2026 01:41,25,8.03,7.25,cb
TR2608290043014,CL102894,EN00257,trottinette,Nantes,ST1021,ST1024,2026-08-29 02:11:28,2026-08-29 02:17:28,6,1.34,2.32,paypal
TR2608290043015,CL101385,EN00332,trottinette,Nantes,ST1024,ST1033,2026-08-29 02:09:23,2026-08-29 02:22:23,13,2.42,3.86,abonnement
TR2608290043016,CL106413,EN00023,trottinette,Lyon,ST1014,ST1011,2026-08-29 02:25:37,29/08/2026 02:29,4,0.98,1.88,cb
TR2608290043017,CL103897,EN00030,trottinette,Lyon,ST1003,ST1002,2026-08-29 02:39:52,,12,1.82,3.64,abonnement
TR2608290043018,CL101506,EN00533,velo_elec,Grenoble,ST1056,ST1051,2026-08-29 03:11:27,2026-08-29 03:24:27,13,2.02,4.25,abonnement
TR2608290043019,CL100058,EN00023,trottinette,Lyonn,ST1017,ST1012,2026-08-29 04:29:18,2026-08-29 04:37:18,8,1.85,2.76,cb
TR2608290043020,CL108724,EN00139,velo_elec,Lyon,ST1012,ST1014,29/08/2026 05:05,29/08/2026 05:48,43,9.13,11.75,cb
TR2608290043021,CL101241,EN00483,trottinette,Lille,ST1040,ST1040,2026-08-29 05:22:16,2026-08-29 05:38:16,16,4.96,4.52,abonnement
TR2608290043022,CL107485,EN00523,velo_elec,Grenoble,ST1053,ST1052,2026-08-29 05:48:52,2026-08-29 06:08:52,20,6.67,6.0,cb
TR2608290043023,CL100659,EN00181,velo_elec,Lyon,ST1008,ST1015,29/08/2026 06:14,2026-08-29 06:31:05,17,3.34,5.25,paypal
TR2608290043024,CL107935,EN00104,trottinette,Lyon,ST1018,ST1018,2026-08-29 06:15:34,2026-08-29 06:21:34,6,1.63,2.32,cb
TR2608290043025,CL108505,EN00414,velo_elec,Lille,ST1037,ST1043,2026-08-29 06:11:06,2026-08-29 06:23:06,12,3.19,4.0,cb
TR2608290043026,CL100797,EN00501,trottinette,Grenoble,ST1049,ST1053,2026-08-29 06:02:28,1787976868,12,3.64,3.64,paypal
TR2608290043027,CL100312,EN00533,velo_elec,Grenoble,ST1051,ST1055,2026-08-29 06:01:51,2026-08-29 06:14:51,13,4.03,4.25,abonnement
TR2608290043028,CL105217,EN00567,velo_elec,Grenoble,ST1056,ST1050,2026-08-29 06:09:26,2026-08-29 06:21:26,12,3.16,4.0,cb
TR2608290043029,CL106016,EN00203,trottinette,Lyon,ST1006,ST1006,2026-08-29 06:17:54,2026-08-29 06:30:54,13,4.51,3.86,cb
TR2608290043030,CL108068,EN00307,trottinette,Nantes,ST1024,ST1030,2026-08-29 06:24:58,2026-08-29 06:50:58,26,7.07,6.72,abonnement
TR2608290043031,CL101932,EN00236,velo_elec,Nantes,ST1025,ST1025,2026-08-29 06:29:34,2026-08-29 06:40:34,11,2.61,3.75,abonnement
TR2608290043032,CL102271,EN00281,velo_elec,Nantes,ST1026,ST1031,2026-08-29 06:18:09,2026-08-29 06:39:09,21,6.36,6.25,cb
TR2608290043033,CL108224,EN00249,velo_elec,Nantes,ST1029,ST1020,1787977431,2026-08-29 06:28:51,5,1.11,2.25,cb
TR2608290043034,CL100182,EN00480,velo_elec,Lille,ST1045,ST1037,2026-08-29 06:27:21,2026-08-29 06:43:21,16,4.13,5.0,paypal
TR2608290043035,CL100430,EN00270,velo_elec,Nantes,ST1029,ST1029,1787978435,1787979635,20,5.93,6.0,cb
TR2608290043036,CL103063,EN00483,trottinette,Lille,ST1040,ST1044,2026-08-29 06:45:09,2026-08-29 06:59:09,14,3.53,4.08,cb
TR2608290043037,CL105687,EN00361,trottinette,Lille,ST1047,ST1040,29/08/2026 06:36,2026-08-29 06:40:30,4,1.38,1.88,abonnement
TR2608290043038,CL107885,EN00220,velo_elec,Lyon,ST1008,ST1004,2026-08-29 06:49:11,2026-08-29 06:57:11,8,2.56,3.0,abonnement
TR2608290043039,CL100391,EN00198,velo_elec,Lyon,ST1008,ST1003,2026-08-29 06:57:53,2026-08-29 07:10:53,13,3.49,,cb
TR2608290043040,CL100901,EN00063,velo_elec,Lyon,ST1004,ST1019,2026-08-29 07:08:54,2026-08-29 07:21:54,13,3.97,4.25,abonnement
TR2608290043041,CL101048,EN00036,velo_elec,Lyon,ST1010,ST1006,2026-08-29 07:01:53,2026-08-29 07:07:53,6,2.09,2.5,abonnement
TR2608290043042,CL108372,EN00024,velo_elec,lyon,ST1013,ST1019,29/08/2026 07:03,2026-08-29 07:13:55,10,3.16,3.5,cb
TR2608290043043,CL102200,EN00295,velo_elec,Nantes,ST1022,ST1029,1787980228,2026-08-29 07:18:28,8,2.32,3.0,cb
TR2608290043044,CL107242,EN00257,trottinette,Nantes,ST1032,ST1024,2026-08-29 07:07:18,2026-08-29 07:50:18,43,7.63,10.46,cb
TR2608290043045,CL104334,EN00403,trottinette,Lille,ST1036,ST1034,2026-08-29 07:08:09,2026-08-29 07:36:09,28,5.04,7.16,paypal
TR2608290043046,CL107793,EN00414,velo_elec,Lille,ST1043,ST1046,2026-08-29 07:01:49,2026-08-29 07:12:49,11,2.2,3.75,abonnement
TR2608290043047,CL104775,EN00402,trottinette,Lille,ST1043,ST1034,2026-08-29 07:04:39,2026-08-29 07:22:39,18,5.37,4.96,cb
TR2608290043048,CL100957,EN00076,velo_elec,Lyon,ST1011,ST1006,2026-08-29 07:16:21,2026-08-29 07:28:21,12,4.03,4.0,cb
TR2608290043049,CL104067,EN00061,trottinette,Lyon,ST1014,ST1005,2026-08-29 07:24:45,29/08/2026 07:30,6,1.78,2.32,cb
TR2608290043050,CL108093,EN00123,velo_elec,lyon,ST1016,ST1018,2026-08-29 07:19:49,2026-08-29 07:31:49,12,2.22,4.0,cb
TR2608290043051,CL103692,EN00006,trottinette,Lyon,ST1017,ST1002,2026-08-29 07:18:51,2026-08-29 08:01:51,43,7.8,10.46,cb
TR2608290043052,CL105451,EN00289,trottinette,Nantes,ST1026,ST1025,2026-08-29 07:22:26,2026-08-29 07:37:26,15,2.46,4.3,cb
TR2608290043053,CL101778,EN00355,velo_elec,Nantes,ST1027,ST1020,2026-08-29 07:19:03,2026-08-29 07:35:03,16,5.35,5.0,cb
TR2608290043054,CL108224,EN00235,trottinette,Nantes,ST1028,ST1029,2026-08-29 07:24:52,2026-08-29 07:40:52,16,5.4,4.52,abonnement
TR2608290043055,CL108841,EN00480,velo_elec,Lille,ST1037,ST1039,2026-08-29 07:26:06,2026-08-29 07:33:06,7,2.05,2.75,cb
TR2608290043056,CL101434,EN00517,trottinette,Grenoble,ST1052,ST1048,2026-08-29 07:20:52,2026-08-29 07:51:52,31,10.2,7.82,cb
TR2608290043057,CL103832,EN00527,velo_elec,Grenoble,ST1056,ST1050,2026-08-29 07:28:34,2026-08-29 07:39:34,11,2.59,3.75,abonnement
TR2608290043058,CL104766,EN00115,velo_elec,Lyon,ST1002,ST1002,29/08/2026 07:44,2026-08-29 08:01:11,17,4.96,5.25,cb
TR2608290043059,CL108415,EN00061,trottinette,Lyon,ST1005,ST1006,2026-08-29 07:33:14,29/08/2026 07:52,19,4.81,5.18,paypal
TR2608290043060,CL103227,EN00025,velo_elec,Lyon,ST1013,ST1011,2026-08-29 07:35:13,2026-08-29 07:56:13,21,5.33,6.25,abonnement
TR2608290043061,CL100975,EN00222,velo_elec,Nantes,ST1020,ST1031,29/08/2026 07:42,2026-08-29 08:15:26,33,5.43,9.25,cb
TR2608290043062,CL103094,EN00239,trottinette,Nantes,ST1027,ST1022,2026-08-29 07:43:35,2026-08-29 07:50:35,7,1.93,2.54,abonnement
TR2608290043063,CL100237,EN00380,velo_elec,Lille,ST1040,ST1036,2026-08-29 07:38:56,2026-08-29 07:53:56,15,3.85,4.75,paypal
TR2608290043064,CL102165,EN00418,trottinette,Lille,ST1046,ST1037,29/08/2026 07:39,1787983316,22,3.6,5.84,cb
TR2608290043065,CL108419,EN00546,trottinette,Grenoble,ST1051,ST1055,2026-08-29 07:44:09,29/08/2026 08:05,21,6.5,5.62,abonnement
TR2608290043066,CL104881,EN00069,trottinette,Lyon,ST1005,ST1014,2026-08-29 07:54:05,2026-08-29 08:06:05,12,1.98,3.64,cb
TR2608290043067,CL103601,EN00268,trottinette,Nantes,ST1024,ST1032,2026-08-29 07:47:37,2026-08-29 07:55:37,8,1.97,2.76,cb
TR2608290043068,CL100552,EN00295,velo_elec,Nantes,ST1029,ST1025,2026-08-29 07:57:41,29/08/2026 08:32,35,5.52,9.75,abonnement
TR2608290043069,CL101692,EN00232,trottinette,Nantes,ST1032,ST1020,2026-08-29 08:00:35,2026-08-29 08:02:35,2,0.32,1.44,cb
TR2608290043070,CL105999,EN00410,velo_elec,Lille,ST1040,ST1040,2026-08-29 07:48:35,2026-08-29 08:06:35,18,3.9,5.5,cb
TR2608290043071,CL100997,EN00100,velo_elec,Lyon,ST1002,ST1007,2026-08-29 08:03:04,2026-08-29 08:48:04,45,13.12,12.25,abonnement
TR2608290043072,CL100609,EN00220,velo_elec,Lyon,ST1004,ST1011,29/08/2026 08:08,2026-08-29 08:18:19,10,2.95,3.5,abonnement
TR2608290043073,CL105033,EN00199,velo_elec,Lyon,ST1007,ST1019,29/08/2026 08:01,2026-08-29 08:14:17,13,3.64,4.25,cb
TR2608290043074,CL103812,EN00062,trottinette,Lyon,ST1007,ST1018,2026-08-29 08:03:41,2026-08-29 08:25:41,22,3.88,5.84,cb
TR2608290043075,CL103167,EN00024,velo_elec,Lyon,ST1019,ST1013,2026-08-29 08:09:20,29/08/2026 08:22,13,3.51,4.25,cb
TR2608290043076,CL100767,EN00375,trottinette, Lille,ST1041,ST1040,2026-08-29 08:13:36,2026-08-29 08:29:36,16,3.08,4.52,cb
TR2608290043077,CL105048,EN00477,trottinette,Lille,ST1045,ST1043,2026-08-29 08:15:42,2026-08-29 08:18:42,3,0.67,1.66,abonnement
TR2608290043078,CL100586,EN00453,trottinette,Lille,ST1046,ST1043,2026-08-29 08:13:35,,8,2.49,2.76,cb
TR2608290043079,CL103712,EN00469,velo,Lille,ST1047,ST1040,2026-08-29 08:11:11,,13,3.88,2.95,cb
TR2608290043080,CL938779,EN00548,trottinette,Grenoble,ST1048,ST1056,29/08/2026 08:05,2026-08-29 08:19:04,14,2.42,4.08,cb
TR2608290043081,CL107140,EN00553,trottinette,Grenoble,ST1048,ST1050,2026-08-29 08:08:35,2026-08-29 08:23:35,15,4.89,4.3,cb
TR2608290043082,CL102186,EN00522,velo_elec,Grenoble,ST1049,ST1049,2026-08-29 08:00:43,29/08/2026 08:18,18,5.86,5.5,cb
TR2608290043083,CL104259,EN00208,velo_elec,Lyon ,ST1003,ST1003,2026-08-29 08:18:12,2026-08-29 08:34:12,16,2.72,5.0,cb
TR2608290043084,CL104529,EN00107,velo_elec,Lyon,ST1003,ST1018,2026-08-29 08:26:07,2026-08-29 08:34:07,8,1.31,3.0,cb
TR2608290043085,CL106102,EN00076,velo_elec,Lyon,ST1006,ST1014,2026-08-29 08:28:34,29/08/2026 08:43,15,2.38,4.75,abonnement
TR2608290043086,CL104689,EN00192,velo_elec,Lyon,ST1019,ST1017,2026-08-29 08:30:34,2026-08-29 08:33:34,3,0.93,1.75,paypal
TR2608290043087,CL108123,EN00289,trottinette,Nantes,ST1025,ST1023,29/08/2026 08:24,29/08/2026 08:44,20,6.3,5.4,cb
TR2608290043088,CL107557,EN00281,velo_elec,Nantes,ST1031,ST1029,2026-08-29 08:17:30,2026-08-29 08:21:30,4,0.87,2.0,cb
TR2608290043089,CL102805,EN00332,trottinette,Nantes,ST1033,ST1029,2026-08-29 08:20:19,2026-08-29 08:37:19,17,4.06,4.74,abonnement
TR2608290043090,CL106470,EN00467,velo_elec,Lille,ST1036,ST1038,2026-08-29 08:16:22,2026-08-29 08:35:22,19,4.61,5.75,cb
TR2608290043091,CL105629,EN00385,velo_elec,lille,ST1038,ST1041,2026-08-29 08:18:36,2026-08-29 08:39:36,21,7.03,6.25,abonnement
TR2608290043092,CL104711,EN00413,trottinette,Lille,ST1038,ST1037,2026-08-29 08:18:39,2026-08-29 08:25:39,7,2.3,2.54,cb
TR2608290043093,CL103871,EN00480,velo_elec,Lille,ST1039,ST1045,2026-08-29 08:29:40,29/08/2026 08:50,21,7.16,6.25,cb
TR2608290043094,CL107206,EN00430,velo_elec,Lille,ST1040,ST1042,2026-08-29 08:20:36,2026-08-29 08:29:36,9,1.61,,cb
TR2608290043095,CL104071,EN00368,trottinette,Lille,ST1041,ST1038,2026-08-29 08:19:29,2026-08-29 08:33:29,14,4.47,4.08,abonnement
TR2608290043096,CL107536,EN00516,velo_elec,Grenoble,ST1048,ST1050,2026-08-29 08:21:58,2026-08-29 08:31:58,10,1.63,3.5,abonnement
TR2608290043097,CL106658,EN00589,velo_elec,Grenoble,ST1056,ST1053,1787984300,2026-08-29 08:25:20,7,1.1,2.75,cb
TR2608290043098,CL102174,EN00187,velo_elec,Lyon,ST1002,ST1008,29/08/2026 08:40,2026-08-29 08:50:29,10,3.2,3.5,cb
TR2608290043099,CL101242,EN00123,velo_elec,Lyon,ST1018,ST1004,2026-08-29 08:37:51,29/08/2026 08:55,18,6.0,5.5,cb
TR2608290043100,CL103079,EN00355,velo_elec,Nantes,ST1020,ST1026,2026-08-29 08:32:46,2026-08-29 09:00:46,28,7.45,8.0,cb
TR2608290043101,CL102056,EN00301,velo_elec,Nantes,ST1021,ST1022,2026-08-29 08:42:02,2026-08-29 09:13:02,31,9.47,8.75,abonnement
TR2608290043102,CL105485,EN00325,trottinette,Nantes,ST1033,ST1021,2026-08-29 08:43:55,2026-08-29 08:51:55,8,2.19,2.76,cb
TR2608290043103,CL103604,EN00417,trottinette,Lille,ST1035,ST1042,2026-08-29 08:32:28,2026-08-29 08:40:28,8,2.74,2.76,abonnement
TR2608290043104,CL104600,EN00548,trottinette,grenoble,ST1056,ST1048,1787985114,2026-08-29 08:51:54,20,5.87,5.4,abonnement
TR2608290043105,CL100895,EN00136,trottinette,Lyon,ST1004,ST1001,2026-08-29 08:54:12,2026-08-29 09:07:12,13,4.03,3.86,cb
TR2608290043106,CL104245,EN00096,velo_elec,Lyon,ST1005,ST1014,2026-08-29 08:53:30,1787987130,12,4.11,4.0,abonnement
TR2608290043107,CL103507,EN00024,velo_elec,Lyon,ST1013,ST1001,,2026-08-29 09:02:07,13,2.59,4.25,paypal
TR2608290043108,CL104374,EN00207,velo_elec,Lyon,ST1014,ST1006,2026-08-29 08:58:38,2026-08-29 09:06:38,8,1.36,3.0,abonnement
TR2608290043109,CL107103,EN00230,velo_elec,NANTES,ST1026,ST1029,2026-08-29 08:49:27,29/08/2026 09:03,14,2.44,4.5,paypal
TR2608290043110,CL101499,EN00385,velo_elec,Lille,ST1041,ST1043,29/08/2026 08:56,2026-08-29 09:08:58,12,2.04,4.0,cb
TR2608290043111,CL103891,EN00494,velo_elec,Lille,ST1045,ST1043,2026-08-29 08:50:20,29/08/2026 08:56,6,1.7,2.5,abonnement
TR2608290043112,CL103672,EN00523,velo_elec,Grenoble,ST1052,ST1050,2026-08-29 08:51:52,2026-08-29 08:55:52,4,1.23,2.0,paypal
TR2608290043113,CL106479,EN00544,velo_elec,Grenoble,ST1056,ST1058,2026-08-29 08:57:17,2026-08-29 09:06:17,9,1.49,3.25,cb
TR2608290043114,CL100707,EN00179,trottinette,Lyon,ST1003,ST1014,2026-08-29 09:04:41,2026-08-29 09:10:41,6,1.81,2.32,cb
TR2608290043115,CL105392,EN00208,velo_elec,Lyon,ST1003,ST1008,29/08/2026 09:06,29/08/2026 09:10,4,0.78,2.0,paypal
TR2608290043116,CL105199,EN00037,trottinette,Lyon ,ST1005,ST1018,2026-08-29 09:10:40,2026-08-29 09:19:40,9,1.41,2.98,
TR2608290043117,CL100946,EN00203,trottinette,Lyon,ST1006,ST1013,29/08/2026 09:11,2026-08-29 09:19:57,8,1.5,2.76,cb
TR2608290043118,CL106530,EN00215,velo_elec,Lyon,ST1006,ST1014,2026-08-29 09:04:37,1787987857,13,3.36,4.25,abonnement
TR2608290043119,CL102755,EN00174,velo_elec,Lyon ,ST1011,ST1009,2026-08-29 09:02:36,2026-08-29 09:07:36,5,1.29,2.25,cb
TR2608290043120,CL102260,EN00107,velo_elec,Lyon,ST1018,ST1017,29/08/2026 09:03,29/08/2026 09:44,41,8.97,11.25,abonnement
TR2608290043121,CL108917,EN00297,trottinette,Nantes,ST1021,ST1022,2026-08-29 09:07:33,2026-08-29 09:14:33,7,2.07,2.54,abonnement
TR2608290043122,CL108623,EN00493,velo_elec,lille,ST1034,ST1037,2026-08-29 09:02:43,2026-08-29 09:09:43,7,1.78,2.75,paypal
TR2608290043123,CL107886,EN00445,velo_elec,Lille,ST1034,ST1046,2026-08-29 09:04:40,29/08/2026 09:13,9,2.93,3.25,abonnement
TR2608290043124,CL100592,EN00450,trottinette,Lille,ST1036,ST1036,2026-08-29 09:07:14,29/08/2026 09:28,21,4.11,5.62,cb
TR2608290043125,CL101667,EN00394,velo_elec,Lille,ST1036,ST1034,2026-08-29 09:04:09,1787989869,47,8.15,12.75,paypal
TR2608290043126,CL106918,EN00400,trottinette,lille,ST1040,ST1034,29/08/2026 09:01,2026-08-29 09:12:19,11,2.77,3.42,cb
TR2608290043127,CL100143,EN00434,velo_elec,Lille,ST1041,ST1036,1787987509,2026-08-29 09:25:49,14,4.53,4.5,paypal
TR2608290043128,CL107728,EN00430,velo_elec,Lille,ST1042,ST1040,2026-08-29 09:04:43,2026-08-29 09:13:43,9,1.83,3.25,
TR2608290043129,CL102049,EN00480,velo_elec,Lille,ST1045,ST1047,1787987711,2026-08-29 09:24:11,9,2.87,3.25,cb
TR2608290043130,CL102164,EN00422,velo_elec,Lille,ST1046,ST1047,2026-08-29 09:04:26,2026-08-29 09:07:26,3,0.73,1.75,cb
TR2608290043131,CL102243,EN00397,velo,Lille,ST1047,ST1038,2026-08-29 09:07:23,,15,4.83,3.25,cb
TR2608290043132,CL102011,EN00547,trottinette,Grenoble,ST1052,ST1053,1787987631,2026-08-29 09:32:51,19,6.13,5.18,paypal
TR2608290043133,CL104082,EN00519,velo_elec,Grenoble,ST1054,ST1051,2026-08-29 09:03:15,2026-08-29 09:13:15,10,2.81,3.5,abonnement
TR2608290043134,CL108692,EN00541,velo_elec,Grenoble,ST1055,ST1055,29/08/2026 09:15,2026-08-29 09:21:25,6,1.36,2.5,abonnement
TR2608290043135,CL101215,EN00543,velo,Grenoble,ST1056,ST1054,2026-08-29 09:13:21,2026-08-29 09:22:21,9,2.09,2.35,abonnement
TR2608290043136,CL100275,EN00579,trottinette,Grenoble,ST1057,ST1055,2026-08-29 09:14:23,2026-08-29 09:24:23,10,3.16,3.2,paypal
TR2608290043137,CL101540,EN00113,velo_elec,Lyon,ST1004,ST1006,2026-08-29 09:30:10,2026-08-29 09:42:10,12,2.17,4.0,cb
TR2608290043138,CL102486,EN00111,trottinette,Lyon,ST1005,ST1014,2026-08-29 09:21:41,2026-08-29 09:28:41,7,2.41,2.54,abonnement
TR2608290043139,CL104625,EN00100,velo_elec,Lyon,ST1007,ST1009,2026-08-29 09:25:44,2026-08-29 09:34:44,9,2.79,3.25,cb
TR2608290043140,CL105991,EN00093,velo_elec,Lyon,ST1007,ST1008,2026-08-29 09:24:07,,7,2.15,2.75,cb
TR2608290043141,CL103801,EN00053,trottinette,Lyon,ST1013,ST1006,2026-08-29 09:20:24,2026-08-29 09:31:24,11,2.39,3.42,abonnement
TR2608290043142,CL100263,EN00096,velo_elec,Lyon,ST1014,ST1006,2026-08-29 09:30:09,2026-08-29 09:49:09,19,6.55,5.75,paypal
TR2608290043143,CL103402,EN00281,velo_elec,Nante,ST1029,ST1029,2026-08-29 09:29:54,2026-08-29 09:47:54,18,3.11,5.5,cb
TR2608290043144,CL104068,EN00291,velo_elec,Nantes,ST1030,ST1026,2026-08-29 09:19:17,29/08/2026 09:52,33,8.3,9.25,paypal
TR2608290043145,CL107483,EN00338,velo_elec,Nante,ST1032,ST1026,2026-08-29 09:21:11,2026-08-29 09:30:11,9,1.55,3.25,cb
TR2608290043146,CL101446,EN00247,trottinette,Nantes,ST1033,ST1030,2026-08-29 09:19:10,29/08/2026 09:30,11,1.68,3.42,paypal
TR2608290043147,CL104126,EN00341,velo_elec,Nantes,ST1033,ST1020,2026-08-29 09:27:06,1787989146,12,2.27,4.0,cb
TR2608290043148,CL108973,EN00400,trottinette,Lille,ST1034,ST1038,1787988621,2026-08-29 09:45:21,15,4.43,4.3,paypal
TR2608290043149,CL107540,EN00418,trottinette,Lille,ST1037,ST1035,2026-08-29 09:17:32,2026-08-29 09:50:32,33,8.84,8.26,paypal
TR2608290043150,CL103634,EN00493,velo_elec,Lille,ST1037,ST1043,2026-08-29 09:25:23,29/08/2026 09:42,17,3.32,5.25,cb
TR2608290043151,CL106686,EN00430,velo_elec,Lille,ST1040,ST1034,2026-08-29 09:26:03,29/08/2026 09:44,18,5.86,5.5,abonnement
TR2608290043152,CL101438,EN00392,velo_elec,Lille,ST1041,ST1042,2026-08-29 09:19:38,2026-08-29 09:51:38,32,8.42,9.0,cb
TR2608290043153,CL103562,EN00472,velo_elec,Lille,ST1042,ST1037,2026-08-29 09:22:18,2026-08-29 09:35:18,13,3.53,4.25,cb
TR2608290043154,CL104415,EN00363,velo_elec,Lille,ST1044,ST1046,29/08/2026 09:30,29/08/2026 09:54,24,4.39,7.0,abonnement
TR2608290043155,CL103235,EN00444,trottinette,Lille,ST1045,ST1045,2026-08-29 09:16:08,2026-08-29 09:24:08,8,2.57,2.76,abonnement
TR2608290043156,CL104948,EN00404,trottinette,Lille,ST1045,ST1042,2026-08-29 09:21:54,2026-08-29 09:36:54,15,2.51,4.3,abonnement
TR2608290043157,CL102379,EN00554,velo_elec,Grenoble,ST1052,ST1056,29/08/2026 09:23,29/08/2026 09:31,-5,1.99,3.0,
TR2608290043158,CL106583,EN00589,velo_elec,Grenoble,ST1053,ST1058,2026-08-29 09:30:09,1787989449,14,2.37,4.5,cb
TR2608290043159,CL107170,EN00526,velo_elec,Grenoble,ST1054,ST1055,2026-08-29 09:19:12,1787989572,27,4.48,7.75,abonnement
TR2608290043160,CL107170,EN00571,trottinette,Grenoble ,ST1054,ST1056,2026-08-29 09:31:21,2026-08-29 09:40:21,9,2.2,2.98,abonnement
TR2608290043161,CL103446,EN00034,velo_elec,Lyon,ST1001,ST1001,2026-08-29 09:45:42,2026-08-29 09:58:42,13,3.69,4.25,cb
TR2608290043162,CL107694,EN00211,velo_elec,Lyon,ST1001,ST1019,2026-08-29 09:34:50,2026-08-29 09:42:50,8,1.95,3.0,paypal
TR2608290043163,CL106483,EN00172,trottinette,Lyon,ST1002,ST1018,2026-08-29 09:39:57,2026-08-29 10:08:57,29,7.29,7.38,cb
TR2608290043164,CL102630,EN00149,velo,Lyon,ST1005,ST1014,2026-08-29 09:44:51,29/08/2026 09:51,7,2.25,2.05,cb
TR2608290043165,CL100890,EN00207,velo_elec,Lyon,ST1006,ST1008,2026-08-29 09:31:52,29/08/2026 09:47,16,2.67,5.0,cb
TR2608290043166,CL106374,EN00203,trottinette,Lyon,ST1013,ST1005,2026-08-29 09:44:42,2026-08-29 09:51:42,7,1.75,2.54,cb
TR2608290043167,CL106151,EN00130,velo_elec,Lyon,ST1013,ST1011,2026-08-29 09:34:22,29/08/2026 09:41,7,1.16,2.75,abonnement
TR2608290043168,CL101267,EN00063,velo_elec,Lyon,ST1019,ST1004,2026-08-29 09:35:26,2026-08-29 09:45:26,10,2.63,3.5,paypal
TR2608290043169,CL107538,EN00232,trottinette,Nantes,ST1020,ST1023,2026-08-29 09:43:06,2026-08-29 09:55:06,12,3.73,3.64,cb
TR2608290043170,CL101681,EN00236,velo_elec,Nantes,ST1025,ST1026,29/08/2026 09:40,2026-08-29 10:01:33,21,3.54,6.25,abonnement
TR2608290043171,CL107423,EN00475,trottinette,Lille,ST1035,ST1041,2026-08-29 09:40:43,29/08/2026 10:18,38,10.86,9.36,cb
TR2608290043172,CL106214,EN00406,velo_elec,Lille,ST1035,ST1036,2026-08-29 09:34:02,2026-08-29 09:38:02,4,1.12,2.0,cb
TR2608290043173,CL103674,EN00450,trottinette,Lille,ST1036,ST1046,2026-08-29 09:42:50,2026-08-29 09:44:50,2,0.34,1.44,paypal
TR2608290043174,CL103254,EN00426,trottinette,Lille,ST1036,ST1034,2026-08-29 09:44:41,2026-08-29 09:52:41,8,2.03,2.76,cb
TR2608290043175,CL100740,EN00467,velo_elec,Lille,ST1038,ST1041,2026-08-29 09:33:17,2026-08-29 09:47:17,14,3.43,4.5,cb
TR2608290043176,CL104332,EN00405,trottinette,Lille,ST1039,ST1044,2026-08-29 09:35:35,2026-08-29 09:42:35,7,1.42,2.54,
TR2608290043177,CL107085,EN00421,velo_elec,Lille,ST1042,ST1036,2026-08-29 09:36:29,2026-08-29 10:11:29,35,7.45,9.75,paypal
TR2608290043178,CL108285,EN00509,trottinette,Grenoble,ST1048,ST1057,29/08/2026 09:40,2026-08-29 09:53:18,13,3.39,3.86,abonnement
TR2608290043179,CL107539,EN00584,trottinette,Grenoble,ST1048,ST1055,1787989173,29/08/2026 09:44,5,1.59,2.1,paypal
TR2608290043180,CL107802,EN00548,trottinette,Grenoble,ST1048,ST1052,2026-08-29 09:45:54,1787990094,9,1.96,2.98,cb
TR2608290043181,CL105937,EN00561,velo_elec,Grenoble,ST1050,ST1054,2026-08-29 09:33:36,2026-08-29 09:45:36,12,4.09,4.0,cb
TR2608290043182,CL108382,EN00559,trottinette,GRENOBLE,ST1054,ST1056,29/08/2026 09:37,29/08/2026 09:50,13,1.95,3.86,cb
TR2608290043183,CL101099,EN00541,velo_elec,grenoble,ST1055,ST1058,2026-08-29 09:42:01,2026-08-29 09:57:01,15,2.38,4.75,paypal
TR2608290043184,CL106046,EN00570,trottinette,Grenoble,ST1055,ST1049,2026-08-29 09:41:36,2026-08-29 09:55:36,14,4.37,4.08,cb
TR2608290043185,CL106376,EN00579,trottinette,Grenoble,ST1055,ST1052,29/08/2026 09:35,2026-08-29 09:50:13,15,5.17,4.3,paypal
TR2608290043186,CL103284,EN00554,velo_elec,Grenoble,ST1056,ST1057,2026-08-29 09:33:31,2026-08-29 09:46:31,13,3.53,4.25,abonnement
TR2608290043187,CL100550,EN00178,velo_elec,Lyon,ST1007,ST1019,2026-08-29 09:59:42,2026-08-29 10:10:42,11,1.73,3.75,cb
TR2608290043188,CL104304,EN00065,trottinette,Lyon,ST1007,ST1017,29/08/2026 09:46,1787990410,14,4.62,4.08,abonnement
TR2608290043189,CL102655,EN00014,velo_elec,Lyon,ST1009,ST1008,2026-08-29 09:47:19,2026-08-29 09:54:19,7,1.1,2.75,abonnement
TR2608290043190,CL108894,EN00119,trottinette,Lyon,ST1012,ST1009,2026-08-29 09:59:46,2026-08-29 10:19:46,20,6.52,5.4,cb
TR2608290043191,CL103846,EN00214,trottinette,Lyon,ST1013,ST1019,1787989808,2026-08-29 10:05:08,15,5.13,4.3,abonnement
TR2608290043192,CL100741,EN00041,velo_elec,Lyon,ST1016,ST1012,2026-08-29 09:54:09,2026-08-29 10:03:09,9,3.07,3.25,cb
TR2608290043193,CL104964,EN00192,velo_elec,Lyon,ST1017,ST1010,29/08/2026 09:51,2026-08-29 09:57:42,6,1.04,2.5,paypal
TR2608290043194,CL107902,EN00099,velo_elec,Lyon,ST1019,ST1012,2026-08-29 09:59:39,2026-08-29 10:41:39,42,10.53,11.5,cb
TR2608290043195,CL102829,EN00233,velo_elec,Nantes,ST1022,ST1029,2026-08-29 09:53:00,2026-08-29 10:18:00,25,5.45,7.25,cb
TR2608290043196,CL104431,EN00484,velo_elec,Lille,ST1035,ST1036,2026-08-29 09:59:37,2026-08-29 10:05:37,6,1.31,2.5,abonnement
TR2608290043197,CL104553,EN00472,velo_elec,Lille,ST1037,ST1043,2026-08-29 09:49:40,1787990320,9,2.5,3.25,abonnement
TR2608290043198,CL107474,EN00496,velo_elec,Lille,ST1039,ST1046,2026-08-29 09:48:07,2026-08-29 10:00:07,12,3.08,4.0,cb
TR2608290043199,CL106335,EN00417,trottinette,Lille,ST1042,ST1045,2026-08-29 09:50:57,29/08/2026 09:57,7,1.43,2.54,cb
TR2608290043200,CL101438,EN00498,trottinette,Lille,ST1044,ST1036,2026-08-29 09:50:10,2026-08-29 10:00:10,10,1.69,3.2,abonnement
TR2608290043201,CL100013,EN00405,trottinette,Lille,ST1044,ST1045,2026-08-29 09:46:15,29/08/2026 10:01,15,3.67,4.3,cb
TR2608290043202,CL104854,EN00444,trottinette,Lille,ST1045,ST1044,2026-08-29 09:53:17,2026-08-29 10:00:17,7,1.61,2.54,abonnement
TR2608290043203,CL101667,EN00459,velo_elec,Lille,ST1046,ST1047,29/08/2026 09:46,2026-08-29 10:34:28,48,14.74,13.0,abonnement
TR2608290043204,CL101536,EN00422,velo_elec,Lille,ST1047,ST1038,2026-08-29 09:56:51,29/08/2026 10:09,13,3.66,4.25,cb
TR2608290043205,CL102290,EN00516,velo_elec,Grenoble,ST1050,ST1055,2026-08-29 09:54:25,2026-08-29 10:14:25,20,3.65,6.0,cb
TR2608290043206,CL103490,EN00553,trottinette,grenoble,ST1050,ST1050,2026-08-29 09:50:21,2026-08-29 10:08:21,18,5.07,4.96,abonnement
TR2608290043207,CL107000,EN00561,velo_elec,Grenoble,ST1054,ST1052,1787989844,29/08/2026 10:01,11,2.06,3.75,paypal
TR2608290043208,CL102451,EN00593,trottinette,Grenoble ,ST1055,ST1055,29/08/2026 09:46,2026-08-29 09:54:11,8,1.45,2.76,abonnement
TR2608290043209,CL107720,EN00514,velo_elec,Grenoble,ST1058,ST1055,29/08/2026 09:47,2026-08-29 10:03:21,16,5.15,5.0,cb
TR2608290043210,CL108709,EN00129,velo_elec,Lyon,ST1001,ST1001,2026-08-29 10:10:39,2026-08-29 10:18:39,8,1.47,3.0,cb
TR2608290043211,CL104164,EN00113,velo_elec,Lyon,ST1006,ST1018,29/08/2026 10:10,2026-08-29 10:29:02,19,3.94,5.75,paypal
TR2608290043212,CL102724,EN00155,velo,Lyon,ST1007,ST1019,2026-08-29 10:02:03,2026-08-29 10:11:03,9,2.22,2.35,cb
TR2608290043213,CL105199,EN00014,velo_elec,Lyon,ST1008,ST1017,2026-08-29 10:00:41,2026-08-29 10:31:41,31,9.76,8.75,cb
TR2608290043214,CL103028,EN00146,trottinette,Lyon,ST1012,ST1004,2026-08-29 10:02:02,1787990702,3,0.73,1.66,cb
TR2608290043215,CL105619,EN00097,velo_elec,Lyon,ST1013,ST1005,2026-08-29 10:05:12,2026-08-29 10:27:12,22,3.88,6.5,abonnement
TR2608290043216,CL108597,EN00037,trottinette,Lyon,ST1018,ST1013,,2026-08-29 10:26:57,12,1.93,3.64,abonnement
TR2608290043217,CL107686,EN00211,velo_elec,Lyonn,ST1019,ST1004,2026-08-29 10:10:18,2026-08-29 10:17:18,7,1.65,2.75,cb
TR2608290043218,CL107763,EN00195,velo_elec,Lyon,ST1019,ST1015,2026-08-29 10:02:05,,11,3.8,3.75,
TR2608290043219,CL104244,EN00263,trottinette,Nantes,ST1020,ST1033,2026-08-29 10:04:37,,27,5.63,6.94,cb
TR2608290043220,CL103105,EN00272,trottinette,Nantes,ST1020,ST1021,2026-08-29 10:05:02,2026-08-29 10:12:02,7,1.57,2.54,cb
TR2608290043221,CL104960,EN00283,trottinette,Nantes,ST1020,ST1021,2026-08-29 10:03:40,2026-08-29 10:16:40,13,4.55,3.86,paypal
TR2608290043222,CL108763,EN00287,velo_elec,Nantes,ST1022,ST1024,2026-08-29 10:13:28,2026-08-29 10:25:28,12,4.03,4.0,cb
TR2608290043223,CL102089,EN00338,velo_elec,NANTES,ST1026,ST1022,2026-08-29 10:03:17,29/08/2026 10:18,15,5.2,4.75,cb
TR2608290043224,CL103887,EN00303,velo_elec,nantes,ST1028,ST1030,2026-08-29 10:03:38,2026-08-29 10:17:38,14,4.37,4.5,cb
TR2608290043225,CL104106,EN00281,velo_elec,Nantes,ST1029,ST1030,2026-08-29 10:12:59,2026-08-29 10:25:59,13,3.8,4.25,paypal
TR2608290043226,CL100594,EN00348,velo_elec,Nantes,ST1032,ST1027,2026-08-29 10:13:10,29/08/2026 10:23,10,1.56,3.5,abonnement
TR2608290043227,CL106352,EN00405,trottinette,LILLE,ST1045,ST1046,2026-08-29 10:15:13,2026-08-29 11:10:13,55,18.87,13.1,cb
TR2608290043228,CL103357,EN00363,velo_elec,LILLE,ST1046,ST1046,2026-08-29 10:09:57,29/08/2026 10:15,6,1.39,2.5,cb
TR2608290043229,CL100999,EN00567,velo_elec,Grenoble,ST1050,ST1058,2026-08-29 10:09:42,2026-08-29 10:20:42,11,2.87,3.75,cb
TR2608290043230,CL107980,EN00558,trottinette,Grenoble,ST1051,ST1051,2026-08-29 10:09:11,29/08/2026 10:42,33,5.18,8.26,cb
TR2608290043231,CL107008,EN00519,velo_elec,Grenoble,ST1051,ST1048,2026-08-29 10:07:51,,8,1.38,3.0,abonnement
TR2608290043232,CL105737,EN00579,trottinette,Grenoble,ST1052,ST1054,2026-08-29 10:03:32,2026-08-29 10:15:32,12,2.71,3.64,cb
TR2608290043233,CL106588,EN00520,velo_elec,Grenoble,ST1055,ST1050,2026-08-29 10:12:17,2026-08-29 10:24:17,12,2.47,4.0,abonnement
TR2608290043234,CL100487,EN00006,trottinette,Lyon,ST1002,ST1019,29/08/2026 10:23,2026-08-29 10:31:09,8,2.78,2.76,cb
TR2608290043235,CL107295,EN00115,velo_elec,Lyon,ST1002,ST1004,29/08/2026 10:16,2026-08-29 10:29:31,13,2.97,4.25,cb
TR2608290043236,CL107906,EN00096,velo_elec,LYON,ST1006,ST1019,1787991368,,13,4.24,4.25,cb
TR2608290043237,CL102588,EN00180,trottinette,Lyon,ST1009,ST1006,2026-08-29 10:17:22,2026-08-29 10:23:22,6,1.24,2.32,abonnement
TR2608290043238,CL102973,EN00192,velo_elec,Lyon,ST1010,ST1005,29/08/2026 10:25,2026-08-29 10:42:12,17,5.95,5.25,cb
TR2608290043239,CL106728,EN00029,velo_elec,Lyon,ST1010,ST1005,2026-08-29 10:20:37,2026-08-29 10:29:37,9,2.46,3.25,abonnement
TR2608290043240,CL106363,EN00041,velo_elec,LYON,ST1012,ST1007,2026-08-29 10:26:32,2026-08-29 10:42:32,16,2.47,5.0,cb
TR2608290043241,CL108951,EN00179,trottinette,Lyon,ST1014,ST1017,2026-08-29 10:26:05,2026-08-29 10:31:05,5,1.56,2.1,cb
TR2608290043242,CL104556,EN00124,velo_elec,Lyon,ST1015,ST1017,,2026-08-29 10:37:39,10,3.32,3.5,abonnement
TR2608290043243,CL100485,EN00107,velo_elec,Lyon,ST1017,ST1019,1787991966,2026-08-29 11:01:06,35,10.09,9.75,cb
TR2608290043244,CL108571,EN00199,velo_elec,Lyon,ST1019,ST1004,1787991379,29/08/2026 10:49,33,10.07,9.25,paypal
TR2608290043245,CL100771,EN00249,velo_elec,Nantes,ST1020,ST1022,2026-08-29 10:28:16,2026-08-29 10:36:16,8,2.54,3.0,cb
TR2608290043246,CL105121,EN00240,trottinette,Nantes,ST1024,ST1029,2026-08-29 10:28:27,,5,1.56,2.1,cb
TR2608290043247,CL104369,EN00321,velo_elec,Nantes,ST1026,ST1023,2026-08-29 10:16:33,2026-08-29 10:21:33,5,1.15,2.25,abonnement
TR2608290043248,CL103144,EN00268,trottinette,Nantes,ST1032,ST1022,1787991546,2026-08-29 10:30:06,11,3.11,3.42,paypal
TR2608290043249,CL104982,EN00424,velo_elec, Lille,ST1035,ST1037,2026-08-29 10:22:55,2026-08-29 10:36:55,14,3.68,4.5,cb
TR2608290043250,CL106128,EN00418,trottinette,Lille,ST1035,ST1034,2026-08-29 10:24:09,29/08/2026 10:31,7,1.54,2.54,abonnement
TR2608290043251,CL101020,EN00468,trottinette,Lille,ST1035,ST1044,1787991863,1787994083,37,7.22,9.14,abonnement
TR2608290043252,CL102049,EN00478,trottinette,Lille,ST1040,ST1040,2026-08-29 10:29:19,2026-08-29 10:55:19,26,8.46,6.72,abonnement
TR2608290043253,CL100616,EN00386,trottinette,Lille,ST1042,ST1040,2026-08-29 10:29:44,2026-08-29 10:37:44,8,1.31,2.76,cb
TR2608290043254,CL101154,EN00440,trottinette,Lille,ST1043,ST1043,29/08/2026 10:24,2026-08-29 10:38:35,14,3.45,4.08,cb
TR2608290043255,CL104463,EN00412,trottinette,Lille,ST1044,ST1039,2026-08-29 10:25:10,2026-08-29 10:30:10,5,1.06,2.1,cb
TR2608290043256,CL102749,EN00370,velo_elec,Lille,ST1044,ST1046,,2026-08-29 10:30:36,5,0.79,2.25,cb
TR2608290043257,CL105958,EN00480,velo_elec,Lille,ST1047,ST1039,29/08/2026 10:27,2026-08-29 10:31:57,4,1.27,2.0,cb
TR2608290043258,CL107884,EN00534,trottinette,Grenoble,ST1049,ST1050,2026-08-29 10:20:42,2026-08-29 10:27:42,7,1.9,2.54,cb
TR2608290043259,CL103636,EN00553,trottinette,grenoble,ST1050,ST1049,2026-08-29 10:27:19,1787992639,10,2.48,3.2,cb
TR2608290043260,CL108305,EN00512,velo_elec,Grenoble ,ST1053,ST1048,29/08/2026 10:16,2026-08-29 10:29:48,13,2.1,4.25,cb
TR2608290043261,CL102742,EN00577,velo_elec,Grenoble,ST1053,ST1053,2026-08-29 10:24:17,2026-08-29 10:30:17,6,1.64,2.5,cb
TR2608290043262,CL105167,EN00579,trottinette,Grenoble,ST1054,ST1057,2026-08-29 10:21:32,2026-08-29 10:33:32,12,3.68,3.64,abonnement
TR2608290043263,CL108510,EN00164,trottinette,Lyon,ST1001,ST1003,2026-08-29 10:44:32,2026-08-29 11:04:32,20,3.57,5.4,cb
TR2608290043264,CL100027,EN00198,velo_elec,Lyon,ST1003,ST1011,2026-08-29 10:39:09,1787993769,17,3.02,5.25,abonnement
TR2608290043265,CL107757,EN00106,trottinette,Lyon,ST1003,ST1003,1787992694,29/08/2026 10:44,6,1.91,2.32,cb
TR2608290043266,CL100411,EN00112,velo_elec,Lyon,ST1004,ST1014,29/08/2026 10:41,2026-08-29 10:56:58,15,3.06,4.75,abonnement
TR2608290043267,CL102733,EN00203,trottinette,Lyon,ST1005,ST1014,29/08/2026 10:42,,19,4.61,5.18,cb
TR2608290043268,CL100189,EN00180,trottinette,lyon,ST1006,ST1011,2026-08-29 10:42:21,2026-08-29 10:49:21,7,2.41,2.54,cb
TR2608290043269,CL105429,EN00187,velo_elec,Lyon,ST1008,ST1011,2026-08-29 10:38:28,2026-08-29 10:49:28,11,2.06,3.75,cb
TR2608290043270,CL107350,EN00208,velo_elec,Lyon,ST1008,ST1002,2026-08-29 10:46:13,2026-08-29 10:51:13,5,1.42,2.25,abonnement
TR2608290043271,CL102167,EN00174,velo_elec,Lyon,ST1009,ST1017,29/08/2026 10:39,2026-08-29 10:49:34,10,3.28,3.5,cb
TR2608290043272,CL107586,EN00212,trottinette,Lyon,ST1012,ST1001,29/08/2026 10:32,2026-08-29 10:55:12,23,3.59,6.06,cb
TR2608290043273,CL108664,EN00196,velo_elec,Lyon,ST1012,ST1006,2026-08-29 10:31:26,2026-08-29 10:53:26,22,6.33,6.5,abonnement
TR2608290043274,CL107703,EN00001,velo_elec,Lyon,ST1013,ST1007,2026-08-29 10:38:56,29/08/2026 11:01,23,4.35,6.75,paypal
TR2608290043275,CL101671,EN00069,trottinette,Lyon,ST1014,ST1013,2026-08-29 10:33:08,2026-08-29 11:12:08,39,7.2,9.58,cb
TR2608290043276,CL101933,EN00272,trottinette,Nantes,ST1021,ST1028,2026-08-29 10:41:09,2026-08-29 11:00:09,19,5.87,5.18,cb
TR2608290043277,CL105160,EN00321,velo_elec,Nantes,ST1023,ST1021,2026-08-29 10:31:27,2026-08-29 10:44:27,13,3.26,4.25,abonnement
TR2608290043278,CL108390,EN00230,velo_elec,Nantes,ST1029,ST1027,2026-08-29 10:33:33,2026-08-29 10:45:33,12,2.46,4.0,cb
TR2608290043279,CL107766,EN00260,velo_elec,Nantes,ST1032,ST1024,2026-08-29 10:44:55,2026-08-29 11:06:55,22,4.62,6.5,cb
TR2608290043280,CL100899,EN00413,trottinette,LILLE,ST1037,ST1044,2026-08-29 10:39:10,2026-08-29 10:45:10,6,1.38,2.32,cb
TR2608290043281,CL107036,EN00368,trottinette,Lille,ST1038,ST1037,2026-08-29 10:40:25,2026-08-29 10:53:25,13,3.89,3.86,cb
TR2608290043282,CL102198,EN00467,velo_elec,Lille,ST1041,ST1042,29/08/2026 10:33,2026-08-29 11:11:51,38,11.65,10.5,cb
TR2608290043283,CL101543,EN00404,trottinette,Lille,ST1042,ST1042,2026-08-29 10:37:00,2026-08-29 10:46:00,9,1.63,2.98,cb
TR2608290043284,CL101834,EN00438,trottinette,Lille,ST1043,ST1038,2026-08-29 10:38:11,2026-08-29 11:08:11,30,7.87,7.6,cb
TR2608290043285,CL105227,EN00474,velo_elec,Lille,ST1044,ST1034,2026-08-29 10:42:52,29/08/2026 10:58,16,4.84,5.0,cb
TR2608290043286,CL102265,EN00362,velo_elec,Lille,ST1044,ST1044,2026-08-29 10:31:49,2026-08-29 10:48:49,17,3.42,5.25,cb
TR2608290043287,CL104069,EN00580,velo_elec,Grenoble,ST1049,ST1052,29/08/2026 10:32,2026-08-29 10:37:20,5,1.0,2.25,cb
TR2608290043288,CL108296,EN00566,trottinette,Grenoble,ST1054,ST1051,29/08/2026 10:38,29/08/2026 10:50,12,1.88,3.64,cb
TR2608290043289,CL106749,EN00564,velo,Grenoble,ST1054,ST1053,2026-08-29 10:36:43,29/08/2026 10:48,12,3.2,2.8,cb
TR2608290043290,CL104788,EN00571,trottinette,Grenoble,ST1056,ST1048,2026-08-29 10:44:54,2026-08-29 11:01:54,17,4.86,4.74,cb
TR2608290043291,CL104696,EN00152,velo_elec,Lyon,ST1003,ST1003,29/08/2026 10:49,2026-08-29 10:55:05,6,1.32,2.5,abonnement
TR2608290043292,CL104372,EN00146,trottinette,Lyon,ST1004,ST1013,2026-08-29 10:56:56,2026-08-29 11:13:56,17,4.84,4.74,abonnement
TR2608290043293,CL108820,EN00211,velo_elec,Lyon,ST1004,ST1017,2026-08-29 10:51:05,2026-08-29 11:01:05,10,2.85,3.5,paypal
TR2608290043294,CL104364,EN00207,velo_elec,Lyon,ST1008,ST1014,2026-08-29 10:49:04,2026-08-29 11:07:04,18,3.86,5.5,cb
TR2608290043295,CL107600,EN00218,velo_elec,Lyon,ST1008,ST1007,2026-08-29 11:01:05,2026-08-29 11:16:05,15,3.5,4.75,paypal
TR2608290043296,CL105075,EN00070,trottinette,Lyon,ST1008,ST1013,2026-08-29 10:45:53,2026-08-29 10:51:53,6,1.69,2.32,cb
TR2608290043297,CL105862,EN00119,trottinette,Lyon,ST1009,ST1005,2026-08-29 10:56:38,2026-08-29 11:01:38,5,1.35,2.1,cb
TR2608290043298,CL106118,EN00100,velo_elec,Lyon,ST1009,ST1008,2026-08-29 10:55:46,2026-08-29 11:07:46,12,2.58,4.0,abonnement
TR2608290043299,CL107295,EN00027,velo_elec,Lyon,ST1009,ST1004,2026-08-29 10:47:42,29/08/2026 11:02,15,2.55,4.75,abonnement
TR2608290043300,CL107429,EN00099,velo_elec,Lyon,ST1012,ST1011,2026-08-29 10:55:01,2026-08-29 11:11:01,16,3.68,5.0,
TR2608290043301,CL101228,EN00133,velo_elec,Lyon,ST1016,ST1004,1787993361,2026-08-29 11:04:21,15,2.66,4.75,abonnement
TR2608290043302,CL107634,EN00065,trottinette,Lyon,ST1017,ST1008,29/08/2026 10:45,1787993616,8,1.99,2.76,cb
TR2608290043303,CL105043,EN00124,velo_elec,Lyon,ST1017,ST1012,2026-08-29 10:46:29,2026-08-29 11:04:29,18,5.66,5.5,cb
TR2608290043304,CL103001,EN00178,velo_elec,Lyon,ST1019,ST1011,2026-08-29 10:58:24,2026-08-29 11:33:24,35,10.33,9.75,cb
TR2608290043305,CL100477,EN00287,velo_elec,NANTES,ST1024,ST1025,2026-08-29 10:51:25,1787996545,51,16.79,13.75,abonnement
TR2608290043306,CL102682,EN00300,velo_elec,Nantes,ST1024,ST1028,2026-08-29 10:53:11,1787993951,6,0.98,2.5,cb
TR2608290043307,CL101257,EN00230,velo_elec,Nantes,ST1027,ST1020,29/08/2026 11:01,2026-08-29 11:10:01,9,1.5,3.25,
TR2608290043308,CL106928,EN00348,velo_elec,Nantes,ST1027,ST1029,2026-08-29 10:56:52,2026-08-29 11:06:52,10,1.6,3.5,cb
TR2608290043309,CL101177,EN00298,trottinette,Nantes,ST1031,ST1027,2026-08-29 10:45:58,29/08/2026 10:57,12,2.45,3.64,paypal
TR2608290043310,CL100061,EN00428,velo_elec,Lille,ST1035,ST1042,2026-08-29 10:47:51,2026-08-29 11:17:51,30,7.17,8.5,cb
TR2608290043311,CL104121,EN00424,velo_elec,Lille,ST1037,ST1040,2026-08-29 10:50:29,2026-08-29 11:05:29,15,4.42,4.75,cb
TR2608290043312,CL107285,EN00422,velo_elec,Lille,ST1038,ST1037,2026-08-29 10:58:51,2026-08-29 11:13:51,15,2.26,4.75,paypal
TR2608290043313,CL108262,EN00375,trottinette,Lille,ST1040,ST1034,29/08/2026 11:00,2026-08-29 11:24:27,24,5.68,6.28,paypal
TR2608290043314,CL104974,EN00386,trottinette,Lille,ST1040,ST1039,2026-08-29 10:58:34,2026-08-29 11:06:34,8,1.25,2.76,cb
TR2608290043315,CL105659,EN00425,velo_elec,Lille,ST1043,ST1045,2026-08-29 11:00:10,2026-08-29 11:12:10,12,3.0,4.0,abonnement
TR2608290043316,CL103612,EN00477,trottinette,Lille,ST1043,ST1034,1787993480,2026-08-29 11:02:20,11,2.91,3.42,abonnement
TR2608290043317,CL104242,EN00363,velo_elec,Lille,ST1046,ST1045,2026-08-29 10:46:51,29/08/2026 10:58,12,3.82,4.0,paypal
TR2608290043318,CL105805,EN00459,velo_elec,Lille,ST1047,ST1046,2026-08-29 10:49:51,2026-08-29 10:55:51,6,1.57,2.5,paypal
TR2608290043319,CL106828,EN00512,velo_elec,Grenoble,ST1048,ST1048,2026-08-29 10:56:11,2026-08-29 11:08:11,12,4.04,4.0,cb
TR2608290043320,CL108526,EN00570,trottinette,Grenoble,ST1049,ST1055,2026-08-29 10:55:33,2026-08-29 10:57:33,2,0.45,1.44,cb
TR2608290043321,CL106345,EN00513,velo_elec,Grenoble,ST1049,ST1048,29/08/2026 10:57,2026-08-29 11:28:30,31,6.3,8.75,abonnement
TR2608290043322,CL105295,EN00534,trottinette,Grenoble,ST1050,ST1056,,,11,2.42,3.42,
TR2608290043323,CL106978,EN00520,velo_elec,Grenoble,ST1050,ST1058,2026-08-29 10:50:44,1787994044,10,2.12,3.5,cb
TR2608290043324,CL104891,EN00558,trottinette,Grenoble,ST1051,ST1054,2026-08-29 10:55:14,2026-08-29 11:18:14,23,6.8,6.06,abonnement
TR2608290043325,CL102038,EN00580,velo_elec,GRENOBLE,ST1052,ST1056,2026-08-29 10:49:24,2026-08-29 11:00:24,11,3.21,3.75,cb
TR2608290043326,CL101746,EN00561,velo_elec,Grenoble,ST1052,ST1050,2026-08-29 10:48:22,29/08/2026 11:01,13,3.42,4.25,cb
TR2608290043327,CL105842,EN00548,trottinette,Grenoble,ST1052,ST1050,29/08/2026 10:54,2026-08-29 11:26:33,32,7.12,8.04,cb
TR2608290043328,CL107000,EN00514,velo_elec,Grenoble,ST1055,ST1048,1787993470,2026-08-29 10:58:10,7,2.29,2.75,cb
TR2608290043329,CL107471,EN00559,trottinette,Grenoble,ST1056,ST1053,2026-08-29 10:58:51,29/08/2026 11:07,9,2.94,2.98,cb
TR2608290043330,CL100553,EN00168,velo_elec,Lyon,ST1002,ST1012,2026-08-29 11:10:15,29/08/2026 11:15,5,0.85,2.25,cb
TR2608290043331,CL102055,EN00029,velo_elec,Lyon,ST1005,ST1007,2026-08-29 11:08:39,2026-08-29 11:16:39,8,1.71,3.0,paypal
TR2608290043332,CL108318,EN00119,trottinette,Lyon,ST1005,ST1001,2026-08-29 11:09:31,2026-08-29 11:31:31,22,5.63,5.84,cb
TR2608290043333,CL103286,EN00007,velo,Lyon,ST1010,ST1007,29/08/2026 11:14,2026-08-29 11:22:30,8,1.52,2.2,cb
TR2608290043334,CL100024,EN00023,trottinette,Lyon,ST1012,ST1019,2026-08-29 11:06:03,2026-08-29 11:14:03,8,2.11,2.76,abonnement
TR2608290043335,CL102205,EN00158,velo_elec,Lyon,ST1013,ST1012,2026-08-29 11:12:58,29/08/2026 11:40,28,8.19,8.0,abonnement
TR2608290043336,CL101840,EN00056,velo_elec,Lyon,ST1013,ST1019,2026-08-29 11:01:04,2026-08-29 11:09:04,8,1.47,3.0,cb
TR2608290043337,CL100747,EN00112,velo_elec,Lyon,ST1014,ST1019,2026-08-29 11:05:04,2026-08-29 11:17:04,12,3.41,4.0,cb
TR2608290043338,CL104146,EN00179,trottinette,Lyon,ST1017,ST1016,2026-08-29 11:01:13,2026-08-29 11:06:13,5,1.55,2.1,paypal
TR2608290043339,CL108144,EN00062,trottinette,Lyon,ST1018,ST1006,2026-08-29 11:06:24,,18,3.49,4.96,abonnement
TR2608290043340,CL107080,EN00294,velo_elec,Nantes,ST1020,ST1030,2026-08-29 11:03:27,2026-08-29 11:21:27,18,3.41,5.5,abonnement
TR2608290043341,CL100914,EN00341,velo_elec,Nante,ST1020,ST1029,2026-08-29 11:03:42,2026-08-29 11:14:42,11,2.72,3.75,cb
TR2608290043342,CL107927,EN00319,velo_elec,Nantes,ST1025,ST1026,2026-08-29 11:03:37,2026-08-29 11:09:37,6,1.85,2.5,cb
TR2608290043343,CL100260,EN00295,velo_elec,Nantes,ST1025,ST1027,1787994055,2026-08-29 11:17:55,17,5.64,5.25,cb
TR2608290043344,CL101533,EN00271,velo_elec,Nantes,ST1032,ST1023,2026-08-29 11:04:11,2026-08-29 11:08:11,4,0.72,2.0,cb
TR2608290043345,CL105889,EN00477,trottinette,Lille,ST1034,ST1045,2026-08-29 11:13:29,2026-08-29 11:20:29,7,2.2,2.54,cb
TR2608290043346,CL101844,EN00392,velo_elec,Lille,ST1042,ST1037,2026-08-29 11:12:08,2026-08-29 11:36:08,24,5.12,7.0,cb
TR2608290043347,CL100673,EN00372,trottinette,Lille,ST1043,ST1041,2026-08-29 11:10:45,2026-08-29 11:45:45,35,10.22,8.7,cb
TR2608290043348,CL106347,EN00413,trottinette,Lille,ST1044,ST1037,29/08/2026 11:11,2026-08-29 11:19:50,8,2.02,2.76,cb
TR2608290043349,CL102066,EN00382,trottinette,Lille,ST1044,ST1045,2026-08-29 11:01:30,2026-08-29 11:15:30,14,4.08,4.08,paypal
TR2608290043350,CL104480,EN00363,velo_elec,Lille,ST1045,ST1042,2026-08-29 11:04:13,2026-08-29 11:13:13,9,2.14,3.25,cb
TR2608290043351,CL102024,EN00561,velo_elec,Grenoble,ST1050,ST1058,2026-08-29 11:13:02,2026-08-29 11:24:02,11,2.74,3.75,cb
TR2608290043352,CL101312,EN00503,trottinette,Grenoble,ST1051,ST1055,2026-08-29 11:07:28,2026-08-29 11:36:28,29,8.63,7.38,cb
TR2608290043353,CL103190,EN00505,velo,Grenoble,ST1054,ST1050,2026-08-29 11:14:23,2026-08-29 11:24:23,10,3.31,2.5,abonnement
TR2608290043354,CL100256,EN00543,velo,Grenoble,ST1054,ST1058,2026-08-29 11:10:26,29/08/2026 11:23,13,3.12,2.95,cb
TR2608290043355,CL108629,EN00516,velo_elec,Grenoble,ST1055,ST1058,29/08/2026 11:14,2026-08-29 11:34:00,20,5.35,6.0,cb
TR2608290043356,CL105857,EN00570,trottinette,Grenoble,ST1055,ST1055,2026-08-29 11:15:47,29/08/2026 11:22,7,1.83,2.54,paypal
TR2608290043357,CL108129,EN00067,velo_elec,Lyon,ST1001,ST1004,2026-08-29 11:18:55,2026-08-29 11:33:55,15,4.05,4.75,cb
TR2608290043358,CL108616,EN00208,velo_elec,Lyon,ST1002,ST1007,29/08/2026 11:21,2026-08-29 11:29:13,8,2.55,3.0,paypal
TR2608290043359,CL108312,EN00115,velo_elec,Lyon,ST1004,ST1012,2026-08-29 11:18:51,29/08/2026 11:26,8,1.28,3.0,
TR2608290043360,CL107119,EN00019,trottinette,Lyon,ST1006,ST1015,2026-08-29 11:18:45,29/08/2026 11:36,18,4.58,4.96,abonnement
TR2608290043361,CL101996,EN00209,velo_elec,Lyon,ST1009,ST1019,2026-08-29 11:17:21,2026-08-29 11:27:21,10,2.91,3.5,cb
TR2608290043362,CL103528,EN00105,velo_elec,Lyon,ST1011,ST1003,2026-08-29 11:22:21,2026-08-29 11:45:21,23,4.46,6.75,cb
TR2608290043363,CL101360,EN00174,velo_elec,Lyon,ST1017,ST1017,2026-08-29 11:24:48,2026-08-29 11:39:48,15,3.88,4.75,cb
TR2608290043364,CL108754,EN00014,velo_elec,Lyonn,ST1017,ST1009,2026-08-29 11:27:37,2026-08-29 12:12:37,45,14.64,12.25,abonnement
TR2608290043365,CL103511,EN00211,velo_elec,Lyon,ST1017,ST1017,2026-08-29 11:25:35,2026-08-29 11:44:35,19,4.91,5.75,cb
TR2608290043366,CL103821,EN00141,velo_elec,Lyon,ST1017,ST1017,29/08/2026 11:27,2026-08-29 11:52:36,25,5.45,7.25,cb
TR2608290043367,CL101209,EN00113,velo_elec,Lyon,ST1018,ST1001,2026-08-29 11:24:12,2026-08-29 11:29:12,5,1.35,2.25,paypal
TR2608290043368,CL106179,EN00230,velo_elec,Nantes,ST1020,ST1022,2026-08-29 11:21:31,2026-08-29 11:32:31,11,3.48,3.75,cb
TR2608290043369,CL100401,EN00321,velo_elec,Nantes,ST1021,ST1029,2026-08-29 11:16:31,2026-08-29 11:37:31,21,4.71,6.25,abonnement
TR2608290043370,CL103616,EN00260,velo_elec,Nantes,ST1024,ST1027,2026-08-29 11:24:50,2026-08-29 11:31:50,7,2.16,2.75,cb
TR2608290043371,CL108368,EN00305,velo_elec,Nantes,ST1025,ST1025,2026-08-29 11:23:44,,2,0.38,1.5,cb
TR2608290043372,CL108527,EN00233,velo_elec,Nantes,ST1029,ST1030,2026-08-29 11:28:55,29/08/2026 11:35,7,1.2,2.75,cb
TR2608290043373,CL101544,EN00303,velo_elec,Nantes,ST1030,ST1030,29/08/2026 11:20,29/08/2026 11:33,13,3.63,4.25,cb
TR2608290043374,CL105923,EN00247,trottinette,Nantes,ST1030,ST1030,2026-08-29 11:17:16,2026-08-29 11:21:16,4,0.62,1.88,cb
TR2608290043375,CL105813,EN00276,velo_elec,Nantes,ST1031,ST1027,29/08/2026 11:23,2026-08-29 11:32:41,9,2.1,3.25,cb
TR2608290043376,CL103201,EN00430,velo_elec,Lille,ST1034,ST1045,29/08/2026 11:23,2026-08-29 11:35:40,12,3.22,4.0,cb
TR2608290043377,CL101861,EN00374,velo_elec,lille,ST1034,ST1034,2026-08-29 11:24:32,2026-08-29 11:41:32,17,4.95,5.25,cb
TR2608290043378,CL102453,EN00399,trottinette,Lille,ST1035,ST1034,2026-08-29 11:22:15,2026-08-29 11:36:15,14,4.29,4.08,cb
TR2608290043379,CL100096,EN00368,trottinette,Lille,ST1037,ST1036,,2026-08-29 11:40:10,16,4.63,4.52,cb
TR2608290043380,CL102298,EN00400,trottinette,Lille,ST1038,ST1036,2026-08-29 11:20:10,1787995870,11,2.59,3.42,abonnement
TR2608290043381,CL985930,EN00445,velo_elec,Lille,ST1046,ST1034,2026-08-29 11:21:06,2026-08-29 11:36:06,15,3.09,4.75,paypal
TR2608290043382,CL100593,EN00523,velo_elec,Grenoble,ST1050,ST1051,2026-08-29 11:27:09,2026-08-29 11:36:09,9,1.48,3.25,cb
TR2608290043383,CL106113,EN00560,velo_elec,Grenoble,ST1050,ST1048,2026-08-29 11:19:13,2026-08-29 11:28:13,9,2.68,3.25,paypal
TR2608290043384,CL107485,EN00550,velo,GRENOBLE,ST1052,ST1055,,2026-08-29 11:32:27,15,4.44,3.25,abonnement
TR2608290043385,CL106100,EN00164,trottinette,LYON,ST1003,ST1003,2026-08-29 11:37:16,2026-08-29 11:55:16,18,6.29,4.96,paypal
TR2608290043386,CL102948,EN00192,velo_elec,Lyon,ST1005,ST1014,2026-08-29 11:39:34,1787996854,8,2.03,3.0,abonnement
TR2608290043387,CL107544,EN00062,trottinette,Lyon,ST1006,ST1007,2026-08-29 11:40:17,29/08/2026 12:08,28,5.04,7.16,cb
TR2608290043388,CL106912,EN00065,trottinette,Lyon,ST1008,ST1013,29/08/2026 11:30,2026-08-29 11:42:57,12,2.69,3.64,cb
TR2608290043389,CL106195,EN00100,velo_elec,Lyon,ST1008,ST1007,2026-08-29 11:37:41,2026-08-29 11:49:41,12,3.55,4.0,cb
TR2608290043390,CL102237,EN00015,velo,Lyon,ST1010,ST1009,29/08/2026 11:32,29/08/2026 11:36,4,1.37,1.6,cb
TR2608290043391,CL107811,EN00083,velo_elec,Lyon,ST1011,ST1002,2026-08-29 11:45:26,2026-08-29 11:56:26,11,2.11,3.75,abonnement
TR2608290043392,CL103185,EN00146,trottinette,Lyon,ST1013,ST1004,2026-08-29 11:43:55,1787997235,10,2.92,3.2,cb
TR2608290043393,CL101973,EN00190,trottinette,Lyon,ST1015,ST1009,2026-08-29 11:42:55,2026-08-29 11:51:55,9,2.47,2.98,paypal
TR2608290043394,CL100305,EN00172,trottinette,Lyon,ST1018,ST1004,2026-08-29 11:41:34,1787997454,16,5.38,4.52,cb
TR2608290043395,CL103940,EN00104,trottinette,Lyon,ST1018,ST1006,29/08/2026 11:34,2026-08-29 11:47:09,13,3.5,3.86,cb
TR2608290043396,CL104925,EN00006,trottinette,Lyon,ST1019,ST1015,2026-08-29 11:38:29,2026-08-29 11:49:29,11,3.48,3.42,paypal
TR2608290043397,CL106937,EN00112,velo_elec,Lyon,ST1019,ST1014,1787996282,2026-08-29 11:47:02,9,2.49,3.25,abonnement
TR2608290043398,CL103525,EN00256,velo_elec,NANTES,ST1020,ST1024,2026-08-29 11:32:30,1787996250,5,0.9,2.25,cb
TR2608290043399,CL103218,EN00257,trottinette,Nante,ST1024,ST1021,2026-08-29 11:36:51,1787997231,17,4.46,4.74,cb
TR2608290043400,CL105153,EN00375,trottinette,Lille,ST1034,ST1038,29/08/2026 11:31,2026-08-29 11:45:13,14,3.04,4.08,paypal
TR2608290043401,CL103089,EN00423,velo_elec,Lille,ST1036,ST1040,2026-08-29 11:41:51,2026-08-29 11:51:51,10,3.3,3.5,cb
TR2608290043402,CL102157,EN00484,velo_elec,Lille,ST1036,ST1037,2026-08-29 11:32:48,2026-08-29 12:36:48,64,20.76,17.0,paypal
TR2608290043403,CL104294,EN00422,velo_elec,Lille,ST1037,ST1036,29/08/2026 11:37,2026-08-29 11:58:17,21,4.19,6.25,abonnement
TR2608290043404,CL108672,EN00446,trottinette,Lille,ST1037,ST1046,2026-08-29 11:44:26,2026-08-29 12:11:26,27,7.63,6.94,paypal
TR2608290043405,CL104656,EN00475,trottinette,Lille,ST1041,ST1041,,29/08/2026 12:02,24,7.58,6.28,abonnement
TR2608290043406,CL108696,EN00472,velo_elec,Lille,ST1043,ST1046,1787996314,2026-08-29 11:51:34,13,2.46,4.25,cb
TR2608290043407,CL104791,EN00440,trottinette,Lille,ST1043,ST1041,2026-08-29 11:42:31,2026-08-29 11:48:31,6,1.98,2.32,cb
TR2608290043408,CL103086,EN00468,trottinette,Lille,ST1044,ST1043,1787996384,2026-08-29 11:45:44,6,1.47,2.32,abonnement
TR2608290043409,CL101279,EN00512,velo_elec,Grenoble,ST1048,ST1054,2026-08-29 11:33:59,2026-08-29 12:13:59,40,11.27,11.0,cb
TR2608290043410,CL101814,EN00535,velo_elec,Grenoble,ST1050,ST1048,29/08/2026 11:44,2026-08-29 11:54:57,10,3.3,3.5,abonnement
TR2608290043411,CL108487,EN00502,velo,Grenoble,ST1052,ST1058,2026-08-29 11:37:46,29/08/2026 11:49,12,1.81,2.8,cb
TR2608290043412,CL100860,EN00577,velo_elec,Grenoble,ST1053,ST1057,2026-08-29 11:36:26,2026-08-29 11:55:26,19,4.53,5.75,cb
TR2608290043413,CL107176,EN00584,trottinette,Grenoble,ST1055,ST1055,2026-08-29 11:30:47,,15,2.36,4.3,abonnement
TR2608290043414,CL107485,EN00580,velo_elec,Grenoble ,ST1056,ST1054,29/08/2026 11:42,29/08/2026 11:55,13,3.71,4.25,cb
TR2608290043415,CL100546,EN00129,velo_elec,Lyon,ST1001,ST1019,1787997431,2026-08-29 12:10:11,13,2.09,4.25,cb
TR2608290043416,CL108583,EN00034,velo_elec,Lyon,ST1001,ST1009,29/08/2026 11:53,2026-08-29 11:57:21,4,1.37,2.0,abonnement
TR2608290043417,CL106725,EN00071,velo_elec,Lyon,ST1002,ST1013,2026-08-29 11:57:39,2026-08-29 12:43:39,46,7.66,12.5,cb
TR2608290043418,CL102547,EN00029,velo_elec,Lyon,ST1007,ST1007,29/08/2026 11:49,29/08/2026 12:01,12,3.98,4.0,cb
TR2608290043419,CL105359,EN00103,trottinette,Lyon,ST1009,ST1003,2026-08-29 11:52:26,2026-08-29 11:57:26,5,1.74,2.1,cb
TR2608290043420,CL103884,EN00168,velo_elec,Lyon,ST1012,ST1019,2026-08-29 11:53:07,29/08/2026 12:05,12,2.15,4.0,cb
TR2608290043421,CL107730,EN00065,trottinette,Lyon,ST1013,ST1016,2026-08-29 11:52:38,2026-08-29 12:16:38,24,6.75,6.28,cb
TR2608290043422,CL106650,EN00112,velo_elec,Lyonn,ST1014,ST1006,2026-08-29 11:52:00,2026-08-29 11:59:00,7,2.37,2.75,cb
TR2608290043423,CL103028,EN00179,trottinette,LYON,ST1016,ST1005,2026-08-29 11:46:29,1787997089,5,1.51,2.1,cb
TR2608290043424,CL106099,EN00096,velo_elec,Lyon,ST1019,ST1008,2026-08-29 11:46:17,2026-08-29 12:07:17,21,7.04,6.25,cb
TR2608290043425,CL100730,EN00338,velo_elec,Nantes,ST1022,ST1030,2026-08-29 11:53:36,29/08/2026 11:57,4,1.22,2.0,cb
TR2608290043426,CL107780,EN00355,velo_elec,Nantes,ST1026,ST1024,2026-08-29 12:00:37,2026-08-29 12:05:37,5,1.48,2.25,cb
TR2608290043427,CL100268,EN00227,trottinette,Nantes,ST1031,ST1020,29/08/2026 11:52,2026-08-29 12:41:45,49,14.62,11.78,abonnement
TR2608290043428,CL104344,EN00252,velo_elec,Nantes,ST1032,ST1020,2026-08-29 11:50:22,2026-08-29 12:31:22,41,8.22,11.25,paypal
TR2608290043429,CL107085,EN00445,velo_elec,Lille,ST1034,ST1040,2026-08-29 11:48:07,29/08/2026 12:01,13,2.33,4.25,abonnement
TR2608290043430,CL105210,EN00495,trottinette,Lille,ST1034,ST1039,2026-08-29 11:48:39,29/08/2026 11:54,6,1.57,2.32,cb
TR2608290043431,CL101117,EN00379,velo_elec,Lille,ST1035,ST1040,29/08/2026 11:51,1787997514,7,2.44,2.75,cb
TR2608290043432,CL108065,EN00438,trottinette,Lille,ST1038,ST1045,2026-08-29 11:51:14,2026-08-29 12:07:14,16,4.35,4.52,cb
TR2608290043433,CL105562,EN00412,trottinette,Lille,ST1039,ST9364,2026-08-29 11:58:03,2026-08-29 12:12:03,14,3.47,4.08,cb
TR2608290043434,CL102453,EN00404,trottinette,Lille,ST1042,ST1039,29/08/2026 11:47,2026-08-29 11:50:07,3,0.78,1.66,paypal
TR2608290043435,CL103009,EN00468,trottinette,Lille,ST1043,ST1043,2026-08-29 11:51:00,2026-08-29 11:55:00,4,1.26,1.88,cb
TR2608290043436,CL100499,EN00385,velo_elec,Lille,ST1043,ST1041,2026-08-29 11:56:41,2026-08-29 12:12:41,16,3.12,5.0,cb
TR2608290043437,CL104965,EN00425,velo_elec,Lille,ST1045,ST1038,2026-08-29 11:48:46,29/08/2026 12:30,42,13.99,11.5,cb
TR2608290043438,CL105360,EN00477,trottinette,Lille,ST1045,ST1038,2026-08-29 11:56:18,2026-08-29 12:14:18,18,3.05,4.96,cb
TR2608290043439,CL107368,EN00540,velo,Grenoble,ST1052,ST1051,2026-08-29 11:48:30,1787997330,7,2.43,2.05,cb
TR2608290043440,CL102412,EN00558,trottinette,Grenoble,ST1054,ST1048,2026-08-29 11:53:04,2026-08-29 12:00:04,7,1.27,2.54,paypal
TR2608290043441,CL102867,EN00534,trottinette,Grenoble,ST1056,ST1051,2026-08-29 11:53:58,2026-08-29 12:04:58,11,3.32,3.42,abonnement
TR2608290043442,CL106600,EN00554,velo_elec,Grenoble,ST1057,ST1053,2026-08-29 11:48:35,2026-08-29 11:58:35,10,1.94,3.5,cb
TR2608290043443,CL108618,EN00105,velo_elec,Lyon,ST1003,ST1009,2026-08-29 12:09:00,2026-08-29 12:41:00,32,6.91,9.0,cb
TR2608290043444,CL103673,EN00179,trottinette,Lyon,ST1005,ST1015,2026-08-29 12:13:53,29/08/2026 12:22,9,2.59,2.98,paypal
TR2608290043445,CL100238,EN00076,velo_elec,Lyon,ST1014,ST1001,2026-08-29 12:13:59,2026-08-29 12:24:59,11,2.56,3.75,cb
TR2608290043446,CL102344,EN00145,trottinette,Lyon,ST1016,ST1015,1787998043,2026-08-29 12:10:23,3,0.62,1.66,abonnement
TR2608290043447,CL104363,EN00174,velo_elec,Lyon,ST1017,ST1018,2026-08-29 12:01:47,2026-08-29 12:08:47,7,1.47,2.75,abonnement
TR2608290043448,CL106102,EN00211,velo_elec,Lyon,ST1017,ST1007,29/08/2026 12:05,2026-08-29 12:11:53,6,0.94,2.5,abonnement
TR2608290043449,CL100107,EN00310,trottinette,Nantes,ST1021,ST1021,29/08/2026 12:05,2026-08-29 12:12:51,7,1.8,2.54,paypal
TR2608290043450,CL104068,EN00312,trottinette,Nantes,ST1024,ST1032,2026-08-29 12:07:17,2026-08-29 12:27:17,20,6.89,5.4,abonnement
TR2608290043451,CL100686,EN00240,trottinette,Nantes,ST1029,ST1031,2026-08-29 12:11:45,,20,5.33,5.4,
TR2608290043452,CL101188,EN00303,velo_elec,Nantes,ST1030,ST1020,2026-08-29 12:15:19,2026-08-29 12:26:19,11,2.77,3.75,cb
TR2608290043453,CL108042,EN00248,trottinette,Nantes,ST1032,ST1032,2026-08-29 12:02:04,29/08/2026 12:09,7,2.07,2.54,cb
TR2608290043454,CL104461,EN00373,velo_elec,Lille,ST1035,ST1041,2026-08-29 12:05:50,2026-08-29 12:12:50,7,1.33,2.75,abonnement
TR2608290043455,CL106917,EN00380,velo_elec,Lille,ST1036,ST1045,2026-08-29 12:06:37,2026-08-29 12:16:37,10,3.12,3.5,paypal
TR2608290043456,CL105021,EN00392,velo_elec,Lille,ST1037,ST1045,2026-08-29 12:10:03,2026-08-29 13:05:03,55,18.49,14.75,paypal
TR2608290043457,CL101426,EN00404,trottinette,Lille,ST1039,ST1046,2026-08-29 12:06:43,29/08/2026 12:18,12,2.58,3.64,abonnement
TR2608290043458,CL107434,EN00480,velo_elec,Lille,ST1039,ST1040,2026-08-29 12:04:41,29/08/2026 12:25,21,7.2,6.25,paypal
TR2608290043459,CL108922,EN00495,trottinette,Lille,ST1039,ST1035,2026-08-29 12:05:05,29/08/2026 12:17,12,4.02,3.64,abonnement
TR2608290043460,CL103799,EN00384,trottinette,Lille,ST1039,ST1044,29/08/2026 12:03,29/08/2026 12:08,5,1.18,2.1,cb
TR2608290043461,CL108813,EN00386,trottinette,Lille,ST1039,ST1040,2026-08-29 12:05:39,2026-08-29 12:13:39,8,2.42,2.76,paypal
TR2608290043462,CL106444,EN00478,trottinette,Lille,ST1040,ST1040,2026-08-29 12:09:35,2026-08-29 12:30:35,21,6.97,5.62,cb
TR2608290043463,CL104801,EN00440,trottinette,Lille,ST1041,ST1046,1787998131,,7,2.11,2.54,cb
TR2608290043464,CL101662,EN00363,velo_elec,Lille,ST1042,ST1040,,29/08/2026 12:16,9,2.0,3.25,abonnement
TR2608290043465,CL101849,EN00467,velo_elec,Lille,ST1042,ST1036,2026-08-29 12:01:55,1787998075,6,1.96,2.5,cb
TR2608290043466,CL104160,EN00409,trottinette,Lille,ST1042,ST1036,,2026-08-29 12:21:39,14,3.39,4.08,paypal
TR2608290043467,CL104652,EN00430,velo_elec,Lille,ST1045,ST1037,2026-08-29 12:08:03,2026-08-29 12:22:03,14,3.45,4.5,cb
TR2608290043468,CL104158,EN00417,trottinette,lille,ST1045,ST1040,,2026-08-29 12:30:43,17,5.07,4.74,abonnement
TR2608290043469,CL100034,EN00528,velo_elec,Grenoble,ST1049,ST1050,2026-08-29 12:03:09,2026-08-29 12:06:09,3,0.47,1.75,cb
TR2608290043470,CL101836,EN00580,velo_elec,Grenoble,ST1054,ST1056,2026-08-29 12:11:11,2026-08-29 12:31:11,20,6.02,6.0,cb
TR2608290043471,CL100089,EN00546,trottinette,Grenoble,ST1055,ST1051,1787998132,2026-08-29 12:13:52,5,0.79,2.1,paypal
TR2608290043472,CL104442,EN00570,trottinette,Grenoble,ST1055,ST1048,29/08/2026 12:14,1787999143,11,3.32,3.42,cb
TR2608290043473,CL108078,EN00544,velo_elec,Grenoble,ST1058,ST1057,2026-08-29 12:05:43,2026-08-29 12:13:43,8,2.76,3.0,cb
TR2608290043474,CL106757,EN00083,velo_elec,Lyon ,ST1002,ST1015,2026-08-29 12:22:45,2026-08-29 12:39:45,17,3.18,5.25,abonnement
TR2608290043475,CL104901,EN00097,velo_elec,Lyon,ST1005,ST1011,2026-08-29 12:25:58,2026-08-29 12:35:58,10,2.85,3.5,
TR2608290043476,CL105694,EN00041,velo_elec,Lyon,ST1007,ST1016,,29/08/2026 12:59,41,9.46,11.25,abonnement
TR2608290043477,CL106359,EN00029,velo_elec,Lyon,ST1007,ST1019,2026-08-29 12:20:29,2026-08-29 12:32:29,12,3.17,4.0,cb
TR2608290043478,CL104825,EN00096,velo_elec,Lyon,ST1008,ST1016,2026-08-29 12:26:56,2026-08-29 12:39:56,13,3.25,4.25,cb
TR2608290043479,CL103997,EN00205,trottinette,Lyonn,ST1015,ST1015,2026-08-29 12:22:18,2026-08-29 12:32:18,10,2.98,3.2,paypal
TR2608290043480,CL100587,EN00174,velo_elec,Lyon,ST1018,ST1002,2026-08-29 12:30:21,2026-08-29 12:51:21,2487,5.87,6.25,cb
TR2608290043481,CL104900,EN00129,velo_elec,Lyon,ST1019,ST1010,2026-08-29 12:26:12,2026-08-29 12:42:12,16,5.22,5.0,paypal
TR2608290043482,CL101622,EN00318,velo_elec,Nantes,ST1020,ST1022,2026-08-29 12:16:16,2026-08-29 12:24:16,8,2.74,3.0,cb
TR2608290043483,CL106437,EN00310,trottinette,nantes,ST1021,ST1020,2026-08-29 12:28:37,2026-08-29 12:44:37,16,2.78,4.52,abonnement
TR2608290043484,CL100482,EN00355,velo_elec,Nante,ST1024,ST1022,2026-08-29 12:26:25,29/08/2026 12:47,21,4.93,6.25,cb
TR2608290043485,CL101880,EN00305,velo_elec,Nante,ST1025,ST1024,29/08/2026 12:17,2026-08-29 12:20:42,3,0.88,1.75,cb
TR2608290043486,CL102765,EN00273,velo_elec,Nantes,ST1026,ST1024,2026-08-29 12:30:11,2026-08-29 12:47:11,17,3.6,5.25,cb
TR2608290043487,CL104297,EN00224,velo_elec,Nantes,ST1028,ST1033,2026-08-29 12:20:46,2026-08-29 12:36:46,16,3.69,5.0,cb
TR2608290043488,CL101804,EN00263,trottinette,Nantes,ST1033,ST1028,2026-08-29 12:28:31,1788000151,14,2.38,4.08,cb
TR2608290043489,CL106922,EN00495,trottinette,Lille,ST1035,ST1042,2026-08-29 12:19:51,2026-08-29 12:26:51,7,1.47,2.54,cb
TR2608290043490,CL103449,EN00479,trottinette,LILLE,ST1035,ST1044,2026-08-29 12:29:04,2026-08-29 12:48:04,19,6.24,5.18,cb
TR2608290043491,CL104947,EN00365,velo_elec,Lille,ST1039,ST1044,2026-08-29 12:28:55,2026-08-29 12:40:55,12,3.43,4.0,cb
TR2608290043492,CL102484,EN00385,velo_elec,Lille,ST1041,ST1045,2026-08-29 12:17:15,1787999115,8,1.75,3.0,paypal
TR2608290043493,CL100095,EN00372,trottinette,Lille,ST1041,ST1039,2026-08-29 12:24:42,29/08/2026 12:40,16,2.44,4.52,cb
TR2608290043494,CL107997,EN00460,velo_elec,Lille,ST1042,ST1036,2026-08-29 12:15:35,2026-08-29 12:20:35,5,0.83,2.25,paypal
TR2608290043495,CL108913,EN00472,velo_elec,Lille,ST1046,ST1039,29/08/2026 12:28,2026-08-29 12:33:32,5,1.52,2.25,abonnement
TR2608290043496,CL100314,EN00528,velo_elec,Grenoble,ST1050,ST1056,29/08/2026 12:23,2026-08-29 12:42:38,19,3.66,5.75,cb
TR2608290043497,CL108750,EN00527,velo_elec,Grenoble,ST1050,ST1048,29/08/2026 12:20,29/08/2026 12:39,19,6.18,5.75,cb
TR2608290043498,CL108515,EN00534,trottinette,Grenoble,ST1051,ST1056,2026-08-29 12:23:09,2026-08-29 12:30:09,7,2.39,2.54,cb
TR2608290043499,CL103834,EN00512,velo_elec,Grenoble,ST1054,ST1051,2026-08-29 12:21:34,2026-08-29 12:31:34,10,2.25,3.5,cb
TR2608290043500,CL102305,EN00068,velo_elec,Lyon,ST1002,ST1010,29/08/2026 12:38,2026-08-29 12:51:02,13,4.33,4.25,cb
TR2608290043501,CL101699,EN00153,velo_elec,Lyon,ST1002,ST1003,2026-08-29 12:36:18,2026-08-29 12:43:18,7,2.37,2.75,cb
TR2608290043502,CL102339,EN00103,trottinette,Lyon,ST1003,ST1003,2026-08-29 12:39:52,2026-08-29 12:50:52,11,1.95,3.42,cb
TR2608290043503,CL107150,EN00067,velo_elec,Lyonn,ST1004,ST1007,2026-08-29 12:40:12,29/08/2026 12:43,3,0.53,1.75,abonnement
TR2608290043504,CL104938,EN00063,velo_elec,Lyon,ST1004,ST1007,2026-08-29 12:40:42,2026-08-29 12:46:42,6,1.45,2.5,cb
TR2608290043505,CL104498,EN00208,velo_elec,Lyon ,ST1007,ST1012,2026-08-29 12:45:05,2026-08-29 12:50:05,5,0.75,2.25,cb
TR2608290043506,CL107341,EN00042,trottinette,Lyon,ST1009,ST1009,2026-08-29 12:41:26,2026-08-29 12:53:26,12,1.87,3.64,abonnement
TR2608290043507,CL106662,EN00069,trottinette,Lyon,ST1013,ST1007,2026-08-29 12:39:13,2026-08-29 12:44:13,5,1.16,2.1,abonnement
TR2608290043508,CL102858,EN00215,velo_elec,Lyon,ST1014,ST1005,2026-08-29 12:36:25,,23,4.71,6.75,cb
TR2608290043509,CL105158,EN00141,velo_elec,Lyon,ST1017,ST1006,2026-08-29 12:36:06,2026-08-29 12:54:06,18,6.21,5.5,cb
TR2608290043510,CL105196,EN00303,velo_elec,Nantes,ST1020,ST1030,2026-08-29 12:44:09,29/08/2026 12:58,14,4.82,4.5,cb
TR2608290043511,CL106336,EN00252,velo_elec,Nantes,ST1020,ST1033,2026-08-29 12:39:18,2026-08-29 12:57:18,18,6.3,5.5,abonnement
TR2608290043512,CL100328,EN00305,velo_elec,Nante,ST1024,ST1029,2026-08-29 12:43:22,29/08/2026 13:16,33,5.02,9.25,cb
TR2608290043513,CL101332,EN00330,trottinette,Nantes,ST1026,ST1025,2026-08-29 12:35:38,2026-08-29 12:40:38,5,1.51,2.1,cb
TR2608290043514,CL104300,EN00348,velo_elec,Nantes,ST1029,ST1026,2026-08-29 12:40:27,29/08/2026 12:50,10,2.81,3.5,cb
TR2608290043515,CL102431,EN00222,velo_elec,Nantes,ST1031,ST1025,1788000259,2026-08-29 12:58:19,14,3.37,4.5,abonnement
TR2608290043516,CL105527,EN00412,trottinette, Lille,ST1034,ST1044,2026-08-29 12:38:27,29/08/2026 12:58,20,5.52,5.4,cb
TR2608290043517,CL106295,EN00411,trottinette,Lille,ST1034,ST1034,2026-08-29 12:43:52,2026-08-29 12:53:52,10,3.37,3.2,abonnement
TR2608290043518,CL101086,EN00447,velo, Lille,ST1035,ST1037,29/08/2026 12:31,2026-08-29 12:42:10,11,2.08,2.65,cb
TR2608290043519,CL106117,EN00430,velo_elec,Lille,ST1037,ST1041,2026-08-29 12:38:06,2026-08-29 12:59:06,21,6.24,6.25,paypal
TR2608290043520,CL105424,EN00425,velo_elec,Lille,ST1038,ST1045,2026-08-29 12:34:27,2026-08-29 12:39:27,5,1.16,2.25,cb
TR2608290043521,CL102166,EN00416,trottinette,Lille,ST1039,ST1042,2026-08-29 12:35:31,2026-08-29 12:43:31,8,1.35,2.76,paypal
TR2608290043522,CL103098,EN00423,velo_elec,Lille,ST1040,ST1038,2026-08-29 12:44:01,2026-08-29 12:49:01,5,0.75,2.25,abonnement
TR2608290043523,CL107508,EN00495,trottinette,Lille,ST1042,ST1047,2026-08-29 12:37:08,2026-08-29 13:04:08,27,4.17,6.94,abonnement
TR2608290043524,CL102493,EN00443,velo_elec,Lille,ST1044,ST1040,2026-08-29 12:36:19,2026-08-29 12:41:19,5,0.87,2.25,cb
TR2608290043525,CL108580,EN00380,velo_elec,Lille,ST1045,ST1039,2026-08-29 12:40:37,2026-08-29 13:04:37,24,6.83,7.0,abonnement
TR2608290043526,CL107818,EN00514,velo_elec,GRENOBLE,ST1048,ST1052,29/08/2026 12:33,2026-08-29 12:40:54,7,1.2,2.75,paypal
TR2608290043527,CL106262,EN00548,trottinette,Grenoble,ST1050,ST1050,2026-08-29 12:35:15,29/08/2026 12:45,10,3.44,3.2,abonnement
TR2608290043528,CL104412,EN00532,velo_elec,Grenoble,ST1050,ST1052,2026-08-29 12:40:23,2026-08-29 12:57:23,17,3.45,5.25,paypal
TR2608290043529,CL100593,EN00593,trottinette,Grenoble,ST1055,ST1051,2026-08-29 12:34:48,2026-08-29 12:41:48,7,1.07,2.54,abonnement
TR2608290043530,CL106096,EN00544,velo_elec,Grenoble,ST1057,ST1051,2026-08-29 12:44:53,2026-08-29 12:48:53,4,0.79,2.0,abonnement
TR2608290043531,CL106073,EN00113,velo_elec,Lyon,ST1001,ST1003,2026-08-29 12:54:50,2026-08-29 13:56:50,62,12.87,16.5,abonnement
TR2608290043532,CL102249,EN00153,velo_elec,Lyon,ST1003,ST1016,2026-08-29 12:46:51,2026-08-29 12:53:51,7,1.71,2.75,cb
TR2608290043533,CL100280,EN00067,velo_elec,Lyon,ST1007,ST1004,2026-08-29 12:55:40,2026-08-29 13:12:40,17,4.39,5.25,abonnement
TR2608290043534,CL106031,EN00190,trottinette,Lyon,ST1009,ST1003,2026-08-29 13:00:16,29/08/2026 13:12,12,3.27,3.64,abonnement
TR2608290043535,CL104940,EN00115,velo_elec,Lyon,ST1012,ST1008,2026-08-29 12:47:26,2026-08-29 13:01:26,14,2.91,4.5,cb
TR2608290043536,CL103238,EN00124,velo_elec,Lyon,ST1012,ST1016,2026-08-29 13:00:33,2026-08-29 13:07:33,7,2.15,2.75,cb
TR2608290043537,CL100773,EN00002,velo_elec,Lyon,ST1012,ST1004,2026-08-29 12:59:37,2026-08-29 13:26:37,27,7.72,7.75,cb
TR2608290043538,CL101422,EN00162,velo_elec,Lyon,ST1012,ST1017,,2026-08-29 13:04:13,12,2.84,4.0,cb
TR2608290043539,CL101724,EN00131,trottinette,Lyon,ST1015,ST1018,2026-08-29 12:48:29,2026-08-29 13:20:29,32,8.27,8.04,cb
TR2608290043540,CL107086,EN00205,trottinette,Lyon,ST1015,ST1002,2026-08-29 12:45:55,2026-08-29 12:59:55,14,4.82,4.08,cb
TR2608290043541,CL100712,EN00096,velo_elec,Lyon,ST1016,ST1013,2026-08-29 12:48:01,2026-08-29 13:10:01,22,7.17,6.5,abonnement
TR2608290043542,CL102335,EN00065,trottinette,Lyon,ST1016,ST1010,2026-08-29 12:48:03,2026-08-29 13:02:03,14,3.52,4.08,cb
TR2608290043543,CL105425,EN00118,trottinette,Lyon,ST1017,ST1012,2026-08-29 12:51:46,2026-08-29 12:56:46,5,1.49,2.1,abonnement
TR2608290043544,CL100386,EN00029,velo_elec,Lyon,ST1019,ST1011,1788001015,2026-08-29 13:00:55,4,1.39,2.0,paypal
TR2608290043545,CL102863,EN00264,trottinette,Nantes,ST1021,ST1030,2026-08-29 12:59:40,2026-08-29 13:08:40,9,2.76,2.98,paypal
TR2608290043546,CL105515,EN00256,velo_elec,Nantes,ST1024,ST1026,2026-08-29 12:46:31,29/08/2026 12:51,5,0.97,2.25,cb
TR2608290043547,CL105020,EN00319,velo_elec,Nantes,ST1026,ST1027,,2026-08-29 13:26:22,29,4.96,8.25,abonnement
TR2608290043548,CL105501,EN00276,velo_elec,Nantes,ST1027,ST1023,2026-08-29 12:58:34,29/08/2026 13:02,4,1.1,2.0,abonnement
TR2608290043549,CL102621,EN00293,velo_elec,Nantes,ST1028,ST1021,2026-08-29 12:55:42,2026-08-29 13:00:42,5,1.1,2.25,cb
TR2608290043550,CL104407,EN00388,velo_elec,Lille,ST1034,ST1039,2026-08-29 12:58:47,2026-08-29 13:17:47,19,6.38,5.75,paypal
TR2608290043551,CL103649,EN00486,velo,Lille,ST1035,ST1042,2026-08-29 12:48:27,2026-08-29 13:11:27,23,5.99,4.45,abonnement
TR2608290043552,CL104493,EN00390,velo,lille,ST1035,ST1041,29/08/2026 12:58,2026-08-29 13:30:20,32,5.37,5.8,cb
TR2608290043553,CL100149,EN00437,velo,Lille,ST1035,ST1034,,2026-08-29 13:15:24,22,6.93,4.3,abonnement
TR2608290043554,CL103848,EN00471,velo,Lille,ST1035,ST1047,29/08/2026 12:47,2026-08-29 13:00:48,13,2.84,2.95,paypal
TR2608290043555,CL105401,EN00484,velo_elec,Lille,ST1037,ST1043,2026-08-29 12:56:25,1788001585,10,2.24,3.5,abonnement
TR2608290043556,CL107087,EN00477,trottinette,Lille,ST1038,ST1043,2026-08-29 12:57:06,2026-08-29 13:19:06,22,5.62,5.84,paypal
TR2608290043557,CL106943,EN00472,velo_elec,lille,ST1039,ST1037,2026-08-29 12:54:38,29/08/2026 13:13,19,4.84,5.75,abonnement
TR2608290043558,CL103501,EN00468,trottinette,Lille,ST1043,ST1046,2026-08-29 12:53:24,2026-08-29 13:11:24,18,4.12,4.96,cb
TR2608290043559,CL102172,EN00384,trottinette,Lille,ST1044,ST1041,29/08/2026 12:55,2026-08-29 13:19:46,24,8.06,6.28,abonnement
TR2608290043560,CL101069,EN00404,trottinette,Lille,ST1046,ST1036,29/08/2026 12:49,2026-08-29 13:09:34,20,5.09,5.4,cb
TR2608290043561,CL101581,EN00440,trottinette,Lille,ST1046,ST1035,2026-08-29 12:46:08,2026-08-29 12:53:08,7,2.13,2.54,paypal
TR2608290043562,CL107715,EN00591,velo_elec,Grenoble,ST1049,ST1058,1788000500,2026-08-29 12:57:20,9,2.07,3.25,paypal
TR2608290043563,CL102367,EN00512,velo_elec,Grenoble,ST1051,ST1051,,2026-08-29 13:09:18,9,1.49,3.25,cb
TR2608290043564,CL106619,EN00514,velo_elec,Grenoble,ST1052,ST1050,29/08/2026 12:56,2026-08-29 13:08:34,12,3.3,4.0,abonnement
TR2608290043565,CL105707,EN00589,velo_elec,Grenoble,ST1058,ST1053,2026-08-29 12:59:52,2026-08-29 13:20:52,21,3.91,6.25,abonnement
TR2608290043566,CL105985,EN00541,velo_elec,Grenoble,ST1058,ST1055,1788001080,2026-08-29 13:11:00,13,3.33,4.25,abonnement
TR2608290043567,CL102072,EN00205,trottinette,Lyon,ST1002,ST1009,1788001292,2026-08-29 13:15:32,14,4.37,4.08,paypal
TR2608290043568,CL105411,EN00215,velo_elec,Lyon,ST1005,ST1004,2026-08-29 13:15:26,2026-08-29 13:21:26,6,1.11,2.5,paypal
TR2608290043569,CL101125,EN00115,velo_elec,Lyon,ST1008,ST1013,2026-08-29 13:15:30,1788002310,3,0.82,1.75,cb
TR2608290043570,CL104295,EN00129,velo_elec,Lyon,ST1010,ST1012,2026-08-29 13:03:56,2026-08-29 13:14:56,11,2.57,3.75,abonnement
TR2608290043571,CL101557,EN00068,velo_elec,Lyon,ST1010,ST1012,2026-08-29 13:13:56,2026-08-29 13:29:56,16,3.17,5.0,cb
TR2608290043572,CL103592,EN00187,velo_elec,Lyon,ST1011,ST1001,2026-08-29 13:15:21,2026-08-29 13:27:21,12,2.44,4.0,cb
TR2608290043573,CL100841,EN00208,velo_elec,Lyon,ST1012,ST1004,29/08/2026 13:10,2026-08-29 13:20:16,10,2.81,3.5,abonnement
TR2608290043574,CL103217,EN00071,velo_elec,Lyon,ST1013,ST1004,1788002144,2026-08-29 13:33:44,18,4.52,5.5,cb
TR2608290043575,CL107979,EN00041,velo_elec,Lyon,ST1016,ST1013,2026-08-29 13:01:53,2026-08-29 13:27:53,26,5.69,7.5,abonnement
TR2608290043576,CL103100,EN00153,velo_elec,Lyon,ST1016,ST1013,1788001875,1788003195,22,6.58,6.5,abonnement
TR2608290043577,CL101686,EN00168,velo_elec,Lyon ,ST1019,ST1012,2026-08-29 13:11:05,2026-08-29 13:26:05,15,3.88,4.75,abonnement
TR2608290043578,CL101484,EN00293,velo_elec,NANTES,ST1021,ST1024,2026-08-29 13:12:01,2026-08-29 13:25:01,13,2.18,4.25,cb
TR2608290043579,CL106851,EN00440,trottinette,Lille,ST1035,ST1044,2026-08-29 13:05:32,2026-08-29 13:19:32,14,2.65,4.08,abonnement
TR2608290043580,CL102165,EN00406,velo_elec,Lille,ST1036,ST1043,2026-08-29 13:04:18,,14,2.75,4.5,cb
TR2608290043581,CL107284,EN00413,trottinette,Lille,ST1037,ST1044,2026-08-29 13:12:42,29/08/2026 13:19,7,2.08,2.54,paypal
TR2608290043582,CL104679,EN00443,velo_elec,Lille,ST1040,ST1041,2026-08-29 13:05:04,2026-08-29 13:16:04,11,2.56,3.75,abonnement
TR2608290043583,CL107430,EN00478,trottinette,Lille,ST1040,ST1041,29/08/2026 13:15,2026-08-29 13:24:09,9,3.06,2.98,abonnement
TR2608290043584,CL108902,EN00424,velo_elec,Lille,ST1040,ST1040,2026-08-29 13:09:45,2026-08-29 13:14:45,5,1.72,2.25,paypal
TR2608290043585,CL103076,EN00362,velo_elec,Lille,ST1044,ST1036,29/08/2026 13:11,2026-08-29 13:15:19,4,0.84,2.0,cb
TR2608290043586,CL106567,EN00385,velo_elec,Lille,ST1045,ST1038,2026-08-29 13:12:43,2026-08-29 13:16:43,4,1.02,2.0,cb
TR2608290043587,CL100356,EN00370,velo_elec,Lille,ST1046,ST1042,2026-08-29 13:08:18,1788001938,4,1.27,2.0,abonnement
TR2608290043588,CL105657,EN00471,velo,Lille,ST1047,ST1045,2026-08-29 13:13:58,2026-08-29 13:22:58,9,2.09,2.35,cb
TR2608290043589,CL107261,EN00522,velo_elec,Grenoble,ST1049,ST1048,2026-08-29 13:10:26,2026-08-29 14:00:26,50,11.99,13.5,abonnement
TR2608290043590,CL106545,EN00548,trottinette,Grenoble,ST1050,ST1051,2026-08-29 13:04:00,29/08/2026 13:14,10,1.79,3.2,cb
TR2608290043591,CL108188,EN00544,velo_elec,Grenoble,ST1051,ST1051,2026-08-29 13:06:01,2026-08-29 13:10:01,4,1.02,2.0,cb
TR2608290043592,CL105893,EN00076,velo_elec,Lyon,ST1001,ST1010,2026-08-29 13:31:27,2026-08-29 13:58:27,27,8.36,7.75,cb
TR2608290043593,CL101308,EN00141,velo_elec,Lyon,ST1006,ST1008,2026-08-29 13:28:27,29/08/2026 13:35,7,2.26,2.75,cb
TR2608290043594,CL104831,EN00089,trottinette,Lyonn,ST1008,ST1019,2026-08-29 13:30:16,29/08/2026 13:34,4,0.93,1.88,abonnement
TR2608290043595,CL103978,EN00025,velo_elec,Lyon,ST1011,ST1018,1788002694,2026-08-29 13:42:54,18,4.57,5.5,cb
TR2608290043596,CL106493,EN00207,velo_elec,Lyon,ST1014,ST1002,29/08/2026 13:30,2026-08-29 13:42:54,12,2.33,4.0,cb
TR2608290043597,CL102263,EN00181,velo_elec,Lyon,ST1015,ST1014,2026-08-29 13:22:09,2026-08-29 13:33:09,11,1.88,3.75,cb
TR2608290043598,CL102783,EN00124,velo_elec,Lyon,ST1016,ST1009,2026-08-29 13:26:02,2026-08-29 14:02:02,36,8.97,10.0,cb
TR2608290043599,CL105414,EN00028,trottinette,Lyon,ST1016,ST1013,2026-08-29 13:18:32,2026-08-29 13:36:32,18,3.88,4.96,cb
TR2608290043600,CL982990,EN00162,velo_elec,Lyon,ST1017,ST1001,1788003002,2026-08-29 14:06:02,36,9.43,10.0,abonnement
TR2608290043601,CL107696,EN00079,velo_elec,Lyon,ST1019,ST1006,29/08/2026 13:29,2026-08-29 13:42:20,13,3.71,4.25,cb
TR2608290043602,CL103186,EN00310,trottinette,Nantes,ST1020,ST1027,2026-08-29 13:18:13,2026-08-29 13:48:13,30,8.66,7.6,paypal
TR2608290043603,CL102120,EN00297,trottinette,Nantes,ST1022,ST1030,29/08/2026 13:24,1788003350,11,1.89,3.42,cb
TR2608290043604,CL100804,EN00222,velo_elec,Nantes,ST1025,ST1033,2026-08-29 13:19:23,29/08/2026 13:31,12,2.67,4.0,abonnement
TR2608290043605,CL107842,EN00236,velo_elec,Nantes,ST1026,ST1029,2026-08-29 13:26:46,2026-08-29 13:30:46,4,1.18,2.0,
TR2608290043606,CL108011,EN00374,velo_elec,Lille,ST1034,ST1035,2026-08-29 13:18:00,2026-08-29 13:30:00,12,2.43,4.0,cb
TR2608290043607,CL100428,EN00448,velo,Lille,ST1035,ST1040,2026-08-29 13:20:22,2026-08-29 13:32:22,-24,3.45,2.8,abonnement
TR2608290043608,CL108812,EN00498,trottinette,Lille,ST1036,ST1042,2026-08-29 13:23:48,2026-08-29 13:31:48,8,1.49,2.76,abonnement
TR2608290043609,CL101217,EN00421,velo_elec,Lille,ST1036,ST1038,2026-08-29 13:18:37,2026-08-29 13:34:37,16,4.52,5.0,abonnement
TR2608290043610,CL108439,EN00380,velo_elec,Lille,ST1039,ST1040,2026-08-29 13:25:37,2026-08-29 14:00:37,35,12.23,9.75,cb
TR2608290043611,CL100604,EN00373,velo_elec,Lille,ST1041,ST1035,2026-08-29 13:23:24,2026-08-29 13:26:24,3,0.74,1.75,cb
TR2608290043612,CL108542,EN00370,velo_elec,Lille,ST1042,ST1038,2026-08-29 13:22:09,2026-08-29 13:29:09,7,1.88,2.75,cb
TR2608290043613,CL106769,EN00479,trottinette,Lille,ST1044,ST1047,2026-08-29 13:27:36,2026-08-29 13:29:36,2,0.68,1.44,abonnement
TR2608290043614,CL107792,EN00425,velo_elec,Lille,ST1045,ST1036,29/08/2026 13:21,29/08/2026 13:31,10,1.75,3.5,cb
TR2608290043615,CL100463,EN00392,velo_elec,Lille,ST1045,ST1042,2026-08-29 13:21:06,2026-08-29 13:37:06,8003,4.01,5.0,cb
TR2608290043616,CL101780,EN00553,trottinette,Grenoble,ST1049,ST1056,1788002660,1788002960,5,1.16,2.1,abonnement
TR2608290043617,CL106792,EN00514,velo_elec,Grenoble,ST1050,ST1056,2026-08-29 13:26:06,29/08/2026 13:49,23,5.51,6.75,abonnement
TR2608290043618,CL108343,EN00532,velo_elec,Grenoble,ST1052,ST1053,2026-08-29 13:28:49,2026-08-29 13:37:49,2796,2.51,3.25,cb
TR2608290043619,CL107752,EN00537,velo_elec,Grenoble,ST1057,ST1058,29/08/2026 13:25,2026-08-29 13:35:06,10,3.37,3.5,cb
TR2608290043620,CL101006,EN00575,trottinette,Grenoble,ST1058,ST1056,2026-08-29 13:23:08,2026-08-29 13:44:08,21,3.83,5.62,cb
TR2608290043621,CL103742,EN00103,trottinette,Lyon,ST1003,ST1009,2026-08-29 13:38:45,29/08/2026 13:45,7,1.78,2.54,abonnement
TR2608290043622,CL108075,EN00063,velo_elec,Lyon,ST1007,ST1014,2026-08-29 13:33:11,2026-08-29 13:45:11,12,3.73,4.0,cb
TR2608290043623,CL107258,EN00042,trottinette,Lyon,ST1009,ST1002,2026-08-29 13:33:32,2026-08-29 13:48:32,15,5.16,4.3,cb
TR2608290043624,CL104190,EN00138,velo_elec,Lyon,ST1014,ST1016,29/08/2026 13:44,2026-08-29 13:47:47,3,0.81,1.75,abonnement
TR2608290043625,CL103925,EN00139,velo_elec,Lyon,ST1014,ST1008,2026-08-29 13:42:09,2026-08-29 13:53:09,11,2.3,3.75,cb
TR2608290043626,CL107837,EN00078,velo_elec,Lyon,ST1016,ST1018,1788003083,2026-08-29 13:37:23,6,1.55,2.5,paypal
TR2608290043627,CL104899,EN00032,velo,Lyon,ST1017,ST1014,29/08/2026 13:36,2026-08-29 14:11:30,35,5.71,6.25,paypal
TR2608290043628,CL100079,EN00184,velo_elec,Lyon,ST1019,ST1015,2026-08-29 13:41:00,2026-08-29 13:57:00,16,3.15,5.0,cb
TR2608290043629,CL108197,EN00330,trottinette,Nantes,ST1025,ST1026,2026-08-29 13:46:06,29/08/2026 13:53,7,2.15,2.54,cb
TR2608290043630,CL104157,EN00354,velo_elec,Nantes,ST1025,ST1027,2026-08-29 13:33:11,2026-08-29 13:42:11,9,2.5,3.25,cb
TR2608290043631,CL100725,EN00236,velo_elec,Nantes,ST1029,ST1023,29/08/2026 13:38,1788004032,9,2.77,3.25,abonnement
TR2608290043632,CL105987,EN00332,trottinette,Nantes,ST1029,ST1033,2026-08-29 13:37:07,2026-08-29 13:39:07,2,0.67,1.44,paypal
TR2608290043633,CL100654,EN00338,velo_elec,Nantes,ST1030,ST1030,2026-08-29 13:41:53,2026-08-29 13:49:53,8,1.91,3.0,cb
TR2608290043634,CL102957,EN00359,trottinette,Nantes,ST1032,ST1026,2026-08-29 13:45:26,29/08/2026 13:54,9,1.84,2.98,
TR2608290043635,CL107867,EN00400,trottinette,Lille,ST1036,ST1043,2026-08-29 13:39:25,2026-08-29 13:56:25,17,2.61,4.74,abonnement
TR2608290043636,CL108603,EN00372,trottinette,Lille,ST1039,ST1035,2026-08-29 13:43:35,2026-08-29 13:55:35,12,2.66,3.64,cb
TR2608290043637,CL104662,EN00424,velo_elec,Lille,ST1040,ST1039,,2026-08-29 13:51:43,9,2.85,3.25,cb
TR2608290043638,CL102215,EN00363,velo_elec,Lille,ST1040,ST1041,2026-08-29 13:37:51,2026-08-29 13:45:51,8,2.77,3.0,cb
TR2608290043639,CL106674,EN00416,trottinette,Lille,ST1042,ST1044,29/08/2026 13:45,2026-08-29 13:50:30,5,0.79,2.1,cb
TR2608290043640,CL104635,EN00406,velo_elec,Lille,ST1043,ST1038,2026-08-29 13:31:54,2026-08-29 13:47:54,16,5.36,5.0,cb
TR2608290043641,CL106870,EN00495,trottinette,Lille,ST1047,ST1047,2026-08-29 13:36:39,2026-08-29 13:52:39,16,4.24,4.52,abonnement
TR2608290043642,CL107539,EN00518,trottinette,Grenoble ,ST1048,ST1054,2026-08-29 13:33:44,2026-08-29 13:51:44,18,4.8,4.96,paypal
TR2608290043643,CL100446,EN00509,trottinette,Grenoble,ST1057,ST1056,2026-08-29 13:45:55,2026-08-29 14:00:55,15,4.29,4.3,abonnement
TR2608290043644,CL101545,EN00091,velo_elec,Lyon,ST1002,ST1016,29/08/2026 13:58,2026-08-29 14:05:28,7,2.09,2.75,cb
TR2608290043645,CL102205,EN00190,trottinette,Lyon,ST1003,ST1005,2026-08-29 13:53:06,2026-08-29 14:11:06,18,3.39,4.96,abonnement
TR2608290043646,CL101574,EN00164,trottinette,LYON,ST1003,ST1007,,2026-08-29 14:18:03,23,6.12,6.06,cb
TR2608290043647,CL102280,EN00211,velo_elec,lyon,ST1007,ST1007,1788004345,2026-08-29 13:54:25,2,0.59,1.5,abonnement
TR2608290043648,CL106358,EN00103,trottinette,Lyon,ST1009,ST1011,2026-08-29 13:49:13,,83,18.77,19.26,cb
TR2608290043649,CL107142,EN00034,velo_elec,Lyon,ST1009,ST1013,,2026-08-29 13:53:15,3,0.89,1.75,cb
TR2608290043650,CL106286,EN00065,trottinette,Lyon,ST1010,ST1019,2026-08-29 13:48:09,,5,1.02,2.1,cb
TR2608290043651,CL106063,EN00054,trottinette,Lyon,ST1016,ST1001,2026-08-29 13:56:27,2026-08-29 14:00:27,4,0.79,1.88,cb
TR2608290043652,CL104981,EN00025,velo_elec,Lyon,ST1018,ST1012,2026-08-29 13:46:05,2026-08-29 13:54:05,8,2.29,3.0,abonnement
TR2608290043653,CL102752,EN00276,velo_elec,Nantes,ST1023,ST1028,2026-08-29 13:49:07,2026-08-29 13:59:07,10,1.71,3.5,cb
TR2608290043654,CL104817,EN00298,trottinette,Nantes,ST1027,ST1030,2026-08-29 13:57:27,2026-08-29 14:04:27,7,1.97,2.54,paypal
TR2608290043655,CL108527,EN00248,trottinette,nantes,ST1032,ST1026,2026-08-29 13:57:33,2026-08-29 14:25:33,28,8.73,7.16,abonnement
TR2608290043656,CL100975,EN00302,velo_elec,Nantes,ST1032,ST1025,2026-08-29 13:53:41,2026-08-29 14:00:41,7,1.45,2.75,abonnement
TR2608290043657,CL101452,EN00258,trottinette,Nantes,ST1033,ST1020,2026-08-29 14:00:17,2026-08-29 14:14:17,14,4.07,4.08,
TR2608290043658,CL101003,EN00425,velo_elec,Lille,ST1036,ST1040,2026-08-29 14:01:23,2026-08-29 14:09:23,8,1.69,3.0,abonnement
TR2608290043659,CL102096,EN00388,velo_elec,Lille,ST1039,ST1037,2026-08-29 13:58:54,29/08/2026 14:00,2,0.33,1.5,abonnement
TR2608290043660,CL104128,EN00395,trottinette,Lille,ST1039,ST1046,2026-08-29 13:57:14,29/08/2026 14:03,6,1.45,2.32,cb
TR2608290043661,CL107308,EN00453,trottinette,Lille,ST1043,ST1047,2026-08-29 13:58:35,2026-08-29 14:04:35,6,1.8,2.32,abonnement
TR2608290043662,CL103204,EN00493,velo_elec,Lille,ST1043,ST1035,2026-08-29 13:56:19,2026-08-29 13:58:19,2,0.6,1.5,paypal
TR2608290043663,CL107027,EN00575,trottinette,Grenoble ,ST1056,ST1053,2026-08-29 13:59:11,29/08/2026 14:22,23,6.32,6.06,
TR2608290043664,CL107120,EN00042,trottinette,Lyon,ST1002,ST1016,29/08/2026 14:03,2026-08-29 14:15:42,12,3.15,3.64,cb
TR2608290043665,CL103083,EN00174,velo_elec,Lyon,ST1002,ST1008,29/08/2026 14:11,2026-08-29 14:31:15,20,6.68,6.0,cb
TR2608290043666,CL104905,EN00113,velo_elec,Lyon,ST1003,ST1003,2026-08-29 14:06:17,2026-08-29 14:17:17,11,2.9,3.75,paypal
TR2608290043667,CL106599,EN00152,velo_elec,Lyon,ST1003,ST1017,2026-08-29 14:01:38,2026-08-29 14:10:38,9,2.35,3.25,cb
TR2608290043668,CL106687,EN00112,velo_elec,Lyon ,ST1006,ST1005,2026-08-29 14:02:17,2026-08-29 14:23:17,21,5.11,6.25,paypal
TR2608290043669,CL102419,EN00211,velo_elec,Lyon,ST1007,ST1005,2026-08-29 14:14:00,2026-08-29 14:23:00,9,1.54,3.25,cb
TR2608290043670,CL102180,EN00178,velo_elec,Lyon,ST1011,ST1005,2026-08-29 14:09:20,2026-08-29 14:17:20,8,1.32,3.0,paypal
TR2608290043671,CL103493,EN00138,velo_elec,Lyon ,ST1016,ST1004,29/08/2026 14:05,2026-08-29 14:08:07,3,0.47,1.75,cb
TR2608290043672,CL101391,EN00090,trottinette,Lyon,ST1016,ST1006,1788005006,2026-08-29 14:22:26,19,5.39,5.18,cb
TR2608290043673,CL108676,EN00131,trottinette,Lyon,ST1018,ST1014,2026-08-29 14:03:24,2026-08-29 14:12:24,9,2.33,2.98,abonnement
TR2608290043674,CL108590,EN00056,velo_elec,Lyon,ST1019,ST1013,29/08/2026 14:05,2026-08-29 14:18:41,13,4.04,,
TR2608290043675,CL102745,EN00287,velo_elec,Nantes,ST1025,ST1031,2026-08-29 14:07:35,29/08/2026 14:22,15,3.5,4.75,cb
TR2608290043676,CL107962,EN00302,velo_elec,Nantes,ST1025,ST1030,2026-08-29 14:13:28,2026-08-29 14:35:28,22,5.86,6.5,cb
TR2608290043677,CL104218,EN00295,velo_elec,Nantes,ST1027,ST1020,29/08/2026 14:06,29/08/2026 14:19,13,3.47,4.25,cb
TR2608290043678,CL102574,EN00321,velo_elec,Nantes,ST1029,ST1027,,29/08/2026 14:15,8,1.92,3.0,cb
TR2608290043679,CL103628,EN00240,trottinette,Nantes,ST1031,ST1026,2026-08-29 14:10:43,2026-08-29 14:24:43,14,2.65,4.08,abonnement
TR2608290043680,CL102684,EN00269,velo_elec,Nantes,ST1031,ST1022,29/08/2026 14:05,2026-08-29 14:24:49,19,6.3,5.75,cb
TR2608290043681,CL103279,EN00317,trottinette,Nantes,ST1031,ST1021,2026-08-29 14:10:56,2026-08-29 14:28:56,18,3.06,4.96,abonnement
TR2608290043682,CL101364,EN00224,velo_elec,Nantes,ST1033,ST1026,2026-08-29 14:11:22,2026-08-29 14:29:22,18,4.37,5.5,cb
TR2608290043683,CL100535,EN00381,trottinette,Lille,ST1034,ST1035,2026-08-29 14:08:45,29/08/2026 14:12,4,1.2,1.88,cb
TR2608290043684,CL101531,EN00373,velo_elec,Lille,ST1035,ST1045,2026-08-29 14:09:42,2026-08-29 14:28:42,19,5.2,5.75,cb
TR2608290043685,CL100182,EN00368,trottinette,Lille,ST1036,ST1040,2026-08-29 14:01:24,2026-08-29 14:16:24,15,2.79,4.3,paypal
TR2608290043686,CL107570,EN00472,velo_elec,Lille,ST1037,ST1045,2026-08-29 14:02:24,2026-08-29 14:19:24,17,5.52,5.25,abonnement
TR2608290043687,CL107952,EN00424,velo_elec,Lille,ST1039,ST1046,2026-08-29 14:12:47,2026-08-29 14:18:47,6,1.46,2.5,cb
TR2608290043688,CL107744,EN00449,trottinette,Lille,ST1041,ST1034,29/08/2026 14:10,1788006145,12,3.21,3.64,cb
TR2608290043689,CL107331,EN00443,velo_elec,Lille,ST1041,ST1036,29/08/2026 14:06,29/08/2026 14:28,22,4.21,6.5,abonnement
TR2608290043690,CL104735,EN00478,trottinette,Lille,ST1041,ST1046,29/08/2026 14:05,2026-08-29 14:36:54,31,7.39,7.82,abonnement
TR2608290043691,CL100013,EN00444,trottinette,Lille,ST1044,ST1044,2026-08-29 14:02:07,2026-08-29 14:24:07,22,3.55,5.84,cb
TR2608290043692,CL101675,EN00440,trottinette,Lille,ST1044,ST1044,1788005161,29/08/2026 14:08,2,0.38,1.44,abonnement
TR2608290043693,CL101558,EN00468,trottinette,LILLE,ST1046,ST1044,2026-08-29 14:06:36,2026-08-29 14:22:36,16,2.45,4.52,abonnement
TR2608290043694,CL102944,EN00479,trottinette,Lille,ST1047,ST1038,,2026-08-29 14:23:16,10,2.41,3.2,cb
TR2608290043695,CL108237,EN00527,velo_elec,Grenoble,ST1048,ST1051,29/08/2026 14:02,1788006318,23,6.08,6.75,cb
TR2608290043696,CL106028,EN00508,trottinette,Grenoble,ST1049,ST1052,29/08/2026 14:05,2026-08-29 14:21:48,16,3.54,4.52,cb
TR2608290043697,CL103661,EN00596,velo_elec,Grenoble,ST1049,ST1058,2026-08-29 14:11:10,2026-08-29 14:19:10,8,2.66,3.0,abonnement
TR2608290043698,CL106919,EN00506,trottinette,Grenoble,ST1049,ST1058,2026-08-29 14:08:21,2026-08-29 14:25:21,17,4.18,4.74,cb
TR2608290043699,CL100068,EN00590,velo_elec,Grenoble,ST1049,ST1055,2026-08-29 14:16:11,2026-08-29 14:37:11,6179,3.64,6.25,abonnement
TR2608290043700,CL101696,EN00505,velo,Grenoble,ST1050,ST1049,1788005532,2026-08-29 14:24:12,12,2.81,2.8,abonnement
TR2608290043701,CL107399,EN00541,velo_elec,Grenoble,ST1055,ST1057,29/08/2026 14:09,2026-08-29 14:12:59,3,0.51,1.75,abonnement
TR2608290043702,CL101158,EN00187,velo_elec,Lyon,ST1001,ST1016,2026-08-29 14:18:54,29/08/2026 14:25,7,1.88,2.75,abonnement
TR2608290043703,CL107885,EN00106,trottinette,Lyon,ST1003,ST1004,29/08/2026 14:28,2026-08-29 14:37:44,9,2.78,2.98,cb
TR2608290043704,CL105512,EN00190,trottinette,Lyon,ST1005,ST1007,2026-08-29 14:22:00,2026-08-29 14:39:00,17,2.8,4.74,cb
TR2608290043705,CL102380,EN00201,velo_elec,Lyon,ST1006,ST1006,2026-08-29 14:19:21,1788006381,7,1.13,2.75,abonnement
TR2608290043706,CL106030,EN00062,trottinette,Lyon,ST1007,ST1010,2026-08-29 14:28:15,29/08/2026 14:43,15,4.96,4.3,cb
TR2608290043707,CL107142,EN00029,velo_elec,Lyon ,ST1011,ST1005,2026-08-29 14:26:23,2026-08-29 14:31:23,5,1.61,2.25,cb
TR2608290043708,CL107776,EN00180,trottinette,Lyon,ST1011,ST1015,29/08/2026 14:28,2026-08-29 14:50:40,22,5.15,5.84,cb
TR2608290043709,CL105642,EN00118,trottinette,Lyon,ST1012,ST1009,2026-08-29 14:20:54,2026-08-29 14:33:54,13,3.36,3.86,cb
TR2608290043710,CL103593,EN00025,velo_elec,Lyon,ST1012,ST1008,2026-08-29 14:22:25,1788006685,9,2.33,3.25,cb
TR2608290043711,CL102870,EN00034,velo_elec,Lyon,ST1013,ST1017,2026-08-29 14:30:59,,12,2.57,4.0,cb
TR2608290043712,CL105938,EN00115,velo_elec,Lyon,ST1013,ST1013,2026-08-29 14:17:51,2026-08-29 14:22:51,5,0.89,2.25,paypal
TR2608290043713,CL106198,EN00181,velo_elec,Lyon,ST1014,ST1017,2026-08-29 14:25:55,,2,0.57,1.5,paypal
TR2608290043714,CL104803,EN00019,trottinette,Lyon,ST1015,ST1017,29/08/2026 14:22,2026-08-29 14:54:19,32,8.85,8.04,abonnement
TR2608290043715,CL103231,EN00152,velo_elec,Lyon,ST1017,ST1009,29/08/2026 14:25,1788007892,26,7.63,7.5,cb
TR2608290043716,CL104694,EN00078,velo_elec,Lyon,ST1018,ST1012,2026-08-29 14:27:03,,14,2.29,4.5,abonnement
TR2608290043717,CL100459,EN00216,velo_elec,Lyon,ST1018,ST1014,2026-08-29 14:30:28,29/08/2026 14:55,25,5.44,7.25,cb
TR2608290043718,CL101690,EN00004,velo_elec,Lyon,ST1018,ST1015,2026-08-29 14:24:53,1788006893,10,2.99,3.5,cb
TR2608290043719,CL100178,EN00209,velo_elec,Lyon,ST1019,ST1012,2026-08-29 14:25:36,2026-08-29 14:37:36,12,1.85,4.0,cb
TR2608290043720,CL104935,EN00259,trottinette,Nantes,ST1021,ST1028,,29/08/2026 14:29,9,1.72,2.98,cb
TR2608290043721,CL106507,EN00352,velo_elec,Nantes,ST1022,ST1033,2026-08-29 14:23:32,2026-08-29 14:40:32,17,4.52,5.25,abonnement
TR2608290043722,CL102621,EN00291,velo_elec,Nantes,ST1026,ST1028,2026-08-29 14:22:39,2026-08-29 14:26:39,4,1.39,2.0,cb
TR2608290043723,CL104549,EN00319,velo_elec,Nantes,ST1027,ST1020,2026-08-29 14:29:06,2026-08-29 14:53:06,-9,5.41,7.0,abonnement
TR2608290043724,CL104222,EN00338,velo_elec,Nantes,ST1030,ST1022,2026-08-29 14:24:01,29/08/2026 14:54,30,7.29,8.5,cb
TR2608290043725,CL105927,EN00435,trottinette,Lille,ST1034,ST1041,2026-08-29 14:20:09,2026-08-29 14:31:09,11,2.51,3.42,abonnement
TR2608290043726,CL102184,EN00403,trottinette,Lille,ST1034,ST1039,29/08/2026 14:28,2026-08-29 14:44:57,16,2.88,4.52,cb
TR2608290043727,CL103206,EN00493,velo_elec,Lille,ST1035,ST1046,29/08/2026 14:27,2026-08-29 14:39:18,12,2.43,4.0,cb
TR2608290043728,CL101455,EN00404,trottinette,Lille,ST1036,ST1034,2026-08-29 14:21:44,2026-08-29 14:37:44,16,5.01,4.52,abonnement
TR2608290043729,CL108232,EN00423,velo_elec,Lille,ST1038,ST1034,2026-08-29 14:24:04,2026-08-29 14:46:04,22,6.92,6.5,cb
TR2608290043730,CL104542,EN00425,velo_elec,Lille,ST1040,ST1045,29/08/2026 14:29,2026-08-29 14:38:00,9,2.6,3.25,cb
TR2608290043731,CL106304,EN00445,velo_elec,Lille,ST1040,ST1039,2026-08-29 14:24:02,2026-08-29 14:39:02,15,3.93,4.75,cb
TR2608290043732,CL100682,EN00484,velo_elec,Lille,ST1043,ST1043,2026-08-29 14:21:49,,2,0.52,1.5,cb
TR2608290043733,CL101016,EN00440,trottinette,Lille,ST1044,ST1045,2026-08-29 14:20:55,2026-08-29 14:33:55,13,2.82,3.86,
TR2608290043734,CL104030,EN00438,trottinette,Lille,ST1045,ST1041,2026-08-29 14:25:20,2026-08-29 15:02:20,37,5.98,9.14,paypal
TR2608290043735,CL102944,EN00495,trottinette,Lille,ST1047,ST1046,2026-08-29 14:19:26,,10,3.27,3.2,cb
TR2608290043736,CL108889,EN00453,trottinette,Lille,ST1047,ST1041,2026-08-29 14:30:10,2026-08-29 14:42:10,12,2.94,3.64,abonnement
TR2608290043737,CL105578,EN00507,trottinette,Grenoble,ST1049,ST1053,2026-08-29 14:25:03,29/08/2026 14:38,13,2.54,3.86,abonnement
TR2608290043738,CL103531,EN00562,velo,Grenoble,ST1049,ST1049,2026-08-29 14:24:28,29/08/2026 14:36,12,2.43,2.8,cb
TR2608290043739,CL106461,EN00532,velo_elec,Grenoble,ST1053,ST1054,2026-08-29 14:19:32,2026-08-29 14:29:32,10,2.22,3.5,cb
TR2608290043740,CL102681,EN00554,velo_elec,Grenoble,ST1053,ST1053,2026-08-29 14:21:32,2026-08-29 14:36:32,15,3.46,4.75,abonnement
TR2608290043741,CL108091,EN00589,velo_elec,Grenoble,ST1053,ST1058,1788005925,2026-08-29 14:24:45,6,1.44,2.5,abonnement
TR2608290043742,CL108506,EN00533,velo_elec,Grenoble,ST1055,ST1049,2026-08-29 14:29:03,2026-08-29 15:06:03,37,12.62,10.25,cb
TR2608290043743,CL107317,EN00534,trottinette,Grenoble ,ST1056,ST1055,2026-08-29 14:24:12,2026-08-29 14:29:12,5,1.05,2.1,
TR2608290043744,CL106514,EN00530,velo_elec,Grenoble,ST1058,ST9535,2026-08-29 14:18:43,2026-08-29 14:24:43,6,1.63,2.5,cb
TR2608290043745,CL105570,EN00113,velo_elec,Lyon,ST1003,ST1002,2026-08-29 14:31:55,2026-08-29 14:37:55,6,1.19,2.5,cb
TR2608290043746,CL108855,EN00067,velo_elec,Lyon,ST1004,ST1019,1788007166,2026-08-29 15:05:26,26,4.23,7.5,cb
TR2608290043747,CL104012,EN00029,velo_elec,Lyon,ST1005,ST1019,2026-08-29 14:33:04,2026-08-29 14:45:04,12,3.48,4.0,paypal
TR2608290043748,CL104521,EN00178,velo_elec,Lyon,ST1005,ST1010,2026-08-29 14:33:39,2026-08-29 14:58:39,25,4.81,7.25,cb
TR2608290043749,CL101125,EN00079,velo_elec,Lyon,ST1006,ST1012,2026-08-29 14:38:06,2026-08-29 14:41:06,3,1.03,1.75,cb
TR2608290043750,CL104494,EN00069,trottinette,Lyon ,ST1007,ST1001,2026-08-29 14:39:57,2026-08-29 14:51:57,12,2.23,3.64,abonnement
TR2608290043751,CL108929,EN00141,velo_elec,Lyon,ST1008,ST1003,2026-08-29 14:37:45,2026-08-29 14:46:45,9,3.1,3.25,cb
TR2608290043752,CL100154,EN00129,velo_elec,Lyon,ST1012,ST1001,,2026-08-29 15:01:56,17,5.73,5.25,abonnement
TR2608290043753,CL108800,EN00168,velo_elec,Lyon,ST1012,ST1019,2026-08-29 14:36:35,2026-08-29 14:49:35,13,3.42,4.25,paypal
TR2608290043754,CL102481,EN00003,velo_elec,Lyon,ST1014,ST1015,29/08/2026 14:35,2026-08-29 14:47:28,12,2.84,4.0,cb
TR2608290043755,CL103839,EN00006,trottinette,Lyon,ST1015,ST1006,2026-08-29 14:40:46,,5,1.14,2.1,cb
TR2608290043756,CL103166,EN00217,velo_elec,Lyon,ST1015,ST1009,29/08/2026 14:36,2026-08-29 14:43:23,7,1.57,2.75,abonnement
TR2608290043757,CL101966,EN00186,trottinette,Lyon,ST1018,ST1004,1788006895,2026-08-29 14:42:55,8,1.6,2.76,cb
TR2608290043758,CL103202,EN00321,velo_elec,Nantes,ST1027,ST1033,2026-08-29 14:34:33,2026-08-29 14:42:33,8,1.39,3.0,cb
TR2608290043759,CL104355,EN00235,trottinette,Nantes,ST1029,ST1027,2026-08-29 14:37:05,,7,1.06,2.54,cb
TR2608290043760,CL101804,EN00252,velo_elec,Nantes,ST1033,ST1024,2026-08-29 14:40:27,1788009747,42,8.47,11.5,cb
TR2608290043761,CL102166,EN00381,trottinette,Lille,ST1035,ST1036,29/08/2026 14:41,2026-08-29 15:05:21,24,7.18,6.28,abonnement
TR2608290043762,CL103599,EN00443,velo_elec,Lille,ST1036,ST1042,2026-08-29 14:43:59,1788007739,5,0.91,2.25,cb
TR2608290043763,CL102706,EN00388,velo_elec,Lille,ST1037,ST1039,2026-08-29 14:41:55,2026-08-29 14:46:55,5,1.11,2.25,cb
TR2608290043764,CL102928,EN00456,trottinette, Lille,ST1039,ST1046,2026-08-29 14:31:39,2026-08-29 14:42:39,11,3.54,3.42,paypal
TR2608290043765,CL107383,EN00363,velo_elec,Lille,ST1041,ST1040,29/08/2026 14:31,2026-08-29 14:44:11,13,2.1,4.25,cb
TR2608290043766,CL105415,EN00444,trottinette,lille,ST1044,ST1045,2026-08-29 14:43:56,2026-08-29 14:48:56,5,1.46,2.1,abonnement
TR2608290043767,CL106579,EN00373,velo_elec,Lille,ST1045,ST1034,2026-08-29 14:45:43,2026-08-29 15:18:43,33,7.63,9.25,paypal
TR2608290043768,CL102487,EN00472,velo_elec,Lille,ST1045,ST1039,2026-08-29 14:39:28,2026-08-29 14:51:28,12,2.28,4.0,abonnement
TR2608290043769,CL105026,EN00548,trottinette,Grenoble,ST1051,ST1057,2026-08-29 14:33:35,2026-08-29 14:42:35,9,1.86,2.98,cb
TR2608290043770,CL104953,EN00600,trottinette,Grenoble,ST1053,ST1057,29/08/2026 14:34,,8,2.65,2.76,paypal
TR2608290043771,CL107113,EN00501,trottinette,Grenoble,ST1053,ST1048,2026-08-29 14:32:48,2026-08-29 14:52:48,20,3.02,5.4,cb
TR2608290043772,CL108811,EN00575,trottinette,Grenoble,ST1053,ST1055,2026-08-29 14:41:06,2026-08-29 15:04:06,23,5.56,6.06,cb
TR2608290043773,CL107806,EN00086,velo_elec,Lyonn,ST1002,ST1016,2026-08-29 14:58:23,2026-08-29 15:22:23,24,6.56,7.0,cb
TR2608290043774,CL106804,EN00101,velo_elec,Lyon,ST1003,ST1015,,29/08/2026 15:04,10,2.31,3.5,cb
TR2608290043775,CL105818,EN00025,velo_elec,Lyon,ST1008,ST1010,2026-08-29 14:46:45,2026-08-29 15:02:45,16,4.85,5.0,paypal
TR2608290043776,CL107893,EN00118,trottinette,Lyonn,ST1009,ST1010,2026-08-29 14:56:53,2026-08-29 15:06:53,10,3.35,3.2,cb
TR2608290043777,CL106299,EN00220,velo_elec,Lyon,ST1011,ST1017,2026-08-29 14:49:32,2026-08-29 14:56:32,7,1.72,2.75,cb
TR2608290043778,CL101251,EN00083,velo_elec,lyon,ST1015,ST1018,2026-08-29 14:54:22,2026-08-29 15:17:22,23,5.01,6.75,cb
TR2608290043779,CL106970,EN00179,trottinette,Lyon,ST1015,ST1009,2026-08-29 14:58:04,2026-08-29 15:12:04,14,3.03,4.08,cb
TR2608290043780,CL105482,EN00187,velo_elec,Lyon,ST1016,ST1019,2026-08-29 14:55:08,2026-08-29 15:13:08,18,5.86,5.5,abonnement
TR2608290043781,CL107239,EN00091,velo_elec,Lyon,ST1016,ST1015,29/08/2026 14:48,2026-08-29 15:03:24,15,5.14,4.75,cb
TR2608290043782,CL103376,EN00042,trottinette,Lyon,ST1016,ST1005,2026-08-29 15:00:19,2026-08-29 15:04:19,4,1.36,1.88,cb
TR2608290043783,CL105915,EN00224,velo_elec,Nantes,ST1026,ST1031,29/08/2026 14:50,,35,6.99,9.75,cb
TR2608290043784,CL102476,EN00354,velo_elec,Nantes,ST1027,ST1030,2026-08-29 14:47:44,2026-08-29 14:59:44,12,2.09,4.0,abonnement
TR2608290043785,CL106666,EN00260,velo_elec,Nantes,ST1027,ST1024,,2026-08-29 15:00:10,13,3.26,4.25,cb
TR2608290043786,CL106994,EN00276,velo_elec,Nantes,ST1028,ST1023,2026-08-29 15:00:46,2026-08-29 15:05:46,5,1.06,2.25,abonnement
TR2608290043787,CL101385,EN00287,velo_elec,Nantes,ST1031,ST1025,2026-08-29 14:55:37,2026-08-29 15:01:37,6,0.93,2.5,cb
TR2608290043788,CL100075,EN00340,velo_elec,Nantes,ST1032,ST1029,2026-08-29 14:47:41,2026-08-29 14:56:41,9,2.02,3.25,cb
TR2608290043789,CL103039,EN00449,trottinette,Lille,ST1034,ST1043,2026-08-29 14:48:04,2026-08-29 15:03:04,15,3.41,4.3,abonnement
TR2608290043790,CL103163,EN00423,velo_elec,Lille,ST1034,ST1040,29/08/2026 14:58,2026-08-29 15:09:25,11,2.89,3.75,cb
TR2608290043791,CL100165,EN00422,velo_elec,Lille,ST1036,ST1046,2026-08-29 14:55:53,29/08/2026 15:10,15,4.2,4.75,abonnement
TR2608290043792,CL102945,EN00383,trottinette,Lille,ST1037,ST1035,,2026-08-29 15:10:19,12,2.45,3.64,abonnement
TR2608290043793,CL107122,EN00488,velo_elec,Lille,ST1037,ST1045,29/08/2026 14:49,2026-08-29 15:12:58,23,7.22,6.75,cb
TR2608290043794,CL102941,EN00479,trottinette,LILLE,ST1038,ST1036,2026-08-29 14:58:22,2026-08-29 15:20:22,22,4.45,5.84,abonnement
TR2608290043795,CL103743,EN00445,velo_elec,Lille,ST1039,ST1040,2026-08-29 14:46:51,2026-08-29 14:58:51,12,4.04,4.0,abonnement
TR2608290043796,CL107209,EN00363,velo_elec,Lille,ST1040,ST1034,2026-08-29 14:53:03,1788008523,9,2.78,3.25,cb
TR2608290043797,CL106871,EN00380,velo_elec,Lille,ST1040,ST1038,2026-08-29 14:50:58,2026-08-29 15:20:58,30,8.56,8.5,paypal
TR2608290043798,CL108213,EN00430,velo_elec,Lille,ST1041,ST1044,2026-08-29 14:46:41,,8,1.61,3.0,cb
TR2608290043799,CL103405,EN00468,trottinette,Lille,ST1044,ST1040,29/08/2026 14:46,2026-08-29 14:54:37,8,2.62,2.76,abonnement
TR2608290043800,CL106573,EN00483,trottinette,Lille,ST1044,ST1040,,2026-08-29 14:55:21,6,2.0,2.32,abonnement
TR2608290043801,CL105748,EN00425,velo_elec,Lille,ST1045,ST1044,29/08/2026 14:55,2026-08-29 15:02:14,7,1.19,2.75,cb
TR2608290043802,CL107839,EN00562,velo,Grenoble,ST1049,ST1052,2026-08-29 14:56:47,2026-08-29 15:10:47,14,3.42,3.1,abonnement
TR2608290043803,CL106632,EN00542,velo,Grenoble,ST1050,ST1053,2026-08-29 14:50:41,2026-08-29 14:59:41,9,1.75,2.35,cb
TR2608290043804,CL105132,EN00532,velo_elec,Grenoble,ST1054,ST1055,2026-08-29 14:47:26,2026-08-29 14:57:26,10,3.2,3.5,abonnement
TR2608290043805,CL102048,EN00530,velo_elec,Grenoble,ST1056,ST1048,2026-08-29 14:49:46,2026-08-29 14:57:46,8,1.45,3.0,paypal
TR2608290043806,CL104421,EN00047,velo_elec,Lyon,ST1001,ST1008,2026-08-29 15:09:17,2026-08-29 15:43:17,34,8.77,9.5,cb
TR2608290043807,CL100115,EN00024,velo_elec,Lyon,ST1001,ST1004,29/08/2026 15:02,1788010532,33,5.82,9.25,cb
TR2608290043808,CL104314,EN00207,velo_elec,Lyon,ST1002,ST1005,1788008634,2026-08-29 15:19:54,16,4.99,5.0,abonnement
TR2608290043809,CL107761,EN00141,velo_elec,Lyon,ST1003,ST9779,2026-08-29 15:03:02,29/08/2026 15:24,21,4.21,6.25,cb
TR2608290043810,CL103822,EN00138,velo_elec,Lyon,ST1004,ST1017,2026-08-29 15:04:53,2026-08-29 15:59:53,55,10.41,14.75,paypal
TR2608290043811,CL105628,EN00183,velo_elec,Lyon,ST1004,ST1004,29/08/2026 15:07,2026-08-29 15:09:37,2,0.44,1.5,cb
TR2608290043812,CL101599,EN00178,velo_elec,Lyon,ST1010,ST1015,2026-08-29 15:02:00,2026-08-29 15:15:00,13,3.71,4.25,abonnement
TR2608290043813,CL100208,EN00099,velo_elec,LYON,ST1011,ST1019,2026-08-29 15:01:35,,13,1.97,4.25,paypal
TR2608290043814,CL100507,EN00130,velo_elec,Lyon ,ST1011,ST1012,2026-08-29 15:15:09,,7,1.85,2.75,cb
TR2608290043815,CL103286,EN00115,velo_elec,Lyon,ST1013,ST1009,2026-08-29 15:07:43,2026-08-29 15:21:43,14,4.64,4.5,cb
TR2608290043816,CL107468,EN00131,trottinette,Lyon,ST1014,ST1006,2026-08-29 15:15:37,2026-08-29 15:35:37,20,5.17,5.4,paypal
TR2608290043817,CL105838,EN00003,velo_elec,Lyon,ST1015,ST1003,2026-08-29 15:13:55,2026-08-29 15:28:55,15,4.64,4.75,cb
TR2608290043818,CL107763,EN00181,velo_elec,Lyon,ST1017,ST1013,2026-08-29 15:12:06,2026-08-29 15:15:06,3,0.82,1.75,cb
TR2608290043819,CL105185,EN00034,velo_elec,Lyonn,ST1017,ST1017,29/08/2026 15:14,29/08/2026 15:29,15,4.14,4.75,abonnement
TR2608290043820,CL101535,EN00266,velo_elec,Nantes,ST1020,ST1026,2026-08-29 15:15:52,2026-08-29 15:29:52,14,4.09,4.5,paypal
TR2608290043821,CL103703,EN00325,trottinette,Nantes,ST1021,ST1028,2026-08-29 15:03:21,29/08/2026 15:17,14,2.55,4.08,cb
TR2608290043822,CL104100,EN00232,trottinette,Nantes,ST1023,ST1033,2026-08-29 15:12:39,2026-08-29 15:20:39,8,2.12,2.76,cb
TR2608290043823,CL101681,EN00310,trottinette,Nantes,ST1027,ST1025,29/08/2026 15:13,1788009978,13,2.92,3.86,cb
TR2608290043824,CL103285,EN00235,trottinette,Nantes,ST1027,ST1031,2026-08-29 15:01:14,2026-08-29 15:13:14,12,3.66,3.64,cb
TR2608290043825,CL101424,EN00234,trottinette,Nantes,ST1028,ST1026,29/08/2026 15:10,2026-08-29 15:23:40,13,1.97,3.86,cb
TR2608290043826,CL104708,EN00341,velo_elec,Nantes,ST1029,ST1021,2026-08-29 15:09:41,2026-08-29 15:19:41,10,2.57,3.5,cb
TR2608290043827,CL101759,EN00222,velo_elec,Nantes,ST1033,ST1033,2026-08-29 15:01:39,2026-08-29 15:07:39,6,1.74,2.5,cb
TR2608290043828,CL104204,EN00374,velo_elec,Lille,ST1035,ST1041,2026-08-29 15:05:33,2026-08-29 15:13:33,8,2.5,3.0,cb
TR2608290043829,CL102887,EN00362,velo_elec,Lille,ST1036,ST1044,2026-08-29 15:14:52,2026-08-29 15:28:52,14,3.51,4.5,abonnement
TR2608290043830,CL106882,EN00447,velo,Lille,ST1037,ST1037,,2026-08-29 15:23:08,9,1.94,2.35,abonnement
TR2608290043831,CL101210,EN00385,velo_elec,Lille,ST1038,ST1045,2026-08-29 15:03:33,2026-08-29 15:10:33,7,2.45,2.75,cb
TR2608290043832,CL100082,EN00472,velo_elec,Lille,ST1039,ST1036,2026-08-29 15:08:51,2026-08-29 15:16:51,8,2.4,3.0,cb
TR2608290043833,CL105441,EN00453,trottinette,Lille,ST1041,ST1034,2026-08-29 15:05:11,2026-08-29 15:22:11,17,3.02,4.74,cb
TR2608290043834,CL103536,EN00443,velo_elec,Lille,ST1042,ST1035,2026-08-29 15:01:02,2026-08-29 15:14:02,13,3.17,4.25,cb
TR2608290043835,CL106863,EN00498,trottinette,Lille,ST1042,ST1040,2026-08-29 15:15:16,2026-08-29 15:26:16,11,2.19,3.42,abonnement
TR2608290043836,CL106931,EN00484,velo_elec,Lille,ST1043,ST1047,2026-08-29 15:07:49,2026-08-29 15:18:49,11,2.57,3.75,cb
TR2608290043837,CL101927,EN00530,velo_elec,GRENOBLE,ST1048,ST1053,2026-08-29 15:04:24,1788009144,8,1.58,3.0,abonnement
TR2608290043838,CL100205,EN00505,velo,Grenoble,ST1049,ST1057,2026-08-29 15:14:46,29/08/2026 15:33,19,6.52,3.85,cb
TR2608290043839,CL106462,EN00527,velo_elec,Grenoble,ST1051,ST1048,2026-08-29 15:03:11,2026-08-29 15:19:11,16,4.56,5.0,cb
TR2608290043840,CL101568,EN00508,trottinette,Grenoble,ST1052,ST1054,2026-08-29 15:11:44,2026-08-29 15:20:44,9,2.33,2.98,cb
TR2608290043841,CL103829,EN00518,trottinette,Grenoble,ST1054,ST1055,,2026-08-29 15:09:22,5,1.55,2.1,cb
TR2608290043842,CL108217,EN00129,velo_elec,Lyon,ST1001,ST1019,2026-08-29 15:19:56,2026-08-29 16:05:56,46,10.31,12.5,abonnement
TR2608290043843,CL103406,EN00204,velo_elec,Lyon,ST1003,ST1011,1788009878,2026-08-29 15:35:38,11,2.48,3.75,abonnement
TR2608290043844,CL103815,EN00194,velo_elec,Lyon,ST1003,ST1017,2026-08-29 15:27:06,2026-08-29 15:32:06,5,1.45,2.25,cb
TR2608290043845,CL108784,EN00183,velo_elec,Lyon,ST1004,ST1019,2026-08-29 15:19:38,2026-08-29 15:26:38,7,1.62,2.75,cb
TR2608290043846,CL108654,EN00118,trottinette,Lyon,ST1010,ST1010,2026-08-29 15:22:29,2026-08-29 15:28:29,6,2.04,2.32,cb
TR2608290043847,CL104517,EN00181,velo_elec,Lyon,ST1013,ST1001,1788009380,29/08/2026 15:24,8,1.84,3.0,abonnement
TR2608290043848,CL105606,EN00195,velo_elec,Lyon,ST1015,ST1001,2026-08-29 15:22:54,,5,0.79,2.25,cb
TR2608290043849,CL104448,EN00009,velo_elec,Lyon ,ST1015,ST1006,29/08/2026 15:21,29/08/2026 15:47,26,7.32,7.5,abonnement
TR2608290043850,CL106751,EN00220,velo_elec,Lyon,ST1017,ST1005,2026-08-29 15:16:16,2026-08-29 15:20:16,4,1.28,2.0,cb
TR2608290043851,CL106001,EN00187,velo_elec,Lyon,ST1019,ST1006,2026-08-29 15:17:10,2026-08-29 15:23:10,6,1.29,2.5,cb
TR2608290043852,CL102821,EN00338,velo_elec,Nantes,ST1022,ST1028,2026-08-29 15:22:51,2026-08-29 15:27:51,5,0.94,2.25,paypal
TR2608290043853,CL107515,EN00276,velo_elec,Nantes,ST1023,ST1023,29/08/2026 15:16,2026-08-29 15:21:58,5,0.82,2.25,cb
TR2608290043854,CL102354,EN00273,velo_elec,Nantes,ST1024,ST1024,2026-08-29 15:27:55,2026-08-29 15:36:55,9,2.48,3.25,abonnement
TR2608290043855,CL107610,EN00327,velo_elec,Nantes,ST1027,ST1025,2026-08-29 15:30:15,2026-08-29 15:45:15,15,3.83,4.75,cb
TR2608290043856,CL101301,EN00247,trottinette,Nantes,ST1030,ST1027,2026-08-29 15:30:04,29/08/2026 15:40,10,3.05,3.2,cb
TR2608290043857,CL100519,EN00500,velo,Lille,ST1037,ST1036,29/08/2026 15:18,2026-08-29 15:21:40,3,0.68,1.45,abonnement
TR2608290043858,CL105954,EN00361,trottinette,Lille,ST1040,ST1041,2026-08-29 15:25:50,2026-08-29 15:29:50,4,1.22,1.88,cb
TR2608290043859,CL105355,EN00462,velo_elec,lille,ST1044,ST1034,29/08/2026 15:29,2026-08-29 15:46:47,17,3.41,5.25,abonnement
TR2608290043860,CL102156,EN00385,velo_elec,Lille,ST1045,ST1039,2026-08-29 15:29:42,2026-08-29 15:40:42,11,1.81,3.75,abonnement
TR2608290043861,CL108358,EN00456,trottinette,Lille,ST1046,ST1040,2026-08-29 15:27:19,2026-08-29 15:35:19,8,1.84,2.76,abonnement
TR2608290043862,CL102256,EN00495,trottinette,Lille,ST1046,ST1034,2026-08-29 15:26:08,2026-08-29 15:45:08,19,4.72,5.18,cb
TR2608290043863,CL108151,EN00590,velo_elec,Grenoble,ST1055,ST1057,29/08/2026 15:25,2026-08-29 15:33:07,8,2.31,3.0,cb
TR2608290043864,CL100106,EN00548,trottinette,Grenoble,ST1057,ST1055,29/08/2026 15:29,2026-08-29 15:34:51,5,1.24,2.1,paypal
TR2608290043865,CL105936,EN00181,velo_elec,lyon,ST1001,ST1009,2026-08-29 15:41:14,29/08/2026 15:53,12,3.58,4.0,paypal
TR2608290043866,CL100120,EN00003,velo_elec,Lyon,ST1003,ST1006,2026-08-29 15:43:49,2026-08-29 15:49:49,6,1.25,2.5,paypal
TR2608290043867,CL101142,EN00141,velo_elec,Lyon,ST1007,ST1015,2026-08-29 15:39:13,2026-08-29 15:54:13,15,3.04,4.75,cb
TR2608290043868,CL105073,EN00218,velo_elec,Lyon,ST1007,ST1001,29/08/2026 15:33,2026-08-29 15:49:42,16,4.59,5.0,cb
TR2608290043869,CL108094,EN00217,velo_elec,Lyon,ST1009,ST1019,2026-08-29 15:44:11,2026-08-29 15:57:11,13,4.32,4.25,cb
TR2608290043870,CL102985,EN00105,velo_elec,Lyon,ST1009,ST1005,2026-08-29 15:43:03,2026-08-29 16:00:03,17,5.12,5.25,cb
TR2608290043871,CL107110,EN00118,trottinette,Lyon,ST1010,ST1001,29/08/2026 15:34,2026-08-29 16:09:36,35,7.93,8.7,cb
TR2608290043872,CL107833,EN00103,trottinette,Lyon,ST1011,ST1018,29/08/2026 15:40,2026-08-29 15:49:31,9,1.67,2.98,abonnement
TR2608290043873,CL101853,EN00079,velo_elec,Lyon,ST1012,ST1008,2026-08-29 15:44:19,2026-08-29 15:55:19,11,1.78,3.75,cb
TR2608290043874,CL105756,EN00173,velo_elec,Lyon,ST1016,ST1014,2026-08-29 15:44:13,2026-08-29 15:54:13,10,1.65,3.5,cb
TR2608290043875,CL100833,EN00086,velo_elec,Lyon,ST1016,ST1015,29/08/2026 15:41,2026-08-29 15:44:41,3,0.48,1.75,paypal
TR2608290043876,CL108088,EN00029,velo_elec,Lyon,ST1019,ST1006,2026-08-29 15:43:10,2026-08-29 15:58:10,15,3.31,4.75,cb
TR2608290043877,CL103494,EN00258,trottinette,Nantes,ST1020,ST1024,2026-08-29 15:37:45,2026-08-29 15:49:45,12,2.7,3.64,cb
TR2608290043878,CL107483,EN00276,velo_elec,Nantes,ST1023,ST1023,2026-08-29 15:42:14,2026-08-29 15:48:14,6,1.49,2.5,abonnement
TR2608290043879,CL103522,EN00289,trottinette,Nantes,ST1023,ST1021,2026-08-29 15:32:10,1788010630,5,1.52,2.1,abonnement
TR2608290043880,CL102712,EN00293,velo_elec,Nantes,ST1024,ST1029,2026-08-29 15:37:00,29/08/2026 15:50,13,3.76,4.25,paypal
TR2608290043881,CL102725,EN00304,velo_elec,NANTES,ST1027,ST1021,29/08/2026 15:41,2026-08-29 15:45:53,4,1.11,2.0,cb
TR2608290043882,CL105791,EN00303,velo_elec,Nantes,ST1030,ST1023,2026-08-29 15:43:48,2026-08-29 16:01:48,18,3.33,5.5,cb
TR2608290043883,CL104773,EN00224,velo_elec,Nante,ST1031,ST1025,29/08/2026 15:31,2026-08-29 15:44:55,13,2.61,4.25,paypal
TR2608290043884,CL104017,EN00443,velo_elec,lille,ST1035,ST1038,2026-08-29 15:37:02,2026-08-29 15:47:02,10,3.14,3.5,cb
TR2608290043885,CL104553,EN00372,trottinette,LILLE,ST1035,ST1043,29/08/2026 15:38,2026-08-29 15:48:17,10,3.27,3.2,paypal
TR2608290043886,CL101195,EN00479,trottinette,Lille,ST1036,ST1045,2026-08-29 15:40:03,29/08/2026 15:57,17,3.86,4.74,cb
TR2608290043887,CL104052,EN00447,velo,Lille,ST1037,ST1039,2026-08-29 15:45:25,2026-08-29 15:53:25,8,1.98,2.2,abonnement
TR2608290043888,CL105421,EN00406,velo_elec,lille,ST1038,ST1035,2026-08-29 15:41:24,2026-08-29 15:49:24,8,2.2,3.0,cb
TR2608290043889,CL103980,EN00392,velo_elec,Lille,ST1042,ST1037,2026-08-29 15:45:27,2026-08-29 15:51:27,6,1.24,2.5,abonnement
TR2608290043890,CL101245,EN00428,velo_elec,Lille,ST1042,ST1039,2026-08-29 15:40:14,29/08/2026 16:29,49,13.48,13.25,abonnement
TR2608290043891,CL104787,EN00484,velo_elec,Lille,ST1047,ST1043,2026-08-29 15:30:49,29/08/2026 15:34,4,1.39,2.0,cb
TR2608290043892,CL102742,EN00544,velo_elec,Grenoble,ST1051,ST1054,2026-08-29 15:45:04,2026-08-29 15:48:04,3,0.77,1.75,abonnement
TR2608290043893,CL104753,EN00512,velo_elec,Grenoble,ST1051,ST1055,2026-08-29 15:43:05,29/08/2026 15:54,11,3.31,3.75,cb
TR2608290043894,CL102950,EN00507,trottinette,Grenoble ,ST1053,ST1050,2026-08-29 15:32:11,2026-08-29 15:42:11,10,2.29,3.2,cb
TR2608290043895,CL900566,EN00545,trottinette,Grenoble,ST1058,ST1053,2026-08-29 15:36:46,29/08/2026 16:08,32,9.59,8.04,paypal
TR2608290043896,CL106978,EN00531,trottinette,GRENOBLE,ST1058,ST1056,29/08/2026 15:40,2026-08-29 16:01:57,21,3.17,5.62,cb
TR2608290043897,CL107501,EN00162,velo_elec,Lyon,ST1001,ST1013,2026-08-29 15:54:32,29/08/2026 16:10,16,3.43,5.0,cb
TR2608290043898,CL104428,EN00073,velo_elec,Lyon,ST1003,ST1018,2026-08-29 15:59:21,2026-08-29 16:38:21,39,9.83,10.75,cb
TR2608290043899,CL107954,EN00208,velo_elec,Lyon,ST1004,ST1018,2026-08-29 15:48:39,29/08/2026 16:01,13,3.56,4.25,cb
TR2608290043900,CL104272,EN00220,velo_elec,Lyon,ST1005,ST1012,2026-08-29 15:57:19,1788012379,9,2.61,3.25,cb
TR2608290043901,CL104285,EN00100,velo_elec,Lyon,ST1007,ST1001,2026-08-29 15:47:42,2026-08-29 16:14:42,27,7.14,7.75,paypal
TR2608290043902,CL107340,EN00205,trottinette,Lyon,ST1009,ST1001,2026-08-29 15:54:42,2026-08-29 16:42:42,48,11.06,11.56,abonnement
TR2608290043903,CL108872,EN00130,velo_elec,Lyon,ST1012,ST1014,2026-08-29 15:49:29,2026-08-29 16:12:29,23,4.13,6.75,paypal
TR2608290043904,CL100765,EN00140,trottinette,Lyon,ST1015,ST1002,2026-08-29 15:48:18,2026-08-29 16:20:18,32,10.47,8.04,paypal
TR2608290043905,CL102449,EN00091,velo_elec,Lyon,ST1015,ST1003,2026-08-29 15:58:47,2026-08-29 16:43:47,45,8.98,12.25,cb
TR2608290043906,CL100837,EN00099,velo_elec,Lyon,ST1019,ST1010,29/08/2026 15:57,2026-08-29 16:10:59,13,4.44,4.25,cb
TR2608290043907,CL102270,EN00289,trottinette,Nantes,ST1021,ST1028,2026-08-29 15:57:12,2026-08-29 16:07:12,10,2.24,3.2,abonnement
TR2608290043908,CL102805,EN00236,velo_elec,Nantes,ST1023,ST1022,2026-08-29 15:54:44,2026-08-29 16:03:44,9,1.62,,cb
TR2608290043909,CL100786,EN00271,velo_elec,NANTES,ST1023,ST1028,2026-08-29 16:00:37,2026-08-29 16:23:37,23,6.41,6.75,cb
TR2608290043910,CL107044,EN00360,trottinette,NANTES,ST1028,ST1025,2026-08-29 15:55:59,2026-08-29 16:04:59,9,2.84,2.98,paypal
TR2608290043911,CL102574,EN00333,trottinette,Nantes,ST1032,ST1020,2026-08-29 15:46:14,1788011774,10,3.45,3.2,cb
TR2608290043912,CL104219,EN00312,trottinette,Nantes,ST1032,ST1032,29/08/2026 15:53,2026-08-29 16:40:58,47,13.86,11.34,abonnement
TR2608290043913,CL102662,EN00427,trottinette,Lille,ST1036,ST1035,2026-08-29 15:51:03,29/08/2026 15:58,7,2.02,2.54,cb
TR2608290043914,CL104229,EN00375,trottinette,Lille,ST1038,ST1037,2026-08-29 15:52:33,2026-08-29 16:12:33,20,4.66,5.4,abonnement
TR2608290043915,CL938727,EN00456,trottinette,Lille,ST1040,ST1046,2026-08-29 15:54:23,1788012083,7,1.87,2.54,abonnement
TR2608290043916,CL102189,EN00361,trottinette,Lille,ST1041,ST1044,2026-08-29 15:59:31,2026-08-29 16:06:31,7,1.91,2.54,cb
TR2608290043917,CL105339,EN00488,velo_elec,Lille,ST1045,ST1036,1788011195,29/08/2026 15:54,8,1.65,3.0,abonnement
TR2608290043918,CL101876,EN00533,velo_elec,Grenoble,ST1049,ST1049,2026-08-29 15:55:06,,17,3.58,5.25,paypal
TR2608290043919,CL104754,EN00572,velo,Grenoble,ST1049,ST1052,2026-08-29 15:57:52,2026-08-29 16:05:52,8,1.51,2.2,cb
TR2608290043920,CL107623,EN00523,velo_elec,Grenoble,ST1051,ST1054,2026-08-29 15:47:42,,12,1.97,4.0,paypal
TR2608290043921,CL100934,EN00562,velo,Grenoble,ST1052,ST1049,2026-08-29 15:58:17,2026-08-29 16:06:17,8,1.64,2.2,abonnement
TR2608290043922,CL107135,EN00508,trottinette,Grenoble,ST1054,ST1051,29/08/2026 15:47,2026-08-29 16:05:19,18,2.95,4.96,paypal
TR2608290043923,CL103714,EN00599,trottinette,Grenoble,ST1055,ST1051,2026-08-29 16:00:34,2026-08-29 16:12:34,12,2.6,3.64,cb
TR2608290043924,CL106580,EN00589,velo_elec,Grenoble,ST1058,ST1054,2026-08-29 15:55:27,29/08/2026 16:03,8,1.43,3.0,abonnement
TR2608290043925,CL106952,EN00112,velo_elec,Lyon,ST1005,ST1012,2026-08-29 16:08:21,29/08/2026 16:13,5,1.51,2.25,cb
TR2608290043926,CL100318,EN00105,velo_elec,Lyon,ST1005,ST1016,2026-08-29 16:10:22,2026-08-29 16:18:22,8,1.31,3.0,cb
TR2608290043927,CL107644,EN00003,velo_elec,Lyon,ST1006,ST1010,2026-08-29 16:00:48,2026-08-29 16:28:48,28,4.95,8.0,cb
TR2608290043928,CL105907,EN00139,velo_elec,Lyon,ST1008,ST1004,29/08/2026 16:04,2026-08-29 16:25:22,21,5.53,6.25,abonnement
TR2608290043929,CL103166,EN00047,velo_elec,Lyon,ST1008,ST1012,2026-08-29 16:13:29,2026-08-29 17:33:29,80,16.44,21.0,paypal
TR2608290043930,CL107920,EN00092,trottinette,Lyon,ST1011,ST1003,2026-08-29 16:11:43,2026-08-29 16:24:43,13,2.86,3.86,cb
TR2608290043931,CL108655,EN00153,velo_elec,Lyon,ST1013,ST1004,2026-08-29 16:01:36,2026-08-29 16:11:36,10,3.47,3.5,abonnement
TR2608290043932,CL104060,EN00173,velo_elec,Lyon,ST1014,ST1012,2026-08-29 16:08:52,2026-08-29 16:20:52,12,3.72,4.0,cb
TR2608290043933,CL100197,EN00141,velo_elec,Lyon,ST1015,ST1015,2026-08-29 16:11:04,2026-08-29 16:17:04,6,1.61,2.5,paypal
TR2608290043934,CL104089,EN00034,velo_elec,Lyon,ST1017,ST1007,2026-08-29 16:02:23,2026-08-29 16:49:23,47,9.57,12.75,cb
TR2608290043935,CL100376,EN00019,trottinette,Lyon,ST1017,ST1018,,1788012989,7,2.23,2.54,cb
TR2608290043936,CL105075,EN00194,velo_elec,Lyon ,ST1017,ST1002,2026-08-29 16:09:48,2026-08-29 16:21:48,12,3.81,4.0,cb
TR2608290043937,CL104286,EN00138,velo_elec,LYON,ST1017,ST1014,2026-08-29 16:08:16,2026-08-29 16:17:16,9,2.93,3.25,cb
TR2608290043938,CL108431,EN00295,velo_elec,Nantes,ST1020,ST1030,29/08/2026 16:11,2026-08-29 16:20:03,9,2.93,3.25,abonnement
TR2608290043939,CL101496,EN00319,velo_elec,Nantes,ST1020,ST1020,2026-08-29 16:12:07,29/08/2026 16:22,10,3.04,3.5,cb
TR2608290043940,CL914405,EN00328,velo_elec,Nantes,ST1020,ST1030,2026-08-29 16:07:48,2026-08-29 16:27:48,20,3.65,6.0,paypal
TR2608290043941,CL103715,EN00304,velo_elec,Nantes,ST1021,ST1026,2026-08-29 16:12:22,29/08/2026 16:37,25,4.33,7.25,cb
TR2608290043942,CL104274,EN00303,velo_elec,Nantes,ST1023,ST1025,2026-08-29 16:04:52,2026-08-29 16:15:52,11,1.77,3.75,abonnement
TR2608290043943,CL104812,EN00349,velo_elec,Nantes,ST1026,ST1026,2026-08-29 16:03:39,2026-08-29 16:13:39,10,2.15,3.5,abonnement
TR2608290043944,CL101132,EN00427,trottinette,Lille,ST1035,ST1037,2026-08-29 16:13:57,29/08/2026 16:25,12,2.37,3.64,cb
TR2608290043945,CL100767,EN00443,velo_elec,Lille,ST1038,ST1046,2026-08-29 16:12:43,2026-08-29 16:19:43,7,2.0,2.75,abonnement
TR2608290043946,CL107273,EN00385,velo_elec,Lille,ST1039,ST1044,29/08/2026 16:12,2026-08-29 16:27:57,15,5.15,4.75,cb
TR2608290043947,CL106547,EN00374,velo_elec,Lille,ST1041,ST1039,2026-08-29 16:12:20,2026-08-29 16:19:20,7,2.38,2.75,paypal
TR2608290043948,CL102264,EN00449,trottinette,Lille,ST1043,ST1045,,1788012979,15,4.1,4.3,paypal
TR2608290043949,CL105527,EN00430,velo_elec,Lille,ST1044,ST1035,1788012293,2026-08-29 16:24:53,20,4.51,6.0,paypal
TR2608290043950,CL101978,EN00425,velo_elec,Lille,ST1044,ST1043,2026-08-29 16:09:01,2026-08-29 16:30:01,21,5.83,6.25,abonnement
TR2608290043951,CL101455,EN00456,trottinette,Lille,ST1046,ST1035,2026-08-29 16:11:30,2026-08-29 16:18:30,7,1.13,2.54,cb
TR2608290043952,CL100207,EN00544,velo_elec,Grenoble,ST1054,ST1048,2026-08-29 16:16:11,1788013331,6,1.73,2.5,
TR2608290043953,CL108190,EN00590,velo_elec,Grenoble,ST1057,ST1056,2026-08-29 16:10:10,2026-08-29 16:19:10,9,2.41,3.25,cb
TR2608290043954,CL105049,EN00537,velo_elec,Grenoble,ST1058,ST1054,2026-08-29 16:02:48,2026-08-29 16:14:48,12,2.95,4.0,cb
TR2608290043955,CL102282,EN00195,velo_elec,Lyon,ST1001,ST1004,2026-08-29 16:16:58,2026-08-29 16:49:58,33,11.55,9.25,cb
TR2608290043956,CL108836,EN00161,velo_elec,Lyon,ST1002,ST1007,2026-08-29 16:26:30,2026-08-29 16:29:30,3,1.04,1.75,abonnement
TR2608290043957,CL108414,EN00074,trottinette,Lyon,ST1003,ST1014,2026-08-29 16:19:09,2026-08-29 16:37:09,18,3.67,4.96,cb
TR2608290043958,CL107227,EN00006,trottinette,Lyon,ST1006,ST1004,2026-08-29 16:23:39,2026-08-29 16:30:39,7,2.13,2.54,cb
TR2608290043959,CL101760,EN00174,velo_elec,Lyon,ST1008,ST1018,2026-08-29 16:26:59,29/08/2026 16:37,11,2.78,3.75,abonnement
TR2608290043960,CL103304,EN00198,velo_elec,Lyon,ST1011,ST1006,,2026-08-29 16:31:15,8,1.57,3.0,cb
TR2608290043961,CL106647,EN00094,velo_elec,Lyon,ST1011,ST1006,2026-08-29 16:23:36,29/08/2026 17:03,40,10.95,11.0,abonnement
TR2608290043962,CL108533,EN00220,velo_elec,Lyon,ST1012,ST1013,2026-08-29 16:16:32,29/08/2026 16:24,8,2.72,3.0,abonnement
TR2608290043963,CL106137,EN00112,velo_elec,Lyon,ST1012,ST1013,2026-08-29 16:20:10,2026-08-29 16:35:10,15,3.56,4.75,abonnement
TR2608290043964,CL106934,EN00162,velo_elec,LYON,ST1013,ST1002,2026-08-29 16:21:09,2026-08-29 16:42:09,21,6.75,6.25,cb
TR2608290043965,CL100429,EN00041,velo_elec,Lyon,ST1013,ST1019,2026-08-29 16:20:51,2026-08-29 16:34:51,14,2.88,4.5,cb
TR2608290043966,CL102699,EN00080,trottinette,Lyon,ST1016,ST1004,2026-08-29 16:25:51,2026-08-29 16:39:51,14,2.37,4.08,cb
TR2608290043967,CL105870,EN00066,trottinette,Lyon,ST1016,ST1019,29/08/2026 16:21,2026-08-29 16:42:15,21,4.87,5.62,cb
TR2608290043968,CL103210,EN00217,velo_elec,Lyon,ST1019,ST1003,2026-08-29 16:21:41,2026-08-29 16:53:41,32,5.94,9.0,cb
TR2608290043969,CL101247,EN00275,velo,Nantes,ST1020,ST1030,29/08/2026 16:20,2026-08-29 16:26:18,6,1.78,1.9,cb
TR2608290043970,CL100145,EN00276,velo_elec,Nantes,ST1023,ST1023,2026-08-29 16:18:55,2026-08-29 16:23:55,5,1.54,2.25,cb
TR2608290043971,CL101831,EN00278,trottinette,Nantes,ST1032,ST1032,2026-08-29 16:28:01,2026-08-29 16:39:01,11,3.51,3.42,abonnement
TR2608290043972,CL105071,EN00261,trottinette,NANTES,ST1032,ST1025,2026-08-29 16:27:13,2026-08-29 16:34:13,7,1.88,2.54,cb
TR2608290043973,CL103259,EN00232,trottinette,Nantes,ST1033,ST1029,2026-08-29 16:20:47,2026-08-29 16:34:47,14,2.79,4.08,abonnement
TR2608290043974,CL106213,EN00406,velo_elec,Lille,ST1035,ST1038,2026-08-29 16:29:26,2026-08-29 16:36:26,7,1.09,2.75,abonnement
TR2608290043975,CL103302,EN00383,trottinette,Lille,ST1035,ST1043,2026-08-29 16:20:00,29/08/2026 16:42,22,4.67,5.84,cb
TR2608290043976,CL105280,EN00488,velo_elec,Lille,ST1036,ST1044,2026-08-29 16:26:58,2026-08-29 16:30:58,4,1.04,2.0,
TR2608290043977,CL102288,EN00423,velo_elec,Lille,ST1040,ST1041,2026-08-29 16:18:35,2026-08-29 16:33:35,-8,4.65,4.75,abonnement
TR2608290043978,CL104043,EN00498,trottinette,Lille,ST1040,ST1044,1788013256,29/08/2026 16:29,9,3.03,2.98,abonnement
TR2608290043979,CL106954,EN00452,velo,Lille,ST1042,ST1037,2026-08-29 16:23:41,2026-08-29 16:43:41,20,5.55,4.0,cb
TR2608290043980,CL100994,EN00494,velo_elec,Lille,ST1043,ST1046,2026-08-29 16:15:56,2026-08-29 16:37:56,22,3.42,6.5,cb
TR2608290043981,CL100090,EN00527,velo_elec,Grenoble,ST1048,ST1054,29/08/2026 16:28,2026-08-29 16:36:57,8,2.34,3.0,abonnement
TR2608290043982,CL104930,EN00519,velo_elec,Grenoble,ST1048,ST1052,1788013267,2026-08-29 16:36:07,15,2.76,4.75,cb
TR2608290043983,CL108629,EN00533,velo_elec,Grenoble,ST1049,ST1056,2026-08-29 16:26:23,2026-08-29 17:08:23,42,13.2,11.5,cb
TR2608290043984,CL101951,EN00562,velo,Grenoble,ST1049,ST1050,,2026-08-29 16:42:18,18,5.08,3.7,cb
TR2608290043985,CL104564,EN00580,velo_elec,Grenoble,ST1056,ST1058,29/08/2026 16:25,2026-08-29 16:33:42,8,1.61,3.0,paypal
TR2608290043986,CL107129,EN00531,trottinette,Grenoble,ST1056,ST1054,2026-08-29 16:24:15,,2,0.58,1.44,abonnement
TR2608290043987,CL101797,EN00578,velo_elec,Grenoble,ST1058,ST1053,2026-08-29 16:19:41,2026-08-29 16:32:41,13,4.1,4.25,abonnement
TR2608290043988,CL107350,EN00100,velo_elec,Lyon,ST1001,ST1018,2026-08-29 16:34:06,2026-08-29 16:37:06,3,0.52,1.75,abonnement
TR2608290043989,CL106998,EN00186,trottinette,Lyon,ST1004,ST1002,29/08/2026 16:38,29/08/2026 16:46,8,2.32,2.76,abonnement
TR2608290043990,CL105932,EN00187,velo_elec,Lyon,ST1006,ST1012,29/08/2026 16:41,2026-08-29 17:04:55,23,5.74,6.75,cb
TR2608290043991,CL101013,EN00029,velo_elec,LYON,ST1006,ST1010,29/08/2026 16:42,2026-08-29 16:57:46,15,2.67,4.75,paypal
TR2608290043992,CL106880,EN00164,trottinette,Lyonn,ST1007,ST1013,2026-08-29 16:33:12,2026-08-29 16:54:12,21,5.55,5.62,abonnement
TR2608290043993,CL104521,EN00079,velo_elec,Lyon,ST1008,ST1001,2026-08-29 16:44:30,29/08/2026 16:48,4,1.33,2.0,abonnement
TR2608290043994,CL107567,EN00181,velo_elec,Lyon,ST1009,ST1017,2026-08-29 16:33:30,2026-08-29 16:51:30,18,5.17,5.5,cb
TR2608290043995,CL104691,EN00095,trottinette,Lyon,ST1011,ST1019,2026-08-29 16:40:45,2026-08-29 17:01:45,21,3.24,5.62,cb
TR2608290043996,CL101585,EN00202,trottinette,Lyon,ST1011,ST1003,,2026-08-29 16:51:18,11,2.99,,cb
TR2608290043997,CL104295,EN00220,velo_elec,Lyon,ST1013,ST1014,2026-08-29 16:41:46,2026-08-29 16:46:46,5,0.98,2.25,paypal
TR2608290043998,CL108513,EN00110,velo_elec,Lyon,ST1013,ST1016,29/08/2026 16:45,2026-08-29 16:58:30,13,2.94,4.25,paypal
TR2608290043999,CL103583,EN00018,trottinette,Lyon,ST1015,ST1015,2026-08-29 16:41:07,1788014647,3,0.65,1.66,
TR2608290044000,CL106019,EN00141,velo_elec,Lyon,ST1015,ST1008,2026-08-29 16:41:58,2026-08-29 16:53:58,12,3.76,4.0,cb
TR2608290044001,CL100920,EN00105,velo_elec,Lyon,ST1016,ST1013,2026-08-29 16:32:32,2026-08-29 16:41:32,9,1.48,3.25,abonnement
TR2608290044002,CL108616,EN00103,trottinette,LYON,ST1018,ST1009,2026-08-29 16:41:11,2026-08-29 16:50:11,9,1.49,2.98,paypal
TR2608290044003,CL103004,EN00083,velo_elec,Lyon,ST1018,ST1014,2026-08-29 16:34:45,2026-08-29 16:49:45,15,3.65,4.75,cb
TR2608290044004,CL108575,EN00168,velo_elec,Lyon,ST1019,ST1006,29/08/2026 16:31,2026-08-29 16:47:03,16,3.75,5.0,cb
TR2608290044005,CL103103,EN00283,trottinette,Nantes,ST1021,ST1028,29/08/2026 16:34,2026-08-29 16:56:47,22,6.29,5.84,paypal
TR2608290044006,CL104162,EN00276,velo_elec,nantes,ST1023,ST1021,2026-08-29 16:44:06,2026-08-29 16:49:06,5,1.05,2.25,cb
TR2608290044007,CL105065,EN00258,trottinette,Nantes,ST1024,ST1022,2026-08-29 16:38:09,2026-08-29 16:48:09,10,2.23,3.2,paypal
TR2608290044008,CL100398,EN00273,velo_elec,Nantes,ST1024,ST1028,29/08/2026 16:37,29/08/2026 16:49,12,2.51,4.0,cb
TR2608290044009,CL104709,EN00349,velo_elec,Nantes,ST1026,ST1030,1788014516,2026-08-29 17:03:56,22,6.24,6.5,paypal
TR2608290044010,CL108193,EN00332,trottinette,Nantes,ST1033,ST1021,2026-08-29 16:31:19,2026-08-29 16:51:19,20,4.72,5.4,cb
TR2608290044011,CL106008,EN00222,velo_elec,Nantes,ST1033,ST1023,2026-08-29 16:41:29,2026-08-29 16:54:29,13,4.04,4.25,cb
TR2608290044012,CL100444,EN00456,trottinette, Lille,ST1035,ST1042,29/08/2026 16:31,1788014425,9,1.49,2.98,cb
TR2608290044013,CL105147,EN00388,velo_elec,Lille,ST1039,ST1038,2026-08-29 16:34:32,29/08/2026 16:46,12,2.96,4.0,cb
TR2608290044014,CL104646,EN00468,trottinette,lille,ST1040,ST1038,2026-08-29 16:39:44,2026-08-29 17:00:44,21,3.94,5.62,paypal
TR2608290044015,CL103171,EN00475,trottinette,Lille,ST1041,ST1046,1788014656,1788015256,10,2.91,3.2,cb
TR2608290044016,CL104131,EN00435,trottinette, Lille,ST1041,ST1040,2026-08-29 16:43:50,2026-08-29 17:08:50,25,7.24,6.5,cb
TR2608290044017,CL105154,EN00486,velo,Lille,ST1042,ST1038,2026-08-29 16:46:00,2026-08-29 16:50:00,4,0.71,1.6,cb
TR2608290044018,CL108902,EN00400,trottinette,Lille,ST1043,ST1040,2026-08-29 16:31:51,2026-08-29 16:42:51,11,3.11,3.42,abonnement
TR2608290044019,CL106989,EN00488,velo_elec,Lille,ST1044,ST1041,2026-08-29 16:41:21,2026-08-29 16:57:21,16,2.49,5.0,cb
TR2608290044020,CL106322,EN00470,trottinette,Lille,ST1046,ST1039,2026-08-29 16:40:49,2026-08-29 16:46:49,6,1.01,2.32,cb
TR2608290044021,CL107566,EN00544,velo_elec,Grenoble,ST1048,ST1053,2026-08-29 16:40:56,1788016136,28,4.61,8.0,cb
TR2608290044022,CL108622,EN00507,trottinette,Grenoble,ST1050,ST1058,2026-08-29 16:44:58,2026-08-29 16:48:58,4,1.29,1.88,cb
TR2608290044023,CL102408,EN00508,trottinette,Grenoble,ST1051,ST1058,29/08/2026 16:31,2026-08-29 16:45:38,14,4.59,4.08,paypal
TR2608290044024,CL107478,EN00599,trottinette,Grenoble,ST1051,ST1052,29/08/2026 16:41,2026-08-29 16:50:58,9,2.07,2.98,
TR2608290044025,CL108946,EN00572,velo,Grenoble,ST1052,ST1058,,2026-08-29 16:49:52,15,4.46,3.25,cb
TR2608290044026,CL105738,EN00554,velo_elec,Grenoble,ST1053,ST1055,29/08/2026 16:42,1788015358,13,3.8,4.25,cb
TR2608290044027,CL108206,EN00589,velo_elec,Grenoble,ST1054,ST1057,2026-08-29 16:40:39,1788015159,-8,3.44,4.0,abonnement
TR2608290044028,CL103362,EN00575,trottinette,Grenoble,ST1055,ST1049,2026-08-29 16:39:31,2026-08-29 16:51:31,12,3.4,3.64,cb
TR2608290044029,CL102593,EN00561,velo_elec,grenoble,ST1058,ST1053,2026-08-29 16:39:45,2026-08-29 16:51:45,12,2.01,4.0,cb
TR2608290044030,CL103425,EN00135,trottinette,Lyon,ST1001,ST1016,2026-08-29 16:55:29,2026-08-29 17:06:29,11,2.0,3.42,paypal
TR2608290044031,CL108566,EN00092,trottinette,Lyon,ST1003,ST1017,2026-08-29 16:59:44,2026-08-29 17:15:44,16,2.42,4.52,paypal
TR2608290044032,CL106360,EN00091,velo_elec,Lyon,ST1003,ST1013,29/08/2026 16:48,2026-08-29 17:01:28,13,4.08,4.25,cb
TR2608290044033,CL105739,EN00042,trottinette,Lyon,ST1005,ST1001,29/08/2026 16:52,29/08/2026 16:59,7,1.51,2.54,paypal
TR2608290044034,CL108908,EN00211,velo_elec,Lyon,ST1005,ST1013,2026-08-29 16:54:19,2026-08-29 17:06:19,12,2.58,4.0,abonnement
TR2608290044035,CL103382,EN00161,velo_elec,Lyon,ST1007,ST1009,2026-08-29 16:53:28,29/08/2026 17:04,11,3.84,3.75,cb
TR2608290044036,CL105178,EN00098,velo_elec,Lyon,ST1011,ST1001,2026-08-29 16:59:17,2026-08-29 17:18:17,19,4.27,5.75,cb
TR2608290044037,CL108081,EN00193,trottinette,Lyon,ST1011,ST1004,2026-08-29 16:50:48,2026-08-29 17:04:48,-10,3.54,4.08,abonnement
TR2608290044038,CL106572,EN00105,velo_elec,Lyon,ST1013,ST1008,2026-08-29 16:56:46,2026-08-29 17:00:46,4,0.88,2.0,cb
TR2608290044039,CL106263,EN00150,trottinette,Lyon,ST1016,ST1003,2026-08-29 16:49:09,2026-08-29 16:55:09,6,1.16,2.32,cb
TR2608290044040,CL107114,EN00100,velo_elec,Lyon,ST1018,ST1001,2026-08-29 16:49:17,,23,6.5,6.75,paypal
TR2608290044041,CL101806,EN00183,velo_elec,Lyon,ST1019,ST1009,2026-08-29 16:55:27,2026-08-29 17:48:27,53,10.59,14.25,paypal
TR2608290044042,CL103996,EN00337,trottinette,Nantes,ST1022,ST1029,2026-08-29 16:46:34,2026-08-29 16:54:34,8,2.14,2.76,abonnement
TR2608290044043,CL101093,EN00260,velo_elec,Nantes,ST1024,ST1031,2026-08-29 16:55:31,2026-08-29 17:08:31,13,4.2,4.25,cb
TR2608290044044,CL102827,EN00247,trottinette,Nantes,ST1027,ST1024,2026-08-29 16:52:15,2026-08-29 17:07:15,15,5.05,4.3,cb
TR2608290044045,CL105623,EN00250,velo_elec,Nantes,ST1028,ST1021,2026-08-29 16:51:31,2026-08-29 17:14:31,23,7.75,6.75,cb
TR2608290044046,CL100141,EN00281,velo_elec,Nantes,ST1030,ST1023,2026-08-29 16:56:59,2026-08-29 17:10:59,14,4.0,4.5,cb
TR2608290044047,CL102924,EN00430,velo_elec,Lille,ST1035,ST1039,2026-08-29 16:49:02,2026-08-29 17:18:02,29,6.24,8.25,cb
TR2608290044048,CL107070,EN00472,velo_elec,Lille,ST1036,ST1039,2026-08-29 16:54:03,29/08/2026 17:12,18,4.12,5.5,cb
TR2608290044049,CL103463,EN00428,velo_elec,Lille,ST1039,ST1042,2026-08-29 16:46:11,2026-08-29 16:59:11,-7,2.0,4.25,cb
TR2608290044050,CL103938,EN00374,velo_elec,Lille,ST1039,ST1040,2026-08-29 16:53:39,2026-08-29 17:13:39,20,6.35,6.0,cb
TR2608290044051,CL106556,EN00403,trottinette,Lille,ST1039,ST1034,29/08/2026 16:48,2026-08-29 16:53:39,5,1.16,2.1,abonnement
TR2608290044052,CL102541,EN00423,velo_elec,Lille,ST1041,ST1039,29/08/2026 16:53,1788016259,17,3.53,5.25,cb
TR2608290044053,CL108505,EN00420,trottinette, Lille,ST1041,ST1038,2026-08-29 16:48:06,2026-08-29 16:51:06,3,0.77,1.66,abonnement
TR2608290044054,CL108635,EN00442,trottinette,Lille,ST1046,ST1037,1788015123,2026-08-29 17:25:03,33,10.06,8.26,abonnement
TR2608290044055,CL107506,EN00414,velo_elec,Lille,ST1046,ST1046,2026-08-29 16:58:56,2026-08-29 17:21:56,23,7.88,6.75,cb
TR2608290044056,CL103059,EN00562,velo,Grenoble,ST1050,ST1052,2026-08-29 16:59:33,2026-08-29 17:07:33,8,2.33,2.2,cb
TR2608290044057,CL103453,EN00593,trottinette,Grenoble,ST1051,ST1048,2026-08-29 16:49:15,2026-08-29 17:02:15,13,3.94,3.86,cb
TR2608290044058,CL100121,EN00519,velo_elec,Grenoble,ST1052,ST1052,29/08/2026 16:58,2026-08-29 17:06:35,8,1.96,3.0,cb
TR2608290044059,CL101749,EN00563,trottinette,Grenoble,ST1055,ST1049,2026-08-29 16:52:32,29/08/2026 16:54,2,0.46,1.44,abonnement
TR2608290044060,CL101110,EN00508,trottinette,Grenoble,ST1058,ST1055,2026-08-29 16:49:09,2026-08-29 17:01:09,12,3.39,3.64,paypal
TR2608290044061,CL101654,EN00217,velo_elec,Lyon,ST1003,ST1006,2026-08-29 17:03:23,29/08/2026 17:20,17,3.16,5.25,cb
TR2608290044062,CL102614,EN00168,velo_elec,Lyon,ST1006,ST1002,2026-08-29 17:04:00,2026-08-29 17:10:00,6,1.44,2.5,cb
TR2608290044063,CL101387,EN00009,velo_elec,Lyon,ST1006,ST1014,2026-08-29 17:10:09,2026-08-29 17:17:09,7,1.55,2.75,cb
TR2608290044064,CL102249,EN00173,velo_elec,Lyon,ST1012,ST1019,2026-08-29 17:10:45,2026-08-29 17:25:45,15,3.48,4.75,cb
TR2608290044065,CL103983,EN00068,velo_elec,Lyon,ST1012,ST1002,2026-08-29 17:03:56,1788017576,29,9.56,8.25,cb
TR2608290044066,CL108264,EN00078,velo_elec,Lyon,ST1012,ST1018,1788015665,2026-08-29 17:47:05,46,9.61,12.5,abonnement
TR2608290044067,CL102991,EN00073,velo_elec,lyon,ST1018,ST1001,2026-08-29 17:01:38,2026-08-29 17:06:38,5,0.86,2.25,paypal
TR2608290044068,CL105142,EN00208,velo_elec,Lyon,ST1018,ST1008,,2026-08-29 17:09:47,4,0.9,2.0,paypal
TR2608290044069,CL103917,EN00019,trottinette,Lyon,ST1018,ST1019,2026-08-29 17:05:25,,15,3.69,4.3,cb
TR2608290044070,CL101693,EN00066,trottinette,lyon,ST1019,ST1008,2026-08-29 17:11:43,2026-08-29 17:21:43,10,1.87,3.2,paypal
TR2608290044071,CL104501,EN00319,velo_elec,Nantes,ST1020,ST1029,2026-08-29 17:08:24,2026-08-29 18:09:24,61,14.73,16.25,abonnement
TR2608290044072,CL100251,EN00327,velo_elec,Nantes,ST1025,ST1028,2026-08-29 17:10:42,2026-08-29 17:31:42,21,3.54,6.25,cb
TR2608290044073,CL105797,EN00338,velo_elec,Nantes,ST1028,ST1024,2026-08-29 17:11:08,2026-08-29 17:31:08,20,3.54,6.0,abonnement
TR2608290044074,CL106079,EN00229,trottinette,Nantes,ST1030,ST1029,2026-08-29 17:06:24,2026-08-29 17:17:24,11,2.36,3.42,cb
TR2608290044075,CL102120,EN00298,trottinette,Nantes,ST1030,ST1026,2026-08-29 17:12:46,,27,8.41,6.94,paypal
TR2608290044076,CL100500,EN00467,velo_elec,Lille,ST1036,ST1035,2026-08-29 17:00:46,2026-08-29 17:29:46,29,9.73,8.25,abonnement
TR2608290044077,CL106406,EN00470,trottinette,Lille,ST1039,ST1037,2026-08-29 17:08:12,1788016692,10,2.91,3.2,cb
TR2608290044078,CL103204,EN00361,trottinette,Lille,ST1044,ST1042,29/08/2026 17:12,2026-08-29 17:25:27,13,2.21,3.86,cb
TR2608290044079,CL105908,EN00585,velo_elec,Grenoble,ST1048,ST1048,,29/08/2026 17:13,12,1.84,4.0,cb
TR2608290044080,CL100289,EN00546,trottinette,Grenoble,ST1051,ST1049,2026-08-29 17:10:37,2026-08-29 17:31:37,21,6.47,5.62,abonnement
TR2608290044081,CL105005,EN00527,velo_elec,Grenoble,ST1054,ST1048,2026-08-29 17:13:48,2026-08-29 17:47:48,34,6.3,9.5,cb
TR2608290044082,CL101000,EN00548,trottinette,Grenoble,ST1055,ST1051,29/08/2026 17:02,2026-08-29 17:18:56,16,3.42,4.52,cb
TR2608290044083,CL100109,EN00541,velo_elec,Grenoble,ST1057,ST1054,2026-08-29 17:04:56,2026-08-29 17:09:56,5,1.35,2.25,abonnement
TR2608290044084,CL106374,EN00186,trottinette,Lyon,ST1002,ST1011,2026-08-29 17:30:15,2026-08-29 17:42:15,12,3.77,3.64,cb
TR2608290044085,CL105453,EN00006,trottinette,Lyonn,ST1004,ST1018,2026-08-29 17:22:48,2026-08-29 17:35:48,13,4.39,3.86,abonnement
TR2608290044086,CL108681,EN00123,velo_elec,Lyon,ST1004,ST1002,2026-08-29 17:27:03,2026-08-29 17:39:03,12,3.25,4.0,paypal
TR2608290044087,CL103460,EN00199,velo_elec,Lyon,ST1004,ST1007,2026-08-29 17:26:35,1788018095,15,4.76,4.75,cb
TR2608290044088,CL108847,EN00207,velo_elec,Lyon,ST1005,ST1009,2026-08-29 17:19:27,2026-08-29 17:29:27,10,3.46,3.5,cb
TR2608290044089,CL104630,EN00025,velo_elec,Lyon,ST1010,ST1013,2026-08-29 17:22:48,2026-08-29 17:25:48,3,0.98,1.75,cb
TR2608290044090,CL102406,EN00074,trottinette,Lyon,ST1014,ST1016,2026-08-29 17:28:59,2026-08-29 17:39:59,11,3.04,3.42,cb
TR2608290044091,CL101961,EN00192,velo_elec,Lyon,ST1014,ST1002,29/08/2026 17:28,1788018034,12,3.22,4.0,cb
TR2608290044092,CL106785,EN00018,trottinette,Lyonn,ST1015,ST1014,1788016602,2026-08-29 17:37:42,21,6.26,5.62,abonnement
TR2608290044093,CL103940,EN00178,velo_elec,Lyon,ST1015,ST1001,2026-08-29 17:26:16,29/08/2026 17:34,8,2.09,3.0,cb
TR2608290044094,CL108322,EN00174,velo_elec,Lyon ,ST1018,ST1013,2026-08-29 17:17:22,2026-08-29 17:52:22,35,9.75,9.75,cb
TR2608290044095,CL103966,EN00258,trottinette,Nantes,ST1022,ST1021,29/08/2026 17:16,2026-08-29 17:19:50,3,0.85,1.66,abonnement
TR2608290044096,CL105845,EN00247,trottinette,Nantes,ST1024,ST1033,2026-08-29 17:23:05,29/08/2026 17:32,9,2.84,2.98,paypal
TR2608290044097,CL100885,EN00323,velo,Nantes,ST1027,ST1021,29/08/2026 17:24,29/08/2026 18:19,55,11.79,9.25,cb
TR2608290044098,CL101219,EN00270,velo_elec,Nantes,ST1029,ST1020,29/08/2026 17:18,2026-08-29 17:33:44,15,5.12,4.75,cb
TR2608290044099,CL108793,EN00349,velo_elec,Nantes,ST1030,ST1031,2026-08-29 17:27:27,29/08/2026 17:32,5,1.45,2.25,abonnement
TR2608290044100,CL106469,EN00233,velo_elec,Nantes,ST1030,ST1023,2026-08-29 17:17:41,2026-08-29 17:25:41,8,1.4,3.0,paypal
TR2608290044101,CL105213,EN00307,trottinette,Nantes,ST1030,ST1022,2026-08-29 17:24:10,2026-08-29 17:43:10,19,6.02,5.18,cb
TR2608290044102,CL105070,EN00260,velo_elec,Nantes,ST1031,ST1031,2026-08-29 17:16:44,2026-08-29 17:19:44,3,0.97,1.75,cb
TR2608290044103,CL100100,EN00352,velo_elec,Nantes,ST1033,ST1031,,29/08/2026 17:27,5,1.48,2.25,cb
TR2608290044104,CL105179,EN00427,trottinette,Lille,ST1037,ST1040,1788017418,1788017718,5,1.09,2.1,abonnement
TR2608290044105,CL107724,EN00392,velo_elec,Lille,ST1037,ST1035,2026-08-29 17:29:31,29/08/2026 17:49,20,4.21,6.0,abonnement
TR2608290044106,CL100640,EN00423,velo_elec,Lille,ST1039,ST1038,2026-08-29 17:25:21,2026-08-29 17:28:21,3,0.52,1.75,cb
TR2608290044107,CL108438,EN00417,trottinette,Lille,ST1040,ST1039,29/08/2026 17:21,2026-08-29 17:23:44,2,0.38,1.44,abonnement
TR2608290044108,CL102424,EN00488,velo_elec,Lille,ST1041,ST1045,2026-08-29 17:24:30,2026-08-29 18:09:30,45,9.15,12.25,paypal
TR2608290044109,CL106851,EN00384,trottinette,Lille,ST1041,ST1041,2026-08-29 17:26:10,,10,2.43,3.2,abonnement
TR2608290044110,CL105280,EN00428,velo_elec,lille,ST1042,ST1040,2026-08-29 17:25:13,2026-08-29 17:39:13,14,4.5,4.5,cb
TR2608290044111,CL102012,EN00383,trottinette,Lille,ST1043,ST1045,2026-08-29 17:22:20,2026-08-29 17:31:20,9,1.67,2.98,cb
TR2608290044112,CL104914,EN00563,trottinette,Grenoble,ST1049,ST1058,2026-08-29 17:18:56,2026-08-29 17:36:56,18,4.34,4.96,cb
TR2608290044113,CL103364,EN00541,velo_elec,Grenoble,ST1054,ST1057,2026-08-29 17:26:43,29/08/2026 17:32,6,2.03,2.5,cb
TR2608290044114,CL104804,EN00537,velo_elec,Grenoble,ST1054,ST1051,2026-08-29 17:27:20,2026-08-29 17:30:20,3,0.59,1.75,cb
TR2608290044115,CL104374,EN00205,trottinette,Lyon,ST1001,ST1014,2026-08-29 17:40:03,2026-08-29 18:08:03,28,6.3,7.16,abonnement
TR2608290044116,CL108481,EN00162,velo_elec,Lyon,ST1002,ST1003,2026-08-29 17:32:08,29/08/2026 17:44,12,3.94,4.0,cb
TR2608290044117,CL102660,EN00150,trottinette,Lyon,ST1003,ST1005,2026-08-29 17:39:44,1788018824,14,3.6,4.08,
TR2608290044118,CL106533,EN00001,velo_elec,Lyon,ST1007,ST1015,29/08/2026 17:42,2026-08-29 18:00:51,18,2.77,5.5,cb
TR2608290044119,CL100406,EN00103,trottinette,Lyon,ST1009,ST1016,2026-08-29 17:37:03,29/08/2026 17:58,21,7.07,5.62,cb
TR2608290044120,CL105404,EN00049,trottinette,Lyon,ST1011,ST1014,29/08/2026 17:38,2026-08-29 17:48:37,10,2.35,3.2,paypal
TR2608290044121,CL101028,EN00097,velo_elec,Lyon,ST1011,ST1008,2026-08-29 17:34:59,2026-08-29 18:03:59,29,6.26,8.25,abonnement
TR2608290044122,CL103209,EN00187,velo_elec,Lyon,ST1012,ST1019,2026-08-29 17:41:24,29/08/2026 17:50,9,2.21,3.25,cb
TR2608290044123,CL100946,EN00135,trottinette,Lyon,ST1016,ST1014,2026-08-29 17:37:03,2026-08-29 17:43:03,6,1.87,2.32,paypal
TR2608290044124,CL106613,EN00110,velo_elec,Lyon,ST1016,ST1004,2026-08-29 17:44:16,2026-08-29 17:50:16,6,1.36,2.5,cb
TR2608290044125,CL103226,EN00143,velo,Lyonn,ST1016,ST1012,2026-08-29 17:41:14,2026-08-29 17:57:14,16,4.66,3.4,cb
TR2608290044126,CL105681,EN00173,velo_elec,Lyon,ST1019,ST1007,2026-08-29 17:33:55,29/08/2026 17:45,12,3.83,4.0,cb
TR2608290044127,CL102710,EN00250,velo_elec,Nantes,ST1021,ST1029,2026-08-29 17:35:18,2026-08-29 17:40:18,5,1.28,2.25,abonnement
TR2608290044128,CL107927,EN00281,velo_elec,Nantes,ST1023,ST1021,2026-08-29 17:36:25,2026-08-29 17:48:25,12,3.1,4.0,cb
TR2608290044129,CL103947,EN00233,velo_elec,Nantes,ST1023,ST1026,2026-08-29 17:34:45,1788018345,11,1.85,3.75,
TR2608290044130,CL101475,EN00222,velo_elec,Nantes,ST1023,ST9489,29/08/2026 17:38,2026-08-29 17:41:31,3,0.99,1.75,cb
TR2608290044131,CL102001,EN00266,velo_elec,Nantes,ST1026,ST1025,29/08/2026 17:45,2026-08-29 17:51:42,6,1.78,2.5,cb
TR2608290044132,CL108492,EN00304,velo_elec,Nantes,ST1026,ST1030,2026-08-29 17:34:07,2026-08-29 18:12:07,38,8.26,10.5,abonnement
TR2608290044133,CL106203,EN00421,velo_elec,Lille,ST1038,ST1043,2026-08-29 17:42:54,2026-08-29 18:26:54,44,15.4,12.0,cb
TR2608290044134,CL101133,EN00438,trottinette,Lille,ST1041,ST1047,2026-08-29 17:38:46,2026-08-29 17:51:46,13,2.04,3.86,cb
TR2608290044135,CL105612,EN00387,velo,Lille,ST1041,ST1042,2026-08-29 17:44:36,2026-08-29 17:47:36,3,0.95,1.45,paypal
TR2608290044136,CL106365,EN00484,velo_elec,Lille,ST1043,ST1041,2026-08-29 17:36:44,2026-08-29 17:52:44,16,5.15,5.0,cb
TR2608290044137,CL104337,EN00385,velo_elec,Lille,ST1044,ST1038,2026-08-29 17:34:17,2026-08-29 17:38:17,4,0.71,2.0,paypal
TR2608290044138,CL105332,EN00383,trottinette,Lille,ST1045,ST1035,2026-08-29 17:31:04,,12,4.2,3.64,cb
TR2608290044139,CL108735,EN00443,velo_elec,Lille,ST1046,ST1041,2026-08-29 17:40:27,2026-08-29 17:49:27,9,1.61,3.25,abonnement
TR2608290044140,CL104026,EN00424,velo_elec,Lille,ST1046,ST1038,1788017874,2026-08-29 17:45:54,8,2.44,3.0,cb
TR2608290044141,CL108896,EN00493,velo_elec,Lille,ST1046,ST1039,2026-08-29 17:42:23,2026-08-29 17:54:23,12,3.79,4.0,abonnement
TR2608290044142,CL103022,EN00548,trottinette,Grenoble ,ST1051,ST1057,2026-08-29 17:44:40,2026-08-29 18:04:40,20,3.12,5.4,cb
TR2608290044143,CL103999,EN00599,trottinette,Grenoble,ST1052,ST1050,29/08/2026 17:39,2026-08-29 17:45:33,6,1.63,2.32,abonnement
TR2608290044144,CL106690,EN00519,velo_elec,Grenoble,ST1052,ST1051,2026-08-29 17:34:00,2026-08-29 18:00:00,26,8.36,7.5,cb
TR2608290044145,CL104024,EN00532,velo_elec,Grenoble,ST1055,ST1050,2026-08-29 17:43:39,2026-08-29 17:55:39,12,2.64,4.0,cb
TR2608290044146,CL104572,EN00533,velo_elec,Grenoble,ST1056,ST1049,2026-08-29 17:40:26,2026-08-29 17:48:26,8,2.69,3.0,cb
TR2608290044147,CL101779,EN00163,trottinette,Lyon,ST1001,ST1009,2026-08-29 17:57:25,29/08/2026 18:09,12,2.09,3.64,
TR2608290044148,CL108583,EN00100,velo_elec,Lyon,ST1001,ST1013,29/08/2026 17:59,2026-08-29 18:05:19,6,1.75,2.5,cb
TR2608290044149,CL105046,EN00162,velo_elec,Lyon,ST1003,ST1018,2026-08-29 17:48:34,2026-08-29 17:53:34,7172,1.34,2.25,abonnement
TR2608290044150,CL108457,EN00133,velo_elec,Lyon,ST1004,ST1014,2026-08-29 17:55:50,2026-08-29 18:04:50,9,1.61,3.25,cb
TR2608290044151,CL107679,EN00215,velo_elec,Lyon,ST1004,ST1010,1788019182,1788019962,13,3.98,4.25,cb
TR2608290044152,CL101102,EN00033,trottinette,Lyon,ST1006,ST1015,1788019109,2026-08-29 18:18:29,20,5.83,5.4,abonnement
TR2608290044153,CL108749,EN00189,trottinette,Lyon,ST1008,ST1010,2026-08-29 17:46:44,2026-08-29 17:59:44,13,4.0,3.86,cb
TR2608290044154,CL107290,EN00164,trottinette,Lyon,ST1013,ST1019,2026-08-29 17:48:15,2026-08-29 17:58:15,10,2.44,3.2,cb
TR2608290044155,CL100774,EN00145,trottinette,Lyon,ST1015,ST1007,2026-08-29 17:48:42,1788020202,28,8.66,7.16,abonnement
TR2608290044156,CL101770,EN00181,velo_elec,Lyon,ST1017,ST1016,2026-08-29 17:54:20,2026-08-29 18:20:20,26,4.21,7.5,paypal
TR2608290044157,CL106751,EN00006,trottinette,LYON,ST1018,ST1008,2026-08-29 17:49:47,2026-08-29 17:57:47,8,2.02,2.76,cb
TR2608290044158,CL100415,EN00316,velo_elec,Nantes,ST1026,ST1021,2026-08-29 17:50:05,2026-08-29 18:02:05,12,3.41,4.0,paypal
TR2608290044159,CL101638,EN00326,velo,Nantes,ST1027,ST1023,2026-08-29 17:57:20,2026-08-29 18:13:20,16,4.5,3.4,abonnement
TR2608290044160,CL107126,EN00336,velo_elec,Nantes,ST1030,ST1024,1788018917,29/08/2026 18:26,31,6.68,8.75,cb
TR2608290044161,CL100073,EN00308,velo,NANTES,ST1032,ST1021,2026-08-29 17:58:17,2026-08-29 18:04:17,6,1.55,1.9,cb
TR2608290044162,CL100653,EN00467,velo_elec,LILLE,ST1035,ST1036,29/08/2026 17:50,2026-08-29 17:56:36,6,1.93,2.5,paypal
TR2608290044163,CL106282,EN00370,velo_elec,Lille,ST1038,ST1046,2026-08-29 17:53:23,2026-08-29 18:08:23,15,2.56,4.75,abonnement
TR2608290044164,CL101714,EN00417,trottinette,Lille,ST1039,ST1038,29/08/2026 17:56,29/08/2026 18:03,7,1.13,2.54,cb
TR2608290044165,CL100464,EN00435,trottinette,Lille,ST1040,ST1040,2026-08-29 17:57:43,2026-08-29 18:13:43,16,5.04,4.52,abonnement
TR2608290044166,CL108133,EN00477,trottinette,Lille,ST1043,ST1038,29/08/2026 17:57,2026-08-29 18:25:27,28,4.62,7.16,abonnement
TR2608290044167,CL106007,EN00444,trottinette,Lille,ST1045,ST1042,2026-08-29 17:57:12,2026-08-29 18:18:12,21,6.45,5.62,cb
TR2608290044168,CL101009,EN00496,velo_elec,Lille,ST1046,ST1038,2026-08-29 17:54:21,2026-08-29 18:09:21,15,4.13,4.75,abonnement
TR2608290044169,CL108702,EN00575,trottinette,Grenoble,ST1049,ST1051,2026-08-29 17:50:39,2026-08-29 18:06:39,16,4.75,4.52,cb
TR2608290044170,CL100699,EN00590,velo_elec,Grenoble,ST1056,ST1053,2026-08-29 17:58:55,2026-08-29 18:31:55,33,9.83,9.25,cb
TR2608290044171,CL104456,EN00541,velo_elec,Grenoble,ST1057,ST1048,2026-08-29 17:57:36,29/08/2026 18:00,3,0.84,1.75,cb
TR2608290044172,CL105857,EN00524,velo_elec,Grenoble,ST1057,ST1055,2026-08-29 17:52:27,2026-08-29 17:54:27,2,0.66,1.5,cb
TR2608290044173,CL103190,EN00563,trottinette,Grenoble,ST1058,ST1055,2026-08-29 18:00:10,2026-08-29 18:05:10,5,1.57,2.1,
TR2608290044174,CL106471,EN00192,velo_elec,Lyon,ST1002,ST1003,2026-08-29 18:08:02,29/08/2026 18:12,4,1.3,2.0,cb
TR2608290044175,CL102796,EN00168,velo_elec,Lyon,ST1002,ST1012,2026-08-29 18:12:41,2026-08-29 18:16:41,4,1.01,2.0,abonnement
TR2608290044176,CL105479,EN00173,velo_elec,Lyon,ST1007,ST1014,1788020061,2026-08-29 18:31:21,17,5.47,5.25,cb
TR2608290044177,CL105810,EN00115,velo_elec,Lyon,ST1009,ST1011,29/08/2026 18:04,1788019917,7,1.48,2.75,abonnement
TR2608290044178,CL108028,EN00014,velo_elec,Lyon,ST1009,ST1005,2026-08-29 18:11:21,2026-08-29 18:14:21,3,0.83,1.75,paypal
TR2608290044179,CL105899,EN00186,trottinette,LYON,ST1011,ST1002,1788019290,29/08/2026 18:21,20,4.17,5.4,
TR2608290044180,CL100113,EN00025,velo_elec,Lyon,ST1013,ST1009,2026-08-29 18:03:00,2026-08-29 18:19:00,16,4.85,5.0,paypal
TR2608290044181,CL102465,EN00112,velo_elec,Lyon,ST1013,ST1007,2026-08-29 18:10:10,,28,4.66,8.0,cb
TR2608290044182,CL107776,EN00018,trottinette,Lyon,ST1014,ST1011,2026-08-29 18:08:04,,9,1.64,2.98,paypal
TR2608290044183,CL104621,EN00013,velo_elec,Lyon,ST1015,ST1011,29/08/2026 18:02,2026-08-29 18:11:25,9,1.78,3.25,abonnement
TR2608290044184,CL105202,EN00074,trottinette,Lyon,ST1016,ST1009,29/08/2026 18:10,1788021026,20,3.06,5.4,cb
TR2608290044185,CL108402,EN00311,trottinette,Nantes,ST1023,ST1023,2026-08-29 18:13:42,29/08/2026 18:23,10,3.24,3.2,cb
TR2608290044186,CL108873,EN00284,trottinette,Nantes,ST1033,ST1028,2026-08-29 18:02:43,2026-08-29 18:09:43,7,1.11,2.54,abonnement
TR2608290044187,CL101934,EN00383,trottinette,LILLE,ST1035,ST1043,2026-08-29 18:05:55,2026-08-29 18:24:55,19,3.59,5.18,cb
TR2608290044188,CL103946,EN00533,velo_elec,Grenoble,ST1049,ST1057,2026-08-29 18:08:48,2026-08-29 18:22:48,14,4.66,4.5,paypal
TR2608290044189,CL106735,EN00532,velo_elec,Grenoble,ST1050,ST1048,2026-08-29 18:01:31,2026-08-29 18:12:31,11,1.67,3.75,paypal
TR2608290044190,CL102775,EN00554,velo_elec,Grenoble,ST1055,ST1048,2026-08-29 18:14:26,2026-08-29 18:41:26,27,5.42,7.75,cb
TR2608290044191,CL103020,EN00509,trottinette,Grenoble,ST1056,ST1056,2026-08-29 18:04:52,2026-08-29 18:12:52,8,1.31,2.76,cb
TR2608290044192,CL103257,EN00553,trottinette,Grenoble ,ST1056,ST1051,29/08/2026 18:03,2026-08-29 18:26:30,23,6.61,6.06,
TR2608290044193,CL107175,EN00123,velo_elec,Lyon,ST1002,ST1007,2026-08-29 18:22:28,2026-08-29 18:27:28,5,1.26,2.25,abonnement
TR2608290044194,CL103852,EN00185,trottinette,Lyon,ST1002,ST1012,2026-08-29 18:29:04,2026-08-29 18:32:04,3,1.04,1.66,abonnement
TR2608290044195,CL103763,EN00192,velo_elec,Lyon,ST1003,ST1012,2026-08-29 18:22:27,2026-08-29 18:43:27,21,3.52,6.25,abonnement
TR2608290044196,CL107986,EN00150,trottinette,Lyon ,ST1005,ST1019,2026-08-29 18:21:47,2026-08-29 18:47:47,26,5.62,6.72,abonnement
TR2608290044197,CL107546,EN00199,velo_elec,Lyon,ST1007,ST1004,2026-08-29 18:21:01,2026-08-29 18:37:01,16,2.91,5.0,cb
TR2608290044198,CL103822,EN00163,trottinette,Lyon,ST1009,ST1015,2026-08-29 18:24:55,2026-08-29 18:27:55,3,0.63,1.66,
TR2608290044199,CL100787,EN00115,velo_elec,Lyon,ST1011,ST1008,2026-08-29 18:23:44,2026-08-29 18:36:44,13,3.47,4.25,abonnement
TR2608290044200,CL102591,EN00078,velo_elec,Lyon,ST1018,ST1011,2026-08-29 18:19:08,,6,1.94,2.5,cb
TR2608290044201,CL100696,EN00164,trottinette,Lyon,ST1019,ST1005,2026-08-29 18:24:25,29/08/2026 18:33,9,2.73,2.98,cb
TR2608290044202,CL105450,EN00187,velo_elec,Lyon,ST1019,ST1016,2026-08-29 18:17:12,2026-08-29 19:00:12,43,14.16,11.75,cb
TR2608290044203,CL106940,EN00270,velo_elec,Nantes,ST1020,ST1032,29/08/2026 18:27,29/08/2026 18:36,9,1.74,3.25,cb
TR2608290044204,CL107750,EN00239,trottinette,Nantes,ST1022,ST1022,2026-08-29 18:25:07,2026-08-29 18:32:07,7,1.08,2.54,cb
TR2608290044205,CL103094,EN00351,trottinette,Nantes,ST1026,ST1026,2026-08-29 18:22:22,2026-08-29 18:56:22,-17,8.21,8.48,abonnement
TR2608290044206,CL103898,EN00399,trottinette, Lille,ST1034,ST1034,2026-08-29 18:18:06,2026-08-29 18:43:06,25,7.6,6.5,cb
TR2608290044207,CL100165,EN00470,trottinette,Lille,ST1037,ST1036,2026-08-29 18:21:14,1788021554,18,5.42,4.96,cb
TR2608290044208,CL104467,EN00428,velo_elec,Lille,ST1040,ST1047,2026-08-29 18:29:10,2026-08-29 18:37:10,8,2.77,3.0,paypal
TR2608290044209,CL104145,EN00361,trottinette,Lille,ST1042,ST1041,2026-08-29 18:20:11,2026-08-29 18:26:11,6,1.06,2.32,paypal
TR2608290044210,CL101134,EN00425,velo_elec,Lille,ST1043,ST1036,2026-08-29 18:21:33,29/08/2026 18:28,7,1.14,2.75,cb
TR2608290044211,CL103221,EN00438,trottinette,Lille,ST1047,ST1035,2026-08-29 18:16:53,2026-08-29 18:34:53,18,6.07,4.96,cb
TR2608290044212,CL107397,EN00532,velo_elec,Grenoble,ST1048,ST1058,2026-08-29 18:28:33,2026-08-29 18:35:33,7,1.93,2.75,cb
TR2608290044213,CL100429,EN00073,velo_elec,Lyon,ST1001,ST1010,29/08/2026 18:44,2026-08-29 18:53:03,9,2.44,3.25,paypal
TR2608290044214,CL104307,EN00061,trottinette,Lyon,ST1006,ST1019,2026-08-29 18:36:33,2026-08-29 18:47:33,11,2.44,3.42,abonnement
TR2608290044215,CL107641,EN00074,trottinette,Lyon,ST1009,ST1004,2026-08-29 18:37:36,29/08/2026 18:55,18,4.34,4.96,cb
TR2608290044216,CL106483,EN00179,trottinette,Lyon,ST1009,ST1016,2026-08-29 18:38:09,29/08/2026 18:49,11,2.31,3.42,abonnement
TR2608290044217,CL107844,EN00100,velo_elec,Lyon,ST1013,ST1011,2026-08-29 18:36:30,2026-08-29 18:42:30,6,1.77,2.5,cb
TR2608290044218,CL106833,EN00001,velo_elec,Lyon,ST1015,ST1002,2026-08-29 18:41:26,2026-08-29 18:48:26,7,1.5,2.75,cb
TR2608290044219,CL105807,EN00041,velo_elec,Lyon,ST1019,ST1011,2026-08-29 18:38:30,2026-08-29 18:44:30,6,0.99,2.5,abonnement
TR2608290044220,CL101160,EN00261,trottinette,Nantes,ST1025,ST1026,29/08/2026 18:43,2026-08-29 18:48:26,5,0.81,2.1,abonnement
TR2608290044221,CL105196,EN00360,trottinette,Nantes,ST1025,ST1024,2026-08-29 18:31:45,2026-08-29 18:53:45,22,5.04,5.84,abonnement
TR2608290044222,CL106860,EN00304,velo_elec,NANTES,ST1030,ST1033,2026-08-29 18:34:49,2026-08-29 19:04:49,30,4.76,8.5,abonnement
TR2608290044223,CL107216,EN00349,velo_elec,Nantes,ST1031,ST1030,29/08/2026 18:39,2026-08-29 18:43:34,4,0.96,2.0,cb
TR2608290044224,CL100381,EN00441,velo_elec,Lille,ST1036,ST1040,2026-08-29 18:35:54,1788021954,10,2.64,3.5,paypal
TR2608290044225,CL100519,EN00467,velo_elec,Lille,ST1036,ST1042,1788021549,,16,4.99,5.0,cb
TR2608290044226,CL101479,EN00375,trottinette,Lille,ST1037,ST1038,2026-08-29 18:40:10,2026-08-29 18:53:10,13,4.15,3.86,paypal
TR2608290044227,CL105949,EN00456,trottinette,Lille,ST1042,ST1046,2026-08-29 18:30:22,2026-08-29 19:03:22,33,7.27,8.26,paypal
TR2608290044228,CL103671,EN00444,trottinette,Lille,ST1042,ST1041,29/08/2026 18:39,2026-08-29 18:47:07,8,1.3,2.76,cb
TR2608290044229,CL103398,EN00479,trottinette,lille,ST1045,ST1042,2026-08-29 18:32:12,2026-08-29 18:41:12,9,1.94,2.98,cb
TR2608290044230,CL107794,EN00488,velo_elec,LILLE,ST1045,ST1046,2026-08-29 18:33:04,2026-08-29 18:40:04,7,1.88,2.75,cb
TR2608290044231,CL107070,EN00440,trottinette,Lille,ST1045,ST1041,2026-08-29 18:45:02,2026-08-29 18:56:02,11,2.23,3.42,cb
TR2608290044232,CL102573,EN00546,trottinette,Grenoble,ST1049,ST1049,2026-08-29 18:44:40,2026-08-29 18:50:40,6,2.02,2.32,cb
TR2608290044233,CL101077,EN00599,trottinette,Grenoble,ST1050,ST1052,2026-08-29 18:34:31,29/08/2026 18:45,11,2.47,3.42,cb
TR2608290044234,CL101421,EN00562,velo,Grenoble,ST1052,ST1053,2026-08-29 18:43:39,2026-08-29 18:49:39,6,1.81,1.9,abonnement
TR2608290044235,CL104913,EN00528,velo_elec,Grenoble,ST1056,ST1056,2026-08-29 18:32:36,29/08/2026 18:53,21,7.08,6.25,abonnement
TR2608290044236,CL101148,EN00533,velo_elec,Grenoble,ST1057,ST1048,2026-08-29 18:46:09,2026-08-29 18:56:09,10,3.41,3.5,paypal
TR2608290044237,CL107054,EN00507,trottinette,Grenoble,ST1058,ST1056,2026-08-29 18:43:35,2026-08-29 18:51:35,8,2.26,2.76,cb
TR2608290044238,CL105162,EN00042,trottinette,Lyon,ST1001,ST1017,2026-08-29 18:58:53,2026-08-29 19:03:53,5,0.9,2.1,cb
TR2608290044239,CL105731,EN00186,trottinette,Lyon,ST1002,ST1013,2026-08-29 18:48:06,2026-08-29 18:50:06,-6,0.67,1.44,cb
TR2608290044240,CL100385,EN00109,trottinette,Lyonn,ST1002,ST1009,,29/08/2026 19:08,7160,2.59,2.76,abonnement
TR2608290044241,CL106386,EN00202,trottinette,Lyon,ST1003,ST1009,2026-08-29 18:48:17,29/08/2026 19:03,15,2.72,4.3,cb
TR2608290044242,CL100404,EN00196,velo_elec,Lyon,ST1006,ST1018,2026-08-29 18:47:08,2026-08-29 18:54:08,7,1.47,2.75,cb
TR2608290044243,CL101142,EN00053,trottinette,Lyon,ST1006,ST1018,,29/08/2026 19:04,13,2.57,3.86,abonnement
TR2608290044244,CL101989,EN00145,trottinette,Lyon,ST1007,ST1011,2026-08-29 19:01:07,1788024427,26,3.99,6.72,cb
TR2608290044245,CL100057,EN00066,trottinette,Lyon,ST1008,ST1010,2026-08-29 18:58:33,2026-08-29 19:26:33,28,5.21,7.16,cb
TR2608290044246,CL101306,EN00025,velo_elec,Lyon,ST1009,ST1003,29/08/2026 18:55,2026-08-29 19:01:39,6,1.16,2.5,cb
TR2608290044247,CL103499,EN00047,velo_elec,Lyon ,ST1012,ST1011,2026-08-29 18:50:19,2026-08-29 18:57:19,7,1.79,2.75,cb
TR2608290044248,CL103745,EN00103,trottinette,Lyon,ST1016,ST1006,1788022440,,6,1.25,2.32,abonnement
TR2608290044249,CL106313,EN00067,velo_elec,Lyon,ST1019,ST1005,2026-08-29 18:53:38,2026-08-29 19:10:38,17,3.12,5.25,cb
TR2608290044250,CL100103,EN00258,trottinette,Nantes,ST1021,ST1025,2026-08-29 18:48:41,29/08/2026 19:07,19,3.86,5.18,abonnement
TR2608290044251,CL100933,EN00313,trottinette,Nantes,ST1022,ST1026,2026-08-29 18:55:42,29/08/2026 19:37,42,7.91,10.24,abonnement
TR2608290044252,CL103202,EN00311,trottinette,Nantes,ST1023,ST1022,2026-08-29 18:57:25,,14,4.12,4.08,cb
TR2608290044253,CL101041,EN00266,velo_elec,Nantes,ST1025,ST1032,29/08/2026 18:56,2026-08-29 19:07:01,11,2.84,3.75,abonnement
TR2608290044254,CL100790,EN00337,trottinette,Nantes,ST1029,ST1031,29/08/2026 19:00,29/08/2026 19:11,11,3.4,3.42,abonnement
TR2608290044255,CL104452,EN00270,velo_elec,Nantes,ST1032,ST1020,,2026-08-29 19:08:45,18,4.35,5.5,cb
TR2608290044256,CL100742,EN00321,velo_elec,Nantes,ST1033,ST1029,2026-08-29 18:51:40,2026-08-29 18:56:40,5,1.75,2.25,paypal
TR2608290044257,CL101184,EN00438,trottinette,Lille,ST1035,ST1041,1788022449,2026-08-29 19:02:09,8,1.24,2.76,cb
TR2608290044258,CL108710,EN00425,velo_elec,Lille,ST1036,ST1043,2026-08-29 18:52:35,2026-08-29 19:04:35,12,4.02,4.0,abonnement
TR2608290044259,CL101009,EN00442,trottinette,Lille,ST1037,ST1035,2026-08-29 18:56:30,29/08/2026 19:18,22,6.98,5.84,cb
TR2608290044260,CL105834,EN00477,trottinette,Lille,ST1038,ST1046,2026-08-29 18:48:09,2026-08-29 18:56:09,8,2.31,2.76,
TR2608290044261,CL100770,EN00441,velo_elec,Lille,ST1040,ST1047,2026-08-29 18:49:26,29/08/2026 19:06,17,2.75,5.25,paypal
TR2608290044262,CL100514,EN00384,trottinette,Lille,ST1041,ST1041,2026-08-29 18:59:24,2026-08-29 19:06:24,7,1.53,2.54,cb
TR2608290044263,CL104921,EN00361,trottinette,Lille,ST1041,ST1036,29/08/2026 18:52,1788022857,8,2.48,2.76,cb
TR2608290044264,CL101097,EN00479,trottinette,Lille,ST1042,ST1044,2026-08-29 18:51:17,2026-08-29 18:55:17,4,0.67,1.88,paypal
TR2608290044265,CL103620,EN00387,velo,Lille,ST1042,ST1043,2026-08-29 18:45:56,29/08/2026 19:04,19,5.58,3.85,abonnement
TR2608290044266,CL104356,EN00489,trottinette,Lille,ST1044,ST1044,2026-08-29 18:53:59,2026-08-29 19:05:59,12,2.05,3.64,paypal
TR2608290044267,CL107572,EN00541,velo_elec,grenoble,ST1048,ST1058,29/08/2026 18:51,2026-08-29 18:58:46,7,2.42,2.75,cb
TR2608290044268,CL101564,EN00509,trottinette,Grenoble,ST1056,ST1058,2026-08-29 19:00:50,29/08/2026 19:10,10,1.53,3.2,
TR2608290044269,CL108477,EN00532,velo_elec,Grenoble,ST1058,ST1052,2026-08-29 18:57:45,2026-08-29 19:30:45,33,10.85,9.25,cb
TR2608290044270,CL103766,EN00103,trottinette,Lyon,ST1006,ST1001,1788023361,2026-08-29 19:19:21,10,2.31,3.2,paypal
TR2608290044271,CL108682,EN00162,velo_elec,Lyon,ST1018,ST1018,2026-08-29 19:13:42,2026-08-29 19:28:42,15,4.1,4.75,cb
TR2608290044272,CL103785,EN00282,velo,NANTES,ST1020,ST1031,2026-08-29 19:01:03,29/08/2026 19:12,11,3.53,2.65,abonnement
TR2608290044273,CL100073,EN00284,trottinette,Nantes,ST1028,ST1027,29/08/2026 19:12,2026-08-29 19:23:54,11,3.82,3.42,cb
TR2608290044274,CL104845,EN00349,velo_elec,Nantes,ST1030,ST1028,1788023309,29/08/2026 19:14,6,0.95,2.5,cb
TR2608290044275,CL108632,EN00255,velo,Nantes,ST1032,ST1026,29/08/2026 19:13,2026-08-29 19:28:13,15,2.83,3.25,paypal
TR2608290044276,CL108299,EN00357,trottinette,Nantes,ST1033,ST1029,2026-08-29 19:02:54,2026-08-29 19:40:54,38,12.23,9.36,abonnement
TR2608290044277,CL103544,EN00493,velo_elec,Lille,ST1039,ST1047,2026-08-29 19:09:09,2026-08-29 19:30:09,21,3.62,6.25,cb
TR2608290044278,CL102853,EN00472,velo_elec,Lille,ST1039,ST1039,1788023057,2026-08-29 19:14:17,10,1.6,3.5,paypal
TR2608290044279,CL105708,EN00430,velo_elec,Lille,ST1039,ST1040,2026-08-29 19:02:45,2026-08-29 19:07:45,5,1.43,2.25,cb
TR2608290044280,CL101775,EN00449,trottinette,Lille,ST1045,ST1047,2026-08-29 19:11:32,2026-08-29 19:18:32,7,2.05,2.54,abonnement
TR2608290044281,CL101577,EN00477,trottinette,Lille,ST1046,ST1044,2026-08-29 19:01:20,2026-08-29 19:08:20,7,2.2,2.54,cb
TR2608290044282,CL101943,EN00370,velo_elec,Lille,ST1046,ST1043,1788022976,2026-08-29 19:16:56,14,2.64,4.5,abonnement
TR2608290044283,CL106117,EN00428,velo_elec,Lille,ST1047,ST1043,29/08/2026 19:03,1788023683,11,2.49,3.75,
TR2608290044284,CL106059,EN00541,velo_elec,Grenoble,ST1058,ST1051,2026-08-29 19:14:17,2026-08-29 19:22:17,8,1.55,3.0,cb
TR2608290044285,CL105585,EN00025,velo_elec,Lyon,ST1003,ST1005,2026-08-29 19:20:08,2026-08-29 19:35:08,15,3.74,4.75,cb
TR2608290044286,CL101540,EN00074,trottinette,Lyon,ST1004,ST1006,29/08/2026 19:18,2026-08-29 19:26:46,8,2.17,2.76,abonnement
TR2608290044287,CL108633,EN00014,velo_elec,Lyonn,ST1005,ST1016,1788024329,2026-08-29 19:41:29,16,2.93,5.0,cb
TR2608290044288,CL100502,EN00201,velo_elec,Lyon,ST1006,ST1012,2026-08-29 19:15:49,2026-08-29 19:31:49,16,4.03,5.0,abonnement
TR2608290044289,CL107282,EN00141,velo_elec,Lyon,ST1008,ST1015,2026-08-29 19:22:08,29/08/2026 19:37,15,2.79,4.75,abonnement
TR2608290044290,CL107613,EN00186,trottinette,Lyon,ST1013,ST1011,2026-08-29 19:27:46,1788025006,9,1.53,2.98,abonnement
TR2608290044291,CL102227,EN00163,trottinette,Lyon,ST1015,ST1003,2026-08-29 19:28:08,2026-08-29 19:45:08,17,4.37,4.74,cb
TR2608290044292,CL107200,EN00181,velo_elec,Lyon,ST1016,ST1003,2026-08-29 19:29:40,2026-08-29 19:35:40,6,1.05,2.5,cb
TR2608290044293,CL106651,EN00179,trottinette,Lyonn,ST1016,ST1019,,2026-08-29 19:22:40,4,1.28,1.88,cb
TR2608290044294,CL107163,EN00042,trottinette,Lyonn,ST1017,ST1016,2026-08-29 19:22:24,1788025044,15,2.9,4.3,cb
TR2608290044295,CL102260,EN00196,velo_elec,Lyon,ST1018,ST1005,2026-08-29 19:22:32,2026-08-29 19:53:32,31,9.26,8.75,abonnement
TR2608290044296,CL103133,EN00150,trottinette,LYON,ST1019,ST1009,29/08/2026 19:17,2026-08-29 19:24:51,7,1.26,,cb
TR2608290044297,CL108729,EN00221,velo_elec,Nante,ST1023,ST1028,2026-08-29 19:31:02,2026-08-29 19:57:02,26,7.22,7.5,cb
TR2608290044298,CL105065,EN00337,trottinette,Nantes,ST1031,ST1033,2026-08-29 19:19:24,2026-08-29 20:01:24,42,12.1,10.24,abonnement
TR2608290044299,CL103357,EN00426,trottinette,Lille,ST1034,ST1044,29/08/2026 19:24,2026-08-29 19:31:49,7,2.17,2.54,abonnement
TR2608290044300,CL106108,EN00428,velo_elec,Lille,ST1043,ST1040,2026-08-29 19:18:44,2026-08-29 20:17:44,59,14.74,15.75,cb
TR2608290044301,CL103365,EN00383,trottinette,Lille,ST1043,ST1044,2026-08-29 19:19:18,2026-08-29 19:33:18,14,3.94,4.08,cb
TR2608290044302,CL103718,EN00382,trottinette,Lille,ST1045,ST1045,1788024583,1788025123,9,2.3,2.98,cb
TR2608290044303,CL105345,EN00414,velo_elec,Lille,ST1046,ST1036,2026-08-29 19:19:01,2026-08-29 19:38:01,19,5.52,5.75,abonnement
TR2608290044304,CL103473,EN00531,trottinette,Grenoble,ST1054,ST1056,2026-08-29 19:19:10,2026-08-29 19:35:10,16,3.68,4.52,paypal
TR2608290044305,CL107858,EN00523,velo_elec,Grenoble ,ST1054,ST1048,29/08/2026 19:16,29/08/2026 19:28,12,3.28,4.0,cb
TR2608290044306,CL106240,EN00001,velo_elec,Lyon,ST1002,ST1018,2026-08-29 19:37:40,2026-08-29 19:52:40,15,3.06,4.75,paypal
TR2608290044307,CL106682,EN00128,velo,Lyon,ST1003,ST1018,,2026-08-29 19:55:43,15,2.32,3.25,paypal
TR2608290044308,CL105429,EN00153,velo_elec,Lyon,ST1004,ST1016,29/08/2026 19:32,2026-08-29 19:45:34,13,3.23,4.25,cb
TR2608290044309,CL105787,EN00164,trottinette,Lyon,ST1005,ST1014,29/08/2026 19:38,2026-08-29 20:24:17,46,8.12,,
TR2608290044310,CL106399,EN00074,trottinette,Lyon,ST1006,ST1014,2026-08-29 19:44:43,2026-08-29 19:55:43,11,3.02,3.42,abonnement
TR2608290044311,CL105392,EN00021,trottinette,Lyon,ST1006,ST1005,,2026-08-29 19:50:08,10,2.09,3.2,cb
TR2608290044312,CL103609,EN00078,velo_elec,Lyon,ST1011,ST1004,2026-08-29 19:33:23,2026-08-29 19:40:23,7,2.17,2.75,cb
TR2608290044313,CL107274,EN00168,velo_elec,Lyon,ST1012,ST1002,29/08/2026 19:41,2026-08-29 19:45:41,4,0.73,2.0,cb
TR2608290044314,CL106104,EN00205,trottinette,Lyon,ST1014,ST1010,2026-08-29 19:37:40,2026-08-29 19:46:40,9,2.38,2.98,cb
TR2608290044315,CL105619,EN00057,velo_elec,Lyon ,ST1015,ST1015,2026-08-29 19:35:42,2026-08-29 19:42:42,7,1.36,2.75,
TR2608290044316,CL106121,EN00187,velo_elec,Lyon,ST1016,ST1018,2026-08-29 19:30:51,1788024891,4,1.2,2.0,cb
TR2608290044317,CL105753,EN00092,trottinette,lyon,ST1017,ST1007,2026-08-29 19:41:29,2026-08-29 20:13:29,32,5.18,8.04,cb
TR2608290044318,CL106819,EN00162,velo_elec,Lyon,ST1018,ST1008,1788025481,29/08/2026 19:48,4,1.3,2.0,abonnement
TR2608290044319,CL105790,EN00392,velo_elec,Lille,ST1035,ST1041,1788025474,2026-08-29 19:47:34,3,0.89,1.75,cb
TR2608290044320,CL103914,EN00467,velo_elec,Lille,ST1042,ST1043,1788025156,,44,7.39,12.0,abonnement
TR2608290044321,CL107601,EN00369,velo,Lille,ST1042,ST1038,2026-08-29 19:31:57,2026-08-29 20:00:57,29,5.12,5.35,cb
TR2608290044322,CL106224,EN00436,velo,Lille,ST1042,ST1038,1788025055,1788026135,18,3.3,3.7,cb
TR2608290044323,CL108329,EN00489,trottinette,Lille,ST1044,ST1043,29/08/2026 19:37,2026-08-29 19:41:37,4,0.99,1.88,cb
TR2608290044324,CL101060,EN00450,trottinette,Lille,ST1046,ST1036,2026-08-29 19:38:07,2026-08-29 19:42:07,4,0.73,1.88,paypal
TR2608290044325,CL106329,EN00163,trottinette,Lyon,ST1003,ST1007,2026-08-29 19:53:34,2026-08-29 20:11:34,18,4.42,4.96,cb
TR2608290044326,CL106088,EN00131,trottinette,Lyon,ST1006,ST1013,2026-08-29 19:53:17,29/08/2026 20:01,8,2.71,2.76,cb
TR2608290044327,CL100323,EN00093,velo_elec,Lyon,ST1008,ST1016,29/08/2026 19:59,2026-08-29 20:08:42,9,1.72,3.25,cb
TR2608290044328,CL103992,EN00189,trottinette,Lyon,ST1010,ST9095,29/08/2026 19:47,2026-08-29 19:55:49,8,2.0,2.76,cb
TR2608290044329,CL108724,EN00047,velo_elec,Lyon,ST1011,ST1004,2026-08-29 20:00:17,29/08/2026 20:10,10,3.42,3.5,cb
TR2608290044330,CL102908,EN00141,velo_elec,Lyon,ST1015,ST1017,2026-08-29 19:49:55,2026-08-29 20:11:55,22,7.29,6.5,cb
TR2608290044331,CL103701,EN00014,velo_elec,Lyon,ST1016,ST1018,2026-08-29 19:57:32,2026-08-29 20:07:32,10,2.78,3.5,cb
TR2608290044332,CL104211,EN00244,trottinette,Nantes,ST1021,ST1027,1788025682,2026-08-29 19:50:02,2,0.48,1.44,abonnement
TR2608290044333,CL100279,EN00284,trottinette,Nantes,ST1027,ST1028,2026-08-29 19:57:17,29/08/2026 20:07,10,2.01,3.2,cb
TR2608290044334,CL107059,EN00250,velo_elec,Nantes,ST1029,ST1025,2026-08-29 19:50:11,29/08/2026 19:58,8,2.72,3.0,abonnement
TR2608290044335,CL107213,EN00266,velo_elec,Nantes,ST1032,ST1025,2026-08-29 19:54:40,2026-08-29 20:07:40,13,2.91,4.25,cb
TR2608290044336,CL105783,EN00462,velo_elec,Lille,ST1034,ST1038,2026-08-29 19:47:50,2026-08-29 19:55:50,8,2.72,3.0,cb
TR2608290044337,CL104020,EN00409,trottinette,Lille,ST1036,ST1044,2026-08-29 19:48:44,2026-08-29 20:40:44,52,13.55,12.44,cb
TR2608290044338,CL101134,EN00452,velo,Lille,ST1037,ST1042,2026-08-29 19:58:20,2026-08-29 20:17:20,19,4.38,3.85,
TR2608290044339,CL103995,EN00472,velo_elec,Lille,ST1039,ST1046,2026-08-29 19:47:04,2026-08-29 19:50:04,3,0.64,1.75,cb
TR2608290044340,CL108797,EN00379,velo_elec,Lille,ST1040,ST1037,29/08/2026 19:55,2026-08-29 20:10:16,15,3.46,4.75,cb
TR2608290044341,CL100237,EN00435,trottinette,Lille,ST1040,ST1037,29/08/2026 19:57,2026-08-29 20:18:12,21,6.93,5.62,cb
TR2608290044342,CL107146,EN00427,trottinette,Lille,ST1040,ST1046,2026-08-29 19:56:38,2026-08-29 20:05:38,9,2.66,2.98,paypal
TR2608290044343,CL108609,EN00477,trottinette,lille,ST1044,ST1034,2026-08-29 19:51:52,2026-08-29 19:59:52,8,1.3,2.76,abonnement
TR2608290044344,CL100541,EN00408,velo_elec,Lille,ST1046,ST1035,2026-08-29 19:56:32,2026-08-29 20:04:32,8,2.38,3.0,cb
TR2608290044345,CL104564,EN00532,velo_elec,grenoble,ST1052,ST1054,2026-08-29 19:59:38,2026-08-29 20:14:38,15,5.02,4.75,cb
TR2608290044346,CL104202,EN00590,velo_elec,Grenoble,ST1053,ST1050,29/08/2026 19:50,29/08/2026 20:03,13,4.1,4.25,cb
TR2608290044347,CL100754,EN00516,velo_elec,Grenoble,ST1058,ST1052,1788026018,2026-08-29 20:04:38,11,2.58,3.75,cb
TR2608290044348,CL100842,EN00190,trottinette,Lyon,ST1007,ST1016,2026-08-29 20:01:42,2026-08-29 20:11:42,10,3.28,3.2,cb
TR2608290044349,CL102717,EN00132,trottinette,Lyon,ST1008,ST1010,2026-08-29 20:06:42,2026-08-29 20:34:42,28,6.13,7.16,cb
TR2608290044350,CL108202,EN00202,trottinette,Lyon,ST1009,ST1016,2026-08-29 20:05:18,2026-08-29 20:10:18,5,1.52,2.1,cb
TR2608290044351,CL106496,EN00018,trottinette,Lyon,ST1011,ST1013,2026-08-29 20:02:14,1788029174,44,13.47,10.68,cb
TR2608290044352,CL105329,EN00096,velo_elec,Lyon,ST1013,ST1003,2026-08-29 20:03:41,2026-08-29 20:23:41,20,3.41,6.0,cb
TR2608290044353,CL108184,EN00001,velo_elec,Lyon,ST1018,ST1003,2026-08-29 20:02:27,29/08/2026 20:13,11,2.57,3.75,cb
TR2608290044354,CL106753,EN00189,trottinette,Lyon,ST1019,ST1018,2026-08-29 20:13:39,2026-08-29 20:28:39,15,3.39,4.3,cb
TR2608290044355,CL104403,EN00447,velo,Lille,ST1039,ST1037,2026-08-29 20:07:52,2026-08-29 20:23:52,16,5.13,3.4,cb
TR2608290044356,CL103606,EN00533,velo_elec,Grenoble,ST1048,ST1052,2026-08-29 20:13:48,29/08/2026 21:12,59,19.97,15.75,cb
TR2608290044357,CL103435,EN00530,velo_elec,Grenoble,ST1053,ST1051,2026-08-29 20:15:11,,17,4.45,5.25,abonnement
TR2608290044358,CL108349,EN00578,velo_elec,Grenoble,ST1053,ST1054,2026-08-29 20:03:59,2026-08-29 20:12:59,9,2.17,3.25,cb
TR2608290044359,CL107302,EN00582,trottinette,Grenoble,ST1057,ST1050,2026-08-29 20:01:26,2026-08-29 20:13:26,12,2.04,3.64,abonnement
TR2608290044360,CL102029,EN00035,velo_elec,Lyon,ST1001,ST1001,2026-08-29 20:28:57,2026-08-29 20:41:57,13,3.83,4.25,cb
TR2608290044361,CL101410,EN00078,velo_elec,Lyon,ST1004,ST1019,2026-08-29 20:21:41,2026-08-29 20:54:41,33,7.44,9.25,cb
TR2608290044362,CL106825,EN00162,velo_elec,Lyon,ST1008,ST1009,29/08/2026 20:17,2026-08-29 20:28:16,11,3.84,3.75,cb
TR2608290044363,CL106033,EN00105,velo_elec,Lyon,ST1008,ST1001,2026-08-29 20:22:09,29/08/2026 20:45,23,4.55,6.75,cb
TR2608290044364,CL107398,EN00477,trottinette,Lille,ST1034,ST1045,2026-08-29 20:29:18,2026-08-29 20:31:18,2,0.54,1.44,abonnement
TR2608290044365,CL108243,EN00361,trottinette,Lille,ST1036,ST1037,2026-08-29 20:16:42,2026-08-29 20:31:42,15,4.37,4.3,abonnement
TR2608290044366,CL105527,EN00480,velo_elec,Lille,ST1040,ST1044,2026-08-29 20:24:58,2026-08-29 20:41:58,17,4.22,5.25,abonnement
TR2608290044367,CL105495,EN00426,trottinette,Lille,ST1044,ST1036,2026-08-29 20:25:26,2026-08-29 20:35:26,10,1.52,3.2,paypal
TR2608290044368,CL106827,EN00441,velo_elec,Lille,ST1047,ST1039,2026-08-29 20:15:46,2026-08-29 20:27:46,12,2.7,4.0,abonnement
TR2608290044369,CL104475,EN00493,velo_elec, Lille,ST1047,ST1044,2026-08-29 20:24:49,2026-08-29 20:48:49,24,6.86,7.0,paypal
TR2608290044370,CL103573,EN00546,trottinette,Grenoble,ST1049,ST1057,2026-08-29 20:23:35,29/08/2026 20:31,8,2.49,2.76,cb
TR2608290044371,CL105995,EN00168,velo_elec,Lyon,ST1002,ST1013,2026-08-29 20:31:47,,12,2.05,4.0,cb
TR2608290044372,CL108659,EN00102,velo_elec,Lyon,ST1004,ST1002,2026-08-29 20:41:33,2026-08-29 20:51:33,10,2.25,3.5,cb
TR2608290044373,CL108079,EN00034,velo_elec,Lyon,ST1007,ST1014,2026-08-29 20:44:06,2026-08-29 20:58:06,14,2.65,4.5,cb
TR2608290044374,CL108263,EN00173,velo_elec,Lyon ,ST1014,ST1013,2026-08-29 20:41:33,2026-08-29 20:55:33,14,2.62,4.5,cb
TR2608290044375,CL106005,EN00141,velo_elec,Lyon,ST1017,ST1014,2026-08-29 20:41:23,2026-08-29 20:50:23,9,1.82,3.25,cb
TR2608290044376,CL104501,EN00239,trottinette,Nantes,ST1022,ST1025,2026-08-29 20:41:38,29/08/2026 20:47,6,2.01,2.32,cb
TR2608290044377,CL108625,EN00379,velo_elec,Lille,ST1037,ST1035,2026-08-29 20:40:16,2026-08-29 20:52:16,12,4.02,4.0,
TR2608290044378,CL102794,EN00441,velo_elec,Lille,ST1039,ST1047,2026-08-29 20:36:11,2026-08-29 20:54:11,18,6.13,5.5,cb
TR2608290044379,CL105799,EN00489,trottinette,Lille,ST1043,ST1034,29/08/2026 20:34,2026-08-29 20:41:17,7,2.23,2.54,abonnement
TR2608290044380,CL106170,EN00383,trottinette,Lille,ST1044,ST1034,2026-08-29 20:43:53,2026-08-29 20:50:53,7,1.98,2.54,paypal
TR2608290044381,CL104362,EN00449,trottinette,Lille,ST1047,ST1040,2026-08-29 20:35:09,2026-08-29 20:46:09,11,3.25,3.42,abonnement
TR2608290044382,CL107336,EN00554,velo_elec,Grenoble,ST1048,ST1057,2026-08-29 20:34:27,2026-08-29 20:50:27,16,4.03,5.0,
TR2608290044383,CL107884,EN00575,trottinette,grenoble,ST1051,ST1054,1788029069,2026-08-29 20:59:29,15,4.22,4.3,cb
TR2608290044384,CL107316,EN00001,velo_elec,Lyon,ST1003,ST1004,29/08/2026 20:53,2026-08-29 21:05:30,12,1.89,4.0,cb
TR2608290044385,CL108828,EN00181,velo_elec,Lyon,ST1003,ST1006,2026-08-29 20:47:24,2026-08-29 20:58:24,11,1.66,3.75,cb
TR2608290044386,CL107755,EN00115,velo_elec,Lyon,ST1008,ST1009,2026-08-29 20:58:52,2026-08-29 21:19:52,21,5.11,6.25,cb
TR2608290044387,CL108916,EN00145,trottinette,Lyon,ST1011,ST1003,2026-08-29 20:59:36,2026-08-29 21:12:36,13,2.78,3.86,abonnement
TR2608290044388,CL102137,EN00264,trottinette,Nantes,ST1030,ST1030,2026-08-29 20:59:51,2026-08-29 21:12:51,13,2.96,3.86,abonnement
TR2608290044389,CL102066,EN00489,trottinette,Lille,ST1034,ST1037,2026-08-29 20:46:39,2026-08-29 21:06:39,20,5.21,5.4,cb
TR2608290044390,CL102441,EN00442,trottinette,LILLE,ST1035,ST1039,2026-08-29 20:46:11,29/08/2026 20:58,12,2.4,3.64,abonnement
TR2608290044391,CL102570,EN00462,velo_elec,Lille,ST1038,ST1034,29/08/2026 20:54,2026-08-29 21:01:15,7,1.8,2.75,paypal
TR2608290044392,CL106273,EN00452,velo,Lille,ST1042,ST1045,29/08/2026 20:58,29/08/2026 21:02,4,0.65,1.6,cb
TR2608290044393,CL106714,EN00585,velo_elec,Grenoble,ST1048,ST1056,,1788030466,9,1.41,3.25,cb
TR2608290044394,CL102581,EN00025,velo_elec,Lyon,ST1005,ST1010,2026-08-29 21:04:10,1788030730,8,2.3,3.0,abonnement
TR2608290044395,CL108378,EN00006,trottinette,Lyon,ST1008,ST1010,2026-08-29 21:12:48,2026-08-29 21:22:48,10,1.55,3.2,
TR2608290044396,CL106159,EN00132,trottinette,lyon,ST1010,ST1010,2026-08-29 21:13:16,2026-08-29 21:28:16,15,3.79,4.3,cb
TR2608290044397,CL108932,EN00100,velo_elec,Lyon,ST1011,ST1019,2026-08-29 21:08:40,29/08/2026 21:13,5,0.93,2.25,cb
TR2608290044398,CL104998,EN00186,trottinette,Lyon,ST1011,ST1018,1788030845,2026-08-29 21:22:05,8,1.65,2.76,cb
TR2608290044399,CL102797,EN00044,trottinette,Lyon,ST1013,ST1004,2026-08-29 21:14:54,2026-08-29 21:24:54,10,2.95,3.2,paypal
TR2608290044400,CL103323,EN00164,trottinette,LYON,ST1014,ST1003,2026-08-29 21:09:40,2026-08-29 21:43:40,34,7.85,8.48,paypal
TR2608290044401,CL102062,EN00286,velo_elec,Nantes,ST1030,ST1023,2026-08-29 21:00:48,2026-08-29 21:13:48,13,2.31,4.25,cb
TR2608290044402,CL105801,EN00399,trottinette,Lille,ST1034,ST1035,29/08/2026 21:00,2026-08-29 21:08:57,-25,1.5,2.76,abonnement
TR2608290044403,CL100693,EN00379,velo_elec,Lille,ST1035,ST1042,2026-08-29 21:12:02,1788031382,11,2.09,3.75,cb
TR2608290044404,CL108167,EN00426,trottinette,Lille,ST1036,ST1035,2026-08-29 21:11:40,2026-08-29 22:02:40,51,12.7,12.22,abonnement
TR2608290044405,CL100937,EN00406,velo_elec,Lille,ST1038,ST1043,2026-08-29 21:02:29,2026-08-29 21:14:29,12,3.12,4.0,cb
TR2608290044406,CL104945,EN00516,velo_elec,Grenoble,ST1052,ST1052,2026-08-29 21:09:22,2026-08-29 21:15:22,6,1.07,2.5,
TR2608290044407,CL104922,EN00567,velo_elec,Grenoble,ST1058,ST1054,29/08/2026 21:08,2026-08-29 21:16:03,8,1.39,3.0,cb
TR2608290044408,CL103137,EN00021,trottinette,Lyon,ST1005,ST1015,2026-08-29 21:15:34,29/08/2026 21:25,10,3.22,3.2,cb
TR2608290044409,CL108708,EN00092,trottinette,Lyon,ST1007,ST1014,2026-08-29 21:22:58,2026-08-29 21:27:58,5,1.29,2.1,cb
TR2608290044410,CL101894,EN00173,velo_elec,Lyon,ST1013,ST1016,2026-08-29 21:23:00,2026-08-29 21:52:00,29,5.92,8.25,cb
TR2608290044411,CL105887,EN00304,velo_elec,Nantes,ST1033,ST1028,2026-08-29 21:24:46,2026-08-29 21:30:46,6,1.94,2.5,cb
TR2608290044412,CL101577,EN00450,trottinette,Lille,ST1036,ST1034,2026-08-29 21:28:27,29/08/2026 21:46,18,5.43,4.96,cb
TR2608290044413,CL101352,EN00423,velo_elec,Lille,ST1038,ST1047,2026-08-29 21:28:15,29/08/2026 21:40,12,3.91,4.0,cb
TR2608290044414,CL101937,EN00444,trottinette,Lille,ST1041,ST1038,1788031561,2026-08-29 21:29:01,3,0.93,1.66,cb
TR2608290044415,CL103573,EN00590,velo_elec,Grenoble,ST1050,ST1055,29/08/2026 21:22,29/08/2026 21:53,31,8.61,8.75,cb
TR2608290044416,CL106947,EN00533,velo_elec,Grenoble,ST1052,ST1055,29/08/2026 21:17,2026-08-29 21:23:37,6,1.53,2.5,cb
TR2608290044417,CL106021,EN00575,trottinette,Grenoble,ST1054,ST1051,1788031796,,5,1.57,2.1,cb
TR2608290044418,CL108576,EN00163,trottinette,LYON,ST1007,ST1016,2026-08-29 21:32:36,29/08/2026 22:02,30,10.14,7.6,abonnement
TR2608290044419,CL104820,EN00123,velo_elec,Lyon,ST1007,ST1003,2026-08-29 21:40:00,2026-08-29 21:59:00,19,3.16,5.75,cb
TR2608290044420,CL106242,EN00208,velo_elec,Lyon,ST1008,ST1007,29/08/2026 21:35,1788033333,20,3.81,6.0,abonnement
TR2608290044421,CL100483,EN00093,velo_elec,Lyon,ST1016,ST1003,2026-08-29 21:32:22,2026-08-29 21:42:22,10,3.37,3.5,paypal
TR2608290044422,CL104361,EN00229,trottinette,nantes,ST1029,ST1022,1788031935,29/08/2026 21:45,13,2.57,3.86,cb
TR2608290044423,CL105561,EN00373,velo_elec,Lille,ST1034,ST1040,2026-08-29 21:41:21,29/08/2026 22:15,34,7.8,9.5,cb
TR2608290044424,CL102587,EN00399,trottinette,Lille,ST1035,ST1047,2026-08-29 21:40:19,2026-08-29 21:47:19,7,1.76,2.54,abonnement
TR2608290044425,CL102170,EN00384,trottinette,Lille,ST1041,ST1040,2026-08-29 21:38:59,2026-08-29 21:53:59,15,3.72,4.3,abonnement
TR2608290044426,CL104315,EN00578,velo_elec,Grenoble,ST1054,ST1055,2026-08-29 21:39:39,1788033819,24,4.77,7.0,cb
TR2608290044427,CL107543,EN00508,trottinette,Grenoble,ST1055,ST1050,2026-08-29 21:34:57,29/08/2026 21:42,8,2.23,2.76,cb
TR2608290044428,CL108366,EN00565,trottinette,Grenoble,ST1058,ST1049,2026-08-29 21:35:41,2026-08-29 22:03:41,28,8.37,7.16,cb
TR2608290044429,CL102910,EN00520,velo_elec,Grenoble,ST1058,ST1048,2026-08-29 21:38:54,2026-08-29 23:08:54,90,31.37,23.5,paypal
TR2608290044430,CL108333,EN00102,velo_elec,Lyon,ST1002,ST1010,2026-08-29 21:52:45,2026-08-29 22:07:45,15,3.88,4.75,cb
TR2608290044431,CL104689,EN00198,velo_elec,Lyon,ST1006,ST1011,2026-08-29 21:57:27,29/08/2026 22:12,15,3.98,4.75,cb
TR2608290044432,CL102737,EN00112,velo_elec,Lyon,ST1007,ST1018,2026-08-29 21:53:13,2026-08-29 22:07:13,14,2.48,4.5,paypal
TR2608290044433,CL100955,EN00073,velo_elec,Lyon,ST1010,ST1004,29/08/2026 21:55,2026-08-29 22:05:41,10,1.9,3.5,cb
TR2608290044434,CL104192,EN00057,velo_elec,Lyon,ST1015,ST1016,1788033040,2026-08-29 22:27:40,37,12.64,10.25,cb
TR2608290044435,CL103602,EN00189,trottinette,Lyon,ST1018,ST1017,2026-08-29 21:46:00,2026-08-29 21:51:00,5,1.52,2.1,cb
TR2608290044436,CL100872,EN00286,velo_elec,Nantes,ST1023,ST1032,2026-08-29 21:53:01,2026-08-29 22:02:01,9,3.0,3.25,paypal
TR2608290044437,CL101781,EN00239,trottinette,Nantes,ST1025,ST1031,2026-08-29 21:48:19,2026-08-29 21:54:19,6,1.94,2.32,cb
TR2608290044438,CL101436,EN00293,velo_elec,Nantes,ST1029,ST1027,2026-08-29 21:48:53,2026-08-29 22:02:53,14,3.99,4.5,cb
TR2608290044439,CL103865,EN00442,trottinette,Lille,ST1039,ST1045,1788033620,2026-08-29 22:12:20,12,4.05,3.64,cb
TR2608290044440,CL104117,EN00438,trottinette,Lille,ST1041,ST1040,2026-08-29 21:52:19,2026-08-29 22:00:19,8,2.09,2.76,cb
TR2608290044441,CL103634,EN00443,velo_elec,Lille,ST1041,ST1046,2026-08-29 21:46:31,2026-08-29 21:55:31,9,1.84,3.25,abonnement
TR2608290044442,CL104687,EN00379,velo_elec,Lille,ST1042,ST1042,2026-08-29 21:57:53,2026-08-29 22:03:53,6,0.99,2.5,abonnement
TR2608290044443,CL102596,EN00477,trottinette,Lille,ST1045,ST1037,2026-08-29 21:54:49,1788034129,14,3.94,4.08,paypal
TR2608290044444,CL106916,EN00597,trottinette,Grenoble,ST1048,ST1053,1788033612,2026-08-29 22:23:12,23,5.15,6.06,cb
TR2608290044445,CL103804,EN00567,velo_elec,Grenoble,ST1054,ST1058,2026-08-29 21:53:57,2026-08-29 22:12:57,19,2.95,5.75,cb
TR2608290044446,CL101293,EN00563,trottinette,Grenoble,ST1055,ST1054,2026-08-29 21:49:00,2026-08-29 22:07:00,18,3.15,4.96,cb
TR2608290044447,CL104426,EN00162,velo_elec,Lyon,ST1009,ST1008,2026-08-29 22:03:56,2026-08-29 22:07:56,4,0.95,2.0,cb
TR2608290044448,CL108540,EN00185,trottinette,Lyon,ST1012,ST1011,2026-08-29 22:14:05,29/08/2026 22:30,16,4.91,4.52,cb
TR2608290044449,CL101197,EN00219,velo_elec,Lyon,ST1015,ST1006,2026-08-29 22:12:59,1788034739,6,1.1,2.5,abonnement
TR2608290044450,CL100717,EN00244,trottinette,Nantes,ST1027,ST1025,2026-08-29 22:01:12,2026-08-29 22:13:12,12,3.77,3.64,abonnement
TR2608290044451,CL103816,EN00408,velo_elec,Lille,ST1035,ST1034,2026-08-29 22:15:12,2026-08-29 22:23:12,8,2.56,3.0,cb
TR2608290044452,CL103914,EN00414,velo_elec,Lille,ST1036,ST1044,29/08/2026 22:01,2026-08-29 22:03:55,2,0.32,1.5,cb
TR2608290044453,CL101683,EN00489,trottinette,Lille,ST1037,ST1035,2026-08-29 22:05:35,1788034895,16,2.96,4.52,cb
TR2608290044454,CL108964,EN00537,velo_elec,Grenoble,ST1051,ST1050,2026-08-29 22:13:10,2026-08-29 22:45:10,32,10.43,9.0,cb
TR2608290044455,CL100893,EN00507,trottinette,Grenoble,ST1056,ST1048,2026-08-29 22:11:07,2026-08-29 22:24:07,13,2.09,3.86,cb
TR2608290044456,CL106682,EN00119,trottinette,Lyon,ST1001,ST1007,2026-08-29 22:15:52,2026-08-29 22:30:52,15,4.56,4.3,paypal
TR2608290044457,CL106039,EN00092,trottinette,Lyon,ST1014,ST1016,1788035115,29/08/2026 22:33,8,1.73,2.76,abonnement
TR2608290044458,CL102274,EN00202,trottinette,Lyon,ST1016,ST1007,1788034991,29/08/2026 22:41,18,4.26,4.96,paypal
TR2608290044459,CL100294,EN00178,velo_elec,Lyon,ST1001,ST1013,2026-08-29 22:35:06,2026-08-29 22:45:06,10,1.6,3.5,cb
TR2608290044460,CL100732,EN00093,velo_elec,Lyon,ST1003,ST1006,2026-08-29 22:36:23,29/08/2026 23:05,29,6.81,8.25,paypal
TR2608290044461,CL106475,EN00219,velo_elec,LYON,ST1006,ST1017,2026-08-29 22:43:19,2026-08-29 22:54:19,11,3.02,3.75,cb
TR2608290044462,CL102919,EN00119,trottinette,Lyon,ST1007,ST1001,2026-08-29 22:32:01,2026-08-29 22:44:01,12,1.81,3.64,cb
TR2608290044463,CL103210,EN00162,velo_elec,Lyon,ST1008,ST1011,29/08/2026 22:44,2026-08-29 22:54:25,10,2.6,3.5,cb
TR2608290044464,CL104501,EN00281,velo_elec,Nantes,ST1021,ST1026,2026-08-29 22:31:10,2026-08-29 22:47:10,16,3.44,5.0,abonnement
TR2608290044465,CL108212,EN00462,velo_elec,Lille,ST1034,ST1037,2026-08-29 22:42:01,29/08/2026 22:50,8,2.31,3.0,abonnement
TR2608290044466,CL106516,EN00113,velo_elec,Lyon,ST1002,ST1019,2026-08-29 22:45:51,2026-08-29 23:23:51,38,6.93,10.5,cb
TR2608290044467,CL104808,EN00034,velo_elec,Lyon,ST1014,ST1008,2026-08-29 22:53:51,2026-08-29 22:57:51,4,1.23,2.0,abonnement
TR2608290044468,CL106090,EN00092,trottinette,Lyon,ST1016,ST1003,2026-08-29 22:56:29,29/08/2026 23:18,22,4.13,5.84,cb
TR2608290044469,CL103696,EN00190,trottinette,Lyon,ST1016,ST1003,2026-08-29 23:08:29,2026-08-29 23:22:29,14,3.77,4.08,paypal
TR2608290044470,CL105574,EN00360,trottinette,Nantes,ST1024,ST1023,1788037806,2026-08-29 23:17:06,6378,1.28,2.54,abonnement
TR2608290044471,CL104717,EN00444,trottinette,Lille,ST1038,ST1036,2026-08-29 23:03:49,2026-08-29 23:07:49,4,0.88,1.88,abonnement
TR2608290044472,CL102043,EN00541,velo_elec,Grenoble,ST1051,ST1056,29/08/2026 23:04,29/08/2026 23:13,9,3.0,3.25,cb
TR2608290044473,CL108999,EN00173,velo_elec,Lyon,ST1016,ST1003,2026-08-29 23:16:07,2026-08-29 23:38:07,22,3.39,6.5,abonnement
TR2608290044474,CL104145,EN00477,trottinette,Lille,ST1037,ST1041,2026-08-29 23:25:34,2026-08-29 23:41:34,16,4.84,4.52,abonnement
TR2608290044475,CL106997,EN00379,velo_elec,Lille,ST1042,ST1045,29/08/2026 23:20,2026-08-29 23:25:28,5,1.02,2.25,abonnement
TR2608290044476,CL105544,EN00541,velo_elec,Grenoble,ST1056,ST1058,2026-08-29 23:44:38,2026-08-29 23:51:38,7,1.47,2.75,cb
TR2608290044477,CL101838,EN00508,trottinette,Grenoble,ST1050,ST1053,2026-08-29 23:50:30,1788041010,13,3.23,3.86,cb
