trajet_id,client_id,engin_id,type_engin,ville,station_depart,station_arrivee,debut,fin,duree_min,distance_km,montant_eur,moyen_paiement
TR2609060052261,CL102872,EN00366,trottinette, Lille,ST1038,ST1041,2026-09-06 00:02:11,2026-09-06 00:14:11,12,2.28,3.64,cb
TR2609060052262,CL101502,EN00307,trottinette,Nantes,ST1022,ST1023,2026-09-06 00:23:31,2026-09-06 01:15:31,52,14.02,12.44,abonnement
TR2609060052263,CL107379,EN00531,trottinette,Grenoble,ST1051,ST1049,2026-09-06 00:38:53,2026-09-06 00:40:53,2,0.64,1.44,cb
TR2609060052264,CL103418,EN00086,velo_elec,Lyon,ST1008,ST1009,2026-09-06 01:12:09,06/09/2026 01:17,5,1.53,2.25,cb
TR2609060052265,CL108483,EN00254,velo_elec,Nantes,ST1022,ST1033,06/09/2026 01:12,2026-09-06 01:25:46,13,3.94,4.25,paypal
TR2609060052266,CL101723,EN00039,velo_elec,Lyon,ST1019,ST1015,2026-09-06 01:44:38,2026-09-06 01:56:38,12,1.97,4.0,cb
TR2609060052267,CL100451,EN00593,trottinette,Grenoble ,ST1057,ST1053,1788651860,2026-09-06 01:52:20,8,2.78,2.76,paypal
TR2609060052268,CL107954,EN00112,velo_elec,Lyon,ST1013,ST1002,2026-09-06 01:54:11,2026-09-06 02:01:11,7,2.43,2.75,cb
TR2609060052269,CL101246,EN00354,velo_elec,Nantes,ST1028,ST1024,2026-09-06 01:50:05,2026-09-06 02:05:05,15,4.12,4.75,abonnement
TR2609060052270,CL101521,EN00553,trottinette,Grenoble,ST1058,ST1053,2026-09-06 01:46:07,2026-09-06 01:51:07,5,1.31,2.1,cb
TR2609060052271,CL101747,EN00248,trottinette,Nantes,ST1031,ST1023,1788654407,2026-09-06 02:37:47,11,2.53,3.42,paypal
TR2609060052272,CL108887,EN00475,trottinette,Lille,ST1043,ST1038,06/09/2026 02:33,06/09/2026 02:44,11,2.05,3.42,cb
TR2609060052273,CL105669,EN00551,trottinette,Grenoble,ST1055,ST1056,2026-09-06 03:19:36,1788658056,8,2.71,2.76,cb
TR2609060052274,CL106459,EN00403,trottinette,Lille,ST1044,ST1040,06/09/2026 04:19,2026-09-06 04:34:05,15,4.21,4.3,cb
TR2609060052275,CL103095,EN00412,trottinette,Lille,ST1041,ST1037,2026-09-06 05:06:52,2026-09-06 05:13:52,7,1.89,2.54,cb
TR2609060052276,CL101489,EN00379,velo_elec,Lille,ST1046,ST1042,2026-09-06 05:09:51,06/09/2026 05:16,7,1.92,2.75,cb
TR2609060052277,CL102379,EN00516,velo_elec,Grenoble,ST1054,ST1049,06/09/2026 05:40,2026-09-06 05:52:45,12,2.29,4.0,paypal
TR2609060052278,CL108461,EN00286,velo_elec,Nantes,ST1022,ST1030,2026-09-06 05:48:26,2026-09-06 06:04:26,16,5.35,5.0,cb
TR2609060052279,CL100515,EN00273,velo_elec,Nantes,ST1024,ST1020,06/09/2026 05:56,2026-09-06 06:09:45,13,2.94,4.25,paypal
TR2609060052280,CL102887,EN00378,velo_elec,Lille,ST1044,ST1035,2026-09-06 05:58:44,06/09/2026 06:07,9,3.07,3.25,cb
TR2609060052281,CL102651,EN00098,velo_elec,Lyon,ST1011,ST1004,2026-09-06 06:07:28,2026-09-06 06:25:28,18,5.97,5.5,cb
TR2609060052282,CL102292,EN00425,velo_elec,Lille,ST1045,ST1039,2026-09-06 06:17:08,2026-09-06 06:26:08,9,2.42,3.25,abonnement
TR2609060052283,CL108924,EN00181,velo_elec,Lyon,ST1010,ST1015,2026-09-06 06:35:39,2026-09-06 06:44:39,9,2.25,3.25,cb
TR2609060052284,CL106507,EN00286,velo_elec,Nantes,ST1030,ST1022,2026-09-06 06:43:13,,10,2.44,3.5,cb
TR2609060052285,CL107782,EN00086,velo_elec,Lyon,ST1005,ST1018,2026-09-06 06:56:50,2026-09-06 07:00:50,4,1.31,2.0,abonnement
TR2609060052286,CL104455,EN00205,trottinette,Lyon,ST1012,ST1018,2026-09-06 06:47:49,2026-09-06 07:03:49,16,5.11,4.52,cb
TR2609060052287,CL107534,EN00030,trottinette,lyon,ST1012,ST1010,2026-09-06 06:49:50,2026-09-06 06:58:50,9,1.67,2.98,abonnement
TR2609060052288,CL103582,EN00005,velo_elec,Lyon,ST1018,ST1013,06/09/2026 06:49,06/09/2026 07:18,7477,8.85,8.25,
TR2609060052289,CL105832,EN00334,trottinette,Nantes,ST1022,ST1033,2026-09-06 06:54:44,2026-09-06 06:57:44,3,1.04,1.66,cb
TR2609060052290,CL104849,EN00453,trottinette,Lille,ST1043,ST1040,2026-09-06 06:50:54,2026-09-06 07:21:54,31,9.58,7.82,cb
TR2609060052291,CL101520,EN00591,velo_elec,Grenoble,ST1048,ST1052,2026-09-06 06:56:55,,25,8.46,7.25,cb
TR2609060052292,CL100963,EN00074,trottinette,Lyon,ST1016,ST1016,2026-09-06 07:09:32,1788674612,54,18.15,12.88,cb
TR2609060052293,CL100460,EN00352,velo_elec,Nantes,ST1021,ST1025,2026-09-06 07:10:22,2026-09-06 07:25:22,15,4.5,4.75,abonnement
TR2609060052294,CL108802,EN00459,velo_elec,Lille,ST1036,ST1041,2026-09-06 07:06:48,2026-09-06 07:15:48,9,2.06,3.25,abonnement
TR2609060052295,CL108450,EN00423,velo_elec,Lille,ST1036,ST1038,2026-09-06 07:05:26,2026-09-06 07:10:26,5,1.28,2.25,cb
TR2609060052296,CL104124,EN00417,trottinette,Lille,ST1045,ST1045,2026-09-06 07:04:30,2026-09-06 07:10:30,6,1.07,2.32,cb
TR2609060052297,CL101212,EN00449,trottinette,Lille,ST1046,ST1034,2026-09-06 07:07:15,2026-09-06 07:19:15,12,3.44,3.64,paypal
TR2609060052298,CL107387,EN00585,velo_elec,Grenoble,ST1049,ST1053,2026-09-06 07:05:31,2026-09-06 07:25:31,20,3.04,,cb
TR2609060052299,CL102630,EN00104,trottinette,Lyon,ST1007,ST1016,06/09/2026 07:22,2026-09-06 07:26:47,4,1.02,1.88,cb
TR2609060052300,CL104044,EN00215,velo_elec,Lyon,ST1012,ST1011,2026-09-06 07:27:50,2026-09-06 07:36:50,9,2.05,3.25,paypal
TR2609060052301,CL102303,EN00086,velo_elec,Lyon,ST1018,ST1011,2026-09-06 07:16:07,06/09/2026 07:23,7,2.31,2.75,abonnement
TR2609060052302,CL107364,EN00205,trottinette,Lyon ,ST1018,ST1004,2026-09-06 07:28:35,06/09/2026 07:36,8,2.04,2.76,cb
TR2609060052303,CL108596,EN00283,trottinette,Nantes,ST1023,ST1026,2026-09-06 07:23:09,06/09/2026 07:26,3,0.95,1.66,cb
TR2609060052304,CL105654,EN00358,trottinette,Nantes,ST1024,ST1023,1788671947,06/09/2026 07:39,20,6.74,5.4,cb
TR2609060052305,CL103590,EN00348,velo_elec,Nantes,ST1028,ST1031,06/09/2026 07:29,2026-09-06 07:37:30,8,2.16,3.0,abonnement
TR2609060052306,CL108474,EN00316,velo_elec,Nantes,ST1033,ST1020,06/09/2026 07:23,2026-09-06 07:50:10,27,8.89,7.75,cb
TR2609060052307,CL103905,EN00468,trottinette,Lille,ST1043,ST1038,2026-09-06 07:20:55,2026-09-06 07:31:55,11,3.75,3.42,cb
TR2609060052308,CL103654,EN00520,velo_elec,Grenoble,ST1052,ST1052,1788672353,,13,2.72,4.25,cb
TR2609060052309,CL103524,EN00049,trottinette,Lyon,ST1008,ST1016,2026-09-06 07:42:41,2026-09-06 07:51:41,9,1.69,2.98,cb
TR2609060052310,CL105503,EN00086,velo_elec,Lyon,ST1011,ST1019,1788673463,2026-09-06 08:00:23,16,4.5,5.0,abonnement
TR2609060052311,CL106687,EN00021,trottinette,Lyon,ST1019,ST1002,2026-09-06 07:37:30,06/09/2026 07:46,9,2.63,2.98,cb
TR2609060052312,CL105806,EN00227,trottinette,Nantes,ST1022,ST1030,2026-09-06 07:42:39,1788674259,15,3.58,4.3,cb
TR2609060052313,CL107242,EN00295,velo_elec,Nantes,ST1024,ST1024,1788673248,2026-09-06 07:44:48,4,1.02,2.0,cb
TR2609060052314,CL108621,EN00239,trottinette,NANTES,ST1030,ST1026,1788673437,2026-09-06 07:50:57,7,2.28,2.54,cb
TR2609060052315,CL103240,EN00475,trottinette,Lille,ST1040,ST1034,2026-09-06 07:34:32,2026-09-06 07:44:32,10,2.35,3.2,paypal
TR2609060052316,CL105504,EN00441,velo_elec,Lille,ST1043,ST1042,2026-09-06 07:39:29,,14,2.44,4.5,abonnement
TR2609060052317,CL105658,EN00480,velo_elec,Lille,ST1047,ST1038,2026-09-06 07:32:57,2026-09-06 07:39:57,7,1.33,2.75,paypal
TR2609060052318,CL102190,EN00552,trottinette,Grenoble,ST1054,ST1055,2026-09-06 07:38:06,2026-09-06 07:45:06,7,1.82,2.54,paypal
TR2609060052319,CL102009,EN00593,trottinette,Grenoble,ST1058,ST1048,2026-09-06 07:42:17,2026-09-06 07:51:17,9,1.92,2.98,paypal
TR2609060052320,CL105780,EN00248,trottinette,Nantes,ST1029,ST1023,2026-09-06 07:50:08,2026-09-06 08:02:08,12,4.18,3.64,cb
TR2609060052321,CL107530,EN00417,trottinette,LILLE,ST1045,ST1038,2026-09-06 07:46:11,2026-09-06 08:00:11,14,2.47,4.08,cb
TR2609060052322,CL104553,EN00428,velo_elec,Lille,ST1046,ST1038,2026-09-06 07:54:14,2026-09-06 08:12:14,18,3.2,5.5,abonnement
TR2609060052323,CL108306,EN00508,trottinette,Grenoble ,ST1054,ST1052,2026-09-06 07:49:15,06/09/2026 08:01,12,2.29,3.64,cb
TR2609060052324,CL106956,EN00167,trottinette,Lyon,ST1001,ST1009,06/09/2026 08:03,2026-09-06 08:17:47,14,4.26,4.08,
TR2609060052325,CL100305,EN00144,trottinette,Lyon,ST1004,ST1004,06/09/2026 08:05,2026-09-06 08:10:57,5,1.7,2.1,paypal
TR2609060052326,CL101333,EN00153,velo_elec,Lyon,ST1005,ST1014,2026-09-06 08:10:17,2026-09-06 08:17:17,7,2.42,2.75,cb
TR2609060052327,CL102145,EN00014,velo_elec,Lyon,ST1007,ST1003,2026-09-06 08:11:13,2026-09-06 08:48:13,37,12.08,10.25,cb
TR2609060052328,CL100837,EN00214,trottinette,Lyon,ST1010,ST1017,2026-09-06 08:05:26,2026-09-06 08:25:26,20,4.39,5.4,abonnement
TR2609060052329,CL108298,EN00215,velo_elec,Lyon,ST1011,ST1003,2026-09-06 08:11:55,2026-09-06 08:24:55,13,3.63,4.25,cb
TR2609060052330,CL102524,EN00194,velo_elec,Lyon,ST1012,ST1019,1788675180,,15,2.64,4.75,cb
TR2609060052331,CL102197,EN00342,velo_elec,Nantes,ST1026,ST1032,2026-09-06 08:04:58,2026-09-06 08:20:58,16,4.43,5.0,abonnement
TR2609060052332,CL103668,EN00265,trottinette,Nantes,ST1030,ST1021,2026-09-06 08:10:11,06/09/2026 08:12,2,0.6,1.44,cb
TR2609060052333,CL102781,EN00425,velo_elec,Lille,ST1039,ST1043,06/09/2026 08:13,2026-09-06 08:23:01,10,2.47,3.5,cb
TR2609060052334,CL102877,EN00485,trottinette,Lille,ST1040,ST1034,2026-09-06 08:08:04,06/09/2026 08:10,2,0.64,1.44,abonnement
TR2609060052335,CL101250,EN00406,velo_elec,LILLE,ST1045,ST1047,2026-09-06 08:15:47,2026-09-06 08:21:47,6,1.8,2.5,cb
TR2609060052336,CL103282,EN00599,trottinette,Grenoble,ST1050,ST1054,06/09/2026 08:01,2026-09-06 08:19:27,18,3.53,4.96,abonnement
TR2609060052337,CL108060,EN00553,trottinette,Grenoble,ST1055,ST1058,2026-09-06 08:12:50,2026-09-06 08:20:50,8,1.32,2.76,paypal
TR2609060052338,CL105586,EN00551,trottinette,Grenoble,ST1056,ST1056,2026-09-06 08:09:07,2026-09-06 08:43:07,34,6.27,8.48,cb
TR2609060052339,CL105565,EN00079,velo_elec,lyon,ST1001,ST1013,2026-09-06 08:26:15,06/09/2026 08:52,26,6.1,7.5,cb
TR2609060052340,CL105352,EN00021,trottinette,LYON,ST1002,ST1009,2026-09-06 08:22:03,2026-09-06 08:35:03,13,4.07,3.86,cb
TR2609060052341,CL101931,EN00212,trottinette,Lyon,ST1006,ST1006,2026-09-06 08:18:07,2026-09-06 08:30:07,12,2.38,3.64,paypal
TR2609060052342,CL104571,EN00210,trottinette,Lyon,ST1006,ST1009,2026-09-06 08:27:03,,11,3.12,3.42,cb
TR2609060052343,CL102549,EN00204,velo_elec,Lyon,ST1011,ST1009,2026-09-06 08:19:45,2026-09-06 08:29:45,10,2.79,3.5,paypal
TR2609060052344,CL101424,EN00242,velo,Nantes,ST1030,ST1023,2026-09-06 08:27:24,2026-09-06 08:35:24,8,2.1,2.2,cb
TR2609060052345,CL107205,EN00334,trottinette,Nantes,ST1033,ST1024,06/09/2026 08:26,2026-09-06 08:38:33,12,3.67,3.64,cb
TR2609060052346,CL105697,EN00444,trottinette,Lille,ST1035,ST1042,2026-09-06 08:22:22,06/09/2026 08:31,9,2.03,2.98,cb
TR2609060052347,CL102161,EN00438,trottinette,Lille,ST1036,ST1039,06/09/2026 08:18,1788675874,6,2.03,2.32,cb
TR2609060052348,CL103273,EN00382,trottinette, Lille,ST1039,ST1047,2026-09-06 08:26:19,2026-09-06 08:34:19,8,1.51,2.76,
TR2609060052349,CL100704,EN00459,velo_elec,Lille,ST1041,ST1039,,2026-09-06 08:36:07,12,1.87,4.0,cb
TR2609060052350,CL105513,EN00484,velo_elec,Lille,ST1043,ST1035,2026-09-06 08:29:14,06/09/2026 08:44,15,3.95,4.75,cb
TR2609060052351,CL100200,EN00361,trottinette,Lille,ST1044,ST1045,2026-09-06 08:23:58,2026-09-06 08:33:58,10,3.33,3.2,cb
TR2609060052352,CL107053,EN00030,trottinette,Lyon,ST1010,ST1011,2026-09-06 08:37:58,2026-09-06 08:47:58,10,3.18,3.2,paypal
TR2609060052353,CL101298,EN00219,velo_elec,Lyon,ST1012,ST1014,2026-09-06 08:46:15,2026-09-06 09:00:15,14,3.86,4.5,cb
TR2609060052354,CL101720,EN00153,velo_elec,Lyon,ST1014,ST1001,2026-09-06 08:37:27,2026-09-06 09:17:27,40,8.33,11.0,cb
TR2609060052355,CL107626,EN00214,trottinette,Lyon,ST1017,ST1004,2026-09-06 08:36:47,,9,2.99,2.98,paypal
TR2609060052356,CL108342,EN00267,trottinette,Nantes,ST1027,ST1021,2026-09-06 08:35:44,2026-09-06 08:46:44,11,2.16,3.42,
TR2609060052357,CL108257,EN00230,velo_elec,Nantes,ST1033,ST1033,2026-09-06 08:33:00,2026-09-06 08:46:00,13,4.41,4.25,cb
TR2609060052358,CL105271,EN00599,trottinette,Grenoble,ST1054,ST1053,2026-09-06 08:45:51,2026-09-06 08:49:51,4,0.7,1.88,paypal
TR2609060052359,CL100958,EN00524,velo_elec,Grenoble,ST1057,ST1054,2026-09-06 08:39:26,2026-09-06 08:54:26,15,4.36,4.75,abonnement
TR2609060052360,CL102145,EN00044,trottinette,Lyon,ST1002,ST1005,2026-09-06 08:49:21,2026-09-06 09:03:21,14,3.75,4.08,cb
TR2609060052361,CL106530,EN00010,trottinette,Lyon,ST1004,ST1017,2026-09-06 08:59:02,2026-09-06 09:05:02,6,1.85,2.32,cb
TR2609060052362,CL105518,EN00006,trottinette,Lyon,ST1011,ST1003,2026-09-06 08:50:41,2026-09-06 09:28:41,38,6.73,9.36,abonnement
TR2609060052363,CL104702,EN00178,velo_elec,Lyon,ST1012,ST1013,1788677761,2026-09-06 09:07:01,11,2.05,3.75,abonnement
TR2609060052364,CL106111,EN00248,trottinette,Nantes,ST1023,ST1031,2026-09-06 08:47:43,2026-09-06 10:06:43,79,23.83,18.38,paypal
TR2609060052365,CL105683,EN00414,velo_elec,Lille,ST1038,ST1047,2026-09-06 08:49:40,1788677560,3,0.54,1.75,abonnement
TR2609060052366,CL100784,EN00097,velo_elec,Lyon,ST1002,ST1007,06/09/2026 09:12,2026-09-06 09:22:00,10,3.18,3.5,cb
TR2609060052367,CL104602,EN00023,trottinette,Lyon,ST1003,ST1014,2026-09-06 09:02:50,2026-09-06 09:16:50,14,4.08,4.08,cb
TR2609060052368,CL108172,EN00144,trottinette,Lyon,ST1004,ST1012,,2026-09-06 09:14:27,8,1.78,2.76,cb
TR2609060052369,CL108967,EN00214,trottinette,Lyon,ST1004,ST1006,06/09/2026 09:01,2026-09-06 09:09:31,8,1.75,2.76,cb
TR2609060052370,CL102832,EN00163,trottinette,Lyon,ST1004,ST1014,2026-09-06 09:14:27,1788679587,12,2.8,3.64,cb
TR2609060052371,CL104861,EN00205,trottinette,Lyon,ST1004,ST1007,2026-09-06 09:10:24,2026-09-06 09:27:24,17,3.34,4.74,cb
TR2609060052372,CL104607,EN00063,velo_elec,Lyon,ST1005,ST1005,1788678969,2026-09-06 09:23:09,7,1.58,2.75,abonnement
TR2609060052373,CL100365,EN00212,trottinette,Lyon,ST1006,ST1013,06/09/2026 09:14,06/09/2026 09:34,20,6.47,5.4,paypal
TR2609060052374,CL107801,EN00107,velo_elec,Lyon,ST1007,ST1014,1788678131,2026-09-06 09:06:11,4,0.83,2.0,paypal
TR2609060052375,CL102254,EN00167,trottinette,Lyon,ST1009,ST1017,2026-09-06 09:03:11,06/09/2026 09:11,8,1.2,2.76,cb
TR2609060052376,CL100229,EN00131,trottinette,Lyon,ST1018,ST1001,06/09/2026 09:12,,2,0.61,1.44,cb
TR2609060052377,CL102921,EN00119,trottinette,Lyon,ST1018,ST1010,06/09/2026 09:02,2026-09-06 09:17:32,15,3.15,4.3,cb
TR2609060052378,CL104656,EN00377,trottinette,Lille,ST1034,ST1045,1788678333,2026-09-06 09:20:33,15,4.39,4.3,paypal
TR2609060052379,CL108291,EN00509,trottinette,Grenoble,ST1048,ST1049,2026-09-06 09:12:19,2026-09-06 09:20:19,8,2.56,2.76,cb
TR2609060052380,CL104769,EN00577,velo_elec,Grenoble,ST1051,ST1058,2026-09-06 09:08:13,06/09/2026 09:14,6,1.7,2.5,cb
TR2609060052381,CL106202,EN00566,trottinette,Grenoble,ST1055,ST1058,2026-09-06 09:14:31,2026-09-06 09:19:31,5,1.07,2.1,cb
TR2609060052382,CL101908,EN00551,trottinette,Grenoble,ST1056,ST1048,2026-09-06 09:12:06,1788679446,12,3.02,3.64,paypal
TR2609060052383,CL102733,EN00131,trottinette,Lyon,ST1001,ST1004,2026-09-06 09:23:56,2026-09-06 09:26:56,3,0.83,1.66,cb
TR2609060052384,CL100659,EN00081,velo_elec,Lyon,ST1005,ST1015,2026-09-06 09:27:24,06/09/2026 09:36,9,1.97,3.25,cb
TR2609060052385,CL108502,EN00044,trottinette,Lyon,ST1005,ST1012,1788679110,06/09/2026 09:45,27,4.33,6.94,abonnement
TR2609060052386,CL108594,EN00184,velo_elec,Lyon,ST1005,ST1014,1788679556,2026-09-06 09:38:56,13,2.26,4.25,cb
TR2609060052387,CL104259,EN00185,trottinette,Lyon,ST1007,ST1011,2026-09-06 09:16:41,06/09/2026 09:28,12,3.2,3.64,cb
TR2609060052388,CL101744,EN00176,velo,Lyon,ST1007,ST1006,2026-09-06 09:18:28,2026-09-06 09:25:28,7,1.16,2.05,cb
TR2609060052389,CL108884,EN00033,trottinette,Lyon,ST1013,ST1007,2026-09-06 09:26:51,2026-09-06 09:48:51,22,5.19,5.84,abonnement
TR2609060052390,CL104084,EN00135,trottinette,Lyon,ST1015,ST1004,2026-09-06 09:29:03,2026-09-06 09:57:03,28,8.67,7.16,
TR2609060052391,CL101433,EN00010,trottinette,Lyon,ST1017,ST1005,2026-09-06 09:16:11,2026-09-06 09:29:11,13,2.02,3.86,paypal
TR2609060052392,CL108402,EN00310,trottinette,Nantes,ST1021,ST1033,1788679443,06/09/2026 09:36,12,3.79,3.64,cb
TR2609060052393,CL103021,EN00292,velo_elec,Nantes,ST1027,ST1025,1788679222,2026-09-06 09:26:22,6,1.57,2.5,
TR2609060052394,CL104549,EN00260,velo_elec,Nantes,ST1028,ST1027,2026-09-06 09:24:49,1788680149,11,2.34,3.75,cb
TR2609060052395,CL103665,EN00335,velo,Nantes,ST1029,ST1020,06/09/2026 09:24,06/09/2026 10:09,45,14.01,7.75,paypal
TR2609060052396,CL107550,EN00348,velo_elec,Nantes,ST1031,ST1021,2026-09-06 09:29:24,2026-09-06 09:44:24,15,2.68,4.75,cb
TR2609060052397,CL107845,EN00259,trottinette,Nantes,ST1033,ST1022,1788679078,2026-09-06 09:22:58,5,0.84,2.1,cb
TR2609060052398,CL102040,EN00473,trottinette,Lille,ST1036,ST1045,2026-09-06 09:27:10,06/09/2026 09:32,5,1.3,2.1,paypal
TR2609060052399,CL106049,EN00416,trottinette,Lille,ST1037,ST1041,1788679387,2026-09-06 09:32:07,9,1.41,2.98,cb
TR2609060052400,CL104847,EN00442,trottinette,Lille,ST1041,ST1038,2026-09-06 09:19:19,2026-09-06 09:32:19,13,2.77,3.86,abonnement
TR2609060052401,CL108603,EN00425,velo_elec,Lille,ST1043,ST1034,06/09/2026 09:21,2026-09-06 09:34:36,13,3.69,4.25,paypal
TR2609060052402,CL106074,EN00387,velo,Lille,ST1043,ST1046,2026-09-06 09:22:52,2026-09-06 09:47:52,25,7.32,4.75,cb
TR2609060052403,CL100204,EN00514,velo_elec,Grenoble,ST1048,ST1056,2026-09-06 09:17:53,2026-09-06 09:46:53,29,7.76,8.25,cb
TR2609060052404,CL102011,EN00579,trottinette,Grenoble,ST1049,ST1057,2026-09-06 09:20:03,06/09/2026 09:41,21,5.28,5.62,paypal
TR2609060052405,CL107124,EN00519,velo_elec,Grenoble,ST1049,ST1055,1788679561,2026-09-06 09:34:01,8,1.44,3.0,cb
TR2609060052406,CL101812,EN00584,trottinette,Grenoble,ST1050,ST1056,2026-09-06 09:26:05,2026-09-06 09:45:05,19,5.17,5.18,cb
TR2609060052407,CL106093,EN00001,velo_elec,Lyonn,ST1002,ST1007,2026-09-06 09:41:52,2026-09-06 09:46:52,5,1.65,2.25,abonnement
TR2609060052408,CL104625,EN00063,velo_elec,Lyon,ST1005,ST1012,2026-09-06 09:44:34,2026-09-06 09:47:34,3,0.5,1.75,abonnement
TR2609060052409,CL106485,EN00214,trottinette,Lyon,ST1006,ST1009,2026-09-06 09:37:21,06/09/2026 09:42,5,1.11,2.1,cb
TR2609060052410,CL103301,EN00030,trottinette,Lyon,ST1011,ST1005,2026-09-06 09:38:59,2026-09-06 09:44:59,6,2.09,2.32,abonnement
TR2609060052411,CL106139,EN00164,trottinette,Lyon,ST1018,ST1017,2026-09-06 09:36:48,2026-09-06 09:49:48,13,3.92,3.86,cb
TR2609060052412,CL100248,EN00086,velo_elec,Lyon,ST1019,ST1018,2026-09-06 09:39:34,2026-09-06 09:47:34,8,1.54,3.0,cb
TR2609060052413,CL102885,EN00312,trottinette,Nantes,ST1020,ST1020,2026-09-06 09:40:55,2026-09-06 09:48:55,8,2.45,2.76,cb
TR2609060052414,CL105438,EN00336,velo_elec,Nantes,ST1026,ST1031,2026-09-06 09:44:49,06/09/2026 10:18,34,6.33,9.5,paypal
TR2609060052415,CL102193,EN00314,trottinette,Nantes,ST1027,ST1022,06/09/2026 09:43,2026-09-06 09:51:00,8,1.85,2.76,cb
TR2609060052416,CL105412,EN00294,velo_elec,Nantes,ST1028,ST1033,2026-09-06 09:40:56,2026-09-06 09:45:56,5,1.28,2.25,cb
TR2609060052417,CL102571,EN00237,velo_elec,Nantes,ST1032,ST1023,06/09/2026 09:36,2026-09-06 09:46:01,10,3.49,3.5,cb
TR2609060052418,CL106172,EN00342,velo_elec,Nantes,ST1032,ST1027,2026-09-06 09:43:27,06/09/2026 09:49,6,1.98,2.5,abonnement
TR2609060052419,CL100771,EN00246,trottinette,Nantes,ST1032,ST1033,2026-09-06 09:43:18,06/09/2026 10:05,22,4.02,5.84,abonnement
TR2609060052420,CL101211,EN00230,velo_elec,Nantes,ST1033,ST1031,2026-09-06 09:34:28,2026-09-06 09:42:28,8,1.53,3.0,paypal
TR2609060052421,CL101377,EN00231,velo,Nante,ST1033,ST1026,1788680031,2026-09-06 09:43:51,10,2.97,2.5,abonnement
TR2609060052422,CL101524,EN00435,trottinette,Lille,ST1035,ST1047,2026-09-06 09:41:03,2026-09-06 09:50:03,9,1.36,2.98,abonnement
TR2609060052423,CL105250,EN00438,trottinette,Lille,ST1039,ST1047,2026-09-06 09:33:42,1788681162,19,4.21,5.18,paypal
TR2609060052424,CL100371,EN00444,trottinette,Lille,ST1042,ST1038,2026-09-06 09:42:26,2026-09-06 09:46:26,4,0.8,1.88,paypal
TR2609060052425,CL103474,EN00375,trottinette,Lille,ST1042,ST1034,2026-09-06 09:43:40,2026-09-06 09:48:40,5,1.04,2.1,paypal
TR2609060052426,CL105898,EN00474,velo_elec,Lille,ST1044,ST1042,2026-09-06 09:31:59,2026-09-06 09:46:59,15,2.91,4.75,cb
TR2609060052427,CL100390,EN00456,trottinette,Lille,ST1045,ST1045,2026-09-06 09:45:00,2026-09-06 09:49:00,4,1.37,1.88,paypal
TR2609060052428,CL105436,EN00527,velo_elec,Grenoble,ST1048,ST1048,,2026-09-06 09:55:07,10,3.47,3.5,abonnement
TR2609060052429,CL102267,EN00509,trottinette,Grenoble,ST1049,ST1054,2026-09-06 09:44:37,06/09/2026 09:49,5,1.28,2.1,abonnement
TR2609060052430,CL106245,EN00595,velo,Grenoble,ST1050,ST1048,2026-09-06 09:44:45,2026-09-06 09:55:45,11,3.83,2.65,cb
TR2609060052431,CL105426,EN00596,velo_elec,Grenoble,ST1055,ST1056,2026-09-06 09:37:39,2026-09-06 09:44:39,7,1.09,2.75,cb
TR2609060052432,CL102798,EN00180,trottinette,Lyon,ST1001,ST1016,2026-09-06 09:54:18,2026-09-06 10:07:18,13,3.01,3.86,paypal
TR2609060052433,CL101308,EN00136,trottinette,Lyon,ST1001,ST1016,2026-09-06 09:46:48,2026-09-06 10:04:48,-22,5.23,4.96,cb
TR2609060052434,CL106886,EN00087,trottinette,Lyon,ST1002,ST1006,2026-09-06 09:48:15,06/09/2026 10:18,30,9.48,7.6,cb
TR2609060052435,CL106390,EN00175,trottinette,lyon,ST1002,ST1004,1788681661,2026-09-06 10:08:01,7,1.36,2.54,cb
TR2609060052436,CL106833,EN00010,trottinette,Lyon,ST1005,ST1012,06/09/2026 09:59,1788682391,14,3.8,4.08,cb
TR2609060052437,CL107175,EN00059,velo,Lyon,ST1006,ST1006,2026-09-06 09:54:58,2026-09-06 10:10:58,16,3.25,3.4,cb
TR2609060052438,CL106463,EN00141,velo_elec,Lyon,ST1008,ST1009,2026-09-06 09:50:01,2026-09-06 10:11:01,21,4.27,6.25,abonnement
TR2609060052439,CL104938,EN00144,trottinette,Lyon,ST1012,ST1002,2026-09-06 09:46:59,2026-09-06 10:04:59,18,4.45,4.96,cb
TR2609060052440,CL103593,EN00024,velo_elec,Lyon,ST1012,ST1019,2026-09-06 09:56:58,2026-09-06 10:06:58,10,3.37,3.5,cb
TR2609060052441,CL102227,EN00198,velo_elec,Lyon,ST1013,ST1017,2026-09-06 09:57:08,06/09/2026 10:15,18,5.31,5.5,cb
TR2609060052442,CL101802,EN00068,velo_elec,Lyon,ST1014,ST1006,1788681158,2026-09-06 10:16:38,24,4.6,7.0,cb
TR2609060052443,CL103075,EN00034,velo_elec,Lyon,ST1014,ST1013,2026-09-06 09:49:31,06/09/2026 10:05,16,4.99,5.0,cb
TR2609060052444,CL106684,EN00023,trottinette,Lyon,ST1014,ST1019,2026-09-06 09:49:45,06/09/2026 09:59,10,1.65,3.2,cb
TR2609060052445,CL101853,EN00053,trottinette,Lyon,ST1016,ST1004,2026-09-06 09:50:57,2026-09-06 10:00:57,10,2.33,3.2,abonnement
TR2609060052446,CL100826,EN00129,velo_elec,Lyon,ST1016,ST1016,06/09/2026 09:57,2026-09-06 10:23:01,26,5.64,7.5,cb
TR2609060052447,CL104937,EN00009,velo_elec,Lyon,ST1019,ST1004,2026-09-06 09:55:31,2026-09-06 10:01:31,6,1.71,2.5,cb
TR2609060052448,CL101208,EN00273,velo_elec,Nantes,ST1020,ST1022,06/09/2026 09:49,06/09/2026 10:01,12,1.92,4.0,cb
TR2609060052449,CL103584,EN00359,trottinette,Nantes,ST1024,ST1020,2026-09-06 09:58:25,2026-09-06 10:27:25,29,5.43,7.38,cb
TR2609060052450,CL101432,EN00293,velo_elec,Nantes,ST1031,ST1025,2026-09-06 09:59:34,2026-09-06 10:24:34,25,5.42,7.25,paypal
TR2609060052451,CL105378,EN00310,trottinette,Nantes,ST1033,ST1032,2026-09-06 09:57:42,06/09/2026 10:11,14,3.79,4.08,cb
TR2609060052452,CL101507,EN00473,trottinette,Lille,ST1045,ST1034,2026-09-06 09:54:05,2026-09-06 10:25:05,31,8.96,7.82,cb
TR2609060052453,CL103881,EN00479,trottinette,Lille,ST1046,ST1037,2026-09-06 09:56:55,06/09/2026 10:06,10,2.76,,cb
TR2609060052454,CL104918,EN00419,velo,Lille,ST1046,ST1042,2026-09-06 09:54:41,2026-09-06 09:59:41,5,1.4,1.75,abonnement
TR2609060052455,CL100512,EN00573,velo,Grenoble,ST1050,ST1052,2026-09-06 09:57:21,2026-09-06 10:07:21,10,2.94,2.5,abonnement
TR2609060052456,CL107393,EN00508,trottinette,Grenoble,ST1052,ST1052,2026-09-06 10:00:48,2026-09-06 10:11:48,11,3.51,3.42,abonnement
TR2609060052457,CL107665,EN00588,velo_elec,Grenoble,ST1053,ST1055,2026-09-06 09:58:25,2026-09-06 10:47:25,49,16.2,13.25,cb
TR2609060052458,CL101254,EN00571,trottinette,Grenoble,ST1054,ST1053,06/09/2026 09:59,2026-09-06 10:10:48,11,3.01,3.42,cb
TR2609060052459,CL105217,EN00524,velo_elec,grenoble,ST1054,ST1057,2026-09-06 09:51:27,2026-09-06 10:01:27,10,2.63,3.5,abonnement
TR2609060052460,CL100917,EN00519,velo_elec,Grenoble,ST1055,ST1049,06/09/2026 09:49,06/09/2026 09:56,7,1.92,2.75,cb
TR2609060052461,CL102013,EN00513,velo_elec,Grenoble,ST1056,ST1055,2026-09-06 09:53:46,1788681466,4,0.79,2.0,cb
TR2609060052462,CL100404,EN00058,velo_elec,Lyon,ST1002,ST1011,2026-09-06 10:13:27,2026-09-06 10:22:27,9,1.44,3.25,abonnement
TR2609060052463,CL101158,EN00018,trottinette,Lyon,ST1002,ST1007,2026-09-06 10:08:29,2026-09-06 10:17:29,9,2.75,2.98,abonnement
TR2609060052464,CL103423,EN00030,trottinette,Lyon,ST1005,ST1019,2026-09-06 10:12:11,06/09/2026 10:26,14,3.03,4.08,abonnement
TR2609060052465,CL108560,EN00176,velo,Lyon,ST1006,ST1003,06/09/2026 10:07,2026-09-06 10:13:14,6,0.97,1.9,cb
TR2609060052466,CL104302,EN00157,velo_elec,LYON,ST1011,ST1012,06/09/2026 10:14,1788683102,11,2.48,3.75,paypal
TR2609060052467,CL101514,EN00076,velo_elec,Lyon,ST1014,ST1009,2026-09-06 10:04:47,2026-09-06 10:10:47,6,2.08,2.5,cb
TR2609060052468,CL100913,EN00177,velo_elec,Lyon,ST1015,ST1002,2026-09-06 10:02:38,06/09/2026 10:19,17,4.13,5.25,cb
TR2609060052469,CL106320,EN00081,velo_elec,Lyon,ST1015,ST1008,2026-09-06 10:15:05,2026-09-06 10:19:05,4,1.38,2.0,abonnement
TR2609060052470,CL101523,EN00093,velo_elec,Lyon,ST1017,ST1015,2026-09-06 10:10:35,1788682715,8,1.49,3.0,cb
TR2609060052471,CL100664,EN00023,trottinette,Lyon,ST1019,ST1016,1788682476,2026-09-06 10:21:36,7,1.14,2.54,cb
TR2609060052472,CL101415,EN00312,trottinette,NANTES,ST1020,ST1030,2026-09-06 10:06:21,2026-09-06 10:16:21,10,2.73,3.2,cb
TR2609060052473,CL101428,EN00260,velo_elec,Nantes,ST1027,ST1029,2026-09-06 10:09:30,2026-09-06 10:21:30,12,2.25,4.0,cb
TR2609060052474,CL101463,EN00342,velo_elec,Nantes,ST1027,ST1027,06/09/2026 10:01,1788682738,17,3.47,5.25,cb
TR2609060052475,CL100157,EN00411,trottinette,Lille,ST1034,ST1034,2026-09-06 10:08:41,2026-09-06 10:27:41,19,4.99,5.18,cb
TR2609060052476,CL101016,EN00427,trottinette,Lille,ST1034,ST1039,2026-09-06 10:08:59,2026-09-06 10:26:59,18,4.47,4.96,paypal
TR2609060052477,CL105434,EN00484,velo_elec,Lille,ST1035,ST1039,2026-09-06 10:08:21,2026-09-06 10:13:21,5,1.63,2.25,cb
TR2609060052478,CL105906,EN00439,velo_elec,Lille,ST1035,ST1045,1788682184,06/09/2026 10:14,5,0.95,2.25,cb
TR2609060052479,CL107392,EN00378,velo_elec,Lille,ST1035,ST1045,2026-09-06 10:12:33,2026-09-06 10:28:33,16,5.42,5.0,paypal
TR2609060052480,CL108948,EN00380,velo_elec, Lille,ST1038,ST1038,06/09/2026 10:13,2026-09-06 11:30:28,77,22.98,20.25,cb
TR2609060052481,CL104005,EN00459,velo_elec,Lille,ST1039,ST1037,2026-09-06 10:07:50,2026-09-06 10:17:50,10,2.0,3.5,cb
TR2609060052482,CL103980,EN00474,velo_elec,Lille,ST1042,ST1041,2026-09-06 10:09:01,2026-09-06 10:25:01,16,5.56,5.0,cb
TR2609060052483,CL104686,EN00493,velo_elec,Lille,ST1044,ST1037,2026-09-06 10:08:55,2026-09-06 10:19:55,11,3.64,3.75,paypal
TR2609060052484,CL106221,EN00456,trottinette,Lille,ST1045,ST1037,2026-09-06 10:10:57,06/09/2026 10:24,14,4.07,4.08,paypal
TR2609060052485,CL108797,EN00435,trottinette,Lille,ST1047,ST1044,2026-09-06 10:03:10,2026-09-06 10:09:10,6,1.28,2.32,paypal
TR2609060052486,CL105252,EN00559,trottinette,Grenoble,ST1048,ST1055,2026-09-06 10:12:01,2026-09-06 10:51:01,39,13.09,9.58,cb
TR2609060052487,CL101148,EN00513,velo_elec,Grenoble,ST1055,ST1048,06/09/2026 10:04,2026-09-06 10:13:26,9,2.32,3.25,paypal
TR2609060052488,CL108293,EN00179,trottinette,Lyon,ST1001,ST9170,2026-09-06 10:16:51,2026-09-06 10:33:51,17,4.06,4.74,cb
TR2609060052489,CL107771,EN00144,trottinette,Lyon,ST1002,ST1014,2026-09-06 10:17:43,2026-09-06 10:36:43,19,3.2,5.18,cb
TR2609060052490,CL105709,EN00029,velo_elec,Lyon,ST1005,ST1006,2026-09-06 10:22:30,2026-09-06 10:33:30,11,2.84,3.75,cb
TR2609060052491,CL103582,EN00068,velo_elec,Lyon,ST1006,ST1005,2026-09-06 10:19:15,1788683655,-22,2.94,4.75,cb
TR2609060052492,CL103125,EN00201,velo_elec,Lyon,ST1010,ST1002,2026-09-06 10:20:53,1788684293,24,7.31,7.0,abonnement
TR2609060052493,CL102901,EN00192,velo_elec,Lyon,ST1011,ST1001,2026-09-06 10:18:16,06/09/2026 10:29,11,2.67,3.75,paypal
TR2609060052494,CL103673,EN00063,velo_elec,Lyon,ST1012,ST1009,2026-09-06 10:29:33,2026-09-06 10:41:33,12,3.51,4.0,cb
TR2609060052495,CL105711,EN00010,trottinette,lyon,ST1012,ST1017,06/09/2026 10:20,2026-09-06 10:34:28,14,2.91,4.08,abonnement
TR2609060052496,CL101445,EN00050,velo_elec,Lyon,ST1016,ST1012,2026-09-06 10:28:04,2026-09-06 10:46:04,18,4.73,5.5,paypal
TR2609060052497,CL106313,EN00164,trottinette,Lyon,ST1017,ST1004,2026-09-06 10:23:10,2026-09-06 10:37:10,14,3.91,4.08,abonnement
TR2609060052498,CL106975,EN00151,trottinette,Lyon,ST1018,ST1011,2026-09-06 10:29:35,2026-09-06 10:40:35,11,1.84,,cb
TR2609060052499,CL101173,EN00264,trottinette,Nantes,ST1020,ST1031,2026-09-06 10:24:27,06/09/2026 10:32,8,1.6,2.76,paypal
TR2609060052500,CL101622,EN00289,trottinette,Nantes,ST1020,ST1020,2026-09-06 10:24:36,2026-09-06 10:42:36,18,5.7,4.96,cb
TR2609060052501,CL104961,EN00295,velo_elec,Nantes,ST1024,ST1023,2026-09-06 10:27:57,2026-09-06 10:39:57,12,2.42,4.0,cb
TR2609060052502,CL108771,EN00235,trottinette,Nantes,ST1025,ST1023,2026-09-06 10:29:20,06/09/2026 10:39,10,2.32,3.2,paypal
TR2609060052503,CL101107,EN00283,trottinette,Nantes,ST1026,ST1031,,2026-09-06 10:24:00,8,2.53,2.76,paypal
TR2609060052504,CL104329,EN00249,velo_elec,Nantes,ST1027,ST1032,2026-09-06 10:22:50,2026-09-06 10:35:50,13,2.25,4.25,paypal
TR2609060052505,CL107551,EN00315,velo_elec,nantes,ST1031,ST1026,06/09/2026 10:26,2026-09-06 10:39:16,13,4.43,4.25,cb
TR2609060052506,CL103054,EN00310,trottinette,Nantes,ST1032,ST1022,2026-09-06 10:16:24,2026-09-06 10:24:24,8,1.35,2.76,cb
TR2609060052507,CL108334,EN00440,trottinette,Lille,ST1035,ST1041,06/09/2026 10:29,2026-09-06 10:39:55,10,2.25,3.2,abonnement
TR2609060052508,CL100082,EN00442,trottinette,Lille,ST1038,ST1042,,2026-09-06 10:34:49,7,2.22,2.54,abonnement
TR2609060052509,CL101017,EN00422,velo_elec,Lille,ST1040,ST1047,2026-09-06 10:23:09,,13,3.36,4.25,cb
TR2609060052510,CL101548,EN00398,velo,Lille,ST1043,ST1040,2026-09-06 10:18:22,,14,2.54,3.1,cb
TR2609060052511,CL102070,EN00503,trottinette,Grenoble,ST1048,ST1058,2026-09-06 10:24:10,2026-09-06 10:31:10,7,2.23,2.54,cb
TR2609060052512,CL105707,EN00519,velo_elec,Grenoble,ST1049,ST1051,1788683174,2026-09-06 10:46:14,20,5.66,6.0,cb
TR2609060052513,CL104572,EN00535,velo_elec,Grenoble,ST1049,ST1053,2026-09-06 10:29:25,2026-09-06 10:46:25,17,4.33,5.25,abonnement
TR2609060052514,CL108888,EN00570,trottinette,Grenoble,ST1049,ST1051,06/09/2026 10:24,2026-09-06 10:36:13,12,3.22,3.64,cb
TR2609060052515,CL104859,EN00507,trottinette,Grenoble,ST1053,ST1058,2026-09-06 10:24:08,2026-09-06 10:41:08,17,5.42,4.74,cb
TR2609060052516,CL106649,EN00549,velo_elec,Grenoble,ST1055,ST1057,2026-09-06 10:27:09,2026-09-06 10:55:09,28,9.24,8.0,paypal
TR2609060052517,CL102582,EN00200,trottinette,Lyon,ST1002,ST1013,2026-09-06 10:45:29,2026-09-06 10:56:29,11,3.44,3.42,abonnement
TR2609060052518,CL100784,EN00154,trottinette,Lyon,ST1003,ST1009,2026-09-06 10:35:57,2026-09-06 10:57:57,22,7.03,5.84,paypal
TR2609060052519,CL106675,EN00083,velo_elec,Lyon,ST1004,ST1006,2026-09-06 10:35:52,2026-09-06 10:42:52,7,2.26,2.75,cb
TR2609060052520,CL100516,EN00085,velo_elec,Lyon,ST1007,ST1006,2026-09-06 10:45:38,2026-09-06 11:18:38,33,7.35,9.25,cb
TR2609060052521,CL101228,EN00066,trottinette,Lyon,ST1009,ST1018,06/09/2026 10:43,2026-09-06 11:17:13,34,10.89,8.48,abonnement
TR2609060052522,CL101334,EN00210,trottinette,Lyonn,ST1009,ST1004,2026-09-06 10:43:04,2026-09-06 10:51:04,8,2.65,2.76,abonnement
TR2609060052523,CL101635,EN00209,velo_elec,Lyon,ST1012,ST1007,2026-09-06 10:39:43,2026-09-06 11:06:43,27,7.91,7.75,abonnement
TR2609060052524,CL103069,EN00031,velo_elec,Lyon,ST1012,ST1003,2026-09-06 10:37:21,2026-09-06 10:48:21,11,2.42,3.75,abonnement
TR2609060052525,CL101938,EN00045,trottinette,Lyon,ST1012,ST1001,2026-09-06 10:46:10,2026-09-06 10:55:10,9,2.01,2.98,cb
TR2609060052526,CL103356,EN00117,trottinette,Lyon,ST1014,ST1018,2026-09-06 10:43:12,2026-09-06 10:52:12,9,1.69,2.98,cb
TR2609060052527,CL107709,EN00093,velo_elec,Lyon,ST1015,ST1006,2026-09-06 10:33:30,2026-09-06 10:45:30,12,1.89,4.0,abonnement
TR2609060052528,CL102782,EN00086,velo_elec,Lyon,ST1018,ST1011,2026-09-06 10:44:55,2026-09-06 10:51:55,7,1.33,2.75,abonnement
TR2609060052529,CL106471,EN00194,velo_elec,Lyon,ST1019,ST1003,06/09/2026 10:41,2026-09-06 10:47:08,6,1.43,2.5,cb
TR2609060052530,CL103900,EN00266,velo_elec,nantes,ST1023,ST1020,2026-09-06 10:40:32,06/09/2026 11:06,26,6.72,7.5,cb
TR2609060052531,CL106582,EN00239,trottinette,Nantes,ST1026,ST1030,1788684009,2026-09-06 10:49:09,9,1.97,2.98,paypal
TR2609060052532,CL105069,EN00251,velo,Nantes,ST1027,ST1020,06/09/2026 10:42,2026-09-06 11:13:55,31,10.33,5.65,cb
TR2609060052533,CL104629,EN00291,velo_elec,Nantes,ST1031,ST1033,2026-09-06 10:34:53,2026-09-06 10:38:53,4,0.75,2.0,cb
TR2609060052534,CL102439,EN00413,trottinette,Lille,ST1035,ST1047,2026-09-06 10:40:22,1788684262,4,1.02,1.88,cb
TR2609060052535,CL100984,EN00455,velo_elec,Lille,ST1035,ST1039,2026-09-06 10:39:32,2026-09-06 10:50:32,11,3.57,3.75,abonnement
TR2609060052536,CL107615,EN00456,trottinette,Lille,ST1037,ST1043,2026-09-06 10:44:26,06/09/2026 11:00,16,4.48,4.52,cb
TR2609060052537,CL101079,EN00489,trottinette,Lille,ST1040,ST1041,06/09/2026 10:39,2026-09-06 10:58:09,19,3.23,5.18,cb
TR2609060052538,CL101162,EN00409,trottinette,Lille,ST1041,ST1036,06/09/2026 10:33,,18,4.85,4.96,cb
TR2609060052539,CL104148,EN00438,trottinette,Lille,ST1047,ST1044,2026-09-06 10:44:15,2026-09-06 11:01:15,17,2.86,4.74,cb
TR2609060052540,CL106009,EN00511,trottinette,Grenoble,ST1048,ST1057,2026-09-06 10:38:10,2026-09-06 10:45:10,7,1.84,2.54,cb
TR2609060052541,CL101521,EN00571,trottinette,Grenoble,ST1053,ST1055,2026-09-06 10:44:37,2026-09-06 11:00:37,16,4.86,4.52,
TR2609060052542,CL108515,EN00509,trottinette,Grenoble,ST1054,ST1049,2026-09-06 10:40:16,2026-09-06 10:47:16,7,1.39,2.54,abonnement
TR2609060052543,CL100595,EN00201,velo_elec,Lyon,ST1002,ST1017,2026-09-06 10:49:08,2026-09-06 10:55:08,6,1.13,2.5,cb
TR2609060052544,CL100773,EN00177,velo_elec,Lyon,ST1002,ST1006,2026-09-06 10:51:34,2026-09-06 11:04:34,13,3.84,4.25,abonnement
TR2609060052545,CL100498,EN00033,trottinette,Lyon,ST1007,ST1007,2026-09-06 10:49:42,1788685242,11,2.35,3.42,cb
TR2609060052546,CL105288,EN00141,velo_elec,Lyon,ST1009,ST1010,2026-09-06 10:46:36,1788684996,10,1.54,3.5,abonnement
TR2609060052547,CL106718,EN00211,velo_elec,Lyon,ST1011,ST1015,06/09/2026 10:57,,5,1.23,2.25,paypal
TR2609060052548,CL108261,EN00151,trottinette,lyon,ST1011,ST1001,2026-09-06 10:47:25,06/09/2026 10:56,9,2.1,2.98,cb
TR2609060052549,CL107817,EN00144,trottinette,Lyon,ST1014,ST1008,2026-09-06 10:47:20,2026-09-06 11:00:20,13,3.5,3.86,cb
TR2609060052550,CL104681,EN00216,velo_elec,Lyon,ST1015,ST1004,2026-09-06 10:48:13,,12,3.44,4.0,cb
TR2609060052551,CL103391,EN00074,trottinette,Lyon,ST1016,ST1007,1788685036,2026-09-06 11:05:16,-10,1.47,2.76,abonnement
TR2609060052552,CL101358,EN00155,velo,Lyon,ST1018,ST1016,2026-09-06 11:00:50,2026-09-06 11:07:50,7,2.27,2.05,cb
TR2609060052553,CL104194,EN00080,trottinette,Lyon,ST1019,ST1008,06/09/2026 10:55,06/09/2026 11:07,12,2.98,3.64,paypal
TR2609060052554,CL105344,EN00105,velo_elec,Lyon,ST1019,ST1004,2026-09-06 10:52:41,06/09/2026 11:04,12,2.48,4.0,cb
TR2609060052555,CL104021,EN00277,velo_elec,Nantes,ST1022,ST1029,2026-09-06 10:47:22,2026-09-06 11:09:22,22,4.44,6.5,cb
TR2609060052556,CL103518,EN00319,velo_elec,Nantes,ST1024,ST1030,2026-09-06 10:49:28,2026-09-06 11:06:28,17,2.7,5.25,cb
TR2609060052557,CL101093,EN00281,velo_elec,Nantes,ST1024,ST1033,2026-09-06 10:50:56,2026-09-06 10:53:56,3,0.66,1.75,cb
TR2609060052558,CL102392,EN00340,velo_elec,Nantes,ST1028,ST1026,2026-09-06 10:52:45,2026-09-06 11:00:45,8,2.63,3.0,paypal
TR2609060052559,CL100979,EN00312,trottinette,Nantes,ST1030,ST1028,2026-09-06 10:47:36,1788685176,12,1.98,3.64,cb
TR2609060052560,CL103688,EN00294,velo_elec,Nantes,ST1033,ST1029,2026-09-06 10:47:53,2026-09-06 10:58:53,11,2.98,3.75,cb
TR2609060052561,CL106426,EN00362,velo_elec,Lille,ST1034,ST1037,2026-09-06 10:57:00,2026-09-06 11:07:00,10,2.7,3.5,paypal
TR2609060052562,CL100693,EN00426,trottinette,Lille,ST1035,ST1044,1788684367,2026-09-06 11:07:07,21,7.18,5.62,
TR2609060052563,CL961484,EN00394,velo_elec,Lille,ST1035,ST1035,2026-09-06 10:54:46,06/09/2026 11:10,16,3.19,5.0,abonnement
TR2609060052564,CL105898,EN00467,velo_elec,Lille,ST1036,ST1037,2026-09-06 10:50:44,2026-09-06 11:07:44,17,5.1,5.25,cb
TR2609060052565,CL100816,EN00476,trottinette, Lille,ST1036,ST1037,2026-09-06 10:49:42,2026-09-06 11:01:42,12,3.39,3.64,cb
TR2609060052566,CL105362,EN00372,trottinette,Lille,ST1040,ST1046,2026-09-06 10:50:01,2026-09-06 10:58:01,8,1.9,2.76,abonnement
TR2609060052567,CL107385,EN00442,trottinette,Lille,ST1042,ST1038,2026-09-06 10:48:13,2026-09-06 10:57:13,9,1.41,2.98,abonnement
TR2609060052568,CL104280,EN00435,trottinette,Lille,ST1044,ST1042,1788684642,06/09/2026 11:00,10,1.61,3.2,cb
TR2609060052569,CL103189,EN00387,velo,Lille,ST1046,ST1040,2026-09-06 10:58:52,06/09/2026 11:08,10,1.74,2.5,abonnement
TR2609060052570,CL106570,EN00530,velo_elec,Grenoble,ST1052,ST1051,2026-09-06 10:50:15,2026-09-06 11:13:15,23,6.75,6.75,cb
TR2609060052571,CL100603,EN00596,velo_elec,Grenoble,ST1056,ST1055,2026-09-06 10:49:21,2026-09-06 10:59:21,10,3.05,3.5,cb
TR2609060052572,CL100408,EN00511,trottinette,Grenoble,ST1057,ST1048,06/09/2026 10:58,2026-09-06 11:10:07,12,2.58,3.64,paypal
TR2609060052573,CL100403,EN00577,velo_elec,Grenoble,ST1058,ST1055,2026-09-06 10:56:50,2026-09-06 11:14:50,8522,4.87,5.5,cb
TR2609060052574,CL100608,EN00152,velo_elec,Lyon,ST1002,ST1018,06/09/2026 11:06,2026-09-06 11:37:20,31,7.6,8.75,paypal
TR2609060052575,CL108414,EN00091,velo_elec,Lyon,ST1003,ST1006,2026-09-06 11:02:14,2026-09-06 11:35:14,33,7.12,9.25,abonnement
TR2609060052576,CL106564,EN00097,velo_elec,Lyon,ST1007,ST1015,06/09/2026 11:04,,13,4.05,4.25,cb
TR2609060052577,CL101898,EN00063,velo_elec,Lyon,ST1009,ST1003,2026-09-06 11:14:31,2026-09-06 11:26:31,12,2.46,4.0,abonnement
TR2609060052578,CL100459,EN00154,trottinette,Lyon,ST1009,ST1016,06/09/2026 11:02,2026-09-06 11:10:22,8,2.68,2.76,paypal
TR2609060052579,CL108453,EN00086,velo_elec,Lyon,ST1011,ST1016,06/09/2026 11:01,2026-09-06 11:14:13,13,4.21,4.25,cb
TR2609060052580,CL106139,EN00050,velo_elec,Lyon,ST1012,ST1010,,2026-09-06 11:20:59,13,2.93,4.25,
TR2609060052581,CL103702,EN00044,trottinette,LYON,ST1012,ST1008,06/09/2026 11:09,2026-09-06 11:14:41,5,1.02,2.1,cb
TR2609060052582,CL104768,EN00200,trottinette,Lyon,ST1013,ST1007,2026-09-06 11:10:14,2026-09-06 11:19:14,9,2.83,2.98,abonnement
TR2609060052583,CL108467,EN00034,velo_elec,Lyon,ST1013,ST1014,,,53,8.32,14.25,abonnement
TR2609060052584,CL105762,EN00163,trottinette,Lyon,ST1014,ST1010,2026-09-06 11:05:21,2026-09-06 11:09:21,4,0.79,1.88,abonnement
TR2609060052585,CL100153,EN00117,trottinette,Lyon,ST1018,ST1006,2026-09-06 11:13:03,1788686283,5,1.44,2.1,cb
TR2609060052586,CL107388,EN00159,velo,Lyon,ST1018,ST1016,2026-09-06 11:03:36,2026-09-06 11:06:36,3,0.9,1.45,cb
TR2609060052587,CL104709,EN00310,trottinette,Nantes,ST1022,ST1029,2026-09-06 11:01:27,2026-09-06 11:17:27,16,3.55,4.52,abonnement
TR2609060052588,CL100135,EN00287,velo_elec,Nantes,ST1024,ST1027,2026-09-06 11:06:21,2026-09-06 11:21:21,15,4.93,4.75,cb
TR2609060052589,CL104393,EN00260,velo_elec,Nantes,ST1029,ST1027,2026-09-06 11:12:15,2026-09-06 11:45:15,33,7.01,9.25,abonnement
TR2609060052590,CL108593,EN00271,velo_elec,Nantes,ST1032,ST1028,2026-09-06 11:03:10,2026-09-06 11:11:10,8,1.28,3.0,cb
TR2609060052591,CL107662,EN00395,trottinette,Lille,ST1035,ST1044,1788685736,2026-09-06 11:22:56,14,3.11,4.08,cb
TR2609060052592,CL106669,EN00484,velo_elec,Lille,ST1039,ST1042,2026-09-06 11:08:04,2026-09-06 11:33:04,25,8.59,7.25,cb
TR2609060052593,CL102052,EN00366,trottinette,Lille,ST1040,ST1047,2026-09-06 11:05:55,2026-09-06 11:15:55,10,3.25,3.2,paypal
TR2609060052594,CL106696,EN00435,trottinette,Lille,ST1042,ST1042,06/09/2026 11:13,2026-09-06 11:21:11,8,2.46,2.76,cb
TR2609060052595,CL103086,EN00422,velo_elec,Lille,ST1047,ST1037,2026-09-06 11:07:42,2026-09-06 11:17:42,10,2.42,3.5,abonnement
TR2609060052596,CL108330,EN00509,trottinette,Grenoble,ST1049,ST1058,2026-09-06 11:16:09,06/09/2026 11:24,8,2.18,2.76,
TR2609060052597,CL105324,EN00546,trottinette,Grenoble,ST1052,ST1058,2026-09-06 11:03:50,2026-09-06 11:29:50,26,4.92,6.72,cb
TR2609060052598,CL103370,EN00584,trottinette,Grenoble,ST1056,ST1051,2026-09-06 11:05:00,06/09/2026 11:24,19,4.87,5.18,cb
TR2609060052599,CL101268,EN00579,trottinette,Grenoble,ST1057,ST1054,2026-09-06 11:14:07,,7,2.04,2.54,cb
TR2609060052600,CL108092,EN00580,velo_elec,Grenoble,ST1058,ST1055,06/09/2026 11:14,2026-09-06 11:27:20,13,2.53,4.25,abonnement
TR2609060052601,CL104045,EN00503,trottinette,Grenoble,ST1058,ST1053,2026-09-06 11:09:09,2026-09-06 11:30:09,21,6.43,5.62,abonnement
TR2609060052602,CL103238,EN00006,trottinette,Lyon,ST1003,ST1012,2026-09-06 11:24:45,06/09/2026 11:35,11,1.84,3.42,cb
TR2609060052603,CL101777,EN00068,velo_elec,Lyon,ST1005,ST1008,2026-09-06 11:28:24,2026-09-06 11:34:24,6,1.31,2.5,abonnement
TR2609060052604,CL107654,EN00074,trottinette,Lyon,ST1007,ST1009,2026-09-06 11:16:12,2026-09-06 11:20:12,4,0.65,1.88,cb
TR2609060052605,CL100595,EN00003,velo_elec,Lyon,ST1009,ST1006,1788686213,06/09/2026 11:36,20,6.59,6.0,abonnement
TR2609060052606,CL108571,EN00021,trottinette,Lyon,ST1009,ST1002,06/09/2026 11:27,2026-09-06 11:32:06,5,1.14,2.1,paypal
TR2609060052607,CL106319,EN00141,velo_elec,Lyon,ST1010,ST1001,2026-09-06 11:20:39,2026-09-06 11:24:39,4,0.82,2.0,paypal
TR2609060052608,CL100647,EN00157,velo_elec,Lyon,ST1012,ST1016,2026-09-06 11:27:11,2026-09-06 11:47:11,20,3.02,6.0,paypal
TR2609060052609,CL108594,EN00057,velo_elec,Lyon,ST1012,ST1006,2026-09-06 11:20:22,2026-09-06 11:38:22,18,4.51,5.5,abonnement
TR2609060052610,CL103913,EN00052,trottinette,Lyon,ST1012,ST1006,2026-09-06 11:28:16,2026-09-06 11:43:16,15,3.55,4.3,abonnement
TR2609060052611,CL100459,EN00137,velo,Lyon,ST1012,ST1001,06/09/2026 11:25,2026-09-06 11:33:34,8,2.72,2.2,abonnement
TR2609060052612,CL104149,EN00079,velo_elec,Lyon,ST1013,ST1001,2026-09-06 11:25:09,1788687129,2761,2.07,2.75,cb
TR2609060052613,CL107149,EN00211,velo_elec,Lyon,ST1015,ST1007,06/09/2026 11:30,2026-09-06 11:44:35,14,2.53,4.5,cb
TR2609060052614,CL102715,EN00036,velo_elec,Lyon,ST1017,ST1009,2026-09-06 11:21:24,2026-09-06 11:42:24,21,4.72,6.25,cb
TR2609060052615,CL100506,EN00190,trottinette,Lyon,ST1019,ST1003,2026-09-06 11:18:54,2026-09-06 11:34:54,16,4.43,4.52,cb
TR2609060052616,CL106332,EN00267,trottinette,Nantes,ST1021,ST1026,06/09/2026 11:24,2026-09-06 11:40:59,16,2.8,4.52,cb
TR2609060052617,CL104580,EN00235,trottinette,Nantes,ST1023,ST1029,2026-09-06 11:17:22,2026-09-06 11:27:22,10,2.76,3.2,cb
TR2609060052618,CL103268,EN00295,velo_elec,Nantes,ST1023,ST1021,06/09/2026 11:24,06/09/2026 11:40,16,2.98,5.0,paypal
TR2609060052619,CL106212,EN00319,velo_elec,Nantes,ST1030,ST1026,06/09/2026 11:19,06/09/2026 11:49,30,6.11,8.5,abonnement
TR2609060052620,CL103085,EN00290,trottinette,Nantes,ST1031,ST1026,2026-09-06 11:20:35,2026-09-06 11:30:35,10,3.38,3.2,abonnement
TR2609060052621,CL108887,EN00464,trottinette,Lille,ST1035,ST1040,2026-09-06 11:23:55,2026-09-06 11:29:55,6,1.16,2.32,paypal
TR2609060052622,CL104249,EN00409,trottinette,Lille,ST1036,ST1034,06/09/2026 11:21,2026-09-06 11:31:12,10,3.49,3.2,abonnement
TR2609060052623,CL107071,EN00479,trottinette,Lille,ST1037,ST1037,06/09/2026 11:16,2026-09-06 11:33:45,17,3.06,4.74,abonnement
TR2609060052624,CL108812,EN00362,velo_elec,Lille,ST1037,ST1039,,2026-09-06 11:45:32,22,3.82,6.5,cb
TR2609060052625,CL106190,EN00488,velo_elec,Lille,ST1042,ST1037,2026-09-06 11:18:45,1788686865,9,2.35,3.25,cb
TR2609060052626,CL101167,EN00379,velo_elec,Lille,ST1042,ST1040,2026-09-06 11:23:30,06/09/2026 11:39,16,5.23,5.0,paypal
TR2609060052627,CL101642,EN00368,trottinette,Lille,ST1045,ST1034,1788686320,2026-09-06 11:30:40,12,1.88,3.64,cb
TR2609060052628,CL106567,EN00372,trottinette,Lille,ST1046,ST1042,2026-09-06 11:25:09,2026-09-06 11:29:09,4,0.97,1.88,cb
TR2609060052629,CL106405,EN00587,trottinette,Grenoble,ST1048,ST1049,2026-09-06 11:28:53,2026-09-06 11:47:53,19,3.42,5.18,
TR2609060052630,CL102669,EN00592,velo_elec,Grenoble,ST1051,ST1058,1788686198,2026-09-06 11:26:38,10,3.17,3.5,abonnement
TR2609060052631,CL108211,EN00063,velo_elec,Lyon,ST1003,ST1010,2026-09-06 11:32:55,06/09/2026 12:31,59,19.52,15.75,abonnement
TR2609060052632,CL100303,EN00083,velo_elec,Lyon,ST1006,ST1012,2026-09-06 11:38:05,2026-09-06 11:56:05,18,6.25,5.5,abonnement
TR2609060052633,CL101847,EN00200,trottinette,Lyonn,ST1007,ST1007,,2026-09-06 11:47:57,12,2.71,3.64,abonnement
TR2609060052634,CL105323,EN00212,trottinette,Lyonn,ST1013,ST1003,2026-09-06 11:35:56,2026-09-06 11:56:56,21,6.81,5.62,cb
TR2609060052635,CL105318,EN00183,velo_elec,Lyon,ST1014,ST1010,2026-09-06 11:44:26,06/09/2026 11:54,10,2.56,3.5,cb
TR2609060052636,CL107624,EN00066,trottinette,Lyon,ST1018,ST1012,2026-09-06 11:31:30,2026-09-06 11:53:30,22,5.73,5.84,cb
TR2609060052637,CL100641,EN00302,velo_elec,Nantes,ST1020,ST1032,2026-09-06 11:38:56,,41,7.52,11.25,paypal
TR2609060052638,CL104203,EN00237,velo_elec,Nantes,ST1023,ST1029,2026-09-06 11:46:04,1788688444,8,1.79,3.0,cb
TR2609060052639,CL101258,EN00283,trottinette,Nantes,ST1031,ST1020,2026-09-06 11:43:30,2026-09-06 11:48:30,5,1.39,2.1,abonnement
TR2609060052640,CL105273,EN00485,trottinette,Lille,ST1034,ST1035,1788687526,1788688426,15,2.32,4.3,abonnement
TR2609060052641,CL106226,EN00417,trottinette,Lille,ST1038,ST1037,2026-09-06 11:36:45,2026-09-06 11:44:45,8,2.33,2.76,cb
TR2609060052642,CL102061,EN00496,velo_elec,Lille,ST1040,ST1037,2026-09-06 11:31:59,2026-09-06 11:43:59,12,2.5,4.0,paypal
TR2609060052643,CL103514,EN00372,trottinette,Lille,ST1042,ST1037,2026-09-06 11:40:45,2026-09-06 11:42:45,2,0.54,1.44,abonnement
TR2609060052644,CL107773,EN00435,trottinette,Lille,ST1042,ST1035,2026-09-06 11:44:43,2026-09-06 12:03:43,19,3.42,5.18,cb
TR2609060052645,CL105365,EN00414,velo_elec,Lille,ST1047,ST1036,2026-09-06 11:36:44,2026-09-06 11:45:44,9,2.09,3.25,paypal
TR2609060052646,CL100509,EN00508,trottinette,Grenoble,ST1052,ST1057,2026-09-06 11:45:13,2026-09-06 12:05:13,20,3.32,5.4,cb
TR2609060052647,CL102367,EN00503,trottinette,Grenoble,ST1053,ST1055,2026-09-06 11:37:41,2026-09-06 11:51:41,14,3.22,4.08,abonnement
TR2609060052648,CL108151,EN00579,trottinette,Grenoble,ST1054,ST1057,2026-09-06 11:44:51,1788688551,11,1.99,3.42,cb
TR2609060052649,CL106244,EN00566,trottinette,Grenoble,ST1058,ST1048,2026-09-06 11:38:10,2026-09-06 11:42:10,4,1.07,1.88,cb
TR2609060052650,CL108788,EN00140,trottinette,Lyon,ST1004,ST1002,2026-09-06 11:50:40,2026-09-06 12:01:40,11,1.82,3.42,cb
TR2609060052651,CL108804,EN00131,trottinette,Lyon,ST1004,ST1005,2026-09-06 11:56:08,2026-09-06 12:26:08,30,8.12,7.6,cb
TR2609060052652,CL102668,EN00211,velo_elec,Lyon,ST1007,ST1017,06/09/2026 11:50,1788688769,9,2.61,3.25,abonnement
TR2609060052653,CL107815,EN00033,trottinette,Lyon,ST1007,ST1008,06/09/2026 11:52,2026-09-06 12:25:54,33,10.43,8.26,cb
TR2609060052654,CL108745,EN00001,velo_elec,Lyon,ST1007,ST1015,06/09/2026 11:53,2026-09-06 12:02:46,9,2.69,3.25,cb
TR2609060052655,CL107480,EN00074,trottinette,Lyon,ST1009,ST1012,2026-09-06 11:51:15,2026-09-06 12:25:15,34,10.42,8.48,cb
TR2609060052656,CL103336,EN00050,velo_elec,Lyon,ST1010,ST1009,06/09/2026 11:53,2026-09-06 12:03:15,10,1.8,,cb
TR2609060052657,CL103645,EN00185,trottinette,Lyon,ST1011,ST1012,2026-09-06 11:59:17,2026-09-06 12:04:17,5,1.23,2.1,cb
TR2609060052658,CL104558,EN00058,velo_elec,Lyon,ST1011,ST1001,06/09/2026 11:57,2026-09-06 12:45:50,48,8.02,,cb
TR2609060052659,CL108362,EN00035,velo_elec,Lyon,ST1013,ST1003,2026-09-06 11:49:56,2026-09-06 12:05:56,16,3.25,5.0,cb
TR2609060052660,CL105858,EN00039,velo_elec,Lyon,ST1013,ST1002,2026-09-06 12:00:03,2026-09-06 12:05:03,5,1.48,2.25,abonnement
TR2609060052661,CL104494,EN00097,velo_elec,Lyon,ST1015,ST1012,2026-09-06 11:53:34,2026-09-06 12:21:34,28,8.22,8.0,cb
TR2609060052662,CL105446,EN00181,velo_elec,Lyon,ST1015,ST1007,2026-09-06 11:54:03,2026-09-06 12:03:03,9,2.99,3.25,cb
TR2609060052663,CL101142,EN00067,velo_elec,Lyon,ST1016,ST1008,2026-09-06 11:51:17,2026-09-06 11:57:17,6,1.58,2.5,paypal
TR2609060052664,CL105329,EN00121,trottinette,Lyon,ST1019,ST1014,2026-09-06 11:48:06,2026-09-06 11:55:06,7,1.84,2.54,
TR2609060052665,CL103942,EN00274,velo,Nantes,ST1023,ST1020,1788687997,2026-09-06 12:02:37,16,3.78,3.4,abonnement
TR2609060052666,CL104454,EN00290,trottinette,Nantes,ST1026,ST1031,2026-09-06 11:51:13,2026-09-06 12:05:13,14,3.74,4.08,cb
TR2609060052667,CL100370,EN00300,velo_elec,Nantes,ST1029,ST1021,2026-09-06 11:49:05,2026-09-06 11:53:05,4,0.62,2.0,cb
TR2609060052668,CL102268,EN00264,trottinette,Nantes,ST1031,ST1027,1788688244,06/09/2026 11:56,6,2.09,2.32,cb
TR2609060052669,CL103705,EN00346,velo,Nantes,ST1031,ST1024,1788688400,2026-09-06 12:03:20,10,2.06,2.5,cb
TR2609060052670,CL108644,EN00233,velo_elec,Nantes,ST1032,ST1033,2026-09-06 11:54:02,2026-09-06 12:15:02,21,4.7,6.25,cb
TR2609060052671,CL100817,EN00291,velo_elec,Nantes,ST1033,ST1028,2026-09-06 11:57:58,2026-09-06 12:13:58,16,5.11,5.0,cb
TR2609060052672,CL103491,EN00281,velo_elec,Nantes,ST1033,ST1024,2026-09-06 11:54:33,2026-09-06 12:05:33,11,2.74,3.75,cb
TR2609060052673,CL105204,EN00394,velo_elec,Lille,ST1035,ST1041,2026-09-06 11:49:05,06/09/2026 12:01,12,3.99,4.0,cb
TR2609060052674,CL105457,EN00484,velo_elec,Lille,ST1042,ST1040,06/09/2026 11:49,06/09/2026 11:59,10,1.9,3.5,cb
TR2609060052675,CL103115,EN00481,velo_elec,Lille,ST1042,ST1044,06/09/2026 11:50,06/09/2026 11:57,7,2.38,2.75,cb
TR2609060052676,CL105401,EN00393,trottinette,Lille,ST1042,ST1046,2026-09-06 11:49:10,2026-09-06 12:07:10,18,3.59,4.96,cb
TR2609060052677,CL105659,EN00456,trottinette,lille,ST1043,ST1046,2026-09-06 11:50:09,2026-09-06 11:59:09,9,2.03,2.98,abonnement
TR2609060052678,CL108813,EN00377,trottinette,Lille,ST1045,ST1047,2026-09-06 11:52:49,2026-09-06 12:02:49,10,1.73,3.2,paypal
TR2609060052679,CL100756,EN00520,velo_elec,Grenoble,ST1052,ST1050,2026-09-06 11:55:25,2026-09-06 12:06:25,11,2.85,3.75,paypal
TR2609060052680,CL107879,EN00559,trottinette,Grenoble,ST1055,ST1055,06/09/2026 11:51,2026-09-06 12:21:13,30,8.79,7.6,cb
TR2609060052681,CL102071,EN00141,velo_elec,Lyon,ST1001,ST1008,06/09/2026 12:10,2026-09-06 12:35:39,25,6.87,7.25,paypal
TR2609060052682,CL102986,EN00093,velo_elec,Lyon,ST1006,ST1005,06/09/2026 12:04,2026-09-06 12:14:09,10,3.41,3.5,cb
TR2609060052683,CL106503,EN00062,trottinette,Lyon,ST1008,ST1016,06/09/2026 12:13,2026-09-06 12:19:19,6,1.0,2.32,
TR2609060052684,CL106151,EN00119,trottinette,Lyon,ST1010,ST1003,2026-09-06 12:12:20,2026-09-06 12:22:20,10,2.95,3.2,cb
TR2609060052685,CL101252,EN00006,trottinette,Lyon,ST1012,ST1012,,2026-09-06 12:25:13,15,4.48,4.3,abonnement
TR2609060052686,CL103036,EN00034,velo_elec,Lyon,ST1014,ST1005,2026-09-06 12:11:00,2026-09-06 12:22:00,11,3.58,3.75,abonnement
TR2609060052687,CL100473,EN00106,trottinette,LYON,ST1014,ST1002,2026-09-06 12:02:39,2026-09-06 12:18:39,16,4.2,4.52,cb
TR2609060052688,CL102486,EN00219,velo_elec,Lyon,ST1014,ST1008,2026-09-06 12:01:29,06/09/2026 12:08,7,1.47,2.75,cb
TR2609060052689,CL103117,EN00173,velo_elec,Lyon,ST1015,ST1009,06/09/2026 12:01,2026-09-06 12:10:37,9,3.11,3.25,cb
TR2609060052690,CL101092,EN00129,velo_elec,Lyon,ST1016,ST1007,06/09/2026 12:13,2026-09-06 12:28:31,15,3.54,4.75,abonnement
TR2609060052691,CL105815,EN00180,trottinette,Lyon,ST1016,ST1008,,2026-09-06 12:08:56,4,0.67,1.88,cb
TR2609060052692,CL100904,EN00211,velo_elec,Lyon,ST1017,ST1006,2026-09-06 12:11:08,2026-09-06 12:19:08,8,2.71,3.0,cb
TR2609060052693,CL105098,EN00271,velo_elec,Nantes,ST1028,ST1031,2026-09-06 12:03:46,2026-09-06 12:15:46,12,2.16,4.0,cb
TR2609060052694,CL105996,EN00277,velo_elec,Nantes,ST1029,ST1023,2026-09-06 12:04:29,2026-09-06 12:08:29,4,0.82,2.0,cb
TR2609060052695,CL105647,EN00223,velo,Nantes,ST1031,ST1028,06/09/2026 12:11,2026-09-06 12:27:40,16,4.72,3.4,cb
TR2609060052696,CL101210,EN00485,trottinette,Lille,ST1035,ST1038,1788689556,2026-09-06 12:18:36,6,1.9,2.32,abonnement
TR2609060052697,CL104289,EN00414,velo_elec,Lille,ST1036,ST1043,2026-09-06 12:06:13,06/09/2026 12:19,13,3.65,4.25,abonnement
TR2609060052698,CL105495,EN00372,trottinette,Lille,ST1037,ST1042,06/09/2026 12:08,,18,4.66,4.96,cb
TR2609060052699,CL100047,EN00444,trottinette,Lille,ST1038,ST1039,2026-09-06 12:07:11,06/09/2026 12:28,21,6.04,5.62,abonnement
TR2609060052700,CL108827,EN00426,trottinette,Lille,ST1044,ST1045,,2026-09-06 12:13:39,12,2.58,3.64,abonnement
TR2609060052701,CL100096,EN00439,velo_elec,Lille,ST1045,ST1038,2026-09-06 12:15:25,2026-09-06 12:30:25,15,4.73,4.75,abonnement
TR2609060052702,CL101149,EN00366,trottinette,Lille,ST1047,ST1042,2026-09-06 12:12:57,2026-09-06 12:19:57,7,2.29,2.54,abonnement
TR2609060052703,CL100619,EN00532,velo_elec,Grenoble,ST1048,ST1057,2026-09-06 12:13:05,2026-09-06 12:24:05,11,2.32,3.75,abonnement
TR2609060052704,CL105295,EN00587,trottinette,Grenoble,ST1049,ST1056,2026-09-06 12:13:48,2026-09-06 12:31:48,18,5.1,4.96,abonnement
TR2609060052705,CL105794,EN00570,trottinette,Grenoble,ST1051,ST1055,2026-09-06 12:10:34,2026-09-06 12:55:34,45,8.68,10.9,cb
TR2609060052706,CL103586,EN00591,velo_elec,Grenoble,ST1052,ST1055,2026-09-06 12:12:12,06/09/2026 12:21,9,1.42,3.25,cb
TR2609060052707,CL103890,EN00577,velo_elec,Grenoble ,ST1055,ST1054,2026-09-06 12:09:16,2026-09-06 12:32:16,23,3.51,6.75,cb
TR2609060052708,CL101266,EN00592,velo_elec,Grenoble ,ST1058,ST1048,2026-09-06 12:06:19,1788689359,3,0.82,1.75,abonnement
TR2609060052709,CL107227,EN00146,trottinette,Lyon,ST1003,ST1007,2026-09-06 12:16:18,06/09/2026 12:42,26,5.23,6.72,paypal
TR2609060052710,CL101703,EN00174,velo_elec,Lyon,ST1003,ST1008,2026-09-06 12:29:26,2026-09-06 12:40:26,11,1.69,3.75,cb
TR2609060052711,CL108780,EN00210,trottinette,Lyon,ST1004,ST1012,2026-09-06 12:28:20,06/09/2026 12:41,-8,2.78,3.86,paypal
TR2609060052712,CL107654,EN00200,trottinette,Lyon,ST1007,ST1015,06/09/2026 12:16,2026-09-06 12:31:32,15,3.21,4.3,cb
TR2609060052713,CL107325,EN00163,trottinette,Lyon,ST1010,ST1015,2026-09-06 12:16:08,2026-09-06 12:22:08,6,2.06,2.32,cb
TR2609060052714,CL104615,EN00071,velo_elec,Lyon,ST1011,ST1009,2026-09-06 12:28:50,06/09/2026 12:54,4063,5.28,7.5,cb
TR2609060052715,CL102136,EN00055,trottinette,Lyon,ST1011,ST1003,2026-09-06 12:24:35,2026-09-06 12:40:35,16,2.48,4.52,cb
TR2609060052716,CL103731,EN00025,velo_elec,Lyon,ST1011,ST1009,06/09/2026 12:27,,14,2.11,4.5,cb
TR2609060052717,CL104009,EN00185,trottinette,lyon,ST1012,ST1011,2026-09-06 12:25:11,1788691571,21,4.86,5.62,paypal
TR2609060052718,CL101205,EN00083,velo_elec,Lyon,ST1012,ST1017,06/09/2026 12:17,2026-09-06 12:23:59,6,0.91,2.5,abonnement
TR2609060052719,CL100091,EN00178,velo_elec,Lyon,ST1013,ST1008,2026-09-06 12:28:21,2026-09-06 13:35:21,67,11.79,17.75,cb
TR2609060052720,CL100114,EN00184,velo_elec,Lyon,ST1014,ST1005,2026-09-06 12:17:04,06/09/2026 12:26,9,2.4,3.25,cb
TR2609060052721,CL108697,EN00019,trottinette,Lyon,ST1015,ST1013,2026-09-06 12:28:54,2026-09-06 12:33:54,5,0.79,2.1,abonnement
TR2609060052722,CL107488,EN00167,trottinette,Lyon,ST1017,ST1007,2026-09-06 12:19:46,2026-09-06 12:29:46,10,1.93,3.2,paypal
TR2609060052723,CL103598,EN00359,trottinette,Nantes,ST1020,ST1023,2026-09-06 12:25:40,06/09/2026 12:31,6,1.43,2.32,paypal
TR2609060052724,CL102623,EN00300,velo_elec,Nantes,ST1021,ST1020,2026-09-06 12:22:59,2026-09-06 12:44:59,22,5.3,6.5,paypal
TR2609060052725,CL101036,EN00267,trottinette,nantes,ST1026,ST1027,2026-09-06 12:29:24,2026-09-06 12:32:24,3,0.72,1.66,abonnement
TR2609060052726,CL106458,EN00315,velo_elec,Nantes,ST1026,ST1020,2026-09-06 12:21:06,2026-09-06 12:28:06,7,1.23,2.75,cb
TR2609060052727,CL105952,EN00340,velo_elec,Nantes,ST1026,ST1030,2026-09-06 12:28:46,1788691546,17,2.76,5.25,paypal
TR2609060052728,CL106357,EN00235,trottinette,NANTES,ST1029,ST1021,2026-09-06 12:19:36,06/09/2026 12:26,7,1.73,2.54,cb
TR2609060052729,CL106850,EN00386,trottinette,Lille,ST1035,ST1047,2026-09-06 12:22:06,2026-09-06 12:29:06,7,2.33,2.54,paypal
TR2609060052730,CL107303,EN00483,trottinette,Lille,ST1036,ST1034,2026-09-06 12:25:06,2026-09-06 12:47:06,22,3.7,5.84,cb
TR2609060052731,CL105483,EN00442,trottinette,Lille,ST1038,ST1041,1788690126,2026-09-06 12:27:06,5,1.65,2.1,cb
TR2609060052732,CL108573,EN00498,trottinette,Lille,ST1039,ST1034,2026-09-06 12:24:56,2026-09-06 12:34:56,10,2.22,3.2,cb
TR2609060052733,CL102382,EN00362,velo_elec,Lille,ST1039,ST1047,2026-09-06 12:27:10,06/09/2026 12:30,3,0.75,1.75,cb
TR2609060052734,CL107583,EN00461,velo_elec,Lille,ST1042,ST1036,,1788690291,5,1.56,2.25,abonnement
TR2609060052735,CL100899,EN00492,velo_elec,Lille,ST1042,ST1035,2026-09-06 12:19:36,2026-09-06 12:28:36,9,2.42,3.25,cb
TR2609060052736,CL101063,EN00441,velo_elec,Lille,ST1042,ST1042,2026-09-06 12:18:04,06/09/2026 12:24,6,1.56,2.5,abonnement
TR2609060052737,CL104573,EN00426,trottinette,lille,ST1045,ST1045,2026-09-06 12:17:13,2026-09-06 13:17:13,60,10.65,14.2,cb
TR2609060052738,CL108353,EN00361,trottinette,Lille,ST1045,ST1043,2026-09-06 12:24:58,2026-09-06 12:30:58,6,1.43,2.32,cb
TR2609060052739,CL100400,EN00378,velo_elec,Lille,ST1045,ST1041,1788690248,2026-09-06 12:46:08,22,6.24,6.5,abonnement
TR2609060052740,CL108883,EN00486,velo,Lille,ST1045,ST1046,2026-09-06 12:28:50,2026-09-06 12:38:50,10,2.65,2.5,cb
TR2609060052741,CL108865,EN00456,trottinette,Lille,ST1046,ST1041,2026-09-06 12:23:05,06/09/2026 12:32,9,1.69,2.98,cb
TR2609060052742,CL107122,EN00393,trottinette,Lille,ST1046,ST1039,2026-09-06 12:30:11,2026-09-06 12:45:11,15,2.97,4.3,abonnement
TR2609060052743,CL107805,EN00377,trottinette,Lille,ST1047,ST1037,2026-09-06 12:18:43,2026-09-06 12:26:43,8,2.71,2.76,abonnement
TR2609060052744,CL103031,EN00541,velo_elec,Grenoble,ST1049,ST1051,1788690189,2026-09-06 12:29:09,6,1.49,2.5,cb
TR2609060052745,CL106511,EN00585,velo_elec,GRENOBLE,ST1053,ST1055,2026-09-06 12:20:03,2026-09-06 12:25:03,5,1.68,2.25,abonnement
TR2609060052746,CL101091,EN00014,velo_elec,Lyon,ST1003,ST1017,2026-09-06 12:32:13,2026-09-06 12:49:13,17,3.59,5.25,cb
TR2609060052747,CL100753,EN00053,trottinette,Lyon,ST1004,ST1010,2026-09-06 12:35:44,,11,2.15,3.42,paypal
TR2609060052748,CL104395,EN00093,velo_elec,Lyon,ST1005,ST1002,2026-09-06 12:32:20,2026-09-06 12:41:20,9,1.56,3.25,abonnement
TR2609060052749,CL107912,EN00131,trottinette,Lyon ,ST1005,ST1018,2026-09-06 12:38:57,2026-09-06 12:44:57,6,1.82,2.32,cb
TR2609060052750,CL103603,EN00003,velo_elec,Lyon,ST1006,ST1004,2026-09-06 12:41:32,2026-09-06 12:57:32,16,3.01,5.0,paypal
TR2609060052751,CL101494,EN00129,velo_elec,Lyon,ST1007,ST1011,2026-09-06 12:36:47,1788691967,16,3.23,5.0,cb
TR2609060052752,CL105980,EN00145,trottinette,Lyon,ST1008,ST1011,2026-09-06 12:37:42,2026-09-06 12:40:42,3,0.91,1.66,abonnement
TR2609060052753,CL102072,EN00067,velo_elec,Lyon,ST1008,ST1006,2026-09-06 12:38:26,2026-09-06 13:03:26,25,6.87,7.25,paypal
TR2609060052754,CL102847,EN00036,velo_elec,Lyon,ST1009,ST1006,1788690711,2026-09-06 12:45:51,14,3.84,4.5,abonnement
TR2609060052755,CL105352,EN00158,velo_elec,Lyon,ST1013,ST1011,2026-09-06 12:39:53,2026-09-06 12:48:53,9,1.93,3.25,cb
TR2609060052756,CL105224,EN00127,trottinette,lyon,ST1013,ST1003,2026-09-06 12:37:58,2026-09-06 12:43:58,6,2.07,2.32,paypal
TR2609060052757,CL102695,EN00217,velo_elec,Lyon,ST1014,ST1011,06/09/2026 12:40,2026-09-06 12:46:18,6,1.68,2.5,
TR2609060052758,CL107480,EN00121,trottinette,Lyon,ST1014,ST1011,06/09/2026 12:40,2026-09-06 12:51:02,11,2.15,3.42,cb
TR2609060052759,CL108202,EN00001,velo_elec,Lyon,ST1015,ST1006,2026-09-06 12:39:37,,2,0.34,1.5,cb
TR2609060052760,CL102639,EN00200,trottinette,Lyon,ST1015,ST1018,2026-09-06 12:40:24,06/09/2026 13:04,24,7.77,6.28,cb
TR2609060052761,CL107110,EN00157,velo_elec,Lyon,ST1016,ST1012,2026-09-06 12:37:22,06/09/2026 12:49,12,2.04,4.0,cb
TR2609060052762,CL102241,EN00150,trottinette,lyon,ST1016,ST1018,2026-09-06 12:39:28,06/09/2026 12:42,3,0.69,1.66,cb
TR2609060052763,CL103808,EN00201,velo_elec,Lyon,ST1017,ST1006,2026-09-06 12:33:42,2026-09-06 12:37:42,4,0.89,2.0,cb
TR2609060052764,CL104926,EN00083,velo_elec,Lyon,ST1017,ST1005,06/09/2026 12:39,2026-09-06 12:47:21,8,1.29,3.0,abonnement
TR2609060052765,CL101194,EN00152,velo_elec,Lyonn,ST1018,ST1016,2026-09-06 12:45:25,2026-09-06 12:49:25,4,1.37,2.0,paypal
TR2609060052766,CL106275,EN00024,velo_elec,Lyon,ST1019,ST1001,2026-09-06 12:38:17,2026-09-06 12:58:17,20,5.83,6.0,cb
TR2609060052767,CL101433,EN00096,velo_elec,Lyon,ST1019,ST1018,06/09/2026 12:40,1788692094,14,3.84,4.5,abonnement
TR2609060052768,CL107364,EN00139,velo_elec,Lyon,ST1019,ST1014,2026-09-06 12:33:20,1788691760,16,4.88,5.0,cb
TR2609060052769,CL101691,EN00030,trottinette,Lyon,ST1019,ST1012,2026-09-06 12:39:44,2026-09-06 12:45:44,6,0.93,2.32,cb
TR2609060052770,CL108782,EN00229,trottinette,Nantes,ST1024,ST1026,2026-09-06 12:40:07,06/09/2026 12:53,13,3.9,3.86,cb
TR2609060052771,CL104614,EN00435,trottinette,Lille,ST1035,ST1043,06/09/2026 12:42,06/09/2026 12:50,8,1.92,2.76,cb
TR2609060052772,CL107829,EN00400,trottinette,Lille,ST1036,ST1041,2026-09-06 12:36:18,1788692178,20,5.85,5.4,cb
TR2609060052773,CL108385,EN00414,velo_elec,LILLE,ST1043,ST1041,2026-09-06 12:36:30,2026-09-06 12:44:30,8,2.2,3.0,cb
TR2609060052774,CL102156,EN00499,velo,lille,ST1046,ST1040,2026-09-06 12:35:51,2026-09-06 12:52:51,17,4.36,3.55,abonnement
TR2609060052775,CL102575,EN00513,velo_elec,Grenoble,ST1048,ST1051,2026-09-06 12:40:00,1788691860,11,2.3,3.75,cb
TR2609060052776,CL104092,EN00566,trottinette,Grenoble,ST1048,ST1052,2026-09-06 12:33:19,06/09/2026 12:37,4,1.18,1.88,abonnement
TR2609060052777,CL101572,EN00577,velo_elec,Grenoble,ST1054,ST1057,2026-09-06 12:36:54,2026-09-06 12:53:54,17,5.58,5.25,cb
TR2609060052778,CL103890,EN00532,velo_elec,Grenoble,ST1057,ST1055,2026-09-06 12:37:07,2026-09-06 12:48:07,11,2.64,3.75,cb
TR2609060052779,CL106497,EN00508,trottinette,GRENOBLE,ST1057,ST1053,2026-09-06 12:36:45,06/09/2026 12:46,10,1.84,3.2,abonnement
TR2609060052780,CL108453,EN00135,trottinette,Lyon,ST1004,ST1002,1788691683,2026-09-06 13:09:03,21,6.98,5.62,cb
TR2609060052781,CL103307,EN00174,velo_elec,Lyon,ST1008,ST1015,2026-09-06 12:57:41,2026-09-06 13:00:41,3,0.91,1.75,cb
TR2609060052782,CL104793,EN00050,velo_elec,Lyon,ST1009,ST1009,06/09/2026 12:48,2026-09-06 13:04:10,16,4.67,5.0,abonnement
TR2609060052783,CL105825,EN00213,trottinette,Lyon,ST1009,ST1004,2026-09-06 12:55:01,06/09/2026 13:02,7,1.3,2.54,abonnement
TR2609060052784,CL106438,EN00013,velo_elec,Lyon,ST1009,ST1009,2026-09-06 12:46:38,2026-09-06 13:20:38,34,7.94,9.5,cb
TR2609060052785,CL104076,EN00019,trottinette,Lyon,ST1013,ST1011,2026-09-06 12:58:50,2026-09-06 13:07:50,9,3.01,2.98,cb
TR2609060052786,CL105848,EN00118,trottinette,Lyon,ST1013,ST1001,06/09/2026 12:49,2026-09-06 12:58:44,9,1.74,2.98,cb
TR2609060052787,CL107544,EN00172,trottinette,Lyon,ST1013,ST1002,2026-09-06 12:55:39,2026-09-06 13:17:39,22,4.07,5.84,cb
TR2609060052788,CL108036,EN00062,trottinette,Lyon,ST1016,ST1010,2026-09-06 12:57:23,,18,4.05,4.96,abonnement
TR2609060052789,CL101043,EN00054,trottinette,lyon,ST1017,ST1002,2026-09-06 12:50:30,2026-09-06 12:58:30,8,1.63,2.76,abonnement
TR2609060052790,CL107842,EN00348,velo_elec,Nantes,ST1021,ST1023,2026-09-06 12:49:02,2026-09-06 13:00:02,11,3.09,3.75,cb
TR2609060052791,CL105500,EN00267,trottinette,NANTES,ST1027,ST1026,2026-09-06 12:49:47,2026-09-06 12:55:47,6,1.66,2.32,abonnement
TR2609060052792,CL107012,EN00271,velo_elec,Nantes,ST1031,ST1030,2026-09-06 12:58:07,06/09/2026 13:10,12,3.31,4.0,paypal
TR2609060052793,CL101823,EN00290,trottinette,Nantes,ST1031,ST1031,2026-09-06 12:46:55,2026-09-06 12:59:55,13,2.94,3.86,cb
TR2609060052794,CL107059,EN00302,velo_elec,Nantes,ST1032,ST1028,2026-09-06 12:47:07,2026-09-06 12:53:07,6,1.99,2.5,cb
TR2609060052795,CL100933,EN00233,velo_elec,Nantes,ST1033,ST1022,1788692420,2026-09-06 13:11:20,11,2.0,3.75,abonnement
TR2609060052796,CL108002,EN00446,trottinette,Lille,ST1036,ST1043,2026-09-06 12:49:22,2026-09-06 13:56:22,67,21.83,15.74,cb
TR2609060052797,CL108255,EN00372,trottinette, Lille,ST1042,ST1040,06/09/2026 12:51,2026-09-06 12:59:07,8,2.75,2.76,abonnement
TR2609060052798,CL108968,EN00486,velo,Lille,ST1046,ST1035,2026-09-06 12:54:04,06/09/2026 13:01,7,2.4,2.05,abonnement
TR2609060052799,CL100941,EN00362,velo_elec,Lille,ST1047,ST1047,2026-09-06 12:59:10,2026-09-06 13:18:10,19,3.16,5.75,abonnement
TR2609060052800,CL100521,EN00415,trottinette,Lille,ST1047,ST1047,2026-09-06 12:57:39,2026-09-06 13:14:39,17,5.2,4.74,cb
TR2609060052801,CL104742,EN00592,velo_elec,Grenoble,ST1048,ST1056,06/09/2026 12:59,2026-09-06 13:10:31,11,3.65,,abonnement
TR2609060052802,CL106545,EN00520,velo_elec,Grenoble,ST1050,ST1048,2026-09-06 12:51:30,2026-09-06 13:07:30,16,3.26,5.0,
TR2609060052803,CL100252,EN00058,velo_elec,Lyon,ST1001,ST1017,2026-09-06 13:04:13,2026-09-06 13:09:13,5,1.4,2.25,cb
TR2609060052804,CL100700,EN00083,velo_elec,Lyon,ST1005,ST1016,2026-09-06 13:12:15,2026-09-06 13:41:15,29,5.4,8.25,cb
TR2609060052805,CL103226,EN00057,velo_elec,Lyon,ST1006,ST1019,,2026-09-06 13:33:48,20,3.4,6.0,cb
TR2609060052806,CL107680,EN00091,velo_elec,lyon,ST1006,ST1016,2026-09-06 13:03:59,2026-09-06 13:09:59,6,1.26,2.5,abonnement
TR2609060052807,CL103867,EN00025,velo_elec,Lyon,ST1009,ST1003,06/09/2026 13:12,2026-09-06 13:25:34,13,4.4,4.25,abonnement
TR2609060052808,CL106364,EN00145,trottinette,Lyon,ST1011,ST9688,2026-09-06 13:01:52,06/09/2026 13:21,20,3.32,5.4,cb
TR2609060052809,CL107612,EN00157,velo_elec,Lyon,ST1012,ST1017,2026-09-06 13:13:48,06/09/2026 13:45,32,5.4,9.0,abonnement
TR2609060052810,CL104514,EN00210,trottinette,Lyon,ST1012,ST1014,2026-09-06 13:15:23,2026-09-06 13:24:23,9,1.58,2.98,abonnement
TR2609060052811,CL105638,EN00014,velo_elec,Lyon,ST1017,ST1003,2026-09-06 13:00:49,2026-09-06 13:07:49,7,2.26,2.75,cb
TR2609060052812,CL101864,EN00277,velo_elec,nantes,ST1023,ST1028,2026-09-06 13:03:49,2026-09-06 13:20:49,17,4.66,5.25,paypal
TR2609060052813,CL106357,EN00359,trottinette,Nantes,ST1023,ST1025,2026-09-06 13:12:38,2026-09-06 13:20:38,8,2.6,2.76,cb
TR2609060052814,CL102629,EN00292,velo_elec,Nantes,ST1025,ST1029,06/09/2026 13:12,2026-09-06 13:34:40,22,3.86,6.5,
TR2609060052815,CL101638,EN00267,trottinette,Nantes,ST1026,ST1025,2026-09-06 13:02:22,2026-09-06 13:11:22,9,2.35,2.98,cb
TR2609060052816,CL103818,EN00290,trottinette,Nantes,ST1031,ST1029,2026-09-06 13:08:44,2026-09-06 13:18:44,10,2.35,3.2,cb
TR2609060052817,CL106225,EN00306,velo,Nantes,ST1033,ST1030,2026-09-06 13:12:33,2026-09-06 13:45:33,33,9.58,5.95,cb
TR2609060052818,CL106900,EN00484,velo_elec,Lille,ST1040,ST1044,06/09/2026 13:08,2026-09-06 13:26:07,18,3.81,5.5,cb
TR2609060052819,CL101536,EN00438,trottinette,Lille,ST1044,ST1046,2026-09-06 13:11:06,2026-09-06 13:19:06,8,1.62,2.76,cb
TR2609060052820,CL102276,EN00531,trottinette,grenoble,ST1053,ST1056,2026-09-06 13:08:32,2026-09-06 13:43:32,35,8.21,8.7,cb
TR2609060052821,CL100123,EN00532,velo_elec,Grenoble,ST1055,ST1054,06/09/2026 13:10,1788693862,14,2.56,4.5,cb
TR2609060052822,CL105557,EN00507,trottinette,Grenoble,ST1058,ST1051,2026-09-06 13:15:53,2026-09-06 13:23:53,8,1.5,2.76,paypal
TR2609060052823,CL102219,EN00151,trottinette,Lyon,ST1001,ST1016,2026-09-06 13:26:51,2026-09-06 13:32:51,6,1.68,2.32,paypal
TR2609060052824,CL104772,EN00014,velo_elec,Lyon ,ST1003,ST1003,2026-09-06 13:16:17,2026-09-06 13:28:17,12,3.83,4.0,cb
TR2609060052825,CL104590,EN00003,velo_elec,Lyonn,ST1004,ST1003,1788693905,2026-09-06 13:37:05,12,3.55,4.0,abonnement
TR2609060052826,CL108885,EN00146,trottinette,Lyon,ST1007,ST1003,2026-09-06 13:17:10,2026-09-06 13:25:10,8,2.63,2.76,cb
TR2609060052827,CL100091,EN00180,trottinette,Lyon,ST1008,ST1010,,06/09/2026 13:22,4,0.99,,paypal
TR2609060052828,CL103508,EN00132,trottinette,LYON,ST1013,ST1018,06/09/2026 13:20,2026-09-06 13:25:43,5,1.28,2.1,paypal
TR2609060052829,CL102680,EN00174,velo_elec,Lyon,ST1015,ST1002,2026-09-06 13:27:29,2026-09-06 13:39:29,12,4.06,4.0,cb
TR2609060052830,CL102873,EN00163,trottinette,Lyon,ST1015,ST1014,2026-09-06 13:22:16,2026-09-06 13:28:16,6,1.12,2.32,abonnement
TR2609060052831,CL107057,EN00112,velo_elec,Lyon,ST1015,ST1010,06/09/2026 13:30,2026-09-06 14:02:15,32,7.65,9.0,cb
TR2609060052832,CL108656,EN00058,velo_elec,Lyon,ST1017,ST1018,2026-09-06 13:19:29,2026-09-06 13:24:29,5,0.83,2.25,
TR2609060052833,CL108719,EN00300,velo_elec,Nantes,ST1020,ST1031,2026-09-06 13:29:48,1788695268,18,3.62,5.5,cb
TR2609060052834,CL104335,EN00315,velo_elec,Nantes,ST1020,ST1021,2026-09-06 13:23:30,2026-09-06 13:32:30,9,2.43,3.25,cb
TR2609060052835,CL107281,EN00348,velo_elec,Nantes,ST1023,ST1031,2026-09-06 13:21:38,2026-09-06 13:29:38,8,2.49,3.0,cb
TR2609060052836,CL107610,EN00302,velo_elec,Nantes,ST1028,ST1028,2026-09-06 13:19:37,2026-09-06 13:25:37,6,1.84,2.5,paypal
TR2609060052837,CL106892,EN00310,trottinette,Nantes,ST1029,ST1029,2026-09-06 13:17:25,2026-09-06 13:31:25,14,4.88,4.08,cb
TR2609060052838,CL108900,EN00498,trottinette,Lille,ST1034,ST1039,06/09/2026 13:27,2026-09-06 13:38:04,11,2.64,3.42,cb
TR2609060052839,CL100463,EN00492,velo_elec,lille,ST1035,ST1042,2026-09-06 13:21:58,06/09/2026 13:28,7,1.47,2.75,cb
TR2609060052840,CL102508,EN00485,trottinette,Lille,ST1038,ST1034,2026-09-06 13:22:40,2026-09-06 13:41:40,19,5.29,5.18,cb
TR2609060052841,CL106835,EN00423,velo_elec,Lille,ST1038,ST1036,06/09/2026 13:17,2026-09-06 13:21:44,4,1.21,2.0,paypal
TR2609060052842,CL108790,EN00439,velo_elec,lille,ST1038,ST1038,2026-09-06 13:28:03,06/09/2026 13:34,6,2.06,2.5,cb
TR2609060052843,CL107424,EN00435,trottinette,Lille,ST1043,ST1042,06/09/2026 13:17,2026-09-06 13:35:09,18,4.86,4.96,cb
TR2609060052844,CL102759,EN00516,velo_elec,Grenoble,ST1049,ST1048,2026-09-06 13:24:55,2026-09-06 13:30:55,6,1.33,2.5,abonnement
TR2609060052845,CL103711,EN00536,velo_elec,Grenoble ,ST1049,ST1048,2026-09-06 13:25:30,2026-09-06 13:37:30,12,1.98,4.0,
TR2609060052846,CL100815,EN00508,trottinette,grenoble,ST1053,ST1048,06/09/2026 13:20,2026-09-06 13:31:18,11,3.2,3.42,cb
TR2609060052847,CL108517,EN00580,velo_elec,Grenoble,ST1055,ST1051,06/09/2026 13:25,2026-09-06 13:40:55,15,3.85,4.75,abonnement
TR2609060052848,CL104914,EN00549,velo_elec,Grenoble,ST1057,ST1048,2026-09-06 13:22:17,2026-09-06 13:46:17,24,6.38,7.0,cb
TR2609060052849,CL107613,EN00164,trottinette,Lyon,ST1004,ST1011,1788694823,06/09/2026 13:53,13,4.12,3.86,cb
TR2609060052850,CL106338,EN00216,velo_elec,Lyon ,ST1004,ST1004,2026-09-06 13:32:04,2026-09-06 13:39:04,7,1.21,2.75,cb
TR2609060052851,CL105819,EN00167,trottinette,Lyon,ST1007,ST1011,2026-09-06 13:44:12,06/09/2026 13:56,12,3.89,3.64,paypal
TR2609060052852,CL106581,EN00141,velo_elec,Lyon,ST1008,ST1006,2026-09-06 13:43:09,06/09/2026 13:58,15,5.1,4.75,abonnement
TR2609060052853,CL107084,EN00081,velo_elec,Lyon,ST1008,ST1003,2026-09-06 13:42:11,2026-09-06 13:45:11,3,0.69,1.75,paypal
TR2609060052854,CL103822,EN00068,velo_elec,Lyon,ST1008,ST1011,2026-09-06 13:31:49,2026-09-06 13:35:49,4,0.84,2.0,cb
TR2609060052855,CL971504,EN00053,trottinette,Lyon,ST1010,ST1001,2026-09-06 13:35:57,2026-09-06 13:47:57,12,3.05,3.64,abonnement
TR2609060052856,CL105816,EN00019,trottinette,Lyon,ST1011,ST1001,2026-09-06 13:40:09,2026-09-06 13:56:09,16,4.48,4.52,paypal
TR2609060052857,CL108286,EN00185,trottinette,Lyon,ST1011,ST1004,2026-09-06 13:37:47,2026-09-06 13:43:47,6,1.48,2.32,abonnement
TR2609060052858,CL103722,EN00006,trottinette,Lyon,ST1012,ST1013,2026-09-06 13:35:12,06/09/2026 13:49,14,3.69,4.08,cb
TR2609060052859,CL104324,EN00109,trottinette,Lyon,ST1015,ST1001,2026-09-06 13:43:31,2026-09-06 14:02:31,19,6.45,5.18,cb
TR2609060052860,CL100857,EN00152,velo_elec,LYON,ST1016,ST1009,06/09/2026 13:38,2026-09-06 13:46:22,8,1.89,3.0,cb
TR2609060052861,CL105184,EN00198,velo_elec,Lyon,ST1017,ST1002,2026-09-06 13:33:29,2026-09-06 13:52:29,19,5.05,5.75,paypal
TR2609060052862,CL104561,EN00150,trottinette,Lyon,ST1018,ST1019,2026-09-06 13:31:21,2026-09-06 14:12:21,41,8.15,10.02,abonnement
TR2609060052863,CL105358,EN00032,velo,Lyon,ST1019,ST1012,06/09/2026 13:44,06/09/2026 13:55,11,3.48,2.65,cb
TR2609060052864,CL100359,EN00335,velo,Nantes,ST1020,ST1031,2026-09-06 13:43:45,2026-09-06 13:53:45,10,1.68,2.5,cb
TR2609060052865,CL106507,EN00333,trottinette,Nantes,ST1022,ST1026,2026-09-06 13:34:14,2026-09-06 13:43:14,9,3.13,2.98,cb
TR2609060052866,CL106450,EN00242,velo,Nantes,ST1023,ST1031,06/09/2026 13:45,2026-09-06 13:55:10,10,2.69,2.5,cb
TR2609060052867,CL105297,EN00281,velo_elec,Nantes,ST1024,ST1027,2026-09-06 13:42:27,2026-09-06 13:53:27,11,3.43,3.75,abonnement
TR2609060052868,CL100382,EN00231,velo,Nantes,ST1026,ST1025,2026-09-06 13:45:22,2026-09-06 13:59:22,14,3.38,3.1,cb
TR2609060052869,CL107873,EN00290,trottinette,Nantes,ST1029,ST1020,1788694745,2026-09-06 13:50:05,11,2.99,3.42,abonnement
TR2609060052870,CL106487,EN00238,velo_elec,Nantes,ST1032,ST1030,06/09/2026 13:32,2026-09-06 13:44:52,12,3.64,4.0,cb
TR2609060052871,CL101680,EN00356,velo,Nantes,ST1032,ST1029,,06/09/2026 13:47,10,2.99,2.5,abonnement
TR2609060052872,CL103848,EN00425,velo_elec,Lille,ST1034,ST1036,2026-09-06 13:37:02,2026-09-06 13:47:02,10,2.08,3.5,cb
TR2609060052873,CL103240,EN00417,trottinette,Lille,ST1037,ST1047,06/09/2026 13:36,06/09/2026 13:47,11,3.19,3.42,cb
TR2609060052874,CL104632,EN00372,trottinette,Lille,ST1040,ST1044,2026-09-06 13:42:00,1788696360,24,6.7,6.28,cb
TR2609060052875,CL100019,EN00361,trottinette,Lille,ST1043,ST1043,2026-09-06 13:44:10,1788696070,17,3.37,4.74,cb
TR2609060052876,CL104717,EN00369,velo,Lille,ST1045,ST1046,2026-09-06 13:45:23,2026-09-06 14:05:23,20,6.91,4.0,abonnement
TR2609060052877,CL103691,EN00362,velo_elec,Lille,ST1047,ST1034,2026-09-06 13:44:28,2026-09-06 13:54:28,10,2.75,3.5,abonnement
TR2609060052878,CL107532,EN00482,velo_elec,lille,ST1047,ST1046,2026-09-06 13:43:11,2026-09-06 13:49:11,6,1.99,2.5,paypal
TR2609060052879,CL103170,EN00575,trottinette,Grenoble,ST1049,ST1058,2026-09-06 13:35:33,2026-09-06 13:49:33,14,4.49,4.08,cb
TR2609060052880,CL104564,EN00541,velo_elec,Grenoble,ST1051,ST1048,2026-09-06 13:34:47,1788695327,14,4.11,4.5,paypal
TR2609060052881,CL101054,EN00596,velo_elec,Grenoble,ST1055,ST1053,2026-09-06 13:34:06,2026-09-06 14:07:06,33,8.79,9.25,cb
TR2609060052882,CL108784,EN00153,velo_elec,Lyon,ST1001,ST1014,2026-09-06 13:58:22,2026-09-06 14:14:22,16,3.01,5.0,abonnement
TR2609060052883,CL104593,EN00208,velo_elec,Lyon,ST1001,ST1015,2026-09-06 13:56:11,2026-09-06 14:16:11,20,5.58,6.0,cb
TR2609060052884,CL100606,EN00055,trottinette,Lyon,ST1003,ST1007,06/09/2026 13:52,2026-09-06 14:02:22,10,2.03,3.2,cb
TR2609060052885,CL100173,EN00025,velo_elec,Lyon,ST1003,ST1006,06/09/2026 13:59,2026-09-06 14:07:24,8,1.93,3.0,cb
TR2609060052886,CL108872,EN00179,trottinette,Lyon,ST1005,ST1015,2026-09-06 13:47:55,2026-09-06 13:53:55,6,1.23,2.32,paypal
TR2609060052887,CL105411,EN00052,trottinette,Lyon,ST1006,ST1017,2026-09-06 13:47:22,06/09/2026 13:57,10,2.38,3.2,abonnement
TR2609060052888,CL101611,EN00071,velo_elec,Lyon,ST1009,ST1005,2026-09-06 13:50:12,2026-09-06 14:01:12,11,2.73,3.75,cb
TR2609060052889,CL106006,EN00129,velo_elec,Lyon,ST1011,ST1004,2026-09-06 13:58:56,06/09/2026 14:07,9,2.42,3.25,abonnement
TR2609060052890,CL105548,EN00068,velo_elec,Lyon,ST1011,ST1019,2026-09-06 13:47:47,2026-09-06 14:00:47,13,3.82,4.25,cb
TR2609060052891,CL101628,EN00158,velo_elec,Lyon,ST1011,ST1015,06/09/2026 13:57,2026-09-06 14:04:11,7,2.27,2.75,cb
TR2609060052892,CL108482,EN00145,trottinette,Lyon,ST1013,ST9310,,2026-09-06 14:06:27,8,1.48,2.76,cb
TR2609060052893,CL104262,EN00091,velo_elec,Lyon,ST1016,ST1009,06/09/2026 13:54,1788696002,6,1.79,2.5,cb
TR2609060052894,CL100906,EN00157,velo_elec,Lyon,ST1017,ST1015,2026-09-06 13:48:27,,7,2.33,2.75,cb
TR2609060052895,CL105679,EN00010,trottinette,Lyon,ST1017,ST1015,06/09/2026 13:53,2026-09-06 14:13:06,20,4.07,5.4,cb
TR2609060052896,CL105907,EN00200,trottinette,lyon,ST1018,ST1016,2026-09-06 13:47:41,06/09/2026 13:56,9,2.89,2.98,paypal
TR2609060052897,CL100091,EN00057,velo_elec,Lyon,ST1019,ST1016,06/09/2026 13:48,2026-09-06 13:57:05,9,1.86,3.25,abonnement
TR2609060052898,CL108518,EN00235,trottinette,NANTES,ST1021,ST1027,2026-09-06 13:56:12,2026-09-06 14:24:12,28,8.02,7.16,cb
TR2609060052899,CL105174,EN00346,velo,Nantes,ST1024,ST1032,2026-09-06 13:55:10,,12,3.0,2.8,paypal
TR2609060052900,CL106465,EN00359,trottinette,Nantes,ST1025,ST1031,2026-09-06 13:54:42,2026-09-06 13:59:42,5,1.39,2.1,cb
TR2609060052901,CL101357,EN00292,velo_elec,Nantes,ST1029,ST1023,2026-09-06 13:50:22,2026-09-06 14:06:22,16,5.49,5.0,cb
TR2609060052902,CL105832,EN00294,velo_elec,Nantes,ST1029,ST1026,,2026-09-06 14:05:53,14,3.05,4.5,abonnement
TR2609060052903,CL108551,EN00479,trottinette,Lille,ST1037,ST1040,2026-09-06 13:48:21,2026-09-06 13:59:21,8973,2.86,3.42,abonnement
TR2609060052904,CL108052,EN00443,velo_elec,Lille,ST1040,ST1040,2026-09-06 13:55:28,2026-09-06 14:25:28,30,9.43,8.5,cb
TR2609060052905,CL107380,EN00484,velo_elec,Lille,ST1044,ST1034,2026-09-06 13:52:54,2026-09-06 14:03:54,11,2.04,3.75,paypal
TR2609060052906,CL103339,EN00418,trottinette,Lille,ST1044,ST1039,2026-09-06 13:52:42,2026-09-06 14:00:42,8,2.61,2.76,abonnement
TR2609060052907,CL107923,EN00481,velo_elec,Lille,ST1044,ST1045,2026-09-06 13:56:57,2026-09-06 14:22:57,26,7.33,7.5,cb
TR2609060052908,CL105683,EN00426,trottinette,Lille,ST1045,ST9437,2026-09-06 13:48:55,06/09/2026 14:06,18,3.93,4.96,abonnement
TR2609060052909,CL105629,EN00417,trottinette,Lille,ST1047,ST1040,2026-09-06 13:46:43,1788695803,10,3.3,3.2,cb
TR2609060052910,CL101676,EN00553,trottinette,Grenoble,ST1058,ST1055,2026-09-06 13:49:51,2026-09-06 13:58:51,9,2.02,2.98,cb
TR2609060052911,CL103404,EN00020,velo_elec,LYON,ST1002,ST1002,06/09/2026 14:15,06/09/2026 14:27,12,2.73,4.0,cb
TR2609060052912,CL104690,EN00212,trottinette,Lyon,ST1003,ST1017,2026-09-06 14:05:14,2026-09-06 14:27:14,22,4.63,5.84,cb
TR2609060052913,CL100223,EN00014,velo_elec,Lyonn,ST1003,ST1002,,1788697321,16,4.01,5.0,cb
TR2609060052914,CL105516,EN00185,trottinette,Lyon,ST1004,ST1013,1788696567,2026-09-06 14:23:27,14,2.94,4.08,cb
TR2609060052915,CL104241,EN00071,velo_elec,Lyon,ST1005,ST1013,2026-09-06 14:13:50,06/09/2026 14:28,15,4.42,4.75,cb
TR2609060052916,CL103593,EN00036,velo_elec,Lyon,ST1006,ST1007,1788696552,2026-09-06 14:42:12,33,9.68,9.25,paypal
TR2609060052917,CL104715,EN00055,trottinette,Lyon,ST1007,ST1002,,2026-09-06 14:19:35,12,2.81,3.64,
TR2609060052918,CL106779,EN00178,velo_elec,Lyon,ST1008,ST1016,2026-09-06 14:03:44,2026-09-06 14:27:44,24,8.21,7.0,cb
TR2609060052919,CL103109,EN00044,trottinette,Lyon ,ST1008,ST1018,2026-09-06 14:15:30,2026-09-06 14:33:30,18,3.28,4.96,cb
TR2609060052920,CL102701,EN00002,velo_elec,Lyon,ST1008,ST1019,2026-09-06 14:07:17,2026-09-06 14:13:17,6,0.97,2.5,abonnement
TR2609060052921,CL106241,EN00004,velo_elec,Lyon,ST1008,ST1018,2026-09-06 14:07:10,06/09/2026 14:20,13,2.75,4.25,abonnement
TR2609060052922,CL100173,EN00152,velo_elec,LYON,ST1009,ST1015,1788696482,06/09/2026 14:33,25,8.72,7.25,abonnement
TR2609060052923,CL103557,EN00167,trottinette,Lyon,ST1011,ST1004,06/09/2026 14:01,2026-09-06 14:20:12,19,3.38,5.18,cb
TR2609060052924,CL104104,EN00200,trottinette,Lyon,ST1016,ST1013,2026-09-06 14:07:05,2026-09-06 14:26:05,19,5.75,5.18,cb
TR2609060052925,CL101938,EN00052,trottinette,LYON,ST1017,ST1018,2026-09-06 14:14:03,2026-09-06 14:24:03,10,3.06,3.2,cb
TR2609060052926,CL105071,EN00356,velo,Nantes,ST1029,ST1020,06/09/2026 14:15,2026-09-06 14:20:12,5,1.32,1.75,cb
TR2609060052927,CL101904,EN00271,velo_elec,Nantes,ST1030,ST1025,06/09/2026 14:08,2026-09-06 14:19:51,11,2.02,3.75,abonnement
TR2609060052928,CL106017,EN00306,velo,Nantes,ST1030,ST1023,2026-09-06 14:01:36,2026-09-06 14:18:36,17,4.63,3.55,
TR2609060052929,CL106666,EN00300,velo_elec,Nantes,ST1031,ST1020,2026-09-06 14:08:06,06/09/2026 14:19,11,2.23,3.75,cb
TR2609060052930,CL103663,EN00408,velo_elec,Lille,ST1035,ST1041,2026-09-06 14:03:43,2026-09-06 14:13:43,10,3.24,3.5,cb
TR2609060052931,CL104403,EN00477,trottinette,Lille,ST1037,ST1043,06/09/2026 14:06,06/09/2026 14:16,10,2.97,3.2,cb
TR2609060052932,CL102441,EN00393,trottinette,Lille,ST1039,ST1042,06/09/2026 14:09,2026-09-06 14:11:12,2,0.49,1.44,cb
TR2609060052933,CL104124,EN00396,velo_elec,Lille,ST1044,ST1039,2026-09-06 14:10:36,06/09/2026 14:15,5,1.34,2.25,cb
TR2609060052934,CL103086,EN00413,trottinette,Lille,ST1047,ST1036,,2026-09-06 14:08:33,7,1.92,2.54,cb
TR2609060052935,CL104534,EN00541,velo_elec,Grenoble,ST1048,ST1048,06/09/2026 14:13,,19,5.65,5.75,abonnement
TR2609060052936,CL100099,EN00549,velo_elec,Grenoble,ST1048,ST1054,2026-09-06 14:03:18,2026-09-06 14:29:18,26,8.63,7.5,paypal
TR2609060052937,CL103229,EN00513,velo_elec,Grenoble,ST1051,ST1048,2026-09-06 14:10:05,2026-09-06 14:17:05,7,2.37,2.75,abonnement
TR2609060052938,CL104559,EN00106,trottinette,Lyon,ST1002,ST1010,1788697651,2026-09-06 15:01:31,34,11.06,8.48,paypal
TR2609060052939,CL100877,EN00190,trottinette,Lyon,ST1003,ST1011,2026-09-06 14:28:39,2026-09-06 14:39:39,11,3.73,3.42,cb
TR2609060052940,CL107544,EN00119,trottinette,LYON,ST1003,ST1007,2026-09-06 14:26:29,06/09/2026 14:37,11,3.2,3.42,paypal
TR2609060052941,CL102260,EN00025,velo_elec,lyon,ST1006,ST1015,2026-09-06 14:24:20,2026-09-06 14:39:20,15,3.27,4.75,abonnement
TR2609060052942,CL105429,EN00085,velo_elec,Lyon,ST1006,ST1011,1788697155,,14,4.34,4.5,cb
TR2609060052943,CL106064,EN00033,trottinette,Lyon,ST1008,ST1014,2026-09-06 14:29:15,06/09/2026 14:37,8,2.71,2.76,abonnement
TR2609060052944,CL107607,EN00091,velo_elec,Lyon,ST1009,ST1008,2026-09-06 14:29:12,,2,0.32,1.5,abonnement
TR2609060052945,CL108795,EN00062,trottinette,Lyon,ST1010,ST1015,2026-09-06 14:25:06,2026-09-06 14:45:06,20,6.21,5.4,paypal
TR2609060052946,CL108090,EN00121,trottinette,Lyon,ST1011,ST1016,2026-09-06 14:22:31,06/09/2026 14:25,3,1.04,1.66,cb
TR2609060052947,CL107188,EN00030,trottinette,Lyon,ST1012,ST1007,2026-09-06 14:30:14,2026-09-06 14:38:14,8,1.65,2.76,
TR2609060052948,CL101059,EN00139,velo_elec,Lyon,ST1014,ST1008,2026-09-06 14:26:53,2026-09-06 14:41:53,15,3.82,4.75,cb
TR2609060052949,CL105502,EN00057,velo_elec,Lyon,ST1016,ST1001,,2026-09-06 14:45:47,25,6.2,7.25,abonnement
TR2609060052950,CL101322,EN00151,trottinette,Lyon,ST1016,ST1007,2026-09-06 14:26:30,,11,1.91,3.42,cb
TR2609060052951,CL107763,EN00058,velo_elec,Lyon,ST1018,ST1015,1788697347,2026-09-06 14:34:27,12,2.77,4.0,abonnement
TR2609060052952,CL102063,EN00150,trottinette,Lyon,ST1019,ST1018,06/09/2026 14:22,2026-09-06 14:40:55,18,4.6,4.96,cb
TR2609060052953,CL101226,EN00284,trottinette,Nantes,ST1020,ST1030,2026-09-06 14:22:42,2026-09-06 14:35:42,13,2.77,3.86,cb
TR2609060052954,CL105066,EN00292,velo_elec,Nantes,ST1023,ST1025,2026-09-06 14:16:47,2026-09-06 14:44:47,28,5.13,8.0,abonnement
TR2609060052955,CL104425,EN00267,trottinette,Nantes,ST1025,ST1021,2026-09-06 14:15:53,2026-09-06 14:17:53,2,0.67,1.44,paypal
TR2609060052956,CL103981,EN00333,trottinette,Nantes,ST1026,ST1031,2026-09-06 14:29:54,2026-09-06 14:38:54,9,1.36,2.98,cb
TR2609060052957,CL103055,EN00277,velo_elec,Nante,ST1028,ST1026,06/09/2026 14:17,2026-09-06 14:27:25,10,3.47,3.5,cb
TR2609060052958,CL104587,EN00348,velo_elec,Nantes,ST1031,ST1027,06/09/2026 14:17,2026-09-06 14:27:06,10,2.32,3.5,cb
TR2609060052959,CL107591,EN00331,velo,Nantes,ST1032,ST1022,2026-09-06 14:25:09,2026-09-06 14:35:09,10,3.44,2.5,
TR2609060052960,CL102496,EN00308,velo,Nantes,ST1033,ST9051,2026-09-06 14:22:27,2026-09-06 14:31:27,9,2.03,2.35,cb
TR2609060052961,CL107474,EN00449,trottinette, Lille,ST1034,ST1034,06/09/2026 14:24,2026-09-06 14:37:31,13,3.08,3.86,cb
TR2609060052962,CL104750,EN00368,trottinette,Lille,ST1034,ST1040,06/09/2026 14:17,2026-09-06 14:38:01,21,6.94,5.62,abonnement
TR2609060052963,CL105699,EN00470,trottinette,Lille,ST1034,ST1041,2026-09-06 14:22:39,2026-09-06 14:28:39,6,1.91,2.32,cb
TR2609060052964,CL102401,EN00425,velo_elec,Lille,ST1036,ST1041,2026-09-06 14:24:40,2026-09-06 14:34:40,10,3.32,3.5,cb
TR2609060052965,CL105206,EN00422,velo_elec,Lille,ST1037,ST1042,06/09/2026 14:26,2026-09-06 14:30:24,4,1.19,2.0,abonnement
TR2609060052966,CL100558,EN00439,velo_elec,Lille,ST1038,ST1036,06/09/2026 14:28,2026-09-06 14:46:22,18,5.84,5.5,cb
TR2609060052967,CL101235,EN00370,velo_elec,Lille,ST1038,ST1039,06/09/2026 14:23,06/09/2026 14:29,6,1.85,2.5,abonnement
TR2609060052968,CL106768,EN00479,trottinette,Lille,ST1040,ST1034,2026-09-06 14:29:16,2026-09-06 14:34:16,5,1.57,2.1,abonnement
TR2609060052969,CL106885,EN00393,trottinette,Lille,ST1042,ST1034,2026-09-06 14:24:07,2026-09-06 14:35:07,11,1.71,3.42,cb
TR2609060052970,CL106578,EN00446,trottinette, Lille,ST1043,ST1040,2026-09-06 14:29:54,2026-09-06 15:03:54,34,10.47,8.48,abonnement
TR2609060052971,CL108350,EN00361,trottinette,Lille,ST1043,ST1039,1788697605,2026-09-06 14:36:45,10,2.04,3.2,cb
TR2609060052972,CL101466,EN00513,velo_elec,Grenoble,ST1048,ST1057,2026-09-06 14:22:12,,15,3.96,4.75,paypal
TR2609060052973,CL102509,EN00596,velo_elec,Grenoble,ST1053,ST1048,06/09/2026 14:23,2026-09-06 14:27:49,4,0.92,2.0,paypal
TR2609060052974,CL101620,EN00081,velo_elec,Lyon,ST1003,ST1010,2026-09-06 14:42:01,2026-09-06 15:17:01,35,10.07,9.75,abonnement
TR2609060052975,CL102241,EN00211,velo_elec,Lyon,ST1006,ST1006,2026-09-06 14:34:38,06/09/2026 14:43,9,1.46,3.25,cb
TR2609060052976,CL100248,EN00164,trottinette,lyon,ST1011,ST1008,2026-09-06 14:31:58,1788698338,7,2.03,2.54,abonnement
TR2609060052977,CL104695,EN00212,trottinette,Lyon,ST1017,ST1002,2026-09-06 14:44:01,2026-09-06 14:55:01,11,2.76,3.42,abonnement
TR2609060052978,CL107677,EN00195,velo_elec,Lyon,ST1017,ST1001,2026-09-06 14:38:34,2026-09-06 14:41:34,3,0.89,1.75,cb
TR2609060052979,CL103183,EN00267,trottinette,Nantes,ST1021,ST1026,2026-09-06 14:34:14,2026-09-06 14:53:14,19,3.12,5.18,cb
TR2609060052980,CL107894,EN00233,velo_elec,NANTES,ST1022,ST1030,2026-09-06 14:45:27,1788700587,31,5.95,8.75,cb
TR2609060052981,CL102464,EN00273,velo_elec,Nantes,ST1022,ST1023,06/09/2026 14:31,2026-09-06 14:42:21,11,3.56,3.75,cb
TR2609060052982,CL105730,EN00271,velo_elec,NANTES,ST1025,ST1025,2026-09-06 14:32:54,2026-09-06 14:46:54,14,3.04,4.5,cb
TR2609060052983,CL101925,EN00359,trottinette,Nantes,ST1031,ST1032,2026-09-06 14:35:57,06/09/2026 14:38,3,0.96,1.66,cb
TR2609060052984,CL104416,EN00335,velo,Nantes,ST1031,ST1026,2026-09-06 14:41:31,2026-09-06 14:59:31,18,4.79,3.7,abonnement
TR2609060052985,CL105129,EN00467,velo_elec,Lille,ST1037,ST1045,2026-09-06 14:38:37,2026-09-06 14:52:37,14,4.33,4.5,abonnement
TR2609060052986,CL102513,EN00417,trottinette,Lille,ST1040,ST1045,2026-09-06 14:41:57,06/09/2026 15:02,21,4.02,5.62,cb
TR2609060052987,CL102613,EN00441,velo_elec,Lille,ST1042,ST1041,2026-09-06 14:36:51,06/09/2026 14:54,18,3.41,5.5,paypal
TR2609060052988,CL106424,EN00372,trottinette,Lille,ST1044,ST1035,06/09/2026 14:34,2026-09-06 14:47:35,13,3.51,3.86,abonnement
TR2609060052989,CL106479,EN00511,trottinette,GRENOBLE,ST1048,ST1055,2026-09-06 14:36:52,2026-09-06 14:47:52,11,1.86,3.42,paypal
TR2609060052990,CL103397,EN00530,velo_elec,Grenoble ,ST1051,ST1052,2026-09-06 14:40:33,2026-09-06 14:44:33,4,1.07,,abonnement
TR2609060052991,CL101538,EN00532,velo_elec,Grenoble,ST1054,ST1055,2026-09-06 14:31:19,2026-09-06 14:44:19,13,3.66,4.25,paypal
TR2609060052992,CL105643,EN00575,trottinette,Grenoble,ST1058,ST1051,06/09/2026 14:34,2026-09-06 14:55:28,21,4.78,5.62,abonnement
TR2609060052993,CL108979,EN00546,trottinette,Grenoble,ST1058,ST1055,2026-09-06 14:39:19,2026-09-06 15:05:19,26,6.49,6.72,abonnement
TR2609060052994,CL107928,EN00003,velo_elec,Lyon,ST1003,ST1004,2026-09-06 14:52:51,2026-09-06 14:59:51,7,1.12,2.75,cb
TR2609060052995,CL106493,EN00129,velo_elec,LYON,ST1004,ST1001,2026-09-06 14:51:50,2026-09-06 15:00:50,9,1.84,3.25,abonnement
TR2609060052996,CL107489,EN00216,velo_elec,Lyon ,ST1004,ST1008,2026-09-06 14:52:51,2026-09-06 15:18:51,26,4.74,7.5,abonnement
TR2609060052997,CL104513,EN00034,velo_elec,Lyon,ST1005,ST1004,2026-09-06 14:55:59,2026-09-06 15:29:59,34,6.93,9.5,paypal
TR2609060052998,CL104992,EN00201,velo_elec,Lyon,ST1006,ST1004,2026-09-06 14:59:12,06/09/2026 15:16,17,5.32,5.25,abonnement
TR2609060052999,CL108753,EN00067,velo_elec,Lyon,ST1006,ST1019,2026-09-06 14:58:43,,26,4.51,7.5,cb
TR2609060053000,CL105104,EN00030,trottinette,Lyon,ST1007,ST1012,2026-09-06 14:57:41,2026-09-06 15:24:41,27,7.17,6.94,cb
TR2609060053001,CL104986,EN00036,velo_elec,Lyon,ST1007,ST1008,2026-09-06 14:59:11,06/09/2026 15:38,39,10.77,10.75,cb
TR2609060053002,CL103374,EN00139,velo_elec,Lyon,ST1008,ST1010,2026-09-06 14:50:59,2026-09-06 15:08:59,18,4.07,5.5,cb
TR2609060053003,CL107903,EN00091,velo_elec,Lyon,ST1008,ST1009,2026-09-06 14:59:08,,15,2.61,,cb
TR2609060053004,CL107804,EN00122,trottinette,Lyon,ST1009,ST1015,06/09/2026 14:54,2026-09-06 15:11:37,17,5.17,4.74,paypal
TR2609060053005,CL108745,EN00133,velo_elec,Lyon,ST1011,ST1014,2026-09-06 14:59:11,2026-09-06 15:04:11,5,1.32,2.25,abonnement
TR2609060053006,CL106471,EN00074,trottinette,Lyon,ST1012,ST1018,1788699458,06/09/2026 15:03,6,1.01,2.32,cb
TR2609060053007,CL103707,EN00097,velo_elec,Lyon,ST1012,ST1008,2026-09-06 14:50:55,2026-09-06 14:59:55,9,1.59,3.25,cb
TR2609060053008,CL106285,EN00005,velo_elec,Lyon,ST1013,ST1010,06/09/2026 15:00,2026-09-06 15:14:21,14,4.83,4.5,abonnement
TR2609060053009,CL105776,EN00210,trottinette,Lyon,ST1014,ST1004,1788698920,2026-09-06 15:02:40,14,4.46,4.08,
TR2609060053010,CL107382,EN00338,velo_elec,Nantes,ST1021,ST1026,2026-09-06 14:48:31,2026-09-06 15:09:31,21,4.05,6.25,paypal
TR2609060053011,CL108391,EN00273,velo_elec,Nantes,ST1023,ST1033,2026-09-06 14:54:28,2026-09-06 15:05:28,11,3.41,,cb
TR2609060053012,CL108452,EN00308,velo,Nantes,ST1024,ST1020,2026-09-06 14:56:13,06/09/2026 15:16,20,4.16,4.0,cb
TR2609060053013,CL100471,EN00277,velo_elec,NANTES,ST1026,ST1025,2026-09-06 14:56:21,2026-09-06 15:12:21,16,4.36,5.0,abonnement
TR2609060053014,CL101061,EN00302,velo_elec,Nantes,ST1028,ST1021,1788699653,2026-09-06 15:10:53,10,3.02,3.5,cb
TR2609060053015,CL100398,EN00333,trottinette,Nantes,ST1031,ST1025,2026-09-06 14:53:26,06/09/2026 15:05,12,3.21,3.64,cb
TR2609060053016,CL108430,EN00347,trottinette,Nantes,ST1033,ST1027,2026-09-06 14:58:25,2026-09-06 15:25:25,27,7.46,6.94,paypal
TR2609060053017,CL101960,EN00279,velo,Nantes,ST1033,ST1027,1788698765,2026-09-06 14:53:05,7,1.35,2.05,cb
TR2609060053018,CL103620,EN00381,trottinette,Lille,ST1035,ST1037,2026-09-06 14:53:44,2026-09-06 15:02:44,9,3.13,2.98,abonnement
TR2609060053019,CL104201,EN00423,velo_elec,Lille,ST1036,ST1034,06/09/2026 14:49,2026-09-06 15:07:52,18,3.52,5.5,cb
TR2609060053020,CL105176,EN00439,velo_elec,Lille,ST1036,ST1034,2026-09-06 14:59:35,2026-09-06 15:08:35,9,1.67,3.25,abonnement
TR2609060053021,CL107946,EN00377,trottinette,Lille,ST1037,ST1046,2026-09-06 14:53:00,2026-09-06 15:03:00,10,2.28,3.2,cb
TR2609060053022,CL100182,EN00468,trottinette,Lille,ST1038,ST1036,2026-09-06 14:53:11,2026-09-06 14:57:11,4,1.0,1.88,abonnement
TR2609060053023,CL103064,EN00408,velo_elec,Lille,ST1041,ST1047,2026-09-06 14:50:02,2026-09-06 15:04:02,14,4.22,4.5,cb
TR2609060053024,CL107265,EN00400,trottinette,Lille,ST1041,ST1040,06/09/2026 14:54,06/09/2026 14:59,5,1.28,2.1,cb
TR2609060053025,CL101217,EN00373,velo_elec,Lille,ST1044,ST1046,,06/09/2026 14:57,7,2.37,2.75,abonnement
TR2609060053026,CL106917,EN00481,velo_elec,Lille,ST1045,ST1042,2026-09-06 15:00:16,2026-09-06 15:21:16,21,4.52,6.25,paypal
TR2609060053027,CL102427,EN00533,velo_elec,Grenoble,ST1049,ST1058,2026-09-06 14:47:01,2026-09-06 15:06:01,19,6.46,5.75,cb
TR2609060053028,CL100234,EN00566,trottinette,Grenoble,ST1052,ST1051,2026-09-06 14:49:49,06/09/2026 15:03,14,2.16,4.08,abonnement
TR2609060053029,CL100195,EN00571,trottinette,Grenoble,ST1055,ST1055,06/09/2026 14:58,2026-09-06 15:18:50,20,5.22,5.4,cb
TR2609060053030,CL104555,EN00592,velo_elec,Grenoble,ST1056,ST9973,06/09/2026 14:52,06/09/2026 15:07,15,3.85,4.75,abonnement
TR2609060053031,CL101124,EN00103,trottinette,Lyonn,ST1002,ST1002,06/09/2026 15:04,06/09/2026 15:23,19,3.06,5.18,abonnement
TR2609060053032,CL105075,EN00202,trottinette,Lyon,ST1005,ST1017,2026-09-06 15:03:34,2026-09-06 15:16:34,13,2.26,3.86,cb
TR2609060053033,CL105774,EN00097,velo_elec,Lyon,ST1008,ST1005,2026-09-06 15:06:17,2026-09-06 15:13:17,7,2.38,2.75,cb
TR2609060053034,CL105288,EN00144,trottinette,Lyon,ST1008,ST1016,2026-09-06 15:11:41,2026-09-06 15:22:41,11,2.79,3.42,abonnement
TR2609060053035,CL107634,EN00085,velo_elec,Lyon,ST1011,ST1011,2026-09-06 15:12:42,2026-09-06 15:22:42,10,1.79,3.5,paypal
TR2609060053036,CL102913,EN00190,trottinette,Lyon,ST1011,ST1016,,2026-09-06 15:08:46,4,0.71,1.88,cb
TR2609060053037,CL105259,EN00066,trottinette,Lyon,ST1012,ST1007,2026-09-06 15:01:35,2026-09-06 15:21:35,20,6.04,5.4,cb
TR2609060053038,CL105655,EN00082,velo,Lyon,ST1012,ST1016,2026-09-06 15:08:38,2026-09-06 15:15:38,7,1.47,2.05,abonnement
TR2609060053039,CL101115,EN00153,velo_elec,Lyon,ST1014,ST1007,06/09/2026 15:01,2026-09-06 15:10:29,9,2.14,3.25,abonnement
TR2609060053040,CL103004,EN00100,velo_elec,Lyon,ST1015,ST1008,2026-09-06 15:11:11,2026-09-06 15:18:11,7,1.88,2.75,abonnement
TR2609060053041,CL101307,EN00058,velo_elec,Lyon,ST1015,ST1012,2026-09-06 15:11:18,2026-09-06 15:20:18,9,1.95,3.25,cb
TR2609060053042,CL104892,EN00121,trottinette,Lyon,ST1016,ST1002,2026-09-06 15:09:14,2026-09-06 15:27:14,18,4.6,4.96,abonnement
TR2609060053043,CL106625,EN00178,velo_elec,Lyon,ST1016,ST1004,2026-09-06 15:10:05,2026-09-06 15:15:05,5,1.54,2.25,cb
TR2609060053044,CL107239,EN00154,trottinette,Lyon,ST1016,ST1009,2026-09-06 15:04:22,2026-09-06 15:10:22,6,1.46,2.32,abonnement
TR2609060053045,CL101856,EN00052,trottinette,Lyonn,ST1018,ST1018,2026-09-06 15:02:10,2026-09-06 15:13:10,11,2.68,3.42,cb
TR2609060053046,CL105208,EN00002,velo_elec,Lyon ,ST1019,ST1010,2026-09-06 15:06:52,,23,7.21,6.75,abonnement
TR2609060053047,CL108803,EN00286,velo_elec,Nantes,ST1022,ST1025,06/09/2026 15:03,2026-09-06 15:24:24,21,3.35,6.25,cb
TR2609060053048,CL103024,EN00267,trottinette,Nantes,ST1026,ST1027,1788700008,2026-09-06 15:23:48,17,5.66,4.74,cb
TR2609060053049,CL103630,EN00348,velo_elec,Nantes,ST1027,ST1028,2026-09-06 15:15:40,,16,5.26,5.0,cb
TR2609060053050,CL102450,EN00312,trottinette,Nantes,ST1028,ST1028,2026-09-06 15:04:17,1788700397,9,2.13,2.98,paypal
TR2609060053051,CL101747,EN00272,trottinette,Nantes,ST1028,ST1029,2026-09-06 15:10:14,2026-09-06 15:29:14,19,3.22,5.18,abonnement
TR2609060053052,CL108367,EN00372,trottinette,Lille,ST1035,ST1044,,2026-09-06 15:15:16,11,2.39,3.42,abonnement
TR2609060053053,CL108842,EN00468,trottinette,Lille,ST1036,ST1038,2026-09-06 15:16:10,1788701110,9,2.78,2.98,paypal
TR2609060053054,CL108052,EN00478,trottinette,Lille,ST1037,ST1037,2026-09-06 15:12:26,2026-09-06 15:19:26,7,1.6,2.54,cb
TR2609060053055,CL102958,EN00496,velo_elec,Lille,ST1037,ST1038,2026-09-06 15:11:11,06/09/2026 15:33,22,5.37,6.5,cb
TR2609060053056,CL106589,EN00441,velo_elec,Lille,ST1041,ST1036,2026-09-06 15:07:35,2026-09-06 15:25:35,18,4.71,5.5,
TR2609060053057,CL103537,EN00474,velo_elec, Lille,ST1041,ST1045,2026-09-06 15:06:58,06/09/2026 15:32,26,6.28,7.5,cb
TR2609060053058,CL103739,EN00489,trottinette,Lille,ST1041,ST1035,2026-09-06 15:04:58,2026-09-06 15:18:58,14,2.39,4.08,cb
TR2609060053059,CL101198,EN00477,trottinette,Lille,ST1043,ST1046,2026-09-06 15:13:10,2026-09-06 15:21:10,8,1.68,2.76,cb
TR2609060053060,CL103277,EN00395,trottinette,LILLE,ST1044,ST1044,2026-09-06 15:12:12,2026-09-06 15:35:12,23,3.8,6.06,abonnement
TR2609060053061,CL102238,EN00383,trottinette,Lille,ST1044,ST1045,2026-09-06 15:07:04,2026-09-06 15:27:04,20,6.73,5.4,abonnement
TR2609060053062,CL106117,EN00467,velo_elec,Lille,ST1045,ST1036,,06/09/2026 15:17,10,2.62,3.5,abonnement
TR2609060053063,CL102151,EN00438,trottinette,Lille,ST1046,ST1040,2026-09-06 15:10:40,2026-09-06 15:30:40,20,6.12,5.4,cb
TR2609060053064,CL101497,EN00541,velo_elec,Grenoble,ST1048,ST1052,2026-09-06 15:03:08,06/09/2026 15:12,9,1.68,3.25,abonnement
TR2609060053065,CL104829,EN00530,velo_elec,Grenoble,ST1052,ST1050,2026-09-06 15:11:05,2026-09-06 15:16:05,5,1.31,2.25,cb
TR2609060053066,CL100441,EN00109,trottinette,Lyon,ST1001,ST1008,2026-09-06 15:27:05,2026-09-06 15:50:05,23,5.28,6.06,abonnement
TR2609060053067,CL108371,EN00057,velo_elec,Lyon,ST1001,ST1002,2026-09-06 15:27:53,2026-09-06 15:41:53,14,3.45,4.5,paypal
TR2609060053068,CL104497,EN00178,velo_elec,Lyon,ST1004,ST1014,2026-09-06 15:22:09,2026-09-06 15:40:09,18,5.97,5.5,cb
TR2609060053069,CL108433,EN00201,velo_elec,Lyon,ST1004,ST1003,2026-09-06 15:18:50,06/09/2026 15:36,18,4.36,5.5,paypal
TR2609060053070,CL104592,EN00177,velo_elec,Lyon,ST1006,ST1008,2026-09-06 15:23:22,2026-09-06 15:35:22,12,2.72,4.0,cb
TR2609060053071,CL108885,EN00211,velo_elec,Lyon,ST1006,ST1011,2026-09-06 15:22:56,2026-09-06 15:27:56,5,1.31,2.25,abonnement
TR2609060053072,CL106779,EN00141,velo_elec,Lyon,ST1006,ST1008,2026-09-06 15:29:05,2026-09-06 15:39:05,10,2.98,3.5,cb
TR2609060053073,CL103558,EN00115,velo_elec,Lyon,ST1008,ST1002,1788701013,2026-09-06 15:29:33,6,1.03,2.5,cb
TR2609060053074,CL102582,EN00061,trottinette,Lyon,ST1008,ST1010,1788701441,2026-09-06 15:42:41,12,2.75,3.64,cb
TR2609060053075,CL102010,EN00164,trottinette,Lyon,ST1008,ST1017,2026-09-06 15:18:30,2026-09-06 15:34:30,16,3.08,4.52,abonnement
TR2609060053076,CL105765,EN00219,velo_elec,Lyon,ST1008,ST1004,1788701026,2026-09-06 16:03:46,40,10.78,11.0,cb
TR2609060053077,CL100614,EN00050,velo_elec,Lyon,ST1009,ST1015,2026-09-06 15:20:42,1788701562,12,3.01,4.0,cb
TR2609060053078,CL108456,EN00112,velo_elec,Lyon,ST1010,ST1014,2026-09-06 15:17:53,2026-09-06 15:20:53,3,0.57,1.75,paypal
TR2609060053079,CL102859,EN00032,velo,Lyon,ST1012,ST1015,2026-09-06 15:22:48,2026-09-06 15:35:48,13,4.54,2.95,paypal
TR2609060053080,CL100841,EN00160,velo_elec,Lyon,ST1017,ST1003,1788701369,2026-09-06 15:40:29,11,3.8,3.75,paypal
TR2609060053081,CL103499,EN00044,trottinette,Lyon,ST1018,ST1015,2026-09-06 15:18:45,06/09/2026 15:49,31,8.28,7.82,cb
TR2609060053082,CL107388,EN00068,velo_elec,Lyon,ST1019,ST1015,06/09/2026 15:27,,25,7.22,7.25,cb
TR2609060053083,CL106115,EN00306,velo,Nantes,ST1023,ST1030,1788701251,2026-09-06 15:31:31,4,1.36,1.6,paypal
TR2609060053084,CL106621,EN00333,trottinette,nantes,ST1025,ST1027,2026-09-06 15:29:56,2026-09-06 16:12:56,43,13.68,,abonnement
TR2609060053085,CL105091,EN00312,trottinette,Nantes,ST1028,ST1022,2026-09-06 15:28:59,1788702599,21,6.56,5.62,paypal
TR2609060053086,CL101357,EN00284,trottinette,Nantes,ST1030,ST1030,2026-09-06 15:22:32,,17,5.03,4.74,cb
TR2609060053087,CL104666,EN00242,velo,Nantes,ST1031,ST1032,06/09/2026 15:16,1788701084,8,1.57,2.2,paypal
TR2609060053088,CL107346,EN00273,velo_elec,Nantes,ST1033,ST1029,2026-09-06 15:19:15,2026-09-06 15:33:15,14,3.6,4.5,cb
TR2609060053089,CL102917,EN00393,trottinette,Lille,ST1034,ST1045,2026-09-06 15:23:16,2026-09-06 15:26:16,3,0.83,1.66,abonnement
TR2609060053090,CL108630,EN00486,velo,Lille,ST1035,ST1044,2026-09-06 15:30:24,,19,3.6,3.85,abonnement
TR2609060053091,CL105782,EN00380,velo_elec,Lille,ST1038,ST1034,2026-09-06 15:23:19,2026-09-06 15:55:19,32,9.62,9.0,cb
TR2609060053092,CL102127,EN00470,trottinette,Lille,ST1041,ST1037,2026-09-06 15:22:25,2026-09-06 15:57:25,35,10.16,8.7,cb
TR2609060053093,CL104071,EN00372,trottinette,Lille,ST1044,ST1047,2026-09-06 15:26:02,1788701522,6,1.23,2.32,cb
TR2609060053094,CL107405,EN00377,trottinette,Lille,ST1046,ST1040,2026-09-06 15:28:24,06/09/2026 15:34,6,1.9,2.32,cb
TR2609060053095,CL108870,EN00408,velo_elec,Lille,ST1047,ST1042,2026-09-06 15:21:56,2026-09-06 15:28:56,7,1.31,2.75,abonnement
TR2609060053096,CL106215,EN00596,velo_elec,Grenoble,ST1048,ST1051,2026-09-06 15:30:21,2026-09-06 15:54:21,24,5.77,7.0,paypal
TR2609060053097,CL108140,EN00539,velo_elec,Grenoble,ST1049,ST1058,2026-09-06 15:24:30,06/09/2026 15:30,6,1.52,2.5,cb
TR2609060053098,CL103486,EN00575,trottinette,Grenoble,ST1051,ST1052,2026-09-06 15:16:30,2026-09-06 15:26:30,10,1.66,3.2,abonnement
TR2609060053099,CL101788,EN00507,trottinette,Grenoble,ST1051,ST1054,2026-09-06 15:29:08,06/09/2026 15:50,21,3.37,5.62,cb
TR2609060053100,CL104057,EN00599,trottinette,Grenoble,ST1053,ST1050,2026-09-06 15:19:34,2026-09-06 15:33:34,14,4.9,4.08,cb
TR2609060053101,CL105364,EN00513,velo_elec,Grenoble,ST1057,ST1052,1788701296,2026-09-06 15:43:16,15,4.41,4.75,cb
TR2609060053102,CL101599,EN00001,velo_elec,Lyon,ST1006,ST1010,2026-09-06 15:32:26,2026-09-06 15:44:26,12,3.01,4.0,abonnement
TR2609060053103,CL107804,EN00151,trottinette,Lyon,ST1007,ST1012,06/09/2026 15:42,2026-09-06 15:56:39,14,2.35,4.08,cb
TR2609060053104,CL105022,EN00100,velo_elec,Lyon,ST1008,ST1012,2026-09-06 15:36:58,2026-09-06 15:52:58,16,4.42,5.0,paypal
TR2609060053105,CL108482,EN00091,velo_elec,Lyon,ST1009,ST1009,2026-09-06 15:38:57,06/09/2026 16:11,33,10.01,9.25,cb
TR2609060053106,CL104085,EN00005,velo_elec,LYON,ST1010,ST1005,2026-09-06 15:42:54,,11,2.78,3.75,cb
TR2609060053107,CL107019,EN00139,velo_elec,Lyon,ST1010,ST1018,2026-09-06 15:45:35,2026-09-06 15:51:35,6,1.02,2.5,abonnement
TR2609060053108,CL108064,EN00058,velo_elec,Lyon,ST1012,ST1005,2026-09-06 15:38:24,06/09/2026 15:42,4,0.73,2.0,abonnement
TR2609060053109,CL105549,EN00078,velo_elec,Lyon,ST1013,ST1009,06/09/2026 15:34,2026-09-06 15:52:12,18,4.47,5.5,paypal
TR2609060053110,CL104559,EN00112,velo_elec,Lyon,ST1014,ST1012,2026-09-06 15:42:07,2026-09-06 15:59:07,17,5.55,5.25,cb
TR2609060053111,CL107132,EN00133,velo_elec,Lyon,ST1014,ST1004,2026-09-06 15:30:41,06/09/2026 15:41,11,3.74,3.75,paypal
TR2609060053112,CL100178,EN00152,velo_elec,Lyon,ST1015,ST1009,2026-09-06 15:33:19,2026-09-06 15:46:19,13,2.67,4.25,cb
TR2609060053113,CL100945,EN00025,velo_elec,Lyon ,ST1015,ST1012,2026-09-06 15:33:48,2026-09-06 16:43:48,70,19.38,18.5,cb
TR2609060053114,CL101900,EN00073,velo_elec,lyon,ST1016,ST1017,2026-09-06 15:42:28,2026-09-06 15:45:28,3,1.01,1.75,abonnement
TR2609060053115,CL106404,EN00052,trottinette,Lyon,ST1018,ST1012,2026-09-06 15:40:30,06/09/2026 16:01,21,4.59,5.62,cb
TR2609060053116,CL105039,EN00131,trottinette,Lyon,ST1018,ST1002,2026-09-06 15:39:26,06/09/2026 15:46,7,1.56,2.54,cb
TR2609060053117,CL104299,EN00067,velo_elec,Lyon,ST1019,ST1005,2026-09-06 15:43:45,2026-09-06 15:46:45,3,0.47,1.75,cb
TR2609060053118,CL101332,EN00300,velo_elec,Nante,ST1020,ST1020,2026-09-06 15:40:14,2026-09-06 16:10:14,30,8.68,8.5,cb
TR2609060053119,CL105091,EN00348,velo_elec,NANTES,ST1028,ST1022,2026-09-06 15:34:12,1788702792,19,4.19,5.75,abonnement
TR2609060053120,CL100359,EN00359,trottinette,Nantes,ST1032,ST1027,2026-09-06 15:38:41,2026-09-06 15:49:41,11,1.81,3.42,abonnement
TR2609060053121,CL100500,EN00489,trottinette,Lille,ST1035,ST1038,06/09/2026 15:39,06/09/2026 15:50,11,2.91,3.42,cb
TR2609060053122,CL103272,EN00458,velo,Lille,ST1035,ST1039,06/09/2026 15:35,2026-09-06 16:02:35,27,8.89,5.05,cb
TR2609060053123,CL106846,EN00441,velo_elec,Lille,ST1036,ST1038,2026-09-06 15:38:27,2026-09-06 16:04:27,26,4.16,7.5,cb
TR2609060053124,CL107376,EN00381,trottinette,Lille,ST1037,ST1034,2026-09-06 15:35:08,1788702488,13,3.41,3.86,cb
TR2609060053125,CL104477,EN00425,velo_elec,Lille,ST1041,ST1036,2026-09-06 15:30:43,06/09/2026 16:17,47,7.98,12.75,cb
TR2609060053126,CL103050,EN00481,velo_elec,Lille,ST1042,ST1039,2026-09-06 15:46:02,2026-09-06 15:52:02,6,0.93,2.5,cb
TR2609060053127,CL102007,EN00393,trottinette,Lille,ST1045,ST1046,2026-09-06 15:33:18,06/09/2026 15:40,7,1.83,2.54,cb
TR2609060053128,CL102983,EN00477,trottinette,LILLE,ST1046,ST1036,1788701665,2026-09-06 15:41:25,7,1.67,2.54,paypal
TR2609060053129,CL103163,EN00406,velo_elec,Lille,ST1047,ST1041,2026-09-06 15:37:01,2026-09-06 16:23:01,-2,11.35,12.5,cb
TR2609060053130,CL100108,EN00577,velo_elec,Grenoble,ST1057,ST1057,2026-09-06 15:44:34,2026-09-06 16:03:34,19,4.37,5.75,abonnement
TR2609060053131,CL104959,EN00533,velo_elec,grenoble,ST1058,ST1058,2026-09-06 15:39:42,,21,7.25,6.25,cb
TR2609060053132,CL100518,EN00058,velo_elec,Lyon,ST1005,ST1017,2026-09-06 15:51:08,2026-09-06 15:56:08,5,0.9,2.25,paypal
TR2609060053133,CL106129,EN00177,velo_elec,Lyon,ST1008,ST1008,2026-09-06 15:50:41,2026-09-06 16:00:41,10,3.02,3.5,cb
TR2609060053134,CL106520,EN00152,velo_elec,Lyon,ST1009,ST1001,2026-09-06 15:53:33,06/09/2026 16:09,16,3.16,5.0,paypal
TR2609060053135,CL101040,EN00154,trottinette,Lyon,ST1009,ST1018,2026-09-06 15:56:59,2026-09-06 16:39:59,43,6.7,10.46,abonnement
TR2609060053136,CL103298,EN00211,velo_elec,Lyon,ST1011,ST1002,1788702869,2026-09-06 16:06:29,12,1.91,4.0,abonnement
TR2609060053137,CL103546,EN00030,trottinette,lyon,ST1012,ST1008,2026-09-06 15:55:29,2026-09-06 16:03:29,8,1.32,2.76,cb
TR2609060053138,CL100188,EN00071,velo_elec,Lyon,ST1013,ST1003,2026-09-06 15:49:18,1788703338,13,3.08,4.25,abonnement
TR2609060053139,CL107683,EN00006,trottinette,Lyon ,ST1013,ST1002,2026-09-06 15:58:17,2026-09-06 16:19:17,21,3.68,5.62,abonnement
TR2609060053140,CL102847,EN00178,velo_elec,Lyon,ST1014,ST1003,2026-09-06 15:48:23,2026-09-06 16:10:23,22,3.99,6.5,cb
TR2609060053141,CL106217,EN00122,trottinette,Lyon,ST1015,ST1015,2026-09-06 15:58:12,2026-09-06 16:09:12,11,2.5,3.42,cb
TR2609060053142,CL106644,EN00157,velo_elec,Lyon,ST1015,ST1010,2026-09-06 15:51:02,2026-09-06 16:15:02,24,7.73,7.0,cb
TR2609060053143,CL105134,EN00049,trottinette,Lyon,ST1016,ST1007,2026-09-06 15:48:20,2026-09-06 16:19:20,31,7.11,7.82,cb
TR2609060053144,CL106231,EN00073,velo_elec,Lyon,ST1017,ST1008,06/09/2026 15:58,2026-09-06 16:09:42,11,2.78,3.75,cb
TR2609060053145,CL107427,EN00202,trottinette,LYON,ST1017,ST1003,2026-09-06 15:46:34,2026-09-06 15:52:34,6,2.05,2.32,cb
TR2609060053146,CL102610,EN00145,trottinette,Lyon,ST1018,ST1016,2026-09-06 15:50:32,06/09/2026 16:10,20,5.61,5.4,cb
TR2609060053147,CL103024,EN00290,trottinette,Nantes,ST1020,ST1023,06/09/2026 15:59,2026-09-06 16:13:27,14,3.84,4.08,cb
TR2609060053148,CL108677,EN00302,velo_elec,Nantes,ST1021,ST1024,2026-09-06 15:52:34,2026-09-06 15:59:34,7,1.07,2.75,cb
TR2609060053149,CL107579,EN00276,velo_elec,Nantes,ST1021,ST1029,2026-09-06 15:56:51,2026-09-06 16:10:51,14,4.32,4.5,cb
TR2609060053150,CL100382,EN00277,velo_elec,Nantes,ST1025,ST1025,2026-09-06 15:54:00,2026-09-06 16:04:00,10,1.91,3.5,abonnement
TR2609060053151,CL103202,EN00338,velo_elec,Nantes,ST1026,ST1030,06/09/2026 16:00,2026-09-06 16:05:27,5,0.93,2.25,cb
TR2609060053152,CL102932,EN00303,velo_elec,Nantes,ST1028,ST1032,2026-09-06 15:55:34,2026-09-06 16:07:34,12,3.54,4.0,cb
TR2609060053153,CL108649,EN00291,velo_elec,Nantes,ST1028,ST1022,06/09/2026 15:52,06/09/2026 16:00,8,2.34,3.0,cb
TR2609060053154,CL108035,EN00284,trottinette,Nantes,ST1030,ST1021,2026-09-06 15:57:39,2026-09-06 16:03:39,6,1.99,2.32,cb
TR2609060053155,CL106852,EN00449,trottinette,Lille,ST1034,ST1045,2026-09-06 15:47:08,2026-09-06 15:59:08,12,3.6,3.64,abonnement
TR2609060053156,CL102983,EN00491,velo,Lille,ST1035,ST1035,2026-09-06 15:48:36,2026-09-06 15:53:36,5,0.91,1.75,abonnement
TR2609060053157,CL104094,EN00407,velo,Lille,ST1035,ST1046,06/09/2026 15:54,2026-09-06 16:11:57,17,4.16,3.55,abonnement
TR2609060053158,CL103749,EN00488,velo_elec,Lille,ST1037,ST1046,2026-09-06 15:48:40,2026-09-06 15:56:40,8,1.33,3.0,cb
TR2609060053159,CL102513,EN00478,trottinette,Lille,ST1037,ST1040,06/09/2026 15:55,2026-09-06 16:00:18,5,1.7,2.1,cb
TR2609060053160,CL101988,EN00400,trottinette,Lille,ST1040,ST1039,2026-09-06 15:54:52,2026-09-06 16:00:52,6,1.41,2.32,cb
TR2609060053161,CL100590,EN00442,trottinette,Lille,ST1041,ST1036,2026-09-06 15:47:27,2026-09-06 17:17:27,90,28.78,20.8,cb
TR2609060053162,CL105339,EN00383,trottinette,Lille,ST1045,ST1042,2026-09-06 15:51:51,2026-09-06 16:02:51,11,2.04,3.42,paypal
TR2609060053163,CL106866,EN00474,velo_elec,Lille,ST1045,ST1044,2026-09-06 15:47:18,2026-09-06 16:04:18,17,2.74,,abonnement
TR2609060053164,CL102876,EN00393,trottinette,Lille,ST1046,ST1047,2026-09-06 15:53:41,2026-09-06 16:05:41,12,2.31,3.64,cb
TR2609060053165,CL108907,EN00382,trottinette,Lille,ST1047,ST1035,2026-09-06 15:58:01,2026-09-06 16:10:01,12,3.37,3.64,abonnement
TR2609060053166,CL100902,EN00508,trottinette,Grenoble,ST1048,ST1050,2026-09-06 15:51:31,2026-09-06 16:23:31,32,7.3,8.04,abonnement
TR2609060053167,CL102345,EN00566,trottinette,Grenoble,ST1051,ST1050,2026-09-06 16:00:45,2026-09-06 16:15:45,15,3.63,4.3,abonnement
TR2609060053168,CL101522,EN00541,velo_elec,Grenoble,ST1052,ST1051,2026-09-06 15:48:23,1788702803,5,1.54,2.25,paypal
TR2609060053169,CL106328,EN00575,trottinette,Grenoble,ST1052,ST1049,2026-09-06 15:51:26,06/09/2026 16:10,19,6.18,5.18,abonnement
TR2609060053170,CL105957,EN00552,trottinette,Grenoble,ST1055,ST1048,2026-09-06 15:57:04,06/09/2026 16:04,7,1.55,2.54,cb
TR2609060053171,CL104185,EN00019,trottinette,Lyon,ST1001,ST1007,2026-09-06 16:10:40,2026-09-06 16:49:40,39,9.54,9.58,cb
TR2609060053172,CL103053,EN00034,velo_elec,Lyon,ST1004,ST1003,2026-09-06 16:11:51,2026-09-06 17:13:51,62,21.44,16.5,cb
TR2609060053173,CL103217,EN00005,velo_elec,Lyon,ST1005,ST1016,2026-09-06 16:02:22,2026-09-06 16:24:22,22,6.62,6.5,cb
TR2609060053174,CL102119,EN00106,trottinette,Lyon,ST1010,ST1011,2026-09-06 16:12:34,2026-09-06 16:31:34,19,3.67,5.18,cb
TR2609060053175,CL101668,EN00085,velo_elec,Lyon,ST1011,ST1002,2026-09-06 16:10:22,,15,5.02,4.75,cb
TR2609060053176,CL103101,EN00112,velo_elec,Lyon,ST1012,ST1010,06/09/2026 16:12,1788704322,6,1.59,2.5,cb
TR2609060053177,CL101514,EN00100,velo_elec,Lyon,ST1012,ST1014,2026-09-06 16:04:03,2026-09-06 16:20:03,16,3.77,5.0,cb
TR2609060053178,CL106010,EN00151,trottinette,Lyon,ST1012,ST1006,2026-09-06 16:13:54,06/09/2026 16:22,9,3.08,2.98,cb
TR2609060053179,CL107684,EN00200,trottinette,Lyon,ST1013,ST1014,2026-09-06 16:07:21,2026-09-06 16:32:21,25,7.56,6.5,cb
TR2609060053180,CL104938,EN00033,trottinette,Lyon,ST1014,ST1014,06/09/2026 16:03,2026-09-06 16:06:14,3,0.48,1.66,cb
TR2609060053181,CL104659,EN00050,velo_elec,Lyon,ST1015,ST1003,2026-09-06 16:09:20,2026-09-06 16:15:20,6,1.92,2.5,cb
TR2609060053182,CL104880,EN00139,velo_elec,Lyon,ST1018,ST1015,2026-09-06 16:15:05,06/09/2026 16:29,14,4.26,4.5,cb
TR2609060053183,CL107452,EN00074,trottinette,Lyon,ST1018,ST1001,06/09/2026 16:05,06/09/2026 16:11,6,1.5,2.32,cb
TR2609060053184,CL104902,EN00274,velo,Nantes,ST1020,ST1031,2026-09-06 16:08:55,2026-09-06 16:21:55,13,3.22,2.95,abonnement
TR2609060053185,CL103033,EN00345,velo,Nantes,ST1020,ST1026,2026-09-06 16:01:30,2026-09-06 16:08:30,7,1.12,2.05,cb
TR2609060053186,CL106881,EN00312,trottinette,Nantes,ST1022,ST1030,1788703380,2026-09-06 16:21:00,18,3.72,4.96,paypal
TR2609060053187,CL107361,EN00302,velo_elec,Nantes,ST1024,ST1023,2026-09-06 16:13:27,2026-09-06 16:18:27,5,0.81,2.25,abonnement
TR2609060053188,CL105905,EN00271,velo_elec,Nantes,ST1025,ST1027,2026-09-06 16:06:14,2026-09-06 16:11:14,5,1.15,2.25,cb
TR2609060053189,CL105835,EN00381,trottinette,Lille,ST1034,ST1042,2026-09-06 16:05:26,2026-09-06 16:18:26,-17,1.97,3.86,cb
TR2609060053190,CL100085,EN00475,trottinette,Lille,ST1034,ST1044,2026-09-06 16:12:30,06/09/2026 16:30,18,5.2,4.96,cb
TR2609060053191,CL108539,EN00491,velo,Lille,ST1035,ST1035,2026-09-06 16:13:12,2026-09-06 16:26:12,13,2.7,2.95,cb
TR2609060053192,CL106410,EN00493,velo_elec,LILLE,ST1037,ST1036,06/09/2026 16:05,2026-09-06 16:20:31,15,2.36,4.75,cb
TR2609060053193,CL104496,EN00470,trottinette,Lille,ST1037,ST1040,2026-09-06 16:12:27,2026-09-06 16:20:27,8,2.69,2.76,cb
TR2609060053194,CL103893,EN00489,trottinette,Lille,ST1038,ST1045,2026-09-06 16:09:09,2026-09-06 16:14:09,5,0.92,2.1,paypal
TR2609060053195,CL107353,EN00361,trottinette,Lille,ST1039,ST1036,06/09/2026 16:06,06/09/2026 16:15,9,1.46,2.98,cb
TR2609060053196,CL101982,EN00446,trottinette,Lille,ST1040,ST1043,2026-09-06 16:04:18,2026-09-06 16:44:18,40,11.78,9.8,paypal
TR2609060053197,CL100390,EN00377,trottinette,Lille,ST1040,ST1035,2026-09-06 16:13:57,2026-09-06 16:33:57,20,3.32,5.4,cb
TR2609060053198,CL105001,EN00414,velo_elec,Lille,ST1041,ST1039,06/09/2026 16:08,2026-09-06 16:16:41,8,1.92,3.0,abonnement
TR2609060053199,CL108385,EN00372,trottinette,Lille,ST1047,ST1039,06/09/2026 16:12,2026-09-06 16:26:35,14,3.6,4.08,cb
TR2609060053200,CL106969,EN00445,velo_elec,Lille,ST1047,ST1041,2026-09-06 16:06:34,2026-09-06 16:27:34,21,5.46,6.25,cb
TR2609060053201,CL103890,EN00520,velo_elec,Grenoble,ST1048,ST1056,2026-09-06 16:04:25,2026-09-06 16:14:25,10,2.35,3.5,abonnement
TR2609060053202,CL104318,EN00593,trottinette,Grenoble,ST1048,ST1051,2026-09-06 16:05:51,2026-09-06 16:10:51,5,0.82,2.1,cb
TR2609060053203,CL101297,EN00541,velo_elec,Grenoble,ST1051,ST1049,2026-09-06 16:02:32,2026-09-06 16:06:32,4,1.12,2.0,cb
TR2609060053204,CL107644,EN00152,velo_elec,Lyon,ST1001,ST1006,2026-09-06 16:21:58,2026-09-06 17:04:58,43,9.68,11.75,cb
TR2609060053205,CL108484,EN00202,trottinette,Lyon,ST1003,ST1012,2026-09-06 16:19:55,2026-09-06 16:26:55,7,1.36,2.54,cb
TR2609060053206,CL100632,EN00071,velo_elec,Lyon,ST1003,ST1003,2026-09-06 16:20:54,2026-09-06 16:54:54,34,11.51,9.5,paypal
TR2609060053207,CL101721,EN00133,velo_elec,lyon,ST1004,ST1009,2026-09-06 16:22:03,2026-09-06 16:31:03,9,1.93,3.25,paypal
TR2609060053208,CL107268,EN00210,trottinette,Lyon,ST1004,ST1002,2026-09-06 16:30:31,2026-09-06 16:54:31,24,4.84,6.28,cb
TR2609060053209,CL107651,EN00078,velo_elec,Lyon,ST1009,ST1011,06/09/2026 16:17,2026-09-06 16:26:42,9,2.43,3.25,cb
TR2609060053210,CL103817,EN00185,trottinette,Lyon,ST1013,ST1008,2026-09-06 16:25:31,2026-09-06 16:59:31,34,5.71,8.48,paypal
TR2609060053211,CL106005,EN00086,velo_elec,Lyon,ST1016,ST1016,2026-09-06 16:15:55,2026-09-06 16:37:55,22,7.64,6.5,cb
TR2609060053212,CL108930,EN00164,trottinette,Lyon,ST1017,ST1017,2026-09-06 16:29:31,2026-09-06 16:35:31,6,2.02,2.32,cb
TR2609060053213,CL100670,EN00150,trottinette,lyon,ST1018,ST1014,2026-09-06 16:21:39,06/09/2026 16:33,-4,3.37,3.64,abonnement
TR2609060053214,CL100065,EN00304,velo_elec,Nantes,ST1021,ST1028,2026-09-06 16:18:46,2026-09-06 16:27:46,9,2.58,3.25,cb
TR2609060053215,CL107699,EN00347,trottinette,Nantes,ST1027,ST1020,2026-09-06 16:23:21,2026-09-06 16:38:21,15,5.02,4.3,
TR2609060053216,CL100497,EN00276,velo_elec,Nantes,ST1029,ST1030,2026-09-06 16:18:41,2026-09-06 16:41:41,23,7.24,6.75,cb
TR2609060053217,CL102815,EN00233,velo_elec,Nantes,ST1030,ST1020,1788704539,06/09/2026 16:44,22,7.23,6.5,cb
TR2609060053218,CL104126,EN00306,velo,Nantes,ST1030,ST1028,2026-09-06 16:20:32,2026-09-06 16:22:32,2,0.34,1.3,cb
TR2609060053219,CL101023,EN00242,velo,Nantes,ST1032,ST1020,2026-09-06 16:17:40,2026-09-06 16:32:40,15,4.67,3.25,cb
TR2609060053220,CL100959,EN00243,velo,Nantes,ST1032,ST1030,2026-09-06 16:25:36,2026-09-06 16:36:36,11,2.17,2.65,abonnement
TR2609060053221,CL106668,EN00380,velo_elec,Lille,ST1034,ST1043,06/09/2026 16:21,,5,1.3,2.25,cb
TR2609060053222,CL103643,EN00476,trottinette,Lille,ST1037,ST1041,06/09/2026 16:30,2026-09-06 16:33:33,3,0.75,1.66,abonnement
TR2609060053223,CL108450,EN00383,trottinette,Lille,ST1042,ST1044,2026-09-06 16:29:04,2026-09-06 16:36:04,7,1.16,2.54,abonnement
TR2609060053224,CL102576,EN00482,velo_elec,Lille,ST1046,ST1044,2026-09-06 16:26:26,2026-09-06 16:37:26,11,2.94,3.75,cb
TR2609060053225,CL100249,EN00488,velo_elec,Lille,ST1046,ST1038,2026-09-06 16:24:56,2026-09-06 16:36:56,12,1.93,4.0,cb
TR2609060053226,CL101150,EN00552,trottinette,Grenoble,ST1048,ST1048,06/09/2026 16:27,2026-09-06 16:45:27,18,6.23,4.96,cb
TR2609060053227,CL106930,EN00547,trottinette,Grenoble,ST1048,ST1058,2026-09-06 16:19:02,2026-09-06 16:24:02,5,1.22,2.1,abonnement
TR2609060053228,CL107245,EN00506,trottinette,grenoble,ST1053,ST1058,2026-09-06 16:21:49,2026-09-06 16:35:49,14,2.58,4.08,cb
TR2609060053229,CL102477,EN00053,trottinette,Lyon,ST1001,ST1017,2026-09-06 16:39:42,2026-09-06 17:07:42,28,4.31,7.16,abonnement
TR2609060053230,CL102071,EN00020,velo_elec,Lyon,ST1002,ST1001,2026-09-06 16:43:13,2026-09-06 17:06:13,23,5.68,6.75,cb
TR2609060053231,CL101331,EN00178,velo_elec,Lyon,ST1003,ST1013,06/09/2026 16:42,2026-09-06 16:52:30,10,3.14,3.5,cb
TR2609060053232,CL102123,EN00151,trottinette,Lyon,ST1006,ST1002,2026-09-06 16:34:43,2026-09-06 16:48:43,14,2.79,4.08,cb
TR2609060053233,CL108693,EN00117,trottinette,Lyon,ST1006,ST1012,1788705887,2026-09-06 16:52:47,8,1.29,2.76,cb
TR2609060053234,CL101523,EN00133,velo_elec,Lyon,ST1009,ST1014,06/09/2026 16:43,2026-09-06 17:07:40,24,4.23,7.0,cb
TR2609060053235,CL101487,EN00091,velo_elec,Lyon,ST1009,ST1012,2026-09-06 16:33:58,2026-09-06 16:39:58,6,1.81,2.5,abonnement
TR2609060053236,CL107149,EN00076,velo_elec,Lyon,ST1009,ST1017,06/09/2026 16:36,2026-09-06 16:44:29,8,2.01,3.0,cb
TR2609060053237,CL101973,EN00112,velo_elec,Lyon ,ST1010,ST1017,2026-09-06 16:41:41,2026-09-06 17:01:41,20,4.05,6.0,cb
TR2609060053238,CL107344,EN00078,velo_elec,Lyon,ST1011,ST1002,2026-09-06 16:32:42,2026-09-06 16:44:42,12,3.59,4.0,cb
TR2609060053239,CL106358,EN00100,velo_elec,Lyon,ST1014,ST1019,2026-09-06 16:44:06,2026-09-06 17:00:06,16,5.3,5.0,cb
TR2609060053240,CL101979,EN00139,velo_elec,Lyon,ST1015,ST1001,2026-09-06 16:34:25,2026-09-06 16:47:25,8684,3.93,4.25,
TR2609060053241,CL105581,EN00122,trottinette,Lyon,ST1015,ST1013,2026-09-06 16:39:17,2026-09-06 16:44:17,5,1.02,2.1,cb
TR2609060053242,CL103331,EN00058,velo_elec,lyon,ST1017,ST1014,2026-09-06 16:40:06,2026-09-06 16:49:06,9,3.15,3.25,abonnement
TR2609060053243,CL107011,EN00004,velo_elec,Lyon,ST1018,ST1007,1788705612,06/09/2026 17:25,45,6.88,12.25,cb
TR2609060053244,CL108848,EN00284,trottinette,Nante,ST1021,ST1028,06/09/2026 16:32,1788706168,17,4.58,4.74,paypal
TR2609060053245,CL100572,EN00348,velo_elec,Nantes,ST1022,ST1029,2026-09-06 16:32:43,2026-09-06 16:36:43,4,1.09,2.0,cb
TR2609060053246,CL101909,EN00302,velo_elec,Nantes,ST1023,ST1029,2026-09-06 16:43:33,2026-09-06 17:07:33,24,7.23,7.0,cb
TR2609060053247,CL101820,EN00290,trottinette,Nantes,ST1023,ST1028,1788705914,2026-09-06 16:52:14,7,1.53,2.54,abonnement
TR2609060053248,CL106839,EN00304,velo_elec,Nantes,ST1028,ST1022,2026-09-06 16:39:00,2026-09-06 17:06:00,27,4.57,7.75,cb
TR2609060053249,CL103703,EN00346,velo,Nantes,ST1032,ST1022,2026-09-06 16:39:21,2026-09-06 16:48:21,9,2.59,2.35,cb
TR2609060053250,CL103596,EN00350,velo,Nantes,ST1032,ST1028,2026-09-06 16:43:57,1788706257,7,1.37,2.05,cb
TR2609060053251,CL103211,EN00382,trottinette,LILLE,ST1035,ST1046,2026-09-06 16:44:11,2026-09-06 16:51:11,7,1.06,2.54,cb
TR2609060053252,CL102007,EN00491,velo,lille,ST1035,ST1039,2026-09-06 16:34:17,2026-09-06 17:08:17,34,5.86,6.1,cb
TR2609060053253,CL108232,EN00441,velo_elec,Lille,ST1038,ST1040,06/09/2026 16:32,06/09/2026 16:39,7,1.25,2.75,abonnement
TR2609060053254,CL101624,EN00374,velo_elec,Lille,ST1039,ST1041,06/09/2026 16:36,2026-09-06 16:45:13,9,1.84,3.25,abonnement
TR2609060053255,CL106885,EN00456,trottinette,Lille,ST1041,ST1045,06/09/2026 16:38,1788706751,21,5.91,5.62,paypal
TR2609060053256,CL101992,EN00408,velo_elec,Lille,ST1042,ST1036,06/09/2026 16:33,06/09/2026 16:43,10,2.62,3.5,cb
TR2609060053257,CL104699,EN00380,velo_elec, Lille,ST1043,ST1038,06/09/2026 16:32,2026-09-06 16:43:09,11,3.0,3.75,cb
TR2609060053258,CL100650,EN00393,trottinette,Lille,ST1047,ST1035,2026-09-06 16:36:15,2026-09-06 16:46:15,10,2.73,3.2,cb
TR2609060053259,CL106769,EN00415,trottinette,Lille,ST1047,ST1042,2026-09-06 16:32:10,2026-09-06 17:11:10,39,7.69,9.58,abonnement
TR2609060053260,CL107264,EN00541,velo_elec,Grenoble,ST1049,ST1050,1788705083,2026-09-06 16:38:23,7,2.06,2.75,paypal
TR2609060053261,CL992862,EN00513,velo_elec,Grenoble,ST1052,ST1056,2026-09-06 16:38:20,2026-09-06 17:11:20,33,11.22,9.25,cb
TR2609060053262,CL103471,EN00549,velo_elec,Grenoble,ST1054,ST1054,2026-09-06 16:35:53,2026-09-06 16:54:53,19,4.25,5.75,
TR2609060053263,CL100078,EN00514,velo_elec,Grenoble,ST1056,ST1049,2026-09-06 16:44:23,1788707003,19,6.01,5.75,paypal
TR2609060053264,CL106486,EN00592,velo_elec,Grenoble,ST1057,ST1051,2026-09-06 16:31:12,2026-09-06 16:38:12,7,2.22,2.75,cb
TR2609060053265,CL108337,EN00533,velo_elec,GRENOBLE,ST1058,ST1054,2026-09-06 16:34:20,06/09/2026 16:51,17,2.79,5.25,cb
TR2609060053266,CL106129,EN00139,velo_elec,Lyon,ST1001,ST1019,2026-09-06 16:46:42,,3,1.04,1.75,paypal
TR2609060053267,CL101721,EN00172,trottinette,Lyon,ST1002,ST1014,2026-09-06 16:52:03,2026-09-06 17:16:03,24,3.81,6.28,abonnement
TR2609060053268,CL107345,EN00028,trottinette,Lyon,ST1003,ST1018,2026-09-06 16:57:10,2026-09-06 17:22:10,25,4.95,6.5,cb
TR2609060053269,CL101433,EN00050,velo_elec,Lyon,ST1003,ST1019,,2026-09-06 17:12:54,22,5.66,6.5,cb
TR2609060053270,CL104876,EN00219,velo_elec,Lyon,ST1004,ST1019,2026-09-06 16:57:24,2026-09-06 17:07:24,10,3.42,3.5,abonnement
TR2609060053271,CL106520,EN00003,velo_elec,Lyon,ST1004,ST1019,1788706679,06/09/2026 17:12,15,3.6,4.75,cb
TR2609060053272,CL103607,EN00087,trottinette,lyon,ST1006,ST1002,2026-09-06 16:54:01,2026-09-06 16:56:01,2,0.36,1.44,abonnement
TR2609060053273,CL108618,EN00073,velo_elec,Lyon,ST1008,ST1002,2026-09-06 16:48:24,2026-09-06 16:55:24,7,1.13,2.75,abonnement
TR2609060053274,CL108074,EN00138,velo_elec,Lyon,ST1009,ST1001,2026-09-06 16:53:20,2026-09-06 17:07:20,14,2.32,4.5,abonnement
TR2609060053275,CL100091,EN00106,trottinette,Lyon,ST1011,ST1003,2026-09-06 16:57:01,2026-09-06 17:11:01,14,3.27,4.08,cb
TR2609060053276,CL106475,EN00217,velo_elec,LYON,ST1011,ST1007,1788706220,2026-09-06 16:52:20,2,0.63,1.5,cb
TR2609060053277,CL106320,EN00200,trottinette,Lyon,ST1014,ST1009,2026-09-06 16:52:31,06/09/2026 17:05,13,3.45,3.86,cb
TR2609060053278,CL101512,EN00163,trottinette,Lyon,ST1014,ST1003,2026-09-06 16:59:39,2026-09-06 17:23:39,24,5.94,6.28,cb
TR2609060053279,CL106778,EN00132,trottinette,Lyon,ST1018,ST1003,2026-09-06 17:00:34,2026-09-06 17:13:34,13,2.98,3.86,abonnement
TR2609060053280,CL103097,EN00300,velo_elec,Nantes,ST1020,ST1022,2026-09-06 16:48:41,2026-09-06 16:59:41,11,3.52,3.75,cb
TR2609060053281,CL107865,EN00259,trottinette,Nantes,ST1022,ST1024,1788706086,2026-09-06 17:03:06,15,4.6,4.3,cb
TR2609060053282,CL102584,EN00262,velo,Nantes,ST1022,ST1023,1788706022,06/09/2026 16:52,5,0.88,1.75,paypal
TR2609060053283,CL103987,EN00223,velo,nantes,ST1028,ST1027,06/09/2026 16:56,2026-09-06 17:11:00,15,3.48,3.25,paypal
TR2609060053284,CL100430,EN00355,velo_elec,Nantes,ST1033,ST1031,06/09/2026 16:47,06/09/2026 17:09,22,5.28,6.5,paypal
TR2609060053285,CL103893,EN00362,velo_elec,Lille,ST1034,ST1039,06/09/2026 17:01,2026-09-06 17:23:18,22,6.73,6.5,abonnement
TR2609060053286,CL107732,EN00412,trottinette,Lille,ST1037,ST1036,2026-09-06 17:00:05,06/09/2026 17:25,25,7.63,6.5,abonnement
TR2609060053287,CL106224,EN00380,velo_elec,Lille,ST1038,ST1036,1788706741,2026-09-06 17:06:01,7,2.15,2.75,cb
TR2609060053288,CL102217,EN00400,trottinette,Lille,ST1039,ST1040,2026-09-06 16:50:07,2026-09-06 17:23:07,33,6.07,8.26,paypal
TR2609060053289,CL106628,EN00381,trottinette,Lille,ST1042,ST1037,2026-09-06 16:50:18,2026-09-06 16:56:18,6,1.29,2.32,cb
TR2609060053290,CL106719,EN00552,trottinette,Grenoble,ST1048,ST1050,2026-09-06 16:55:41,06/09/2026 17:42,47,14.88,11.34,abonnement
TR2609060053291,CL105049,EN00530,velo_elec,Grenoble,ST1050,ST1050,2026-09-06 16:48:56,06/09/2026 17:10,22,6.54,6.5,cb
TR2609060053292,CL107379,EN00580,velo_elec,Grenoble,ST1051,ST1054,06/09/2026 16:56,06/09/2026 16:58,2,0.41,1.5,abonnement
TR2609060053293,CL108078,EN00597,trottinette,Grenoble ,ST1052,ST1053,2026-09-06 16:47:12,2026-09-06 16:58:12,11,3.85,3.42,cb
TR2609060053294,CL100710,EN00031,velo_elec,Lyon,ST1003,ST1002,2026-09-06 17:02:03,2026-09-06 17:10:03,8,1.75,3.0,cb
TR2609060053295,CL108289,EN00109,trottinette,Lyon,ST1008,ST1007,2026-09-06 17:08:51,2026-09-06 17:11:51,3,0.52,1.66,abonnement
TR2609060053296,CL106438,EN00007,velo,Lyon,ST1011,ST1017,2026-09-06 17:15:17,2026-09-06 17:33:17,18,3.78,3.7,cb
TR2609060053297,CL100798,EN00178,velo_elec,Lyon,ST1013,ST1004,06/09/2026 17:01,2026-09-06 17:22:20,21,4.79,6.25,abonnement
TR2609060053298,CL934571,EN00122,trottinette,Lyon,ST1013,ST1011,2026-09-06 17:03:24,2026-09-06 17:19:24,16,3.12,4.52,paypal
TR2609060053299,CL103821,EN00179,trottinette,Lyon,ST1015,ST1004,2026-09-06 17:02:54,2026-09-06 17:46:54,44,10.4,10.68,abonnement
TR2609060053300,CL105169,EN00062,trottinette,Lyon,ST1015,ST1002,2026-09-06 17:02:44,2026-09-06 17:06:44,4,1.1,1.88,cb
TR2609060053301,CL105361,EN00005,velo_elec,Lyon,ST1016,ST1019,2026-09-06 17:03:36,,35,7.89,9.75,cb
TR2609060053302,CL106168,EN00139,velo_elec,Lyon,ST1019,ST1003,06/09/2026 17:10,2026-09-06 17:18:11,8,2.78,3.0,cb
TR2609060053303,CL108113,EN00271,velo_elec,Nantes,ST1027,ST1023,2026-09-06 17:09:27,2026-09-06 17:30:27,21,6.2,6.25,paypal
TR2609060053304,CL103628,EN00284,trottinette,Nantes,ST1028,ST1023,1788706877,2026-09-06 17:11:17,10,3.1,3.2,abonnement
TR2609060053305,CL100053,EN00274,velo,Nantes,ST1031,ST1029,2026-09-06 17:11:42,2026-09-06 17:16:42,5,1.46,1.75,cb
TR2609060053306,CL103642,EN00381,trottinette,Lille,ST1037,ST1041,2026-09-06 17:13:57,2026-09-06 17:24:57,11,3.27,3.42,cb
TR2609060053307,CL108787,EN00446,trottinette,Lille,ST1043,ST1038,2026-09-06 17:06:01,06/09/2026 17:18,12,2.44,3.64,paypal
TR2609060053308,CL103191,EN00382,trottinette,LILLE,ST1046,ST1046,2026-09-06 17:11:11,2026-09-06 17:30:11,19,3.89,5.18,abonnement
TR2609060053309,CL102974,EN00373,velo_elec,Lille,ST1046,ST1040,2026-09-06 17:03:44,2026-09-06 17:21:44,18,4.0,5.5,abonnement
TR2609060053310,CL100503,EN00386,trottinette,Lille,ST1047,ST1046,06/09/2026 17:15,2026-09-06 17:29:21,14,3.76,4.08,paypal
TR2609060053311,CL108025,EN00599,trottinette,Grenoble,ST1050,ST1057,2026-09-06 17:14:55,2026-09-06 17:33:55,19,4.69,5.18,abonnement
TR2609060053312,CL105324,EN00597,trottinette,Grenoble,ST1053,ST1056,2026-09-06 17:12:47,2026-09-06 17:20:47,8,1.87,2.76,abonnement
TR2609060053313,CL106732,EN00528,velo_elec,Grenoble,ST1055,ST1051,2026-09-06 17:05:07,06/09/2026 17:16,11,3.53,3.75,cb
TR2609060053314,CL108487,EN00577,velo_elec,Grenoble,ST1057,ST1050,1788707536,2026-09-06 17:30:16,18,3.14,5.5,paypal
TR2609060053315,CL106644,EN00218,velo_elec,Lyon,ST1001,ST1001,2026-09-06 17:28:51,2026-09-06 17:43:51,15,3.78,4.75,paypal
TR2609060053316,CL104009,EN00031,velo_elec,Lyon,ST1002,ST1016,2026-09-06 17:22:44,2026-09-06 17:50:44,28,4.67,,cb
TR2609060053317,CL103617,EN00175,trottinette,Lyon,ST1004,ST1010,1788707752,2026-09-06 17:31:52,16,5.57,4.52,cb
TR2609060053318,CL108929,EN00152,velo_elec,Lyon ,ST1006,ST1006,2026-09-06 17:27:25,2026-09-06 17:46:25,19,5.51,5.75,abonnement
TR2609060053319,CL101051,EN00180,trottinette,Lyon,ST1010,ST1016,06/09/2026 17:15,2026-09-06 17:17:49,2,0.66,1.44,abonnement
TR2609060053320,CL107263,EN00149,velo,Lyon,ST1013,ST1001,2026-09-06 17:24:11,2026-09-06 17:30:11,6,1.55,1.9,cb
TR2609060053321,CL104645,EN00208,velo_elec,Lyon,ST1015,ST1010,06/09/2026 17:24,2026-09-06 17:33:08,9,3.06,3.25,abonnement
TR2609060053322,CL105222,EN00136,trottinette,Lyon,ST1016,ST1009,2026-09-06 17:25:46,1788708526,3,0.73,1.66,cb
TR2609060053323,CL101422,EN00219,velo_elec,Lyon,ST1019,ST1016,2026-09-06 17:29:37,2026-09-06 17:43:37,14,4.46,4.5,paypal
TR2609060053324,CL102677,EN00233,velo_elec,Nantes,ST1020,ST1033,2026-09-06 17:24:20,06/09/2026 17:33,9,2.0,3.25,cb
TR2609060053325,CL100398,EN00284,trottinette,Nantes,ST1023,ST1031,2026-09-06 17:28:48,2026-09-06 17:48:48,20,3.48,5.4,cb
TR2609060053326,CL101211,EN00262,velo,Nantes,ST1023,ST1031,06/09/2026 17:22,2026-09-06 17:35:13,13,4.51,2.95,abonnement
TR2609060053327,CL100036,EN00301,velo_elec,Nantes,ST1025,ST1028,2026-09-06 17:28:05,2026-09-06 17:57:05,29,6.94,8.25,cb
TR2609060053328,CL100806,EN00335,velo,NANTES,ST1026,ST1032,2026-09-06 17:18:05,2026-09-06 17:50:05,32,5.8,5.8,cb
TR2609060053329,CL107044,EN00312,trottinette,Nantes,ST1030,ST1032,,2026-09-06 17:25:42,7,1.86,2.54,cb
TR2609060053330,CL100796,EN00243,velo,Nantes,ST1030,ST1022,06/09/2026 17:23,2026-09-06 17:32:14,9,2.9,2.35,paypal
TR2609060053331,CL108013,EN00355,velo_elec,Nantes,ST1031,ST1022,2026-09-06 17:20:01,2026-09-06 17:29:01,9,2.57,3.25,cb
TR2609060053332,CL106124,EN00462,velo_elec,Lille,ST1036,ST1043,2026-09-06 17:27:20,2026-09-06 17:32:20,5,0.97,2.25,cb
TR2609060053333,CL106049,EN00361,trottinette,Lille,ST1036,ST1036,2026-09-06 17:25:38,2026-09-06 18:06:38,41,9.49,10.02,cb
TR2609060053334,CL102770,EN00481,velo_elec,Lille,ST1039,ST1037,2026-09-06 17:28:01,2026-09-06 17:38:01,10,2.98,3.5,paypal
TR2609060053335,CL103206,EN00441,velo_elec,Lille,ST1040,ST1044,2026-09-06 17:22:16,2026-09-06 17:38:16,16,3.46,5.0,paypal
TR2609060053336,CL101764,EN00368,trottinette,Lille,ST1040,ST1047,2026-09-06 17:28:05,2026-09-06 17:37:05,9,1.91,2.98,paypal
TR2609060053337,CL101025,EN00395,trottinette,Lille,ST1044,ST1042,2026-09-06 17:17:41,06/09/2026 17:30,13,2.1,3.86,abonnement
TR2609060053338,CL106780,EN00383,trottinette,Lille,ST1044,ST1046,2026-09-06 17:23:15,2026-09-06 17:39:15,16,3.54,4.52,cb
TR2609060053339,CL101403,EN00487,velo,Lille,ST1047,ST1040,1788708493,2026-09-06 17:36:13,8,1.98,2.2,cb
TR2609060053340,CL107609,EN00527,velo_elec,Grenoble,ST1048,ST1058,06/09/2026 17:22,2026-09-06 17:24:55,2,0.35,1.5,cb
TR2609060053341,CL101292,EN00578,velo_elec,Grenoble,ST1052,ST1050,2026-09-06 17:26:22,2026-09-06 17:33:22,7,1.93,2.75,cb
TR2609060053342,CL108188,EN00526,velo_elec,Grenoble ,ST1053,ST1058,06/09/2026 17:21,2026-09-06 17:25:31,4,0.87,2.0,abonnement
TR2609060053343,CL105662,EN00587,trottinette,Grenoble,ST1056,ST1055,1788708420,2026-09-06 17:38:00,11,2.73,3.42,cb
TR2609060053344,CL101178,EN00579,trottinette,Grenoble,ST1057,ST1052,1788708281,,23,6.36,6.06,cb
TR2609060053345,CL100137,EN00506,trottinette,Grenoble,ST1058,ST9116,2026-09-06 17:21:33,2026-09-06 17:27:33,6,1.49,2.32,cb
TR2609060053346,CL106100,EN00073,velo_elec,Lyon,ST1002,ST1003,06/09/2026 17:31,2026-09-06 17:37:41,6,1.06,2.5,cb
TR2609060053347,CL102695,EN00132,trottinette,Lyon,ST1003,ST1011,2026-09-06 17:37:13,2026-09-06 17:52:13,15,4.09,4.3,paypal
TR2609060053348,CL106695,EN00067,velo_elec,Lyon,ST1005,ST1011,2026-09-06 17:39:12,2026-09-06 17:53:12,14,4.22,4.5,cb
TR2609060053349,CL101480,EN00029,velo_elec,Lyon,ST1006,ST1016,06/09/2026 17:42,1788709922,10,1.95,3.5,cb
TR2609060053350,CL108788,EN00109,trottinette,Lyon,ST1007,ST1008,2026-09-06 17:37:54,2026-09-06 17:49:54,12,4.16,3.64,abonnement
TR2609060053351,CL103118,EN00119,trottinette,Lyon,ST1007,ST1015,06/09/2026 17:45,2026-09-06 17:58:28,13,2.45,3.86,abonnement
TR2609060053352,CL108876,EN00202,trottinette,Lyon,ST1012,ST1017,2026-09-06 17:44:37,2026-09-06 17:58:37,14,2.2,4.08,cb
TR2609060053353,CL106673,EN00058,velo_elec,Lyon,ST1014,ST1010,1788709412,2026-09-06 17:58:32,15,4.55,4.75,cb
TR2609060053354,CL108715,EN00044,trottinette,Lyon,ST1015,ST1006,2026-09-06 17:33:22,,15,5.23,4.3,cb
TR2609060053355,CL102614,EN00010,trottinette,Lyon,ST1015,ST1011,1788709462,2026-09-06 18:01:22,17,4.98,4.74,abonnement
TR2609060053356,CL103351,EN00164,trottinette,Lyon,ST1017,ST1016,06/09/2026 17:34,2026-09-06 17:54:34,20,6.44,5.4,paypal
TR2609060053357,CL105877,EN00028,trottinette,Lyon,ST1018,ST1019,2026-09-06 17:39:26,2026-09-06 17:42:26,3,0.77,1.66,abonnement
TR2609060053358,CL100567,EN00271,velo_elec,Nantes,ST1023,ST1025,06/09/2026 17:31,2026-09-06 17:46:04,15,3.87,4.75,cb
TR2609060053359,CL103687,EN00277,velo_elec,Nantes,ST1025,ST1025,2026-09-06 17:40:57,1788709977,12,3.06,4.0,abonnement
TR2609060053360,CL104292,EN00293,velo_elec,Nantes,ST1025,ST1030,2026-09-06 17:44:11,1788709991,9,2.59,3.25,cb
TR2609060053361,CL107943,EN00345,velo,Nantes,ST1026,ST1021,2026-09-06 17:39:42,2026-09-06 17:51:42,12,3.96,2.8,abonnement
TR2609060053362,CL108570,EN00302,velo_elec,Nantes,ST1029,ST1027,2026-09-06 17:36:15,2026-09-06 17:53:15,17,4.6,5.25,cb
TR2609060053363,CL100437,EN00312,trottinette,Nantes,ST1032,ST1020,2026-09-06 17:32:46,2026-09-06 17:58:46,26,4.46,6.72,abonnement
TR2609060053364,CL105227,EN00388,velo_elec,Lille,ST1034,ST1046,2026-09-06 17:39:44,2026-09-06 18:10:44,31,10.72,8.75,cb
TR2609060053365,CL102188,EN00393,trottinette,Lille,ST1035,ST1036,2026-09-06 17:39:34,06/09/2026 17:52,13,2.35,3.86,paypal
TR2609060053366,CL100333,EN00380,velo_elec,Lille,ST1036,ST1041,2026-09-06 17:41:02,,8,1.49,3.0,abonnement
TR2609060053367,CL108324,EN00400,trottinette,Lille,ST1040,ST1046,06/09/2026 17:38,2026-09-06 17:56:36,18,3.65,4.96,abonnement
TR2609060053368,CL104415,EN00403,trottinette,Lille,ST1040,ST1038,2026-09-06 17:32:39,2026-09-06 17:44:39,12,2.32,3.64,abonnement
TR2609060053369,CL101976,EN00406,velo_elec,Lille,ST1041,ST1044,2026-09-06 17:40:11,2026-09-06 17:48:11,8,1.85,3.0,cb
TR2609060053370,CL102840,EN00445,velo_elec,Lille,ST1041,ST1045,06/09/2026 17:35,1788709188,4,0.7,2.0,cb
TR2609060053371,CL105779,EN00506,trottinette,Grenoble,ST1048,ST1051,2026-09-06 17:34:50,2026-09-06 18:00:50,26,6.61,6.72,paypal
TR2609060053372,CL108849,EN00532,velo_elec,Grenoble,ST1055,ST1055,2026-09-06 17:37:07,2026-09-06 17:50:07,13,3.88,4.25,cb
TR2609060053373,CL105467,EN00513,velo_elec,Grenoble,ST1056,ST1052,2026-09-06 17:30:57,2026-09-06 17:34:57,4,1.32,2.0,cb
TR2609060053374,CL100275,EN00509,trottinette,Grenoble,ST1058,ST1056,2026-09-06 17:38:35,2026-09-06 17:43:35,5,1.32,2.1,cb
TR2609060053375,CL103812,EN00218,velo_elec,Lyon,ST1001,ST1006,1788709876,2026-09-06 18:02:16,11,1.87,3.75,cb
TR2609060053376,CL101589,EN00163,trottinette,Lyon,ST1003,ST1010,2026-09-06 17:51:08,2026-09-06 17:57:08,6,1.13,2.32,cb
TR2609060053377,CL105425,EN00073,velo_elec,Lyon,ST1003,ST1002,2026-09-06 17:53:14,2026-09-06 18:06:14,13,4.26,4.25,cb
TR2609060053378,CL107142,EN00004,velo_elec,Lyon,ST1007,ST1014,2026-09-06 17:48:31,2026-09-06 18:14:31,26,8.89,7.5,abonnement
TR2609060053379,CL100404,EN00141,velo_elec,LYON,ST1008,ST1019,2026-09-06 17:50:57,2026-09-06 18:07:57,17,2.61,5.25,cb
TR2609060053380,CL104036,EN00177,velo_elec,Lyon,ST1008,ST1006,2026-09-06 17:56:48,2026-09-06 17:59:48,3,0.89,1.75,cb
TR2609060053381,CL104575,EN00157,velo_elec,LYON,ST1010,ST1005,2026-09-06 17:53:56,06/09/2026 18:04,11,3.72,3.75,cb
TR2609060053382,CL101022,EN00063,velo_elec,Lyon,ST1010,ST1016,2026-09-06 17:48:30,2026-09-06 18:20:30,32,10.31,9.0,cb
TR2609060053383,CL105480,EN00122,trottinette,Lyon,ST1011,ST1005,2026-09-06 18:00:18,2026-09-06 18:07:18,7,2.06,2.54,cb
TR2609060053384,CL102753,EN00052,trottinette,Lyon,ST1012,ST1010,06/09/2026 17:59,2026-09-06 18:13:14,14,3.79,4.08,cb
TR2609060053385,CL107661,EN00091,velo_elec,Lyon,ST1012,ST1006,2026-09-06 17:49:01,2026-09-06 18:09:01,20,3.06,6.0,cb
TR2609060053386,CL106275,EN00043,velo,Lyon,ST1013,ST1003,06/09/2026 17:56,2026-09-06 18:06:26,10,1.76,2.5,cb
TR2609060053387,CL101756,EN00133,velo_elec,Lyon,ST1014,ST1014,2026-09-06 17:47:02,2026-09-06 18:14:02,27,7.69,7.75,abonnement
TR2609060053388,CL101348,EN00172,trottinette,Lyon,ST1014,ST1012,2026-09-06 17:47:24,2026-09-06 17:56:24,9,1.79,2.98,paypal
TR2609060053389,CL107102,EN00150,trottinette,LYON,ST1014,ST1009,2026-09-06 17:46:05,06/09/2026 17:54,8,1.55,2.76,abonnement
TR2609060053390,CL105775,EN00107,velo_elec,Lyon,ST1014,ST1015,2026-09-06 17:49:47,1788710687,15,3.39,4.75,cb
TR2609060053391,CL100712,EN00068,velo_elec,Lyon,ST1015,ST1007,2026-09-06 17:48:03,06/09/2026 18:03,15,3.94,4.75,cb
TR2609060053392,CL105479,EN00158,velo_elec,Lyon,ST1015,ST1019,2026-09-06 18:00:30,2026-09-06 18:13:30,13,3.55,4.25,cb
TR2609060053393,CL102976,EN00016,velo,Lyon,ST1015,ST1007,2026-09-06 17:54:58,2026-09-06 18:06:58,12,3.92,2.8,cb
TR2609060053394,CL107386,EN00219,velo_elec,Lyon,ST1016,ST1004,2026-09-06 17:50:46,1788710566,12,3.97,4.0,abonnement
TR2609060053395,CL106692,EN00180,trottinette,Lyon,ST1016,ST1010,2026-09-06 17:58:58,2026-09-06 18:15:58,17,4.72,4.74,cb
TR2609060053396,CL102489,EN00086,velo_elec,Lyon,ST1016,ST1012,2026-09-06 17:55:32,2026-09-06 18:03:32,8,2.59,3.0,cb
TR2609060053397,CL106389,EN00112,velo_elec,Lyon,ST1017,ST1010,2026-09-06 17:59:12,2026-09-06 18:18:12,19,4.2,5.75,cb
TR2609060053398,CL104894,EN00005,velo_elec,Lyon,ST1019,ST1006,2026-09-06 17:49:56,2026-09-06 17:52:56,3,1.03,1.75,abonnement
TR2609060053399,CL108380,EN00352,velo_elec,Nantes,ST1025,ST1031,2026-09-06 17:54:09,06/09/2026 18:08,14,3.76,4.5,cb
TR2609060053400,CL100572,EN00290,trottinette,Nantes,ST1028,ST1026,2026-09-06 17:51:44,2026-09-06 18:09:44,18,6.15,4.96,paypal
TR2609060053401,CL107123,EN00350,velo,Nantes,ST1028,ST1029,2026-09-06 17:55:00,2026-09-06 17:57:00,2,0.52,1.3,paypal
TR2609060053402,CL102604,EN00233,velo_elec,Nantes,ST1033,ST1029,2026-09-06 17:51:23,2026-09-06 17:53:23,2,0.51,1.5,abonnement
TR2609060053403,CL100960,EN00479,trottinette,Lille,ST1034,ST1045,,2026-09-06 18:06:56,12,3.58,3.64,paypal
TR2609060053404,CL105360,EN00481,velo_elec,Lille,ST1037,ST1041,2026-09-06 17:59:37,2026-09-06 18:17:37,18,3.0,5.5,cb
TR2609060053405,CL108500,EN00480,velo_elec, Lille,ST1038,ST1045,2026-09-06 17:54:44,2026-09-06 18:03:44,9,2.77,3.25,cb
TR2609060053406,CL105421,EN00492,velo_elec,Lille,ST1042,ST1035,2026-09-06 17:54:56,2026-09-06 18:08:56,14,4.1,4.5,cb
TR2609060053407,CL107520,EN00462,velo_elec,Lille,ST1043,ST1040,2026-09-06 17:56:39,2026-09-06 18:00:39,4,1.02,2.0,abonnement
TR2609060053408,CL100160,EN00445,velo_elec,Lille,ST1045,ST1035,2026-09-06 17:46:00,2026-09-06 18:09:00,23,4.28,6.75,abonnement
TR2609060053409,CL107599,EN00449,trottinette,Lille,ST1045,ST1040,06/09/2026 17:48,2026-09-06 18:00:06,12,3.06,3.64,cb
TR2609060053410,CL100434,EN00575,trottinette,Grenoble,ST1049,ST1048,2026-09-06 17:53:13,2026-09-06 18:05:13,12,3.98,3.64,cb
TR2609060053411,CL101105,EN00528,velo_elec,Grenoble,ST1051,ST1057,2026-09-06 17:49:52,2026-09-06 17:58:52,9,2.32,3.25,paypal
TR2609060053412,CL100577,EN00513,velo_elec,Grenoble,ST1052,ST1057,2026-09-06 17:48:04,2026-09-06 17:52:04,4,1.27,2.0,cb
TR2609060053413,CL101866,EN00533,velo_elec,Grenoble,ST1054,ST1055,2026-09-06 17:46:37,2026-09-06 17:53:37,7,2.14,2.75,paypal
TR2609060053414,CL101349,EN00597,trottinette,GRENOBLE,ST1056,ST1056,2026-09-06 17:56:18,2026-09-06 18:02:18,6,1.91,2.32,paypal
TR2609060053415,CL101699,EN00020,velo_elec,Lyon,ST1001,ST1019,06/09/2026 18:06,2026-09-06 18:14:58,8,1.61,3.0,abonnement
TR2609060053416,CL100161,EN00097,velo_elec,Lyon,ST1005,ST1010,2026-09-06 18:03:07,06/09/2026 19:02,59,14.34,15.75,cb
TR2609060053417,CL106039,EN00109,trottinette,Lyon,ST1008,ST1007,2026-09-06 18:10:31,2026-09-06 18:30:31,20,3.56,5.4,abonnement
TR2609060053418,CL104513,EN00200,trottinette,Lyon,ST1009,ST1001,2026-09-06 18:15:31,06/09/2026 18:26,11,2.15,3.42,cb
TR2609060053419,CL108479,EN00136,trottinette,Lyon,ST1009,ST1012,06/09/2026 18:05,2026-09-06 18:10:33,5,0.9,2.1,abonnement
TR2609060053420,CL100783,EN00163,trottinette,Lyon,ST1010,ST1013,2026-09-06 18:01:11,2026-09-06 18:23:11,22,3.45,5.84,paypal
TR2609060053421,CL101763,EN00132,trottinette,Lyon,ST1011,ST1011,1788710766,2026-09-06 18:34:06,28,9.62,7.16,cb
TR2609060053422,CL100837,EN00067,velo_elec,Lyon,ST1011,ST1010,2026-09-06 18:08:20,2026-09-06 18:21:20,13,4.0,4.25,cb
TR2609060053423,CL105869,EN00172,trottinette,Lyon,ST1012,ST1009,2026-09-06 18:09:19,2026-09-06 18:22:19,13,2.88,3.86,paypal
TR2609060053424,CL105348,EN00119,trottinette,Lyon,ST1015,ST1007,2026-09-06 18:14:42,2026-09-06 18:41:42,27,6.14,,cb
TR2609060053425,CL105502,EN00202,trottinette,Lyon,ST1017,ST1018,2026-09-06 18:09:58,2026-09-06 18:37:58,28,9.62,7.16,abonnement
TR2609060053426,CL105632,EN00154,trottinette,Lyon,ST1018,ST1013,06/09/2026 18:10,2026-09-06 18:23:46,13,3.61,3.86,cb
TR2609060053427,CL101344,EN00389,trottinette,Lille,ST1041,ST1046,06/09/2026 18:03,2026-09-06 18:13:58,10,1.73,3.2,cb
TR2609060053428,CL108986,EN00406,velo_elec,Lille,ST1044,ST1036,2026-09-06 18:07:55,06/09/2026 18:16,9,2.88,3.25,abonnement
TR2609060053429,CL107265,EN00474,velo_elec,Lille,ST1044,ST1044,2026-09-06 18:07:52,2026-09-06 18:41:52,34,10.17,9.5,cb
TR2609060053430,CL107702,EN00559,trottinette,Grenoble,ST1055,ST1055,06/09/2026 18:10,1788711595,9,2.82,2.98,cb
TR2609060053431,CL105914,EN00528,velo_elec,Grenoble,ST1057,ST1052,2026-09-06 18:10:33,2026-09-06 18:18:33,8,2.27,3.0,cb
TR2609060053432,CL103990,EN00599,trottinette,Grenoble,ST1057,ST1049,2026-09-06 18:01:31,2026-09-06 18:22:31,21,3.43,5.62,cb
TR2609060053433,CL103850,EN00513,velo_elec,Grenoble,ST1057,ST1056,2026-09-06 18:07:42,2026-09-06 18:18:42,11,3.6,3.75,cb
TR2609060053434,CL104968,EN00518,trottinette,Grenoble,ST1058,ST1057,2026-09-06 18:07:27,1788711687,14,3.85,4.08,cb
TR2609060053435,CL105520,EN00079,velo_elec,Lyon,ST1001,ST1005,1788712238,2026-09-06 19:01:38,31,7.08,8.75,cb
TR2609060053436,CL104755,EN00129,velo_elec,Lyon,ST1001,ST1014,06/09/2026 18:30,2026-09-06 18:39:15,9,2.71,3.25,abonnement
TR2609060053437,CL105248,EN00218,velo_elec,Lyon,ST1006,ST1006,2026-09-06 18:22:07,2026-09-06 18:30:07,8,1.99,3.0,abonnement
TR2609060053438,CL100326,EN00153,velo_elec,Lyon,ST1007,ST1006,2026-09-06 18:26:18,06/09/2026 18:39,13,4.13,4.25,paypal
TR2609060053439,CL108720,EN00049,trottinette,Lyon,ST1007,ST1002,2026-09-06 18:28:09,2026-09-06 18:53:09,25,4.61,6.5,paypal
TR2609060053440,CL105224,EN00170,trottinette,Lyon,ST1009,ST1013,06/09/2026 18:24,2026-09-06 18:35:31,11,3.79,3.42,paypal
TR2609060053441,CL101405,EN00010,trottinette,Lyon,ST1011,ST1010,2026-09-06 18:24:00,06/09/2026 18:30,6,1.67,2.32,abonnement
TR2609060053442,CL101255,EN00136,trottinette,Lyon,ST1012,ST1011,2026-09-06 18:25:59,06/09/2026 18:30,5,0.89,2.1,cb
TR2609060053443,CL105447,EN00004,velo_elec,Lyon,ST1014,ST1002,2026-09-06 18:25:25,2026-09-06 18:50:25,25,7.44,7.25,abonnement
TR2609060053444,CL101028,EN00053,trottinette,Lyon,ST1017,ST1006,06/09/2026 18:28,2026-09-06 18:43:13,15,2.33,4.3,cb
TR2609060053445,CL105780,EN00270,velo_elec,Nantes,ST1020,ST1029,2026-09-06 18:30:54,2026-09-06 18:50:54,20,6.11,6.0,cb
TR2609060053446,CL103218,EN00354,velo_elec,Nantes,ST1021,ST9943,2026-09-06 18:24:31,1788712831,16,5.21,5.0,abonnement
TR2609060053447,CL102616,EN00226,velo_elec,Nantes,ST1021,ST1027,,2026-09-06 18:49:48,19,5.53,5.75,cb
TR2609060053448,CL103560,EN00355,velo_elec,Nantes,ST1022,ST1029,2026-09-06 18:22:26,,14,4.55,4.5,cb
TR2609060053449,CL102208,EN00277,velo_elec,nantes,ST1025,ST9441,2026-09-06 18:25:19,2026-09-06 18:30:19,5,1.64,2.25,paypal
TR2609060053450,CL108868,EN00301,velo_elec,Nantes,ST1028,ST1022,2026-09-06 18:30:25,2026-09-06 18:35:25,5,1.71,2.25,cb
TR2609060053451,CL107987,EN00233,velo_elec,Nantes,ST1029,ST1025,2026-09-06 18:27:33,2026-09-06 18:32:33,5,1.24,2.25,cb
TR2609060053452,CL100590,EN00442,trottinette,Lille,ST1036,ST1036,2026-09-06 18:23:21,2026-09-06 18:30:21,7,2.07,2.54,cb
TR2609060053453,CL102641,EN00404,trottinette,Lille,ST1038,ST1041,1788711341,2026-09-06 18:27:41,12,3.62,3.64,abonnement
TR2609060053454,CL107017,EN00372,trottinette,Lille,ST1039,ST1039,2026-09-06 18:28:19,2026-09-06 18:38:19,10,2.87,3.2,abonnement
TR2609060053455,CL108255,EN00426,trottinette,Lille,ST1039,ST1034,1788712028,2026-09-06 18:42:08,15,5.03,4.3,cb
TR2609060053456,CL100388,EN00498,trottinette,Lille,ST1039,ST1039,2026-09-06 18:20:38,2026-09-06 18:39:38,19,5.27,5.18,abonnement
TR2609060053457,CL103357,EN00374,velo_elec,Lille,ST1041,ST1041,2026-09-06 18:17:42,06/09/2026 18:54,37,11.62,10.25,paypal
TR2609060053458,CL106711,EN00479,trottinette,Lille,ST1045,ST1036,2026-09-06 18:22:23,2026-09-06 18:55:23,33,9.0,8.26,cb
TR2609060053459,CL106700,EN00368,trottinette,Lille,ST1047,ST1038,2026-09-06 18:30:50,2026-09-06 18:47:50,17,2.6,4.74,cb
TR2609060053460,CL107504,EN00179,trottinette,Lyon,ST1004,ST1016,2026-09-06 18:35:39,2026-09-06 18:45:39,10,2.84,3.2,paypal
TR2609060053461,CL106071,EN00044,trottinette,Lyon,ST1006,ST1006,2026-09-06 18:31:11,2026-09-06 18:44:11,13,4.25,3.86,cb
TR2609060053462,CL105727,EN00218,velo_elec,Lyon,ST1006,ST1009,1788712719,2026-09-06 18:45:39,7,1.57,2.75,paypal
TR2609060053463,CL104880,EN00068,velo_elec,Lyon,ST1007,ST1001,2026-09-06 18:40:39,2026-09-06 18:49:39,9,1.66,3.25,cb
TR2609060053464,CL101599,EN00109,trottinette,Lyon ,ST1007,ST1016,06/09/2026 18:34,2026-09-06 19:09:29,35,8.12,8.7,cb
TR2609060053465,CL108307,EN00036,velo_elec,Lyon,ST1008,ST1008,2026-09-06 18:32:33,2026-09-06 18:46:33,14,2.23,4.5,paypal
TR2609060053466,CL101608,EN00010,trottinette,Lyon,ST1010,ST1004,2026-09-06 18:33:48,06/09/2026 18:51,18,5.87,4.96,cb
TR2609060053467,CL105017,EN00136,trottinette,Lyon ,ST1011,ST1005,1788712957,06/09/2026 18:57,15,3.2,4.3,paypal
TR2609060053468,CL101308,EN00143,velo,Lyon,ST1011,ST1016,1788713118,2026-09-06 18:51:18,6,1.34,1.9,abonnement
TR2609060053469,CL107680,EN00133,velo_elec,Lyon,ST1014,ST1004,2026-09-06 18:38:32,2026-09-06 18:43:32,5,1.42,2.25,abonnement
TR2609060053470,CL105169,EN00107,velo_elec,Lyon,ST1015,ST1019,2026-09-06 18:37:21,2026-09-06 19:01:21,24,4.98,7.0,abonnement
TR2609060053471,CL102232,EN00020,velo_elec,Lyon,ST1019,ST1019,06/09/2026 18:37,06/09/2026 18:49,12,2.63,4.0,cb
TR2609060053472,CL103312,EN00347,trottinette,nantes,ST1020,ST1032,06/09/2026 18:45,2026-09-06 18:52:25,7,1.38,2.54,paypal
TR2609060053473,CL103103,EN00302,velo_elec,Nantes,ST1027,ST1026,06/09/2026 18:36,1788713495,15,2.55,4.75,paypal
TR2609060053474,CL105876,EN00348,velo_elec,Nantes,ST1029,ST1025,2026-09-06 18:46:06,2026-09-06 18:53:06,7,1.81,2.75,abonnement
TR2609060053475,CL107883,EN00277,velo_elec,Nantes,ST1031,ST1030,06/09/2026 18:43,2026-09-06 19:08:20,25,6.05,7.25,
TR2609060053476,CL100388,EN00484,velo_elec,Lille,ST1034,ST1035,2026-09-06 18:34:18,2026-09-06 18:49:18,15,3.69,4.75,cb
TR2609060053477,CL106887,EN00492,velo_elec,Lille,ST1035,ST1042,06/09/2026 18:32,2026-09-06 18:41:15,9,1.86,3.25,cb
TR2609060053478,CL107938,EN00380,velo_elec,Lille,ST1041,ST1043,2026-09-06 18:43:55,2026-09-06 18:59:55,16,5.12,5.0,cb
TR2609060053479,CL101238,EN00481,velo_elec,Lille,ST1041,ST1047,2026-09-06 18:34:59,2026-09-06 18:53:59,19,5.07,5.75,abonnement
TR2609060053480,CL106669,EN00381,trottinette,Lille,ST1041,ST1035,2026-09-06 18:40:17,2026-09-06 18:44:17,-20,0.7,1.88,cb
TR2609060053481,CL103648,EN00475,trottinette,Lille,ST1044,ST1041,2026-09-06 18:43:44,2026-09-06 19:07:44,24,3.92,6.28,cb
TR2609060053482,CL100929,EN00489,trottinette,Lille,ST1045,ST1040,,2026-09-06 18:51:23,9,2.8,2.98,abonnement
TR2609060053483,CL103163,EN00480,velo_elec,Lille,ST1045,ST1034,2026-09-06 18:33:07,2026-09-06 18:41:07,8,1.96,3.0,paypal
TR2609060053484,CL999171,EN00386,trottinette,Lille,ST1046,ST1047,2026-09-06 18:44:23,06/09/2026 18:58,14,3.66,4.08,cb
TR2609060053485,CL101537,EN00389,trottinette,Lille,ST1046,ST1041,06/09/2026 18:39,2026-09-06 18:55:06,16,4.75,4.52,cb
TR2609060053486,CL101365,EN00388,velo_elec,Lille,ST1046,ST1042,2026-09-06 18:31:37,2026-09-06 18:36:37,5,1.08,2.25,cb
TR2609060053487,CL101841,EN00514,velo_elec,Grenoble,ST1049,ST1055,06/09/2026 18:37,06/09/2026 18:50,13,3.14,4.25,cb
TR2609060053488,CL105524,EN00580,velo_elec,Grenoble,ST1054,ST1054,2026-09-06 18:36:15,2026-09-06 18:43:15,7,1.4,2.75,cb
TR2609060053489,CL102635,EN00507,trottinette,Grenoble,ST1054,ST1048,06/09/2026 18:43,1788713641,11,2.7,3.42,cb
TR2609060053490,CL108919,EN00511,trottinette,Grenoble,ST1055,ST1057,2026-09-06 18:38:00,1788712860,3,0.92,1.66,abonnement
TR2609060053491,CL103181,EN00582,trottinette,Grenoble ,ST1058,ST1055,2026-09-06 18:39:45,2026-09-06 18:58:45,19,6.02,5.18,abonnement
TR2609060053492,CL104278,EN00181,velo_elec,Lyon,ST1007,ST1008,06/09/2026 18:46,1788713532,6,2.1,2.5,cb
TR2609060053493,CL103179,EN00112,velo_elec,Lyon,ST1010,ST1007,2026-09-06 18:57:24,06/09/2026 19:04,7,1.74,2.75,paypal
TR2609060053494,CL102523,EN00086,velo_elec,Lyon,ST1012,ST1004,2026-09-06 18:54:15,2026-09-06 19:15:15,21,5.43,6.25,cb
TR2609060053495,CL100644,EN00154,trottinette,Lyon,ST1013,ST1018,06/09/2026 18:58,2026-09-06 19:09:11,11,3.07,3.42,abonnement
TR2609060053496,CL108876,EN00029,velo_elec,Lyon,ST1016,ST1004,2026-09-06 18:56:38,2026-09-06 19:04:38,8,1.48,3.0,cb
TR2609060053497,CL106312,EN00356,velo,Nantes,ST1020,ST1033,2026-09-06 18:47:56,2026-09-06 19:25:56,38,11.6,6.7,cb
TR2609060053498,CL105596,EN00241,velo,Nantes,ST1020,ST1020,2026-09-06 18:51:27,2026-09-06 19:06:27,15,4.55,3.25,cb
TR2609060053499,CL100933,EN00275,velo,Nantes,ST1021,ST1022,2026-09-06 18:52:30,2026-09-06 19:03:30,11,3.79,2.65,cb
TR2609060053500,CL103003,EN00236,velo_elec,Nantes,ST1022,ST1028,2026-09-06 18:59:03,2026-09-06 19:07:03,8,1.95,3.0,cb
TR2609060053501,CL100265,EN00284,trottinette,Nantes,ST1031,ST1022,2026-09-06 18:58:47,2026-09-06 19:11:47,3323,4.37,3.86,cb
TR2609060053502,CL103754,EN00335,velo,Nantes,ST1032,ST1032,2026-09-06 18:58:41,2026-09-06 19:20:41,22,6.14,4.3,abonnement
TR2609060053503,CL924463,EN00375,trottinette,Lille,ST1034,ST1034,2026-09-06 18:53:25,2026-09-06 18:57:25,4,1.13,1.88,paypal
TR2609060053504,CL108806,EN00445,velo_elec,Lille,ST1035,ST1034,1788713879,2026-09-06 18:59:59,2,0.5,1.5,cb
TR2609060053505,CL104391,EN00412,trottinette,Lille,ST1036,ST1037,2026-09-06 18:56:25,2026-09-06 19:23:25,27,4.59,6.94,abonnement
TR2609060053506,CL101365,EN00494,velo_elec,Lille,ST1037,ST1047,2026-09-06 18:56:46,1788714706,15,5.08,4.75,cb
TR2609060053507,CL102839,EN00372,trottinette,Lille,ST1039,ST1042,2026-09-06 19:00:43,,16,2.68,4.52,cb
TR2609060053508,CL105298,EN00416,trottinette,Lille,ST1041,ST1038,2026-09-06 18:52:05,2026-09-06 19:19:05,27,7.42,6.94,paypal
TR2609060053509,CL108446,EN00450,trottinette,Lille,ST1041,ST1047,2026-09-06 18:57:07,2026-09-06 19:20:07,23,3.92,6.06,abonnement
TR2609060053510,CL104828,EN00456,trottinette,Lille,ST1045,ST1034,2026-09-06 18:57:51,1788714351,8,1.34,2.76,cb
TR2609060053511,CL105595,EN00504,trottinette,Grenoble,ST1048,ST1051,2026-09-06 18:57:09,06/09/2026 19:04,7,1.48,2.54,cb
TR2609060053512,CL107611,EN00575,trottinette,Grenoble,ST1048,ST1050,2026-09-06 18:48:19,,5,1.0,2.1,abonnement
TR2609060053513,CL100512,EN00506,trottinette,Grenoble,ST1051,ST1054,2026-09-06 18:49:41,2026-09-06 19:02:41,13,3.34,3.86,cb
TR2609060053514,CL102679,EN00579,trottinette,Grenoble,ST1052,ST1058,06/09/2026 18:50,2026-09-06 19:01:17,11,3.05,3.42,cb
TR2609060053515,CL104513,EN00219,velo_elec,Lyon,ST1004,ST1004,2026-09-06 19:08:53,1788716753,37,7.33,10.25,cb
TR2609060053516,CL103329,EN00058,velo_elec,Lyon,ST1010,ST1013,2026-09-06 19:01:30,2026-09-06 19:14:30,13,1.98,4.25,cb
TR2609060053517,CL104239,EN00132,trottinette,Lyon,ST1011,ST1011,06/09/2026 19:11,2026-09-06 19:19:28,8,1.97,2.76,cb
TR2609060053518,CL100202,EN00025,velo_elec,Lyonn,ST1012,ST1016,2026-09-06 19:04:47,2026-09-06 19:14:47,10,3.19,3.5,paypal
TR2609060053519,CL108585,EN00129,velo_elec,Lyon,ST1014,ST1003,2026-09-06 19:09:15,2026-09-06 19:23:15,14,3.27,4.5,abonnement
TR2609060053520,CL955523,EN00076,velo_elec,Lyon,ST1017,ST1017,2026-09-06 19:12:25,2026-09-06 19:14:25,2,0.45,1.5,cb
TR2609060053521,CL101102,EN00007,velo,Lyon,ST1017,ST1008,2026-09-06 19:10:47,06/09/2026 19:21,11,2.16,2.65,abonnement
TR2609060053522,CL107293,EN00202,trottinette,Lyon,ST1018,ST1019,2026-09-06 19:14:41,2026-09-06 19:21:41,7,2.11,2.54,cb
TR2609060053523,CL100281,EN00158,velo_elec,Lyon,ST1019,ST1006,2026-09-06 19:07:51,2026-09-06 19:16:51,9,1.42,3.25,cb
TR2609060053524,CL102561,EN00242,velo,Nantes,ST1020,ST1031,2026-09-06 19:14:25,2026-09-06 19:18:25,4,1.4,1.6,abonnement
TR2609060053525,CL922747,EN00304,velo_elec,Nantes,ST1022,ST1028,,2026-09-06 19:10:38,3,0.77,1.75,cb
TR2609060053526,CL102034,EN00233,velo_elec,Nantes,ST1025,ST1025,2026-09-06 19:14:37,06/09/2026 19:20,6,1.11,2.5,abonnement
TR2609060053527,CL104170,EN00329,trottinette,Nantes,ST1027,ST1030,2026-09-06 19:11:57,2026-09-06 19:13:57,2,0.58,1.44,cb
TR2609060053528,CL100268,EN00351,trottinette,Nantes,ST1027,ST1025,2026-09-06 19:04:32,2026-09-06 19:31:32,27,6.07,6.94,cb
TR2609060053529,CL104064,EN00288,trottinette,Nantes,ST1030,ST1033,2026-09-06 19:13:03,2026-09-06 19:57:03,44,11.46,10.68,cb
TR2609060053530,CL104972,EN00442,trottinette,Lille,ST1036,ST1047,2026-09-06 19:03:56,2026-09-06 19:11:56,8,2.37,2.76,paypal
TR2609060053531,CL103171,EN00373,velo_elec,lille,ST1040,ST1042,2026-09-06 19:01:18,2026-09-06 19:22:18,21,6.44,6.25,cb
TR2609060053532,CL100538,EN00474,velo_elec,Lille,ST1044,ST1040,1788714218,2026-09-06 19:10:38,7,1.46,2.75,cb
TR2609060053533,CL100500,EN00441,velo_elec,Lille,ST1044,ST1041,2026-09-06 19:02:37,2026-09-06 19:07:37,5,0.87,2.25,abonnement
TR2609060053534,CL102041,EN00382,trottinette,Lille,ST1046,ST1037,2026-09-06 19:06:36,06/09/2026 19:15,9,1.5,2.98,cb
TR2609060053535,CL105709,EN00112,velo_elec,LYON,ST1007,ST1009,2026-09-06 19:15:43,2026-09-06 19:20:43,5,1.73,2.25,paypal
TR2609060053536,CL108924,EN00030,trottinette,Lyon,ST1008,ST1011,2026-09-06 19:23:19,2026-09-06 19:50:19,27,4.72,6.94,cb
TR2609060053537,CL108579,EN00032,velo,Lyon,ST1015,ST1012,06/09/2026 19:19,2026-09-06 19:24:59,5,1.66,1.75,cb
TR2609060053538,CL105868,EN00179,trottinette,Lyon,ST1016,ST1010,2026-09-06 19:23:09,2026-09-06 19:33:09,10,3.49,3.2,paypal
TR2609060053539,CL106880,EN00154,trottinette,Lyon,ST1018,ST1014,2026-09-06 19:28:42,2026-09-06 19:32:42,4,0.93,1.88,cb
TR2609060053540,CL107534,EN00096,velo_elec,Lyon,ST1018,ST1012,2026-09-06 19:16:32,2026-09-06 19:22:32,6,1.54,2.5,cb
TR2609060053541,CL103571,EN00301,velo_elec,Nantes,ST1022,ST1029,2026-09-06 19:28:33,2026-09-06 19:30:33,2,0.46,1.5,cb
TR2609060053542,CL104865,EN00300,velo_elec,Nante,ST1022,ST1020,06/09/2026 19:29,06/09/2026 19:41,12,3.66,4.0,cb
TR2609060053543,CL107351,EN00329,trottinette,Nantes,ST1030,ST1030,2026-09-06 19:26:50,2026-09-06 19:41:50,15,3.47,4.3,cb
TR2609060053544,CL105783,EN00484,velo_elec,Lille,ST1035,ST1044,2026-09-06 19:19:11,2026-09-06 19:27:11,8,1.57,3.0,paypal
TR2609060053545,CL104167,EN00368,trottinette,Lille,ST1038,ST1037,2026-09-06 19:20:16,2026-09-06 19:34:16,14,4.15,4.08,cb
TR2609060053546,CL104043,EN00389,trottinette,Lille,ST1041,ST1045,2026-09-06 19:26:43,2026-09-06 19:36:43,10,3.03,3.2,paypal
TR2609060053547,CL107583,EN00415,trottinette,Lille,ST1042,ST1037,2026-09-06 19:20:07,2026-09-06 19:25:07,5,1.34,2.1,cb
TR2609060053548,CL101001,EN00380,velo_elec,lille,ST1043,ST1037,2026-09-06 19:24:00,2026-09-06 19:27:00,3,0.96,1.75,paypal
TR2609060053549,CL103042,EN00482,velo_elec,Lille,ST1044,ST1041,2026-09-06 19:27:23,2026-09-06 19:38:23,11,3.15,3.75,abonnement
TR2609060053550,CL100269,EN00486,velo,Lille,ST1044,ST1036,2026-09-06 19:22:26,2026-09-06 19:34:26,12,2.2,2.8,cb
TR2609060053551,CL101814,EN00504,trottinette,Grenoble,ST1051,ST1054,2026-09-06 19:23:25,2026-09-06 19:36:25,13,3.12,3.86,paypal
TR2609060053552,CL108271,EN00528,velo_elec,Grenoble ,ST1052,ST1048,2026-09-06 19:29:17,2026-09-06 19:45:17,16,4.08,5.0,cb
TR2609060053553,CL105005,EN00506,trottinette,Grenoble,ST1054,ST1048,1788715529,2026-09-06 19:33:29,8,2.27,2.76,cb
TR2609060053554,CL100403,EN00511,trottinette,Grenoble,ST1057,ST1053,2026-09-06 19:19:22,2026-09-06 19:47:22,28,4.43,7.16,abonnement
TR2609060053555,CL106247,EN00524,velo_elec,Grenoble,ST1057,ST1058,2026-09-06 19:22:52,06/09/2026 19:41,19,4.38,5.75,cb
TR2609060053556,CL106270,EN00207,velo_elec,Lyon,ST1001,ST1012,2026-09-06 19:32:15,2026-09-06 19:47:15,15,3.64,4.75,cb
TR2609060053557,CL103667,EN00071,velo_elec,Lyon,ST1003,ST1016,1788715934,2026-09-06 19:39:14,7,2.08,2.75,paypal
TR2609060053558,CL969605,EN00199,velo_elec,Lyonn,ST1004,ST1009,2026-09-06 19:30:54,2026-09-06 19:43:54,13,3.33,4.25,cb
TR2609060053559,CL108309,EN00029,velo_elec,Lyon,ST1004,ST1013,1788716306,2026-09-06 19:44:26,6,2.01,2.5,cb
TR2609060053560,CL101255,EN00205,trottinette,Lyon,ST1007,ST1013,2026-09-06 19:39:23,2026-09-06 19:54:23,15,3.77,4.3,cb
TR2609060053561,CL104618,EN00132,trottinette,Lyon ,ST1011,ST1006,2026-09-06 19:37:58,06/09/2026 19:48,11,3.67,3.42,cb
TR2609060053562,CL100858,EN00126,velo,Lyon,ST1011,ST9618,2026-09-06 19:45:29,2026-09-06 20:03:29,18,6.07,3.7,paypal
TR2609060053563,CL103897,EN00117,trottinette,Lyon,ST1012,ST1009,06/09/2026 19:40,2026-09-06 19:56:51,16,5.58,4.52,abonnement
TR2609060053564,CL107871,EN00096,velo_elec,Lyon,ST1012,ST1011,06/09/2026 19:42,06/09/2026 19:49,7,2.23,2.75,cb
TR2609060053565,CL102346,EN00163,trottinette,Lyon,ST1013,ST1017,2026-09-06 19:43:17,2026-09-06 19:54:17,11,3.58,3.42,abonnement
TR2609060053566,CL100473,EN00109,trottinette,Lyon,ST1016,ST1019,2026-09-06 19:32:42,1788718302,39,6.13,9.58,cb
TR2609060053567,CL108575,EN00076,velo_elec,lyon,ST1017,ST1016,2026-09-06 19:44:03,1788717423,13,3.78,4.25,cb
TR2609060053568,CL103719,EN00275,velo,Nantes,ST1022,ST1022,2026-09-06 19:40:58,06/09/2026 19:47,7,2.44,2.05,paypal
TR2609060053569,CL105016,EN00302,velo_elec,Nantes,ST1026,ST1032,2026-09-06 19:45:58,2026-09-06 20:00:58,15,2.54,4.75,abonnement
TR2609060053570,CL105445,EN00277,velo_elec,Nantes,ST1030,ST1024,2026-09-06 19:45:44,06/09/2026 19:50,5,0.99,2.25,cb
TR2609060053571,CL100845,EN00356,velo,Nantes,ST1033,ST1029,2026-09-06 19:39:14,2026-09-06 19:43:14,4,0.84,1.6,cb
TR2609060053572,CL104962,EN00381,trottinette,Lille,ST1035,ST1043,06/09/2026 19:40,2026-09-06 19:55:30,15,3.01,4.3,paypal
TR2609060053573,CL106882,EN00459,velo_elec,Lille,ST1037,ST1038,2026-09-06 19:36:56,2026-09-06 19:54:56,18,6.16,5.5,abonnement
TR2609060053574,CL103496,EN00446,trottinette,Lille,ST1038,ST1034,1788716191,2026-09-06 19:51:31,15,2.95,4.3,cb
TR2609060053575,CL104415,EN00462,velo_elec,Lille,ST1040,ST1045,2026-09-06 19:42:19,2026-09-06 19:51:19,9,1.83,3.25,cb
TR2609060053576,CL103019,EN00449,trottinette,Lille,ST1040,ST1043,2026-09-06 19:34:07,06/09/2026 19:38,4,1.11,1.88,paypal
TR2609060053577,CL106174,EN00374,velo_elec,Lille,ST1041,ST1041,2026-09-06 19:34:38,2026-09-06 19:44:38,10,3.42,3.5,
TR2609060053578,CL102402,EN00492,velo_elec,Lille,ST1042,ST1034,2026-09-06 19:39:17,2026-09-06 19:48:17,9,1.36,3.25,cb
TR2609060053579,CL104564,EN00535,velo_elec,Grenoble ,ST1053,ST1056,2026-09-06 19:37:53,1788717653,23,5.08,6.75,abonnement
TR2609060053580,CL100599,EN00068,velo_elec,Lyon,ST1001,ST1005,1788717298,1788718258,16,4.58,5.0,cb
TR2609060053581,CL106327,EN00200,trottinette,Lyon,ST1001,ST1010,2026-09-06 19:52:41,2026-09-06 20:04:41,12,2.37,3.64,paypal
TR2609060053582,CL103791,EN00158,velo_elec,Lyon,ST1006,ST1001,2026-09-06 19:59:59,06/09/2026 20:09,10,2.05,3.5,cb
TR2609060053583,CL105118,EN00216,velo_elec,Lyon,ST1008,ST1007,06/09/2026 19:49,2026-09-06 20:12:53,23,5.86,6.75,abonnement
TR2609060053584,CL107307,EN00359,trottinette,Nantes,ST1027,ST1023,2026-09-06 19:46:35,06/09/2026 19:52,6,2.05,2.32,paypal
TR2609060053585,CL105725,EN00352,velo_elec,Nantes,ST1031,ST1028,06/09/2026 19:59,2026-09-06 20:10:33,11,3.68,3.75,abonnement
TR2609060053586,CL100320,EN00347,trottinette,Nantes,ST1032,ST1021,2026-09-06 19:58:09,2026-09-06 20:16:09,18,5.33,4.96,cb
TR2609060053587,CL101858,EN00406,velo_elec,Lille,ST1036,ST1044,06/09/2026 19:50,,14,4.4,4.5,abonnement
TR2609060053588,CL104634,EN00415,trottinette,Lille,ST1037,ST1037,2026-09-06 19:47:55,2026-09-06 20:20:55,33,7.18,8.26,cb
TR2609060053589,CL100931,EN00489,trottinette,Lille,ST1040,ST1041,2026-09-06 19:59:53,06/09/2026 20:24,25,5.68,6.5,cb
TR2609060053590,CL104207,EN00453,trottinette,Lille,ST1040,ST1038,06/09/2026 19:55,2026-09-06 20:08:47,13,2.82,3.86,abonnement
TR2609060053591,CL107506,EN00374,velo_elec,Lille,ST1041,ST1034,2026-09-06 19:52:12,2026-09-06 20:07:12,15,5.14,4.75,cb
TR2609060053592,CL106138,EN00441,velo_elec,Lille,ST1041,ST1038,2026-09-06 19:56:52,2026-09-06 20:03:52,7,1.51,2.75,abonnement
TR2609060053593,CL107240,EN00389,trottinette,Lille,ST1045,ST1047,2026-09-06 19:53:07,06/09/2026 20:39,46,8.64,11.12,abonnement
TR2609060053594,CL101596,EN00383,trottinette,Lille,ST1046,ST1034,2026-09-06 19:50:31,2026-09-06 19:57:31,7,1.83,2.54,cb
TR2609060053595,CL108473,EN00400,trottinette,Lille,ST1046,ST1043,2026-09-06 19:56:35,2026-09-06 20:17:35,21,7.16,5.62,abonnement
TR2609060053596,CL106086,EN00528,velo_elec,Grenoble,ST1048,ST1050,2026-09-06 19:48:32,06/09/2026 19:52,4,0.76,2.0,cb
TR2609060053597,CL103160,EN00506,trottinette,Grenoble,ST1048,ST1053,2026-09-06 19:57:24,1788718824,23,3.63,6.06,cb
TR2609060053598,CL108547,EN00584,trottinette,Grenoble,ST1051,ST1055,2026-09-06 19:58:00,,13,2.33,3.86,abonnement
TR2609060053599,CL101845,EN00545,trottinette,Grenoble,ST1052,ST1050,2026-09-06 19:49:33,1788717513,9,2.96,2.98,cb
TR2609060053600,CL106412,EN00518,trottinette,Grenoble,ST1057,ST1057,2026-09-06 19:59:34,1788718354,13,3.13,3.86,abonnement
TR2609060053601,CL100534,EN00049,trottinette,Lyon,ST1002,ST1017,,06/09/2026 20:19,17,4.24,4.74,cb
TR2609060053602,CL105828,EN00139,velo_elec,Lyon,ST1003,ST1002,2026-09-06 20:03:39,1788718419,10,3.01,3.5,cb
TR2609060053603,CL108737,EN00010,trottinette,Lyon,ST1004,ST1017,1788718492,1788719272,13,2.0,3.86,cb
TR2609060053604,CL914143,EN00019,trottinette,Lyon,ST1007,ST1012,2026-09-06 20:15:07,2026-09-06 20:20:07,5,1.44,2.1,cb
TR2609060053605,CL107748,EN00181,velo_elec,Lyon,ST1008,ST1015,2026-09-06 20:09:04,2026-09-06 20:23:04,14,3.37,4.5,cb
TR2609060053606,CL100869,EN00107,velo_elec,Lyon,ST1019,ST1010,06/09/2026 20:08,2026-09-06 20:27:00,19,5.14,5.75,cb
TR2609060053607,CL108049,EN00300,velo_elec,Nantes,ST1020,ST1028,2026-09-06 20:13:14,06/09/2026 20:16,3,0.86,1.75,paypal
TR2609060053608,CL104906,EN00296,velo,Nantes,ST1021,ST1025,2026-09-06 20:14:17,2026-09-06 20:17:17,3,0.71,1.45,cb
TR2609060053609,CL100515,EN00275,velo,Nantes,ST1022,ST1021,2026-09-06 20:06:24,2026-09-06 20:27:24,21,3.97,4.15,abonnement
TR2609060053610,CL107940,EN00351,trottinette,Nantes,ST1025,ST1020,06/09/2026 20:03,2026-09-06 20:11:46,8,1.33,2.76,cb
TR2609060053611,CL108808,EN00288,trottinette,Nantes,ST1033,ST1027,06/09/2026 20:05,2026-09-06 20:24:10,19,2.93,5.18,cb
TR2609060053612,CL107770,EN00462,velo_elec,Lille,ST1045,ST1036,2026-09-06 20:13:04,2026-09-06 20:27:04,14,2.27,4.5,cb
TR2609060053613,CL100085,EN00369,velo,Lille,ST1046,ST1036,2026-09-06 20:02:08,2026-09-06 20:09:08,7,2.35,2.05,abonnement
TR2609060053614,CL102138,EN00494,velo_elec,Lille,ST1047,ST1045,2026-09-06 20:10:31,1788718771,9,1.95,3.25,cb
TR2609060053615,CL100248,EN00034,velo_elec,Lyon,ST1003,ST1016,2026-09-06 20:23:47,,13,3.16,4.25,cb
TR2609060053616,CL103592,EN00150,trottinette,Lyon,ST1009,ST1016,2026-09-06 20:27:16,2026-09-06 20:31:16,4,0.86,1.88,abonnement
TR2609060053617,CL107859,EN00031,velo_elec,Lyon,ST1016,ST1008,2026-09-06 20:17:26,2026-09-06 20:30:26,13,3.97,4.25,cb
TR2609060053618,CL108089,EN00020,velo_elec,Lyon,ST1019,ST1019,1788718869,2026-09-06 20:25:09,4,1.04,2.0,paypal
TR2609060053619,CL107144,EN00351,trottinette,Nantes,ST1020,ST1031,06/09/2026 20:21,1788719371,8,1.78,2.76,abonnement
TR2609060053620,CL102056,EN00282,velo,Nantes,ST1022,ST1030,,2026-09-06 20:35:33,-7,1.92,2.5,cb
TR2609060053621,CL104409,EN00408,velo_elec,lille,ST1036,ST1042,2026-09-06 20:29:45,2026-09-06 21:20:45,51,17.31,13.75,cb
TR2609060053622,CL104750,EN00406,velo_elec,Lille,ST1044,ST1040,1788718806,2026-09-06 20:29:06,9,1.75,3.25,
TR2609060053623,CL107433,EN00450,trottinette,Lille,ST1047,ST1039,06/09/2026 20:23,2026-09-06 20:36:16,13,3.99,3.86,abonnement
TR2609060053624,CL105523,EN00511,trottinette,Grenoble,ST1053,ST1054,2026-09-06 20:27:41,2026-09-06 20:37:41,10,2.48,3.2,cb
TR2609060053625,CL107607,EN00044,trottinette,Lyon,ST1006,ST1006,2026-09-06 20:36:43,06/09/2026 20:52,16,5.29,4.52,abonnement
TR2609060053626,CL107965,EN00207,velo_elec,Lyon,ST1012,ST1007,2026-09-06 20:38:43,2026-09-06 20:57:43,19,6.17,5.75,paypal
TR2609060053627,CL101690,EN00150,trottinette,Lyon,ST1016,ST1002,2026-09-06 20:44:47,2026-09-06 21:15:47,-16,10.38,7.82,cb
TR2609060053628,CL108690,EN00236,velo_elec,Nantes,ST1028,ST1031,2026-09-06 20:40:58,06/09/2026 21:00,20,3.08,6.0,abonnement
TR2609060053629,CL107038,EN00270,velo_elec,Nantes,ST1029,ST1030,2026-09-06 20:38:06,2026-09-06 20:54:06,16,4.16,5.0,cb
TR2609060053630,CL101887,EN00355,velo_elec,Nantes,ST1029,ST1027,06/09/2026 20:37,2026-09-06 21:06:36,29,6.05,8.25,abonnement
TR2609060053631,CL107984,EN00377,trottinette,Lille,ST1035,ST9157,06/09/2026 20:36,2026-09-06 20:51:58,15,3.38,4.3,abonnement
TR2609060053632,CL100944,EN00462,velo_elec,Lille,ST1036,ST1039,2026-09-06 20:40:29,1788721409,23,6.85,6.75,abonnement
TR2609060053633,CL103691,EN00442,trottinette,Lille,ST1047,ST1037,2026-09-06 20:36:12,2026-09-06 20:43:12,7,2.42,2.54,cb
TR2609060053634,CL108734,EN00506,trottinette,Grenoble,ST1053,ST1058,1788720214,2026-09-06 20:53:34,10,2.61,3.2,cb
TR2609060053635,CL105050,EN00024,velo_elec,Lyon,ST1001,ST1016,2026-09-06 20:50:57,1788721017,6,1.76,2.5,cb
TR2609060053636,CL106502,EN00215,velo_elec,Lyon,ST1003,ST1007,2026-09-06 20:51:54,2026-09-06 21:03:54,12,2.01,4.0,abonnement
TR2609060053637,CL107625,EN00030,trottinette,Lyon,ST1011,ST1014,2026-09-06 20:53:17,2026-09-06 21:00:17,7,1.45,2.54,abonnement
TR2609060053638,CL105520,EN00049,trottinette,Lyon,ST1017,ST1008,06/09/2026 20:52,2026-09-06 21:43:08,51,13.5,12.22,cb
TR2609060053639,CL106598,EN00020,velo_elec,Lyon,ST1019,ST1017,2026-09-06 20:58:10,2026-09-06 21:14:10,16,2.46,5.0,abonnement
TR2609060053640,CL105641,EN00302,velo_elec,Nantes,ST1032,ST1027,2026-09-06 20:59:36,2026-09-06 21:11:36,12,1.83,4.0,cb
TR2609060053641,CL103965,EN00456,trottinette,Lille,ST1034,ST1041,2026-09-06 20:55:56,,9,1.53,2.98,cb
TR2609060053642,CL107071,EN00416,trottinette,Lille,ST1038,ST1037,2026-09-06 20:57:31,2026-09-06 21:03:31,6,1.55,2.32,paypal
TR2609060053643,CL106051,EN00440,trottinette,Lille,ST1041,ST1040,06/09/2026 20:55,06/09/2026 21:06,11,3.3,3.42,cb
TR2609060053644,CL102567,EN00484,velo_elec,Lille,ST1044,ST1042,2026-09-06 20:57:25,2026-09-06 21:02:25,5,1.31,2.25,abonnement
TR2609060053645,CL103203,EN00030,trottinette,Lyon,ST1014,ST1019,2026-09-06 21:09:34,2026-09-06 21:23:34,14,2.81,4.08,abonnement
TR2609060053646,CL105135,EN00024,velo_elec,Lyon,ST1016,ST1005,2026-09-06 21:07:51,06/09/2026 21:25,18,2.88,5.5,cb
TR2609060053647,CL102832,EN00109,trottinette,Lyon,ST1019,ST1002,06/09/2026 21:03,2026-09-06 21:11:35,8,2.65,2.76,cb
TR2609060053648,CL103776,EN00368,trottinette,Lille,ST1037,ST1036,2026-09-06 21:00:50,2026-09-06 21:13:50,13,3.11,3.86,cb
TR2609060053649,CL102529,EN00442,trottinette,LILLE,ST1037,ST1045,2026-09-06 21:02:05,2026-09-06 21:18:05,16,2.84,4.52,cb
TR2609060053650,CL102840,EN00406,velo_elec,Lille,ST1040,ST1042,2026-09-06 21:13:40,2026-09-06 21:18:40,5,1.28,2.25,paypal
TR2609060053651,CL104167,EN00429,velo,Lille,ST1044,ST1039,06/09/2026 21:15,2026-09-06 21:35:57,20,5.08,4.0,cb
TR2609060053652,CL108759,EN00504,trottinette,Grenoble,ST1054,ST1052,1788721694,2026-09-06 21:16:14,8,1.83,2.76,cb
TR2609060053653,CL108589,EN00535,velo_elec,Grenoble,ST1056,ST1052,2026-09-06 21:04:02,2026-09-06 21:09:02,5,0.91,2.25,cb
TR2609060053654,CL100807,EN00518,trottinette,Grenoble,ST1057,ST1053,2026-09-06 21:04:35,06/09/2026 21:10,6,1.38,2.32,cb
TR2609060053655,CL103367,EN00158,velo_elec,Lyon,ST1001,ST1015,06/09/2026 21:21,1788722883,7,1.63,2.75,cb
TR2609060053656,CL101965,EN00019,trottinette,Lyon,ST1012,ST1016,2026-09-06 21:22:41,2026-09-06 21:33:41,11,2.27,3.42,abonnement
TR2609060053657,CL104067,EN00154,trottinette,Lyon,ST1014,ST1014,2026-09-06 21:18:22,06/09/2026 21:29,11,2.12,3.42,cb
TR2609060053658,CL107439,EN00181,velo_elec,Lyon,ST1015,ST1009,1788723001,2026-09-06 21:52:01,22,3.39,6.5,paypal
TR2609060053659,CL107643,EN00301,velo_elec,Nantes,ST1029,ST1029,2026-09-06 21:29:23,1788723683,12,2.46,4.0,paypal
TR2609060053660,CL107860,EN00236,velo_elec,Nantes,ST1031,ST1029,2026-09-06 21:19:09,06/09/2026 21:32,13,2.76,4.25,abonnement
TR2609060053661,CL107459,EN00416,trottinette,Lille,ST1037,ST1034,2026-09-06 21:28:36,2026-09-06 21:39:36,11,3.54,3.42,cb
TR2609060053662,CL101217,EN00396,velo_elec,Lille,ST1039,ST1036,2026-09-06 21:26:31,2026-09-06 21:31:31,5,0.81,2.25,abonnement
TR2609060053663,CL103832,EN00592,velo_elec,Grenoble,ST1051,ST1055,2026-09-06 21:23:34,2026-09-06 21:29:34,6,1.33,2.5,cb
TR2609060053664,CL107276,EN00174,velo_elec,Lyon,ST1002,ST1005,2026-09-06 21:31:58,2026-09-06 21:40:58,9,1.45,3.25,abonnement
TR2609060053665,CL106684,EN00209,velo_elec,Lyon,ST1007,ST1015,06/09/2026 21:35,2026-09-06 21:51:28,16,4.95,5.0,abonnement
TR2609060053666,CL101691,EN00096,velo_elec,Lyon,ST1011,ST1006,2026-09-06 21:40:24,2026-09-06 21:54:24,14,3.52,4.5,cb
TR2609060053667,CL108907,EN00446,trottinette,Lille,ST1034,ST1045,2026-09-06 21:43:41,1788724601,13,4.22,3.86,cb
TR2609060053668,CL106221,EN00396,velo_elec,Lille,ST1036,ST1034,2026-09-06 21:44:00,2026-09-06 22:00:00,16,4.01,5.0,paypal
TR2609060053669,CL105527,EN00412,trottinette,Lille,ST1037,ST1034,2026-09-06 21:38:49,1788723709,3,0.76,1.66,cb
TR2609060053670,CL105667,EN00488,velo_elec,Lille,ST1038,ST1045,2026-09-06 21:32:06,06/09/2026 21:44,12,2.73,4.0,abonnement
TR2609060053671,CL101717,EN00373,velo_elec,Lille,ST1042,ST1044,2026-09-06 21:42:58,2026-09-06 21:51:58,9,2.26,3.25,paypal
TR2609060053672,CL102597,EN00386,trottinette,Lille,ST1047,ST1038,2026-09-06 21:45:38,06/09/2026 21:54,9,1.91,2.98,cb
TR2609060053673,CL101599,EN00146,trottinette,Lyon,ST1003,ST1018,06/09/2026 21:54,2026-09-06 22:10:49,16,4.31,4.52,abonnement
TR2609060053674,CL108325,EN00024,velo_elec,Lyon,ST1005,ST1004,2026-09-06 22:00:43,2026-09-06 22:11:43,11,2.23,3.75,cb
TR2609060053675,CL100553,EN00044,trottinette,Lyon,ST1006,ST1007,2026-09-06 21:51:20,,11,3.13,3.42,cb
TR2609060053676,CL105054,EN00061,trottinette,Lyon,ST1010,ST1019,2026-09-06 21:58:56,,16,4.07,4.52,paypal
TR2609060053677,CL101454,EN00275,velo,Nantes,ST1021,ST1022,2026-09-06 21:58:03,2026-09-06 22:07:03,9,3.13,2.35,abonnement
TR2609060053678,CL106357,EN00355,velo_elec,Nantes,ST1027,ST1033,2026-09-06 21:53:22,2026-09-06 22:00:22,7,1.35,2.75,cb
TR2609060053679,CL104830,EN00329,trottinette,Nantes,ST1030,ST1029,2026-09-06 21:51:19,2026-09-06 22:01:19,10,2.87,3.2,abonnement
TR2609060053680,CL102161,EN00382,trottinette,Lille,ST1037,ST1042,2026-09-06 21:57:07,1788725047,7,1.69,2.54,paypal
TR2609060053681,CL106822,EN00459,velo_elec,Lille,ST1038,ST1044,2026-09-06 21:55:13,2026-09-06 21:59:13,4,0.91,2.0,cb
TR2609060053682,CL108679,EN00400,trottinette,Lille,ST1043,ST1043,06/09/2026 21:58,2026-09-06 22:15:10,17,4.88,4.74,abonnement
TR2609060053683,CL105668,EN00589,velo_elec,Grenoble,ST1055,ST1058,2026-09-06 21:49:50,2026-09-06 21:59:50,10,1.89,3.5,cb
TR2609060053684,CL101380,EN00056,velo_elec,Lyon,ST1001,ST1006,2026-09-06 22:07:33,2026-09-06 22:12:33,5,1.33,2.25,paypal
TR2609060053685,CL102650,EN00207,velo_elec,Lyon,ST1007,ST1018,2026-09-06 22:09:55,2026-09-06 22:33:55,24,3.78,7.0,abonnement
TR2609060053686,CL103738,EN00029,velo_elec,Lyon,ST1013,ST1003,2026-09-06 22:13:02,06/09/2026 22:24,11,3.73,3.75,paypal
TR2609060053687,CL104630,EN00164,trottinette,Lyon,ST1016,ST1002,06/09/2026 22:15,06/09/2026 22:22,7,1.13,2.54,paypal
TR2609060053688,CL105626,EN00010,trottinette,Lyon,ST1017,ST1005,2026-09-06 22:02:45,1788725625,11,3.51,3.42,cb
TR2609060053689,CL107293,EN00030,trottinette,Lyon,ST1019,ST1016,1788725504,2026-09-06 22:29:44,18,4.18,4.96,cb
TR2609060053690,CL107647,EN00351,trottinette,Nantes,ST1031,ST1030,06/09/2026 22:10,2026-09-06 22:23:51,13,4.33,3.86,cb
TR2609060053691,CL101153,EN00262,velo,NANTES,ST1031,ST1021,2026-09-06 22:02:12,2026-09-06 22:04:12,2,0.48,1.3,cb
TR2609060053692,CL102398,EN00415,trottinette,Lille,ST1037,ST1040,2026-09-06 22:00:59,2026-09-06 22:09:59,9,2.51,2.98,cb
TR2609060053693,CL105028,EN00380,velo_elec,Lille,ST1037,ST1040,06/09/2026 22:04,06/09/2026 22:36,32,5.9,9.0,abonnement
TR2609060053694,CL106442,EN00481,velo_elec,Lille,ST1047,ST1034,1788725662,2026-09-06 22:27:22,13,3.09,4.25,cb
TR2609060053695,CL103471,EN00512,velo_elec,Grenoble,ST1055,ST1056,06/09/2026 22:04,,8,2.19,3.0,paypal
TR2609060053696,CL104290,EN00129,velo_elec,Lyon,ST1003,ST1018,06/09/2026 22:30,2026-09-06 22:43:37,13,2.74,4.25,cb
TR2609060053697,CL105808,EN00061,trottinette,Lyon ,ST1019,ST1011,2026-09-06 22:27:38,2026-09-06 22:32:38,5,1.08,2.1,cb
TR2609060053698,CL108424,EN00275,velo,Nantes,ST1022,ST1023,2026-09-06 22:20:59,2026-09-06 22:26:59,6,1.66,1.9,paypal
TR2609060053699,CL100809,EN00386,trottinette,Lille,ST1038,ST1038,2026-09-06 22:18:02,2026-09-06 22:28:02,10,2.36,3.2,cb
TR2609060053700,CL102808,EN00407,velo,Lille,ST1046,ST1047,2026-09-06 22:20:31,1788727171,19,4.81,3.85,cb
TR2609060053701,CL106638,EN00389,trottinette,Lille,ST1047,ST1042,2026-09-06 22:16:57,2026-09-06 22:30:57,14,4.51,4.08,paypal
TR2609060053702,CL102627,EN00507,trottinette,Grenoble,ST1048,ST1055,1788726483,2026-09-06 23:01:03,33,7.47,8.26,cb
TR2609060053703,CL102800,EN00580,velo_elec,Grenoble,ST1054,ST1055,2026-09-06 22:24:19,06/09/2026 22:30,6,1.43,2.5,paypal
TR2609060053704,CL102591,EN00074,trottinette,Lyon,ST1001,ST1015,2026-09-06 22:39:42,2026-09-06 22:53:42,14,3.82,4.08,paypal
TR2609060053705,CL100718,EN00096,velo_elec,Lyon,ST1006,ST1011,2026-09-06 22:43:54,06/09/2026 23:06,23,7.92,6.75,abonnement
TR2609060053706,CL102832,EN00146,trottinette,Lyon ,ST1018,ST1015,2026-09-06 22:31:34,2026-09-06 22:39:34,8,2.03,2.76,cb
TR2609060053707,CL101217,EN00400,trottinette,Lille,ST1043,ST1044,2026-09-06 22:34:42,1788727002,2,0.67,1.44,cb
TR2609060053708,CL106329,EN00032,velo,Lyon,ST1012,ST1001,2026-09-06 22:56:45,2026-09-06 23:01:45,5,1.0,1.75,cb
TR2609060053709,CL105126,EN00209,velo_elec,Lyon,ST1015,ST1007,2026-09-06 22:53:11,2026-09-07 00:00:11,67,22.63,17.75,paypal
TR2609060053710,CL102291,EN00163,trottinette,Lyon,ST1017,ST1014,2026-09-06 22:46:20,2026-09-06 23:02:20,16,4.74,4.52,cb
TR2609060053711,CL105078,EN00277,velo_elec,NANTES,ST1024,ST1021,2026-09-06 22:56:29,2026-09-06 23:07:29,11,1.81,3.75,cb
TR2609060053712,CL108588,EN00288,trottinette,Nantes,ST1027,ST1020,2026-09-06 22:59:17,06/09/2026 23:07,8,2.77,2.76,abonnement
TR2609060053713,CL102830,EN00395,trottinette,Lille,ST1042,ST1041,06/09/2026 22:50,2026-09-06 23:01:10,11,3.77,3.42,cb
TR2609060053714,CL105140,EN00554,velo_elec,Grenoble,ST1048,ST1054,2026-09-06 23:00:10,2026-09-06 23:37:10,37,8.01,10.25,cb
TR2609060053715,CL102351,EN00599,trottinette,Grenoble,ST1049,ST1049,,2026-09-06 23:12:25,12,3.36,3.64,paypal
TR2609060053716,CL107518,EN00549,velo_elec,Grenoble,ST1054,ST1048,2026-09-06 22:59:24,1788729024,11,2.87,3.75,cb
TR2609060053717,CL104049,EN00270,velo_elec,Nante,ST1030,ST1029,06/09/2026 23:09,2026-09-06 23:22:03,13,3.28,4.25,cb
TR2609060053718,CL101051,EN00117,trottinette,Lyon,ST1009,ST1015,,2026-09-06 23:38:14,12,3.14,3.64,abonnement
TR2609060053719,CL106312,EN00241,velo,Nantes,ST1020,ST1021,2026-09-06 23:22:54,2026-09-06 23:33:54,11,3.54,2.65,cb
TR2609060053720,CL106124,EN00386,trottinette,Lille,ST1038,ST1040,2026-09-06 23:24:09,2026-09-06 23:36:09,12,2.66,3.64,cb
TR2609060053721,CL102331,EN00415,trottinette,Lille,ST1040,ST1040,2026-09-06 23:20:21,2026-09-06 23:36:21,16,2.98,4.52,abonnement
TR2609060053722,CL105379,EN00058,velo_elec,Lyon,ST1013,ST1008,2026-09-06 23:45:34,06/09/2026 23:56,11,1.75,3.75,cb
TR2609060053723,CL102181,EN00170,trottinette,Lyon,ST1013,ST1002,2026-09-06 23:44:05,06/09/2026 23:57,13,3.4,3.86,cb
TR2609060053724,CL100250,EN00359,trottinette,Nantes,ST1023,ST1020,2026-09-06 23:43:41,2026-09-06 23:52:41,9,2.57,2.98,abonnement
TR2609060053725,CL108461,EN00302,velo_elec,Nantes,ST1027,ST1026,2026-09-06 23:39:47,07/09/2026 00:02,23,3.87,6.75,cb
TR2609060053726,CL102015,EN00236,velo_elec,Nantes,ST1029,ST1030,2026-09-06 23:36:30,2026-09-06 23:45:30,9,1.47,3.25,abonnement
TR2609060053727,CL101381,EN00489,trottinette,Lille,ST1041,ST1038,06/09/2026 23:41,2026-09-06 23:48:46,7,2.08,2.54,cb
TR2609060053728,CL103811,EN00174,velo_elec,Lyon,ST1005,ST1012,2026-09-06 23:46:58,2026-09-06 23:55:58,9,2.87,3.25,cb
TR2609060053729,CL101408,EN00100,velo_elec,Lyon,ST1019,ST1012,2026-09-06 23:59:27,07/09/2026 00:08,9,1.88,3.25,cb
TR2609060053730,CL102168,EN00320,velo,Nantes,ST1022,ST1030,2026-09-06 23:48:15,2026-09-06 23:57:15,9,2.01,2.35,cb
TR2609060053731,CL106576,EN00329,trottinette,Nantes,ST1029,ST1029,2026-09-06 23:46:55,1788734815,60,19.35,14.2,cb
TR2609060053732,CL105674,EN00456,trottinette,Lille,ST1041,ST1038,2026-09-06 23:57:47,2026-09-07 00:00:47,3,0.67,1.66,paypal
TR2609060053733,CL102576,EN00400,trottinette,Lille,ST1044,ST1044,2026-09-06 23:55:24,07/09/2026 00:16,21,3.27,5.62,abonnement
TR2609060053734,CL101704,EN00508,trottinette,Grenoble,ST1050,ST1053,2026-09-06 23:51:35,07/09/2026 00:01,10,2.17,3.2,paypal
TR2609060053735,CL105490,EN00518,trottinette,Grenoble,ST1053,ST1054,2026-09-06 23:50:16,2026-09-07 00:11:16,21,6.0,5.62,abonnement
