trajet_id,client_id,engin_id,type_engin,ville,station_depart,station_arrivee,debut,fin,duree_min,distance_km,montant_eur,moyen_paiement
TR2608110024746,CL105659,EN00473,trottinette,Lille,ST1043,ST1038,2026-08-11 00:09:14,2026-08-11 00:24:14,15,3.93,4.3,cb
TR2608110024747,CL100614,EN00121,trottinette,Lyon,ST1001,ST1017,2026-08-11 00:27:15,2026-08-11 00:40:15,13,2.92,3.86,
TR2608110024748,CL102696,EN00561,velo_elec,Grenoble,ST1052,ST1052,2026-08-11 00:56:37,1786403557,16,4.13,5.0,cb
TR2608110024749,CL102700,EN00456,trottinette,Lille,ST1041,ST1042,2026-08-11 01:56:46,11/08/2026 02:16,20,3.67,5.4,cb
TR2608110024750,CL105175,EN00445,velo_elec,Lille,ST1044,ST1035,11/08/2026 03:27,2026-08-11 04:12:02,45,8.22,12.25,abonnement
TR2608110024751,CL106186,EN00394,velo_elec,Lille,ST1038,ST1047,2026-08-11 04:30:32,2026-08-11 04:43:32,13,3.34,4.25,paypal
TR2608110024752,CL103113,EN00027,velo_elec,Lyon,ST1019,ST1017,11/08/2026 05:09,11/08/2026 05:21,12,2.59,4.0,cb
TR2608110024753,CL103875,EN00598,velo_elec,Grenoble,ST1052,ST1048,2026-08-11 05:24:21,2026-08-11 05:42:21,18,5.5,5.5,abonnement
TR2608110024754,CL105154,EN00496,velo_elec,Lille,ST1036,ST1045,2026-08-11 05:35:45,11/08/2026 06:07,32,11.19,9.0,paypal
TR2608110024755,CL100991,EN00127,trottinette,Lyon,ST1003,ST1012,2026-08-11 05:51:09,2026-08-11 05:57:09,6,0.95,2.32,cb
TR2608110024756,CL108415,EN00168,velo_elec,Lyon,ST1016,ST1017,2026-08-11 05:45:41,2026-08-11 05:55:41,10,2.93,3.5,cb
TR2608110024757,CL108403,EN00266,velo_elec,Nante,ST1025,ST1031,11/08/2026 05:54,2026-08-11 06:03:29,9,2.83,3.25,abonnement
TR2608110024758,CL101603,EN00495,trottinette,Lille,ST1036,ST1035,11/08/2026 05:55,2026-08-11 06:13:15,18,3.48,4.96,abonnement
TR2608110024759,CL103916,EN00035,velo_elec,Lyon,ST1005,ST1003,2026-08-11 06:07:59,2026-08-11 06:37:59,30,5.3,8.5,cb
TR2608110024760,CL108067,EN00144,trottinette,Lyon,ST1007,ST1003,2026-08-11 06:12:59,2026-08-11 06:39:59,27,5.19,6.94,abonnement
TR2608110024761,CL103575,EN00218,velo_elec,Lyon,ST1010,ST1004,2026-08-11 06:04:16,2026-08-11 06:21:16,17,4.57,5.25,abonnement
TR2608110024762,CL104130,EN00185,trottinette,lyon,ST1015,ST1006,11/08/2026 06:01,11/08/2026 06:16,15,3.19,4.3,paypal
TR2608110024763,CL105092,EN00174,velo_elec,Lyon,ST1016,ST1016,2026-08-11 06:03:19,2026-08-11 06:15:19,12,2.3,4.0,cb
TR2608110024764,CL104865,EN00245,velo_elec,Nantes,ST1023,ST1021,2026-08-11 06:04:58,2026-08-11 06:32:58,28,5.17,8.0,abonnement
TR2608110024765,CL104536,EN00297,trottinette,Nantes,ST1026,ST1021,2026-08-11 06:06:29,2026-08-11 06:14:29,8,2.59,2.76,cb
TR2608110024766,CL101076,EN00389,trottinette,Lille,ST1036,ST1039,2026-08-11 06:06:26,2026-08-11 06:09:26,3,1.05,1.66,cb
TR2608110024767,CL108353,EN00363,velo_elec,Lille,ST1038,ST1034,2026-08-11 06:14:02,2026-08-11 07:05:02,51,15.62,13.75,abonnement
TR2608110024768,CL106218,EN00442,trottinette,Lille,ST1044,ST1036,11/08/2026 06:05,2026-08-11 06:19:47,14,2.9,4.08,paypal
TR2608110024769,CL106034,EN00475,trottinette,Lille,ST1046,ST1035,2026-08-11 06:07:41,2026-08-11 06:15:41,8,2.07,2.76,abonnement
TR2608110024770,CL100463,EN00394,velo_elec,Lille,ST1047,ST1035,2026-08-11 06:13:25,2026-08-11 06:21:25,8,2.73,3.0,paypal
TR2608110024771,CL106262,EN00553,trottinette,Grenoble,ST1052,ST1052,2026-08-11 06:03:31,11/08/2026 06:06,3,0.61,1.66,abonnement
TR2608110024772,CL106690,EN00513,velo_elec,grenoble,ST1053,ST1049,2026-08-11 06:04:08,2026-08-11 06:19:08,15,4.18,4.75,cb
TR2608110024773,CL103168,EN00107,velo_elec,Lyon,ST1008,ST1002,11/08/2026 06:20,2026-08-11 06:42:24,22,6.85,6.5,abonnement
TR2608110024774,CL106581,EN00208,velo_elec,Lyon,ST1009,ST1014,2026-08-11 06:20:15,2026-08-11 06:39:15,19,3.61,5.75,cb
TR2608110024775,CL101763,EN00212,trottinette,Lyon,ST1011,ST1014,,1786423311,22,6.12,5.84,abonnement
TR2608110024776,CL105382,EN00157,velo_elec,lyon,ST1012,ST1002,2026-08-11 06:29:39,2026-08-11 06:39:39,10,2.45,3.5,abonnement
TR2608110024777,CL106880,EN00027,velo_elec,Lyon,ST1017,ST1014,2026-08-11 06:29:10,2026-08-11 06:43:10,14,3.3,4.5,cb
TR2608110024778,CL103626,EN00004,velo_elec,Lyon,ST1018,ST1015,2026-08-11 06:16:36,2026-08-11 06:20:36,4,1.05,2.0,cb
TR2608110024779,CL102758,EN00297,trottinette,Nantes,ST1021,ST1032,2026-08-11 06:28:41,2026-08-11 06:34:41,6,1.25,2.32,cb
TR2608110024780,CL107891,EN00240,trottinette,Nantes,ST1024,ST1029,2026-08-11 06:18:15,2026-08-11 06:25:15,7,1.26,2.54,cb
TR2608110024781,CL105928,EN00348,velo_elec,Nantes,ST1027,ST1030,2026-08-11 06:18:57,2026-08-11 06:26:57,8,2.55,3.0,cb
TR2608110024782,CL106850,EN00406,velo_elec,Lille,ST1047,ST1045,2026-08-11 06:29:26,2026-08-11 06:41:26,12,3.89,4.0,cb
TR2608110024783,CL103143,EN00554,velo_elec,Grenoble,ST1049,ST1054,11/08/2026 06:20,11/08/2026 06:37,17,5.23,5.25,cb
TR2608110024784,CL106429,EN00553,trottinette,Grenoble,ST1052,ST1051,2026-08-11 06:29:51,2026-08-11 06:38:51,9,1.43,2.98,abonnement
TR2608110024785,CL102651,EN00101,velo_elec,Lyon,ST1004,ST1014,2026-08-11 06:40:34,2026-08-11 06:59:34,19,3.74,5.75,paypal
TR2608110024786,CL103298,EN00152,velo_elec,Lyon,ST1005,ST1003,2026-08-11 06:43:28,2026-08-11 06:52:28,9,1.54,,paypal
TR2608110024787,CL105976,EN00146,trottinette,Lyon,ST1005,ST1001,,2026-08-11 06:55:20,21,5.09,5.62,cb
TR2608110024788,CL108836,EN00202,trottinette,Lyon,ST1005,ST1007,2026-08-11 06:43:37,11/08/2026 06:53,10,1.66,3.2,paypal
TR2608110024789,CL105545,EN00008,trottinette,Lyon,ST1008,ST1001,1786422758,2026-08-11 06:50:38,18,4.01,4.96,cb
TR2608110024790,CL100538,EN00439,velo_elec,Lille,ST1040,ST1044,2026-08-11 06:39:26,2026-08-11 06:52:26,13,4.2,4.25,cb
TR2608110024791,CL101421,EN00589,velo_elec,Grenoble,ST1050,ST1049,2026-08-11 06:39:17,2026-08-11 06:57:17,18,3.89,5.5,cb
TR2608110024792,CL104780,EN00588,velo_elec,GRENOBLE,ST1050,ST1049,11/08/2026 06:37,2026-08-11 06:45:45,8,1.6,3.0,abonnement
TR2608110024793,CL102605,EN00515,trottinette,Grenoble,ST1057,ST1049,2026-08-11 06:43:01,2026-08-11 06:45:01,2,0.55,1.44,paypal
TR2608110024794,CL107490,EN00099,velo_elec,Lyon,ST1005,ST1002,2026-08-11 06:52:02,2026-08-11 06:54:02,2,0.3,1.5,abonnement
TR2608110024795,CL107289,EN00174,velo_elec,Lyon,ST1016,ST1004,2026-08-11 06:58:29,2026-08-11 07:14:29,16,3.08,5.0,cb
TR2608110024796,CL106980,EN00332,trottinette,Nantes,ST1023,ST1021,2026-08-11 06:50:30,11/08/2026 07:08,18,2.74,4.96,cb
TR2608110024797,CL107039,EN00240,trottinette,Nantes,ST1029,ST1021,11/08/2026 06:57,2026-08-11 07:05:08,8,2.23,2.76,paypal
TR2608110024798,CL104577,EN00520,velo_elec,grenoble,ST1050,ST1049,11/08/2026 06:59,2026-08-11 07:15:58,16,3.79,5.0,cb
TR2608110024799,CL108291,EN00553,trottinette,Grenoble,ST1051,ST1049,2026-08-11 06:46:11,2026-08-11 07:02:11,16,4.92,4.52,abonnement
TR2608110024800,CL105128,EN00571,trottinette,Grenoble,ST1055,ST1048,2026-08-11 06:46:41,2026-08-11 06:58:41,12,1.81,3.64,cb
TR2608110024801,CL106657,EN00501,trottinette,Grenoble,ST1055,ST1048,2026-08-11 06:47:44,2026-08-11 06:52:44,5,1.65,2.1,paypal
TR2608110024802,CL106551,EN00593,trottinette,Grenoble,ST1057,ST1048,2026-08-11 06:51:24,2026-08-11 07:04:24,13,4.3,3.86,cb
TR2608110024803,CL102386,EN00162,velo_elec,Lyon,ST1001,ST1013,2026-08-11 07:12:28,11/08/2026 07:17,5,1.47,2.25,cb
TR2608110024804,CL102973,EN00217,velo_elec,Lyon,ST1005,ST1004,2026-08-11 07:01:07,2026-08-11 07:07:07,6,0.92,2.5,paypal
TR2608110024805,CL108038,EN00220,velo_elec,Lyon,ST1006,ST1003,2026-08-11 07:13:00,2026-08-11 07:31:00,18,5.63,5.5,abonnement
TR2608110024806,CL107166,EN00110,velo_elec,Lyon,ST1006,ST1005,2026-08-11 07:06:29,2026-08-11 07:40:29,34,8.95,9.5,cb
TR2608110024807,CL105022,EN00216,velo_elec,Lyon,ST1007,ST1017,2026-08-11 07:06:43,11/08/2026 07:23,17,3.42,5.25,cb
TR2608110024808,CL100429,EN00006,trottinette,Lyon,ST1009,ST1002,2026-08-11 07:02:24,2026-08-11 07:16:24,14,4.64,4.08,abonnement
TR2608110024809,CL103582,EN00078,velo_elec,lyon,ST1009,ST1002,2026-08-11 07:13:42,2026-08-11 07:31:42,18,3.04,5.5,paypal
TR2608110024810,CL101637,EN00121,trottinette,Lyon,ST1010,ST1003,,2026-08-11 07:15:55,15,2.87,4.3,cb
TR2608110024811,CL101806,EN00020,velo_elec,Lyon,ST1011,ST1007,2026-08-11 07:08:01,11/08/2026 07:29,21,5.18,6.25,paypal
TR2608110024812,CL106038,EN00178,velo_elec,Lyon,ST1013,ST1008,11/08/2026 07:07,2026-08-11 07:12:37,5,0.93,2.25,abonnement
TR2608110024813,CL101652,EN00101,velo_elec,Lyon,ST1014,ST1004,2026-08-11 07:15:27,2026-08-11 07:23:27,8,2.32,3.0,abonnement
TR2608110024814,CL108499,EN00036,velo_elec,Lyon,ST1014,ST1010,2026-08-11 07:09:49,2026-08-11 07:27:49,18,3.88,5.5,cb
TR2608110024815,CL107850,EN00075,trottinette,Lyon,ST1018,ST1004,2026-08-11 07:01:56,2026-08-11 07:19:56,18,5.09,4.96,abonnement
TR2608110024816,CL101485,EN00074,trottinette,Lyon,ST1019,ST1012,2026-08-11 07:15:53,2026-08-11 07:28:53,13,3.89,3.86,cb
TR2608110024817,CL101164,EN00302,velo_elec,Nantes,ST1025,ST1021,2026-08-11 07:04:40,2026-08-11 07:11:40,7,2.36,2.75,cb
TR2608110024818,CL105950,EN00297,trottinette,Nantes,ST1032,ST1020,2026-08-11 07:13:04,11/08/2026 07:26,13,2.11,3.86,abonnement
TR2608110024819,CL105476,EN00385,velo_elec,lille,ST1037,ST1037,11/08/2026 07:07,11/08/2026 07:10,3,0.84,1.75,cb
TR2608110024820,CL102228,EN00486,velo,Lille,ST1037,ST1035,1786424689,2026-08-11 07:11:49,7,2.15,2.05,cb
TR2608110024821,CL107040,EN00389,trottinette,Lille,ST1039,ST1040,2026-08-11 07:01:13,2026-08-11 07:12:13,11,3.59,3.42,cb
TR2608110024822,CL102228,EN00403,trottinette,Lille,ST1042,ST1045,2026-08-11 07:14:04,2026-08-11 07:38:04,24,7.83,6.28,paypal
TR2608110024823,CL102439,EN00374,velo_elec,Lille,ST1043,ST1035,2026-08-11 07:04:06,11/08/2026 07:15,11,3.02,3.75,cb
TR2608110024824,CL100038,EN00395,trottinette,LILLE,ST1045,ST1034,2026-08-11 07:07:15,2026-08-11 07:18:15,11,2.93,3.42,cb
TR2608110024825,CL104252,EN00492,velo_elec,Lille,ST1045,ST1044,2026-08-11 07:06:23,1786427063,38,9.16,10.5,cb
TR2608110024826,CL105354,EN00422,velo_elec,Lille,ST1045,ST1035,,2026-08-11 07:24:43,12,2.58,4.0,cb
TR2608110024827,CL105164,EN00496,velo_elec,Lille,ST1045,ST1045,2026-08-11 07:15:13,2026-08-11 07:55:13,40,12.83,11.0,abonnement
TR2608110024828,CL104921,EN00424,velo_elec,Lille,ST1047,ST1037,2026-08-11 07:03:06,2026-08-11 07:29:06,26,8.04,7.5,cb
TR2608110024829,CL102326,EN00507,trottinette,Grenoble,ST1056,ST1048,2026-08-11 07:01:47,1786424987,8,1.66,2.76,cb
TR2608110024830,CL100932,EN00587,trottinette,Grenoble,ST1056,ST1049,2026-08-11 07:02:27,2026-08-11 07:14:27,12,3.11,3.64,abonnement
TR2608110024831,CL101138,EN00530,velo_elec,Grenoble,ST1057,ST1049,2026-08-11 07:07:00,2026-08-11 07:11:00,4,0.66,2.0,cb
TR2608110024832,CL107668,EN00537,velo_elec,Grenoble,ST1058,ST1049,,11/08/2026 08:01,48,9.05,13.0,paypal
TR2608110024833,CL104357,EN00133,velo_elec,Lyon,ST1001,ST1015,1786425946,11/08/2026 07:44,19,2.92,5.75,paypal
TR2608110024834,CL101186,EN00119,trottinette,Lyon,ST1005,ST1012,2026-08-11 07:25:36,2026-08-11 07:35:36,10,2.95,3.2,abonnement
TR2608110024835,CL101274,EN00169,velo,Lyon,ST1005,ST1001,2026-08-11 07:27:32,2026-08-11 07:33:32,6,1.86,1.9,cb
TR2608110024836,CL101307,EN00185,trottinette,Lyon,ST1006,ST1002,2026-08-11 07:21:53,1786426493,13,4.53,3.86,cb
TR2608110024837,CL107671,EN00197,velo_elec,Lyon,ST1006,ST1007,2026-08-11 07:21:24,2026-08-11 07:40:24,19,5.93,5.75,abonnement
TR2608110024838,CL101309,EN00125,velo,Lyon,ST1006,ST1003,11/08/2026 07:27,2026-08-11 07:42:18,15,3.21,3.25,paypal
TR2608110024839,CL100972,EN00202,trottinette,Lyon,ST1007,ST1002,2026-08-11 07:22:40,2026-08-11 07:37:40,15,4.29,4.3,cb
TR2608110024840,CL103509,EN00209,velo_elec,Lyon,ST1009,ST1013,2026-08-11 07:23:24,2026-08-11 07:36:24,13,4.08,4.25,cb
TR2608110024841,CL104495,EN00047,velo_elec,Lyon,ST1010,ST1002,2026-08-11 07:18:07,2026-08-11 07:45:07,27,4.08,7.75,abonnement
TR2608110024842,CL103602,EN00204,velo_elec,Lyon,ST1010,ST1004,2026-08-11 07:29:58,2026-08-11 07:34:58,5,1.68,2.25,paypal
TR2608110024843,CL108756,EN00106,trottinette,Lyon,ST1012,ST1002,2026-08-11 07:25:27,2026-08-11 07:37:27,12,1.99,3.64,cb
TR2608110024844,CL100006,EN00127,trottinette,Lyon,ST1012,ST1002,2026-08-11 07:21:18,2026-08-11 07:28:18,7,1.26,2.54,paypal
TR2608110024845,CL106999,EN00105,velo_elec,Lyon,ST1013,ST1001,11/08/2026 07:30,1786426989,13,2.73,4.25,cb
TR2608110024846,CL105254,EN00044,trottinette,Lyon,ST1015,ST1003,2026-08-11 07:29:22,2026-08-11 07:54:22,25,7.38,6.5,cb
TR2608110024847,CL107645,EN00003,velo_elec,Lyon,ST1016,ST1014,2026-08-11 07:30:37,2026-08-11 07:37:37,7,1.82,2.75,cb
TR2608110024848,CL103375,EN00113,velo_elec,Lyonn,ST1018,ST1002,2026-08-11 07:21:23,11/08/2026 07:31,10,3.26,3.5,abonnement
TR2608110024849,CL107188,EN00088,velo,Lyon,ST1018,ST1007,2026-08-11 07:19:38,2026-08-11 07:23:38,4,0.74,1.6,cb
TR2608110024850,CL107801,EN00124,velo_elec,Lyon,ST1019,ST1017,2026-08-11 07:24:37,,14,4.76,4.5,paypal
TR2608110024851,CL102196,EN00226,velo_elec,Nantes,ST1023,ST1029,2026-08-11 07:25:11,2026-08-11 07:48:11,23,5.9,6.75,paypal
TR2608110024852,CL108508,EN00281,velo_elec,Nantes,ST1024,ST1022,2026-08-11 07:21:31,11/08/2026 07:26,5,1.05,2.25,cb
TR2608110024853,CL107642,EN00339,velo_elec,Nantes,ST1029,ST1031,11/08/2026 07:28,1786426567,8,2.52,3.0,cb
TR2608110024854,CL106722,EN00360,trottinette,Nantes,ST1032,ST1022,2026-08-11 07:26:37,2026-08-11 07:34:37,8,2.79,2.76,cb
TR2608110024855,CL101764,EN00379,velo_elec,Lille,ST1034,ST1038,2026-08-11 07:29:30,11/08/2026 07:40,11,2.94,3.75,cb
TR2608110024856,CL102135,EN00484,velo_elec,Lille,ST1035,ST1038,2026-08-11 07:29:22,2026-08-11 07:39:22,10,2.56,3.5,abonnement
TR2608110024857,CL108640,EN00374,velo_elec,lille,ST1035,ST1040,2026-08-11 07:29:35,2026-08-11 07:35:35,6,1.73,2.5,paypal
TR2608110024858,CL103895,EN00378,velo_elec,Lille,ST1038,ST1036,11/08/2026 07:22,2026-08-11 07:36:18,14,2.88,4.5,paypal
TR2608110024859,CL100563,EN00480,velo_elec,Lille,ST1038,ST1047,2026-08-11 07:30:48,2026-08-11 07:56:48,26,5.86,7.5,cb
TR2608110024860,CL101936,EN00381,trottinette,Lille,ST1038,ST1043,2026-08-11 07:19:49,11/08/2026 07:33,14,2.86,4.08,abonnement
TR2608110024861,CL102172,EN00417,trottinette,Lille,ST1039,ST1044,2026-08-11 07:16:48,2026-08-11 07:36:48,-21,3.03,5.4,cb
TR2608110024862,CL103866,EN00416,trottinette,Lille,ST1041,ST1035,2026-08-11 07:26:16,2026-08-11 08:02:16,36,7.9,8.92,abonnement
TR2608110024863,CL108229,EN00461,velo_elec,Lille,ST1042,ST1036,1786426020,2026-08-11 07:34:00,7,1.1,2.75,cb
TR2608110024864,CL108758,EN00366,trottinette,Lille,ST1043,ST1035,2026-08-11 07:19:49,2026-08-11 07:29:49,10,2.55,3.2,abonnement
TR2608110024865,CL101603,EN00405,trottinette,Lille,ST1046,ST1034,2026-08-11 07:20:55,2026-08-11 07:43:55,23,4.97,6.06,abonnement
TR2608110024866,CL102041,EN00456,trottinette,Lille,ST1046,ST1036,11/08/2026 07:26,2026-08-11 07:38:40,12,3.9,3.64,cb
TR2608110024867,CL104636,EN00441,velo_elec,Lille,ST1046,ST1036,2026-08-11 07:20:30,2026-08-11 07:35:30,15,5.21,4.75,cb
TR2608110024868,CL108766,EN00541,velo_elec,Grenoble,ST1053,ST1048,2026-08-11 07:17:33,2026-08-11 07:30:33,13,3.11,4.25,abonnement
TR2608110024869,CL103145,EN00546,trottinette,Grenoble,ST1057,ST1057,2026-08-11 07:22:11,2026-08-11 07:39:11,17,3.43,4.74,paypal
TR2608110024870,CL106995,EN00098,velo_elec,Lyon,ST1001,ST1001,2026-08-11 07:33:02,11/08/2026 07:40,7,1.43,2.75,cb
TR2608110024871,CL103812,EN00178,velo_elec,Lyon,ST1008,ST1002,2026-08-11 07:42:19,2026-08-11 07:49:19,7,1.17,2.75,abonnement
TR2608110024872,CL104451,EN00142,velo_elec,Lyon,ST1008,ST1002,11/08/2026 07:38,2026-08-11 07:44:56,6,1.56,2.5,cb
TR2608110024873,CL100903,EN00036,velo_elec,Lyon,ST1010,ST1012,2026-08-11 07:35:15,2026-08-11 07:52:15,17,5.09,5.25,paypal
TR2608110024874,CL105084,EN00115,velo_elec,LYON,ST1011,ST1003,2026-08-11 07:37:28,,9,2.48,3.25,abonnement
TR2608110024875,CL101427,EN00165,trottinette,Lyon,ST1012,ST1004,2026-08-11 07:33:43,11/08/2026 07:39,6,1.44,2.32,abonnement
TR2608110024876,CL103048,EN00074,trottinette,Lyon,ST1012,ST1011,2026-08-11 07:32:05,2026-08-11 07:48:05,16,4.04,4.52,cb
TR2608110024877,CL103595,EN00162,velo_elec,Lyon,ST1013,ST1001,2026-08-11 07:41:07,2026-08-11 07:45:07,4,0.88,2.0,cb
TR2608110024878,CL106020,EN00027,velo_elec,Lyon,ST1014,ST1004,2026-08-11 07:40:43,2026-08-11 07:50:43,10,2.99,3.5,cb
TR2608110024879,CL104940,EN00219,velo_elec,Lyon,ST1014,ST1008,2026-08-11 07:39:49,2026-08-11 07:47:49,8,1.32,3.0,cb
TR2608110024880,CL107371,EN00076,velo_elec,Lyon,ST1015,ST1004,2026-08-11 07:33:33,,13,3.03,4.25,cb
TR2608110024881,CL103896,EN00175,trottinette,Lyon,ST1015,ST1004,1786426520,2026-08-11 07:48:20,13,2.49,3.86,abonnement
TR2608110024882,CL107032,EN00196,velo_elec,Lyon,ST1016,ST1015,2026-08-11 07:39:04,2026-08-11 07:49:04,10,3.34,3.5,abonnement
TR2608110024883,CL102385,EN00168,velo_elec,Lyon,ST1017,ST1004,11/08/2026 07:38,2026-08-11 07:42:46,5308,1.0,2.0,cb
TR2608110024884,CL108703,EN00254,velo_elec,Nantes,ST1025,ST1021,2026-08-11 07:40:23,2026-08-11 07:50:23,10,2.03,3.5,abonnement
TR2608110024885,CL102392,EN00295,velo_elec,Nantes,ST1025,ST1022,2026-08-11 07:44:12,2026-08-11 07:55:12,11,2.0,3.75,abonnement
TR2608110024886,CL104967,EN00365,velo_elec,Lille,ST1036,ST1043,2026-08-11 07:44:30,2026-08-11 08:04:30,20,3.76,6.0,cb
TR2608110024887,CL101936,EN00385,velo_elec,Lille,ST1037,ST1036,2026-08-11 07:34:25,2026-08-11 07:49:25,15,5.22,4.75,abonnement
TR2608110024888,CL103496,EN00424,velo_elec,Lille,ST1037,ST1042,2026-08-11 07:35:08,2026-08-11 07:55:08,20,6.63,6.0,cb
TR2608110024889,CL105206,EN00451,velo_elec,Lille,ST1038,ST1041,11/08/2026 07:36,11/08/2026 08:03,27,5.28,7.75,abonnement
TR2608110024890,CL107589,EN00482,velo_elec,Lille,ST1038,ST1036,2026-08-11 07:42:40,2026-08-11 07:44:40,2,0.58,1.5,cb
TR2608110024891,CL101135,EN00427,trottinette,Lille,ST1039,ST1035,2026-08-11 07:30:59,2026-08-11 07:50:59,20,4.82,5.4,cb
TR2608110024892,CL108243,EN00400,trottinette,Lille,ST1040,ST1035,2026-08-11 07:34:30,2026-08-11 07:44:30,10,2.38,3.2,abonnement
TR2608110024893,CL101717,EN00402,trottinette,Lille,ST1041,ST1035,2026-08-11 07:42:31,2026-08-11 07:48:31,6,1.18,2.32,cb
TR2608110024894,CL104505,EN00481,velo_elec, Lille,ST1041,ST1043,2026-08-11 07:33:45,1786427385,16,3.78,5.0,cb
TR2608110024895,CL106335,EN00406,velo_elec,Lille,ST1045,ST1036,2026-08-11 07:36:11,2026-08-11 07:41:11,5,0.89,2.25,cb
TR2608110024896,CL107711,EN00563,trottinette,Grenoble,ST1051,ST1058,2026-08-11 07:37:35,2026-08-11 07:47:35,10,3.44,3.2,abonnement
TR2608110024897,CL103948,EN00570,trottinette,Grenoble,ST1053,ST1048,1786426841,2026-08-11 08:00:41,20,6.24,5.4,cb
TR2608110024898,CL103147,EN00508,trottinette,Grenoble,ST1054,ST1049,2026-08-11 07:40:29,11/08/2026 07:59,19,3.69,5.18,cb
TR2608110024899,CL100847,EN00518,trottinette,Grenoble,ST1055,ST1058,11/08/2026 07:33,,42,9.5,10.24,cb
TR2608110024900,CL106639,EN00523,velo_elec,Grenoble,ST1055,ST1048,11/08/2026 07:43,2026-08-11 07:52:47,9,1.83,3.25,cb
TR2608110024901,CL102569,EN00558,trottinette,Grenoble,ST1056,ST1050,11/08/2026 07:39,11/08/2026 08:04,25,5.28,6.5,abonnement
TR2608110024902,CL106622,EN00110,velo_elec,Lyon,ST1005,ST1003,2026-08-11 07:57:57,2026-08-11 08:11:57,14,4.42,4.5,cb
TR2608110024903,CL107127,EN00135,trottinette,Lyon,ST1006,ST1003,2026-08-11 07:47:09,2026-08-11 08:03:09,16,3.26,4.52,abonnement
TR2608110024904,CL103567,EN00095,trottinette,Lyon,ST1011,ST1009,11/08/2026 07:49,11/08/2026 08:05,16,4.4,4.52,paypal
TR2608110024905,CL100866,EN00041,velo_elec,Lyon,ST1012,ST1004,2026-08-11 07:59:06,11/08/2026 08:10,11,2.08,3.75,cb
TR2608110024906,CL107439,EN00081,velo_elec,Lyon,ST1014,ST1012,2026-08-11 07:54:27,2026-08-11 08:00:27,6,1.07,2.5,paypal
TR2608110024907,CL100794,EN00045,trottinette,Lyon,ST1015,ST1012,2026-08-11 07:48:15,2026-08-11 08:10:15,22,6.99,5.84,cb
TR2608110024908,CL100573,EN00005,velo_elec,Lyon,ST1015,ST1004,2026-08-11 07:53:41,2026-08-11 08:15:41,22,6.72,6.5,cb
TR2608110024909,CL100782,EN00069,trottinette,Lyon,ST1016,ST1008,2026-08-11 07:54:32,2026-08-11 08:09:32,15,4.01,4.3,abonnement
TR2608110024910,CL105661,EN00173,velo_elec,Lyon,ST1016,ST1001,2026-08-11 07:54:13,2026-08-11 07:59:13,5,0.93,2.25,paypal
TR2608110024911,CL102964,EN00124,velo_elec,Lyon,ST1017,ST1004,2026-08-11 07:49:20,2026-08-11 08:08:20,19,5.76,5.75,cb
TR2608110024912,CL101738,EN00132,trottinette,Lyon,ST1019,ST1003,2026-08-11 08:00:27,1786428567,9,2.81,2.98,cb
TR2608110024913,CL104219,EN00277,velo_elec,Nantes,ST1023,ST1020,2026-08-11 08:00:04,2026-08-11 08:56:04,56,11.93,15.0,abonnement
TR2608110024914,CL105101,EN00497,velo,Lille,ST1039,ST1042,2026-08-11 07:51:03,2026-08-11 08:10:03,19,4.75,3.85,cb
TR2608110024915,CL104947,EN00393,trottinette,Lille,ST1041,ST1036,2026-08-11 07:54:43,11/08/2026 08:23,29,4.94,7.38,cb
TR2608110024916,CL107085,EN00410,velo_elec,Lille,ST1041,ST1037,11/08/2026 07:47,2026-08-11 07:59:23,12,1.96,4.0,cb
TR2608110024917,CL102949,EN00399,trottinette,Lille,ST1042,ST1038,2026-08-11 07:58:09,2026-08-11 08:22:09,24,5.84,6.28,abonnement
TR2608110024918,CL101352,EN00368,trottinette,Lille,ST1042,ST1036,2026-08-11 07:52:10,2026-08-11 08:08:10,16,3.97,4.52,cb
TR2608110024919,CL105734,EN00381,trottinette,Lille,ST1043,ST1034,2026-08-11 07:51:49,,14,3.02,4.08,cb
TR2608110024920,CL101097,EN00433,velo,Lille,ST1043,ST1035,2026-08-11 07:55:06,2026-08-11 08:11:06,16,4.83,3.4,cb
TR2608110024921,CL105422,EN00367,velo,Lille,ST1043,ST1036,2026-08-11 07:49:58,2026-08-11 07:58:58,9,1.68,2.35,cb
TR2608110024922,CL102567,EN00472,velo_elec,Lille,ST1047,ST1036,11/08/2026 07:57,1786429130,21,3.38,6.25,paypal
TR2608110024923,CL107007,EN00404,trottinette,Lille,ST1047,ST1036,2026-08-11 08:00:57,2026-08-11 08:07:57,7,2.36,2.54,cb
TR2608110024924,CL108039,EN00435,trottinette,Lille,ST1047,ST1034,2026-08-11 07:56:40,2026-08-11 08:01:40,5,1.59,2.1,paypal
TR2608110024925,CL105252,EN00535,velo_elec,Grenoble,ST1048,ST1055,2026-08-11 07:57:17,11/08/2026 08:38,41,11.75,11.25,cb
TR2608110024926,CL107648,EN00504,trottinette,Grenoble,ST1051,ST1051,2026-08-11 07:58:28,2026-08-11 08:08:28,10,3.09,3.2,cb
TR2608110024927,CL106932,EN00599,trottinette,Grenoble,ST1055,ST1054,11/08/2026 07:55,2026-08-11 08:02:31,8835,2.15,2.54,paypal
TR2608110024928,CL106288,EN00575,trottinette,Grenoble,ST1055,ST1049,11/08/2026 08:01,11/08/2026 08:11,10,2.55,3.2,cb
TR2608110024929,CL101526,EN00539,velo_elec,grenoble,ST1057,ST1048,2026-08-11 07:48:16,2026-08-11 07:52:16,4,0.69,2.0,cb
TR2608110024930,CL104271,EN00112,velo_elec,Lyon ,ST1002,ST1007,2026-08-11 08:12:07,2026-08-11 08:19:07,7,2.17,2.75,cb
TR2608110024931,CL103125,EN00153,velo_elec,Lyon,ST1004,ST1003,2026-08-11 08:04:05,2026-08-11 08:21:05,17,4.19,5.25,abonnement
TR2608110024932,CL107344,EN00076,velo_elec,Lyon,ST1004,ST1005,2026-08-11 08:14:29,2026-08-11 08:29:29,15,3.08,4.75,cb
TR2608110024933,CL105819,EN00020,velo_elec,lyon,ST1007,ST1004,2026-08-11 08:08:14,2026-08-11 08:13:14,5,1.28,2.25,abonnement
TR2608110024934,CL100568,EN00050,velo_elec,Lyon,ST1008,ST1001,2026-08-11 08:08:59,2026-08-11 08:26:59,18,3.05,5.5,cb
TR2608110024935,CL107654,EN00189,trottinette,Lyon,ST1009,ST1016,11/08/2026 08:08,2026-08-11 08:14:37,6,1.09,2.32,cb
TR2608110024936,CL102695,EN00207,velo_elec,Lyon,ST1009,ST1004,11/08/2026 08:12,2026-08-11 08:26:08,14,2.98,4.5,abonnement
TR2608110024937,CL101643,EN00160,velo_elec,Lyon,ST1013,ST1002,2026-08-11 08:07:05,2026-08-11 08:17:05,10,1.58,3.5,cb
TR2608110024938,CL106590,EN00136,trottinette,Lyon,ST1014,ST1012,2026-08-11 08:09:22,2026-08-11 08:37:22,28,4.77,7.16,cb
TR2608110024939,CL108722,EN00208,velo_elec,Lyon,ST1014,ST1001,11/08/2026 08:15,1786429491,9,1.45,3.25,abonnement
TR2608110024940,CL102913,EN00023,trottinette,Lyon,ST1016,ST1003,2026-08-11 08:15:25,2026-08-11 08:24:25,9,2.32,2.98,abonnement
TR2608110024941,CL105551,EN00184,velo_elec,Lyon,ST1016,ST1002,2026-08-11 08:07:36,,17,2.91,5.25,paypal
TR2608110024942,CL100223,EN00216,velo_elec,Lyon,ST1017,ST1019,2026-08-11 08:10:35,11/08/2026 08:23,13,2.49,4.25,abonnement
TR2608110024943,CL102846,EN00073,velo_elec,Lyon,ST1019,ST9099,,11/08/2026 08:21,7,1.81,2.75,cb
TR2608110024944,CL104265,EN00302,velo_elec,Nantes,ST1021,ST1022,2026-08-11 08:08:07,2026-08-11 08:35:07,27,4.8,7.75,cb
TR2608110024945,CL103067,EN00221,velo_elec,NANTES,ST1023,ST1020,,2026-08-11 08:10:50,6,1.11,2.5,
TR2608110024946,CL105121,EN00259,trottinette,Nantes,ST1025,ST1022,2026-08-11 08:07:44,2026-08-11 08:14:44,7,1.16,2.54,paypal
TR2608110024947,CL101183,EN00314,trottinette,Nantes,ST1027,ST1020,11/08/2026 08:04,2026-08-11 08:15:46,11,2.84,3.42,abonnement
TR2608110024948,CL100638,EN00226,velo_elec,Nantes,ST1029,ST1021,2026-08-11 08:11:16,2026-08-11 08:19:16,8,2.06,3.0,abonnement
TR2608110024949,CL103624,EN00325,trottinette,Nantes,ST1029,ST1022,2026-08-11 08:07:08,,7,1.6,2.54,cb
TR2608110024950,CL103405,EN00400,trottinette,Lille,ST1035,ST1035,2026-08-11 08:09:42,2026-08-11 08:21:42,12,2.04,3.64,abonnement
TR2608110024951,CL107434,EN00410,velo_elec,Lille,ST1037,ST1039,,2026-08-11 08:15:54,4,0.72,2.0,abonnement
TR2608110024952,CL108996,EN00379,velo_elec,Lille,ST1038,ST1035,2026-08-11 08:11:44,2026-08-11 08:36:44,25,6.3,7.25,abonnement
TR2608110024953,CL101067,EN00423,velo_elec,Lille,ST1040,ST1041,11/08/2026 08:13,11/08/2026 08:35,22,7.04,6.5,cb
TR2608110024954,CL101615,EN00384,trottinette,Lille,ST1044,ST1034,2026-08-11 08:13:18,2026-08-11 08:25:18,12,1.94,3.64,cb
TR2608110024955,CL106362,EN00517,trottinette,Grenoble,ST1048,ST1057,2026-08-11 08:00:52,2026-08-11 08:18:52,18,5.71,4.96,cb
TR2608110024956,CL104316,EN00507,trottinette,Grenoble,ST1048,ST1058,2026-08-11 08:14:17,2026-08-11 08:18:17,4,0.77,1.88,cb
TR2608110024957,CL106672,EN00598,velo_elec,Grenoble ,ST1048,ST1058,2026-08-11 08:00:33,2026-08-11 08:11:33,11,3.52,3.75,paypal
TR2608110024958,CL104601,EN00585,velo_elec,Grenoble,ST1052,ST1048,2026-08-11 08:08:23,2026-08-11 08:18:23,10,3.36,3.5,cb
TR2608110024959,CL108060,EN00555,velo,Grenoble,ST1053,ST1048,,2026-08-11 08:54:16,40,6.07,7.0,cb
TR2608110024960,CL105571,EN00554,velo_elec,Grenoble,ST1054,ST1049,2026-08-11 08:07:09,2026-08-11 08:12:09,5,0.88,2.25,cb
TR2608110024961,CL101006,EN00514,velo_elec,GRENOBLE,ST1056,ST1057,2026-08-11 08:11:37,2026-08-11 08:24:37,13,2.96,4.25,cb
TR2608110024962,CL101704,EN00562,velo,Grenoble,ST1057,ST1057,11/08/2026 08:12,2026-08-11 08:25:01,13,3.9,2.95,cb
TR2608110024963,CL101514,EN00205,trottinette,Lyon,ST1004,ST1015,2026-08-11 08:21:09,2026-08-11 08:36:09,6245,2.38,4.3,abonnement
TR2608110024964,CL101952,EN00092,trottinette,Lyon,ST1007,ST1002,11/08/2026 08:28,2026-08-11 08:44:43,16,4.07,4.52,abonnement
TR2608110024965,CL104836,EN00093,velo_elec,Lyon,ST1008,ST1003,2026-08-11 08:16:09,11/08/2026 08:45,29,4.99,8.25,cb
TR2608110024966,CL106546,EN00219,velo_elec,Lyon,ST1008,ST1009,2026-08-11 08:29:43,11/08/2026 08:34,5,1.6,2.25,paypal
TR2608110024967,CL105763,EN00103,trottinette,Lyon,ST1009,ST1011,2026-08-11 08:30:08,2026-08-11 08:57:08,27,8.47,6.94,cb
TR2608110024968,CL107661,EN00039,velo_elec,Lyon,ST1011,ST1002,2026-08-11 08:19:56,2026-08-11 08:28:56,9,2.81,3.25,abonnement
TR2608110024969,CL104602,EN00203,trottinette,Lyon,ST1011,ST1004,2026-08-11 08:27:23,2026-08-11 08:35:23,8,2.13,2.76,abonnement
TR2608110024970,CL101329,EN00108,velo_elec,Lyon,ST1013,ST1015,2026-08-11 08:25:02,1786430882,23,6.0,6.75,paypal
TR2608110024971,CL100132,EN00196,velo_elec,Lyon,ST1015,ST1002,2026-08-11 08:27:02,2026-08-11 08:40:02,13,1.96,4.25,cb
TR2608110024972,CL106659,EN00031,velo_elec,Lyon,ST1015,ST1008,2026-08-11 08:18:41,2026-08-11 08:27:41,9,1.65,3.25,paypal
TR2608110024973,CL104107,EN00189,trottinette,Lyon,ST1016,ST1005,2026-08-11 08:28:46,2026-08-11 08:38:46,10,2.75,3.2,abonnement
TR2608110024974,CL106899,EN00096,velo_elec,Lyon,ST1016,ST1003,2026-08-11 08:25:12,11/08/2026 08:41,16,4.99,5.0,cb
TR2608110024975,CL104905,EN00072,velo,Lyon,ST1016,ST1012,2026-08-11 08:25:17,2026-08-11 08:34:17,9,2.17,2.35,abonnement
TR2608110024976,CL101873,EN00087,trottinette,Lyon,ST1017,ST1002,1786429498,2026-08-11 08:30:58,6,2.06,2.32,paypal
TR2608110024977,CL100962,EN00201,velo_elec,Lyon,ST1017,ST1003,2026-08-11 08:30:13,2026-08-11 08:40:13,10,1.87,3.5,
TR2608110024978,CL108302,EN00130,velo_elec,Lyon,ST1019,ST1012,,2026-08-11 08:42:47,12,2.29,4.0,abonnement
TR2608110024979,CL108583,EN00140,trottinette,Lyon,ST1019,ST1017,11/08/2026 08:22,2026-08-11 08:30:58,8,2.45,2.76,cb
TR2608110024980,CL103346,EN00234,trottinette,Nantes,ST1021,ST1030,2026-08-11 08:18:40,2026-08-11 08:34:40,16,3.48,4.52,cb
TR2608110024981,CL107743,EN00275,velo,Nantes,ST1023,ST1022,,2026-08-11 08:21:12,4,0.69,1.6,abonnement
TR2608110024982,CL104991,EN00313,trottinette,Nantes,ST1025,ST1021,2026-08-11 08:16:28,2026-08-11 08:37:28,21,6.32,5.62,cb
TR2608110024983,CL108470,EN00285,trottinette,Nantes,ST1026,ST1020,2026-08-11 08:17:02,11/08/2026 08:22,5,1.07,2.1,abonnement
TR2608110024984,CL105928,EN00290,trottinette,NANTES,ST1028,ST1031,2026-08-11 08:28:47,2026-08-11 08:38:47,10,2.61,3.2,abonnement
TR2608110024985,CL105260,EN00292,velo_elec,Nantes,ST1030,ST1029,2026-08-11 08:17:31,2026-08-11 08:38:31,21,5.67,6.25,abonnement
TR2608110024986,CL102887,EN00413,trottinette,Lille,ST1034,ST1046,2026-08-11 08:30:14,,8,2.69,2.76,cb
TR2608110024987,CL101947,EN00473,trottinette,Lille,ST1036,ST1045,2026-08-11 08:19:59,2026-08-11 08:40:59,21,5.6,5.62,abonnement
TR2608110024988,CL107210,EN00489,trottinette,Lille,ST1040,ST1034,2026-08-11 08:27:59,2026-08-11 08:40:59,13,3.4,3.86,abonnement
TR2608110024989,CL104408,EN00443,velo_elec,Lille,ST1040,ST1047,1786429642,11/08/2026 08:29,2,0.68,1.5,cb
TR2608110024990,CL107243,EN00392,velo_elec,Lille,ST1042,ST1036,2026-08-11 08:18:49,11/08/2026 08:39,21,3.8,6.25,cb
TR2608110024991,CL103781,EN00544,velo_elec,Grenoble,ST1048,ST1050,2026-08-11 08:17:35,2026-08-11 08:47:35,30,10.38,8.5,abonnement
TR2608110024992,CL105262,EN00558,trottinette,Grenoble,ST1050,ST1049,2026-08-11 08:29:42,2026-08-11 08:34:42,5,1.05,2.1,cb
TR2608110024993,CL108221,EN00503,trottinette,Grenoble,ST1052,ST1050,,2026-08-11 08:41:32,19,4.56,5.18,paypal
TR2608110024994,CL102079,EN00583,velo,grenoble,ST1052,ST1048,11/08/2026 08:23,2026-08-11 08:35:04,12,3.78,2.8,abonnement
TR2608110024995,CL103309,EN00557,velo,Grenoble,ST1052,ST1056,2026-08-11 08:29:04,1786430164,7,2.34,2.05,abonnement
TR2608110024996,CL105342,EN00547,trottinette,Grenoble,ST1056,ST1048,2026-08-11 08:26:41,2026-08-11 08:38:41,12,3.02,3.64,cb
TR2608110024997,CL101140,EN00590,velo_elec,Grenoble,ST1056,ST1048,2026-08-11 08:18:16,2026-08-11 08:25:16,7,1.43,2.75,cb
TR2608110024998,CL100312,EN00582,trottinette,Grenoble,ST1056,ST1049,2026-08-11 08:19:29,2026-08-11 08:33:29,14,2.73,4.08,abonnement
TR2608110024999,CL108834,EN00598,velo_elec,Grenoble,ST1058,ST1049,2026-08-11 08:28:37,2026-08-11 08:33:37,5,1.62,2.25,cb
TR2608110025000,CL106938,EN00076,velo_elec,Lyon,ST1005,ST1008,,2026-08-11 08:52:26,9,2.58,3.25,cb
TR2608110025001,CL104989,EN00067,velo_elec,Lyon,ST1006,ST1007,2026-08-11 08:33:11,11/08/2026 08:48,-10,4.02,4.75,cb
TR2608110025002,CL101939,EN00112,velo_elec,Lyon,ST1007,ST1002,2026-08-11 08:40:13,2026-08-11 08:59:13,19,4.1,5.75,paypal
TR2608110025003,CL107074,EN00031,velo_elec,Lyon,ST1008,ST1002,2026-08-11 08:42:07,2026-08-11 08:48:07,6,1.95,,cb
TR2608110025004,CL107769,EN00090,trottinette,Lyon,ST1009,ST1001,2026-08-11 08:42:52,2026-08-11 08:50:52,8,1.24,2.76,abonnement
TR2608110025005,CL105701,EN00083,velo_elec,Lyon,ST1009,ST1010,2026-08-11 08:40:36,1786432116,28,6.84,8.0,paypal
TR2608110025006,CL107032,EN00179,trottinette,Lyon,ST1009,ST1001,2026-08-11 08:36:28,2026-08-11 09:05:28,29,7.2,7.38,paypal
TR2608110025007,CL106620,EN00074,trottinette,Lyon,ST1011,ST1003,11/08/2026 08:39,2026-08-11 09:00:53,21,4.85,5.62,paypal
TR2608110025008,CL106736,EN00081,velo_elec,Lyon,ST1012,ST1003,11/08/2026 08:33,2026-08-11 08:39:49,6,1.3,2.5,abonnement
TR2608110025009,CL102802,EN00170,trottinette,Lyon,ST1013,ST1002,2026-08-11 08:32:48,11/08/2026 08:47,3452,5.2,4.3,cb
TR2608110025010,CL108514,EN00209,velo_elec,Lyon,ST1013,ST1003,2026-08-11 08:31:34,11/08/2026 08:45,14,3.19,4.5,abonnement
TR2608110025011,CL102087,EN00003,velo_elec,Lyon,ST1014,ST1001,2026-08-11 08:35:19,2026-08-11 08:43:19,8,1.24,3.0,abonnement
TR2608110025012,CL105075,EN00004,velo_elec,Lyon ,ST1015,ST1014,2026-08-11 08:34:28,2026-08-11 08:43:28,9,2.56,3.25,abonnement
TR2608110025013,CL105938,EN00079,velo_elec,Lyon,ST1015,ST1001,11/08/2026 08:39,2026-08-11 08:57:44,18,4.02,5.5,cb
TR2608110025014,CL108125,EN00140,trottinette,Lyon,ST1017,ST1004,1786430480,11/08/2026 08:52,-24,3.23,3.42,paypal
TR2608110025015,CL107769,EN00172,trottinette,Lyon,ST1019,ST1002,2026-08-11 08:36:49,2026-08-11 08:48:49,12,2.62,3.64,abonnement
TR2608110025016,CL106121,EN00216,velo_elec,Lyon,ST1019,ST1018,2026-08-11 08:38:52,2026-08-11 08:51:52,13,3.35,4.25,abonnement
TR2608110025017,CL103207,EN00154,trottinette,Lyon,ST1019,ST1003,2026-08-11 08:42:30,2026-08-11 08:48:30,6,1.73,2.32,cb
TR2608110025018,CL102193,EN00319,velo_elec,Nantes,ST1022,ST1025,1786430072,2026-08-11 08:46:32,12,3.82,4.0,cb
TR2608110025019,CL101450,EN00270,velo_elec,Nantes,ST1027,ST1021,1786430033,2026-08-11 08:41:53,8,2.39,3.0,cb
TR2608110025020,CL104336,EN00266,velo_elec,Nantes,ST1031,ST1022,2026-08-11 08:31:12,2026-08-11 08:40:12,9,2.15,3.25,abonnement
TR2608110025021,CL106801,EN00286,velo_elec,Nantes,ST1031,ST1022,2026-08-11 08:43:53,2026-08-11 09:21:53,38,10.21,10.5,cb
TR2608110025022,CL107862,EN00289,trottinette,NANTES,ST1031,ST1021,2026-08-11 08:44:09,2026-08-11 08:58:09,14,4.18,4.08,paypal
TR2608110025023,CL101537,EN00384,trottinette,Lille,ST1034,ST1035,11/08/2026 08:31,11/08/2026 08:41,10,2.17,3.2,abonnement
TR2608110025024,CL104365,EN00427,trottinette,Lille,ST1035,ST1035,1786430352,11/08/2026 08:48,9,2.06,2.98,cb
TR2608110025025,CL106180,EN00378,velo_elec,Lille,ST1036,ST1046,2026-08-11 08:35:37,2026-08-11 08:42:37,7,1.45,2.75,cb
TR2608110025026,CL107689,EN00397,velo,Lille,ST1037,ST1034,2026-08-11 08:31:44,,8,2.26,2.2,abonnement
TR2608110025027,CL105145,EN00470,trottinette,Lille,ST1038,ST1044,2026-08-11 08:32:18,11/08/2026 09:21,49,9.79,11.78,abonnement
TR2608110025028,CL102924,EN00410,velo_elec,Lille,ST1039,ST1042,1786430667,2026-08-11 08:51:27,7,2.23,2.75,paypal
TR2608110025029,CL103426,EN00468,trottinette,Lille,ST1040,ST1036,2026-08-11 08:43:24,2026-08-11 09:17:24,34,6.22,8.48,cb
TR2608110025030,CL104471,EN00467,velo_elec,Lille,ST1041,ST1034,2026-08-11 08:40:22,2026-08-11 08:49:22,9,3.0,3.25,abonnement
TR2608110025031,CL106273,EN00424,velo_elec,Lille,ST1042,ST1036,2026-08-11 08:37:28,11/08/2026 08:45,8,2.58,3.0,cb
TR2608110025032,CL106255,EN00478,trottinette,Lille,ST1042,ST1035,2026-08-11 08:40:42,11/08/2026 08:58,18,3.02,4.96,cb
TR2608110025033,CL101616,EN00426,trottinette,Lille,ST1042,ST1034,2026-08-11 08:37:23,2026-08-11 08:45:23,8,2.32,2.76,cb
TR2608110025034,CL101584,EN00365,velo_elec,Lille,ST1043,ST1036,2026-08-11 08:41:23,2026-08-11 08:55:23,14,2.77,4.5,abonnement
TR2608110025035,CL100757,EN00439,velo_elec,Lille,ST1044,ST1036,2026-08-11 08:31:11,2026-08-11 08:37:11,6,1.92,2.5,paypal
TR2608110025036,CL100828,EN00492,velo_elec,Lille,ST1044,ST1039,2026-08-11 08:45:01,2026-08-11 08:50:01,5,1.35,2.25,cb
TR2608110025037,CL106421,EN00364,velo,Lille,ST1046,ST1034,2026-08-11 08:30:55,11/08/2026 08:44,14,4.59,3.1,cb
TR2608110025038,CL100754,EN00566,trottinette,Grenoble,ST1049,ST1050,2026-08-11 08:32:06,2026-08-11 08:43:06,11,2.62,3.42,cb
TR2608110025039,CL102000,EN00580,velo_elec,Grenoble,ST1049,ST1049,2026-08-11 08:31:28,2026-08-11 08:39:28,8,2.29,3.0,paypal
TR2608110025040,CL101737,EN00509,trottinette,Grenoble,ST1056,ST1048,2026-08-11 08:44:06,2026-08-11 08:50:06,6,1.13,2.32,abonnement
TR2608110025041,CL107476,EN00550,velo,Grenoble,ST1056,ST1048,2026-08-11 08:32:20,2026-08-11 08:45:20,13,3.63,2.95,cb
TR2608110025042,CL104796,EN00514,velo_elec,Grenoble,ST1057,ST1051,2026-08-11 08:44:38,2026-08-11 08:49:38,5,0.98,2.25,cb
TR2608110025043,CL101099,EN00517,trottinette,Grenoble,ST1057,ST1049,11/08/2026 08:44,2026-08-11 09:13:37,29,5.75,7.38,cb
TR2608110025044,CL101517,EN00195,velo_elec,Lyon,ST1002,ST1013,11/08/2026 08:58,2026-08-11 09:06:58,8,1.62,3.0,cb
TR2608110025045,CL106064,EN00101,velo_elec,Lyon,ST1004,ST1005,2026-08-11 08:47:08,2026-08-11 09:20:08,33,6.8,9.25,cb
TR2608110025046,CL103348,EN00189,trottinette,Lyon,ST1005,ST1003,11/08/2026 08:52,2026-08-11 09:03:24,11,2.25,3.42,cb
TR2608110025047,CL108613,EN00063,velo_elec,Lyon,ST1007,ST1008,2026-08-11 08:50:07,2026-08-11 09:38:07,48,7.29,13.0,cb
TR2608110025048,CL107499,EN00062,trottinette,Lyon,ST1007,ST1006,11/08/2026 08:47,11/08/2026 08:57,10,2.6,3.2,cb
TR2608110025049,CL106836,EN00034,velo_elec,Lyon,ST1008,ST1004,2026-08-11 08:51:30,2026-08-11 08:59:30,8,1.9,3.0,abonnement
TR2608110025050,CL101582,EN00069,trottinette,Lyon,ST1008,ST1001,2026-08-11 08:51:03,2026-08-11 09:08:03,17,5.72,4.74,abonnement
TR2608110025051,CL102859,EN00151,trottinette,Lyon,ST1008,ST1004,2026-08-11 08:59:11,2026-08-11 09:03:11,4,1.08,1.88,abonnement
TR2608110025052,CL108576,EN00194,velo_elec,Lyon,ST1008,ST1004,2026-08-11 09:00:04,11/08/2026 09:10,10,1.73,3.5,paypal
TR2608110025053,CL102003,EN00219,velo_elec,Lyon,ST1009,ST1018,2026-08-11 08:55:17,2026-08-11 08:57:17,2,0.57,1.5,abonnement
TR2608110025054,CL100077,EN00104,trottinette,Lyon,ST1012,ST1001,2026-08-11 08:56:23,2026-08-11 09:12:23,16,3.93,4.52,cb
TR2608110025055,CL103684,EN00004,velo_elec,Lyon,ST1014,ST1003,1786430865,2026-08-11 08:56:45,9,2.36,3.25,paypal
TR2608110025056,CL106766,EN00205,trottinette,Lyon,ST1015,ST1013,2026-08-11 09:00:36,11/08/2026 09:07,7,2.18,2.54,paypal
TR2608110025057,CL102668,EN00164,trottinette,Lyon,ST1017,ST1016,2026-08-11 09:00:21,2026-08-11 09:08:21,8,1.53,2.76,abonnement
TR2608110025058,CL101921,EN00057,velo_elec,Lyon,ST1017,ST1004,2026-08-11 08:47:43,1786431883,17,5.08,5.25,cb
TR2608110025059,CL101348,EN00181,velo_elec,LYON,ST1019,ST1004,2026-08-11 08:52:11,2026-08-11 09:11:11,19,4.48,5.75,abonnement
TR2608110025060,CL100633,EN00222,velo_elec,Nantes,ST1024,ST1022,2026-08-11 08:52:15,2026-08-11 09:05:15,13,2.42,4.25,cb
TR2608110025061,CL104250,EN00348,velo_elec,Nantes,ST1030,ST1020,2026-08-11 08:55:01,2026-08-11 08:59:01,4,1.26,2.0,cb
TR2608110025062,CL105903,EN00379,velo_elec,Lille,ST1035,ST1034,11/08/2026 08:52,2026-08-11 09:00:56,8,1.54,3.0,cb
TR2608110025063,CL100494,EN00429,velo,Lille,ST1037,ST1042,,11/08/2026 08:52,-6,1.35,1.9,cb
TR2608110025064,CL104282,EN00484,velo_elec,Lille,ST1038,ST1043,2026-08-11 08:48:46,2026-08-11 08:54:46,6,1.33,2.5,cb
TR2608110025065,CL103448,EN00374,velo_elec,Lille,ST1040,ST1034,2026-08-11 08:52:23,11/08/2026 09:00,8,2.71,3.0,cb
TR2608110025066,CL105355,EN00415,trottinette,LILLE,ST1042,ST1047,2026-08-11 08:55:41,11/08/2026 09:03,8,1.53,2.76,abonnement
TR2608110025067,CL101094,EN00481,velo_elec,Lille,ST1043,ST1047,2026-08-11 08:52:25,2026-08-11 09:13:25,21,3.52,6.25,abonnement
TR2608110025068,CL108957,EN00473,trottinette,Lille,ST1045,ST1043,2026-08-11 08:48:15,11/08/2026 08:57,9,1.49,2.98,abonnement
TR2608110025069,CL104216,EN00413,trottinette,Lille,ST1046,ST1040,2026-08-11 08:52:39,2026-08-11 08:55:39,3,0.81,1.66,abonnement
TR2608110025070,CL105949,EN00443,velo_elec,Lille,ST1047,ST1035,2026-08-11 08:49:34,11/08/2026 08:59,10,3.27,3.5,abonnement
TR2608110025071,CL103212,EN00591,velo_elec,Grenoble,ST1048,ST1058,2026-08-11 08:56:42,11/08/2026 09:01,5,1.57,2.25,cb
TR2608110025072,CL105728,EN00566,trottinette,Grenoble,ST1050,ST1049,2026-08-11 08:46:27,2026-08-11 08:53:27,7,1.75,2.54,cb
TR2608110025073,CL107502,EN00545,trottinette,Grenoble,ST1051,ST1048,,2026-08-11 09:26:24,34,7.22,8.48,cb
TR2608110025074,CL101161,EN00568,velo,Grenoble,ST1052,ST1049,2026-08-11 08:53:36,2026-08-11 09:00:36,7,1.06,2.05,cb
TR2608110025075,CL101563,EN00531,trottinette,Grenoble,ST1054,ST1048,2026-08-11 08:55:35,2026-08-11 09:04:35,9,2.26,2.98,cb
TR2608110025076,CL106379,EN00557,velo,Grenoble,ST1056,ST1054,2026-08-11 08:59:51,2026-08-11 09:24:51,25,6.46,4.75,cb
TR2608110025077,CL106215,EN00538,velo,Grenoble,ST1056,ST1049,2026-08-11 08:54:46,2026-08-11 09:01:46,7,1.93,2.05,cb
TR2608110025078,CL105085,EN00062,trottinette,Lyon,ST1006,ST1001,2026-08-11 09:02:53,2026-08-11 09:25:53,23,7.24,6.06,cb
TR2608110025079,CL108298,EN00103,trottinette,Lyon,ST1011,ST1003,2026-08-11 09:09:10,2026-08-11 09:23:10,14,2.84,4.08,abonnement
TR2608110025080,CL108307,EN00029,velo_elec,Lyon,ST1011,ST1013,2026-08-11 09:06:05,1786432745,13,2.82,4.25,cb
TR2608110025081,CL105583,EN00100,velo_elec,Lyon,ST1011,ST1002,2026-08-11 09:13:39,2026-08-11 09:20:39,7,2.35,2.75,cb
TR2608110025082,CL100170,EN00183,velo_elec,Lyon,ST1013,ST1001,2026-08-11 09:11:12,2026-08-11 09:16:12,5,1.53,2.25,paypal
TR2608110025083,CL106093,EN00054,trottinette,Lyon,ST1013,ST1011,2026-08-11 09:04:15,2026-08-11 09:20:15,16,3.78,4.52,abonnement
TR2608110025084,CL107641,EN00131,trottinette,Lyon,ST1015,ST1003,11/08/2026 09:08,1786433288,20,4.09,5.4,cb
TR2608110025085,CL108036,EN00001,velo_elec,Lyon,ST1015,ST1014,,2026-08-11 09:16:56,12,3.28,4.0,abonnement
TR2608110025086,CL103657,EN00018,trottinette,Lyon,ST1017,ST1004,2026-08-11 09:10:58,,17,3.87,4.74,cb
TR2608110025087,CL108549,EN00300,velo_elec,Nantes,ST1024,ST1020,2026-08-11 09:14:25,2026-08-11 09:25:25,11,2.11,3.75,cb
TR2608110025088,CL102398,EN00432,velo,lille,ST1037,ST1039,2026-08-11 09:13:01,11/08/2026 09:27,14,2.38,3.1,abonnement
TR2608110025089,CL103448,EN00459,velo_elec,Lille,ST1038,ST1037,2026-08-11 09:13:36,,6,1.49,2.5,cb
TR2608110025090,CL106874,EN00492,velo_elec,Lille,ST1039,ST1036,2026-08-11 09:07:13,2026-08-11 09:17:13,10,1.69,3.5,cb
TR2608110025091,CL104311,EN00413,trottinette,Lille,ST1040,ST1036,2026-08-11 09:02:42,2026-08-11 09:13:42,11,3.09,3.42,abonnement
TR2608110025092,CL103830,EN00483,trottinette,Lille,ST1040,ST1035,11/08/2026 09:06,2026-08-11 09:25:04,19,5.46,5.18,abonnement
TR2608110025093,CL103019,EN00389,trottinette,Lille,ST1040,ST1041,2026-08-11 09:10:29,2026-08-11 09:21:29,-20,2.58,3.42,abonnement
TR2608110025094,CL101116,EN00423,velo_elec,Lille,ST1041,ST1045,2026-08-11 09:07:36,2026-08-11 09:44:36,37,7.66,10.25,abonnement
TR2608110025095,CL106273,EN00410,velo_elec,Lille,ST1042,ST1036,1786432203,2026-08-11 09:17:03,7,2.0,2.75,cb
TR2608110025096,CL101020,EN00429,velo,Lille,ST1042,ST1036,2026-08-11 09:01:23,,14,3.91,3.1,cb
TR2608110025097,CL108015,EN00386,trottinette,Lille,ST1044,ST1034,2026-08-11 09:11:14,2026-08-11 09:20:14,9,2.45,2.98,cb
TR2608110025098,CL106973,EN00403,trottinette,Lille,ST1045,ST1042,2026-08-11 09:08:26,2026-08-11 09:17:26,9,2.13,2.98,cb
TR2608110025099,CL107026,EN00408,velo_elec,Lille,ST1045,ST1035,2026-08-11 09:05:46,11/08/2026 09:17,12,2.38,4.0,cb
TR2608110025100,CL100088,EN00425,velo_elec,Lille,ST1045,ST1035,11/08/2026 09:04,2026-08-11 09:18:55,14,4.79,4.5,cb
TR2608110025101,CL100937,EN00378,velo_elec,Lille,ST1046,ST1045,2026-08-11 09:07:52,2026-08-11 09:10:52,3,0.72,1.75,abonnement
TR2608110025102,CL106542,EN00580,velo_elec,Grenoble,ST1049,ST1053,2026-08-11 09:09:44,2026-08-11 09:17:44,8,1.83,3.0,cb
TR2608110025103,CL102773,EN00503,trottinette,Grenoble,ST1050,ST1053,2026-08-11 09:02:22,2026-08-11 09:06:22,4,0.91,1.88,cb
TR2608110025104,CL104895,EN00544,velo_elec,Grenoble,ST1050,ST1054,2026-08-11 09:01:51,2026-08-11 09:14:51,13,4.06,4.25,paypal
TR2608110025105,CL100797,EN00514,velo_elec,Grenoble,ST1051,ST9122,2026-08-11 09:02:37,2026-08-11 09:34:37,32,6.63,9.0,paypal
TR2608110025106,CL102768,EN00096,velo_elec,Lyon,ST1003,ST1012,2026-08-11 09:26:41,2026-08-11 09:40:41,14,3.79,4.5,abonnement
TR2608110025107,CL105933,EN00204,velo_elec,Lyon,ST1004,ST1001,2026-08-11 09:24:51,2026-08-11 09:38:51,14,2.22,4.5,cb
TR2608110025108,CL100435,EN00067,velo_elec,Lyon,ST1007,ST1004,2026-08-11 09:29:36,11/08/2026 10:31,62,16.85,16.5,cb
TR2608110025109,CL100190,EN00086,velo_elec,Lyon,ST1007,ST1004,1786432596,2026-08-11 09:31:36,15,5.12,4.75,paypal
TR2608110025110,CL105279,EN00076,velo_elec,Lyon,ST1008,ST1003,2026-08-11 09:19:10,2026-08-11 09:34:10,15,4.73,4.75,cb
TR2608110025111,CL103667,EN00119,trottinette,Lyon,ST1012,ST1004,2026-08-11 09:22:59,11/08/2026 09:33,11,2.93,3.42,cb
TR2608110025112,CL107152,EN00133,velo_elec,Lyon,ST1015,ST1005,2026-08-11 09:25:23,1786433603,8,1.36,3.0,cb
TR2608110025113,CL103567,EN00167,trottinette,Lyon,ST1015,ST1001,11/08/2026 09:22,11/08/2026 09:38,16,5.45,4.52,cb
TR2608110025114,CL107262,EN00164,trottinette,Lyon,ST1016,ST1006,1786433067,2026-08-11 09:32:27,8,2.56,2.76,
TR2608110025115,CL103695,EN00206,velo_elec,Lyon ,ST1019,ST1004,2026-08-11 09:25:34,2026-08-11 09:31:34,6,1.5,2.5,cb
TR2608110025116,CL102016,EN00342,velo_elec,Nantes,ST1024,ST1021,2026-08-11 09:27:17,2026-08-11 09:36:17,9,1.72,3.25,cb
TR2608110025117,CL102712,EN00290,trottinette,Nantes,ST1031,ST1028,2026-08-11 09:19:26,11/08/2026 09:35,16,5.5,4.52,cb
TR2608110025118,CL106696,EN00414,velo_elec,Lille,ST1038,ST1039,2026-08-11 09:17:46,2026-08-11 09:26:46,9,1.48,3.25,cb
TR2608110025119,CL107383,EN00474,velo_elec,Lille,ST1038,ST1036,2026-08-11 09:29:23,2026-08-11 09:40:23,11,2.62,3.75,cb
TR2608110025120,CL103857,EN00451,velo_elec,Lille,ST1041,ST1037,2026-08-11 09:17:44,2026-08-11 09:24:44,7,1.6,2.75,abonnement
TR2608110025121,CL106365,EN00473,trottinette,Lille,ST1043,ST1034,1786432612,2026-08-11 09:29:52,13,4.06,3.86,paypal
TR2608110025122,CL108103,EN00484,velo_elec, Lille,ST1043,ST1036,2026-08-11 09:21:27,2026-08-11 09:36:27,15,4.78,4.75,cb
TR2608110025123,CL105002,EN00378,velo_elec,LILLE,ST1045,ST1036,2026-08-11 09:17:35,1786433555,15,3.39,4.75,abonnement
TR2608110025124,CL100187,EN00480,velo_elec,Lille,ST1047,ST1036,2026-08-11 09:17:43,2026-08-11 09:25:43,8,2.12,3.0,cb
TR2608110025125,CL101696,EN00562,velo,Grenoble,ST1057,ST1055,1786433139,2026-08-11 09:41:39,16,4.04,3.4,cb
TR2608110025126,CL102051,EN00101,velo_elec,Lyon,ST1005,ST1003,2026-08-11 09:38:13,2026-08-11 09:50:13,12,2.05,4.0,abonnement
TR2608110025127,CL108828,EN00197,velo_elec,Lyon,ST1007,ST1010,1786433612,2026-08-11 09:38:32,5,1.61,2.25,paypal
TR2608110025128,CL107896,EN00065,trottinette,Lyon,ST1009,ST1005,2026-08-11 09:35:17,2026-08-11 09:42:17,7,2.16,2.54,cb
TR2608110025129,CL101348,EN00083,velo_elec,Lyon,ST1010,ST1002,2026-08-11 09:37:12,1786435812,33,6.82,9.25,cb
TR2608110025130,CL103835,EN00108,velo_elec,Lyon,ST1015,ST1004,2026-08-11 09:41:16,2026-08-11 09:57:16,16,4.4,5.0,abonnement
TR2608110025131,CL100550,EN00085,velo_elec,Lyon,ST1019,ST1004,2026-08-11 09:38:39,2026-08-11 09:49:39,11,3.62,3.75,cb
TR2608110025132,CL100881,EN00061,trottinette,Lyon,ST1019,ST1002,2026-08-11 09:42:08,2026-08-11 09:54:08,12,3.32,3.64,cb
TR2608110025133,CL106790,EN00317,trottinette,Nantes,ST1024,ST1022,11/08/2026 09:44,2026-08-11 10:09:59,25,3.82,6.5,paypal
TR2608110025134,CL103853,EN00359,trottinette,Nantes,ST1024,ST1020,2026-08-11 09:44:34,1786434694,7,2.22,2.54,cb
TR2608110025135,CL101246,EN00358,trottinette,Nantes,ST1026,ST1031,2026-08-11 09:32:54,11/08/2026 09:34,2,0.42,1.44,abonnement
TR2608110025136,CL104111,EN00478,trottinette,Lille,ST1035,ST1043,2026-08-11 09:45:09,11/08/2026 10:02,17,5.71,4.74,abonnement
TR2608110025137,CL101066,EN00427,trottinette,Lille,ST1035,ST1043,2026-08-11 09:42:34,1786436254,35,7.34,8.7,cb
TR2608110025138,CL106579,EN00459,velo_elec,Lille,ST1037,ST1041,2026-08-11 09:42:29,11/08/2026 09:52,10,2.55,3.5,paypal
TR2608110025139,CL100905,EN00451,velo_elec,Lille,ST1037,ST1034,2026-08-11 09:30:29,2026-08-11 09:54:29,24,3.85,7.0,paypal
TR2608110025140,CL107173,EN00396,velo_elec,Lille,ST1040,ST1043,2026-08-11 09:45:08,2026-08-11 09:56:08,11,1.69,3.75,cb
TR2608110025141,CL108982,EN00389,trottinette,Lille,ST1041,ST1039,2026-08-11 09:35:48,2026-08-11 09:50:48,15,4.46,4.3,
TR2608110025142,CL106500,EN00403,trottinette,Lille,ST1042,ST1035,2026-08-11 09:39:50,2026-08-11 10:33:50,54,16.37,12.88,cb
TR2608110025143,CL101805,EN00430,velo_elec,Lille,ST1045,ST1041,2026-08-11 09:42:52,,7,1.07,2.75,cb
TR2608110025144,CL105028,EN00415,trottinette,Lille,ST1047,ST1034,,2026-08-11 09:52:41,17,3.61,4.74,abonnement
TR2608110025145,CL102867,EN00503,trottinette,Grenoble,ST1053,ST1049,2026-08-11 09:43:06,2026-08-11 09:59:06,16,2.42,4.52,cb
TR2608110025146,CL100106,EN00567,velo_elec,Grenoble,ST1058,ST1048,11/08/2026 09:46,,14,4.22,4.5,paypal
TR2608110025147,CL103635,EN00063,velo_elec,Lyon,ST1008,ST1019,11/08/2026 09:55,2026-08-11 10:06:20,11,2.84,3.75,cb
TR2608110025148,CL104378,EN00095,trottinette,Lyon,ST1009,ST1008,2026-08-11 09:55:23,2026-08-11 10:07:23,12,2.6,3.64,cb
TR2608110025149,CL101916,EN00197,velo_elec,Lyon,ST1010,ST1018,2026-08-11 09:58:45,2026-08-11 10:20:45,22,3.52,6.5,cb
TR2608110025150,CL108836,EN00195,velo_elec,Lyon,ST1013,ST1003,2026-08-11 09:45:47,2026-08-11 09:50:47,5,1.49,2.25,cb
TR2608110025151,CL101744,EN00056,velo_elec,Lyon,ST1014,ST1004,2026-08-11 09:55:11,2026-08-11 10:00:11,5,1.22,2.25,cb
TR2608110025152,CL101360,EN00219,velo_elec,Lyon,ST1018,ST1003,2026-08-11 09:50:06,2026-08-11 10:10:06,20,4.97,6.0,paypal
TR2608110025153,CL107096,EN00216,velo_elec,Lyon,ST1018,ST1004,2026-08-11 09:50:28,11/08/2026 10:18,28,4.57,8.0,abonnement
TR2608110025154,CL104593,EN00147,velo,Lyon,ST1019,ST1011,2026-08-11 09:52:29,2026-08-11 10:10:29,18,3.14,3.7,paypal
TR2608110025155,CL103441,EN00304,velo_elec,Nantes,ST1028,ST1020,2026-08-11 09:57:20,2026-08-11 10:26:20,29,7.01,8.25,cb
TR2608110025156,CL104668,EN00334,trottinette,Nantes,ST1033,ST1022,11/08/2026 09:58,2026-08-11 10:08:17,10,2.19,3.2,cb
TR2608110025157,CL100898,EN00465,velo,Lille,ST1037,ST1034,2026-08-11 09:54:10,11/08/2026 10:06,12,2.34,2.8,abonnement
TR2608110025158,CL103261,EN00399,trottinette,Lille,ST1038,ST1035,2026-08-11 09:53:01,1786435441,11,1.98,3.42,abonnement
TR2608110025159,CL103449,EN00390,velo,Lille,ST1038,ST1036,2026-08-11 09:52:05,11/08/2026 09:58,6,1.15,1.9,cb
TR2608110025160,CL100852,EN00414,velo_elec,Lille,ST1039,ST1046,2026-08-11 09:51:35,2026-08-11 10:16:35,25,5.42,7.25,cb
TR2608110025161,CL105124,EN00432,velo,Lille,ST1039,ST1042,2026-08-11 09:50:15,2026-08-11 09:55:15,5,1.41,1.75,cb
TR2608110025162,CL106188,EN00444,trottinette,Lille,ST1040,ST1035,2026-08-11 09:48:45,1786434885,6,1.81,2.32,abonnement
TR2608110025163,CL102345,EN00514,velo_elec,Grenoble,ST1052,ST1058,2026-08-11 09:59:45,1786436805,27,6.73,7.75,cb
TR2608110025164,CL106787,EN00580,velo_elec,Grenoble,ST1053,ST1049,,2026-08-11 10:11:06,11,3.78,3.75,cb
TR2608110025165,CL108221,EN00591,velo_elec,Grenoble,ST1058,ST1058,2026-08-11 10:00:01,2026-08-11 10:13:01,13,3.23,4.25,cb
TR2608110025166,CL102695,EN00007,velo,Lyon,ST1008,ST1012,2026-08-11 10:06:17,1786436057,8,2.62,2.2,abonnement
TR2608110025167,CL105920,EN00080,trottinette,Lyon,ST1015,ST1001,2026-08-11 10:01:31,2026-08-11 10:08:31,7,2.18,2.54,paypal
TR2608110025168,CL102327,EN00478,trottinette,Lille,ST1043,ST1036,2026-08-11 10:08:12,2026-08-11 10:29:12,21,5.01,5.62,abonnement
TR2608110025169,CL103470,EN00396,velo_elec,Lille,ST1043,ST9842,,2026-08-11 10:28:59,16,2.49,5.0,cb
TR2608110025170,CL106716,EN00511,trottinette,Grenoble,ST1049,ST1048,2026-08-11 10:13:57,2026-08-11 10:17:57,4,1.34,1.88,cb
TR2608110025171,CL108315,EN00600,trottinette,Grenoble,ST1051,ST1051,11/08/2026 10:10,2026-08-11 10:21:10,11,3.5,3.42,cb
TR2608110025172,CL103013,EN00535,velo_elec,Grenoble,ST1055,ST1054,11/08/2026 10:08,2026-08-11 10:28:41,20,6.63,6.0,cb
TR2608110025173,CL108602,EN00546,trottinette,Grenoble,ST1057,ST1054,2026-08-11 10:04:03,2026-08-11 10:15:03,11,2.03,3.42,cb
TR2608110025174,CL106039,EN00214,trottinette,Lyon,ST1012,ST1013,2026-08-11 10:20:50,11/08/2026 10:28,8,1.86,2.76,cb
TR2608110025175,CL100421,EN00180,trottinette,Lyon,ST1015,ST1011,2026-08-11 10:20:20,2026-08-11 10:31:20,11,3.69,3.42,cb
TR2608110025176,CL106428,EN00227,trottinette,Nantes,ST1028,ST1031,1786436258,1786437278,17,2.62,4.74,cb
TR2608110025177,CL100381,EN00451,velo_elec,Lille,ST1034,ST1045,1786436475,2026-08-11 10:40:15,19,6.45,5.75,abonnement
TR2608110025178,CL107773,EN00369,velo,Lille,ST1042,ST1037,2026-08-11 10:23:55,1786437895,21,5.06,4.15,cb
TR2608110025179,CL104535,EN00470,trottinette,Lille,ST1044,ST1036,2026-08-11 10:27:28,2026-08-11 11:06:28,39,11.63,9.58,abonnement
TR2608110025180,CL105653,EN00423,velo_elec,Lille,ST1045,ST1044,2026-08-11 10:24:10,2026-08-11 10:32:10,8,2.19,3.0,abonnement
TR2608110025181,CL100286,EN00579,trottinette,Grenoble,ST1049,ST1055,2026-08-11 10:20:14,2026-08-11 10:27:14,7,2.2,2.54,cb
TR2608110025182,CL104343,EN00164,trottinette,Lyon,ST1006,ST1012,2026-08-11 10:32:54,2026-08-11 10:49:54,17,4.08,4.74,abonnement
TR2608110025183,CL108463,EN00001,velo_elec,Lyon,ST1014,ST1001,2026-08-11 10:31:01,2026-08-11 10:47:01,16,4.96,5.0,cb
TR2608110025184,CL101523,EN00212,trottinette,Lyon,ST1014,ST1014,2026-08-11 10:36:57,2026-08-11 11:12:57,36,6.11,8.92,cb
TR2608110025185,CL106758,EN00249,velo_elec,Nante,ST1024,ST1024,2026-08-11 10:32:48,2026-08-11 10:40:48,8,1.5,3.0,cb
TR2608110025186,CL107514,EN00389,trottinette,Lille,ST1039,ST1034,11/08/2026 10:40,2026-08-11 10:52:41,12,2.06,3.64,abonnement
TR2608110025187,CL102004,EN00362,velo_elec,Lille,ST1040,ST1047,2026-08-11 10:45:57,2026-08-11 10:51:57,6,1.59,2.5,abonnement
TR2608110025188,CL108694,EN00430,velo_elec,Lille,ST1041,ST1038,2026-08-11 10:39:31,11/08/2026 10:48,9,2.77,3.25,cb
TR2608110025189,CL101400,EN00383,trottinette,Lille,ST1044,ST1046,2026-08-11 10:35:00,2026-08-11 11:07:00,32,5.34,8.04,abonnement
TR2608110025190,CL101295,EN00496,velo_elec,LILLE,ST1045,ST1047,2026-08-11 10:37:50,2026-08-11 10:46:50,9,2.61,3.25,paypal
TR2608110025191,CL102487,EN00414,velo_elec,Lille,ST1046,ST1047,2026-08-11 10:33:46,2026-08-11 10:43:46,10,1.85,3.5,cb
TR2608110025192,CL101161,EN00566,trottinette,Grenoble,ST1049,ST1053,2026-08-11 10:33:35,1786437335,2,0.44,1.44,cb
TR2608110025193,CL103161,EN00133,velo_elec,Lyon,ST1005,ST1004,2026-08-11 10:49:36,2026-08-11 10:57:36,8,1.78,3.0,abonnement
TR2608110025194,CL107356,EN00111,trottinette,Lyon,ST1009,ST1017,2026-08-11 10:50:05,2026-08-11 10:55:05,5,0.82,2.1,cb
TR2608110025195,CL100171,EN00054,trottinette,Lyon,ST1011,ST1013,2026-08-11 10:57:13,2026-08-11 11:38:13,41,10.86,10.02,cb
TR2608110025196,CL100411,EN00063,velo_elec,Lyon,ST1019,ST1003,2026-08-11 10:46:55,2026-08-11 10:48:55,2,0.49,1.5,abonnement
TR2608110025197,CL103426,EN00457,velo,Lille,ST1038,ST1036,2026-08-11 10:47:31,11/08/2026 10:56,9,3.07,2.35,paypal
TR2608110025198,CL107000,EN00546,trottinette,Grenoble,ST1054,ST1052,2026-08-11 10:50:41,2026-08-11 11:04:41,14,3.42,4.08,cb
TR2608110025199,CL100688,EN00062,trottinette,Lyon,ST1001,ST1018,2026-08-11 11:02:56,2026-08-11 11:16:56,14,4.34,4.08,abonnement
TR2608110025200,CL103511,EN00113,velo_elec,Lyon,ST1002,ST1013,2026-08-11 11:04:12,2026-08-11 11:15:12,11,3.68,3.75,abonnement
TR2608110025201,CL107468,EN00065,trottinette,Lyon,ST1005,ST1008,2026-08-11 11:02:37,2026-08-11 11:16:37,14,3.14,4.08,cb
TR2608110025202,CL102665,EN00095,trottinette,Lyon,ST1008,ST1013,1786439705,2026-08-11 11:30:05,15,4.6,4.3,cb
TR2608110025203,CL106949,EN00022,velo,Lyon,ST1019,ST1012,2026-08-11 11:15:00,2026-08-11 11:28:00,13,2.24,2.95,abonnement
TR2608110025204,CL104282,EN00426,trottinette,Lille,ST1034,ST1035,11/08/2026 11:15,2026-08-11 11:28:03,13,3.12,3.86,abonnement
TR2608110025205,CL107628,EN00409,trottinette, Lille,ST1047,ST1047,2026-08-11 11:04:53,2026-08-11 11:57:53,53,15.25,12.66,cb
TR2608110025206,CL105842,EN00600,trottinette,Grenoble,ST1051,ST1054,2026-08-11 11:13:50,11/08/2026 11:21,8,1.43,2.76,cb
TR2608110025207,CL105582,EN00102,velo_elec,Lyon,ST1001,ST1010,,2026-08-11 11:38:47,11,2.36,3.75,abonnement
TR2608110025208,CL101628,EN00184,velo_elec,Lyon,ST1002,ST1011,11/08/2026 11:19,,8,1.96,3.0,paypal
TR2608110025209,CL102081,EN00009,velo_elec,Lyon,ST1007,ST1008,1786440629,1786441109,8,2.03,3.0,paypal
TR2608110025210,CL100612,EN00043,velo,Lyon,ST1009,ST1009,,2026-08-11 11:38:36,13,2.26,2.95,paypal
TR2608110025211,CL101059,EN00180,trottinette,Lyonn,ST1011,ST1011,11/08/2026 11:20,2026-08-11 11:29:15,9,2.05,2.98,cb
TR2608110025212,CL106102,EN00213,trottinette,Lyon,ST1012,ST1011,2026-08-11 11:26:46,2026-08-11 11:29:46,3,1.03,1.66,paypal
TR2608110025213,CL100535,EN00368,trottinette,Lille,ST1036,ST1046,2026-08-11 11:19:01,11/08/2026 11:28,9,2.05,2.98,cb
TR2608110025214,CL108721,EN00383,trottinette,Lille,ST1046,ST1041,2026-08-11 11:16:49,2026-08-11 11:23:49,7,1.21,2.54,cb
TR2608110025215,CL108162,EN00534,trottinette,Grenoble,ST1051,ST1054,2026-08-11 11:22:52,11/08/2026 11:32,10,2.36,3.2,cb
TR2608110025216,CL108115,EN00535,velo_elec,Grenoble,ST1054,ST1049,2026-08-11 11:23:02,11/08/2026 11:31,8,2.79,3.0,cb
TR2608110025217,CL102297,EN00063,velo_elec,Lyon,ST1003,ST1008,2026-08-11 11:37:53,,-27,1.47,3.0,cb
TR2608110025218,CL102871,EN00164,trottinette,Lyon,ST1012,ST1017,2026-08-11 11:36:47,2026-08-11 11:38:47,2,0.66,1.44,cb
TR2608110025219,CL101243,EN00423,velo_elec,Lille,ST1044,ST1040,2026-08-11 11:44:25,2026-08-11 11:54:25,10,2.6,3.5,cb
TR2608110025220,CL102399,EN00451,velo_elec, Lille,ST1045,ST1039,2026-08-11 11:41:46,2026-08-11 11:57:46,16,4.36,5.0,cb
TR2608110025221,CL106535,EN00518,trottinette,Grenoble,ST1058,ST1058,2026-08-11 11:44:49,2026-08-11 12:02:49,18,6.19,4.96,cb
TR2608110025222,CL103551,EN00591,velo_elec,Grenoble,ST1058,ST1054,2026-08-11 11:40:49,2026-08-11 11:50:49,10,2.77,3.5,abonnement
TR2608110025223,CL104182,EN00063,velo_elec,Lyon,ST1008,ST1015,2026-08-11 11:54:29,2026-08-11 12:05:29,11,1.94,3.75,abonnement
TR2608110025224,CL105655,EN00065,trottinette,Lyon,ST1008,ST1010,11/08/2026 11:50,11/08/2026 11:53,3,0.67,1.66,abonnement
TR2608110025225,CL106198,EN00145,trottinette,Lyon,ST1013,ST1015,11/08/2026 11:48,2026-08-11 11:51:24,3,0.67,1.66,cb
TR2608110025226,CL101600,EN00387,velo,Lille,ST1045,ST1034,2026-08-11 11:52:56,11/08/2026 11:57,5,0.96,1.75,abonnement
TR2608110025227,CL100033,EN00519,velo_elec,Grenoble,ST1051,ST1051,2026-08-11 11:48:53,11/08/2026 11:56,8,2.75,3.0,abonnement
TR2608110025228,CL107746,EN00600,trottinette,Grenoble,ST1054,ST1057,2026-08-11 11:53:10,2026-08-11 12:02:10,9,2.59,2.98,cb
TR2608110025229,CL102098,EN00052,trottinette,Lyon,ST1011,ST1011,2026-08-11 12:03:52,1786443112,8,1.98,2.76,abonnement
TR2608110025230,CL108254,EN00212,trottinette,Lyon,ST1014,ST1017,2026-08-11 12:03:57,2026-08-11 12:19:57,16,3.24,4.52,paypal
TR2608110025231,CL105060,EN00164,trottinette,Lyon,ST1017,ST1018,11/08/2026 12:15,2026-08-11 12:44:06,29,6.76,7.38,cb
TR2608110025232,CL107989,EN00299,trottinette,Nantes,ST1026,ST1024,1786443338,2026-08-11 12:23:38,8,1.36,2.76,abonnement
TR2608110025233,CL107864,EN00263,trottinette,Nantes,ST1028,ST1022,2026-08-11 12:02:24,2026-08-11 12:45:24,43,12.6,10.46,cb
TR2608110025234,CL106292,EN00305,velo_elec,Nantes,ST1030,ST1021,2026-08-11 12:08:21,2026-08-11 12:24:21,16,4.78,5.0,abonnement
TR2608110025235,CL106869,EN00470,trottinette,Lille,ST1036,ST1043,2026-08-11 12:10:15,2026-08-11 12:35:15,25,7.51,6.5,cb
TR2608110025236,CL105298,EN00369,velo,Lille,ST1037,ST1036,2026-08-11 12:11:47,2026-08-11 12:34:47,23,7.72,4.45,cb
TR2608110025237,CL100907,EN00485,trottinette,Lille,ST1044,ST1044,2026-08-11 12:01:57,2026-08-11 12:11:57,10,2.49,3.2,paypal
TR2608110025238,CL100093,EN00585,velo_elec,Grenoble,ST1048,ST1058,2026-08-11 12:12:03,2026-08-11 12:17:03,5,1.03,2.25,cb
TR2608110025239,CL107978,EN00597,trottinette,Grenoble,ST1051,ST1055,1786442741,11/08/2026 12:42,37,11.45,9.14,cb
TR2608110025240,CL101552,EN00519,velo_elec,Grenoble,ST1051,ST1050,2026-08-11 12:01:48,11/08/2026 12:55,54,18.63,14.5,cb
TR2608110025241,CL103005,EN00546,trottinette,Grenoble,ST1052,ST1051,2026-08-11 12:04:38,2026-08-11 12:15:38,11,2.98,,abonnement
TR2608110025242,CL101807,EN00579,trottinette,Grenoble,ST1055,ST1054,2026-08-11 12:13:33,2026-08-11 12:23:33,10,1.61,3.2,cb
TR2608110025243,CL100478,EN00565,trottinette,Grenoble,ST1055,ST1056,2026-08-11 12:06:26,2026-08-11 12:14:26,8,2.62,2.76,cb
TR2608110025244,CL107150,EN00009,velo_elec,Lyon,ST1008,ST1002,2026-08-11 12:22:04,11/08/2026 12:36,14,4.36,4.5,paypal
TR2608110025245,CL108339,EN00043,velo,Lyon,ST1009,ST1019,2026-08-11 12:16:15,2026-08-11 12:26:15,10,2.73,2.5,cb
TR2608110025246,CL100881,EN00065,trottinette,Lyon,ST1010,ST1018,2026-08-11 12:20:19,2026-08-11 12:28:19,8,1.49,2.76,
TR2608110025247,CL106906,EN00111,trottinette,Lyon,ST1017,ST1002,2026-08-11 12:30:00,1786445100,15,4.81,4.3,abonnement
TR2608110025248,CL108051,EN00260,velo_elec,Nantes,ST1020,ST1029,2026-08-11 12:19:08,2026-08-11 12:25:08,6,1.97,2.5,cb
TR2608110025249,CL104509,EN00225,velo_elec,Nantes,ST1027,ST1021,11/08/2026 12:23,2026-08-11 12:30:01,7,1.6,2.75,abonnement
TR2608110025250,CL108874,EN00497,velo,Lille,ST1042,ST1039,11/08/2026 12:26,2026-08-11 12:34:37,8,1.21,2.2,cb
TR2608110025251,CL105713,EN00437,velo,lille,ST1045,ST1041,2026-08-11 12:25:56,2026-08-11 12:44:56,19,5.91,3.85,abonnement
TR2608110025252,CL103958,EN00586,velo,Grenoble,ST1055,ST1050,1786443410,2026-08-11 12:22:50,6,0.96,1.9,cb
TR2608110025253,CL107448,EN00600,trottinette,Grenoble,ST1057,ST1054,2026-08-11 12:18:05,2026-08-11 12:30:05,12,3.98,3.64,paypal
TR2608110025254,CL102911,EN00518,trottinette,grenoble,ST1058,ST1050,2026-08-11 12:18:01,2026-08-11 12:35:01,17,4.83,4.74,paypal
TR2608110025255,CL100029,EN00182,trottinette,Lyon,ST1003,ST1005,1786444560,2026-08-11 13:02:00,26,4.87,6.72,cb
TR2608110025256,CL106038,EN00018,trottinette,Lyon,ST1004,ST1009,2026-08-11 12:45:37,2026-08-11 12:50:37,5,1.27,2.1,cb
TR2608110025257,CL105964,EN00171,velo,Lyon,ST1008,ST1015,2026-08-11 12:45:17,1786446257,19,3.42,3.85,abonnement
TR2608110025258,CL105482,EN00077,trottinette,Lyon,ST1014,ST1007,2026-08-11 12:42:48,2026-08-11 12:52:48,10,3.42,3.2,cb
TR2608110025259,CL108261,EN00197,velo_elec,Lyon,ST1018,ST1019,2026-08-11 12:43:50,2026-08-11 12:51:50,8,2.63,,paypal
TR2608110025260,CL100723,EN00043,velo,Lyon,ST1019,ST1007,11/08/2026 12:35,2026-08-11 12:46:26,11,3.54,2.65,paypal
TR2608110025261,CL102045,EN00389,trottinette,Lille,ST1034,ST1039,2026-08-11 12:40:24,2026-08-11 12:48:24,8,2.33,2.76,cb
TR2608110025262,CL106266,EN00418,trottinette,Lille,ST1035,ST1037,2026-08-11 12:34:13,2026-08-11 13:03:13,29,7.46,7.38,cb
TR2608110025263,CL108455,EN00371,velo,LILLE,ST1042,ST1037,2026-08-11 12:41:42,2026-08-11 12:59:42,18,4.34,3.7,cb
TR2608110025264,CL103208,EN00500,velo,Lille,ST1042,ST1046,2026-08-11 12:40:06,2026-08-11 13:19:06,39,8.02,6.85,paypal
TR2608110025265,CL107453,EN00485,trottinette,Lille,ST1044,ST1034,2026-08-11 12:42:13,2026-08-11 12:48:13,6,1.55,2.32,cb
TR2608110025266,CL108841,EN00368,trottinette,Lille,ST1046,ST1044,1786444358,2026-08-11 12:43:38,11,2.19,3.42,abonnement
TR2608110025267,CL106792,EN00546,trottinette,Grenoble,ST1051,ST1056,2026-08-11 12:40:43,1786445923,18,5.56,4.96,cb
TR2608110025268,CL104749,EN00529,velo,Grenoble,ST1055,ST1054,2026-08-11 12:45:32,2026-08-11 13:11:32,26,8.46,4.9,abonnement
TR2608110025269,CL106411,EN00565,trottinette,Grenoble,ST1056,ST1051,2026-08-11 12:42:27,2026-08-11 12:58:27,16,4.88,4.52,cb
TR2608110025270,CL108958,EN00585,velo_elec,Grenoble,ST1058,ST1050,2026-08-11 12:38:41,11/08/2026 12:44,6,2.09,2.5,cb
TR2608110025271,CL102449,EN00183,velo_elec,Lyon,ST1001,ST1010,2026-08-11 12:55:33,2026-08-11 13:12:33,17,4.58,5.25,cb
TR2608110025272,CL104630,EN00043,velo,Lyon,ST1007,ST1010,2026-08-11 12:59:04,2026-08-11 13:09:04,10,1.99,2.5,paypal
TR2608110025273,CL100235,EN00145,trottinette,Lyon,ST1015,ST1010,2026-08-11 12:55:39,2026-08-11 13:26:39,31,7.21,7.82,abonnement
TR2608110025274,CL101344,EN00435,trottinette,Lille,ST1034,ST1034,2026-08-11 12:59:52,2026-08-11 13:07:52,8,1.81,2.76,paypal
TR2608110025275,CL102642,EN00451,velo_elec,Lille,ST1039,ST1035,2026-08-11 12:51:14,2026-08-11 13:20:14,29,8.55,8.25,cb
TR2608110025276,CL105312,EN00432,velo,Lille,ST1042,ST1038,11/08/2026 12:50,,11,2.7,2.65,cb
TR2608110025277,CL103204,EN00368,trottinette,LILLE,ST1044,ST1046,11/08/2026 12:48,2026-08-11 12:54:03,6,1.33,2.32,abonnement
TR2608110025278,CL105455,EN00471,velo,Lille,ST1045,ST1045,11/08/2026 12:55,1786446892,19,5.78,3.85,cb
TR2608110025279,CL106549,EN00407,velo,Lille,ST1046,ST1047,,2026-08-11 13:11:47,13,4.23,2.95,cb
TR2608110025280,CL103750,EN00509,trottinette,Grenoble,ST1048,ST1048,1786445164,2026-08-11 13:06:04,20,5.61,5.4,abonnement
TR2608110025281,CL108305,EN00594,velo,Grenoble,ST1055,ST1058,2026-08-11 12:56:51,11/08/2026 13:13,17,4.8,3.55,cb
TR2608110025282,CL105453,EN00061,trottinette,Lyon,ST1002,ST1018,11/08/2026 13:15,2026-08-11 13:20:10,5,1.26,2.1,
TR2608110025283,CL108467,EN00081,velo_elec,Lyon,ST1003,ST1003,2026-08-11 13:09:49,2026-08-11 13:16:49,7,1.99,2.75,abonnement
TR2608110025284,CL101127,EN00077,trottinette,Lyon,ST1007,ST1007,2026-08-11 13:04:07,2026-08-11 13:32:07,28,7.35,7.16,cb
TR2608110025285,CL103725,EN00018,trottinette,Lyon,ST1009,ST1012,2026-08-11 13:13:39,2026-08-11 13:34:39,21,3.83,5.62,abonnement
TR2608110025286,CL105347,EN00102,velo_elec,Lyon,ST1010,ST1004,,1786446566,3,0.68,1.75,abonnement
TR2608110025287,CL103874,EN00096,velo_elec,Lyon,ST1012,ST1012,2026-08-11 13:13:03,2026-08-11 13:27:03,14,3.72,4.5,paypal
TR2608110025288,CL103118,EN00212,trottinette,Lyon,ST1017,ST1001,11/08/2026 13:10,11/08/2026 13:19,9,1.45,2.98,
TR2608110025289,CL101618,EN00065,trottinette,Lyon,ST1018,ST1002,11/08/2026 13:10,2026-08-11 13:38:30,28,5.26,7.16,paypal
TR2608110025290,CL105193,EN00389,trottinette,Lille,ST1039,ST1047,2026-08-11 13:14:53,11/08/2026 14:12,-5,9.01,13.76,cb
TR2608110025291,CL101011,EN00470,trottinette,Lille,ST1043,ST1045,2026-08-11 13:15:54,,52,15.15,12.44,cb
TR2608110025292,CL103411,EN00368,trottinette,Lille,ST1046,ST1036,2026-08-11 13:13:45,2026-08-11 13:27:45,14,4.79,4.08,cb
TR2608110025293,CL102427,EN00585,velo_elec,Grenoble,ST1050,ST1049,1786446210,2026-08-11 13:09:30,6,1.13,2.5,paypal
TR2608110025294,CL107300,EN00565,trottinette,Grenoble,ST1051,ST1052,2026-08-11 13:02:43,2026-08-11 13:09:43,7,1.09,2.54,cb
TR2608110025295,CL107600,EN00046,velo,Lyon,ST1008,ST1016,2026-08-11 13:26:43,2026-08-11 13:40:43,14,3.36,3.1,cb
TR2608110025296,CL106833,EN00183,velo_elec,Lyon,ST1010,ST1014,2026-08-11 13:25:52,2026-08-11 13:29:52,4,0.62,2.0,abonnement
TR2608110025297,CL105420,EN00197,velo_elec,Lyon,ST1019,ST1005,2026-08-11 13:26:50,11/08/2026 13:30,4,0.86,2.0,cb
TR2608110025298,CL102001,EN00328,velo_elec,Nante,ST1020,ST1031,2026-08-11 13:15:40,2026-08-11 13:42:40,27,4.61,7.75,cb
TR2608110025299,CL105562,EN00403,trottinette,Lille,ST1035,ST1042,2026-08-11 13:26:29,2026-08-11 13:52:29,26,8.19,6.72,paypal
TR2608110025300,CL100941,EN00383,trottinette,lille,ST1041,ST1040,2026-08-11 13:16:39,2026-08-11 13:25:39,9,1.95,2.98,paypal
TR2608110025301,CL108040,EN00447,velo,Lille,ST1046,ST1041,2026-08-11 13:23:29,2026-08-11 13:56:29,33,5.55,5.95,cb
TR2608110025302,CL102416,EN00504,trottinette,Grenoble,ST1051,ST1058,2026-08-11 13:28:45,2026-08-11 13:46:45,18,2.86,4.96,cb
TR2608110025303,CL103949,EN00597,trottinette,Grenoble,ST1055,ST1055,11/08/2026 13:18,2026-08-11 13:22:11,4,0.69,1.88,cb
TR2608110025304,CL108921,EN00546,trottinette,Grenoble,ST1056,ST1054,2026-08-11 13:17:39,2026-08-11 13:29:39,12,3.93,3.64,abonnement
TR2608110025305,CL108862,EN00088,velo,Lyon,ST1007,ST1012,2026-08-11 13:31:34,2026-08-11 13:44:34,13,2.72,2.95,cb
TR2608110025306,CL103797,EN00015,velo,Lyon,ST1008,ST1007,2026-08-11 13:34:55,2026-08-11 13:45:55,11,2.95,2.65,abonnement
TR2608110025307,CL105628,EN00145,trottinette,Lyon,ST1010,ST1003,1786447926,2026-08-11 13:58:06,26,8.46,6.72,cb
TR2608110025308,CL100630,EN00095,trottinette,Lyon,ST1013,ST1003,2026-08-11 13:37:27,2026-08-11 13:48:27,11,2.41,3.42,cb
TR2608110025309,CL107531,EN00449,trottinette,Lille,ST1040,ST1042,2026-08-11 13:30:42,2026-08-11 13:37:42,7,1.99,2.54,abonnement
TR2608110025310,CL105417,EN00414,velo_elec, Lille,ST1047,ST1036,11/08/2026 13:41,2026-08-11 14:00:53,19,4.59,5.75,cb
TR2608110025311,CL100118,EN00565,trottinette,Grenoble,ST1052,ST1048,2026-08-11 13:45:30,11/08/2026 13:55,10,1.93,3.2,cb
TR2608110025312,CL102807,EN00566,trottinette,Grenoble,ST1053,ST1048,2026-08-11 13:40:04,2026-08-11 13:52:04,12,2.58,3.64,cb
TR2608110025313,CL104410,EN00597,trottinette,Grenoble,ST1055,ST1049,11/08/2026 13:39,2026-08-11 13:50:19,11,3.29,3.42,paypal
TR2608110025314,CL102656,EN00562,velo,Grenoble,ST1055,ST1053,1786448401,11/08/2026 13:48,8,1.96,2.2,cb
TR2608110025315,CL105544,EN00507,trottinette,Grenoble,ST1058,ST1054,2026-08-11 13:33:54,2026-08-11 13:36:54,3,0.81,1.66,cb
TR2608110025316,CL102783,EN00015,velo,Lyon,ST1007,ST1012,2026-08-11 13:50:13,1786449433,7,1.1,2.05,paypal
TR2608110025317,CL103484,EN00096,velo_elec,Lyon,ST1012,ST1009,2026-08-11 13:50:05,2026-08-11 14:30:05,40,13.6,11.0,cb
TR2608110025318,CL101306,EN00018,trottinette,Lyon,ST1012,ST1017,11/08/2026 13:55,11/08/2026 14:11,16,2.53,4.52,cb
TR2608110025319,CL105185,EN00046,velo,lyon,ST1016,ST1006,2026-08-11 13:54:24,2026-08-11 14:10:24,16,3.91,3.4,abonnement
TR2608110025320,CL101755,EN00061,trottinette,Lyon,ST1018,ST1014,2026-08-11 13:47:43,2026-08-11 14:00:43,13,3.51,3.86,abonnement
TR2608110025321,CL106248,EN00497,velo,Lille,ST1039,ST1044,2026-08-11 13:57:30,1786450950,25,6.12,4.75,cb
TR2608110025322,CL103272,EN00383,trottinette,Lille,ST1040,ST1046,2026-08-11 14:00:08,2026-08-11 14:08:08,8,1.61,2.76,cb
TR2608110025323,CL104735,EN00459,velo_elec,Lille,ST1041,ST1038,2026-08-11 13:52:14,2026-08-11 13:55:14,3,1.02,1.75,abonnement
TR2608110025324,CL104877,EN00437,velo,Lille,ST1041,ST1037,11/08/2026 13:55,2026-08-11 14:06:00,11,2.12,2.65,paypal
TR2608110025325,CL100414,EN00204,velo_elec,Lyon,ST1001,ST1014,2026-08-11 14:10:29,2026-08-11 14:23:29,13,2.84,4.25,abonnement
TR2608110025326,CL101394,EN00009,velo_elec,Lyon,ST1002,ST1005,11/08/2026 14:02,2026-08-11 14:15:04,13,4.4,4.25,abonnement
TR2608110025327,CL101705,EN00075,trottinette,Lyon,ST1004,ST1007,2026-08-11 14:05:43,11/08/2026 14:14,9,1.95,2.98,cb
TR2608110025328,CL104044,EN00077,trottinette,Lyon,ST1007,ST1011,2026-08-11 14:09:06,2026-08-11 14:24:06,15,2.3,4.3,paypal
TR2608110025329,CL100374,EN00126,velo,Lyon,ST1009,ST1015,2026-08-11 14:03:54,2026-08-11 14:15:54,12,1.81,2.8,cb
TR2608110025330,CL107854,EN00043,velo,Lyon,ST1010,ST1003,2026-08-11 14:15:37,2026-08-11 14:37:37,22,6.45,4.3,cb
TR2608110025331,CL107680,EN00042,trottinette,Lyon,ST1012,ST1017,2026-08-11 14:07:12,2026-08-11 14:17:12,10,1.59,3.2,paypal
TR2608110025332,CL108081,EN00037,trottinette,Lyon,ST1013,ST1011,2026-08-11 14:04:26,2026-08-11 14:31:26,27,4.74,6.94,cb
TR2608110025333,CL106368,EN00062,trottinette,Lyon,ST1018,ST1008,2026-08-11 14:03:18,11/08/2026 14:11,8,1.76,2.76,cb
TR2608110025334,CL102618,EN00355,velo_elec,Nante,ST1033,ST1028,11/08/2026 14:09,2026-08-11 14:21:04,12,3.48,4.0,abonnement
TR2608110025335,CL106284,EN00441,velo_elec,Lille,ST1036,ST1035,2026-08-11 14:13:03,2026-08-11 14:23:03,10,3.3,3.5,cb
TR2608110025336,CL102941,EN00418,trottinette,Lille,ST1037,ST1040,2026-08-11 14:15:00,1786451940,24,7.18,6.28,cb
TR2608110025337,CL108363,EN00449,trottinette,Lille,ST1042,ST1041,1786450374,2026-08-11 14:20:54,8,2.13,2.76,abonnement
TR2608110025338,CL104873,EN00427,trottinette, Lille,ST1043,ST1045,,,24,6.39,6.28,paypal
TR2608110025339,CL106962,EN00417,trottinette,Lille,ST1044,ST1044,2026-08-11 14:13:58,2026-08-11 14:21:58,8,1.91,2.76,cb
TR2608110025340,CL105644,EN00471,velo,Lille,ST1045,ST1037,2026-08-11 14:05:48,2026-08-11 14:19:48,14,2.67,3.1,abonnement
TR2608110025341,CL104201,EN00362,velo_elec,Lille,ST1047,ST1045,2026-08-11 14:16:01,2026-08-11 14:23:01,7,1.12,2.75,cb
TR2608110025342,CL100854,EN00409,trottinette,Lille,ST1047,ST1041,2026-08-11 14:11:39,11/08/2026 14:23,12,3.95,3.64,paypal
TR2608110025343,CL107621,EN00519,velo_elec,Grenoble,ST1050,ST1050,2026-08-11 14:04:34,11/08/2026 14:10,6,0.93,2.5,cb
TR2608110025344,CL106774,EN00212,trottinette,Lyon,ST1001,ST1014,2026-08-11 14:15:47,2026-08-11 14:20:47,5,1.63,2.1,abonnement
TR2608110025345,CL107374,EN00086,velo_elec,Lyon,ST1004,ST1011,2026-08-11 14:29:37,2026-08-11 14:35:37,6,1.5,2.5,cb
TR2608110025346,CL107622,EN00075,trottinette,Lyon,ST1007,ST1003,2026-08-11 14:18:21,,13,3.54,3.86,cb
TR2608110025347,CL105110,EN00062,trottinette,LYON,ST1008,ST1009,2026-08-11 14:27:33,2026-08-11 14:38:33,11,3.77,3.42,cb
TR2608110025348,CL103340,EN00222,velo_elec,Nantes,ST1022,ST1031,2026-08-11 14:23:34,2026-08-11 14:45:34,22,3.37,6.5,paypal
TR2608110025349,CL103521,EN00224,velo_elec,NANTES,ST1024,ST1026,2026-08-11 14:20:19,11/08/2026 14:37,17,5.89,5.25,abonnement
TR2608110025350,CL103396,EN00276,velo_elec,Nantes,ST1025,ST1020,2026-08-11 14:23:36,11/08/2026 14:43,20,3.82,6.0,cb
TR2608110025351,CL101859,EN00424,velo_elec,Lille,ST1036,ST1040,2026-08-11 14:24:04,2026-08-11 14:45:04,21,6.64,6.25,paypal
TR2608110025352,CL106123,EN00009,velo_elec,Lyon,ST1005,ST1011,2026-08-11 14:39:21,1786452561,10,2.2,3.5,abonnement
TR2608110025353,CL106351,EN00204,velo_elec,Lyon,ST1014,ST1001,2026-08-11 14:36:58,11/08/2026 14:48,12,3.28,4.0,paypal
TR2608110025354,CL103588,EN00061,trottinette,Lyon,ST1014,ST9008,,2026-08-11 14:47:55,6,0.99,2.32,cb
TR2608110025355,CL105460,EN00063,velo_elec,Lyon,ST1015,ST1017,2026-08-11 14:33:21,2026-08-11 14:39:21,6,1.08,2.5,cb
TR2608110025356,CL108391,EN00357,trottinette,Nantes,ST1032,ST1032,2026-08-11 14:40:35,11/08/2026 15:22,42,7.04,10.24,abonnement
TR2608110025357,CL105226,EN00417,trottinette,Lille,ST1044,ST1042,2026-08-11 14:31:37,2026-08-11 14:42:37,11,3.67,3.42,cb
TR2608110025358,CL105634,EN00546,trottinette,Grenoble,ST1054,ST1056,2026-08-11 14:43:51,,24,6.14,6.28,abonnement
TR2608110025359,CL101955,EN00591,velo_elec,Grenoble,ST1054,ST1051,2026-08-11 14:42:58,2026-08-11 14:56:58,14,4.36,4.5,cb
TR2608110025360,CL104577,EN00507,trottinette,Grenoble,ST1054,ST1050,2026-08-11 14:44:47,2026-08-11 14:57:47,13,2.82,3.86,cb
TR2608110025361,CL102295,EN00504,trottinette,Grenoble,ST1058,ST1053,2026-08-11 14:40:27,1786452687,11,2.64,3.42,abonnement
TR2608110025362,CL100505,EN00577,velo_elec,Grenoble,ST1058,ST1048,2026-08-11 14:42:49,2026-08-11 14:51:49,6831,1.88,3.25,cb
TR2608110025363,CL108699,EN00162,velo_elec,Lyon,ST1001,ST1003,2026-08-11 14:52:25,2026-08-11 15:06:25,14,2.65,4.5,cb
TR2608110025364,CL103238,EN00095,trottinette,Lyon,ST1003,ST1017,2026-08-11 14:53:15,2026-08-11 15:05:15,12,2.28,3.64,paypal
TR2608110025365,CL100223,EN00153,velo_elec,Lyon,ST1003,ST1006,2026-08-11 14:49:05,2026-08-11 14:55:05,6,1.41,2.5,paypal
TR2608110025366,CL100989,EN00064,velo,Lyonn,ST1007,ST1009,2026-08-11 14:46:31,11/08/2026 14:56,10,2.53,2.5,cb
TR2608110025367,CL102725,EN00224,velo_elec,Nantes,ST1026,ST1028,2026-08-11 14:57:47,2026-08-11 15:16:47,19,4.27,5.75,abonnement
TR2608110025368,CL104255,EN00438,trottinette,Lille,ST1034,ST1041,2026-08-11 14:48:12,2026-08-11 15:14:12,26,8.58,6.72,cb
TR2608110025369,CL107596,EN00414,velo_elec,Lille,ST1036,ST1034,2026-08-11 14:57:13,2026-08-11 15:10:13,13,2.95,4.25,cb
TR2608110025370,CL100740,EN00417,trottinette,Lille,ST1042,ST1035,2026-08-11 14:54:07,2026-08-11 15:01:07,7,2.3,2.54,cb
TR2608110025371,CL101100,EN00494,velo_elec,Lille,ST1044,ST1047,2026-08-11 14:51:16,2026-08-11 15:26:16,35,9.01,9.75,cb
TR2608110025372,CL108799,EN00564,velo,Grenoble,ST1055,ST1056,2026-08-11 14:59:56,2026-08-11 15:14:56,15,2.81,3.25,cb
TR2608110025373,CL104867,EN00199,velo_elec,Lyon,ST1002,ST1019,2026-08-11 15:07:37,2026-08-11 15:35:37,28,6.49,8.0,cb
TR2608110025374,CL107333,EN00265,trottinette,Nantes,ST1021,ST1021,2026-08-11 15:05:59,2026-08-11 15:11:59,6,2.08,2.32,cb
TR2608110025375,CL101280,EN00296,velo,Nantes,ST1027,ST1030,11/08/2026 15:09,2026-08-11 15:24:27,15,4.37,3.25,paypal
TR2608110025376,CL102884,EN00485,trottinette,lille,ST1034,ST1043,1786453301,2026-08-11 15:20:41,19,3.46,5.18,cb
TR2608110025377,CL106175,EN00403,trottinette,Lille,ST1042,ST1034,2026-08-11 15:11:14,2026-08-11 15:17:14,6,1.0,2.32,
TR2608110025378,CL107285,EN00452,velo,Lille,ST1044,ST1047,2026-08-11 15:15:46,2026-08-11 15:31:46,16,2.52,3.4,paypal
TR2608110025379,CL108713,EN00204,velo_elec,Lyon,ST1001,ST1013,1786454211,2026-08-11 15:29:51,13,4.34,4.25,cb
TR2608110025380,CL104755,EN00011,velo_elec,Lyon,ST1013,ST1006,2026-08-11 15:20:48,2026-08-11 15:32:48,12,4.15,4.0,cb
TR2608110025381,CL103631,EN00427,trottinette,Lille,ST1045,ST1046,1786454299,2026-08-11 15:29:19,11,3.35,3.42,cb
TR2608110025382,CL106150,EN00141,velo_elec,Lyon,ST1002,ST1013,2026-08-11 15:44:31,2026-08-11 15:48:31,4,1.37,2.0,cb
TR2608110025383,CL102072,EN00016,velo,Lyon,ST1008,ST1004,2026-08-11 15:38:43,1786455763,4,1.3,1.6,cb
TR2608110025384,CL106076,EN00184,velo_elec,Lyon,ST1011,ST1002,2026-08-11 15:42:02,2026-08-11 15:48:02,6,1.32,2.5,cb
TR2608110025385,CL103542,EN00171,velo,LYON,ST1015,ST1011,1786455949,11/08/2026 16:03,18,3.0,3.7,abonnement
TR2608110025386,CL103101,EN00063,velo_elec,Lyon,ST1017,ST1014,2026-08-11 15:32:49,,11,3.57,3.75,paypal
TR2608110025387,CL106628,EN00371,velo,lille,ST1037,ST1038,11/08/2026 15:38,2026-08-11 15:58:48,20,6.03,4.0,cb
TR2608110025388,CL103544,EN00409,trottinette,Lille,ST1041,ST1042,11/08/2026 15:35,2026-08-11 15:50:12,15,2.43,4.3,cb
TR2608110025389,CL104424,EN00396,velo_elec,Lille,ST1047,ST1042,2026-08-11 15:42:41,11/08/2026 15:48,6,1.99,2.5,paypal
TR2608110025390,CL106306,EN00511,trottinette,Grenoble,ST1048,ST1049,2026-08-11 15:42:21,11/08/2026 15:45,3,1.05,1.66,abonnement
TR2608110025391,CL106976,EN00502,velo,Grenoble,ST1055,ST1048,2026-08-11 15:42:36,2026-08-11 15:52:36,10,2.49,2.5,cb
TR2608110025392,CL106237,EN00139,velo_elec,Lyon,ST1001,ST1004,2026-08-11 15:53:50,11/08/2026 16:09,16,4.68,5.0,cb
TR2608110025393,CL101082,EN00460,velo_elec,Lille,ST1036,ST1040,2026-08-11 15:54:37,2026-08-11 16:02:37,8,1.82,3.0,cb
TR2608110025394,CL103620,EN00459,velo_elec,Lille,ST1038,ST1036,2026-08-11 16:00:23,2026-08-11 16:14:23,14,2.53,4.5,paypal
TR2608110025395,CL105021,EN00449,trottinette,Lille,ST1041,ST1047,11/08/2026 15:58,2026-08-11 16:16:54,18,4.17,4.96,abonnement
TR2608110025396,CL103095,EN00485,trottinette,Lille,ST1043,ST1047,2026-08-11 15:58:41,2026-08-11 16:06:41,-14,2.39,2.76,abonnement
TR2608110025397,CL107207,EN00085,velo_elec,Lyon,ST1004,ST1007,2026-08-11 16:08:49,2026-08-11 16:34:49,26,8.51,7.5,cb
TR2608110025398,CL105803,EN00011,velo_elec,Lyon,ST1006,ST1009,2026-08-11 16:06:15,2026-08-11 16:14:15,8,1.77,3.0,abonnement
TR2608110025399,CL107171,EN00054,trottinette,Lyon,ST1013,ST1001,2026-08-11 16:09:45,2026-08-11 16:33:45,24,6.95,6.28,cb
TR2608110025400,CL104716,EN00164,trottinette,Lyon,ST1018,ST1009,2026-08-11 16:05:19,2026-08-11 16:09:19,4,0.81,1.88,cb
TR2608110025401,CL104335,EN00300,velo_elec,Nantes,ST1020,ST1033,2026-08-11 16:02:39,1786457619,11,3.82,3.75,cb
TR2608110025402,CL108007,EN00266,velo_elec,Nantes,ST1022,ST1026,2026-08-11 16:02:16,2026-08-11 16:32:16,30,5.15,8.5,cb
TR2608110025403,CL108066,EN00493,velo_elec,Lille,ST1034,ST1044,2026-08-11 16:10:24,2026-08-11 16:14:24,4,0.95,2.0,cb
TR2608110025404,CL100468,EN00396,velo_elec,Lille,ST1042,ST1045,2026-08-11 16:13:50,2026-08-11 16:44:50,31,5.29,8.75,cb
TR2608110025405,CL107823,EN00519,velo_elec,Grenoble,ST1050,ST1056,1786457668,2026-08-11 16:29:28,15,4.33,4.75,abonnement
TR2608110025406,CL103618,EN00518,trottinette,Grenoble,ST1050,ST9293,2026-08-11 16:07:37,2026-08-11 16:12:37,5,1.69,2.1,cb
TR2608110025407,CL106056,EN00098,velo_elec,Lyon,ST1001,ST1011,2026-08-11 16:26:45,11/08/2026 16:45,19,3.06,5.75,paypal
TR2608110025408,CL100972,EN00158,velo_elec,Lyon,ST1001,ST1007,2026-08-11 16:16:46,,14,3.21,4.5,cb
TR2608110025409,CL104659,EN00111,trottinette,Lyon,ST1002,ST1017,2026-08-11 16:24:48,1786459188,15,3.12,4.3,paypal
TR2608110025410,CL100947,EN00086,velo_elec,Lyon,ST1011,ST1019,1786458439,11/08/2026 17:15,48,10.06,13.0,cb
TR2608110025411,CL106983,EN00188,velo,Lyon,ST1015,ST1006,2026-08-11 16:30:20,,10,3.23,2.5,cb
TR2608110025412,CL104597,EN00199,velo_elec,LYON,ST1019,ST1017,2026-08-11 16:24:55,11/08/2026 16:37,13,2.92,4.25,cb
TR2608110025413,CL101086,EN00434,velo_elec,Lille,ST1035,ST1045,,2026-08-11 16:37:44,21,6.33,6.25,cb
TR2608110025414,CL100245,EN00437,velo,Lille,ST1037,ST1043,2026-08-11 16:23:49,2026-08-11 16:37:49,14,4.4,3.1,cb
TR2608110025415,CL100778,EN00362,velo_elec,Lille,ST1045,ST1034,2026-08-11 16:21:41,1786458401,5,0.79,2.25,abonnement
TR2608110025416,CL103261,EN00494,velo_elec,Lille,ST1047,ST1044,2026-08-11 16:18:44,2026-08-11 16:24:44,6,1.63,2.5,abonnement
TR2608110025417,CL106528,EN00520,velo_elec,Grenoble,ST1049,ST1048,2026-08-11 16:28:22,2026-08-11 16:34:22,6,0.99,2.5,abonnement
TR2608110025418,CL100681,EN00591,velo_elec,Grenoble,ST1051,ST1051,2026-08-11 16:18:54,11/08/2026 16:24,6,1.09,2.5,cb
TR2608110025419,CL102940,EN00504,trottinette,Grenoble,ST1053,ST1058,11/08/2026 16:27,2026-08-11 16:57:34,30,6.82,7.6,cb
TR2608110025420,CL108089,EN00033,trottinette,Lyon,ST1001,ST1019,2026-08-11 16:36:35,2026-08-11 16:41:35,5,1.45,2.1,cb
TR2608110025421,CL103652,EN00053,trottinette,Lyon,ST1002,ST1012,2026-08-11 16:35:41,1786460021,18,4.12,4.96,
TR2608110025422,CL103248,EN00023,trottinette,Lyon,ST1003,ST1017,2026-08-11 16:39:25,2026-08-11 16:47:25,8,1.75,2.76,cb
TR2608110025423,CL105479,EN00139,velo_elec,Lyon,ST1004,ST1005,2026-08-11 16:46:13,2026-08-11 17:08:13,22,3.59,6.5,cb
TR2608110025424,CL103859,EN00197,velo_elec,Lyon,ST1005,ST1018,2026-08-11 16:38:02,2026-08-11 16:47:02,9,2.78,3.25,cb
TR2608110025425,CL100882,EN00182,trottinette,Lyon,ST1005,ST1006,2026-08-11 16:37:38,2026-08-11 16:42:38,5,0.86,2.1,cb
TR2608110025426,CL105248,EN00136,trottinette,Lyon,ST1012,ST1007,2026-08-11 16:38:38,11/08/2026 16:56,18,4.66,4.96,
TR2608110025427,CL107059,EN00224,velo_elec,Nantes,ST1028,ST1029,2026-08-11 16:35:08,2026-08-11 16:54:08,19,3.27,5.75,cb
TR2608110025428,CL104543,EN00268,trottinette,Nantes,ST1032,ST1031,2026-08-11 16:45:32,11/08/2026 16:52,7,1.93,2.54,cb
TR2608110025429,CL101291,EN00300,velo_elec,Nantes,ST1033,ST1033,2026-08-11 16:44:39,2026-08-11 17:10:39,26,4.74,7.5,paypal
TR2608110025430,CL108694,EN00467,velo_elec,Lille,ST1034,ST1044,2026-08-11 16:37:18,11/08/2026 16:42,5,1.66,2.25,cb
TR2608110025431,CL105354,EN00409,trottinette,Lille,ST1042,ST1043,11/08/2026 16:38,2026-08-11 16:53:44,15,4.16,4.3,cb
TR2608110025432,CL104570,EN00470,trottinette,Lille,ST1045,ST1035,2026-08-11 16:36:18,2026-08-11 16:50:18,14,3.54,4.08,cb
TR2608110025433,CL107982,EN00582,trottinette,Grenoble,ST1049,ST1052,2026-08-11 16:35:49,2026-08-11 16:42:49,7,1.23,2.54,abonnement
TR2608110025434,CL100517,EN00575,trottinette,Grenoble,ST1049,ST1051,2026-08-11 16:44:02,2026-08-11 16:52:02,8,1.44,2.76,cb
TR2608110025435,CL108291,EN00579,trottinette,Grenoble,ST1054,ST1055,2026-08-11 16:39:54,2026-08-11 16:53:54,14,3.81,4.08,cb
TR2608110025436,CL106959,EN00184,velo_elec,Lyon,ST1002,ST1019,11/08/2026 16:57,11/08/2026 17:35,38,7.04,10.5,cb
TR2608110025437,CL103644,EN00132,trottinette,Lyon,ST1003,ST1001,11/08/2026 16:48,11/08/2026 16:54,6,1.49,2.32,abonnement
TR2608110025438,CL102637,EN00011,velo_elec,Lyon,ST1009,ST1012,11/08/2026 16:45,2026-08-11 16:57:27,12,3.4,4.0,abonnement
TR2608110025439,CL101707,EN00111,trottinette,Lyon,ST1017,ST1018,11/08/2026 16:57,2026-08-11 17:00:11,3,1.04,1.66,abonnement
TR2608110025440,CL101667,EN00415,trottinette,Lille,ST1034,ST1044,2026-08-11 16:58:08,2026-08-11 17:08:08,10,2.77,3.2,abonnement
TR2608110025441,CL105405,EN00428,velo_elec,lille,ST1034,ST1041,2026-08-11 16:57:44,2026-08-11 17:07:44,10,1.55,3.5,
TR2608110025442,CL103564,EN00435,trottinette,Lille,ST1034,ST1034,2026-08-11 16:58:19,,2,0.7,1.44,cb
TR2608110025443,CL104400,EN00437,velo,Lille,ST1043,ST1043,2026-08-11 16:46:31,1786459951,6,1.52,1.9,cb
TR2608110025444,CL105310,EN00494,velo_elec,LILLE,ST1044,ST1040,1786460428,2026-08-11 17:19:28,19,3.95,5.75,abonnement
TR2608110025445,CL101214,EN00383,trottinette, Lille,ST1046,ST1040,2026-08-11 16:57:16,2026-08-11 17:05:16,8,1.81,2.76,cb
TR2608110025446,CL100194,EN00539,velo_elec,Grenoble,ST1048,ST1057,2026-08-11 16:49:36,11/08/2026 17:29,40,13.59,11.0,paypal
TR2608110025447,CL106468,EN00160,velo_elec,Lyon,ST1002,ST1001,2026-08-11 17:05:14,11/08/2026 17:09,4,0.71,2.0,abonnement
TR2608110025448,CL105727,EN00102,velo_elec,Lyon,ST1004,ST1012,2026-08-11 17:05:40,2026-08-11 17:10:40,5,1.08,2.25,abonnement
TR2608110025449,CL104137,EN00183,velo_elec,Lyon,ST1014,ST1015,11/08/2026 17:09,2026-08-11 17:15:46,-28,1.13,2.5,abonnement
TR2608110025450,CL102933,EN00023,trottinette,Lyon,ST1017,ST1018,11/08/2026 17:04,2026-08-11 17:13:54,9,3.1,2.98,paypal
TR2608110025451,CL101498,EN00341,velo_elec,Nantes,ST1026,ST1033,2026-08-11 17:15:07,11/08/2026 17:30,15,4.43,4.75,paypal
TR2608110025452,CL103559,EN00414,velo_elec,LILLE,ST1034,ST1042,1786460686,2026-08-11 17:12:46,8,1.78,3.0,paypal
TR2608110025453,CL105508,EN00399,trottinette,Lille,ST1035,ST1038,2026-08-11 17:03:42,11/08/2026 17:19,16,3.02,4.52,abonnement
TR2608110025454,CL103178,EN00498,trottinette,Lille,ST1035,ST1042,2026-08-11 17:09:19,2026-08-11 17:21:19,12,3.7,3.64,cb
TR2608110025455,CL101566,EN00474,velo_elec,lille,ST1036,ST1046,2026-08-11 17:05:35,,8,1.45,3.0,cb
TR2608110025456,CL105415,EN00430,velo_elec,Lille,ST1038,ST1036,11/08/2026 17:08,1786461951,17,5.49,5.25,cb
TR2608110025457,CL102794,EN00460,velo_elec,Lille,ST1040,ST1042,2026-08-11 17:02:35,2026-08-11 17:27:35,25,8.46,7.25,cb
TR2608110025458,CL103274,EN00424,velo_elec,Lille,ST1040,ST1045,2026-08-11 17:14:41,11/08/2026 17:26,12,4.03,4.0,cb
TR2608110025459,CL104847,EN00467,velo_elec,lille,ST1044,ST1044,1786460629,2026-08-11 17:13:49,10,2.94,3.5,abonnement
TR2608110025460,CL101503,EN00434,velo_elec,Lille,ST1045,ST1041,2026-08-11 17:10:06,2026-08-11 17:25:06,15,5.18,,paypal
TR2608110025461,CL106445,EN00427,trottinette,Lille,ST1046,ST1047,2026-08-11 17:03:46,2026-08-11 17:10:46,7,1.13,2.54,cb
TR2608110025462,CL100243,EN00485,trottinette,Lille,ST1047,ST1038,2026-08-11 17:03:46,2026-08-11 17:12:46,9,2.05,2.98,cb
TR2608110025463,CL102666,EN00520,velo_elec,Grenoble,ST1048,ST1048,2026-08-11 17:08:47,2026-08-11 17:16:47,8,2.0,3.0,cb
TR2608110025464,CL100307,EN00558,trottinette,Grenoble,ST1049,ST1053,1786460441,2026-08-11 17:06:41,6,1.48,2.32,cb
TR2608110025465,CL103929,EN00519,velo_elec,Grenoble,ST1056,ST1058,2026-08-11 17:12:38,11/08/2026 17:34,22,3.32,6.5,abonnement
TR2608110025466,CL101830,EN00160,velo_elec,Lyon,ST1001,ST1007,2026-08-11 17:25:04,1786463404,25,4.37,7.25,cb
TR2608110025467,CL103348,EN00039,velo_elec,Lyon,ST1002,ST1014,2026-08-11 17:21:23,2026-08-11 17:29:23,8,1.5,3.0,cb
TR2608110025468,CL106966,EN00195,velo_elec,Lyon,ST1003,ST1018,2026-08-11 17:22:50,2026-08-11 17:28:50,6,1.6,2.5,cb
TR2608110025469,CL107219,EN00081,velo_elec,Lyon,ST1003,ST1016,2026-08-11 17:25:54,2026-08-11 17:38:54,13,4.15,4.25,cb
TR2608110025470,CL103916,EN00119,trottinette,Lyon,ST1004,ST1010,2026-08-11 17:27:30,1786462350,5,1.68,2.1,abonnement
TR2608110025471,CL101274,EN00218,velo_elec,Lyon,ST1004,ST1018,11/08/2026 17:27,2026-08-11 17:46:36,19,6.12,5.75,cb
TR2608110025472,CL108152,EN00070,trottinette,Lyon,ST1004,ST1009,2026-08-11 17:16:09,2026-08-11 17:42:09,26,8.06,6.72,cb
TR2608110025473,CL104997,EN00165,trottinette,Lyon,ST1004,ST1017,2026-08-11 17:18:13,11/08/2026 18:22,64,12.24,15.08,cb
TR2608110025474,CL104044,EN00136,trottinette,Lyon,ST1007,ST1010,2026-08-11 17:24:20,2026-08-11 17:31:20,7,1.77,2.54,paypal
TR2608110025475,CL107153,EN00062,trottinette,Lyon,ST1009,ST1011,2026-08-11 17:25:40,11/08/2026 17:36,11,2.96,3.42,cb
TR2608110025476,CL105627,EN00052,trottinette,Lyon,ST1011,ST1009,2026-08-11 17:25:13,2026-08-11 17:29:13,4,1.4,1.88,cb
TR2608110025477,CL107078,EN00009,velo_elec,Lyon,ST1011,ST1010,2026-08-11 17:27:00,2026-08-11 17:48:00,21,5.88,6.25,cb
TR2608110025478,CL101264,EN00183,velo_elec,Lyon,ST1015,ST1015,2026-08-11 17:20:26,2026-08-11 17:42:26,22,7.42,6.5,abonnement
TR2608110025479,CL107676,EN00095,trottinette,Lyon,ST1017,ST1018,11/08/2026 17:29,2026-08-11 17:34:53,5,0.78,2.1,cb
TR2608110025480,CL103553,EN00197,velo_elec,lyon,ST1018,ST1012,2026-08-11 17:19:00,2026-08-11 17:34:00,15,3.66,4.75,abonnement
TR2608110025481,CL100928,EN00334,trottinette,Nantes,ST1022,ST1025,2026-08-11 17:26:47,2026-08-11 17:36:47,10,3.11,3.2,cb
TR2608110025482,CL107048,EN00233,velo_elec,Nantes,ST1030,ST1032,2026-08-11 17:18:09,2026-08-11 17:22:09,4,1.21,2.0,abonnement
TR2608110025483,CL100139,EN00379,velo_elec,Lille,ST1034,ST1046,2026-08-11 17:29:00,2026-08-11 17:39:00,10,2.5,3.5,cb
TR2608110025484,CL104280,EN00435,trottinette,Lille,ST1034,ST1042,2026-08-11 17:21:13,2026-08-11 17:29:13,8,1.82,2.76,abonnement
TR2608110025485,CL107999,EN00470,trottinette,LILLE,ST1035,ST1042,2026-08-11 17:21:36,2026-08-11 17:25:36,4,0.72,1.88,abonnement
TR2608110025486,CL104636,EN00441,velo_elec,Lille,ST1035,ST1042,2026-08-11 17:26:57,2026-08-11 17:37:57,11,2.34,3.75,paypal
TR2608110025487,CL106280,EN00459,velo_elec,Lille,ST1036,ST1037,11/08/2026 17:31,2026-08-11 17:41:01,10,3.26,3.5,paypal
TR2608110025488,CL108838,EN00439,velo_elec,Lille,ST1036,ST1037,2026-08-11 17:22:36,2026-08-11 17:44:36,22,5.06,6.5,cb
TR2608110025489,CL107095,EN00471,velo,Lille,ST1037,ST1040,2026-08-11 17:30:42,2026-08-11 17:39:42,9,2.57,2.35,abonnement
TR2608110025490,CL106678,EN00485,trottinette,Lille,ST1038,ST1043,2026-08-11 17:23:33,2026-08-11 17:45:33,22,5.49,5.84,paypal
TR2608110025491,CL104854,EN00414,velo_elec,Lille,ST1042,ST1039,2026-08-11 17:25:16,2026-08-11 17:34:16,9,1.35,3.25,abonnement
TR2608110025492,CL105719,EN00409,trottinette,Lille,ST1043,ST1045,2026-08-11 17:23:04,2026-08-11 18:17:04,54,17.39,12.88,cb
TR2608110025493,CL107028,EN00520,velo_elec,Grenoble ,ST1048,ST1051,2026-08-11 17:19:45,2026-08-11 17:25:45,6,1.56,2.5,cb
TR2608110025494,CL101568,EN00570,trottinette,Grenoble,ST1048,ST1050,2026-08-11 17:18:32,2026-08-11 17:39:32,21,6.55,5.62,cb
TR2608110025495,CL101406,EN00507,trottinette,Grenoble,ST1050,ST1052,1786461510,2026-08-11 17:31:30,13,3.78,3.86,cb
TR2608110025496,CL106306,EN00586,velo,Grenoble,ST1050,ST1051,2026-08-11 17:28:38,2026-08-11 17:31:38,3,0.5,1.45,cb
TR2608110025497,CL100111,EN00582,trottinette,Grenoble,ST1052,ST1049,2026-08-11 17:29:02,2026-08-11 17:49:02,20,4.67,5.4,cb
TR2608110025498,CL102079,EN00558,trottinette,Grenoble,ST1053,ST1054,2026-08-11 17:21:50,2026-08-11 17:24:50,3,1.01,1.66,abonnement
TR2608110025499,CL107218,EN00600,trottinette,Grenoble,ST1054,ST1049,2026-08-11 17:21:59,2026-08-11 17:27:59,6,1.89,2.32,cb
TR2608110025500,CL104275,EN00187,velo_elec,Lyon,ST1002,ST1008,2026-08-11 17:33:11,2026-08-11 17:40:11,7,2.41,2.75,paypal
TR2608110025501,CL105605,EN00075,trottinette,Lyon,ST1003,ST1014,2026-08-11 17:34:46,11/08/2026 17:41,7,1.95,2.54,cb
TR2608110025502,CL108814,EN00220,velo_elec,Lyon,ST1003,ST1010,2026-08-11 17:37:12,2026-08-11 17:42:12,5,1.67,2.25,abonnement
TR2608110025503,CL105698,EN00076,velo_elec,Lyon,ST1003,ST1008,2026-08-11 17:45:00,11/08/2026 18:09,24,7.96,7.0,abonnement
TR2608110025504,CL100273,EN00027,velo_elec,Lyon,ST1004,ST1016,2026-08-11 17:37:46,2026-08-11 18:04:46,27,7.39,7.75,paypal
TR2608110025505,CL104281,EN00139,velo_elec,Lyon,ST1005,ST1010,2026-08-11 17:45:22,2026-08-11 17:54:22,9,3.07,3.25,cb
TR2608110025506,CL104690,EN00052,trottinette,Lyon,ST1009,ST1004,2026-08-11 17:44:59,1786463519,7,1.42,2.54,cb
TR2608110025507,CL104276,EN00213,trottinette,Lyon,ST1011,ST1011,2026-08-11 17:43:47,2026-08-11 17:55:47,12,4.13,3.64,abonnement
TR2608110025508,CL103557,EN00086,velo_elec,Lyon,ST1019,ST1012,11/08/2026 17:45,11/08/2026 17:52,7,1.58,2.75,cb
TR2608110025509,CL102147,EN00302,velo_elec,Nantes,ST1022,ST1031,2026-08-11 17:43:52,2026-08-11 17:51:52,8,1.78,3.0,abonnement
TR2608110025510,CL102710,EN00236,velo_elec,Nantes,ST1026,ST1030,11/08/2026 17:41,2026-08-11 17:53:33,12,2.4,4.0,cb
TR2608110025511,CL105966,EN00260,velo_elec,Nantes,ST1029,ST1022,11/08/2026 17:32,2026-08-11 19:02:09,90,16.68,23.5,abonnement
TR2608110025512,CL108747,EN00421,velo_elec,Lille,ST1034,ST1037,2026-08-11 17:39:26,2026-08-11 17:46:26,7,1.73,2.75,cb
TR2608110025513,CL106050,EN00403,trottinette,Lille,ST1034,ST1046,2026-08-11 17:40:46,2026-08-11 17:59:46,19,4.79,5.18,cb
TR2608110025514,CL105018,EN00372,trottinette,Lille,ST1036,ST1047,2026-08-11 17:42:18,2026-08-11 17:54:18,12,2.19,3.64,cb
TR2608110025515,CL105028,EN00411,trottinette,Lille,ST1036,ST1042,2026-08-11 17:40:20,2026-08-11 17:59:20,19,5.65,5.18,abonnement
TR2608110025516,CL105896,EN00413,trottinette,Lille,ST1036,ST1035,1786462266,2026-08-11 17:42:06,11,2.64,3.42,abonnement
TR2608110025517,CL102881,EN00434,velo_elec,Lille,ST1041,ST1047,2026-08-11 17:44:08,2026-08-11 17:48:08,4717,1.34,2.0,cb
TR2608110025518,CL107174,EN00437,velo,Lille,ST1043,ST1040,2026-08-11 17:39:31,2026-08-11 17:48:31,9,2.99,2.35,paypal
TR2608110025519,CL105992,EN00396,velo_elec,Lille,ST1045,ST1038,2026-08-11 17:33:27,2026-08-11 17:41:27,8,1.77,3.0,paypal
TR2608110025520,CL106649,EN00520,velo_elec,Grenoble,ST1051,ST1051,2026-08-11 17:33:43,2026-08-11 17:41:43,8,2.51,3.0,cb
TR2608110025521,CL105426,EN00562,velo,Grenoble,ST1053,ST1051,2026-08-11 17:39:12,2026-08-11 18:05:12,26,8.99,4.9,paypal
TR2608110025522,CL103963,EN00558,trottinette,Grenoble,ST1054,ST1058,2026-08-11 17:41:44,2026-08-11 17:48:44,7,1.46,2.54,abonnement
TR2608110025523,CL105908,EN00559,trottinette,Grenoble,ST1054,ST1054,2026-08-11 17:42:24,11/08/2026 17:58,16,4.21,4.52,abonnement
TR2608110025524,CL101355,EN00579,trottinette,grenoble,ST1055,ST1051,11/08/2026 17:31,2026-08-11 17:47:22,16,4.06,4.52,cb
TR2608110025525,CL104418,EN00546,trottinette,Grenoble,ST1056,ST1051,2026-08-11 17:31:21,2026-08-11 17:41:21,10,2.99,3.2,cb
TR2608110025526,CL106369,EN00100,velo_elec,Lyon,ST1002,ST1013,2026-08-11 17:46:07,2026-08-11 17:52:07,6,1.12,2.5,cb
TR2608110025527,CL107239,EN00083,velo_elec,Lyon,ST1002,ST1009,2026-08-11 17:50:33,2026-08-11 18:07:33,17,3.14,5.25,paypal
TR2608110025528,CL104258,EN00175,trottinette,lyon,ST1004,ST1008,2026-08-11 18:00:39,2026-08-11 18:09:39,9,2.32,2.98,cb
TR2608110025529,CL108633,EN00192,velo_elec,Lyon,ST1004,ST1008,11/08/2026 17:48,2026-08-11 18:01:34,13,2.93,4.25,cb
TR2608110025530,CL105266,EN00168,velo_elec,Lyon,ST1004,ST1006,11/08/2026 17:59,2026-08-11 18:19:19,20,5.67,6.0,cb
TR2608110025531,CL103728,EN00187,velo_elec,Lyon,ST1008,ST1009,2026-08-11 17:48:11,11/08/2026 17:58,10,2.98,3.5,abonnement
TR2608110025532,CL100429,EN00119,trottinette,Lyon,ST1010,ST1015,1786463674,11/08/2026 18:14,20,6.9,5.4,paypal
TR2608110025533,CL105752,EN00136,trottinette,Lyon,ST1010,ST1004,2026-08-11 17:59:57,11/08/2026 18:12,13,3.22,3.86,paypal
TR2608110025534,CL108136,EN00071,velo_elec,Lyon,ST1012,ST1009,2026-08-11 17:49:36,2026-08-11 18:04:36,15,4.17,4.75,
TR2608110025535,CL105492,EN00183,velo_elec,Lyon,ST1015,ST1018,2026-08-11 17:49:14,2026-08-11 18:14:14,25,8.56,7.25,paypal
TR2608110025536,CL104874,EN00195,velo_elec,Lyon,ST1018,ST1005,2026-08-11 17:50:57,2026-08-11 17:56:57,6,1.16,2.5,abonnement
TR2608110025537,CL104808,EN00184,velo_elec,Lyon,ST1019,ST1004,2026-08-11 17:59:46,2026-08-11 18:04:46,5,1.67,2.25,cb
TR2608110025538,CL108891,EN00293,velo_elec,Nantes,ST1020,ST1033,2026-08-11 17:48:28,2026-08-11 17:59:28,11,3.59,3.75,abonnement
TR2608110025539,CL100960,EN00479,trottinette,Lille,ST1034,ST1047,11/08/2026 17:50,2026-08-11 18:08:27,18,5.68,4.96,cb
TR2608110025540,CL105320,EN00444,trottinette,Lille,ST1035,ST1038,2026-08-11 17:50:33,2026-08-11 17:56:33,6,1.51,2.32,abonnement
TR2608110025541,CL100846,EN00400,trottinette,Lille,ST1035,ST1045,2026-08-11 17:52:55,2026-08-11 17:59:55,7,1.63,2.54,
TR2608110025542,CL105336,EN00459,velo_elec,Lille,ST1037,ST1043,11/08/2026 17:49,2026-08-11 18:05:42,16,3.53,5.0,cb
TR2608110025543,CL105783,EN00439,velo_elec,Lille,ST1037,ST1041,11/08/2026 17:55,2026-08-11 18:22:44,27,5.83,7.75,abonnement
TR2608110025544,CL101757,EN00485,trottinette,Lille,ST1043,ST1045,11/08/2026 17:56,2026-08-11 18:18:08,22,6.82,5.84,abonnement
TR2608110025545,CL107604,EN00467,velo_elec,Lille,ST1044,ST1034,2026-08-11 17:58:23,2026-08-11 18:09:23,11,3.69,3.75,cb
TR2608110025546,CL108473,EN00424,velo_elec,Lille,ST1045,ST1045,2026-08-11 17:47:26,2026-08-11 17:57:26,10,2.23,3.5,cb
TR2608110025547,CL105849,EN00567,velo_elec,Grenoble,ST1048,ST1053,2026-08-11 17:58:43,2026-08-11 18:07:43,9,2.4,3.25,abonnement
TR2608110025548,CL105944,EN00566,trottinette,Grenoble,ST1048,ST1052,11/08/2026 17:48,11/08/2026 18:13,25,4.67,6.5,cb
TR2608110025549,CL102155,EN00585,velo_elec,Grenoble,ST1049,ST1054,2026-08-11 17:55:39,2026-08-11 18:06:39,11,2.91,3.75,cb
TR2608110025550,CL107573,EN00511,trottinette,Grenoble,ST1049,ST1056,2026-08-11 17:50:40,2026-08-11 18:07:40,17,4.1,4.74,cb
TR2608110025551,CL103530,EN00570,trottinette,Grenoble,ST1050,ST1056,2026-08-11 17:59:10,2026-08-11 18:34:10,35,11.3,8.7,cb
TR2608110025552,CL105957,EN00507,trottinette,Grenoble,ST1052,ST1055,2026-08-11 17:54:00,11/08/2026 18:10,16,5.54,4.52,cb
TR2608110025553,CL108955,EN00564,velo,Grenoble,ST1056,ST1055,2026-08-11 18:00:02,2026-08-11 18:07:02,7,2.33,2.05,cb
TR2608110025554,CL104657,EN00519,velo_elec,Grenoble,ST1058,ST1051,1786463558,2026-08-11 17:57:38,5,0.75,2.25,cb
TR2608110025555,CL103798,EN00551,trottinette,Grenoble,ST1058,ST1048,2026-08-11 17:49:33,2026-08-11 18:09:33,20,3.94,5.4,abonnement
TR2608110025556,CL101232,EN00196,velo_elec,Lyon,ST1002,ST1017,2026-08-11 18:03:09,2026-08-11 18:27:09,24,3.81,7.0,abonnement
TR2608110025557,CL107099,EN00112,velo_elec,Lyon,ST1002,ST1011,2026-08-11 18:14:08,1786466228,23,5.32,6.75,cb
TR2608110025558,CL106015,EN00091,velo_elec,Lyon,ST1003,ST1007,2026-08-11 18:08:30,2026-08-11 18:21:30,13,3.03,4.25,abonnement
TR2608110025559,CL100701,EN00089,trottinette,Lyon,ST1003,ST1014,2026-08-11 18:08:16,2026-08-11 18:24:16,16,3.21,4.52,abonnement
TR2608110025560,CL107505,EN00195,velo_elec,Lyon,ST1005,ST1005,11/08/2026 18:13,2026-08-11 18:24:06,11,3.53,3.75,abonnement
TR2608110025561,CL103209,EN00160,velo_elec,Lyon,ST1007,ST1005,11/08/2026 18:12,2026-08-11 18:26:02,14,2.26,4.5,cb
TR2608110025562,CL102751,EN00192,velo_elec,Lyon,ST1008,ST1013,,2026-08-11 18:11:09,7,2.39,2.75,cb
TR2608110025563,CL100526,EN00187,velo_elec,Lyon,ST1009,ST1004,2026-08-11 18:12:19,2026-08-11 18:22:19,10,1.97,3.5,cb
TR2608110025564,CL108199,EN00141,velo_elec,Lyon,ST1013,ST1016,1786464349,2026-08-11 18:35:49,30,8.23,8.5,cb
TR2608110025565,CL107418,EN00039,velo_elec,Lyon,ST1014,ST1016,11/08/2026 18:11,2026-08-11 18:20:23,9,1.87,3.25,paypal
TR2608110025566,CL100134,EN00063,velo_elec,Lyon,ST1014,ST1019,2026-08-11 18:06:59,11/08/2026 18:28,22,4.06,6.5,
TR2608110025567,CL108422,EN00126,velo,Lyon,ST1015,ST1003,2026-08-11 18:07:17,11/08/2026 18:24,17,3.28,3.55,cb
TR2608110025568,CL103575,EN00081,velo_elec,lyon,ST1016,ST1012,2026-08-11 18:11:02,2026-08-11 18:28:02,17,5.79,5.25,cb
TR2608110025569,CL101647,EN00199,velo_elec,Lyon,ST1017,ST1018,11/08/2026 18:04,2026-08-11 18:09:46,5,0.97,2.25,abonnement
TR2608110025570,CL104923,EN00281,velo_elec,Nantes,ST1022,ST1033,11/08/2026 18:04,2026-08-11 18:06:54,2,0.53,1.5,cb
TR2608110025571,CL106190,EN00395,trottinette, Lille,ST1034,ST1047,2026-08-11 18:02:00,2026-08-11 18:14:00,12,3.56,3.64,abonnement
TR2608110025572,CL106661,EN00462,velo_elec,Lille,ST1035,ST1046,11/08/2026 18:09,2026-08-11 18:33:49,24,6.14,7.0,cb
TR2608110025573,CL100203,EN00384,trottinette,Lille,ST1035,ST1039,11/08/2026 18:13,2026-08-11 18:32:36,19,4.23,5.18,cb
TR2608110025574,CL104614,EN00426,trottinette,lille,ST1035,ST1044,2026-08-11 18:01:15,2026-08-11 18:44:15,43,12.2,10.46,cb
TR2608110025575,CL108555,EN00413,trottinette,Lille,ST1035,ST1046,2026-08-11 18:05:31,2026-08-11 18:15:31,10,1.56,3.2,paypal
TR2608110025576,CL102163,EN00430,velo_elec,Lille,ST1036,ST1037,2026-08-11 18:04:42,1786465602,22,6.72,6.5,abonnement
TR2608110025577,CL102391,EN00494,velo_elec,Lille,ST1040,ST1034,2026-08-11 18:01:12,2026-08-11 18:12:12,11,1.94,3.75,cb
TR2608110025578,CL108358,EN00438,trottinette,Lille,ST1041,ST1038,2026-08-11 18:06:27,2026-08-11 18:23:27,17,4.59,4.74,cb
TR2608110025579,CL103663,EN00400,trottinette,Lille,ST1045,ST1044,2026-08-11 18:01:37,2026-08-11 18:12:37,11,3.46,3.42,cb
TR2608110025580,CL108083,EN00424,velo_elec,Lille,ST1045,ST1045,2026-08-11 18:02:25,2026-08-11 18:12:25,10,2.8,3.5,abonnement
TR2608110025581,CL102615,EN00503,trottinette,Grenoble,ST1049,ST1056,2026-08-11 18:09:25,2026-08-11 18:25:25,16,3.83,4.52,paypal
TR2608110025582,CL107298,EN00582,trottinette,Grenoble,ST1049,ST1049,2026-08-11 18:03:24,2026-08-11 18:11:24,8,1.69,2.76,paypal
TR2608110025583,CL107782,EN00177,velo_elec,Lyon,ST1001,ST1014,2026-08-11 18:21:29,2026-08-11 18:40:29,19,3.39,5.75,abonnement
TR2608110025584,CL107374,EN00068,velo_elec,Lyon,ST1002,ST1007,2026-08-11 18:22:33,2026-08-11 18:41:33,19,6.11,5.75,cb
TR2608110025585,CL108633,EN00157,velo_elec,Lyon,ST1002,ST1014,2026-08-11 18:22:45,11/08/2026 18:34,12,3.95,4.0,paypal
TR2608110025586,CL108429,EN00145,trottinette,Lyon,ST1003,ST1016,11/08/2026 18:26,2026-08-11 18:41:09,15,4.19,4.3,cb
TR2608110025587,CL107106,EN00024,velo_elec,Lyon,ST1003,ST1014,2026-08-11 18:20:16,2026-08-11 18:26:16,6,2.02,2.5,
TR2608110025588,CL102209,EN00052,trottinette,Lyon,ST1004,ST1006,2026-08-11 18:23:32,2026-08-11 18:32:32,9,2.65,2.98,abonnement
TR2608110025589,CL107439,EN00184,velo_elec,Lyon,ST1004,ST1013,1786465193,2026-08-11 18:27:53,8,1.69,3.0,abonnement
TR2608110025590,CL102037,EN00005,velo_elec,Lyon,ST1004,ST1006,11/08/2026 18:18,1786466041,16,4.45,5.0,cb
TR2608110025591,CL101525,EN00013,velo_elec,Lyon,ST1004,ST1018,2026-08-11 18:19:08,2026-08-11 18:23:08,4,0.92,2.0,abonnement
TR2608110025592,CL105580,EN00071,velo_elec,Lyon,ST1009,ST1010,2026-08-11 18:23:24,2026-08-11 18:35:24,12,2.01,4.0,cb
TR2608110025593,CL106937,EN00163,trottinette,Lyon,ST1012,ST1007,2026-08-11 18:22:13,1786465813,8,1.47,2.76,paypal
TR2608110025594,CL105618,EN00212,trottinette,Lyon,ST1014,ST1016,2026-08-11 18:23:07,2026-08-11 18:30:07,7,1.39,2.54,cb
TR2608110025595,CL100877,EN00075,trottinette,Lyon,ST1014,ST1018,2026-08-11 18:29:39,2026-08-11 18:32:39,3,0.77,1.66,abonnement
TR2608110025596,CL104245,EN00111,trottinette,Lyon,ST1018,ST1002,2026-08-11 18:28:57,11/08/2026 18:36,8,1.88,2.76,abonnement
TR2608110025597,CL108235,EN00276,velo_elec,Nantes,ST1020,ST1026,2026-08-11 18:24:12,2026-08-11 18:37:12,13,2.23,4.25,cb
TR2608110025598,CL102192,EN00295,velo_elec,NANTES,ST1022,ST1023,2026-08-11 18:18:03,1786465623,9,1.52,3.25,cb
TR2608110025599,CL103222,EN00331,velo,NANTES,ST1027,ST1029,1786465258,2026-08-11 18:58:58,38,13.13,6.7,cb
TR2608110025600,CL101982,EN00494,velo_elec,Lille,ST1034,ST1037,2026-08-11 18:29:59,1786466099,5,1.27,2.25,cb
TR2608110025601,CL104052,EN00467,velo_elec,Lille,ST1034,ST1039,2026-08-11 18:27:22,2026-08-11 18:42:22,15,3.6,4.75,paypal
TR2608110025602,CL102983,EN00451,velo_elec,Lille,ST1035,ST1039,2026-08-11 18:25:12,2026-08-11 18:37:12,12,3.5,4.0,cb
TR2608110025603,CL104723,EN00378,velo_elec,Lille,ST1036,ST1038,2026-08-11 18:25:04,2026-08-11 18:45:04,20,4.16,6.0,
TR2608110025604,CL101553,EN00399,trottinette,Lille,ST1038,ST1043,1786465591,11/08/2026 18:34,8,2.24,2.76,cb
TR2608110025605,CL105487,EN00414,velo_elec,Lille,ST1039,ST1037,11/08/2026 18:28,2026-08-11 18:39:59,11,3.22,3.75,abonnement
TR2608110025606,CL103559,EN00470,trottinette,Lille,ST1042,ST1034,2026-08-11 18:29:55,11/08/2026 18:33,4,1.31,1.88,cb
TR2608110025607,CL107877,EN00459,velo_elec,Lille,ST1043,ST1040,2026-08-11 18:30:30,2026-08-11 18:46:30,16,3.83,5.0,cb
TR2608110025608,CL108718,EN00372,trottinette,Lille,ST1047,ST1047,2026-08-11 18:21:05,,18,3.47,4.96,cb
TR2608110025609,CL108552,EN00565,trottinette,Grenoble,ST1048,ST1057,2026-08-11 18:29:59,2026-08-11 18:33:59,4,0.77,1.88,cb
TR2608110025610,CL105643,EN00552,trottinette,Grenoble,ST1049,ST1053,1786465512,2026-08-11 18:55:12,30,5.91,7.6,cb
TR2608110025611,CL104732,EN00507,trottinette,Grenoble,ST1055,ST1052,11/08/2026 18:17,2026-08-11 18:30:47,13,2.41,3.86,abonnement
TR2608110025612,CL101991,EN00058,velo_elec,Lyon,ST1001,ST1019,2026-08-11 18:31:43,2026-08-11 18:59:43,28,8.9,8.0,cb
TR2608110025613,CL106383,EN00132,trottinette,Lyon,ST1001,ST1014,2026-08-11 18:40:10,11/08/2026 18:45,5,1.51,2.1,cb
TR2608110025614,CL108481,EN00187,velo_elec,Lyon,ST1004,ST1005,2026-08-11 18:33:37,2026-08-11 18:45:37,12,2.96,4.0,
TR2608110025615,CL103133,EN00041,velo_elec,Lyon,ST1004,ST1016,2026-08-11 18:43:28,2026-08-11 18:51:28,8,1.4,3.0,paypal
TR2608110025616,CL101091,EN00195,velo_elec,Lyon,ST1005,ST1011,2026-08-11 18:35:39,2026-08-11 18:39:39,4,1.2,2.0,paypal
TR2608110025617,CL101151,EN00153,velo_elec,Lyon,ST1006,ST1004,2026-08-11 18:36:55,11/08/2026 18:40,4,1.06,2.0,abonnement
TR2608110025618,CL108067,EN00083,velo_elec,Lyon,ST1009,ST1001,11/08/2026 18:37,2026-08-11 18:42:05,5,0.97,2.25,abonnement
TR2608110025619,CL100649,EN00077,trottinette,Lyon,ST1011,ST1007,2026-08-11 18:35:10,2026-08-11 18:41:10,6,1.02,2.32,abonnement
TR2608110025620,CL106862,EN00102,velo_elec,Lyon,ST1012,ST1007,2026-08-11 18:40:13,2026-08-11 19:03:13,23,6.62,6.75,cb
TR2608110025621,CL103318,EN00119,trottinette,Lyon,ST1015,ST1019,2026-08-11 18:45:09,2026-08-11 18:56:09,11,3.27,3.42,cb
TR2608110025622,CL107557,EN00348,velo_elec,Nantes,ST1020,ST1024,2026-08-11 18:36:38,2026-08-11 18:44:38,8,2.23,3.0,abonnement
TR2608110025623,CL106702,EN00249,velo_elec,nantes,ST1024,ST1029,1786466521,2026-08-11 19:03:01,21,7.21,6.25,paypal
TR2608110025624,CL105992,EN00370,velo_elec,Lille,ST1034,ST1038,2026-08-11 18:45:20,2026-08-11 18:55:20,10,3.07,3.5,abonnement
TR2608110025625,CL106489,EN00374,velo_elec,Lille,ST1034,ST1035,2026-08-11 18:33:07,11/08/2026 18:45,12,3.55,4.0,cb
TR2608110025626,CL108061,EN00473,trottinette,Lille,ST1034,ST1047,2026-08-11 18:40:51,2026-08-11 18:45:51,5,1.27,2.1,cb
TR2608110025627,CL105691,EN00430,velo_elec,Lille,ST1037,ST1038,11/08/2026 18:39,2026-08-11 19:03:27,24,6.61,7.0,cb
TR2608110025628,CL104447,EN00421,velo_elec,Lille,ST1037,ST1037,,2026-08-11 18:42:51,3,1.01,1.75,paypal
TR2608110025629,CL106933,EN00428,velo_elec, Lille,ST1041,ST1039,2026-08-11 18:38:47,11/08/2026 18:41,3,0.85,1.75,cb
TR2608110025630,CL106245,EN00509,trottinette,Grenoble,ST1048,ST1051,11/08/2026 18:37,2026-08-11 18:46:18,9,2.91,2.98,paypal
TR2608110025631,CL107224,EN00545,trottinette,Grenoble,ST1048,ST1057,11/08/2026 18:44,1786468435,29,9.35,7.38,cb
TR2608110025632,CL106345,EN00533,velo_elec,Grenoble,ST1049,ST1054,2026-08-11 18:32:59,2026-08-11 18:36:59,4,1.31,2.0,cb
TR2608110025633,CL102483,EN00567,velo_elec,Grenoble,ST1053,ST1052,2026-08-11 18:41:26,2026-08-11 18:51:26,10,1.91,3.5,cb
TR2608110025634,CL105376,EN00585,velo_elec,Grenoble,ST1054,ST1052,11/08/2026 18:37,11/08/2026 18:50,13,2.54,4.25,cb
TR2608110025635,CL105833,EN00564,velo,Grenoble,ST1055,ST1051,11/08/2026 18:41,2026-08-11 18:55:55,14,3.59,3.1,cb
TR2608110025636,CL100733,EN00083,velo_elec,Lyon,ST1001,ST1011,2026-08-11 18:46:56,,15,2.93,4.75,cb
TR2608110025637,CL104486,EN00054,trottinette,Lyon,ST1001,ST1002,2026-08-11 18:55:36,2026-08-11 19:11:36,16,3.11,4.52,cb
TR2608110025638,CL105201,EN00105,velo_elec,Lyonn,ST1001,ST1017,2026-08-11 18:59:38,2026-08-11 19:03:38,4,0.94,2.0,paypal
TR2608110025639,CL103689,EN00050,velo_elec,Lyon,ST1001,ST1005,11/08/2026 18:56,2026-08-11 19:03:51,7,2.37,2.75,paypal
TR2608110025640,CL101591,EN00178,velo_elec,Lyon,ST1002,ST1019,2026-08-11 18:58:51,2026-08-11 19:09:51,11,2.61,3.75,cb
TR2608110025641,CL105975,EN00217,velo_elec,Lyon,ST1004,ST1004,2026-08-11 18:46:39,2026-08-11 19:08:39,22,4.82,6.5,abonnement
TR2608110025642,CL102381,EN00187,velo_elec,Lyon,ST1005,ST1013,2026-08-11 18:46:03,2026-08-11 19:14:03,28,4.22,8.0,cb
TR2608110025643,CL106951,EN00061,trottinette,lyon,ST1006,ST1002,2026-08-11 18:54:12,2026-08-11 19:07:12,13,3.01,3.86,cb
TR2608110025644,CL107187,EN00052,trottinette,Lyon,ST1006,ST1008,2026-08-11 18:51:03,2026-08-11 19:05:03,14,2.91,4.08,cb
TR2608110025645,CL102037,EN00180,trottinette,Lyon,ST1011,ST1013,2026-08-11 18:55:08,2026-08-11 19:24:08,29,8.23,7.38,cb
TR2608110025646,CL100500,EN00470,trottinette,Lille,ST1034,ST1036,2026-08-11 18:52:13,2026-08-11 19:32:13,40,13.05,9.8,cb
TR2608110025647,CL103559,EN00489,trottinette,Lille,ST1034,ST1046,2026-08-11 18:49:45,11/08/2026 19:10,21,6.6,5.62,abonnement
TR2608110025648,CL100249,EN00417,trottinette,Lille,ST1035,ST1044,2026-08-11 18:53:11,11/08/2026 18:59,6,1.93,2.32,cb
TR2608110025649,CL102424,EN00394,velo_elec,Lille,ST1035,ST9077,2026-08-11 18:49:44,2026-08-11 19:05:44,16,3.85,5.0,cb
TR2608110025650,CL104249,EN00494,velo_elec,Lille,ST1037,ST1046,2026-08-11 18:59:12,2026-08-11 19:15:12,16,4.24,5.0,cb
TR2608110025651,CL101233,EN00444,trottinette, Lille,ST1038,ST1045,2026-08-11 18:50:07,2026-08-11 18:58:07,8,2.2,2.76,cb
TR2608110025652,CL105013,EN00439,velo_elec,Lille,ST1041,ST1042,11/08/2026 18:49,2026-08-11 19:10:18,21,5.52,6.25,paypal
TR2608110025653,CL108471,EN00460,velo_elec,Lille,ST1042,ST1042,11/08/2026 18:53,2026-08-11 18:58:10,5,1.25,2.25,cb
TR2608110025654,CL101365,EN00399,trottinette,Lille,ST1043,ST1035,2026-08-11 18:56:30,2026-08-11 19:09:30,13,4.13,3.86,abonnement
TR2608110025655,CL103261,EN00493,velo_elec,Lille,ST1044,ST1046,1786467377,2026-08-11 19:10:17,14,2.79,4.5,cb
TR2608110025656,CL103730,EN00409,trottinette, Lille,ST1045,ST1039,2026-08-11 19:00:16,,14,2.19,4.08,abonnement
TR2608110025657,CL105495,EN00434,velo_elec,Lille,ST1047,ST1046,2026-08-11 18:49:34,2026-08-11 19:14:34,25,7.76,7.25,cb
TR2608110025658,CL104405,EN00560,velo_elec,Grenoble,ST1048,ST1054,2026-08-11 18:49:05,2026-08-11 19:03:05,14,3.12,4.5,abonnement
TR2608110025659,CL106646,EN00597,trottinette,Grenoble,ST1049,ST1056,2026-08-11 18:59:18,2026-08-11 19:17:18,18,6.0,4.96,cb
TR2608110025660,CL102235,EN00554,velo_elec,Grenoble,ST1049,ST1053,2026-08-11 18:51:13,2026-08-11 19:01:13,10,3.37,3.5,paypal
TR2608110025661,CL108419,EN00566,trottinette,Grenoble,ST1052,ST1050,2026-08-11 18:58:10,2026-08-11 19:15:10,17,4.82,4.74,cb
TR2608110025662,CL103145,EN00533,velo_elec,Grenoble,ST1054,ST1058,2026-08-11 18:51:00,11/08/2026 18:54,3,0.84,1.75,cb
TR2608110025663,CL100432,EN00511,trottinette,Grenoble,ST1056,ST1053,2026-08-11 19:00:29,2026-08-11 19:32:29,32,9.69,8.04,cb
TR2608110025664,CL106364,EN00118,trottinette,Lyon,ST1001,ST1005,2026-08-11 19:10:10,2026-08-11 19:21:10,11,1.94,3.42,cb
TR2608110025665,CL101207,EN00008,trottinette,Lyon,ST1001,ST1018,2026-08-11 19:08:29,2026-08-11 19:16:29,8,2.39,2.76,abonnement
TR2608110025666,CL101938,EN00084,velo_elec,Lyon,ST1002,ST1005,2026-08-11 19:15:45,2026-08-11 19:31:45,16,4.06,5.0,abonnement
TR2608110025667,CL105628,EN00201,velo_elec,Lyon,ST1003,ST1015,2026-08-11 19:13:03,2026-08-11 19:41:03,28,8.82,8.0,cb
TR2608110025668,CL101892,EN00153,velo_elec,Lyon,ST1004,ST1003,2026-08-11 19:00:54,2026-08-11 19:06:54,6,0.99,2.5,cb
TR2608110025669,CL101843,EN00195,velo_elec,Lyon,ST1011,ST1011,11/08/2026 19:14,2026-08-11 19:34:12,20,3.14,6.0,abonnement
TR2608110025670,CL105482,EN00011,velo_elec,Lyon,ST1012,ST1018,2026-08-11 19:05:10,2026-08-11 19:18:10,13,4.11,4.25,cb
TR2608110025671,CL101783,EN00053,trottinette,lyon,ST1012,ST1002,2026-08-11 19:16:03,11/08/2026 19:25,9,1.48,2.98,cb
TR2608110025672,CL103697,EN00420,trottinette,Lille,ST1034,ST1040,11/08/2026 19:06,2026-08-11 19:19:18,13,3.68,3.86,cb
TR2608110025673,CL105360,EN00363,velo_elec,Lille,ST1034,ST1035,2026-08-11 19:15:30,2026-08-11 19:27:30,12,1.86,4.0,cb
TR2608110025674,CL103042,EN00386,trottinette,Lille,ST1034,ST1042,1786468346,2026-08-11 19:16:26,4,0.81,1.88,abonnement
TR2608110025675,CL102543,EN00453,trottinette,Lille,ST1035,ST1041,1786468173,2026-08-11 19:17:33,8,1.47,2.76,cb
TR2608110025676,CL107601,EN00416,trottinette,lille,ST1035,ST1046,2026-08-11 19:13:28,2026-08-11 19:25:28,12,2.57,3.64,cb
TR2608110025677,CL107856,EN00475,trottinette,Lille,ST1035,ST1044,2026-08-11 19:08:26,2026-08-11 19:15:26,7,2.28,2.54,cb
TR2608110025678,CL102128,EN00421,velo_elec, Lille,ST1037,ST1041,2026-08-11 19:05:46,2026-08-11 19:21:46,16,4.63,5.0,paypal
TR2608110025679,CL104096,EN00414,velo_elec,Lille,ST1037,ST1045,2026-08-11 19:13:35,1786468895,8,1.67,3.0,abonnement
TR2608110025680,CL105013,EN00460,velo_elec,Lille,ST1042,ST1036,2026-08-11 19:14:30,11/08/2026 19:33,19,3.81,5.75,abonnement
TR2608110025681,CL100544,EN00522,velo_elec,Grenoble,ST1049,ST1052,2026-08-11 19:03:02,2026-08-11 19:17:02,14,2.18,4.5,abonnement
TR2608110025682,CL100314,EN00526,velo_elec,Grenoble,ST1049,ST1057,2026-08-11 19:14:02,2026-08-11 19:42:02,28,7.45,8.0,cb
TR2608110025683,CL106599,EN00019,trottinette,Lyon,ST1002,ST1017,2026-08-11 19:16:32,2026-08-11 19:38:32,22,3.31,5.84,cb
TR2608110025684,CL106811,EN00111,trottinette,Lyonn,ST1002,ST1018,2026-08-11 19:16:35,11/08/2026 19:24,8,1.96,2.76,paypal
TR2608110025685,CL103049,EN00127,trottinette,Lyon,ST1002,ST1004,2026-08-11 19:24:02,11/08/2026 19:27,3,0.74,1.66,paypal
TR2608110025686,CL101884,EN00153,velo_elec,Lyon,ST1003,ST1012,11/08/2026 19:28,2026-08-11 19:46:10,18,4.8,5.5,cb
TR2608110025687,CL107898,EN00217,velo_elec,Lyon,ST1004,ST1007,11/08/2026 19:27,2026-08-11 19:35:21,8,1.27,3.0,cb
TR2608110025688,CL104548,EN00174,velo_elec,Lyon,ST1004,ST1016,2026-08-11 19:26:25,1786469425,4,0.84,2.0,abonnement
TR2608110025689,CL103099,EN00145,trottinette,Lyon,ST1016,ST1001,2026-08-11 19:27:06,2026-08-11 19:55:06,28,5.05,7.16,paypal
TR2608110025690,CL105484,EN00141,velo_elec,Lyon,ST1016,ST1009,2026-08-11 19:19:16,2026-08-11 19:25:16,6,1.94,2.5,cb
TR2608110025691,CL101684,EN00257,trottinette,Nantes,ST1031,ST1021,2026-08-11 19:18:06,2026-08-11 19:26:06,8,1.91,2.76,paypal
TR2608110025692,CL105657,EN00399,trottinette, Lille,ST1035,ST1044,2026-08-11 19:27:26,11/08/2026 19:32,5,1.46,2.1,cb
TR2608110025693,CL104805,EN00443,velo_elec,Lille,ST1035,ST1037,,2026-08-11 20:27:20,63,17.12,16.75,cb
TR2608110025694,CL104303,EN00402,trottinette,LILLE,ST1035,ST1041,2026-08-11 19:15:51,2026-08-11 19:31:51,16,3.18,4.52,cb
TR2608110025695,CL107870,EN00447,velo, Lille,ST1041,ST1038,1786468543,2026-08-11 19:20:43,5,0.99,1.75,paypal
TR2608110025696,CL108234,EN00372,trottinette,lille,ST1047,ST1041,2026-08-11 19:21:24,2026-08-11 19:27:24,-4,1.94,2.32,cb
TR2608110025697,CL106147,EN00571,trottinette,GRENOBLE,ST1048,ST1056,2026-08-11 19:20:11,2026-08-11 19:56:11,36,9.54,8.92,cb
TR2608110025698,CL101506,EN00566,trottinette,GRENOBLE,ST1050,ST1053,2026-08-11 19:25:51,2026-08-11 19:29:51,4,1.09,1.88,abonnement
TR2608110025699,CL107529,EN00512,velo_elec,GRENOBLE,ST1051,ST1058,2026-08-11 19:22:22,11/08/2026 19:41,19,4.97,5.75,cb
TR2608110025700,CL104080,EN00567,velo_elec,Grenoble,ST1052,ST1055,,11/08/2026 19:27,6,2.04,2.5,cb
TR2608110025701,CL102014,EN00552,trottinette,Grenoble,ST1053,ST1057,2026-08-11 19:26:16,2026-08-11 19:31:16,5,0.79,2.1,cb
TR2608110025702,CL103973,EN00554,velo_elec,Grenoble,ST1053,ST1053,2026-08-11 19:23:50,2026-08-11 19:58:50,-13,11.67,9.75,abonnement
TR2608110025703,CL105985,EN00560,velo_elec,Grenoble ,ST1054,ST1050,2026-08-11 19:18:33,11/08/2026 19:32,14,4.47,4.5,abonnement
TR2608110025704,CL102418,EN00544,velo_elec,Grenoble,ST1054,ST1055,2026-08-11 19:26:10,11/08/2026 19:35,9,2.15,3.25,abonnement
TR2608110025705,CL102890,EN00053,trottinette,Lyon,ST1002,ST1009,2026-08-11 19:42:49,2026-08-11 20:01:49,19,4.21,5.18,cb
TR2608110025706,CL108997,EN00162,velo_elec,Lyon,ST1003,ST1014,2026-08-11 19:39:49,2026-08-11 19:52:49,-16,2.7,4.25,abonnement
TR2608110025707,CL102552,EN00182,trottinette,Lyon,ST1006,ST1011,2026-08-11 19:36:26,2026-08-11 19:40:26,4,0.97,1.88,cb
TR2608110025708,CL103595,EN00076,velo_elec,Lyon,ST1008,ST1012,2026-08-11 19:39:36,2026-08-11 19:47:36,8,2.78,3.0,cb
TR2608110025709,CL106991,EN00197,velo_elec,Lyon,ST1012,ST1017,2026-08-11 19:40:45,2026-08-11 19:54:45,14,3.93,4.5,abonnement
TR2608110025710,CL108478,EN00058,velo_elec,Lyon,ST1019,ST1017,2026-08-11 19:44:28,11/08/2026 19:57,13,3.51,4.25,abonnement
TR2608110025711,CL102677,EN00327,velo_elec,Nantes,ST1020,ST1032,2026-08-11 19:40:04,1786470244,4,0.94,2.0,abonnement
TR2608110025712,CL104878,EN00381,trottinette,Lille,ST1034,ST1040,2026-08-11 19:33:48,2026-08-11 19:41:48,8,2.05,2.76,cb
TR2608110025713,CL106852,EN00393,trottinette,Lille,ST1036,ST1034,2026-08-11 19:31:55,2026-08-11 19:35:55,4,0.85,1.88,abonnement
TR2608110025714,CL104293,EN00409,trottinette,Lille,ST1039,ST1038,2026-08-11 19:37:55,2026-08-11 20:22:55,45,14.38,10.9,cb
TR2608110025715,CL108694,EN00467,velo_elec,Lille,ST1039,ST1046,2026-08-11 19:31:34,2026-08-11 19:39:34,8,1.59,3.0,abonnement
TR2608110025716,CL104632,EN00485,trottinette,Lille,ST1045,ST1046,2026-08-11 19:42:04,2026-08-11 19:51:04,9,2.08,2.98,cb
TR2608110025717,CL103957,EN00427,trottinette,Lille,ST1047,ST1041,2026-08-11 19:44:13,2026-08-11 20:01:13,17,5.23,4.74,cb
TR2608110025718,CL103241,EN00501,trottinette,Grenoble,ST1048,ST1049,11/08/2026 19:34,2026-08-11 19:47:45,13,3.52,3.86,abonnement
TR2608110025719,CL102011,EN00577,velo_elec,Grenoble,ST1048,ST1057,2026-08-11 19:44:37,2026-08-11 19:46:37,2,0.3,1.5,paypal
TR2608110025720,CL104003,EN00566,trottinette,Grenoble,ST1053,ST1055,2026-08-11 19:34:02,1786471022,23,4.62,6.06,cb
TR2608110025721,CL108285,EN00559,trottinette,grenoble,ST1054,ST1048,11/08/2026 19:44,2026-08-11 20:09:15,25,6.6,6.5,cb
TR2608110025722,CL103290,EN00558,trottinette,Grenoble,ST1058,ST1049,2026-08-11 19:40:30,2026-08-11 19:50:30,10,3.29,3.2,abonnement
TR2608110025723,CL101599,EN00065,trottinette,Lyon,ST1002,ST1017,2026-08-11 19:47:28,2026-08-11 20:17:28,30,5.06,7.6,cb
TR2608110025724,CL102346,EN00135,trottinette,Lyon,ST1003,ST1015,2026-08-11 19:52:46,2026-08-11 20:12:46,20,3.37,5.4,abonnement
TR2608110025725,CL107898,EN00084,velo_elec,Lyon,ST1005,ST1006,2026-08-11 19:47:32,11/08/2026 20:03,-16,3.07,5.0,cb
TR2608110025726,CL100170,EN00168,velo_elec,Lyon,ST1006,ST1008,2026-08-11 19:52:25,2026-08-11 20:16:25,24,8.01,7.0,cb
TR2608110025727,CL105229,EN00163,trottinette,Lyon,ST1007,ST1007,2026-08-11 19:49:12,2026-08-11 19:57:12,8,2.69,2.76,abonnement
TR2608110025728,CL100513,EN00217,velo_elec,Lyon,ST1007,ST1001,11/08/2026 19:46,1786471190,13,4.29,4.25,cb
TR2608110025729,CL103883,EN00304,velo_elec,Nantes,ST1020,ST1029,2026-08-11 19:54:32,2026-08-11 20:03:32,9,2.09,3.25,paypal
TR2608110025730,CL102268,EN00259,trottinette,Nantes,ST1022,ST1026,11/08/2026 19:56,2026-08-11 20:12:56,16,3.23,4.52,cb
TR2608110025731,CL106500,EN00393,trottinette,Lille,ST1034,ST1040,2026-08-11 19:51:23,11/08/2026 20:08,17,4.27,4.74,abonnement
TR2608110025732,CL107793,EN00430,velo_elec,Lille,ST1038,ST1040,2026-08-11 19:53:49,2026-08-11 19:57:49,4,1.15,2.0,cb
TR2608110025733,CL103904,EN00426,trottinette,Lille,ST1044,ST1036,2026-08-11 19:57:31,2026-08-11 20:13:31,16,4.8,4.52,abonnement
TR2608110025734,CL104033,EN00512,velo_elec,Grenoble,ST1058,ST1052,11/08/2026 19:46,2026-08-11 19:54:34,8,1.26,3.0,cb
TR2608110025735,CL107752,EN00533,velo_elec,Grenoble,ST1058,ST1048,2026-08-11 19:52:18,1786470918,3,0.76,1.75,paypal
TR2608110025736,CL107114,EN00165,trottinette,Lyon,ST1017,ST1016,11/08/2026 20:04,11/08/2026 20:13,9,1.59,2.98,paypal
TR2608110025737,CL107989,EN00360,trottinette,Nantes,ST1022,ST1026,1786471504,,48,15.97,11.56,abonnement
TR2608110025738,CL103716,EN00428,velo_elec,Lille,ST1039,ST1039,11/08/2026 20:13,2026-08-11 20:36:44,23,5.48,6.75,paypal
TR2608110025739,CL104095,EN00444,trottinette,Lille,ST1045,ST1034,11/08/2026 20:14,,16,2.61,4.52,cb
TR2608110025740,CL101548,EN00473,trottinette,LILLE,ST1047,ST1041,11/08/2026 20:05,2026-08-11 20:13:20,8,2.43,2.76,cb
TR2608110025741,CL106818,EN00533,velo_elec,Grenoble,ST1048,ST1049,2026-08-11 20:03:40,2026-08-11 20:12:40,9,2.47,3.25,cb
TR2608110025742,CL106187,EN00560,velo_elec,Grenoble,ST1050,ST1058,2026-08-11 20:14:33,,10,2.37,3.5,abonnement
TR2608110025743,CL108531,EN00534,trottinette,Grenoble,ST1054,ST1050,2026-08-11 20:02:02,2026-08-11 20:21:02,19,5.46,5.18,abonnement
TR2608110025744,CL106106,EN00539,velo_elec,Grenoble,ST1057,ST1051,2026-08-11 20:04:24,2026-08-11 20:22:24,18,3.04,5.5,cb
TR2608110025745,CL102726,EN00069,trottinette,Lyon,ST1001,ST1013,1786472362,2026-08-11 20:31:22,12,3.31,3.64,cb
TR2608110025746,CL104339,EN00160,velo_elec,Lyon,ST1005,ST1016,2026-08-11 20:19:36,2026-08-11 20:32:36,13,2.7,4.25,abonnement
TR2608110025747,CL105275,EN00378,velo_elec,Lille,ST1038,ST1044,2026-08-11 20:16:16,,9,2.88,3.25,abonnement
TR2608110025748,CL104599,EN00498,trottinette,Lille,ST1042,ST1041,2026-08-11 20:27:47,2026-08-11 20:38:47,11,3.63,3.42,cb
TR2608110025749,CL102576,EN00474,velo_elec,Lille,ST1046,ST1043,11/08/2026 20:20,2026-08-11 20:27:53,7,2.39,2.75,abonnement
TR2608110025750,CL105486,EN00395,trottinette,Lille,ST1047,ST1036,11/08/2026 20:28,2026-08-11 20:45:09,17,2.91,4.74,paypal
TR2608110025751,CL102586,EN00552,trottinette,Grenoble,ST1057,ST1052,2026-08-11 20:23:28,1786472848,4,1.19,1.88,cb
TR2608110025752,CL102167,EN00198,velo_elec,Lyon,ST1002,ST1015,2026-08-11 20:36:30,2026-08-11 21:11:30,35,9.76,9.75,abonnement
TR2608110025753,CL103645,EN00141,velo_elec,Lyon,ST1009,ST1006,2026-08-11 20:32:00,2026-08-11 20:37:00,5,1.46,2.25,cb
TR2608110025754,CL106713,EN00113,velo_elec,Lyon,ST1013,ST1003,11/08/2026 20:43,1786474688,15,4.66,4.75,cb
TR2608110025755,CL106810,EN00069,trottinette,Lyon,ST1013,ST1012,11/08/2026 20:46,2026-08-11 20:57:28,11,2.22,3.42,paypal
TR2608110025756,CL107192,EN00165,trottinette,Lyon,ST1016,ST1004,2026-08-11 20:39:25,11/08/2026 20:54,15,4.6,4.3,abonnement
TR2608110025757,CL105247,EN00230,velo_elec,Nantes,ST1025,ST1030,2026-08-11 20:34:18,1786474458,20,3.24,6.0,cb
TR2608110025758,CL105333,EN00560,velo_elec,Grenoble,ST1058,ST9133,11/08/2026 20:45,2026-08-11 21:01:01,16,3.81,5.0,cb
TR2608110025759,CL106382,EN00142,velo_elec,Lyon,ST1002,ST1019,2026-08-11 20:52:09,2026-08-11 21:21:09,29,7.52,8.25,cb
TR2608110025760,CL101559,EN00152,velo_elec,Lyon,ST1003,ST1012,2026-08-11 20:58:23,2026-08-11 21:38:23,40,6.5,,cb
TR2608110025761,CL102403,EN00141,velo_elec,Lyon,ST1006,ST1001,11/08/2026 20:57,2026-08-11 21:05:05,8,1.95,3.0,cb
TR2608110025762,CL101853,EN00191,trottinette,Lyon,ST1014,ST1014,2026-08-11 20:57:18,2026-08-11 21:01:18,4,1.0,1.88,cb
TR2608110025763,CL105608,EN00011,velo_elec,Lyon,ST1018,ST1013,,2026-08-11 21:16:47,16,4.11,5.0,cb
TR2608110025764,CL105623,EN00247,trottinette,Nantes,ST1021,ST1024,11/08/2026 20:49,2026-08-11 21:01:19,12,4.06,3.64,paypal
TR2608110025765,CL104222,EN00358,trottinette,Nantes,ST1031,ST1021,1786474558,2026-08-11 21:07:58,12,3.63,3.64,cb
TR2608110025766,CL108505,EN00380,velo_elec,Lille,ST1035,ST1038,2026-08-11 20:46:36,2026-08-11 21:18:36,32,6.31,9.0,cb
TR2608110025767,CL100084,EN00381,trottinette,Lille,ST1040,ST1037,2026-08-11 21:01:07,2026-08-11 21:10:07,9,2.19,2.98,cb
TR2608110025768,CL102483,EN00527,velo_elec,Grenoble,ST1049,ST1055,2026-08-11 20:56:33,2026-08-11 21:06:33,10,1.61,3.5,paypal
TR2608110025769,CL108140,EN00554,velo_elec,Grenoble,ST1053,ST1052,11/08/2026 20:59,2026-08-11 21:05:37,6,1.61,2.5,paypal
TR2608110025770,CL107892,EN00570,trottinette,Grenoble,ST1056,ST1058,2026-08-11 20:53:37,2026-08-11 21:01:37,8,1.3,2.76,abonnement
TR2608110025771,CL102724,EN00061,trottinette,Lyon,ST1002,ST1013,2026-08-11 21:02:47,2026-08-11 21:21:47,19,6.32,5.18,cb
TR2608110025772,CL108983,EN00100,velo_elec,Lyon,ST1013,ST1015,2026-08-11 21:03:53,2026-08-11 22:03:53,60,20.22,16.0,cb
TR2608110025773,CL100148,EN00039,velo_elec,Lyon,ST1016,ST1006,2026-08-11 21:13:33,2026-08-11 21:28:33,15,3.54,4.75,cb
TR2608110025774,CL105064,EN00178,velo_elec,Lyon,ST1019,ST1007,2026-08-11 21:02:38,2026-08-11 21:09:38,7,2.14,2.75,
TR2608110025775,CL106734,EN00063,velo_elec,Lyon,ST1019,ST1015,2026-08-11 21:09:22,2026-08-11 21:16:22,7,1.49,2.75,cb
TR2608110025776,CL105958,EN00361,trottinette,Lille,ST1035,ST1045,2026-08-11 21:04:21,2026-08-11 21:21:21,17,2.73,4.74,cb
TR2608110025777,CL100015,EN00383,trottinette,Lille,ST1040,ST1037,11/08/2026 21:11,2026-08-11 21:23:45,12,3.61,3.64,paypal
TR2608110025778,CL101256,EN00474,velo_elec,Lille,ST1043,ST1037,2026-08-11 21:15:29,2026-08-11 21:25:29,10,2.91,3.5,abonnement
TR2608110025779,CL104804,EN00566,trottinette,Grenoble,ST1055,ST1057,2026-08-11 21:13:27,2026-08-11 21:22:27,9,2.09,2.98,paypal
TR2608110025780,CL102605,EN00503,trottinette,Grenoble,ST1056,ST1051,11/08/2026 21:04,2026-08-11 21:11:51,7,1.41,2.54,paypal
TR2608110025781,CL108088,EN00163,trottinette,Lyon,ST1007,ST1005,2026-08-11 21:26:27,2026-08-11 21:31:27,5,0.79,2.1,cb
TR2608110025782,CL102106,EN00052,trottinette,Lyon,ST1008,ST1008,2026-08-11 21:21:05,2026-08-11 21:59:05,38,10.84,9.36,cb
TR2608110025783,CL102717,EN00037,trottinette,Lyon,ST1011,ST1012,11/08/2026 21:25,2026-08-11 21:29:06,4,0.75,1.88,cb
TR2608110025784,CL105784,EN00112,velo_elec,Lyon,ST1011,ST1007,2026-08-11 21:17:24,1786476084,4,0.84,2.0,abonnement
TR2608110025785,CL101333,EN00069,trottinette,Lyon,ST1012,ST1009,11/08/2026 21:22,1786476890,12,2.56,3.64,abonnement
TR2608110025786,CL105788,EN00199,velo_elec,Lyon,ST1018,ST1003,2026-08-11 21:28:26,2026-08-11 21:35:26,7,1.47,2.75,cb
TR2608110025787,CL102783,EN00119,trottinette,Lyon,ST1019,ST1003,2026-08-11 21:24:12,2026-08-11 21:33:12,9,1.83,2.98,cb
TR2608110025788,CL104924,EN00249,velo_elec,Nantes,ST1029,ST1023,2026-08-11 21:25:54,11/08/2026 21:47,22,5.07,6.5,cb
TR2608110025789,CL108692,EN00575,trottinette,Grenoble,ST1051,ST1053,11/08/2026 21:27,2026-08-11 21:32:57,5,1.68,2.1,cb
TR2608110025790,CL103835,EN00113,velo_elec,Lyon,ST1003,ST1006,1786477020,1786477140,2,0.46,1.5,cb
TR2608110025791,CL104507,EN00268,trottinette,Nantes,ST1031,ST1030,2026-08-11 21:37:34,2026-08-11 21:53:34,16,3.38,4.52,abonnement
TR2608110025792,CL104154,EN00372,trottinette,Lille,ST1041,ST1040,2026-08-11 21:38:45,1786477785,11,3.77,3.42,cb
TR2608110025793,CL105154,EN00485,trottinette,Lille,ST1046,ST1044,2026-08-11 21:39:34,2026-08-11 21:43:34,4,1.39,1.88,cb
TR2608110025794,CL107111,EN00549,velo_elec,Grenoble,ST1049,ST1055,1786477474,11/08/2026 21:59,15,4.73,4.75,abonnement
TR2608110025795,CL102390,EN00534,trottinette,Grenoble,ST1050,ST1051,2026-08-11 21:34:56,2026-08-11 21:55:56,21,4.46,5.62,abonnement
TR2608110025796,CL105220,EN00570,trottinette,Grenoble,ST1058,ST1057,2026-08-11 21:42:48,2026-08-11 22:17:48,35,8.67,8.7,abonnement
TR2608110025797,CL103692,EN00146,trottinette,Lyon,ST1001,ST1003,2026-08-11 21:52:30,2026-08-11 21:57:30,5,1.54,2.1,cb
TR2608110025798,CL104755,EN00077,trottinette,Lyon,ST1007,ST1003,11/08/2026 21:52,2026-08-11 21:57:41,5,1.12,2.1,cb
TR2608110025799,CL100484,EN00071,velo_elec,Lyon,ST1010,ST1006,2026-08-11 21:56:30,2026-08-11 22:07:30,11,2.3,3.75,cb
TR2608110025800,CL108976,EN00153,velo_elec,Lyon,ST1012,ST1008,2026-08-11 21:56:29,2026-08-11 22:06:29,10,2.55,3.5,abonnement
TR2608110025801,CL100639,EN00191,trottinette,Lyon,ST1014,ST1010,2026-08-11 21:58:09,2026-08-11 22:11:09,13,4.26,3.86,paypal
TR2608110025802,CL108251,EN00335,velo,Nantes,ST1027,ST1025,11/08/2026 21:59,2026-08-11 22:02:58,3,0.82,1.45,abonnement
TR2608110025803,CL108066,EN00391,velo_elec,Lille,ST1035,ST1042,11/08/2026 21:50,2026-08-11 22:02:42,12,3.07,4.0,cb
TR2608110025804,CL100846,EN00474,velo_elec,Lille,ST1037,ST1040,2026-08-11 21:54:40,,11,3.83,3.75,abonnement
TR2608110025805,CL108297,EN00498,trottinette,Lille,ST1041,ST1042,2026-08-11 21:59:26,2026-08-11 22:03:26,4,0.88,1.88,paypal
TR2608110025806,CL101818,EN00485,trottinette,Lille,ST1044,ST1036,1786477895,2026-08-11 21:54:35,3,0.72,1.66,cb
TR2608110025807,CL100186,EN00414,velo_elec,Lille,ST1045,ST1046,2026-08-11 22:00:36,2026-08-11 22:14:36,14,3.67,4.5,cb
TR2608110025808,CL103354,EN00033,trottinette,Lyon,ST1019,ST1015,,,23,4.69,6.06,cb
TR2608110025809,CL108968,EN00375,trottinette,Lille,ST1034,ST1034,2026-08-11 22:02:07,1786479007,8,1.67,2.76,cb
TR2608110025810,CL104492,EN00485,trottinette,Lille,ST1036,ST1045,2026-08-11 22:10:06,11/08/2026 22:20,10,2.58,3.2,cb
TR2608110025811,CL107834,EN00113,velo_elec,Lyon,ST1006,ST1019,2026-08-11 22:17:14,2026-08-11 22:31:14,14,4.56,4.5,abonnement
TR2608110025812,CL106983,EN00153,velo_elec,Lyon,ST1008,ST1004,2026-08-11 22:18:26,2026-08-11 22:35:26,17,4.26,5.25,cb
TR2608110025813,CL104489,EN00558,trottinette,Grenoble,ST1049,ST1053,1786479388,2026-08-11 22:26:28,10,2.02,3.2,paypal
TR2608110025814,CL100847,EN00582,trottinette,Grenoble,ST1049,ST1052,2026-08-11 22:19:36,11/08/2026 22:27,8,1.84,2.76,paypal
TR2608110025815,CL108370,EN00520,velo_elec,Grenoble,ST1051,ST1053,2026-08-11 22:28:30,2026-08-11 22:37:30,9,2.97,3.25,cb
TR2608110025816,CL100930,EN00563,trottinette,Grenoble,ST1058,ST1050,11/08/2026 22:19,1786480412,14,4.65,4.08,abonnement
TR2608110025817,CL103017,EN00081,velo_elec,Lyon,ST1012,ST1004,2026-08-11 22:44:01,2026-08-11 22:47:01,3,0.95,1.75,cb
TR2608110025818,CL103638,EN00204,velo_elec,Lyon,ST1013,ST1002,2026-08-11 22:33:14,2026-08-11 22:43:14,10,2.47,3.5,paypal
TR2608110025819,CL103363,EN00177,velo_elec,Lyon,ST1014,ST1005,2026-08-11 22:41:12,2026-08-11 22:59:12,18,5.78,5.5,paypal
TR2608110025820,CL107111,EN00507,trottinette,Grenoble,ST1052,ST1051,1786480946,1786482566,27,9.22,6.94,paypal
TR2608110025821,CL105157,EN00132,trottinette,LYON,ST1014,ST1009,11/08/2026 22:58,2026-08-11 23:18:06,20,6.54,5.4,abonnement
TR2608110025822,CL107891,EN00329,trottinette,Nantes,ST1032,ST1024,,2026-08-11 23:00:43,5,1.08,2.1,cb
TR2608110025823,CL104582,EN00191,trottinette,lyon,ST1010,ST1016,11/08/2026 23:06,2026-08-11 23:16:59,10,3.01,3.2,abonnement
TR2608110025824,CL107082,EN00146,trottinette,Lyon,ST1003,ST1013,1786484658,11/08/2026 23:53,9,1.94,2.98,cb
TR2608110025825,CL105954,EN00380,velo_elec,Lille,ST1038,ST1043,2026-08-11 23:39:24,2026-08-11 23:47:24,8,2.33,3.0,cb
TR2608110025826,CL108103,EN00441,velo_elec,Lille,ST1042,ST1044,2026-08-11 23:38:19,2026-08-11 23:43:19,5,1.69,2.25,abonnement
