trajet_id,client_id,engin_id,type_engin,ville,station_depart,station_arrivee,debut,fin,duree_min,distance_km,montant_eur,moyen_paiement
TR2608240038057,CL100909,EN00054,trottinette,Lyon,ST1012,ST1016,24/08/2026 00:38,2026-08-24 00:59:57,21,6.98,5.62,paypal
TR2608240038058,CL104016,EN00438,trottinette,Lille,ST1039,ST1036,1787524962,24/08/2026 00:44,2,0.36,1.44,cb
TR2608240038059,CL104437,EN00327,velo_elec,Nantes,ST1023,ST1021,24/08/2026 03:09,1787534201,7,1.37,2.75,cb
TR2608240038060,CL104894,EN00164,trottinette,Lyon,ST1007,ST1005,,2026-08-24 05:45:26,40,12.95,9.8,cb
TR2608240038061,CL102205,EN00196,velo_elec,Lyon,ST1012,ST1012,,2026-08-24 05:29:30,18,6.12,5.5,cb
TR2608240038062,CL107821,EN00240,trottinette,Nantes,ST1024,ST1029,2026-08-24 05:40:56,2026-08-24 05:53:56,8975,3.42,3.86,abonnement
TR2608240038063,CL108006,EN00204,velo_elec,Lyon,ST1015,ST1003,2026-08-24 05:56:38,2026-08-24 06:02:38,6,1.68,2.5,abonnement
TR2608240038064,CL106750,EN00470,trottinette,Lille,ST1044,ST1040,2026-08-24 05:48:41,24/08/2026 06:01,13,4.37,3.86,abonnement
TR2608240038065,CL101161,EN00512,velo_elec,Grenoble,ST1056,ST1058,24/08/2026 05:53,2026-08-24 06:20:19,27,9.02,7.75,cb
TR2608240038066,CL103703,EN00244,trottinette,Nantes,ST1023,ST1021,2026-08-24 06:07:04,2026-08-24 06:15:04,8,2.75,2.76,cb
TR2608240038067,CL105249,EN00319,velo_elec,Nantes,ST1024,ST1022,2026-08-24 06:11:22,2026-08-24 06:16:22,5,1.63,2.25,cb
TR2608240038068,CL104862,EN00350,velo,Nantes,ST1027,ST1020,2026-08-24 06:13:09,2026-08-24 06:36:09,23,5.59,4.45,cb
TR2608240038069,CL106253,EN00335,velo,Nantes,ST1028,ST1020,2026-08-24 06:13:20,2026-08-24 06:18:20,5,1.46,1.75,paypal
TR2608240038070,CL107750,EN00240,trottinette,Nantes,ST1029,ST1020,2026-08-24 06:06:58,2026-08-24 06:13:58,7,2.33,2.54,abonnement
TR2608240038071,CL103342,EN00283,trottinette,Nantes,ST1032,ST1020,1787544543,2026-08-24 06:17:03,8,1.56,2.76,cb
TR2608240038072,CL103645,EN00065,trottinette,LYON,ST1006,ST1001,24/08/2026 06:27,2026-08-24 06:35:57,8,2.0,2.76,paypal
TR2608240038073,CL101333,EN00179,trottinette,Lyon,ST1010,ST1010,24/08/2026 06:24,2026-08-24 06:34:55,10,2.33,3.2,paypal
TR2608240038074,CL102818,EN00225,velo_elec,Nantes,ST1026,ST1022,24/08/2026 06:20,2026-08-24 06:25:49,5,1.32,2.25,cb
TR2608240038075,CL103003,EN00323,velo,NANTES,ST1029,ST1032,24/08/2026 06:27,2026-08-24 06:32:00,5,1.16,1.75,cb
TR2608240038076,CL906985,EN00496,velo_elec,Lille,ST1037,ST1035,2026-08-24 06:24:55,2026-08-24 06:44:55,20,3.89,6.0,cb
TR2608240038077,CL108488,EN00379,velo_elec,Lille,ST1038,ST1042,2026-08-24 06:28:48,24/08/2026 06:48,20,3.65,6.0,cb
TR2608240038078,CL108488,EN00430,velo_elec,LILLE,ST1041,ST1047,2026-08-24 06:30:15,24/08/2026 06:38,8,2.11,3.0,abonnement
TR2608240038079,CL102643,EN00435,trottinette,Lille,ST1043,ST1038,2026-08-24 06:30:24,2026-08-24 06:40:24,10,1.91,3.2,
TR2608240038080,CL103559,EN00377,trottinette,Lille,ST1046,ST1035,,2026-08-24 06:36:59,9,2.9,2.98,cb
TR2608240038081,CL102219,EN00196,velo_elec,Lyon,ST1012,ST1019,2026-08-24 06:34:50,2026-08-24 06:47:50,13,3.19,4.25,cb
TR2608240038082,CL107344,EN00003,velo_elec,Lyon,ST1014,ST1003,2026-08-24 06:41:15,2026-08-24 06:44:15,3,0.88,1.75,cb
TR2608240038083,CL108403,EN00242,velo,Nantes,ST1028,ST1020,2026-08-24 06:43:40,2026-08-24 06:52:40,9,1.73,2.35,paypal
TR2608240038084,CL103033,EN00328,velo_elec,Nantes,ST1031,ST1020,24/08/2026 06:45,2026-08-24 07:00:10,15,4.67,4.75,paypal
TR2608240038085,CL104662,EN00421,velo_elec,Lille,ST1036,ST1039,24/08/2026 06:35,2026-08-24 06:41:19,6,1.01,2.5,cb
TR2608240038086,CL103614,EN00410,velo_elec,Lille,ST1039,ST1045,2026-08-24 06:37:07,2026-08-24 06:45:07,8,1.35,3.0,cb
TR2608240038087,CL103850,EN00526,velo_elec,Grenoble,ST1051,ST1051,2026-08-24 06:42:26,2026-08-24 06:53:26,11,3.47,3.75,abonnement
TR2608240038088,CL103600,EN00549,velo_elec,Grenoble,ST1057,ST1049,2026-08-24 06:33:18,24/08/2026 06:39,6,1.91,2.5,cb
TR2608240038089,CL108947,EN00052,trottinette,Lyon,ST1012,ST1009,2026-08-24 06:54:39,24/08/2026 07:09,15,2.67,4.3,paypal
TR2608240038090,CL108864,EN00287,velo_elec,Nantes,ST1025,ST1020,2026-08-24 06:51:52,2026-08-24 07:01:52,10,2.18,3.5,cb
TR2608240038091,CL102147,EN00233,velo_elec,Nantes,ST1026,ST1020,2026-08-24 06:57:01,2026-08-24 07:09:01,12,2.7,4.0,cb
TR2608240038092,CL105598,EN00241,velo,Nantes,ST1029,ST1021,2026-08-24 06:56:11,2026-08-24 07:09:11,13,2.25,2.95,cb
TR2608240038093,CL102304,EN00439,velo_elec,Lille,ST1040,ST1035,2026-08-24 06:53:52,2026-08-24 07:01:52,8,1.38,3.0,abonnement
TR2608240038094,CL103762,EN00403,trottinette,Lille,ST1047,ST9767,2026-08-24 06:57:08,2026-08-24 07:04:08,7,2.2,2.54,cb
TR2608240038095,CL103769,EN00546,trottinette,Grenoble,ST1058,ST1049,1787547124,2026-08-24 06:55:04,3,0.51,1.66,abonnement
TR2608240038096,CL108138,EN00189,trottinette,Lyon,ST1001,ST1005,2026-08-24 07:08:33,2026-08-24 07:32:33,24,7.04,6.28,cb
TR2608240038097,CL102756,EN00086,velo_elec,Lyon,ST1002,ST1011,2026-08-24 07:12:22,2026-08-24 07:31:22,19,4.94,5.75,cb
TR2608240038098,CL105493,EN00024,velo_elec,Lyon,ST1002,ST1015,2026-08-24 07:09:52,24/08/2026 07:46,-26,12.3,10.25,cb
TR2608240038099,CL108829,EN00204,velo_elec,Lyon,ST1003,ST1013,2026-08-24 07:14:39,2026-08-24 07:23:39,9,3.0,3.25,paypal
TR2608240038100,CL106473,EN00035,velo_elec,Lyon,ST1005,ST1003,24/08/2026 07:03,2026-08-24 07:12:40,9,2.75,3.25,cb
TR2608240038101,CL103692,EN00200,trottinette,Lyon,ST1005,ST1002,1787547796,24/08/2026 07:17,14,2.4,4.08,paypal
TR2608240038102,CL103328,EN00057,velo_elec,Lyon,ST1009,ST1002,2026-08-24 07:08:46,2026-08-24 07:13:46,5,1.59,2.25,cb
TR2608240038103,CL106316,EN00112,velo_elec,Lyon,ST1011,ST1006,2026-08-24 07:08:03,2026-08-24 07:19:03,11,2.94,3.75,cb
TR2608240038104,CL108480,EN00002,velo_elec,Lyon,ST1012,ST1002,2026-08-24 07:14:51,2026-08-24 07:21:51,7,1.19,2.75,cb
TR2608240038105,CL103917,EN00069,trottinette,Lyon,ST1012,ST1003,2026-08-24 07:15:50,2026-08-24 07:33:50,18,5.04,4.96,cb
TR2608240038106,CL102588,EN00129,velo_elec,Lyon,ST1013,ST1008,1787548163,2026-08-24 07:36:23,27,7.78,7.75,cb
TR2608240038107,CL105368,EN00161,velo_elec,Lyon,ST1015,ST1003,2026-08-24 07:12:44,2026-08-24 07:25:44,13,2.47,4.25,cb
TR2608240038108,CL104546,EN00078,velo_elec,Lyon,ST1015,ST1004,2026-08-24 07:15:13,2026-08-24 07:32:13,17,2.84,5.25,paypal
TR2608240038109,CL103874,EN00070,trottinette,Lyon,ST1015,ST1003,2026-08-24 07:02:17,2026-08-24 07:16:17,14,3.92,4.08,cb
TR2608240038110,CL108621,EN00225,velo_elec,Nantes,ST1022,ST1027,2026-08-24 07:09:25,2026-08-24 07:24:25,15,4.69,4.75,paypal
TR2608240038111,CL104100,EN00326,velo,Nantes,ST1024,ST1033,1787548103,2026-08-24 07:24:23,16,5.14,3.4,cb
TR2608240038112,CL106303,EN00360,trottinette,Nantes,ST1025,ST1021,2026-08-24 07:01:03,2026-08-24 07:13:03,12,4.17,3.64,cb
TR2608240038113,CL102621,EN00274,velo,Nantes,ST1026,ST1021,2026-08-24 07:14:00,2026-08-24 07:20:00,6,0.95,1.9,abonnement
TR2608240038114,CL107584,EN00313,trottinette,Nantes,ST1031,ST1022,2026-08-24 07:01:30,1787549010,22,7.5,5.84,cb
TR2608240038115,CL104478,EN00323,velo,Nantes,ST1032,ST1022,2026-08-24 07:03:12,2026-08-24 07:39:12,36,6.41,6.4,
TR2608240038116,CL100853,EN00494,velo_elec,Lille,ST1036,ST1035,2026-08-24 07:13:46,2026-08-24 07:23:46,10,2.52,3.5,cb
TR2608240038117,CL102156,EN00370,velo_elec,Lille,ST1037,ST1040,2026-08-24 07:04:02,2026-08-24 07:09:02,5,1.25,2.25,abonnement
TR2608240038118,CL107313,EN00362,velo_elec,Lille,ST1037,ST1039,24/08/2026 07:04,2026-08-24 07:10:45,6,1.05,2.5,cb
TR2608240038119,CL107997,EN00435,trottinette,LILLE,ST1038,ST1036,2026-08-24 07:00:42,24/08/2026 07:07,7,1.87,2.54,abonnement
TR2608240038120,CL108982,EN00421,velo_elec,Lille,ST1039,ST1036,2026-08-24 07:09:48,2026-08-24 07:19:48,10,3.48,3.5,cb
TR2608240038121,CL100802,EN00456,trottinette,Lille,ST1039,ST1045,1787548060,2026-08-24 07:25:40,18,4.11,4.96,cb
TR2608240038122,CL108509,EN00379,velo_elec,Lille,ST1042,ST1035,2026-08-24 07:04:08,2026-08-24 07:13:08,9,2.79,3.25,paypal
TR2608240038123,CL106234,EN00498,trottinette,Lille,ST1044,ST1034,2026-08-24 07:08:08,24/08/2026 07:19,11,2.71,3.42,cb
TR2608240038124,CL107861,EN00383,trottinette,Lille,ST1044,ST1041,2026-08-24 07:10:46,1787548726,8,1.31,2.76,cb
TR2608240038125,CL104325,EN00410,velo_elec,Lille,ST1045,ST1035,1787548414,2026-08-24 07:18:34,5,0.78,2.25,abonnement
TR2608240038126,CL100347,EN00374,velo_elec,Lille,ST1045,ST1034,2026-08-24 07:06:52,2026-08-24 07:10:52,4,1.14,2.0,abonnement
TR2608240038127,CL102156,EN00395,trottinette,Lille,ST1046,ST1036,2026-08-24 07:13:32,2026-08-24 07:47:32,34,9.18,8.48,abonnement
TR2608240038128,CL105607,EN00584,trottinette,Grenoble,ST1050,ST1056,2026-08-24 07:02:36,24/08/2026 07:41,39,7.3,9.58,abonnement
TR2608240038129,CL107001,EN00541,velo_elec,Grenoble,ST1053,ST1054,2026-08-24 07:07:08,2026-08-24 07:25:08,18,3.45,5.5,cb
TR2608240038130,CL104481,EN00501,trottinette,Grenoble,ST1053,ST1048,2026-08-24 07:02:38,2026-08-24 07:11:38,9,2.76,2.98,cb
TR2608240038131,CL106337,EN00569,trottinette,Grenoble,ST1054,ST1055,2026-08-24 07:04:09,2026-08-24 07:35:09,31,7.23,7.82,cb
TR2608240038132,CL108289,EN00020,velo_elec,LYON,ST1006,ST1002,2026-08-24 07:30:12,2026-08-24 08:10:12,40,9.87,11.0,abonnement
TR2608240038133,CL100875,EN00009,velo_elec,Lyon,ST1006,ST1006,2026-08-24 07:25:06,2026-08-24 07:59:06,34,5.29,9.5,cb
TR2608240038134,CL106435,EN00193,trottinette,Lyonn,ST1006,ST1001,2026-08-24 07:23:42,2026-08-24 07:37:42,14,4.79,4.08,abonnement
TR2608240038135,CL101720,EN00052,trottinette,lyon,ST1009,ST1001,2026-08-24 07:28:33,2026-08-24 07:40:33,12,1.89,3.64,cb
TR2608240038136,CL102047,EN00208,velo_elec,Lyon,ST1009,ST1015,2026-08-24 07:26:54,2026-08-24 07:29:54,3,0.59,1.75,cb
TR2608240038137,CL108301,EN00179,trottinette,LYON,ST1010,ST1004,,2026-08-24 07:35:58,11,2.87,3.42,cb
TR2608240038138,CL102442,EN00142,velo_elec,lyon,ST1014,ST1004,1787549408,2026-08-24 07:47:08,17,2.68,5.25,abonnement
TR2608240038139,CL106085,EN00037,trottinette,Lyon ,ST1014,ST1012,24/08/2026 07:29,,9,1.7,2.98,cb
TR2608240038140,CL108682,EN00192,velo_elec,Lyon,ST1015,ST1002,24/08/2026 07:17,2026-08-24 07:26:57,9,2.13,3.25,cb
TR2608240038141,CL108664,EN00054,trottinette,Lyon,ST1015,ST1017,2026-08-24 07:21:06,2026-08-24 07:41:06,20,3.01,5.4,cb
TR2608240038142,CL102685,EN00119,trottinette,Lyon,ST1017,ST1003,2026-08-24 07:20:30,2026-08-24 07:31:30,11,3.39,3.42,abonnement
TR2608240038143,CL105841,EN00131,trottinette,Lyon,ST1018,ST1005,24/08/2026 07:24,1787549226,3,0.85,1.66,cb
TR2608240038144,CL102252,EN00196,velo_elec,Lyon,ST1019,ST1002,2026-08-24 07:28:37,1787550757,24,6.11,7.0,cb
TR2608240038145,CL104979,EN00110,velo_elec,Lyon,ST1019,ST1001,,2026-08-24 07:35:45,11,2.78,3.75,cb
TR2608240038146,CL952636,EN00339,velo_elec,Nantes,ST1020,ST1020,2026-08-24 07:20:43,2026-08-24 07:48:43,28,8.54,8.0,cb
TR2608240038147,CL102220,EN00234,trottinette,Nantes,ST1023,ST1024,2026-08-24 07:27:10,2026-08-24 07:37:10,10,3.29,3.2,cb
TR2608240038148,CL101476,EN00296,velo,Nantes,ST1024,ST1023,2026-08-24 07:28:59,2026-08-24 07:39:59,11,2.91,2.65,cb
TR2608240038149,CL107497,EN00345,velo,Nantes,ST1030,ST1020,2026-08-24 07:27:56,2026-08-24 07:51:56,24,5.07,4.6,abonnement
TR2608240038150,CL106174,EN00365,velo_elec,Lille,ST1034,ST1037,24/08/2026 07:17,2026-08-24 07:31:39,14,2.85,4.5,cb
TR2608240038151,CL104946,EN00462,velo_elec,Lille,ST1034,ST1036,24/08/2026 07:28,24/08/2026 08:06,38,10.19,10.5,cb
TR2608240038152,CL103743,EN00480,velo_elec,Lille,ST1035,ST1036,,24/08/2026 07:38,9,1.74,3.25,cb
TR2608240038153,CL108630,EN00439,velo_elec,Lille,ST1035,ST1036,2026-08-24 07:26:00,2026-08-24 07:33:00,7,2.4,2.75,abonnement
TR2608240038154,CL105674,EN00418,trottinette,Lille,ST1039,ST1034,2026-08-24 07:30:16,1787550076,11,2.32,3.42,abonnement
TR2608240038155,CL105817,EN00470,trottinette,Lille,ST1040,ST1043,24/08/2026 07:29,2026-08-24 07:39:29,10,1.93,3.2,abonnement
TR2608240038156,CL102061,EN00443,velo_elec,Lille,ST1041,ST1047,2026-08-24 07:31:15,2026-08-24 07:43:15,12,1.85,4.0,
TR2608240038157,CL107886,EN00373,velo_elec,Lille,ST1042,ST1035,2026-08-24 07:29:55,24/08/2026 08:02,33,5.92,9.25,cb
TR2608240038158,CL105112,EN00479,trottinette,Lille,ST1042,ST1046,2026-08-24 07:29:33,2026-08-24 07:39:33,10,1.83,3.2,abonnement
TR2608240038159,CL107997,EN00442,trottinette,Lille,ST1043,ST1035,24/08/2026 07:28,24/08/2026 07:39,11,2.05,3.42,abonnement
TR2608240038160,CL105179,EN00385,velo_elec,Lille,ST1044,ST1043,2026-08-24 07:23:28,2026-08-24 07:49:28,26,7.49,7.5,abonnement
TR2608240038161,CL107125,EN00468,trottinette,Lille,ST1045,ST1036,2026-08-24 07:24:24,24/08/2026 07:44,20,3.4,5.4,cb
TR2608240038162,CL101818,EN00420,trottinette,Lille,ST1047,ST1036,1787548793,24/08/2026 07:35,16,4.52,4.52,paypal
TR2608240038163,CL101657,EN00438,trottinette,LILLE,ST1047,ST1036,1787549169,2026-08-24 07:41:09,15,3.67,4.3,abonnement
TR2608240038164,CL108056,EN00520,velo_elec,Grenoble,ST1050,ST1058,2026-08-24 07:22:05,,11,1.77,3.75,paypal
TR2608240038165,CL103408,EN00522,velo_elec,Grenoble,ST1054,ST1053,2026-08-24 07:21:09,2026-08-24 07:30:09,9,2.93,3.25,abonnement
TR2608240038166,CL102494,EN00566,trottinette,Grenoble,ST1057,ST1048,1787549155,2026-08-24 07:41:55,16,4.8,4.52,paypal
TR2608240038167,CL108078,EN00598,velo_elec,Grenoble,ST1057,ST1048,2026-08-24 07:24:41,2026-08-24 07:33:41,9,2.08,3.25,cb
TR2608240038168,CL104592,EN00057,velo_elec,Lyon,ST1002,ST1002,2026-08-24 07:40:50,2026-08-24 07:52:50,12,2.26,4.0,abonnement
TR2608240038169,CL105811,EN00084,velo_elec,Lyon,ST1004,ST1006,2026-08-24 07:44:04,2026-08-24 08:08:04,24,8.21,7.0,paypal
TR2608240038170,CL100599,EN00092,trottinette,Lyon,ST1007,ST1002,2026-08-24 07:38:02,2026-08-24 07:50:02,12,2.61,3.64,cb
TR2608240038171,CL107912,EN00121,trottinette,Lyon,ST1008,ST1017,2026-08-24 07:38:15,2026-08-24 07:43:15,5,1.5,2.1,cb
TR2608240038172,CL108663,EN00104,trottinette,Lyon,ST1011,ST1004,,2026-08-24 07:59:24,23,6.93,6.06,cb
TR2608240038173,CL104036,EN00005,velo_elec,Lyon,ST1011,ST1006,1787549971,2026-08-24 07:54:31,15,3.28,4.75,cb
TR2608240038174,CL103523,EN00029,velo_elec,Lyon,ST1014,ST1001,24/08/2026 07:31,2026-08-24 07:44:13,13,2.66,4.25,abonnement
TR2608240038175,CL103077,EN00205,trottinette,Lyonn,ST1014,ST1003,1787550123,,14,4.73,4.08,abonnement
TR2608240038176,CL106571,EN00001,velo_elec,Lyon,ST1016,ST1001,24/08/2026 07:31,2026-08-24 08:10:06,39,12.13,10.75,cb
TR2608240038177,CL106813,EN00158,velo_elec,Lyon,ST1016,ST1013,24/08/2026 07:35,1787550539,13,2.9,4.25,cb
TR2608240038178,CL101191,EN00165,trottinette,Lyon,ST1017,ST1005,2026-08-24 07:37:05,2026-08-24 07:54:05,17,3.48,4.74,cb
TR2608240038179,CL102555,EN00160,velo_elec,Lyon,ST1019,ST1018,2026-08-24 07:42:51,24/08/2026 07:46,4,1.36,2.0,cb
TR2608240038180,CL105297,EN00225,velo_elec,Nantes,ST1027,ST1021,24/08/2026 07:35,1787550173,7,1.78,2.75,paypal
TR2608240038181,CL107737,EN00232,trottinette,Nantes,ST1031,ST1022,24/08/2026 07:34,2026-08-24 07:58:34,24,3.93,6.28,paypal
TR2608240038182,CL103173,EN00243,velo,Nantes,ST1032,ST1020,2026-08-24 07:42:37,2026-08-24 07:50:37,8,1.39,2.2,cb
TR2608240038183,CL105106,EN00301,velo_elec,Nantes,ST1033,ST1030,2026-08-24 07:37:52,1787551432,26,8.93,7.5,cb
TR2608240038184,CL103482,EN00392,velo_elec,Lille,ST1034,ST1046,2026-08-24 07:39:21,2026-08-24 07:45:21,6,1.2,2.5,cb
TR2608240038185,CL101470,EN00474,velo_elec,Lille,ST1036,ST1039,2026-08-24 07:40:00,24/08/2026 07:44,4,0.99,2.0,abonnement
TR2608240038186,CL108601,EN00394,velo_elec,Lille,ST1038,ST1036,24/08/2026 07:35,2026-08-24 07:53:24,18,5.97,5.5,cb
TR2608240038187,CL107365,EN00399,trottinette,Lille,ST1038,ST1036,2026-08-24 07:43:38,2026-08-24 07:57:38,14,4.65,4.08,paypal
TR2608240038188,CL105090,EN00386,trottinette,Lille,ST1039,ST1045,2026-08-24 07:33:22,2026-08-24 07:52:22,19,4.22,5.18,cb
TR2608240038189,CL105677,EN00434,velo_elec,Lille,ST1040,ST1035,2026-08-24 07:45:02,1787550602,5,1.18,2.25,cb
TR2608240038190,CL101930,EN00476,trottinette,Lille,ST1041,ST1038,2026-08-24 07:42:30,2026-08-24 07:52:30,10,2.02,3.2,abonnement
TR2608240038191,CL107724,EN00417,trottinette,Lille,ST1041,ST1035,2026-08-24 07:33:49,2026-08-24 07:47:49,14,4.45,4.08,cb
TR2608240038192,CL101834,EN00428,velo_elec,Lille,ST1042,ST1037,2026-08-24 07:42:45,24/08/2026 07:48,6,1.76,2.5,paypal
TR2608240038193,CL106624,EN00380,velo_elec,Lille,ST1044,ST1034,2026-08-24 07:40:13,24/08/2026 07:58,18,3.5,5.5,abonnement
TR2608240038194,CL104634,EN00487,velo,Lille,ST1046,ST1035,1787549619,1787550399,13,3.39,2.95,cb
TR2608240038195,CL101735,EN00397,velo,Lille,ST1046,ST1042,1787549708,1787550488,13,3.28,2.95,cb
TR2608240038196,CL101503,EN00481,velo_elec,Lille,ST1047,ST1035,2026-08-24 07:44:42,2026-08-24 08:19:42,35,7.89,9.75,
TR2608240038197,CL107476,EN00526,velo_elec,Grenoble,ST1051,ST1051,24/08/2026 07:40,2026-08-24 08:08:32,28,8.48,8.0,abonnement
TR2608240038198,CL105505,EN00593,trottinette,Grenoble,ST1052,ST1050,2026-08-24 07:41:38,2026-08-24 07:46:38,5,1.16,2.1,cb
TR2608240038199,CL107421,EN00211,velo_elec,Lyon,ST1004,ST1016,2026-08-24 07:50:49,2026-08-24 07:55:49,5,1.39,2.25,
TR2608240038200,CL107011,EN00112,velo_elec,Lyon,ST1006,ST1001,1787551152,2026-08-24 08:10:12,11,1.7,3.75,cb
TR2608240038201,CL103323,EN00217,velo_elec,Lyon,ST1008,ST1006,24/08/2026 07:58,24/08/2026 08:09,11,3.14,3.75,cb
TR2608240038202,CL108177,EN00129,velo_elec,Lyon,ST1008,ST1019,2026-08-24 07:47:51,2026-08-24 07:56:51,9,2.78,3.25,cb
TR2608240038203,CL102581,EN00086,velo_elec,Lyon,ST1011,ST1007,2026-08-24 07:54:02,24/08/2026 08:04,10,1.92,3.5,abonnement
TR2608240038204,CL108422,EN00204,velo_elec,Lyonn,ST1013,ST1017,1787550855,2026-08-24 08:21:15,27,4.92,7.75,abonnement
TR2608240038205,CL104404,EN00138,velo_elec,Lyon,ST1015,ST1013,2026-08-24 07:46:34,24/08/2026 08:11,25,8.13,7.25,cb
TR2608240038206,CL100005,EN00219,velo_elec,Lyon,ST1017,ST1001,2026-08-24 07:49:06,24/08/2026 07:58,9,2.12,3.25,cb
TR2608240038207,CL101894,EN00077,trottinette,Lyon,ST1018,ST1003,2026-08-24 07:46:51,2026-08-24 08:11:51,25,4.84,6.5,cb
TR2608240038208,CL108930,EN00206,velo_elec,Lyon,ST1019,ST1015,24/08/2026 07:48,2026-08-24 07:55:19,7,2.31,2.75,cb
TR2608240038209,CL102320,EN00328,velo_elec,Nantes,ST1020,ST1022,2026-08-24 07:48:33,24/08/2026 08:17,29,7.27,8.25,cb
TR2608240038210,CL101498,EN00310,trottinette,Nantes,ST1024,ST1022,2026-08-24 07:51:02,24/08/2026 08:00,9,2.73,2.98,cb
TR2608240038211,CL100384,EN00234,trottinette,Nantes,ST1024,ST1022,2026-08-24 07:47:57,2026-08-24 07:50:57,3,0.57,1.66,paypal
TR2608240038212,CL107558,EN00317,trottinette,Nantes,ST1025,ST1033,2026-08-24 08:00:18,24/08/2026 08:14,14,4.12,4.08,paypal
TR2608240038213,CL101379,EN00331,velo,Nantes,ST1031,ST1021,2026-08-24 07:57:30,24/08/2026 08:05,8,2.23,2.2,cb
TR2608240038214,CL106007,EN00384,trottinette,Lille,ST1037,ST1034,2026-08-24 07:56:16,2026-08-24 08:11:16,15,5.11,4.3,cb
TR2608240038215,CL105303,EN00440,trottinette,Lille,ST1038,ST1034,2026-08-24 07:57:07,2026-08-24 08:17:07,20,6.06,5.4,cb
TR2608240038216,CL100673,EN00484,velo_elec,Lille,ST1038,ST1036,2026-08-24 07:58:00,2026-08-24 08:15:00,17,4.46,5.25,paypal
TR2608240038217,CL102040,EN00425,velo_elec,Lille,ST1038,ST1036,1787550376,2026-08-24 07:52:16,6,1.87,2.5,abonnement
TR2608240038218,CL107537,EN00409,trottinette,Lille,ST1040,ST1043,2026-08-24 07:47:11,1787551271,14,2.79,4.08,cb
TR2608240038219,CL105593,EN00388,velo_elec,Lille,ST1040,ST1034,2026-08-24 07:59:42,24/08/2026 08:08,9,2.62,3.25,paypal
TR2608240038220,CL105613,EN00361,trottinette,Lille,ST1042,ST1035,24/08/2026 07:49,2026-08-24 07:55:24,6,1.53,,cb
TR2608240038221,CL107214,EN00493,velo_elec,Lille,ST1042,ST1036,2026-08-24 07:48:03,24/08/2026 07:57,9,1.38,3.25,cb
TR2608240038222,CL101600,EN00470,trottinette,Lille,ST1043,ST1046,2026-08-24 07:58:29,2026-08-24 08:15:29,17,3.48,4.74,abonnement
TR2608240038223,CL100541,EN00492,velo_elec,Lille,ST1043,ST1038,24/08/2026 07:55,2026-08-24 07:58:35,3,0.9,1.75,paypal
TR2608240038224,CL108863,EN00451,velo_elec,Lille,ST1043,ST1036,1787550346,2026-08-24 07:57:46,12,2.21,4.0,abonnement
TR2608240038225,CL102597,EN00414,velo_elec,Lille,ST1044,ST1036,2026-08-24 07:48:37,2026-08-24 07:59:37,11,3.84,3.75,abonnement
TR2608240038226,CL106668,EN00392,velo_elec,Lille,ST1046,ST1034,2026-08-24 07:52:47,2026-08-24 08:18:47,26,7.63,7.5,cb
TR2608240038227,CL108934,EN00430,velo_elec,Lille,ST1047,ST1035,2026-08-24 07:54:39,2026-08-24 08:05:39,11,3.4,3.75,cb
TR2608240038228,CL105331,EN00443,velo_elec,Lille,ST1047,ST1045,24/08/2026 07:56,24/08/2026 08:02,6,0.93,2.5,paypal
TR2608240038229,CL106632,EN00531,trottinette,Grenoble,ST1050,ST1058,2026-08-24 07:52:17,2026-08-24 08:00:17,8,2.71,2.76,cb
TR2608240038230,CL107858,EN00581,velo,Grenoble,ST1050,ST1049,2026-08-24 07:53:46,2026-08-24 08:35:46,42,13.82,7.3,cb
TR2608240038231,CL105855,EN00537,velo_elec,Grenoble,ST1056,ST1052,2026-08-24 08:00:27,2026-08-24 08:04:27,4,1.37,2.0,cb
TR2608240038232,CL102509,EN00588,velo_elec,Grenoble,ST1056,ST1048,2026-08-24 07:53:19,2026-08-24 08:13:19,20,4.79,6.0,cb
TR2608240038233,CL101633,EN00532,velo_elec,Grenoble,ST1058,ST1057,,24/08/2026 08:25,38,8.12,10.5,paypal
TR2608240038234,CL102591,EN00057,velo_elec,Lyon,ST1002,ST1010,1787552155,2026-08-24 08:35:55,20,6.81,6.0,cb
TR2608240038235,CL100938,EN00104,trottinette,Lyon,ST1004,ST1004,24/08/2026 08:09,2026-08-24 08:15:15,6,1.83,2.32,
TR2608240038236,CL100884,EN00181,velo_elec,Lyon,ST1008,ST1004,2026-08-24 08:04:46,2026-08-24 08:25:46,21,3.17,6.25,cb
TR2608240038237,CL101963,EN00063,velo_elec,Lyon,ST1008,ST1002,2026-08-24 08:06:37,24/08/2026 08:26,20,6.12,6.0,cb
TR2608240038238,CL102994,EN00101,velo_elec,Lyon,ST1010,ST1004,24/08/2026 08:05,2026-08-24 08:11:08,6,1.86,2.5,cb
TR2608240038239,CL101305,EN00174,velo_elec,Lyon,ST1011,ST1002,2026-08-24 08:13:09,2026-08-24 08:23:09,10,2.49,3.5,abonnement
TR2608240038240,CL101047,EN00187,velo_elec,Lyon,ST1012,ST1006,24/08/2026 08:06,2026-08-24 08:17:13,11,3.62,3.75,cb
TR2608240038241,CL100656,EN00033,trottinette,Lyon,ST1012,ST1006,2026-08-24 08:05:01,2026-08-24 08:11:01,6,1.94,2.32,cb
TR2608240038242,CL104482,EN00158,velo_elec,Lyon,ST1013,ST1002,2026-08-24 08:07:47,2026-08-24 08:12:47,5,1.27,2.25,cb
TR2608240038243,CL106029,EN00208,velo_elec,Lyon ,ST1015,ST1006,24/08/2026 08:01,2026-08-24 08:13:51,12,2.98,4.0,paypal
TR2608240038244,CL106566,EN00160,velo_elec,Lyon,ST1018,ST1002,2026-08-24 08:13:05,2026-08-24 08:23:05,10,2.26,3.5,paypal
TR2608240038245,CL107148,EN00036,velo_elec,Lyon,ST1018,ST1001,2026-08-24 08:03:55,24/08/2026 08:14,11,2.16,3.75,paypal
TR2608240038246,CL104743,EN00132,trottinette,Lyon,ST1019,ST1003,2026-08-24 08:08:00,2026-08-24 08:18:00,10,2.64,3.2,paypal
TR2608240038247,CL100877,EN00129,velo_elec,Lyon,ST1019,ST1003,2026-08-24 08:04:21,2026-08-24 08:16:21,12,2.59,4.0,abonnement
TR2608240038248,CL107016,EN00359,trottinette,Nante,ST1021,ST1020,2026-08-24 08:10:17,1787554697,48,10.61,11.56,abonnement
TR2608240038249,CL107826,EN00234,trottinette,Nante,ST1022,ST1029,2026-08-24 08:06:17,2026-08-24 08:21:17,15,2.74,4.3,cb
TR2608240038250,CL101473,EN00300,velo_elec,Nantes,ST1023,ST1033,2026-08-24 08:08:30,2026-08-24 08:30:30,22,6.7,6.5,cb
TR2608240038251,CL108424,EN00296,velo,Nantes,ST1023,ST1020,2026-08-24 08:15:18,2026-08-24 08:24:18,9,1.87,2.35,cb
TR2608240038252,CL102202,EN00306,velo,Nantes,ST1024,ST1021,2026-08-24 08:02:24,2026-08-24 08:18:24,16,4.27,3.4,cb
TR2608240038253,CL101253,EN00284,trottinette,Nantes,ST1025,ST1020,2026-08-24 08:10:39,24/08/2026 08:23,13,3.86,3.86,paypal
TR2608240038254,CL105247,EN00336,velo_elec,Nantes,ST1025,ST1020,2026-08-24 08:06:21,2026-08-24 08:43:21,37,10.44,10.25,cb
TR2608240038255,CL107208,EN00308,velo,Nantes,ST1026,ST1022,,1787555017,53,18.05,8.95,cb
TR2608240038256,CL106844,EN00326,velo,Nantes,ST1033,ST1032,,2026-08-24 08:18:38,9,2.23,2.35,abonnement
TR2608240038257,CL101066,EN00365,velo_elec,Lille,ST1037,ST1035,24/08/2026 08:13,2026-08-24 08:19:25,6,1.27,2.5,abonnement
TR2608240038258,CL101612,EN00428,velo_elec,Lille,ST1037,ST1035,2026-08-24 08:15:04,2026-08-24 08:34:04,19,5.73,5.75,paypal
TR2608240038259,CL101976,EN00476,trottinette,Lille,ST1038,ST1046,2026-08-24 08:08:16,24/08/2026 08:15,7,1.15,2.54,cb
TR2608240038260,CL100345,EN00370,velo_elec,Lille,ST1040,ST1036,2026-08-24 08:13:05,2026-08-24 08:23:05,10,1.56,3.5,paypal
TR2608240038261,CL102447,EN00406,velo_elec,Lille,ST1040,ST1035,2026-08-24 08:04:22,2026-08-24 08:33:22,29,5.35,8.25,abonnement
TR2608240038262,CL106068,EN00383,trottinette,Lille,ST1041,ST1034,24/08/2026 08:09,,11,3.49,3.42,abonnement
TR2608240038263,CL103952,EN00446,trottinette,Lille,ST1041,ST1037,2026-08-24 08:12:12,24/08/2026 08:26,14,3.21,4.08,paypal
TR2608240038264,CL103355,EN00477,trottinette,Lille,ST1042,ST1034,,24/08/2026 08:11,6,1.03,2.32,cb
TR2608240038265,CL103428,EN00385,velo_elec,Lille,ST1043,ST1036,2026-08-24 08:07:27,2026-08-24 08:16:27,4699,1.76,3.25,abonnement
TR2608240038266,CL106589,EN00409,trottinette,Lille,ST1043,ST1034,24/08/2026 08:02,2026-08-24 08:16:39,14,4.62,4.08,cb
TR2608240038267,CL106962,EN00366,trottinette,Lille,ST1044,ST1035,1787551399,2026-08-24 08:23:19,20,4.85,5.4,cb
TR2608240038268,CL100475,EN00412,trottinette,Lille,ST1045,ST1036,2026-08-24 08:05:56,2026-08-24 08:27:56,22,7.06,5.84,cb
TR2608240038269,CL106281,EN00455,velo_elec,LILLE,ST1045,ST1034,2026-08-24 08:04:06,2026-08-24 08:27:06,23,3.54,6.75,cb
TR2608240038270,CL101558,EN00483,trottinette,Lille,ST1045,ST1035,2026-08-24 08:10:35,2026-08-24 08:28:35,18,5.29,4.96,cb
TR2608240038271,CL100724,EN00378,velo_elec,Lille,ST1047,ST1036,2026-08-24 08:03:55,2026-08-24 08:20:55,17,4.68,5.25,cb
TR2608240038272,CL107235,EN00486,velo,Lille,ST1047,ST1035,2026-08-24 08:02:02,2026-08-24 08:08:02,6,0.9,1.9,abonnement
TR2608240038273,CL106229,EN00530,velo_elec,Grenoble,ST1051,ST1050,2026-08-24 08:15:30,24/08/2026 08:24,9,1.36,3.25,cb
TR2608240038274,CL107456,EN00522,velo_elec,Grenoble,ST1053,ST1058,2026-08-24 08:13:09,2026-08-24 08:25:09,12,2.5,4.0,abonnement
TR2608240038275,CL101876,EN00514,velo_elec,Grenoble,ST1056,ST1048,2026-08-24 08:07:33,2026-08-24 08:11:33,4,1.35,2.0,paypal
TR2608240038276,CL107372,EN00198,velo_elec,Lyon,ST1005,ST1002,2026-08-24 08:26:16,24/08/2026 08:30,4,0.75,2.0,abonnement
TR2608240038277,CL101703,EN00131,trottinette,Lyon,ST1005,ST1004,2026-08-24 08:25:40,2026-08-24 08:47:40,22,4.21,5.84,abonnement
TR2608240038278,CL100964,EN00086,velo_elec,Lyon,ST1007,ST1017,24/08/2026 08:27,2026-08-24 08:58:56,31,9.33,8.75,abonnement
TR2608240038279,CL106060,EN00106,trottinette,Lyon,ST1008,ST1002,2026-08-24 08:27:59,2026-08-24 08:41:59,14,3.92,4.08,cb
TR2608240038280,CL102733,EN00120,velo,Lyon,ST1010,ST1001,2026-08-24 08:17:49,2026-08-24 08:33:49,16,5.35,3.4,cb
TR2608240038281,CL100018,EN00050,velo_elec,Lyon,ST1011,ST1003,2026-08-24 08:22:56,2026-08-24 08:28:56,6,1.78,2.5,cb
TR2608240038282,CL100636,EN00138,velo_elec,Lyon,ST1013,ST1015,24/08/2026 08:22,2026-08-24 08:33:13,11,2.2,3.75,cb
TR2608240038283,CL106636,EN00099,velo_elec,Lyon,ST1013,ST1006,2026-08-24 08:17:45,24/08/2026 08:22,5,1.24,2.25,paypal
TR2608240038284,CL100171,EN00093,velo_elec,Lyonn,ST1014,ST1002,2026-08-24 08:21:05,2026-08-24 08:33:05,12,3.97,4.0,cb
TR2608240038285,CL106564,EN00072,velo,Lyonn,ST1018,ST1003,2026-08-24 08:27:15,1787554875,34,5.42,6.1,abonnement
TR2608240038286,CL100178,EN00144,trottinette,Lyon,ST1019,ST1016,2026-08-24 08:26:24,2026-08-24 08:37:24,11,3.67,3.42,cb
TR2608240038287,CL101047,EN00195,velo_elec,Lyon,ST1019,ST1006,1787552812,2026-08-24 08:42:52,16,3.22,5.0,cb
TR2608240038288,CL105913,EN00176,velo,Lyon,ST1019,ST1009,2026-08-24 08:28:44,2026-08-24 08:37:44,9,1.54,2.35,paypal
TR2608240038289,CL105978,EN00339,velo_elec,Nantes,ST1020,ST1033,24/08/2026 08:17,24/08/2026 08:25,8,1.34,3.0,abonnement
TR2608240038290,CL107664,EN00279,velo,Nantes,ST1024,ST1024,2026-08-24 08:25:46,2026-08-24 08:36:46,11,1.76,2.65,paypal
TR2608240038291,CL108980,EN00301,velo_elec,Nantes,ST1030,ST1030,2026-08-24 08:30:57,1787554617,26,5.55,7.5,cb
TR2608240038292,CL107721,EN00343,velo,Nantes,ST1031,ST1020,2026-08-24 08:22:02,2026-08-24 08:29:02,7,1.32,2.05,paypal
TR2608240038293,CL107020,EN00221,velo_elec,Nantes,ST1032,ST1020,2026-08-24 08:16:17,2026-08-24 08:21:17,5,1.37,2.25,cb
TR2608240038294,CL107292,EN00317,trottinette,Nantes,ST1033,ST1026,2026-08-24 08:20:50,2026-08-24 08:31:50,11,1.9,3.42,cb
TR2608240038295,CL108069,EN00474,velo_elec,Lille,ST1039,ST1036,24/08/2026 08:29,24/08/2026 08:35,6,1.9,2.5,paypal
TR2608240038296,CL103777,EN00441,velo_elec,LILLE,ST1040,ST1043,2026-08-24 08:30:33,1787553813,13,3.7,4.25,abonnement
TR2608240038297,CL104325,EN00452,velo,Lille,ST1041,ST1034,2026-08-24 08:24:18,2026-08-24 08:38:18,14,3.61,3.1,
TR2608240038298,CL105375,EN00463,velo,Lille,ST1041,ST1035,2026-08-24 08:29:05,24/08/2026 08:40,11,2.75,2.65,
TR2608240038299,CL102231,EN00445,velo_elec,Lille,ST1042,ST1034,2026-08-24 08:30:57,2026-08-24 08:46:57,16,5.47,5.0,abonnement
TR2608240038300,CL100635,EN00473,trottinette,Lille,ST1042,ST1035,24/08/2026 08:18,24/08/2026 08:42,24,7.24,6.28,abonnement
TR2608240038301,CL106117,EN00470,trottinette,Lille,ST1046,ST1036,24/08/2026 08:16,24/08/2026 08:29,13,3.8,3.86,cb
TR2608240038302,CL107754,EN00479,trottinette,Lille,ST1046,ST1034,2026-08-24 08:26:41,2026-08-24 08:37:41,11,2.36,3.42,abonnement
TR2608240038303,CL108237,EN00592,velo_elec,Grenoble,ST1049,ST1050,2026-08-24 08:24:54,24/08/2026 09:01,37,8.99,10.25,cb
TR2608240038304,CL100282,EN00593,trottinette,Grenoble,ST1050,ST1058,24/08/2026 08:17,24/08/2026 08:22,5,1.69,2.1,paypal
TR2608240038305,CL100327,EN00583,velo,Grenoble,ST1053,ST1048,2026-08-24 08:23:33,24/08/2026 08:31,8,2.54,2.2,cb
TR2608240038306,CL105370,EN00568,velo,Grenoble,ST1053,ST1048,2026-08-24 08:17:07,24/08/2026 08:25,8,1.66,2.2,paypal
TR2608240038307,CL106987,EN00519,velo_elec,Grenoble,ST1056,ST1049,2026-08-24 08:23:31,2026-08-24 08:47:31,24,7.58,7.0,cb
TR2608240038308,CL108263,EN00035,velo_elec,Lyon,ST1003,ST1012,2026-08-24 08:34:41,2026-08-24 08:54:41,20,5.84,6.0,abonnement
TR2608240038309,CL100668,EN00146,trottinette,Lyon,ST1004,ST1007,24/08/2026 08:45,24/08/2026 08:55,10,2.58,3.2,cb
TR2608240038310,CL108559,EN00189,trottinette,Lyon,ST1005,ST1001,2026-08-24 08:41:57,2026-08-24 08:53:57,12,2.32,3.64,cb
TR2608240038311,CL108529,EN00165,trottinette,lyon,ST1005,ST1019,2026-08-24 08:36:35,2026-08-24 08:52:35,16,3.94,4.52,paypal
TR2608240038312,CL100196,EN00202,trottinette,Lyon,ST1006,ST1001,24/08/2026 08:42,2026-08-24 08:51:33,9,1.92,2.98,cb
TR2608240038313,CL100818,EN00071,velo_elec,Lyon,ST1007,ST1014,2026-08-24 08:41:09,2026-08-24 08:46:09,5,1.38,2.25,cb
TR2608240038314,CL105152,EN00074,trottinette,Lyon,ST1007,ST1007,2026-08-24 08:41:45,2026-08-24 08:48:45,7,1.45,2.54,paypal
TR2608240038315,CL103461,EN00170,trottinette,Lyon,ST1011,ST1017,2026-08-24 08:39:29,2026-08-24 09:02:29,23,5.0,6.06,cb
TR2608240038316,CL100440,EN00037,trottinette,Lyon,ST1012,ST1003,2026-08-24 08:42:31,2026-08-24 09:00:31,18,3.11,4.96,abonnement
TR2608240038317,CL108779,EN00047,velo_elec,Lyon,ST1014,ST1002,2026-08-24 08:45:04,1787554444,9,1.73,3.25,cb
TR2608240038318,CL106070,EN00206,velo_elec,Lyonn,ST1015,ST1017,2026-08-24 08:37:29,2026-08-24 08:45:29,8,2.77,3.0,cb
TR2608240038319,CL107979,EN00024,velo_elec,Lyon,ST1015,ST1001,2026-08-24 08:38:16,,19,6.17,5.75,
TR2608240038320,CL106752,EN00153,velo_elec,Lyon,ST1016,ST1010,2026-08-24 08:31:54,2026-08-24 08:46:54,15,5.08,4.75,cb
TR2608240038321,CL103626,EN00204,velo_elec,Lyon,ST1017,ST1002,2026-08-24 08:34:20,1787553560,5,1.33,2.25,cb
TR2608240038322,CL104285,EN00121,trottinette,Lyon,ST1017,ST1009,1787553183,2026-08-24 08:46:03,13,4.25,3.86,paypal
TR2608240038323,CL106090,EN00012,velo,lyon,ST1018,ST1003,2026-08-24 08:43:27,2026-08-24 08:51:27,8,2.35,2.2,cb
TR2608240038324,CL106310,EN00305,velo_elec,nantes,ST1025,ST1022,2026-08-24 08:44:01,2026-08-24 08:59:01,15,2.63,4.75,abonnement
TR2608240038325,CL107841,EN00314,trottinette,Nantes,ST1026,ST1027,2026-08-24 08:45:04,2026-08-24 09:07:04,22,3.37,5.84,cb
TR2608240038326,CL101839,EN00317,trottinette,Nantes,ST1026,ST1021,2026-08-24 08:31:52,2026-08-24 08:39:52,8,2.75,2.76,abonnement
TR2608240038327,CL105736,EN00234,trottinette,NANTES,ST1029,ST1024,2026-08-24 08:36:06,2026-08-24 08:43:06,7,1.28,2.54,cb
TR2608240038328,CL104923,EN00320,velo,Nantes,ST1031,ST1021,2026-08-24 08:41:32,2026-08-24 08:50:32,9,2.22,2.35,cb
TR2608240038329,CL105403,EN00326,velo,Nantes,ST1032,ST1021,2026-08-24 08:35:37,24/08/2026 08:51,16,3.79,3.4,cb
TR2608240038330,CL106052,EN00300,velo_elec,Nantes,ST1033,ST1032,2026-08-24 08:38:56,2026-08-24 08:45:56,7,1.71,2.75,cb
TR2608240038331,CL104944,EN00365,velo_elec,Lille,ST1035,ST1040,2026-08-24 08:44:01,2026-08-24 08:51:01,7,1.39,2.75,paypal
TR2608240038332,CL106186,EN00415,trottinette,Lille,ST1037,ST1035,1787553324,2026-08-24 08:48:24,13,2.46,3.86,abonnement
TR2608240038333,CL105713,EN00454,velo,Lille,ST1037,ST1035,2026-08-24 08:40:05,2026-08-24 08:45:05,5,0.98,1.75,cb
TR2608240038334,CL103413,EN00492,velo_elec,Lille,ST1038,ST1036,2026-08-24 08:33:13,2026-08-24 08:48:13,15,3.86,4.75,cb
TR2608240038335,CL108939,EN00362,velo_elec,Lille,ST1039,ST1036,24/08/2026 08:43,2026-08-24 08:54:59,11,3.6,3.75,abonnement
TR2608240038336,CL105227,EN00382,trottinette,Lille,ST1040,ST1036,2026-08-24 08:42:04,2026-08-24 08:47:04,5,0.97,2.1,paypal
TR2608240038337,CL107553,EN00424,velo_elec,Lille,ST1041,ST1035,1787553303,2026-08-24 08:42:03,7,1.72,2.75,cb
TR2608240038338,CL104037,EN00458,velo,Lille,ST1042,ST1035,2026-08-24 08:40:58,2026-08-24 08:52:58,12,3.76,2.8,abonnement
TR2608240038339,CL103261,EN00476,trottinette,Lille,ST1046,ST1036,24/08/2026 08:43,2026-08-24 08:55:37,12,3.26,3.64,cb
TR2608240038340,CL106803,EN00499,velo,Lille,ST1046,ST1036,24/08/2026 08:42,2026-08-24 09:02:20,20,6.99,4.0,abonnement
TR2608240038341,CL108581,EN00530,velo_elec,Grenoble,ST1050,ST1048,2026-08-24 08:37:28,2026-08-24 08:41:28,4,1.06,2.0,paypal
TR2608240038342,CL108757,EN00572,velo,Grenoble,ST1050,ST1049,2026-08-24 08:44:51,2026-08-24 08:57:51,13,2.37,2.95,cb
TR2608240038343,CL105383,EN00570,trottinette,Grenoble,ST1055,ST1048,2026-08-24 08:42:49,2026-08-24 08:49:49,7,1.37,2.54,abonnement
TR2608240038344,CL102419,EN00119,trottinette,Lyon,ST1003,ST1005,2026-08-24 08:47:06,2026-08-24 09:07:06,20,4.27,5.4,abonnement
TR2608240038345,CL102832,EN00133,velo_elec,Lyonn,ST1005,ST1015,2026-08-24 08:48:31,2026-08-24 09:04:31,16,4.27,5.0,cb
TR2608240038346,CL102733,EN00073,velo_elec,Lyon,ST1008,ST1001,24/08/2026 08:58,2026-08-24 09:15:36,17,3.99,5.25,abonnement
TR2608240038347,CL104681,EN00216,velo_elec,Lyon,ST1011,ST1011,24/08/2026 08:53,2026-08-24 09:00:53,7,1.58,2.75,paypal
TR2608240038348,CL108598,EN00157,velo_elec,Lyon,ST1013,ST1002,2026-08-24 09:00:35,2026-08-24 09:14:35,14,3.56,4.5,abonnement
TR2608240038349,CL108395,EN00136,trottinette,Lyon,ST1013,ST1003,24/08/2026 09:00,24/08/2026 09:04,4,0.62,1.88,cb
TR2608240038350,CL104761,EN00138,velo_elec,Lyon,ST1015,ST1001,2026-08-24 08:52:17,24/08/2026 09:09,17,4.13,5.25,cb
TR2608240038351,CL102762,EN00115,velo_elec,Lyon,ST1016,ST1003,2026-08-24 08:57:17,2026-08-24 09:03:17,6,1.23,2.5,abonnement
TR2608240038352,CL102964,EN00211,velo_elec,Lyon,ST1016,ST1007,24/08/2026 08:53,2026-08-24 09:04:43,11,2.29,3.75,abonnement
TR2608240038353,CL107784,EN00085,velo_elec,Lyon,ST1017,ST1003,2026-08-24 08:55:57,2026-08-24 09:19:57,24,7.79,7.0,cb
TR2608240038354,CL101068,EN00206,velo_elec,Lyon,ST1017,ST1002,2026-08-24 08:51:51,24/08/2026 09:09,18,3.53,5.5,cb
TR2608240038355,CL108342,EN00221,velo_elec,Nantes,ST1020,ST1030,24/08/2026 08:48,2026-08-24 09:21:14,33,5.24,9.25,abonnement
TR2608240038356,CL104048,EN00248,trottinette,Nantes,ST1028,ST1022,2026-08-24 08:47:59,2026-08-24 08:58:59,11,2.23,3.42,paypal
TR2608240038357,CL106075,EN00300,velo_elec,Nantes,ST1032,ST1021,2026-08-24 08:52:33,2026-08-24 09:02:33,10,1.71,3.5,abonnement
TR2608240038358,CL107522,EN00339,velo_elec,Nantes,ST1033,ST1021,2026-08-24 08:53:14,2026-08-24 09:18:14,25,4.75,7.25,paypal
TR2608240038359,CL103365,EN00497,velo,Lille,ST1039,ST1045,2026-08-24 08:55:08,2026-08-24 09:11:08,16,3.73,3.4,abonnement
TR2608240038360,CL104750,EN00441,velo_elec,Lille,ST1043,ST1038,2026-08-24 08:55:24,2026-08-24 09:01:24,6,1.01,2.5,cb
TR2608240038361,CL101661,EN00471,velo, Lille,ST1046,ST1035,,1787555049,11,2.55,2.65,abonnement
TR2608240038362,CL104024,EN00551,trottinette,Grenoble,ST1052,ST1054,2026-08-24 08:50:59,2026-08-24 09:03:59,13,2.6,3.86,abonnement
TR2608240038363,CL105914,EN00532,velo_elec,Grenoble,ST1057,ST1048,24/08/2026 08:59,2026-08-24 09:07:01,8,2.44,3.0,abonnement
TR2608240038364,CL100386,EN00053,trottinette,Lyon,ST1005,ST1018,2026-08-24 09:03:35,2026-08-24 09:13:35,10,2.46,3.2,cb
TR2608240038365,CL104558,EN00094,velo_elec,Lyon,ST1006,ST1001,24/08/2026 09:04,2026-08-24 09:06:09,2,0.54,1.5,abonnement
TR2608240038366,CL100072,EN00005,velo_elec,Lyon,ST1006,ST1002,,2026-08-24 09:27:23,15,4.18,4.75,cb
TR2608240038367,CL106731,EN00084,velo_elec,Lyon,ST1006,ST1015,2026-08-24 09:10:39,2026-08-24 09:18:39,8,2.65,3.0,cb
TR2608240038368,CL108859,EN00099,velo_elec,Lyon,ST1006,ST1008,2026-08-24 09:05:29,1787555609,8,2.13,3.0,abonnement
TR2608240038369,CL101457,EN00146,trottinette,Lyon,ST1007,ST1001,2026-08-24 09:12:29,2026-08-24 09:15:29,3,0.89,1.66,paypal
TR2608240038370,CL101051,EN00062,trottinette,Lyon,ST1008,ST1002,2026-08-24 09:07:19,2026-08-24 09:14:19,7,2.24,2.54,abonnement
TR2608240038371,CL103626,EN00210,trottinette,lyon,ST1009,ST1011,2026-08-24 09:06:53,24/08/2026 09:15,9,2.96,2.98,paypal
TR2608240038372,CL103061,EN00049,trottinette,Lyon,ST1009,ST1004,2026-08-24 09:15:13,2026-08-24 09:27:13,12,3.4,3.64,cb
TR2608240038373,CL102791,EN00057,velo_elec,Lyon,ST1010,ST1001,24/08/2026 09:11,2026-08-24 09:22:13,11,2.35,3.75,paypal
TR2608240038374,CL106529,EN00190,trottinette,Lyon,ST1011,ST1004,2026-08-24 09:03:25,2026-08-24 09:28:25,25,7.11,6.5,abonnement
TR2608240038375,CL102899,EN00163,trottinette,Lyon,ST1013,ST1001,24/08/2026 09:15,2026-08-24 09:25:26,10,2.67,3.2,cb
TR2608240038376,CL103251,EN00014,velo_elec,Lyon,ST1014,ST1018,2026-08-24 09:07:06,2026-08-24 09:23:06,16,4.51,5.0,cb
TR2608240038377,CL100433,EN00071,velo_elec,Lyon,ST1014,ST1014,2026-08-24 09:15:34,2026-08-24 09:28:34,13,2.53,4.25,abonnement
TR2608240038378,CL103286,EN00042,trottinette,Lyon,ST1014,ST1002,2026-08-24 09:06:24,2026-08-24 09:27:24,21,4.27,5.62,abonnement
TR2608240038379,CL107009,EN00086,velo_elec,Lyon,ST1017,ST1005,2026-08-24 09:13:37,2026-08-24 09:28:37,15,4.93,4.75,paypal
TR2608240038380,CL105000,EN00226,velo_elec,Nantes,ST1024,ST1020,2026-08-24 09:05:52,1787556112,16,2.95,5.0,abonnement
TR2608240038381,CL100628,EN00301,velo_elec,Nantes,ST1030,ST1022,2026-08-24 09:03:33,2026-08-24 09:10:33,7,1.68,2.75,cb
TR2608240038382,CL102179,EN00441,velo_elec,Lille,ST1038,ST1034,24/08/2026 09:15,2026-08-24 09:31:20,16,4.71,5.0,cb
TR2608240038383,CL108592,EN00397,velo,Lille,ST1042,ST1035,2026-08-24 09:04:04,2026-08-24 09:22:04,18,3.08,3.7,cb
TR2608240038384,CL104581,EN00467,velo_elec,Lille,ST1044,ST1035,2026-08-24 09:03:49,2026-08-24 09:09:49,6,1.32,2.5,cb
TR2608240038385,CL104410,EN00584,trottinette,Grenoble,ST1056,ST1048,24/08/2026 09:03,2026-08-24 09:06:35,3,0.82,1.66,cb
TR2608240038386,CL100380,EN00119,trottinette,Lyon,ST1005,ST1013,2026-08-24 09:28:47,,9,2.3,2.98,cb
TR2608240038387,CL101205,EN00187,velo_elec,Lyon,ST1006,ST1003,24/08/2026 09:16,1787556339,9,2.56,3.25,abonnement
TR2608240038388,CL102060,EN00211,velo_elec,Lyon,ST1007,ST1004,2026-08-24 09:17:21,2026-08-24 09:48:21,31,5.12,8.75,cb
TR2608240038389,CL107965,EN00099,velo_elec,Lyon,ST1008,ST1005,2026-08-24 09:15:41,,9,1.62,3.25,abonnement
TR2608240038390,CL108219,EN00039,velo_elec,Lyon,ST1011,ST1002,2026-08-24 09:18:30,2026-08-24 09:26:30,8,1.54,3.0,cb
TR2608240038391,CL102365,EN00026,trottinette,Lyon,ST1013,ST1007,2026-08-24 09:24:53,2026-08-24 09:33:53,9,2.21,2.98,abonnement
TR2608240038392,CL101972,EN00081,velo_elec,Lyonn,ST1013,ST1010,2026-08-24 09:23:17,2026-08-24 09:33:17,10,2.18,3.5,paypal
TR2608240038393,CL108828,EN00168,velo_elec,Lyonn,ST1015,ST1002,2026-08-24 09:26:34,2026-08-24 09:36:34,10,2.34,3.5,abonnement
TR2608240038394,CL105343,EN00261,trottinette,nantes,ST1024,ST1033,2026-08-24 09:26:10,2026-08-24 09:31:10,5,1.32,2.1,abonnement
TR2608240038395,CL108041,EN00294,velo_elec,Nantes,ST1032,ST1028,2026-08-24 09:26:12,2026-08-24 09:36:12,10,2.64,3.5,abonnement
TR2608240038396,CL104903,EN00490,velo,Lille,ST1037,ST1045,2026-08-24 09:19:09,2026-08-24 09:34:09,15,4.14,,cb
TR2608240038397,CL106119,EN00475,trottinette,Lille,ST1038,ST1036,2026-08-24 09:19:52,1787556292,5,1.18,2.1,cb
TR2608240038398,CL108887,EN00365,velo_elec,Lille,ST1040,ST1036,24/08/2026 09:25,2026-08-24 09:48:44,23,6.84,6.75,cb
TR2608240038399,CL101009,EN00368,trottinette,Lille,ST1044,ST1036,24/08/2026 09:21,2026-08-24 10:04:54,43,12.75,10.46,cb
TR2608240038400,CL102117,EN00597,trottinette,Grenoble,ST1051,ST1049,2026-08-24 09:23:41,2026-08-24 09:38:41,15,5.05,4.3,cb
TR2608240038401,CL105540,EN00573,velo,Grenoble,ST1057,ST1055,2026-08-24 09:26:55,2026-08-24 09:44:55,18,4.02,3.7,paypal
TR2608240038402,CL102384,EN00593,trottinette,Grenoble,ST1058,ST1048,2026-08-24 09:20:06,2026-08-24 09:25:06,5,1.5,2.1,cb
TR2608240038403,CL104764,EN00086,velo_elec,Lyon,ST1005,ST1002,2026-08-24 09:36:34,2026-08-24 09:42:34,6,1.85,2.5,abonnement
TR2608240038404,CL104548,EN00099,velo_elec,LYON,ST1005,ST1001,2026-08-24 09:38:51,24/08/2026 09:59,21,4.63,6.25,abonnement
TR2608240038405,CL106563,EN00076,velo_elec,Lyon,ST1005,ST1014,,2026-08-24 09:54:21,14,2.23,4.5,cb
TR2608240038406,CL100076,EN00007,velo,Lyonn,ST1007,ST1004,2026-08-24 09:43:14,1787560274,48,10.64,8.2,abonnement
TR2608240038407,CL103469,EN00215,velo_elec,Lyon,ST1008,ST1003,2026-08-24 09:40:55,2026-08-24 09:47:55,7,1.26,2.75,abonnement
TR2608240038408,CL108377,EN00153,velo_elec,Lyon,ST1010,ST1004,2026-08-24 09:42:33,2026-08-24 10:12:33,30,9.75,8.5,cb
TR2608240038409,CL104136,EN00210,trottinette,Lyon,ST1011,ST1017,2026-08-24 09:32:34,2026-08-24 09:40:34,8,1.82,2.76,abonnement
TR2608240038410,CL101068,EN00167,trottinette,Lyon,ST1012,ST1014,2026-08-24 09:44:02,1787560622,53,12.2,12.66,abonnement
TR2608240038411,CL102992,EN00035,velo_elec,Lyon,ST1012,ST1003,2026-08-24 09:42:50,2026-08-24 10:08:50,26,7.94,7.5,cb
TR2608240038412,CL108532,EN00071,velo_elec,Lyon,ST1014,ST1008,24/08/2026 09:43,2026-08-24 09:54:12,11,2.61,3.75,cb
TR2608240038413,CL101328,EN00165,trottinette,Lyon,ST1019,ST1001,2026-08-24 09:34:16,2026-08-24 09:41:16,7,2.28,2.54,abonnement
TR2608240038414,CL101632,EN00226,velo_elec,Nantes,ST1020,ST1027,2026-08-24 09:44:57,1787558337,14,3.13,4.5,cb
TR2608240038415,CL102623,EN00300,velo_elec,nantes,ST1021,ST1023,2026-08-24 09:37:29,2026-08-24 09:45:29,8,1.79,3.0,abonnement
TR2608240038416,CL100820,EN00338,velo_elec,Nante,ST1024,ST1025,1787556716,2026-08-24 09:51:56,20,5.83,6.0,abonnement
TR2608240038417,CL108523,EN00314,trottinette,Nantes,ST1027,ST1021,2026-08-24 09:36:27,2026-08-24 09:40:27,4,1.04,1.88,cb
TR2608240038418,CL105901,EN00311,trottinette,nantes,ST1033,ST1027,2026-08-24 09:38:55,2026-08-24 09:48:55,10,3.04,3.2,cb
TR2608240038419,CL106067,EN00366,trottinette,Lille,ST1035,ST1041,2026-08-24 09:34:15,24/08/2026 09:55,21,3.35,5.62,abonnement
TR2608240038420,CL106317,EN00429,velo,Lille,ST1037,ST1040,24/08/2026 09:35,2026-08-24 09:43:09,8,1.25,2.2,abonnement
TR2608240038421,CL105001,EN00367,velo,Lille,ST1037,ST1047,2026-08-24 09:32:36,24/08/2026 09:38,6,1.49,1.9,cb
TR2608240038422,CL107235,EN00387,velo,Lille,ST1040,ST1039,2026-08-24 09:34:20,24/08/2026 09:48,14,2.82,3.1,
TR2608240038423,CL105898,EN00433,velo,Lille,ST1040,ST1036,24/08/2026 09:36,,9,2.94,2.35,abonnement
TR2608240038424,CL107177,EN00592,velo_elec,Grenoble,ST1050,ST1048,2026-08-24 09:32:11,,5,1.45,2.25,abonnement
TR2608240038425,CL106690,EN00503,trottinette,Grenoble,ST1052,ST1048,2026-08-24 09:41:59,2026-08-24 09:45:59,4,1.35,1.88,cb
TR2608240038426,CL103929,EN00586,velo,Grenoble,ST1056,ST1056,2026-08-24 09:40:12,2026-08-24 09:56:12,16,3.17,3.4,abonnement
TR2608240038427,CL108674,EN00031,velo_elec,Lyon,ST1005,ST1003,2026-08-24 09:59:25,2026-08-24 10:05:25,6,1.15,2.5,cb
TR2608240038428,CL103997,EN00026,trottinette,Lyon,ST1007,ST1001,1787557914,2026-08-24 10:01:54,10,3.02,3.2,cb
TR2608240038429,CL102997,EN00058,velo_elec,Lyonn,ST1009,ST1001,2026-08-24 09:50:25,2026-08-24 10:08:25,18,3.64,5.5,cb
TR2608240038430,CL104234,EN00121,trottinette,Lyon,ST1009,ST1001,2026-08-24 09:47:49,1787557849,3,0.84,1.66,cb
TR2608240038431,CL101883,EN00119,trottinette,Lyon,ST1013,ST1003,2026-08-24 10:00:58,2026-08-24 10:08:58,8,2.26,2.76,abonnement
TR2608240038432,CL100649,EN00075,trottinette,Lyon,ST1014,ST1003,2026-08-24 09:58:43,2026-08-24 10:26:43,28,9.06,7.16,abonnement
TR2608240038433,CL107769,EN00089,trottinette,lyon,ST1015,ST1004,2026-08-24 09:47:38,2026-08-24 10:07:38,20,4.69,5.4,abonnement
TR2608240038434,CL108181,EN00084,velo_elec,Lyon,ST1015,ST1010,24/08/2026 09:45,2026-08-24 09:52:35,7,1.67,2.75,cb
TR2608240038435,CL108835,EN00133,velo_elec,Lyon,ST1015,ST1018,2026-08-24 09:52:44,24/08/2026 09:59,7,2.25,2.75,abonnement
TR2608240038436,CL106607,EN00034,velo_elec,Lyon,ST1015,ST1001,2026-08-24 09:58:21,2026-08-24 10:06:21,8,1.99,3.0,abonnement
TR2608240038437,CL103773,EN00300,velo_elec,Nantes,ST1023,ST1021,2026-08-24 09:52:44,2026-08-24 10:21:44,29,8.63,8.25,cb
TR2608240038438,CL108868,EN00234,trottinette,Nantes,ST1024,ST1032,24/08/2026 09:59,2026-08-24 10:11:02,12,2.55,3.64,cb
TR2608240038439,CL107196,EN00302,velo_elec,Nantes,ST1025,ST1021,2026-08-24 09:57:57,2026-08-24 10:22:57,25,8.47,7.25,abonnement
TR2608240038440,CL104522,EN00246,trottinette,Nantes,ST1028,ST1021,,2026-08-24 10:08:08,16,2.46,4.52,abonnement
TR2608240038441,CL992241,EN00221,velo_elec,Nantes,ST1030,ST1026,2026-08-24 09:47:55,2026-08-24 09:59:55,12,2.25,4.0,cb
TR2608240038442,CL102770,EN00473,trottinette,Lille,ST1035,ST1040,2026-08-24 09:52:06,2026-08-24 10:02:06,10,2.27,3.2,cb
TR2608240038443,CL100541,EN00457,velo,Lille,ST1044,ST1036,2026-08-24 09:49:12,2026-08-24 10:05:12,16,3.87,3.4,cb
TR2608240038444,CL102715,EN00217,velo_elec,Lyon,ST1006,ST1007,2026-08-24 10:04:11,2026-08-24 10:11:11,7,2.09,2.75,abonnement
TR2608240038445,CL103503,EN00074,trottinette,Lyon,ST1007,ST1006,2026-08-24 10:09:09,2026-08-24 10:25:09,16,4.4,4.52,cb
TR2608240038446,CL107781,EN00082,velo,Lyon,ST1007,ST1007,2026-08-24 10:03:27,2026-08-24 10:12:27,9,3.07,2.35,cb
TR2608240038447,CL108962,EN00221,velo_elec,Nantes,ST1026,ST1023,2026-08-24 10:04:50,24/08/2026 10:20,16,4.61,5.0,paypal
TR2608240038448,CL100388,EN00450,trottinette,lille,ST1045,ST1035,2026-08-24 10:12:08,2026-08-24 10:16:08,4,0.77,1.88,cb
TR2608240038449,CL102875,EN00531,trottinette,Grenoble,ST1058,ST1051,2026-08-24 10:07:56,2026-08-24 10:33:56,26,5.42,6.72,abonnement
TR2608240038450,CL108398,EN00159,velo,Lyon,ST1005,ST1017,2026-08-24 10:25:09,2026-08-24 11:08:09,43,8.03,7.45,cb
TR2608240038451,CL102585,EN00217,velo_elec,Lyon,ST1007,ST1007,2026-08-24 10:22:56,2026-08-24 10:28:56,6,1.97,2.5,abonnement
TR2608240038452,CL102695,EN00130,velo_elec,Lyon,ST1012,ST1016,24/08/2026 10:30,2026-08-24 10:49:45,19,5.01,5.75,abonnement
TR2608240038453,CL108123,EN00291,velo_elec,Nantes,ST1020,ST1024,2026-08-24 10:22:14,2026-08-24 10:29:14,7,1.09,,abonnement
TR2608240038454,CL100063,EN00351,trottinette,Nantes,ST1028,ST1024,24/08/2026 10:20,24/08/2026 10:40,20,6.48,5.4,cb
TR2608240038455,CL107147,EN00294,velo_elec,Nantes,ST1028,ST1026,2026-08-24 10:25:53,2026-08-24 10:35:53,10,2.22,3.5,cb
TR2608240038456,CL917172,EN00450,trottinette,Lille,ST1035,ST1036,2026-08-24 10:30:49,2026-08-24 10:39:49,9,1.4,2.98,abonnement
TR2608240038457,CL105513,EN00387,velo,Lille,ST1039,ST1034,2026-08-24 10:19:33,2026-08-24 10:32:33,13,3.13,2.95,abonnement
TR2608240038458,CL108349,EN00576,velo,Grenoble,ST1057,ST1052,2026-08-24 10:18:48,2026-08-24 10:30:48,12,3.91,2.8,cb
TR2608240038459,CL105075,EN00214,trottinette,Lyon,ST1002,ST1014,2026-08-24 10:38:19,2026-08-24 10:43:19,5,1.35,2.1,abonnement
TR2608240038460,CL107349,EN00217,velo_elec,Lyon,ST1007,ST1017,2026-08-24 10:34:39,2026-08-24 10:41:39,7,2.27,2.75,abonnement
TR2608240038461,CL108681,EN00140,trottinette,Lyon,ST1012,ST1003,24/08/2026 10:41,2026-08-24 10:51:56,10,2.21,3.2,abonnement
TR2608240038462,CL107003,EN00302,velo_elec,Nantes,ST1021,ST1024,24/08/2026 10:41,2026-08-24 11:18:24,37,7.06,10.25,cb
TR2608240038463,CL108403,EN00221,velo_elec,Nantes,ST1023,ST1033,2026-08-24 10:35:26,24/08/2026 10:38,3,0.59,1.75,cb
TR2608240038464,CL104096,EN00391,velo_elec,Lille,ST1036,ST1042,24/08/2026 10:45,24/08/2026 11:05,20,3.73,6.0,abonnement
TR2608240038465,CL104030,EN00366,trottinette,Lille,ST1041,ST1042,2026-08-24 10:30:39,2026-08-24 10:47:39,17,3.46,4.74,abonnement
TR2608240038466,CL100156,EN00422,velo_elec,Lille,ST1042,ST1034,24/08/2026 10:45,2026-08-24 11:11:20,26,6.76,7.5,cb
TR2608240038467,CL101342,EN00364,velo,Lille,ST1044,ST1035,,24/08/2026 10:46,10,1.92,2.5,abonnement
TR2608240038468,CL106779,EN00180,trottinette,Lyon,ST1002,ST1007,2026-08-24 10:50:56,2026-08-24 10:58:56,8,2.34,2.76,abonnement
TR2608240038469,CL107811,EN00115,velo_elec,Lyon,ST1003,ST1007,24/08/2026 11:00,2026-08-24 11:04:22,4,0.84,2.0,cb
TR2608240038470,CL108890,EN00108,velo_elec,LYON,ST1004,ST1014,2026-08-24 10:50:26,24/08/2026 11:08,18,5.33,5.5,cb
TR2608240038471,CL105245,EN00172,trottinette,Lyon,ST1008,ST1017,2026-08-24 10:46:02,2026-08-24 10:55:02,9,1.96,2.98,cb
TR2608240038472,CL107629,EN00111,trottinette,Lyon,ST1012,ST1002,1787561474,2026-08-24 11:05:14,14,3.04,4.08,abonnement
TR2608240038473,CL106299,EN00214,trottinette,Lyon,ST1014,ST1008,2026-08-24 10:45:53,1787562713,26,8.28,6.72,cb
TR2608240038474,CL108540,EN00046,velo,Lyon,ST1015,ST1016,2026-08-24 10:49:49,2026-08-24 11:11:49,22,7.66,4.3,cb
TR2608240038475,CL103325,EN00051,velo,Lyon,ST1015,ST1004,2026-08-24 10:58:02,2026-08-24 11:10:02,12,2.02,2.8,abonnement
TR2608240038476,CL106184,EN00284,trottinette,Nantes,ST1020,ST1022,2026-08-24 10:50:08,2026-08-24 10:52:08,2,0.44,1.44,abonnement
TR2608240038477,CL108344,EN00248,trottinette,Nante,ST1022,ST1032,24/08/2026 10:56,24/08/2026 11:10,14,3.25,4.08,paypal
TR2608240038478,CL105069,EN00358,trottinette,Nantes,ST1033,ST1026,24/08/2026 10:46,1787561445,4,1.16,1.88,cb
TR2608240038479,CL105242,EN00467,velo_elec,Lille,ST1035,ST1036,2026-08-24 10:58:14,2026-08-24 11:14:14,16,3.08,5.0,cb
TR2608240038480,CL101693,EN00013,velo_elec,Lyon,ST1009,ST1015,2026-08-24 11:14:04,24/08/2026 11:34,20,6.58,6.0,cb
TR2608240038481,CL106886,EN00167,trottinette,Lyon,ST1014,ST1011,1787562752,24/08/2026 11:23,11,3.43,3.42,cb
TR2608240038482,CL106318,EN00287,velo_elec,Nantes,ST1020,ST1030,2026-08-24 11:14:16,2026-08-24 11:22:16,8,1.59,3.0,cb
TR2608240038483,CL105973,EN00117,trottinette,Lyon,ST1001,ST1001,2026-08-24 11:30:58,,11,2.59,3.42,cb
TR2608240038484,CL101892,EN00185,trottinette,Lyon,ST1009,ST1019,2026-08-24 11:21:34,24/08/2026 11:54,33,9.47,8.26,cb
TR2608240038485,CL104369,EN00359,trottinette,Nantes,ST1020,ST1030,2026-08-24 11:17:25,2026-08-24 11:28:25,11,3.8,3.42,abonnement
TR2608240038486,CL102398,EN00432,velo,Lille,ST1044,ST1041,2026-08-24 11:20:19,2026-08-24 11:43:19,23,7.0,4.45,cb
TR2608240038487,CL100528,EN00526,velo_elec,Grenoble,ST1051,ST1054,2026-08-24 11:20:53,2026-08-24 11:35:53,15,4.35,4.75,cb
TR2608240038488,CL105868,EN00108,velo_elec,Lyon,ST1014,ST1004,2026-08-24 11:36:50,2026-08-24 11:53:50,17,3.58,5.25,abonnement
TR2608240038489,CL105061,EN00337,trottinette,Nantes,ST1026,ST1030,2026-08-24 11:37:32,2026-08-24 11:49:32,12,2.58,3.64,cb
TR2608240038490,CL103615,EN00400,trottinette,Lille,ST1034,ST1035,2026-08-24 11:38:14,2026-08-24 11:59:14,21,7.06,5.62,cb
TR2608240038491,CL104156,EN00378,velo_elec,Lille,ST1036,ST1047,2026-08-24 11:42:59,2026-08-24 12:05:59,23,5.15,6.75,abonnement
TR2608240038492,CL104656,EN00391,velo_elec,Lille,ST1042,ST1039,2026-08-24 11:32:57,24/08/2026 11:50,18,3.68,5.5,abonnement
TR2608240038493,CL101867,EN00531,trottinette,Grenoble,ST1051,ST1054,2026-08-24 11:31:17,2026-08-24 12:01:17,30,6.81,7.6,cb
TR2608240038494,CL107806,EN00214,trottinette,Lyon,ST1008,ST1013,2026-08-24 11:54:05,2026-08-24 12:30:05,36,11.62,8.92,cb
TR2608240038495,CL102283,EN00177,velo_elec,Lyon,ST1008,ST1013,2026-08-24 11:47:25,24/08/2026 12:06,19,6.62,5.75,cb
TR2608240038496,CL103023,EN00173,velo_elec,LYON,ST1009,ST1011,2026-08-24 11:48:24,1787565264,6,0.94,2.5,cb
TR2608240038497,CL107162,EN00216,velo_elec,Lyon,ST1011,ST1018,1787565597,2026-08-24 12:11:57,12,3.29,4.0,paypal
TR2608240038498,CL934052,EN00041,velo_elec,Lyon,ST1012,ST1015,1787564957,24/08/2026 12:49,60,19.61,16.0,cb
TR2608240038499,CL108967,EN00055,trottinette,Lyon,ST1013,ST1010,24/08/2026 12:01,2026-08-24 12:06:18,5,1.71,2.1,cb
TR2608240038500,CL100163,EN00358,trottinette,Nantes,ST1026,ST1026,2026-08-24 12:00:08,24/08/2026 12:08,8,2.31,2.76,cb
TR2608240038501,CL103294,EN00311,trottinette,Nantes,ST1027,ST1033,24/08/2026 11:52,24/08/2026 11:56,4,1.21,1.88,cb
TR2608240038502,CL101079,EN00366,trottinette,Lille,ST1042,ST1040,2026-08-24 11:47:21,24/08/2026 11:50,3,0.69,1.66,abonnement
TR2608240038503,CL106226,EN00367,velo,Lille,ST1047,ST1035,2026-08-24 11:48:58,24/08/2026 12:06,18,2.72,3.7,paypal
TR2608240038504,CL102854,EN00584,trottinette,Grenoble,ST1048,ST1056,2026-08-24 11:46:14,2026-08-24 12:00:14,14,4.09,4.08,cb
TR2608240038505,CL105140,EN00519,velo_elec,Grenoble,ST1049,ST1053,24/08/2026 11:53,2026-08-24 12:04:36,11,3.56,3.75,abonnement
TR2608240038506,CL106449,EN00195,velo_elec,Lyonn,ST1006,ST1019,2026-08-24 12:02:25,2026-08-24 12:37:25,35,6.36,9.75,cb
TR2608240038507,CL100954,EN00074,trottinette,lyon,ST1006,ST1018,2026-08-24 12:13:53,2026-08-24 12:41:53,28,6.58,7.16,abonnement
TR2608240038508,CL104884,EN00115,velo_elec,Lyon,ST1007,ST1007,2026-08-24 12:13:34,24/08/2026 12:34,21,6.67,6.25,cb
TR2608240038509,CL105150,EN00213,trottinette,Lyon,ST1008,ST1013,1787565739,2026-08-24 12:16:19,14,3.03,4.08,cb
TR2608240038510,CL103846,EN00071,velo_elec,Lyon,ST1008,ST1002,2026-08-24 12:02:34,1787566114,6,1.45,2.5,cb
TR2608240038511,CL106996,EN00167,trottinette,Lyon,ST1011,ST1010,2026-08-24 12:05:24,2026-08-24 12:12:24,7,1.28,2.54,cb
TR2608240038512,CL108320,EN00188,velo,Lyon,ST1012,ST1002,2026-08-24 12:03:54,2026-08-24 12:20:54,17,5.47,3.55,cb
TR2608240038513,CL106596,EN00013,velo_elec,Lyon,ST1015,ST1012,2026-08-24 12:07:29,2026-08-24 12:24:29,17,5.17,5.25,abonnement
TR2608240038514,CL102211,EN00185,trottinette,Lyon,ST1019,ST1017,24/08/2026 12:07,2026-08-24 12:17:33,10,2.32,3.2,abonnement
TR2608240038515,CL101299,EN00240,trottinette,Nantes,ST1020,ST1022,2026-08-24 12:05:17,2026-08-24 12:12:17,7,1.63,2.54,cb
TR2608240038516,CL103414,EN00260,velo_elec,Nantes,ST1028,ST1028,2026-08-24 12:11:13,2026-08-24 12:50:13,39,10.85,10.75,paypal
TR2608240038517,CL104019,EN00337,trottinette,nantes,ST1030,ST1031,24/08/2026 12:07,2026-08-24 12:11:45,4,0.62,1.88,cb
TR2608240038518,CL108243,EN00444,trottinette,Lille,ST1037,ST1046,1787565901,24/08/2026 12:21,16,3.66,4.52,cb
TR2608240038519,CL103459,EN00391,velo_elec,Lille,ST1039,ST1045,1787566115,2026-08-24 12:21:35,13,2.97,4.25,
TR2608240038520,CL103093,EN00426,trottinette,Lille,ST1040,ST1035,2026-08-24 12:06:51,2026-08-24 12:30:51,24,6.14,6.28,paypal
TR2608240038521,CL101198,EN00432,velo,Lille,ST1041,ST1039,2026-08-24 12:04:57,2026-08-24 12:14:57,10,2.34,2.5,cb
TR2608240038522,CL102931,EN00075,trottinette,Lyon,ST1003,ST1014,2026-08-24 12:28:47,24/08/2026 13:00,32,7.66,8.04,abonnement
TR2608240038523,CL106712,EN00064,velo,Lyon,ST1008,ST1018,2026-08-24 12:19:19,2026-08-24 12:32:19,13,4.28,2.95,abonnement
TR2608240038524,CL100290,EN00173,velo_elec,Lyon,ST1011,ST1015,2026-08-24 12:18:45,2026-08-24 12:21:45,3,0.85,1.75,cb
TR2608240038525,CL103036,EN00100,velo_elec,Lyon,ST1014,ST1004,1787567159,24/08/2026 12:40,15,2.9,4.75,paypal
TR2608240038526,CL100497,EN00318,velo_elec,Nantes,ST1021,ST1030,2026-08-24 12:19:35,2026-08-24 12:34:35,15,2.96,4.75,cb
TR2608240038527,CL104029,EN00284,trottinette,Nantes,ST1022,ST1030,2026-08-24 12:17:43,2026-08-24 12:30:43,13,3.88,3.86,paypal
TR2608240038528,CL104467,EN00459,velo_elec,Lille,ST1034,ST1045,2026-08-24 12:28:54,2026-08-24 12:33:54,5,1.51,2.25,cb
TR2608240038529,CL108505,EN00473,trottinette,Lille,ST1040,ST1043,24/08/2026 12:24,2026-08-24 12:36:02,12,2.2,3.64,abonnement
TR2608240038530,CL108283,EN00431,velo,Lille,ST1042,ST1042,24/08/2026 12:19,2026-08-24 12:33:40,14,4.1,3.1,abonnement
TR2608240038531,CL105390,EN00443,velo_elec,Lille,ST1045,ST1040,2026-08-24 12:27:54,2026-08-24 12:42:54,15,4.33,4.75,abonnement
TR2608240038532,CL102172,EN00378,velo_elec,Lille,ST1047,ST1035,2026-08-24 12:16:48,2026-08-24 12:33:48,17,5.17,5.25,paypal
TR2608240038533,CL105957,EN00585,velo_elec,Grenoble,ST1049,ST1052,2026-08-24 12:26:09,2026-08-24 12:33:09,7,2.1,2.75,cb
TR2608240038534,CL104595,EN00506,trottinette,Grenoble,ST1054,ST1056,2026-08-24 12:25:13,2026-08-24 12:54:13,29,6.36,7.38,abonnement
TR2608240038535,CL106041,EN00584,trottinette,Grenoble,ST1056,ST1056,24/08/2026 12:28,24/08/2026 12:39,11,2.75,3.42,
TR2608240038536,CL106412,EN00523,velo_elec,Grenoble,ST1058,ST1051,2026-08-24 12:22:19,2026-08-24 12:48:19,26,4.11,7.5,cb
TR2608240038537,CL107439,EN00211,velo_elec,Lyon,ST1004,ST1011,1787568358,1787568778,7,1.71,2.75,paypal
TR2608240038538,CL106888,EN00180,trottinette,Lyon,ST1007,ST1014,2026-08-24 12:43:28,2026-08-24 13:04:28,21,7.23,5.62,cb
TR2608240038539,CL105470,EN00038,velo,Lyon,ST1011,ST1010,2026-08-24 12:31:01,2026-08-24 12:42:01,11,3.42,2.65,cb
TR2608240038540,CL105110,EN00170,trottinette,Lyon ,ST1017,ST1012,24/08/2026 12:35,2026-08-24 13:27:37,52,10.76,12.44,cb
TR2608240038541,CL108835,EN00133,velo_elec,Lyon,ST1018,ST1005,2026-08-24 12:40:00,,4,1.09,2.0,abonnement
TR2608240038542,CL104794,EN00341,velo_elec,Nantes,ST1021,ST1022,2026-08-24 12:42:50,2026-08-24 12:53:50,11,3.81,3.75,cb
TR2608240038543,CL106167,EN00256,velo_elec,Nantes,ST1025,ST1026,2026-08-24 12:38:32,2026-08-24 12:50:32,12,3.21,4.0,paypal
TR2608240038544,CL100831,EN00299,trottinette,Nantes,ST1032,ST1030,24/08/2026 12:44,2026-08-24 13:10:20,26,5.0,6.72,abonnement
TR2608240038545,CL104756,EN00261,trottinette,Nantes,ST1033,ST1033,2026-08-24 12:35:26,24/08/2026 12:43,8,1.65,2.76,abonnement
TR2608240038546,CL101612,EN00362,velo_elec,Lille,ST1036,ST1040,2026-08-24 12:32:09,2026-08-24 12:41:09,9,2.61,3.25,paypal
TR2608240038547,CL104375,EN00366,trottinette,Lille,ST1040,ST1042,1787568096,1787568756,11,3.69,3.42,abonnement
TR2608240038548,CL106602,EN00127,trottinette,lyon,ST1003,ST1001,2026-08-24 13:00:29,2026-08-24 13:37:29,37,8.13,9.14,cb
TR2608240038549,CL101863,EN00190,trottinette,Lyon,ST1004,ST1016,1787568644,2026-08-24 13:08:44,18,3.23,4.96,abonnement
TR2608240038550,CL105158,EN00208,velo_elec,Lyon,ST1006,ST1014,2026-08-24 12:49:47,24/08/2026 13:23,34,11.78,9.5,cb
TR2608240038551,CL105698,EN00081,velo_elec,Lyon,ST1010,ST1001,2026-08-24 12:59:21,1787569761,10,2.97,3.5,abonnement
TR2608240038552,CL102751,EN00013,velo_elec,Lyon,ST1012,ST1013,2026-08-24 12:52:24,2026-08-24 12:59:24,7,1.08,2.75,cb
TR2608240038553,CL100949,EN00213,trottinette,Lyon,ST1013,ST1009,2026-08-24 12:58:47,2026-08-24 13:03:47,5,1.54,2.1,cb
TR2608240038554,CL100154,EN00173,velo_elec,Lyon,ST1015,ST1014,2026-08-24 12:49:34,2026-08-24 12:54:34,5,1.46,2.25,abonnement
TR2608240038555,CL104387,EN00028,trottinette,Lyon,ST1016,ST1008,2026-08-24 13:00:22,2026-08-24 13:18:22,18,5.47,4.96,cb
TR2608240038556,CL104697,EN00252,velo_elec,Nantes,ST1029,ST1024,2026-08-24 12:52:57,2026-08-24 13:02:57,10,2.71,3.5,paypal
TR2608240038557,CL107156,EN00432,velo,Lille,ST1039,ST1042,2026-08-24 12:47:42,24/08/2026 12:58,11,3.13,2.65,abonnement
TR2608240038558,CL108019,EN00362,velo_elec,Lille,ST1040,ST1043,1787568558,2026-08-24 12:55:18,6,1.33,2.5,abonnement
TR2608240038559,CL108000,EN00473,trottinette,Lille,ST1043,ST1038,2026-08-24 12:49:02,2026-08-24 12:52:02,3,0.54,1.66,cb
TR2608240038560,CL102678,EN00526,velo_elec,Grenoble,ST1054,ST1055,2026-08-24 12:56:16,2026-08-24 13:10:16,14,2.14,4.5,cb
TR2608240038561,CL102081,EN00115,velo_elec,Lyon,ST1007,ST1011,2026-08-24 13:02:36,2026-08-24 13:24:36,22,4.38,6.5,cb
TR2608240038562,CL103968,EN00055,trottinette,Lyon,ST1010,ST1014,1787569430,2026-08-24 13:23:50,20,6.58,5.4,paypal
TR2608240038563,CL103436,EN00211,velo_elec,Lyon,ST1011,ST1016,2026-08-24 13:12:58,2026-08-24 13:20:58,8,1.56,3.0,abonnement
TR2608240038564,CL102118,EN00352,velo_elec,Nantes,ST1024,ST1027,2026-08-24 13:07:55,2026-08-24 13:14:55,7,2.31,2.75,cb
TR2608240038565,CL107507,EN00227,trottinette,Nantes,ST1032,ST1023,2026-08-24 13:15:51,2026-08-24 13:21:51,6,1.55,2.32,cb
TR2608240038566,CL102590,EN00312,trottinette,Nantes,ST1033,ST1023,2026-08-24 13:00:46,24/08/2026 13:07,7,2.43,2.54,abonnement
TR2608240038567,CL103724,EN00417,trottinette,Lille,ST1035,ST1040,24/08/2026 13:15,2026-08-24 13:28:24,13,2.2,3.86,cb
TR2608240038568,CL108423,EN00415,trottinette,Lille,ST1035,ST1037,2026-08-24 13:08:04,2026-08-24 13:23:04,15,3.12,4.3,paypal
TR2608240038569,CL107246,EN00459,velo_elec,Lille,ST1045,ST1037,24/08/2026 13:08,2026-08-24 13:17:57,9,2.99,3.25,cb
TR2608240038570,CL104553,EN00444,trottinette,Lille,ST1046,ST1042,2026-08-24 13:10:14,24/08/2026 13:22,12,3.3,3.64,cb
TR2608240038571,CL101168,EN00133,velo_elec,Lyon,ST1005,ST1007,2026-08-24 13:26:50,2026-08-24 13:31:50,5,0.99,2.25,abonnement
TR2608240038572,CL102098,EN00213,trottinette,Lyon,ST1009,ST1012,24/08/2026 13:17,2026-08-24 13:26:11,9,2.91,2.98,paypal
TR2608240038573,CL100881,EN00084,velo_elec,Lyon,ST1010,ST1017,2026-08-24 13:27:49,2026-08-24 13:30:49,3,0.9,1.75,paypal
TR2608240038574,CL108333,EN00207,velo_elec,Lyon,ST1016,ST1016,2026-08-24 13:26:13,2026-08-24 13:30:13,4,1.18,2.0,cb
TR2608240038575,CL107764,EN00267,trottinette,Nantes,ST1021,ST1032,2026-08-24 13:18:07,2026-08-24 13:23:07,5,1.69,2.1,cb
TR2608240038576,CL106610,EN00418,trottinette,Lille,ST1034,ST1046,2026-08-24 13:22:33,24/08/2026 13:29,7,1.29,2.54,cb
TR2608240038577,CL107233,EN00473,trottinette,Lille,ST1038,ST1035,1787570812,2026-08-24 13:38:52,12,3.2,3.64,cb
TR2608240038578,CL107704,EN00443,velo_elec,Lille,ST1040,ST1039,2026-08-24 13:30:33,2026-08-24 13:39:33,9,3.05,3.25,paypal
TR2608240038579,CL105072,EN00362,velo_elec,Lille,ST1043,ST1037,2026-08-24 13:30:27,2026-08-24 13:46:27,16,3.04,5.0,cb
TR2608240038580,CL104045,EN00563,trottinette,Grenoble,ST1049,ST1050,2026-08-24 13:25:43,2026-08-24 13:46:43,21,7.02,5.62,paypal
TR2608240038581,CL107560,EN00523,velo_elec,Grenoble,ST1051,ST1057,,1787571926,20,3.8,6.0,abonnement
TR2608240038582,CL107444,EN00220,velo_elec,LYON,ST1009,ST1019,2026-08-24 13:37:08,2026-08-24 13:47:08,10,2.99,3.5,cb
TR2608240038583,CL104428,EN00115,velo_elec,Lyon ,ST1011,ST1005,1787571139,2026-08-24 14:16:19,44,12.37,12.0,abonnement
TR2608240038584,CL106765,EN00213,trottinette,Lyon,ST1012,ST1009,24/08/2026 13:44,2026-08-24 13:51:07,7,2.38,2.54,cb
TR2608240038585,CL100010,EN00041,velo_elec,Lyon,ST1015,ST1006,2026-08-24 13:40:20,2026-08-24 14:17:20,37,5.96,10.25,cb
TR2608240038586,CL101200,EN00154,trottinette,Lyon,ST1016,ST1016,2026-08-24 13:45:21,1787572701,13,2.18,3.86,abonnement
TR2608240038587,CL104673,EN00172,trottinette,Lyon,ST1017,ST1011,24/08/2026 13:46,2026-08-24 13:57:01,11,3.42,3.42,cb
TR2608240038588,CL103410,EN00053,trottinette,Lyon,ST1018,ST1007,2026-08-24 13:39:27,2026-08-24 13:51:27,12,2.87,3.64,abonnement
TR2608240038589,CL107398,EN00459,velo_elec,Lille,ST1037,ST1039,2026-08-24 13:36:17,,10,2.18,3.5,paypal
TR2608240038590,CL108423,EN00417,trottinette,Lille,ST1040,ST1042,2026-08-24 13:39:00,2026-08-24 13:49:00,10,2.55,3.2,cb
TR2608240038591,CL102541,EN00444,trottinette,lille,ST1042,ST1044,2026-08-24 13:44:40,2026-08-24 13:55:40,11,3.37,3.42,cb
TR2608240038592,CL103724,EN00366,trottinette,Lille,ST1042,ST1035,2026-08-24 13:36:43,2026-08-24 13:43:43,7,2.41,2.54,cb
TR2608240038593,CL108821,EN00418,trottinette,Lille,ST1046,ST1039,2026-08-24 13:37:11,2026-08-24 13:40:11,3,0.77,1.66,paypal
TR2608240038594,CL100434,EN00519,velo_elec,Grenoble,ST1053,ST1058,2026-08-24 13:42:30,2026-08-24 14:14:30,32,6.35,9.0,paypal
TR2608240038595,CL105140,EN00520,velo_elec,Grenoble,ST1058,ST1058,2026-08-24 13:40:09,24/08/2026 13:46,6,1.18,2.5,abonnement
TR2608240038596,CL101668,EN00103,trottinette,Lyon,ST1004,ST1007,24/08/2026 13:53,2026-08-24 14:16:13,23,6.0,6.06,abonnement
TR2608240038597,CL106692,EN00028,trottinette,Lyon,ST1008,ST1010,2026-08-24 13:48:06,2026-08-24 14:06:06,18,3.58,4.96,cb
TR2608240038598,CL102862,EN00151,trottinette,Lyon,ST1009,ST1004,2026-08-24 13:56:04,2026-08-24 14:07:04,11,2.19,3.42,abonnement
TR2608240038599,CL107274,EN00167,trottinette,Lyon,ST1010,ST1007,,2026-08-24 14:04:50,12,3.02,3.64,paypal
TR2608240038600,CL104836,EN00218,velo_elec,Lyon,ST1014,ST1001,2026-08-24 13:51:10,2026-08-24 14:24:10,33,11.06,9.25,cb
TR2608240038601,CL108574,EN00207,velo_elec,Lyon,ST1016,ST1013,2026-08-24 13:53:51,2026-08-24 13:59:51,6,1.68,2.5,abonnement
TR2608240038602,CL103994,EN00195,velo_elec,Lyon,ST1019,ST1005,2026-08-24 13:47:18,2026-08-24 14:18:18,31,4.68,8.75,cb
TR2608240038603,CL107838,EN00325,trottinette,Nantes,ST1021,ST1028,2026-08-24 13:46:27,2026-08-24 14:02:27,16,2.52,4.52,abonnement
TR2608240038604,CL104416,EN00354,velo_elec,Nantes,ST1021,ST1031,1787572595,2026-08-24 14:10:35,14,2.24,4.5,abonnement
TR2608240038605,CL103840,EN00272,trottinette,Nantes,ST1025,ST1033,2026-08-24 13:56:49,2026-08-24 14:10:49,14,4.03,4.08,abonnement
TR2608240038606,CL926241,EN00256,velo_elec,Nantes,ST1026,ST1028,2026-08-24 13:59:41,,9,2.39,3.25,paypal
TR2608240038607,CL103386,EN00260,velo_elec,Nantes,ST1028,ST1026,2026-08-24 13:46:15,2026-08-24 14:02:15,16,5.26,5.0,cb
TR2608240038608,CL101163,EN00380,velo_elec,Lille,ST1034,ST1035,24/08/2026 13:51,24/08/2026 14:42,51,8.79,13.75,abonnement
TR2608240038609,CL106352,EN00362,velo_elec,Lille,ST1037,ST1045,24/08/2026 13:58,2026-08-24 14:04:50,6,1.74,2.5,cb
TR2608240038610,CL103093,EN00386,trottinette,Lille,ST1045,ST1041,24/08/2026 13:50,2026-08-24 14:21:39,31,6.96,7.82,abonnement
TR2608240038611,CL107165,EN00564,velo,Grenoble,ST1051,ST1052,2026-08-24 13:50:33,2026-08-24 13:55:33,5,1.4,1.75,cb
TR2608240038612,CL102365,EN00026,trottinette,LYON,ST1001,ST1009,2026-08-24 14:05:35,2026-08-24 14:19:35,14,2.27,4.08,cb
TR2608240038613,CL102219,EN00199,velo_elec,Lyon,ST1004,ST1002,2026-08-24 14:04:44,2026-08-24 14:10:44,6,1.06,2.5,paypal
TR2608240038614,CL102239,EN00172,trottinette,Lyon,ST1011,ST1014,24/08/2026 14:07,2026-08-24 14:13:43,6,1.59,2.32,cb
TR2608240038615,CL102429,EN00076,velo_elec,Lyon,ST1014,ST1003,2026-08-24 14:09:31,2026-08-24 14:17:31,8,2.54,3.0,cb
TR2608240038616,CL105105,EN00330,trottinette,Nantes,ST1025,ST1021,2026-08-24 14:13:56,2026-08-24 14:20:56,7,1.99,2.54,paypal
TR2608240038617,CL102776,EN00294,velo_elec,Nantes,ST1026,ST1022,2026-08-24 14:11:56,2026-08-24 14:17:56,6,1.64,2.5,cb
TR2608240038618,CL100357,EN00493,velo_elec,Lille,ST1036,ST1041,2026-08-24 14:09:41,2026-08-24 14:25:41,16,4.85,5.0,cb
TR2608240038619,CL102006,EN00429,velo,Lille,ST1040,ST1045,2026-08-24 14:14:27,2026-08-24 14:26:27,12,3.99,2.8,abonnement
TR2608240038620,CL107754,EN00371,velo,Lille,ST1040,ST1041,2026-08-24 14:16:01,2026-08-24 14:29:01,13,3.45,2.95,cb
TR2608240038621,CL104046,EN00444,trottinette,lille,ST1044,ST1040,2026-08-24 14:09:52,2026-08-24 14:15:52,6,1.47,2.32,cb
TR2608240038622,CL105602,EN00563,trottinette,Grenoble,ST1050,ST1054,2026-08-24 14:04:27,2026-08-24 14:21:27,17,5.25,4.74,cb
TR2608240038623,CL103356,EN00094,velo_elec,Lyon,ST1001,ST1003,2026-08-24 14:24:45,2026-08-24 14:58:45,34,8.53,9.5,abonnement
TR2608240038624,CL100895,EN00033,trottinette,Lyon,ST1006,ST1019,1787574540,2026-08-24 14:36:00,7,2.27,2.54,cb
TR2608240038625,CL104822,EN00028,trottinette,Lyon,ST1010,ST1004,2026-08-24 14:27:59,2026-08-24 14:43:59,16,4.5,4.52,abonnement
TR2608240038626,CL101599,EN00170,trottinette,Lyon,ST1012,ST1001,2026-08-24 14:19:34,24/08/2026 14:25,6,1.51,2.32,abonnement
TR2608240038627,CL107757,EN00044,trottinette,Lyon,ST1017,ST1006,2026-08-24 14:24:20,2026-08-24 14:27:20,3,0.72,1.66,cb
TR2608240038628,CL105910,EN00235,trottinette,Nantes,ST1020,ST1021,2026-08-24 14:28:27,2026-08-24 14:39:27,-5,2.16,3.42,cb
TR2608240038629,CL108942,EN00256,velo_elec,nantes,ST1028,ST1032,2026-08-24 14:20:37,24/08/2026 14:32,12,1.98,4.0,abonnement
TR2608240038630,CL106835,EN00415,trottinette,Lille,ST1037,ST1035,2026-08-24 14:15:42,2026-08-24 14:41:42,26,4.28,6.72,abonnement
TR2608240038631,CL100611,EN00551,trottinette,Grenoble,ST1054,ST1057,2026-08-24 14:18:11,24/08/2026 14:37,19,4.58,5.18,abonnement
TR2608240038632,CL103834,EN00522,velo_elec,Grenoble,ST1058,ST1055,2026-08-24 14:18:50,2026-08-24 14:38:50,20,4.4,6.0,cb
TR2608240038633,CL100445,EN00067,velo_elec,Lyon,ST1009,ST1010,2026-08-24 14:41:43,1787576263,16,4.88,5.0,cb
TR2608240038634,CL107215,EN00080,trottinette,Lyon,ST1017,ST1010,24/08/2026 14:31,24/08/2026 14:39,8,2.57,2.76,paypal
TR2608240038635,CL101147,EN00054,trottinette,Lyon,ST1017,ST1013,2026-08-24 14:43:28,,19,4.3,5.18,cb
TR2608240038636,CL100550,EN00014,velo_elec,Lyon,ST1018,ST1013,2026-08-24 14:32:28,2026-08-24 14:37:28,5,1.48,2.25,abonnement
TR2608240038637,CL108436,EN00220,velo_elec,LYON,ST1019,ST1014,2026-08-24 14:44:32,2026-08-24 14:51:32,7,1.39,2.75,cb
TR2608240038638,CL103296,EN00333,trottinette,Nantes,ST1021,ST1033,2026-08-24 14:46:14,2026-08-24 15:08:14,22,6.66,5.84,cb
TR2608240038639,CL101271,EN00352,velo_elec,Nantes,ST1027,ST1023,2026-08-24 14:37:22,2026-08-24 14:49:22,12,1.94,4.0,paypal
TR2608240038640,CL101011,EN00414,velo_elec,Lille,ST1036,ST1038,2026-08-24 14:45:23,2026-08-24 15:04:23,19,2.99,5.75,abonnement
TR2608240038641,CL100402,EN00164,trottinette,Lyonn,ST1005,ST1007,2026-08-24 14:49:08,2026-08-24 14:57:08,8,1.35,2.76,cb
TR2608240038642,CL107299,EN00167,trottinette,Lyon,ST1007,ST1012,2026-08-24 14:58:36,2026-08-24 15:04:36,6,0.92,2.32,cb
TR2608240038643,CL107166,EN00026,trottinette,Lyon,ST1009,ST1001,2026-08-24 14:51:56,1787576336,7,2.32,2.54,cb
TR2608240038644,CL104694,EN00080,trottinette,Lyon,ST1010,ST1012,2026-08-24 14:53:12,2026-08-24 15:10:12,17,4.93,4.74,cb
TR2608240038645,CL102938,EN00292,velo_elec,Nantes,ST1020,ST1026,2026-08-24 14:48:25,24/08/2026 14:57,9,2.11,3.25,cb
TR2608240038646,CL107225,EN00238,velo_elec,Nantes,ST1032,ST1021,2026-08-24 14:49:25,24/08/2026 14:58,9,2.0,3.25,abonnement
TR2608240038647,CL106091,EN00455,velo_elec,Lille,ST1034,ST1040,2026-08-24 14:59:27,2026-08-24 15:22:27,23,5.31,6.75,paypal
TR2608240038648,CL107681,EN00523,velo_elec,Grenoble,ST1057,ST1055,2026-08-24 14:48:10,2026-08-24 14:59:10,11,2.28,3.75,paypal
TR2608240038649,CL108179,EN00151,trottinette,Lyon,ST1004,ST1018,2026-08-24 15:10:45,24/08/2026 15:16,6,0.96,2.32,cb
TR2608240038650,CL101551,EN00195,velo_elec,Lyon,ST1005,ST1017,2026-08-24 15:05:55,2026-08-24 15:14:55,9,1.75,3.25,abonnement
TR2608240038651,CL106558,EN00238,velo_elec,Nantes,ST1021,ST1020,2026-08-24 15:11:46,2026-08-24 15:20:46,9,2.55,3.25,cb
TR2608240038652,CL104863,EN00330,trottinette,Nantes,ST1021,ST1024,2026-08-24 15:08:04,24/08/2026 15:22,14,3.7,4.08,cb
TR2608240038653,CL103319,EN00235,trottinette,Nantes,ST1021,ST1022,2026-08-24 15:11:25,2026-08-24 15:28:25,17,2.87,4.74,abonnement
TR2608240038654,CL108461,EN00264,trottinette,Nantes,ST1025,ST1021,2026-08-24 15:04:44,2026-08-24 15:08:44,4,1.09,1.88,abonnement
TR2608240038655,CL100251,EN00245,velo_elec,Nantes,ST1028,ST1020,2026-08-24 15:12:04,2026-08-24 15:22:04,10,2.38,3.5,cb
TR2608240038656,CL106950,EN00325,trottinette,Nantes,ST1028,ST1031,24/08/2026 15:02,1787578165,27,8.67,6.94,cb
TR2608240038657,CL100378,EN00318,velo_elec,Nantes,ST1030,ST1020,2026-08-24 15:03:26,2026-08-24 15:10:26,7,1.31,2.75,abonnement
TR2608240038658,CL106904,EN00309,trottinette,Nantes,ST1032,ST1021,2026-08-24 15:14:38,2026-08-24 15:20:38,6,1.46,2.32,cb
TR2608240038659,CL100200,EN00483,trottinette,Lille,ST1035,ST1037,2026-08-24 15:08:08,24/08/2026 15:21,13,3.12,3.86,cb
TR2608240038660,CL104842,EN00168,velo_elec,LYON,ST1002,ST1017,2026-08-24 15:15:33,2026-08-24 15:31:33,16,3.62,5.0,paypal
TR2608240038661,CL101066,EN00444,trottinette,Lille,ST1040,ST1045,2026-08-24 15:19:44,2026-08-24 15:33:44,14,3.26,4.08,cb
TR2608240038662,CL104326,EN00417,trottinette,Lille,ST1042,ST1041,24/08/2026 15:19,2026-08-24 15:33:47,14,2.56,4.08,paypal
TR2608240038663,CL101455,EN00413,trottinette,Lille,ST1045,ST1047,2026-08-24 15:27:39,2026-08-24 15:33:39,6,1.96,2.32,cb
TR2608240038664,CL105009,EN00598,velo_elec,Grenoble,ST1048,ST1050,2026-08-24 15:16:22,24/08/2026 15:38,22,7.15,6.5,cb
TR2608240038665,CL106219,EN00137,velo,Lyon,ST1011,ST1011,24/08/2026 15:40,2026-08-24 16:05:09,25,5.68,4.75,abonnement
TR2608240038666,CL105397,EN00177,velo_elec,Lyon,ST1013,ST1007,2026-08-24 15:35:58,2026-08-24 15:50:58,15,4.62,4.75,paypal
TR2608240038667,CL101717,EN00383,trottinette,Lille,ST1034,ST1045,2026-08-24 15:43:56,1787579636,10,2.06,3.2,paypal
TR2608240038668,CL100084,EN00412,trottinette,Lille,ST1036,ST1046,2026-08-24 15:34:27,2026-08-24 15:57:27,23,4.82,6.06,cb
TR2608240038669,CL100243,EN00493,velo_elec,Lille,ST1041,ST1034,2026-08-24 15:44:47,2026-08-24 16:01:47,17,2.61,5.25,abonnement
TR2608240038670,CL103990,EN00563,trottinette,Grenoble,ST1054,ST1055,2026-08-24 15:46:07,2026-08-24 15:55:07,9,2.7,2.98,cb
TR2608240038671,CL105816,EN00067,velo_elec,Lyon,ST1010,ST1004,2026-08-24 16:00:59,2026-08-24 16:14:59,14,4.74,4.5,abonnement
TR2608240038672,CL102240,EN00214,trottinette,Lyon,ST1013,ST1009,2026-08-24 15:47:48,2026-08-24 17:15:48,88,24.37,20.36,abonnement
TR2608240038673,CL102461,EN00154,trottinette,Lyon,ST1016,ST1005,2026-08-24 15:48:34,2026-08-24 16:09:34,21,3.65,5.62,abonnement
TR2608240038674,CL103097,EN00295,velo_elec,Nantes,ST1032,ST1029,2026-08-24 15:46:50,24/08/2026 15:53,7,2.3,2.75,cb
TR2608240038675,CL104639,EN00445,velo_elec,Lille,ST1034,ST1044,1787580068,2026-08-24 16:12:08,11,2.83,3.75,cb
TR2608240038676,CL101569,EN00479,trottinette,Lille,ST1034,ST1046,24/08/2026 15:52,24/08/2026 16:01,9,1.53,2.98,paypal
TR2608240038677,CL105874,EN00455,velo_elec,Lille,ST1040,ST1046,24/08/2026 15:52,24/08/2026 16:11,19,4.22,5.75,abonnement
TR2608240038678,CL104111,EN00413,trottinette,Lille,ST1047,ST1037,2026-08-24 15:48:49,2026-08-24 16:07:49,19,4.98,5.18,abonnement
TR2608240038679,CL102767,EN00582,trottinette,GRENOBLE,ST1049,ST1051,24/08/2026 15:53,2026-08-24 16:08:53,15,3.93,4.3,cb
TR2608240038680,CL106816,EN00531,trottinette,Grenoble,ST1054,ST1049,,2026-08-24 16:12:42,12,3.48,3.64,abonnement
TR2608240038681,CL100377,EN00584,trottinette,Grenoble,ST1056,ST1056,2026-08-24 15:49:41,24/08/2026 16:03,14,4.65,4.08,paypal
TR2608240038682,CL103673,EN00068,velo_elec,Lyon,ST1002,ST1014,1787580867,2026-08-24 16:26:27,12,3.84,4.0,
TR2608240038683,CL100238,EN00079,velo_elec,Lyon,ST1003,ST1015,2026-08-24 16:07:26,24/08/2026 16:18,11,2.57,3.75,cb
TR2608240038684,CL108519,EN00171,velo,Lyon,ST1011,ST1003,2026-08-24 16:06:50,2026-08-24 16:09:50,3,1.01,1.45,cb
TR2608240038685,CL104275,EN00033,trottinette,Lyon,ST1019,ST1003,2026-08-24 16:07:18,2026-08-24 16:21:18,14,2.4,4.08,cb
TR2608240038686,CL107827,EN00309,trottinette,Nante,ST1021,ST1023,2026-08-24 16:10:48,2026-08-24 16:25:48,15,3.24,4.3,cb
TR2608240038687,CL108440,EN00264,trottinette,Nantes,ST1021,ST1033,2026-08-24 16:05:10,2026-08-24 16:09:10,4,1.33,1.88,cb
TR2608240038688,CL106441,EN00341,velo_elec,NANTES,ST1022,ST1027,24/08/2026 16:07,2026-08-24 16:10:53,3,1.04,1.75,cb
TR2608240038689,CL107394,EN00227,trottinette,Nantes,ST1023,ST1032,2026-08-24 16:09:15,1787581095,9,2.07,2.98,abonnement
TR2608240038690,CL100767,EN00401,trottinette,Lille,ST1034,ST1039,24/08/2026 16:05,2026-08-24 16:20:40,15,4.25,4.3,abonnement
TR2608240038691,CL108011,EN00476,trottinette,Lille,ST1036,ST1041,2026-08-24 16:06:44,2026-08-24 16:52:44,46,9.3,11.12,cb
TR2608240038692,CL105550,EN00414,velo_elec,Lille,ST1038,ST1046,2026-08-24 16:11:53,2026-08-24 16:20:53,9,1.56,3.25,cb
TR2608240038693,CL102013,EN00509,trottinette,GRENOBLE,ST1049,ST1049,2026-08-24 16:06:42,2026-08-24 16:14:42,8,2.51,2.76,paypal
TR2608240038694,CL957077,EN00096,velo_elec,Lyon,ST1002,ST1008,1787581522,24/08/2026 17:01,36,10.27,10.0,cb
TR2608240038695,CL101231,EN00076,velo_elec,Lyon,ST1003,ST1010,2026-08-24 16:21:31,2026-08-24 16:29:31,8,2.01,3.0,paypal
TR2608240038696,CL100753,EN00101,velo_elec,Lyon,ST1004,ST1016,2026-08-24 16:22:44,1787581904,9,1.51,3.25,paypal
TR2608240038697,CL102514,EN00167,trottinette,Lyon,ST1012,ST1006,2026-08-24 16:17:20,2026-08-24 16:27:20,10,1.75,3.2,cb
TR2608240038698,CL107872,EN00113,velo_elec,Lyon,ST1014,ST1019,2026-08-24 16:23:33,2026-08-24 16:30:33,7,2.35,2.75,cb
TR2608240038699,CL101899,EN00151,trottinette,Lyon,ST1018,ST1015,2026-08-24 16:27:07,2026-08-24 16:45:07,18,4.55,4.96,abonnement
TR2608240038700,CL108380,EN00245,velo_elec,Nantes,ST1020,ST1023,2026-08-24 16:26:40,2026-08-24 16:55:40,29,9.25,8.25,cb
TR2608240038701,CL102320,EN00315,velo_elec,Nantes,ST1029,ST1022,2026-08-24 16:17:21,2026-08-24 16:26:21,9,2.59,3.25,abonnement
TR2608240038702,CL100464,EN00477,trottinette,Lille,ST1034,ST1046,2026-08-24 16:17:23,2026-08-24 16:36:23,19,3.22,5.18,abonnement
TR2608240038703,CL101243,EN00492,velo_elec,Lille,ST1036,ST1042,2026-08-24 16:23:23,2026-08-24 16:34:23,11,3.42,3.75,abonnement
TR2608240038704,CL104686,EN00446,trottinette,Lille,ST1037,ST1034,2026-08-24 16:19:28,2026-08-24 16:28:28,9,2.74,2.98,cb
TR2608240038705,CL105844,EN00383,trottinette,Lille,ST1045,ST1047,2026-08-24 16:29:29,2026-08-24 16:33:29,4,1.32,1.88,cb
TR2608240038706,CL102498,EN00362,velo_elec,Lille,ST1045,ST1044,2026-08-24 16:25:39,2026-08-24 16:31:39,6,1.48,2.5,cb
TR2608240038707,CL106468,EN00081,velo_elec,Lyon,ST1001,ST1018,24/08/2026 16:37,24/08/2026 16:44,7,1.16,2.75,abonnement
TR2608240038708,CL103787,EN00154,trottinette,Lyon,ST1005,ST1001,2026-08-24 16:33:27,2026-08-24 16:46:27,13,2.34,3.86,cb
TR2608240038709,CL108528,EN00091,velo_elec,Lyon,ST1016,ST1017,2026-08-24 16:36:57,2026-08-24 17:09:57,33,7.41,9.25,cb
TR2608240038710,CL105165,EN00239,trottinette,Nantes,ST1021,ST1023,,2026-08-24 16:46:11,6,1.62,2.32,cb
TR2608240038711,CL100501,EN00246,trottinette,Nantes,ST1021,ST1032,2026-08-24 16:36:30,2026-08-24 16:43:30,7,2.31,2.54,abonnement
TR2608240038712,CL102515,EN00299,trottinette,Nantes,ST1030,ST1021,2026-08-24 16:33:52,2026-08-24 16:53:52,20,3.93,5.4,paypal
TR2608240038713,CL108809,EN00406,velo_elec,Lille,ST1035,ST1041,2026-08-24 16:33:13,2026-08-24 16:45:13,12,3.62,4.0,abonnement
TR2608240038714,CL105227,EN00475,trottinette,Lille,ST1036,ST1037,2026-08-24 16:38:23,2026-08-24 16:42:23,4,1.02,1.88,cb
TR2608240038715,CL108275,EN00418,trottinette,Lille,ST1039,ST1039,2026-08-24 16:41:54,2026-08-24 16:50:54,9,2.38,2.98,paypal
TR2608240038716,CL101700,EN00571,trottinette,GRENOBLE,ST1049,ST1052,2026-08-24 16:43:46,2026-08-24 17:02:46,19,3.75,5.18,abonnement
TR2608240038717,CL107142,EN00117,trottinette,Lyon,ST1001,ST1012,2026-08-24 16:59:31,2026-08-24 17:18:31,19,5.41,5.18,abonnement
TR2608240038718,CL104374,EN00085,velo_elec,Lyon,ST1003,ST1017,2026-08-24 16:56:42,24/08/2026 17:13,17,3.28,5.25,abonnement
TR2608240038719,CL108753,EN00068,velo_elec,Lyon,ST1014,ST1002,2026-08-24 16:49:51,2026-08-24 17:03:51,14,3.15,4.5,cb
TR2608240038720,CL107057,EN00168,velo_elec,Lyon ,ST1017,ST1013,2026-08-24 16:51:38,2026-08-24 17:00:38,9,3.11,3.25,paypal
TR2608240038721,CL100933,EN00321,velo_elec,Nantes,ST1026,ST1031,2026-08-24 16:51:12,2026-08-24 16:53:12,2,0.48,1.5,paypal
TR2608240038722,CL101325,EN00295,velo_elec,Nantes,ST1029,ST1020,2026-08-24 16:54:06,2026-08-24 17:21:06,27,4.49,7.75,cb
TR2608240038723,CL102446,EN00224,velo_elec,Nantes,ST1032,ST1024,2026-08-24 17:00:05,2026-08-24 17:03:05,3,0.74,1.75,cb
TR2608240038724,CL100422,EN00446,trottinette,Lille,ST1034,ST1043,2026-08-24 16:54:30,2026-08-24 17:10:30,16,2.96,4.52,abonnement
TR2608240038725,CL108968,EN00449,trottinette,Lille,ST1035,ST1040,2026-08-24 16:47:25,2026-08-24 17:15:25,28,8.55,7.16,paypal
TR2608240038726,CL107398,EN00478,trottinette,Lille,ST1036,ST1045,2026-08-24 17:00:28,2026-08-24 17:28:28,28,8.0,7.16,abonnement
TR2608240038727,CL105437,EN00111,trottinette,Lyon,ST1002,ST1008,2026-08-24 17:08:39,2026-08-24 17:19:39,11,2.09,3.42,cb
TR2608240038728,CL105236,EN00133,velo_elec,lyon,ST1007,ST1013,2026-08-24 17:05:05,2026-08-24 17:14:05,9,2.98,3.25,cb
TR2608240038729,CL104007,EN00096,velo_elec,Lyon,ST1008,ST1002,2026-08-24 17:06:30,24/08/2026 17:19,13,3.48,4.25,paypal
TR2608240038730,CL105615,EN00137,velo,Lyon,ST1011,ST1011,2026-08-24 17:06:12,2026-08-24 17:34:12,28,8.05,5.2,paypal
TR2608240038731,CL106183,EN00079,velo_elec,Lyon,ST1015,ST1010,2026-08-24 17:14:46,24/08/2026 17:26,12,2.57,4.0,paypal
TR2608240038732,CL100772,EN00210,trottinette,Lyon,ST1017,ST1015,,1787584376,7,1.56,2.54,cb
TR2608240038733,CL106332,EN00314,trottinette,Nantes,ST1021,ST1030,2026-08-24 17:07:15,1787584275,4,1.05,1.88,
TR2608240038734,CL105416,EN00297,trottinette,Nantes,ST1024,ST1026,2026-08-24 17:03:25,24/08/2026 17:18,15,2.5,4.3,cb
TR2608240038735,CL108344,EN00348,velo_elec,Nantes,ST1025,ST1026,2026-08-24 17:12:44,2026-08-24 17:21:44,9,2.94,3.25,cb
TR2608240038736,CL103653,EN00340,velo_elec,Nantes,ST1027,ST1031,2026-08-24 17:07:31,2026-08-24 17:25:31,18,2.94,5.5,abonnement
TR2608240038737,CL108785,EN00267,trottinette,Nantes,ST1032,ST1024,1787583772,2026-08-24 17:11:52,9,1.89,2.98,paypal
TR2608240038738,CL106555,EN00264,trottinette,Nantes,ST1033,ST1031,2026-08-24 17:00:56,2026-08-24 17:23:56,23,3.5,6.06,cb
TR2608240038739,CL100693,EN00396,velo_elec,LILLE,ST1034,ST1037,2026-08-24 17:12:19,24/08/2026 17:17,5,1.21,2.25,abonnement
TR2608240038740,CL104500,EN00428,velo_elec,Lille,ST1035,ST1043,2026-08-24 17:08:43,2026-08-24 17:18:43,10,1.99,3.5,cb
TR2608240038741,CL106191,EN00395,trottinette,Lille,ST1036,ST1035,2026-08-24 17:08:21,2026-08-24 17:29:21,21,4.83,5.62,abonnement
TR2608240038742,CL105101,EN00475,trottinette,Lille,ST1037,ST1034,1787584367,2026-08-24 17:32:47,20,4.06,5.4,cb
TR2608240038743,CL108839,EN00401,trottinette,Lille,ST1039,ST1046,2026-08-24 17:02:44,24/08/2026 17:15,13,2.39,3.86,cb
TR2608240038744,CL100011,EN00445,velo_elec,Lille,ST1044,ST1043,2026-08-24 17:06:59,1787584559,9,2.81,3.25,cb
TR2608240038745,CL106158,EN00427,trottinette,Lille,ST1045,ST1037,2026-08-24 17:14:39,2026-08-24 17:31:39,-3,5.02,4.74,cb
TR2608240038746,CL102026,EN00391,velo_elec,Lille,ST1045,ST1044,1787584477,2026-08-24 17:25:37,11,3.61,3.75,cb
TR2608240038747,CL107532,EN00383,trottinette,Lille,ST1047,ST1043,,2026-08-24 17:19:14,6,0.92,2.32,cb
TR2608240038748,CL101579,EN00193,trottinette,Lyon,ST1001,ST1019,2026-08-24 17:16:56,2026-08-24 17:29:56,13,3.03,3.86,cb
TR2608240038749,CL107152,EN00042,trottinette,Lyon,ST1002,ST1012,2026-08-24 17:20:31,24/08/2026 17:29,9,3.06,2.98,cb
TR2608240038750,CL106653,EN00033,trottinette,Lyon,ST1003,ST1018,2026-08-24 17:20:27,1787585007,3,0.98,1.66,
TR2608240038751,CL104175,EN00181,velo_elec,Lyon,ST1004,ST1017,2026-08-24 17:18:36,,20,6.6,6.0,abonnement
TR2608240038752,CL107920,EN00122,trottinette,Lyon,ST1004,ST1016,2026-08-24 17:21:17,2026-08-24 17:58:17,37,10.43,9.14,paypal
TR2608240038753,CL102862,EN00115,velo_elec,Lyon,ST1005,ST1008,2026-08-24 17:18:12,1787586432,29,6.5,8.25,cb
TR2608240038754,CL103069,EN00023,trottinette,Lyon,ST1006,ST1006,1787585324,2026-08-24 17:42:44,14,4.63,4.08,paypal
TR2608240038755,CL100178,EN00213,trottinette,Lyon,ST1009,ST1010,2026-08-24 17:30:52,24/08/2026 17:44,5405,2.21,4.08,abonnement
TR2608240038756,CL100772,EN00133,velo_elec,Lyon,ST1013,ST1004,2026-08-24 17:16:22,2026-08-24 17:28:22,12,3.51,4.0,cb
TR2608240038757,CL102565,EN00208,velo_elec,Lyon,ST1014,ST1005,2026-08-24 17:18:14,2026-08-24 17:24:14,6,1.79,2.5,paypal
TR2608240038758,CL105752,EN00151,trottinette,Lyon,ST1015,ST1013,2026-08-24 17:19:45,1787585625,14,4.48,4.08,abonnement
TR2608240038759,CL100782,EN00101,velo_elec,Lyon,ST1016,ST1014,2026-08-24 17:29:04,2026-08-24 17:46:04,17,2.91,5.25,cb
TR2608240038760,CL106761,EN00145,trottinette,Lyon,ST1016,ST1016,2026-08-24 17:21:23,2026-08-24 17:40:23,19,5.75,5.18,cb
TR2608240038761,CL986340,EN00317,trottinette,Nantes,ST1021,ST1027,2026-08-24 17:19:45,1787586945,36,11.97,8.92,abonnement
TR2608240038762,CL102320,EN00299,trottinette,NANTES,ST1021,ST1031,2026-08-24 17:30:07,2026-08-24 17:40:07,10,2.25,3.2,cb
TR2608240038763,CL102600,EN00224,velo_elec,Nantes,ST1024,ST1020,2026-08-24 17:19:34,24/08/2026 17:28,9,1.95,3.25,paypal
TR2608240038764,CL104019,EN00272,trottinette,Nantes,ST1033,ST1021,,2026-08-24 17:35:46,14,3.09,4.08,cb
TR2608240038765,CL106908,EN00361,trottinette,Lille,ST1035,ST1038,2026-08-24 17:26:04,2026-08-24 17:36:04,10,2.88,3.2,abonnement
TR2608240038766,CL106663,EN00424,velo_elec,Lille,ST1035,ST1042,2026-08-24 17:19:50,24/08/2026 17:35,16,3.93,5.0,paypal
TR2608240038767,CL102243,EN00381,trottinette,Lille,ST1036,ST1046,2026-08-24 17:23:35,2026-08-24 17:53:35,30,9.46,7.6,abonnement
TR2608240038768,CL105175,EN00418,trottinette,LILLE,ST1039,ST1038,2026-08-24 17:18:32,2026-08-24 17:27:32,9,2.54,2.98,cb
TR2608240038769,CL100013,EN00449,trottinette,Lille,ST1040,ST1040,2026-08-24 17:27:12,24/08/2026 17:40,13,2.45,3.86,paypal
TR2608240038770,CL103597,EN00445,velo_elec,Lille,ST1043,ST1043,2026-08-24 17:24:47,1787585987,15,3.88,4.75,cb
TR2608240038771,CL101543,EN00456,trottinette,Lille,ST1045,ST1037,2026-08-24 17:16:19,2026-08-24 17:44:19,28,8.17,7.16,paypal
TR2608240038772,CL106527,EN00518,trottinette,Grenoble,ST1052,ST1056,2026-08-24 17:17:33,1787585193,9,2.15,2.98,abonnement
TR2608240038773,CL107880,EN00202,trottinette,Lyon,ST1001,ST1014,2026-08-24 17:31:37,2026-08-24 17:37:37,6,0.99,2.32,cb
TR2608240038774,CL103689,EN00034,velo_elec,Lyon,ST1001,ST1009,1787585706,2026-08-24 18:01:06,26,5.87,7.5,abonnement
TR2608240038775,CL105936,EN00025,velo_elec,Lyon,ST1001,ST1013,2026-08-24 17:41:36,2026-08-24 17:47:36,6,1.04,2.5,cb
TR2608240038776,CL102676,EN00136,trottinette,Lyon ,ST1003,ST1013,24/08/2026 17:38,1787586888,16,3.5,4.52,abonnement
TR2608240038777,CL102081,EN00133,velo_elec,Lyon,ST1004,ST1017,1787585524,24/08/2026 18:01,29,7.59,8.25,cb
TR2608240038778,CL103065,EN00044,trottinette,Lyon,ST1006,ST1016,2026-08-24 17:42:58,2026-08-24 18:06:58,24,7.02,6.28,cb
TR2608240038779,CL105470,EN00053,trottinette,Lyon,ST1007,ST1018,24/08/2026 17:36,,13,2.59,3.86,abonnement
TR2608240038780,CL104245,EN00214,trottinette,Lyon,ST1009,ST1005,2026-08-24 17:31:56,2026-08-24 17:34:56,3,0.99,1.66,abonnement
TR2608240038781,CL107912,EN00055,trottinette,Lyon,ST1014,ST1002,2026-08-24 17:36:37,24/08/2026 17:38,2,0.58,1.44,cb
TR2608240038782,CL101846,EN00085,velo_elec,Lyon,ST1017,ST1008,24/08/2026 17:35,2026-08-24 17:49:59,14,4.79,4.5,abonnement
TR2608240038783,CL108596,EN00300,velo_elec,Nantes,ST1021,ST1023,24/08/2026 17:35,2026-08-24 17:43:24,8,1.49,3.0,abonnement
TR2608240038784,CL105943,EN00237,velo_elec,Nantes,ST1022,ST1026,2026-08-24 17:33:44,24/08/2026 17:45,12,3.61,4.0,cb
TR2608240038785,CL103767,EN00290,trottinette,Nantes,ST1027,ST1029,2026-08-24 17:42:44,2026-08-24 18:10:44,28,6.13,7.16,abonnement
TR2608240038786,CL108550,EN00493,velo_elec,Lille,ST1034,ST1042,2026-08-24 17:33:09,2026-08-24 17:53:09,20,6.59,6.0,paypal
TR2608240038787,CL105273,EN00384,trottinette,Lille,ST1034,ST1046,2026-08-24 17:40:56,2026-08-24 17:50:56,10,3.11,3.2,abonnement
TR2608240038788,CL106352,EN00488,velo_elec,Lille,ST1035,ST1035,2026-08-24 17:32:13,24/08/2026 17:43,11,3.64,3.75,cb
TR2608240038789,CL104242,EN00468,trottinette,Lille,ST1036,ST1044,2026-08-24 17:39:32,2026-08-24 18:04:32,25,5.13,6.5,cb
TR2608240038790,CL105280,EN00482,velo_elec,Lille,ST1036,ST1037,2026-08-24 17:45:03,2026-08-24 18:19:03,34,9.52,9.5,cb
TR2608240038791,CL106470,EN00483,trottinette,Lille,ST1037,ST1034,24/08/2026 17:45,24/08/2026 17:58,13,2.4,3.86,cb
TR2608240038792,CL100571,EN00459,velo_elec,Lille,ST1039,ST1047,2026-08-24 17:40:46,2026-08-24 17:47:46,7,1.26,2.75,cb
TR2608240038793,CL101273,EN00428,velo_elec,Lille,ST1043,ST1034,1787586170,1787586710,9,2.63,3.25,
TR2608240038794,CL104606,EN00589,velo_elec,Grenoble,ST1049,ST1049,2026-08-24 17:40:07,2026-08-24 17:55:07,15,3.63,4.75,cb
TR2608240038795,CL106462,EN00520,velo_elec,Grenoble,ST1058,ST1057,2026-08-24 17:36:30,24/08/2026 17:47,11,2.42,3.75,cb
TR2608240038796,CL108705,EN00218,velo_elec,Lyon,ST1001,ST1007,2026-08-24 17:52:42,2026-08-24 17:59:42,7,2.11,2.75,cb
TR2608240038797,CL108264,EN00031,velo_elec,Lyon,ST1003,ST1010,2026-08-24 17:56:34,2026-08-24 18:06:34,10,1.79,3.5,cb
TR2608240038798,CL104766,EN00094,velo_elec,Lyon,ST1003,ST1019,1787586794,2026-08-24 18:00:14,7,1.65,2.75,cb
TR2608240038799,CL105482,EN00118,trottinette,Lyon,ST1003,ST1008,2026-08-24 17:52:16,2026-08-24 18:23:16,31,4.69,7.82,cb
TR2608240038800,CL102365,EN00167,trottinette,lyon,ST1006,ST1014,2026-08-24 17:51:32,2026-08-24 18:03:32,12,1.81,3.64,abonnement
TR2608240038801,CL108469,EN00111,trottinette,LYON,ST1008,ST1016,2026-08-24 17:49:59,2026-08-24 18:10:59,21,6.49,5.62,abonnement
TR2608240038802,CL108850,EN00076,velo_elec,Lyon,ST1010,ST1011,2026-08-24 17:55:45,2026-08-24 18:23:45,28,7.08,8.0,cb
TR2608240038803,CL102667,EN00079,velo_elec,Lyon,ST1010,ST1013,2026-08-24 17:53:59,2026-08-24 18:03:59,10,2.99,3.5,paypal
TR2608240038804,CL103533,EN00137,velo,Lyonn,ST1011,ST1017,2026-08-24 17:48:41,24/08/2026 18:04,16,5.48,3.4,abonnement
TR2608240038805,CL103725,EN00202,trottinette,Lyon,ST1014,ST1019,24/08/2026 17:57,2026-08-24 17:59:06,2,0.68,1.44,abonnement
TR2608240038806,CL107084,EN00211,velo_elec,Lyon,ST1016,ST1010,2026-08-24 17:50:29,2026-08-24 17:58:29,8,1.9,3.0,cb
TR2608240038807,CL108627,EN00315,velo_elec,Nantes,ST1022,ST1027,2026-08-24 17:57:28,2026-08-24 18:03:28,6,1.24,2.5,abonnement
TR2608240038808,CL100959,EN00329,trottinette,Nantes,ST1023,ST1027,2026-08-24 17:55:43,2026-08-24 18:00:43,5,1.67,2.1,
TR2608240038809,CL104709,EN00304,velo_elec,Nantes,ST1024,ST1029,2026-08-24 18:00:29,2026-08-24 18:12:29,12,2.16,4.0,cb
TR2608240038810,CL108222,EN00261,trottinette,Nantes,ST1033,ST1024,24/08/2026 17:53,1787587293,8,2.03,2.76,paypal
TR2608240038811,CL103879,EN00389,trottinette,Lille,ST1034,ST1038,2026-08-24 17:46:20,1787588180,30,8.28,7.6,
TR2608240038812,CL104207,EN00475,trottinette,Lille,ST1034,ST1044,2026-08-24 17:45:43,2026-08-24 17:52:43,7,1.85,2.54,cb
TR2608240038813,CL107164,EN00488,velo_elec,Lille,ST1035,ST1038,24/08/2026 17:50,1787587773,19,4.04,5.75,abonnement
TR2608240038814,CL101323,EN00395,trottinette, Lille,ST1035,ST1042,2026-08-24 18:00:45,24/08/2026 18:17,17,3.64,4.74,paypal
TR2608240038815,CL106322,EN00396,velo_elec,Lille,ST1037,ST1042,2026-08-24 17:47:40,2026-08-24 17:56:40,9,2.48,3.25,abonnement
TR2608240038816,CL107689,EN00492,velo_elec,Lille,ST1042,ST1035,2026-08-24 17:48:50,24/08/2026 18:08,20,4.88,6.0,cb
TR2608240038817,CL101080,EN00445,velo_elec,Lille,ST1043,ST1035,24/08/2026 17:55,2026-08-24 18:07:32,12,3.88,4.0,cb
TR2608240038818,CL101099,EN00551,trottinette,Grenoble,ST1057,ST1057,1787587062,2026-08-24 18:06:42,9,2.79,2.98,cb
TR2608240038819,CL106461,EN00519,velo_elec,Grenoble,ST1058,ST1051,24/08/2026 17:48,2026-08-24 17:54:01,6,0.99,2.5,cb
TR2608240038820,CL102732,EN00556,trottinette,Grenoble,ST1058,ST1055,2026-08-24 17:47:09,2026-08-24 17:55:09,8,2.05,2.76,cb
TR2608240038821,CL104651,EN00030,trottinette,Lyon,ST1001,ST1005,2026-08-24 18:02:56,1787588636,21,3.81,5.62,cb
TR2608240038822,CL108514,EN00041,velo_elec,Lyon,ST1006,ST1016,2026-08-24 18:10:53,24/08/2026 18:17,7,1.16,2.75,cb
TR2608240038823,CL104296,EN00085,velo_elec,Lyon,ST1008,ST1005,2026-08-24 18:13:42,2026-08-24 18:21:42,8,1.75,3.0,abonnement
TR2608240038824,CL106001,EN00168,velo_elec,Lyon,ST1013,ST1009,,2026-08-24 18:12:38,10,3.23,3.5,cb
TR2608240038825,CL107378,EN00033,trottinette,Lyon,ST1018,ST1019,2026-08-24 18:02:44,2026-08-24 18:09:44,7,1.6,2.54,cb
TR2608240038826,CL106832,EN00224,velo_elec,Nantes,ST1020,ST1024,2026-08-24 18:04:53,2026-08-24 18:20:53,16,4.48,5.0,cb
TR2608240038827,CL105489,EN00294,velo_elec,Nantes,ST1022,ST1024,2026-08-24 18:12:50,2026-08-24 18:22:50,2184,2.57,3.5,paypal
TR2608240038828,CL102504,EN00239,trottinette,Nantes,ST1023,ST1023,,2026-08-24 18:09:56,7,2.44,2.54,cb
TR2608240038829,CL107699,EN00291,velo_elec,Nantes,ST1024,ST1024,2026-08-24 18:04:21,2026-08-24 18:24:21,20,3.87,6.0,paypal
TR2608240038830,CL108743,EN00222,velo_elec,nantes,ST1026,ST1028,2026-08-24 18:10:15,2026-08-24 18:13:15,3,1.0,1.75,abonnement
TR2608240038831,CL108072,EN00293,velo_elec,Nantes,ST1027,ST1030,2026-08-24 18:12:05,2026-08-24 18:16:05,4,1.36,2.0,cb
TR2608240038832,CL105521,EN00263,trottinette,Nantes,ST1028,ST1032,2026-08-24 18:03:08,2026-08-24 18:17:08,14,3.69,4.08,abonnement
TR2608240038833,CL106257,EN00236,velo_elec,Nantes,ST1031,ST1027,2026-08-24 18:00:40,,16,5.3,5.0,cb
TR2608240038834,CL101415,EN00355,velo_elec,Nantes,ST1033,ST1029,2026-08-24 18:06:53,2026-08-24 18:15:53,9,1.85,3.25,cb
TR2608240038835,CL105666,EN00498,trottinette,Lille,ST1034,ST1034,2026-08-24 18:15:11,2026-08-24 18:56:11,41,7.69,10.02,cb
TR2608240038836,CL108266,EN00428,velo_elec,Lille,ST1034,ST1046,2026-08-24 18:12:22,2026-08-24 18:19:22,7,2.0,2.75,cb
TR2608240038837,CL107265,EN00378,velo_elec,Lille,ST1035,ST1046,2026-08-24 18:14:53,2026-08-24 18:33:53,19,5.37,5.75,cb
TR2608240038838,CL100846,EN00400,trottinette,Lille,ST1035,ST1042,1787588114,2026-08-24 18:24:14,9,2.0,2.98,cb
TR2608240038839,CL106206,EN00361,trottinette,Lille,ST1038,ST1046,2026-08-24 18:06:50,2026-08-24 18:28:50,22,4.02,5.84,paypal
TR2608240038840,CL104155,EN00443,velo_elec,Lille,ST1039,ST1045,2026-08-24 18:02:36,2026-08-24 18:21:36,19,3.72,5.75,cb
TR2608240038841,CL108002,EN00406,velo_elec,Lille,ST1041,ST1038,24/08/2026 18:10,2026-08-24 18:20:04,10,2.44,3.5,cb
TR2608240038842,CL100592,EN00396,velo_elec,Lille,ST1042,ST1034,2026-08-24 18:06:49,2026-08-24 18:14:49,8,2.48,3.0,cb
TR2608240038843,CL108957,EN00479,trottinette,Lille,ST1046,ST1047,2026-08-24 18:10:51,2026-08-24 18:42:51,32,9.53,8.04,cb
TR2608240038844,CL106155,EN00512,velo_elec,Grenoble,ST1058,ST1056,2026-08-24 18:09:09,24/08/2026 18:20,11,2.25,3.75,abonnement
TR2608240038845,CL107663,EN00026,trottinette,Lyon,ST1001,ST1005,2026-08-24 18:27:59,2026-08-24 18:33:59,6,1.6,2.32,cb
TR2608240038846,CL104836,EN00199,velo_elec,Lyon,ST1002,ST1014,24/08/2026 18:22,2026-08-24 18:28:42,6,1.39,2.5,abonnement
TR2608240038847,CL106263,EN00037,trottinette,Lyon,ST1003,ST1008,2026-08-24 18:29:15,2026-08-24 18:42:15,13,2.87,3.86,cb
TR2608240038848,CL100228,EN00035,velo_elec,Lyon,ST1003,ST1006,2026-08-24 18:22:43,,5,1.17,2.25,cb
TR2608240038849,CL108145,EN00100,velo_elec,Lyon,ST1004,ST1011,2026-08-24 18:21:49,2026-08-24 18:24:49,3,0.64,1.75,paypal
TR2608240038850,CL101322,EN00108,velo_elec,Lyon,ST1004,ST1015,24/08/2026 18:28,2026-08-24 18:41:22,13,2.96,4.25,abonnement
TR2608240038851,CL103702,EN00214,trottinette,Lyon,ST1005,ST1008,2026-08-24 18:25:19,24/08/2026 18:44,19,6.01,5.18,cb
TR2608240038852,CL100598,EN00177,velo_elec,Lyon,ST1007,ST1010,2026-08-24 18:21:36,1787590356,6355,6.17,8.75,abonnement
TR2608240038853,CL104556,EN00149,velo,Lyon,ST1011,ST1007,1787588796,2026-08-24 18:42:36,16,2.92,3.4,cb
TR2608240038854,CL101402,EN00101,velo_elec,Lyon,ST1014,ST1018,2026-08-24 18:30:07,2026-08-24 18:46:07,16,5.15,5.0,cb
TR2608240038855,CL102956,EN00210,trottinette,Lyon,ST1015,ST1004,,2026-08-24 18:38:24,19,6.35,5.18,abonnement
TR2608240038856,CL104559,EN00111,trottinette,Lyon,ST1016,ST1003,2026-08-24 18:21:18,2026-08-24 18:31:18,10,2.26,3.2,paypal
TR2608240038857,CL939658,EN00190,trottinette,Lyon,ST1016,ST1015,24/08/2026 18:25,2026-08-24 18:31:15,6,1.51,2.32,abonnement
TR2608240038858,CL106320,EN00113,velo_elec,Lyon,ST1019,ST1017,2026-08-24 18:20:52,2026-08-24 18:31:52,11,3.28,3.75,cb
TR2608240038859,CL103908,EN00272,trottinette,NANTES,ST1021,ST1028,2026-08-24 18:25:56,1787589296,9,2.04,2.98,abonnement
TR2608240038860,CL100460,EN00339,velo_elec,Nantes,ST1021,ST1033,2026-08-24 18:25:09,2026-08-24 18:56:09,31,5.51,8.75,abonnement
TR2608240038861,CL101850,EN00310,trottinette,Nantes,ST1022,ST1025,1787588983,2026-08-24 18:33:43,4,0.78,1.88,paypal
TR2608240038862,CL108405,EN00328,velo_elec,Nantes,ST1022,ST1020,2026-08-24 18:19:40,2026-08-24 18:35:40,16,2.58,5.0,cb
TR2608240038863,CL105663,EN00230,velo_elec,Nantes,ST1025,ST1029,2026-08-24 18:17:24,2026-08-24 18:32:24,15,4.77,4.75,cb
TR2608240038864,CL102530,EN00349,velo_elec,Nantes,ST1026,ST1030,2026-08-24 18:26:33,24/08/2026 18:44,18,4.53,5.5,
TR2608240038865,CL108007,EN00293,velo_elec,Nantes,ST1030,ST1030,2026-08-24 18:21:50,2026-08-24 18:28:50,7,1.94,2.75,cb
TR2608240038866,CL108368,EN00311,trottinette,Nantes,ST1033,ST1032,2026-08-24 18:16:10,2026-08-24 18:24:10,8,1.84,2.76,cb
TR2608240038867,CL108340,EN00333,trottinette,Nantes,ST1033,ST1023,24/08/2026 18:26,1787589098,5,1.68,2.1,cb
TR2608240038868,CL105081,EN00408,velo_elec,lille,ST1034,ST1047,2026-08-24 18:21:55,2026-08-24 18:53:55,32,7.03,9.0,paypal
TR2608240038869,CL108358,EN00483,trottinette,LILLE,ST1034,ST1037,2026-08-24 18:23:30,24/08/2026 18:30,7,1.47,2.54,cb
TR2608240038870,CL106556,EN00492,velo_elec,Lille,ST1035,ST1038,2026-08-24 18:27:43,2026-08-24 18:44:43,17,4.39,5.25,paypal
TR2608240038871,CL101069,EN00445,velo_elec,Lille,ST1035,ST1046,24/08/2026 18:27,2026-08-24 18:31:59,4,0.87,2.0,cb
TR2608240038872,CL101213,EN00473,trottinette,Lille,ST1035,ST1036,2026-08-24 18:19:33,2026-08-24 18:42:33,23,6.61,6.06,cb
TR2608240038873,CL103273,EN00382,trottinette,Lille,ST1036,ST1045,24/08/2026 18:22,2026-08-24 18:35:31,13,3.68,3.86,cb
TR2608240038874,CL101094,EN00413,trottinette,Lille,ST1037,ST1036,1787588698,24/08/2026 19:03,39,13.52,9.58,cb
TR2608240038875,CL100494,EN00488,velo_elec,Lille,ST1038,ST1037,2026-08-24 18:18:33,2026-08-24 18:24:33,6,0.97,2.5,cb
TR2608240038876,CL102706,EN00386,trottinette,Lille,ST1041,ST1034,2026-08-24 18:16:12,2026-08-24 18:30:12,14,2.67,4.08,cb
TR2608240038877,CL100778,EN00362,velo_elec,Lille,ST1044,ST1034,2026-08-24 18:27:14,2026-08-24 18:59:14,32,10.64,9.0,cb
TR2608240038878,CL108874,EN00468,trottinette,LILLE,ST1044,ST1045,1787588540,2026-08-24 18:40:20,18,4.72,4.96,abonnement
TR2608240038879,CL102869,EN00444,trottinette,Lille,ST1045,ST1041,,24/08/2026 18:30,11,3.58,3.42,abonnement
TR2608240038880,CL107938,EN00453,trottinette,Lille,ST1045,ST1040,2026-08-24 18:22:36,2026-08-24 18:35:36,13,2.78,3.86,cb
TR2608240038881,CL104930,EN00544,velo_elec,GRENOBLE,ST1058,ST1058,2026-08-24 18:25:20,2026-08-24 18:32:20,7,2.34,2.75,cb
TR2608240038882,CL104413,EN00138,velo_elec,Lyon,ST1001,ST1008,2026-08-24 18:41:50,24/08/2026 18:47,6,1.51,2.5,abonnement
TR2608240038883,CL103728,EN00146,trottinette,Lyon,ST1001,ST1010,1787589701,1787590181,8,1.39,2.76,abonnement
TR2608240038884,CL104319,EN00057,velo_elec,Lyon,ST1001,ST1019,2026-08-24 18:36:18,2026-08-24 18:46:18,10,2.07,3.5,paypal
TR2608240038885,CL103193,EN00127,trottinette,Lyon,ST1001,ST1019,,2026-08-24 18:43:04,9,1.44,2.98,paypal
TR2608240038886,CL100142,EN00092,trottinette,Lyon,ST1002,ST1012,2026-08-24 18:32:56,2026-08-24 18:46:56,14,4.23,4.08,cb
TR2608240038887,CL105194,EN00111,trottinette,Lyon,ST1003,ST1018,,2026-08-24 18:48:46,8,1.98,2.76,cb
TR2608240038888,CL105152,EN00208,velo_elec,Lyon,ST1005,ST1005,2026-08-24 18:34:21,2026-08-24 18:42:21,8,1.87,3.0,abonnement
TR2608240038889,CL105531,EN00118,trottinette,Lyon,ST1008,ST1012,2026-08-24 18:44:01,24/08/2026 19:07,23,6.53,6.06,abonnement
TR2608240038890,CL102680,EN00190,trottinette,Lyon,ST1015,ST1006,2026-08-24 18:36:06,2026-08-24 18:44:06,8,1.24,2.76,abonnement
TR2608240038891,CL103430,EN00281,velo_elec,Nantes,ST1020,ST1024,2026-08-24 18:37:43,2026-08-24 18:50:43,13,4.17,4.25,cb
TR2608240038892,CL108803,EN00238,velo_elec,Nantes,ST1020,ST1027,2026-08-24 18:44:48,2026-08-24 19:01:48,17,3.66,5.25,cb
TR2608240038893,CL103378,EN00318,velo_elec,Nantes,ST1020,ST1031,2026-08-24 18:42:24,2026-08-24 18:49:24,7,1.57,2.75,paypal
TR2608240038894,CL102574,EN00342,velo_elec,Nantes,ST1022,ST1029,2026-08-24 18:33:41,1787591621,40,13.0,11.0,cb
TR2608240038895,CL102222,EN00235,trottinette,Nantes,ST1022,ST1024,2026-08-24 18:32:25,1787590525,23,4.29,6.06,abonnement
TR2608240038896,CL102687,EN00312,trottinette,NANTES,ST1023,ST1029,2026-08-24 18:35:13,2026-08-24 18:50:13,15,4.25,4.3,cb
TR2608240038897,CL108250,EN00348,velo_elec,Nantes,ST1026,ST1024,24/08/2026 18:34,2026-08-24 18:46:07,12,2.68,4.0,paypal
TR2608240038898,CL103293,EN00237,velo_elec,Nantes,ST1026,ST1031,1787589087,24/08/2026 18:45,14,3.74,4.5,cb
TR2608240038899,CL103225,EN00329,trottinette,Nantes,ST1027,ST1031,2026-08-24 18:42:01,2026-08-24 18:55:01,13,4.22,3.86,cb
TR2608240038900,CL108568,EN00423,velo_elec,Lille,ST1036,ST1038,2026-08-24 18:43:13,2026-08-24 18:56:13,13,3.58,4.25,cb
TR2608240038901,CL104005,EN00451,velo_elec,Lille,ST1036,ST1034,2026-08-24 18:34:56,2026-08-24 18:46:56,12,4.18,4.0,cb
TR2608240038902,CL107640,EN00461,velo_elec,LILLE,ST1036,ST1035,2026-08-24 18:37:45,2026-08-24 18:54:45,17,4.79,5.25,abonnement
TR2608240038903,CL100791,EN00474,velo_elec,Lille,ST1036,ST1037,24/08/2026 18:31,2026-08-24 18:43:24,12,3.6,4.0,cb
TR2608240038904,CL103562,EN00482,velo_elec,Lille,ST1037,ST1035,2026-08-24 18:35:45,2026-08-24 18:38:45,4812,0.52,1.75,cb
TR2608240038905,CL106255,EN00449,trottinette,Lille,ST1040,ST1038,2026-08-24 18:39:54,2026-08-24 18:51:54,12,2.25,3.64,abonnement
TR2608240038906,CL104348,EN00444,trottinette,Lille,ST1041,ST1035,2026-08-24 18:39:27,2026-08-24 18:50:27,11,2.81,3.42,cb
TR2608240038907,CL106051,EN00493,velo_elec,lille,ST1042,ST1045,2026-08-24 18:39:33,2026-08-24 18:43:33,4,1.12,2.0,cb
TR2608240038908,CL104565,EN00589,velo_elec,Grenoble,ST1049,ST1055,24/08/2026 18:40,2026-08-24 18:52:30,12,1.93,4.0,paypal
TR2608240038909,CL103506,EN00582,trottinette,Grenoble,ST1051,ST1052,2026-08-24 18:36:58,2026-08-24 18:44:58,8,1.57,2.76,abonnement
TR2608240038910,CL107572,EN00541,velo_elec,Grenoble,ST1054,ST1054,2026-08-24 18:42:17,2026-08-24 18:54:17,12,2.16,4.0,cb
TR2608240038911,CL105359,EN00219,velo_elec,Lyon,ST1001,ST1004,2026-08-24 18:54:17,2026-08-24 19:08:17,14,3.36,4.5,paypal
TR2608240038912,CL100173,EN00105,velo_elec,Lyon,ST1001,ST1012,,2026-08-24 18:58:48,13,3.21,4.25,abonnement
TR2608240038913,CL100355,EN00102,velo_elec,Lyon,ST1001,ST1004,2026-08-24 18:49:29,2026-08-24 19:15:29,26,5.03,7.5,cb
TR2608240038914,CL103611,EN00189,trottinette,Lyon,ST1001,ST1006,24/08/2026 18:51,2026-08-24 19:16:03,25,3.98,6.5,abonnement
TR2608240038915,CL101712,EN00071,velo_elec,Lyon,ST1002,ST1001,2026-08-24 19:01:17,2026-08-24 19:10:17,9,2.44,3.25,paypal
TR2608240038916,CL106708,EN00198,velo_elec,Lyon,ST1002,ST1011,2026-08-24 18:49:49,2026-08-24 18:54:49,5,0.8,2.25,cb
TR2608240038917,CL102352,EN00039,velo_elec,Lyon,ST1002,ST1013,2026-08-24 18:48:31,2026-08-24 18:58:31,10,2.36,3.5,cb
TR2608240038918,CL106430,EN00161,velo_elec,Lyon,ST1003,ST1018,2026-08-24 18:54:52,2026-08-24 19:01:52,7,1.58,2.75,cb
TR2608240038919,CL100412,EN00191,trottinette,Lyon,ST1003,ST1017,2026-08-24 18:57:58,2026-08-24 19:06:58,9,2.65,2.98,cb
TR2608240038920,CL108264,EN00089,trottinette,Lyon,ST1004,ST1013,2026-08-24 18:53:53,1787592113,28,5.4,7.16,cb
TR2608240038921,CL101125,EN00023,trottinette,Lyon,ST1006,ST1011,24/08/2026 18:52,1787591722,23,8.05,6.06,abonnement
TR2608240038922,CL105007,EN00037,trottinette,Lyon,ST1008,ST1017,2026-08-24 18:52:18,2026-08-24 19:01:18,9,1.57,2.98,cb
TR2608240038923,CL107431,EN00031,velo_elec,Lyon,ST1010,ST1007,2026-08-24 18:55:30,24/08/2026 19:16,21,6.57,6.25,cb
TR2608240038924,CL105208,EN00211,velo_elec,Lyon,ST1010,ST1012,1787590771,2026-08-24 19:17:31,18,3.58,5.5,abonnement
TR2608240038925,CL100386,EN00100,velo_elec,Lyon,ST1011,ST1005,2026-08-24 18:50:36,2026-08-24 19:19:36,29,8.71,8.25,cb
TR2608240038926,CL103738,EN00076,velo_elec,Lyon,ST1011,ST1011,2026-08-24 18:49:06,,11,3.66,3.75,abonnement
TR2608240038927,CL103121,EN00042,trottinette,Lyon,ST1012,ST1012,2026-08-24 18:53:47,2026-08-24 19:30:47,37,5.69,9.14,cb
TR2608240038928,CL101900,EN00080,trottinette,Lyon,ST1012,ST1006,2026-08-24 18:46:40,24/08/2026 18:59,13,3.86,3.86,cb
TR2608240038929,CL106689,EN00013,velo_elec,Lyon,ST1013,ST1002,2026-08-24 18:45:36,2026-08-24 18:55:36,10,3.08,3.5,cb
TR2608240038930,CL105201,EN00033,trottinette,Lyon,ST1019,ST1005,2026-08-24 18:56:03,2026-08-24 19:03:03,7,2.42,2.54,paypal
TR2608240038931,CL105043,EN00193,trottinette,Lyon,ST1019,ST1005,2026-08-24 18:50:31,24/08/2026 18:56,6,0.94,2.32,abonnement
TR2608240038932,CL105211,EN00202,trottinette,Lyon,ST1019,ST1011,2026-08-24 18:51:32,2026-08-24 18:58:32,7,1.39,2.54,
TR2608240038933,CL102318,EN00295,velo_elec,nantes,ST1020,ST1025,2026-08-24 18:51:17,2026-08-24 18:58:17,7,1.48,2.75,cb
TR2608240038934,CL104021,EN00328,velo_elec,Nantes,ST1020,ST1021,24/08/2026 18:49,2026-08-24 18:55:48,6,1.87,2.5,cb
TR2608240038935,CL100130,EN00233,velo_elec,NANTES,ST1020,ST1030,1787590625,1787591405,13,3.46,4.25,abonnement
TR2608240038936,CL100633,EN00334,trottinette,Nantes,ST1021,ST1030,2026-08-24 18:59:34,2026-08-24 19:10:34,11,2.25,3.42,abonnement
TR2608240038937,CL105778,EN00360,trottinette,Nantes,ST1021,ST1029,2026-08-24 18:56:10,2026-08-24 19:07:10,11,3.83,3.42,paypal
TR2608240038938,CL101302,EN00327,velo_elec,Nantes,ST1021,ST1027,2026-08-24 18:56:48,24/08/2026 19:20,24,6.68,7.0,abonnement
TR2608240038939,CL103924,EN00225,velo_elec,Nantes,ST1021,ST1027,2026-08-24 18:45:53,24/08/2026 18:56,11,3.25,3.75,paypal
TR2608240038940,CL108950,EN00301,velo_elec,Nantes,ST1022,ST1025,1787590812,2026-08-24 19:07:12,7,2.03,2.75,paypal
TR2608240038941,CL104487,EN00232,trottinette,nantes,ST1022,ST1023,2026-08-24 18:51:05,2026-08-24 19:06:05,15,3.75,4.3,cb
TR2608240038942,CL106911,EN00266,velo_elec,Nante,ST1024,ST1031,2026-08-24 18:48:45,2026-08-24 19:43:45,55,9.25,14.75,cb
TR2608240038943,CL104996,EN00348,velo_elec,Nantes,ST1024,ST1033,2026-08-24 18:49:47,24/08/2026 18:56,7,2.1,2.75,cb
TR2608240038944,CL108042,EN00236,velo_elec,Nantes,ST1027,ST1028,2026-08-24 18:54:46,2026-08-24 19:00:46,6,1.66,2.5,cb
TR2608240038945,CL108313,EN00293,velo_elec,Nantes,ST1030,ST1025,2026-08-24 18:49:15,2026-08-24 19:03:15,14,2.84,4.5,cb
TR2608240038946,CL104454,EN00303,velo_elec,Nantes,ST1031,ST1032,1787590220,2026-08-24 18:59:20,9,1.59,3.25,abonnement
TR2608240038947,CL104197,EN00396,velo_elec,Lille,ST1034,ST1044,2026-08-24 18:48:13,2026-08-24 19:19:13,31,5.49,8.75,cb
TR2608240038948,CL103087,EN00393,trottinette,Lille,ST1035,ST1039,2026-08-24 18:50:00,2026-08-24 18:55:00,5,1.02,2.1,cb
TR2608240038949,CL107398,EN00462,velo_elec,Lille,ST1036,ST1035,2026-08-24 18:53:00,2026-08-24 19:00:00,7,1.98,2.75,cb
TR2608240038950,CL108061,EN00485,trottinette,Lille,ST1036,ST1045,2026-08-24 18:54:29,2026-08-24 19:13:29,19,5.15,5.18,abonnement
TR2608240038951,CL108021,EN00394,velo_elec,Lille,ST1036,ST1035,2026-08-24 18:54:46,2026-08-24 19:04:46,10,3.49,3.5,cb
TR2608240038952,CL100442,EN00450,trottinette,Lille,ST1036,ST1041,24/08/2026 18:53,2026-08-24 19:07:22,14,4.6,4.08,abonnement
TR2608240038953,CL106738,EN00519,velo_elec,Grenoble,ST1051,ST1058,2026-08-24 18:59:04,1787591044,5,1.46,2.25,cb
TR2608240038954,CL103769,EN00502,velo,Grenoble,ST1051,ST1050,2026-08-24 18:51:50,2026-08-24 18:56:50,5,1.33,1.75,abonnement
TR2608240038955,CL103890,EN00585,velo_elec,Grenoble,ST1052,ST1048,2026-08-24 18:47:28,2026-08-24 19:03:28,16,2.8,5.0,paypal
TR2608240038956,CL102813,EN00539,velo_elec,Grenoble,ST1054,ST1054,2026-08-24 19:00:30,1787591310,8,2.04,3.0,cb
TR2608240038957,CL108494,EN00110,velo_elec,Lyon,ST1001,ST1005,2026-08-24 19:12:13,24/08/2026 19:25,13,2.46,4.25,cb
TR2608240038958,CL104120,EN00065,trottinette,Lyon,ST1001,ST1009,24/08/2026 19:14,2026-08-24 19:27:27,13,4.3,3.86,cb
TR2608240038959,CL106358,EN00013,velo_elec,Lyon,ST1002,ST1007,2026-08-24 19:08:51,2026-08-24 19:22:51,14,3.9,4.5,cb
TR2608240038960,CL104258,EN00047,velo_elec,Lyon,ST1002,ST1014,,2026-08-24 19:54:45,44,14.08,12.0,cb
TR2608240038961,CL103099,EN00011,velo_elec,Lyon,ST1003,ST1013,2026-08-24 19:02:19,2026-08-24 19:16:19,14,2.99,4.5,paypal
TR2608240038962,CL103255,EN00067,velo_elec,Lyon,ST1004,ST1007,2026-08-24 19:06:59,2026-08-24 19:19:59,13,2.51,4.25,abonnement
TR2608240038963,CL992515,EN00108,velo_elec,Lyon,ST1015,ST1018,2026-08-24 19:07:09,2026-08-24 19:13:09,6,1.09,2.5,abonnement
TR2608240038964,CL104453,EN00239,trottinette,NANTES,ST1023,ST1029,1787591179,2026-08-24 19:15:19,9,1.4,2.98,paypal
TR2608240038965,CL102314,EN00281,velo_elec,Nantes,ST1024,ST1030,2026-08-24 19:13:33,24/08/2026 19:29,16,4.35,5.0,abonnement
TR2608240038966,CL105103,EN00347,trottinette,Nantes,ST1024,ST1022,2026-08-24 19:11:38,24/08/2026 19:24,13,2.26,3.86,cb
TR2608240038967,CL106441,EN00358,trottinette,Nantes,ST1026,ST1027,2026-08-24 19:04:43,2026-08-24 19:29:43,25,3.91,6.5,cb
TR2608240038968,CL107346,EN00341,velo_elec,Nante,ST1027,ST1023,24/08/2026 19:10,2026-08-24 19:21:13,11,2.09,3.75,cb
TR2608240038969,CL105205,EN00355,velo_elec,Nantes,ST1029,ST1024,2026-08-24 19:12:39,2026-08-24 19:27:39,15,3.09,4.75,paypal
TR2608240038970,CL100704,EN00480,velo_elec, Lille,ST1036,ST1045,24/08/2026 19:09,2026-08-24 19:36:38,27,4.9,7.75,cb
TR2608240038971,CL101566,EN00385,velo_elec,Lille,ST1036,ST1044,,2026-08-24 19:19:32,10,3.09,3.5,cb
TR2608240038972,CL101758,EN00393,trottinette,Lille,ST1039,ST1041,2026-08-24 19:14:59,1787592419,12,3.16,3.64,cb
TR2608240038973,CL103806,EN00443,velo_elec,Lille,ST1045,ST1042,2026-08-24 19:05:34,24/08/2026 19:29,24,8.14,7.0,paypal
TR2608240038974,CL108490,EN00382,trottinette,Lille,ST1045,ST1047,2026-08-24 19:04:52,1787591272,3,0.59,1.66,cb
TR2608240038975,CL100945,EN00068,velo_elec,Lyon,ST1002,ST1019,2026-08-24 19:16:48,2026-08-24 19:31:48,15,4.73,4.75,cb
TR2608240038976,CL103105,EN00336,velo_elec,Nantes,ST1020,ST1030,2026-08-24 19:18:31,2026-08-24 19:23:31,5,0.97,2.25,cb
TR2608240038977,CL102878,EN00328,velo_elec,Nante,ST1021,ST1021,2026-08-24 19:28:46,2026-08-24 19:42:46,14,3.15,4.5,cb
TR2608240038978,CL108775,EN00315,velo_elec,Nantes,ST1027,ST1031,2026-08-24 19:17:28,2026-08-24 19:30:28,13,3.88,4.25,cb
TR2608240038979,CL100956,EN00268,trottinette,Nantes,ST1032,ST1024,2026-08-24 19:30:56,2026-08-24 19:39:56,9,1.69,2.98,cb
TR2608240038980,CL100349,EN00348,velo_elec,Nantes,ST1033,ST1026,2026-08-24 19:18:03,2026-08-24 19:53:03,35,9.94,9.75,abonnement
TR2608240038981,CL100535,EN00462,velo_elec,Lille,ST1035,ST1039,2026-08-24 19:29:44,2026-08-24 19:37:44,8,2.76,3.0,cb
TR2608240038982,CL104402,EN00403,trottinette,Lille,ST1036,ST1043,24/08/2026 19:24,,16,5.52,4.52,paypal
TR2608240038983,CL101009,EN00474,velo_elec,Lille,ST1037,ST1047,2026-08-24 19:18:43,1787592883,16,2.69,5.0,cb
TR2608240038984,CL108176,EN00450,trottinette,Lille,ST1041,ST1045,1787592303,2026-08-24 19:40:03,15,4.21,4.3,paypal
TR2608240038985,CL104436,EN00476,trottinette,Lille,ST1041,ST1041,2026-08-24 19:27:54,2026-08-24 19:44:54,17,4.04,,cb
TR2608240038986,CL106971,EN00400,trottinette,Lille,ST1042,ST1041,2026-08-24 19:22:19,2026-08-24 19:32:19,10,2.14,3.2,abonnement
TR2608240038987,CL101066,EN00475,trottinette,Lille,ST1044,ST1036,2026-08-24 19:19:56,2026-08-24 19:21:56,2,0.43,1.44,cb
TR2608240038988,CL107031,EN00391,velo_elec,LILLE,ST1044,ST1037,2026-08-24 19:16:59,2026-08-24 19:27:59,11,2.04,3.75,paypal
TR2608240038989,CL100422,EN00414,velo_elec, Lille,ST1046,ST1034,2026-08-24 19:29:02,1787592902,6,1.99,2.5,cb
TR2608240038990,CL101860,EN00516,velo_elec,Grenoble,ST1049,ST1054,2026-08-24 19:28:37,2026-08-24 19:37:37,9,1.37,3.25,paypal
TR2608240038991,CL104643,EN00598,velo_elec,Grenoble,ST1050,ST1051,24/08/2026 19:25,2026-08-24 19:30:20,5,1.72,2.25,cb
TR2608240038992,CL103533,EN00071,velo_elec,Lyon,ST1001,ST1012,24/08/2026 19:42,2026-08-24 19:53:26,11,2.19,3.75,cb
TR2608240038993,CL101741,EN00001,velo_elec,Lyon,ST1001,ST1015,2026-08-24 19:39:37,2026-08-24 20:00:37,21,3.4,6.25,cb
TR2608240038994,CL100708,EN00066,trottinette,Lyon,ST1004,ST1004,2026-08-24 19:38:24,2026-08-24 19:46:24,8,1.3,2.76,cb
TR2608240038995,CL104524,EN00277,velo_elec,Nantes,ST1020,ST1030,2026-08-24 19:38:53,2026-08-24 19:42:53,4,0.68,2.0,cb
TR2608240038996,CL100580,EN00296,velo,Nantes,ST1020,ST1025,2026-08-24 19:43:03,2026-08-24 19:51:03,8,1.69,2.2,paypal
TR2608240038997,CL102562,EN00335,velo,NANTES,ST1020,ST1031,2026-08-24 19:44:05,24/08/2026 19:52,8,1.35,2.2,cb
TR2608240038998,CL101036,EN00343,velo,nantes,ST1020,ST1028,1787592971,24/08/2026 19:45,9,1.68,2.35,cb
TR2608240038999,CL105448,EN00276,velo_elec,NANTES,ST1021,ST1030,2026-08-24 19:43:09,24/08/2026 19:46,3,0.68,1.75,cb
TR2608240039000,CL108220,EN00347,trottinette,Nantes,ST1022,ST1020,2026-08-24 19:33:32,1787593052,4,1.35,1.88,paypal
TR2608240039001,CL105930,EN00240,trottinette,Nantes,ST1022,ST1033,2026-08-24 19:34:17,24/08/2026 20:10,36,8.67,8.92,paypal
TR2608240039002,CL105074,EN00313,trottinette,Nantes,ST1022,ST1032,2026-08-24 19:35:42,2026-08-24 19:48:42,13,2.92,3.86,cb
TR2608240039003,CL103491,EN00273,velo_elec,Nantes,ST1028,ST1033,2026-08-24 19:45:11,2026-08-24 20:02:11,17,2.96,5.25,cb
TR2608240039004,CL105445,EN00321,velo_elec,Nantes,ST1031,ST1029,2026-08-24 19:45:31,24/08/2026 19:54,9,3.14,3.25,cb
TR2608240039005,CL106446,EN00411,trottinette,Lille,ST1034,ST1040,1787593552,2026-08-24 19:52:52,7,1.23,2.54,paypal
TR2608240039006,CL101217,EN00456,trottinette,Lille,ST1037,ST1041,24/08/2026 19:38,2026-08-24 19:45:53,7,1.73,2.54,abonnement
TR2608240039007,CL108694,EN00423,velo_elec,Lille,ST1038,ST1037,2026-08-24 19:45:33,1787594073,9,1.66,3.25,paypal
TR2608240039008,CL105912,EN00383,trottinette,Lille,ST1043,ST1047,2026-08-24 19:39:54,2026-08-24 20:02:54,23,3.64,6.06,abonnement
TR2608240039009,CL105002,EN00385,velo_elec,Lille,ST1044,ST1041,2026-08-24 19:33:15,2026-08-24 19:43:15,10,2.95,3.5,cb
TR2608240039010,CL105240,EN00428,velo_elec,Lille,ST1046,ST1045,2026-08-24 19:32:25,,10,3.38,3.5,cb
TR2608240039011,CL106478,EN00561,velo_elec,Grenoble,ST1048,ST1054,2026-08-24 19:41:04,2026-08-24 19:58:04,17,5.65,5.25,abonnement
TR2608240039012,CL104028,EN00519,velo_elec,Grenoble,ST1058,ST1057,2026-08-24 19:37:52,1787593612,9,3.12,3.25,abonnement
TR2608240039013,CL108400,EN00005,velo_elec,Lyon,ST1002,ST1014,24/08/2026 19:56,1787594844,11,2.84,3.75,cb
TR2608240039014,CL100310,EN00184,velo_elec,Lyon,ST1003,ST1019,,2026-08-24 19:52:20,3,0.71,1.75,paypal
TR2608240039015,CL100870,EN00061,trottinette,Lyon,ST1003,ST1013,2026-08-24 19:57:51,24/08/2026 20:42,45,12.33,10.9,abonnement
TR2608240039016,CL105873,EN00152,velo_elec,Lyon,ST1003,ST1010,2026-08-24 19:57:01,1787594821,10,1.81,3.5,abonnement
TR2608240039017,CL101156,EN00168,velo_elec,Lyon,ST1009,ST1001,2026-08-24 19:47:34,2026-08-24 20:04:34,17,3.54,5.25,paypal
TR2608240039018,CL107692,EN00034,velo_elec,Lyon,ST1009,ST1017,2026-08-24 19:51:41,24/08/2026 19:58,7,2.39,2.75,cb
TR2608240039019,CL103923,EN00177,velo_elec,lyon,ST1010,ST1011,2026-08-24 19:48:44,24/08/2026 19:56,8,1.67,3.0,abonnement
TR2608240039020,CL100424,EN00198,velo_elec,Lyon,ST1011,ST1013,2026-08-24 19:57:48,2026-08-24 20:17:48,20,3.15,6.0,paypal
TR2608240039021,CL105245,EN00199,velo_elec,Lyon,ST1014,ST1014,2026-08-24 19:56:14,24/08/2026 20:08,12,3.35,4.0,abonnement
TR2608240039022,CL106019,EN00113,velo_elec,Lyon,ST1017,ST1007,,24/08/2026 19:56,8,1.32,3.0,abonnement
TR2608240039023,CL103917,EN00094,velo_elec,Lyon,ST1019,ST1016,2026-08-24 19:48:51,,20,3.35,6.0,paypal
TR2608240039024,CL103840,EN00328,velo_elec,NANTES,ST1021,ST1024,2026-08-24 19:54:39,2026-08-24 20:05:39,11,1.93,3.75,paypal
TR2608240039025,CL105113,EN00268,trottinette,Nantes,ST1024,ST1027,2026-08-24 19:46:20,24/08/2026 19:53,7,1.17,2.54,abonnement
TR2608240039026,CL105021,EN00439,velo_elec,Lille,ST1036,ST1046,2026-08-24 19:58:17,2026-08-24 20:14:17,16,3.75,5.0,abonnement
TR2608240039027,CL102729,EN00406,velo_elec,Lille,ST1038,ST1041,2026-08-24 19:52:18,2026-08-24 20:05:18,13,2.22,4.25,paypal
TR2608240039028,CL107228,EN00453,trottinette,Lille,ST1040,ST1034,2026-08-24 19:56:23,2026-08-24 20:07:23,11,2.24,3.42,abonnement
TR2608240039029,CL103482,EN00412,trottinette, Lille,ST1046,ST1034,2026-08-24 19:46:01,2026-08-24 19:54:01,8,1.9,2.76,cb
TR2608240039030,CL101296,EN00501,trottinette,Grenoble,ST1048,ST1050,2026-08-24 19:46:22,2026-08-24 20:10:22,24,5.57,6.28,cb
TR2608240039031,CL107871,EN00071,velo_elec,Lyonn,ST1012,ST1001,24/08/2026 20:00,2026-08-24 20:09:53,9,1.99,3.25,cb
TR2608240039032,CL106512,EN00297,trottinette,Nantes,ST1026,ST1024,2026-08-24 20:11:59,2026-08-24 20:17:59,6,1.59,2.32,abonnement
TR2608240039033,CL106777,EN00340,velo_elec,Nantes,ST1031,ST1027,2026-08-24 20:08:42,2026-08-24 20:14:42,6,1.09,2.5,abonnement
TR2608240039034,CL103544,EN00461,velo_elec, Lille,ST1035,ST1034,24/08/2026 20:03,2026-08-24 20:08:38,5,0.77,2.25,cb
TR2608240039035,CL107130,EN00394,velo_elec,Lille,ST1035,ST1042,2026-08-24 20:12:58,2026-08-24 20:19:58,7,1.72,2.75,cb
TR2608240039036,CL103162,EN00408,velo_elec,Lille,ST1047,ST1040,2026-08-24 20:11:04,2026-08-24 20:36:04,25,8.34,7.25,cb
TR2608240039037,CL103770,EN00598,velo_elec,Grenoble,ST1051,ST1051,,2026-08-24 20:42:28,27,7.76,7.75,cb
TR2608240039038,CL105328,EN00073,velo_elec,Lyon,ST1001,ST1010,2026-08-24 20:25:12,24/08/2026 20:36,11,2.9,3.75,abonnement
TR2608240039039,CL105480,EN00003,velo_elec,Lyon,ST1003,ST1003,24/08/2026 20:17,2026-08-24 20:39:38,22,4.05,6.5,cb
TR2608240039040,CL107903,EN00092,trottinette,Lyonn,ST1012,ST1006,2026-08-24 20:30:58,2026-08-24 20:59:58,29,6.87,7.38,cb
TR2608240039041,CL108287,EN00289,trottinette,Nantes,ST1023,ST1031,2026-08-24 20:20:46,2026-08-24 20:43:46,23,3.92,6.06,paypal
TR2608240039042,CL103373,EN00247,trottinette,Nantes,ST1025,ST1023,2026-08-24 20:23:05,2026-08-24 20:52:05,29,5.37,7.38,cb
TR2608240039043,CL104879,EN00348,velo_elec,Nantes,ST1026,ST1033,2026-08-24 20:15:45,2026-08-24 20:32:45,17,4.8,5.25,cb
TR2608240039044,CL102149,EN00288,trottinette,Nantes,ST1030,ST1022,2026-08-24 20:20:33,2026-08-24 20:26:33,6,1.74,2.32,cb
TR2608240039045,CL102843,EN00492,velo_elec,Lille,ST1038,ST1044,1787595551,1787596391,14,4.7,4.5,cb
TR2608240039046,CL104096,EN00462,velo_elec,Lille,ST1039,ST1045,24/08/2026 20:21,2026-08-24 20:31:51,10,2.67,3.5,cb
TR2608240039047,CL101441,EN00582,trottinette,Grenoble,ST1052,ST1057,2026-08-24 20:16:57,2026-08-24 20:22:57,6,1.42,2.32,cb
TR2608240039048,CL100608,EN00013,velo_elec,Lyon,ST1007,ST1007,2026-08-24 20:32:32,2026-08-24 20:40:32,8,2.22,3.0,abonnement
TR2608240039049,CL100196,EN00214,trottinette,lyon,ST1008,ST1004,2026-08-24 20:33:57,1787597337,15,4.67,4.3,abonnement
TR2608240039050,CL103281,EN00065,trottinette,Lyon,ST1009,ST1019,2026-08-24 20:41:18,1787598018,19,4.35,5.18,paypal
TR2608240039051,CL108295,EN00117,trottinette,Lyon,ST1012,ST1019,2026-08-24 20:44:58,24/08/2026 20:51,7,2.31,2.54,cb
TR2608240039052,CL108724,EN00211,velo_elec,Lyon,ST1012,ST1007,2026-08-24 20:40:54,2026-08-24 20:48:54,8,2.26,3.0,cb
TR2608240039053,CL107500,EN00014,velo_elec,Lyon,ST1013,ST1007,2026-08-24 20:31:09,2026-08-24 20:35:09,4,0.62,2.0,
TR2608240039054,CL107899,EN00352,velo_elec,Nantes,ST1023,ST1023,2026-08-24 20:41:25,2026-08-24 20:48:25,7,1.76,2.75,cb
TR2608240039055,CL104100,EN00341,velo_elec,Nantes,ST1023,ST1022,2026-08-24 20:34:23,1787596943,8,1.75,3.0,abonnement
TR2608240039056,CL105069,EN00340,velo_elec,Nantes,ST1027,ST1027,2026-08-24 20:46:08,2026-08-24 20:55:08,9,1.6,3.25,cb
TR2608240039057,CL104106,EN00249,velo_elec,NANTES,ST1028,ST1020,2026-08-24 20:40:42,1787597322,8,1.58,3.0,cb
TR2608240039058,CL104708,EN00269,velo_elec,Nantes,ST1031,ST1030,2026-08-24 20:37:11,2026-08-24 20:54:11,17,3.9,5.25,cb
TR2608240039059,CL107090,EN00389,trottinette,Lille,ST1038,ST1034,24/08/2026 20:37,2026-08-24 20:52:45,15,2.32,4.3,abonnement
TR2608240039060,CL107135,EN00580,velo_elec,Grenoble,ST1058,ST1049,2026-08-24 20:40:26,2026-08-24 21:09:26,29,8.1,8.25,cb
TR2608240039061,CL107882,EN00071,velo_elec,Lyon,ST1001,ST1002,1787597494,2026-08-24 21:08:34,17,4.69,5.25,cb
TR2608240039062,CL106995,EN00040,velo,Lyon,ST1009,ST1010,2026-08-24 20:52:40,2026-08-24 21:24:40,32,7.04,5.8,abonnement
TR2608240039063,CL103142,EN00039,velo_elec,Lyon,ST1013,ST1011,24/08/2026 20:47,2026-08-24 20:52:58,5,1.42,2.25,cb
TR2608240039064,CL106052,EN00260,velo_elec,Nantes,ST1026,ST1033,2026-08-24 20:49:39,2026-08-24 21:10:39,21,6.41,6.25,cb
TR2608240039065,CL102590,EN00354,velo_elec,Nantes,ST1031,ST1032,2026-08-24 20:59:28,24/08/2026 21:10,11,3.71,3.75,cb
TR2608240039066,CL105056,EN00475,trottinette,Lille,ST1036,ST1035,24/08/2026 20:52,2026-08-24 21:11:24,19,6.47,5.18,abonnement
TR2608240039067,CL107877,EN00418,trottinette,Lille,ST1038,ST1046,24/08/2026 20:58,2026-08-24 21:06:27,8,1.39,2.76,abonnement
TR2608240039068,CL100433,EN00042,trottinette,Lyon,ST1012,ST1006,2026-08-24 21:13:46,2026-08-24 21:20:46,7,2.44,2.54,cb
TR2608240039069,CL100425,EN00199,velo_elec,Lyon,ST1014,ST1007,24/08/2026 21:04,2026-08-24 21:13:20,9,1.36,3.25,cb
TR2608240039070,CL105358,EN00001,velo_elec,Lyon,ST1015,ST1003,2026-08-24 21:06:28,2026-08-24 22:08:28,62,11.59,16.5,cb
TR2608240039071,CL103233,EN00091,velo_elec,Lyon,ST1017,ST1015,2026-08-24 21:15:17,2026-08-24 21:25:17,10,3.44,3.5,paypal
TR2608240039072,CL107299,EN00037,trottinette,Lyon ,ST1017,ST1004,1787598598,2026-08-24 21:18:58,9,1.94,2.98,paypal
TR2608240039073,CL101952,EN00216,velo_elec,Lyon,ST1018,ST1016,2026-08-24 21:07:48,24/08/2026 21:28,21,4.55,6.25,cb
TR2608240039074,CL106631,EN00286,velo_elec,Nantes,ST1027,ST1024,2026-08-24 21:02:22,1787599042,15,3.56,4.75,cb
TR2608240039075,CL102193,EN00273,velo_elec,Nantes,ST1033,ST1021,2026-08-24 21:02:21,2026-08-24 21:10:21,8,1.38,3.0,abonnement
TR2608240039076,CL108438,EN00423,velo_elec,Lille,ST1037,ST1034,,2026-08-24 21:53:02,45,10.67,12.25,
TR2608240039077,CL107164,EN00492,velo_elec,Lille,ST1044,ST1043,2026-08-24 21:12:50,2026-08-24 21:26:50,14,2.42,4.5,paypal
TR2608240039078,CL101650,EN00066,trottinette,Lyon,ST1004,ST1014,24/08/2026 21:27,2026-08-24 21:35:37,8,1.73,2.76,cb
TR2608240039079,CL108708,EN00138,velo_elec,Lyon,ST1008,ST1011,2026-08-24 21:29:07,2026-08-24 21:31:07,2,0.56,1.5,abonnement
TR2608240039080,CL101269,EN00222,velo_elec,Nantes,ST1028,ST1029,2026-08-24 21:21:21,2026-08-24 21:32:21,11,1.76,3.75,paypal
TR2608240039081,CL103942,EN00321,velo_elec,Nantes,ST1029,ST1029,2026-08-24 21:19:22,2026-08-24 21:30:22,11,2.94,3.75,abonnement
TR2608240039082,CL107550,EN00348,velo_elec,Nantes,ST1033,ST1024,2026-08-24 21:15:53,2026-08-24 21:26:53,11,3.52,3.75,cb
TR2608240039083,CL107463,EN00451,velo_elec,Lille,ST1034,ST1045,2026-08-24 21:22:57,2026-08-24 21:27:57,5,0.99,2.25,cb
TR2608240039084,CL105322,EN00382,trottinette,Lille,ST1047,ST1034,2026-08-24 21:30:08,2026-08-24 22:04:08,34,8.0,8.48,paypal
TR2608240039085,CL105712,EN00316,velo_elec,Nantes,ST1021,ST1025,2026-08-24 21:42:22,2026-08-24 21:54:22,12,2.22,4.0,cb
TR2608240039086,CL107494,EN00467,velo_elec, Lille,ST1036,ST1034,2026-08-24 21:39:46,2026-08-24 21:49:46,10,3.31,3.5,paypal
TR2608240039087,CL104391,EN00411,trottinette,Lille,ST1040,ST1034,2026-08-24 21:44:25,2026-08-24 22:12:25,28,9.48,7.16,abonnement
TR2608240039088,CL108029,EN00460,velo_elec, Lille,ST1045,ST1046,2026-08-24 21:42:56,24/08/2026 21:54,12,2.02,4.0,paypal
TR2608240039089,CL102356,EN00517,trottinette,Grenoble,ST1058,ST1054,2026-08-24 21:39:53,24/08/2026 21:54,15,3.36,4.3,cb
TR2608240039090,CL108242,EN00216,velo_elec,Lyon,ST1016,ST1005,2026-08-24 21:58:11,2026-08-24 22:07:11,9,2.42,3.25,cb
TR2608240039091,CL100744,EN00352,velo_elec,NANTES,ST1023,ST1026,2026-08-24 21:47:29,24/08/2026 22:01,14,4.59,4.5,abonnement
TR2608240039092,CL107650,EN00269,velo_elec,Nantes,ST1030,ST1024,2026-08-24 21:51:34,24/08/2026 22:09,18,3.45,5.5,cb
TR2608240039093,CL105416,EN00303,velo_elec,Nantes,ST1032,ST1027,2026-08-24 21:57:01,,12,3.12,4.0,cb
TR2608240039094,CL104303,EN00451,velo_elec,Lille,ST1045,ST1042,2026-08-24 21:47:11,2026-08-24 22:01:11,14,3.96,4.5,paypal
TR2608240039095,CL108296,EN00598,velo_elec,Grenoble,ST1051,ST1054,2026-08-24 21:47:51,2026-08-24 21:55:51,8,2.61,3.0,cb
TR2608240039096,CL100151,EN00539,velo_elec,Grenoble,ST1054,ST1056,1787601621,2026-08-24 22:23:21,23,3.45,6.75,cb
TR2608240039097,CL102406,EN00168,velo_elec,Lyon,ST1001,ST1005,24/08/2026 22:02,1787602197,7,1.25,2.75,cb
TR2608240039098,CL107280,EN00066,trottinette,Lyon,ST1014,ST1002,2026-08-24 22:08:54,2026-08-24 22:20:54,12,2.55,3.64,abonnement
TR2608240039099,CL104615,EN00081,velo_elec,Lyon,ST1018,ST1017,2026-08-24 22:09:01,2026-08-24 22:17:01,8,1.49,3.0,cb
TR2608240039100,CL104722,EN00544,velo_elec,Grenoble,ST1058,ST1058,24/08/2026 22:09,2026-08-24 22:35:57,26,8.13,7.5,cb
TR2608240039101,CL106880,EN00106,trottinette,Lyon,ST1002,ST1016,24/08/2026 22:18,1787603078,6,1.8,2.32,cb
TR2608240039102,CL103295,EN00048,velo,Lyon,ST1009,ST1013,2026-08-24 22:30:37,2026-08-24 22:54:37,24,3.61,4.6,abonnement
TR2608240039103,CL100069,EN00236,velo_elec,Nantes,ST1028,ST1027,2026-08-24 22:27:20,2026-08-24 22:36:20,9,2.44,3.25,abonnement
TR2608240039104,CL103515,EN00393,trottinette,Lille,ST1041,ST1043,,2026-08-24 23:31:28,62,14.42,14.64,paypal
TR2608240039105,CL107434,EN00462,velo_elec,Lille,ST1045,ST1037,2026-08-24 22:21:21,1787603241,6,1.99,2.5,paypal
TR2608240039106,CL102955,EN00091,velo_elec,Lyon,ST1015,ST1006,2026-08-24 22:42:38,2026-08-24 22:46:38,4,0.89,2.0,abonnement
TR2608240039107,CL108174,EN00222,velo_elec,Nantes,ST1029,ST1026,2026-08-24 22:37:54,2026-08-24 22:47:54,10,3.05,3.5,paypal
TR2608240039108,CL101220,EN00167,trottinette,Lyon,ST1014,ST1007,2026-08-24 23:00:15,2026-08-24 23:12:15,12,3.54,3.64,abonnement
TR2608240039109,CL102129,EN00249,velo_elec,Nantes,ST1020,ST1022,2026-08-24 22:57:44,24/08/2026 23:10,13,3.27,4.25,abonnement
TR2608240039110,CL100538,EN00446,trottinette,Lille,ST1043,ST1039,2026-08-24 22:58:59,24/08/2026 23:13,15,3.49,4.3,cb
TR2608240039111,CL107101,EN00530,velo_elec,Grenoble,ST1048,ST1048,2026-08-24 22:59:36,24/08/2026 23:10,11,3.26,3.75,abonnement
TR2608240039112,CL104952,EN00106,trottinette,Lyon,ST1016,ST1015,2026-08-24 23:04:55,2026-08-24 23:15:55,11,3.26,3.42,cb
TR2608240039113,CL102506,EN00091,velo_elec,Lyon,ST1006,ST1012,2026-08-24 23:25:59,2026-08-24 23:40:59,15,3.06,4.75,abonnement
TR2608240039114,CL106098,EN00272,trottinette,Nantes,ST1028,ST1026,2026-08-24 23:29:12,2026-08-24 23:39:12,10,1.92,3.2,abonnement
TR2608240039115,CL103541,EN00408,velo_elec,Lille,ST1040,ST1046,24/08/2026 23:28,1787608324,24,5.27,7.0,abonnement
TR2608240039116,CL102102,EN00492,velo_elec,Lille,ST1043,ST1035,2026-08-24 23:29:56,2026-08-24 23:41:56,12,3.01,4.0,cb
TR2608240039117,CL105211,EN00105,velo_elec,LYON,ST1012,ST1003,2026-08-24 23:34:27,1787607567,5,1.06,2.25,paypal
TR2608240039118,CL107349,EN00053,trottinette,Lyon,ST1018,ST1018,2026-08-24 23:46:56,24/08/2026 23:54,8,2.54,2.76,cb
TR2608240039119,CL102364,EN00304,velo_elec,Nantes,ST1029,ST1020,2026-08-24 23:47:02,2026-08-24 23:54:02,7,1.54,2.75,cb
