trajet_id,client_id,engin_id,type_engin,ville,station_depart,station_arrivee,debut,fin,duree_min,distance_km,montant_eur,moyen_paiement
TR2608250039120,CL105239,EN00406,velo_elec,Lille,ST1041,ST1041,2026-08-25 00:16:42,2026-08-25 00:45:42,29,5.86,8.25,abonnement
TR2608250039121,CL108185,EN00105,velo_elec,Lyon,ST1003,ST1008,2026-08-25 00:40:23,,11,1.71,3.75,abonnement
TR2608250039122,CL106304,EN00396,velo_elec,Lille,ST1044,ST1034,2026-08-25 01:20:04,1787614984,23,8.03,6.75,abonnement
TR2608250039123,CL100602,EN00073,velo_elec,Lyon,ST1010,ST1014,2026-08-25 02:51:31,2026-08-25 03:10:31,19,4.98,5.75,cb
TR2608250039124,CL108455,EN00461,velo_elec,Lille,ST1034,ST1047,,2026-08-25 03:34:32,41,9.62,11.25,paypal
TR2608250039125,CL100019,EN00483,trottinette, Lille,ST1044,ST1040,2026-08-25 03:10:07,2026-08-25 03:35:07,25,8.15,6.5,abonnement
TR2608250039126,CL106835,EN00459,velo_elec,Lille,ST1047,ST1047,2026-08-25 03:02:44,2026-08-25 03:06:44,4,0.9,2.0,cb
TR2608250039127,CL105224,EN00039,velo_elec,Lyon,ST1007,ST1004,2026-08-25 03:17:38,2026-08-25 03:31:38,14,3.98,4.5,cb
TR2608250039128,CL107393,EN00558,trottinette,Grenoble,ST1058,ST1050,2026-08-25 03:46:26,2026-08-25 03:55:26,9,2.59,2.98,paypal
TR2608250039129,CL104915,EN00378,velo_elec,Lille,ST1043,ST1043,2026-08-25 04:10:48,2026-08-25 04:24:48,14,2.13,4.5,cb
TR2608250039130,CL102055,EN00198,velo_elec,Lyon,ST1004,ST1002,2026-08-25 04:39:27,25/08/2026 04:48,9,2.05,3.25,cb
TR2608250039131,CL101246,EN00293,velo_elec,Nantes,ST1020,ST1028,2026-08-25 04:42:36,2026-08-25 04:51:36,9,1.54,3.25,cb
TR2608250039132,CL102226,EN00124,velo_elec,Lyon,ST1006,ST1012,1787627918,2026-08-25 05:35:38,17,4.79,5.25,cb
TR2608250039133,CL102247,EN00106,trottinette,Lyon,ST1011,ST1010,25/08/2026 05:20,2026-08-25 05:34:18,14,4.47,4.08,paypal
TR2608250039134,CL104124,EN00378,velo_elec,Lille,ST1043,ST1047,2026-08-25 05:28:50,25/08/2026 05:34,6,1.37,2.5,abonnement
TR2608250039135,CL105695,EN00451,velo_elec,Lille,ST1041,ST1034,2026-08-25 05:33:03,2026-08-25 05:41:03,8,2.76,3.0,cb
TR2608250039136,CL106962,EN00460,velo_elec,Lille,ST1045,ST1040,2026-08-25 05:40:14,2026-08-25 06:03:14,23,5.78,6.75,cb
TR2608250039137,CL106614,EN00103,trottinette,Lyon,ST1009,ST1002,2026-08-25 06:12:49,2026-08-25 06:20:49,8,2.18,2.76,abonnement
TR2608250039138,CL108576,EN00073,velo_elec,Lyon,ST1014,ST1003,25/08/2026 06:13,2026-08-25 06:25:50,12,3.47,4.0,
TR2608250039139,CL107850,EN00014,velo_elec,Lyon,ST1019,ST1003,2026-08-25 06:09:52,25/08/2026 06:19,10,2.18,3.5,abonnement
TR2608250039140,CL103900,EN00258,trottinette,Nantes,ST1027,ST1021,2026-08-25 06:07:55,2026-08-25 06:34:55,27,6.89,6.94,abonnement
TR2608250039141,CL107955,EN00270,velo_elec,Nantes,ST1029,ST1022,2026-08-25 06:10:47,2026-08-25 06:15:47,5,1.46,2.25,abonnement
TR2608250039142,CL101439,EN00481,velo_elec,Lille,ST1036,ST1047,2026-08-25 06:03:02,25/08/2026 06:06,3,0.52,1.75,cb
TR2608250039143,CL108985,EN00450,trottinette, Lille,ST1037,ST1037,1787631242,25/08/2026 06:19,5,1.39,2.1,cb
TR2608250039144,CL108666,EN00453,trottinette,Lille,ST1040,ST1035,2026-08-25 06:06:49,2026-08-25 06:17:49,11,2.07,3.42,cb
TR2608250039145,CL104005,EN00394,velo_elec,Lille,ST1046,ST1035,25/08/2026 06:07,25/08/2026 06:12,5,1.26,2.25,abonnement
TR2608250039146,CL102290,EN00579,trottinette,Grenoble,ST1057,ST1057,2026-08-25 06:09:56,,30,7.93,7.6,cb
TR2608250039147,CL108233,EN00594,velo,Grenoble,ST1057,ST1048,25/08/2026 06:08,2026-08-25 06:18:18,10,2.82,2.5,paypal
TR2608250039148,CL107671,EN00055,trottinette,Lyon,ST1005,ST1001,2026-08-25 06:23:22,1787632942,19,3.78,5.18,cb
TR2608250039149,CL104590,EN00025,velo_elec,Lyon,ST1014,ST1003,2026-08-25 06:23:30,2026-08-25 06:33:30,10,2.5,3.5,cb
TR2608250039150,CL102702,EN00263,trottinette,Nantes,ST1028,ST1024,2026-08-25 06:30:24,2026-08-25 06:48:24,18,3.98,4.96,cb
TR2608250039151,CL104064,EN00224,velo_elec,Nantes,ST1030,ST1022,25/08/2026 06:23,25/08/2026 06:42,19,4.13,5.75,paypal
TR2608250039152,CL100775,EN00268,trottinette,Nantes,ST1031,ST1030,2026-08-25 06:17:06,2026-08-25 06:28:06,11,3.72,3.42,abonnement
TR2608250039153,CL103182,EN00460,velo_elec,Lille,ST1040,ST1036,2026-08-25 06:17:15,2026-08-25 06:25:15,8,2.74,3.0,cb
TR2608250039154,CL106416,EN00218,velo_elec,Lyon,ST1002,ST1014,2026-08-25 06:38:02,2026-08-25 07:03:02,25,5.22,7.25,abonnement
TR2608250039155,CL100061,EN00428,velo_elec,Lille,ST1042,ST1034,2026-08-25 06:40:41,2026-08-25 06:49:41,9,2.94,3.25,cb
TR2608250039156,CL105413,EN00488,velo_elec,Lille,ST1043,ST1036,2026-08-25 06:37:12,2026-08-25 06:59:12,22,4.76,6.5,cb
TR2608250039157,CL103463,EN00479,trottinette,Lille,ST1044,ST1036,2026-08-25 06:33:48,2026-08-25 06:48:48,15,4.98,4.3,cb
TR2608250039158,CL106377,EN00307,trottinette,Nantes,ST1026,ST9982,25/08/2026 06:59,2026-08-25 07:13:54,14,2.12,4.08,cb
TR2608250039159,CL104523,EN00236,velo_elec,Nantes,ST1027,ST1020,2026-08-25 06:48:21,2026-08-25 07:22:21,34,7.06,9.5,cb
TR2608250039160,CL105883,EN00227,trottinette,Nantes,ST1029,ST1029,2026-08-25 06:46:21,2026-08-25 06:59:21,13,3.83,3.86,cb
TR2608250039161,CL101933,EN00340,velo_elec,Nantes,ST1030,ST1022,2026-08-25 06:58:08,2026-08-25 07:19:08,21,6.17,6.25,abonnement
TR2608250039162,CL100758,EN00298,trottinette,Nantes,ST1033,ST1021,2026-08-25 06:55:43,25/08/2026 07:02,7,2.07,2.54,cb
TR2608250039163,CL102197,EN00273,velo_elec,NANTES,ST1033,ST1032,2026-08-25 06:57:15,2026-08-25 07:17:15,20,4.02,6.0,abonnement
TR2608250039164,CL108972,EN00450,trottinette,Lille,ST1037,ST1034,2026-08-25 06:50:02,2026-08-25 07:23:02,33,9.04,8.26,paypal
TR2608250039165,CL106089,EN00480,velo_elec,Lille,ST1041,ST1034,2026-08-25 06:54:25,2026-08-25 06:57:25,3,0.92,1.75,paypal
TR2608250039166,CL104943,EN00473,trottinette,LILLE,ST1044,ST1035,,2026-08-25 07:00:38,12,1.82,3.64,cb
TR2608250039167,CL104811,EN00482,velo_elec,Lille,ST1045,ST1042,,2026-08-25 07:16:48,19,4.67,5.75,cb
TR2608250039168,CL107224,EN00579,trottinette,Grenoble,ST1057,ST9863,2026-08-25 06:51:09,2026-08-25 06:57:09,6,1.66,2.32,abonnement
TR2608250039169,CL105442,EN00039,velo_elec,Lyon,ST1004,ST1017,25/08/2026 07:00,2026-08-25 07:38:55,38,12.68,10.5,cb
TR2608250039170,CL101338,EN00210,trottinette,Lyon,ST1005,ST1001,2026-08-25 07:13:45,2026-08-25 07:31:45,18,5.28,4.96,cb
TR2608250039171,CL104182,EN00067,velo_elec,Lyon,ST1005,ST1001,2026-08-25 07:06:40,2026-08-25 07:16:40,10,1.51,3.5,cb
TR2608250039172,CL106712,EN00158,velo_elec,Lyon,ST1007,ST1002,,2026-08-25 07:12:02,10,3.4,3.5,abonnement
TR2608250039173,CL101027,EN00096,velo_elec,Lyon,ST1008,ST1003,2026-08-25 07:01:50,2026-08-25 07:07:50,6,1.76,2.5,
TR2608250039174,CL100516,EN00138,velo_elec,lyon,ST1009,ST1001,2026-08-25 07:09:23,25/08/2026 07:20,11,2.7,3.75,abonnement
TR2608250039175,CL106982,EN00106,trottinette,Lyon,ST1010,ST1002,25/08/2026 07:01,2026-08-25 07:30:32,29,9.61,7.38,cb
TR2608250039176,CL100290,EN00033,trottinette,Lyon,ST1011,ST1008,25/08/2026 07:15,2026-08-25 07:56:19,41,11.84,10.02,paypal
TR2608250039177,CL102868,EN00041,velo_elec,Lyon,ST1014,ST1004,2026-08-25 07:11:08,2026-08-25 07:18:08,7,1.13,2.75,paypal
TR2608250039178,CL103303,EN00037,trottinette,Lyon,ST1014,ST1003,2026-08-25 07:15:53,,10,1.81,3.2,abonnement
TR2608250039179,CL100826,EN00061,trottinette,Lyon,ST1015,ST1007,2026-08-25 07:13:16,,12,2.05,3.64,cb
TR2608250039180,CL107178,EN00193,trottinette,Lyon,ST1016,ST1001,2026-08-25 07:14:24,2026-08-25 07:24:24,10,3.09,3.2,cb
TR2608250039181,CL102510,EN00216,velo_elec,Lyon,ST1019,ST1001,2026-08-25 07:02:57,2026-08-25 07:09:57,7,1.59,2.75,cb
TR2608250039182,CL101843,EN00133,velo_elec,Lyon,ST1019,ST1001,2026-08-25 07:04:58,2026-08-25 07:13:58,9,1.65,3.25,cb
TR2608250039183,CL104584,EN00350,velo,Nantes,ST1023,ST1021,2026-08-25 07:01:44,2026-08-25 08:16:44,75,14.55,12.25,abonnement
TR2608250039184,CL105412,EN00355,velo_elec,Nantes,ST1028,ST1021,2026-08-25 07:14:25,2026-08-25 07:20:25,6,1.94,2.5,cb
TR2608250039185,CL102171,EN00293,velo_elec,Nantes,ST1028,ST1022,25/08/2026 07:01,2026-08-25 07:09:24,8,1.83,3.0,cb
TR2608250039186,CL106011,EN00318,velo_elec,Nantes,ST1030,ST1020,2026-08-25 07:09:38,2026-08-25 07:15:38,6,2.08,2.5,cb
TR2608250039187,CL106434,EN00268,trottinette,Nantes,ST1030,ST1022,2026-08-25 07:04:40,1787635060,13,2.4,3.86,abonnement
TR2608250039188,CL105438,EN00354,velo_elec,Nantes,ST1031,ST1023,2026-08-25 07:13:53,2026-08-25 07:32:53,19,3.55,5.75,cb
TR2608250039189,CL102561,EN00337,trottinette,Nantes,ST1031,ST1022,2026-08-25 07:04:32,25/08/2026 07:18,14,4.59,4.08,paypal
TR2608250039190,CL102402,EN00451,velo_elec,Lille,ST1034,ST1034,2026-08-25 07:07:14,2026-08-25 07:14:14,7,2.2,2.75,abonnement
TR2608250039191,CL107390,EN00484,velo_elec,Lille,ST1037,ST1036,2026-08-25 07:08:30,2026-08-25 07:31:30,23,7.23,6.75,cb
TR2608250039192,CL108726,EN00478,trottinette,Lille,ST1039,ST1047,2026-08-25 07:14:09,2026-08-25 07:17:09,3,0.65,1.66,cb
TR2608250039193,CL107867,EN00477,trottinette,Lille,ST1042,ST1034,2026-08-25 07:09:33,25/08/2026 07:14,5,1.1,2.1,cb
TR2608250039194,CL102251,EN00412,trottinette,Lille,ST1045,ST1035,1787634660,2026-08-25 07:21:00,10,1.68,3.2,cb
TR2608250039195,CL102201,EN00558,trottinette,Grenoble,ST1050,ST1056,1787634542,25/08/2026 07:16,7,2.41,2.54,paypal
TR2608250039196,CL104214,EN00523,velo_elec,Grenoble,ST1050,ST1049,1787634635,2026-08-25 07:29:35,19,5.33,5.75,abonnement
TR2608250039197,CL106162,EN00524,velo_elec,Grenoble,ST1053,ST1049,2026-08-25 07:10:39,2026-08-25 07:16:39,6,0.99,2.5,paypal
TR2608250039198,CL106570,EN00530,velo_elec,Grenoble,ST1055,ST1048,2026-08-25 07:03:44,2026-08-25 07:11:44,8,2.62,3.0,abonnement
TR2608250039199,CL103284,EN00561,velo_elec,Grenoble,ST1058,ST1053,25/08/2026 07:02,2026-08-25 07:06:43,4,0.81,2.0,cb
TR2608250039200,CL102948,EN00062,trottinette,Lyon,ST1001,ST1012,2026-08-25 07:19:43,2026-08-25 07:38:43,19,3.42,5.18,abonnement
TR2608250039201,CL107286,EN00001,velo_elec,Lyon,ST1005,ST1004,2026-08-25 07:30:55,1787636095,4,0.68,2.0,abonnement
TR2608250039202,CL101501,EN00045,trottinette,Lyon,ST1005,ST1001,2026-08-25 07:24:34,,28,6.44,7.16,cb
TR2608250039203,CL101824,EN00049,trottinette,Lyon,ST1007,ST1001,2026-08-25 07:20:10,2026-08-25 07:33:10,13,4.2,3.86,abonnement
TR2608250039204,CL100344,EN00035,velo_elec,Lyon,ST1009,ST1019,2026-08-25 07:30:19,2026-08-25 07:37:19,7,2.38,2.75,abonnement
TR2608250039205,CL105583,EN00005,velo_elec,lyon,ST1012,ST1001,2026-08-25 07:17:44,2026-08-25 07:30:44,13,4.04,4.25,abonnement
TR2608250039206,CL105095,EN00113,velo_elec,Lyon,ST1013,ST1015,1787635095,25/08/2026 07:42,24,7.29,7.0,paypal
TR2608250039207,CL107452,EN00002,velo_elec,Lyon,ST1016,ST1002,25/08/2026 07:21,2026-08-25 07:27:41,6,1.85,2.5,cb
TR2608250039208,CL104983,EN00028,trottinette,lyon,ST1016,ST1002,2026-08-25 07:29:27,2026-08-25 07:53:27,24,7.92,6.28,paypal
TR2608250039209,CL108855,EN00029,velo_elec,Lyon,ST1017,ST1007,2026-08-25 07:29:44,2026-08-25 07:36:44,7,2.3,2.75,abonnement
TR2608250039210,CL100414,EN00212,trottinette,Lyon,ST1017,ST1004,2026-08-25 07:24:03,2026-08-25 07:31:03,7,1.44,2.54,cb
TR2608250039211,CL103371,EN00057,velo_elec,Lyon,ST1019,ST1006,2026-08-25 07:19:15,,23,6.02,6.75,abonnement
TR2608250039212,CL101722,EN00154,trottinette,Lyon,ST1019,ST1018,1787635586,25/08/2026 07:32,6,0.96,2.32,cb
TR2608250039213,CL103265,EN00256,velo_elec,Nante,ST1020,ST1020,2026-08-25 07:26:15,2026-08-25 07:36:15,10,2.1,3.5,cb
TR2608250039214,CL104966,EN00270,velo_elec,Nantes,ST1022,ST1021,2026-08-25 07:29:04,2026-08-25 07:45:04,16,4.0,5.0,cb
TR2608250039215,CL100232,EN00249,velo_elec,Nantes,ST1025,ST1026,2026-08-25 07:22:32,2026-08-25 07:45:32,23,5.05,6.75,cb
TR2608250039216,CL108719,EN00226,velo_elec,Nantes,ST1025,ST1022,2026-08-25 07:17:44,25/08/2026 07:29,12,3.19,,paypal
TR2608250039217,CL107034,EN00312,trottinette,NANTES,ST1027,ST9201,2026-08-25 07:16:33,2026-08-25 07:33:33,17,5.68,4.74,cb
TR2608250039218,CL103669,EN00227,trottinette,Nantes,ST1029,ST1021,2026-08-25 07:16:00,2026-08-25 07:36:00,20,4.46,5.4,abonnement
TR2608250039219,CL105145,EN00364,velo,Lille,ST1037,ST1036,2026-08-25 07:26:43,2026-08-25 07:37:43,11,2.35,2.65,cb
TR2608250039220,CL102564,EN00443,velo_elec,Lille,ST1038,ST1035,25/08/2026 07:28,2026-08-25 07:38:23,10,2.46,3.5,paypal
TR2608250039221,CL101543,EN00456,trottinette,Lille,ST1039,ST1035,2026-08-25 07:29:11,2026-08-25 08:28:11,59,14.72,13.98,cb
TR2608250039222,CL100530,EN00439,velo_elec,Lille,ST1041,ST1036,25/08/2026 07:22,2026-08-25 07:30:16,8,1.94,3.0,abonnement
TR2608250039223,CL102763,EN00391,velo_elec,Lille,ST1041,ST1036,2026-08-25 07:24:15,2026-08-25 07:36:15,12,4.14,4.0,cb
TR2608250039224,CL107778,EN00474,velo_elec,Lille,ST1042,ST1036,2026-08-25 07:24:37,2026-08-25 07:44:37,20,4.85,6.0,cb
TR2608250039225,CL106134,EN00475,trottinette,Lille,ST1043,ST1034,2026-08-25 07:28:10,2026-08-25 07:41:10,13,3.43,3.86,abonnement
TR2608250039226,CL101974,EN00413,trottinette,LILLE,ST1044,ST1036,2026-08-25 07:26:39,2026-08-25 07:33:39,7,1.77,2.54,paypal
TR2608250039227,CL101479,EN00481,velo_elec,Lille,ST1047,ST1039,25/08/2026 07:29,2026-08-25 07:49:35,20,6.36,6.0,paypal
TR2608250039228,CL106395,EN00519,velo_elec,Grenoble,ST1050,ST1049,2026-08-25 07:16:56,2026-08-25 07:25:56,9,2.08,3.25,cb
TR2608250039229,CL107711,EN00517,trottinette,Grenoble,ST1051,ST1051,2026-08-25 07:27:16,25/08/2026 07:51,24,5.77,6.28,cb
TR2608250039230,CL105796,EN00587,trottinette,Grenoble ,ST1051,ST1048,2026-08-25 07:28:04,25/08/2026 07:36,8704,1.81,2.76,abonnement
TR2608250039231,CL101874,EN00081,velo_elec,Lyon,ST1003,ST1007,2026-08-25 07:39:24,2026-08-25 07:44:24,5,1.59,2.25,cb
TR2608250039232,CL100910,EN00010,trottinette,lyon,ST1005,ST1004,2026-08-25 07:34:42,1787636802,12,1.92,3.64,abonnement
TR2608250039233,CL103127,EN00080,trottinette,Lyon ,ST1006,ST1004,2026-08-25 07:44:29,2026-08-25 07:56:29,12,3.48,3.64,cb
TR2608250039234,CL101274,EN00091,velo_elec,Lyon,ST1008,ST1004,25/08/2026 07:36,2026-08-25 07:51:22,15,4.68,4.75,cb
TR2608250039235,CL107911,EN00139,velo_elec,Lyon,ST1010,ST1002,25/08/2026 07:33,2026-08-25 07:55:10,22,6.89,6.5,paypal
TR2608250039236,CL100225,EN00151,trottinette,Lyon,ST1011,ST1005,2026-08-25 07:44:10,2026-08-25 07:49:10,5,1.58,2.1,paypal
TR2608250039237,CL102286,EN00199,velo_elec,Lyon,ST1013,ST1014,2026-08-25 07:37:49,2026-08-25 07:52:49,15,4.42,4.75,cb
TR2608250039238,CL107844,EN00101,velo_elec,Lyon,ST1018,ST1001,,2026-08-25 08:00:15,17,3.17,5.25,cb
TR2608250039239,CL105743,EN00108,velo_elec,Lyon,ST1018,ST1004,2026-08-25 07:35:03,2026-08-25 07:44:03,9,2.8,3.25,cb
TR2608250039240,CL107591,EN00291,velo_elec,Nantes,ST1020,ST1031,2026-08-25 07:39:11,2026-08-25 07:47:11,8,1.83,3.0,cb
TR2608250039241,CL106000,EN00349,velo_elec,Nantes,ST1026,ST1027,25/08/2026 07:32,2026-08-25 07:37:57,5,1.62,2.25,cb
TR2608250039242,CL108310,EN00319,velo_elec,Nantes,ST1029,ST1021,2026-08-25 07:44:55,2026-08-25 08:01:55,17,5.08,5.25,cb
TR2608250039243,CL103818,EN00257,trottinette,Nantes,ST1032,ST1020,2026-08-25 07:35:22,2026-08-25 08:02:22,27,8.86,6.94,cb
TR2608250039244,CL103411,EN00493,velo_elec,Lille,ST1038,ST1035,2026-08-25 07:32:26,2026-08-25 07:38:26,6,1.81,2.5,paypal
TR2608250039245,CL104990,EN00381,trottinette,Lille,ST1038,ST1034,,2026-08-25 07:57:35,13,3.01,3.86,cb
TR2608250039246,CL104328,EN00393,trottinette,Lille,ST1039,ST1035,2026-08-25 07:43:54,25/08/2026 07:47,4,1.22,1.88,cb
TR2608250039247,CL107179,EN00405,trottinette, Lille,ST1040,ST1035,2026-08-25 07:42:25,2026-08-25 07:50:25,8,2.69,2.76,abonnement
TR2608250039248,CL104699,EN00417,trottinette,Lille,ST1044,ST1036,25/08/2026 07:42,2026-08-25 07:47:48,5,0.95,2.1,cb
TR2608250039249,CL104464,EN00470,trottinette,Lille,ST1044,ST1035,2026-08-25 07:40:26,1787637866,24,7.18,6.28,abonnement
TR2608250039250,CL103717,EN00415,trottinette,Lille,ST1045,ST1035,25/08/2026 07:41,2026-08-25 07:43:13,2,0.4,1.44,cb
TR2608250039251,CL102775,EN00545,trottinette,Grenoble,ST1052,ST1048,2026-08-25 07:33:53,2026-08-25 07:42:53,9,1.44,2.98,
TR2608250039252,CL105026,EN00560,velo_elec,Grenoble,ST1052,ST1049,2026-08-25 07:32:21,2026-08-25 07:42:21,10,1.55,3.5,cb
TR2608250039253,CL102669,EN00535,velo_elec,Grenoble,ST1053,ST1048,1787636310,2026-08-25 07:43:30,5,0.99,2.25,paypal
TR2608250039254,CL108786,EN00561,velo_elec,Grenoble,ST1053,ST1048,2026-08-25 07:34:01,1787636761,12,2.19,4.0,cb
TR2608250039255,CL104870,EN00009,velo_elec,Lyon,ST1005,ST1001,2026-08-25 07:49:15,25/08/2026 08:13,24,5.65,7.0,cb
TR2608250039256,CL107666,EN00068,velo_elec,Lyon,ST1006,ST1008,2026-08-25 07:54:09,1787638209,16,5.53,5.0,cb
TR2608250039257,CL102927,EN00061,trottinette,Lyon,ST1007,ST1001,2026-08-25 08:00:25,2026-08-25 08:06:25,6,1.46,2.32,paypal
TR2608250039258,CL106531,EN00102,velo_elec,Lyon,ST1009,ST1003,2026-08-25 07:50:56,2026-08-25 07:58:56,8,1.82,3.0,cb
TR2608250039259,CL104964,EN00185,trottinette,Lyon,ST1011,ST1017,2026-08-25 07:56:18,2026-08-25 08:09:18,13,4.19,3.86,cb
TR2608250039260,CL104630,EN00062,trottinette,Lyon,ST1012,ST1013,2026-08-25 07:55:01,2026-08-25 07:57:01,2,0.48,1.44,abonnement
TR2608250039261,CL101872,EN00071,velo_elec,Lyon,ST1012,ST1002,2026-08-25 07:46:51,25/08/2026 08:11,25,8.07,7.25,cb
TR2608250039262,CL100550,EN00208,velo_elec,Lyon,ST1012,ST1019,2026-08-25 07:50:51,25/08/2026 08:04,14,4.09,4.5,abonnement
TR2608250039263,CL101034,EN00039,velo_elec,Lyon,ST1017,ST1004,25/08/2026 07:47,2026-08-25 07:57:42,10,2.41,3.5,abonnement
TR2608250039264,CL104695,EN00167,trottinette,Lyon,ST1018,ST1014,2026-08-25 07:52:19,25/08/2026 07:56,4,1.34,1.88,abonnement
TR2608250039265,CL104157,EN00354,velo_elec,NANTES,ST1023,ST1031,2026-08-25 07:59:14,2026-08-25 08:10:14,11,2.29,3.75,cb
TR2608250039266,CL102561,EN00320,velo,Nantes,ST1023,ST1020,2026-08-25 07:55:36,2026-08-25 08:15:36,20,4.67,4.0,cb
TR2608250039267,CL101680,EN00228,trottinette,Nantes,ST1024,ST1022,25/08/2026 07:54,2026-08-25 08:04:54,10,3.09,3.2,cb
TR2608250039268,CL104863,EN00316,velo_elec,Nantes,ST1024,ST1024,2026-08-25 07:53:03,2026-08-25 08:03:03,10,2.73,3.5,cb
TR2608250039269,CL107862,EN00307,trottinette,NANTES,ST1028,ST1021,2026-08-25 07:55:38,1787638718,23,5.42,6.06,cb
TR2608250039270,CL108940,EN00289,trottinette,Nantes,ST1028,ST1020,2026-08-25 07:49:12,1787637852,15,4.87,4.3,paypal
TR2608250039271,CL101864,EN00264,trottinette,Nantes,ST1029,ST1025,,2026-08-25 07:59:41,10,3.46,3.2,paypal
TR2608250039272,CL101004,EN00314,trottinette,Nantes,ST1030,ST1022,25/08/2026 07:50,2026-08-25 08:10:46,20,6.07,5.4,cb
TR2608250039273,CL102776,EN00265,trottinette,Nantes,ST1031,ST1031,2026-08-25 07:48:33,2026-08-25 07:56:33,8,1.62,2.76,abonnement
TR2608250039274,CL103352,EN00286,velo_elec,Nantes,ST1032,ST1022,25/08/2026 07:51,2026-08-25 08:09:40,18,2.96,5.5,abonnement
TR2608250039275,CL108424,EN00237,velo_elec,Nantes,ST1033,ST1020,2026-08-25 07:58:26,2026-08-25 08:12:26,14,3.27,4.5,cb
TR2608250039276,CL106568,EN00496,velo_elec, Lille,ST1034,ST1035,25/08/2026 07:55,2026-08-25 08:13:06,18,4.64,5.5,cb
TR2608250039277,CL104847,EN00402,trottinette,Lille,ST1040,ST1035,2026-08-25 07:46:57,2026-08-25 07:49:57,3,0.8,1.66,abonnement
TR2608250039278,CL104873,EN00440,trottinette,Lille,ST1043,ST1039,2026-08-25 07:59:12,2026-08-25 08:14:12,15,4.04,4.3,paypal
TR2608250039279,CL103176,EN00419,velo,Lille,ST1044,ST1035,25/08/2026 07:56,2026-08-25 08:09:44,13,2.36,2.95,abonnement
TR2608250039280,CL101176,EN00457,velo,Lille,ST1044,ST1034,2026-08-25 07:59:07,2026-08-25 08:33:07,34,10.84,6.1,cb
TR2608250039281,CL104434,EN00569,trottinette,grenoble,ST1048,ST1054,25/08/2026 07:58,2026-08-25 08:13:07,15,3.44,4.3,cb
TR2608250039282,CL103505,EN00549,velo_elec,Grenoble,ST1050,ST1058,2026-08-25 07:49:48,25/08/2026 08:07,18,5.95,5.5,cb
TR2608250039283,CL105534,EN00586,velo,Grenoble,ST1050,ST1048,2026-08-25 07:53:28,2026-08-25 08:06:28,13,4.16,2.95,paypal
TR2608250039284,CL105045,EN00513,velo_elec,Grenoble,ST1053,ST1049,2026-08-25 07:58:09,2026-08-25 08:12:09,14,4.6,4.5,cb
TR2608250039285,CL104664,EN00544,velo_elec,Grenoble,ST1055,ST1048,1787637476,2026-08-25 08:02:56,5,0.87,2.25,cb
TR2608250039286,CL100728,EN00522,velo_elec,Grenoble ,ST1056,ST1055,2026-08-25 07:54:11,2026-08-25 07:59:11,5,1.65,2.25,cb
TR2608250039287,CL105009,EN00574,velo,Grenoble,ST1057,ST1050,2026-08-25 07:56:22,2026-08-25 08:11:22,15,5.1,3.25,cb
TR2608250039288,CL104886,EN00151,trottinette,Lyon,ST1005,ST1003,2026-08-25 08:12:45,2026-08-25 08:15:45,3,0.59,1.66,abonnement
TR2608250039289,CL105428,EN00081,velo_elec,Lyon,ST1007,ST1016,2026-08-25 08:02:02,2026-08-25 08:13:02,11,3.81,3.75,cb
TR2608250039290,CL105570,EN00100,velo_elec,Lyon,ST1009,ST1018,2026-08-25 08:07:08,2026-08-25 08:30:08,23,7.82,6.75,paypal
TR2608250039291,CL101837,EN00094,velo_elec,Lyon,ST1010,ST1001,2026-08-25 08:12:53,2026-08-25 08:40:53,28,9.72,8.0,cb
TR2608250039292,CL105977,EN00215,velo_elec,lyon,ST1011,ST1003,2026-08-25 08:01:45,2026-08-25 08:14:45,13,2.2,4.25,abonnement
TR2608250039293,CL102383,EN00062,trottinette,Lyon,ST1013,ST1002,2026-08-25 08:07:07,2026-08-25 08:12:07,5,1.67,2.1,cb
TR2608250039294,CL100127,EN00084,velo_elec,Lyon,ST1013,ST1002,1787638134,2026-08-25 08:17:54,9,1.42,3.25,abonnement
TR2608250039295,CL106199,EN00083,velo_elec,Lyon ,ST1014,ST1001,2026-08-25 08:09:57,2026-08-25 08:17:57,8,2.6,3.0,paypal
TR2608250039296,CL107132,EN00118,trottinette,LYON,ST1014,ST1003,2026-08-25 08:04:48,2026-08-25 08:13:48,9,2.85,2.98,paypal
TR2608250039297,CL101514,EN00066,trottinette,Lyon,ST1015,ST1002,2026-08-25 08:07:00,2026-08-25 08:15:00,8,2.44,2.76,cb
TR2608250039298,CL101122,EN00020,velo_elec,Lyon,ST1015,ST1001,2026-08-25 08:15:35,2026-08-25 08:19:35,4,0.71,2.0,paypal
TR2608250039299,CL100480,EN00113,velo_elec,Lyon,ST1015,ST1003,2026-08-25 08:14:15,2026-08-25 08:32:15,18,6.21,5.5,cb
TR2608250039300,CL100027,EN00032,velo,Lyon,ST1017,ST1008,2026-08-25 08:14:10,25/08/2026 08:18,4,1.35,1.6,cb
TR2608250039301,CL925745,EN00085,velo_elec,Lyon,ST1018,ST1001,1787638097,25/08/2026 08:27,19,4.47,5.75,cb
TR2608250039302,CL106939,EN00154,trottinette,Lyon,ST1018,ST1004,2026-08-25 08:14:23,,9,2.58,2.98,cb
TR2608250039303,CL104925,EN00213,trottinette,Lyon,ST1019,ST1019,25/08/2026 08:04,2026-08-25 08:17:41,13,1.97,,paypal
TR2608250039304,CL102677,EN00281,velo_elec,nantes,ST1024,ST1020,,2026-08-25 08:10:07,5,1.23,2.25,abonnement
TR2608250039305,CL104001,EN00351,trottinette,Nantes,ST1024,ST1028,2026-08-25 08:01:20,2026-08-25 08:13:20,12,2.89,3.64,cb
TR2608250039306,CL106014,EN00329,trottinette,Nantes,ST1025,ST1022,2026-08-25 08:10:01,2026-08-25 08:14:01,4,0.83,1.88,cb
TR2608250039307,CL106116,EN00304,velo_elec,Nantes,ST1026,ST1020,2026-08-25 08:07:15,2026-08-25 08:24:15,17,5.48,5.25,paypal
TR2608250039308,CL105821,EN00330,trottinette,Nantes,ST1028,ST1025,2026-08-25 08:12:27,2026-08-25 08:14:27,2,0.55,1.44,cb
TR2608250039309,CL104942,EN00232,trottinette,Nantes,ST1029,ST1033,25/08/2026 08:12,25/08/2026 08:21,9,2.63,2.98,cb
TR2608250039310,CL105617,EN00306,velo,Nantes,ST1030,ST1020,2026-08-25 08:09:09,25/08/2026 08:38,29,6.47,5.35,cb
TR2608250039311,CL105566,EN00279,velo,Nantes,ST1030,ST1025,2026-08-25 08:08:18,2026-08-25 08:21:18,13,2.55,2.95,cb
TR2608250039312,CL105260,EN00332,trottinette,Nantes,ST1031,ST1033,2026-08-25 08:01:12,2026-08-25 08:06:12,5,0.85,2.1,cb
TR2608250039313,CL108807,EN00265,trottinette,Nante,ST1031,ST1025,1787638582,2026-08-25 08:30:22,14,2.17,4.08,cb
TR2608250039314,CL101943,EN00462,velo_elec,Lille,ST1038,ST1047,2026-08-25 08:02:58,2026-08-25 08:12:58,10,2.89,3.5,cb
TR2608250039315,CL103967,EN00403,trottinette,Lille,ST1038,ST1036,2026-08-25 08:12:14,2026-08-25 08:26:14,14,4.23,4.08,cb
TR2608250039316,CL102700,EN00389,trottinette,Lille,ST1038,ST1046,1787637752,25/08/2026 08:12,10,3.37,3.2,cb
TR2608250039317,CL106971,EN00383,trottinette,Lille,ST1038,ST1036,2026-08-25 08:03:38,2026-08-25 08:13:38,10,3.36,3.2,abonnement
TR2608250039318,CL100239,EN00481,velo_elec, Lille,ST1039,ST1038,2026-08-25 08:02:55,2026-08-25 08:15:55,13,2.28,4.25,cb
TR2608250039319,CL106547,EN00368,trottinette,Lille,ST1043,ST1035,2026-08-25 08:03:21,2026-08-25 09:33:21,90,27.69,20.8,cb
TR2608250039320,CL105992,EN00478,trottinette,Lille,ST1047,ST1040,2026-08-25 08:07:48,2026-08-25 08:16:48,9,2.38,2.98,abonnement
TR2608250039321,CL101845,EN00564,velo,Grenoble,ST1050,ST1053,2026-08-25 08:09:05,25/08/2026 08:37,28,4.59,5.2,abonnement
TR2608250039322,CL106747,EN00505,velo,Grenoble,ST1050,ST1054,2026-08-25 08:05:46,2026-08-25 08:21:46,16,4.88,3.4,abonnement
TR2608250039323,CL108161,EN00540,velo,Grenoble,ST1050,ST1058,25/08/2026 08:13,2026-08-25 08:18:22,5,0.81,1.75,abonnement
TR2608250039324,CL100389,EN00153,velo_elec,Lyon,ST1002,ST1016,2026-08-25 08:20:37,2026-08-25 08:34:37,14,4.15,4.5,paypal
TR2608250039325,CL108898,EN00057,velo_elec,Lyonn,ST1006,ST1010,2026-08-25 08:26:06,25/08/2026 08:35,9,1.62,3.25,cb
TR2608250039326,CL102303,EN00165,trottinette,Lyon,ST1006,ST1001,25/08/2026 08:25,2026-08-25 08:58:15,33,6.9,8.26,cb
TR2608250039327,CL102655,EN00192,velo_elec,Lyon,ST1007,ST1014,2026-08-25 08:18:14,2026-08-25 08:34:14,16,5.02,5.0,cb
TR2608250039328,CL108479,EN00029,velo_elec,Lyon,ST1007,ST1003,25/08/2026 08:23,2026-08-25 08:29:09,6,1.48,2.5,abonnement
TR2608250039329,CL106825,EN00022,velo,Lyon,ST1007,ST1004,2026-08-25 08:25:16,2026-08-25 08:33:16,8,1.7,2.2,abonnement
TR2608250039330,CL103492,EN00117,trottinette,Lyon,ST1010,ST1009,2026-08-25 08:30:19,2026-08-25 08:47:19,17,3.03,4.74,
TR2608250039331,CL105126,EN00161,velo_elec,Lyon,ST1011,ST1001,2026-08-25 08:16:34,25/08/2026 08:31,15,2.83,4.75,paypal
TR2608250039332,CL107903,EN00074,trottinette,Lyon,ST1011,ST1004,2026-08-25 08:23:50,2026-08-25 08:42:50,19,6.23,5.18,cb
TR2608250039333,CL102823,EN00111,trottinette,Lyon,ST1011,ST1002,2026-08-25 08:16:11,2026-08-25 08:19:11,3,0.6,1.66,cb
TR2608250039334,CL104387,EN00008,trottinette,Lyon,ST1011,ST1001,25/08/2026 08:26,25/08/2026 08:40,14,2.57,4.08,cb
TR2608250039335,CL100263,EN00105,velo_elec,Lyon,ST1013,ST1007,2026-08-25 08:27:34,2026-08-25 09:14:34,47,11.7,12.75,cb
TR2608250039336,CL104575,EN00004,velo_elec,Lyon,ST1013,ST1006,2026-08-25 08:22:28,2026-08-25 08:32:28,10,1.58,3.5,paypal
TR2608250039337,CL108587,EN00199,velo_elec,Lyon,ST1014,ST1015,2026-08-25 08:18:09,2026-08-25 08:24:09,6,1.98,2.5,abonnement
TR2608250039338,CL108148,EN00003,velo_elec,Lyon,ST1015,ST1001,2026-08-25 08:29:53,2026-08-25 08:37:53,8,1.76,3.0,cb
TR2608250039339,CL106625,EN00026,trottinette,Lyon,ST1015,ST1014,2026-08-25 08:23:25,25/08/2026 08:29,6,0.94,2.32,cb
TR2608250039340,CL103323,EN00144,trottinette,Lyon,ST1016,ST1009,2026-08-25 08:29:54,2026-08-25 08:56:54,27,5.67,6.94,paypal
TR2608250039341,CL106018,EN00185,trottinette,Lyon,ST1017,ST1008,2026-08-25 08:30:06,2026-08-25 08:35:06,5,1.44,2.1,paypal
TR2608250039342,CL107857,EN00035,velo_elec,Lyon,ST1019,ST1002,2026-08-25 08:29:50,2026-08-25 08:43:50,14,2.26,4.5,cb
TR2608250039343,CL105478,EN00357,trottinette,Nantes,ST1020,ST1022,2026-08-25 08:18:34,25/08/2026 08:37,19,4.87,5.18,paypal
TR2608250039344,CL102183,EN00315,velo_elec,Nantes,ST1025,ST1020,2026-08-25 08:22:07,2026-08-25 08:43:07,21,6.79,6.25,abonnement
TR2608250039345,CL106312,EN00341,velo_elec,Nantes,ST1025,ST1030,2026-08-25 08:19:47,2026-08-25 08:25:47,6,1.42,2.5,cb
TR2608250039346,CL104309,EN00336,velo_elec,Nantes,ST1026,ST1026,2026-08-25 08:22:57,2026-08-25 08:44:57,22,5.83,6.5,paypal
TR2608250039347,CL108719,EN00349,velo_elec,Nantes,ST1027,ST1021,2026-08-25 08:17:18,2026-08-25 08:29:18,12,2.98,4.0,paypal
TR2608250039348,CL104638,EN00351,trottinette,Nantes,ST1028,ST1025,2026-08-25 08:15:49,1787639449,15,4.99,4.3,cb
TR2608250039349,CL101827,EN00317,trottinette,Nantes,ST1028,ST1022,2026-08-25 08:29:23,2026-08-25 08:40:23,11,3.51,3.42,cb
TR2608250039350,CL105955,EN00326,velo,Nantes,ST1028,ST1023,2026-08-25 08:30:32,2026-08-25 08:48:32,18,3.66,3.7,cb
TR2608250039351,CL105213,EN00277,velo_elec,Nantes,ST1032,ST1022,1787638674,2026-08-25 08:28:54,11,2.5,3.75,cb
TR2608250039352,CL100979,EN00271,velo_elec,Nantes,ST1032,ST1021,,2026-08-25 08:31:58,8,2.26,3.0,cb
TR2608250039353,CL103688,EN00338,velo_elec,Nantes,ST1032,ST1020,,2026-08-25 08:42:53,16,3.09,5.0,cb
TR2608250039354,CL104154,EN00428,velo_elec,Lille,ST1034,ST1037,2026-08-25 08:21:21,2026-08-25 08:31:21,10,1.54,3.5,abonnement
TR2608250039355,CL101100,EN00416,trottinette,Lille,ST1035,ST1042,2026-08-25 08:27:32,2026-08-25 08:33:32,6,1.88,2.32,abonnement
TR2608250039356,CL108736,EN00481,velo_elec,Lille,ST1038,ST1034,2026-08-25 08:17:55,25/08/2026 08:58,41,7.51,11.25,cb
TR2608250039357,CL100088,EN00386,trottinette,Lille,ST1038,ST1036,2026-08-25 08:21:50,25/08/2026 08:43,22,3.96,5.84,abonnement
TR2608250039358,CL106223,EN00482,velo_elec,Lille,ST1042,ST1036,2026-08-25 08:19:10,2026-08-25 08:32:10,13,3.63,4.25,cb
TR2608250039359,CL101259,EN00489,trottinette,Lille,ST1043,ST1047,2026-08-25 08:19:01,2026-08-25 08:36:01,17,4.4,4.74,cb
TR2608250039360,CL104652,EN00447,velo,Lille,ST1043,ST1046,1787638818,2026-08-25 08:25:18,5,0.95,1.75,cb
TR2608250039361,CL107064,EN00392,velo_elec,Lille,ST1045,ST1035,2026-08-25 08:24:18,25/08/2026 08:33,9,2.29,3.25,cb
TR2608250039362,CL106908,EN00389,trottinette,Lille,ST1046,ST1034,2026-08-25 08:31:27,25/08/2026 08:55,24,5.97,6.28,cb
TR2608250039363,CL108797,EN00461,velo_elec,Lille,ST1047,ST1036,2026-08-25 08:29:28,25/08/2026 08:48,19,6.39,5.75,cb
TR2608250039364,CL100795,EN00544,velo_elec,Grenoble,ST1048,ST1054,25/08/2026 08:25,2026-08-25 08:29:27,4,0.69,2.0,cb
TR2608250039365,CL100577,EN00574,velo,Grenoble,ST1050,ST1048,2026-08-25 08:22:57,2026-08-25 08:37:57,15,3.41,3.25,cb
TR2608250039366,CL104744,EN00548,trottinette,Grenoble,ST1053,ST1053,25/08/2026 08:28,2026-08-25 08:37:40,9,1.67,2.98,abonnement
TR2608250039367,CL104798,EN00501,trottinette,Grenoble,ST1058,ST1054,1787638716,2026-08-25 08:24:36,6,1.04,2.32,cb
TR2608250039368,CL101559,EN00112,velo_elec,Lyon,ST1003,ST1016,25/08/2026 08:38,2026-08-25 08:45:41,7,1.74,2.75,paypal
TR2608250039369,CL101608,EN00143,velo,Lyon,ST1005,ST1008,2026-08-25 08:37:30,2026-08-25 09:13:30,36,10.61,6.4,abonnement
TR2608250039370,CL104839,EN00082,velo,Lyon,ST1005,ST1013,2026-08-25 08:40:16,2026-08-25 08:47:16,7,2.2,2.05,abonnement
TR2608250039371,CL100504,EN00130,velo_elec,Lyon,ST1009,ST1013,2026-08-25 08:38:49,2026-08-25 08:56:49,18,3.79,5.5,cb
TR2608250039372,CL101270,EN00172,trottinette,Lyon,ST1010,ST1003,2026-08-25 08:42:28,2026-08-25 08:51:28,9,2.38,2.98,cb
TR2608250039373,CL105150,EN00115,velo_elec,Lyon,ST1011,ST1013,2026-08-25 08:33:12,2026-08-25 08:41:12,8,2.17,3.0,abonnement
TR2608250039374,CL108820,EN00209,velo_elec,Lyon,ST1013,ST1010,2026-08-25 08:40:48,25/08/2026 09:00,20,6.83,6.0,paypal
TR2608250039375,CL108784,EN00069,trottinette,Lyon,ST1013,ST1003,2026-08-25 08:36:59,2026-08-25 08:55:59,19,3.47,,cb
TR2608250039376,CL107902,EN00026,trottinette,Lyon,ST1014,ST1004,2026-08-25 08:30:33,25/08/2026 09:01,31,7.65,7.82,cb
TR2608250039377,CL105998,EN00218,velo_elec,Lyon,ST1014,ST1002,2026-08-25 08:32:51,2026-08-25 08:52:51,20,6.45,6.0,abonnement
TR2608250039378,CL108136,EN00167,trottinette,Lyon,ST1014,ST1018,2026-08-25 08:40:20,25/08/2026 08:54,14,2.65,4.08,abonnement
TR2608250039379,CL102149,EN00316,velo_elec,Nantes,ST1024,ST1020,2026-08-25 08:43:11,2026-08-25 08:53:11,10,2.35,3.5,cb
TR2608250039380,CL106526,EN00265,trottinette,Nantes,ST1025,ST1022,2026-08-25 08:42:05,25/08/2026 08:50,7730,1.94,2.76,abonnement
TR2608250039381,CL103322,EN00321,velo_elec,Nantes,ST1026,ST1021,25/08/2026 08:37,2026-08-25 08:49:14,12,3.59,4.0,cb
TR2608250039382,CL101299,EN00297,trottinette,Nante,ST1026,ST1022,2026-08-25 08:44:41,2026-08-25 09:04:41,20,5.63,5.4,cb
TR2608250039383,CL100117,EN00341,velo_elec,Nantes,ST1030,ST1020,2026-08-25 08:34:16,2026-08-25 08:44:16,10,2.08,3.5,abonnement
TR2608250039384,CL108050,EN00244,trottinette,Nantes,ST1031,ST1020,2026-08-25 08:35:23,25/08/2026 08:41,8851,1.48,2.32,cb
TR2608250039385,CL104752,EN00245,velo_elec,Nantes,ST1031,ST1020,2026-08-25 08:31:28,2026-08-25 08:53:28,22,6.67,6.5,cb
TR2608250039386,CL103297,EN00294,velo_elec,Nantes,ST1032,ST1024,2026-08-25 08:33:38,2026-08-25 08:50:38,17,5.81,5.25,paypal
TR2608250039387,CL105102,EN00428,velo_elec,Lille,ST1037,ST1044,2026-08-25 08:36:28,2026-08-25 08:43:28,7,1.44,2.75,cb
TR2608250039388,CL106699,EN00382,trottinette,Lille,ST1038,ST1035,2026-08-25 08:37:30,2026-08-25 09:04:30,27,5.58,6.94,cb
TR2608250039389,CL105564,EN00458,velo,Lille,ST1044,ST1034,25/08/2026 08:37,25/08/2026 08:58,-24,7.04,4.15,abonnement
TR2608250039390,CL107803,EN00491,velo,Lille,ST1044,ST1042,2026-08-25 08:33:28,1787640928,22,7.6,4.3,cb
TR2608250039391,CL104407,EN00369,velo,Lille,ST1044,ST1035,2026-08-25 08:34:04,2026-08-25 08:40:04,6,1.51,1.9,cb
TR2608250039392,CL108108,EN00471,velo,Lille,ST1044,ST1034,2026-08-25 08:37:38,2026-08-25 08:57:38,20,5.21,4.0,cb
TR2608250039393,CL105072,EN00468,trottinette,Lille,ST1045,ST1036,2026-08-25 08:38:37,2026-08-25 08:48:37,10,3.47,3.2,cb
TR2608250039394,CL105457,EN00447,velo,Lille,ST1046,ST1035,2026-08-25 08:36:05,2026-08-25 08:46:05,10,2.66,2.5,paypal
TR2608250039395,CL103769,EN00535,velo_elec,Grenoble,ST1048,ST1048,2026-08-25 08:44:56,2026-08-25 08:52:56,8,2.67,3.0,cb
TR2608250039396,CL101516,EN00593,trottinette,Grenoble,ST1052,ST1051,2026-08-25 08:42:41,2026-08-25 08:56:41,14,2.43,4.08,cb
TR2608250039397,CL105406,EN00579,trottinette,Grenoble,ST1053,ST1049,2026-08-25 08:40:13,25/08/2026 08:53,13,3.34,3.86,cb
TR2608250039398,CL100123,EN00573,velo,Grenoble,ST1053,ST1051,2026-08-25 08:39:30,2026-08-25 08:48:30,9,2.46,2.35,paypal
TR2608250039399,CL106792,EN00546,trottinette,Grenoble,ST1055,ST1049,2026-08-25 08:37:49,25/08/2026 08:47,10,1.88,3.2,abonnement
TR2608250039400,CL100062,EN00547,trottinette,Grenoble,ST1055,ST1049,25/08/2026 08:42,2026-08-25 08:52:23,10,2.31,,abonnement
TR2608250039401,CL104900,EN00201,velo_elec,Lyon,ST1001,ST1007,2026-08-25 08:49:41,2026-08-25 09:06:41,17,4.68,5.25,paypal
TR2608250039402,CL104978,EN00139,velo_elec,Lyon,ST1002,ST1019,2026-08-25 08:51:04,25/08/2026 09:01,10,1.95,3.5,cb
TR2608250039403,CL102557,EN00215,velo_elec,Lyon,ST1003,ST1010,2026-08-25 08:53:01,2026-08-25 09:08:01,3688,4.38,4.75,cb
TR2608250039404,CL101232,EN00179,trottinette,Lyon,ST1004,ST1017,2026-08-25 08:58:27,1787641347,4,0.72,1.88,cb
TR2608250039405,CL100235,EN00155,velo,Lyon,ST1005,ST1001,2026-08-25 08:58:41,2026-08-25 09:09:41,11,3.25,2.65,cb
TR2608250039406,CL104617,EN00132,trottinette,Lyon,ST1006,ST1002,25/08/2026 08:46,2026-08-25 08:59:45,13,3.04,3.86,abonnement
TR2608250039407,CL108425,EN00004,velo_elec,Lyon,ST1006,ST1004,1787641051,2026-08-25 09:07:31,10,1.66,3.5,abonnement
TR2608250039408,CL107499,EN00140,trottinette,Lyon,ST1008,ST1002,2026-08-25 08:52:07,2026-08-25 08:54:07,2,0.44,1.44,paypal
TR2608250039409,CL108182,EN00076,velo_elec,Lyon,ST1008,ST1001,25/08/2026 08:58,2026-08-25 09:09:39,11,3.33,3.75,abonnement
TR2608250039410,CL108111,EN00117,trottinette,Lyonn,ST1009,ST1014,2026-08-25 08:59:08,2026-08-25 09:11:08,12,3.35,3.64,cb
TR2608250039411,CL105192,EN00024,velo_elec,Lyon,ST1011,ST1006,2026-08-25 08:58:33,1787643333,37,9.14,10.25,abonnement
TR2608250039412,CL108480,EN00124,velo_elec,Lyonn,ST1012,ST1003,2026-08-25 09:00:11,2026-08-25 09:05:11,5,0.92,2.25,cb
TR2608250039413,CL104296,EN00034,velo_elec,Lyon,ST1012,ST1005,2026-08-25 08:58:50,2026-08-25 09:14:50,16,3.11,5.0,cb
TR2608250039414,CL101620,EN00203,trottinette,Lyon,ST1013,ST1001,2026-08-25 08:55:55,2026-08-25 09:03:55,8,2.7,2.76,cb
TR2608250039415,CL103500,EN00199,velo_elec,Lyon,ST1015,ST1001,2026-08-25 08:58:52,1787642152,17,4.74,5.25,cb
TR2608250039416,CL103363,EN00089,trottinette,Lyon ,ST1015,ST1007,2026-08-25 08:54:09,2026-08-25 08:57:09,7031,0.85,1.66,cb
TR2608250039417,CL101545,EN00220,velo_elec,Lyonn,ST1016,ST1012,2026-08-25 08:51:25,2026-08-25 09:02:25,11,2.82,3.75,abonnement
TR2608250039418,CL102174,EN00213,trottinette,Lyon,ST1019,ST1002,2026-08-25 08:58:11,25/08/2026 09:10,12,2.77,3.64,paypal
TR2608250039419,CL106531,EN00219,velo_elec,Lyon,ST1019,ST1009,2026-08-25 08:58:57,2026-08-25 09:12:57,14,3.78,4.5,cb
TR2608250039420,CL103016,EN00233,velo_elec,Nantes,ST1022,ST1021,2026-08-25 08:54:13,2026-08-25 09:00:13,6,0.93,2.5,paypal
TR2608250039421,CL101887,EN00246,trottinette,Nantes,ST1024,ST1020,,2026-08-25 08:56:18,9,1.68,2.98,abonnement
TR2608250039422,CL106878,EN00295,velo_elec,Nantes,ST1024,ST1020,2026-08-25 08:59:33,2026-08-25 09:12:33,13,4.07,4.25,abonnement
TR2608250039423,CL106243,EN00336,velo_elec,Nantes,ST1026,ST1029,25/08/2026 08:57,25/08/2026 09:12,15,3.34,4.75,cb
TR2608250039424,CL101820,EN00249,velo_elec,Nantes,ST1026,ST1023,2026-08-25 08:47:28,2026-08-25 08:52:28,5,1.5,2.25,cb
TR2608250039425,CL100831,EN00288,trottinette,Nantes,ST1026,ST1020,2026-08-25 08:48:07,2026-08-25 09:09:07,21,3.85,5.62,cb
TR2608250039426,CL102536,EN00291,velo_elec,Nantes,ST1031,ST1021,2026-08-25 08:49:05,2026-08-25 09:09:05,20,4.18,6.0,abonnement
TR2608250039427,CL108807,EN00261,trottinette,Nantes,ST1031,ST1020,2026-08-25 08:49:24,2026-08-25 09:01:24,12,4.2,3.64,cb
TR2608250039428,CL107999,EN00424,velo_elec,Lille,ST1038,ST1034,2026-08-25 08:46:46,2026-08-25 09:01:46,15,2.67,4.75,cb
TR2608250039429,CL101389,EN00440,trottinette,Lille,ST1039,ST1034,2026-08-25 08:45:35,2026-08-25 08:54:35,9,2.5,2.98,cb
TR2608250039430,CL101295,EN00361,trottinette,Lille,ST1040,ST1035,2026-08-25 08:54:01,2026-08-25 09:13:01,19,3.74,5.18,cb
TR2608250039431,CL104993,EN00553,trottinette,Grenoble,ST1051,ST1057,2026-08-25 08:51:19,25/08/2026 09:02,11,3.23,3.42,cb
TR2608250039432,CL103574,EN00539,velo_elec,Grenoble,ST1055,ST1051,2026-08-25 08:49:59,2026-08-25 09:13:59,24,8.2,7.0,cb
TR2608250039433,CL107966,EN00571,trottinette,Grenoble,ST1058,ST1049,2026-08-25 09:00:06,2026-08-25 09:11:06,11,3.56,3.42,paypal
TR2608250039434,CL102426,EN00144,trottinette,Lyon,ST1009,ST1004,,2026-08-25 09:25:23,22,3.71,5.84,paypal
TR2608250039435,CL106414,EN00057,velo_elec,Lyon,ST1010,ST1013,2026-08-25 09:07:58,,21,4.49,6.25,cb
TR2608250039436,CL105555,EN00217,velo_elec,Lyon,ST1012,ST1002,2026-08-25 09:01:38,1787642678,23,4.4,6.75,cb
TR2608250039437,CL108226,EN00190,trottinette,Lyon,ST1012,ST1004,2026-08-25 09:10:42,2026-08-25 09:22:42,12,3.67,3.64,abonnement
TR2608250039438,CL106948,EN00130,velo_elec,Lyon,ST1013,ST1003,2026-08-25 09:04:31,2026-08-25 09:10:31,6,1.18,2.5,cb
TR2608250039439,CL102405,EN00021,trottinette,Lyon,ST1015,ST1001,2026-08-25 09:07:38,25/08/2026 09:16,-29,2.41,2.98,abonnement
TR2608250039440,CL108426,EN00112,velo_elec,Lyon,ST1016,ST1012,2026-08-25 09:01:35,2026-08-25 09:08:35,7,1.16,2.75,abonnement
TR2608250039441,CL105995,EN00153,velo_elec,Lyon,ST1016,ST1003,2026-08-25 09:12:46,2026-08-25 09:21:46,9,1.96,3.25,cb
TR2608250039442,CL107771,EN00139,velo_elec,Lyon,ST1019,ST1014,1787641510,2026-08-25 09:10:10,5,1.6,2.25,cb
TR2608250039443,CL108641,EN00233,velo_elec,Nantes,ST1021,ST1021,2026-08-25 09:01:51,2026-08-25 09:11:51,10,1.8,3.5,cb
TR2608250039444,CL106152,EN00319,velo_elec,Nantes,ST1021,ST1025,25/08/2026 09:06,2026-08-25 09:15:24,9,1.85,3.25,
TR2608250039445,CL950289,EN00249,velo_elec,Nantes,ST1023,ST1027,2026-08-25 09:08:09,25/08/2026 09:16,8,2.06,3.0,cb
TR2608250039446,CL104237,EN00263,trottinette,nantes,ST1024,ST1033,2026-08-25 09:04:27,25/08/2026 09:08,4,1.19,1.88,abonnement
TR2608250039447,CL108412,EN00280,trottinette,Nantes,ST1025,ST1021,2026-08-25 09:04:10,2026-08-25 09:17:10,13,4.23,3.86,cb
TR2608250039448,CL100734,EN00310,trottinette,Nantes,ST1026,ST1033,1787642120,2026-08-25 09:18:20,3,0.56,1.66,paypal
TR2608250039449,CL102222,EN00284,trottinette,Nantes,ST1031,ST1024,2026-08-25 09:05:25,2026-08-25 09:11:25,6,2.06,2.32,cb
TR2608250039450,CL105027,EN00285,trottinette,Nantes,ST1033,ST1022,2026-08-25 09:08:40,2026-08-25 09:27:40,19,4.16,5.18,cb
TR2608250039451,CL105122,EN00283,trottinette,Nantes,ST1033,ST1033,2026-08-25 09:08:38,2026-08-25 09:25:38,17,2.83,4.74,paypal
TR2608250039452,CL101393,EN00332,trottinette,Nantes,ST1033,ST1020,25/08/2026 09:01,25/08/2026 09:09,8,1.71,2.76,abonnement
TR2608250039453,CL108592,EN00432,velo,Lille,ST1038,ST1035,2026-08-25 09:08:55,25/08/2026 09:15,7,2.39,2.05,cb
TR2608250039454,CL103253,EN00362,velo_elec,Lille,ST1041,ST1035,2026-08-25 09:10:21,,4,1.27,2.0,paypal
TR2608250039455,CL108297,EN00428,velo_elec,Lille,ST1044,ST1039,2026-08-25 09:12:40,25/08/2026 09:21,9,2.99,3.25,abonnement
TR2608250039456,CL108363,EN00378,velo_elec, Lille,ST1047,ST1036,25/08/2026 09:02,2026-08-25 09:09:53,7,1.18,2.75,cb
TR2608250039457,CL103506,EN00548,trottinette,Grenoble,ST1053,ST1049,2026-08-25 09:15:13,2026-08-25 09:23:13,8,1.41,2.76,abonnement
TR2608250039458,CL107849,EN00544,velo_elec,GRENOBLE,ST1054,ST1048,,2026-08-25 09:18:49,17,3.71,5.25,abonnement
TR2608250039459,CL106564,EN00034,velo_elec,Lyon,ST1005,ST1004,2026-08-25 09:24:28,2026-08-25 09:30:28,6,1.91,2.5,paypal
TR2608250039460,CL101833,EN00201,velo_elec,Lyon,ST1007,ST1005,2026-08-25 09:18:21,2026-08-25 09:30:21,12,4.03,4.0,cb
TR2608250039461,CL103321,EN00089,trottinette,Lyon,ST1007,ST1014,2026-08-25 09:21:39,2026-08-25 09:58:39,37,8.97,9.14,cb
TR2608250039462,CL105685,EN00219,velo_elec,Lyon,ST1009,ST9201,2026-08-25 09:27:44,2026-08-25 09:32:44,5,1.43,2.25,cb
TR2608250039463,CL107074,EN00208,velo_elec,Lyon,ST1019,ST1002,2026-08-25 09:29:06,2026-08-25 09:38:06,9,1.79,3.25,cb
TR2608250039464,CL105470,EN00052,trottinette,Lyon,ST1019,ST1004,2026-08-25 09:22:44,2026-08-25 09:28:44,6,2.05,2.32,abonnement
TR2608250039465,CL106075,EN00326,velo,Nantes,ST1023,ST1022,2026-08-25 09:17:54,25/08/2026 09:23,6,1.25,1.9,cb
TR2608250039466,CL107958,EN00294,velo_elec,Nantes,ST1024,ST1021,2026-08-25 09:27:34,2026-08-25 09:40:34,13,2.55,4.25,cb
TR2608250039467,CL106272,EN00319,velo_elec,Nantes,ST1025,ST1022,2026-08-25 09:28:00,2026-08-25 09:38:00,10,3.3,3.5,cb
TR2608250039468,CL108424,EN00352,velo_elec,Nantes,ST1027,ST1020,25/08/2026 09:25,2026-08-25 09:31:33,6,2.01,2.5,
TR2608250039469,CL105340,EN00273,velo_elec,Nantes,ST1032,ST1022,2026-08-25 09:27:46,2026-08-25 10:01:46,34,6.14,9.5,paypal
TR2608250039470,CL104918,EN00399,trottinette,Lille,ST1041,ST1034,2026-08-25 09:20:04,1787643004,10,2.18,3.2,cb
TR2608250039471,CL107486,EN00363,velo_elec,Lille,ST1045,ST1035,2026-08-25 09:19:50,25/08/2026 09:25,6,1.23,2.5,paypal
TR2608250039472,CL102729,EN00492,velo_elec,Lille,ST1047,ST1034,2026-08-25 09:29:52,2026-08-25 09:50:52,21,6.31,6.25,abonnement
TR2608250039473,CL104601,EN00585,velo_elec,Grenoble,ST1051,ST1048,2026-08-25 09:29:14,2026-08-25 10:00:14,31,9.08,8.75,cb
TR2608250039474,CL106626,EN00517,trottinette,Grenoble,ST1051,ST1048,2026-08-25 09:18:23,2026-08-25 09:39:23,21,3.35,5.62,abonnement
TR2608250039475,CL103600,EN00541,velo_elec,Grenoble,ST1052,ST1048,,25/08/2026 09:39,9,2.36,3.25,abonnement
TR2608250039476,CL107354,EN00553,trottinette,Grenoble,ST1057,ST1051,2026-08-25 09:28:22,2026-08-25 09:33:22,5,1.56,2.1,paypal
TR2608250039477,CL102896,EN00050,velo_elec,Lyon,ST1003,ST1016,25/08/2026 09:36,2026-08-25 09:48:07,12,2.7,4.0,paypal
TR2608250039478,CL106346,EN00201,velo_elec,Lyon,ST1005,ST1001,2026-08-25 09:33:32,2026-08-25 09:50:32,17,2.71,5.25,cb
TR2608250039479,CL104739,EN00095,trottinette,Lyon,ST1009,ST1009,25/08/2026 09:33,2026-08-25 09:43:04,10,2.74,3.2,abonnement
TR2608250039480,CL101168,EN00087,trottinette,Lyon,ST1011,ST1004,2026-08-25 09:45:44,2026-08-25 09:51:44,6,1.36,2.32,cb
TR2608250039481,CL102664,EN00139,velo_elec,Lyon,ST1014,ST1004,2026-08-25 09:44:10,2026-08-25 10:02:10,18,6.15,5.5,cb
TR2608250039482,CL104264,EN00187,velo_elec,Lyon,ST1015,ST1015,2026-08-25 09:40:49,2026-08-25 10:20:49,40,13.32,11.0,paypal
TR2608250039483,CL103523,EN00081,velo_elec,Lyon,ST1016,ST1003,2026-08-25 09:44:31,2026-08-25 09:47:31,3,0.98,1.75,cb
TR2608250039484,CL101231,EN00097,velo_elec,Lyon,ST1016,ST1003,2026-08-25 09:37:25,2026-08-25 10:05:25,28,5.85,8.0,abonnement
TR2608250039485,CL104164,EN00179,trottinette,Lyon,ST1017,ST1001,2026-08-25 09:38:14,2026-08-25 10:09:14,31,4.86,7.82,paypal
TR2608250039486,CL105095,EN00054,trottinette,Lyon,ST1019,ST1003,25/08/2026 09:38,2026-08-25 09:44:01,6,1.69,2.32,cb
TR2608250039487,CL105875,EN00249,velo_elec,Nantes,ST1027,ST1033,2026-08-25 09:36:19,2026-08-25 09:51:19,15,4.23,4.75,cb
TR2608250039488,CL102716,EN00221,velo_elec,Nantes,ST1027,ST1029,2026-08-25 09:45:04,2026-08-25 09:49:04,4,0.74,2.0,cb
TR2608250039489,CL106953,EN00336,velo_elec,Nantes,ST1029,ST1022,2026-08-25 09:42:30,25/08/2026 10:48,66,21.1,17.5,cb
TR2608250039490,CL104991,EN00229,trottinette,Nantes,ST1031,ST1021,25/08/2026 09:39,25/08/2026 09:57,18,5.98,4.96,paypal
TR2608250039491,CL108166,EN00283,trottinette,Nantes,ST1033,ST1022,2026-08-25 09:36:38,1787644478,18,3.16,4.96,abonnement
TR2608250039492,CL101930,EN00407,velo,LILLE,ST1044,ST1034,25/08/2026 09:40,2026-08-25 09:49:12,9,2.86,2.35,abonnement
TR2608250039493,CL101758,EN00462,velo_elec,Lille,ST1047,ST1046,2026-08-25 09:41:57,2026-08-25 09:54:57,13,2.58,4.25,paypal
TR2608250039494,CL103812,EN00028,trottinette,Lyon,ST1002,ST1001,25/08/2026 09:47,2026-08-25 10:06:47,19,4.13,5.18,abonnement
TR2608250039495,CL103007,EN00140,trottinette,Lyon,ST1002,ST1015,2026-08-25 09:57:49,2026-08-25 10:06:49,9,1.6,2.98,cb
TR2608250039496,CL107178,EN00178,velo_elec,Lyon,ST1006,ST1019,2026-08-25 09:48:56,2026-08-25 10:10:56,22,6.47,6.5,cb
TR2608250039497,CL104793,EN00163,trottinette,Lyon,ST1008,ST1002,2026-08-25 09:59:04,2026-08-25 10:08:04,9,1.48,2.98,cb
TR2608250039498,CL106485,EN00018,trottinette,Lyon,ST1009,ST1018,1787644171,2026-08-25 09:58:31,9,2.93,2.98,abonnement
TR2608250039499,CL107730,EN00129,velo_elec,Lyon,ST1015,ST1010,1787644485,2026-08-25 09:58:45,4,1.37,2.0,cb
TR2608250039500,CL101874,EN00175,trottinette,Lyon,ST1016,ST1008,2026-08-25 09:55:22,2026-08-25 10:05:22,10,3.32,3.2,cb
TR2608250039501,CL101580,EN00100,velo_elec,Lyon,ST1018,ST1005,2026-08-25 09:54:15,1787644935,8,2.54,3.0,abonnement
TR2608250039502,CL101411,EN00277,velo_elec,Nantes,ST1022,ST1030,1787644431,25/08/2026 10:08,15,4.86,4.75,cb
TR2608250039503,CL100953,EN00276,velo_elec,Nantes,ST1024,ST1021,2026-08-25 09:59:45,2026-08-25 10:08:45,9,2.73,3.25,cb
TR2608250039504,CL104919,EN00284,trottinette,Nantes,ST1024,ST1021,2026-08-25 10:00:00,2026-08-25 10:25:00,25,6.99,6.5,cb
TR2608250039505,CL108197,EN00356,velo,Nante,ST1024,ST1023,2026-08-25 09:53:38,2026-08-25 10:01:38,8,2.26,2.2,
TR2608250039506,CL106116,EN00241,velo,Nantes,ST1027,ST1021,25/08/2026 09:53,2026-08-25 09:58:09,5,1.52,1.75,paypal
TR2608250039507,CL105821,EN00278,trottinette,Nantes,ST1031,ST1023,2026-08-25 10:00:14,2026-08-25 10:21:14,21,5.35,5.62,cb
TR2608250039508,CL105935,EN00456,trottinette,lille,ST1035,ST1036,2026-08-25 09:58:55,25/08/2026 10:19,21,5.43,5.62,cb
TR2608250039509,CL108360,EN00370,velo_elec,Lille,ST1042,ST1035,25/08/2026 09:52,2026-08-25 10:17:53,25,8.39,7.25,abonnement
TR2608250039510,CL107385,EN00416,trottinette,Lille,ST1042,ST1042,2026-08-25 09:50:45,25/08/2026 10:06,16,5.42,4.52,cb
TR2608250039511,CL103748,EN00396,velo_elec,Lille,ST1042,ST1035,1787644485,2026-08-25 10:26:45,32,10.91,9.0,abonnement
TR2608250039512,CL100271,EN00556,trottinette,Grenoble,ST1052,ST1048,2026-08-25 09:52:24,2026-08-25 10:10:24,18,3.85,4.96,cb
TR2608250039513,CL104440,EN00015,velo,Lyon,ST1006,ST1010,2026-08-25 10:09:56,2026-08-25 10:27:56,18,5.45,3.7,cb
TR2608250039514,CL101172,EN00057,velo_elec,Lyon,ST1013,ST1011,2026-08-25 10:03:18,25/08/2026 10:16,13,2.54,4.25,cb
TR2608250039515,CL101903,EN00115,velo_elec,Lyon,ST1013,ST1007,,2026-08-25 10:41:57,31,10.57,8.75,cb
TR2608250039516,CL107885,EN00119,trottinette,Lyon,ST1019,ST1016,2026-08-25 10:09:50,2026-08-25 10:15:50,6,1.48,2.32,abonnement
TR2608250039517,CL108653,EN00356,velo,Nantes,ST1023,ST1029,2026-08-25 10:11:37,2026-08-25 10:19:37,8,1.61,2.2,paypal
TR2608250039518,CL103622,EN00354,velo_elec,Nantes,ST1031,ST1023,2026-08-25 10:15:29,2026-08-25 10:20:29,5,1.39,2.25,abonnement
TR2608250039519,CL105677,EN00472,velo_elec,Lille,ST1036,ST1035,2026-08-25 10:02:07,2026-08-25 10:21:07,19,6.1,5.75,cb
TR2608250039520,CL106352,EN00428,velo_elec,Lille,ST1039,ST1041,2026-08-25 10:16:05,2026-08-25 10:32:05,16,3.09,5.0,
TR2608250039521,CL101366,EN00421,velo_elec,Lille,ST1042,ST1041,2026-08-25 10:09:27,2026-08-25 10:21:27,12,2.33,4.0,cb
TR2608250039522,CL103690,EN00462,velo_elec,Lille,ST1046,ST1037,2026-08-25 10:15:08,2026-08-25 10:28:08,13,2.49,4.25,cb
TR2608250039523,CL108694,EN00459,velo_elec,Lille,ST1047,ST1047,2026-08-25 10:01:35,1787645135,4,0.87,,cb
TR2608250039524,CL104231,EN00564,velo,Grenoble,ST1053,ST1048,2026-08-25 10:13:29,25/08/2026 10:19,6,1.25,1.9,cb
TR2608250039525,CL103395,EN00563,trottinette,Grenoble ,ST1058,ST1048,2026-08-25 10:07:03,2026-08-25 10:17:03,10,2.25,3.2,cb
TR2608250039526,CL101881,EN00009,velo_elec,Lyon,ST1001,ST1014,2026-08-25 10:29:28,,16,3.61,5.0,abonnement
TR2608250039527,CL103278,EN00163,trottinette,Lyon,ST1002,ST1012,2026-08-25 10:20:06,2026-08-25 10:43:06,23,3.88,6.06,cb
TR2608250039528,CL100273,EN00010,trottinette,Lyon,ST1004,ST1006,2026-08-25 10:26:52,2026-08-25 10:33:52,7,1.19,2.54,cb
TR2608250039529,CL101331,EN00040,velo,Lyon,ST1013,ST1005,2026-08-25 10:28:43,,15,4.04,3.25,cb
TR2608250039530,CL104056,EN00358,trottinette,Nantes,ST1031,ST1025,2026-08-25 10:21:19,25/08/2026 10:30,9,3.12,2.98,abonnement
TR2608250039531,CL104224,EN00267,trottinette,Nantes,ST1033,ST1028,2026-08-25 10:21:04,2026-08-25 10:27:04,6,1.16,2.32,abonnement
TR2608250039532,CL108917,EN00238,velo_elec,Nantes,ST1033,ST1029,2026-08-25 10:22:11,2026-08-25 10:28:11,6,1.23,2.5,cb
TR2608250039533,CL101149,EN00476,trottinette,Lille,ST1041,ST1041,2026-08-25 10:24:12,2026-08-25 10:32:12,8,2.19,2.76,cb
TR2608250039534,CL104853,EN00069,trottinette,Lyon ,ST1003,ST1014,2026-08-25 10:35:50,2026-08-25 10:53:50,18,3.55,4.96,cb
TR2608250039535,CL102693,EN00118,trottinette,Lyon,ST1003,ST1014,25/08/2026 10:40,1787647449,4,0.68,1.88,abonnement
TR2608250039536,CL101236,EN00100,velo_elec,Lyon,ST1005,ST1005,2026-08-25 10:33:24,2026-08-25 10:41:24,8,1.69,3.0,cb
TR2608250039537,CL103445,EN00173,velo_elec,Lyon,ST1009,ST1002,2026-08-25 10:36:05,2026-08-25 10:47:05,11,2.14,3.75,cb
TR2608250039538,CL105555,EN00167,trottinette,Lyon,ST1018,ST1014,25/08/2026 10:44,2026-08-25 11:00:59,16,3.13,4.52,cb
TR2608250039539,CL108292,EN00259,trottinette,Nantes,ST1020,ST1023,2026-08-25 10:37:13,2026-08-25 10:50:13,13,2.38,3.86,cb
TR2608250039540,CL108950,EN00240,trottinette,Nantes,ST1021,ST1025,2026-08-25 10:33:03,2026-08-25 10:37:03,4,1.3,1.88,cb
TR2608250039541,CL104153,EN00292,velo_elec,Nantes,ST1025,ST1020,2026-08-25 10:37:07,2026-08-25 10:52:07,15,5.2,4.75,cb
TR2608250039542,CL100586,EN00428,velo_elec,Lille,ST1041,ST1045,2026-08-25 10:41:09,25/08/2026 10:48,7,1.32,2.75,abonnement
TR2608250039543,CL101366,EN00416,trottinette,Lille,ST1042,ST1043,25/08/2026 10:38,2026-08-25 10:45:43,7,2.3,2.54,abonnement
TR2608250039544,CL106338,EN00100,velo_elec,Lyon,ST1005,ST1019,2026-08-25 10:46:16,2026-08-25 11:02:16,16,4.17,5.0,abonnement
TR2608250039545,CL108359,EN00244,trottinette,Nantes,ST1020,ST1029,2026-08-25 10:54:45,25/08/2026 10:59,5,1.47,2.1,abonnement
TR2608250039546,CL103988,EN00416,trottinette,Lille,ST1043,ST1039,2026-08-25 10:51:30,25/08/2026 11:01,2832,2.42,3.2,abonnement
TR2608250039547,CL107245,EN00590,velo_elec,Grenoble,ST1052,ST1051,2026-08-25 10:53:07,2026-08-25 11:02:07,9,1.83,3.25,abonnement
TR2608250039548,CL108201,EN00089,trottinette,Lyon,ST1014,ST1007,1787649285,2026-08-25 11:31:45,17,3.38,4.74,abonnement
TR2608250039549,CL101519,EN00360,trottinette,Nantes,ST1022,ST1020,2026-08-25 11:08:35,1787649515,10,2.5,3.2,cb
TR2608250039550,CL104665,EN00244,trottinette,Nantes,ST1029,ST1032,2026-08-25 11:12:13,2026-08-25 11:17:13,5,1.01,2.1,paypal
TR2608250039551,CL108471,EN00428,velo_elec,Lille,ST1045,ST1034,25/08/2026 11:10,2026-08-25 11:25:35,15,3.52,4.75,paypal
TR2608250039552,CL107143,EN00569,trottinette,Grenoble,ST1054,ST1053,2026-08-25 11:11:56,2026-08-25 11:18:56,7,2.3,2.54,cb
TR2608250039553,CL104090,EN00087,trottinette,Lyon,ST1004,ST1012,2026-08-25 11:29:48,2026-08-25 12:40:48,71,11.19,16.62,cb
TR2608250039554,CL108182,EN00095,trottinette,Lyon,ST1009,ST1009,25/08/2026 11:29,2026-08-25 11:40:32,11,1.79,3.42,cb
TR2608250039555,CL100323,EN00082,velo,Lyon,ST1013,ST1011,2026-08-25 11:20:08,25/08/2026 11:53,33,6.1,5.95,cb
TR2608250039556,CL102862,EN00050,velo_elec,Lyon,ST1016,ST1010,2026-08-25 11:28:21,2026-08-25 11:31:21,3,1.01,1.75,cb
TR2608250039557,CL107568,EN00100,velo_elec,lyon,ST1019,ST1019,2026-08-25 11:29:26,2026-08-25 11:37:26,8,1.38,3.0,cb
TR2608250039558,CL107714,EN00301,velo_elec,Nante,ST1027,ST1020,2026-08-25 11:20:35,25/08/2026 11:31,11,2.71,3.75,cb
TR2608250039559,CL103773,EN00225,velo_elec,Nantes,ST1028,ST1027,2026-08-25 11:19:53,2026-08-25 11:29:53,10,2.56,3.5,cb
TR2608250039560,CL108066,EN00489,trottinette,Lille,ST1047,ST1036,2026-08-25 11:29:29,2026-08-25 12:03:29,34,7.63,8.48,abonnement
TR2608250039561,CL101120,EN00570,trottinette,Grenoble,ST1058,ST1055,2026-08-25 11:28:08,2026-08-25 11:30:08,2,0.51,1.44,cb
TR2608250039562,CL106267,EN00190,trottinette,Lyon,ST1004,ST1001,2026-08-25 11:36:44,25/08/2026 11:40,4,1.21,1.88,paypal
TR2608250039563,CL102339,EN00105,velo_elec,Lyon,ST1007,ST1009,2026-08-25 11:33:44,2026-08-25 11:51:44,18,4.81,5.5,cb
TR2608250039564,CL105285,EN00305,velo_elec,Nantes,ST1026,ST1029,25/08/2026 11:36,2026-08-25 11:47:36,11,1.69,3.75,abonnement
TR2608250039565,CL106304,EN00464,trottinette,Lille,ST1034,ST1047,2026-08-25 11:45:53,2026-08-25 12:04:53,19,3.38,5.18,cb
TR2608250039566,CL105494,EN00393,trottinette,Lille,ST1035,ST1036,2026-08-25 11:45:34,2026-08-25 11:59:34,14,3.34,4.08,cb
TR2608250039567,CL101503,EN00484,velo_elec,Lille,ST1036,ST1047,2026-08-25 11:43:03,1787652003,17,4.2,5.25,abonnement
TR2608250039568,CL106085,EN00165,trottinette,Lyon,ST1001,ST1016,2026-08-25 11:59:32,25/08/2026 12:10,11,2.02,3.42,paypal
TR2608250039569,CL106805,EN00057,velo_elec,Lyon ,ST1011,ST1012,2026-08-25 11:45:55,25/08/2026 12:01,16,2.83,5.0,cb
TR2608250039570,CL104345,EN00235,trottinette,Nantes,ST1030,ST1032,2026-08-25 11:48:22,2026-08-25 12:16:22,28,5.99,7.16,paypal
TR2608250039571,CL104335,EN00277,velo_elec,Nantes,ST1030,ST1024,2026-08-25 11:54:48,1787652528,14,4.77,4.5,paypal
TR2608250039572,CL105178,EN00217,velo_elec,Lyon,ST1002,ST1016,1787652752,,13,2.55,4.25,cb
TR2608250039573,CL105762,EN00062,trottinette,Lyon,ST1002,ST1015,2026-08-25 12:09:09,2026-08-25 12:15:09,6,1.44,2.32,abonnement
TR2608250039574,CL101794,EN00153,velo_elec,Lyon,ST1003,ST1005,2026-08-25 12:11:13,2026-08-25 12:24:13,13,3.63,4.25,cb
TR2608250039575,CL101663,EN00023,trottinette,Lyon,ST1004,ST1004,2026-08-25 12:05:46,2026-08-25 12:18:46,13,3.75,,abonnement
TR2608250039576,CL108331,EN00034,velo_elec,Lyon,ST1004,ST1017,2026-08-25 12:11:37,25/08/2026 12:22,11,2.77,3.75,cb
TR2608250039577,CL102921,EN00040,velo,Lyon,ST1005,ST1016,2026-08-25 12:09:15,2026-08-25 12:19:15,10,2.48,2.5,abonnement
TR2608250039578,CL104651,EN00024,velo_elec,Lyonn,ST1006,ST1005,2026-08-25 12:01:54,1787652474,6,1.14,2.5,cb
TR2608250039579,CL100647,EN00175,trottinette,Lyon,ST1008,ST1001,2026-08-25 12:14:56,2026-08-25 12:20:56,6,1.52,2.32,abonnement
TR2608250039580,CL102377,EN00253,trottinette,Nantes,ST1020,ST1031,,2026-08-25 12:19:21,11,1.75,3.42,cb
TR2608250039581,CL108492,EN00259,trottinette,Nantes,ST1023,ST1023,2026-08-25 12:07:36,25/08/2026 12:21,14,4.19,4.08,abonnement
TR2608250039582,CL102444,EN00462,velo_elec,Lille,ST1037,ST1042,25/08/2026 12:14,2026-08-25 12:23:10,9,2.13,3.25,cb
TR2608250039583,CL105610,EN00416,trottinette,Lille,ST1039,ST1039,,1787652868,11,2.09,3.42,cb
TR2608250039584,CL101245,EN00385,velo_elec,Lille,ST1040,ST1047,2026-08-25 12:15:25,2026-08-25 12:22:25,7,2.33,2.75,abonnement
TR2608250039585,CL101631,EN00001,velo_elec,Lyon,ST1004,ST1018,2026-08-25 12:23:50,2026-08-25 12:48:50,25,5.83,7.25,abonnement
TR2608250039586,CL101620,EN00165,trottinette,lyon,ST1016,ST1002,2026-08-25 12:27:04,2026-08-25 12:49:04,22,3.98,5.84,abonnement
TR2608250039587,CL102998,EN00305,velo_elec,Nantes,ST1029,ST1023,2026-08-25 12:22:45,2026-08-25 12:40:45,18,3.14,5.5,cb
TR2608250039588,CL102877,EN00409,trottinette,lille,ST1041,ST1043,1787653534,2026-08-25 12:42:34,17,4.96,4.74,cb
TR2608250039589,CL107031,EN00421,velo_elec,Lille,ST1041,ST1045,2026-08-25 12:28:24,25/08/2026 12:42,14,3.43,4.5,abonnement
TR2608250039590,CL104311,EN00498,trottinette,Lille,ST1042,ST1039,2026-08-25 12:26:27,25/08/2026 12:37,11,2.38,3.42,abonnement
TR2608250039591,CL102011,EN00501,trottinette,Grenoble,ST1054,ST1054,2026-08-25 12:27:48,2026-08-25 12:33:48,6,1.99,2.32,cb
TR2608250039592,CL104372,EN00024,velo_elec,Lyon,ST1005,ST1003,2026-08-25 12:37:15,2026-08-25 12:56:15,19,4.64,5.75,paypal
TR2608250039593,CL102224,EN00010,trottinette,Lyon,ST1006,ST1002,2026-08-25 12:33:51,2026-08-25 12:50:51,17,4.82,4.74,cb
TR2608250039594,CL108697,EN00192,velo_elec,Lyon,ST1014,ST1012,25/08/2026 12:32,25/08/2026 13:23,51,15.95,13.75,abonnement
TR2608250039595,CL101806,EN00217,velo_elec,Lyon,ST1016,ST1017,2026-08-25 12:37:16,2026-08-25 12:46:16,9,1.38,3.25,paypal
TR2608250039596,CL105034,EN00178,velo_elec,Lyon,ST1019,ST1017,2026-08-25 12:38:17,2026-08-25 13:03:17,25,6.44,7.25,
TR2608250039597,CL103419,EN00327,velo_elec,Nantes,ST1022,ST1025,2026-08-25 12:39:09,2026-08-25 13:02:09,23,8.01,6.75,abonnement
TR2608250039598,CL106812,EN00417,trottinette,Lille,ST1036,ST1044,25/08/2026 12:43,2026-08-25 12:56:35,13,3.79,3.86,cb
TR2608250039599,CL104156,EN00416,trottinette,lille,ST1039,ST1034,2026-08-25 12:37:56,2026-08-25 12:42:56,5,1.75,2.1,abonnement
TR2608250039600,CL108524,EN00556,trottinette,Grenoble,ST1048,ST1053,1787653901,2026-08-25 12:40:41,9,2.04,2.98,cb
TR2608250039601,CL100963,EN00045,trottinette,Lyon,ST1001,ST1009,2026-08-25 12:51:44,2026-08-25 13:02:44,11,2.5,3.42,cb
TR2608250039602,CL108715,EN00050,velo_elec,Lyon,ST1010,ST1018,,2026-08-25 13:06:37,12,2.58,4.0,cb
TR2608250039603,CL100217,EN00006,trottinette,Lyon,ST1016,ST1016,25/08/2026 12:54,2026-08-25 13:07:01,13,4.02,3.86,cb
TR2608250039604,CL106090,EN00119,trottinette,Lyon,ST1016,ST1014,2026-08-25 12:52:17,2026-08-25 13:06:17,14,3.37,4.08,paypal
TR2608250039605,CL108393,EN00359,trottinette,Nantes,ST1026,ST1022,2026-08-25 13:00:38,2026-08-25 13:09:38,9,1.4,2.98,abonnement
TR2608250039606,CL102700,EN00434,velo_elec,Lille,ST1041,ST1036,2026-08-25 12:47:34,25/08/2026 12:54,7,1.88,2.75,paypal
TR2608250039607,CL107303,EN00476,trottinette,Lille,ST1041,ST1047,25/08/2026 12:53,2026-08-25 13:01:12,8,2.29,2.76,paypal
TR2608250039608,CL103969,EN00522,velo_elec,Grenoble,ST1055,ST1056,2026-08-25 13:00:18,1787656098,8,2.72,3.0,cb
TR2608250039609,CL102862,EN00008,trottinette,lyon,ST1001,ST1001,2026-08-25 13:08:44,1787657024,15,2.29,4.3,abonnement
TR2608250039610,CL105450,EN00122,trottinette,Lyon,ST1001,ST1007,2026-08-25 13:05:53,2026-08-25 13:12:53,7,2.35,2.54,abonnement
TR2608250039611,CL106734,EN00212,trottinette,Lyon,ST1004,ST1004,2026-08-25 13:07:58,2026-08-25 13:23:58,16,5.09,4.52,abonnement
TR2608250039612,CL104042,EN00023,trottinette,Lyon,ST1004,ST1003,2026-08-25 13:11:11,2026-08-25 13:14:11,3,0.71,1.66,cb
TR2608250039613,CL108352,EN00115,velo_elec,LYON,ST1007,ST1013,2026-08-25 13:06:08,1787656568,10,1.59,3.5,cb
TR2608250039614,CL104307,EN00215,velo_elec,Lyon,ST1010,ST1013,1787656523,1787657303,13,4.21,4.25,
TR2608250039615,CL102319,EN00169,velo,Lyon,ST1011,ST1008,2026-08-25 13:10:58,2026-08-25 13:22:58,12,4.17,2.8,cb
TR2608250039616,CL101261,EN00100,velo_elec,Lyon ,ST1019,ST1004,2026-08-25 13:02:43,25/08/2026 13:17,15,2.4,4.75,abonnement
TR2608250039617,CL104858,EN00276,velo_elec,Nantes,ST1021,ST1025,2026-08-25 13:03:31,25/08/2026 13:28,25,4.58,7.25,cb
TR2608250039618,CL101888,EN00233,velo_elec,Nantes,ST1021,ST1021,2026-08-25 13:07:51,,3,0.87,1.75,cb
TR2608250039619,CL107304,EN00278,trottinette,Nantes,ST1023,ST1031,25/08/2026 13:04,2026-08-25 13:11:08,7,1.86,2.54,cb
TR2608250039620,CL108332,EN00325,trottinette,Nantes,ST1027,ST1033,2026-08-25 13:05:53,2026-08-25 13:17:53,12,4.15,3.64,cb
TR2608250039621,CL108421,EN00267,trottinette,Nantes,ST1028,ST1033,25/08/2026 13:09,2026-08-25 13:19:49,10,2.71,3.2,cb
TR2608250039622,CL108977,EN00253,trottinette,Nantes,ST1031,ST1023,2026-08-25 13:14:13,2026-08-25 13:23:13,9,1.93,2.98,
TR2608250039623,CL104692,EN00244,trottinette,Nantes,ST1032,ST1033,2026-08-25 13:12:33,2026-08-25 13:19:33,7,2.21,2.54,cb
TR2608250039624,CL107873,EN00235,trottinette,NANTES,ST1032,ST1023,2026-08-25 13:08:50,25/08/2026 13:21,13,2.36,3.86,paypal
TR2608250039625,CL106931,EN00409,trottinette,Lille,ST1043,ST1046,2026-08-25 13:07:09,2026-08-25 13:28:09,21,5.88,5.62,abonnement
TR2608250039626,CL103627,EN00532,velo_elec,Grenoble,ST1051,ST1055,1787656486,2026-08-25 13:37:46,23,7.52,6.75,abonnement
TR2608250039627,CL104651,EN00132,trottinette,Lyon,ST1002,ST1015,2026-08-25 13:23:12,25/08/2026 13:32,9,2.83,2.98,cb
TR2608250039628,CL103852,EN00065,trottinette,Lyon,ST1003,ST1003,2026-08-25 13:21:20,2026-08-25 13:29:20,8,2.66,2.76,cb
TR2608250039629,CL102334,EN00130,velo_elec,Lyon,ST1003,ST1010,25/08/2026 13:20,25/08/2026 13:35,15,4.07,4.75,cb
TR2608250039630,CL101387,EN00153,velo_elec,Lyon,ST1005,ST1013,2026-08-25 13:18:33,25/08/2026 13:28,10,2.16,3.5,abonnement
TR2608250039631,CL104765,EN00122,trottinette,Lyon,ST1007,ST1003,2026-08-25 13:18:33,1787657073,6,2.01,2.32,cb
TR2608250039632,CL102286,EN00129,velo_elec,Lyon ,ST1010,ST1011,2026-08-25 13:25:00,1787657400,5,1.69,2.25,cb
TR2608250039633,CL102075,EN00114,velo,Lyon,ST1011,ST1017,2026-08-25 13:23:14,1787657414,7,2.21,2.05,cb
TR2608250039634,CL101550,EN00220,velo_elec,Lyon,ST1012,ST1016,2026-08-25 13:30:19,2026-08-25 13:41:19,11,1.72,3.75,paypal
TR2608250039635,CL102372,EN00009,velo_elec,Lyon,ST1014,ST1014,2026-08-25 13:29:04,2026-08-25 13:35:04,6,1.27,2.5,cb
TR2608250039636,CL100426,EN00187,velo_elec,Lyon,ST1015,ST1013,2026-08-25 13:31:26,25/08/2026 14:02,31,7.59,8.75,abonnement
TR2608250039637,CL103154,EN00140,trottinette,Lyon,ST1015,ST1019,25/08/2026 13:21,2026-08-25 14:01:56,40,7.83,9.8,cb
TR2608250039638,CL106966,EN00062,trottinette,Lyon,ST1015,ST1004,2026-08-25 13:17:17,2026-08-25 13:32:17,15,3.7,4.3,cb
TR2608250039639,CL103000,EN00099,velo_elec,Lyon,ST1015,ST1019,2026-08-25 13:17:26,2026-08-25 13:20:26,3,0.99,1.75,cb
TR2608250039640,CL101258,EN00305,velo_elec,Nante,ST1023,ST1022,2026-08-25 13:17:28,2026-08-25 13:26:28,9,3.1,3.25,cb
TR2608250039641,CL105935,EN00498,trottinette,Lille,ST1039,ST1044,25/08/2026 13:21,1787657628,12,3.35,3.64,abonnement
TR2608250039642,CL101822,EN00478,trottinette,Lille,ST1040,ST1046,2026-08-25 13:22:22,2026-08-25 13:31:22,9,1.53,2.98,abonnement
TR2608250039643,CL102402,EN00495,trottinette,Lille,ST1041,ST1047,2026-08-25 13:30:52,25/08/2026 13:38,8,1.35,2.76,abonnement
TR2608250039644,CL108747,EN00462,velo_elec,Lille,ST1042,ST1040,1787657149,25/08/2026 13:38,13,3.8,4.25,abonnement
TR2608250039645,CL100568,EN00175,trottinette,Lyon,ST1001,ST1005,1787657557,2026-08-25 13:45:37,13,4.33,3.86,abonnement
TR2608250039646,CL106392,EN00089,trottinette,Lyon,ST1007,ST1007,,25/08/2026 13:52,9,2.37,2.98,cb
TR2608250039647,CL104659,EN00057,velo_elec,Lyon,ST1012,ST1010,2026-08-25 13:42:40,2026-08-25 13:47:40,5,1.08,2.25,cb
TR2608250039648,CL104031,EN00119,trottinette,Lyon,ST1014,ST1007,1787657713,2026-08-25 13:46:13,11,3.43,3.42,cb
TR2608250039649,CL102796,EN00118,trottinette,Lyon,ST1014,ST1011,25/08/2026 13:31,2026-08-25 13:36:26,5,1.58,2.1,abonnement
TR2608250039650,CL108808,EN00253,trottinette,Nantes,ST1023,ST1027,2026-08-25 13:36:06,2026-08-25 13:49:06,13,4.22,3.86,paypal
TR2608250039651,CL108875,EN00313,trottinette,Nantes,ST1024,ST1027,2026-08-25 13:35:13,2026-08-25 13:45:13,10,2.69,3.2,cb
TR2608250039652,CL103485,EN00225,velo_elec,Nantes,ST1027,ST1031,,2026-08-25 13:54:22,14,4.33,4.5,cb
TR2608250039653,CL107941,EN00389,trottinette,Lille,ST1034,ST1034,2026-08-25 13:38:15,2026-08-25 13:58:15,20,3.07,5.4,cb
TR2608250039654,CL104646,EN00365,velo_elec,Lille,ST1040,ST1043,2026-08-25 13:40:01,1787658421,7,1.94,2.75,cb
TR2608250039655,CL101582,EN00173,velo_elec,Lyon,ST1002,ST1012,2026-08-25 13:46:49,2026-08-25 13:57:49,11,2.36,3.75,abonnement
TR2608250039656,CL105628,EN00180,trottinette,Lyon,ST1002,ST1010,2026-08-25 13:48:55,2026-08-25 14:19:55,31,5.85,7.82,cb
TR2608250039657,CL102303,EN00112,velo_elec,Lyon,ST1012,ST1013,,2026-08-25 13:57:44,9,2.79,3.25,cb
TR2608250039658,CL105329,EN00132,trottinette,Lyon,ST1015,ST1005,2026-08-25 14:00:04,2026-08-25 14:05:04,5,1.51,2.1,cb
TR2608250039659,CL102062,EN00251,velo,Nantes,ST1026,ST1032,2026-08-25 13:59:51,2026-08-25 14:09:51,10,1.94,2.5,cb
TR2608250039660,CL105730,EN00232,trottinette,Nantes,ST1033,ST1026,2026-08-25 13:59:33,2026-08-25 14:06:33,7,1.59,2.54,cb
TR2608250039661,CL106900,EN00382,trottinette,Lille,ST1035,ST1042,2026-08-25 13:55:49,2026-08-25 14:00:49,5,1.55,2.1,cb
TR2608250039662,CL100397,EN00449,trottinette,Lille,ST1036,ST1036,2026-08-25 13:48:10,2026-08-25 14:18:10,30,6.85,7.6,cb
TR2608250039663,CL105658,EN00404,trottinette,Lille,ST1042,ST1043,2026-08-25 13:48:11,1787662031,59,18.11,13.98,cb
TR2608250039664,CL107519,EN00556,trottinette,Grenoble,ST1053,ST1057,2026-08-25 13:46:02,1787659262,15,4.56,4.3,cb
TR2608250039665,CL108919,EN00507,trottinette,Grenoble,ST1058,ST1051,2026-08-25 13:46:39,2026-08-25 13:49:39,3,0.66,1.66,cb
TR2608250039666,CL104825,EN00150,trottinette,Lyon,ST1008,ST1014,2026-08-25 14:05:22,2026-08-25 14:21:22,16,4.72,4.52,cb
TR2608250039667,CL104874,EN00095,trottinette,lyon,ST1009,ST1016,2026-08-25 14:09:59,25/08/2026 14:39,30,8.47,7.6,cb
TR2608250039668,CL105334,EN00118,trottinette,Lyon,ST1011,ST1015,1787659312,2026-08-25 14:05:52,4,0.77,1.88,cb
TR2608250039669,CL107061,EN00018,trottinette,Lyon,ST1018,ST1011,2026-08-25 14:02:56,1787659496,2,0.63,1.44,cb
TR2608250039670,CL105170,EN00277,velo_elec,Nantes,ST1024,ST1020,2026-08-25 14:12:16,2026-08-25 14:16:16,4,1.33,2.0,cb
TR2608250039671,CL101478,EN00548,trottinette,Grenoble,ST1049,ST1058,25/08/2026 14:12,,7,1.9,2.54,cb
TR2608250039672,CL105399,EN00140,trottinette,Lyon,ST1019,ST1008,2026-08-25 14:24:41,2026-08-25 14:29:41,5,1.22,2.1,paypal
TR2608250039673,CL106759,EN00317,trottinette,Nantes,ST1022,ST1022,2026-08-25 14:21:09,,9,3.14,2.98,cb
TR2608250039674,CL108554,EN00313,trottinette,Nantes,ST1027,ST1026,2026-08-25 14:29:41,2026-08-25 14:37:41,8,2.06,2.76,abonnement
TR2608250039675,CL106263,EN00132,trottinette,Lyon,ST1005,ST1018,25/08/2026 14:33,2026-08-25 14:38:48,5,1.46,2.1,cb
TR2608250039676,CL106712,EN00063,velo_elec,Lyon,ST1008,ST1005,2026-08-25 14:34:56,2026-08-25 14:41:56,7,2.11,2.75,abonnement
TR2608250039677,CL103480,EN00105,velo_elec,Lyon,ST1009,ST9400,2026-08-25 14:41:59,2026-08-25 14:49:59,8,1.77,3.0,cb
TR2608250039678,CL103484,EN00034,velo_elec,Lyon,ST1017,ST1018,2026-08-25 14:39:16,2026-08-25 14:53:16,14,3.28,4.5,cb
TR2608250039679,CL106585,EN00238,velo_elec,Nantes,ST1029,ST1032,2026-08-25 14:31:17,2026-08-25 14:39:17,8,1.4,3.0,cb
TR2608250039680,CL104117,EN00382,trottinette,lille,ST1042,ST1036,2026-08-25 14:35:33,25/08/2026 14:44,9,2.05,2.98,cb
TR2608250039681,CL100876,EN00417,trottinette,Lille,ST1044,ST1035,2026-08-25 14:36:22,2026-08-25 14:47:22,11,1.95,3.42,cb
TR2608250039682,CL104986,EN00063,velo_elec,Lyon,ST1005,ST1004,2026-08-25 14:52:34,2026-08-25 14:55:34,3,0.46,1.75,abonnement
TR2608250039683,CL107183,EN00115,velo_elec,Lyon,ST1013,ST1009,25/08/2026 14:48,2026-08-25 14:52:43,4,1.05,2.0,cb
TR2608250039684,CL105973,EN00050,velo_elec,Lyon,ST1018,ST1017,2026-08-25 14:53:20,2026-08-25 15:01:20,8,1.55,3.0,cb
TR2608250039685,CL101622,EN00259,trottinette,Nantes,ST1023,ST1030,2026-08-25 14:54:53,25/08/2026 15:01,7,2.32,2.54,paypal
TR2608250039686,CL100304,EN00409,trottinette,Lille,ST1046,ST9362,2026-08-25 14:46:22,2026-08-25 14:50:22,4,0.84,1.88,cb
TR2608250039687,CL101403,EN00495,trottinette,Lille,ST1047,ST1035,,2026-08-25 15:07:44,10,3.19,3.2,abonnement
TR2608250039688,CL106102,EN00205,trottinette,Lyon,ST1004,ST1016,2026-08-25 15:12:47,2026-08-25 15:20:47,8,2.67,2.76,paypal
TR2608250039689,CL102650,EN00175,trottinette,LYON,ST1005,ST1011,2026-08-25 15:13:03,2026-08-25 15:19:03,6,1.85,2.32,cb
TR2608250039690,CL101846,EN00119,trottinette,lyon,ST1007,ST1015,2026-08-25 15:06:14,2026-08-25 15:14:14,8,1.5,2.76,cb
TR2608250039691,CL106289,EN00200,trottinette,lyon,ST1008,ST1013,2026-08-25 15:04:04,2026-08-25 15:29:04,25,5.32,6.5,cb
TR2608250039692,CL106897,EN00009,velo_elec,Lyon,ST1014,ST1015,2026-08-25 15:10:58,2026-08-25 15:19:58,9,2.85,3.25,paypal
TR2608250039693,CL104747,EN00189,trottinette,Lyon,ST1019,ST1004,2026-08-25 15:08:49,2026-08-25 15:16:49,8,2.63,2.76,abonnement
TR2608250039694,CL108805,EN00099,velo_elec,Lyon,ST1019,ST1016,2026-08-25 15:08:41,1787663441,2,0.58,1.5,cb
TR2608250039695,CL100933,EN00317,trottinette,Nantes,ST1022,ST1029,2026-08-25 15:07:26,2026-08-25 15:18:26,11,2.97,3.42,cb
TR2608250039696,CL100299,EN00354,velo_elec,Nantes,ST1023,ST1023,2026-08-25 15:10:13,,5,1.48,2.25,abonnement
TR2608250039697,CL107650,EN00253,trottinette,Nantes,ST1027,ST1023,2026-08-25 15:13:00,1787663880,5,1.03,2.1,paypal
TR2608250039698,CL106543,EN00421,velo_elec,Lille,ST1045,ST1044,2026-08-25 15:11:38,2026-08-25 15:27:38,16,4.76,5.0,cb
TR2608250039699,CL102335,EN00174,velo_elec,Lyon,ST1019,ST1003,2026-08-25 15:19:57,25/08/2026 15:40,21,4.87,6.25,paypal
TR2608250039700,CL100260,EN00324,velo,Nantes,ST1024,ST9925,2026-08-25 15:29:25,2026-08-25 15:40:25,11,2.21,2.65,cb
TR2608250039701,CL108601,EN00450,trottinette,Lille,ST1034,ST1037,2026-08-25 15:25:03,2026-08-25 15:30:03,5,1.45,2.1,cb
TR2608250039702,CL107380,EN00497,velo,Lille,ST1038,ST1046,2026-08-25 15:30:27,2026-08-25 15:43:27,13,2.59,2.95,abonnement
TR2608250039703,CL101559,EN00030,trottinette,Lyon ,ST1002,ST1002,2026-08-25 15:43:53,2026-08-25 16:05:53,22,4.73,5.84,cb
TR2608250039704,CL106697,EN00150,trottinette,Lyon,ST1014,ST1014,,2026-08-25 15:50:33,14,2.32,4.08,cb
TR2608250039705,CL103678,EN00259,trottinette,Nantes,ST1030,ST1022,2026-08-25 15:35:56,25/08/2026 15:56,21,4.17,5.62,abonnement
TR2608250039706,CL100671,EN00363,velo_elec,Lille,ST1035,ST1044,2026-08-25 15:39:44,25/08/2026 16:00,21,6.28,6.25,cb
TR2608250039707,CL103413,EN00486,velo,Lille,ST1045,ST1035,1787665076,2026-08-25 15:40:56,3,0.71,1.45,abonnement
TR2608250039708,CL106918,EN00448,velo,Lille,ST1045,ST1040,2026-08-25 15:34:47,2026-08-25 16:00:47,26,7.99,4.9,abonnement
TR2608250039709,CL101497,EN00592,velo_elec,Grenoble,ST1048,ST1057,25/08/2026 15:41,2026-08-25 16:07:21,26,6.29,7.5,cb
TR2608250039710,CL107475,EN00010,trottinette,Lyon,ST1002,ST1014,25/08/2026 16:00,,34,8.16,8.48,cb
TR2608250039711,CL101316,EN00090,trottinette,Lyon,ST1016,ST1005,2026-08-25 15:52:38,2026-08-25 16:04:38,12,2.37,3.64,cb
TR2608250039712,CL101045,EN00393,trottinette,Lille,ST1036,ST1046,2026-08-25 15:48:03,1787666823,19,3.64,5.18,abonnement
TR2608250039713,CL102444,EN00382,trottinette,Lille,ST1036,ST1035,,2026-08-25 15:56:14,9,2.44,2.98,cb
TR2608250039714,CL102012,EN00450,trottinette,Lille,ST1037,ST1037,1787665862,2026-08-25 16:05:02,14,2.61,4.08,paypal
TR2608250039715,CL105234,EN00476,trottinette,Lille,ST1047,ST1044,2026-08-25 15:52:23,25/08/2026 15:59,7,1.7,2.54,cb
TR2608250039716,CL101551,EN00174,velo_elec,Lyon,ST1003,ST1005,2026-08-25 16:06:41,1787667161,6,1.25,2.5,cb
TR2608250039717,CL105008,EN00189,trottinette,lyon,ST1004,ST1012,2026-08-25 16:15:03,2026-08-25 16:25:03,10,3.26,3.2,cb
TR2608250039718,CL100954,EN00063,velo_elec,Lyon,ST1004,ST1016,2026-08-25 16:12:34,2026-08-25 16:14:34,2,0.54,1.5,abonnement
TR2608250039719,CL106121,EN00217,velo_elec,Lyon,ST1017,ST1011,2026-08-25 16:12:34,1787669254,35,11.08,9.75,cb
TR2608250039720,CL107029,EN00360,trottinette,Nantes,ST1020,ST1024,2026-08-25 16:03:52,25/08/2026 16:33,30,7.03,7.6,cb
TR2608250039721,CL103818,EN00333,trottinette,Nantes,ST1021,ST1030,2026-08-25 16:06:44,2026-08-25 16:14:44,8,2.24,2.76,abonnement
TR2608250039722,CL100320,EN00233,velo_elec,Nantes,ST1021,ST1022,2026-08-25 16:07:00,2026-08-25 16:16:00,9,2.84,3.25,abonnement
TR2608250039723,CL101681,EN00229,trottinette,nantes,ST1021,ST1023,2026-08-25 16:15:13,25/08/2026 16:23,8,2.3,2.76,cb
TR2608250039724,CL105074,EN00253,trottinette,Nantes,ST1023,ST1023,2026-08-25 16:08:11,2026-08-25 16:14:11,6,1.31,2.32,cb
TR2608250039725,CL100438,EN00317,trottinette,Nantes,ST1029,ST1024,2026-08-25 16:01:47,2026-08-25 16:06:47,5,0.78,2.1,abonnement
TR2608250039726,CL104001,EN00325,trottinette,Nantes,ST1033,ST1031,2026-08-25 16:12:08,2026-08-25 16:20:08,8,2.38,2.76,cb
TR2608250039727,CL103463,EN00404,trottinette,Lille,ST1043,ST1046,2026-08-25 16:04:24,2026-08-25 16:21:24,17,2.86,4.74,paypal
TR2608250039728,CL108694,EN00484,velo_elec,Lille,ST1047,ST1034,2026-08-25 16:05:12,1787667132,7,1.73,2.75,paypal
TR2608250039729,CL104304,EN00030,trottinette,Lyon,ST1002,ST1012,2026-08-25 16:21:16,2026-08-25 16:42:16,21,4.16,5.62,cb
TR2608250039730,CL103702,EN00205,trottinette,Lyon,ST1016,ST1019,2026-08-25 16:18:24,2026-08-25 16:40:24,22,6.53,5.84,cb
TR2608250039731,CL103789,EN00063,velo_elec,Lyon,ST1016,ST1018,2026-08-25 16:25:21,2026-08-25 17:03:21,38,8.89,10.5,cb
TR2608250039732,CL103488,EN00220,velo_elec,Lyon,ST1016,ST1018,2026-08-25 16:27:08,,6,0.91,2.5,cb
TR2608250039733,CL105474,EN00230,velo_elec,Nantes,ST1021,ST1026,25/08/2026 16:23,2026-08-25 16:26:24,3,0.96,1.75,abonnement
TR2608250039734,CL108380,EN00221,velo_elec,Nantes,ST1029,ST1021,1787667599,2026-08-25 16:44:59,25,6.55,7.25,cb
TR2608250039735,CL104970,EN00470,trottinette,Lille,ST1035,ST1041,2026-08-25 16:16:40,2026-08-25 16:26:40,10,2.93,3.2,abonnement
TR2608250039736,CL105770,EN00420,trottinette, Lille,ST1042,ST1034,2026-08-25 16:30:07,2026-08-25 16:35:07,5,1.46,2.1,abonnement
TR2608250039737,CL100663,EN00501,trottinette,Grenoble,ST1054,ST1058,2026-08-25 16:20:12,2026-08-25 16:30:12,10,2.0,3.2,cb
TR2608250039738,CL102565,EN00165,trottinette,Lyon,ST1002,ST1011,2026-08-25 16:40:21,2026-08-25 17:02:21,22,6.62,5.84,cb
TR2608250039739,CL105546,EN00177,velo_elec,Lyon,ST1004,ST1005,25/08/2026 16:36,,7,2.05,2.75,abonnement
TR2608250039740,CL107736,EN00212,trottinette,LYON,ST1004,ST1017,2026-08-25 16:37:30,25/08/2026 16:41,4,0.93,1.88,cb
TR2608250039741,CL926810,EN00174,velo_elec,lyon,ST1005,ST1008,2026-08-25 16:43:51,2026-08-25 17:43:51,60,15.73,16.0,abonnement
TR2608250039742,CL106006,EN00209,velo_elec,Lyon,ST1010,ST1016,2026-08-25 16:35:54,25/08/2026 16:58,23,5.92,6.75,cb
TR2608250039743,CL101206,EN00069,trottinette,Lyon,ST1014,ST1002,2026-08-25 16:42:39,25/08/2026 17:18,36,5.91,8.92,cb
TR2608250039744,CL932724,EN00225,velo_elec,NANTES,ST1031,ST1029,2026-08-25 16:35:25,2026-08-25 16:51:25,16,5.45,5.0,cb
TR2608250039745,CL107281,EN00244,trottinette,Nantes,ST1033,ST1023,2026-08-25 16:32:17,2026-08-25 16:39:17,7,2.28,2.54,cb
TR2608250039746,CL102616,EN00311,trottinette,Nantes,ST1033,ST1030,2026-08-25 16:38:44,2026-08-25 17:08:44,30,7.23,7.6,abonnement
TR2608250039747,CL103273,EN00456,trottinette,Lille,ST1036,ST1036,2026-08-25 16:43:34,2026-08-25 16:53:34,10,1.77,3.2,cb
TR2608250039748,CL108530,EN00054,trottinette,Lyon,ST1003,ST1011,1787669299,1787669419,2,0.61,1.44,cb
TR2608250039749,CL102335,EN00146,trottinette,Lyon,ST1003,ST1007,25/08/2026 16:53,2026-08-25 16:58:14,5,1.59,2.1,cb
TR2608250039750,CL101973,EN00089,trottinette,Lyon,ST1007,ST1007,2026-08-25 16:57:16,2026-08-25 17:22:16,25,3.95,6.5,cb
TR2608250039751,CL108533,EN00115,velo_elec,Lyon,ST1009,ST1003,2026-08-25 16:51:36,2026-08-25 17:06:36,15,4.14,4.75,cb
TR2608250039752,CL103403,EN00298,trottinette,Nantes,ST1021,ST1030,1787669489,2026-08-25 17:04:29,13,3.26,3.86,paypal
TR2608250039753,CL108994,EN00229,trottinette,Nantes,ST1023,ST1033,2026-08-25 16:59:29,2026-08-25 17:14:29,15,4.62,4.3,cb
TR2608250039754,CL103353,EN00238,velo_elec,Nante,ST1032,ST1031,25/08/2026 16:59,2026-08-25 17:11:09,12,1.97,4.0,cb
TR2608250039755,CL102457,EN00211,velo_elec,Lyon,ST1001,ST1009,2026-08-25 17:04:02,2026-08-25 17:10:02,6,1.16,2.5,paypal
TR2608250039756,CL100171,EN00172,trottinette,Lyon,ST1003,ST1018,25/08/2026 17:08,2026-08-25 17:35:33,27,4.12,6.94,cb
TR2608250039757,CL108947,EN00097,velo_elec,Lyon,ST1003,ST1011,25/08/2026 17:06,25/08/2026 17:18,12,3.4,4.0,abonnement
TR2608250039758,CL104267,EN00139,velo_elec,Lyon,ST1004,ST1007,1787670809,2026-08-25 17:19:29,6,1.46,2.5,abonnement
TR2608250039759,CL107751,EN00177,velo_elec,Lyon,ST1005,ST1006,2026-08-25 17:04:32,2026-08-25 17:13:32,9,1.78,3.25,paypal
TR2608250039760,CL107315,EN00090,trottinette,Lyon,ST1005,ST1010,2026-08-25 17:15:18,,6,1.87,2.32,abonnement
TR2608250039761,CL101131,EN00173,velo_elec,Lyon,ST1012,ST1011,2026-08-25 17:04:04,2026-08-25 17:08:04,4,0.72,2.0,abonnement
TR2608250039762,CL106073,EN00150,trottinette,Lyon,ST1014,ST1017,2026-08-25 17:06:14,2026-08-25 17:13:14,7,2.13,2.54,cb
TR2608250039763,CL103280,EN00220,velo_elec,Lyon,ST1018,ST1003,2026-08-25 17:09:54,25/08/2026 17:17,8,2.1,3.0,cb
TR2608250039764,CL108198,EN00132,trottinette,LYON,ST1018,ST1014,25/08/2026 17:01,2026-08-25 17:15:31,14,3.7,4.08,cb
TR2608250039765,CL105297,EN00222,velo_elec,Nante,ST1021,ST1023,2026-08-25 17:06:32,2026-08-25 17:18:32,12,2.3,4.0,paypal
TR2608250039766,CL108466,EN00228,trottinette,Nantes,ST1022,ST1032,1787670161,25/08/2026 17:07,5,0.89,2.1,abonnement
TR2608250039767,CL104408,EN00425,velo_elec,Lille,ST1035,ST1042,25/08/2026 17:01,2026-08-25 17:03:30,2,0.57,1.5,cb
TR2608250039768,CL107249,EN00414,velo_elec,Lille,ST1036,ST1047,2026-08-25 17:14:02,2026-08-25 17:18:02,4,1.28,2.0,cb
TR2608250039769,CL102424,EN00456,trottinette,Lille,ST1036,ST1043,25/08/2026 17:05,2026-08-25 17:27:30,22,6.33,5.84,cb
TR2608250039770,CL100241,EN00460,velo_elec,Lille,ST1036,ST1045,25/08/2026 17:01,2026-08-25 17:28:17,27,7.98,7.75,paypal
TR2608250039771,CL104502,EN00450,trottinette,Lille,ST1037,ST1034,2026-08-25 17:06:32,2026-08-25 17:16:32,10,3.29,3.2,cb
TR2608250039772,CL106446,EN00462,velo_elec,Lille,ST1040,ST1036,2026-08-25 17:06:45,1787674065,61,11.56,16.25,cb
TR2608250039773,CL102833,EN00410,velo_elec,Lille,ST1042,ST1039,2026-08-25 17:01:20,2026-08-25 17:23:20,22,5.1,6.5,cb
TR2608250039774,CL100301,EN00541,velo_elec,Grenoble,ST1048,ST1055,1787670342,2026-08-25 17:38:42,33,7.07,9.25,abonnement
TR2608250039775,CL107073,EN00569,trottinette,Grenoble,ST1053,ST1048,2026-08-25 17:15:14,2026-08-25 17:36:14,21,4.27,5.62,cb
TR2608250039776,CL105055,EN00505,velo,Grenoble,ST1054,ST1053,2026-08-25 17:15:22,2026-08-25 17:36:22,21,5.75,,cb
TR2608250039777,CL103231,EN00214,trottinette,Lyon,ST1001,ST1014,,1787671667,9,2.92,2.98,cb
TR2608250039778,CL105995,EN00183,velo_elec,Lyon,ST1002,ST1007,2026-08-25 17:25:50,2026-08-25 17:40:50,15,4.12,4.75,cb
TR2608250039779,CL100323,EN00202,trottinette,Lyon,ST1004,ST1010,2026-08-25 17:23:32,2026-08-25 17:32:32,9,2.42,2.98,abonnement
TR2608250039780,CL102925,EN00041,velo_elec,Lyon,ST1004,ST1014,1787671396,2026-08-25 17:33:16,10,1.85,3.5,cb
TR2608250039781,CL101628,EN00056,velo_elec,Lyon,ST1008,ST1013,2026-08-25 17:16:30,2026-08-25 17:26:30,10,2.48,3.5,cb
TR2608250039782,CL108540,EN00057,velo_elec,Lyon,ST1010,ST1013,2026-08-25 17:19:44,25/08/2026 17:26,7,1.35,2.75,cb
TR2608250039783,CL104241,EN00112,velo_elec,Lyon,ST1013,ST1003,2026-08-25 17:25:34,2026-08-25 17:41:34,16,5.3,5.0,abonnement
TR2608250039784,CL101712,EN00009,velo_elec,Lyon,ST1015,ST1007,2026-08-25 17:27:34,1787672254,10,2.49,3.5,abonnement
TR2608250039785,CL100138,EN00099,velo_elec,Lyon,ST1016,ST1003,2026-08-25 17:17:15,1787671155,2,0.5,1.5,abonnement
TR2608250039786,CL101576,EN00270,velo_elec,Nante,ST1021,ST1020,2026-08-25 17:16:51,2026-08-25 17:33:51,17,5.35,5.25,cb
TR2608250039787,CL901418,EN00244,trottinette,Nantes,ST1023,ST1025,2026-08-25 17:21:26,25/08/2026 17:28,7,1.11,2.54,cb
TR2608250039788,CL105454,EN00278,trottinette,Nantes,ST1031,ST1023,2026-08-25 17:20:21,2026-08-25 17:38:21,18,5.26,4.96,cb
TR2608250039789,CL105193,EN00402,trottinette,LILLE,ST1035,ST1041,25/08/2026 17:16,2026-08-25 17:22:46,6,1.48,2.32,cb
TR2608250039790,CL106687,EN00067,velo_elec,Lyon,ST1001,ST1019,25/08/2026 17:37,25/08/2026 17:42,5,1.06,2.25,abonnement
TR2608250039791,CL105499,EN00099,velo_elec,Lyon,ST1003,ST1009,2026-08-25 17:45:03,25/08/2026 17:55,10,1.81,3.5,cb
TR2608250039792,CL105459,EN00075,trottinette,Lyon,ST1004,ST1009,2026-08-25 17:41:04,25/08/2026 17:57,16,3.1,4.52,cb
TR2608250039793,CL106533,EN00108,velo_elec,Lyon,ST1004,ST1007,25/08/2026 17:44,1787673736,18,4.6,5.5,cb
TR2608250039794,CL102407,EN00144,trottinette,Lyon,ST1004,ST1007,2026-08-25 17:40:06,2026-08-25 17:51:06,11,2.34,3.42,cb
TR2608250039795,CL101457,EN00177,velo_elec,Lyon,ST1006,ST1019,2026-08-25 17:44:32,2026-08-25 17:55:32,11,3.24,3.75,cb
TR2608250039796,CL104550,EN00090,trottinette,Lyon,ST1010,ST1017,2026-08-25 17:37:25,25/08/2026 17:46,9,3.07,2.98,cb
TR2608250039797,CL104761,EN00189,trottinette,Lyon,ST1012,ST1013,25/08/2026 17:43,2026-08-25 17:50:35,7,1.99,2.54,cb
TR2608250039798,CL100972,EN00209,velo_elec,Lyon,ST1016,ST1018,1787671993,25/08/2026 17:39,6,2.07,2.5,abonnement
TR2608250039799,CL105791,EN00303,velo_elec,Nantes,ST1021,ST1026,2026-08-25 17:41:13,25/08/2026 18:07,26,5.68,7.5,cb
TR2608250039800,CL105212,EN00271,velo_elec,Nantes,ST1021,ST1027,2026-08-25 17:33:24,2026-08-25 17:44:24,11,2.04,3.75,abonnement
TR2608250039801,CL108966,EN00355,velo_elec,NANTES,ST1021,ST1030,2026-08-25 17:41:53,2026-08-25 17:51:53,10,1.51,3.5,abonnement
TR2608250039802,CL104624,EN00317,trottinette,Nantes,ST1024,ST1033,2026-08-25 17:43:47,2026-08-25 17:57:47,14,4.24,4.08,paypal
TR2608250039803,CL107473,EN00360,trottinette,Nantes,ST1024,ST1032,2026-08-25 17:31:19,2026-08-25 17:36:19,5,0.9,2.1,abonnement
TR2608250039804,CL104898,EN00225,velo_elec,Nantes,ST1029,ST1022,2026-08-25 17:37:13,2026-08-25 17:52:13,15,3.83,4.75,paypal
TR2608250039805,CL104662,EN00380,velo_elec,Lille,ST1035,ST1044,2026-08-25 17:43:59,2026-08-25 17:46:59,3,0.83,1.75,abonnement
TR2608250039806,CL101844,EN00489,trottinette,LILLE,ST1036,ST1044,25/08/2026 17:44,2026-08-25 17:53:37,9,2.62,2.98,cb
TR2608250039807,CL106573,EN00402,trottinette,Lille,ST1041,ST1037,25/08/2026 17:36,2026-08-25 17:41:37,5,0.99,2.1,cb
TR2608250039808,CL105612,EN00476,trottinette,Lille,ST1044,ST1038,2026-08-25 17:38:43,2026-08-25 17:53:43,15,4.14,4.3,cb
TR2608250039809,CL100309,EN00393,trottinette,Lille,ST1046,ST1040,2026-08-25 17:39:32,2026-08-25 17:51:32,12,1.96,3.64,cb
TR2608250039810,CL104225,EN00478,trottinette,Lille,ST1046,ST1035,2026-08-25 17:36:59,2026-08-25 17:46:59,10,2.25,3.2,cb
TR2608250039811,CL101842,EN00544,velo_elec,Grenoble,ST1048,ST1052,2026-08-25 17:31:51,,10,2.89,3.5,cb
TR2608250039812,CL106772,EN00530,velo_elec,Grenoble,ST1048,ST1057,2026-08-25 17:46:01,2026-08-25 18:01:01,15,2.63,4.75,cb
TR2608250039813,CL101995,EN00203,trottinette,Lyon,ST1001,ST1019,2026-08-25 17:58:34,2026-08-25 18:04:34,6,1.41,2.32,cb
TR2608250039814,CL106053,EN00065,trottinette,Lyon,ST1003,ST1001,2026-08-25 17:48:32,25/08/2026 18:01,13,4.06,3.86,cb
TR2608250039815,CL108085,EN00183,velo_elec,Lyon,ST1007,ST1001,1787673558,2026-08-25 18:09:18,10,1.62,3.5,cb
TR2608250039816,CL100981,EN00174,velo_elec,Lyon,ST1008,ST1018,2026-08-25 17:57:32,2026-08-25 18:31:32,34,10.32,9.5,abonnement
TR2608250039817,CL100547,EN00211,velo_elec,Lyon,ST1009,ST1014,25/08/2026 17:59,25/08/2026 18:21,22,5.5,6.5,cb
TR2608250039818,CL107212,EN00105,velo_elec,Lyon,ST1012,ST1010,2026-08-25 17:51:08,2026-08-25 18:03:08,12,1.96,4.0,cb
TR2608250039819,CL106196,EN00119,trottinette,Lyon,ST1015,ST1015,1787673127,2026-08-25 18:03:07,11,1.84,3.42,cb
TR2608250039820,CL102607,EN00067,velo_elec,Lyon,ST1019,ST1002,25/08/2026 17:54,2026-08-25 18:14:07,20,3.41,6.0,paypal
TR2608250039821,CL100383,EN00280,trottinette,Nantes,ST1021,ST1033,25/08/2026 17:58,2026-08-25 18:20:28,22,3.85,5.84,cb
TR2608250039822,CL108492,EN00231,velo,Nantes,ST1024,ST1031,2026-08-25 17:58:13,2026-08-25 18:07:13,9,2.24,2.35,cb
TR2608250039823,CL105923,EN00274,velo,Nantes,ST1024,ST1020,2026-08-25 17:51:52,2026-08-25 18:13:52,22,5.78,4.3,paypal
TR2608250039824,CL100436,EN00271,velo_elec,Nantes,ST1027,ST1026,2026-08-25 17:56:59,2026-08-25 18:17:59,21,4.42,6.25,cb
TR2608250039825,CL104910,EN00356,velo,Nantes,ST1029,ST1024,25/08/2026 17:49,2026-08-25 17:54:46,5,1.01,1.75,cb
TR2608250039826,CL108332,EN00228,trottinette,Nantes,ST1032,ST1028,25/08/2026 17:57,25/08/2026 18:10,13,2.33,3.86,cb
TR2608250039827,CL102004,EN00405,trottinette,Lille,ST1035,ST1041,2026-08-25 17:53:09,25/08/2026 18:04,11,2.55,3.42,paypal
TR2608250039828,CL105734,EN00392,velo_elec,Lille,ST1035,ST1046,2026-08-25 18:00:52,2026-08-25 18:05:52,5,1.66,2.25,abonnement
TR2608250039829,CL101566,EN00499,velo,Lille,ST1038,ST1035,2026-08-25 17:47:19,1787673259,7,1.83,2.05,cb
TR2608250039830,CL101558,EN00483,trottinette,lille,ST1040,ST1041,2026-08-25 17:55:16,2026-08-25 18:13:16,18,4.58,4.96,paypal
TR2608250039831,CL101594,EN00363,velo_elec,Lille,ST1044,ST1042,2026-08-25 17:52:17,2026-08-25 18:02:17,10,3.38,3.5,cb
TR2608250039832,CL100408,EN00566,trottinette,Grenoble,ST1049,ST1054,2026-08-25 17:54:59,2026-08-25 18:11:59,17,4.77,4.74,cb
TR2608250039833,CL102565,EN00008,trottinette,Lyon,ST1001,ST1013,2026-08-25 18:11:26,2026-08-25 18:19:26,8,1.57,2.76,cb
TR2608250039834,CL104831,EN00115,velo_elec,Lyon,ST1003,ST1010,2026-08-25 18:06:38,2026-08-25 18:13:38,7,1.46,2.75,cb
TR2608250039835,CL106263,EN00130,velo_elec,Lyon,ST1010,ST1017,2026-08-25 18:12:22,25/08/2026 18:31,19,3.85,5.75,abonnement
TR2608250039836,CL106896,EN00129,velo_elec,Lyon ,ST1011,ST1009,2026-08-25 18:07:52,2026-08-25 18:17:52,5689,1.74,3.5,abonnement
TR2608250039837,CL104232,EN00192,velo_elec,Lyon,ST1012,ST1015,2026-08-25 18:08:06,1787674506,7,1.62,2.75,paypal
TR2608250039838,CL100169,EN00006,trottinette,Lyon,ST1016,ST1001,2026-08-25 18:03:19,2026-08-25 18:09:19,6,1.25,2.32,cb
TR2608250039839,CL108616,EN00209,velo_elec,Lyon,ST1018,ST1018,2026-08-25 18:15:21,2026-08-25 18:20:21,5,0.85,2.25,abonnement
TR2608250039840,CL106484,EN00321,velo_elec,Nantes,ST1021,ST1024,2026-08-25 18:11:53,2026-08-25 18:25:53,14,3.47,,cb
TR2608250039841,CL106103,EN00309,trottinette,nantes,ST1021,ST1021,2026-08-25 18:04:15,2026-08-25 18:12:15,8,1.35,2.76,abonnement
TR2608250039842,CL103790,EN00222,velo_elec,Nantes,ST1023,ST1026,2026-08-25 18:01:00,2026-08-25 18:16:00,15,3.72,4.75,cb
TR2608250039843,CL106576,EN00253,trottinette,Nantes,ST1023,ST1030,2026-08-25 18:06:52,2026-08-25 18:21:52,15,4.18,4.3,cb
TR2608250039844,CL100838,EN00356,velo,Nantes,ST1024,ST1031,2026-08-25 18:11:38,2026-08-25 18:17:38,6,1.47,1.9,abonnement
TR2608250039845,CL104830,EN00346,velo,Nantes,ST1024,ST1033,2026-08-25 18:04:12,2026-08-25 18:17:12,13,2.86,2.95,paypal
TR2608250039846,CL102223,EN00325,trottinette,Nantes,ST1031,ST1033,2026-08-25 18:10:56,2026-08-25 18:19:56,9,2.23,2.98,cb
TR2608250039847,CL102513,EN00411,trottinette,Lille,ST1034,ST1047,2026-08-25 18:02:51,2026-08-25 18:11:51,9,2.95,2.98,cb
TR2608250039848,CL104158,EN00472,velo_elec,Lille,ST1035,ST1041,2026-08-25 18:15:42,2026-08-25 18:21:42,6,1.47,2.5,cb
TR2608250039849,CL107791,EN00470,trottinette,Lille,ST1041,ST1038,2026-08-25 18:03:34,2026-08-25 18:31:34,28,5.14,7.16,cb
TR2608250039850,CL108130,EN00577,velo_elec,grenoble,ST1049,ST1050,2026-08-25 18:12:39,2026-08-25 18:16:39,4,1.26,2.0,abonnement
TR2608250039851,CL103686,EN00067,velo_elec,Lyon,ST1002,ST1008,25/08/2026 18:27,2026-08-25 18:36:03,9,2.32,3.25,cb
TR2608250039852,CL108576,EN00024,velo_elec,Lyon,ST1003,ST1004,25/08/2026 18:18,25/08/2026 18:34,16,3.88,5.0,cb
TR2608250039853,CL100668,EN00220,velo_elec,Lyon,ST1003,ST1018,2026-08-25 18:26:23,2026-08-25 18:49:23,23,7.09,6.75,cb
TR2608250039854,CL103859,EN00091,velo_elec,Lyon,ST1004,ST1010,25/08/2026 18:18,1787675070,6,1.65,2.5,cb
TR2608250039855,CL100526,EN00100,velo_elec,Lyonn,ST1004,ST1013,2026-08-25 18:18:01,25/08/2026 18:28,10,2.41,3.5,cb
TR2608250039856,CL105964,EN00115,velo_elec,Lyon,ST1010,ST1005,25/08/2026 18:19,2026-08-25 18:51:30,32,10.56,9.0,abonnement
TR2608250039857,CL105194,EN00105,velo_elec,Lyon,ST1010,ST1004,2026-08-25 18:19:01,1787675221,8,2.15,3.0,abonnement
TR2608250039858,CL103127,EN00163,trottinette,Lyon,ST1012,ST1012,25/08/2026 18:22,2026-08-25 18:27:48,5,1.14,2.1,abonnement
TR2608250039859,CL107859,EN00056,velo_elec,Lyon,ST1013,ST1011,2026-08-25 18:16:39,2026-08-25 18:22:39,6,1.17,2.5,abonnement
TR2608250039860,CL105050,EN00145,trottinette,Lyon,ST1014,ST1010,2026-08-25 18:23:10,1787675590,10,3.48,3.2,abonnement
TR2608250039861,CL101801,EN00095,trottinette,Lyon,ST1016,ST1004,2026-08-25 18:22:55,2026-08-25 18:46:55,24,7.37,6.28,cb
TR2608250039862,CL102676,EN00178,velo_elec,Lyon,ST1017,ST1014,1787674753,2026-08-25 18:24:13,5,0.93,2.25,cb
TR2608250039863,CL105046,EN00050,velo_elec,Lyon,ST1017,ST1012,2026-08-25 18:20:54,2026-08-25 18:26:54,6,1.83,2.5,paypal
TR2608250039864,CL108332,EN00349,velo_elec,Nantes,ST1021,ST1026,2026-08-25 18:26:38,25/08/2026 18:36,10,2.34,3.5,cb
TR2608250039865,CL105616,EN00233,velo_elec,Nantes,ST1022,ST1023,2026-08-25 18:16:16,2026-08-25 18:25:16,9,1.58,3.25,cb
TR2608250039866,CL102359,EN00285,trottinette,Nantes,ST1022,ST1029,2026-08-25 18:20:13,2026-08-25 18:43:13,23,4.28,6.06,paypal
TR2608250039867,CL104823,EN00354,velo_elec,Nante,ST1023,ST1022,1787674705,2026-08-25 18:24:25,6,0.98,2.5,paypal
TR2608250039868,CL106487,EN00254,velo_elec,Nantes,ST1025,ST1030,2026-08-25 18:21:39,2026-08-25 18:24:39,3,0.65,1.75,cb
TR2608250039869,CL108007,EN00238,velo_elec,NANTES,ST1031,ST1024,1787674534,2026-08-25 18:29:34,14,2.91,4.5,cb
TR2608250039870,CL101771,EN00360,trottinette,Nantes,ST1032,ST1030,2026-08-25 18:16:11,2026-08-25 18:20:11,4,1.15,1.88,cb
TR2608250039871,CL104073,EN00310,trottinette,Nantes,ST1033,ST1028,2026-08-25 18:26:53,2026-08-25 18:40:53,14,4.74,4.08,cb
TR2608250039872,CL105612,EN00441,velo_elec,Lille,ST1034,ST1043,2026-08-25 18:19:38,25/08/2026 18:33,14,2.62,4.5,abonnement
TR2608250039873,CL105507,EN00426,trottinette,Lille,ST1034,ST1044,2026-08-25 18:20:50,2026-08-25 18:24:50,4,1.12,1.88,paypal
TR2608250039874,CL104438,EN00455,velo_elec,Lille,ST1036,ST1043,25/08/2026 18:24,2026-08-25 18:28:34,4,0.9,2.0,abonnement
TR2608250039875,CL103466,EN00402,trottinette,Lille,ST1037,ST1041,2026-08-25 18:19:05,2026-08-25 18:24:05,5,0.76,2.1,cb
TR2608250039876,CL103254,EN00410,velo_elec,lille,ST1039,ST1037,2026-08-25 18:31:21,25/08/2026 18:40,9,2.82,3.25,cb
TR2608250039877,CL101082,EN00411,trottinette,Lille,ST1047,ST1034,1787675146,2026-08-25 18:31:46,6,1.9,2.32,cb
TR2608250039878,CL107693,EN00547,trottinette,Grenoble,ST1049,ST1051,2026-08-25 18:20:01,,4,1.31,1.88,cb
TR2608250039879,CL100525,EN00577,velo_elec,Grenoble,ST1050,ST1058,2026-08-25 18:18:09,2026-08-25 18:27:09,9,2.97,3.25,cb
TR2608250039880,CL101916,EN00183,velo_elec,Lyon,ST1001,ST1018,2026-08-25 18:37:31,2026-08-25 18:44:31,7,1.26,2.75,cb
TR2608250039881,CL104387,EN00190,trottinette,Lyon,ST1001,ST1001,2026-08-25 18:38:36,2026-08-25 18:51:36,8239,1.96,3.86,cb
TR2608250039882,CL107256,EN00198,velo_elec,Lyon,ST1002,ST1018,2026-08-25 18:45:24,25/08/2026 18:51,6,1.27,2.5,cb
TR2608250039883,CL101853,EN00112,velo_elec,Lyon,ST1003,ST1013,2026-08-25 18:33:56,2026-08-25 19:01:56,28,7.19,8.0,abonnement
TR2608250039884,CL104479,EN00105,velo_elec,Lyon,ST1004,ST1016,2026-08-25 18:34:16,25/08/2026 18:48,14,3.36,4.5,abonnement
TR2608250039885,CL108633,EN00062,trottinette,lyon,ST1004,ST1010,2026-08-25 18:43:13,25/08/2026 18:47,4,1.06,1.88,cb
TR2608250039886,CL106708,EN00068,velo_elec,Lyon,ST1008,ST1014,2026-08-25 18:39:00,2026-08-25 18:47:00,8,1.96,3.0,abonnement
TR2608250039887,CL100183,EN00202,trottinette,Lyon,ST1010,ST1006,,2026-08-25 19:09:03,24,7.3,6.28,abonnement
TR2608250039888,CL104620,EN00040,velo,Lyon,ST1016,ST1019,2026-08-25 18:40:17,2026-08-25 18:59:17,19,4.72,3.85,cb
TR2608250039889,CL105987,EN00319,velo_elec,Nantes,ST1022,ST1032,,1787676226,12,3.81,4.0,cb
TR2608250039890,CL104411,EN00357,trottinette,Nantes,ST1022,ST1032,2026-08-25 18:40:21,2026-08-25 19:04:21,24,7.25,6.28,cb
TR2608250039891,CL106543,EN00424,velo_elec, Lille,ST1034,ST1047,25/08/2026 18:30,2026-08-25 19:02:37,32,9.89,9.0,abonnement
TR2608250039892,CL101295,EN00495,trottinette,Lille,ST1035,ST1047,1787675514,25/08/2026 19:02,31,10.48,7.82,cb
TR2608250039893,CL103838,EN00488,velo_elec,Lille,ST1036,ST1040,,2026-08-25 18:45:27,11,2.17,3.75,cb
TR2608250039894,CL104641,EN00476,trottinette,Lille,ST1038,ST1045,2026-08-25 18:44:04,2026-08-25 19:01:04,17,3.01,4.74,abonnement
TR2608250039895,CL103958,EN00532,velo_elec,Grenoble,ST1055,ST1056,1787676199,1787676619,7,2.06,2.75,cb
TR2608250039896,CL105531,EN00103,trottinette,Lyon,ST1002,ST1013,2026-08-25 18:55:40,2026-08-25 19:31:40,36,8.33,8.92,abonnement
TR2608250039897,CL102862,EN00053,trottinette,Lyon,ST1002,ST1018,2026-08-25 18:47:35,,12,3.83,3.64,cb
TR2608250039898,CL104101,EN00024,velo_elec,Lyon,ST1004,ST1004,2026-08-25 18:51:27,2026-08-25 19:09:27,18,6.13,5.5,cb
TR2608250039899,CL108633,EN00095,trottinette,Lyon,ST1004,ST1007,2026-08-25 18:52:42,2026-08-25 19:06:42,14,2.92,4.08,cb
TR2608250039900,CL102689,EN00184,velo_elec,Lyon,ST1004,ST1010,2026-08-25 18:56:24,2026-08-25 19:01:24,5,1.08,2.25,abonnement
TR2608250039901,CL102874,EN00018,trottinette,Lyon,ST1011,ST1005,25/08/2026 18:58,2026-08-25 19:15:27,17,4.45,4.74,abonnement
TR2608250039902,CL101635,EN00183,velo_elec,Lyon,ST1018,ST1007,2026-08-25 18:57:04,2026-08-25 19:07:04,10,1.81,3.5,paypal
TR2608250039903,CL103878,EN00209,velo_elec,Lyon,ST1018,ST1006,2026-08-25 18:57:29,2026-08-25 19:05:29,8,2.65,3.0,cb
TR2608250039904,CL102680,EN00070,trottinette,Lyon,ST1019,ST1017,2026-08-25 18:54:23,2026-08-25 19:07:23,13,3.95,3.86,cb
TR2608250039905,CL101291,EN00292,velo_elec,Nantes,ST1020,ST1025,,25/08/2026 19:05,15,4.12,4.75,cb
TR2608250039906,CL106476,EN00309,trottinette,Nantes,ST1021,ST1026,2026-08-25 18:47:09,2026-08-25 18:54:09,7,2.11,2.54,abonnement
TR2608250039907,CL102279,EN00286,velo_elec,Nantes,ST1022,ST1030,2026-08-25 18:46:36,25/08/2026 18:49,3,0.85,1.75,cb
TR2608250039908,CL105189,EN00329,trottinette,Nantes,ST1022,ST1021,2026-08-25 18:51:09,2026-08-25 18:59:09,8,2.02,2.76,cb
TR2608250039909,CL100140,EN00233,velo_elec,Nantes,ST1023,ST1032,2026-08-25 18:47:38,2026-08-25 19:08:38,21,3.5,6.25,cb
TR2608250039910,CL108949,EN00278,trottinette,Nantes,ST1023,ST1027,2026-08-25 18:52:25,25/08/2026 19:10,18,2.83,4.96,cb
TR2608250039911,CL107515,EN00248,trottinette,nantes,ST1033,ST1025,2026-08-25 19:00:23,25/08/2026 19:24,24,5.76,6.28,cb
TR2608250039912,CL104475,EN00484,velo_elec,Lille,ST1034,ST1046,2026-08-25 18:54:58,2026-08-25 19:10:58,16,4.26,5.0,cb
TR2608250039913,CL100361,EN00389,trottinette,Lille,ST1034,ST1046,1787676666,2026-08-25 18:56:06,5,1.57,2.1,abonnement
TR2608250039914,CL100255,EN00496,velo_elec,Lille,ST1035,ST1040,1787676632,2026-08-25 19:05:32,15,3.04,4.75,abonnement
TR2608250039915,CL108255,EN00368,trottinette,Lille,ST1035,ST1044,25/08/2026 18:55,2026-08-25 19:05:25,10,2.56,3.2,abonnement
TR2608250039916,CL102251,EN00445,velo_elec,Lille,ST1036,ST1040,2026-08-25 18:47:39,2026-08-25 18:53:39,6,1.02,2.5,abonnement
TR2608250039917,CL103921,EN00410,velo_elec,Lille,ST1037,ST1040,2026-08-25 18:50:36,25/08/2026 19:08,18,5.31,5.5,abonnement
TR2608250039918,CL103879,EN00483,trottinette,Lille,ST1041,ST1040,1787676422,1787677082,11,2.71,3.42,abonnement
TR2608250039919,CL103200,EN00425,velo_elec,Lille,ST1042,ST1046,25/08/2026 18:53,1787678206,23,6.98,6.75,cb
TR2608250039920,CL104422,EN00392,velo_elec,Lille,ST1046,ST1034,2026-08-25 18:53:46,2026-08-25 19:14:46,21,5.83,6.25,cb
TR2608250039921,CL107247,EN00587,trottinette,Grenoble,ST1048,ST1054,2026-08-25 18:59:28,2026-08-25 19:05:28,6,1.62,2.32,cb
TR2608250039922,CL107849,EN00544,velo_elec,Grenoble,ST1052,ST1058,2026-08-25 18:47:57,2026-08-25 19:05:57,18,4.92,5.5,cb
TR2608250039923,CL104753,EN00566,trottinette,Grenoble,ST1054,ST1056,2026-08-25 18:52:42,2026-08-25 19:03:42,11,2.32,3.42,abonnement
TR2608250039924,CL101636,EN00534,trottinette,Grenoble,ST1056,ST1055,2026-08-25 18:49:22,25/08/2026 18:56,7,1.07,2.54,abonnement
TR2608250039925,CL104615,EN00085,velo_elec,Lyon,ST1001,ST1003,2026-08-25 19:02:13,2026-08-25 19:18:13,16,4.75,5.0,abonnement
TR2608250039926,CL106047,EN00066,trottinette,Lyon,ST1002,ST1012,2026-08-25 19:13:05,2026-08-25 19:18:05,5,1.16,2.1,abonnement
TR2608250039927,CL102405,EN00029,velo_elec,Lyon,ST1003,ST1014,25/08/2026 19:11,25/08/2026 19:32,21,4.99,6.25,cb
TR2608250039928,CL102297,EN00203,trottinette,Lyon,ST1019,ST1019,2026-08-25 19:11:24,2026-08-25 19:24:24,13,2.64,3.86,cb
TR2608250039929,CL105706,EN00332,trottinette,Nantes,ST1020,ST1026,2026-08-25 19:04:54,2026-08-25 19:17:54,13,4.01,3.86,cb
TR2608250039930,CL105062,EN00258,trottinette,Nantes,ST1021,ST1027,2026-08-25 19:10:11,2026-08-25 19:15:11,5,1.47,2.1,abonnement
TR2608250039931,CL106764,EN00254,velo_elec,Nantes,ST1030,ST1022,2026-08-25 19:03:31,2026-08-25 19:14:31,11,3.55,3.75,cb
TR2608250039932,CL105478,EN00312,trottinette,Nantes,ST1031,ST1028,2026-08-25 19:01:43,2026-08-25 19:09:43,8,1.51,2.76,cb
TR2608250039933,CL102271,EN00334,trottinette,Nantes,ST1031,ST1023,2026-08-25 19:06:56,25/08/2026 19:37,31,8.34,7.82,cb
TR2608250039934,CL105176,EN00435,trottinette,Lille,ST1035,ST1041,25/08/2026 19:05,2026-08-25 19:18:29,13,2.17,3.86,abonnement
TR2608250039935,CL107392,EN00388,velo_elec,Lille,ST1041,ST1038,2026-08-25 19:04:25,2026-08-25 19:22:25,18,4.68,5.5,abonnement
TR2608250039936,CL102096,EN00363,velo_elec,Lille,ST1042,ST1041,,2026-08-25 19:28:21,20,5.88,6.0,abonnement
TR2608250039937,CL103240,EN00464,trottinette,Lille,ST1047,ST1041,2026-08-25 19:08:07,25/08/2026 19:14,6,1.39,2.32,cb
TR2608250039938,CL107671,EN00065,trottinette,Lyon,ST1001,ST1008,,,6,2.06,2.32,abonnement
TR2608250039939,CL100587,EN00028,trottinette,Lyonn,ST1001,ST1016,2026-08-25 19:27:41,2026-08-25 19:35:41,8,2.59,2.76,cb
TR2608250039940,CL105460,EN00013,velo_elec,Lyon,ST1003,ST1011,1787678555,2026-08-25 19:32:35,10,1.9,3.5,cb
TR2608250039941,CL108024,EN00054,trottinette,Lyon,ST1011,ST1004,2026-08-25 19:17:27,25/08/2026 19:25,8,2.33,2.76,abonnement
TR2608250039942,CL106651,EN00044,trottinette,Lyon,ST1014,ST1019,1787678339,2026-08-25 19:24:59,6,0.91,2.32,paypal
TR2608250039943,CL101954,EN00063,velo_elec,Lyon,ST1018,ST1012,2026-08-25 19:22:37,2026-08-25 19:32:37,10,2.23,3.5,cb
TR2608250039944,CL108110,EN00301,velo_elec,Nantes,ST1020,ST1021,2026-08-25 19:23:57,2026-08-25 19:25:57,2,0.55,1.5,abonnement
TR2608250039945,CL107564,EN00266,velo_elec,Nantes,ST1021,ST1028,25/08/2026 19:27,2026-08-25 19:42:03,15,3.18,4.75,cb
TR2608250039946,CL103319,EN00254,velo_elec,Nantes,ST1022,ST1025,2026-08-25 19:26:45,1787680485,28,9.24,8.0,cb
TR2608250039947,CL105910,EN00232,trottinette,Nantes,ST1026,ST1023,2026-08-25 19:20:16,2026-08-25 19:37:16,17,5.92,4.74,cb
TR2608250039948,CL104355,EN00229,trottinette,Nantes,ST1033,ST1033,2026-08-25 19:19:03,25/08/2026 19:30,11,2.07,3.42,paypal
TR2608250039949,CL101661,EN00395,trottinette,Lille,ST1036,ST1038,2026-08-25 19:24:53,2026-08-25 19:41:53,17,3.84,4.74,cb
TR2608250039950,CL104775,EN00442,trottinette,Lille,ST1036,ST1044,2026-08-25 19:19:54,2026-08-25 19:25:54,6,1.57,2.32,cb
TR2608250039951,CL101753,EN00424,velo_elec,Lille,ST1047,ST1038,2026-08-25 19:26:13,2026-08-25 20:01:13,35,5.63,9.75,abonnement
TR2608250039952,CL106932,EN00587,trottinette,Grenoble,ST1054,ST1057,2026-08-25 19:18:32,,16,4.77,4.52,cb
TR2608250039953,CL107280,EN00006,trottinette,Lyon,ST1001,ST1017,2026-08-25 19:33:36,2026-08-25 19:35:36,2,0.38,1.44,cb
TR2608250039954,CL102396,EN00083,velo_elec,Lyon,ST1001,ST1011,,2026-08-25 19:59:11,19,5.91,5.75,cb
TR2608250039955,CL106435,EN00213,trottinette,Lyon,ST1002,ST1018,2026-08-25 19:39:22,2026-08-25 19:46:22,7,2.1,2.54,paypal
TR2608250039956,CL101690,EN00071,velo_elec,Lyon,ST1002,ST1013,2026-08-25 19:35:50,1787679890,9,2.18,3.25,cb
TR2608250039957,CL108010,EN00085,velo_elec,Lyon,ST1003,ST1015,2026-08-25 19:32:47,25/08/2026 19:44,12,2.82,4.0,abonnement
TR2608250039958,CL107109,EN00209,velo_elec,Lyon,ST1006,ST1014,2026-08-25 19:37:29,2026-08-25 19:57:29,20,5.15,6.0,abonnement
TR2608250039959,CL102449,EN00099,velo_elec,Lyon,ST1009,ST1015,25/08/2026 19:36,25/08/2026 19:45,9,3.08,3.25,cb
TR2608250039960,CL102250,EN00050,velo_elec,Lyon,ST1012,ST1019,1787679291,2026-08-25 19:52:51,18,4.12,5.5,abonnement
TR2608250039961,CL104275,EN00105,velo_elec,Lyon,ST1016,ST1013,2026-08-25 19:36:01,2026-08-25 19:46:01,10,2.34,3.5,cb
TR2608250039962,CL100250,EN00301,velo_elec,Nantes,ST1021,ST1031,25/08/2026 19:35,2026-08-25 19:40:07,5,1.61,2.25,cb
TR2608250039963,CL103596,EN00230,velo_elec,Nantes,ST1026,ST1026,2026-08-25 19:38:49,2026-08-25 19:55:49,17,5.08,5.25,cb
TR2608250039964,CL107951,EN00332,trottinette,Nantes,ST1026,ST1025,2026-08-25 19:30:56,2026-08-25 19:53:56,23,7.21,6.06,abonnement
TR2608250039965,CL106308,EN00310,trottinette,Nantes,ST1028,ST1023,25/08/2026 19:42,2026-08-25 19:58:07,16,4.52,4.52,abonnement
TR2608250039966,CL103642,EN00411,trottinette,Lille,ST1034,ST1035,2026-08-25 19:38:12,2026-08-25 19:42:12,4,1.18,1.88,abonnement
TR2608250039967,CL102207,EN00370,velo_elec,lille,ST1035,ST1041,2026-08-25 19:40:43,2026-08-25 19:51:43,11,2.63,3.75,cb
TR2608250039968,CL107788,EN00382,trottinette,Lille,ST1035,ST1046,2026-08-25 19:36:20,2026-08-25 19:55:20,19,6.07,5.18,cb
TR2608250039969,CL104915,EN00388,velo_elec,Lille,ST1038,ST1045,25/08/2026 19:37,2026-08-25 19:44:14,7,1.45,2.75,cb
TR2608250039970,CL107640,EN00472,velo_elec, Lille,ST1041,ST1040,25/08/2026 19:38,2026-08-25 19:51:18,13,4.41,4.25,paypal
TR2608250039971,CL108809,EN00426,trottinette,Lille,ST1044,ST1045,2026-08-25 19:33:11,2026-08-25 19:37:11,4,0.79,1.88,
TR2608250039972,CL100768,EN00579,trottinette,Grenoble,ST1049,ST1050,2026-08-25 19:33:56,2026-08-25 19:51:56,18,3.29,4.96,cb
TR2608250039973,CL100930,EN00524,velo_elec,Grenoble,ST1049,ST1050,2026-08-25 19:35:56,2026-08-25 19:49:56,14,2.52,4.5,cb
TR2608250039974,CL107625,EN00003,velo_elec,Lyon,ST1001,ST1017,2026-08-25 19:45:28,2026-08-25 19:52:28,7,2.23,2.75,paypal
TR2608250039975,CL106449,EN00054,trottinette,Lyon,ST1004,ST1014,2026-08-25 19:48:31,25/08/2026 19:59,11,2.91,3.42,abonnement
TR2608250039976,CL108387,EN00018,trottinette,Lyon,ST1005,ST1005,2026-08-25 19:51:07,2026-08-25 20:02:07,11,3.75,3.42,
TR2608250039977,CL101529,EN00202,trottinette,Lyon,ST1006,ST1007,,2026-08-25 20:12:13,21,3.49,5.62,cb
TR2608250039978,CL107914,EN00146,trottinette,Lyon,ST1007,ST1016,2026-08-25 19:49:21,25/08/2026 19:59,10,2.62,3.2,abonnement
TR2608250039979,CL105141,EN00099,velo_elec,Lyon,ST1015,ST1005,2026-08-25 19:58:07,2026-08-25 20:05:07,7,1.7,2.75,cb
TR2608250039980,CL105482,EN00044,trottinette,Lyon,ST1019,ST1001,2026-08-25 19:52:57,2026-08-25 20:04:57,12,1.85,3.64,cb
TR2608250039981,CL105116,EN00329,trottinette,Nantes,ST1021,ST1032,25/08/2026 19:50,2026-08-25 20:06:25,16,5.1,4.52,cb
TR2608250039982,CL101319,EN00291,velo_elec,Nantes,ST1021,ST1031,2026-08-25 19:59:34,2026-08-25 20:04:34,5,1.45,2.25,cb
TR2608250039983,CL103805,EN00232,trottinette,Nantes,ST1023,ST1031,1787680002,2026-08-25 20:00:42,14,2.22,4.08,paypal
TR2608250039984,CL107945,EN00228,trottinette,Nante,ST1028,ST1027,2026-08-25 20:00:49,2026-08-25 20:14:49,14,3.28,4.08,paypal
TR2608250039985,CL106432,EN00441,velo_elec,Lille,ST1043,ST1044,2026-08-25 19:51:51,2026-08-25 19:58:51,7,2.36,2.75,cb
TR2608250039986,CL101861,EN00380,velo_elec,Lille,ST1044,ST1046,1787680565,2026-08-25 20:06:05,10,3.01,3.5,abonnement
TR2608250039987,CL104805,EN00414,velo_elec,Lille,ST1047,ST1039,2026-08-25 19:50:49,25/08/2026 19:59,9,2.02,3.25,paypal
TR2608250039988,CL108170,EN00504,trottinette,Grenoble,ST1049,ST1049,2026-08-25 20:00:34,2026-08-25 20:02:34,2,0.51,1.44,cb
TR2608250039989,CL106779,EN00061,trottinette,LYON,ST1001,ST1019,,2026-08-25 20:16:08,7,1.91,2.54,cb
TR2608250039990,CL100755,EN00068,velo_elec,Lyon,ST1014,ST1001,2026-08-25 20:07:15,2026-08-25 20:12:15,5,1.27,2.25,paypal
TR2608250039991,CL102987,EN00316,velo_elec,Nantes,ST1020,ST1028,2026-08-25 20:07:06,2026-08-25 20:42:06,35,8.34,9.75,cb
TR2608250039992,CL103319,EN00321,velo_elec,Nantes,ST1024,ST1031,2026-08-25 20:03:29,1787681429,7,1.49,2.75,cb
TR2608250039993,CL108903,EN00285,trottinette,Nantes,ST1029,ST1026,2026-08-25 20:09:12,1787682012,11,2.96,3.42,cb
TR2608250039994,CL104967,EN00410,velo_elec,Lille,ST1040,ST1036,25/08/2026 20:05,2026-08-25 20:07:30,2,0.54,1.5,paypal
TR2608250039995,CL100967,EN00388,velo_elec,Lille,ST1045,ST1039,2026-08-25 20:12:22,2026-08-25 20:34:22,22,5.18,6.5,cb
TR2608250039996,CL104337,EN00426,trottinette,Lille,ST1045,ST1036,2026-08-25 20:07:03,2026-08-25 20:28:03,21,3.59,5.62,
TR2608250039997,CL104470,EN00515,trottinette,Grenoble,ST1056,ST1056,2026-08-25 20:04:50,2026-08-25 20:28:50,24,5.02,6.28,paypal
TR2608250039998,CL103831,EN00530,velo_elec,Grenoble,ST1057,ST1053,2026-08-25 20:05:16,2026-08-25 20:07:16,2,0.54,1.5,paypal
TR2608250039999,CL100776,EN00014,velo_elec,Lyon,ST1003,ST1019,1787682585,1787683425,14,3.67,4.5,abonnement
TR2608250040000,CL102407,EN00099,velo_elec,Lyon,ST1005,ST1018,2026-08-25 20:27:13,2026-08-25 20:42:13,15,2.67,4.75,abonnement
TR2608250040001,CL100557,EN00129,velo_elec,Lyon,ST1009,ST1002,2026-08-25 20:29:35,2026-08-25 20:43:35,14,2.72,4.5,cb
TR2608250040002,CL108998,EN00057,velo_elec,Lyon,ST1013,ST1006,2026-08-25 20:20:06,25/08/2026 20:41,21,6.67,6.25,abonnement
TR2608250040003,CL106572,EN00085,velo_elec,Lyon,ST1015,ST1007,2026-08-25 20:25:00,2026-08-25 20:41:00,16,3.19,5.0,cb
TR2608250040004,CL102225,EN00146,trottinette,Lyon,ST1016,ST1008,2026-08-25 20:19:35,25/08/2026 20:24,5,1.74,2.1,abonnement
TR2608250040005,CL927916,EN00294,velo_elec,Nantes,ST1021,ST1029,1787682026,2026-08-25 20:36:26,16,2.49,5.0,cb
TR2608250040006,CL100790,EN00334,trottinette,Nantes,ST1023,ST1024,2026-08-25 20:30:59,2026-08-25 20:36:59,6,1.23,2.32,cb
TR2608250040007,CL100384,EN00310,trottinette,Nantes,ST1023,ST1021,2026-08-25 20:23:14,2026-08-25 20:32:14,9,2.58,2.98,cb
TR2608250040008,CL107697,EN00240,trottinette,Nantes,ST1025,ST1031,2026-08-25 20:24:07,2026-08-25 20:37:07,13,2.28,3.86,cb
TR2608250040009,CL104250,EN00230,velo_elec,Nantes,ST1026,ST1026,2026-08-25 20:27:59,1787683499,17,3.43,5.25,abonnement
TR2608250040010,CL105196,EN00258,trottinette,Nantes,ST1027,ST1026,,2026-08-25 20:33:30,5,1.57,2.1,cb
TR2608250040011,CL102924,EN00392,velo_elec,Lille,ST1034,ST1044,2026-08-25 20:24:05,2026-08-25 20:35:05,11,2.59,3.75,cb
TR2608250040012,CL101640,EN00455,velo_elec,Lille,ST1043,ST1038,2026-08-25 20:19:19,25/08/2026 20:30,11,3.35,3.75,cb
TR2608250040013,CL956086,EN00036,velo_elec,Lyon,ST1008,ST1015,2026-08-25 20:44:29,2026-08-25 20:50:29,6,1.04,2.5,abonnement
TR2608250040014,CL107421,EN00097,velo_elec,lyon,ST1011,ST1003,2026-08-25 20:44:32,1787684672,20,5.42,6.0,abonnement
TR2608250040015,CL105199,EN00070,trottinette,LYON,ST1017,ST1006,2026-08-25 20:35:17,1787683337,7,2.3,2.54,abonnement
TR2608250040016,CL108398,EN00034,velo_elec,Lyon,ST1018,ST1009,2026-08-25 20:36:54,2026-08-25 20:51:54,15,3.21,4.75,abonnement
TR2608250040017,CL104364,EN00177,velo_elec,Lyon,ST1019,ST1008,2026-08-25 20:45:23,2026-08-25 21:06:23,21,5.15,6.25,abonnement
TR2608250040018,CL104851,EN00238,velo_elec,Nantes,ST1024,ST1024,2026-08-25 20:42:12,2026-08-25 21:04:12,22,5.38,6.5,abonnement
TR2608250040019,CL105147,EN00459,velo_elec,Lille,ST1047,ST1034,2026-08-25 20:34:56,2026-08-25 20:58:56,24,4.46,7.0,cb
TR2608250040020,CL100584,EN00495,trottinette,Lille,ST1047,ST1042,2026-08-25 20:43:17,2026-08-25 20:51:17,8,2.15,2.76,paypal
TR2608250040021,CL108170,EN00534,trottinette,grenoble,ST1055,ST1055,2026-08-25 20:31:41,2026-08-25 20:47:41,16,3.9,4.52,cb
TR2608250040022,CL100003,EN00541,velo_elec,Grenoble,ST1055,ST1057,2026-08-25 20:38:18,2026-08-25 20:45:18,7,1.27,2.75,
TR2608250040023,CL102759,EN00556,trottinette,Grenoble,ST1057,ST1058,2026-08-25 20:38:54,1787683734,10,1.51,3.2,cb
TR2608250040024,CL103057,EN00129,velo_elec,Lyon,ST1002,ST1011,2026-08-25 20:45:53,25/08/2026 21:03,18,4.42,5.5,cb
TR2608250040025,CL105555,EN00018,trottinette,Lyon,ST1005,ST1013,2026-08-25 20:59:44,,17,2.86,4.74,abonnement
TR2608250040026,CL102796,EN00029,velo_elec,Lyon,ST1014,ST1008,25/08/2026 20:48,2026-08-25 21:01:32,13,2.35,4.25,cb
TR2608250040027,CL101332,EN00307,trottinette,Nantes,ST1021,ST1028,25/08/2026 20:58,2026-08-25 21:33:42,35,9.82,8.7,cb
TR2608250040028,CL103044,EN00327,velo_elec,Nantes,ST1025,ST1022,2026-08-25 20:59:26,2026-08-25 21:37:26,38,7.49,10.5,abonnement
TR2608250040029,CL104015,EN00349,velo_elec,nantes,ST1026,ST1028,25/08/2026 20:58,1787685207,15,3.0,4.75,abonnement
TR2608250040030,CL108167,EN00441,velo_elec,Lille,ST1044,ST1042,2026-08-25 20:54:23,2026-08-25 21:29:23,35,10.17,9.75,abonnement
TR2608250040031,CL107021,EN00535,velo_elec,Grenoble,ST1048,ST1048,2026-08-25 20:51:03,2026-08-25 20:57:03,6,1.83,2.5,cb
TR2608250040032,CL104213,EN00533,velo_elec,Grenoble,ST1058,ST1055,1787683848,2026-08-25 21:25:48,35,11.97,9.75,cb
TR2608250040033,CL102441,EN00459,velo_elec,Lille,ST1034,ST1044,2026-08-25 21:01:44,25/08/2026 21:35,34,9.45,9.5,cb
TR2608250040034,CL103769,EN00535,velo_elec,GRENOBLE,ST1048,ST1052,1787685261,2026-08-25 21:41:21,27,6.42,7.75,abonnement
TR2608250040035,CL103071,EN00115,velo_elec,Lyon,ST1005,ST1019,2026-08-25 21:21:12,2026-08-25 21:30:12,9,1.47,3.25,cb
TR2608250040036,CL104703,EN00235,trottinette,Nantes,ST1023,ST1030,25/08/2026 21:23,25/08/2026 21:30,7,1.6,2.54,cb
TR2608250040037,CL102463,EN00530,velo_elec,grenoble,ST1053,ST1050,2026-08-25 21:18:41,2026-08-25 21:32:41,14,4.05,4.5,abonnement
TR2608250040038,CL105475,EN00093,velo_elec,LYON,ST1010,ST1014,2026-08-25 21:43:15,2026-08-25 21:52:15,9,2.33,3.25,cb
TR2608250040039,CL101456,EN00063,velo_elec,Lyon,ST1012,ST1010,2026-08-25 21:44:28,2026-08-25 21:52:28,8,1.71,,cb
TR2608250040040,CL108981,EN00334,trottinette,Nantes,ST1024,ST1029,2026-08-25 21:43:40,2026-08-25 21:57:40,14,3.04,4.08,abonnement
TR2608250040041,CL103677,EN00228,trottinette,Nante,ST1027,ST1023,25/08/2026 21:31,2026-08-25 21:46:39,15,5.12,4.3,cb
TR2608250040042,CL104355,EN00319,velo_elec,Nantes,ST1032,ST1032,2026-08-25 21:37:11,2026-08-25 21:44:11,7,1.59,2.75,abonnement
TR2608250040043,CL106846,EN00410,velo_elec,Lille,ST1036,ST1035,2026-08-25 21:41:06,2026-08-25 22:10:06,29,6.2,8.25,cb
TR2608250040044,CL102801,EN00456,trottinette,Lille,ST1043,ST1034,2026-08-25 21:41:36,2026-08-25 21:52:36,11,2.37,3.42,cb
TR2608250040045,CL102526,EN00056,velo_elec,Lyon,ST1011,ST1017,2026-08-25 21:57:30,2026-08-25 22:20:30,23,5.21,6.75,abonnement
TR2608250040046,CL106181,EN00178,velo_elec,Lyon,ST1014,ST1016,2026-08-25 21:54:01,2026-08-25 22:25:01,31,7.06,8.75,cb
TR2608250040047,CL106832,EN00292,velo_elec,Nantes,ST1025,ST1022,2026-08-25 21:57:12,,12,3.34,4.0,paypal
TR2608250040048,CL107742,EN00278,trottinette,NANTES,ST1027,ST1031,2026-08-25 21:49:27,1787687907,9,1.92,2.98,cb
TR2608250040049,CL107797,EN00240,trottinette,Nantes,ST1031,ST1023,2026-08-25 21:46:00,2026-08-25 21:57:00,11,2.73,3.42,cb
TR2608250040050,CL101502,EN00317,trottinette,Nantes,ST1033,ST1027,2026-08-25 22:01:09,1787689269,20,4.72,5.4,abonnement
TR2608250040051,CL106547,EN00485,trottinette, Lille,ST1036,ST1040,25/08/2026 21:48,2026-08-25 21:56:21,8,1.31,2.76,abonnement
TR2608250040052,CL100514,EN00476,trottinette,Lille,ST1045,ST1046,2026-08-25 21:55:27,2026-08-25 22:07:27,12,1.81,3.64,paypal
TR2608250040053,CL106907,EN00145,trottinette,Lyon,ST1010,ST1004,2026-08-25 22:11:06,25/08/2026 22:45,34,9.89,8.48,
TR2608250040054,CL105300,EN00276,velo_elec,Nantes,ST1025,ST1028,1787688931,2026-08-25 22:27:31,12,3.15,4.0,paypal
TR2608250040055,CL107940,EN00334,trottinette,Nantes,ST1029,ST1020,2026-08-25 22:06:53,2026-08-25 22:12:53,6,1.13,2.32,abonnement
TR2608250040056,CL104238,EN00163,trottinette,Lyon ,ST1012,ST1014,2026-08-25 22:16:59,2026-08-25 22:31:59,-22,3.13,4.3,cb
TR2608250040057,CL102042,EN00267,trottinette,Nantes,ST1033,ST1028,2026-08-25 22:19:55,2026-08-25 22:34:55,15,5.14,4.3,cb
TR2608250040058,CL100447,EN00173,velo_elec,Lyon,ST1011,ST1017,2026-08-25 22:45:52,2026-08-25 23:08:52,23,6.78,6.75,cb
TR2608250040059,CL107444,EN00099,velo_elec,Lyon,ST1018,ST1018,25/08/2026 22:43,2026-08-25 22:57:29,14,3.82,4.5,cb
TR2608250040060,CL105950,EN00294,velo_elec,Nantes,ST1029,ST1022,2026-08-25 22:33:35,2026-08-25 22:46:35,13,2.33,4.25,cb
TR2608250040061,CL102748,EN00460,velo_elec,lille,ST1045,ST1047,2026-08-25 22:39:20,2026-08-25 23:03:20,24,7.08,7.0,cb
TR2608250040062,CL100425,EN00070,trottinette,Lyon,ST1006,ST1001,2026-08-25 22:48:59,2026-08-25 22:54:59,6,1.0,2.32,cb
TR2608250040063,CL101971,EN00056,velo_elec,Lyon ,ST1017,ST1010,2026-08-25 22:59:16,2026-08-25 23:12:16,13,3.74,4.25,abonnement
TR2608250040064,CL100610,EN00470,trottinette,Lille,ST1038,ST1038,2026-08-25 22:59:18,2026-08-25 23:03:18,4,1.1,1.88,cb
TR2608250040065,CL108091,EN00561,velo_elec,Grenoble,ST1048,ST1050,25/08/2026 22:49,2026-08-25 23:04:33,15,3.54,4.75,abonnement
TR2608250040066,CL105442,EN00066,trottinette,Lyon,ST1012,ST1009,2026-08-25 23:03:42,2026-08-25 23:19:42,16,3.37,4.52,abonnement
TR2608250040067,CL100508,EN00129,velo_elec,Lyon,ST1011,ST1013,2026-08-25 23:17:39,2026-08-25 23:41:39,24,7.56,7.0,cb
TR2608250040068,CL108628,EN00175,trottinette,Lyon,ST1011,ST1001,2026-08-25 23:29:57,25/08/2026 23:31,2,0.39,1.44,abonnement
TR2608250040069,CL108518,EN00263,trottinette,Nantes,ST1033,ST1025,25/08/2026 23:24,25/08/2026 23:37,13,3.5,3.86,paypal
TR2608250040070,CL100353,EN00238,velo_elec,Nantes,ST1024,ST1024,2026-08-25 23:35:08,2026-08-26 00:05:08,30,4.68,8.5,paypal
TR2608250040071,CL100583,EN00240,trottinette,Nantes,ST1023,ST1032,2026-08-25 23:52:32,25/08/2026 23:59,7,2.25,2.54,abonnement
TR2608250040072,CL107559,EN00317,trottinette,Nantes,ST1027,ST1023,25/08/2026 23:56,2026-08-26 00:08:57,12,3.42,3.64,paypal
