trajet_id,client_id,engin_id,type_engin,ville,station_depart,station_arrivee,debut,fin,duree_min,distance_km,montant_eur,moyen_paiement
TR2609050050981,CL102335,EN00104,trottinette,Lyon,ST1008,ST1016,2026-09-05 00:13:36,2026-09-05 00:32:36,19,3.32,5.18,paypal
TR2609050050982,CL101805,EN00459,velo_elec,Lille,ST1040,ST1035,2026-09-05 00:02:04,2026-09-05 00:09:04,7,1.96,2.75,paypal
TR2609050050983,CL102120,EN00246,trottinette,Nantes,ST1026,ST1022,2026-09-05 00:22:53,2026-09-05 00:29:53,7,2.0,2.54,abonnement
TR2609050050984,CL106218,EN00362,velo_elec,Lille,ST1036,ST1044,2026-09-05 00:26:58,2026-09-05 00:55:58,29,4.49,8.25,abonnement
TR2609050050985,CL100144,EN00196,velo_elec,Lyon ,ST1015,ST1012,2026-09-05 00:35:26,05/09/2026 00:58,23,3.65,6.75,cb
TR2609050050986,CL101284,EN00517,trottinette,Grenoble ,ST1053,ST1056,1788561927,05/09/2026 00:54,9,1.7,2.98,cb
TR2609050050987,CL100646,EN00515,trottinette,Grenoble,ST1054,ST1057,2026-09-05 00:36:23,2026-09-05 00:53:23,17,4.82,4.74,abonnement
TR2609050050988,CL102206,EN00507,trottinette,Grenoble,ST1049,ST1048,2026-09-05 00:49:51,2026-09-05 01:16:51,27,5.17,6.94,paypal
TR2609050050989,CL106885,EN00451,velo_elec,Lille,ST1045,ST1044,2026-09-05 01:28:59,2026-09-05 01:32:59,4,1.03,2.0,abonnement
TR2609050050990,CL100718,EN00204,velo_elec,Lyonn,ST1012,ST1003,2026-09-05 01:39:27,2026-09-05 01:54:27,15,4.63,4.75,abonnement
TR2609050050991,CL103678,EN00303,velo_elec,Nantes,ST1030,ST1025,2026-09-05 01:33:18,2026-09-05 01:39:18,6,2.01,2.5,paypal
TR2609050050992,CL102839,EN00413,trottinette,Lille,ST1046,ST1044,2026-09-05 01:52:08,1788566288,6,1.69,2.32,cb
TR2609050050993,CL105987,EN00327,velo_elec,Nantes,ST1024,ST1030,,05/09/2026 02:32,18,4.19,5.5,abonnement
TR2609050050994,CL101785,EN00336,velo_elec,Nantes,ST1020,ST1031,2026-09-05 02:51:28,2026-09-05 02:55:28,4,0.66,2.0,cb
TR2609050050995,CL100666,EN00571,trottinette,Grenoble,ST1052,ST1058,05/09/2026 03:15,2026-09-05 03:24:07,9,2.13,2.98,paypal
TR2609050050996,CL108447,EN00409,trottinette,Lille,ST1045,ST1042,2026-09-05 03:46:35,05/09/2026 03:52,6,1.67,2.32,cb
TR2609050050997,CL107202,EN00524,velo_elec,Grenoble,ST1057,ST1057,2026-09-05 04:30:25,2026-09-05 04:44:25,14,4.5,4.5,cb
TR2609050050998,CL105971,EN00578,velo_elec,Grenoble,ST1058,ST1055,2026-09-05 04:16:18,2026-09-05 04:25:18,9,2.32,3.25,abonnement
TR2609050050999,CL105126,EN00085,velo_elec,Lyon,ST1014,ST1016,2026-09-05 04:49:02,,4,0.76,2.0,abonnement
TR2609050051000,CL104368,EN00506,trottinette,Grenoble,ST1052,ST1051,05/09/2026 05:35,2026-09-05 05:46:06,11,3.67,3.42,cb
TR2609050051001,CL104444,EN00196,velo_elec,Lyon,ST1016,ST1013,2026-09-05 06:00:07,2026-09-05 06:07:07,7,2.1,2.75,cb
TR2609050051002,CL107676,EN00141,velo_elec,Lyon,ST1017,ST1007,2026-09-05 06:11:42,2026-09-05 06:22:42,11,3.57,3.75,cb
TR2609050051003,CL916617,EN00393,trottinette,Lille,ST1044,ST1039,2026-09-05 06:10:34,2026-09-05 06:19:34,9,1.6,2.98,cb
TR2609050051004,CL107293,EN00121,trottinette,Lyon,ST1004,ST1014,2026-09-05 06:18:35,05/09/2026 06:43,25,7.35,6.5,cb
TR2609050051005,CL102338,EN00314,trottinette,Nantes,ST1020,ST1032,2026-09-05 06:21:49,2026-09-05 06:32:49,11,2.44,3.42,
TR2609050051006,CL107413,EN00549,velo_elec,grenoble,ST1056,ST1057,2026-09-05 06:17:26,2026-09-05 06:28:26,11,2.64,3.75,cb
TR2609050051007,CL101829,EN00245,velo_elec,Nantes,ST1029,ST1033,05/09/2026 06:32,05/09/2026 06:55,23,4.8,6.75,abonnement
TR2609050051008,CL105345,EN00400,trottinette,lille,ST1038,ST1038,2026-09-05 06:41:38,2026-09-05 07:20:38,39,8.45,9.58,abonnement
TR2609050051009,CL106959,EN00170,trottinette,LYON,ST1011,ST1007,05/09/2026 06:58,2026-09-05 07:13:36,15,3.97,4.3,abonnement
TR2609050051010,CL100996,EN00033,trottinette,Lyon,ST1017,ST1012,1788583956,05/09/2026 07:06,14,4.43,4.08,cb
TR2609050051011,CL103146,EN00160,velo_elec,Lyon,ST1005,ST1004,2026-09-05 07:04:24,2026-09-05 07:15:24,11,1.88,3.75,cb
TR2609050051012,CL106571,EN00162,velo_elec,Lyon,ST1018,ST1013,2026-09-05 07:01:57,05/09/2026 07:07,6,1.23,2.5,abonnement
TR2609050051013,CL108306,EN00585,velo_elec,Grenoble,ST1052,ST1056,2026-09-05 07:01:38,2026-09-05 07:11:38,10,1.62,3.5,abonnement
TR2609050051014,CL107485,EN00524,velo_elec,Grenoble,ST1057,ST1050,2026-09-05 07:02:33,2026-09-05 07:09:33,7,2.45,2.75,cb
TR2609050051015,CL106607,EN00173,velo_elec,Lyon,ST1003,ST1014,2026-09-05 07:20:24,1788585984,6,1.88,2.5,abonnement
TR2609050051016,CL107032,EN00214,trottinette,Lyon,ST1005,ST1013,05/09/2026 07:17,05/09/2026 07:39,22,5.87,5.84,abonnement
TR2609050051017,CL108745,EN00095,trottinette,LYON,ST1009,ST1006,2026-09-05 07:19:20,2026-09-05 07:32:20,13,2.52,3.86,cb
TR2609050051018,CL102861,EN00062,trottinette,Lyon,ST1011,ST1018,2026-09-05 07:17:26,2026-09-05 07:26:26,9,1.39,2.98,paypal
TR2609050051019,CL105739,EN00113,velo_elec,Lyon,ST1016,ST1008,2026-09-05 07:17:20,2026-09-05 07:27:20,10,3.13,3.5,cb
TR2609050051020,CL102870,EN00109,trottinette,Lyon,ST1018,ST1017,2026-09-05 07:24:30,2026-09-05 07:45:30,21,3.65,5.62,cb
TR2609050051021,CL102789,EN00358,trottinette,Nantes,ST1021,ST1024,2026-09-05 07:18:40,2026-09-05 07:23:40,5,1.48,2.1,abonnement
TR2609050051022,CL103762,EN00406,velo_elec,Lille,ST1043,ST1042,,2026-09-05 07:32:49,11,3.8,3.75,abonnement
TR2609050051023,CL106850,EN00484,velo_elec,Lille,ST1047,ST1045,2026-09-05 07:21:04,2026-09-05 07:27:04,6,2.01,2.5,cb
TR2609050051024,CL106602,EN00130,velo_elec,Lyon,ST1001,ST1011,2026-09-05 07:32:14,2026-09-05 07:36:14,4,1.25,2.0,cb
TR2609050051025,CL108751,EN00140,trottinette,Lyon,ST1001,ST1008,2026-09-05 07:38:02,2026-09-05 08:05:02,27,8.18,6.94,cb
TR2609050051026,CL100065,EN00354,velo_elec,Nantes,ST1025,ST1029,05/09/2026 07:46,05/09/2026 07:54,8,2.04,3.0,cb
TR2609050051027,CL106600,EN00533,velo_elec,Grenoble,ST1050,ST1052,2026-09-05 07:40:59,2026-09-05 07:53:59,13,2.32,4.25,cb
TR2609050051028,CL106499,EN00503,trottinette,Grenoble ,ST1056,ST1056,2026-09-05 07:36:30,2026-09-05 07:55:30,19,5.02,5.18,cb
TR2609050051029,CL103643,EN00460,velo_elec,Lille,ST1037,ST1035,05/09/2026 07:49,05/09/2026 08:06,17,4.6,5.25,abonnement
TR2609050051030,CL105683,EN00363,velo_elec,Lille,ST1039,ST1042,05/09/2026 07:51,05/09/2026 08:00,9,2.05,3.25,cb
TR2609050051031,CL102126,EN00522,velo_elec,grenoble,ST1051,ST1048,2026-09-05 08:01:27,2026-09-05 08:11:27,10,2.94,3.5,abonnement
TR2609050051032,CL103284,EN00598,velo_elec,grenoble,ST1054,ST1052,2026-09-05 07:46:09,2026-09-05 08:02:09,16,4.73,5.0,cb
TR2609050051033,CL104550,EN00208,velo_elec,Lyon,ST1002,ST1017,2026-09-05 08:13:40,2026-09-05 08:22:40,9,1.74,3.25,abonnement
TR2609050051034,CL100579,EN00041,velo_elec,Lyon,ST1002,ST1017,1788588810,2026-09-05 08:27:30,14,3.57,4.5,abonnement
TR2609050051035,CL107815,EN00056,velo_elec,Lyon,ST1015,ST1001,2026-09-05 08:02:50,05/09/2026 08:18,16,5.0,5.0,cb
TR2609050051036,CL103255,EN00035,velo_elec,Lyon,ST1016,ST1005,2026-09-05 08:07:22,2026-09-05 08:24:22,17,4.22,5.25,cb
TR2609050051037,CL102504,EN00227,trottinette,Nantes,ST1020,ST1025,2026-09-05 08:11:06,2026-09-05 08:18:06,7,1.58,2.54,cb
TR2609050051038,CL102223,EN00289,trottinette,Nantes,ST1022,ST1030,1788588712,2026-09-05 08:26:52,15,5.1,4.3,abonnement
TR2609050051039,CL105285,EN00272,trottinette,Nante,ST1026,ST1024,1788588697,2026-09-05 08:44:37,33,5.64,8.26,cb
TR2609050051040,CL105556,EN00404,trottinette,LILLE,ST1038,ST1040,2026-09-05 08:12:38,2026-09-05 08:43:38,31,5.02,7.82,cb
TR2609050051041,CL108159,EN00042,trottinette,LYON,ST1005,ST1010,2026-09-05 08:29:16,2026-09-05 08:46:16,17,4.72,4.74,paypal
TR2609050051042,CL105798,EN00115,velo_elec,Lyon,ST1009,ST1008,1788589201,2026-09-05 08:43:01,23,3.5,6.75,abonnement
TR2609050051043,CL101710,EN00342,velo_elec,Nantes,ST1022,ST1024,2026-09-05 08:19:13,2026-09-05 08:25:13,6,1.42,2.5,paypal
TR2609050051044,CL102758,EN00249,velo_elec,Nantes,ST1033,ST1032,2026-09-05 08:27:59,2026-09-05 08:29:59,2,0.68,1.5,abonnement
TR2609050051045,CL104641,EN00480,velo_elec,Lille,ST1039,ST1034,1788589445,1788590105,11,2.72,3.75,cb
TR2609050051046,CL104221,EN00552,trottinette,Grenoble,ST1049,ST1052,05/09/2026 08:18,2026-09-05 08:29:20,11,3.67,3.42,abonnement
TR2609050051047,CL100902,EN00523,velo_elec,Grenoble,ST1055,ST1057,05/09/2026 08:24,2026-09-05 08:47:06,23,6.64,6.75,abonnement
TR2609050051048,CL921184,EN00182,trottinette,Lyon,ST1003,ST1003,2026-09-05 08:38:50,05/09/2026 08:45,7,1.24,2.54,paypal
TR2609050051049,CL108792,EN00002,velo_elec,Lyon,ST1019,ST1014,2026-09-05 08:43:25,2026-09-05 08:56:25,13,3.12,4.25,cb
TR2609050051050,CL102604,EN00281,velo_elec,Nantes,ST1020,ST1021,05/09/2026 08:36,2026-09-05 08:43:31,7,1.84,2.75,cb
TR2609050051051,CL102287,EN00246,trottinette,Nantes,ST1030,ST1033,2026-09-05 08:37:35,2026-09-05 08:59:35,22,5.34,5.84,paypal
TR2609050051052,CL920738,EN00315,velo_elec,Nantes,ST1033,ST1024,2026-09-05 08:37:06,2026-09-05 08:54:06,17,4.14,5.25,abonnement
TR2609050051053,CL104726,EN00589,velo_elec,Grenoble,ST1049,ST1055,2026-09-05 08:31:10,2026-09-05 08:40:10,9,1.41,3.25,paypal
TR2609050051054,CL100086,EN00553,trottinette,Grenoble,ST1051,ST1051,2026-09-05 08:36:07,2026-09-05 08:55:07,19,3.59,,cb
TR2609050051055,CL103928,EN00504,trottinette,Grenoble,ST1053,ST1055,2026-09-05 08:44:47,2026-09-05 08:50:47,6,1.71,2.32,cb
TR2609050051056,CL100129,EN00514,velo_elec,Grenoble,ST1057,ST1055,2026-09-05 08:33:26,2026-09-05 08:52:26,-18,3.95,5.75,cb
TR2609050051057,CL105686,EN00227,trottinette,Nantes,ST1025,ST1026,,2026-09-05 09:03:04,14,3.63,4.08,paypal
TR2609050051058,CL100567,EN00295,velo_elec,Nantes,ST1032,ST1020,1788591252,2026-09-05 09:01:12,7,1.76,2.75,abonnement
TR2609050051059,CL102840,EN00484,velo_elec,Lille,ST1045,ST1045,2026-09-05 08:53:58,2026-09-05 09:02:58,9,1.74,3.25,abonnement
TR2609050051060,CL108629,EN00509,trottinette,Grenoble,ST1050,ST1058,2026-09-05 08:47:02,2026-09-05 08:58:02,11,3.0,3.42,abonnement
TR2609050051061,CL106541,EN00591,velo_elec,Grenoble,ST1053,ST1054,2026-09-05 08:57:50,2026-09-05 09:02:50,5,0.76,2.25,paypal
TR2609050051062,CL107013,EN00518,trottinette,Grenoble ,ST1055,ST1056,2026-09-05 08:48:16,2026-09-05 09:15:16,27,6.03,6.94,abonnement
TR2609050051063,CL100286,EN00596,velo_elec,Grenoble,ST1058,ST1052,2026-09-05 08:58:56,2026-09-05 09:01:56,3,1.01,1.75,cb
TR2609050051064,CL108648,EN00189,trottinette,Lyon,ST1014,ST1011,2026-09-05 09:13:55,2026-09-05 09:18:55,5,1.18,2.1,cb
TR2609050051065,CL100599,EN00066,trottinette,Lyon,ST1017,ST1016,05/09/2026 09:13,2026-09-05 09:30:23,17,5.14,4.74,abonnement
TR2609050051066,CL104866,EN00193,trottinette,Lyon,ST1018,ST1011,2026-09-05 09:05:48,2026-09-05 09:16:48,11,3.7,3.42,cb
TR2609050051067,CL102998,EN00319,velo_elec,Nantes,ST1026,ST1024,2026-09-05 09:11:06,05/09/2026 09:19,8,1.81,3.0,paypal
TR2609050051068,CL106525,EN00264,trottinette,nantes,ST1030,ST1020,2026-09-05 09:12:14,2026-09-05 09:27:14,15,5.19,4.3,cb
TR2609050051069,CL105455,EN00439,velo_elec,Lille,ST1040,ST1044,2026-09-05 09:01:49,2026-09-05 09:17:49,16,3.06,5.0,paypal
TR2609050051070,CL103483,EN00382,trottinette,Lille,ST1042,ST1043,2026-09-05 09:14:21,2026-09-05 09:37:21,23,4.41,6.06,cb
TR2609050051071,CL106426,EN00403,trottinette,lille,ST1043,ST1041,2026-09-05 09:12:31,2026-09-05 09:34:31,22,6.63,5.84,cb
TR2609050051072,CL100116,EN00554,velo_elec,Grenoble,ST1049,ST1056,2026-09-05 09:09:59,05/09/2026 09:34,-22,8.59,7.25,paypal
TR2609050051073,CL105971,EN00504,trottinette,grenoble,ST1055,ST1052,2026-09-05 09:15:36,1788593316,13,3.46,3.86,cb
TR2609050051074,CL101526,EN00509,trottinette,Grenoble,ST1058,ST1053,2026-09-05 09:09:33,2026-09-05 09:19:33,10,1.98,3.2,cb
TR2609050051075,CL107436,EN00584,trottinette,Grenoble,ST1058,ST1049,05/09/2026 09:12,2026-09-05 09:42:33,30,5.3,7.6,cb
TR2609050051076,CL100656,EN00101,velo_elec,Lyonn,ST1003,ST1005,2026-09-05 09:19:16,2026-09-05 09:33:16,14,2.31,4.5,cb
TR2609050051077,CL107968,EN00200,trottinette,Lyon,ST1003,ST1007,05/09/2026 09:18,1788593124,7,1.16,2.54,paypal
TR2609050051078,CL107386,EN00191,trottinette,lyon,ST1004,ST1011,2026-09-05 09:20:42,05/09/2026 09:41,21,4.73,5.62,paypal
TR2609050051079,CL107718,EN00163,trottinette,Lyon,ST1007,ST1016,2026-09-05 09:26:18,1788594738,26,8.28,6.72,cb
TR2609050051080,CL108395,EN00212,trottinette,Lyon,ST1015,ST1009,2026-09-05 09:20:28,2026-09-05 09:34:28,14,2.78,4.08,abonnement
TR2609050051081,CL100071,EN00023,trottinette,Lyon,ST1017,ST1008,2026-09-05 09:27:17,2026-09-05 09:38:17,11,2.06,3.42,abonnement
TR2609050051082,CL102900,EN00280,trottinette,Nantes,ST1021,ST1020,,2026-09-05 09:32:25,5,1.43,2.1,abonnement
TR2609050051083,CL105098,EN00238,velo_elec,Nantes,ST1022,ST1024,2026-09-05 09:26:46,2026-09-05 09:57:46,31,9.17,8.75,cb
TR2609050051084,CL107400,EN00358,trottinette,Nantes,ST1024,ST1020,2026-09-05 09:20:46,2026-09-05 09:30:46,10,3.49,3.2,
TR2609050051085,CL108768,EN00352,velo_elec,Nantes,ST1028,ST1032,1788593257,05/09/2026 09:30,3,0.82,,cb
TR2609050051086,CL101362,EN00354,velo_elec,Nantes,ST1029,ST1032,2026-09-05 09:29:16,05/09/2026 09:42,13,2.57,4.25,abonnement
TR2609050051087,CL102932,EN00289,trottinette,Nantes,ST1030,ST1028,2026-09-05 09:24:00,2026-09-05 09:43:00,19,4.7,5.18,abonnement
TR2609050051088,CL105020,EN00336,velo_elec,Nantes,ST1031,ST1022,2026-09-05 09:23:57,2026-09-05 09:39:57,16,5.34,5.0,cb
TR2609050051089,CL105950,EN00321,velo_elec,Nantes,ST1033,ST1023,2026-09-05 09:21:12,,10,2.13,3.5,abonnement
TR2609050051090,CL101786,EN00480,velo_elec,Lille,ST1034,ST1045,2026-09-05 09:18:04,2026-09-05 09:25:04,7,1.8,2.75,cb
TR2609050051091,CL104114,EN00394,velo_elec,Lille,ST1035,ST1040,2026-09-05 09:25:16,2026-09-05 09:44:16,19,5.5,5.75,cb
TR2609050051092,CL104117,EN00488,velo_elec,Lille,ST1036,ST1039,2026-09-05 09:25:28,1788594448,22,7.04,6.5,cb
TR2609050051093,CL107397,EN00567,velo_elec,Grenoble,ST1048,ST1049,2026-09-05 09:19:47,2026-09-05 09:32:47,13,4.03,4.25,abonnement
TR2609050051094,CL102438,EN00558,trottinette,Grenoble,ST1050,ST1057,2026-09-05 09:28:09,2026-09-05 09:37:09,9,1.95,2.98,abonnement
TR2609050051095,CL100218,EN00523,velo_elec,Grenoble,ST1057,ST1053,2026-09-05 09:26:15,2026-09-05 09:31:15,5,0.84,2.25,cb
TR2609050051096,CL107342,EN00549,velo_elec,Grenoble,ST1057,ST1048,2026-09-05 09:17:49,2026-09-05 09:34:49,17,2.85,5.25,cb
TR2609050051097,CL107277,EN00035,velo_elec,Lyon,ST1005,ST1016,2026-09-05 09:43:55,2026-09-05 09:53:55,10,3.46,3.5,cb
TR2609050051098,CL104319,EN00105,velo_elec,Lyon,ST1010,ST1016,2026-09-05 09:44:26,2026-09-05 10:05:26,21,4.26,6.25,cb
TR2609050051099,CL102148,EN00055,trottinette,Lyon ,ST1011,ST1016,,2026-09-05 09:45:31,5,1.57,2.1,cb
TR2609050051100,CL104363,EN00026,trottinette,Lyon,ST1018,ST1016,2026-09-05 09:35:22,2026-09-05 09:44:22,9,2.9,2.98,abonnement
TR2609050051101,CL108465,EN00104,trottinette,Lyon,ST1019,ST1001,2026-09-05 09:41:54,2026-09-05 09:53:54,12,2.71,3.64,abonnement
TR2609050051102,CL104270,EN00317,trottinette,Nantes,ST1024,ST1033,2026-09-05 09:40:03,2026-09-05 09:56:03,16,3.13,4.52,cb
TR2609050051103,CL106878,EN00286,velo_elec,Nantes,ST1024,ST1020,2026-09-05 09:46:12,2026-09-05 10:08:12,22,6.2,6.5,cb
TR2609050051104,CL106387,EN00300,velo_elec,Nantes,ST1030,ST1031,2026-09-05 09:45:08,2026-09-05 10:21:08,36,5.82,10.0,cb
TR2609050051105,CL104222,EN00352,velo_elec,Nantes,ST1032,ST1030,2026-09-05 09:33:57,1788594537,15,4.93,4.75,cb
TR2609050051106,CL107125,EN00361,trottinette,Lille,ST1035,ST1037,2026-09-05 09:39:51,05/09/2026 09:44,5,1.32,2.1,cb
TR2609050051107,CL107526,EN00498,trottinette,Lille,ST1038,ST1042,1788593594,05/09/2026 10:02,29,6.3,7.38,cb
TR2609050051108,CL102769,EN00379,velo_elec,Lille,ST1039,ST1040,05/09/2026 09:44,2026-09-05 09:52:41,8,1.24,3.0,cb
TR2609050051109,CL102090,EN00391,velo_elec,Lille,ST1047,ST1034,2026-09-05 09:34:26,2026-09-05 09:44:26,10,1.75,3.5,cb
TR2609050051110,CL100033,EN00524,velo_elec,Grenoble,ST1050,ST1048,2026-09-05 09:33:01,2026-09-05 09:50:01,17,5.6,5.25,
TR2609050051111,CL100307,EN00561,velo_elec,Grenoble,ST1051,ST1054,2026-09-05 09:41:29,2026-09-05 09:48:29,7,1.45,2.75,cb
TR2609050051112,CL103734,EN00569,trottinette,Grenoble,ST1051,ST9458,2026-09-05 09:44:26,2026-09-05 09:52:26,8,1.93,2.76,cb
TR2609050051113,CL101019,EN00560,velo_elec,Grenoble,ST1052,ST1051,2026-09-05 09:42:17,2026-09-05 09:48:17,6,1.12,2.5,abonnement
TR2609050051114,CL106520,EN00146,trottinette,Lyon,ST1006,ST1006,2026-09-05 09:53:24,2026-09-05 10:21:24,28,8.74,7.16,
TR2609050051115,CL106368,EN00200,trottinette,Lyon,ST1007,ST1014,2026-09-05 09:54:44,2026-09-05 10:22:44,28,9.69,7.16,cb
TR2609050051116,CL107854,EN00034,velo_elec,Lyon,ST1013,ST1006,05/09/2026 09:52,2026-09-05 10:17:09,25,3.89,7.25,cb
TR2609050051117,CL102335,EN00192,velo_elec,Lyon,ST1014,ST1011,1788594763,2026-09-05 10:03:43,11,2.24,3.75,cb
TR2609050051118,CL107262,EN00135,trottinette,Lyon,ST1014,ST1008,2026-09-05 09:59:50,2026-09-05 10:13:50,14,3.02,4.08,cb
TR2609050051119,CL106531,EN00062,trottinette,Lyon,ST1018,ST1008,2026-09-05 09:55:41,2026-09-05 10:24:41,29,4.87,7.38,abonnement
TR2609050051120,CL105137,EN00336,velo_elec,Nantes,ST1022,ST1030,2026-09-05 09:54:31,1788595411,-11,3.08,3.25,cb
TR2609050051121,CL101829,EN00272,trottinette,Nantes,ST1024,ST1027,2026-09-05 09:53:16,2026-09-05 10:25:16,32,11.1,8.04,cb
TR2609050051122,CL100552,EN00333,trottinette,Nantes,ST1030,ST1020,2026-09-05 09:53:36,2026-09-05 10:28:36,35,8.44,8.7,abonnement
TR2609050051123,CL105712,EN00243,velo,Nantes,ST1030,ST1031,2026-09-05 09:56:41,2026-09-05 10:05:41,9,3.12,2.35,cb
TR2609050051124,CL103094,EN00240,trottinette,Nantes,ST1031,ST1025,2026-09-05 09:48:32,2026-09-05 09:58:32,10,1.89,3.2,cb
TR2609050051125,CL106814,EN00314,trottinette,Nantes,ST1032,ST1028,2026-09-05 09:51:38,,10,2.6,3.2,cb
TR2609050051126,CL108758,EN00417,trottinette,Lille,ST1047,ST1047,2026-09-05 09:50:55,2026-09-05 10:03:55,13,2.66,3.86,abonnement
TR2609050051127,CL106133,EN00509,trottinette,Grenoble,ST1053,ST1051,2026-09-05 09:54:20,2026-09-05 10:03:20,9,2.01,2.98,cb
TR2609050051128,CL102761,EN00215,velo_elec,Lyon,ST1001,ST1017,1788595390,2026-09-05 10:09:10,6,1.18,2.5,paypal
TR2609050051129,CL105392,EN00102,velo_elec,Lyon,ST1002,ST1004,2026-09-05 10:05:54,2026-09-05 10:18:54,13,4.28,4.25,cb
TR2609050051130,CL103909,EN00108,velo_elec,Lyon,ST1002,ST1006,05/09/2026 10:01,2026-09-05 10:20:27,19,3.59,5.75,cb
TR2609050051131,CL105802,EN00195,velo_elec,Lyon,ST1002,ST1003,2026-09-05 10:11:06,2026-09-05 11:21:06,70,11.5,18.5,cb
TR2609050051132,CL101383,EN00075,trottinette,Lyon,ST1003,ST1012,2026-09-05 10:09:14,2026-09-05 10:14:14,5,1.01,2.1,abonnement
TR2609050051133,CL101920,EN00182,trottinette,Lyon,ST1003,ST1016,2026-09-05 10:04:26,2026-09-05 10:16:26,12,3.45,3.64,cb
TR2609050051134,CL106857,EN00145,trottinette,LYON,ST1005,ST1001,1788596113,2026-09-05 10:32:13,17,2.69,4.74,cb
TR2609050051135,CL106641,EN00101,velo_elec,Lyon,ST1005,ST1015,2026-09-05 10:02:20,2026-09-05 10:06:20,4,1.33,2.0,paypal
TR2609050051136,CL101485,EN00207,velo_elec,Lyon,ST1008,ST1009,2026-09-05 10:05:34,2026-09-05 10:11:34,6,1.03,2.5,cb
TR2609050051137,CL101027,EN00023,trottinette,Lyon,ST1008,ST1018,2026-09-05 10:00:50,2026-09-05 10:35:50,35,12.22,8.7,abonnement
TR2609050051138,CL108579,EN00184,velo_elec,lyon,ST1010,ST1014,2026-09-05 10:10:12,2026-09-05 10:18:12,8,2.74,3.0,abonnement
TR2609050051139,CL104964,EN00201,velo_elec,Lyon,ST1012,ST1002,1788595650,2026-09-05 10:14:30,7,2.27,2.75,cb
TR2609050051140,CL108654,EN00054,trottinette,Lyon,ST1013,ST1014,2026-09-05 10:04:08,2026-09-05 10:17:08,13,2.64,,cb
TR2609050051141,CL102919,EN00204,velo_elec,Lyon,ST1013,ST1007,2026-09-05 10:13:07,2026-09-05 10:35:07,22,6.48,6.5,cb
TR2609050051142,CL104351,EN00084,velo_elec,Lyon,ST1015,ST1001,2026-09-05 10:11:43,05/09/2026 10:27,16,4.11,5.0,paypal
TR2609050051143,CL105518,EN00213,trottinette,Lyon,ST1015,ST1007,2026-09-05 10:14:55,05/09/2026 11:18,64,15.42,15.08,cb
TR2609050051144,CL108789,EN00055,trottinette,LYON,ST1016,ST1007,2026-09-05 10:13:09,05/09/2026 10:23,10,2.19,3.2,abonnement
TR2609050051145,CL105929,EN00208,velo_elec,Lyon,ST1017,ST1007,1788595830,2026-09-05 10:19:30,9,3.14,3.25,abonnement
TR2609050051146,CL100779,EN00281,velo_elec,Nantes,ST1021,ST1030,2026-09-05 10:09:49,2026-09-05 10:16:49,7,2.07,2.75,cb
TR2609050051147,CL106077,EN00230,velo_elec,Nantes,ST1021,ST1029,2026-09-05 10:01:10,05/09/2026 10:11,10,3.05,3.5,cb
TR2609050051148,CL104389,EN00285,trottinette,Nantes,ST1023,ST1030,2026-09-05 10:11:28,2026-09-05 10:25:28,14,2.56,4.08,cb
TR2609050051149,CL107205,EN00240,trottinette,Nantes,ST1025,ST1025,05/09/2026 10:03,2026-09-05 10:12:13,9,2.11,2.98,
TR2609050051150,CL105427,EN00221,velo_elec,Nantes,ST1026,ST1031,2026-09-05 10:08:29,2026-09-05 10:27:29,19,3.72,5.75,cb
TR2609050051151,CL101875,EN00332,trottinette,Nantes,ST1028,ST1032,2026-09-05 10:09:27,2026-09-05 10:28:27,19,5.94,5.18,cb
TR2609050051152,CL108335,EN00352,velo_elec,Nantes,ST1030,ST1030,05/09/2026 10:04,2026-09-05 10:14:55,10,1.7,3.5,cb
TR2609050051153,CL105407,EN00445,velo_elec,Lille,ST1038,ST1044,05/09/2026 10:03,2026-09-05 10:11:42,8,1.32,3.0,cb
TR2609050051154,CL105742,EN00449,trottinette,Lille,ST1038,ST1047,2026-09-05 10:02:05,2026-09-05 10:16:05,14,3.98,4.08,abonnement
TR2609050051155,CL101597,EN00424,velo_elec,Lille,ST1038,ST1034,1788595680,2026-09-05 10:13:00,5,0.96,2.25,abonnement
TR2609050051156,CL100791,EN00443,velo_elec,Lille,ST1040,ST1040,2026-09-05 10:04:33,2026-09-05 10:08:33,4,0.82,2.0,cb
TR2609050051157,CL102184,EN00430,velo_elec,Lille,ST1040,ST1040,1788595632,2026-09-05 10:22:12,15,4.4,4.75,cb
TR2609050051158,CL107689,EN00421,velo_elec, Lille,ST1042,ST1035,05/09/2026 10:04,2026-09-05 10:18:56,14,3.17,4.5,cb
TR2609050051159,CL108212,EN00382,trottinette,Lille,ST1043,ST1037,05/09/2026 10:16,2026-09-05 10:27:19,11,3.37,3.42,cb
TR2609050051160,CL104608,EN00479,trottinette,Lille,ST1043,ST1035,2026-09-05 10:05:18,2026-09-05 10:19:18,14,2.91,4.08,abonnement
TR2609050051161,CL102926,EN00596,velo_elec,Grenoble,ST1052,ST1056,05/09/2026 10:02,05/09/2026 10:21,19,4.32,5.75,cb
TR2609050051162,CL102361,EN00591,velo_elec,Grenoble,ST1054,ST1057,2026-09-05 10:12:04,,29,9.0,8.25,paypal
TR2609050051163,CL107368,EN00514,velo_elec,Grenoble,ST1055,ST1055,2026-09-05 10:09:43,2026-09-05 10:16:43,7,1.47,2.75,cb
TR2609050051164,CL103490,EN00558,trottinette,Grenoble,ST1057,ST1058,2026-09-05 10:12:32,05/09/2026 10:30,18,5.46,4.96,cb
TR2609050051165,CL104169,EN00214,trottinette,Lyon,ST1013,ST1014,2026-09-05 10:24:35,2026-09-05 10:27:35,3,0.65,1.66,abonnement
TR2609050051166,CL105011,EN00196,velo_elec,Lyon,ST1013,ST1010,2026-09-05 10:27:30,2026-09-05 10:37:30,10,2.09,3.5,abonnement
TR2609050051167,CL100113,EN00211,velo_elec,Lyon,ST1015,ST1009,05/09/2026 10:27,2026-09-05 10:31:34,4,1.2,2.0,cb
TR2609050051168,CL106533,EN00215,velo_elec,Lyon,ST1017,ST1014,05/09/2026 10:26,2026-09-05 10:34:34,8,2.54,3.0,abonnement
TR2609050051169,CL104056,EN00321,velo_elec,Nantes,ST1023,ST1025,05/09/2026 10:21,2026-09-05 10:31:15,10,1.97,3.5,abonnement
TR2609050051170,CL101677,EN00305,velo_elec,Nantes,ST1023,ST1026,2026-09-05 10:24:04,2026-09-05 10:31:04,7,1.88,2.75,cb
TR2609050051171,CL103006,EN00240,trottinette,Nantes,ST1025,ST1022,2026-09-05 10:21:45,1788596925,7,1.96,2.54,abonnement
TR2609050051172,CL104038,EN00230,velo_elec,Nantes,ST1029,ST1029,2026-09-05 10:20:11,2026-09-05 10:39:11,19,6.31,5.75,abonnement
TR2609050051173,CL106450,EN00317,trottinette,Nantes,ST1033,ST1020,2026-09-05 10:27:57,2026-09-05 10:41:57,14,2.53,4.08,paypal
TR2609050051174,CL107090,EN00464,trottinette,Lille,ST1035,ST1035,05/09/2026 10:24,2026-09-05 10:28:05,4,1.12,1.88,cb
TR2609050051175,CL102441,EN00462,velo_elec,Lille,ST1041,ST1037,2026-09-05 10:18:36,2026-09-05 10:24:36,6,1.82,2.5,abonnement
TR2609050051176,CL100558,EN00392,velo_elec,Lille,ST1041,ST1042,2026-09-05 10:24:33,05/09/2026 10:47,23,5.63,6.75,paypal
TR2609050051177,CL108812,EN00415,trottinette,Lille,ST1043,ST1043,2026-09-05 10:30:47,2026-09-05 10:38:47,8,2.64,2.76,cb
TR2609050051178,CL105954,EN00440,trottinette,Lille,ST1044,ST1047,2026-09-05 10:30:45,2026-09-05 10:36:45,6,1.62,2.32,abonnement
TR2609050051179,CL107266,EN00435,trottinette,Lille,ST1044,ST1036,05/09/2026 10:17,2026-09-05 10:24:24,7,1.5,2.54,cb
TR2609050051180,CL101803,EN00480,velo_elec,Lille,ST1045,ST1035,05/09/2026 10:28,2026-09-05 10:55:08,27,5.46,7.75,
TR2609050051181,CL103862,EN00512,velo_elec,Grenoble,ST1048,ST1048,1788596795,2026-09-05 10:39:35,13,4.02,4.25,cb
TR2609050051182,CL100859,EN00560,velo_elec,Grenoble,ST1051,ST1058,2026-09-05 10:16:01,2026-09-05 10:31:01,15,2.82,4.75,cb
TR2609050051183,CL104941,EN00504,trottinette,Grenoble,ST1052,ST1054,2026-09-05 10:26:50,05/09/2026 10:33,7,1.52,2.54,abonnement
TR2609050051184,CL100860,EN00598,velo_elec,Grenoble,ST1052,ST1056,2026-09-05 10:20:24,,16,3.11,5.0,paypal
TR2609050051185,CL107502,EN00552,trottinette,Grenoble,ST1052,ST1054,2026-09-05 10:17:10,2026-09-05 10:25:10,8,1.9,2.76,abonnement
TR2609050051186,CL105143,EN00526,velo_elec,Grenoble,ST1056,ST1053,1788596893,2026-09-05 10:48:13,20,5.22,6.0,cb
TR2609050051187,CL102573,EN00588,velo_elec,Grenoble,ST1058,ST1054,2026-09-05 10:23:49,2026-09-05 10:36:49,13,2.46,4.25,
TR2609050051188,CL107009,EN00031,velo_elec,Lyon,ST1001,ST1017,2026-09-05 10:35:04,2026-09-05 10:48:04,13,3.24,4.25,cb
TR2609050051189,CL103698,EN00201,velo_elec,Lyon,ST1002,ST1007,2026-09-05 10:44:08,05/09/2026 10:56,12,3.0,4.0,cb
TR2609050051190,CL103817,EN00179,trottinette,Lyon,ST1004,ST1003,2026-09-05 10:36:11,2026-09-05 10:45:11,9,1.66,,abonnement
TR2609050051191,CL100858,EN00167,trottinette,Lyon,ST1004,ST1017,2026-09-05 10:33:35,2026-09-05 10:42:35,9,2.77,2.98,paypal
TR2609050051192,CL101983,EN00025,velo_elec,Lyon,ST1005,ST1009,05/09/2026 10:37,2026-09-05 10:50:15,13,4.51,4.25,abonnement
TR2609050051193,CL100587,EN00055,trottinette,Lyon,ST1007,ST1019,2026-09-05 10:36:19,05/09/2026 10:52,16,2.93,4.52,cb
TR2609050051194,CL104590,EN00044,trottinette,Lyon,ST1009,ST1013,2026-09-05 10:41:04,2026-09-05 10:48:04,7,1.66,2.54,cb
TR2609050051195,CL104835,EN00175,trottinette,Lyon,ST1010,ST1018,2026-09-05 10:35:54,2026-09-05 10:55:54,20,3.47,5.4,cb
TR2609050051196,CL100888,EN00042,trottinette,Lyonn,ST1010,ST1012,2026-09-05 10:41:25,05/09/2026 10:55,14,3.82,4.08,cb
TR2609050051197,CL105848,EN00077,trottinette,LYON,ST1011,ST1018,2026-09-05 10:36:56,2026-09-05 10:46:56,10,1.82,3.2,cb
TR2609050051198,CL105408,EN00162,velo_elec,Lyon,ST1013,ST1014,2026-09-05 10:39:42,2026-09-05 10:43:42,4,0.64,2.0,abonnement
TR2609050051199,CL105454,EN00347,trottinette,Nantes,ST1023,ST1031,2026-09-05 10:37:09,2026-09-05 10:59:09,22,6.69,5.84,abonnement
TR2609050051200,CL106776,EN00321,velo_elec,Nante,ST1025,ST1029,2026-09-05 10:34:41,2026-09-05 10:52:41,18,3.85,5.5,abonnement
TR2609050051201,CL105384,EN00259,trottinette,Nantes,ST1027,ST1031,2026-09-05 10:32:13,2026-09-05 10:35:13,3,0.95,1.66,paypal
TR2609050051202,CL108621,EN00334,trottinette,Nantes,ST1028,ST1028,1788597627,2026-09-05 10:48:27,8,1.56,2.76,cb
TR2609050051203,CL108965,EN00352,velo_elec,Nantes,ST1030,ST1025,2026-09-05 10:33:07,2026-09-05 11:16:07,43,11.42,11.75,cb
TR2609050051204,CL101449,EN00276,velo_elec,Nante,ST1031,ST1026,2026-09-05 10:35:39,2026-09-05 10:45:39,10,2.0,3.5,paypal
TR2609050051205,CL106365,EN00400,trottinette,Lille,ST1038,ST1039,2026-09-05 10:44:22,2026-09-05 11:06:22,22,5.82,5.84,cb
TR2609050051206,CL107036,EN00488,velo_elec,Lille,ST1039,ST1044,05/09/2026 10:40,2026-09-05 11:09:36,29,4.92,8.25,cb
TR2609050051207,CL101381,EN00472,velo_elec,Lille,ST1039,ST1044,1788597206,2026-09-05 10:53:26,20,3.41,6.0,paypal
TR2609050051208,CL106451,EN00409,trottinette,Lille,ST1042,ST1043,2026-09-05 10:43:24,,36,7.7,8.92,cb
TR2609050051209,CL106134,EN00439,velo_elec,Lille,ST1044,ST1038,2026-09-05 10:45:29,2026-09-05 10:55:29,10,2.0,3.5,cb
TR2609050051210,CL102969,EN00509,trottinette,Grenoble,ST1051,ST1058,2026-09-05 10:31:53,2026-09-05 10:44:53,13,4.25,3.86,cb
TR2609050051211,CL103640,EN00533,velo_elec,Grenoble,ST1052,ST1054,1788597946,2026-09-05 10:51:46,6,1.57,2.5,cb
TR2609050051212,CL105636,EN00523,velo_elec,Grenoble,ST1053,ST1051,05/09/2026 10:32,2026-09-05 10:40:24,8,1.61,3.0,abonnement
TR2609050051213,CL108291,EN00561,velo_elec,Grenoble,ST1054,ST1057,1788597208,2026-09-05 10:51:28,18,5.15,5.5,paypal
TR2609050051214,CL106436,EN00530,velo_elec,Grenoble,ST1057,ST1056,2026-09-05 10:39:46,2026-09-05 11:00:46,21,5.84,6.25,
TR2609050051215,CL106823,EN00135,trottinette,Lyon,ST1008,ST1005,2026-09-05 10:46:25,1788598765,13,3.13,3.86,cb
TR2609050051216,CL108796,EN00358,trottinette,Nantes,ST1020,ST1023,2026-09-05 10:56:04,2026-09-05 11:03:04,7,1.94,2.54,abonnement
TR2609050051217,CL106184,EN00327,velo_elec,Nantes,ST1021,ST1030,2026-09-05 10:49:44,2026-09-05 11:01:44,12,2.75,4.0,cb
TR2609050051218,CL105730,EN00293,velo_elec,Nantes,ST1023,ST1031,2026-09-05 10:58:15,05/09/2026 11:21,23,6.12,6.75,cb
TR2609050051219,CL106141,EN00342,velo_elec,Nantes,ST1024,ST1025,2026-09-05 10:59:36,2026-09-05 11:08:36,9,1.48,3.25,paypal
TR2609050051220,CL100809,EN00464,trottinette,Lille,ST1035,ST1038,1788598121,05/09/2026 11:09,21,5.9,5.62,abonnement
TR2609050051221,CL101644,EN00475,trottinette,Lille,ST1037,ST1040,2026-09-05 10:59:10,2026-09-05 11:02:10,3,0.98,1.66,abonnement
TR2609050051222,CL106459,EN00429,velo,Lille,ST1038,ST1039,2026-09-05 10:57:29,1788598769,2,0.61,1.3,abonnement
TR2609050051223,CL102744,EN00455,velo_elec,Lille,ST1041,ST1036,05/09/2026 11:00,1788599901,18,3.21,5.5,cb
TR2609050051224,CL102198,EN00415,trottinette,LILLE,ST1043,ST1034,2026-09-05 10:56:40,2026-09-05 11:00:40,6506,0.87,1.88,cb
TR2609050051225,CL103228,EN00587,trottinette,Grenoble,ST1050,ST1056,2026-09-05 11:00:19,2026-09-05 11:21:19,21,7.32,5.62,cb
TR2609050051226,CL106044,EN00504,trottinette,Grenoble ,ST1054,ST1048,2026-09-05 10:46:42,2026-09-05 11:21:42,35,10.05,8.7,cb
TR2609050051227,CL106657,EN00596,velo_elec,Grenoble,ST1056,ST1054,2026-09-05 10:56:40,2026-09-05 11:05:40,9,2.94,3.25,abonnement
TR2609050051228,CL107701,EN00591,velo_elec,Grenoble,ST1057,ST1048,2026-09-05 10:55:31,2026-09-05 11:36:31,41,10.92,11.25,cb
TR2609050051229,CL102594,EN00034,velo_elec,Lyon,ST1006,ST1006,05/09/2026 11:06,05/09/2026 11:46,40,9.66,11.0,cb
TR2609050051230,CL107692,EN00207,velo_elec,Lyonn,ST1009,ST1015,,2026-09-05 11:20:31,11,2.0,3.75,cb
TR2609050051231,CL108088,EN00003,velo_elec,Lyon,ST1012,ST1009,1788599165,2026-09-05 11:10:05,4,0.93,2.0,cb
TR2609050051232,CL102458,EN00044,trottinette,Lyon,ST1013,ST1010,1788599228,2026-09-05 11:25:08,18,4.63,4.96,cb
TR2609050051233,CL102465,EN00101,velo_elec,Lyon,ST1015,ST1002,2026-09-05 11:12:57,2026-09-05 11:19:57,7,2.24,2.75,abonnement
TR2609050051234,CL107315,EN00035,velo_elec,Lyon,ST1016,ST1015,2026-09-05 11:14:35,05/09/2026 11:24,10,1.69,3.5,cb
TR2609050051235,CL100217,EN00066,trottinette,Lyon,ST1016,ST1009,,2026-09-05 11:08:28,6,1.27,2.32,cb
TR2609050051236,CL104592,EN00055,trottinette,Lyon,ST1019,ST1007,05/09/2026 11:09,2026-09-05 11:37:16,28,4.98,7.16,paypal
TR2609050051237,CL108540,EN00142,velo_elec,Lyon,ST1019,ST1019,,2026-09-05 11:16:59,7,1.54,2.75,cb
TR2609050051238,CL106512,EN00294,velo_elec,Nantes,ST1021,ST1031,2026-09-05 11:07:58,05/09/2026 11:12,5,0.84,2.25,cb
TR2609050051239,CL101377,EN00319,velo_elec,Nantes,ST1024,ST1030,2026-09-05 11:08:49,2026-09-05 11:19:49,11,3.17,3.75,abonnement
TR2609050051240,CL108653,EN00249,velo_elec,Nantes,ST1032,ST1026,2026-09-05 11:10:54,2026-09-05 11:22:54,12,2.73,4.0,cb
TR2609050051241,CL103222,EN00291,velo_elec,Nantes,ST1033,ST1033,2026-09-05 11:05:58,2026-09-05 11:08:58,3,0.68,1.75,cb
TR2609050051242,CL106940,EN00340,velo_elec,Nantes,ST1033,ST1029,2026-09-05 11:10:46,2026-09-05 11:15:46,5,1.4,2.25,cb
TR2609050051243,CL106686,EN00495,trottinette,Lille,ST1034,ST1037,2026-09-05 11:08:23,2026-09-05 11:19:23,11,3.66,3.42,abonnement
TR2609050051244,CL106854,EN00427,trottinette,lille,ST1036,ST1038,2026-09-05 11:09:17,2026-09-05 11:47:17,38,9.2,9.36,abonnement
TR2609050051245,CL104920,EN00443,velo_elec,Lille,ST1040,ST1045,2026-09-05 11:01:58,05/09/2026 11:09,8,1.96,3.0,cb
TR2609050051246,CL100462,EN00432,velo,Lille,ST1043,ST1036,2026-09-05 11:04:26,2026-09-05 11:10:26,6,2.03,1.9,cb
TR2609050051247,CL105536,EN00373,velo_elec,Lille,ST1044,ST1041,2026-09-05 11:09:35,2026-09-05 11:28:35,19,6.62,5.75,cb
TR2609050051248,CL105261,EN00416,trottinette,Lille,ST1044,ST1035,,2026-09-05 11:04:31,3,0.85,1.66,paypal
TR2609050051249,CL103477,EN00472,velo_elec,Lille,ST1044,ST1034,2026-09-05 11:11:48,2026-09-05 11:16:48,5,1.22,2.25,cb
TR2609050051250,CL108827,EN00440,trottinette,Lille,ST1047,ST1037,05/09/2026 11:03,2026-09-05 11:27:08,24,7.34,6.28,cb
TR2609050051251,CL100137,EN00522,velo_elec,Grenoble,ST1048,ST1058,2026-09-05 11:05:33,05/09/2026 11:13,8,1.52,3.0,abonnement
TR2609050051252,CL107270,EN00512,velo_elec,Grenoble,ST1048,ST1050,2026-09-05 11:06:13,2026-09-05 11:20:13,14,4.29,4.5,paypal
TR2609050051253,CL100301,EN00531,trottinette,Grenoble,ST1048,ST1050,05/09/2026 11:07,1788600772,25,7.88,6.5,cb
TR2609050051254,CL988881,EN00567,velo_elec,Grenoble,ST1049,ST1048,2026-09-05 11:08:35,2026-09-05 11:19:35,11,2.73,3.75,cb
TR2609050051255,CL108958,EN00542,velo,Grenoble,ST1050,ST1050,2026-09-05 11:01:26,2026-09-05 11:08:26,7,1.89,2.05,cb
TR2609050051256,CL100666,EN00576,velo,grenoble,ST1050,ST1054,2026-09-05 11:14:05,2026-09-05 11:21:05,7,1.11,2.05,cb
TR2609050051257,CL103973,EN00523,velo_elec,Grenoble,ST1051,ST1053,2026-09-05 11:02:34,2026-09-05 11:15:34,13,2.39,4.25,abonnement
TR2609050051258,CL108195,EN00553,trottinette,Grenoble,ST1051,ST1049,2026-09-05 11:11:53,2026-09-05 11:29:53,18,2.87,4.96,cb
TR2609050051259,CL101434,EN00526,velo_elec,Grenoble,ST1053,ST1058,2026-09-05 11:11:30,2026-09-05 11:43:30,32,6.29,9.0,cb
TR2609050051260,CL106535,EN00503,trottinette,Grenoble,ST1056,ST1049,2026-09-05 11:01:45,2026-09-05 11:08:45,7,2.18,2.54,paypal
TR2609050051261,CL101913,EN00561,velo_elec,Grenoble,ST1057,ST1050,2026-09-05 11:03:22,2026-09-05 11:28:22,25,5.9,7.25,cb
TR2609050051262,CL105414,EN00084,velo_elec,Lyon,ST1001,ST1015,2026-09-05 11:20:03,2026-09-05 11:27:03,7,1.48,2.75,cb
TR2609050051263,CL106609,EN00093,velo_elec,Lyon,ST1002,ST1017,2026-09-05 11:16:11,2026-09-05 11:43:11,27,7.37,7.75,paypal
TR2609050051264,CL104645,EN00146,trottinette,Lyon,ST1006,ST1014,2026-09-05 11:19:56,2026-09-05 11:26:56,7,1.91,2.54,cb
TR2609050051265,CL103492,EN00042,trottinette,Lyon,ST1012,ST1001,2026-09-05 11:28:34,05/09/2026 11:36,8,2.49,2.76,cb
TR2609050051266,CL105929,EN00068,velo_elec,Lyon,ST1014,ST1019,2026-09-05 11:28:12,2026-09-05 12:25:12,57,16.98,15.25,cb
TR2609050051267,CL106557,EN00031,velo_elec,Lyon,ST1017,ST1009,05/09/2026 11:30,2026-09-05 11:46:29,16,4.83,5.0,abonnement
TR2609050051268,CL104980,EN00178,velo_elec,Lyon,ST1019,ST1002,2026-09-05 11:16:25,2026-09-05 11:23:25,7,2.07,2.75,cb
TR2609050051269,CL100413,EN00261,trottinette,Nantes,ST1021,ST1023,2026-09-05 11:28:56,2026-09-05 11:49:56,21,5.24,5.62,cb
TR2609050051270,CL102083,EN00240,trottinette,Nantes,ST1022,ST1031,2026-09-05 11:25:52,,6,1.64,2.32,cb
TR2609050051271,CL104661,EN00330,trottinette,Nantes,ST1024,ST1026,05/09/2026 11:23,05/09/2026 11:36,13,3.86,3.86,cb
TR2609050051272,CL101984,EN00269,velo_elec,Nantes,ST1024,ST1022,05/09/2026 11:24,2026-09-05 11:32:09,8,1.43,3.0,paypal
TR2609050051273,CL108183,EN00238,velo_elec,Nantes,ST1024,ST1025,2026-09-05 11:22:11,2026-09-05 11:31:11,9,1.9,3.25,abonnement
TR2609050051274,CL105875,EN00315,velo_elec,Nantes,ST1024,ST1021,2026-09-05 11:27:05,2026-09-05 11:34:05,7,2.17,2.75,cb
TR2609050051275,CL106722,EN00352,velo_elec,Nantes,ST1025,ST1020,2026-09-05 11:24:45,2026-09-05 11:26:45,2,0.37,1.5,abonnement
TR2609050051276,CL108645,EN00291,velo_elec,Nantes,ST1033,ST1025,2026-09-05 11:20:54,2026-09-05 11:29:54,9,1.98,3.25,abonnement
TR2609050051277,CL107332,EN00400,trottinette,Lille,ST1039,ST1040,2026-09-05 11:26:25,2026-09-05 12:04:25,38,10.62,9.36,cb
TR2609050051278,CL100237,EN00475,trottinette,Lille,ST1040,ST1041,2026-09-05 11:16:39,05/09/2026 11:30,14,4.84,4.08,cb
TR2609050051279,CL102161,EN00451,velo_elec,Lille,ST1041,ST1036,2026-09-05 11:27:08,05/09/2026 11:56,29,6.9,8.25,cb
TR2609050051280,CL107240,EN00437,velo,Lille,ST1043,ST1041,2026-09-05 11:18:35,05/09/2026 11:48,30,10.03,5.5,cb
TR2609050051281,CL108852,EN00443,velo_elec,Lille,ST1045,ST1037,05/09/2026 11:24,2026-09-05 11:40:23,16,3.64,5.0,cb
TR2609050051282,CL106543,EN00456,trottinette,Lille,ST1047,ST1042,05/09/2026 11:19,2026-09-05 11:22:31,3,0.96,1.66,cb
TR2609050051283,CL100023,EN00414,velo_elec,Lille,ST1047,ST1037,05/09/2026 11:18,05/09/2026 11:30,12,3.46,4.0,cb
TR2609050051284,CL102845,EN00449,trottinette,Lille,ST1047,ST1045,2026-09-05 11:15:41,05/09/2026 11:19,4,0.83,1.88,cb
TR2609050051285,CL107397,EN00596,velo_elec,Grenoble,ST1054,ST1058,2026-09-05 11:19:00,2026-09-05 11:34:00,15,4.06,4.75,
TR2609050051286,CL100228,EN00056,velo_elec,Lyon,ST1001,ST1006,2026-09-05 11:41:53,05/09/2026 11:44,3,0.85,1.75,abonnement
TR2609050051287,CL107454,EN00208,velo_elec,Lyon,ST1007,ST1003,2026-09-05 11:31:06,2026-09-05 11:35:06,4,1.19,2.0,abonnement
TR2609050051288,CL101540,EN00189,trottinette,Lyon,ST1011,ST1011,2026-09-05 11:41:09,2026-09-05 12:10:09,29,8.33,7.38,abonnement
TR2609050051289,CL915428,EN00154,trottinette,Lyon,ST1012,ST1011,2026-09-05 11:34:04,1788601624,13,4.41,3.86,cb
TR2609050051290,CL103139,EN00172,trottinette,Lyon,ST1013,ST1015,1788601118,2026-09-05 12:09:38,31,8.7,7.82,abonnement
TR2609050051291,CL102252,EN00214,trottinette,Lyon,ST1014,ST1003,2026-09-05 11:44:18,2026-09-05 11:57:18,13,3.37,3.86,paypal
TR2609050051292,CL104433,EN00084,velo_elec,Lyon,ST1015,ST1017,2026-09-05 11:45:03,2026-09-05 11:57:03,12,2.47,4.0,cb
TR2609050051293,CL100836,EN00041,velo_elec,Lyon,ST1017,ST1010,2026-09-05 11:36:35,2026-09-05 11:48:35,12,2.27,4.0,cb
TR2609050051294,CL108791,EN00167,trottinette,Lyonn,ST1017,ST1017,2026-09-05 11:31:32,2026-09-05 11:44:32,13,2.38,3.86,abonnement
TR2609050051295,CL103533,EN00109,trottinette,Lyon,ST1017,ST1009,05/09/2026 11:40,2026-09-05 11:48:42,8,1.78,2.76,abonnement
TR2609050051296,CL100875,EN00020,velo_elec,Lyon,ST1017,ST1014,,2026-09-05 11:55:48,21,7.12,6.25,paypal
TR2609050051297,CL102512,EN00358,trottinette,Nantes,ST1023,ST1025,2026-09-05 11:43:20,2026-09-05 12:06:20,23,3.47,6.06,paypal
TR2609050051298,CL100752,EN00239,trottinette,Nantes,ST1024,ST1029,05/09/2026 11:44,2026-09-05 11:59:15,15,2.93,4.3,abonnement
TR2609050051299,CL105003,EN00244,trottinette,Nantes,ST1024,ST1031,2026-09-05 11:33:54,2026-09-05 11:42:54,9,1.36,2.98,cb
TR2609050051300,CL102713,EN00342,velo_elec,Nante,ST1025,ST1023,05/09/2026 11:36,2026-09-05 11:53:08,17,2.79,5.25,paypal
TR2609050051301,CL100184,EN00276,velo_elec,NANTES,ST1026,ST1024,1788601455,2026-09-05 11:53:15,9,1.71,3.25,abonnement
TR2609050051302,CL100419,EN00336,velo_elec,Nantes,ST1030,ST1023,1788601451,05/09/2026 11:51,7,2.14,2.75,cb
TR2609050051303,CL108860,EN00297,trottinette,Nantes,ST1032,ST1031,2026-09-05 11:36:56,2026-09-05 11:42:56,6,1.09,2.32,abonnement
TR2609050051304,CL106300,EN00246,trottinette,Nantes,ST1033,ST1027,2026-09-05 11:43:51,,15,2.96,4.3,cb
TR2609050051305,CL106686,EN00421,velo_elec,Lille,ST1035,ST1041,05/09/2026 11:39,2026-09-05 11:48:07,9,2.42,3.25,paypal
TR2609050051306,CL102787,EN00455,velo_elec,Lille,ST1036,ST1039,2026-09-05 11:43:14,2026-09-05 11:52:14,9,1.56,3.25,cb
TR2609050051307,CL105234,EN00435,trottinette,Lille,ST1036,ST1044,2026-09-05 11:39:01,2026-09-05 12:00:01,21,3.65,5.62,cb
TR2609050051308,CL107197,EN00462,velo_elec,Lille,ST1037,ST1036,05/09/2026 11:42,2026-09-05 11:54:27,12,2.07,4.0,cb
TR2609050051309,CL102946,EN00393,trottinette,Lille,ST1039,ST1035,2026-09-05 11:35:01,2026-09-05 11:49:01,14,4.88,4.08,cb
TR2609050051310,CL100439,EN00484,velo_elec,Lille,ST1045,ST1043,2026-09-05 11:42:51,05/09/2026 12:03,21,6.18,6.25,abonnement
TR2609050051311,CL104210,EN00503,trottinette,Grenoble,ST1049,ST1056,2026-09-05 11:41:39,05/09/2026 11:44,3,0.6,1.66,cb
TR2609050051312,CL104953,EN00512,velo_elec,Grenoble,ST1050,ST1050,2026-09-05 11:37:44,2026-09-05 11:46:44,9,1.51,3.25,
TR2609050051313,CL103918,EN00516,velo_elec,Grenoble,ST1051,ST1058,,2026-09-05 11:40:52,8,2.18,3.0,cb
TR2609050051314,CL106963,EN00506,trottinette,Grenoble,ST1051,ST1052,05/09/2026 11:32,2026-09-05 11:39:23,7,2.0,2.54,
TR2609050051315,CL101678,EN00515,trottinette,Grenoble,ST1052,ST1050,2026-09-05 11:36:00,2026-09-05 11:44:00,8,1.25,2.76,cb
TR2609050051316,CL102155,EN00580,velo_elec,Grenoble,ST1052,ST1048,2026-09-05 11:43:52,2026-09-05 11:47:52,4,0.78,2.0,cb
TR2609050051317,CL102696,EN00523,velo_elec,Grenoble ,ST1053,ST1048,05/09/2026 11:38,05/09/2026 12:11,33,7.95,9.25,cb
TR2609050051318,CL947643,EN00552,trottinette,Grenoble,ST1054,ST1058,2026-09-05 11:34:47,2026-09-05 11:39:47,5,1.43,2.1,abonnement
TR2609050051319,CL104024,EN00533,velo_elec,Grenoble,ST1054,ST1049,2026-09-05 11:43:58,2026-09-05 12:27:58,44,8.74,12.0,cb
TR2609050051320,CL104058,EN00514,velo_elec,Grenoble,ST1055,ST1056,2026-09-05 11:32:24,2026-09-05 11:44:24,12,3.78,4.0,cb
TR2609050051321,CL100731,EN00598,velo_elec,Grenoble,ST1056,ST1051,05/09/2026 11:39,2026-09-05 11:52:33,13,3.06,4.25,paypal
TR2609050051322,CL101254,EN00585,velo_elec,Grenoble,ST1056,ST1053,2026-09-05 11:35:46,2026-09-05 11:43:46,8,1.78,3.0,paypal
TR2609050051323,CL102547,EN00132,trottinette,Lyon,ST1004,ST1005,2026-09-05 12:00:07,2026-09-05 12:08:07,8,1.95,2.76,abonnement
TR2609050051324,CL100522,EN00135,trottinette,Lyon,ST1005,ST1006,2026-09-05 11:48:10,2026-09-05 12:04:10,16,3.87,4.52,abonnement
TR2609050051325,CL102110,EN00013,velo_elec,Lyonn,ST1008,ST1004,2026-09-05 11:54:22,2026-09-05 12:12:22,18,5.62,5.5,cb
TR2609050051326,CL107287,EN00003,velo_elec,Lyon ,ST1009,ST1007,2026-09-05 11:56:52,2026-09-05 12:08:52,12,3.08,4.0,abonnement
TR2609050051327,CL106142,EN00192,velo_elec,Lyon,ST1011,ST1007,1788601918,2026-09-05 11:56:58,5,1.36,2.25,abonnement
TR2609050051328,CL104526,EN00002,velo_elec,Lyon,ST1014,ST1019,2026-09-05 11:55:52,2026-09-05 12:16:52,21,7.03,6.25,cb
TR2609050051329,CL107885,EN00167,trottinette,Lyon ,ST1017,ST1012,2026-09-05 11:57:10,2026-09-05 12:03:10,6,1.51,2.32,paypal
TR2609050051330,CL103173,EN00295,velo_elec,Nantes,ST1020,ST1026,2026-09-05 11:55:01,05/09/2026 12:02,7,1.06,2.75,paypal
TR2609050051331,CL104157,EN00268,trottinette,NANTES,ST1021,ST1021,05/09/2026 11:50,2026-09-05 11:58:46,8,1.35,2.76,cb
TR2609050051332,CL101887,EN00315,velo_elec,Nantes,ST1021,ST1028,2026-09-05 11:47:22,2026-09-05 12:06:22,19,4.86,5.75,cb
TR2609050051333,CL103908,EN00301,velo_elec,Nantes,ST1024,ST1029,2026-09-05 11:54:24,1788603444,23,5.6,6.75,cb
TR2609050051334,CL107018,EN00291,velo_elec,Nantes,ST1025,ST1023,1788601754,2026-09-05 12:03:14,14,4.62,4.5,abonnement
TR2609050051335,CL100482,EN00238,velo_elec,Nantes,ST1025,ST1029,2026-09-05 11:59:50,05/09/2026 12:06,7,2.02,2.75,cb
TR2609050051336,CL103266,EN00266,velo_elec,Nantes,ST1025,ST1021,1788602358,2026-09-05 12:11:18,12,4.17,4.0,cb
TR2609050051337,CL100369,EN00249,velo_elec,Nantes,ST1026,ST1025,2026-09-05 11:55:23,2026-09-05 11:57:23,2,0.52,1.5,abonnement
TR2609050051338,CL100383,EN00237,velo_elec,Nantes,ST1027,ST1033,2026-09-05 11:55:27,2026-09-05 11:59:27,4,1.04,2.0,paypal
TR2609050051339,CL100455,EN00329,trottinette,Nantes,ST1033,ST1030,1788601938,1788602658,12,3.73,3.64,cb
TR2609050051340,CL100584,EN00480,velo_elec,Lille,ST1035,ST1039,2026-09-05 11:54:06,2026-09-05 12:01:06,7,1.68,2.75,cb
TR2609050051341,CL101604,EN00481,velo_elec,Lille,ST1036,ST1035,2026-09-05 11:51:24,1788602004,2,0.69,1.5,cb
TR2609050051342,CL101536,EN00439,velo_elec,Lille,ST1038,ST1040,2026-09-05 11:48:49,2026-09-05 12:08:49,20,5.22,6.0,paypal
TR2609050051343,CL108363,EN00410,velo_elec, Lille,ST1039,ST1044,2026-09-05 11:58:17,2026-09-05 12:05:17,7,1.96,2.75,cb
TR2609050051344,CL100616,EN00417,trottinette,Lille,ST1047,ST1035,2026-09-05 11:55:56,2026-09-05 12:05:56,10,2.66,3.2,cb
TR2609050051345,CL106554,EN00527,velo_elec,Grenoble,ST1051,ST1053,2026-09-05 11:52:32,2026-09-05 12:01:32,9,2.98,3.25,abonnement
TR2609050051346,CL108543,EN00539,velo_elec,Grenoble,ST1051,ST1056,05/09/2026 11:49,1788602487,12,3.94,4.0,paypal
TR2609050051347,CL106373,EN00506,trottinette,Grenoble,ST1052,ST1056,2026-09-05 11:54:35,2026-09-05 12:05:35,11,1.85,3.42,cb
TR2609050051348,CL101388,EN00585,velo_elec,Grenoble,ST1053,ST1050,05/09/2026 11:46,2026-09-05 11:57:53,11,2.62,3.75,cb
TR2609050051349,CL105393,EN00569,trottinette,Grenoble,ST1054,ST1056,2026-09-05 11:54:56,2026-09-05 12:00:56,6,1.78,2.32,cb
TR2609050051350,CL103831,EN00588,velo_elec,Grenoble,ST1054,ST1048,2026-09-05 11:50:01,2026-09-05 11:55:01,5,0.88,2.25,abonnement
TR2609050051351,CL105529,EN00532,velo_elec,Grenoble,ST1057,ST1056,2026-09-05 11:58:35,1788602735,7,2.07,2.75,cb
TR2609050051352,CL105703,EN00516,velo_elec,Grenoble,ST1058,ST1056,,2026-09-05 12:00:47,14,2.56,4.5,abonnement
TR2609050051353,CL100596,EN00042,trottinette,Lyon,ST1001,ST1002,2026-09-05 12:13:38,2026-09-05 12:33:38,20,5.72,5.4,cb
TR2609050051354,CL108742,EN00056,velo_elec,Lyon,ST1006,ST1006,2026-09-05 12:01:18,2026-09-05 12:08:18,7,2.37,2.75,paypal
TR2609050051355,CL108282,EN00213,trottinette,Lyon,ST1007,ST1004,2026-09-05 12:08:18,2026-09-05 12:13:18,5,1.58,2.1,abonnement
TR2609050051356,CL105931,EN00044,trottinette,Lyon,ST1010,ST1006,2026-09-05 12:12:01,2026-09-05 12:23:01,11,3.63,3.42,cb
TR2609050051357,CL106319,EN00163,trottinette,Lyon,ST1016,ST1009,1788602897,05/09/2026 12:14,6,1.77,2.32,cb
TR2609050051358,CL106727,EN00096,velo_elec,Lyon,ST1016,ST1012,2026-09-05 12:02:31,2026-09-05 12:07:31,5,1.16,2.25,cb
TR2609050051359,CL106310,EN00229,trottinette,Nantes,ST1022,ST1028,2026-09-05 12:01:30,2026-09-05 12:06:30,5,1.28,2.1,cb
TR2609050051360,CL103442,EN00249,velo_elec,Nantes,ST1025,ST1021,1788603296,2026-09-05 12:21:56,7,2.0,2.75,paypal
TR2609050051361,CL101253,EN00272,trottinette,Nante,ST1027,ST1026,,2026-09-05 12:18:39,12,2.47,3.64,cb
TR2609050051362,CL108251,EN00259,trottinette,nantes,ST1031,ST1024,05/09/2026 12:06,2026-09-05 12:24:38,18,5.6,4.96,cb
TR2609050051363,CL103504,EN00226,velo_elec,Nantes,ST1031,ST1032,2026-09-05 12:08:06,2026-09-05 12:18:06,10,1.62,,abonnement
TR2609050051364,CL102411,EN00228,trottinette,Nantes,ST1031,ST1022,2026-09-05 12:01:55,2026-09-05 12:20:55,19,5.69,5.18,abonnement
TR2609050051365,CL104719,EN00303,velo_elec,Nantes,ST1031,ST1028,2026-09-05 12:05:00,2026-09-05 12:25:00,20,5.76,6.0,cb
TR2609050051366,CL103334,EN00424,velo_elec,Lille,ST1034,ST1046,2026-09-05 12:11:38,1788604538,24,6.05,7.0,cb
TR2609050051367,CL107640,EN00455,velo_elec,Lille,ST1039,ST1042,05/09/2026 12:02,2026-09-05 12:06:07,4,0.85,2.0,paypal
TR2609050051368,CL108232,EN00480,velo_elec,Lille,ST1039,ST1036,2026-09-05 12:11:27,1788603327,4,0.76,2.0,cb
TR2609050051369,CL105435,EN00363,velo_elec,Lille,ST1042,ST1047,2026-09-05 12:08:27,2026-09-05 12:17:27,9,1.89,3.25,cb
TR2609050051370,CL107726,EN00392,velo_elec,Lille,ST1042,ST1042,2026-09-05 12:10:43,2026-09-05 12:22:43,12,3.96,4.0,abonnement
TR2609050051371,CL100160,EN00409,trottinette,Lille,ST1043,ST1045,2026-09-05 12:04:16,2026-09-05 12:37:16,33,10.42,8.26,cb
TR2609050051372,CL104573,EN00435,trottinette,LILLE,ST1044,ST1038,2026-09-05 12:11:47,2026-09-05 12:27:47,16,2.59,4.52,cb
TR2609050051373,CL102808,EN00449,trottinette,lille,ST1045,ST1040,2026-09-05 12:03:36,2026-09-05 12:18:36,15,2.92,4.3,abonnement
TR2609050051374,CL100307,EN00567,velo_elec,GRENOBLE,ST1048,ST1056,2026-09-05 12:09:43,2026-09-05 12:22:43,13,3.06,4.25,cb
TR2609050051375,CL101349,EN00537,velo_elec,Grenoble,ST1049,ST1057,2026-09-05 12:04:04,2026-09-05 12:15:04,11,3.78,3.75,paypal
TR2609050051376,CL105689,EN00527,velo_elec,Grenoble,ST1053,ST1055,05/09/2026 12:06,1788603389,10,1.56,3.5,cb
TR2609050051377,CL106637,EN00529,velo,Grenoble,ST1054,ST1058,2026-09-05 12:04:28,1788603448,13,2.95,2.95,cb
TR2609050051378,CL107128,EN00502,velo,Grenoble,ST1054,ST1052,2026-09-05 12:02:14,2026-09-05 12:21:14,19,4.04,3.85,abonnement
TR2609050051379,CL100194,EN00575,trottinette,Grenoble,ST1055,ST1049,2026-09-05 12:13:36,05/09/2026 12:20,7,1.43,2.54,paypal
TR2609050051380,CL106897,EN00195,velo_elec,Lyon,ST1003,ST1004,2026-09-05 12:26:27,2026-09-05 12:35:27,9,2.56,3.25,cb
TR2609050051381,CL105224,EN00056,velo_elec,Lyon,ST1006,ST1011,2026-09-05 12:25:01,05/09/2026 12:33,8,2.38,3.0,paypal
TR2609050051382,CL100531,EN00095,trottinette,Lyon,ST1006,ST1008,2026-09-05 12:28:34,05/09/2026 12:49,21,4.14,5.62,cb
TR2609050051383,CL101878,EN00194,velo_elec,Lyon,ST1008,ST1017,2026-09-05 12:27:13,05/09/2026 12:31,4,0.6,2.0,cb
TR2609050051384,CL106836,EN00052,trottinette,Lyon,ST1013,ST1014,2026-09-05 12:25:50,2026-09-05 12:40:50,15,4.03,4.3,abonnement
TR2609050051385,CL106596,EN00207,velo_elec,Lyon,ST1015,ST1015,05/09/2026 12:18,2026-09-05 12:26:14,8,1.79,3.0,paypal
TR2609050051386,CL107345,EN00084,velo_elec,Lyon,ST1017,ST1011,2026-09-05 12:18:08,,10,3.22,3.5,cb
TR2609050051387,CL103223,EN00280,trottinette,NANTES,ST1020,ST1023,2026-09-05 12:24:06,2026-09-05 12:33:06,9,2.04,2.98,cb
TR2609050051388,CL106110,EN00295,velo_elec,Nantes,ST1026,ST1027,2026-09-05 12:23:28,2026-09-05 13:01:28,38,8.87,10.5,abonnement
TR2609050051389,CL108284,EN00281,velo_elec,Nantes,ST1030,ST1027,1788603949,2026-09-05 12:45:49,20,3.22,6.0,paypal
TR2609050051390,CL104400,EN00417,trottinette,Lille,ST1035,ST1034,2026-09-05 12:29:44,1788605384,20,4.83,5.4,cb
TR2609050051391,CL100101,EN00434,velo_elec,Lille,ST1040,ST1042,2026-09-05 12:30:34,2026-09-05 12:39:34,9,2.98,3.25,abonnement
TR2609050051392,CL104447,EN00484,velo_elec,Lille,ST1043,ST1043,05/09/2026 12:23,2026-09-05 12:44:57,21,6.36,6.25,cb
TR2609050051393,CL106887,EN00419,velo,Lille,ST1045,ST1036,2026-09-05 12:18:05,1788604205,12,3.54,2.8,paypal
TR2609050051394,CL102576,EN00371,velo,Lille,ST1047,ST1039,2026-09-05 12:27:27,2026-09-05 12:54:27,27,6.76,5.05,abonnement
TR2609050051395,CL108946,EN00592,velo_elec,Grenoble,ST1052,ST1056,2026-09-05 12:23:47,2026-09-05 12:28:47,5,1.44,2.25,cb
TR2609050051396,CL100681,EN00576,velo,Grenoble,ST1054,ST1049,2026-09-05 12:18:38,2026-09-05 12:27:38,9,2.55,2.35,cb
TR2609050051397,CL104022,EN00551,trottinette,Grenoble,ST1055,ST1057,2026-09-05 12:23:49,2026-09-05 13:01:49,38,10.95,9.36,paypal
TR2609050051398,CL108121,EN00537,velo_elec,Grenoble,ST1057,ST1053,2026-09-05 12:26:22,1788604282,5,1.2,2.25,abonnement
TR2609050051399,CL105005,EN00560,velo_elec,Grenoble,ST1058,ST1048,2026-09-05 12:27:29,05/09/2026 12:36,9,2.91,3.25,abonnement
TR2609050051400,CL102319,EN00179,trottinette,Lyon,ST1003,ST1008,05/09/2026 12:36,1788606366,30,7.87,7.6,cb
TR2609050051401,CL103931,EN00212,trottinette,Lyon,ST1009,ST1004,,2026-09-05 12:49:17,8,1.97,2.76,cb
TR2609050051402,CL102481,EN00057,velo_elec,Lyon,ST1013,ST1018,05/09/2026 12:31,2026-09-05 12:54:55,23,3.68,6.75,cb
TR2609050051403,CL104894,EN00194,velo_elec,Lyon ,ST1017,ST1019,2026-09-05 12:38:14,2026-09-05 12:47:14,9,2.22,3.25,
TR2609050051404,CL108226,EN00175,trottinette,Lyon,ST1018,ST1007,1788604993,2026-09-05 13:00:13,17,3.84,4.74,cb
TR2609050051405,CL105216,EN00249,velo_elec,Nantes,ST1021,ST1023,1788604419,2026-09-05 12:54:39,21,4.33,6.25,abonnement
TR2609050051406,CL105764,EN00309,trottinette,Nantes,ST1021,ST1022,2026-09-05 12:39:16,,12,1.87,3.64,cb
TR2609050051407,CL104173,EN00227,trottinette,Nantes,ST1026,ST1027,2026-09-05 12:34:31,2026-09-05 12:53:31,19,4.23,5.18,cb
TR2609050051408,CL104361,EN00327,velo_elec,Nante,ST1030,ST1033,2026-09-05 12:37:24,2026-09-05 12:46:24,9,3.12,3.25,cb
TR2609050051409,CL104297,EN00294,velo_elec,Nantes,ST1031,ST1026,2026-09-05 12:30:51,2026-09-05 12:37:51,7,2.21,2.75,cb
TR2609050051410,CL101437,EN00226,velo_elec,Nantes,ST1032,ST1032,2026-09-05 12:42:46,2026-09-05 12:51:46,9,3.05,3.25,cb
TR2609050051411,CL101249,EN00332,trottinette,Nante,ST1032,ST1021,2026-09-05 12:34:02,2026-09-05 12:45:02,11,2.52,3.42,paypal
TR2609050051412,CL100236,EN00354,velo_elec,Nantes,ST1032,ST1028,05/09/2026 12:39,05/09/2026 12:59,20,3.68,6.0,cb
TR2609050051413,CL106984,EN00237,velo_elec,NANTES,ST1033,ST1027,1788604581,,7,1.99,2.75,abonnement
TR2609050051414,CL103400,EN00370,velo_elec,Lille,ST1035,ST1035,2026-09-05 12:37:38,1788605318,11,2.47,3.75,cb
TR2609050051415,CL103405,EN00462,velo_elec,Lille,ST1036,ST1043,2026-09-05 12:35:25,2026-09-05 12:56:25,21,4.32,6.25,cb
TR2609050051416,CL101683,EN00459,velo_elec,Lille,ST1039,ST1035,2026-09-05 12:43:05,2026-09-05 13:00:05,17,3.89,5.25,cb
TR2609050051417,CL103330,EN00421,velo_elec,Lille,ST1041,ST1042,1788604505,2026-09-05 12:46:05,11,2.2,3.75,cb
TR2609050051418,CL108711,EN00475,trottinette,Lille,ST1041,ST1045,2026-09-05 12:44:47,2026-09-05 12:50:47,6,1.11,2.32,cb
TR2609050051419,CL107674,EN00575,trottinette,Grenoble,ST1049,ST1050,,2026-09-05 12:59:08,16,3.44,4.52,cb
TR2609050051420,CL102353,EN00593,trottinette,Grenoble,ST1049,ST1055,2026-09-05 12:42:56,2026-09-05 13:04:56,22,7.47,5.84,cb
TR2609050051421,CL104458,EN00598,velo_elec,Grenoble,ST1051,ST1058,2026-09-05 12:42:48,2026-09-05 13:00:48,18,3.98,5.5,cb
TR2609050051422,CL105867,EN00587,trottinette,Grenoble,ST1056,ST1049,2026-09-05 12:36:39,05/09/2026 12:42,6,1.38,2.32,abonnement
TR2609050051423,CL103941,EN00192,velo_elec,Lyon,ST1007,ST1012,2026-09-05 12:53:36,2026-09-05 13:29:36,36,6.01,10.0,cb
TR2609050051424,CL105640,EN00215,velo_elec,Lyonn,ST1014,ST1016,2026-09-05 12:58:50,1788606410,8,1.63,3.0,cb
TR2609050051425,CL108400,EN00028,trottinette,Lyon,ST1017,ST1009,2026-09-05 12:53:22,2026-09-05 13:02:22,9,1.5,2.98,abonnement
TR2609050051426,CL102986,EN00077,trottinette,Lyon,ST1018,ST1009,2026-09-05 12:52:32,2026-09-05 13:01:32,9,1.43,2.98,paypal
TR2609050051427,CL102900,EN00352,velo_elec,Nantes,ST1020,ST1022,2026-09-05 12:50:05,2026-09-05 12:55:05,5,1.4,2.25,cb
TR2609050051428,CL100760,EN00228,trottinette,Nantes,ST1022,ST1023,05/09/2026 12:50,2026-09-05 13:03:45,13,2.51,3.86,abonnement
TR2609050051429,CL100413,EN00259,trottinette,Nantes,ST1024,ST1033,2026-09-05 12:56:18,2026-09-05 13:12:18,16,2.61,4.52,cb
TR2609050051430,CL104265,EN00358,trottinette,Nantes,ST1025,ST1027,2026-09-05 12:49:13,2026-09-05 12:59:13,10,2.12,3.2,paypal
TR2609050051431,CL108650,EN00239,trottinette,Nantes,ST1029,ST1024,2026-09-05 12:52:19,1788605959,7,1.72,2.54,abonnement
TR2609050051432,CL107584,EN00319,velo_elec,Nantes,ST1030,ST1033,05/09/2026 13:00,2026-09-05 13:09:16,9,2.4,3.25,cb
TR2609050051433,CL100751,EN00285,trottinette,Nantes,ST1030,ST1030,2026-09-05 12:51:41,2026-09-05 13:05:41,14,2.9,4.08,
TR2609050051434,CL107558,EN00316,velo_elec,Nantes,ST1031,ST1024,2026-09-05 12:52:03,2026-09-05 12:56:03,4,0.64,2.0,cb
TR2609050051435,CL102590,EN00236,velo_elec,Nantes,ST1032,ST1029,2026-09-05 12:53:35,2026-09-05 13:17:35,24,4.65,7.0,abonnement
TR2609050051436,CL108727,EN00355,velo_elec,Nantes,ST1032,ST1031,2026-09-05 12:45:47,05/09/2026 12:54,9,2.65,3.25,cb
TR2609050051437,CL102713,EN00327,velo_elec,Nantes,ST1033,ST1024,2026-09-05 12:46:43,05/09/2026 12:56,10,1.59,3.5,cb
TR2609050051438,CL102907,EN00415,trottinette,Lille,ST1034,ST1036,2026-09-05 12:48:23,2026-09-05 12:57:23,9,2.29,2.98,abonnement
TR2609050051439,CL102770,EN00481,velo_elec,Lille,ST1035,ST1041,2026-09-05 12:58:25,,7,1.45,2.75,paypal
TR2609050051440,CL105154,EN00375,trottinette,Lille,ST1035,ST1044,,2026-09-05 13:12:48,23,4.16,6.06,cb
TR2609050051441,CL108061,EN00464,trottinette,Lille,ST1038,ST1042,2026-09-05 12:59:46,,37,6.66,9.14,paypal
TR2609050051442,CL102934,EN00427,trottinette,Lille,ST1038,ST1037,2026-09-05 12:52:51,2026-09-05 13:04:51,12,3.19,3.64,abonnement
TR2609050051443,CL100490,EN00435,trottinette,Lille,ST1038,ST1046,2026-09-05 12:56:13,2026-09-05 13:09:13,13,4.44,3.86,paypal
TR2609050051444,CL102984,EN00441,velo_elec,Lille,ST1042,ST1040,2026-09-05 12:57:47,2026-09-05 13:05:47,8,2.26,3.0,cb
TR2609050051445,CL100634,EN00378,velo_elec,Lille,ST1044,ST1040,2026-09-05 12:59:23,2026-09-05 13:13:23,14,4.23,4.5,cb
TR2609050051446,CL100347,EN00363,velo_elec,Lille,ST1047,ST1043,2026-09-05 12:54:01,05/09/2026 13:10,16,5.37,5.0,cb
TR2609050051447,CL105954,EN00436,velo,Lille,ST1047,ST1042,1788605994,05/09/2026 13:16,17,5.72,3.55,cb
TR2609050051448,CL102353,EN00587,trottinette,Grenoble,ST1049,ST1056,2026-09-05 13:00:39,2026-09-05 13:15:39,15,4.33,4.3,cb
TR2609050051449,CL100795,EN00544,velo_elec,Grenoble,ST1049,ST1049,2026-09-05 12:50:45,2026-09-05 12:54:45,4,1.08,2.0,paypal
TR2609050051450,CL105826,EN00597,trottinette,Grenoble,ST1052,ST1050,2026-09-05 12:58:41,2026-09-05 13:07:41,9,1.64,2.98,cb
TR2609050051451,CL103551,EN00516,velo_elec,Grenoble,ST1056,ST1055,2026-09-05 12:52:18,2026-09-05 13:01:18,9,2.53,3.25,cb
TR2609050051452,CL100579,EN00101,velo_elec,Lyon,ST1002,ST1003,2026-09-05 13:12:44,2026-09-05 13:27:44,15,4.36,4.75,cb
TR2609050051453,CL105739,EN00195,velo_elec,Lyon,ST1004,ST1015,2026-09-05 13:03:44,1788607544,22,6.56,6.5,cb
TR2609050051454,CL100901,EN00132,trottinette,Lyon,ST1005,ST1011,2026-09-05 13:08:54,2026-09-05 13:22:54,14,3.51,4.08,cb
TR2609050051455,CL101264,EN00175,trottinette,Lyon,ST1007,ST1005,2026-09-05 13:11:48,2026-09-05 14:02:48,51,10.2,12.22,paypal
TR2609050051456,CL106391,EN00180,trottinette,Lyon,ST1013,ST1016,2026-09-05 13:06:52,2026-09-05 13:13:52,7,1.31,2.54,cb
TR2609050051457,CL104319,EN00064,velo,Lyon,ST1013,ST1009,2026-09-05 13:06:29,1788607109,12,3.4,2.8,abonnement
TR2609050051458,CL100202,EN00165,trottinette,lyon,ST1018,ST1016,2026-09-05 13:05:16,05/09/2026 13:20,15,4.02,4.3,abonnement
TR2609050051459,CL104184,EN00294,velo_elec,Nantes,ST1026,ST1023,2026-09-05 13:02:43,2026-09-05 13:07:43,5,1.21,2.25,cb
TR2609050051460,CL102551,EN00240,trottinette,Nantes,ST1031,ST1021,05/09/2026 13:15,2026-09-05 13:20:18,5,1.53,2.1,cb
TR2609050051461,CL104665,EN00226,velo_elec,Nantes,ST1032,ST1027,05/09/2026 13:05,2026-09-05 13:32:09,27,7.76,7.75,cb
TR2609050051462,CL105080,EN00245,velo_elec,Nantes,ST1033,ST1024,05/09/2026 13:01,2026-09-05 13:23:39,22,5.36,6.5,abonnement
TR2609050051463,CL104631,EN00278,trottinette,Nantes,ST1033,ST1020,1788606742,2026-09-05 13:21:22,9,1.86,2.98,paypal
TR2609050051464,CL103865,EN00415,trottinette,Lille,ST1036,ST1042,2026-09-05 13:10:17,2026-09-05 13:22:17,12,2.98,,cb
TR2609050051465,CL106969,EN00397,velo,Lille,ST1038,ST1047,2026-09-05 13:06:45,2026-09-05 13:12:45,6,1.82,1.9,cb
TR2609050051466,CL105051,EN00444,trottinette,Lille,ST1039,ST1041,2026-09-05 13:07:40,2026-09-05 13:29:40,22,6.0,5.84,abonnement
TR2609050051467,CL103865,EN00394,velo_elec,Lille,ST1040,ST1036,2026-09-05 13:10:16,05/09/2026 13:15,5,1.26,2.25,paypal
TR2609050051468,CL101008,EN00373,velo_elec,LILLE,ST1041,ST1034,1788606229,2026-09-05 13:13:49,10,1.86,3.5,cb
TR2609050051469,CL108692,EN00504,trottinette,Grenoble,ST1048,ST1056,2026-09-05 13:15:28,2026-09-05 13:25:28,10,2.53,3.2,abonnement
TR2609050051470,CL108589,EN00544,velo_elec,Grenoble,ST1049,ST1058,05/09/2026 13:08,2026-09-05 13:15:31,7,1.59,2.75,cb
TR2609050051471,CL101678,EN00512,velo_elec,grenoble,ST1050,ST1051,2026-09-05 13:04:48,2026-09-05 13:07:48,3,0.66,1.75,cb
TR2609050051472,CL104208,EN00507,trottinette,Grenoble,ST1051,ST1057,,2026-09-05 13:23:54,15,3.21,4.3,cb
TR2609050051473,CL103317,EN00516,velo_elec,Grenoble,ST1055,ST1049,05/09/2026 13:10,2026-09-05 13:25:21,15,5.15,4.75,cb
TR2609050051474,CL108755,EN00503,trottinette,Grenoble,ST1056,ST1049,05/09/2026 13:05,2026-09-05 13:41:06,36,9.87,8.92,cb
TR2609050051475,CL108759,EN00514,velo_elec,Grenoble,ST1056,ST1055,2026-09-05 13:02:34,2026-09-05 13:22:34,20,4.93,6.0,abonnement
TR2609050051476,CL104754,EN00526,velo_elec,Grenoble,ST1058,ST1057,2026-09-05 13:04:36,2026-09-05 13:10:36,6,1.88,2.5,cb
TR2609050051477,CL107116,EN00042,trottinette,Lyon,ST1002,ST1011,2026-09-05 13:16:03,2026-09-05 13:23:03,7,1.16,2.54,cb
TR2609050051478,CL104813,EN00208,velo_elec,Lyon,ST1003,ST1011,2026-09-05 13:31:01,05/09/2026 13:42,11,3.02,3.75,abonnement
TR2609050051479,CL107568,EN00214,trottinette,Lyon,ST1003,ST1009,1788607049,1788608969,32,9.13,8.04,cb
TR2609050051480,CL108745,EN00127,trottinette,Lyon,ST1006,ST1017,2026-09-05 13:29:20,2026-09-05 13:37:20,8,2.43,2.76,cb
TR2609050051481,CL108805,EN00179,trottinette,Lyon,ST1008,ST1014,1788607047,2026-09-05 13:26:27,9,1.7,2.98,cb
TR2609050051482,CL106132,EN00196,velo_elec,Lyon,ST1010,ST1003,,2026-09-05 13:26:08,7,2.35,2.75,paypal
TR2609050051483,CL105481,EN00041,velo_elec,Lyon,ST1010,ST1001,2026-09-05 13:19:22,2026-09-05 13:28:22,9,2.8,3.25,cb
TR2609050051484,CL107682,EN00295,velo_elec,Nantes,ST1027,ST1025,2026-09-05 13:23:23,2026-09-05 13:31:23,8,1.3,3.0,cb
TR2609050051485,CL104634,EN00370,velo_elec,Lille,ST1035,ST1042,2026-09-05 13:30:12,2026-09-05 13:45:12,15,3.88,4.75,cb
TR2609050051486,CL108065,EN00394,velo_elec,Lille,ST1036,ST1037,2026-09-05 13:21:46,2026-09-05 13:38:46,17,4.69,5.25,abonnement
TR2609050051487,CL105514,EN00361,trottinette,Lille,ST1037,ST1038,05/09/2026 13:30,2026-09-05 13:34:38,4,1.16,1.88,cb
TR2609050051488,CL100388,EN00481,velo_elec,Lille,ST1041,ST1037,2026-09-05 13:16:53,2026-09-05 13:38:53,22,4.54,6.5,abonnement
TR2609050051489,CL106464,EN00488,velo_elec,Lille,ST1044,ST1046,2026-09-05 13:19:57,2026-09-05 13:29:57,10,2.3,3.5,abonnement
TR2609050051490,CL107768,EN00409,trottinette,Lille,ST1045,ST1039,1788607336,2026-09-05 13:35:16,13,3.69,3.86,paypal
TR2609050051491,CL104337,EN00475,trottinette,Lille,ST1045,ST1044,2026-09-05 13:24:46,1788607726,4,0.96,1.88,abonnement
TR2609050051492,CL108503,EN00424,velo_elec,Lille,ST1046,ST1041,05/09/2026 13:22,2026-09-05 13:39:03,17,4.96,5.25,abonnement
TR2609050051493,CL106162,EN00537,velo_elec,Grenoble,ST1053,ST1057,2026-09-05 13:27:45,2026-09-05 13:35:45,8,2.51,3.0,abonnement
TR2609050051494,CL104607,EN00191,trottinette,Lyon ,ST1011,ST1014,05/09/2026 13:33,2026-09-05 13:44:57,11,2.77,3.42,cb
TR2609050051495,CL107512,EN00084,velo_elec,Lyon,ST1011,ST1017,2026-09-05 13:42:50,2026-09-05 14:07:50,25,3.86,7.25,cb
TR2609050051496,CL100736,EN00054,trottinette,lyon,ST1014,ST1016,2026-09-05 13:31:39,2026-09-05 13:44:39,13,4.47,3.86,abonnement
TR2609050051497,CL104182,EN00162,velo_elec,Lyon,ST1014,ST1003,2026-09-05 13:36:02,2026-09-05 13:38:02,2,0.5,1.5,cb
TR2609050051498,CL102372,EN00180,trottinette,Lyon,ST1016,ST1009,2026-09-05 13:31:51,2026-09-05 13:36:51,5,0.92,2.1,abonnement
TR2609050051499,CL101748,EN00286,velo_elec,Nantes,ST1020,ST1023,2026-09-05 13:41:12,05/09/2026 13:54,13,3.27,4.25,cb
TR2609050051500,CL107869,EN00240,trottinette,Nantes,ST1021,ST1025,2026-09-05 13:31:56,2026-09-05 13:57:56,26,6.77,6.72,cb
TR2609050051501,CL106243,EN00352,velo_elec,Nantes,ST1022,ST1021,2026-09-05 13:42:17,2026-09-05 13:46:17,4,0.97,2.0,cb
TR2609050051502,CL108440,EN00351,trottinette,NANTES,ST1026,ST1030,2026-09-05 13:40:41,2026-09-05 14:08:41,28,9.21,7.16,cb
TR2609050051503,CL100775,EN00230,velo_elec,Nantes,ST1029,ST1026,2026-09-05 13:38:12,2026-09-05 13:44:12,6,1.69,2.5,abonnement
TR2609050051504,CL108392,EN00340,velo_elec,NANTES,ST1029,ST1032,1788608006,2026-09-05 13:38:26,5,1.27,2.25,cb
TR2609050051505,CL105952,EN00285,trottinette,Nantes,ST1030,ST1023,2026-09-05 13:44:59,2026-09-05 13:53:59,9,2.44,2.98,cb
TR2609050051506,CL107184,EN00329,trottinette,Nantes,ST1030,ST1026,2026-09-05 13:39:29,1788609569,20,5.06,5.4,cb
TR2609050051507,CL108014,EN00441,velo_elec,lille,ST1040,ST1045,2026-09-05 13:45:12,2026-09-05 13:56:12,11,1.98,3.75,abonnement
TR2609050051508,CL103866,EN00475,trottinette,Lille,ST1044,ST1043,2026-09-05 13:39:27,2026-09-05 14:32:27,53,13.49,12.66,abonnement
TR2609050051509,CL104727,EN00488,velo_elec,Lille,ST1046,ST1039,05/09/2026 13:35,2026-09-05 13:43:32,8,1.93,3.0,cb
TR2609050051510,CL101491,EN00397,velo,Lille,ST1047,ST1040,05/09/2026 13:40,05/09/2026 13:51,11,1.86,2.65,abonnement
TR2609050051511,CL108629,EN00560,velo_elec,Grenoble,ST1048,ST1054,2026-09-05 13:40:56,2026-09-05 13:45:56,5,1.49,2.25,abonnement
TR2609050051512,CL100210,EN00512,velo_elec,Grenoble,ST1051,ST1054,2026-09-05 13:46:03,2026-09-05 13:52:03,6,1.09,2.5,cb
TR2609050051513,CL105557,EN00578,velo_elec,Grenoble,ST1055,ST1049,2026-09-05 13:38:04,2026-09-05 13:45:04,7,2.26,2.75,abonnement
TR2609050051514,CL101327,EN00526,velo_elec,Grenoble,ST1057,ST1051,05/09/2026 13:39,2026-09-05 13:50:09,11,2.78,3.75,cb
TR2609050051515,CL108191,EN00178,velo_elec,Lyon,ST1002,ST1005,1788609476,2026-09-05 14:03:56,6,1.76,2.5,abonnement
TR2609050051516,CL101034,EN00199,velo_elec,Lyon,ST1002,ST1014,2026-09-05 13:54:28,05/09/2026 14:01,7,2.33,2.75,cb
TR2609050051517,CL104308,EN00101,velo_elec,Lyon,ST1003,ST1015,2026-09-05 13:57:20,05/09/2026 14:11,14,4.18,4.5,abonnement
TR2609050051518,CL106765,EN00213,trottinette,LYON,ST1004,ST1004,2026-09-05 13:57:14,2026-09-05 14:04:14,7,1.84,2.54,cb
TR2609050051519,CL108478,EN00044,trottinette,Lyon,ST1006,ST1010,1788609284,1788609644,6,1.51,2.32,
TR2609050051520,CL106970,EN00220,velo_elec,Lyonn,ST1008,ST1004,05/09/2026 13:58,1788610189,11,3.72,3.75,paypal
TR2609050051521,CL108885,EN00056,velo_elec,Lyon,ST1011,ST1009,05/09/2026 13:50,2026-09-05 13:57:38,7,1.69,2.75,cb
TR2609050051522,CL102240,EN00217,velo_elec,Lyon,ST1018,ST1009,2026-09-05 13:59:57,2026-09-05 14:09:57,10,1.75,3.5,cb
TR2609050051523,CL101183,EN00269,velo_elec,Nantes,ST1022,ST1029,2026-09-05 13:47:13,2026-09-05 13:54:13,7,1.96,2.75,cb
TR2609050051524,CL107551,EN00336,velo_elec,Nantes,ST1023,ST1021,2026-09-05 13:59:09,05/09/2026 14:06,7,1.12,2.75,cb
TR2609050051525,CL100916,EN00295,velo_elec,Nantes,ST1025,ST1025,05/09/2026 13:46,05/09/2026 13:56,10,2.15,3.5,cb
TR2609050051526,CL106408,EN00230,velo_elec,Nantes,ST1026,ST1025,2026-09-05 13:54:08,05/09/2026 14:17,23,8.01,6.75,cb
TR2609050051527,CL101357,EN00305,velo_elec,Nantes,ST1026,ST1021,2026-09-05 13:51:03,2026-09-05 14:38:03,47,16.39,12.75,
TR2609050051528,CL103268,EN00273,velo_elec,Nantes,ST1028,ST1027,2026-09-05 13:58:46,1788610486,16,4.72,5.0,abonnement
TR2609050051529,CL100536,EN00340,velo_elec,Nantes,ST1032,ST1020,2026-09-05 13:49:41,2026-09-05 14:04:41,15,5.13,4.75,abonnement
TR2609050051530,CL106686,EN00480,velo_elec,lille,ST1036,ST1042,,2026-09-05 14:06:28,15,3.73,4.75,cb
TR2609050051531,CL105396,EN00434,velo_elec,Lille,ST1042,ST1043,2026-09-05 13:50:13,2026-09-05 14:02:13,12,3.36,4.0,cb
TR2609050051532,CL103114,EN00516,velo_elec,Grenoble,ST1049,ST1049,2026-09-05 13:56:41,2026-09-05 14:13:41,17,5.15,5.25,abonnement
TR2609050051533,CL907566,EN00578,velo_elec,Grenoble,ST1049,ST1052,1788609478,2026-09-05 14:16:58,19,3.78,5.75,abonnement
TR2609050051534,CL106742,EN00575,trottinette,GRENOBLE,ST1050,ST1058,2026-09-05 13:58:23,1788610403,15,4.01,4.3,abonnement
TR2609050051535,CL104788,EN00585,velo_elec,Grenoble,ST1050,ST1049,2026-09-05 13:46:19,2026-09-05 13:54:19,8,2.01,3.0,cb
TR2609050051536,CL107417,EN00579,trottinette,Grenoble,ST1052,ST1048,2026-09-05 13:54:48,2026-09-05 13:59:48,5,1.12,2.1,cb
TR2609050051537,CL106061,EN00560,velo_elec,Grenoble,ST1054,ST1053,2026-09-05 13:51:44,2026-09-05 13:59:44,8,1.78,3.0,abonnement
TR2609050051538,CL106231,EN00145,trottinette,Lyon,ST1001,ST1019,05/09/2026 14:14,2026-09-05 14:16:21,2,0.31,1.44,cb
TR2609050051539,CL104060,EN00097,velo_elec,Lyon,ST1002,ST1005,1788610361,2026-09-05 14:28:41,16,3.38,5.0,abonnement
TR2609050051540,CL106386,EN00162,velo_elec,Lyon,ST1003,ST1003,2026-09-05 14:02:32,2026-09-05 14:30:32,28,9.68,8.0,cb
TR2609050051541,CL108089,EN00013,velo_elec,Lyon,ST1004,ST1017,2026-09-05 14:08:45,2026-09-05 14:18:45,10,2.3,3.5,abonnement
TR2609050051542,CL104618,EN00212,trottinette,Lyon ,ST1004,ST1001,2026-09-05 14:02:46,2026-09-05 14:19:46,17,5.79,4.74,abonnement
TR2609050051543,CL104217,EN00003,velo_elec,Lyon,ST1007,ST1016,2026-09-05 14:01:46,2026-09-05 14:11:46,10,1.65,3.5,cb
TR2609050051544,CL104301,EN00201,velo_elec,Lyon,ST1007,ST1014,2026-09-05 14:10:37,2026-09-05 14:20:37,10,3.09,3.5,cb
TR2609050051545,CL108398,EN00027,velo_elec,Lyon,ST1007,ST1010,2026-09-05 14:07:17,2026-09-05 14:24:17,17,5.41,5.25,cb
TR2609050051546,CL107993,EN00157,velo_elec,Lyon,ST1008,ST1010,2026-09-05 14:11:08,05/09/2026 14:24,13,2.85,4.25,cb
TR2609050051547,CL103578,EN00180,trottinette,Lyon,ST1009,ST1018,2026-09-05 14:12:24,2026-09-05 14:18:24,6,1.87,2.32,paypal
TR2609050051548,CL108708,EN00192,velo_elec,Lyon,ST1012,ST1003,2026-09-05 14:10:47,1788611267,17,5.81,5.25,cb
TR2609050051549,CL100323,EN00024,velo_elec,Lyon,ST1012,ST1017,2026-09-05 14:09:12,2026-09-05 14:23:12,14,2.54,4.5,abonnement
TR2609050051550,CL104319,EN00096,velo_elec,Lyon,ST1012,ST1002,2026-09-05 14:13:03,2026-09-05 14:19:03,6,1.75,2.5,cb
TR2609050051551,CL105068,EN00311,trottinette,Nantes,ST1020,ST1027,1788610029,2026-09-05 14:19:09,12,2.27,3.64,abonnement
TR2609050051552,CL102785,EN00352,velo_elec,Nantes,ST1021,ST1028,1788610000,05/09/2026 14:13,7,2.09,2.75,cb
TR2609050051553,CL107960,EN00268,trottinette,Nantes,ST1021,ST1020,2026-09-05 14:05:32,1788610892,16,2.74,4.52,cb
TR2609050051554,CL107942,EN00239,trottinette,Nantes,ST1024,ST1030,2026-09-05 14:05:44,2026-09-05 14:12:44,7,2.29,2.54,cb
TR2609050051555,CL103687,EN00281,velo_elec,Nantes,ST1027,ST1024,2026-09-05 14:01:12,2026-09-05 14:11:12,10,3.3,3.5,abonnement
TR2609050051556,CL105247,EN00226,velo_elec,Nantes,ST1027,ST1021,2026-09-05 14:05:26,2026-09-05 14:12:26,7,1.46,2.75,cb
TR2609050051557,CL106627,EN00358,trottinette,Nantes,ST1027,ST1026,2026-09-05 14:14:41,2026-09-05 14:18:41,4,1.04,1.88,cb
TR2609050051558,CL107838,EN00238,velo_elec,Nantes,ST1029,ST1030,2026-09-05 14:07:02,2026-09-05 14:14:02,7,1.57,2.75,cb
TR2609050051559,CL100063,EN00293,velo_elec,Nantes,ST1031,ST1021,2026-09-05 14:09:35,2026-09-05 14:15:35,6,1.52,2.5,abonnement
TR2609050051560,CL108017,EN00297,trottinette,Nantes,ST1031,ST1022,05/09/2026 14:09,2026-09-05 14:18:48,9,3.08,2.98,cb
TR2609050051561,CL102760,EN00259,trottinette,Nantes,ST1033,ST1029,2026-09-05 14:11:23,2026-09-05 14:20:23,9,3.11,2.98,paypal
TR2609050051562,CL103383,EN00319,velo_elec,Nantes,ST1033,ST1024,05/09/2026 14:06,2026-09-05 14:30:52,24,5.15,7.0,paypal
TR2609050051563,CL104873,EN00385,velo_elec,Lille,ST1034,ST1043,2026-09-05 14:02:27,2026-09-05 14:15:27,13,2.0,4.25,abonnement
TR2609050051564,CL103411,EN00361,trottinette,Lille,ST1038,ST1044,2026-09-05 14:09:14,2026-09-05 14:20:14,11,2.89,3.42,cb
TR2609050051565,CL106864,EN00433,velo,Lille,ST1038,ST1035,2026-09-05 14:10:04,2026-09-05 14:42:04,32,8.16,5.8,cb
TR2609050051566,CL106780,EN00378,velo_elec,Lille,ST1040,ST1035,2026-09-05 14:01:36,2026-09-05 14:12:36,11,2.33,3.75,paypal
TR2609050051567,CL101214,EN00455,velo_elec, Lille,ST1042,ST1045,2026-09-05 14:15:40,2026-09-05 14:25:40,10,2.03,3.5,cb
TR2609050051568,CL108455,EN00363,velo_elec,Lille,ST1043,ST1035,2026-09-05 14:02:16,2026-09-05 14:15:16,13,2.61,4.25,cb
TR2609050051569,CL108539,EN00462,velo_elec,Lille,ST1043,ST1040,,,5,1.7,2.25,cb
TR2609050051570,CL101259,EN00441,velo_elec,Lille,ST1045,ST1040,1788610380,2026-09-05 14:20:00,7,2.08,2.75,paypal
TR2609050051571,CL104417,EN00435,trottinette,Lille,ST1046,ST1047,2026-09-05 14:12:48,2026-09-05 14:23:48,11,1.91,3.42,abonnement
TR2609050051572,CL108170,EN00585,velo_elec,Grenoble,ST1049,ST1049,1788609679,2026-09-05 14:12:19,11,3.43,3.75,cb
TR2609050051573,CL103385,EN00561,velo_elec,Grenoble,ST1050,ST1051,2026-09-05 14:10:34,2026-09-05 14:13:34,3,0.69,1.75,paypal
TR2609050051574,CL104758,EN00526,velo_elec,Grenoble,ST1051,ST1054,2026-09-05 14:12:31,2026-09-05 14:20:31,8,2.69,3.0,cb
TR2609050051575,CL100648,EN00521,velo,GRENOBLE,ST1052,ST1052,2026-09-05 14:01:55,2026-09-05 14:13:55,12,2.94,2.8,cb
TR2609050051576,CL101732,EN00525,velo,Grenoble,ST1052,ST1057,2026-09-05 14:05:00,2026-09-05 14:16:00,11,2.21,2.65,abonnement
TR2609050051577,CL100467,EN00560,velo_elec,Grenoble,ST1053,ST1056,05/09/2026 14:14,2026-09-05 14:47:41,33,5.6,9.25,paypal
TR2609050051578,CL108733,EN00504,trottinette,Grenoble,ST1056,ST1054,05/09/2026 14:08,2026-09-05 14:29:28,21,3.6,5.62,cb
TR2609050051579,CL106215,EN00537,velo_elec,Grenoble,ST1057,ST1048,2026-09-05 14:07:15,2026-09-05 14:16:15,9,2.45,3.25,cb
TR2609050051580,CL103142,EN00106,trottinette,Lyon,ST1002,ST1002,2026-09-05 14:23:14,2026-09-05 14:44:14,21,6.19,5.62,cb
TR2609050051581,CL105972,EN00049,trottinette,Lyon,ST1002,ST1008,2026-09-05 14:28:14,2026-09-05 14:32:14,4,1.38,1.88,cb
TR2609050051582,CL108377,EN00211,velo_elec,Lyon,ST1009,ST1019,2026-09-05 14:19:09,2026-09-05 14:58:09,39,7.36,10.75,abonnement
TR2609050051583,CL104347,EN00208,velo_elec,Lyon,ST1011,ST1003,2026-09-05 14:25:15,2026-09-05 14:49:15,24,4.26,7.0,cb
TR2609050051584,CL100206,EN00190,trottinette,Lyon,ST1015,ST1017,2026-09-05 14:20:29,2026-09-05 14:28:29,8,2.55,2.76,paypal
TR2609050051585,CL107581,EN00084,velo_elec,Lyon,ST1017,ST1015,2026-09-05 14:22:22,2026-09-05 14:30:22,8,1.51,3.0,cb
TR2609050051586,CL107837,EN00008,trottinette,lyon,ST1019,ST1004,2026-09-05 14:30:08,05/09/2026 14:38,8,1.73,2.76,cb
TR2609050051587,CL104209,EN00317,trottinette,Nantes,ST1020,ST1023,2026-09-05 14:22:04,2026-09-05 14:44:04,22,3.7,5.84,cb
TR2609050051588,CL103316,EN00309,trottinette,Nantes,ST1022,ST1024,2026-09-05 14:29:43,2026-09-05 14:46:43,17,4.65,4.74,cb
TR2609050051589,CL108486,EN00276,velo_elec,Nantes,ST1024,ST1029,2026-09-05 14:24:01,2026-09-05 14:44:01,20,6.16,6.0,cb
TR2609050051590,CL105791,EN00295,velo_elec,Nantes,ST1025,ST1028,1788611156,05/09/2026 14:39,14,3.54,4.5,cb
TR2609050051591,CL100438,EN00330,trottinette,Nantes,ST1026,ST1022,2026-09-05 14:25:30,2026-09-05 14:44:30,19,4.98,5.18,cb
TR2609050051592,CL102016,EN00273,velo_elec,Nantes,ST1027,ST1024,2026-09-05 14:25:00,2026-09-05 14:51:00,26,5.36,7.5,abonnement
TR2609050051593,CL107777,EN00338,velo_elec,Nantes,ST1028,ST1032,05/09/2026 14:18,2026-09-05 14:42:43,24,7.7,7.0,cb
TR2609050051594,CL100865,EN00314,trottinette,Nantes,ST1028,ST1030,2026-09-05 14:28:49,1788613549,37,9.49,9.14,abonnement
TR2609050051595,CL103268,EN00221,velo_elec,nantes,ST1031,ST1029,2026-09-05 14:21:40,2026-09-05 14:38:40,17,4.7,5.25,cb
TR2609050051596,CL107331,EN00378,velo_elec,Lille,ST1035,ST1034,,2026-09-05 14:37:50,18,5.93,5.5,
TR2609050051597,CL107266,EN00444,trottinette,Lille,ST1041,ST1044,2026-09-05 14:22:25,2026-09-05 14:36:25,14,2.18,4.08,cb
TR2609050051598,CL108606,EN00434,velo_elec,Lille,ST1043,ST1044,2026-09-05 14:21:26,2026-09-05 14:59:26,38,11.56,10.5,abonnement
TR2609050051599,CL106920,EN00375,trottinette,Lille,ST1044,ST1041,2026-09-05 14:17:50,2026-09-05 14:31:50,14,2.16,4.08,cb
TR2609050051600,CL108288,EN00410,velo_elec,Lille,ST1044,ST1034,2026-09-05 14:16:45,05/09/2026 14:34,18,4.58,5.5,cb
TR2609050051601,CL108878,EN00579,trottinette,Grenoble,ST1048,ST1053,2026-09-05 14:23:10,05/09/2026 14:51,28,4.58,7.16,cb
TR2609050051602,CL103929,EN00561,velo_elec,Grenoble,ST1051,ST1057,2026-09-05 14:27:00,2026-09-05 14:50:00,23,4.71,6.75,cb
TR2609050051603,CL106554,EN00512,velo_elec,Grenoble,ST1054,ST1049,2026-09-05 14:29:36,2026-09-05 15:06:36,37,9.11,10.25,paypal
TR2609050051604,CL106732,EN00589,velo_elec,Grenoble,ST1055,ST1050,2026-09-05 14:24:54,2026-09-05 14:36:54,12,3.13,,abonnement
TR2609050051605,CL108579,EN00113,velo_elec,Lyon,ST1008,ST1012,2026-09-05 14:40:59,2026-09-05 14:57:59,17,5.89,5.25,cb
TR2609050051606,CL107185,EN00190,trottinette,Lyon,ST1017,ST1018,2026-09-05 14:40:05,2026-09-05 14:44:05,4,0.64,1.88,paypal
TR2609050051607,CL103179,EN00002,velo_elec,Lyonn,ST1019,ST1012,2026-09-05 14:44:27,1788612807,9,2.68,3.25,cb
TR2609050051608,CL104924,EN00293,velo_elec,Nantes,ST1021,ST1025,05/09/2026 14:40,2026-09-05 15:00:04,20,5.25,6.0,cb
TR2609050051609,CL106790,EN00247,trottinette,Nantes,ST1030,ST1023,2026-09-05 14:33:42,2026-09-05 14:46:42,13,2.25,3.86,abonnement
TR2609050051610,CL105398,EN00313,trottinette,Nantes,ST1031,ST1021,1788611640,05/09/2026 14:42,8,1.64,2.76,cb
TR2609050051611,CL106272,EN00257,trottinette,Nantes,ST1031,ST1029,2026-09-05 14:30:49,2026-09-05 14:38:49,8,1.2,2.76,paypal
TR2609050051612,CL101658,EN00492,velo_elec,Lille,ST1034,ST1047,2026-09-05 14:44:57,2026-09-05 14:57:57,13,2.86,4.25,cb
TR2609050051613,CL102711,EN00469,velo,Lille,ST1038,ST1045,2026-09-05 14:37:46,2026-09-05 14:49:46,12,2.23,2.8,cb
TR2609050051614,CL103830,EN00409,trottinette,Lille,ST1039,ST1038,2026-09-05 14:31:12,2026-09-05 14:42:12,11,2.01,3.42,cb
TR2609050051615,CL102441,EN00424,velo_elec,Lille,ST1041,ST1043,2026-09-05 14:36:23,2026-09-05 16:04:23,88,24.75,23.0,abonnement
TR2609050051616,CL106464,EN00368,trottinette,Lille,ST1042,ST1038,05/09/2026 14:44,2026-09-05 15:00:44,16,3.48,4.52,cb
TR2609050051617,CL102936,EN00591,velo_elec,Grenoble,ST1048,ST1055,2026-09-05 14:44:21,05/09/2026 14:49,5,1.56,2.25,cb
TR2609050051618,CL102009,EN00600,trottinette,Grenoble,ST1048,ST1057,2026-09-05 14:39:11,2026-09-05 14:46:11,7,1.69,2.54,cb
TR2609050051619,CL107136,EN00548,trottinette,Grenoble ,ST1051,ST1058,2026-09-05 14:44:29,2026-09-05 14:49:29,5,1.12,2.1,cb
TR2609050051620,CL108515,EN00559,trottinette,Grenoble,ST1051,ST1049,2026-09-05 14:35:11,2026-09-05 14:45:11,10,2.32,3.2,cb
TR2609050051621,CL105464,EN00578,velo_elec,Grenoble,ST1052,ST1050,2026-09-05 14:35:23,2026-09-05 14:41:23,6,1.35,2.5,cb
TR2609050051622,CL104802,EN00521,velo,Grenoble,ST1052,ST1051,2026-09-05 14:36:03,2026-09-05 15:05:03,29,5.51,5.35,cb
TR2609050051623,CL108757,EN00551,trottinette,Grenoble,ST1057,ST1049,2026-09-05 14:39:04,2026-09-05 14:42:04,3,0.86,1.66,abonnement
TR2609050051624,CL102929,EN00522,velo_elec,Grenoble,ST1058,ST1053,05/09/2026 14:45,05/09/2026 14:55,10,2.27,3.5,paypal
TR2609050051625,CL105254,EN00096,velo_elec,Lyon,ST1002,ST1006,2026-09-05 14:57:56,1788613856,13,2.13,4.25,cb
TR2609050051626,CL102663,EN00008,trottinette,Lyon,ST1004,ST1012,2026-09-05 14:57:28,2026-09-05 15:28:28,31,7.48,7.82,cb
TR2609050051627,CL105700,EN00108,velo_elec,Lyon,ST1006,ST1015,2026-09-05 14:59:24,2026-09-05 15:06:24,7,2.09,2.75,cb
TR2609050051628,CL103000,EN00099,velo_elec,lyon,ST1007,ST1016,05/09/2026 14:52,2026-09-05 15:20:18,28,8.17,8.0,paypal
TR2609050051629,CL100461,EN00077,trottinette,Lyon,ST1009,ST1010,2026-09-05 14:57:33,2026-09-05 15:22:33,25,4.69,6.5,cb
TR2609050051630,CL102368,EN00042,trottinette,Lyon,ST1011,ST1005,05/09/2026 14:45,1788612778,7,1.25,2.54,abonnement
TR2609050051631,CL106080,EN00075,trottinette,Lyon,ST1012,ST1015,2026-09-05 14:47:16,2026-09-05 15:01:16,14,3.87,4.08,abonnement
TR2609050051632,CL956987,EN00065,trottinette,Lyon,ST1012,ST1009,2026-09-05 14:53:25,05/09/2026 15:03,10,1.64,3.2,cb
TR2609050051633,CL102336,EN00033,trottinette,Lyon,ST1012,ST1016,05/09/2026 14:59,,18,6.05,4.96,abonnement
TR2609050051634,CL108472,EN00191,trottinette,Lyon,ST1014,ST1015,2026-09-05 14:54:30,05/09/2026 15:22,28,6.54,7.16,abonnement
TR2609050051635,CL108075,EN00172,trottinette,Lyon,ST1015,ST1015,05/09/2026 14:47,2026-09-05 14:50:39,3,0.48,1.66,cb
TR2609050051636,CL104575,EN00215,velo_elec,Lyon,ST1016,ST1001,2026-09-05 14:49:52,2026-09-05 15:03:52,14,3.06,4.5,cb
TR2609050051637,CL104725,EN00145,trottinette,Lyon,ST1019,ST1004,05/09/2026 14:49,2026-09-05 15:05:39,16,4.98,4.52,cb
TR2609050051638,CL107547,EN00264,trottinette,Nantes,ST1020,ST1021,2026-09-05 14:54:48,2026-09-05 15:06:48,12,3.12,3.64,cb
TR2609050051639,CL101113,EN00336,velo_elec,Nantes,ST1021,ST1024,2026-09-05 14:55:29,2026-09-05 15:11:29,16,2.62,5.0,cb
TR2609050051640,CL104064,EN00226,velo_elec,Nantes,ST1021,ST1031,2026-09-05 15:00:14,2026-09-05 15:10:14,10,1.99,3.5,cb
TR2609050051641,CL106498,EN00247,trottinette,Nantes,ST1023,ST1026,05/09/2026 14:54,2026-09-05 15:00:16,6,1.43,2.32,cb
TR2609050051642,CL106115,EN00311,trottinette,Nantes,ST1027,ST1029,1788613102,,7,2.43,2.54,cb
TR2609050051643,CL106654,EN00334,trottinette,Nantes,ST1028,ST1029,2026-09-05 14:59:12,2026-09-05 15:15:12,16,4.32,4.52,abonnement
TR2609050051644,CL107821,EN00259,trottinette,Nantes,ST1029,ST1029,2026-09-05 14:49:36,05/09/2026 15:00,11,2.67,3.42,cb
TR2609050051645,CL105069,EN00256,velo_elec,Nantes,ST1031,ST1021,2026-09-05 14:58:32,1788614492,23,5.62,6.75,cb
TR2609050051646,CL104656,EN00495,trottinette,Lille,ST1037,ST1042,2026-09-05 14:52:48,2026-09-05 15:10:48,18,5.18,4.96,paypal
TR2609050051647,CL101295,EN00488,velo_elec,Lille,ST1039,ST1041,2026-09-05 14:58:50,05/09/2026 15:05,7,2.4,2.75,
TR2609050051648,CL103042,EN00455,velo_elec,Lille,ST1045,ST1038,2026-09-05 14:55:28,2026-09-05 15:15:28,20,4.67,6.0,cb
TR2609050051649,CL108945,EN00435,trottinette,Lille,ST1047,ST1040,05/09/2026 14:58,2026-09-05 15:14:46,16,3.06,4.52,paypal
TR2609050051650,CL108524,EN00517,trottinette,Grenoble,ST1048,ST1054,2026-09-05 14:56:49,2026-09-05 15:08:49,12,3.1,3.64,cb
TR2609050051651,CL105290,EN00565,trottinette,Grenoble,ST1048,ST1049,2026-09-05 14:51:46,1788613246,9,3.14,2.98,cb
TR2609050051652,CL105772,EN00516,velo_elec,Grenoble,ST1049,ST1052,2026-09-05 14:59:39,05/09/2026 15:12,13,2.41,4.25,cb
TR2609050051653,CL100220,EN00589,velo_elec,Grenoble,ST1050,ST1053,2026-09-05 15:00:27,2026-09-05 15:07:27,7,2.39,2.75,cb
TR2609050051654,CL100861,EN00578,velo_elec,Grenoble,ST1050,ST1048,2026-09-05 14:47:36,2026-09-05 15:02:36,15,3.82,4.75,cb
TR2609050051655,CL104075,EN00504,trottinette,grenoble,ST1054,ST1049,2026-09-05 14:54:21,05/09/2026 15:19,25,5.73,6.5,cb
TR2609050051656,CL105660,EN00526,velo_elec,Grenoble,ST1054,ST1051,05/09/2026 14:50,2026-09-05 14:57:26,7,1.36,2.75,abonnement
TR2609050051657,CL107393,EN00528,velo_elec,Grenoble,ST1055,ST1052,05/09/2026 14:48,2026-09-05 14:56:36,8,2.49,3.0,paypal
TR2609050051658,CL103022,EN00566,trottinette,Grenoble,ST1055,ST1057,2026-09-05 14:53:10,2026-09-05 15:04:10,11,3.83,3.42,cb
TR2609050051659,CL102929,EN00514,velo_elec,Grenoble ,ST1055,ST1057,05/09/2026 14:49,2026-09-05 14:59:47,10,2.45,3.5,cb
TR2609050051660,CL105758,EN00587,trottinette,Grenoble,ST1056,ST1057,2026-09-05 14:54:08,2026-09-05 15:07:08,13,3.98,3.86,abonnement
TR2609050051661,CL106305,EN00567,velo_elec,Grenoble,ST1056,ST1056,2026-09-05 14:54:21,2026-09-05 15:06:21,12,3.51,4.0,paypal
TR2609050051662,CL107118,EN00596,velo_elec,Grenoble,ST1058,ST1057,2026-09-05 14:59:55,2026-09-05 15:07:55,8,2.3,3.0,abonnement
TR2609050051663,CL108482,EN00104,trottinette,Lyon,ST1001,ST1009,,2026-09-05 15:20:43,16,2.86,4.52,cb
TR2609050051664,CL108722,EN00212,trottinette,Lyon,ST1001,ST1015,2026-09-05 15:06:48,2026-09-05 15:12:48,6,1.99,2.32,cb
TR2609050051665,CL101707,EN00087,trottinette,Lyon,ST1001,ST1018,1788613370,2026-09-05 15:17:50,15,4.58,4.3,cb
TR2609050051666,CL103740,EN00106,trottinette,Lyon,ST1002,ST1009,2026-09-05 15:08:26,2026-09-05 15:17:26,9,2.78,2.98,
TR2609050051667,CL104927,EN00192,velo_elec,Lyon,ST1003,ST1018,1788613563,2026-09-05 15:14:03,8,2.07,3.0,cb
TR2609050051668,CL101973,EN00196,velo_elec,Lyon,ST1003,ST1010,2026-09-05 15:15:22,2026-09-05 15:29:22,14,2.69,4.5,abonnement
TR2609050051669,CL105341,EN00034,velo_elec,Lyon,ST1006,ST1006,05/09/2026 15:12,,13,3.41,4.25,cb
TR2609050051670,CL108189,EN00218,velo_elec,Lyon,ST1006,ST1008,05/09/2026 15:05,2026-09-05 15:16:07,11,2.61,3.75,abonnement
TR2609050051671,CL102874,EN00050,velo_elec,Lyon,ST1006,ST1010,2026-09-05 15:13:24,2026-09-05 15:22:24,9,1.47,3.25,cb
TR2609050051672,CL103710,EN00098,velo_elec,Lyon,ST1008,ST1016,2026-09-05 15:03:10,05/09/2026 15:16,13,1.99,4.25,cb
TR2609050051673,CL103185,EN00115,velo_elec,Lyon,ST1008,ST1012,1788613573,2026-09-05 15:15:13,9,1.59,3.25,cb
TR2609050051674,CL103821,EN00027,velo_elec,Lyon,ST1010,ST1007,2026-09-05 15:03:57,1788614397,16,5.07,5.0,paypal
TR2609050051675,CL107781,EN00201,velo_elec,Lyon,ST1014,ST1019,,2026-09-05 15:26:46,14,3.79,4.5,cb
TR2609050051676,CL106323,EN00172,trottinette,Lyon,ST1015,ST1009,2026-09-05 15:05:18,1788614538,17,5.92,4.74,abonnement
TR2609050051677,CL101324,EN00003,velo_elec,Lyon,ST1016,ST1013,1788613800,2026-09-05 15:17:00,7,2.0,2.75,cb
TR2609050051678,CL100010,EN00180,trottinette,Lyon,ST1018,ST1014,2026-09-05 15:12:21,1788615021,18,4.55,4.96,cb
TR2609050051679,CL106751,EN00190,trottinette,Lyon,ST1018,ST1007,2026-09-05 15:09:44,2026-09-05 15:16:44,7,2.1,2.54,paypal
TR2609050051680,CL106357,EN00340,velo_elec,Nantes,ST1020,ST1022,2026-09-05 15:13:47,2026-09-05 15:19:47,6,1.1,2.5,cb
TR2609050051681,CL104051,EN00294,velo_elec,NANTES,ST1023,ST1030,2026-09-05 15:13:36,,4,0.71,2.0,abonnement
TR2609050051682,CL105510,EN00293,velo_elec,Nantes,ST1025,ST1030,2026-09-05 15:02:55,2026-09-05 15:15:55,13,2.59,4.25,paypal
TR2609050051683,CL105374,EN00247,trottinette,Nantes,ST1026,ST1021,2026-09-05 15:10:45,,15,2.36,4.3,cb
TR2609050051684,CL100452,EN00352,velo_elec,Nantes,ST1028,ST1021,2026-09-05 15:05:08,2026-09-05 15:07:08,2,0.58,1.5,paypal
TR2609050051685,CL103883,EN00253,trottinette,nantes,ST1028,ST1033,1788613499,2026-09-05 15:17:59,13,2.04,3.86,abonnement
TR2609050051686,CL106257,EN00276,velo_elec,nantes,ST1029,ST1027,2026-09-05 15:07:32,2026-09-05 15:13:32,6,2.03,2.5,abonnement
TR2609050051687,CL103240,EN00421,velo_elec,Lille,ST1042,ST9113,2026-09-05 15:08:38,2026-09-05 15:25:38,17,3.39,5.25,
TR2609050051688,CL102146,EN00385,velo_elec,Lille,ST1043,ST1043,05/09/2026 15:01,2026-09-05 15:40:28,39,8.98,10.75,cb
TR2609050051689,CL107619,EN00444,trottinette,Lille,ST1044,ST1038,2026-09-05 15:03:54,05/09/2026 15:23,20,4.11,5.4,
TR2609050051690,CL105690,EN00526,velo_elec,grenoble,ST1051,ST1057,2026-09-05 15:08:09,2026-09-05 15:36:09,28,8.58,8.0,cb
TR2609050051691,CL105042,EN00208,velo_elec,Lyon,ST1003,ST1008,2026-09-05 15:29:09,1788615789,14,4.33,,cb
TR2609050051692,CL102344,EN00042,trottinette,Lyon,ST1005,ST1015,05/09/2026 15:26,05/09/2026 15:48,22,6.95,5.84,abonnement
TR2609050051693,CL914700,EN00190,trottinette,Lyon,ST1007,ST1007,2026-09-05 15:27:13,2026-09-05 15:36:13,9,1.61,2.98,paypal
TR2609050051694,CL107544,EN00218,velo_elec,Lyon,ST1008,ST1006,2026-09-05 15:24:55,2026-09-05 15:41:55,17,3.12,5.25,cb
TR2609050051695,CL104307,EN00189,trottinette,Lyon,ST1011,ST1011,,2026-09-05 15:20:38,3,0.54,1.66,cb
TR2609050051696,CL104875,EN00154,trottinette,Lyon,ST1011,ST1011,,2026-09-05 15:41:44,14,2.21,4.08,cb
TR2609050051697,CL101013,EN00013,velo_elec,Lyon,ST1017,ST1006,2026-09-05 15:21:25,2026-09-05 15:26:25,5,1.07,2.25,abonnement
TR2609050051698,CL107784,EN00186,trottinette,LYON,ST1019,ST1007,2026-09-05 15:18:45,2026-09-05 15:25:45,7,2.02,2.54,abonnement
TR2609050051699,CL106702,EN00286,velo_elec,Nantes,ST1023,ST1026,2026-09-05 15:17:01,2026-09-05 15:41:01,24,4.11,7.0,cb
TR2609050051700,CL108695,EN00230,velo_elec,nantes,ST1025,ST1028,05/09/2026 15:17,2026-09-05 15:25:34,8,1.35,3.0,cb
TR2609050051701,CL105996,EN00357,trottinette,Nantes,ST1025,ST1023,1788614972,2026-09-05 16:21:32,52,15.9,12.44,cb
TR2609050051702,CL108354,EN00276,velo_elec,Nantes,ST1027,ST1022,05/09/2026 15:19,2026-09-05 15:34:36,15,3.52,4.75,cb
TR2609050051703,CL104018,EN00237,velo_elec,Nantes,ST1027,ST1029,2026-09-05 15:20:37,2026-09-05 15:23:37,3,0.84,1.75,cb
TR2609050051704,CL107059,EN00259,trottinette,Nantes,ST1029,ST1027,2026-09-05 15:27:38,2026-09-05 15:33:38,6,1.54,2.32,paypal
TR2609050051705,CL104371,EN00293,velo_elec,Nantes,ST1030,ST1028,2026-09-05 15:27:10,2026-09-05 15:34:10,7,1.56,2.75,abonnement
TR2609050051706,CL100745,EN00298,trottinette,Nantes,ST1033,ST1027,2026-09-05 15:19:56,2026-09-05 15:28:56,9,1.88,2.98,cb
TR2609050051707,CL105314,EN00378,velo_elec,Lille,ST1034,ST1042,2026-09-05 15:19:47,2026-09-05 15:32:47,13,4.09,4.25,abonnement
TR2609050051708,CL105476,EN00420,trottinette,Lille,ST1034,ST1034,05/09/2026 15:27,2026-09-05 15:39:01,12,2.83,3.64,cb
TR2609050051709,CL107589,EN00482,velo_elec,Lille,ST1034,ST1045,2026-09-05 15:23:19,2026-09-05 15:33:19,10,3.09,3.5,paypal
TR2609050051710,CL105494,EN00365,velo_elec,Lille,ST1036,ST1043,2026-09-05 15:16:33,05/09/2026 15:26,10,1.69,3.5,cb
TR2609050051711,CL104973,EN00368,trottinette,Lille,ST1038,ST1034,2026-09-05 15:16:36,2026-09-05 15:23:36,7,1.49,2.54,paypal
TR2609050051712,CL104553,EN00430,velo_elec,Lille,ST1040,ST1047,1788614285,2026-09-05 15:35:05,17,3.23,5.25,cb
TR2609050051713,CL102391,EN00418,trottinette,Lille,ST1041,ST1040,2026-09-05 15:24:39,2026-09-05 15:29:39,5,1.25,2.1,cb
TR2609050051714,CL104920,EN00366,trottinette,Lille,ST1041,ST1037,2026-09-05 15:17:51,2026-09-05 15:25:51,8,2.32,2.76,cb
TR2609050051715,CL106961,EN00469,velo,Lille,ST1045,ST1038,05/09/2026 15:18,2026-09-05 15:40:45,22,5.63,,cb
TR2609050051716,CL107798,EN00559,trottinette,Grenoble,ST1049,ST1056,2026-09-05 15:16:04,2026-09-05 15:27:04,11,2.85,3.42,cb
TR2609050051717,CL104287,EN00515,trottinette,Grenoble,ST1050,ST1051,05/09/2026 15:18,2026-09-05 15:27:07,9,2.01,2.98,cb
TR2609050051718,CL105376,EN00591,velo_elec,Grenoble,ST1055,ST1051,1788614671,2026-09-05 15:48:31,24,7.28,7.0,cb
TR2609050051719,CL106066,EN00593,trottinette,Grenoble,ST1055,ST1050,2026-09-05 15:25:54,2026-09-05 15:40:54,15,2.47,4.3,cb
TR2609050051720,CL108378,EN00178,velo_elec,Lyon,ST1005,ST1005,2026-09-05 15:42:57,2026-09-05 15:54:57,12,3.59,4.0,abonnement
TR2609050051721,CL102814,EN00013,velo_elec,Lyon,ST1006,ST1017,1788615376,2026-09-05 15:40:16,4,0.91,2.0,paypal
TR2609050051722,CL101410,EN00096,velo_elec,Lyon,ST1006,ST1001,05/09/2026 15:34,2026-09-05 15:47:37,13,2.94,4.25,cb
TR2609050051723,CL107484,EN00186,trottinette,Lyon,ST1007,ST1001,2026-09-05 15:45:16,2026-09-05 15:56:16,11,3.42,3.42,cb
TR2609050051724,CL102419,EN00195,velo_elec,Lyon,ST1015,ST1007,2026-09-05 15:37:09,05/09/2026 16:07,30,8.25,8.5,abonnement
TR2609050051725,CL103464,EN00005,velo_elec,Lyon,ST1019,ST1003,2026-09-05 15:43:37,2026-09-05 15:58:37,15,3.46,4.75,cb
TR2609050051726,CL102702,EN00247,trottinette,Nantes,ST1021,ST1023,2026-09-05 15:44:37,05/09/2026 16:11,27,4.44,6.94,cb
TR2609050051727,CL104274,EN00342,velo_elec,Nantes,ST1023,ST1029,2026-09-05 15:40:29,2026-09-05 15:49:29,9,1.99,3.25,cb
TR2609050051728,CL108131,EN00280,trottinette,Nantes,ST1023,ST1031,2026-09-05 15:31:21,2026-09-05 15:42:21,11,2.96,3.42,
TR2609050051729,CL103774,EN00283,trottinette,Nantes,ST1024,ST1026,1788615910,2026-09-05 15:55:10,10,2.5,3.2,cb
TR2609050051730,CL108057,EN00240,trottinette,Nantes,ST1025,ST1029,2026-09-05 15:42:11,05/09/2026 16:21,39,12.72,9.58,cb
TR2609050051731,CL105037,EN00318,velo_elec,Nantes,ST1027,ST1025,2026-09-05 15:33:26,2026-09-05 15:45:26,12,3.94,4.0,paypal
TR2609050051732,CL101370,EN00334,trottinette,Nantes,ST1029,ST1024,2026-09-05 15:35:48,05/09/2026 15:44,9,2.8,2.98,paypal
TR2609050051733,CL108971,EN00226,velo_elec,Nantes,ST1031,ST1030,2026-09-05 15:37:55,2026-09-05 15:50:55,13,3.02,4.25,paypal
TR2609050051734,CL103343,EN00428,velo_elec,Lille,ST1036,ST1047,2026-09-05 15:40:00,2026-09-05 15:52:00,12,2.18,4.0,cb
TR2609050051735,CL103443,EN00443,velo_elec,Lille,ST1037,ST1045,05/09/2026 15:38,2026-09-05 16:21:04,43,8.62,11.75,abonnement
TR2609050051736,CL105187,EN00455,velo_elec,Lille,ST1038,ST1047,2026-09-05 15:34:32,2026-09-05 15:47:32,13,2.34,4.25,paypal
TR2609050051737,CL104671,EN00435,trottinette,Lille,ST1040,ST1039,2026-09-05 15:30:33,2026-09-05 15:40:33,10,1.66,3.2,cb
TR2609050051738,CL103768,EN00476,trottinette,Lille,ST1041,ST1038,2026-09-05 15:43:58,2026-09-05 16:05:58,22,6.73,5.84,cb
TR2609050051739,CL106501,EN00408,velo_elec,Lille,ST1041,ST1045,2026-09-05 15:33:41,2026-09-05 15:49:41,16,3.99,5.0,cb
TR2609050051740,CL107553,EN00415,trottinette,Lille,ST1042,ST1045,05/09/2026 15:44,1788616204,6,1.35,2.32,abonnement
TR2609050051741,CL108996,EN00495,trottinette,Lille,ST1042,ST1038,2026-09-05 15:41:58,2026-09-05 15:59:58,18,2.86,4.96,abonnement
TR2609050051742,CL103086,EN00361,trottinette,Lille,ST1044,ST1047,2026-09-05 15:44:36,2026-09-05 15:51:36,7,1.61,2.54,cb
TR2609050051743,CL105497,EN00492,velo_elec,Lille,ST1047,ST1046,2026-09-05 15:33:09,2026-09-05 15:43:09,10,2.99,3.5,abonnement
TR2609050051744,CL108419,EN00565,trottinette,Grenoble,ST1049,ST1050,2026-09-05 15:34:06,2026-09-05 15:39:06,5,1.57,2.1,cb
TR2609050051745,CL106395,EN00515,trottinette,Grenoble,ST1051,ST1052,1788615104,2026-09-05 17:01:44,90,18.9,20.8,abonnement
TR2609050051746,CL102929,EN00528,velo_elec,Grenoble,ST1052,ST1055,2026-09-05 15:43:24,05/09/2026 16:10,27,9.32,7.75,cb
TR2609050051747,CL105128,EN00579,trottinette,grenoble,ST1053,ST1052,2026-09-05 15:45:04,2026-09-05 16:25:04,40,8.53,9.8,paypal
TR2609050051748,CL106262,EN00520,velo_elec,Grenoble,ST1056,ST1048,2026-09-05 15:31:37,05/09/2026 15:41,10,3.48,3.5,cb
TR2609050051749,CL100312,EN00571,trottinette,Grenoble,ST1058,ST1052,2026-09-05 15:41:25,2026-09-05 15:58:25,-3,5.8,4.74,cb
TR2609050051750,CL104470,EN00552,trottinette,Grenoble,ST1058,ST1052,2026-09-05 15:37:00,1788616260,14,3.66,4.08,cb
TR2609050051751,CL102159,EN00216,velo_elec,Lyon,ST1002,ST1018,2026-09-05 15:55:21,05/09/2026 16:19,24,6.29,7.0,cb
TR2609050051752,CL105959,EN00175,trottinette,Lyon,ST1005,ST1011,2026-09-05 15:46:53,2026-09-05 16:06:53,20,3.9,5.4,cb
TR2609050051753,CL101205,EN00204,velo_elec,Lyon,ST1007,ST1003,1788616155,1788616395,4,1.2,2.0,abonnement
TR2609050051754,CL105525,EN00106,trottinette,Lyon,ST1009,ST1017,2026-09-05 15:45:56,2026-09-05 16:00:56,15,4.97,4.3,cb
TR2609050051755,CL104147,EN00077,trottinette,Lyon,ST1010,ST1002,2026-09-05 15:56:45,1788617685,18,5.82,4.96,cb
TR2609050051756,CL102668,EN00002,velo_elec,Lyon,ST1012,ST1006,2026-09-05 15:51:38,2026-09-05 16:06:38,15,4.44,4.75,cb
TR2609050051757,CL108930,EN00003,velo_elec,Lyon,ST1013,ST1002,2026-09-05 15:48:31,2026-09-05 16:04:31,16,2.54,5.0,cb
TR2609050051758,CL102943,EN00183,velo_elec,Lyon,ST1016,ST1016,1788616692,2026-09-05 16:18:12,20,6.49,6.0,paypal
TR2609050051759,CL102568,EN00192,velo_elec,Lyon,ST1018,ST1005,2026-09-05 15:56:23,05/09/2026 16:12,16,3.36,5.0,paypal
TR2609050051760,CL104940,EN00112,velo_elec,Lyon,ST1019,ST1016,1788616354,05/09/2026 16:51,59,18.01,15.75,cb
TR2609050051761,CL107799,EN00234,trottinette,Nantes,ST1020,ST1023,2026-09-05 15:53:31,2026-09-05 16:28:31,35,7.78,8.7,abonnement
TR2609050051762,CL104292,EN00225,velo_elec,Nantes,ST1020,ST1023,2026-09-05 15:55:03,2026-09-05 16:00:03,5,1.07,2.25,abonnement
TR2609050051763,CL104161,EN00352,velo_elec,NANTES,ST1021,ST1029,05/09/2026 15:58,2026-09-05 16:09:21,11,2.02,3.75,paypal
TR2609050051764,CL101964,EN00276,velo_elec,Nantes,ST1022,ST1026,05/09/2026 15:54,2026-09-05 16:01:24,7,2.15,2.75,paypal
TR2609050051765,CL108209,EN00307,trottinette,Nantes,ST1024,ST1021,05/09/2026 15:47,05/09/2026 15:59,12,1.85,3.64,cb
TR2609050051766,CL101032,EN00311,trottinette,Nantes,ST1029,ST1029,05/09/2026 15:58,2026-09-05 16:09:31,11,3.09,3.42,abonnement
TR2609050051767,CL103767,EN00253,trottinette,Nantes,ST1033,ST1028,2026-09-05 15:47:20,2026-09-05 16:08:20,21,4.77,5.62,cb
TR2609050051768,CL101436,EN00349,velo_elec,Nantes,ST1033,ST1033,2026-09-05 15:53:33,2026-09-05 16:02:33,9,2.95,3.25,abonnement
TR2609050051769,CL101657,EN00435,trottinette,Lille,ST1039,ST1039,05/09/2026 15:55,1788616983,8,2.06,2.76,cb
TR2609050051770,CL102983,EN00430,velo_elec,Lille,ST1047,ST1043,2026-09-05 15:55:26,2026-09-05 16:01:26,6,0.98,2.5,cb
TR2609050051771,CL104678,EN00565,trottinette,Grenoble,ST1050,ST1054,,2026-09-05 16:06:04,14,3.35,4.08,cb
TR2609050051772,CL100111,EN00583,velo,Grenoble,ST1051,ST1058,2026-09-05 15:54:56,2026-09-05 15:59:56,5,1.21,1.75,paypal
TR2609050051773,CL102719,EN00522,velo_elec,Grenoble,ST1053,ST1056,2026-09-05 15:54:29,2026-09-05 16:14:29,20,6.23,6.0,cb
TR2609050051774,CL101754,EN00517,trottinette,Grenoble,ST1054,ST1052,2026-09-05 15:58:43,2026-09-05 16:02:43,4,1.4,1.88,abonnement
TR2609050051775,CL106219,EN00204,velo_elec,Lyon,ST1003,ST1014,2026-09-05 16:13:23,2026-09-05 16:19:23,6,1.64,2.5,cb
TR2609050051776,CL100765,EN00213,trottinette,Lyon,ST1004,ST1014,1788617240,05/09/2026 16:23,16,3.92,4.52,cb
TR2609050051777,CL100810,EN00178,velo_elec,lyon,ST1005,ST1017,2026-09-05 16:08:39,2026-09-05 16:13:39,5,0.85,2.25,paypal
TR2609050051778,CL100027,EN00066,trottinette,Lyon,ST1009,ST1011,2026-09-05 16:08:55,1788620695,56,12.52,13.32,paypal
TR2609050051779,CL103667,EN00157,velo_elec,Lyon,ST1010,ST1011,2026-09-05 16:10:05,2026-09-05 16:32:05,22,6.13,6.5,abonnement
TR2609050051780,CL106733,EN00189,trottinette,Lyon,ST1011,ST1006,1788617401,05/09/2026 16:30,20,6.32,5.4,cb
TR2609050051781,CL108751,EN00123,velo_elec,Lyon,ST1014,ST1003,05/09/2026 16:11,05/09/2026 16:28,17,4.03,5.25,paypal
TR2609050051782,CL106455,EN00106,trottinette,Lyon,ST1017,ST1003,1788617542,2026-09-05 16:16:22,4,1.22,1.88,cb
TR2609050051783,CL101226,EN00268,trottinette,Nantes,ST1020,ST1020,2026-09-05 16:11:04,2026-09-05 16:24:04,13,2.1,3.86,paypal
TR2609050051784,CL107565,EN00297,trottinette,Nantes,ST1022,ST1021,2026-09-05 16:07:37,2026-09-05 16:11:37,4,0.82,1.88,abonnement
TR2609050051785,CL102966,EN00249,velo_elec,Nantes,ST1023,ST1023,05/09/2026 16:05,1788618278,19,5.05,5.75,cb
TR2609050051786,CL105374,EN00342,velo_elec,Nantes,ST1029,ST1033,05/09/2026 16:07,05/09/2026 16:16,9,2.33,3.25,cb
TR2609050051787,CL105372,EN00280,trottinette,Nantes,ST1031,ST1033,2026-09-05 16:08:51,1788617691,6,1.97,2.32,abonnement
TR2609050051788,CL103631,EN00363,velo_elec,Lille,ST1035,ST1047,2026-09-05 16:09:39,2026-09-05 16:27:39,-10,4.54,5.5,cb
TR2609050051789,CL104634,EN00494,velo_elec,Lille,ST1036,ST1034,2026-09-05 16:15:34,2026-09-05 16:39:34,24,5.78,7.0,cb
TR2609050051790,CL102371,EN00451,velo_elec,Lille,ST1036,ST1039,2026-09-05 16:12:21,2026-09-05 16:38:21,26,6.51,7.5,cb
TR2609050051791,CL102810,EN00394,velo_elec,Lille,ST1037,ST1046,05/09/2026 16:07,2026-09-05 16:23:00,16,4.97,5.0,abonnement
TR2609050051792,CL108450,EN00409,trottinette,Lille,ST1038,ST1040,2026-09-05 16:03:24,2026-09-05 16:25:24,22,4.22,5.84,cb
TR2609050051793,CL102439,EN00441,velo_elec, Lille,ST1040,ST1047,2026-09-05 16:11:07,2026-09-05 16:16:07,5,0.9,2.25,cb
TR2609050051794,CL106871,EN00378,velo_elec,Lille,ST1042,ST1038,05/09/2026 16:07,2026-09-05 16:14:04,7,2.44,2.75,abonnement
TR2609050051795,CL107494,EN00365,velo_elec,Lille,ST1043,ST1035,05/09/2026 16:02,2026-09-05 16:21:19,19,5.3,5.75,cb
TR2609050051796,CL103201,EN00492,velo_elec,Lille,ST1046,ST1040,1788617079,05/09/2026 16:35,31,4.88,8.75,cb
TR2609050051797,CL106306,EN00591,velo_elec,Grenoble,ST1051,ST1051,1788617742,2026-09-05 16:42:42,27,7.19,7.75,cb
TR2609050051798,CL107545,EN00589,velo_elec,Grenoble,ST1053,ST1057,05/09/2026 16:03,2026-09-05 16:08:59,5,1.28,2.25,cb
TR2609050051799,CL101689,EN00587,trottinette,Grenoble,ST1057,ST1052,2026-09-05 16:13:30,05/09/2026 16:29,16,2.48,4.52,cb
TR2609050051800,CL104448,EN00106,trottinette,Lyon,ST1003,ST1016,2026-09-05 16:28:30,05/09/2026 16:36,8,1.33,2.76,abonnement
TR2609050051801,CL106400,EN00029,velo_elec,Lyon,ST1004,ST1012,2026-09-05 16:27:27,2026-09-05 16:44:27,17,5.76,5.25,cb
TR2609050051802,CL103269,EN00192,velo_elec,Lyon ,ST1005,ST1019,2026-09-05 16:25:10,2026-09-05 16:43:10,18,4.87,5.5,abonnement
TR2609050051803,CL103154,EN00195,velo_elec,Lyon,ST1007,ST1017,2026-09-05 16:25:59,2026-09-05 16:31:59,6,0.93,2.5,abonnement
TR2609050051804,CL102063,EN00049,trottinette,Lyon ,ST1008,ST1018,05/09/2026 16:23,,6,0.97,2.32,cb
TR2609050051805,CL104645,EN00008,trottinette,Lyon,ST1012,ST1013,1788618476,2026-09-05 16:47:56,20,6.51,5.4,cb
TR2609050051806,CL101920,EN00180,trottinette,Lyon,ST1014,ST1002,2026-09-05 16:26:25,2026-09-05 16:43:25,17,4.37,4.74,cb
TR2609050051807,CL106195,EN00161,velo_elec,Lyon,ST1014,ST1017,2026-09-05 16:20:02,1788619142,19,5.5,5.75,cb
TR2609050051808,CL100481,EN00035,velo_elec,Lyon,ST1015,ST1017,2026-09-05 16:19:15,05/09/2026 16:26,7,1.52,2.75,cb
TR2609050051809,CL105031,EN00110,velo_elec,Lyon,ST1016,ST1015,2026-09-05 16:24:48,05/09/2026 16:32,8,1.49,3.0,abonnement
TR2609050051810,CL101109,EN00013,velo_elec,Lyon,ST1017,ST1012,2026-09-05 16:19:43,2026-09-05 16:25:43,6,1.79,2.5,cb
TR2609050051811,CL104007,EN00024,velo_elec,Lyon,ST1017,ST1017,2026-09-05 16:17:54,2026-09-05 16:32:54,15,4.18,4.75,cb
TR2609050051812,CL104937,EN00087,trottinette,Lyon,ST1018,ST1010,05/09/2026 16:21,2026-09-05 17:12:55,51,10.5,12.22,paypal
TR2609050051813,CL104986,EN00194,velo_elec,Lyon ,ST1019,ST1017,2026-09-05 16:24:06,2026-09-05 16:27:06,3,0.99,1.75,cb
TR2609050051814,CL106349,EN00292,velo_elec,Nantes,ST1024,ST1031,1788618015,2026-09-05 16:32:15,12,2.96,4.0,abonnement
TR2609050051815,CL103378,EN00318,velo_elec,Nantes,ST1025,ST1025,2026-09-05 16:24:51,2026-09-05 16:50:51,26,6.86,7.5,cb
TR2609050051816,CL102202,EN00324,velo,Nantes,ST1025,ST1028,2026-09-05 16:27:26,05/09/2026 16:50,23,7.96,4.45,abonnement
TR2609050051817,CL102735,EN00283,trottinette,Nantes,ST1026,ST1029,2026-09-05 16:20:41,2026-09-05 16:42:41,22,4.37,5.84,cb
TR2609050051818,CL104188,EN00259,trottinette,Nantes,ST1027,ST1022,2026-09-05 16:31:05,2026-09-05 16:34:05,3,0.61,1.66,paypal
TR2609050051819,CL106069,EN00352,velo_elec,Nantes,ST1029,ST1026,2026-09-05 16:23:10,05/09/2026 16:32,9,2.05,3.25,abonnement
TR2609050051820,CL108942,EN00321,velo_elec,Nantes,ST1029,ST1020,2026-09-05 16:20:39,05/09/2026 16:27,7,1.89,2.75,cb
TR2609050051821,CL108577,EN00239,trottinette,Nantes,ST1030,ST1021,2026-09-05 16:16:17,2026-09-05 16:33:17,17,5.65,4.74,paypal
TR2609050051822,CL100539,EN00294,velo_elec,Nantes,ST1030,ST1027,2026-09-05 16:23:05,2026-09-05 16:31:05,8,1.5,3.0,cb
TR2609050051823,CL103243,EN00470,trottinette,Lille,ST1036,ST1041,2026-09-05 16:19:45,2026-09-05 16:28:45,9,2.9,2.98,cb
TR2609050051824,CL103800,EN00440,trottinette,Lille,ST1037,ST1041,2026-09-05 16:27:37,2026-09-05 16:33:37,6,1.85,2.32,cb
TR2609050051825,CL104771,EN00378,velo_elec,Lille,ST1038,ST1040,2026-09-05 16:18:21,2026-09-05 16:27:21,9,2.37,3.25,cb
TR2609050051826,CL103115,EN00488,velo_elec,Lille,ST1041,ST1041,1788617930,1788619010,18,5.25,5.5,cb
TR2609050051827,CL101733,EN00375,trottinette,Lille,ST1041,ST1042,2026-09-05 16:24:58,2026-09-05 16:55:58,31,5.5,7.82,paypal
TR2609050051828,CL106050,EN00403,trottinette,Lille,ST1041,ST1041,1788618107,2026-09-05 16:40:47,19,4.11,5.18,cb
TR2609050051829,CL100074,EN00480,velo_elec,Lille,ST1042,ST1040,05/09/2026 16:22,2026-09-05 16:34:01,12,2.97,4.0,cb
TR2609050051830,CL108105,EN00392,velo_elec,Lille,ST1042,ST1034,2026-09-05 16:18:41,05/09/2026 16:26,8,2.12,3.0,cb
TR2609050051831,CL108623,EN00434,velo_elec,Lille,ST1044,ST1037,2026-09-05 16:26:24,1788619764,23,7.51,6.75,abonnement
TR2609050051832,CL105145,EN00415,trottinette, Lille,ST1045,ST1042,2026-09-05 16:17:53,2026-09-05 16:29:53,12,2.7,3.64,cb
TR2609050051833,CL105799,EN00441,velo_elec,Lille,ST1047,ST1046,2026-09-05 16:27:27,05/09/2026 16:33,6,2.07,2.5,cb
TR2609050051834,CL103798,EN00590,velo_elec,Grenoble,ST1049,ST1058,2026-09-05 16:21:32,2026-09-05 16:32:32,11,2.84,3.75,abonnement
TR2609050051835,CL103224,EN00584,trottinette,Grenoble,ST1049,ST1052,2026-09-05 16:24:55,,20,4.58,5.4,abonnement
TR2609050051836,CL102656,EN00521,velo,Grenoble,ST1051,ST1056,2026-09-05 16:29:14,2026-09-05 16:47:14,18,6.23,3.7,abonnement
TR2609050051837,CL107135,EN00565,trottinette,Grenoble,ST1054,ST1058,2026-09-05 16:20:43,2026-09-05 16:31:43,11,3.41,3.42,cb
TR2609050051838,CL106716,EN00528,velo_elec,Grenoble,ST1055,ST1050,2026-09-05 16:24:41,2026-09-05 16:39:41,15,3.53,4.75,cb
TR2609050051839,CL105865,EN00220,velo_elec,Lyon,ST1004,ST1016,2026-09-05 16:31:11,2026-09-05 16:46:11,15,3.96,4.75,cb
TR2609050051840,CL104861,EN00190,trottinette,Lyon,ST1007,ST1007,05/09/2026 16:35,05/09/2026 16:40,5,0.98,2.1,cb
TR2609050051841,CL105533,EN00170,trottinette,Lyon,ST1007,ST1003,2026-09-05 16:31:26,2026-09-05 16:42:26,11,2.79,3.42,abonnement
TR2609050051842,CL102631,EN00208,velo_elec,Lyon,ST1008,ST1003,2026-09-05 16:40:37,2026-09-05 17:01:37,21,3.16,6.25,cb
TR2609050051843,CL102429,EN00196,velo_elec,Lyon,ST1010,ST1009,2026-09-05 16:41:13,05/09/2026 16:47,6,2.07,2.5,abonnement
TR2609050051844,CL106423,EN00100,velo_elec,Lyon,ST1014,ST1013,2026-09-05 16:34:22,2026-09-05 16:48:22,14,4.1,4.5,abonnement
TR2609050051845,CL101721,EN00035,velo_elec,Lyon,ST1017,ST1004,2026-09-05 16:36:07,2026-09-05 16:57:07,21,7.28,6.25,paypal
TR2609050051846,CL103041,EN00321,velo_elec,Nantes,ST1020,ST1020,2026-09-05 16:40:46,2026-09-05 17:09:46,29,6.79,8.25,cb
TR2609050051847,CL104449,EN00278,trottinette,Nantes,ST1020,ST1030,2026-09-05 16:34:37,05/09/2026 16:37,3,0.62,1.66,cb
TR2609050051848,CL101767,EN00340,velo_elec,Nantes,ST1022,ST1026,2026-09-05 16:35:45,1788619665,12,2.03,4.0,abonnement
TR2609050051849,CL107225,EN00328,velo_elec,Nantes,ST1022,ST1022,2026-09-05 16:42:50,05/09/2026 17:02,20,6.41,6.0,cb
TR2609050051850,CL104882,EN00273,velo_elec,Nantes,ST1024,ST1021,2026-09-05 16:41:59,2026-09-05 17:04:59,23,4.89,6.75,paypal
TR2609050051851,CL106036,EN00346,velo,Nantes,ST1025,ST1021,2026-09-05 16:32:20,2026-09-05 16:49:20,17,2.87,3.55,cb
TR2609050051852,CL105706,EN00294,velo_elec,Nantes,ST1027,ST1030,2026-09-05 16:44:34,2026-09-05 16:55:34,11,1.81,3.75,abonnement
TR2609050051853,CL105000,EN00293,velo_elec,Nantes,ST1028,ST1023,2026-09-05 16:32:46,2026-09-05 16:57:46,25,7.37,7.25,cb
TR2609050051854,CL103908,EN00238,velo_elec,Nantes,ST1030,ST1030,2026-09-05 16:40:10,2026-09-05 16:46:10,6,1.44,2.5,cb
TR2609050051855,CL105391,EN00244,trottinette,Nantes,ST1031,ST1024,2026-09-05 16:34:13,05/09/2026 16:45,11,2.49,3.42,paypal
TR2609050051856,CL103183,EN00338,velo_elec,Nantes,ST1032,ST1026,2026-09-05 16:40:33,1788620253,17,4.19,5.25,abonnement
TR2609050051857,CL106922,EN00365,velo_elec,Lille,ST1035,ST1043,2026-09-05 16:31:28,2026-09-05 16:51:28,20,5.43,6.0,cb
TR2609050051858,CL102424,EN00453,trottinette,Lille,ST1036,ST1046,05/09/2026 16:35,2026-09-05 16:46:09,11,3.22,3.42,cb
TR2609050051859,CL108000,EN00382,trottinette,Lille,ST1037,ST1041,05/09/2026 16:35,2026-09-05 16:55:18,20,5.25,5.4,abonnement
TR2609050051860,CL100345,EN00481,velo_elec,Lille,ST1037,ST1046,2026-09-05 16:41:12,2026-09-05 16:59:12,18,4.27,5.5,cb
TR2609050051861,CL106556,EN00415,trottinette,Lille,ST1042,ST1036,2026-09-05 16:44:51,,4,0.87,1.88,cb
TR2609050051862,CL108957,EN00424,velo_elec,Lille,ST1043,ST1047,2026-09-05 16:35:14,2026-09-05 16:50:14,15,5.03,4.75,abonnement
TR2609050051863,CL108039,EN00394,velo_elec,Lille,ST1046,ST1036,1788619487,1788620567,18,2.74,5.5,cb
TR2609050051864,CL104586,EN00549,velo_elec,Grenoble,ST1048,ST1049,,2026-09-05 16:47:35,13,3.35,4.25,abonnement
TR2609050051865,CL104643,EN00543,velo,Grenoble,ST1051,ST1055,2026-09-05 16:33:42,2026-09-05 16:36:42,3,0.47,1.45,
TR2609050051866,CL104627,EN00541,velo_elec,Grenoble,ST1055,ST1056,1788619157,2026-09-05 16:49:17,10,1.85,3.5,paypal
TR2609050051867,CL101310,EN00589,velo_elec,Grenoble,ST1057,ST1055,2026-09-05 16:37:16,2026-09-05 16:58:16,21,5.51,6.25,abonnement
TR2609050051868,CL105254,EN00186,trottinette,Lyon,ST1001,ST1017,05/09/2026 16:57,2026-09-05 17:27:28,30,9.14,7.6,cb
TR2609050051869,CL100450,EN00047,velo_elec,Lyon,ST1004,ST1006,2026-09-05 16:49:43,2026-09-05 17:14:43,25,7.67,7.25,cb
TR2609050051870,CL102175,EN00097,velo_elec,Lyon,ST1005,ST1001,05/09/2026 16:53,2026-09-05 17:02:21,9,2.9,3.25,cb
TR2609050051871,CL108872,EN00141,velo_elec,Lyon,ST1007,ST1016,05/09/2026 16:59,2026-09-05 17:08:29,9,1.45,3.25,cb
TR2609050051872,CL107475,EN00013,velo_elec,Lyon ,ST1012,ST1009,05/09/2026 16:48,2026-09-05 17:27:23,39,10.46,10.75,cb
TR2609050051873,CL105645,EN00283,trottinette,Nantes,ST1029,ST1027,05/09/2026 16:59,05/09/2026 17:12,13,1.97,3.86,paypal
TR2609050051874,CL108544,EN00221,velo_elec,Nantes,ST1029,ST1024,2026-09-05 16:54:55,2026-09-05 17:27:55,33,7.24,9.25,cb
TR2609050051875,CL106721,EN00237,velo_elec,Nantes,ST1029,ST1030,2026-09-05 16:58:17,05/09/2026 17:09,11,3.51,3.75,paypal
TR2609050051876,CL102758,EN00292,velo_elec,nantes,ST1031,ST1020,2026-09-05 16:55:26,2026-09-05 17:36:26,41,12.96,11.25,cb
TR2609050051877,CL100088,EN00368,trottinette,Lille,ST1034,ST1045,2026-09-05 16:59:05,2026-09-05 17:17:05,18,6.17,4.96,cb
TR2609050051878,CL105553,EN00426,trottinette,Lille,ST1036,ST1039,2026-09-05 16:46:13,2026-09-05 17:28:13,42,8.99,10.24,cb
TR2609050051879,CL107856,EN00388,velo_elec,Lille,ST1037,ST1034,2026-09-05 16:46:36,2026-09-05 16:58:36,12,4.17,4.0,abonnement
TR2609050051880,CL103042,EN00476,trottinette,lille,ST1038,ST1040,2026-09-05 16:55:40,2026-09-05 17:11:40,16,3.19,4.52,cb
TR2609050051881,CL105946,EN00435,trottinette,Lille,ST1039,ST1036,05/09/2026 17:00,2026-09-05 17:05:38,5,1.66,2.1,abonnement
TR2609050051882,CL102382,EN00440,trottinette,Lille,ST1041,ST1041,2026-09-05 16:51:57,05/09/2026 17:00,9,2.63,2.98,cb
TR2609050051883,CL100952,EN00370,velo_elec,Lille,ST1042,ST1041,2026-09-05 16:48:46,2026-09-05 16:52:46,4,1.11,2.0,cb
TR2609050051884,CL106827,EN00430,velo_elec,Lille,ST1043,ST1039,2026-09-05 16:46:31,2026-09-05 16:51:31,5,1.45,2.25,abonnement
TR2609050051885,CL105030,EN00361,trottinette,Lille,ST1047,ST1041,05/09/2026 16:54,2026-09-05 17:08:37,14,2.73,4.08,abonnement
TR2609050051886,CL108701,EN00501,trottinette,Grenoble,ST1049,ST1049,2026-09-05 16:49:54,2026-09-05 16:59:54,10,2.23,3.2,cb
TR2609050051887,CL106976,EN00591,velo_elec,Grenoble,ST1051,ST1053,2026-09-05 16:48:05,2026-09-05 16:58:05,10,3.38,3.5,cb
TR2609050051888,CL107536,EN00579,trottinette,Grenoble,ST1052,ST1055,2026-09-05 16:55:08,,30,4.85,7.6,cb
TR2609050051889,CL106499,EN00570,trottinette,GRENOBLE,ST1055,ST1053,2026-09-05 16:47:15,05/09/2026 16:58,11,2.24,3.42,abonnement
TR2609050051890,CL108386,EN00527,velo_elec,Grenoble,ST1055,ST1051,2026-09-05 16:50:50,1788621470,27,7.41,7.75,abonnement
TR2609050051891,CL103022,EN00566,trottinette,Grenoble,ST1057,ST1058,05/09/2026 16:48,2026-09-05 17:21:02,-18,5.83,8.26,cb
TR2609050051892,CL103618,EN00596,velo_elec,Grenoble,ST1057,ST1058,2026-09-05 16:47:01,05/09/2026 16:56,9,3.12,3.25,cb
TR2609050051893,CL107177,EN00600,trottinette,Grenoble,ST1057,ST1058,2026-09-05 16:59:53,05/09/2026 17:16,17,2.57,4.74,paypal
TR2609050051894,CL100848,EN00514,velo_elec,Grenoble,ST1057,ST1049,2026-09-05 16:53:33,2026-09-05 17:01:33,8,1.83,3.0,abonnement
TR2609050051895,CL106914,EN00582,trottinette,Grenoble,ST1058,ST1056,2026-09-05 16:55:07,2026-09-05 17:03:07,8,1.24,2.76,cb
TR2609050051896,CL101285,EN00003,velo_elec,Lyon,ST1002,ST1019,2026-09-05 17:04:22,2026-09-05 17:12:22,8,2.0,3.0,abonnement
TR2609050051897,CL101505,EN00027,velo_elec,Lyon,ST1007,ST1013,2026-09-05 17:06:49,1788621229,7,1.31,2.75,abonnement
TR2609050051898,CL104433,EN00190,trottinette,Lyon,ST1007,ST1012,2026-09-05 17:08:05,05/09/2026 17:13,5,1.36,2.1,abonnement
TR2609050051899,CL105802,EN00140,trottinette,Lyonn,ST1008,ST1001,2026-09-05 17:02:11,2026-09-05 17:10:11,8,1.56,2.76,paypal
TR2609050051900,CL108846,EN00144,trottinette,Lyon,ST1008,ST1009,2026-09-05 17:02:29,2026-09-05 17:13:29,11,2.59,3.42,cb
TR2609050051901,CL105263,EN00175,trottinette,Lyon,ST1011,ST1005,2026-09-05 17:08:10,2026-09-05 17:19:10,11,2.5,3.42,paypal
TR2609050051902,CL107092,EN00100,velo_elec,Lyon,ST1013,ST1015,2026-09-05 17:05:39,1788621219,8,2.45,3.0,cb
TR2609050051903,CL104548,EN00213,trottinette,Lyon,ST1014,ST1019,2026-09-05 17:08:07,2026-09-05 17:39:07,31,8.56,7.82,cb
TR2609050051904,CL105652,EN00216,velo_elec,Lyon ,ST1018,ST1014,2026-09-05 17:14:51,2026-09-05 17:22:51,8,1.78,3.0,cb
TR2609050051905,CL106858,EN00337,trottinette,Nantes,ST1020,ST1022,1788621284,05/09/2026 17:18,4,1.0,1.88,cb
TR2609050051906,CL106841,EN00307,trottinette,NANTES,ST1021,ST1025,2026-09-05 17:07:09,2026-09-05 17:13:09,6,1.44,2.32,cb
TR2609050051907,CL108873,EN00248,trottinette,Nantes,ST1022,ST1021,05/09/2026 17:01,05/09/2026 17:06,5,1.04,2.1,paypal
TR2609050051908,CL104624,EN00338,velo_elec,Nantes,ST1026,ST1032,2026-09-05 17:14:00,2026-09-05 17:21:00,7,2.34,2.75,paypal
TR2609050051909,CL104453,EN00260,velo_elec,Nante,ST1032,ST1023,2026-09-05 17:02:38,2026-09-05 17:37:38,35,10.42,9.75,abonnement
TR2609050051910,CL101321,EN00417,trottinette,Lille,ST1034,ST1039,2026-09-05 17:03:35,05/09/2026 17:16,13,4.01,3.86,
TR2609050051911,CL102294,EN00415,trottinette,Lille,ST1036,ST1043,2026-09-05 17:01:55,2026-09-05 17:08:55,7,1.93,2.54,cb
TR2609050051912,CL102748,EN00496,velo_elec,Lille,ST1036,ST1038,05/09/2026 17:14,2026-09-05 17:37:43,23,5.48,6.75,abonnement
TR2609050051913,CL106854,EN00434,velo_elec,Lille,ST1037,ST1044,1788620606,2026-09-05 17:17:26,14,3.61,4.5,cb
TR2609050051914,CL101520,EN00549,velo_elec,Grenoble,ST1049,ST1049,2026-09-05 17:13:24,2026-09-05 17:18:24,5,0.87,2.25,cb
TR2609050051915,CL100814,EN00585,velo_elec,Grenoble,ST1049,ST1053,05/09/2026 17:14,05/09/2026 17:35,21,4.32,6.25,paypal
TR2609050051916,CL103734,EN00516,velo_elec,Grenoble,ST1052,ST1049,05/09/2026 17:09,2026-09-05 17:19:36,10,1.93,3.5,cb
TR2609050051917,CL100993,EN00589,velo_elec,Grenoble,ST1055,ST1049,2026-09-05 17:09:14,2026-09-05 17:31:14,22,6.36,6.5,paypal
TR2609050051918,CL103332,EN00559,trottinette,Grenoble,ST1056,ST1058,2026-09-05 17:04:33,2026-09-05 17:11:33,7,1.32,2.54,cb
TR2609050051919,CL101511,EN00565,trottinette,Grenoble,ST1058,ST1050,2026-09-05 17:07:20,2026-09-05 17:11:20,4,1.25,1.88,paypal
TR2609050051920,CL106199,EN00215,velo_elec,Lyon,ST1001,ST1009,05/09/2026 17:22,2026-09-05 17:38:53,16,4.0,5.0,cb
TR2609050051921,CL103922,EN00205,trottinette,Lyon,ST1009,ST1003,2026-09-05 17:31:03,05/09/2026 17:37,6,0.9,2.32,cb
TR2609050051922,CL101907,EN00130,velo_elec,Lyon,ST1011,ST1005,1788621396,2026-09-05 17:43:36,27,4.58,7.75,abonnement
TR2609050051923,CL107149,EN00151,trottinette,Lyon,ST1011,ST1002,2026-09-05 17:19:49,1788622429,14,4.62,4.08,abonnement
TR2609050051924,CL104838,EN00027,velo_elec,Lyon,ST1013,ST1016,1788622237,2026-09-05 17:39:37,9,2.47,3.25,abonnement
TR2609050051925,CL102608,EN00100,velo_elec,Lyon,ST1015,ST1011,2026-09-05 17:20:20,1788622220,10,2.18,3.5,cb
TR2609050051926,CL106584,EN00195,velo_elec,Lyon,ST1017,ST1002,1788621437,2026-09-05 17:22:17,-2,1.07,2.25,cb
TR2609050051927,CL102320,EN00248,trottinette,Nantes,ST1021,ST1028,2026-09-05 17:26:56,2026-09-05 17:30:56,4,0.88,1.88,cb
TR2609050051928,CL107301,EN00273,velo_elec,Nantes,ST1021,ST1025,2026-09-05 17:24:09,2026-09-05 17:28:09,4,1.34,2.0,paypal
TR2609050051929,CL101451,EN00316,velo_elec,Nantes,ST1024,ST1029,2026-09-05 17:24:31,2026-09-05 17:37:31,13,3.78,4.25,paypal
TR2609050051930,CL106858,EN00336,velo_elec,Nantes,ST1024,ST1032,2026-09-05 17:17:32,2026-09-05 17:23:32,6,1.43,2.5,cb
TR2609050051931,CL101950,EN00327,velo_elec,Nante,ST1024,ST1030,2026-09-05 17:26:12,2026-09-05 17:40:12,14,3.14,4.5,cb
TR2609050051932,CL104923,EN00283,trottinette,Nantes,ST1027,ST1024,2026-09-05 17:24:26,2026-09-05 17:50:26,26,5.13,6.72,cb
TR2609050051933,CL106730,EN00275,velo,Nantes,ST1031,ST1033,2026-09-05 17:19:59,2026-09-05 17:44:59,25,5.44,4.75,cb
TR2609050051934,CL104106,EN00342,velo_elec,Nantes,ST1033,ST1025,2026-09-05 17:17:10,05/09/2026 17:26,9,1.71,3.25,abonnement
TR2609050051935,CL105147,EN00394,velo_elec,Lille,ST1036,ST1044,05/09/2026 17:20,2026-09-05 17:38:26,18,3.1,5.5,cb
TR2609050051936,CL105476,EN00430,velo_elec,Lille,ST1039,ST1042,1788621643,2026-09-05 17:30:43,10,2.57,3.5,abonnement
TR2609050051937,CL105021,EN00445,velo_elec,LILLE,ST1044,ST1045,05/09/2026 17:31,2026-09-05 17:37:05,6,1.31,2.5,cb
TR2609050051938,CL103914,EN00424,velo_elec,Lille,ST1047,ST1043,2026-09-05 17:18:33,2026-09-05 17:26:33,8,1.58,3.0,cb
TR2609050051939,CL101099,EN00565,trottinette,Grenoble,ST1050,ST1051,2026-09-05 17:19:47,2026-09-05 17:27:47,8,2.68,2.76,cb
TR2609050051940,CL100603,EN00528,velo_elec,Grenoble,ST1050,ST1051,2026-09-05 17:29:00,2026-09-05 17:47:00,18,3.12,5.5,cb
TR2609050051941,CL105269,EN00515,trottinette,Grenoble,ST1052,ST1058,2026-09-05 17:21:29,2026-09-05 17:27:29,6,2.04,2.32,cb
TR2609050051942,CL108269,EN00591,velo_elec,Grenoble,ST1053,ST1057,05/09/2026 17:17,2026-09-05 17:45:31,28,7.06,8.0,abonnement
TR2609050051943,CL108912,EN00572,velo,Grenoble,ST1055,ST1055,2026-09-05 17:21:36,2026-09-05 17:46:36,25,5.92,4.75,abonnement
TR2609050051944,CL106535,EN00560,velo_elec,Grenoble,ST1056,ST1052,2026-09-05 17:22:23,2026-09-05 17:39:23,17,4.93,5.25,
TR2609050051945,CL101750,EN00554,velo_elec,Grenoble,ST1056,ST1058,2026-09-05 17:21:26,2026-09-05 17:33:26,12,3.49,4.0,abonnement
TR2609050051946,CL100172,EN00097,velo_elec,Lyon,ST1001,ST1007,05/09/2026 17:38,2026-09-05 17:45:56,7,2.12,2.75,abonnement
TR2609050051947,CL103048,EN00175,trottinette,Lyon,ST1005,ST1009,2026-09-05 17:39:48,2026-09-05 18:07:48,28,8.02,7.16,abonnement
TR2609050051948,CL100697,EN00055,trottinette,lyon,ST1007,ST1002,2026-09-05 17:40:24,2026-09-05 17:50:24,10,1.8,3.2,paypal
TR2609050051949,CL102124,EN00100,velo_elec,Lyon,ST1011,ST1008,2026-09-05 17:31:54,2026-09-05 17:44:54,13,3.56,4.25,cb
TR2609050051950,CL100950,EN00113,velo_elec,Lyon,ST1012,ST1017,05/09/2026 17:39,2026-09-05 18:10:12,31,6.79,8.75,abonnement
TR2609050051951,CL101903,EN00112,velo_elec,Lyon,ST1016,ST1013,2026-09-05 17:41:08,2026-09-05 18:15:08,34,7.23,9.5,paypal
TR2609050051952,CL108165,EN00321,velo_elec,Nantes,ST1020,ST1026,2026-09-05 17:41:07,2026-09-05 17:51:07,10,2.12,3.5,cb
TR2609050051953,CL101984,EN00348,velo_elec,Nantes,ST1024,ST1026,,2026-09-05 17:55:21,19,3.26,5.75,cb
TR2609050051954,CL105285,EN00248,trottinette,Nantes,ST1028,ST1022,05/09/2026 17:39,2026-09-05 17:46:35,7,1.95,2.54,cb
TR2609050051955,CL106667,EN00303,velo_elec,Nantes,ST1028,ST1030,2026-09-05 17:43:02,2026-09-05 17:56:02,13,2.12,4.25,abonnement
TR2609050051956,CL107333,EN00265,trottinette,Nantes,ST1028,ST1028,05/09/2026 17:37,2026-09-05 17:48:28,11,2.27,3.42,abonnement
TR2609050051957,CL100332,EN00294,velo_elec,Nantes,ST1030,ST1026,2026-09-05 17:31:35,2026-09-05 17:43:35,12,2.76,4.0,cb
TR2609050051958,CL103613,EN00392,velo_elec,Lille,ST1034,ST1043,2026-09-05 17:37:26,2026-09-05 17:45:26,8,1.31,3.0,cb
TR2609050051959,CL102905,EN00461,velo_elec,Lille,ST1034,ST1036,2026-09-05 17:45:02,2026-09-05 18:04:02,19,5.73,5.75,cb
TR2609050051960,CL106074,EN00417,trottinette,Lille,ST1039,ST1039,,2026-09-05 18:13:57,36,7.39,8.92,cb
TR2609050051961,CL105903,EN00476,trottinette,Lille,ST1040,ST1040,2026-09-05 17:31:05,05/09/2026 17:59,28,5.51,7.16,cb
TR2609050051962,CL103540,EN00434,velo_elec,Lille,ST1044,ST1035,2026-09-05 17:37:27,05/09/2026 17:46,9,2.54,3.25,cb
TR2609050051963,CL106920,EN00421,velo_elec,Lille,ST1045,ST1039,2026-09-05 17:40:23,2026-09-05 17:47:23,7,1.47,2.75,cb
TR2609050051964,CL105056,EN00363,velo_elec,Lille,ST1047,ST1034,1788622288,2026-09-05 17:42:28,11,3.62,3.75,cb
TR2609050051965,CL106136,EN00565,trottinette,Grenoble,ST1051,ST1050,2026-09-05 17:38:55,05/09/2026 18:10,32,7.2,8.04,paypal
TR2609050051966,CL105750,EN00587,trottinette,Grenoble ,ST1052,ST1049,2026-09-05 17:38:19,1788623299,10,2.66,3.2,paypal
TR2609050051967,CL107525,EN00552,trottinette,Grenoble,ST1052,ST1052,05/09/2026 17:32,2026-09-05 17:38:55,6,0.96,2.32,cb
TR2609050051968,CL106815,EN00570,trottinette,Grenoble,ST1053,ST1052,2026-09-05 17:37:03,2026-09-05 17:47:03,10,3.13,3.2,paypal
TR2609050051969,CL100195,EN00526,velo_elec,Grenoble,ST1057,ST1051,2026-09-05 17:30:58,05/09/2026 17:37,7,1.93,2.75,cb
TR2609050051970,CL101777,EN00195,velo_elec,Lyon,ST1002,ST1001,2026-09-05 17:52:44,2026-09-05 18:02:44,10,2.54,3.5,abonnement
TR2609050051971,CL103356,EN00035,velo_elec,Lyon,ST1004,ST1004,2026-09-05 17:54:48,2026-09-05 18:16:48,22,5.24,6.5,cb
TR2609050051972,CL105881,EN00158,velo_elec,LYON,ST1004,ST1008,2026-09-05 17:49:10,2026-09-05 18:06:10,17,3.35,5.25,abonnement
TR2609050051973,CL108970,EN00097,velo_elec,Lyon,ST1007,ST1009,2026-09-05 17:48:11,2026-09-05 18:01:11,13,3.44,4.25,cb
TR2609050051974,CL105511,EN00185,trottinette,Lyon,ST1007,ST1012,05/09/2026 17:54,2026-09-05 18:01:41,7,2.25,2.54,cb
TR2609050051975,CL101973,EN00029,velo_elec,Lyon,ST1012,ST1006,2026-09-05 17:58:47,2026-09-05 18:18:47,20,5.09,6.0,cb
TR2609050051976,CL106227,EN00106,trottinette,Lyon,ST1016,ST1008,,2026-09-05 18:21:16,28,5.82,7.16,cb
TR2609050051977,CL106905,EN00224,velo_elec,Nantes,ST1027,ST1032,,1788624171,8,1.2,3.0,cb
TR2609050051978,CL100359,EN00327,velo_elec,Nantes,ST1030,ST1032,2026-09-05 17:55:03,2026-09-05 18:04:03,9,2.78,3.25,cb
TR2609050051979,CL108380,EN00336,velo_elec,Nantes,ST1032,ST1030,2026-09-05 17:57:25,2026-09-05 18:07:25,10,3.23,3.5,cb
TR2609050051980,CL924733,EN00299,trottinette,Nantes,ST1033,ST1023,2026-09-05 17:59:29,2026-09-05 18:06:29,7,1.76,2.54,cb
TR2609050051981,CL108842,EN00435,trottinette,Lille,ST1036,ST1043,2026-09-05 17:52:25,2026-09-05 18:09:25,17,3.15,4.74,cb
TR2609050051982,CL105507,EN00465,velo,Lille,ST1036,ST1044,2026-09-05 17:57:12,2026-09-05 18:05:12,8,1.36,2.2,cb
TR2609050051983,CL106954,EN00495,trottinette,Lille,ST1038,ST1036,2026-09-05 17:50:06,,14,3.15,4.08,cb
TR2609050051984,CL108643,EN00531,trottinette,Grenoble,ST1050,ST1056,2026-09-05 17:59:30,2026-09-05 18:25:30,26,7.69,6.72,paypal
TR2609050051985,CL105594,EN00560,velo_elec,Grenoble,ST1052,ST1056,2026-09-05 17:55:59,2026-09-05 18:01:59,6,1.86,2.5,cb
TR2609050051986,CL102028,EN00567,velo_elec,Grenoble,ST1056,ST1051,2026-09-05 17:55:15,2026-09-05 18:13:15,18,5.07,5.5,abonnement
TR2609050051987,CL103370,EN00561,velo_elec,Grenoble,ST1057,ST1049,05/09/2026 17:52,2026-09-05 18:04:55,12,2.54,4.0,cb
TR2609050051988,CL103727,EN00122,trottinette,Lyon,ST1001,ST1016,2026-09-05 18:03:01,1788625261,18,5.27,4.96,cb
TR2609050051989,CL104253,EN00151,trottinette,Lyon,ST1002,ST1015,2026-09-05 18:01:38,2026-09-05 18:18:38,17,3.36,4.74,cb
TR2609050051990,CL102898,EN00205,trottinette,Lyon,ST1003,ST1009,2026-09-05 18:09:41,2026-09-05 18:21:41,12,3.21,3.64,paypal
TR2609050051991,CL105642,EN00216,velo_elec,Lyon,ST1014,ST1019,2026-09-05 18:12:10,2026-09-05 18:17:10,5,0.76,2.25,cb
TR2609050051992,CL106665,EN00124,velo_elec,LYON,ST1015,ST1003,2026-09-05 18:10:39,2026-09-05 18:19:39,9,2.02,3.25,abonnement
TR2609050051993,CL104651,EN00069,trottinette,Lyon,ST1016,ST1011,05/09/2026 18:10,2026-09-05 18:31:36,21,5.39,5.62,cb
TR2609050051994,CL101907,EN00141,velo_elec,Lyon,ST1016,ST1010,2026-09-05 18:05:54,1788626454,35,8.69,9.75,cb
TR2609050051995,CL104670,EN00248,trottinette,Nantes,ST1022,ST1033,2026-09-05 18:13:21,05/09/2026 18:41,28,4.94,7.16,abonnement
TR2609050051996,CL107565,EN00260,velo_elec,Nantes,ST1023,ST1033,2026-09-05 18:02:57,2026-09-05 18:34:57,32,5.46,9.0,
TR2609050051997,CL100431,EN00348,velo_elec,Nantes,ST1026,ST1026,2026-09-05 18:04:49,,3,0.95,1.75,cb
TR2609050051998,CL100233,EN00227,trottinette,Nantes,ST1027,ST1028,1788624486,1788624906,7,1.51,2.54,cb
TR2609050051999,CL104962,EN00363,velo_elec,Lille,ST1034,ST1045,2026-09-05 18:07:06,2026-09-05 18:25:06,18,5.84,5.5,cb
TR2609050052000,CL105550,EN00420,trottinette, Lille,ST1034,ST1044,2026-09-05 18:02:46,2026-09-05 18:07:46,5,0.8,2.1,abonnement
TR2609050052001,CL104500,EN00466,velo,Lille,ST1036,ST1036,2026-09-05 18:11:29,1788625589,15,2.56,3.25,abonnement
TR2609050052002,CL101400,EN00403,trottinette,Lille,ST1041,ST1041,2026-09-05 18:02:15,2026-09-05 18:10:15,8,2.28,2.76,cb
TR2609050052003,CL105375,EN00478,trottinette,Lille,ST1042,ST1046,2026-09-05 18:09:33,2026-09-05 18:19:33,10,2.32,3.2,abonnement
TR2609050052004,CL105591,EN00424,velo_elec,Lille,ST1043,ST1043,2026-09-05 18:11:56,05/09/2026 18:24,13,4.38,4.25,abonnement
TR2609050052005,CL106421,EN00443,velo_elec,Lille,ST1045,ST1036,2026-09-05 18:01:32,2026-09-05 18:15:32,14,3.1,4.5,cb
TR2609050052006,CL103599,EN00455,velo_elec,Lille,ST1047,ST1038,2026-09-05 18:07:19,2026-09-05 18:13:19,6,1.37,2.5,cb
TR2609050052007,CL100902,EN00519,velo_elec,Grenoble,ST1048,ST1057,2026-09-05 18:11:27,2026-09-05 18:41:27,30,9.42,8.5,abonnement
TR2609050052008,CL100689,EN00549,velo_elec,Grenoble,ST1049,ST1048,05/09/2026 18:11,2026-09-05 18:25:29,14,3.52,4.5,cb
TR2609050052009,CL107343,EN00516,velo_elec,Grenoble,ST1049,ST1056,05/09/2026 18:03,2026-09-05 18:12:32,9,2.09,3.25,cb
TR2609050052010,CL107414,EN00587,trottinette,Grenoble,ST1049,ST1048,2026-09-05 18:01:40,2026-09-05 18:19:40,18,2.82,4.96,paypal
TR2609050052011,CL990568,EN00593,trottinette,Grenoble,ST1050,ST1049,2026-09-05 18:14:45,2026-09-05 18:38:45,24,8.26,6.28,paypal
TR2609050052012,CL107110,EN00005,velo_elec,Lyonn,ST1003,ST1014,1788625392,05/09/2026 18:47,24,6.81,7.0,abonnement
TR2609050052013,CL100918,EN00123,velo_elec,Lyon,ST1003,ST1017,2026-09-05 18:19:36,2026-09-05 18:39:36,20,5.95,6.0,abonnement
TR2609050052014,CL100777,EN00130,velo_elec,Lyon,ST1005,ST1009,2026-09-05 18:22:59,2026-09-05 18:39:59,17,4.57,5.25,paypal
TR2609050052015,CL100115,EN00087,trottinette,Lyon,ST1010,ST1004,2026-09-05 18:19:22,05/09/2026 18:32,13,2.91,3.86,abonnement
TR2609050052016,CL100017,EN00204,velo_elec,Lyon,ST1014,ST1009,2026-09-05 18:21:04,2026-09-05 18:38:04,17,5.26,5.25,cb
TR2609050052017,CL108722,EN00179,trottinette,Lyon,ST1014,ST1002,1788625031,2026-09-05 18:22:11,5,1.06,2.1,cb
TR2609050052018,CL107061,EN00213,trottinette,Lyon,ST1019,ST1002,2026-09-05 18:28:23,2026-09-05 18:33:23,5,1.71,2.1,abonnement
TR2609050052019,CL103304,EN00142,velo_elec,Lyon,ST1019,ST1009,2026-09-05 18:19:30,2026-09-05 18:41:30,22,5.77,6.5,paypal
TR2609050052020,CL103044,EN00259,trottinette,Nante,ST1022,ST1032,2026-09-05 18:22:42,2026-09-05 18:29:42,-3,2.13,2.54,abonnement
TR2609050052021,CL100979,EN00293,velo_elec,Nantes,ST1023,ST1028,2026-09-05 18:30:08,2026-09-05 18:37:08,7,1.32,2.75,cb
TR2609050052022,CL103901,EN00316,velo_elec,Nantes,ST1029,ST1028,2026-09-05 18:18:16,2026-09-05 18:53:16,35,11.3,9.75,cb
TR2609050052023,CL101062,EN00349,velo_elec,Nantes,ST1033,ST1033,2026-09-05 18:18:08,1788625988,15,4.17,4.75,cb
TR2609050052024,CL104537,EN00280,trottinette,NANTES,ST1033,ST1027,2026-09-05 18:23:30,2026-09-05 18:52:30,29,8.34,7.38,cb
TR2609050052025,CL104408,EN00459,velo_elec, Lille,ST1035,ST1047,2026-09-05 18:26:08,2026-09-05 18:43:08,17,2.83,5.25,paypal
TR2609050052026,CL102045,EN00396,velo_elec, Lille,ST1035,ST1040,2026-09-05 18:26:50,2026-09-05 18:30:50,4,1.04,2.0,abonnement
TR2609050052027,CL104333,EN00414,velo_elec,Lille,ST1037,ST1040,2026-09-05 18:19:26,2026-09-05 18:33:26,14,4.78,4.5,paypal
TR2609050052028,CL102804,EN00439,velo_elec,Lille,ST1040,ST1041,2026-09-05 18:18:05,2026-09-05 18:26:05,8,1.46,3.0,paypal
TR2609050052029,CL101758,EN00375,trottinette,Lille,ST1042,ST1043,05/09/2026 18:28,2026-09-05 18:54:00,26,7.3,6.72,cb
TR2609050052030,CL106678,EN00365,velo_elec,lille,ST1043,ST1045,05/09/2026 18:22,2026-09-05 18:49:32,27,5.89,7.75,cb
TR2609050052031,CL105911,EN00553,trottinette,Grenoble ,ST1049,ST1051,2026-09-05 18:23:28,1788626548,19,4.66,5.18,abonnement
TR2609050052032,CL103714,EN00579,trottinette,Grenoble,ST1055,ST1057,2026-09-05 18:19:40,2026-09-05 18:38:40,19,5.75,,cb
TR2609050052033,CL103565,EN00572,velo,Grenoble,ST1055,ST1051,2026-09-05 18:15:31,05/09/2026 18:27,12,2.87,2.8,cb
TR2609050052034,CL108651,EN00198,velo_elec,Lyon,ST1001,ST1016,1788626623,2026-09-05 18:50:43,7,1.62,2.75,abonnement
TR2609050052035,CL105166,EN00179,trottinette,Lyon,ST1002,ST1002,2026-09-05 18:38:42,2026-09-05 19:10:42,32,7.2,8.04,cb
TR2609050052036,CL107470,EN00061,trottinette,Lyon,ST1004,ST1002,2026-09-05 18:45:31,2026-09-05 18:57:31,12,3.32,3.64,cb
TR2609050052037,CL106389,EN00035,velo_elec,Lyon,ST1004,ST1004,2026-09-05 18:42:06,05/09/2026 18:45,3,0.55,1.75,cb
TR2609050052038,CL106100,EN00002,velo_elec,Lyon,ST1006,ST1009,2026-09-05 18:45:54,2026-09-05 18:56:54,11,3.78,3.75,cb
TR2609050052039,CL101545,EN00100,velo_elec,Lyon,ST1008,ST1010,2026-09-05 18:35:02,2026-09-05 18:53:02,18,2.73,5.5,abonnement
TR2609050052040,CL105589,EN00028,trottinette,Lyon,ST1009,ST1004,2026-09-05 18:37:13,05/09/2026 18:45,8,1.8,2.76,cb
TR2609050052041,CL103673,EN00044,trottinette,Lyon,ST1010,ST1002,,05/09/2026 18:51,9,2.86,2.98,abonnement
TR2609050052042,CL108824,EN00050,velo_elec,Lyon,ST1010,ST1014,2026-09-05 18:45:50,2026-09-05 19:03:50,18,3.05,5.5,paypal
TR2609050052043,CL104444,EN00101,velo_elec,Lyon,ST1015,ST1003,2026-09-05 18:39:56,2026-09-05 18:47:56,8,2.26,3.0,cb
TR2609050052044,CL106673,EN00216,velo_elec,Lyon,ST1019,ST1014,2026-09-05 18:39:56,2026-09-05 18:53:56,2274,4.29,4.5,paypal
TR2609050052045,CL956430,EN00239,trottinette,Nante,ST1021,ST1026,2026-09-05 18:43:51,2026-09-05 19:13:51,30,8.64,7.6,cb
TR2609050052046,CL103132,EN00232,trottinette,NANTES,ST1022,ST1032,2026-09-05 18:39:45,1788626805,7,1.79,2.54,cb
TR2609050052047,CL103110,EN00339,velo_elec,Nantes,ST1022,ST1029,2026-09-05 18:45:51,2026-09-05 18:51:51,6,1.41,2.5,cb
TR2609050052048,CL108868,EN00281,velo_elec,Nantes,ST1024,ST1029,2026-09-05 18:44:26,2026-09-05 18:46:26,2,0.35,1.5,abonnement
TR2609050052049,CL101882,EN00307,trottinette,Nante,ST1025,ST1027,2026-09-05 18:34:44,2026-09-05 18:47:44,13,3.25,3.86,cb
TR2609050052050,CL105438,EN00246,trottinette,Nantes,ST1027,ST1026,2026-09-05 18:39:38,2026-09-05 18:47:38,8,1.29,2.76,cb
TR2609050052051,CL105403,EN00229,trottinette,Nantes,ST1028,ST1020,05/09/2026 18:35,2026-09-05 18:49:20,14,2.71,4.08,paypal
TR2609050052052,CL108903,EN00279,velo,Nantes,ST1031,ST1033,2026-09-05 18:45:26,05/09/2026 18:57,12,3.97,2.8,cb
TR2609050052053,CL106226,EN00391,velo_elec,Lille,ST1034,ST1038,,2026-09-05 18:51:12,8,1.81,3.0,cb
TR2609050052054,CL103182,EN00413,trottinette,Lille,ST1035,ST1035,2026-09-05 18:37:27,2026-09-05 18:48:27,11,2.85,3.42,cb
TR2609050052055,CL107640,EN00496,velo_elec,Lille,ST1038,ST1043,2026-09-05 18:35:21,2026-09-05 18:54:21,19,5.2,5.75,cb
TR2609050052056,CL101674,EN00417,trottinette,Lille,ST1039,ST1047,2026-09-05 18:45:23,1788627803,18,5.26,4.96,paypal
TR2609050052057,CL103730,EN00403,trottinette,Lille,ST1041,ST1039,2026-09-05 18:36:13,2026-09-05 18:48:13,12,3.47,3.64,
TR2609050052058,CL108603,EN00430,velo_elec,Lille,ST1042,ST1034,2026-09-05 18:38:03,05/09/2026 18:44,6,0.98,2.5,cb
TR2609050052059,CL102949,EN00394,velo_elec,Lille,ST1044,ST1045,2026-09-05 18:35:55,2026-09-05 18:41:55,6,1.87,2.5,abonnement
TR2609050052060,CL104553,EN00428,velo_elec,Lille,ST1047,ST1042,2026-09-05 18:36:22,2026-09-05 18:47:22,11,2.68,,abonnement
TR2609050052061,CL100192,EN00508,trottinette,Grenoble,ST1049,ST1050,2026-09-05 18:35:03,05/09/2026 18:42,7,1.51,2.54,abonnement
TR2609050052062,CL100418,EN00503,trottinette,Grenoble,ST1049,ST1050,2026-09-05 18:36:50,2026-09-05 18:45:50,9,2.97,2.98,cb
TR2609050052063,CL100749,EN00533,velo_elec,Grenoble,ST1049,ST1050,2026-09-05 18:45:34,2026-09-05 18:54:34,9,1.8,3.25,cb
TR2609050052064,CL102742,EN00527,velo_elec,Grenoble,ST1051,ST1057,05/09/2026 18:36,2026-09-05 18:48:51,12,2.72,4.0,abonnement
TR2609050052065,CL107575,EN00543,velo,Grenoble,ST1055,ST1052,2026-09-05 18:44:14,05/09/2026 18:49,5,1.44,1.75,abonnement
TR2609050052066,CL107681,EN00591,velo_elec,Grenoble,ST1057,ST1051,2026-09-05 18:42:39,2026-09-05 18:52:39,10,2.19,3.5,paypal
TR2609050052067,CL107224,EN00515,trottinette,Grenoble,ST1058,ST1055,2026-09-05 18:39:14,,9,1.63,2.98,cb
TR2609050052068,CL106139,EN00124,velo_elec,Lyon,ST1003,ST1013,2026-09-05 18:47:32,2026-09-05 19:10:32,23,4.99,6.75,cb
TR2609050052069,CL100119,EN00028,trottinette,Lyon,ST1004,ST1016,1788627217,2026-09-05 18:55:37,2,0.56,1.44,abonnement
TR2609050052070,CL101806,EN00141,velo_elec,Lyon,ST1010,ST1019,2026-09-05 18:54:54,2026-09-05 19:14:54,20,6.59,6.0,abonnement
TR2609050052071,CL108006,EN00115,velo_elec,Lyon,ST1012,ST1006,2026-09-05 18:50:29,2026-09-05 18:53:29,3,1.04,1.75,abonnement
TR2609050052072,CL105516,EN00207,velo_elec,Lyon,ST1015,ST1015,2026-09-05 18:47:03,2026-09-05 18:56:03,9,2.53,3.25,cb
TR2609050052073,CL105753,EN00194,velo_elec,Lyon,ST1017,ST1001,2026-09-05 18:59:32,2026-09-05 19:06:32,7,1.76,2.75,abonnement
TR2609050052074,CL107411,EN00201,velo_elec,Lyon,ST1019,ST1013,2026-09-05 18:48:42,2026-09-05 19:03:42,15,2.51,4.75,cb
TR2609050052075,CL996565,EN00332,trottinette,Nantes,ST1021,ST1021,05/09/2026 19:00,2026-09-05 19:17:04,17,3.32,4.74,abonnement
TR2609050052076,CL105003,EN00291,velo_elec,Nantes,ST1023,ST1026,2026-09-05 18:47:22,2026-09-05 19:02:22,15,4.87,4.75,cb
TR2609050052077,CL106309,EN00281,velo_elec,Nantes,ST1029,ST1020,05/09/2026 18:58,1788628083,10,1.6,3.5,abonnement
TR2609050052078,CL105421,EN00430,velo_elec,Lille,ST1034,ST1043,2026-09-05 18:55:14,2026-09-05 19:12:14,17,5.81,5.25,cb
TR2609050052079,CL107514,EN00366,trottinette,Lille,ST1037,ST1036,2026-09-05 18:55:32,2026-09-05 19:09:32,14,2.91,4.08,cb
TR2609050052080,CL100174,EN00455,velo_elec,Lille,ST1038,ST1040,05/09/2026 18:50,2026-09-05 19:07:33,17,3.05,5.25,cb
TR2609050052081,CL105653,EN00426,trottinette,Lille,ST1039,ST1040,05/09/2026 18:50,2026-09-05 19:00:37,10,2.91,3.2,cb
TR2609050052082,CL104826,EN00565,trottinette,Grenoble,ST1050,ST1053,05/09/2026 18:51,05/09/2026 19:12,21,3.33,5.62,cb
TR2609050052083,CL104316,EN00585,velo_elec,Grenoble,ST1053,ST1055,2026-09-05 18:50:44,2026-09-05 18:55:44,5,1.72,2.25,cb
TR2609050052084,CL105772,EN00559,trottinette,Grenoble,ST1058,ST1054,2026-09-05 19:01:05,2026-09-05 19:22:05,21,3.49,5.62,cb
TR2609050052085,CL106564,EN00087,trottinette,Lyon,ST1004,ST1017,2026-09-05 19:15:25,2026-09-05 19:27:25,12,3.91,3.64,paypal
TR2609050052086,CL921061,EN00091,velo_elec,Lyon,ST1007,ST1013,05/09/2026 19:07,2026-09-05 19:16:46,9,1.51,3.25,cb
TR2609050052087,CL108362,EN00001,velo_elec,Lyon,ST1009,ST1001,05/09/2026 19:02,2026-09-05 19:22:28,20,4.38,6.0,abonnement
TR2609050052088,CL104766,EN00100,velo_elec,Lyon,ST1010,ST1003,1788628284,2026-09-05 19:14:24,-21,0.62,1.75,paypal
TR2609050052089,CL102286,EN00154,trottinette,Lyon,ST1011,ST1010,2026-09-05 19:14:45,05/09/2026 19:31,17,3.64,4.74,cb
TR2609050052090,CL101316,EN00211,velo_elec,Lyon,ST1019,ST1006,05/09/2026 19:02,2026-09-05 19:16:38,14,2.99,4.5,cb
TR2609050052091,CL105635,EN00152,velo_elec,Lyon,ST1019,ST1002,2026-09-05 19:10:28,2026-09-05 19:17:28,7,1.91,2.75,cb
TR2609050052092,CL105930,EN00292,velo_elec,NANTES,ST1020,ST1024,05/09/2026 19:10,2026-09-05 19:24:35,14,2.25,4.5,
TR2609050052093,CL106254,EN00269,velo_elec,Nantes,ST1029,ST1029,2026-09-05 19:05:20,2026-09-05 19:18:20,13,3.86,4.25,cb
TR2609050052094,CL104567,EN00303,velo_elec,Nantes,ST1030,ST1028,2026-09-05 19:08:16,2026-09-05 19:25:16,17,4.01,5.25,abonnement
TR2609050052095,CL104865,EN00242,velo,Nantes,ST1031,ST1022,2026-09-05 19:15:35,2026-09-05 19:24:35,9,1.89,2.35,cb
TR2609050052096,CL105783,EN00472,velo_elec,Lille,ST1034,ST1042,2026-09-05 19:13:53,05/09/2026 19:25,12,2.66,4.0,cb
TR2609050052097,CL101163,EN00494,velo_elec,Lille,ST1034,ST1046,2026-09-05 19:12:13,2026-09-05 19:33:13,21,5.92,6.25,cb
TR2609050052098,CL104573,EN00444,trottinette,Lille,ST1038,ST1044,05/09/2026 19:14,2026-09-05 19:30:50,16,4.57,4.52,cb
TR2609050052099,CL102794,EN00420,trottinette,Lille,ST1044,ST1040,2026-09-05 19:02:35,2026-09-05 19:10:35,8,1.45,2.76,cb
TR2609050052100,CL100434,EN00520,velo_elec,Grenoble,ST1048,ST1057,2026-09-05 19:05:19,05/09/2026 19:18,13,3.67,4.25,abonnement
TR2609050052101,CL107695,EN00593,trottinette,Grenoble,ST1049,ST1049,2026-09-05 19:14:12,2026-09-05 19:19:12,5,1.58,2.1,cb
TR2609050052102,CL100731,EN00570,trottinette,Grenoble,ST1052,ST1049,2026-09-05 19:03:46,2026-09-05 19:06:46,3,0.91,1.66,cb
TR2609050052103,CL100674,EN00515,trottinette,Grenoble,ST1055,ST1052,2026-09-05 19:06:15,2026-09-05 19:22:15,16,4.36,4.52,cb
TR2609050052104,CL107298,EN00585,velo_elec,Grenoble,ST1055,ST1053,2026-09-05 19:06:42,2026-09-05 19:21:42,15,4.11,4.75,cb
TR2609050052105,CL108170,EN00527,velo_elec,GRENOBLE,ST1057,ST1055,2026-09-05 19:02:56,05/09/2026 19:09,7,2.34,2.75,paypal
TR2609050052106,CL103305,EN00554,velo_elec,Grenoble,ST1058,ST1055,05/09/2026 19:11,2026-09-05 19:18:07,7,1.13,2.75,abonnement
TR2609050052107,CL100703,EN00049,trottinette,Lyon,ST1018,ST1001,2026-09-05 19:20:06,2026-09-05 19:27:06,7,1.3,2.54,abonnement
TR2609050052108,CL105735,EN00228,trottinette,Nantes,ST1023,ST1031,2026-09-05 19:21:44,2026-09-05 19:31:44,10,1.57,3.2,abonnement
TR2609050052109,CL108746,EN00307,trottinette,Nantes,ST1027,ST1022,2026-09-05 19:21:05,2026-09-05 19:57:05,36,7.21,8.92,cb
TR2609050052110,CL106722,EN00311,trottinette,Nantes,ST1029,ST1026,2026-09-05 19:23:20,2026-09-05 19:37:20,14,3.7,4.08,paypal
TR2609050052111,CL102923,EN00396,velo_elec,Lille,ST1040,ST1045,2026-09-05 19:23:15,2026-09-05 19:42:15,19,6.22,5.75,cb
TR2609050052112,CL106072,EN00450,trottinette,Lille,ST1042,ST1035,2026-09-05 19:29:08,2026-09-05 19:42:08,13,4.13,3.86,cb
TR2609050052113,CL108297,EN00496,velo_elec,Lille,ST1043,ST1043,2026-09-05 19:21:49,2026-09-05 19:31:49,10,2.94,3.5,abonnement
TR2609050052114,CL106459,EN00453,trottinette,LILLE,ST1046,ST1036,2026-09-05 19:24:31,05/09/2026 19:40,16,4.65,4.52,cb
TR2609050052115,CL106845,EN00565,trottinette,Grenoble,ST1053,ST1058,05/09/2026 19:21,2026-09-05 19:33:22,12,3.01,3.64,abonnement
TR2609050052116,CL106053,EN00179,trottinette,Lyon,ST1002,ST1003,,2026-09-05 19:51:59,12,3.06,3.64,paypal
TR2609050052117,CL107227,EN00101,velo_elec,Lyonn,ST1003,ST1006,2026-09-05 19:36:29,05/09/2026 19:47,11,2.14,3.75,cb
TR2609050052118,CL100561,EN00124,velo_elec,Lyon,ST1013,ST1001,2026-09-05 19:35:57,2026-09-05 19:51:57,16,5.31,5.0,cb
TR2609050052119,CL105477,EN00112,velo_elec,Lyon,ST1013,ST1006,2026-09-05 19:37:19,2026-09-05 19:47:19,10,2.14,3.5,cb
TR2609050052120,CL107899,EN00249,velo_elec,Nantes,ST1023,ST1031,2026-09-05 19:45:09,05/09/2026 20:05,20,5.42,6.0,paypal
TR2609050052121,CL108819,EN00224,velo_elec,Nantes,ST1032,ST1026,2026-09-05 19:44:58,2026-09-05 19:50:58,6,1.56,2.5,cb
TR2609050052122,CL101922,EN00260,velo_elec,Nantes,ST1033,ST1022,2026-09-05 19:39:04,2026-09-05 20:13:04,34,9.05,9.5,cb
TR2609050052123,CL108934,EN00373,velo_elec,Lille,ST1034,ST1039,2026-09-05 19:45:51,2026-09-05 19:57:51,12,4.15,4.0,cb
TR2609050052124,CL101877,EN00470,trottinette,Lille,ST1041,ST1043,2026-09-05 19:37:11,2026-09-05 19:52:11,15,4.26,4.3,paypal
TR2609050052125,CL104193,EN00381,trottinette,Lille,ST1044,ST1038,2026-09-05 19:33:36,05/09/2026 19:43,-30,1.8,3.2,abonnement
TR2609050052126,CL106554,EN00531,trottinette,Grenoble,ST1056,ST1058,2026-09-05 19:40:24,2026-09-05 19:57:24,17,2.95,4.74,abonnement
TR2609050052127,CL105143,EN00520,velo_elec,Grenoble,ST1057,ST1054,2026-09-05 19:32:13,1788629893,6,1.7,2.5,cb
TR2609050052128,CL104980,EN00189,trottinette,Lyon,ST1006,ST1010,2026-09-05 20:00:24,05/09/2026 20:10,10,1.58,3.2,cb
TR2609050052129,CL108318,EN00198,velo_elec,Lyon,ST1016,ST1003,2026-09-05 19:58:41,2026-09-05 20:20:41,22,4.08,6.5,paypal
TR2609050052130,CL105627,EN00028,trottinette,Lyon,ST1016,ST1003,2026-09-05 19:48:31,2026-09-05 20:10:31,22,4.84,5.84,cb
TR2609050052131,CL105501,EN00281,velo_elec,Nantes,ST1020,ST1021,2026-09-05 19:45:51,2026-09-05 19:55:51,10,1.97,3.5,abonnement
TR2609050052132,CL101851,EN00229,trottinette,Nantes,ST1020,ST1025,2026-09-05 19:47:02,1788630902,8,2.78,2.76,
TR2609050052133,CL101101,EN00328,velo_elec,Nantes,ST1022,ST1033,05/09/2026 19:56,2026-09-05 20:38:59,42,10.13,11.5,abonnement
TR2609050052134,CL100820,EN00293,velo_elec,Nantes,ST1028,ST1027,05/09/2026 19:59,2026-09-05 20:06:05,7,1.38,2.75,cb
TR2609050052135,CL107932,EN00257,trottinette,Nantes,ST1029,ST1026,2026-09-05 19:47:11,2026-09-05 19:55:11,8,1.38,2.76,abonnement
TR2609050052136,CL103373,EN00338,velo_elec,Nantes,ST1032,ST1027,05/09/2026 19:56,2026-09-05 20:01:40,5,1.51,2.25,abonnement
TR2609050052137,CL104074,EN00468,trottinette,Lille,ST1035,ST1035,2026-09-05 19:51:04,2026-09-05 20:08:04,17,2.79,4.74,paypal
TR2609050052138,CL103062,EN00403,trottinette,Lille,ST1039,ST1034,2026-09-05 19:54:02,2026-09-05 20:07:02,13,2.71,3.86,abonnement
TR2609050052139,CL100174,EN00396,velo_elec,Lille,ST1045,ST1038,1788631048,2026-09-05 20:04:28,7,1.8,2.75,abonnement
TR2609050052140,CL103915,EN00549,velo_elec,Grenoble,ST1048,ST1051,2026-09-05 19:48:13,2026-09-05 19:58:13,10,2.31,3.5,paypal
TR2609050052141,CL103574,EN00593,trottinette,Grenoble,ST1049,ST1056,2026-09-05 19:48:45,1788631425,15,4.74,4.3,cb
TR2609050052142,CL106133,EN00570,trottinette,Grenoble,ST1049,ST1048,1788631037,2026-09-05 19:59:17,2,0.33,1.44,paypal
TR2609050052143,CL106831,EN00551,trottinette,Grenoble,ST1049,ST1050,2026-09-05 20:00:00,05/09/2026 20:15,15,2.28,4.3,cb
TR2609050052144,CL104826,EN00515,trottinette,Grenoble,ST1052,ST1056,2026-09-05 19:49:24,2026-09-05 20:09:24,20,3.19,,cb
TR2609050052145,CL104572,EN00527,velo_elec,Grenoble,ST1055,ST1056,2026-09-05 19:53:04,2026-09-05 19:55:04,2,0.39,1.5,cb
TR2609050052146,CL105029,EN00544,velo_elec,Grenoble,ST1058,ST1057,,05/09/2026 20:10,16,3.33,5.0,abonnement
TR2609050052147,CL100948,EN00081,velo_elec,Lyon,ST1004,ST1009,2026-09-05 20:14:35,2026-09-05 20:23:35,9,2.45,3.25,paypal
TR2609050052148,CL102581,EN00216,velo_elec,Lyon,ST1014,ST1003,2026-09-05 20:05:32,2026-09-05 20:38:32,33,9.19,9.25,cb
TR2609050052149,CL104660,EN00068,velo_elec,Lyon,ST1019,ST1005,2026-09-05 20:10:20,2026-09-05 20:25:20,15,3.66,4.75,paypal
TR2609050052150,CL101496,EN00289,trottinette,nantes,ST1028,ST1031,2026-09-05 20:04:07,2026-09-05 20:20:07,16,2.57,4.52,cb
TR2609050052151,CL100735,EN00402,trottinette,Lille,ST1034,ST1035,2026-09-05 20:09:28,2026-09-05 20:16:28,7,1.37,2.54,abonnement
TR2609050052152,CL102363,EN00377,trottinette,Lille,ST1034,ST1042,2026-09-05 20:03:27,2026-09-05 20:22:27,19,4.34,5.18,cb
TR2609050052153,CL102583,EN00365,velo_elec,Lille,ST1045,ST1044,05/09/2026 20:11,2026-09-05 20:23:13,12,4.14,4.0,cb
TR2609050052154,CL108115,EN00520,velo_elec,Grenoble,ST1054,ST1048,05/09/2026 20:10,05/09/2026 20:26,16,5.47,5.0,abonnement
TR2609050052155,CL107859,EN00213,trottinette,Lyon,ST1002,ST1019,2026-09-05 20:29:23,05/09/2026 20:34,5,0.96,2.1,abonnement
TR2609050052156,CL101248,EN00152,velo_elec,Lyon,ST1002,ST1003,2026-09-05 20:19:13,2026-09-05 20:23:13,4,0.67,2.0,
TR2609050052157,CL105596,EN00273,velo_elec,Nantes,ST1025,ST1026,05/09/2026 20:22,2026-09-05 20:34:08,12,3.68,4.0,cb
TR2609050052158,CL108668,EN00265,trottinette,Nantes,ST1028,ST1031,05/09/2026 20:20,2026-09-05 20:36:56,16,5.37,4.52,abonnement
TR2609050052159,CL104611,EN00327,velo_elec,Nantes,ST1032,ST1029,2026-09-05 20:17:58,2026-09-05 20:30:58,13,4.05,4.25,cb
TR2609050052160,CL107526,EN00468,trottinette,Lille,ST1035,ST1041,2026-09-05 20:25:15,2026-09-05 20:47:15,22,4.89,5.84,paypal
TR2609050052161,CL107835,EN00396,velo_elec,Lille,ST1038,ST1043,2026-09-05 20:20:22,2026-09-05 20:44:22,24,5.29,7.0,abonnement
TR2609050052162,CL103064,EN00414,velo_elec,Lille,ST1040,ST1046,2026-09-05 20:27:15,2026-09-05 20:42:15,15,2.25,4.75,cb
TR2609050052163,CL102587,EN00482,velo_elec,Lille,ST1045,ST1047,2026-09-05 20:17:06,2026-09-05 20:28:06,11,1.85,3.75,cb
TR2609050052164,CL100716,EN00559,trottinette,Grenoble,ST1054,ST1053,05/09/2026 20:15,05/09/2026 20:23,8,2.66,2.76,cb
TR2609050052165,CL106147,EN00519,velo_elec,Grenoble,ST1057,ST1057,2026-09-05 20:23:09,2026-09-05 20:35:09,12,3.26,4.0,abonnement
TR2609050052166,CL103990,EN00544,velo_elec,Grenoble,ST1057,ST1053,05/09/2026 20:20,2026-09-05 20:24:08,4,1.26,2.0,
TR2609050052167,CL107436,EN00579,trottinette,Grenoble,ST1057,ST1057,2026-09-05 20:30:34,2026-09-05 20:49:34,19,3.95,5.18,cb
TR2609050052168,CL105529,EN00507,trottinette,Grenoble,ST1057,ST1054,2026-09-05 20:17:45,2026-09-05 20:26:45,9,1.37,2.98,cb
TR2609050052169,CL102791,EN00068,velo_elec,Lyon,ST1005,ST1013,2026-09-05 20:44:24,2026-09-05 20:54:24,10,2.3,3.5,paypal
TR2609050052170,CL103546,EN00101,velo_elec,Lyon,ST1006,ST1018,1788633099,2026-09-05 20:36:39,5,1.58,2.25,abonnement
TR2609050052171,CL102247,EN00087,trottinette,Lyon,ST1017,ST1007,2026-09-05 20:43:45,2026-09-05 20:53:45,10,3.43,3.2,cb
TR2609050052172,CL101036,EN00303,velo_elec,Nantes,ST1028,ST1021,2026-09-05 20:34:40,05/09/2026 20:57,23,5.22,6.75,cb
TR2609050052173,CL107550,EN00228,trottinette,Nantes,ST1031,ST1030,1788633221,,12,1.81,3.64,cb
TR2609050052174,CL103705,EN00248,trottinette,Nantes,ST1033,ST1031,2026-09-05 20:45:53,05/09/2026 20:47,2,0.48,1.44,abonnement
TR2609050052175,CL100165,EN00383,trottinette,LILLE,ST1037,ST1046,2026-09-05 20:31:58,05/09/2026 20:34,3,0.96,,cb
TR2609050052176,CL101117,EN00496,velo_elec,LILLE,ST1043,ST1045,2026-09-05 20:33:07,05/09/2026 21:28,55,13.36,14.75,cb
TR2609050052177,CL104293,EN00363,velo_elec,Lille,ST1045,ST1045,2026-09-05 20:33:24,2026-09-05 20:47:24,14,2.88,4.5,cb
TR2609050052178,CL105897,EN00570,trottinette,Grenoble,ST1048,ST1054,2026-09-05 20:34:32,2026-09-05 20:42:32,8,2.49,2.76,cb
TR2609050052179,CL101981,EN00507,trottinette,Grenoble,ST1054,ST1058,,1788634541,17,5.54,4.74,cb
TR2609050052180,CL100006,EN00173,velo_elec,Lyon,ST1014,ST1008,05/09/2026 20:52,05/09/2026 21:08,16,2.65,5.0,cb
TR2609050052181,CL101104,EN00186,trottinette,Lyon,ST1017,ST1007,2026-09-05 20:50:50,2026-09-05 20:55:50,5,1.12,2.1,cb
TR2609050052182,CL108591,EN00101,velo_elec,Lyon,ST1018,ST1010,,05/09/2026 21:00,8,2.41,3.0,abonnement
TR2609050052183,CL108549,EN00327,velo_elec,Nantes,ST1029,ST1033,05/09/2026 20:47,2026-09-05 20:53:33,6,1.91,2.5,cb
TR2609050052184,CL101182,EN00249,velo_elec,Nantes,ST1031,ST1028,2026-09-05 20:46:57,2026-09-05 20:52:57,6,1.53,2.5,paypal
TR2609050052185,CL104800,EN00426,trottinette,Lille,ST1040,ST1041,1788634642,1788635482,14,3.76,4.08,paypal
TR2609050052186,CL103800,EN00488,velo_elec,Lille,ST1041,ST1035,2026-09-05 20:45:58,2026-09-05 20:52:58,7,2.4,2.75,cb
TR2609050052187,CL108555,EN00428,velo_elec,Lille,ST1042,ST1044,2026-09-05 20:55:47,2026-09-05 21:00:47,5,1.35,2.25,abonnement
TR2609050052188,CL105835,EN00478,trottinette, Lille,ST1046,ST1038,2026-09-05 20:55:45,2026-09-05 21:06:45,11,2.05,3.42,abonnement
TR2609050052189,CL106405,EN00504,trottinette,Grenoble,ST1049,ST1049,,2026-09-05 21:28:31,38,8.29,9.36,paypal
TR2609050052190,CL102554,EN00551,trottinette,GRENOBLE,ST1050,ST1055,1788634492,1788635092,10,3.04,3.2,cb
TR2609050052191,CL100192,EN00570,trottinette,Grenoble,ST1054,ST1055,2026-09-05 20:52:48,2026-09-05 21:01:48,9,1.69,2.98,cb
TR2609050052192,CL101706,EN00519,velo_elec,Grenoble,ST1057,ST1054,2026-09-05 20:50:05,2026-09-05 20:57:05,7,1.2,2.75,cb
TR2609050052193,CL106929,EN00525,velo,Grenoble,ST1057,ST1054,2026-09-05 20:49:29,1788635009,14,2.46,3.1,cb
TR2609050052194,CL103787,EN00101,velo_elec,Lyon,ST1010,ST1019,,2026-09-05 21:23:54,12,2.91,4.0,cb
TR2609050052195,CL101242,EN00039,velo_elec,Lyon,ST1014,ST1019,2026-09-05 21:11:02,1788635762,5,1.25,2.25,abonnement
TR2609050052196,CL104991,EN00224,velo_elec,Nantes,ST1026,ST1029,05/09/2026 21:13,2026-09-05 21:21:45,8,1.38,3.0,cb
TR2609050052197,CL103075,EN00102,velo_elec,Lyon,ST1004,ST1001,2026-09-05 21:23:54,2026-09-05 21:33:54,10,3.43,3.5,cb
TR2609050052198,CL103662,EN00295,velo_elec,Nantes,ST1028,ST1031,2026-09-05 21:28:42,05/09/2026 21:30,2,0.31,1.5,cb
TR2609050052199,CL105239,EN00403,trottinette,Lille,ST1034,ST1039,05/09/2026 21:16,2026-09-05 21:24:43,8,2.33,2.76,cb
TR2609050052200,CL108939,EN00478,trottinette,Lille,ST1038,ST1036,2026-09-05 21:19:23,2026-09-05 21:40:23,21,3.86,5.62,cb
TR2609050052201,CL100104,EN00404,trottinette,Lille,ST1040,ST1041,2026-09-05 21:24:58,2026-09-05 21:48:58,24,7.9,6.28,cb
TR2609050052202,CL108568,EN00414,velo_elec,Lille,ST1046,ST1045,2026-09-05 21:21:59,2026-09-05 21:29:59,8,1.68,3.0,cb
TR2609050052203,CL108384,EN00519,velo_elec,Grenoble,ST1054,ST1051,1788636263,05/09/2026 21:55,31,7.59,8.75,cb
TR2609050052204,CL107648,EN00527,velo_elec,Grenoble,ST1056,ST1048,2026-09-05 21:19:24,2026-09-05 21:25:24,6,1.66,2.5,cb
TR2609050052205,CL105897,EN00599,trottinette,Grenoble,ST1058,ST1053,2026-09-05 21:16:44,2026-09-05 21:24:44,8,1.49,2.76,cb
TR2609050052206,CL101388,EN00531,trottinette,Grenoble,ST1058,ST1051,2026-09-05 21:16:03,1788636423,11,3.58,3.42,cb
TR2609050052207,CL107556,EN00208,velo_elec,Lyon,ST1003,ST1007,2026-09-05 21:37:48,2026-09-05 21:45:48,8,1.59,3.0,cb
TR2609050052208,CL102242,EN00008,trottinette,Lyon,ST1013,ST1001,2026-09-05 21:39:40,05/09/2026 21:53,14,3.44,4.08,abonnement
TR2609050052209,CL106233,EN00122,trottinette,Lyonn,ST1016,ST1009,2026-09-05 21:35:36,2026-09-05 21:57:36,22,5.34,5.84,abonnement
TR2609050052210,CL105871,EN00284,trottinette,Nantes,ST1020,ST1033,2026-09-05 21:35:53,1788637733,13,2.09,3.86,cb
TR2609050052211,CL103322,EN00260,velo_elec,Nantes,ST1022,ST1031,2026-09-05 21:44:28,05/09/2026 21:51,7,1.12,2.75,cb
TR2609050052212,CL101933,EN00293,velo_elec,Nantes,ST1027,ST1033,2026-09-05 21:31:51,2026-09-05 21:41:51,10,1.72,3.5,cb
TR2609050052213,CL101827,EN00327,velo_elec,Nantes,ST1033,ST1023,2026-09-05 21:37:24,05/09/2026 21:57,20,4.55,6.0,paypal
TR2609050052214,CL103768,EN00362,velo_elec,Lille,ST1037,ST1042,2026-09-05 21:33:00,05/09/2026 21:44,11,3.84,3.75,cb
TR2609050052215,CL106883,EN00597,trottinette,Grenoble,ST1050,ST1055,05/09/2026 21:37,2026-09-05 21:57:06,20,3.31,5.4,abonnement
TR2609050052216,CL101886,EN00571,trottinette,Grenoble,ST1052,ST1056,2026-09-05 21:39:10,2026-09-05 21:53:10,14,3.45,4.08,paypal
TR2609050052217,CL100077,EN00173,velo_elec,Lyon,ST1008,ST1015,2026-09-05 21:47:26,2026-09-05 21:58:26,11,2.32,3.75,cb
TR2609050052218,CL104370,EN00281,velo_elec,Nantes,ST1021,ST1031,2026-09-05 21:59:08,2026-09-05 22:06:08,7,1.57,2.75,abonnement
TR2609050052219,CL108402,EN00348,velo_elec,Nantes,ST1026,ST1020,2026-09-05 21:48:50,2026-09-05 22:00:50,12,4.05,4.0,cb
TR2609050052220,CL106300,EN00273,velo_elec,Nantes,ST1026,ST1032,2026-09-05 21:48:17,2026-09-05 22:06:17,-11,6.22,5.5,abonnement
TR2609050052221,CL104335,EN00224,velo_elec,Nantes,ST1029,ST1033,05/09/2026 21:55,2026-09-05 22:23:17,28,8.18,8.0,cb
TR2609050052222,CL102314,EN00336,velo_elec,Nantes,ST1030,ST1028,2026-09-05 21:53:47,2026-09-05 22:13:47,20,5.82,6.0,abonnement
TR2609050052223,CL102471,EN00366,trottinette,Lille,ST1036,ST1038,2026-09-05 21:59:14,05/09/2026 22:23,24,4.74,6.28,abonnement
TR2609050052224,CL107984,EN00453,trottinette,Lille,ST1036,ST1038,05/09/2026 21:52,2026-09-05 22:01:31,9,2.58,2.98,
TR2609050052225,CL102161,EN00365,velo_elec,Lille,ST1044,ST1037,2026-09-05 21:58:39,2026-09-05 22:03:39,5,1.25,2.25,cb
TR2609050052226,CL100267,EN00533,velo_elec,Grenoble,ST1050,ST1052,2026-09-05 21:50:34,05/09/2026 21:53,3,0.49,1.75,cb
TR2609050052227,CL105636,EN00585,velo_elec,Grenoble,ST1053,ST1048,2026-09-05 21:46:59,2026-09-05 21:55:59,9,2.52,3.25,cb
TR2609050052228,CL106361,EN00593,trottinette,Grenoble,ST1056,ST1054,2026-09-05 21:51:51,2026-09-05 21:58:51,7,1.37,2.54,abonnement
TR2609050052229,CL104868,EN00081,velo_elec,LYON,ST1009,ST1018,2026-09-05 22:12:21,2026-09-05 22:20:21,8,1.96,3.0,abonnement
TR2609050052230,CL101247,EN00339,velo_elec,Nantes,ST1029,ST1029,2026-09-05 22:08:09,2026-09-05 22:29:09,21,3.21,6.25,cb
TR2609050052231,CL100388,EN00459,velo_elec,Lille,ST1047,ST1034,,05/09/2026 22:17,12,1.93,4.0,paypal
TR2609050052232,CL105908,EN00553,trottinette,Grenoble,ST1051,ST1058,2026-09-05 22:13:57,05/09/2026 22:24,11,2.04,3.42,paypal
TR2609050052233,CL107180,EN00593,trottinette,Grenoble,ST1054,ST1057,2026-09-05 22:04:07,2026-09-05 22:12:07,8,2.75,2.76,abonnement
TR2609050052234,CL102285,EN00515,trottinette,Grenoble,ST1056,ST1053,2026-09-05 22:15:22,2026-09-05 22:37:22,22,4.18,5.84,abonnement
TR2609050052235,CL101626,EN00184,velo_elec,Lyon,ST1014,ST1003,1788639891,2026-09-05 22:34:51,10,2.02,3.5,abonnement
TR2609050052236,CL100075,EN00338,velo_elec,Nantes,ST1027,ST1020,1788639954,2026-09-05 22:27:54,2,0.52,1.5,cb
TR2609050052237,CL102640,EN00478,trottinette,Lille,ST1036,ST1042,2026-09-05 22:26:57,1788640557,9,2.31,2.98,cb
TR2609050052238,CL105722,EN00406,velo_elec,Lille,ST1042,ST1043,2026-09-05 22:20:06,2026-09-05 22:25:06,5,1.38,2.25,abonnement
TR2609050052239,CL104771,EN00414,velo_elec,Lille,ST1045,ST1045,2026-09-05 22:17:43,2026-09-05 22:23:43,6,1.13,2.5,paypal
TR2609050052240,CL102074,EN00591,velo_elec,Grenoble,ST1051,ST1058,2026-09-05 22:22:22,2026-09-05 22:42:22,20,5.24,6.0,abonnement
TR2609050052241,CL102835,EN00094,velo_elec,Lyonn,ST1015,ST1015,2026-09-05 22:41:53,2026-09-05 22:52:53,-11,2.64,3.75,cb
TR2609050052242,CL107358,EN00112,velo_elec,Lyon,ST1006,ST1013,2026-09-05 22:59:54,2026-09-05 23:20:54,21,4.01,6.25,paypal
TR2609050052243,CL107935,EN00167,trottinette,Lyon,ST1012,ST1010,2026-09-05 22:55:38,2026-09-05 23:22:38,27,8.06,6.94,cb
TR2609050052244,CL100229,EN00212,trottinette,LYON,ST1015,ST1011,2026-09-05 22:58:06,2026-09-05 23:13:06,15,4.64,4.3,cb
TR2609050052245,CL107916,EN00297,trottinette,Nantes,ST1021,ST1021,2026-09-05 22:49:48,2026-09-05 23:09:48,20,5.51,5.4,cb
TR2609050052246,CL107284,EN00449,trottinette,Lille,ST1040,ST1046,05/09/2026 22:56,1788641986,3,0.57,1.66,abonnement
TR2609050052247,CL107244,EN00585,velo_elec,Grenoble,ST1048,ST1050,2026-09-05 22:59:30,2026-09-05 23:09:30,10,2.73,3.5,paypal
TR2609050052248,CL102647,EN00154,trottinette,Lyon,ST1010,ST1009,05/09/2026 23:01,2026-09-05 23:18:55,17,3.51,4.74,abonnement
TR2609050052249,CL106898,EN00099,velo_elec,lyon,ST1016,ST1012,2026-09-05 23:03:10,2026-09-05 23:15:10,12,2.35,4.0,abonnement
TR2609050052250,CL108983,EN00081,velo_elec,Lyon,ST1018,ST1003,2026-09-05 23:02:52,2026-09-05 23:23:52,21,5.1,6.25,paypal
TR2609050052251,CL108983,EN00213,trottinette,Lyon,ST1019,ST1002,2026-09-05 23:05:22,2026-09-05 23:10:22,5,1.49,2.1,cb
TR2609050052252,CL107816,EN00158,velo_elec,Lyon,ST1008,ST1017,05/09/2026 23:27,2026-09-05 23:33:55,6,1.99,2.5,cb
TR2609050052253,CL108084,EN00201,velo_elec,Lyon,ST1013,ST1007,,2026-09-05 23:41:36,17,3.4,5.25,abonnement
TR2609050052254,CL102244,EN00084,velo_elec,Lyon,ST1015,ST1007,2026-09-05 23:27:56,1788644216,9,2.84,3.25,abonnement
TR2609050052255,CL100984,EN00488,velo_elec,Lille,ST1035,ST1046,2026-09-05 23:29:59,,7,1.35,2.75,cb
TR2609050052256,CL103643,EN00417,trottinette,Lille,ST1047,ST1040,05/09/2026 23:18,2026-09-05 23:26:21,8,1.56,2.76,abonnement
TR2609050052257,CL102852,EN00238,velo_elec,Nantes,ST1030,ST1028,1788644150,2026-09-05 23:53:50,18,2.98,5.5,
TR2609050052258,CL102056,EN00261,trottinette,Nantes,ST1023,ST1021,2026-09-05 23:57:31,2026-09-06 00:11:31,14,3.91,4.08,paypal
TR2609050052259,CL104131,EN00488,velo_elec,Lille,ST1046,ST1047,05/09/2026 23:46,2026-09-05 23:57:31,11,3.36,3.75,cb
TR2609050052260,CL106794,EN00599,trottinette,Grenoble,ST1053,ST1050,2026-09-05 23:58:38,2026-09-06 00:11:38,13,4.26,3.86,paypal
