client_id,nom,prenom,email,telephone,date_naissance,ville_residence,abonnement,date_inscription,consentement_marketing
CL100000,Bernard,Lea,lea.bernard0@example.com,0699734224,1967-09-15,Lyon,mensuel,2025-04-09,
CL100001,Dubois,Adam,adam.dubois1@example.com,0683831393,1988-10-05,Nantes,etudiant,2025-04-30,non
CL100002,Laurent,Manon,manon.laurent2@example.com,0620160097,1995-06-08,Lyon,aucun,2025-10-22,oui
CL100003,Benali,Ines,ines.benali3@example.com,0685994901,1974-04-21,Grenoble,aucun,2026-08-20,non
CL100004,Petit,Ilyes,ilyes.petit4@example.com,0646056787,1980-09-13,Lyon,etudiant,2026-08-03,oui
CL100005,Simon,Manon,manon.simon5@example.com,0691389351,1982-06-29,Lyon,aucun,2026-03-10,
CL100006,Girard,Gabriel,gabriel.girard6@example.com,0628485245,1993-11-14,Lyon,mensuel,2026-01-25,non
CL100007,Girard,Lea,lea.girard7@example.com,0638770344,1971-09-27,Lyon,aucun,2025-05-23,oui
CL100008,Nguyen,Gabriel,gabriel.nguyen8@example.com,0658542948,1961-01-11,Nantes,annuel,2025-08-09,non
CL100009,Robert,Ines,ines.robert9@example.com,0696777951,1973-10-09,Lille,aucun,2026-06-21,
CL100010,Simon,Lea,lea.simon10@example.com,0639763228,1991-02-06,Lyon,aucun,2026-06-05,non
CL100011,Moreau,Ines,ines.moreau11@example.com,0684539884,1983-04-16,Lille,annuel,2025-05-14,
CL100012,Michel,Camille,camille.michel12@example.com,0646459668,1963-05-14,Nantes,etudiant,2025-10-23,
CL100013,Bernard,Louise,louise.bernard13@example.com,0667181907,1987-07-26,Lille,mensuel,2025-10-20,oui
CL100014,Moreau,Louise,louise.moreau14@example.com,0688297449,1990-10-07,Grenoble,aucun,2025-12-08,
CL100015,Robert,Ines,ines.robert15@example.com,0678606787,1962-09-18,Lille,etudiant,2026-02-22,non
CL100016,Robert,Amira,amira.robert16@example.com,0676566778,1966-07-10,Grenoble,aucun,2026-04-02,non
CL100017,Dubois,Ilyes,ilyes.dubois17@example.com,0632888322,1998-11-15,Lyon,entreprise,2025-03-14,oui
CL100018,Simon,Chloe,chloe.simon18@example.com,0683539296,1975-02-11,Lyon,entreprise,2026-09-18,oui
CL100019,Roux,Adam,adam.roux19@example.com,0693923216,1980-11-23,Lille,etudiant,2026-05-29,
CL100020,Nguyen,Lea,lea.nguyen20@example.com,0660839839,1983-03-09,Nantes,mensuel,2026-10-07,
CL100021,Robert,Ines,ines.robert21@example.com,0675760905,1986-08-22,Nantes,etudiant,2026-02-17,non
CL100022,Garcia,Karim,karim.garcia22@example.com,0665208401,1979-03-29,Lyon,aucun,2025-12-24,
CL100023,Moreau,Chloe,chloe.moreau23@example.com,0699196761,1991-06-09,Lille,annuel,2026-04-25,non
CL100024,Nguyen,Yanis,yanis.nguyen24@example.com,0677408011,1975-03-15,Lyon,aucun,2025-09-08,non
CL100025,Benali,Ilyes,ilyes.benali25@example.com,0619062807,1981-12-09,Nantes,mensuel,2025-09-21,non
CL100026,Bernard,Louise,louise.bernard26@example.com,0636823213,1966-03-25,Lyon,mensuel,2026-05-28,oui
CL100027,Bernard,Sofia,sofia.bernard27@example.com,0637446983,1994-05-27,Lyon,aucun,2026-01-15,
CL100028,Nguyen,Yanis,yanis.nguyen28@example.com,0675987525,1980-12-11,Nantes,entreprise,2026-02-09,
CL100029,Roux,Ilyes,ilyes.roux29@example.com,0673755776,1986-04-28,Lyon,aucun,2026-03-30,
CL100030,Moreau,Adam,adam.moreau30@example.com,0681248287,1968-07-26,Lyon,aucun,2026-07-07,non
CL100031,Robert,Manon,manon.robert31@example.com,0646900700,1969-06-28,Lyon,aucun,2026-01-27,
CL100032,Nguyen,Jade,jade.nguyen32@example.com,0695211653,1983-01-27,Nantes,mensuel,2026-07-06,
CL100033,Nguyen,Ilyes,ilyes.nguyen33@example.com,0620153280,1973-10-06,Grenoble,aucun,2025-10-16,oui
CL100034,Simon,Adam,adam.simon34@example.com,0659705482,1966-02-04,Grenoble,etudiant,2026-09-15,non
CL100035,Robert,Karim,karim.robert35@example.com,0640382713,1967-10-15,Lille,aucun,2025-03-14,non
CL100036,Bernard,Rayan,rayan.bernard36@example.com,0686686972,1994-12-15,Nantes,aucun,2025-08-11,non
CL100037,Robert,Jade,jade.robert37@example.com,0650239819,1997-03-19,Lyon,aucun,2025-06-04,
CL100038,Robert,Jade,jade.robert38@example.com,0695555490,1973-01-02,Lille,entreprise,2026-06-29,non
CL100039,Dubois,Ilyes,ilyes.dubois39@example.com,0653791439,2002-04-12,Nantes,aucun,2026-06-26,oui
CL100040,Roux,Sofia,sofia.roux40@example.com,0630089243,1961-01-24,Lille,annuel,2025-07-25,non
CL100041,Dubois,Gabriel,gabriel.dubois41@example.com,0620487460,1996-11-14,Lille,annuel,2026-04-02,oui
CL100042,Garcia,Ines,ines.garcia42@example.com,0682634138,1970-07-22,Lyon,etudiant,2025-04-30,oui
CL100043,Dubois,Karim,karim.dubois43@example.com,0616507542,1991-12-08,Lyon,mensuel,2026-04-12,non
CL100044,Girard,Ilyes,ilyes.girard44@example.com,0612639391,1974-07-05,Lyon,entreprise,2026-08-06,oui
CL100045,Martin,Yanis,yanis.martin45@example.com,0694274469,1961-08-15,Nantes,aucun,2026-03-30,non
CL100046,Garcia,Gabriel,gabriel.garcia46@example.com,0670329483,1994-05-11,Lyon,aucun,2025-11-29,
CL100047,Laurent,Mehdi,mehdi.laurent47@example.com,0616465420,2001-12-16,Lille,aucun,2026-02-15,non
CL100048,Durand,Yanis,yanis.durand48@example.com,0639511597,1970-07-31,Nantes,aucun,2025-03-01,non
CL100049,Girard,Camille,camille.girard49@example.com,0625347922,2000-10-24,Lille,aucun,2026-05-26,non
CL100050,Laurent,Manon,manon.laurent50@example.com,0654220787,1973-12-19,Nantes,aucun,2025-11-25,non
CL100051,Simon,Karim,karim.simon51@example.com,0651354828,1989-08-30,Lyon,mensuel,2026-09-30,non
CL100052,Moreau,Gabriel,gabriel.moreau52@example.com,0691702350,1998-04-29,Lyon,etudiant,2026-09-05,oui
CL100053,Bernard,Amira,amira.bernard53@example.com,0636004916,1991-11-26,Nantes,mensuel,2026-09-21,non
CL100054,Martin,Jade,jade.martin54@example.com,0697866859,1971-01-18,Nantes,aucun,2026-04-28,
CL100055,Garcia,Camille,camille.garcia55@example.com,0676313899,1983-05-28,Lille,aucun,2025-06-25,
CL100056,Moreau,Mehdi,mehdi.moreau56@example.com,0698783047,1981-03-26,Nantes,aucun,2025-10-31,
CL100057,Durand,Mehdi,mehdi.durand57@example.com,0656022566,1981-03-22,Lyon,aucun,2025-04-06,
CL100058,Moreau,Karim,karim.moreau58@example.com,0613569195,1982-06-17,Lyon,aucun,2026-03-29,oui
CL100059,Benali,Amira,amira.benali59@example.com,0640366343,1965-11-27,Nantes,etudiant,2026-01-30,oui
CL100060,Michel,Karim,karim.michel60@example.com,0640399197,1978-11-23,Lille,annuel,2025-11-29,oui
CL100061,Bernard,Noah,noah.bernard61@example.com,0648917718,1991-02-11,Lille,mensuel,2026-04-20,oui
CL100062,Petit,Louise,louise.petit62@example.com,0632560845,1975-01-20,Grenoble,aucun,2026-01-23,oui
CL100063,Fournier,Lea,lea.fournier63@example.com,0696731829,1975-03-08,Nantes,mensuel,2026-03-03,
CL100064,Girard,Sofia,sofia.girard64@example.com,0612826792,1976-04-22,Nantes,etudiant,2025-05-29,
CL100065,Roux,Chloe,chloe.roux65@example.com,0682408069,1994-12-27,Nantes,aucun,2025-10-11,oui
CL100066,Benali,Camille,camille.benali66@example.com,0673841628,1961-08-31,Lille,aucun,2025-05-28,non
CL100067,Nguyen,Manon,manon.nguyen67@example.com,0613841997,2002-03-09,Grenoble,aucun,2025-07-01,non
CL100068,Nguyen,Ines,ines.nguyen68@example.com,0661652688,1973-08-27,Grenoble,etudiant,2026-06-07,
CL100069,Nguyen,Rayan,rayan.nguyen69@example.com,0667856284,1982-08-14,Nantes,annuel,2025-06-30,non
CL100070,Girard,Amira,amira.girard70@example.com,0618384679,1968-06-26,Grenoble,etudiant,2025-09-12,non
CL100071,Girard,Manon,manon.girard71@example.com,0660846142,1961-12-09,Lyon,annuel,2025-11-09,non
CL100072,Simon,Manon,manon.simon72@example.com,0671604956,1972-06-18,Lyon,entreprise,2026-07-18,non
CL100073,Moreau,Jade,jade.moreau73@example.com,0694935332,1968-06-03,Nantes,annuel,2025-10-25,non
CL100074,Moreau,Ines,ines.moreau74@example.com,0611851082,2003-02-19,Lille,aucun,2026-04-08,oui
CL100075,Dubois,Mehdi,mehdi.dubois75@example.com,0626176424,1997-03-16,Nantes,etudiant,2025-10-03,oui
CL100076,Durand,Karim,karim.durand76@example.com,0617016658,1974-04-22,Lyon,annuel,2026-01-12,
CL100077,Roux,Noah,noah.roux77@example.com,0639110893,1968-02-04,Lyon,annuel,2026-07-06,oui
CL100078,Michel,Amira,amira.michel78@example.com,0645187115,1991-02-25,Grenoble,aucun,2025-05-26,non
CL100079,Girard,Rayan,rayan.girard79@example.com,0674422393,1975-10-03,Lyon,aucun,2026-07-22,
CL100080,Roux,Adam,adam.roux80@example.com,0656951455,1988-03-18,Lyon,entreprise,2026-05-14,non
CL100081,Benali,Noah,noah.benali81@example.com,0651609993,1993-10-04,Nantes,annuel,2025-04-11,oui
CL100082,Petit,Lea,lea.petit82@example.com,0617937558,1989-06-15,Lille,aucun,2025-09-07,non
CL100083,Moreau,Amira,amira.moreau83@example.com,0666166975,1980-01-15,Lille,aucun,2026-05-12,
CL100084,Dubois,Karim,karim.dubois84@example.com,0660700993,1986-08-16,Lille,annuel,2025-05-12,non
CL100085,Robert,Louise,louise.robert85@example.com,0686123753,1982-12-21,Lille,entreprise,2025-04-01,
CL100086,Nguyen,Jade,jade.nguyen86@example.com,0685972226,1990-12-22,Grenoble,etudiant,2025-12-22,
CL100087,Durand,Ines,ines.durand87@example.com,0628273739,1973-08-19,Lyon,mensuel,2025-03-11,oui
CL100088,Benali,Louise,louise.benali88@example.com,0625304867,2003-03-07,Lille,aucun,2026-09-13,oui
CL100089,Durand,Karim,karim.durand89@example.com,0665205756,1995-06-25,Grenoble,aucun,2026-03-03,oui
CL100090,Moreau,Ilyes,ilyes.moreau90@example.com,0690195848,1994-11-20,Grenoble,entreprise,2025-11-14,non
CL100091,Petit,Camille,camille.petit91@example.com,0656969062,1967-06-30,Lyon,mensuel,2026-07-03,non
CL100092,Girard,Rayan,rayan.girard92@example.com,0652143877,1969-08-31,Lyon,annuel,2025-04-17,non
CL100093,Bernard,Karim,karim.bernard93@example.com,0680884703,1995-07-05,Grenoble,entreprise,2025-05-28,
CL100094,Nguyen,Rayan,rayan.nguyen94@example.com,0655246432,1961-12-26,Lyon,annuel,2026-10-10,non
CL100095,Fournier,Noah,noah.fournier95@example.com,0632605920,2002-11-08,Lille,entreprise,2025-09-01,non
CL100096,Robert,Adam,adam.robert96@example.com,0698821896,1980-01-15,Lille,aucun,2026-09-17,
CL100097,Michel,Karim,karim.michel97@example.com,0655378650,1993-03-22,Lyon,annuel,2025-07-13,
CL100098,Garcia,Louise,louise.garcia98@example.com,0627131281,1965-12-19,Lyon,mensuel,2025-03-26,
CL100099,Laurent,Louise,louise.laurent99@example.com,0653939894,1963-10-14,Grenoble,mensuel,2026-05-07,oui
CL100100,Moreau,Louise,louise.moreau100@example.com,0648489002,1969-04-25,Nantes,etudiant,2025-08-07,oui
CL100101,Moreau,Ines,ines.moreau101@example.com,0690470436,1987-12-15,Lille,aucun,2025-06-11,
CL100102,Durand,Hugo,hugo.durand102@example.com,0620413721,2000-12-07,Lyon,mensuel,2025-04-27,oui
CL100103,Durand,Manon,manon.durand103@example.com,0648183625,1981-06-18,Nantes,aucun,2025-04-08,oui
CL100104,Bernard,Gabriel,gabriel.bernard104@example.com,0634457976,1998-11-29,Lille,mensuel,2026-06-08,non
CL100105,Michel,Amira,amira.michel105@example.com,0678002745,1983-11-21,Nantes,aucun,2025-05-15,oui
CL100106,Robert,Chloe,chloe.robert106@example.com,0615930625,1966-01-12,Grenoble,aucun,2025-09-27,oui
CL100107,Roux,Hugo,hugo.roux107@example.com,0645932411,2001-08-23,Nantes,etudiant,2025-05-23,oui
CL100108,Nguyen,Rayan,rayan.nguyen108@example.com,0667517567,1967-03-03,Grenoble,etudiant,2026-07-14,
CL100109,Bernard,Adam,adam.bernard109@example.com,0645894128,1975-10-07,Grenoble,aucun,2025-05-09,non
CL100110,Robert,Noah,noah.robert110@example.com,0645268027,1994-12-09,Lille,etudiant,2025-09-10,non
CL100111,Martin,Ines,ines.martin111@example.com,0614284423,1964-01-31,Grenoble,aucun,2025-04-21,
CL100112,Fournier,Ines,ines.fournier112@example.com,0667474878,1965-02-27,Lyon,aucun,2026-01-28,non
CL100113,Petit,Rayan,rayan.petit113@example.com,0683441091,1965-11-29,Lyon,etudiant,2026-07-19,
CL100114,Dubois,Yanis,yanis.dubois114@example.com,0643730945,1978-05-10,Lyon,mensuel,2025-07-10,non
CL100115,Petit,Gabriel,gabriel.petit115@example.com,0643599229,1985-09-18,Lyon,annuel,2026-09-17,oui
CL100116,Simon,Noah,noah.simon116@example.com,0661387040,1989-07-20,Grenoble,annuel,2025-04-15,oui
CL100117,Garcia,Adam,adam.garcia117@example.com,0696387180,2003-07-18,Nantes,mensuel,2025-07-18,non
CL100118,Fournier,Noah,noah.fournier118@example.com,0635249842,1969-02-19,Grenoble,aucun,2026-01-31,oui
CL100119,Bernard,Yanis,yanis.bernard119@example.com,0632764365,1985-07-10,Lyon,mensuel,2025-12-17,non
CL100120,Robert,Adam,adam.robert120@example.com,0647291571,1971-01-28,Lyon,aucun,2026-06-27,
CL100121,Petit,Karim,karim.petit121@example.com,0623932910,1960-08-18,Grenoble,mensuel,2025-11-05,
CL100122,Benali,Manon,manon.benali122@example.com,0685588247,1993-12-16,Nantes,etudiant,2026-04-12,oui
CL100123,Moreau,Manon,manon.moreau123@example.com,0617079037,1986-11-05,Grenoble,aucun,2025-06-29,
CL100124,Dubois,Noah,noah.dubois124@example.com,0625130433,1978-06-04,Nantes,annuel,2026-09-16,
CL100125,Simon,Manon,manon.simon125@example.com,0614711886,1964-10-17,Lille,etudiant,2026-06-16,oui
CL100126,Girard,Noah,noah.girard126@example.com,0624823438,1963-04-14,Grenoble,annuel,2025-06-27,non
CL100127,Simon,Mehdi,mehdi.simon127@example.com,0648083749,1975-09-19,Lyon,mensuel,2025-11-17,
CL100128,Garcia,Lea,lea.garcia128@example.com,0675564585,1962-05-31,Nantes,aucun,2025-03-30,
CL100129,Laurent,Mehdi,mehdi.laurent129@example.com,0689425804,1999-01-16,Grenoble,aucun,2026-01-10,
CL100130,Robert,Lea,lea.robert130@example.com,0689398219,1960-02-24,Nantes,aucun,2025-11-25,non
CL100131,Simon,Mehdi,mehdi.simon131@example.com,0688911670,1995-11-01,Nantes,aucun,2025-12-25,oui
CL100132,Dubois,Ilyes,ilyes.dubois132@example.com,0680293604,1961-01-10,Lyon,etudiant,2026-02-10,
CL100133,Dubois,Yanis,yanis.dubois133@example.com,0686011594,1964-08-30,Grenoble,annuel,2026-01-18,oui
CL100134,Bernard,Yanis,yanis.bernard134@example.com,0643177105,1988-10-21,Lyon,mensuel,2025-08-06,oui
CL100135,Michel,Jade,jade.michel135@example.com,0614381426,1993-08-23,Nantes,aucun,2026-03-08,oui
CL100136,Nguyen,Ilyes,ilyes.nguyen136@example.com,0670940483,1961-01-16,Lyon,aucun,2026-02-01,non
CL100137,Bernard,Sofia,sofia.bernard137@example.com,0618022617,1965-01-07,Grenoble,aucun,2026-05-27,non
CL100138,Bernard,Rayan,rayan.bernard138@example.com,0676929847,2002-04-19,Lyon,annuel,2025-03-13,
CL100139,Roux,Noah,noah.roux139@example.com,0638936976,1982-04-19,Lille,entreprise,2025-06-09,oui
CL100140,Benali,Noah,noah.benali140@example.com,0627839517,2000-04-17,Nantes,annuel,2025-08-20,oui
CL100141,Garcia,Ilyes,ilyes.garcia141@example.com,0688141324,1996-04-29,Nantes,mensuel,2025-04-27,non
CL100142,Petit,Gabriel,gabriel.petit142@example.com,0686292226,1992-01-12,Lyon,aucun,2025-09-10,oui
CL100143,Martin,Jade,jade.martin143@example.com,0610672709,1990-12-16,Lille,aucun,2025-11-30,
CL100144,Bernard,Louise,louise.bernard144@example.com,0694716008,1985-03-10,Lyon,mensuel,2026-02-01,
CL100145,Fournier,Jade,jade.fournier145@example.com,0614889452,2000-10-31,Nantes,aucun,2025-06-29,oui
CL100146,Simon,Adam,adam.simon146@example.com,0690919516,1992-06-24,Grenoble,aucun,2026-03-01,
CL100147,Nguyen,Hugo,hugo.nguyen147@example.com,0686996198,1986-02-21,Lyon,aucun,2026-10-01,non
CL100148,Michel,Hugo,hugo.michel148@example.com,0642641583,2001-05-18,Lyon,annuel,2026-07-24,non
CL100149,Garcia,Sofia,sofia.garcia149@example.com,0675015368,1974-07-09,Lille,entreprise,2025-04-17,
CL100150,Bernard,Yanis,yanis.bernard150@example.com,0683776752,1971-02-10,Lyon,aucun,2026-03-13,non
CL100151,Garcia,Rayan,rayan.garcia151@example.com,0630252788,1987-09-20,Grenoble,mensuel,2026-02-15,oui
CL100152,Benali,Karim,karim.benali152@example.com,0669747207,1968-10-13,Grenoble,aucun,2025-03-18,non
CL100153,Michel,Noah,noah.michel153@example.com,0638861935,1983-01-01,Lyon,mensuel,2025-12-04,
CL100154,Bernard,Lea,lea.bernard154@example.com,0635245484,1992-09-28,Lyon,annuel,2026-06-26,non
CL100155,Durand,Noah,noah.durand155@example.com,0630476546,1999-06-18,Grenoble,mensuel,2026-08-23,
CL100156,Girard,Manon,manon.girard156@example.com,0694401974,1993-04-11,Lille,aucun,2026-03-23,oui
CL100157,Roux,Ilyes,ilyes.roux157@example.com,0649020786,1979-04-29,Lille,annuel,2026-07-27,non
CL100158,Petit,Amira,amira.petit158@example.com,0624688675,1969-05-12,Lyon,aucun,2025-06-24,non
CL100159,Fournier,Amira,amira.fournier159@example.com,0655522829,1960-04-17,Lyon,aucun,2026-02-01,oui
CL100160,Bernard,Amira,amira.bernard160@example.com,0639901920,1970-10-06,Lille,mensuel,2026-04-06,non
CL100161,Fournier,Jade,jade.fournier161@example.com,0651785524,1984-09-24,Lyon,mensuel,2026-05-09,
CL100162,Moreau,Manon,manon.moreau162@example.com,0648310002,1998-01-03,Lyon,mensuel,2026-03-07,non
CL100163,Moreau,Yanis,yanis.moreau163@example.com,0644022153,1986-05-12,Nantes,etudiant,2025-04-07,oui
CL100164,Nguyen,Jade,jade.nguyen164@example.com,0630352015,1992-10-01,Grenoble,mensuel,2025-05-17,oui
CL100165,Nguyen,Noah,noah.nguyen165@example.com,0682050361,1974-01-19,Lille,aucun,2025-04-17,non
CL100166,Simon,Adam,adam.simon166@example.com,0693595829,1965-04-20,Nantes,aucun,2026-08-24,non
CL100167,Durand,Manon,manon.durand167@example.com,0628381280,1994-08-16,Nantes,etudiant,2026-02-04,
CL100168,Moreau,Chloe,chloe.moreau168@example.com,0634166398,1966-04-21,Grenoble,mensuel,2025-10-06,oui
CL100169,Garcia,Yanis,yanis.garcia169@example.com,0623492692,1989-09-10,Lyon,mensuel,2025-03-12,
CL100170,Benali,Sofia,sofia.benali170@example.com,0675196702,1998-06-09,Lyon,etudiant,2025-05-25,non
CL100171,Dubois,Adam,adam.dubois171@example.com,0646259874,1999-09-19,Lyon,mensuel,2025-10-26,non
CL100172,Garcia,Jade,jade.garcia172@example.com,0686572325,1977-02-19,Lyon,aucun,2026-05-04,oui
CL100173,Roux,Yanis,yanis.roux173@example.com,0653553160,2000-01-15,Lyon,mensuel,2026-07-28,non
CL100174,Petit,Louise,louise.petit174@example.com,0627797732,1969-11-08,Lille,mensuel,2025-06-11,non
CL100175,Garcia,Adam,adam.garcia175@example.com,0680270148,1985-09-05,Nantes,aucun,2026-01-02,
CL100176,Martin,Manon,manon.martin176@example.com,0671214383,2000-10-30,Grenoble,aucun,2026-03-05,oui
CL100177,Laurent,Ilyes,ilyes.laurent177@example.com,0662100850,1995-10-04,Nantes,aucun,2026-06-10,
CL100178,Bernard,Mehdi,mehdi.bernard178@example.com,0616803677,1979-01-17,Lyon,mensuel,2026-02-24,
CL100179,Michel,Hugo,hugo.michel179@example.com,0678625379,1976-02-08,Lyon,etudiant,2026-08-23,oui
CL100180,Dubois,Chloe,chloe.dubois180@example.com,0628438549,1961-05-16,Grenoble,annuel,2025-05-16,
CL100181,Dubois,Karim,karim.dubois181@example.com,0624040314,1961-02-22,Lyon,annuel,2025-12-03,
CL100182,Bernard,Camille,camille.bernard182@example.com,0672869827,1974-08-14,Lille,aucun,2025-08-07,
CL100183,Martin,Rayan,rayan.martin183@example.com,0697727492,1985-05-20,Lyon,aucun,2025-03-12,
CL100184,Michel,Camille,camille.michel184@example.com,0616552220,1974-07-28,Nantes,aucun,2025-12-17,
CL100185,Fournier,Chloe,chloe.fournier185@example.com,0612599620,1981-10-14,Grenoble,aucun,2026-10-20,non
CL100186,Fournier,Louise,louise.fournier186@example.com,0670826423,1996-08-13,Lille,annuel,2025-06-19,
CL100187,Roux,Louise,louise.roux187@example.com,0643175552,1992-12-17,Lille,annuel,2025-12-03,non
CL100188,Martin,Rayan,rayan.martin188@example.com,0630491206,1975-04-08,Lyon,aucun,2025-09-08,oui
CL100189,Nguyen,Noah,noah.nguyen189@example.com,0695437115,1993-11-17,Lyon,aucun,2025-12-06,non
CL100190,Petit,Mehdi,mehdi.petit190@example.com,0611116411,1972-08-21,Lyon,aucun,2026-05-05,
CL100191,Martin,Karim,karim.martin191@example.com,0620103863,1993-06-21,Lyon,aucun,2026-02-11,non
CL100192,Benali,Mehdi,mehdi.benali192@example.com,0695936868,1990-07-10,Grenoble,annuel,2026-07-28,non
CL100193,Bernard,Louise,louise.bernard193@example.com,0633707257,1996-02-11,Nantes,aucun,2026-05-01,
CL100194,Dubois,Louise,louise.dubois194@example.com,0695842058,1979-02-03,Grenoble,entreprise,2026-03-18,
CL100195,Martin,Hugo,hugo.martin195@example.com,0640567063,1961-12-30,Grenoble,aucun,2025-05-27,
CL100196,Garcia,Karim,karim.garcia196@example.com,0622361851,1961-10-28,Lyon,aucun,2026-04-26,non
CL100197,Fournier,Mehdi,mehdi.fournier197@example.com,0654883018,1984-06-28,Lyon,annuel,2026-04-05,oui
CL100198,Nguyen,Gabriel,gabriel.nguyen198@example.com,0636658843,1995-10-05,Lyon,aucun,2025-07-23,non
CL100199,Garcia,Chloe,chloe.garcia199@example.com,0636756457,1984-09-13,Lyon,aucun,2026-04-20,oui
CL100200,Benali,Louise,louise.benali200@example.com,0664519682,1989-03-08,Lille,aucun,2025-12-03,oui
CL100201,Simon,Noah,noah.simon201@example.com,0678688163,1978-06-08,Lille,entreprise,2025-09-02,non
CL100202,Roux,Lea,lea.roux202@example.com,0672418109,1972-02-18,Lyon,mensuel,2025-04-02,oui
CL100203,Nguyen,Adam,adam.nguyen203@example.com,0617374074,1978-05-19,Lille,aucun,2025-06-25,
CL100204,Laurent,Yanis,yanis.laurent204@example.com,0633308394,1982-05-20,Grenoble,mensuel,2026-06-30,oui
CL100205,Laurent,Louise,louise.laurent205@example.com,0698533498,1967-08-26,Grenoble,entreprise,2026-08-14,
CL100206,Girard,Ines,ines.girard206@example.com,0672929484,1961-08-02,Lyon,annuel,2025-11-26,oui
CL100207,Bernard,Karim,karim.bernard207@example.com,0659170823,1981-12-15,Grenoble,aucun,2025-03-21,
CL100208,Garcia,Lea,lea.garcia208@example.com,0610368386,1982-03-31,Lyon,annuel,2026-10-04,oui
CL100209,Robert,Rayan,rayan.robert209@example.com,0625546220,1969-02-13,Grenoble,mensuel,2025-04-10,
CL100210,Roux,Yanis,yanis.roux210@example.com,0675036854,1998-01-28,Grenoble,etudiant,2026-07-10,oui
CL100211,Girard,Hugo,hugo.girard211@example.com,0683738980,1968-11-23,Lyon,mensuel,2026-09-15,non
CL100212,Moreau,Camille,camille.moreau212@example.com,0644162257,1990-04-23,Lyon,aucun,2025-12-17,oui
CL100213,Michel,Manon,manon.michel213@example.com,0618832345,1983-10-10,Nantes,annuel,2026-03-03,
CL100214,Michel,Adam,adam.michel214@example.com,0666559866,1969-05-27,Lyon,aucun,2025-07-29,non
CL100215,Durand,Karim,karim.durand215@example.com,0667136928,1967-11-10,Nantes,aucun,2026-07-16,non
CL100216,Simon,Louise,louise.simon216@example.com,0667008428,1994-09-21,Lyon,aucun,2025-09-05,
CL100217,Roux,Adam,adam.roux217@example.com,0675722160,1988-01-10,Lyon,aucun,2025-10-17,non
CL100218,Dubois,Adam,adam.dubois218@example.com,0677178429,1971-07-30,Grenoble,etudiant,2026-02-13,non
CL100219,Girard,Louise,louise.girard219@example.com,0613464973,1992-12-08,Nantes,mensuel,2025-08-01,
CL100220,Durand,Adam,adam.durand220@example.com,0636353425,1968-05-27,Grenoble,aucun,2026-05-05,non
CL100221,Garcia,Camille,camille.garcia221@example.com,0644817564,1969-11-19,Lille,aucun,2026-01-26,oui
CL100222,Durand,Noah,noah.durand222@example.com,0611018829,1965-02-17,Grenoble,annuel,2025-06-20,oui
CL100223,Moreau,Louise,louise.moreau223@example.com,0631517686,1990-11-13,Lyon,aucun,2026-01-20,non
CL100224,Moreau,Manon,manon.moreau224@example.com,0697566806,1968-06-04,Grenoble,mensuel,2025-07-25,oui
CL100225,Laurent,Adam,adam.laurent225@example.com,0675554163,1981-05-07,Lyon,entreprise,2026-03-19,oui
CL100226,Durand,Lea,lea.durand226@example.com,0634030978,1982-07-11,Lyon,aucun,2026-07-31,non
CL100227,Bernard,Mehdi,mehdi.bernard227@example.com,0671391113,1995-08-25,Lille,aucun,2026-05-20,
CL100228,Durand,Manon,manon.durand228@example.com,0640474354,1986-01-22,Lyon,aucun,2026-10-08,oui
CL100229,Garcia,Mehdi,mehdi.garcia229@example.com,0653955113,1990-07-16,Lyon,mensuel,2026-09-10,non
CL100230,Simon,Gabriel,gabriel.simon230@example.com,0642891857,1969-07-28,Nantes,aucun,2026-10-18,oui
CL100231,Michel,Chloe,chloe.michel231@example.com,0623331072,2002-01-20,Nantes,etudiant,2026-01-12,oui
CL100232,Durand,Jade,jade.durand232@example.com,0611697479,1979-12-08,Nantes,mensuel,2026-04-02,non
CL100233,Bernard,Ines,ines.bernard233@example.com,0649709880,1983-09-09,Nantes,annuel,2025-06-01,non
CL100234,Simon,Mehdi,mehdi.simon234@example.com,0615124660,1995-08-02,Grenoble,etudiant,2025-12-16,non
CL100235,Girard,Yanis,yanis.girard235@example.com,0659575924,1972-06-14,Lyon,mensuel,2026-07-21,oui
CL100236,Laurent,Gabriel,gabriel.laurent236@example.com,0624330054,1995-05-15,Nantes,aucun,2026-05-26,non
CL100237,Robert,Noah,noah.robert237@example.com,0655327163,1962-05-12,Lille,mensuel,2025-08-20,oui
CL100238,Moreau,Rayan,rayan.moreau238@example.com,0623522480,1962-11-14,Lyon,aucun,2025-11-20,
CL100239,Garcia,Ilyes,ilyes.garcia239@example.com,0687451889,1993-10-06,Lille,mensuel,2026-09-03,oui
CL100240,Michel,Hugo,hugo.michel240@example.com,0669799670,2003-09-17,Lyon,aucun,2026-09-16,non
CL100241,Moreau,Louise,louise.moreau241@example.com,0632175769,1986-08-16,Lille,aucun,2025-11-15,non
CL100242,Laurent,Manon,manon.laurent242@example.com,0675091495,1960-03-20,Lyon,aucun,2026-03-27,oui
CL100243,Robert,Camille,camille.robert243@example.com,0637550853,1985-05-14,Lille,aucun,2025-06-12,oui
CL100244,Petit,Rayan,rayan.petit244@example.com,0695884905,1975-06-19,Grenoble,aucun,2026-06-24,
CL100245,Petit,Rayan,rayan.petit245@example.com,0661523087,1988-11-24,Lille,entreprise,2026-04-19,
CL100246,Fournier,Amira,amira.fournier246@example.com,0651730403,1997-11-30,Nantes,etudiant,2025-04-29,non
CL100247,Dubois,Ines,ines.dubois247@example.com,0643140820,1999-06-07,Lyon,aucun,2026-05-23,
CL100248,Robert,Louise,louise.robert248@example.com,0699390574,1976-11-25,Lyon,mensuel,2026-08-02,non
CL100249,Nguyen,Louise,louise.nguyen249@example.com,0662804654,2000-01-02,Lille,mensuel,2026-05-24,non
CL100250,Simon,Rayan,rayan.simon250@example.com,0645220092,1982-09-15,Nantes,aucun,2025-09-25,
CL100251,Roux,Rayan,rayan.roux251@example.com,0620109064,1989-01-20,Nantes,etudiant,2025-10-24,non
CL100252,Michel,Ilyes,ilyes.michel252@example.com,0666824364,1971-06-04,Lyon,entreprise,2025-09-24,oui
CL100253,Laurent,Ilyes,ilyes.laurent253@example.com,0613693009,1970-12-31,Lyon,mensuel,2026-01-08,oui
CL100254,Laurent,Karim,karim.laurent254@example.com,0657474932,2001-08-01,Nantes,mensuel,2025-08-11,oui
CL100255,Robert,Karim,karim.robert255@example.com,0613780082,1962-11-07,Lille,aucun,2025-08-22,non
CL100256,Moreau,Camille,camille.moreau256@example.com,0615115533,1991-06-01,Grenoble,aucun,2025-05-14,
CL100257,Girard,Chloe,chloe.girard257@example.com,0665961985,1987-01-17,Lyon,aucun,2025-09-19,
CL100258,Moreau,Hugo,hugo.moreau258@example.com,0655159839,1973-11-13,Nantes,mensuel,2025-04-06,
CL100259,Fournier,Mehdi,mehdi.fournier259@example.com,0632924358,1998-05-19,Lyon,etudiant,2026-01-02,non
CL100260,Robert,Karim,karim.robert260@example.com,0628745343,1988-09-02,Nantes,annuel,2026-04-07,oui
CL100261,Robert,Sofia,sofia.robert261@example.com,0614613548,1967-02-21,Grenoble,annuel,2026-08-07,non
CL100262,Roux,Mehdi,mehdi.roux262@example.com,0621684349,1961-01-24,Nantes,aucun,2025-11-06,oui
CL100263,Simon,Manon,manon.simon263@example.com,0682973423,1987-12-27,Lyon,etudiant,2026-01-16,non
CL100264,Michel,Noah,noah.michel264@example.com,0665335731,1989-11-05,Nantes,aucun,2026-07-30,oui
CL100265,Simon,Adam,adam.simon265@example.com,0641460572,1997-01-27,Nantes,aucun,2026-01-08,
CL100266,Fournier,Karim,karim.fournier266@example.com,0697731100,1990-03-13,Lille,aucun,2025-12-12,
CL100267,Garcia,Lea,lea.garcia267@example.com,0679626209,1996-12-19,Grenoble,annuel,2026-09-24,oui
CL100268,Fournier,Camille,camille.fournier268@example.com,0640066818,1990-06-24,Nantes,annuel,2025-06-28,oui
CL100269,Petit,Amira,amira.petit269@example.com,0693615772,1991-09-30,Lille,aucun,2026-03-14,non
CL100270,Laurent,Louise,louise.laurent270@example.com,0635685810,1976-06-05,Grenoble,aucun,2026-04-30,oui
CL100271,Benali,Camille,camille.benali271@example.com,0637420831,1997-12-19,Grenoble,aucun,2025-11-17,non
CL100272,Girard,Sofia,sofia.girard272@example.com,0617424463,1966-02-17,Lille,aucun,2025-08-08,non
CL100273,Moreau,Mehdi,mehdi.moreau273@example.com,0683213424,1998-02-01,Lyon,etudiant,2026-01-23,oui
CL100274,Petit,Louise,louise.petit274@example.com,0678748326,1979-02-03,Lyon,aucun,2025-08-16,
CL100275,Michel,Mehdi,mehdi.michel275@example.com,0634625190,1986-01-05,Grenoble,mensuel,2026-07-05,oui
CL100276,Moreau,Rayan,rayan.moreau276@example.com,0668120816,1978-12-23,Lyon,annuel,2025-03-13,oui
CL100277,Durand,Sofia,sofia.durand277@example.com,0614601482,1961-08-14,Lille,mensuel,2026-07-07,
CL100278,Garcia,Lea,lea.garcia278@example.com,0650177425,1981-07-12,Nantes,aucun,2025-12-26,oui
CL100279,Martin,Lea,lea.martin279@example.com,0635529793,1980-12-28,Nantes,aucun,2026-06-28,oui
CL100280,Benali,Sofia,sofia.benali280@example.com,0618712362,2003-04-27,Lyon,etudiant,2025-04-13,
CL100281,Benali,Noah,noah.benali281@example.com,0626593728,1995-08-28,Lyon,mensuel,2026-04-23,
CL100282,Roux,Jade,jade.roux282@example.com,0698703987,1999-06-29,Grenoble,aucun,2026-04-24,oui
CL100283,Benali,Chloe,chloe.benali283@example.com,0629408215,1975-08-17,Lyon,aucun,2026-09-04,non
CL100284,Martin,Rayan,rayan.martin284@example.com,0641052622,1982-02-12,Lyon,mensuel,2026-02-05,oui
CL100285,Dubois,Mehdi,mehdi.dubois285@example.com,0611679635,1976-05-10,Nantes,annuel,2025-09-15,non
CL100286,Nguyen,Lea,lea.nguyen286@example.com,0616137482,1971-01-30,Grenoble,aucun,2025-07-29,non
CL100287,Petit,Rayan,rayan.petit287@example.com,0675322080,1987-12-31,Nantes,aucun,2025-04-25,
CL100288,Benali,Gabriel,gabriel.benali288@example.com,0662810346,1996-06-23,Grenoble,etudiant,2025-09-15,non
CL100289,Roux,Gabriel,gabriel.roux289@example.com,0676854863,1984-03-07,Grenoble,mensuel,2025-07-31,
CL100290,Petit,Manon,manon.petit290@example.com,0646705909,1993-03-14,Lyon,aucun,2025-12-02,
CL100291,Michel,Jade,jade.michel291@example.com,0617006040,1988-05-04,Nantes,etudiant,2025-12-28,oui
CL100292,Robert,Ilyes,ilyes.robert292@example.com,0656168396,1994-09-24,Lyon,mensuel,2025-09-05,non
CL100293,Durand,Chloe,chloe.durand293@example.com,0659410256,1976-01-30,Lyon,aucun,2026-05-28,oui
CL100294,Simon,Karim,karim.simon294@example.com,0612629127,1990-02-14,Lyon,aucun,2025-12-25,
CL100295,Bernard,Ilyes,ilyes.bernard295@example.com,0695472520,1982-04-18,Lyon,aucun,2026-10-14,non
CL100296,Dubois,Ilyes,ilyes.dubois296@example.com,0652987062,1995-01-16,Lyon,mensuel,2025-03-14,oui
CL100297,Dubois,Karim,karim.dubois297@example.com,0651690547,1964-07-12,Lille,mensuel,2026-10-03,
CL100298,Dubois,Yanis,yanis.dubois298@example.com,0645016401,1971-08-23,Nantes,aucun,2026-03-01,oui
CL100299,Simon,Hugo,hugo.simon299@example.com,0625895049,1978-09-08,Nantes,aucun,2026-06-17,oui
CL100300,Laurent,Mehdi,mehdi.laurent300@example.com,0688455200,1993-12-01,Grenoble,mensuel,2026-09-19,
CL100301,Petit,Mehdi,mehdi.petit301@example.com,0683007632,1974-06-12,Grenoble,etudiant,2026-05-25,oui
CL100302,Michel,Gabriel,gabriel.michel302@example.com,0676381624,1990-06-21,Lyon,aucun,2026-05-20,non
CL100303,Laurent,Ilyes,ilyes.laurent303@example.com,0627774452,1971-09-17,Lyon,aucun,2026-03-10,non
CL100304,Bernard,Ines,ines.bernard304@example.com,0647493735,2001-04-07,Lille,aucun,2025-08-30,
CL100305,Benali,Karim,karim.benali305@example.com,0656591525,1965-06-02,Lyon,mensuel,2026-06-29,
CL100306,Nguyen,Louise,louise.nguyen306@example.com,0633751089,1981-03-01,Nantes,aucun,2026-10-04,oui
CL100307,Petit,Sofia,sofia.petit307@example.com,0666350656,1986-11-16,Grenoble,aucun,2026-09-05,oui
CL100308,Martin,Gabriel,gabriel.martin308@example.com,0680393656,1973-09-10,Nantes,etudiant,2025-10-11,
CL100309,Laurent,Amira,amira.laurent309@example.com,0699076640,1991-11-25,Lille,etudiant,2026-03-13,non
CL100310,Michel,Rayan,rayan.michel310@example.com,0639268512,1965-07-21,Lyon,etudiant,2026-02-03,
CL100311,Durand,Yanis,yanis.durand311@example.com,0627615082,1965-10-17,Nantes,mensuel,2026-05-30,
CL100312,Fournier,Amira,amira.fournier312@example.com,0656120258,1978-03-14,Grenoble,aucun,2026-03-12,non
CL100313,Durand,Amira,amira.durand313@example.com,0631833886,1990-07-24,Lille,mensuel,2026-06-15,oui
CL100314,Benali,Lea,lea.benali314@example.com,0679396708,1988-12-06,Grenoble,etudiant,2025-05-08,oui
CL100315,Bernard,Gabriel,gabriel.bernard315@example.com,0630759769,1997-12-12,Nantes,aucun,2025-09-20,non
CL100316,Benali,Noah,noah.benali316@example.com,0674624396,1976-12-31,Nantes,aucun,2026-03-29,non
CL100317,Bernard,Camille,camille.bernard317@example.com,0621185433,1983-09-22,Lyon,mensuel,2026-03-20,
CL100318,Dubois,Mehdi,mehdi.dubois318@example.com,0625155105,1985-06-23,Lyon,entreprise,2025-08-31,non
CL100319,Dubois,Jade,jade.dubois319@example.com,0694350799,1975-04-02,Lyon,annuel,2025-10-06,oui
CL100320,Benali,Gabriel,gabriel.benali320@example.com,0624615821,1981-03-01,Nantes,aucun,2026-04-12,oui
CL100321,Bernard,Yanis,yanis.bernard321@example.com,0661883850,1979-04-08,Lyon,annuel,2025-11-10,non
CL100322,Garcia,Manon,manon.garcia322@example.com,0620601171,1996-11-07,Lyon,mensuel,2025-08-09,oui
CL100323,Martin,Jade,jade.martin323@example.com,0627646462,1971-03-07,Lyon,annuel,2025-04-18,
CL100324,Michel,Amira,amira.michel324@example.com,0612097219,1981-02-23,Lyon,mensuel,2026-06-30,oui
CL100325,Petit,Chloe,chloe.petit325@example.com,0685365437,1996-03-14,Lyon,mensuel,2025-09-27,
CL100326,Moreau,Karim,karim.moreau326@example.com,0641617574,1963-09-14,Lyon,mensuel,2025-03-20,oui
CL100327,Simon,Jade,jade.simon327@example.com,0611646127,1972-08-28,Grenoble,aucun,2026-04-20,non
CL100328,Roux,Hugo,hugo.roux328@example.com,0646023654,1992-12-18,Nantes,mensuel,2026-07-09,non
CL100329,Martin,Chloe,chloe.martin329@example.com,0656993047,1980-07-12,Nantes,etudiant,2025-06-23,
CL100330,Bernard,Yanis,yanis.bernard330@example.com,0636560902,1973-11-20,Nantes,mensuel,2026-05-15,
CL100331,Roux,Sofia,sofia.roux331@example.com,0666551226,1988-10-31,Nantes,aucun,2026-02-17,oui
CL100332,Garcia,Karim,karim.garcia332@example.com,0613607833,1992-01-15,Nantes,aucun,2025-08-24,oui
CL100333,Petit,Ines,ines.petit333@example.com,0649048794,1969-02-07,Lille,etudiant,2026-04-16,non
CL100334,Garcia,Louise,louise.garcia334@example.com,0637396704,1981-04-19,Lyon,mensuel,2026-07-07,oui
CL100335,Petit,Mehdi,mehdi.petit335@example.com,0615353340,1973-12-19,Nantes,mensuel,2026-05-26,non
CL100336,Martin,Hugo,hugo.martin336@example.com,0638756707,1985-12-04,Grenoble,mensuel,2026-07-17,oui
CL100337,Fournier,Louise,louise.fournier337@example.com,0636287510,1980-06-02,Grenoble,entreprise,2025-10-29,non
CL100338,Garcia,Chloe,chloe.garcia338@example.com,0638939354,1960-11-29,Lyon,aucun,2026-06-30,oui
CL100339,Durand,Yanis,yanis.durand339@example.com,0628296440,1996-04-11,Nantes,aucun,2025-03-09,oui
CL100340,Dubois,Manon,manon.dubois340@example.com,0676492102,1990-01-21,Lyon,aucun,2026-02-26,non
CL100341,Laurent,Chloe,chloe.laurent341@example.com,0679029526,1993-12-18,Grenoble,aucun,2025-03-14,oui
CL100342,Petit,Lea,lea.petit342@example.com,0659591825,2002-10-29,Grenoble,etudiant,2026-05-21,
CL100343,Laurent,Gabriel,gabriel.laurent343@example.com,0613644517,2002-03-17,Nantes,mensuel,2026-08-08,
CL100344,Michel,Ines,ines.michel344@example.com,0628131548,1965-08-04,Lyon,aucun,2026-04-13,oui
CL100345,Durand,Manon,manon.durand345@example.com,0642332623,1964-10-16,Lille,aucun,2026-10-21,
CL100346,Bernard,Louise,louise.bernard346@example.com,0673606160,1970-05-17,Nantes,aucun,2026-04-11,oui
CL100347,Girard,Amira,amira.girard347@example.com,0666577674,1980-12-06,Lille,aucun,2026-03-13,
CL100348,Girard,Yanis,yanis.girard348@example.com,0622845117,1982-04-09,Lille,aucun,2025-05-13,oui
CL100349,Nguyen,Manon,manon.nguyen349@example.com,0675480926,1997-04-26,Nantes,aucun,2025-06-08,oui
CL100350,Roux,Gabriel,gabriel.roux350@example.com,0699213941,1964-05-30,Lyon,annuel,2025-08-07,
CL100351,Girard,Louise,louise.girard351@example.com,0654089878,1994-02-20,Lyon,mensuel,2026-07-13,
CL100352,Petit,Gabriel,gabriel.petit352@example.com,0626882524,1985-09-03,Lille,etudiant,2026-06-27,non
CL100353,Nguyen,Karim,karim.nguyen353@example.com,0627149147,1984-12-17,Nantes,aucun,2026-04-09,oui
CL100354,Garcia,Yanis,yanis.garcia354@example.com,0643160501,1971-04-18,Lyon,aucun,2025-06-18,
CL100355,Robert,Lea,lea.robert355@example.com,0695764148,1963-04-18,Lyon,annuel,2025-10-31,non
CL100356,Benali,Camille,camille.benali356@example.com,0636965516,1997-09-27,Lille,entreprise,2025-09-08,oui
CL100357,Martin,Sofia,sofia.martin357@example.com,0681041009,1962-01-17,Lille,mensuel,2025-09-30,oui
CL100358,Laurent,Sofia,sofia.laurent358@example.com,0618390899,1988-01-05,Lille,annuel,2025-04-07,non
CL100359,Simon,Louise,louise.simon359@example.com,0615759840,1964-03-30,Nantes,mensuel,2026-01-20,
CL100360,Martin,Karim,karim.martin360@example.com,0632279652,1997-03-24,Lille,annuel,2025-12-09,oui
CL100361,Michel,Camille,camille.michel361@example.com,0688243301,1968-01-19,Lille,aucun,2026-09-15,
CL100362,Benali,Chloe,chloe.benali362@example.com,0668235366,1980-08-01,Nantes,aucun,2026-05-17,oui
CL100363,Fournier,Lea,lea.fournier363@example.com,0647182440,1984-07-14,Grenoble,annuel,2025-07-07,
CL100364,Martin,Karim,karim.martin364@example.com,0616668305,1976-01-25,Lille,entreprise,2026-05-17,non
CL100365,Martin,Amira,amira.martin365@example.com,0677244929,1976-07-20,Lyon,aucun,2026-01-05,
CL100366,Garcia,Noah,noah.garcia366@example.com,0638282936,2001-08-12,Lille,aucun,2026-09-13,
CL100367,Nguyen,Rayan,rayan.nguyen367@example.com,0620838613,2003-01-01,Grenoble,aucun,2025-11-05,
CL100368,Durand,Rayan,rayan.durand368@example.com,0613315130,2001-01-02,Nantes,etudiant,2026-05-17,non
CL100369,Simon,Louise,louise.simon369@example.com,0671903367,1967-11-13,Nantes,aucun,2025-09-24,
CL100370,Martin,Ilyes,ilyes.martin370@example.com,0661049520,1960-09-27,Nantes,aucun,2025-05-05,
CL100371,Petit,Rayan,rayan.petit371@example.com,0652547504,1993-04-10,Lille,aucun,2026-01-25,
CL100372,Simon,Lea,lea.simon372@example.com,0673350502,1992-09-15,Grenoble,aucun,2025-12-28,oui
CL100373,Fournier,Gabriel,gabriel.fournier373@example.com,0670882638,1998-09-01,Nantes,mensuel,2025-10-04,
CL100374,Bernard,Manon,manon.bernard374@example.com,0698432760,1969-05-14,Lyon,aucun,2026-04-17,
CL100375,Martin,Noah,noah.martin375@example.com,0694727570,1996-08-19,Nantes,etudiant,2026-01-20,
CL100376,Nguyen,Chloe,chloe.nguyen376@example.com,0681260289,1995-04-09,Lyon,aucun,2026-03-09,
CL100377,Bernard,Hugo,hugo.bernard377@example.com,0658198855,1967-11-10,Grenoble,aucun,2026-06-21,
CL100378,Simon,Yanis,yanis.simon378@example.com,0614712066,1966-11-13,Nantes,annuel,2025-11-22,non
CL100379,Michel,Manon,manon.michel379@example.com,0624934184,1973-06-06,Lille,aucun,2026-02-08,non
CL100380,Bernard,Jade,jade.bernard380@example.com,0643288452,1968-08-16,Lyon,annuel,2025-09-16,
CL100381,Moreau,Adam,adam.moreau381@example.com,0633674269,1979-07-31,Lille,aucun,2026-06-02,non
CL100382,Nguyen,Amira,amira.nguyen382@example.com,0694235018,1970-10-04,Nantes,annuel,2025-06-28,oui
CL100383,Roux,Jade,jade.roux383@example.com,0630771934,1965-07-14,Nantes,etudiant,2026-05-21,non
CL100384,Simon,Ines,ines.simon384@example.com,0650946841,1988-07-24,Nantes,mensuel,2026-01-31,
CL100385,Fournier,Chloe,chloe.fournier385@example.com,0691660252,1963-06-02,Lyon,mensuel,2025-10-07,non
CL100386,Girard,Manon,manon.girard386@example.com,0670882629,1984-07-18,Lyon,annuel,2025-11-30,
CL100387,Simon,Karim,karim.simon387@example.com,0614122185,1981-01-13,Lyon,aucun,2025-05-30,oui
CL100388,Bernard,Adam,adam.bernard388@example.com,0683496644,1995-03-18,Lille,etudiant,2025-06-22,non
CL100389,Michel,Yanis,yanis.michel389@example.com,0699739437,1996-03-19,Lyon,annuel,2026-05-09,oui
CL100390,Michel,Ines,ines.michel390@example.com,0650760041,1995-07-23,Lille,etudiant,2025-05-23,non
CL100391,Durand,Jade,jade.durand391@example.com,0641535627,1988-12-06,Lyon,mensuel,2026-07-02,non
CL100392,Garcia,Ilyes,ilyes.garcia392@example.com,0675663753,1982-07-13,Grenoble,annuel,2026-10-21,non
CL100393,Durand,Ines,ines.durand393@example.com,0690405021,1992-06-12,Nantes,aucun,2025-12-28,oui
CL100394,Girard,Chloe,chloe.girard394@example.com,0619488111,1976-07-17,Lyon,mensuel,2025-06-20,non
CL100395,Robert,Sofia,sofia.robert395@example.com,0648138944,1989-02-23,Nantes,etudiant,2026-03-08,non
CL100396,Benali,Yanis,yanis.benali396@example.com,0696813293,1992-02-09,Nantes,aucun,2025-06-25,oui
CL100397,Dubois,Gabriel,gabriel.dubois397@example.com,0697155442,1970-06-27,Lille,mensuel,2025-04-22,
CL100398,Dubois,Yanis,yanis.dubois398@example.com,0631262261,1975-03-17,Nantes,entreprise,2026-01-02,
CL100399,Garcia,Chloe,chloe.garcia399@example.com,0618761621,1990-05-04,Lille,mensuel,2026-02-11,non
CL100400,Roux,Adam,adam.roux400@example.com,0698320485,1982-03-13,Lille,annuel,2025-04-01,
CL100401,Robert,Adam,adam.robert401@example.com,0619010120,1985-09-10,Nantes,mensuel,2025-12-04,
CL100402,Laurent,Hugo,hugo.laurent402@example.com,0652479936,1975-11-17,Lyon,aucun,2025-12-19,non
CL100403,Bernard,Ilyes,ilyes.bernard403@example.com,0634767431,1996-06-04,Grenoble,aucun,2026-08-04,non
CL100404,Roux,Sofia,sofia.roux404@example.com,0629599912,1973-03-08,Lyon,aucun,2025-06-21,non
CL100405,Garcia,Karim,karim.garcia405@example.com,0656308971,1970-08-14,Lyon,aucun,2026-10-15,
CL100406,Dubois,Hugo,hugo.dubois406@example.com,0630794864,1964-01-04,Lyon,aucun,2025-06-24,non
CL100407,Roux,Noah,noah.roux407@example.com,0685803182,1978-11-22,Lille,mensuel,2025-06-13,oui
CL100408,Girard,Mehdi,mehdi.girard408@example.com,0686792287,1990-07-29,Grenoble,annuel,2025-09-14,non
CL100409,Dubois,Yanis,yanis.dubois409@example.com,0665598139,1988-07-22,Grenoble,aucun,2025-04-26,oui
CL100410,Girard,Lea,lea.girard410@example.com,0694902686,1975-07-17,Nantes,mensuel,2026-02-03,non
CL100411,Roux,Camille,camille.roux411@example.com,0610509164,1966-08-15,Lyon,annuel,2026-01-20,non
CL100412,Simon,Manon,manon.simon412@example.com,0615538009,1990-09-22,Lyon,aucun,2026-05-06,oui
CL100413,Roux,Rayan,rayan.roux413@example.com,0657432365,1983-11-10,Nantes,etudiant,2025-10-08,non
CL100414,Bernard,Noah,noah.bernard414@example.com,0656634540,2002-05-22,Lyon,mensuel,2025-08-23,
CL100415,Moreau,Rayan,rayan.moreau415@example.com,0627474038,1975-07-14,Nantes,aucun,2025-04-28,non
CL100416,Dubois,Sofia,sofia.dubois416@example.com,0690256016,1961-02-13,Lyon,aucun,2025-06-24,non
CL100417,Moreau,Louise,louise.moreau417@example.com,0679852469,1971-09-13,Nantes,aucun,2025-11-28,non
CL100418,Nguyen,Karim,karim.nguyen418@example.com,0660448579,1998-09-02,Grenoble,mensuel,2025-10-23,
CL100419,Petit,Yanis,yanis.petit419@example.com,0694221940,1965-04-09,Nantes,aucun,2026-08-16,non
CL100420,Roux,Camille,camille.roux420@example.com,0628816857,1984-09-30,Lyon,aucun,2025-10-09,non
CL100421,Michel,Noah,noah.michel421@example.com,0698907463,1972-12-20,Lyon,aucun,2026-02-01,non
CL100422,Benali,Yanis,yanis.benali422@example.com,0643954344,1969-05-19,Lille,etudiant,2025-10-04,non
CL100423,Petit,Chloe,chloe.petit423@example.com,0676431594,2002-12-07,Nantes,etudiant,2025-05-11,oui
CL100424,Durand,Sofia,sofia.durand424@example.com,0624121698,1962-07-02,Lyon,etudiant,2026-10-05,
CL100425,Martin,Amira,amira.martin425@example.com,0657773554,1980-03-15,Lyon,etudiant,2026-03-03,non
CL100426,Martin,Camille,camille.martin426@example.com,0639070528,1995-02-09,Lyon,etudiant,2026-07-07,
CL100427,Bernard,Noah,noah.bernard427@example.com,0673863691,1965-11-14,Nantes,aucun,2025-06-04,oui
CL100428,Girard,Camille,camille.girard428@example.com,0641801343,1963-12-06,Lille,aucun,2025-06-16,oui
CL100429,Simon,Ilyes,ilyes.simon429@example.com,0632488476,1988-07-30,Lyon,entreprise,2025-12-01,oui
CL100430,Robert,Ines,ines.robert430@example.com,0674990929,1963-04-12,Nantes,mensuel,2025-06-07,
CL100431,Martin,Amira,amira.martin431@example.com,0617345505,1972-12-20,Nantes,etudiant,2026-05-29,non
CL100432,Garcia,Gabriel,gabriel.garcia432@example.com,0617284615,1977-04-03,Grenoble,aucun,2025-05-22,
CL100433,Nguyen,Lea,lea.nguyen433@example.com,0628342596,1995-06-15,Lyon,mensuel,2026-01-07,oui
CL100434,Dubois,Louise,louise.dubois434@example.com,0641692844,1990-10-01,Grenoble,annuel,2026-05-18,non
CL100435,Girard,Gabriel,gabriel.girard435@example.com,0692772175,1993-11-30,Lyon,aucun,2026-03-07,
CL100436,Simon,Noah,noah.simon436@example.com,0639424912,1972-10-31,Nantes,aucun,2025-09-22,oui
CL100437,Moreau,Ines,ines.moreau437@example.com,0664665139,1967-01-14,Nantes,entreprise,2025-03-16,oui
CL100438,Benali,Noah,noah.benali438@example.com,0634245527,1986-05-30,Nantes,mensuel,2026-09-20,oui
CL100439,Roux,Amira,amira.roux439@example.com,0688870596,1993-05-19,Lille,annuel,2026-08-23,non
CL100440,Benali,Yanis,yanis.benali440@example.com,0611772827,1972-02-09,Lyon,aucun,2026-01-10,
CL100441,Martin,Mehdi,mehdi.martin441@example.com,0683643845,1971-01-19,Lyon,aucun,2026-03-06,oui
CL100442,Roux,Ines,ines.roux442@example.com,0638976955,1979-01-25,Lille,annuel,2025-04-21,oui
CL100443,Dubois,Amira,amira.dubois443@example.com,0610902543,1985-05-01,Lille,annuel,2026-10-19,non
CL100444,Simon,Noah,noah.simon444@example.com,0697595349,1966-06-26,Lille,annuel,2025-05-01,non
CL100445,Bernard,Amira,amira.bernard445@example.com,0646300434,1968-11-17,Lyon,mensuel,2025-11-20,
CL100446,Durand,Rayan,rayan.durand446@example.com,0692225905,1983-01-02,Grenoble,mensuel,2026-01-06,non
CL100447,Durand,Adam,adam.durand447@example.com,0610532413,1988-10-29,Lyon,aucun,2026-07-25,non
CL100448,Benali,Yanis,yanis.benali448@example.com,0639619651,1996-11-02,Nantes,mensuel,2026-04-12,oui
CL100449,Girard,Louise,louise.girard449@example.com,0632847067,1973-01-20,Lyon,mensuel,2026-04-20,non
CL100450,Martin,Lea,lea.martin450@example.com,0612185070,1995-12-31,Lyon,mensuel,2025-07-23,oui
CL100451,Roux,Mehdi,mehdi.roux451@example.com,0632135501,1968-04-27,Grenoble,aucun,2026-07-24,
CL100452,Roux,Hugo,hugo.roux452@example.com,0625702918,1965-04-22,Nantes,entreprise,2025-04-05,
CL100453,Simon,Manon,manon.simon453@example.com,0610853294,1971-07-11,Nantes,etudiant,2025-03-17,
CL100454,Michel,Lea,lea.michel454@example.com,0646496451,1972-11-06,Lille,annuel,2026-09-26,oui
CL100455,Martin,Adam,adam.martin455@example.com,0613017871,1995-07-11,Nantes,aucun,2025-04-18,oui
CL100456,Michel,Rayan,rayan.michel456@example.com,0630829406,1994-07-30,Lyon,entreprise,2026-10-03,oui
CL100457,Dubois,Yanis,yanis.dubois457@example.com,0612614166,1968-04-23,Grenoble,mensuel,2026-10-20,
CL100458,Garcia,Chloe,chloe.garcia458@example.com,0634690356,1982-12-09,Grenoble,etudiant,2026-07-07,oui
CL100459,Benali,Karim,karim.benali459@example.com,0626778585,1996-10-15,Lyon,aucun,2026-02-18,oui
CL100460,Laurent,Camille,camille.laurent460@example.com,0613051253,1964-01-29,Nantes,etudiant,2025-04-12,non
CL100461,Benali,Camille,camille.benali461@example.com,0694914479,1970-05-27,Lyon,etudiant,2025-04-18,oui
CL100462,Petit,Jade,jade.petit462@example.com,0660108865,1999-12-07,Lille,annuel,2026-03-15,
CL100463,Benali,Karim,karim.benali463@example.com,0639212951,1970-12-19,Lille,mensuel,2026-03-25,oui
CL100464,Benali,Karim,karim.benali464@example.com,0666423998,1980-05-01,Lille,etudiant,2025-03-23,non
CL100465,Fournier,Mehdi,mehdi.fournier465@example.com,0653098326,1965-09-13,Lyon,etudiant,2026-01-20,oui
CL100466,Girard,Camille,camille.girard466@example.com,0627216213,2003-07-17,Nantes,etudiant,2026-01-13,oui
CL100467,Roux,Karim,karim.roux467@example.com,0619789532,2003-08-06,Grenoble,aucun,2026-02-27,
CL100468,Robert,Sofia,sofia.robert468@example.com,0632926039,1994-08-16,Lille,mensuel,2026-08-07,non
CL100469,Roux,Jade,jade.roux469@example.com,0620416680,1984-03-19,Lille,aucun,2025-07-29,oui
CL100470,Laurent,Rayan,rayan.laurent470@example.com,0631401284,1966-04-05,Grenoble,aucun,2025-07-18,non
CL100471,Benali,Yanis,yanis.benali471@example.com,0636796364,1996-01-11,Nantes,entreprise,2026-02-05,
CL100472,Robert,Adam,adam.robert472@example.com,0669196232,1969-08-03,Lyon,mensuel,2026-03-03,oui
CL100473,Bernard,Yanis,yanis.bernard473@example.com,0637979904,1981-03-09,Lyon,aucun,2025-04-10,oui
CL100474,Martin,Noah,noah.martin474@example.com,0681146129,1970-04-18,Lyon,mensuel,2026-05-27,non
CL100475,Fournier,Gabriel,gabriel.fournier475@example.com,0667003353,1976-04-28,Lille,mensuel,2025-12-10,oui
CL100476,Fournier,Karim,karim.fournier476@example.com,0618146527,1973-11-23,Grenoble,etudiant,2026-08-19,non
CL100477,Laurent,Rayan,rayan.laurent477@example.com,0663528843,1998-08-31,Nantes,aucun,2026-04-18,non
CL100478,Benali,Mehdi,mehdi.benali478@example.com,0643981814,1993-11-27,Grenoble,annuel,2025-08-21,oui
CL100479,Michel,Chloe,chloe.michel479@example.com,0643254931,1983-05-30,Lyon,aucun,2026-01-27,oui
CL100480,Petit,Jade,jade.petit480@example.com,0667556351,1996-10-31,Lyon,aucun,2026-07-09,oui
CL100481,Petit,Sofia,sofia.petit481@example.com,0684424951,2000-09-17,Lyon,annuel,2026-05-27,non
CL100482,Petit,Ines,ines.petit482@example.com,0615957285,1986-01-04,Nantes,mensuel,2026-09-10,non
CL100483,Martin,Louise,louise.martin483@example.com,0644919496,1979-02-14,Lyon,annuel,2026-01-30,
CL100484,Girard,Jade,jade.girard484@example.com,0699099504,1996-01-27,Lyon,aucun,2026-04-26,non
CL100485,Martin,Rayan,rayan.martin485@example.com,0688956659,1993-11-18,Lyon,mensuel,2026-07-04,non
CL100486,Michel,Amira,amira.michel486@example.com,0693231242,2003-01-21,Lyon,mensuel,2026-07-30,oui
CL100487,Garcia,Karim,karim.garcia487@example.com,0654684903,1971-01-24,Lyon,aucun,2025-10-16,
CL100488,Dubois,Noah,noah.dubois488@example.com,0618153052,1972-07-21,Lyon,aucun,2026-04-11,oui
CL100489,Roux,Karim,karim.roux489@example.com,0646700921,1964-06-24,Nantes,aucun,2025-05-10,oui
CL100490,Michel,Amira,amira.michel490@example.com,0641145116,1976-07-07,Lille,etudiant,2025-12-20,oui
CL100491,Fournier,Ines,ines.fournier491@example.com,0642797886,1993-03-06,Nantes,aucun,2025-05-07,oui
CL100492,Robert,Manon,manon.robert492@example.com,0619776152,1981-07-23,Grenoble,aucun,2025-11-08,non
CL100493,Fournier,Lea,lea.fournier493@example.com,0674694778,1981-06-08,Grenoble,mensuel,2026-04-23,
CL100494,Moreau,Rayan,rayan.moreau494@example.com,0668548763,1975-05-29,Lille,etudiant,2026-04-18,oui
CL100495,Durand,Rayan,rayan.durand495@example.com,0617549785,1979-12-20,Nantes,aucun,2025-09-11,
CL100496,Moreau,Chloe,chloe.moreau496@example.com,0618585678,1974-11-06,Lyon,mensuel,2025-07-10,
CL100497,Benali,Jade,jade.benali497@example.com,0649585875,2001-12-23,Nantes,mensuel,2026-03-15,oui
CL100498,Durand,Ilyes,ilyes.durand498@example.com,0637795822,1981-08-13,Lyon,annuel,2025-04-06,non
CL100499,Durand,Chloe,chloe.durand499@example.com,0686559296,1994-07-27,Lille,etudiant,2026-03-23,
CL100500,Girard,Ines,ines.girard500@example.com,0664014703,1970-03-06,Lille,etudiant,2025-12-01,non
CL100501,Nguyen,Yanis,yanis.nguyen501@example.com,0614891858,1973-07-09,Nantes,aucun,2025-06-28,
CL100502,Roux,Rayan,rayan.roux502@example.com,0613167193,1983-02-27,Lyon,mensuel,2026-07-13,
CL100503,Petit,Yanis,yanis.petit503@example.com,0665602948,1966-09-25,Lille,mensuel,2025-08-20,non
CL100504,Roux,Ilyes,ilyes.roux504@example.com,0614506937,2002-07-31,Lyon,entreprise,2026-08-04,non
CL100505,Roux,Gabriel,gabriel.roux505@example.com,0616474620,1987-02-23,Grenoble,entreprise,2026-02-26,
CL100506,Moreau,Camille,camille.moreau506@example.com,0680758079,2002-07-05,Lyon,etudiant,2026-08-20,non
CL100507,Michel,Manon,manon.michel507@example.com,0632891816,1969-10-15,Lyon,aucun,2025-09-07,non
CL100508,Moreau,Chloe,chloe.moreau508@example.com,0629685334,1997-01-04,Lyon,annuel,2026-06-16,non
CL100509,Durand,Gabriel,gabriel.durand509@example.com,0634127986,2003-09-25,Grenoble,aucun,2025-12-29,
CL100510,Moreau,Gabriel,gabriel.moreau510@example.com,0662523999,1965-12-31,Lyon,aucun,2025-12-27,oui
CL100511,Nguyen,Sofia,sofia.nguyen511@example.com,0669633343,1969-11-23,Lyon,mensuel,2026-01-30,non
CL100512,Robert,Karim,karim.robert512@example.com,0655697222,1976-11-07,Grenoble,aucun,2025-11-12,
CL100513,Fournier,Chloe,chloe.fournier513@example.com,0639048323,1998-02-03,Lyon,annuel,2025-03-13,oui
CL100514,Martin,Sofia,sofia.martin514@example.com,0677172256,1982-05-05,Lille,etudiant,2025-04-19,oui
CL100515,Moreau,Amira,amira.moreau515@example.com,0623322968,1997-01-29,Nantes,aucun,2026-07-17,
CL100516,Robert,Louise,louise.robert516@example.com,0669793388,1993-10-16,Lyon,aucun,2026-02-15,oui
CL100517,Roux,Ines,ines.roux517@example.com,0619504514,1988-03-07,Grenoble,aucun,2026-02-18,oui
CL100518,Durand,Mehdi,mehdi.durand518@example.com,0661973895,1995-07-30,Lyon,annuel,2026-08-31,
CL100519,Girard,Camille,camille.girard519@example.com,0645803175,1968-10-10,Lille,aucun,2026-05-06,
CL100520,Laurent,Sofia,sofia.laurent520@example.com,0652297007,1994-08-01,Grenoble,annuel,2025-08-06,non
CL100521,Dubois,Yanis,yanis.dubois521@example.com,0676059531,1979-07-27,Lille,mensuel,2025-10-13,oui
CL100522,Benali,Gabriel,gabriel.benali522@example.com,0630097727,1975-08-19,Lyon,aucun,2026-09-12,
CL100523,Garcia,Gabriel,gabriel.garcia523@example.com,0654854833,1984-03-28,Nantes,mensuel,2025-10-23,
CL100524,Dubois,Lea,lea.dubois524@example.com,0689297591,1998-08-28,Grenoble,mensuel,2025-11-29,oui
CL100525,Petit,Louise,louise.petit525@example.com,0653894066,1975-12-09,Grenoble,mensuel,2026-03-02,oui
CL100526,Michel,Amira,amira.michel526@example.com,0614752077,1980-01-12,Lyon,annuel,2025-05-03,non
CL100527,Bernard,Adam,adam.bernard527@example.com,0659169187,1974-06-16,Lyon,annuel,2026-02-25,oui
CL100528,Simon,Mehdi,mehdi.simon528@example.com,0666195500,1997-10-16,Grenoble,aucun,2026-01-07,
CL100529,Benali,Rayan,rayan.benali529@example.com,0632175465,1977-02-21,Lyon,mensuel,2026-03-12,
CL100530,Bernard,Noah,noah.bernard530@example.com,0699671521,1984-04-26,Lille,annuel,2026-03-15,non
CL100531,Laurent,Jade,jade.laurent531@example.com,0679048728,1979-07-18,Lyon,mensuel,2025-04-20,
CL100532,Laurent,Hugo,hugo.laurent532@example.com,0690550890,1965-06-24,Lyon,annuel,2025-06-28,oui
CL100533,Michel,Karim,karim.michel533@example.com,0674164440,1977-04-23,Lille,etudiant,2026-10-03,non
CL100534,Roux,Camille,camille.roux534@example.com,0654982893,1990-06-04,Lyon,etudiant,2026-03-07,
CL100535,Simon,Hugo,hugo.simon535@example.com,0660679370,1962-05-03,Lille,aucun,2025-05-06,non
CL100536,Dubois,Louise,louise.dubois536@example.com,0618849760,2002-12-15,Nantes,aucun,2025-05-10,oui
CL100537,Benali,Sofia,sofia.benali537@example.com,0629774330,1995-07-13,Nantes,mensuel,2026-10-10,oui
CL100538,Dubois,Chloe,chloe.dubois538@example.com,0675138933,1998-02-02,Lille,etudiant,2026-07-28,non
CL100539,Simon,Noah,noah.simon539@example.com,0677453773,1968-05-03,Nantes,mensuel,2025-10-27,
CL100540,Robert,Manon,manon.robert540@example.com,0637135244,1998-06-02,Lyon,etudiant,2026-03-07,oui
CL100541,Fournier,Karim,karim.fournier541@example.com,0670546379,2001-01-13,Lille,aucun,2026-08-17,oui
CL100542,Durand,Adam,adam.durand542@example.com,0620572612,1993-02-27,Lille,etudiant,2026-10-08,oui
CL100543,Durand,Rayan,rayan.durand543@example.com,0632851756,1989-09-11,Lyon,mensuel,2025-07-13,
CL100544,Girard,Camille,camille.girard544@example.com,0619440168,1980-11-09,Grenoble,annuel,2026-10-05,
CL100545,Durand,Sofia,sofia.durand545@example.com,0667254478,1970-08-26,Nantes,mensuel,2025-07-23,oui
CL100546,Dubois,Manon,manon.dubois546@example.com,0689899375,1994-09-07,Lyon,aucun,2025-07-09,non
CL100547,Durand,Jade,jade.durand547@example.com,0641007339,1964-12-17,Lyon,aucun,2025-08-27,non
CL100548,Michel,Yanis,yanis.michel548@example.com,0687935025,1968-09-01,Grenoble,aucun,2026-06-10,
CL100549,Girard,Camille,camille.girard549@example.com,0661459758,1978-07-07,Lille,aucun,2025-03-10,non
CL100550,Girard,Ines,ines.girard550@example.com,0676292811,1983-03-12,Lyon,aucun,2025-04-01,non
CL100551,Dubois,Sofia,sofia.dubois551@example.com,0692256459,1963-08-28,Nantes,mensuel,2026-10-09,
CL100552,Roux,Lea,lea.roux552@example.com,0622932459,1962-01-10,Nantes,mensuel,2025-12-16,non
CL100553,Michel,Chloe,chloe.michel553@example.com,0615011789,1997-08-10,Lyon,annuel,2025-03-01,non
CL100554,Benali,Rayan,rayan.benali554@example.com,0630635006,1980-03-08,Nantes,etudiant,2026-02-13,non
CL100555,Fournier,Yanis,yanis.fournier555@example.com,0626268244,1961-01-10,Grenoble,mensuel,2026-02-17,oui
CL100556,Simon,Louise,louise.simon556@example.com,0637342675,1967-10-11,Nantes,aucun,2026-03-09,non
CL100557,Michel,Chloe,chloe.michel557@example.com,0656869597,1995-01-16,Lyon,mensuel,2025-08-03,non
CL100558,Garcia,Rayan,rayan.garcia558@example.com,0669758470,1992-11-05,Lille,aucun,2025-07-07,non
CL100559,Garcia,Ilyes,ilyes.garcia559@example.com,0624506400,1990-08-01,Lyon,annuel,2026-07-17,
CL100560,Dubois,Ines,ines.dubois560@example.com,0648640299,1967-03-20,Lille,etudiant,2026-04-30,oui
CL100561,Robert,Amira,amira.robert561@example.com,0633358683,1971-11-26,Lyon,aucun,2026-10-09,non
CL100562,Dubois,Adam,adam.dubois562@example.com,0627018163,1980-12-02,Nantes,aucun,2026-04-15,non
CL100563,Durand,Yanis,yanis.durand563@example.com,0660954020,2003-10-15,Lille,mensuel,2026-02-15,oui
CL100564,Garcia,Camille,camille.garcia564@example.com,0645173466,1978-12-22,Nantes,annuel,2026-09-03,non
CL100565,Moreau,Camille,camille.moreau565@example.com,0684165385,1984-02-03,Nantes,entreprise,2026-02-20,non
CL100566,Dubois,Mehdi,mehdi.dubois566@example.com,0696723813,1965-08-06,Lyon,aucun,2025-11-22,oui
CL100567,Girard,Adam,adam.girard567@example.com,0669577232,1981-02-26,Nantes,annuel,2025-06-04,
CL100568,Dubois,Sofia,sofia.dubois568@example.com,0625978993,1964-11-16,Lyon,annuel,2025-08-24,
CL100569,Girard,Camille,camille.girard569@example.com,0613313515,1982-04-27,Nantes,aucun,2025-10-22,non
CL100570,Girard,Louise,louise.girard570@example.com,0683530634,2001-10-06,Grenoble,aucun,2025-11-29,oui
CL100571,Moreau,Hugo,hugo.moreau571@example.com,0678206560,1979-11-17,Lille,mensuel,2025-12-16,
CL100572,Dubois,Adam,adam.dubois572@example.com,0646597018,1985-05-26,Nantes,aucun,2025-07-08,oui
CL100573,Nguyen,Ilyes,ilyes.nguyen573@example.com,0631682575,2003-07-09,Lyon,aucun,2025-09-13,oui
CL100574,Girard,Ilyes,ilyes.girard574@example.com,0631763113,1966-05-08,Lyon,aucun,2025-08-09,
CL100575,Moreau,Manon,manon.moreau575@example.com,0663483592,1996-08-19,Nantes,etudiant,2025-10-01,non
CL100576,Moreau,Gabriel,gabriel.moreau576@example.com,0654866335,1971-06-12,Lille,aucun,2025-12-07,non
CL100577,Robert,Noah,noah.robert577@example.com,0622996068,1978-07-29,Grenoble,etudiant,2025-10-02,oui
CL100578,Nguyen,Adam,adam.nguyen578@example.com,0631189387,1992-12-21,Nantes,mensuel,2025-05-07,non
CL100579,Garcia,Noah,noah.garcia579@example.com,0680693321,1964-09-17,Lyon,aucun,2026-04-30,oui
CL100580,Garcia,Jade,jade.garcia580@example.com,0693581003,1991-05-02,Nantes,annuel,2025-05-03,non
CL100581,Robert,Gabriel,gabriel.robert581@example.com,0629074029,1998-01-19,Lyon,mensuel,2025-09-07,non
CL100582,Girard,Rayan,rayan.girard582@example.com,0623582677,1988-06-11,Nantes,mensuel,2025-05-25,
CL100583,Dubois,Yanis,yanis.dubois583@example.com,0627888546,1985-05-05,Nantes,aucun,2026-07-26,non
CL100584,Laurent,Camille,camille.laurent584@example.com,0645708645,1975-10-04,Lille,aucun,2026-01-05,non
CL100585,Laurent,Hugo,hugo.laurent585@example.com,0695401857,1977-01-08,Nantes,aucun,2025-09-07,oui
CL100586,Dubois,Rayan,rayan.dubois586@example.com,0691799321,1971-11-07,Lille,aucun,2026-01-13,oui
CL100587,Martin,Lea,lea.martin587@example.com,0647165914,1975-09-28,Lyon,annuel,2025-05-15,oui
CL100588,Benali,Gabriel,gabriel.benali588@example.com,0678916473,1998-02-03,Nantes,mensuel,2026-04-14,
CL100589,Robert,Mehdi,mehdi.robert589@example.com,0610836866,1994-12-25,Lyon,mensuel,2025-03-01,oui
CL100590,Bernard,Mehdi,mehdi.bernard590@example.com,0664192363,1995-04-03,Lille,aucun,2026-09-04,oui
CL100591,Roux,Ines,ines.roux591@example.com,0677699074,1977-04-26,Nantes,aucun,2026-02-23,oui
CL100592,Moreau,Noah,noah.moreau592@example.com,0635106135,1996-03-26,Lille,mensuel,2025-09-23,oui
CL100593,Michel,Hugo,hugo.michel593@example.com,0654149139,1982-03-03,Grenoble,aucun,2025-05-25,
CL100594,Nguyen,Manon,manon.nguyen594@example.com,0679556752,1991-06-28,Nantes,etudiant,2026-06-06,oui
CL100595,Robert,Adam,adam.robert595@example.com,0698405287,1989-02-01,Lyon,aucun,2025-08-03,
CL100596,Bernard,Gabriel,gabriel.bernard596@example.com,0660515574,1990-06-30,Lyon,mensuel,2026-07-21,oui
CL100597,Benali,Sofia,sofia.benali597@example.com,0656025126,1965-04-22,Lyon,etudiant,2026-10-19,non
CL100598,Durand,Lea,lea.durand598@example.com,0639367575,1998-12-22,Lyon,mensuel,2025-11-06,oui
CL100599,Michel,Mehdi,mehdi.michel599@example.com,0659937122,1989-11-04,Lyon,etudiant,2026-09-12,non
CL100600,Garcia,Jade,jade.garcia600@example.com,0670945471,1989-04-21,Lyon,aucun,2025-07-12,oui
CL100601,Moreau,Rayan,rayan.moreau601@example.com,0632628406,1999-12-26,Lille,annuel,2026-08-23,non
CL100602,Dubois,Mehdi,mehdi.dubois602@example.com,0654893093,1961-08-24,Lyon,aucun,2025-08-15,oui
CL100603,Roux,Manon,manon.roux603@example.com,0626002812,1981-07-15,Grenoble,annuel,2026-07-17,non
CL100604,Girard,Rayan,rayan.girard604@example.com,0675881915,1975-06-24,Lille,mensuel,2025-11-25,
CL100605,Benali,Lea,lea.benali605@example.com,0613800950,1999-07-01,Lyon,mensuel,2025-04-28,oui
CL100606,Roux,Chloe,chloe.roux606@example.com,0635348636,1992-06-15,Lyon,entreprise,2025-11-13,oui
CL100607,Bernard,Yanis,yanis.bernard607@example.com,0640063595,1997-02-22,Lyon,annuel,2026-04-03,non
CL100608,Dubois,Adam,adam.dubois608@example.com,0619548894,1983-12-30,Lyon,mensuel,2026-09-17,
CL100609,Girard,Amira,amira.girard609@example.com,0619173591,1995-02-07,Lyon,annuel,2026-03-23,non
CL100610,Nguyen,Yanis,yanis.nguyen610@example.com,0665874914,1977-03-08,Lille,etudiant,2026-07-20,
CL100611,Roux,Lea,lea.roux611@example.com,0682580117,1971-07-11,Grenoble,aucun,2026-02-07,
CL100612,Laurent,Gabriel,gabriel.laurent612@example.com,0662362193,1969-04-16,Lyon,mensuel,2025-09-02,
CL100613,Fournier,Camille,camille.fournier613@example.com,0644707703,1966-08-05,Lille,mensuel,2025-11-05,oui
CL100614,Martin,Ilyes,ilyes.martin614@example.com,0614224115,1981-09-28,Lyon,aucun,2026-01-07,oui
CL100615,Girard,Ilyes,ilyes.girard615@example.com,0678569779,1991-03-28,Lyon,etudiant,2026-01-09,oui
CL100616,Petit,Gabriel,gabriel.petit616@example.com,0624385042,1988-11-24,Lille,aucun,2025-07-24,oui
CL100617,Michel,Karim,karim.michel617@example.com,0652012127,1970-07-29,Lyon,etudiant,2026-03-23,oui
CL100618,Garcia,Hugo,hugo.garcia618@example.com,0694225121,1975-09-20,Grenoble,aucun,2025-05-05,
CL100619,Moreau,Lea,lea.moreau619@example.com,0615599414,1977-07-08,Grenoble,aucun,2025-07-30,non
CL100620,Dubois,Sofia,sofia.dubois620@example.com,0629273115,1973-11-27,Grenoble,aucun,2025-08-16,
CL100621,Roux,Amira,amira.roux621@example.com,0695670489,1975-04-19,Nantes,aucun,2025-07-13,oui
CL100622,Moreau,Ines,ines.moreau622@example.com,0658687318,1971-07-18,Grenoble,aucun,2025-11-26,oui
CL100623,Garcia,Manon,manon.garcia623@example.com,0614059570,1984-02-13,Nantes,aucun,2026-04-30,
CL100624,Durand,Yanis,yanis.durand624@example.com,0637483634,1990-07-17,Lyon,mensuel,2025-08-10,oui
CL100625,Durand,Ines,ines.durand625@example.com,0682108896,1985-06-08,Lyon,mensuel,2025-08-30,non
CL100626,Benali,Sofia,sofia.benali626@example.com,0643529863,1975-12-13,Grenoble,mensuel,2025-03-06,non
CL100627,Durand,Lea,lea.durand627@example.com,0683860761,1988-01-03,Nantes,entreprise,2026-07-10,non
CL100628,Petit,Mehdi,mehdi.petit628@example.com,0621763276,1978-08-11,Nantes,mensuel,2025-09-29,non
CL100629,Roux,Karim,karim.roux629@example.com,0689967572,1988-12-31,Lyon,entreprise,2026-05-31,oui
CL100630,Benali,Gabriel,gabriel.benali630@example.com,0633263848,2003-07-20,Lyon,aucun,2025-07-16,oui
CL100631,Robert,Amira,amira.robert631@example.com,0673466787,1995-11-24,Lyon,mensuel,2025-04-08,oui
CL100632,Bernard,Yanis,yanis.bernard632@example.com,0667146753,2001-06-09,Lyon,etudiant,2026-01-30,oui
CL100633,Laurent,Adam,adam.laurent633@example.com,0624537988,1978-11-11,Nantes,aucun,2025-10-17,
CL100634,Durand,Noah,noah.durand634@example.com,0638018783,1994-11-03,Lille,etudiant,2025-12-28,non
CL100635,Garcia,Chloe,chloe.garcia635@example.com,0611770125,1981-07-11,Lille,aucun,2026-01-06,oui
CL100636,Roux,Sofia,sofia.roux636@example.com,0667773816,1983-03-03,Lyon,aucun,2025-09-03,oui
CL100637,Simon,Mehdi,mehdi.simon637@example.com,0691931202,1974-05-06,Lyon,aucun,2025-10-26,oui
CL100638,Dubois,Ines,ines.dubois638@example.com,0649081538,1984-10-04,Nantes,aucun,2025-04-25,non
CL100639,Simon,Gabriel,gabriel.simon639@example.com,0691135667,1991-10-17,Lyon,mensuel,2025-09-10,non
CL100640,Nguyen,Gabriel,gabriel.nguyen640@example.com,0668819629,1967-12-21,Lille,aucun,2025-05-05,non
CL100641,Durand,Manon,manon.durand641@example.com,0645355801,1989-09-06,Nantes,aucun,2026-04-25,non
CL100642,Laurent,Lea,lea.laurent642@example.com,0649579872,1992-01-10,Lille,mensuel,2025-11-04,non
CL100643,Petit,Karim,karim.petit643@example.com,0656836922,1980-01-03,Nantes,mensuel,2025-03-14,non
CL100644,Simon,Karim,karim.simon644@example.com,0622670315,1994-07-12,Lyon,mensuel,2025-03-15,oui
CL100645,Nguyen,Louise,louise.nguyen645@example.com,0632265370,1991-06-24,Lille,aucun,2025-07-16,non
CL100646,Nguyen,Sofia,sofia.nguyen646@example.com,0678294379,1990-05-22,Grenoble,mensuel,2025-11-29,
CL100647,Roux,Amira,amira.roux647@example.com,0620321942,1981-05-19,Lyon,entreprise,2025-03-07,non
CL100648,Laurent,Hugo,hugo.laurent648@example.com,0615459018,1978-07-04,Grenoble,mensuel,2025-12-31,non
CL100649,Laurent,Yanis,yanis.laurent649@example.com,0682368071,1968-02-21,Lyon,aucun,2026-02-20,non
CL100650,Benali,Gabriel,gabriel.benali650@example.com,0669350938,2001-09-11,Lille,aucun,2025-03-14,oui
CL100651,Nguyen,Sofia,sofia.nguyen651@example.com,0632516068,1997-03-20,Lyon,mensuel,2025-05-17,
CL100652,Moreau,Ilyes,ilyes.moreau652@example.com,0682636100,1971-05-27,Lyon,etudiant,2025-12-29,
CL100653,Laurent,Camille,camille.laurent653@example.com,0697181653,1964-12-20,Lille,mensuel,2025-10-05,
CL100654,Michel,Ines,ines.michel654@example.com,0670491960,2000-08-11,Nantes,annuel,2025-11-04,oui
CL100655,Robert,Gabriel,gabriel.robert655@example.com,0629513094,1968-10-24,Nantes,mensuel,2026-04-21,
CL100656,Moreau,Jade,jade.moreau656@example.com,0652198599,1980-02-20,Lyon,aucun,2026-03-04,non
CL100657,Benali,Chloe,chloe.benali657@example.com,0623135970,1994-09-17,Grenoble,aucun,2025-10-07,oui
CL100658,Durand,Karim,karim.durand658@example.com,0685689019,1962-09-09,Lille,annuel,2026-01-02,oui
CL100659,Laurent,Yanis,yanis.laurent659@example.com,0634305549,1966-10-04,Lyon,aucun,2025-10-10,oui
CL100660,Roux,Noah,noah.roux660@example.com,0648123808,1977-06-05,Lille,aucun,2026-01-20,non
CL100661,Bernard,Yanis,yanis.bernard661@example.com,0632088014,1988-05-03,Lyon,etudiant,2026-06-29,
CL100662,Girard,Sofia,sofia.girard662@example.com,0682779676,1978-07-07,Grenoble,aucun,2026-03-06,oui
CL100663,Martin,Amira,amira.martin663@example.com,0643150891,1960-11-03,Grenoble,aucun,2025-06-05,non
CL100664,Garcia,Camille,camille.garcia664@example.com,0624571793,1990-07-23,Lyon,aucun,2026-10-20,
CL100665,Dubois,Lea,lea.dubois665@example.com,0668714722,2003-03-25,Lille,etudiant,2026-10-13,oui
CL100666,Girard,Ilyes,ilyes.girard666@example.com,0617578540,1974-12-25,Grenoble,mensuel,2026-04-25,non
CL100667,Robert,Lea,lea.robert667@example.com,0625271004,1977-02-09,Nantes,aucun,2026-06-11,non
CL100668,Moreau,Manon,manon.moreau668@example.com,0613408875,1988-06-17,Lyon,mensuel,2025-06-26,oui
CL100669,Moreau,Sofia,sofia.moreau669@example.com,0626723465,1972-11-23,Lille,aucun,2025-07-28,non
CL100670,Roux,Manon,manon.roux670@example.com,0669835591,1967-12-08,Lyon,annuel,2026-03-31,non
CL100671,Simon,Ines,ines.simon671@example.com,0672865637,1978-04-12,Lille,annuel,2026-01-02,oui
CL100672,Moreau,Yanis,yanis.moreau672@example.com,0641534399,1989-07-16,Lyon,etudiant,2025-08-29,oui
CL100673,Simon,Louise,louise.simon673@example.com,0676160183,1963-03-25,Lille,etudiant,2025-05-17,non
CL100674,Petit,Amira,amira.petit674@example.com,0613139804,1979-02-28,Grenoble,aucun,2025-03-21,oui
CL100675,Michel,Ines,ines.michel675@example.com,0659639715,1970-10-14,Lyon,aucun,2026-05-05,oui
CL100676,Fournier,Karim,karim.fournier676@example.com,0684877345,1989-11-28,Lyon,aucun,2025-07-31,non
CL100677,Bernard,Louise,louise.bernard677@example.com,0668114411,1972-09-02,Lille,mensuel,2026-03-30,non
CL100678,Michel,Ines,ines.michel678@example.com,0650683394,1980-12-07,Lyon,aucun,2025-05-06,oui
CL100679,Martin,Hugo,hugo.martin679@example.com,0669568616,1970-07-17,Lyon,aucun,2025-03-30,oui
CL100680,Simon,Adam,adam.simon680@example.com,0634334635,1988-09-17,Grenoble,mensuel,2026-08-14,
CL100681,Fournier,Yanis,yanis.fournier681@example.com,0659612227,1994-03-05,Grenoble,annuel,2026-06-09,
CL100682,Michel,Chloe,chloe.michel682@example.com,0675813223,1972-12-10,Lille,aucun,2025-07-10,
CL100683,Roux,Ilyes,ilyes.roux683@example.com,0663671912,1980-04-12,Grenoble,aucun,2025-04-12,oui
CL100684,Michel,Manon,manon.michel684@example.com,0661191024,1994-11-15,Lille,entreprise,2025-04-06,non
CL100685,Nguyen,Louise,louise.nguyen685@example.com,0628453622,1970-10-31,Lyon,mensuel,2025-06-18,non
CL100686,Moreau,Lea,lea.moreau686@example.com,0649188309,1973-05-31,Nantes,aucun,2026-10-09,
CL100687,Durand,Adam,adam.durand687@example.com,0697548446,1967-05-12,Nantes,mensuel,2026-04-25,oui
CL100688,Robert,Chloe,chloe.robert688@example.com,0683648163,1976-02-15,Lyon,aucun,2025-04-17,non
CL100689,Fournier,Noah,noah.fournier689@example.com,0688887313,1986-04-21,Grenoble,etudiant,2026-09-29,non
CL100690,Girard,Rayan,rayan.girard690@example.com,0643071124,1968-10-22,Nantes,annuel,2026-08-10,
CL100691,Dubois,Chloe,chloe.dubois691@example.com,0613513148,1995-08-30,Grenoble,etudiant,2025-10-20,
CL100692,Nguyen,Hugo,hugo.nguyen692@example.com,0682697723,1972-10-26,Lyon,mensuel,2026-04-08,
CL100693,Girard,Jade,jade.girard693@example.com,0674158112,1974-01-18,Lille,entreprise,2025-09-22,non
CL100694,Dubois,Amira,amira.dubois694@example.com,0629965243,1984-08-23,Lyon,aucun,2025-05-04,oui
CL100695,Nguyen,Gabriel,gabriel.nguyen695@example.com,0652001435,1985-01-07,Lyon,mensuel,2026-09-21,oui
CL100696,Nguyen,Lea,lea.nguyen696@example.com,0697522209,1960-09-02,Lyon,entreprise,2026-04-18,
CL100697,Durand,Chloe,chloe.durand697@example.com,0621920133,2002-01-14,Lyon,annuel,2026-07-29,oui
CL100698,Robert,Ilyes,ilyes.robert698@example.com,0613411589,1981-02-19,Lyon,mensuel,2026-10-09,non
CL100699,Martin,Karim,karim.martin699@example.com,0693385230,1993-05-17,Grenoble,aucun,2025-12-29,
CL100700,Martin,Sofia,sofia.martin700@example.com,0625091147,1985-03-12,Lyon,aucun,2025-08-18,
CL100701,Dubois,Camille,camille.dubois701@example.com,0672924144,1968-05-01,Lyon,aucun,2026-07-10,
CL100702,Durand,Rayan,rayan.durand702@example.com,0643764049,1960-02-06,Lyon,mensuel,2026-07-20,non
CL100703,Benali,Sofia,sofia.benali703@example.com,0676500243,1979-05-24,Lyon,aucun,2026-03-28,non
CL100704,Fournier,Louise,louise.fournier704@example.com,0698414459,1990-07-08,Lille,aucun,2025-11-05,oui
CL100705,Nguyen,Manon,manon.nguyen705@example.com,0611363093,1989-02-13,Lyon,aucun,2026-10-22,
CL100706,Nguyen,Adam,adam.nguyen706@example.com,0675984610,1961-12-05,Grenoble,mensuel,2025-06-26,non
CL100707,Fournier,Camille,camille.fournier707@example.com,0678441697,1993-05-06,Lyon,annuel,2025-09-16,
CL100708,Nguyen,Mehdi,mehdi.nguyen708@example.com,0633238567,1995-02-12,Lyon,aucun,2025-04-17,oui
CL100709,Laurent,Rayan,rayan.laurent709@example.com,0662512724,1999-02-02,Nantes,annuel,2025-10-10,oui
CL100710,Roux,Mehdi,mehdi.roux710@example.com,0687177177,1987-02-25,Lyon,aucun,2026-08-26,
CL100711,Robert,Hugo,hugo.robert711@example.com,0623233979,1995-07-26,Nantes,aucun,2025-05-11,non
CL100712,Michel,Yanis,yanis.michel712@example.com,0671178843,1999-04-09,Lyon,etudiant,2025-03-13,non
CL100713,Fournier,Karim,karim.fournier713@example.com,0642399879,1970-02-20,Lyon,annuel,2026-03-15,
CL100714,Fournier,Sofia,sofia.fournier714@example.com,0692380527,1960-10-26,Lille,aucun,2026-05-21,non
CL100715,Nguyen,Jade,jade.nguyen715@example.com,0619262729,1972-01-25,Grenoble,entreprise,2025-04-18,oui
CL100716,Roux,Camille,camille.roux716@example.com,0648325174,1964-04-07,Grenoble,entreprise,2025-08-24,non
CL100717,Durand,Camille,camille.durand717@example.com,0675056370,1997-10-29,Nantes,entreprise,2026-05-14,
CL100718,Robert,Jade,jade.robert718@example.com,0661369314,1988-10-12,Lyon,etudiant,2025-10-03,
CL100719,Benali,Mehdi,mehdi.benali719@example.com,0625505127,1969-06-30,Grenoble,entreprise,2026-07-25,oui
CL100720,Dubois,Chloe,chloe.dubois720@example.com,0683963489,1999-01-20,Lyon,etudiant,2026-09-11,
CL100721,Dubois,Lea,lea.dubois721@example.com,0671679976,1978-03-10,Lille,aucun,2026-02-11,oui
CL100722,Dubois,Louise,louise.dubois722@example.com,0689252183,1966-03-14,Lyon,mensuel,2025-12-19,oui
CL100723,Martin,Ines,ines.martin723@example.com,0614589709,1995-03-17,Lyon,aucun,2025-09-26,non
CL100724,Laurent,Gabriel,gabriel.laurent724@example.com,0626765759,1970-06-19,Lille,aucun,2025-10-09,
CL100725,Michel,Louise,louise.michel725@example.com,0619806915,2002-07-01,Nantes,mensuel,2025-05-31,non
CL100726,Petit,Chloe,chloe.petit726@example.com,0661102642,1980-08-24,Nantes,aucun,2025-06-30,oui
CL100727,Durand,Jade,jade.durand727@example.com,0671286066,1988-08-05,Nantes,aucun,2026-04-24,
CL100728,Garcia,Hugo,hugo.garcia728@example.com,0680925361,1970-01-01,Grenoble,annuel,2025-06-15,oui
CL100729,Benali,Gabriel,gabriel.benali729@example.com,0643198561,1998-07-29,Nantes,annuel,2026-02-28,oui
CL100730,Robert,Ines,ines.robert730@example.com,0661297333,1987-07-04,Nantes,etudiant,2025-12-12,non
CL100731,Nguyen,Manon,manon.nguyen731@example.com,0698961697,1964-10-25,Grenoble,mensuel,2025-11-12,
CL100732,Dubois,Ilyes,ilyes.dubois732@example.com,0676038238,1989-10-16,Lyon,annuel,2026-03-07,
CL100733,Nguyen,Manon,manon.nguyen733@example.com,0692967711,1991-02-20,Lyon,aucun,2026-10-03,
CL100734,Benali,Lea,lea.benali734@example.com,0642000330,1967-06-10,Nantes,etudiant,2025-06-14,oui
CL100735,Garcia,Lea,lea.garcia735@example.com,0631967827,1963-10-26,Lille,aucun,2025-04-10,
CL100736,Michel,Manon,manon.michel736@example.com,0615092712,1995-10-26,Lyon,mensuel,2026-10-03,non
CL100737,Benali,Ines,ines.benali737@example.com,0644269755,1982-02-18,Lyon,entreprise,2025-12-20,
CL100738,Petit,Hugo,hugo.petit738@example.com,0669172777,1992-11-29,Lille,annuel,2025-09-26,
CL100739,Petit,Gabriel,gabriel.petit739@example.com,0670764174,1975-04-01,Lyon,entreprise,2026-03-31,
CL100740,Benali,Rayan,rayan.benali740@example.com,0646428674,1974-07-27,Lille,aucun,2025-06-19,oui
CL100741,Petit,Yanis,yanis.petit741@example.com,0651159964,1968-07-03,Lyon,aucun,2026-05-08,oui
CL100742,Fournier,Louise,louise.fournier742@example.com,0668419464,1971-03-02,Nantes,aucun,2025-03-09,non
CL100743,Moreau,Karim,karim.moreau743@example.com,0658353448,1999-11-19,Grenoble,etudiant,2025-11-21,
CL100744,Garcia,Camille,camille.garcia744@example.com,0623914648,1989-12-01,Nantes,aucun,2026-08-06,
CL100745,Roux,Noah,noah.roux745@example.com,0621541594,1994-06-09,Nantes,aucun,2026-01-23,oui
CL100746,Moreau,Ilyes,ilyes.moreau746@example.com,0650139806,1970-02-14,Lyon,mensuel,2025-12-25,
CL100747,Garcia,Lea,lea.garcia747@example.com,0693919358,1977-07-11,Lyon,aucun,2026-03-10,oui
CL100748,Simon,Noah,noah.simon748@example.com,0615404440,1972-06-21,Lyon,mensuel,2025-06-23,
CL100749,Nguyen,Rayan,rayan.nguyen749@example.com,0692198100,1986-09-06,Grenoble,entreprise,2026-06-19,
CL100750,Girard,Hugo,hugo.girard750@example.com,0614438205,1965-09-20,Grenoble,mensuel,2026-04-26,
CL100751,Moreau,Sofia,sofia.moreau751@example.com,0685427659,2000-03-11,Nantes,etudiant,2025-06-13,oui
CL100752,Dubois,Jade,jade.dubois752@example.com,0618531573,1990-05-28,Nantes,aucun,2025-04-29,non
CL100753,Nguyen,Yanis,yanis.nguyen753@example.com,0671079857,1975-07-13,Lyon,mensuel,2025-07-09,oui
CL100754,Girard,Karim,karim.girard754@example.com,0645459955,1960-01-01,Grenoble,aucun,2026-02-27,non
CL100755,Robert,Ilyes,ilyes.robert755@example.com,0699368495,2002-02-17,Lyon,etudiant,2025-11-27,
CL100756,Girard,Sofia,sofia.girard756@example.com,0688298314,1979-10-07,Grenoble,mensuel,2025-09-20,
CL100757,Girard,Noah,noah.girard757@example.com,0658576915,2001-05-05,Lille,mensuel,2025-09-02,
CL100758,Robert,Yanis,yanis.robert758@example.com,0649642103,1994-04-23,Nantes,etudiant,2026-05-25,
CL100759,Fournier,Ines,ines.fournier759@example.com,0661698151,1965-05-31,Grenoble,annuel,2026-05-10,
CL100760,Simon,Ines,ines.simon760@example.com,0647545998,1975-08-07,Nantes,mensuel,2025-05-05,oui
CL100761,Girard,Karim,karim.girard761@example.com,0622500195,1965-03-28,Nantes,mensuel,2026-06-23,non
CL100762,Bernard,Adam,adam.bernard762@example.com,0694374053,1972-07-26,Lille,annuel,2025-04-20,non
CL100763,Robert,Karim,karim.robert763@example.com,0635603837,1993-02-03,Nantes,aucun,2026-03-15,oui
CL100764,Benali,Louise,louise.benali764@example.com,0643247741,1999-05-13,Lille,mensuel,2026-04-04,non
CL100765,Nguyen,Gabriel,gabriel.nguyen765@example.com,0683166522,1994-04-23,Lyon,etudiant,2025-04-09,non
CL100766,Bernard,Hugo,hugo.bernard766@example.com,0656040050,1987-01-07,Nantes,aucun,2026-06-22,oui
CL100767,Nguyen,Karim,karim.nguyen767@example.com,0660931978,1976-04-16,Lille,mensuel,2026-04-26,non
CL100768,Benali,Karim,karim.benali768@example.com,0675712605,1987-01-28,Grenoble,aucun,2025-10-27,oui
CL100769,Nguyen,Chloe,chloe.nguyen769@example.com,0663386445,1992-05-14,Nantes,aucun,2025-06-03,
CL100770,Garcia,Gabriel,gabriel.garcia770@example.com,0694731602,1978-08-04,Lille,annuel,2025-07-25,oui
CL100771,Roux,Louise,louise.roux771@example.com,0669407586,1994-07-12,Nantes,mensuel,2025-10-26,
CL100772,Moreau,Rayan,rayan.moreau772@example.com,0626742096,1996-10-07,Lyon,aucun,2026-01-18,oui
CL100773,Durand,Mehdi,mehdi.durand773@example.com,0666915356,1960-12-02,Lyon,etudiant,2025-04-21,
CL100774,Durand,Chloe,chloe.durand774@example.com,0626563029,2001-08-16,Lyon,aucun,2025-06-04,
CL100775,Durand,Lea,lea.durand775@example.com,0683405603,1979-11-17,Nantes,annuel,2026-05-30,oui
CL100776,Moreau,Gabriel,gabriel.moreau776@example.com,0660519514,1977-08-05,Lyon,annuel,2025-07-08,oui
CL100777,Simon,Karim,karim.simon777@example.com,0615883868,1966-08-12,Lyon,entreprise,2026-06-28,oui
CL100778,Durand,Jade,jade.durand778@example.com,0683888015,1989-11-29,Lille,aucun,2026-04-06,
CL100779,Garcia,Louise,louise.garcia779@example.com,0619969649,1961-12-24,Nantes,mensuel,2026-03-31,oui
CL100780,Durand,Lea,lea.durand780@example.com,0643294785,1997-04-23,Grenoble,annuel,2025-08-23,
CL100781,Robert,Rayan,rayan.robert781@example.com,0618836523,1990-10-13,Nantes,etudiant,2025-09-29,
CL100782,Nguyen,Hugo,hugo.nguyen782@example.com,0622556128,1990-01-12,Lyon,aucun,2026-08-22,non
CL100783,Roux,Mehdi,mehdi.roux783@example.com,0637888906,1968-06-12,Lyon,annuel,2025-04-29,non
CL100784,Robert,Adam,adam.robert784@example.com,0673152714,1960-12-29,Lyon,aucun,2025-09-05,
CL100785,Girard,Jade,jade.girard785@example.com,0641875847,1969-11-28,Lyon,etudiant,2025-03-14,non
CL100786,Fournier,Manon,manon.fournier786@example.com,0621667620,1983-01-14,Nantes,aucun,2026-09-04,oui
CL100787,Girard,Adam,adam.girard787@example.com,0665371485,1978-01-12,Lyon,aucun,2025-11-04,non
CL100788,Moreau,Louise,louise.moreau788@example.com,0698182285,1967-01-03,Lyon,etudiant,2025-12-16,non
CL100789,Petit,Noah,noah.petit789@example.com,0697923336,1987-06-26,Lille,etudiant,2026-04-14,oui
CL100790,Bernard,Ines,ines.bernard790@example.com,0642084114,1995-03-20,Nantes,annuel,2025-10-15,non
CL100791,Martin,Gabriel,gabriel.martin791@example.com,0688773686,1964-01-18,Lille,etudiant,2026-01-01,non
CL100792,Simon,Manon,manon.simon792@example.com,0652066530,1996-10-05,Lille,etudiant,2025-04-25,
CL100793,Bernard,Jade,jade.bernard793@example.com,0672341457,1972-06-01,Grenoble,etudiant,2026-04-02,
CL100794,Simon,Yanis,yanis.simon794@example.com,0656323034,1988-01-30,Lyon,etudiant,2026-09-16,non
CL100795,Nguyen,Jade,jade.nguyen795@example.com,0672013648,1989-10-02,Grenoble,aucun,2025-11-30,
CL100796,Nguyen,Manon,manon.nguyen796@example.com,0640106477,1997-09-02,Nantes,aucun,2026-02-13,oui
CL100797,Simon,Adam,adam.simon797@example.com,0676898939,1995-02-04,Grenoble,annuel,2026-06-01,oui
CL100798,Benali,Noah,noah.benali798@example.com,0624167976,1978-10-15,Lyon,etudiant,2026-09-01,
CL100799,Nguyen,Chloe,chloe.nguyen799@example.com,0640797112,1987-02-10,Lyon,aucun,2026-08-20,non
CL100800,Durand,Jade,jade.durand800@example.com,0625518233,1994-04-09,Nantes,aucun,2026-03-06,oui
CL100801,Simon,Amira,amira.simon801@example.com,0659674173,1999-02-03,Grenoble,etudiant,2025-05-31,non
CL100802,Robert,Manon,manon.robert802@example.com,0612391289,1965-12-03,Lille,etudiant,2025-07-11,non
CL100803,Garcia,Lea,lea.garcia803@example.com,0613016074,1986-01-03,Grenoble,annuel,2026-02-22,non
CL100804,Durand,Camille,camille.durand804@example.com,0625767760,1987-04-28,Nantes,annuel,2025-08-25,
CL100805,Simon,Lea,lea.simon805@example.com,0645784809,1965-12-08,Lyon,annuel,2025-10-23,
CL100806,Bernard,Rayan,rayan.bernard806@example.com,0662331795,1982-03-24,Nantes,mensuel,2026-05-19,
CL100807,Garcia,Hugo,hugo.garcia807@example.com,0658474890,1972-09-14,Grenoble,aucun,2026-10-04,oui
CL100808,Roux,Louise,louise.roux808@example.com,0695561866,1980-09-02,Lille,aucun,2026-05-27,oui
CL100809,Michel,Ines,ines.michel809@example.com,0615749820,1972-03-21,Lille,etudiant,2026-05-02,
CL100810,Girard,Yanis,yanis.girard810@example.com,0618776353,1986-12-07,Lyon,entreprise,2026-08-07,oui
CL100811,Laurent,Jade,jade.laurent811@example.com,0631496246,1996-08-05,Lille,mensuel,2026-06-08,oui
CL100812,Fournier,Mehdi,mehdi.fournier812@example.com,0668507538,1974-04-27,Lyon,mensuel,2025-04-25,oui
CL100813,Dubois,Lea,lea.dubois813@example.com,0692252124,1998-11-16,Lyon,aucun,2025-10-20,oui
CL100814,Durand,Ilyes,ilyes.durand814@example.com,0679838849,1981-03-17,Grenoble,aucun,2026-02-16,oui
CL100815,Garcia,Amira,amira.garcia815@example.com,0692562171,1993-02-21,Grenoble,aucun,2026-06-07,non
CL100816,Bernard,Yanis,yanis.bernard816@example.com,0625121292,1976-02-25,Lille,aucun,2025-10-15,non
CL100817,Nguyen,Yanis,yanis.nguyen817@example.com,0642755857,1964-09-16,Nantes,entreprise,2025-06-03,non
CL100818,Fournier,Manon,manon.fournier818@example.com,0662119175,1971-12-30,Lyon,etudiant,2025-06-05,non
CL100819,Michel,Gabriel,gabriel.michel819@example.com,0671299174,1981-05-07,Lyon,aucun,2026-07-22,oui
CL100820,Dubois,Hugo,hugo.dubois820@example.com,0631039278,1974-08-14,Nantes,annuel,2026-03-14,
CL100821,Robert,Jade,jade.robert821@example.com,0678409533,1975-07-16,Grenoble,aucun,2025-11-02,non
CL100822,Robert,Karim,karim.robert822@example.com,0623649701,1992-05-28,Lyon,annuel,2026-09-20,oui
CL100823,Dubois,Amira,amira.dubois823@example.com,0618005047,1991-05-23,Grenoble,mensuel,2025-09-18,non
CL100824,Robert,Chloe,chloe.robert824@example.com,0682806440,1983-03-07,Lyon,aucun,2026-06-14,oui
CL100825,Garcia,Chloe,chloe.garcia825@example.com,0641491513,1995-06-20,Lille,mensuel,2026-07-14,non
CL100826,Nguyen,Adam,adam.nguyen826@example.com,0631814589,1966-10-27,Lyon,aucun,2025-03-27,non
CL100827,Moreau,Ines,ines.moreau827@example.com,0649772624,1965-02-13,Lille,aucun,2026-05-30,non
CL100828,Dubois,Jade,jade.dubois828@example.com,0612341012,1972-04-03,Lille,etudiant,2025-09-06,
CL100829,Simon,Mehdi,mehdi.simon829@example.com,0621884279,1960-04-17,Grenoble,etudiant,2026-06-21,non
CL100830,Michel,Louise,louise.michel830@example.com,0676006698,1995-06-06,Lille,aucun,2026-04-29,non
CL100831,Durand,Ilyes,ilyes.durand831@example.com,0618875693,1981-09-01,Nantes,aucun,2026-07-29,non
CL100832,Garcia,Mehdi,mehdi.garcia832@example.com,0645153182,1985-06-16,Lille,aucun,2026-05-12,
CL100833,Petit,Noah,noah.petit833@example.com,0682755902,1992-11-11,Lyon,aucun,2025-04-30,non
CL100834,Girard,Ines,ines.girard834@example.com,0642001873,1978-08-10,Nantes,mensuel,2025-08-29,non
CL100835,Simon,Ilyes,ilyes.simon835@example.com,0699950235,1990-08-28,Lille,annuel,2025-12-19,
CL100836,Dubois,Jade,jade.dubois836@example.com,0642728430,1995-07-04,Lyon,aucun,2026-04-09,non
CL100837,Martin,Manon,manon.martin837@example.com,0647989863,1969-02-23,Lyon,mensuel,2026-03-28,non
CL100838,Michel,Lea,lea.michel838@example.com,0683054694,1992-06-22,Nantes,mensuel,2025-07-01,oui
CL100839,Robert,Chloe,chloe.robert839@example.com,0620173311,1960-07-28,Nantes,mensuel,2025-08-13,oui
CL100840,Petit,Gabriel,gabriel.petit840@example.com,0697937897,1984-12-19,Nantes,aucun,2026-09-05,oui
CL100841,Benali,Amira,amira.benali841@example.com,0656099918,1976-02-27,Lyon,mensuel,2026-03-09,
CL100842,Michel,Lea,lea.michel842@example.com,0675381900,1970-12-20,Lyon,etudiant,2025-10-11,oui
CL100843,Girard,Camille,camille.girard843@example.com,0657418410,1974-04-01,Lille,annuel,2025-10-30,non
CL100844,Robert,Chloe,chloe.robert844@example.com,0660081198,1979-05-05,Lyon,mensuel,2026-10-19,
CL100845,Roux,Noah,noah.roux845@example.com,0671274022,1990-06-05,Nantes,mensuel,2025-08-18,oui
CL100846,Girard,Karim,karim.girard846@example.com,0626121591,1986-12-23,Lille,aucun,2026-04-04,non
CL100847,Laurent,Ilyes,ilyes.laurent847@example.com,0664740865,1999-05-11,Grenoble,etudiant,2025-04-14,non
CL100848,Michel,Mehdi,mehdi.michel848@example.com,0629420483,1997-06-19,Grenoble,aucun,2025-04-21,non
CL100849,Dubois,Adam,adam.dubois849@example.com,0675927396,2000-05-01,Lyon,entreprise,2025-09-28,
CL100850,Laurent,Ilyes,ilyes.laurent850@example.com,0614233026,1964-12-18,Lyon,etudiant,2026-07-21,non
CL100851,Bernard,Jade,jade.bernard851@example.com,0614470238,1990-12-11,Lyon,aucun,2026-07-26,non
CL100852,Bernard,Manon,manon.bernard852@example.com,0669806349,1991-01-01,Lille,aucun,2025-04-22,oui
CL100853,Moreau,Karim,karim.moreau853@example.com,0636176346,1981-10-27,Lille,etudiant,2025-08-02,
CL100854,Simon,Manon,manon.simon854@example.com,0618353091,1961-01-26,Lille,mensuel,2025-05-17,oui
CL100855,Roux,Lea,lea.roux855@example.com,0695644173,1969-05-27,Lille,aucun,2025-12-14,
CL100856,Robert,Adam,adam.robert856@example.com,0643151613,1986-11-15,Lille,mensuel,2026-08-20,non
CL100857,Garcia,Jade,jade.garcia857@example.com,0693270597,1972-03-03,Lyon,etudiant,2026-01-28,oui
CL100858,Benali,Amira,amira.benali858@example.com,0690259534,1990-11-17,Lyon,aucun,2025-11-21,oui
CL100859,Moreau,Chloe,chloe.moreau859@example.com,0691602066,1968-08-31,Grenoble,aucun,2026-08-29,non
CL100860,Laurent,Mehdi,mehdi.laurent860@example.com,0656103586,1970-03-11,Grenoble,annuel,2025-11-24,oui
CL100861,Roux,Manon,manon.roux861@example.com,0625197572,1994-11-18,Grenoble,mensuel,2025-08-21,non
CL100862,Simon,Rayan,rayan.simon862@example.com,0652391948,2000-01-17,Nantes,mensuel,2026-02-06,
CL100863,Petit,Amira,amira.petit863@example.com,0683862126,1978-07-25,Lille,etudiant,2026-01-03,
CL100864,Fournier,Chloe,chloe.fournier864@example.com,0655159352,1973-05-23,Lille,etudiant,2025-07-14,oui
CL100865,Nguyen,Mehdi,mehdi.nguyen865@example.com,0667046506,1978-06-01,Nantes,entreprise,2026-01-22,oui
CL100866,Petit,Hugo,hugo.petit866@example.com,0667364560,1990-01-24,Lyon,entreprise,2026-09-18,non
CL100867,Bernard,Jade,jade.bernard867@example.com,0625818927,1995-09-17,Grenoble,aucun,2026-02-26,
CL100868,Michel,Ilyes,ilyes.michel868@example.com,0655573007,1979-02-07,Lille,entreprise,2026-04-24,
CL100869,Dubois,Mehdi,mehdi.dubois869@example.com,0676840241,1962-07-30,Lyon,mensuel,2025-05-28,oui
CL100870,Moreau,Rayan,rayan.moreau870@example.com,0688587653,1989-10-10,Lyon,entreprise,2025-11-12,oui
CL100871,Laurent,Lea,lea.laurent871@example.com,0633654291,1986-10-30,Lyon,annuel,2025-04-01,non
CL100872,Moreau,Mehdi,mehdi.moreau872@example.com,0692036022,1987-05-31,Nantes,mensuel,2026-06-24,non
CL100873,Simon,Hugo,hugo.simon873@example.com,0625094166,1986-03-11,Grenoble,aucun,2025-10-24,oui
CL100874,Girard,Camille,camille.girard874@example.com,0649675337,1973-07-22,Lyon,etudiant,2025-04-20,non
CL100875,Benali,Sofia,sofia.benali875@example.com,0657246979,1983-11-12,Lyon,aucun,2025-10-23,oui
CL100876,Bernard,Camille,camille.bernard876@example.com,0643997518,2001-05-22,Lille,aucun,2026-09-05,non
CL100877,Bernard,Lea,lea.bernard877@example.com,0686040518,1970-04-12,Lyon,aucun,2026-09-01,oui
CL100878,Robert,Camille,camille.robert878@example.com,0673783053,1990-03-16,Lyon,aucun,2025-11-10,oui
CL100879,Dubois,Jade,jade.dubois879@example.com,0653377212,1979-07-11,Grenoble,aucun,2025-08-05,non
CL100880,Bernard,Camille,camille.bernard880@example.com,0618607701,1960-06-26,Grenoble,mensuel,2025-06-03,
CL100881,Michel,Rayan,rayan.michel881@example.com,0681405668,1994-09-20,Lyon,aucun,2025-12-10,
CL100882,Laurent,Noah,noah.laurent882@example.com,0615278668,1971-08-29,Lyon,mensuel,2025-09-08,
CL100883,Fournier,Jade,jade.fournier883@example.com,0646805154,1963-06-03,Lyon,etudiant,2026-04-11,non
CL100884,Fournier,Chloe,chloe.fournier884@example.com,0650520564,1963-11-10,Lyon,annuel,2026-10-13,
CL100885,Martin,Mehdi,mehdi.martin885@example.com,0627714724,2003-10-13,Nantes,etudiant,2026-06-29,non
CL100886,Dubois,Lea,lea.dubois886@example.com,0696101248,1961-04-29,Lyon,aucun,2026-02-27,
CL100887,Martin,Mehdi,mehdi.martin887@example.com,0674379675,1960-04-05,Lille,mensuel,2025-08-30,oui
CL100888,Simon,Yanis,yanis.simon888@example.com,0659856083,1992-12-01,Lyon,aucun,2025-05-11,
CL100889,Robert,Rayan,rayan.robert889@example.com,0667497515,1973-06-07,Lille,aucun,2025-07-04,oui
CL100890,Benali,Manon,manon.benali890@example.com,0650697789,1984-11-10,Lyon,annuel,2026-09-07,
CL100891,Benali,Camille,camille.benali891@example.com,0665561895,1990-03-12,Lyon,mensuel,2025-06-21,non
CL100892,Michel,Adam,adam.michel892@example.com,0620853169,1985-02-21,Nantes,mensuel,2025-09-13,
CL100893,Roux,Lea,lea.roux893@example.com,0692334792,1960-10-27,Grenoble,annuel,2026-10-21,non
CL100894,Simon,Karim,karim.simon894@example.com,0663808669,1991-12-28,Grenoble,aucun,2025-08-04,
CL100895,Nguyen,Jade,jade.nguyen895@example.com,0677903476,1967-11-18,Lyon,annuel,2025-07-03,oui
CL100896,Laurent,Amira,amira.laurent896@example.com,0618126712,2000-10-27,Nantes,entreprise,2026-04-12,non
CL100897,Nguyen,Sofia,sofia.nguyen897@example.com,0677543266,1987-11-07,Lyon,aucun,2025-11-22,
CL100898,Michel,Ilyes,ilyes.michel898@example.com,0683740578,1983-02-09,Lille,etudiant,2026-09-13,oui
CL100899,Fournier,Rayan,rayan.fournier899@example.com,0615617457,1981-07-03,Lille,mensuel,2026-07-08,oui
CL100900,Nguyen,Manon,manon.nguyen900@example.com,0628986220,1983-04-01,Lyon,mensuel,2025-12-07,oui
CL100901,Petit,Sofia,sofia.petit901@example.com,0644831133,1987-04-24,Lyon,aucun,2025-09-05,
CL100902,Michel,Chloe,chloe.michel902@example.com,0664836087,1964-09-03,Grenoble,mensuel,2025-11-14,non
CL100903,Fournier,Noah,noah.fournier903@example.com,0690840634,1982-06-05,Lyon,mensuel,2026-09-30,
CL100904,Nguyen,Rayan,rayan.nguyen904@example.com,0697029495,1962-11-07,Lyon,aucun,2025-12-22,oui
CL100905,Laurent,Adam,adam.laurent905@example.com,0629935858,1969-04-29,Lille,mensuel,2026-02-05,non
CL100906,Dubois,Lea,lea.dubois906@example.com,0664234243,2002-04-06,Lyon,mensuel,2026-06-07,oui
CL100907,Girard,Lea,lea.girard907@example.com,0678051029,1998-07-22,Lille,aucun,2025-04-24,
CL100908,Nguyen,Noah,noah.nguyen908@example.com,0629858128,1969-01-06,Lille,aucun,2025-07-01,non
CL100909,Fournier,Rayan,rayan.fournier909@example.com,0661535257,1983-02-05,Lyon,aucun,2025-11-03,oui
CL100910,Simon,Amira,amira.simon910@example.com,0671673484,2001-02-06,Lyon,entreprise,2025-08-24,non
CL100911,Durand,Gabriel,gabriel.durand911@example.com,0615922763,2000-03-03,Lille,annuel,2026-05-29,non
CL100912,Moreau,Jade,jade.moreau912@example.com,0662576974,1968-11-12,Lyon,annuel,2026-01-17,
CL100913,Moreau,Karim,karim.moreau913@example.com,0684600588,1972-01-02,Lyon,aucun,2026-08-25,non
CL100914,Bernard,Ilyes,ilyes.bernard914@example.com,0627119099,1988-03-19,Nantes,mensuel,2026-09-30,oui
CL100915,Durand,Gabriel,gabriel.durand915@example.com,0673042397,1977-06-12,Lyon,aucun,2025-05-14,non
CL100916,Michel,Rayan,rayan.michel916@example.com,0652732433,1983-11-17,Nantes,annuel,2025-05-15,non
CL100917,Michel,Ilyes,ilyes.michel917@example.com,0685956246,1973-08-31,Grenoble,aucun,2025-05-23,oui
CL100918,Dubois,Ines,ines.dubois918@example.com,0620214518,1983-02-16,Lyon,aucun,2026-09-06,oui
CL100919,Petit,Gabriel,gabriel.petit919@example.com,0632490865,1986-04-15,Nantes,etudiant,2026-09-24,oui
CL100920,Moreau,Adam,adam.moreau920@example.com,0665527512,1962-10-30,Lyon,entreprise,2025-08-01,oui
CL100921,Benali,Lea,lea.benali921@example.com,0615244560,2002-02-01,Lyon,aucun,2025-07-28,oui
CL100922,Nguyen,Rayan,rayan.nguyen922@example.com,0647486141,1966-11-25,Lyon,entreprise,2026-07-29,oui
CL100923,Robert,Adam,adam.robert923@example.com,0642043106,1977-06-18,Grenoble,aucun,2026-06-20,non
CL100924,Durand,Yanis,yanis.durand924@example.com,0641606080,1985-10-23,Lille,aucun,2025-05-16,non
CL100925,Bernard,Karim,karim.bernard925@example.com,0662723979,1978-03-17,Lille,annuel,2026-01-31,oui
CL100926,Garcia,Sofia,sofia.garcia926@example.com,0633688545,1993-02-11,Nantes,aucun,2026-05-19,oui
CL100927,Moreau,Mehdi,mehdi.moreau927@example.com,0699204398,2003-09-11,Lyon,aucun,2025-04-19,
CL100928,Nguyen,Karim,karim.nguyen928@example.com,0642632299,1995-08-21,Nantes,aucun,2025-03-12,
CL100929,Simon,Noah,noah.simon929@example.com,0631418524,1978-05-30,Lille,aucun,2026-05-02,
CL100930,Fournier,Jade,jade.fournier930@example.com,0688093013,1979-10-16,Grenoble,etudiant,2026-09-08,
CL100931,Dubois,Rayan,rayan.dubois931@example.com,0645781664,1998-02-12,Lille,mensuel,2025-09-21,oui
CL100932,Nguyen,Rayan,rayan.nguyen932@example.com,0664949265,1975-02-04,Grenoble,aucun,2025-12-31,non
CL100933,Petit,Adam,adam.petit933@example.com,0624102301,1972-11-20,Nantes,aucun,2026-03-06,
CL100934,Martin,Jade,jade.martin934@example.com,0633355679,1993-09-23,Grenoble,aucun,2026-05-11,non
CL100935,Durand,Lea,lea.durand935@example.com,0617994753,1992-08-19,Nantes,mensuel,2025-09-29,non
CL100936,Martin,Ines,ines.martin936@example.com,0617648453,1975-08-13,Lyon,aucun,2025-08-01,oui
CL100937,Garcia,Jade,jade.garcia937@example.com,0619496418,1992-06-11,Lille,annuel,2025-08-15,oui
CL100938,Roux,Hugo,hugo.roux938@example.com,0675188688,1960-09-13,Lyon,mensuel,2025-11-04,
CL100939,Dubois,Ines,ines.dubois939@example.com,0646462443,1970-09-30,Lille,mensuel,2026-09-06,non
CL100940,Robert,Gabriel,gabriel.robert940@example.com,0659462848,1975-02-18,Grenoble,aucun,2025-03-07,oui
CL100941,Michel,Gabriel,gabriel.michel941@example.com,0630236236,1987-02-18,Lille,aucun,2025-12-26,
CL100942,Garcia,Rayan,rayan.garcia942@example.com,0619380932,1971-09-23,Lyon,annuel,2026-04-16,
CL100943,Roux,Manon,manon.roux943@example.com,0639920765,1980-03-23,Lyon,aucun,2025-06-22,
CL100944,Martin,Amira,amira.martin944@example.com,0634658223,1972-08-03,Lille,etudiant,2025-04-30,oui
CL100945,Bernard,Ines,ines.bernard945@example.com,0619948954,1973-11-14,Lyon,mensuel,2025-05-03,oui
CL100946,Durand,Yanis,yanis.durand946@example.com,0698061912,1996-01-21,Lyon,aucun,2026-01-29,
CL100947,Roux,Chloe,chloe.roux947@example.com,0635306149,1972-10-01,Lyon,annuel,2026-05-13,oui
CL100948,Laurent,Hugo,hugo.laurent948@example.com,0643757990,1963-06-25,Lyon,annuel,2025-05-10,oui
CL100949,Martin,Rayan,rayan.martin949@example.com,0680057638,2001-02-05,Lyon,mensuel,2025-07-17,
CL100950,Simon,Lea,lea.simon950@example.com,0645286765,1967-05-01,Lyon,etudiant,2025-03-24,oui
CL100951,Durand,Noah,noah.durand951@example.com,0624049475,1999-04-05,Lyon,mensuel,2026-05-10,
CL100952,Moreau,Louise,louise.moreau952@example.com,0629787676,1986-05-09,Lille,annuel,2025-03-30,oui
CL100953,Petit,Louise,louise.petit953@example.com,0641271545,1998-01-20,Nantes,aucun,2026-06-23,non
CL100954,Girard,Manon,manon.girard954@example.com,0687307772,1980-08-11,Lyon,etudiant,2026-07-02,
CL100955,Robert,Yanis,yanis.robert955@example.com,0663995508,1977-01-23,Lyon,mensuel,2025-05-27,
CL100956,Nguyen,Rayan,rayan.nguyen956@example.com,0660240671,1995-07-29,Nantes,mensuel,2026-02-05,non
CL100957,Fournier,Lea,lea.fournier957@example.com,0621349891,1967-01-08,Lyon,mensuel,2025-04-14,non
CL100958,Simon,Hugo,hugo.simon958@example.com,0636094828,1960-06-30,Grenoble,aucun,2026-02-18,non
CL100959,Dubois,Adam,adam.dubois959@example.com,0636249008,1966-11-15,Nantes,etudiant,2025-06-22,oui
CL100960,Roux,Karim,karim.roux960@example.com,0646086786,1984-10-22,Lille,aucun,2025-10-28,
CL100961,Roux,Amira,amira.roux961@example.com,0681458518,2002-09-19,Lille,aucun,2025-11-29,non
CL100962,Michel,Amira,amira.michel962@example.com,0678404092,1974-03-19,Lyon,etudiant,2025-08-20,non
CL100963,Benali,Yanis,yanis.benali963@example.com,0624297992,1985-06-22,Lyon,aucun,2025-10-24,
CL100964,Benali,Adam,adam.benali964@example.com,0667179129,1965-09-16,Lyon,mensuel,2025-10-17,
CL100965,Bernard,Adam,adam.bernard965@example.com,0654885714,1990-04-05,Lyon,mensuel,2025-06-06,non
CL100966,Bernard,Camille,camille.bernard966@example.com,0643695852,1988-11-09,Nantes,annuel,2026-09-03,
CL100967,Martin,Camille,camille.martin967@example.com,0613812949,1991-02-19,Lille,aucun,2025-05-21,non
CL100968,Fournier,Karim,karim.fournier968@example.com,0628673325,1970-12-16,Lyon,aucun,2025-08-31,oui
CL100969,Nguyen,Karim,karim.nguyen969@example.com,0618176693,1971-04-09,Grenoble,aucun,2026-08-25,non
CL100970,Benali,Louise,louise.benali970@example.com,0611879267,1961-07-18,Grenoble,aucun,2026-04-04,oui
CL100971,Martin,Louise,louise.martin971@example.com,0627133370,1962-06-05,Lille,annuel,2026-02-15,oui
CL100972,Michel,Manon,manon.michel972@example.com,0692700616,1961-01-10,Lyon,aucun,2026-03-05,
CL100973,Benali,Gabriel,gabriel.benali973@example.com,0639849952,1984-04-27,Lille,aucun,2026-09-11,
CL100974,Robert,Chloe,chloe.robert974@example.com,0658062595,1969-06-06,Lyon,aucun,2025-12-18,
CL100975,Laurent,Karim,karim.laurent975@example.com,0679561710,1982-09-13,Nantes,mensuel,2025-07-29,non
CL100976,Garcia,Hugo,hugo.garcia976@example.com,0631714651,1977-01-14,Grenoble,annuel,2026-05-01,oui
CL100977,Petit,Lea,lea.petit977@example.com,0680278207,1995-06-13,Lyon,etudiant,2025-07-20,oui
CL100978,Bernard,Chloe,chloe.bernard978@example.com,0693518837,1966-03-30,Lille,aucun,2025-12-02,
CL100979,Benali,Chloe,chloe.benali979@example.com,0688527396,1963-12-31,Nantes,aucun,2026-09-01,non
CL100980,Simon,Ines,ines.simon980@example.com,0677648915,1981-02-13,Lille,entreprise,2025-07-15,
CL100981,Durand,Camille,camille.durand981@example.com,0634783592,1984-07-27,Lyon,aucun,2025-08-05,non
CL100982,Michel,Chloe,chloe.michel982@example.com,0685898847,1962-06-12,Grenoble,aucun,2025-08-27,oui
CL100983,Fournier,Chloe,chloe.fournier983@example.com,0628815310,1997-11-13,Nantes,aucun,2025-07-28,non
CL100984,Nguyen,Hugo,hugo.nguyen984@example.com,0653603752,1983-10-12,Lille,aucun,2025-05-15,non
CL100985,Robert,Gabriel,gabriel.robert985@example.com,0653853489,1990-03-01,Lille,etudiant,2025-07-07,non
CL100986,Laurent,Chloe,chloe.laurent986@example.com,0640101083,1962-02-09,Lille,annuel,2026-09-27,non
CL100987,Roux,Lea,lea.roux987@example.com,0613991695,2001-05-18,Nantes,entreprise,2026-06-06,
CL100988,Simon,Lea,lea.simon988@example.com,0611063462,1967-09-13,Lyon,aucun,2025-06-08,non
CL100989,Roux,Jade,jade.roux989@example.com,0689511362,2002-06-08,Lyon,aucun,2025-09-25,non
CL100990,Petit,Rayan,rayan.petit990@example.com,0617106564,1978-11-30,Lyon,aucun,2026-07-28,
CL100991,Nguyen,Manon,manon.nguyen991@example.com,0699517445,1986-12-10,Lyon,mensuel,2026-04-28,non
CL100992,Moreau,Mehdi,mehdi.moreau992@example.com,0666984141,1980-10-27,Nantes,aucun,2025-10-01,
CL100993,Simon,Jade,jade.simon993@example.com,0678737191,1995-01-29,Grenoble,aucun,2026-08-09,
CL100994,Moreau,Louise,louise.moreau994@example.com,0627651315,1984-03-18,Lille,aucun,2025-04-24,oui
CL100995,Simon,Amira,amira.simon995@example.com,0696859198,1979-03-09,Lyon,aucun,2026-10-04,oui
CL100996,Simon,Yanis,yanis.simon996@example.com,0649222383,1982-11-08,Lyon,aucun,2026-07-26,non
CL100997,Garcia,Camille,camille.garcia997@example.com,0683750376,1971-06-27,Lyon,aucun,2025-10-16,
CL100998,Robert,Amira,amira.robert998@example.com,0662496819,1969-01-11,Lyon,etudiant,2025-05-01,non
CL100999,Benali,Yanis,yanis.benali999@example.com,0611003622,2000-12-06,Grenoble,etudiant,2025-07-21,oui
CL101000,Girard,Gabriel,gabriel.girard1000@example.com,0678777447,1998-07-05,Grenoble,aucun,2026-04-11,
CL101001,Nguyen,Noah,noah.nguyen1001@example.com,0684104699,1997-12-15,Lille,aucun,2025-09-04,non
CL101002,Simon,Ines,ines.simon1002@example.com,0650654743,1986-06-01,Lyon,etudiant,2025-09-22,non
CL101003,Garcia,Adam,adam.garcia1003@example.com,0684856880,1978-11-20,Lille,aucun,2025-06-18,oui
CL101004,Laurent,Chloe,chloe.laurent1004@example.com,0672858628,1964-12-11,Nantes,aucun,2025-11-20,oui
CL101005,Girard,Noah,noah.girard1005@example.com,0681639519,1989-08-30,Grenoble,mensuel,2026-05-09,non
CL101006,Girard,Lea,lea.girard1006@example.com,0669587157,1973-09-09,Grenoble,aucun,2025-06-12,oui
CL101007,Bernard,Jade,jade.bernard1007@example.com,0697215975,1986-02-28,Grenoble,aucun,2026-09-28,
CL101008,Moreau,Camille,camille.moreau1008@example.com,0643896396,1976-07-08,Lille,aucun,2026-06-28,non
CL101009,Simon,Hugo,hugo.simon1009@example.com,0693276100,1964-02-20,Lille,aucun,2025-07-27,non
CL101010,Bernard,Jade,jade.bernard1010@example.com,0699492600,2000-03-02,Lille,aucun,2025-07-05,
CL101011,Durand,Karim,karim.durand1011@example.com,0613029488,1982-05-26,Lille,etudiant,2025-09-28,
CL101012,Girard,Noah,noah.girard1012@example.com,0633416430,1996-10-21,Nantes,mensuel,2025-12-25,non
CL101013,Robert,Gabriel,gabriel.robert1013@example.com,0685406211,1996-01-29,Lyon,etudiant,2025-04-11,
CL101014,Garcia,Mehdi,mehdi.garcia1014@example.com,0687065128,1969-10-30,Grenoble,mensuel,2026-07-26,oui
CL101015,Martin,Jade,jade.martin1015@example.com,0646568283,2002-04-12,Grenoble,mensuel,2026-03-24,non
CL101016,Laurent,Ines,ines.laurent1016@example.com,0654621161,1963-07-15,Lille,annuel,2025-10-25,oui
CL101017,Durand,Ines,ines.durand1017@example.com,0625090273,1978-08-05,Lille,mensuel,2026-06-24,non
CL101018,Nguyen,Rayan,rayan.nguyen1018@example.com,0673999205,1975-11-20,Nantes,mensuel,2026-01-12,non
CL101019,Bernard,Chloe,chloe.bernard1019@example.com,0681619972,1993-08-29,Grenoble,aucun,2026-05-15,oui
CL101020,Simon,Mehdi,mehdi.simon1020@example.com,0637978425,1965-12-31,Lille,aucun,2026-05-01,oui
CL101021,Robert,Chloe,chloe.robert1021@example.com,0661380706,1997-12-12,Lille,aucun,2025-11-27,non
CL101022,Roux,Gabriel,gabriel.roux1022@example.com,0670341437,1985-08-08,Lyon,etudiant,2026-04-06,non
CL101023,Nguyen,Karim,karim.nguyen1023@example.com,0697559555,2002-08-23,Nantes,mensuel,2025-05-19,oui
CL101024,Benali,Jade,jade.benali1024@example.com,0630613022,1995-03-07,Lyon,aucun,2025-11-10,non
CL101025,Robert,Ines,ines.robert1025@example.com,0658254397,1967-07-17,Lille,aucun,2026-08-27,oui
CL101026,Simon,Jade,jade.simon1026@example.com,0619594522,1961-12-30,Grenoble,mensuel,2025-04-23,non
CL101027,Martin,Adam,adam.martin1027@example.com,0621311820,1998-09-16,Lyon,mensuel,2025-04-03,non
CL101028,Benali,Ines,ines.benali1028@example.com,0632739169,1961-10-02,Lyon,annuel,2026-08-24,non
CL101029,Martin,Camille,camille.martin1029@example.com,0665560701,1967-11-26,Lille,annuel,2025-05-12,
CL101030,Nguyen,Sofia,sofia.nguyen1030@example.com,0687530886,2002-11-21,Nantes,annuel,2025-09-04,non
CL101031,Michel,Ines,ines.michel1031@example.com,0658477184,1985-08-02,Grenoble,aucun,2025-10-09,oui
CL101032,Robert,Adam,adam.robert1032@example.com,0629242541,1994-02-17,Nantes,etudiant,2025-04-03,non
CL101033,Nguyen,Camille,camille.nguyen1033@example.com,0652370316,1979-06-15,Lyon,mensuel,2025-09-21,oui
CL101034,Dubois,Ilyes,ilyes.dubois1034@example.com,0684394826,1994-04-29,Lyon,aucun,2026-04-18,
CL101035,Benali,Manon,manon.benali1035@example.com,0652470965,1987-06-23,Grenoble,annuel,2026-03-05,
CL101036,Garcia,Mehdi,mehdi.garcia1036@example.com,0667901796,1994-04-22,Nantes,entreprise,2025-05-13,non
CL101037,Fournier,Noah,noah.fournier1037@example.com,0617267216,1994-06-15,Nantes,entreprise,2026-06-24,non
CL101038,Moreau,Manon,manon.moreau1038@example.com,0617549135,1977-11-27,Lyon,aucun,2026-01-24,non
CL101039,Moreau,Chloe,chloe.moreau1039@example.com,0646148833,1996-06-11,Grenoble,annuel,2026-04-05,
CL101040,Martin,Jade,jade.martin1040@example.com,0617963380,1998-12-15,Lyon,mensuel,2025-09-12,
CL101041,Benali,Noah,noah.benali1041@example.com,0634337385,1983-12-17,Nantes,mensuel,2025-05-07,
CL101042,Fournier,Karim,karim.fournier1042@example.com,0659235686,1998-12-11,Nantes,entreprise,2026-05-12,non
CL101043,Robert,Hugo,hugo.robert1043@example.com,0634317564,1973-01-11,Lyon,aucun,2026-01-30,non
CL101044,Durand,Adam,adam.durand1044@example.com,0619182616,1978-01-19,Lyon,mensuel,2025-04-25,non
CL101045,Girard,Yanis,yanis.girard1045@example.com,0634123316,1985-05-01,Lille,annuel,2026-03-29,
CL101046,Roux,Karim,karim.roux1046@example.com,0612327533,1996-06-26,Grenoble,mensuel,2026-04-29,oui
CL101047,Michel,Camille,camille.michel1047@example.com,0615967131,1991-08-22,Lyon,etudiant,2026-07-12,oui
CL101048,Durand,Mehdi,mehdi.durand1048@example.com,0620049691,1986-10-05,Lyon,aucun,2025-10-09,oui
CL101049,Martin,Manon,manon.martin1049@example.com,0649372185,1969-03-29,Lyon,annuel,2026-07-20,
CL101050,Robert,Mehdi,mehdi.robert1050@example.com,0684894036,1993-03-01,Lyon,etudiant,2026-08-06,non
CL101051,Laurent,Yanis,yanis.laurent1051@example.com,0655043146,1999-03-21,Lyon,etudiant,2025-10-22,non
CL101052,Simon,Manon,manon.simon1052@example.com,0614021031,1962-02-13,Nantes,aucun,2025-07-29,
CL101053,Robert,Adam,adam.robert1053@example.com,0689633656,2001-11-12,Lille,mensuel,2026-02-10,oui
CL101054,Martin,Mehdi,mehdi.martin1054@example.com,0615476643,1969-03-31,Grenoble,annuel,2025-07-24,oui
CL101055,Simon,Karim,karim.simon1055@example.com,0629766165,1986-10-10,Nantes,aucun,2026-01-30,oui
CL101056,Benali,Camille,camille.benali1056@example.com,0618987987,1994-12-14,Lille,etudiant,2025-09-11,oui
CL101057,Fournier,Noah,noah.fournier1057@example.com,0614556914,1986-01-11,Lille,mensuel,2025-03-19,oui
CL101058,Martin,Sofia,sofia.martin1058@example.com,0671349467,1992-07-06,Lille,aucun,2025-08-26,oui
CL101059,Benali,Sofia,sofia.benali1059@example.com,0612324913,1988-04-01,Lyon,aucun,2025-04-01,oui
CL101060,Roux,Karim,karim.roux1060@example.com,0626337568,1978-07-29,Lille,annuel,2025-06-29,non
CL101061,Michel,Sofia,sofia.michel1061@example.com,0633159655,1996-12-09,Nantes,mensuel,2025-03-15,non
CL101062,Robert,Adam,adam.robert1062@example.com,0621202166,1975-02-20,Nantes,annuel,2025-06-26,non
CL101063,Fournier,Adam,adam.fournier1063@example.com,0668639318,1985-03-18,Lille,aucun,2025-08-03,non
CL101064,Laurent,Sofia,sofia.laurent1064@example.com,0642447475,1962-05-05,Lyon,annuel,2026-04-02,oui
CL101065,Moreau,Karim,karim.moreau1065@example.com,0637754259,1976-04-13,Lyon,aucun,2025-08-02,non
CL101066,Roux,Amira,amira.roux1066@example.com,0623868671,1963-09-26,Lille,aucun,2025-11-13,oui
CL101067,Robert,Yanis,yanis.robert1067@example.com,0689940941,1971-03-12,Lille,etudiant,2025-11-03,non
CL101068,Garcia,Rayan,rayan.garcia1068@example.com,0697309350,2000-08-08,Lyon,aucun,2025-08-02,
CL101069,Robert,Adam,adam.robert1069@example.com,0696687484,1980-06-15,Lille,mensuel,2025-08-04,oui
CL101070,Girard,Yanis,yanis.girard1070@example.com,0699352726,1982-01-02,Nantes,aucun,2026-02-09,oui
CL101071,Nguyen,Jade,jade.nguyen1071@example.com,0639273944,1996-06-21,Grenoble,aucun,2025-12-31,
CL101072,Garcia,Karim,karim.garcia1072@example.com,0650081918,1979-05-23,Grenoble,annuel,2026-04-20,oui
CL101073,Benali,Ines,ines.benali1073@example.com,0657972582,1994-07-08,Lyon,aucun,2026-09-18,oui
CL101074,Durand,Sofia,sofia.durand1074@example.com,0610870529,1986-08-03,Lyon,etudiant,2026-07-22,
CL101075,Moreau,Rayan,rayan.moreau1075@example.com,0670094288,1968-12-02,Grenoble,etudiant,2026-10-18,non
CL101076,Roux,Chloe,chloe.roux1076@example.com,0663121502,1961-11-24,Lille,aucun,2026-09-09,
CL101077,Bernard,Noah,noah.bernard1077@example.com,0688213479,1977-08-18,Grenoble,etudiant,2026-01-22,oui
CL101078,Bernard,Noah,noah.bernard1078@example.com,0663058182,1987-02-01,Lille,aucun,2025-06-02,oui
CL101079,Bernard,Jade,jade.bernard1079@example.com,0672450724,1989-07-03,Lille,etudiant,2026-01-15,
CL101080,Garcia,Yanis,yanis.garcia1080@example.com,0648795775,1981-08-31,Lille,entreprise,2026-08-22,non
CL101081,Laurent,Chloe,chloe.laurent1081@example.com,0642832465,1984-10-22,Nantes,aucun,2026-04-26,oui
CL101082,Moreau,Chloe,chloe.moreau1082@example.com,0690625389,1984-05-01,Lille,aucun,2026-04-13,oui
CL101083,Simon,Rayan,rayan.simon1083@example.com,0655846826,1968-06-02,Grenoble,etudiant,2026-07-24,
CL101084,Michel,Jade,jade.michel1084@example.com,0642256577,1997-08-05,Lille,etudiant,2026-02-28,
CL101085,Laurent,Mehdi,mehdi.laurent1085@example.com,0657668796,2002-09-27,Grenoble,aucun,2026-01-05,
CL101086,Petit,Manon,manon.petit1086@example.com,0666688639,1981-07-11,Lille,etudiant,2026-09-10,oui
CL101087,Benali,Karim,karim.benali1087@example.com,0655977537,1993-08-22,Nantes,mensuel,2025-07-27,oui
CL101088,Michel,Gabriel,gabriel.michel1088@example.com,0684070613,2001-05-22,Lille,mensuel,2025-06-27,oui
CL101089,Michel,Lea,lea.michel1089@example.com,0697461744,1966-07-19,Lille,entreprise,2026-08-31,non
CL101090,Fournier,Rayan,rayan.fournier1090@example.com,0652845511,1960-04-11,Lyon,mensuel,2025-07-13,non
CL101091,Fournier,Sofia,sofia.fournier1091@example.com,0668083061,1960-02-05,Lyon,annuel,2026-04-25,oui
CL101092,Dubois,Lea,lea.dubois1092@example.com,0693958294,1966-03-06,Lyon,etudiant,2026-06-26,oui
CL101093,Moreau,Rayan,rayan.moreau1093@example.com,0687039070,1984-04-26,Nantes,aucun,2025-10-16,
CL101094,Moreau,Yanis,yanis.moreau1094@example.com,0619982838,1962-09-02,Lille,mensuel,2025-04-26,non
CL101095,Moreau,Hugo,hugo.moreau1095@example.com,0621786281,1963-03-22,Lille,annuel,2025-09-03,oui
CL101096,Fournier,Sofia,sofia.fournier1096@example.com,0691321977,1976-12-25,Grenoble,mensuel,2025-10-29,non
CL101097,Benali,Manon,manon.benali1097@example.com,0611393336,1990-11-03,Lille,aucun,2026-03-17,oui
CL101098,Benali,Ines,ines.benali1098@example.com,0696646793,1971-09-18,Lille,annuel,2025-03-14,oui
CL101099,Petit,Louise,louise.petit1099@example.com,0655652192,1997-07-25,Grenoble,mensuel,2025-08-24,oui
CL101100,Robert,Mehdi,mehdi.robert1100@example.com,0692687217,1969-03-02,Lille,mensuel,2025-06-11,oui
CL101101,Benali,Jade,jade.benali1101@example.com,0635974377,1982-10-10,Nantes,etudiant,2026-05-18,oui
CL101102,Nguyen,Chloe,chloe.nguyen1102@example.com,0652853235,2002-04-22,Lyon,annuel,2025-06-27,
CL101103,Martin,Lea,lea.martin1103@example.com,0689105490,1966-04-05,Nantes,aucun,2026-09-30,
CL101104,Moreau,Noah,noah.moreau1104@example.com,0652245644,2000-01-30,Lyon,annuel,2025-09-06,
CL101105,Bernard,Gabriel,gabriel.bernard1105@example.com,0614538242,1964-04-16,Grenoble,aucun,2026-05-07,oui
CL101106,Michel,Hugo,hugo.michel1106@example.com,0637571594,1980-06-11,Nantes,aucun,2025-09-10,non
CL101107,Roux,Ines,ines.roux1107@example.com,0684649133,1999-09-20,Nantes,aucun,2026-10-01,
CL101108,Durand,Mehdi,mehdi.durand1108@example.com,0693936537,1976-08-11,Nantes,aucun,2026-01-17,
CL101109,Bernard,Ines,ines.bernard1109@example.com,0696823715,1963-02-23,Lyon,annuel,2025-03-29,non
CL101110,Martin,Amira,amira.martin1110@example.com,0629146126,2002-11-02,Grenoble,aucun,2026-05-01,
CL101111,Dubois,Manon,manon.dubois1111@example.com,0669773882,1982-04-24,Lille,etudiant,2026-07-11,oui
CL101112,Martin,Mehdi,mehdi.martin1112@example.com,0683710950,1982-01-29,Lyon,aucun,2026-05-28,
CL101113,Simon,Karim,karim.simon1113@example.com,0637365375,1969-03-03,Nantes,mensuel,2026-09-16,oui
CL101114,Bernard,Adam,adam.bernard1114@example.com,0633063023,1966-02-17,Lyon,aucun,2026-08-10,oui
CL101115,Durand,Adam,adam.durand1115@example.com,0611434287,1979-12-02,Lyon,annuel,2025-10-27,oui
CL101116,Fournier,Louise,louise.fournier1116@example.com,0684555192,1982-04-26,Lille,aucun,2026-04-29,
CL101117,Simon,Ilyes,ilyes.simon1117@example.com,0686250513,1967-10-01,Lille,aucun,2026-06-09,
CL101118,Laurent,Ilyes,ilyes.laurent1118@example.com,0629764392,1991-10-19,Lille,aucun,2026-05-14,non
CL101119,Garcia,Hugo,hugo.garcia1119@example.com,0621418215,1971-11-22,Lille,mensuel,2026-04-23,
CL101120,Martin,Amira,amira.martin1120@example.com,0684711132,1986-01-02,Grenoble,annuel,2026-02-21,
CL101121,Nguyen,Louise,louise.nguyen1121@example.com,0642885449,1974-08-18,Lyon,annuel,2025-04-30,
CL101122,Garcia,Ines,ines.garcia1122@example.com,0623872276,1995-09-01,Lyon,mensuel,2026-03-11,oui
CL101123,Dubois,Yanis,yanis.dubois1123@example.com,0640994748,1979-07-27,Lyon,etudiant,2025-07-17,non
CL101124,Martin,Hugo,hugo.martin1124@example.com,0697094494,1989-02-28,Lyon,mensuel,2025-11-22,oui
CL101125,Michel,Hugo,hugo.michel1125@example.com,0627031426,1986-12-20,Lyon,etudiant,2025-08-24,
CL101126,Durand,Louise,louise.durand1126@example.com,0663536138,1986-08-19,Lyon,annuel,2026-06-19,oui
CL101127,Bernard,Camille,camille.bernard1127@example.com,0659293481,2002-10-07,Lyon,annuel,2026-06-15,oui
CL101128,Michel,Mehdi,mehdi.michel1128@example.com,0668780338,1999-12-16,Grenoble,mensuel,2025-10-16,oui
CL101129,Girard,Lea,lea.girard1129@example.com,0688798566,1998-10-02,Lyon,aucun,2025-12-31,oui
CL101130,Laurent,Gabriel,gabriel.laurent1130@example.com,0689106907,1963-01-01,Nantes,aucun,2025-11-29,oui
CL101131,Benali,Adam,adam.benali1131@example.com,0683373083,1969-02-05,Lyon,aucun,2026-09-30,
CL101132,Roux,Gabriel,gabriel.roux1132@example.com,0688243408,1978-11-18,Lille,aucun,2025-12-05,non
CL101133,Laurent,Hugo,hugo.laurent1133@example.com,0628251362,1998-10-16,Lille,aucun,2026-07-07,oui
CL101134,Moreau,Hugo,hugo.moreau1134@example.com,0694484198,1979-04-19,Lille,annuel,2026-08-03,non
CL101135,Michel,Sofia,sofia.michel1135@example.com,0665206694,1984-10-14,Lille,mensuel,2026-03-10,oui
CL101136,Michel,Jade,jade.michel1136@example.com,0666882879,1992-12-14,Nantes,etudiant,2026-10-07,
CL101137,Dubois,Camille,camille.dubois1137@example.com,0645734436,1978-09-25,Lyon,mensuel,2025-04-03,oui
CL101138,Roux,Rayan,rayan.roux1138@example.com,0695570639,1983-01-24,Grenoble,aucun,2026-03-05,
CL101139,Petit,Louise,louise.petit1139@example.com,0668349829,1974-01-24,Lille,annuel,2026-03-10,oui
CL101140,Petit,Karim,karim.petit1140@example.com,0612269309,1989-11-22,Grenoble,aucun,2026-07-25,oui
CL101141,Fournier,Karim,karim.fournier1141@example.com,0671914279,1968-11-05,Lille,annuel,2026-04-07,
CL101142,Girard,Louise,louise.girard1142@example.com,0621825867,1960-06-02,Lyon,aucun,2026-08-07,
CL101143,Laurent,Noah,noah.laurent1143@example.com,0630716205,1965-06-29,Nantes,etudiant,2026-04-10,
CL101144,Martin,Yanis,yanis.martin1144@example.com,0699558460,1990-02-25,Nantes,etudiant,2026-09-13,oui
CL101145,Simon,Chloe,chloe.simon1145@example.com,0648911367,1975-02-26,Lille,aucun,2026-01-22,oui
CL101146,Bernard,Camille,camille.bernard1146@example.com,0638898383,1969-08-07,Lyon,aucun,2026-01-04,
CL101147,Nguyen,Camille,camille.nguyen1147@example.com,0621944305,1985-05-16,Lyon,entreprise,2025-12-15,oui
CL101148,Dubois,Chloe,chloe.dubois1148@example.com,0678126316,1971-03-06,Grenoble,mensuel,2026-07-06,non
CL101149,Moreau,Yanis,yanis.moreau1149@example.com,0695896837,1973-08-06,Lille,etudiant,2025-11-08,
CL101150,Robert,Ilyes,ilyes.robert1150@example.com,0637827258,1994-05-27,Grenoble,mensuel,2026-10-06,non
CL101151,Michel,Karim,karim.michel1151@example.com,0626960538,1971-11-27,Lyon,aucun,2025-12-03,
CL101152,Nguyen,Ilyes,ilyes.nguyen1152@example.com,0667427148,1969-03-04,Lyon,aucun,2025-08-01,oui
CL101153,Roux,Ilyes,ilyes.roux1153@example.com,0650286946,1996-02-09,Nantes,annuel,2026-08-19,non
CL101154,Roux,Amira,amira.roux1154@example.com,0629541024,1972-10-22,Lille,aucun,2025-07-22,oui
CL101155,Garcia,Chloe,chloe.garcia1155@example.com,0657440593,1988-12-23,Lyon,aucun,2026-02-28,oui
CL101156,Simon,Noah,noah.simon1156@example.com,0633031745,1987-03-08,Lyon,aucun,2025-10-15,
CL101157,Benali,Ilyes,ilyes.benali1157@example.com,0689475729,1978-06-06,Nantes,etudiant,2026-07-19,oui
CL101158,Simon,Jade,jade.simon1158@example.com,0652385311,1997-02-24,Lyon,mensuel,2025-12-28,non
CL101159,Dubois,Chloe,chloe.dubois1159@example.com,0666265066,1961-12-02,Lyon,aucun,2026-06-09,
CL101160,Bernard,Noah,noah.bernard1160@example.com,0641622194,2000-05-20,Nantes,annuel,2026-07-27,non
CL101161,Nguyen,Lea,lea.nguyen1161@example.com,0621200873,1995-06-11,Grenoble,aucun,2025-03-20,
CL101162,Fournier,Sofia,sofia.fournier1162@example.com,0630176634,1996-08-07,Lille,aucun,2026-04-23,oui
CL101163,Bernard,Ilyes,ilyes.bernard1163@example.com,0632674568,1998-06-03,Lille,aucun,2025-05-07,non
CL101164,Moreau,Gabriel,gabriel.moreau1164@example.com,0629911259,1996-06-19,Nantes,mensuel,2025-11-17,oui
CL101165,Dubois,Sofia,sofia.dubois1165@example.com,0656851145,1986-01-20,Lyon,aucun,2025-05-11,non
CL101166,Robert,Ines,ines.robert1166@example.com,0626961514,1961-04-05,Lyon,aucun,2025-11-26,non
CL101167,Nguyen,Lea,lea.nguyen1167@example.com,0650944314,1996-11-24,Lille,aucun,2026-09-08,non
CL101168,Girard,Lea,lea.girard1168@example.com,0640995011,1990-02-11,Lyon,etudiant,2026-01-02,
CL101169,Garcia,Chloe,chloe.garcia1169@example.com,0649148753,2002-07-23,Lille,mensuel,2026-08-05,
CL101170,Martin,Adam,adam.martin1170@example.com,0629615312,1971-02-23,Lille,etudiant,2026-09-09,non
CL101171,Moreau,Lea,lea.moreau1171@example.com,0628877620,1989-12-13,Grenoble,aucun,2026-08-09,
CL101172,Robert,Amira,amira.robert1172@example.com,0611054347,1965-08-30,Lyon,aucun,2025-08-22,
CL101173,Nguyen,Louise,louise.nguyen1173@example.com,0617568253,1996-07-05,Nantes,aucun,2025-06-16,non
CL101174,Petit,Ines,ines.petit1174@example.com,0689615775,1984-04-07,Grenoble,annuel,2026-02-26,oui
CL101175,Benali,Sofia,sofia.benali1175@example.com,0656813652,1966-11-15,Grenoble,aucun,2026-10-16,non
CL101176,Petit,Louise,louise.petit1176@example.com,0620175370,1965-10-11,Lille,aucun,2026-06-03,oui
CL101177,Moreau,Ines,ines.moreau1177@example.com,0639470392,1985-06-18,Nantes,etudiant,2026-08-06,non
CL101178,Laurent,Gabriel,gabriel.laurent1178@example.com,0616306454,1965-08-03,Grenoble,aucun,2026-03-05,oui
CL101179,Robert,Amira,amira.robert1179@example.com,0657544693,1990-03-16,Lyon,aucun,2026-10-07,
CL101180,Petit,Ilyes,ilyes.petit1180@example.com,0694009648,1994-04-10,Lille,mensuel,2026-09-06,
CL101181,Simon,Jade,jade.simon1181@example.com,0673537269,1961-12-17,Grenoble,mensuel,2025-11-14,
CL101182,Dubois,Hugo,hugo.dubois1182@example.com,0671858836,1990-07-09,Nantes,aucun,2025-12-27,
CL101183,Michel,Gabriel,gabriel.michel1183@example.com,0645430130,1984-03-07,Nantes,mensuel,2025-09-21,oui
CL101184,Girard,Amira,amira.girard1184@example.com,0662468908,1964-04-08,Lille,mensuel,2025-12-12,oui
CL101185,Michel,Adam,adam.michel1185@example.com,0651232998,2000-03-02,Lille,mensuel,2026-03-14,
CL101186,Garcia,Lea,lea.garcia1186@example.com,0656176027,1967-09-17,Lyon,aucun,2025-11-11,
CL101187,Dubois,Mehdi,mehdi.dubois1187@example.com,0694194160,1968-11-25,Lyon,annuel,2026-06-26,
CL101188,Fournier,Chloe,chloe.fournier1188@example.com,0643175657,1975-10-24,Nantes,aucun,2026-06-28,non
CL101189,Garcia,Louise,louise.garcia1189@example.com,0616047134,1968-12-29,Grenoble,aucun,2026-03-23,
CL101190,Bernard,Hugo,hugo.bernard1190@example.com,0678176638,1966-05-17,Nantes,mensuel,2025-09-13,non
CL101191,Dubois,Ilyes,ilyes.dubois1191@example.com,0655843143,1993-12-03,Lyon,annuel,2026-02-13,non
CL101192,Durand,Manon,manon.durand1192@example.com,0695616801,1991-01-30,Grenoble,aucun,2026-03-10,non
CL101193,Girard,Ilyes,ilyes.girard1193@example.com,0693766738,1976-07-02,Nantes,etudiant,2026-06-05,oui
CL101194,Durand,Chloe,chloe.durand1194@example.com,0690384640,1988-06-14,Lyon,annuel,2026-05-03,oui
CL101195,Roux,Noah,noah.roux1195@example.com,0690929105,1969-11-14,Lille,aucun,2026-01-03,non
CL101196,Durand,Lea,lea.durand1196@example.com,0668273489,1998-01-16,Lyon,aucun,2025-09-19,oui
CL101197,Laurent,Lea,lea.laurent1197@example.com,0662379807,1990-08-27,Lyon,aucun,2025-11-25,oui
CL101198,Girard,Noah,noah.girard1198@example.com,0650008445,1965-06-04,Lille,aucun,2026-01-28,oui
CL101199,Roux,Karim,karim.roux1199@example.com,0689427523,1971-05-31,Lille,annuel,2026-07-08,non
CL101200,Garcia,Manon,manon.garcia1200@example.com,0612997079,1973-12-23,Lyon,entreprise,2025-11-20,oui
CL101201,Bernard,Amira,amira.bernard1201@example.com,0658365472,1988-06-18,Grenoble,mensuel,2026-01-19,oui
CL101202,Girard,Noah,noah.girard1202@example.com,0610945748,1995-10-01,Lille,aucun,2025-03-07,non
CL101203,Fournier,Yanis,yanis.fournier1203@example.com,0648939313,1968-07-13,Lyon,mensuel,2025-04-09,
CL101204,Laurent,Jade,jade.laurent1204@example.com,0649994861,1990-09-22,Grenoble,mensuel,2025-05-26,oui
CL101205,Martin,Rayan,rayan.martin1205@example.com,0659059591,1960-03-19,Lyon,etudiant,2026-08-09,oui
CL101206,Robert,Sofia,sofia.robert1206@example.com,0660391146,1999-06-30,Lyon,aucun,2025-11-11,
CL101207,Roux,Hugo,hugo.roux1207@example.com,0645643431,1977-02-16,Lyon,mensuel,2025-04-06,non
CL101208,Moreau,Louise,louise.moreau1208@example.com,0635702771,1989-09-15,Nantes,mensuel,2026-01-11,non
CL101209,Garcia,Gabriel,gabriel.garcia1209@example.com,0643074389,1966-09-27,Lyon,aucun,2026-08-27,
CL101210,Benali,Gabriel,gabriel.benali1210@example.com,0676398109,1991-06-12,Lille,aucun,2026-02-09,oui
CL101211,Moreau,Noah,noah.moreau1211@example.com,0699201326,1994-03-05,Nantes,mensuel,2025-09-27,oui
CL101212,Petit,Jade,jade.petit1212@example.com,0646960356,1978-11-01,Lille,etudiant,2025-12-18,non
CL101213,Martin,Gabriel,gabriel.martin1213@example.com,0611652171,2001-06-17,Lille,aucun,2026-06-26,oui
CL101214,Moreau,Louise,louise.moreau1214@example.com,0642199301,1999-12-15,Lille,aucun,2025-11-18,non
CL101215,Michel,Karim,karim.michel1215@example.com,0668347547,1986-05-15,Grenoble,aucun,2026-09-10,non
CL101216,Laurent,Louise,louise.laurent1216@example.com,0645809257,1961-11-17,Nantes,aucun,2025-03-01,non
CL101217,Simon,Karim,karim.simon1217@example.com,0625212600,1993-03-27,Lille,mensuel,2026-04-18,
CL101218,Dubois,Hugo,hugo.dubois1218@example.com,0637677444,1975-09-05,Lyon,mensuel,2026-10-04,oui
CL101219,Petit,Amira,amira.petit1219@example.com,0629313128,1961-04-07,Nantes,aucun,2025-09-24,oui
CL101220,Laurent,Louise,louise.laurent1220@example.com,0664197381,1977-04-20,Lyon,aucun,2025-10-02,non
CL101221,Robert,Lea,lea.robert1221@example.com,0662032492,1962-09-19,Lille,mensuel,2026-03-08,non
CL101222,Garcia,Manon,manon.garcia1222@example.com,0653065834,1966-03-21,Grenoble,aucun,2025-06-24,non
CL101223,Nguyen,Manon,manon.nguyen1223@example.com,0699021829,1973-10-17,Lyon,aucun,2026-07-13,oui
CL101224,Moreau,Chloe,chloe.moreau1224@example.com,0684095243,1971-06-08,Lille,aucun,2025-10-23,oui
CL101225,Simon,Camille,camille.simon1225@example.com,0640937127,1998-11-11,Nantes,mensuel,2026-02-24,oui
CL101226,Michel,Manon,manon.michel1226@example.com,0690287741,1990-01-21,Nantes,etudiant,2025-05-31,non
CL101227,Simon,Mehdi,mehdi.simon1227@example.com,0698579347,1968-07-14,Lyon,etudiant,2026-04-24,oui
CL101228,Simon,Ilyes,ilyes.simon1228@example.com,0658941541,1995-10-21,Lyon,aucun,2026-10-08,non
CL101229,Petit,Rayan,rayan.petit1229@example.com,0644118037,1986-08-20,Nantes,aucun,2025-10-27,
CL101230,Fournier,Lea,lea.fournier1230@example.com,0636281355,1994-03-15,Grenoble,mensuel,2026-10-16,non
CL101231,Laurent,Jade,jade.laurent1231@example.com,0640089335,1969-09-17,Lyon,aucun,2026-07-08,oui
CL101232,Michel,Adam,adam.michel1232@example.com,0695322997,1987-02-20,Lyon,aucun,2026-08-03,oui
CL101233,Benali,Louise,louise.benali1233@example.com,0669080987,1985-11-02,Lille,aucun,2025-05-11,oui
CL101234,Roux,Hugo,hugo.roux1234@example.com,0699009738,2003-01-26,Nantes,aucun,2025-06-14,oui
CL101235,Martin,Ines,ines.martin1235@example.com,0695205839,1980-09-25,Lille,mensuel,2025-09-27,oui
CL101236,Nguyen,Ilyes,ilyes.nguyen1236@example.com,0679374840,1972-03-18,Lyon,aucun,2026-08-06,
CL101237,Dubois,Rayan,rayan.dubois1237@example.com,0611963216,1973-02-06,Lyon,aucun,2025-09-16,non
CL101238,Laurent,Gabriel,gabriel.laurent1238@example.com,0698700883,1997-01-18,Lille,mensuel,2026-10-17,non
CL101239,Martin,Ilyes,ilyes.martin1239@example.com,0666883266,1963-08-18,Lille,annuel,2025-08-03,oui
CL101240,Garcia,Gabriel,gabriel.garcia1240@example.com,0684067010,1975-01-05,Lille,annuel,2026-01-17,non
CL101241,Moreau,Karim,karim.moreau1241@example.com,0694836780,1979-03-22,Lille,annuel,2026-03-06,
CL101242,Girard,Adam,adam.girard1242@example.com,0699540911,1997-01-08,Lyon,aucun,2026-01-11,oui
CL101243,Benali,Yanis,yanis.benali1243@example.com,0663642914,2001-08-28,Lille,aucun,2026-06-03,
CL101244,Benali,Hugo,hugo.benali1244@example.com,0663877730,2003-10-20,Lyon,aucun,2025-12-21,non
CL101245,Fournier,Sofia,sofia.fournier1245@example.com,0680174984,1967-04-05,Lille,annuel,2025-07-14,
CL101246,Simon,Sofia,sofia.simon1246@example.com,0684404704,1964-06-16,Nantes,mensuel,2025-05-25,oui
CL101247,Robert,Jade,jade.robert1247@example.com,0623448429,1986-03-06,Nantes,aucun,2025-08-05,non
CL101248,Garcia,Yanis,yanis.garcia1248@example.com,0670367246,1972-03-04,Lyon,mensuel,2026-03-17,oui
CL101249,Moreau,Ilyes,ilyes.moreau1249@example.com,0649135746,1998-04-07,Nantes,mensuel,2026-07-12,
CL101250,Nguyen,Louise,louise.nguyen1250@example.com,0695329210,1968-02-20,Lille,entreprise,2026-02-08,
CL101251,Laurent,Louise,louise.laurent1251@example.com,0624202887,1995-01-03,Lyon,etudiant,2026-05-09,oui
CL101252,Bernard,Ilyes,ilyes.bernard1252@example.com,0614686320,1989-07-28,Lyon,annuel,2026-06-02,
CL101253,Martin,Ines,ines.martin1253@example.com,0660819648,1969-10-29,Nantes,etudiant,2025-11-28,non
CL101254,Nguyen,Camille,camille.nguyen1254@example.com,0662537369,1992-04-15,Grenoble,aucun,2026-06-29,non
CL101255,Durand,Camille,camille.durand1255@example.com,0664743010,1964-12-11,Lyon,annuel,2026-10-20,non
CL101256,Martin,Gabriel,gabriel.martin1256@example.com,0632054098,1981-06-04,Lille,aucun,2025-07-06,non
CL101257,Simon,Ines,ines.simon1257@example.com,0627436734,1987-03-18,Nantes,entreprise,2025-11-16,
CL101258,Petit,Ilyes,ilyes.petit1258@example.com,0693559073,1962-12-26,Nantes,mensuel,2025-10-31,non
CL101259,Durand,Gabriel,gabriel.durand1259@example.com,0612086967,1987-08-25,Lille,entreprise,2025-07-27,
CL101260,Robert,Gabriel,gabriel.robert1260@example.com,0696084938,1971-11-03,Grenoble,aucun,2025-10-10,
CL101261,Moreau,Amira,amira.moreau1261@example.com,0685777217,1971-08-06,Lyon,mensuel,2026-07-14,oui
CL101262,Bernard,Karim,karim.bernard1262@example.com,0691611229,1980-11-06,Nantes,aucun,2026-10-20,non
CL101263,Dubois,Gabriel,gabriel.dubois1263@example.com,0644643963,2001-12-22,Nantes,aucun,2025-08-26,non
CL101264,Nguyen,Rayan,rayan.nguyen1264@example.com,0675734654,1980-02-02,Lyon,mensuel,2025-07-01,
CL101265,Roux,Manon,manon.roux1265@example.com,0634597309,1996-10-20,Lyon,mensuel,2025-06-14,oui
CL101266,Robert,Manon,manon.robert1266@example.com,0673345050,1986-04-03,Grenoble,aucun,2026-01-07,oui
CL101267,Laurent,Ilyes,ilyes.laurent1267@example.com,0667216489,1979-11-10,Lyon,aucun,2025-11-22,
CL101268,Roux,Mehdi,mehdi.roux1268@example.com,0636443533,1975-05-16,Grenoble,entreprise,2026-10-14,oui
CL101269,Dubois,Noah,noah.dubois1269@example.com,0635933419,1965-01-07,Nantes,aucun,2026-10-14,non
CL101270,Benali,Lea,lea.benali1270@example.com,0638099742,1986-03-17,Lyon,mensuel,2026-07-10,
CL101271,Robert,Gabriel,gabriel.robert1271@example.com,0676167947,1982-11-20,Nantes,annuel,2026-09-07,
CL101272,Martin,Karim,karim.martin1272@example.com,0632202170,1966-03-04,Lille,annuel,2026-04-10,non
CL101273,Bernard,Sofia,sofia.bernard1273@example.com,0641562618,1967-05-02,Lille,aucun,2026-01-19,oui
CL101274,Roux,Louise,louise.roux1274@example.com,0696106410,1960-03-07,Lyon,mensuel,2025-05-02,non
CL101275,Robert,Hugo,hugo.robert1275@example.com,0689378690,1973-06-13,Lille,annuel,2026-04-26,non
CL101276,Girard,Camille,camille.girard1276@example.com,0659262315,1966-03-07,Grenoble,entreprise,2025-06-21,non
CL101277,Benali,Jade,jade.benali1277@example.com,0648503100,1995-02-04,Lyon,mensuel,2026-05-25,
CL101278,Simon,Yanis,yanis.simon1278@example.com,0691462161,1991-04-08,Lyon,annuel,2026-03-31,non
CL101279,Robert,Ilyes,ilyes.robert1279@example.com,0625875005,1964-08-09,Grenoble,aucun,2026-03-02,
CL101280,Fournier,Camille,camille.fournier1280@example.com,0656163954,1987-05-28,Nantes,annuel,2026-09-06,
CL101281,Bernard,Mehdi,mehdi.bernard1281@example.com,0695167815,1992-07-25,Grenoble,aucun,2026-03-12,
CL101282,Dubois,Adam,adam.dubois1282@example.com,0659413081,1966-08-20,Grenoble,mensuel,2026-09-12,
CL101283,Durand,Manon,manon.durand1283@example.com,0616230314,1974-06-11,Lyon,etudiant,2025-03-08,
CL101284,Robert,Amira,amira.robert1284@example.com,0699249115,1984-03-17,Grenoble,etudiant,2025-11-08,
CL101285,Bernard,Louise,louise.bernard1285@example.com,0612403228,1968-08-11,Lyon,etudiant,2026-01-29,non
CL101286,Petit,Sofia,sofia.petit1286@example.com,0660165436,1974-01-01,Lyon,aucun,2025-10-10,
CL101287,Roux,Ilyes,ilyes.roux1287@example.com,0633241036,1969-02-03,Nantes,annuel,2026-04-26,
CL101288,Fournier,Ines,ines.fournier1288@example.com,0669653468,1989-12-15,Lyon,annuel,2026-04-14,non
CL101289,Benali,Louise,louise.benali1289@example.com,0693555194,1969-07-23,Lyon,annuel,2025-08-24,oui
CL101290,Dubois,Lea,lea.dubois1290@example.com,0654194796,1995-11-06,Lyon,entreprise,2026-04-16,
CL101291,Petit,Noah,noah.petit1291@example.com,0670289935,1966-03-04,Nantes,etudiant,2026-08-16,oui
CL101292,Nguyen,Hugo,hugo.nguyen1292@example.com,0621051978,1996-04-25,Grenoble,aucun,2025-05-27,non
CL101293,Bernard,Hugo,hugo.bernard1293@example.com,0680905266,1964-09-02,Grenoble,aucun,2025-12-29,oui
CL101294,Bernard,Manon,manon.bernard1294@example.com,0637752808,1968-06-24,Nantes,mensuel,2025-12-21,non
CL101295,Benali,Ilyes,ilyes.benali1295@example.com,0652155417,1975-01-16,Lille,etudiant,2026-01-31,non
CL101296,Roux,Chloe,chloe.roux1296@example.com,0659876403,1974-01-12,Grenoble,mensuel,2025-09-09,oui
CL101297,Petit,Mehdi,mehdi.petit1297@example.com,0682864669,1995-09-25,Grenoble,aucun,2025-05-25,oui
CL101298,Nguyen,Mehdi,mehdi.nguyen1298@example.com,0630811354,1979-07-22,Lyon,etudiant,2026-03-07,
CL101299,Bernard,Hugo,hugo.bernard1299@example.com,0689115571,1981-04-13,Nantes,aucun,2025-03-07,non
CL101300,Fournier,Lea,lea.fournier1300@example.com,0626951988,1977-12-29,Lille,annuel,2025-08-20,oui
CL101301,Bernard,Jade,jade.bernard1301@example.com,0667557189,1996-01-11,Nantes,etudiant,2026-04-10,non
CL101302,Dubois,Ines,ines.dubois1302@example.com,0672540634,1976-01-12,Nantes,mensuel,2025-06-03,non
CL101303,Dubois,Noah,noah.dubois1303@example.com,0682826325,1963-05-16,Grenoble,mensuel,2025-07-23,oui
CL101304,Fournier,Yanis,yanis.fournier1304@example.com,0678574361,1986-12-31,Lyon,aucun,2026-09-11,non
CL101305,Robert,Karim,karim.robert1305@example.com,0663989809,1977-01-20,Lyon,annuel,2025-04-04,oui
CL101306,Moreau,Gabriel,gabriel.moreau1306@example.com,0662437425,1970-11-18,Lyon,mensuel,2025-12-28,
CL101307,Robert,Hugo,hugo.robert1307@example.com,0656175498,1978-05-10,Lyon,aucun,2026-03-16,
CL101308,Benali,Adam,adam.benali1308@example.com,0685961865,1997-11-12,Lyon,mensuel,2025-05-23,non
CL101309,Michel,Hugo,hugo.michel1309@example.com,0664025801,1987-05-01,Lyon,mensuel,2026-08-31,oui
CL101310,Martin,Ines,ines.martin1310@example.com,0643283754,1982-09-21,Grenoble,aucun,2025-09-20,oui
CL101311,Durand,Gabriel,gabriel.durand1311@example.com,0624845791,1977-07-08,Lyon,aucun,2025-09-15,
CL101312,Durand,Camille,camille.durand1312@example.com,0637465113,1978-02-01,Grenoble,aucun,2026-06-25,non
CL101313,Laurent,Mehdi,mehdi.laurent1313@example.com,0633079873,2003-03-01,Lyon,mensuel,2026-06-23,non
CL101314,Garcia,Rayan,rayan.garcia1314@example.com,0637468842,1990-06-09,Nantes,entreprise,2025-11-03,oui
CL101315,Roux,Mehdi,mehdi.roux1315@example.com,0691958916,1993-04-10,Lyon,aucun,2025-04-28,non
CL101316,Petit,Adam,adam.petit1316@example.com,0656256650,1991-12-28,Lyon,mensuel,2026-07-18,non
CL101317,Benali,Adam,adam.benali1317@example.com,0679960505,1963-05-02,Lyon,mensuel,2025-03-12,
CL101318,Simon,Hugo,hugo.simon1318@example.com,0654376892,1982-07-01,Grenoble,etudiant,2025-12-06,
CL101319,Petit,Ines,ines.petit1319@example.com,0620531823,1989-03-28,Nantes,mensuel,2026-10-21,
CL101320,Roux,Jade,jade.roux1320@example.com,0682384155,1973-10-06,Grenoble,annuel,2025-04-12,non
CL101321,Moreau,Rayan,rayan.moreau1321@example.com,0623668307,1975-02-21,Lille,etudiant,2026-05-12,
CL101322,Benali,Lea,lea.benali1322@example.com,0674006292,1977-06-18,Lyon,aucun,2025-07-24,oui
CL101323,Fournier,Adam,adam.fournier1323@example.com,0636277041,1966-04-29,Lille,mensuel,2025-06-12,
CL101324,Garcia,Ines,ines.garcia1324@example.com,0647438421,2003-01-12,Lyon,etudiant,2026-07-21,non
CL101325,Durand,Ilyes,ilyes.durand1325@example.com,0636547248,1969-02-04,Nantes,mensuel,2026-05-08,
CL101326,Martin,Amira,amira.martin1326@example.com,0669270397,1982-10-31,Grenoble,aucun,2025-09-24,non
CL101327,Petit,Chloe,chloe.petit1327@example.com,0689563347,1983-08-04,Grenoble,etudiant,2025-04-08,
CL101328,Roux,Louise,louise.roux1328@example.com,0648374263,2001-09-08,Lyon,mensuel,2025-08-29,
CL101329,Benali,Gabriel,gabriel.benali1329@example.com,0690425790,1992-02-29,Lyon,aucun,2025-08-26,
CL101330,Girard,Lea,lea.girard1330@example.com,0687179492,1963-09-16,Lyon,etudiant,2025-05-25,oui
CL101331,Simon,Mehdi,mehdi.simon1331@example.com,0653634387,1975-09-27,Lyon,etudiant,2026-08-02,non
CL101332,Durand,Ines,ines.durand1332@example.com,0668907163,1991-03-30,Nantes,aucun,2026-07-09,non
CL101333,Durand,Hugo,hugo.durand1333@example.com,0675606951,2001-03-19,Lyon,etudiant,2025-05-03,oui
CL101334,Moreau,Adam,adam.moreau1334@example.com,0676368906,1999-03-10,Lyon,entreprise,2026-05-07,oui
CL101335,Fournier,Chloe,chloe.fournier1335@example.com,0665930186,1968-02-02,Lille,aucun,2026-10-03,oui
CL101336,Martin,Manon,manon.martin1336@example.com,0664701694,2002-09-21,Lille,mensuel,2026-05-22,non
CL101337,Roux,Adam,adam.roux1337@example.com,0630033860,1994-08-28,Lyon,etudiant,2025-04-27,
CL101338,Nguyen,Chloe,chloe.nguyen1338@example.com,0687697500,1991-04-27,Lyon,etudiant,2025-07-13,non
CL101339,Simon,Adam,adam.simon1339@example.com,0677963935,1993-01-09,Grenoble,mensuel,2026-03-11,
CL101340,Durand,Noah,noah.durand1340@example.com,0661445340,1961-02-11,Lille,entreprise,2026-08-29,
CL101341,Dubois,Noah,noah.dubois1341@example.com,0698971500,1969-01-02,Lyon,aucun,2026-07-13,oui
CL101342,Garcia,Camille,camille.garcia1342@example.com,0615177444,1963-03-06,Lille,aucun,2026-04-14,non
CL101343,Bernard,Amira,amira.bernard1343@example.com,0666796725,1979-10-14,Nantes,annuel,2025-05-16,oui
CL101344,Petit,Ines,ines.petit1344@example.com,0666074921,2002-09-21,Lille,aucun,2026-08-10,
CL101345,Martin,Rayan,rayan.martin1345@example.com,0632447813,1979-03-29,Nantes,mensuel,2025-03-29,non
CL101346,Martin,Camille,camille.martin1346@example.com,0616888759,1990-03-09,Lyon,mensuel,2026-02-06,oui
CL101347,Simon,Manon,manon.simon1347@example.com,0646693508,1982-10-12,Lyon,aucun,2026-01-17,non
CL101348,Bernard,Adam,adam.bernard1348@example.com,0652555480,1965-07-20,Lyon,mensuel,2025-09-04,non
CL101349,Moreau,Karim,karim.moreau1349@example.com,0669034441,1986-03-01,Grenoble,aucun,2026-05-29,oui
CL101350,Robert,Chloe,chloe.robert1350@example.com,0617194541,1988-07-21,Lyon,annuel,2026-09-04,
CL101351,Simon,Rayan,rayan.simon1351@example.com,0670201945,1974-08-27,Nantes,entreprise,2025-10-12,oui
CL101352,Roux,Ines,ines.roux1352@example.com,0620614723,1969-01-09,Lille,aucun,2026-04-09,non
CL101353,Nguyen,Chloe,chloe.nguyen1353@example.com,0683900845,1999-08-11,Lille,annuel,2026-01-29,
CL101354,Robert,Amira,amira.robert1354@example.com,0631664334,1970-12-21,Lyon,etudiant,2026-06-17,oui
CL101355,Girard,Karim,karim.girard1355@example.com,0698406537,1996-03-22,Grenoble,mensuel,2025-08-06,non
CL101356,Robert,Louise,louise.robert1356@example.com,0698412460,1999-08-22,Lyon,aucun,2025-12-06,
CL101357,Nguyen,Noah,noah.nguyen1357@example.com,0680418970,1962-11-06,Nantes,aucun,2025-05-17,
CL101358,Garcia,Rayan,rayan.garcia1358@example.com,0682385309,1985-03-23,Lyon,etudiant,2025-03-30,
CL101359,Dubois,Camille,camille.dubois1359@example.com,0667283200,1961-09-18,Lyon,annuel,2026-02-20,
CL101360,Dubois,Ines,ines.dubois1360@example.com,0641897230,1999-10-21,Lyon,aucun,2025-09-19,
CL101361,Simon,Ines,ines.simon1361@example.com,0643411291,1960-08-16,Lyon,aucun,2026-08-14,oui
CL101362,Dubois,Ines,ines.dubois1362@example.com,0626412040,1967-09-26,Nantes,aucun,2026-10-05,non
CL101363,Nguyen,Hugo,hugo.nguyen1363@example.com,0659223719,1966-10-29,Nantes,aucun,2025-04-17,
CL101364,Garcia,Ilyes,ilyes.garcia1364@example.com,0623587987,1984-11-04,Nantes,mensuel,2025-11-12,oui
CL101365,Simon,Ilyes,ilyes.simon1365@example.com,0632675165,1974-04-02,Lille,aucun,2026-04-20,oui
CL101366,Laurent,Hugo,hugo.laurent1366@example.com,0688937180,1982-03-23,Lille,annuel,2026-08-21,
CL101367,Roux,Hugo,hugo.roux1367@example.com,0699010368,1987-11-19,Grenoble,aucun,2026-08-02,oui
CL101368,Girard,Manon,manon.girard1368@example.com,0614327540,1965-02-22,Lyon,mensuel,2025-08-12,non
CL101369,Petit,Louise,louise.petit1369@example.com,0690076875,1992-05-30,Grenoble,annuel,2026-02-03,oui
CL101370,Moreau,Jade,jade.moreau1370@example.com,0686771164,1968-05-30,Nantes,aucun,2025-12-04,oui
CL101371,Dubois,Noah,noah.dubois1371@example.com,0673180319,1962-12-24,Lyon,aucun,2026-03-17,non
CL101372,Laurent,Ilyes,ilyes.laurent1372@example.com,0688254484,1963-09-01,Nantes,aucun,2025-10-26,non
CL101373,Fournier,Manon,manon.fournier1373@example.com,0691380868,2002-06-25,Lyon,aucun,2026-10-10,non
CL101374,Fournier,Karim,karim.fournier1374@example.com,0641703967,1977-08-17,Lyon,annuel,2025-11-30,oui
CL101375,Fournier,Lea,lea.fournier1375@example.com,0675932801,1971-04-14,Lyon,aucun,2025-04-06,non
CL101376,Girard,Karim,karim.girard1376@example.com,0679449371,1988-05-10,Lille,annuel,2025-06-12,oui
CL101377,Petit,Gabriel,gabriel.petit1377@example.com,0626768570,1992-08-03,Nantes,mensuel,2025-08-18,oui
CL101378,Michel,Yanis,yanis.michel1378@example.com,0650524033,1995-11-11,Nantes,mensuel,2026-09-29,
CL101379,Benali,Ines,ines.benali1379@example.com,0698569687,1966-01-16,Nantes,annuel,2026-09-13,
CL101380,Benali,Louise,louise.benali1380@example.com,0644725201,1967-04-25,Lyon,aucun,2026-10-04,non
CL101381,Nguyen,Manon,manon.nguyen1381@example.com,0694315889,1992-05-06,Lille,mensuel,2025-07-13,non
CL101382,Michel,Karim,karim.michel1382@example.com,0647854509,1978-04-12,Lyon,mensuel,2026-01-13,oui
CL101383,Nguyen,Mehdi,mehdi.nguyen1383@example.com,0613150554,2002-10-14,Lyon,etudiant,2026-07-12,
CL101384,Dubois,Jade,jade.dubois1384@example.com,0652595834,1993-09-15,Grenoble,mensuel,2026-10-18,
CL101385,Girard,Gabriel,gabriel.girard1385@example.com,0692356334,1977-05-20,Nantes,mensuel,2025-07-16,oui
CL101386,Nguyen,Manon,manon.nguyen1386@example.com,0684595190,1988-05-19,Lyon,etudiant,2026-08-10,oui
CL101387,Moreau,Amira,amira.moreau1387@example.com,0630001603,1962-07-11,Lyon,aucun,2025-11-11,
CL101388,Girard,Louise,louise.girard1388@example.com,0673207987,2003-04-18,Grenoble,etudiant,2025-12-01,non
CL101389,Bernard,Manon,manon.bernard1389@example.com,0695802068,1968-05-28,Lille,annuel,2025-09-13,non
CL101390,Laurent,Lea,lea.laurent1390@example.com,0666179693,1976-09-06,Nantes,mensuel,2026-09-15,oui
CL101391,Garcia,Rayan,rayan.garcia1391@example.com,0659855865,1985-10-11,Lyon,aucun,2026-03-14,
CL101392,Laurent,Yanis,yanis.laurent1392@example.com,0625824511,1961-02-12,Grenoble,mensuel,2026-08-17,non
CL101393,Robert,Yanis,yanis.robert1393@example.com,0697577330,1962-01-05,Nantes,aucun,2025-05-22,non
CL101394,Girard,Rayan,rayan.girard1394@example.com,0651626552,1995-08-03,Lyon,aucun,2025-08-19,
CL101395,Moreau,Camille,camille.moreau1395@example.com,0641268833,1980-01-18,Lyon,etudiant,2025-09-17,
CL101396,Laurent,Rayan,rayan.laurent1396@example.com,0642124805,1985-12-17,Grenoble,etudiant,2026-05-06,
CL101397,Simon,Lea,lea.simon1397@example.com,0676766281,1980-01-21,Grenoble,aucun,2026-09-10,non
CL101398,Robert,Lea,lea.robert1398@example.com,0638633860,1978-09-19,Nantes,annuel,2025-03-19,
CL101399,Garcia,Camille,camille.garcia1399@example.com,0628722624,1975-06-30,Lyon,aucun,2025-12-12,oui
CL101400,Michel,Chloe,chloe.michel1400@example.com,0641834976,1978-12-26,Lille,aucun,2025-07-16,non
CL101401,Durand,Camille,camille.durand1401@example.com,0653187851,1981-02-18,Nantes,annuel,2026-07-17,
CL101402,Roux,Manon,manon.roux1402@example.com,0618512773,1962-03-15,Lyon,aucun,2025-03-18,
CL101403,Bernard,Manon,manon.bernard1403@example.com,0633809131,2002-08-29,Lille,aucun,2025-06-08,oui
CL101404,Dubois,Chloe,chloe.dubois1404@example.com,0696713829,1966-11-26,Nantes,aucun,2026-10-11,oui
CL101405,Petit,Karim,karim.petit1405@example.com,0626271958,1971-01-19,Lyon,annuel,2025-06-26,
CL101406,Dubois,Rayan,rayan.dubois1406@example.com,0662724484,1970-05-27,Grenoble,mensuel,2026-10-04,
CL101407,Martin,Adam,adam.martin1407@example.com,0635591409,2000-06-02,Lille,entreprise,2025-10-11,oui
CL101408,Moreau,Amira,amira.moreau1408@example.com,0693733009,1997-02-17,Lyon,annuel,2025-12-15,non
CL101409,Dubois,Jade,jade.dubois1409@example.com,0648480827,1986-03-06,Nantes,mensuel,2025-04-18,
CL101410,Durand,Chloe,chloe.durand1410@example.com,0670539910,1975-06-10,Lyon,etudiant,2025-11-23,non
CL101411,Robert,Lea,lea.robert1411@example.com,0615598476,1987-10-30,Nantes,aucun,2025-12-05,non
CL101412,Moreau,Ilyes,ilyes.moreau1412@example.com,0619382000,1993-07-12,Lille,aucun,2026-03-31,non
CL101413,Moreau,Amira,amira.moreau1413@example.com,0687169231,1973-02-19,Lyon,mensuel,2026-06-07,oui
CL101414,Benali,Ilyes,ilyes.benali1414@example.com,0619337630,1960-06-25,Grenoble,aucun,2026-05-17,
CL101415,Laurent,Rayan,rayan.laurent1415@example.com,0688533305,1965-01-17,Nantes,aucun,2025-05-10,non
CL101416,Roux,Gabriel,gabriel.roux1416@example.com,0664647517,1983-02-19,Lille,annuel,2026-01-31,
CL101417,Girard,Sofia,sofia.girard1417@example.com,0647084545,1981-03-05,Lyon,aucun,2025-10-23,
CL101418,Girard,Yanis,yanis.girard1418@example.com,0691001826,1994-01-01,Grenoble,annuel,2025-12-03,oui
CL101419,Petit,Sofia,sofia.petit1419@example.com,0633989028,1974-03-08,Grenoble,aucun,2025-12-24,oui
CL101420,Girard,Camille,camille.girard1420@example.com,0661190935,1980-11-28,Lyon,aucun,2025-11-20,non
CL101421,Bernard,Ines,ines.bernard1421@example.com,0679893757,1984-01-08,Grenoble,entreprise,2026-06-29,
CL101422,Bernard,Jade,jade.bernard1422@example.com,0640418756,1973-01-06,Lyon,annuel,2025-09-08,oui
CL101423,Michel,Rayan,rayan.michel1423@example.com,0618001945,1981-08-23,Nantes,annuel,2026-10-09,oui
CL101424,Laurent,Rayan,rayan.laurent1424@example.com,0624842068,2001-09-05,Nantes,aucun,2025-07-01,oui
CL101425,Robert,Noah,noah.robert1425@example.com,0625059520,1974-10-08,Grenoble,annuel,2025-07-20,non
CL101426,Simon,Chloe,chloe.simon1426@example.com,0613616957,1980-01-21,Lille,aucun,2025-05-22,
CL101427,Martin,Chloe,chloe.martin1427@example.com,0683413333,1993-03-10,Lyon,aucun,2026-01-21,non
CL101428,Martin,Camille,camille.martin1428@example.com,0642936883,1980-05-03,Nantes,annuel,2025-04-17,non
CL101429,Fournier,Hugo,hugo.fournier1429@example.com,0689159707,1988-10-18,Grenoble,mensuel,2025-05-21,
CL101430,Michel,Yanis,yanis.michel1430@example.com,0646981823,1999-05-04,Lyon,etudiant,2025-09-24,oui
CL101431,Simon,Karim,karim.simon1431@example.com,0677401333,1972-06-03,Grenoble,aucun,2025-07-14,oui
CL101432,Garcia,Hugo,hugo.garcia1432@example.com,0670929824,1966-05-27,Nantes,entreprise,2025-06-22,
CL101433,Garcia,Karim,karim.garcia1433@example.com,0683343856,1965-04-12,Lyon,annuel,2025-07-05,
CL101434,Dubois,Yanis,yanis.dubois1434@example.com,0646913241,1975-10-13,Grenoble,entreprise,2025-12-08,
CL101435,Girard,Karim,karim.girard1435@example.com,0675637610,1961-12-31,Nantes,etudiant,2025-07-11,non
CL101436,Moreau,Gabriel,gabriel.moreau1436@example.com,0692249430,1981-05-05,Nantes,aucun,2025-07-20,non
CL101437,Fournier,Amira,amira.fournier1437@example.com,0688174297,1987-10-22,Nantes,aucun,2025-03-07,
CL101438,Dubois,Manon,manon.dubois1438@example.com,0657010552,1995-07-22,Lille,entreprise,2025-05-23,oui
CL101439,Martin,Chloe,chloe.martin1439@example.com,0649840415,1983-04-08,Lille,aucun,2025-11-17,oui
CL101440,Moreau,Yanis,yanis.moreau1440@example.com,0698010361,1961-09-25,Grenoble,annuel,2026-05-10,non
CL101441,Martin,Mehdi,mehdi.martin1441@example.com,0654374362,1970-10-08,Grenoble,aucun,2025-03-15,oui
CL101442,Garcia,Mehdi,mehdi.garcia1442@example.com,0616336082,1996-02-25,Nantes,aucun,2026-02-01,oui
CL101443,Simon,Sofia,sofia.simon1443@example.com,0664915119,1965-08-10,Nantes,etudiant,2025-09-14,non
CL101444,Roux,Lea,lea.roux1444@example.com,0669886528,1966-12-16,Lille,aucun,2026-01-07,non
CL101445,Durand,Camille,camille.durand1445@example.com,0629823394,1992-03-25,Lyon,mensuel,2025-08-27,oui
CL101446,Petit,Ilyes,ilyes.petit1446@example.com,0686119869,1992-01-13,Nantes,aucun,2025-03-09,
CL101447,Laurent,Yanis,yanis.laurent1447@example.com,0685159891,1966-06-01,Nantes,mensuel,2025-12-29,
CL101448,Durand,Karim,karim.durand1448@example.com,0644953200,1985-07-16,Lille,aucun,2025-10-27,non
CL101449,Michel,Ines,ines.michel1449@example.com,0616875541,1972-10-02,Nantes,aucun,2026-01-20,non
CL101450,Fournier,Adam,adam.fournier1450@example.com,0678816272,1989-02-26,Nantes,mensuel,2025-06-17,
CL101451,Moreau,Adam,adam.moreau1451@example.com,0653500394,1963-06-05,Nantes,annuel,2026-01-24,
CL101452,Fournier,Lea,lea.fournier1452@example.com,0666039206,1990-11-07,Nantes,mensuel,2026-02-13,non
CL101453,Bernard,Lea,lea.bernard1453@example.com,0671126322,1970-03-19,Lille,mensuel,2026-04-14,non
CL101454,Martin,Lea,lea.martin1454@example.com,0614010216,1968-09-06,Nantes,aucun,2026-01-01,non
CL101455,Durand,Ines,ines.durand1455@example.com,0638381214,1972-02-22,Lille,annuel,2026-05-20,
CL101456,Petit,Rayan,rayan.petit1456@example.com,0651465120,1975-10-17,Lyon,aucun,2025-08-06,oui
CL101457,Durand,Camille,camille.durand1457@example.com,0620567418,1971-07-04,Lyon,mensuel,2026-09-13,non
CL101458,Martin,Manon,manon.martin1458@example.com,0689690852,1991-09-29,Lyon,aucun,2025-05-26,non
CL101459,Robert,Lea,lea.robert1459@example.com,0670491043,1994-08-14,Lyon,aucun,2026-08-27,
CL101460,Nguyen,Gabriel,gabriel.nguyen1460@example.com,0622515380,1974-04-15,Lyon,aucun,2025-04-06,
CL101461,Robert,Karim,karim.robert1461@example.com,0696935298,2000-05-02,Nantes,mensuel,2025-12-18,non
CL101462,Fournier,Rayan,rayan.fournier1462@example.com,0645220606,1987-02-06,Grenoble,aucun,2025-08-05,oui
CL101463,Robert,Hugo,hugo.robert1463@example.com,0682085718,1990-04-11,Nantes,aucun,2026-08-07,non
CL101464,Durand,Camille,camille.durand1464@example.com,0671954992,1967-07-07,Grenoble,aucun,2026-09-03,non
CL101465,Simon,Lea,lea.simon1465@example.com,0667558769,1982-05-10,Lyon,etudiant,2026-05-04,
CL101466,Benali,Adam,adam.benali1466@example.com,0654143651,2001-02-20,Grenoble,aucun,2026-06-17,
CL101467,Garcia,Yanis,yanis.garcia1467@example.com,0652352561,1963-01-17,Nantes,aucun,2025-03-25,oui
CL101468,Benali,Gabriel,gabriel.benali1468@example.com,0644073836,1991-05-13,Grenoble,aucun,2025-04-15,
CL101469,Martin,Yanis,yanis.martin1469@example.com,0683919466,1965-11-10,Grenoble,annuel,2026-02-15,non
CL101470,Girard,Manon,manon.girard1470@example.com,0688282848,1965-01-02,Lille,annuel,2026-06-08,non
CL101471,Roux,Sofia,sofia.roux1471@example.com,0636877349,2003-05-31,Grenoble,etudiant,2026-04-17,
CL101472,Nguyen,Noah,noah.nguyen1472@example.com,0693865262,1963-06-28,Nantes,aucun,2026-05-23,oui
CL101473,Nguyen,Mehdi,mehdi.nguyen1473@example.com,0647123665,1973-02-07,Nantes,mensuel,2026-07-29,oui
CL101474,Roux,Camille,camille.roux1474@example.com,0681690783,1984-09-25,Lille,aucun,2026-06-23,non
CL101475,Roux,Louise,louise.roux1475@example.com,0637285606,1960-11-05,Nantes,aucun,2026-01-29,
CL101476,Robert,Ilyes,ilyes.robert1476@example.com,0645666596,1977-08-08,Nantes,mensuel,2026-07-03,oui
CL101477,Martin,Adam,adam.martin1477@example.com,0628799408,1965-03-06,Nantes,etudiant,2026-02-06,
CL101478,Robert,Noah,noah.robert1478@example.com,0673918777,1977-01-11,Grenoble,mensuel,2025-04-28,non
CL101479,Laurent,Jade,jade.laurent1479@example.com,0612213074,1978-09-26,Lille,mensuel,2026-03-19,
CL101480,Roux,Manon,manon.roux1480@example.com,0646719599,1961-01-07,Lyon,annuel,2025-08-24,oui
CL101481,Durand,Manon,manon.durand1481@example.com,0612263530,1982-08-23,Lyon,annuel,2026-01-24,
CL101482,Dubois,Noah,noah.dubois1482@example.com,0649071494,1988-12-23,Lille,aucun,2026-05-24,non
CL101483,Martin,Yanis,yanis.martin1483@example.com,0647163840,1997-06-26,Lyon,entreprise,2026-05-06,non
CL101484,Simon,Mehdi,mehdi.simon1484@example.com,0665460789,1977-09-20,Nantes,annuel,2025-10-16,
CL101485,Bernard,Sofia,sofia.bernard1485@example.com,0656824755,1998-05-14,Lyon,etudiant,2025-05-11,
CL101486,Bernard,Ines,ines.bernard1486@example.com,0678103188,1963-06-05,Grenoble,aucun,2025-03-23,
CL101487,Benali,Rayan,rayan.benali1487@example.com,0699785500,1962-11-15,Lyon,annuel,2025-06-25,non
CL101488,Michel,Camille,camille.michel1488@example.com,0627137879,1968-07-29,Lyon,aucun,2025-12-04,oui
CL101489,Girard,Ilyes,ilyes.girard1489@example.com,0683784128,1993-11-22,Lille,aucun,2026-09-08,
CL101490,Durand,Noah,noah.durand1490@example.com,0670861178,2000-07-23,Nantes,entreprise,2026-09-12,
CL101491,Durand,Jade,jade.durand1491@example.com,0699046632,1999-06-11,Lille,aucun,2025-03-30,oui
CL101492,Petit,Manon,manon.petit1492@example.com,0649824422,1970-11-12,Lille,aucun,2026-06-29,oui
CL101493,Nguyen,Rayan,rayan.nguyen1493@example.com,0664357328,1981-01-27,Grenoble,aucun,2025-07-10,non
CL101494,Simon,Sofia,sofia.simon1494@example.com,0630796422,2002-06-19,Lyon,aucun,2026-08-03,oui
CL101495,Moreau,Ines,ines.moreau1495@example.com,0676423481,1964-05-29,Lille,etudiant,2025-12-14,
CL101496,Durand,Louise,louise.durand1496@example.com,0654159090,2003-06-30,Nantes,mensuel,2026-08-03,oui
CL101497,Roux,Chloe,chloe.roux1497@example.com,0652586767,1993-05-13,Grenoble,etudiant,2026-01-21,
CL101498,Benali,Gabriel,gabriel.benali1498@example.com,0623921059,1974-09-15,Nantes,aucun,2026-10-05,oui
CL101499,Laurent,Manon,manon.laurent1499@example.com,0671530707,1975-04-03,Lille,aucun,2026-02-20,
CL101500,Robert,Noah,noah.robert1500@example.com,0626567801,1996-12-18,Nantes,aucun,2025-10-07,non
CL101501,Petit,Yanis,yanis.petit1501@example.com,0611912765,2003-10-15,Lyon,aucun,2026-07-21,
CL101502,Bernard,Gabriel,gabriel.bernard1502@example.com,0684030777,1972-07-20,Nantes,aucun,2026-05-12,non
CL101503,Durand,Noah,noah.durand1503@example.com,0693838499,1992-09-27,Lille,aucun,2025-12-18,oui
CL101504,Girard,Amira,amira.girard1504@example.com,0621324969,1995-05-10,Nantes,aucun,2025-12-12,non
CL101505,Roux,Hugo,hugo.roux1505@example.com,0627663158,1980-06-23,Lyon,aucun,2026-01-18,oui
CL101506,Robert,Adam,adam.robert1506@example.com,0632225727,1997-09-03,Grenoble,mensuel,2026-05-29,
CL101507,Garcia,Ilyes,ilyes.garcia1507@example.com,0663817542,1976-09-15,Lille,mensuel,2026-01-11,non
CL101508,Petit,Hugo,hugo.petit1508@example.com,0637807023,1986-03-29,Nantes,aucun,2025-04-21,non
CL101509,Fournier,Karim,karim.fournier1509@example.com,0625665860,1985-09-06,Lyon,mensuel,2026-05-16,
CL101510,Garcia,Ilyes,ilyes.garcia1510@example.com,0670769958,1992-12-15,Lyon,aucun,2026-03-13,
CL101511,Moreau,Adam,adam.moreau1511@example.com,0670752504,1994-04-19,Grenoble,aucun,2026-04-28,non
CL101512,Petit,Chloe,chloe.petit1512@example.com,0694792075,1992-11-13,Lyon,aucun,2025-12-12,non
CL101513,Michel,Noah,noah.michel1513@example.com,0661814981,1999-10-06,Grenoble,mensuel,2026-05-03,non
CL101514,Laurent,Rayan,rayan.laurent1514@example.com,0693235698,1968-02-22,Lyon,aucun,2025-06-29,
CL101515,Garcia,Lea,lea.garcia1515@example.com,0613663952,1961-08-06,Lyon,aucun,2026-04-22,non
CL101516,Moreau,Manon,manon.moreau1516@example.com,0678655740,1973-02-06,Grenoble,mensuel,2026-04-26,oui
CL101517,Girard,Lea,lea.girard1517@example.com,0638014336,2002-08-07,Lyon,mensuel,2025-12-10,non
CL101518,Simon,Adam,adam.simon1518@example.com,0648458700,1971-09-08,Grenoble,aucun,2025-05-17,non
CL101519,Moreau,Camille,camille.moreau1519@example.com,0616171075,1968-08-12,Nantes,aucun,2025-08-01,non
CL101520,Roux,Karim,karim.roux1520@example.com,0626253708,1965-02-15,Grenoble,mensuel,2025-10-18,oui
CL101521,Durand,Hugo,hugo.durand1521@example.com,0671831008,1988-08-20,Grenoble,mensuel,2026-05-30,non
CL101522,Bernard,Mehdi,mehdi.bernard1522@example.com,0638149343,1960-02-04,Grenoble,aucun,2026-09-21,non
CL101523,Bernard,Ines,ines.bernard1523@example.com,0644510663,1994-08-20,Lyon,aucun,2026-09-02,oui
CL101524,Fournier,Chloe,chloe.fournier1524@example.com,0674869260,1999-12-14,Lille,aucun,2026-03-20,non
CL101525,Robert,Camille,camille.robert1525@example.com,0676385231,2001-12-16,Lyon,mensuel,2026-09-07,non
CL101526,Dubois,Ilyes,ilyes.dubois1526@example.com,0675004414,1998-11-01,Grenoble,aucun,2026-10-01,non
CL101527,Petit,Adam,adam.petit1527@example.com,0629756655,1970-10-01,Grenoble,mensuel,2026-06-18,
CL101528,Michel,Karim,karim.michel1528@example.com,0661780342,1983-07-07,Nantes,annuel,2025-06-07,
CL101529,Bernard,Hugo,hugo.bernard1529@example.com,0619309309,1960-03-06,Lyon,entreprise,2026-07-26,oui
CL101530,Robert,Lea,lea.robert1530@example.com,0627629772,2001-06-02,Lyon,etudiant,2026-05-22,
CL101531,Moreau,Amira,amira.moreau1531@example.com,0661834762,1968-08-14,Lille,mensuel,2025-07-22,oui
CL101532,Robert,Noah,noah.robert1532@example.com,0670848778,1980-09-10,Lyon,etudiant,2025-11-11,
CL101533,Moreau,Sofia,sofia.moreau1533@example.com,0695108112,1977-02-22,Nantes,etudiant,2025-08-02,
CL101534,Roux,Amira,amira.roux1534@example.com,0654106889,1963-08-05,Lyon,etudiant,2025-11-24,non
CL101535,Robert,Rayan,rayan.robert1535@example.com,0630104567,1965-01-16,Nantes,mensuel,2025-08-29,
CL101536,Fournier,Louise,louise.fournier1536@example.com,0631873132,1965-03-28,Lille,mensuel,2025-12-31,non
CL101537,Petit,Noah,noah.petit1537@example.com,0681684487,1993-02-08,Lille,annuel,2026-04-02,non
CL101538,Bernard,Karim,karim.bernard1538@example.com,0613852052,1998-03-09,Grenoble,aucun,2025-04-10,
CL101539,Dubois,Karim,karim.dubois1539@example.com,0618146677,1980-05-25,Lyon,mensuel,2025-12-19,non
CL101540,Martin,Sofia,sofia.martin1540@example.com,0614879754,1968-08-17,Lyon,etudiant,2025-03-04,oui
CL101541,Nguyen,Louise,louise.nguyen1541@example.com,0669134026,1976-12-10,Lille,aucun,2026-02-14,
CL101542,Robert,Hugo,hugo.robert1542@example.com,0656371668,1989-11-28,Grenoble,annuel,2025-05-27,
CL101543,Fournier,Rayan,rayan.fournier1543@example.com,0641049212,2001-04-30,Lille,aucun,2026-07-05,
CL101544,Martin,Lea,lea.martin1544@example.com,0697909583,1974-11-11,Nantes,annuel,2025-05-07,non
CL101545,Nguyen,Ines,ines.nguyen1545@example.com,0619724093,2002-06-02,Lyon,aucun,2025-09-03,non
CL101546,Moreau,Chloe,chloe.moreau1546@example.com,0690757794,1976-12-08,Grenoble,aucun,2025-10-18,
CL101547,Nguyen,Ines,ines.nguyen1547@example.com,0659976515,1967-06-19,Lyon,mensuel,2026-06-27,non
CL101548,Moreau,Sofia,sofia.moreau1548@example.com,0613020267,1974-12-12,Lille,aucun,2026-02-14,non
CL101549,Michel,Chloe,chloe.michel1549@example.com,0670175614,1979-07-23,Nantes,aucun,2026-04-25,non
CL101550,Garcia,Louise,louise.garcia1550@example.com,0682950976,1967-12-27,Lyon,aucun,2025-07-01,oui
CL101551,Bernard,Rayan,rayan.bernard1551@example.com,0658731346,1999-02-27,Lyon,mensuel,2026-03-18,
CL101552,Simon,Yanis,yanis.simon1552@example.com,0659351251,1972-07-24,Grenoble,aucun,2026-07-01,oui
CL101553,Robert,Mehdi,mehdi.robert1553@example.com,0694436714,1969-08-11,Lille,etudiant,2025-11-03,non
CL101554,Robert,Jade,jade.robert1554@example.com,0691608670,1986-07-17,Grenoble,etudiant,2025-10-22,oui
CL101555,Benali,Noah,noah.benali1555@example.com,0698686310,1988-09-13,Nantes,aucun,2025-06-04,oui
CL101556,Girard,Noah,noah.girard1556@example.com,0662553546,1971-12-27,Lyon,mensuel,2025-07-21,oui
CL101557,Garcia,Karim,karim.garcia1557@example.com,0669589543,1990-02-09,Lyon,mensuel,2025-08-20,oui
CL101558,Benali,Rayan,rayan.benali1558@example.com,0674740798,1999-08-13,Lille,aucun,2025-05-02,non
CL101559,Michel,Yanis,yanis.michel1559@example.com,0613077059,1986-04-01,Lyon,aucun,2026-04-29,non
CL101560,Dubois,Gabriel,gabriel.dubois1560@example.com,0636265060,1993-12-18,Lyon,etudiant,2025-12-27,
CL101561,Robert,Ilyes,ilyes.robert1561@example.com,0663437990,1994-05-30,Lille,etudiant,2025-03-09,oui
CL101562,Michel,Sofia,sofia.michel1562@example.com,0650375453,1989-06-23,Lille,mensuel,2025-03-29,
CL101563,Benali,Karim,karim.benali1563@example.com,0647246182,1968-09-30,Grenoble,aucun,2026-05-17,oui
CL101564,Michel,Gabriel,gabriel.michel1564@example.com,0693874595,1980-11-22,Grenoble,mensuel,2026-02-01,non
CL101565,Martin,Manon,manon.martin1565@example.com,0682044861,2001-08-26,Nantes,aucun,2025-11-10,oui
CL101566,Bernard,Rayan,rayan.bernard1566@example.com,0697284169,1991-04-19,Lille,entreprise,2025-06-03,oui
CL101567,Durand,Amira,amira.durand1567@example.com,0675289001,1982-03-14,Grenoble,etudiant,2025-05-09,
CL101568,Robert,Chloe,chloe.robert1568@example.com,0674679903,1982-02-20,Grenoble,etudiant,2026-08-08,oui
CL101569,Girard,Hugo,hugo.girard1569@example.com,0683956914,1970-07-19,Lille,etudiant,2026-03-22,
CL101570,Michel,Manon,manon.michel1570@example.com,0662246531,1964-01-03,Nantes,aucun,2026-03-12,
CL101571,Michel,Manon,manon.michel1571@example.com,0657760543,1962-02-15,Lyon,aucun,2026-04-06,
CL101572,Robert,Gabriel,gabriel.robert1572@example.com,0677233213,1990-02-20,Grenoble,etudiant,2026-04-23,non
CL101573,Dubois,Camille,camille.dubois1573@example.com,0678565755,1989-03-21,Nantes,mensuel,2025-12-20,
CL101574,Durand,Gabriel,gabriel.durand1574@example.com,0628278363,1980-11-20,Lyon,mensuel,2025-05-04,non
CL101575,Moreau,Chloe,chloe.moreau1575@example.com,0669480162,1962-03-12,Grenoble,etudiant,2026-03-31,non
CL101576,Laurent,Karim,karim.laurent1576@example.com,0654057845,1966-02-13,Nantes,aucun,2026-05-21,non
CL101577,Robert,Adam,adam.robert1577@example.com,0672092709,1967-08-15,Lille,aucun,2026-05-23,non
CL101578,Durand,Sofia,sofia.durand1578@example.com,0656267832,1997-11-28,Lyon,mensuel,2025-12-08,oui
CL101579,Benali,Ines,ines.benali1579@example.com,0698703678,1966-01-03,Lyon,aucun,2026-02-07,oui
CL101580,Simon,Karim,karim.simon1580@example.com,0675433398,2003-09-05,Lyon,aucun,2026-10-03,non
CL101581,Fournier,Hugo,hugo.fournier1581@example.com,0692187326,1962-09-22,Lille,aucun,2025-07-10,oui
CL101582,Girard,Louise,louise.girard1582@example.com,0617533921,1990-08-28,Lyon,mensuel,2026-04-24,
CL101583,Martin,Chloe,chloe.martin1583@example.com,0659615948,1985-07-01,Lille,mensuel,2026-01-18,oui
CL101584,Dubois,Yanis,yanis.dubois1584@example.com,0622852326,1981-05-15,Lille,aucun,2026-08-31,oui
CL101585,Robert,Lea,lea.robert1585@example.com,0683427303,1988-02-12,Lyon,aucun,2025-11-15,oui
CL101586,Dubois,Gabriel,gabriel.dubois1586@example.com,0643270957,1963-03-21,Lille,annuel,2026-08-22,non
CL101587,Roux,Yanis,yanis.roux1587@example.com,0627701872,1989-01-20,Lyon,aucun,2025-04-21,
CL101588,Laurent,Adam,adam.laurent1588@example.com,0650403926,1973-10-22,Nantes,annuel,2025-08-17,non
CL101589,Garcia,Ilyes,ilyes.garcia1589@example.com,0661363240,1978-09-13,Lyon,mensuel,2025-05-21,non
CL101590,Petit,Noah,noah.petit1590@example.com,0686828187,1991-07-26,Lille,mensuel,2026-02-25,
CL101591,Bernard,Lea,lea.bernard1591@example.com,0621244881,1968-12-22,Lyon,etudiant,2025-07-14,non
CL101592,Laurent,Sofia,sofia.laurent1592@example.com,0643583988,1978-07-07,Nantes,mensuel,2025-09-22,non
CL101593,Bernard,Hugo,hugo.bernard1593@example.com,0669090316,1983-02-07,Grenoble,mensuel,2026-10-16,non
CL101594,Dubois,Mehdi,mehdi.dubois1594@example.com,0667033732,2001-06-22,Lille,mensuel,2025-10-29,oui
CL101595,Laurent,Gabriel,gabriel.laurent1595@example.com,0637715758,1981-08-07,Nantes,aucun,2026-04-17,non
CL101596,Bernard,Noah,noah.bernard1596@example.com,0647289521,1990-04-26,Lille,mensuel,2026-03-27,
CL101597,Dubois,Rayan,rayan.dubois1597@example.com,0658869376,1976-12-29,Lille,etudiant,2025-03-01,
CL101598,Garcia,Adam,adam.garcia1598@example.com,0638995749,1984-07-07,Nantes,mensuel,2026-01-23,non
CL101599,Girard,Louise,louise.girard1599@example.com,0673203344,1981-10-20,Lyon,mensuel,2025-03-19,non
CL101600,Garcia,Noah,noah.garcia1600@example.com,0698174203,1982-01-24,Lille,etudiant,2026-02-28,oui
CL101601,Petit,Sofia,sofia.petit1601@example.com,0653853816,1967-12-31,Lyon,aucun,2025-09-13,oui
CL101602,Martin,Jade,jade.martin1602@example.com,0694021410,1978-10-30,Lille,aucun,2026-06-22,oui
CL101603,Bernard,Ines,ines.bernard1603@example.com,0629976337,1966-03-20,Lille,aucun,2025-03-20,oui
CL101604,Nguyen,Lea,lea.nguyen1604@example.com,0681260432,1982-03-13,Lille,mensuel,2026-09-25,oui
CL101605,Bernard,Camille,camille.bernard1605@example.com,0680517591,1976-02-23,Grenoble,annuel,2025-12-07,oui
CL101606,Michel,Amira,amira.michel1606@example.com,0697938922,1996-04-14,Lyon,mensuel,2026-04-09,non
CL101607,Durand,Jade,jade.durand1607@example.com,0640735238,1977-04-26,Lyon,mensuel,2025-10-30,
CL101608,Petit,Yanis,yanis.petit1608@example.com,0655882386,1999-07-30,Lyon,aucun,2025-12-08,oui
CL101609,Simon,Adam,adam.simon1609@example.com,0626758127,1970-11-27,Nantes,mensuel,2025-12-01,oui
CL101610,Michel,Amira,amira.michel1610@example.com,0646171148,1965-02-12,Lyon,entreprise,2025-07-01,non
CL101611,Girard,Camille,camille.girard1611@example.com,0652785852,2001-06-10,Lyon,etudiant,2025-07-02,
CL101612,Nguyen,Manon,manon.nguyen1612@example.com,0641238545,1984-11-24,Lille,aucun,2025-03-21,oui
CL101613,Bernard,Gabriel,gabriel.bernard1613@example.com,0684829715,2002-04-14,Nantes,mensuel,2025-04-22,oui
CL101614,Martin,Camille,camille.martin1614@example.com,0654705819,1992-04-16,Nantes,etudiant,2026-06-08,oui
CL101615,Martin,Gabriel,gabriel.martin1615@example.com,0636959277,1998-02-23,Lille,mensuel,2025-06-18,oui
CL101616,Robert,Ines,ines.robert1616@example.com,0651915017,2001-01-05,Lille,mensuel,2025-09-13,non
CL101617,Simon,Hugo,hugo.simon1617@example.com,0698524082,1961-08-18,Grenoble,annuel,2025-07-12,non
CL101618,Simon,Hugo,hugo.simon1618@example.com,0695187564,1984-01-06,Lyon,aucun,2025-03-06,non
CL101619,Simon,Manon,manon.simon1619@example.com,0624381704,1972-06-09,Lille,aucun,2026-03-21,
CL101620,Michel,Gabriel,gabriel.michel1620@example.com,0674910478,1973-08-29,Lyon,aucun,2026-01-12,non
CL101621,Petit,Sofia,sofia.petit1621@example.com,0633037507,1985-09-07,Nantes,annuel,2025-07-25,
CL101622,Fournier,Chloe,chloe.fournier1622@example.com,0664975304,1965-06-07,Nantes,mensuel,2025-10-30,non
CL101623,Girard,Manon,manon.girard1623@example.com,0669704668,1983-10-09,Grenoble,aucun,2026-10-02,oui
CL101624,Nguyen,Noah,noah.nguyen1624@example.com,0665518925,1992-12-14,Lille,aucun,2025-11-09,non
CL101625,Petit,Mehdi,mehdi.petit1625@example.com,0663012758,1975-09-03,Lyon,mensuel,2025-08-25,non
CL101626,Dubois,Camille,camille.dubois1626@example.com,0643559786,1997-06-08,Lyon,etudiant,2026-01-27,
CL101627,Laurent,Karim,karim.laurent1627@example.com,0687025538,1997-08-23,Grenoble,annuel,2026-03-26,oui
CL101628,Roux,Manon,manon.roux1628@example.com,0643181230,1968-12-27,Lyon,mensuel,2026-07-09,non
CL101629,Dubois,Amira,amira.dubois1629@example.com,0675937174,1981-03-15,Grenoble,mensuel,2026-03-30,
CL101630,Durand,Lea,lea.durand1630@example.com,0688277348,1976-06-05,Lyon,mensuel,2026-04-10,
CL101631,Bernard,Chloe,chloe.bernard1631@example.com,0626336855,1979-04-23,Lyon,aucun,2026-04-19,non
CL101632,Laurent,Manon,manon.laurent1632@example.com,0687243600,1963-07-20,Nantes,mensuel,2026-08-25,
CL101633,Fournier,Adam,adam.fournier1633@example.com,0679876251,1960-08-14,Grenoble,aucun,2025-03-02,non
CL101634,Michel,Noah,noah.michel1634@example.com,0620039136,1999-07-20,Lille,aucun,2025-06-28,non
CL101635,Michel,Chloe,chloe.michel1635@example.com,0682224816,1999-06-13,Lyon,entreprise,2025-07-01,oui
CL101636,Nguyen,Sofia,sofia.nguyen1636@example.com,0642546391,2000-05-23,Grenoble,mensuel,2025-04-20,non
CL101637,Laurent,Jade,jade.laurent1637@example.com,0655664472,1965-12-31,Lyon,etudiant,2025-12-11,
CL101638,Bernard,Manon,manon.bernard1638@example.com,0675916591,1994-12-10,Nantes,aucun,2025-12-08,oui
CL101639,Girard,Louise,louise.girard1639@example.com,0622024959,1984-12-06,Lyon,entreprise,2026-10-16,oui
CL101640,Michel,Louise,louise.michel1640@example.com,0666325561,1976-09-14,Lille,mensuel,2025-06-04,non
CL101641,Fournier,Karim,karim.fournier1641@example.com,0636182504,1989-08-27,Grenoble,annuel,2026-05-24,oui
CL101642,Benali,Rayan,rayan.benali1642@example.com,0673858403,1961-07-28,Lille,annuel,2026-03-10,oui
CL101643,Benali,Ilyes,ilyes.benali1643@example.com,0635200533,1993-05-25,Lyon,entreprise,2026-05-09,non
CL101644,Robert,Lea,lea.robert1644@example.com,0689869381,1984-01-30,Lille,aucun,2026-03-15,
CL101645,Laurent,Ines,ines.laurent1645@example.com,0680920872,1961-03-13,Nantes,mensuel,2026-09-15,
CL101646,Benali,Manon,manon.benali1646@example.com,0683501789,1989-05-09,Lille,aucun,2026-01-16,oui
CL101647,Garcia,Gabriel,gabriel.garcia1647@example.com,0614725959,1974-11-02,Lyon,aucun,2025-05-11,
CL101648,Fournier,Hugo,hugo.fournier1648@example.com,0641103833,1981-06-30,Nantes,aucun,2026-02-08,oui
CL101649,Robert,Jade,jade.robert1649@example.com,0637801516,1986-11-22,Lyon,etudiant,2026-10-17,non
CL101650,Petit,Manon,manon.petit1650@example.com,0688635593,1962-02-05,Lyon,mensuel,2025-11-26,non
CL101651,Garcia,Mehdi,mehdi.garcia1651@example.com,0637303899,1981-10-28,Grenoble,mensuel,2026-09-07,oui
CL101652,Bernard,Noah,noah.bernard1652@example.com,0698994999,1969-01-01,Lyon,mensuel,2026-01-15,
CL101653,Simon,Mehdi,mehdi.simon1653@example.com,0659343547,1994-10-13,Lille,annuel,2026-03-15,
CL101654,Fournier,Amira,amira.fournier1654@example.com,0651320144,2000-12-27,Lyon,entreprise,2026-05-04,oui
CL101655,Martin,Louise,louise.martin1655@example.com,0660949939,1960-01-12,Grenoble,annuel,2026-09-19,
CL101656,Durand,Yanis,yanis.durand1656@example.com,0623651018,1994-04-01,Lille,etudiant,2026-08-01,non
CL101657,Durand,Ilyes,ilyes.durand1657@example.com,0647725035,1994-05-17,Lille,aucun,2025-06-18,oui
CL101658,Durand,Chloe,chloe.durand1658@example.com,0636448104,2002-04-25,Lille,aucun,2026-04-21,
CL101659,Bernard,Sofia,sofia.bernard1659@example.com,0612832121,1994-09-06,Nantes,mensuel,2025-03-19,oui
CL101660,Nguyen,Ines,ines.nguyen1660@example.com,0654601417,1964-12-08,Lyon,annuel,2026-06-26,oui
CL101661,Nguyen,Karim,karim.nguyen1661@example.com,0628674866,1995-10-29,Lille,mensuel,2026-07-23,
CL101662,Moreau,Louise,louise.moreau1662@example.com,0682841126,1983-03-21,Lille,annuel,2026-06-21,oui
CL101663,Laurent,Rayan,rayan.laurent1663@example.com,0630758066,1965-12-17,Lyon,mensuel,2025-05-27,
CL101664,Fournier,Sofia,sofia.fournier1664@example.com,0624864590,1992-08-26,Lille,annuel,2025-04-30,oui
CL101665,Girard,Yanis,yanis.girard1665@example.com,0657655353,1962-06-03,Nantes,etudiant,2025-04-02,oui
CL101666,Garcia,Noah,noah.garcia1666@example.com,0690257771,1987-10-19,Lyon,mensuel,2025-09-30,non
CL101667,Petit,Gabriel,gabriel.petit1667@example.com,0675152958,1970-12-06,Lille,aucun,2026-02-05,
CL101668,Fournier,Gabriel,gabriel.fournier1668@example.com,0662435620,1980-01-22,Lyon,etudiant,2025-07-11,
CL101669,Durand,Yanis,yanis.durand1669@example.com,0671942747,1971-10-04,Lyon,aucun,2025-11-24,oui
CL101670,Garcia,Rayan,rayan.garcia1670@example.com,0632335688,1961-04-09,Nantes,etudiant,2026-02-20,
CL101671,Martin,Ilyes,ilyes.martin1671@example.com,0666870017,1990-09-15,Lyon,annuel,2026-10-14,
CL101672,Moreau,Mehdi,mehdi.moreau1672@example.com,0647034798,1982-05-11,Lyon,aucun,2025-04-12,non
CL101673,Martin,Ines,ines.martin1673@example.com,0661898666,1964-04-16,Lille,aucun,2025-06-16,oui
CL101674,Moreau,Louise,louise.moreau1674@example.com,0679789376,1962-09-03,Lille,aucun,2025-12-17,oui
CL101675,Dubois,Lea,lea.dubois1675@example.com,0643080763,2003-05-08,Lille,annuel,2025-06-29,oui
CL101676,Dubois,Amira,amira.dubois1676@example.com,0637413656,1996-10-14,Grenoble,aucun,2026-04-05,non
CL101677,Garcia,Camille,camille.garcia1677@example.com,0671866499,2001-07-12,Nantes,aucun,2025-07-26,non
CL101678,Roux,Ines,ines.roux1678@example.com,0653292824,1988-02-07,Grenoble,aucun,2026-07-25,
CL101679,Moreau,Lea,lea.moreau1679@example.com,0610073188,1972-10-16,Lyon,aucun,2025-03-31,
CL101680,Durand,Louise,louise.durand1680@example.com,0615561618,1999-01-03,Nantes,etudiant,2025-03-09,
CL101681,Benali,Noah,noah.benali1681@example.com,0666379866,1981-04-03,Nantes,aucun,2026-05-08,
CL101682,Martin,Chloe,chloe.martin1682@example.com,0666872845,1975-04-23,Nantes,annuel,2025-05-25,oui
CL101683,Moreau,Sofia,sofia.moreau1683@example.com,0627150280,1970-09-22,Lille,aucun,2025-06-06,
CL101684,Martin,Rayan,rayan.martin1684@example.com,0689199768,1960-12-22,Nantes,entreprise,2025-04-20,oui
CL101685,Roux,Yanis,yanis.roux1685@example.com,0663890089,1964-04-25,Lyon,mensuel,2026-05-23,oui
CL101686,Nguyen,Lea,lea.nguyen1686@example.com,0631043858,1960-09-08,Lyon,aucun,2026-07-13,non
CL101687,Robert,Karim,karim.robert1687@example.com,0651953340,1978-06-20,Nantes,aucun,2026-02-04,non
CL101688,Roux,Chloe,chloe.roux1688@example.com,0637831297,1973-07-18,Nantes,etudiant,2025-03-29,oui
CL101689,Moreau,Sofia,sofia.moreau1689@example.com,0650548714,2000-09-24,Grenoble,aucun,2025-05-03,oui
CL101690,Benali,Yanis,yanis.benali1690@example.com,0699253485,1969-05-02,Lyon,etudiant,2026-08-10,
CL101691,Garcia,Adam,adam.garcia1691@example.com,0698302864,1972-07-22,Lyon,mensuel,2026-07-17,
CL101692,Girard,Karim,karim.girard1692@example.com,0672635080,1989-06-14,Nantes,aucun,2026-09-05,
CL101693,Bernard,Ines,ines.bernard1693@example.com,0679035471,1975-04-10,Lyon,annuel,2025-08-21,non
CL101694,Garcia,Mehdi,mehdi.garcia1694@example.com,0652356306,1978-08-23,Nantes,mensuel,2026-05-06,
CL101695,Petit,Hugo,hugo.petit1695@example.com,0638850201,1987-06-24,Grenoble,etudiant,2026-07-09,oui
CL101696,Garcia,Louise,louise.garcia1696@example.com,0629580291,1999-11-23,Grenoble,aucun,2025-07-13,oui
CL101697,Moreau,Ilyes,ilyes.moreau1697@example.com,0627210813,1994-08-20,Lille,aucun,2025-10-29,
CL101698,Garcia,Sofia,sofia.garcia1698@example.com,0677818103,1993-08-06,Nantes,annuel,2025-08-18,non
CL101699,Petit,Jade,jade.petit1699@example.com,0645520694,2001-01-19,Lyon,annuel,2025-09-13,non
CL101700,Fournier,Mehdi,mehdi.fournier1700@example.com,0617537696,1984-07-25,Grenoble,mensuel,2025-10-12,oui
CL101701,Girard,Louise,louise.girard1701@example.com,0687161722,1986-08-18,Lyon,annuel,2026-09-29,oui
CL101702,Fournier,Ilyes,ilyes.fournier1702@example.com,0617460987,1991-03-11,Nantes,annuel,2025-07-27,oui
CL101703,Fournier,Sofia,sofia.fournier1703@example.com,0643777894,1968-02-04,Lyon,etudiant,2025-10-10,
CL101704,Bernard,Louise,louise.bernard1704@example.com,0622869056,2001-04-10,Grenoble,aucun,2025-12-14,non
CL101705,Martin,Ilyes,ilyes.martin1705@example.com,0691584060,1988-02-17,Lyon,mensuel,2026-08-21,oui
CL101706,Dubois,Karim,karim.dubois1706@example.com,0652582670,1985-08-07,Grenoble,etudiant,2025-07-26,non
CL101707,Durand,Mehdi,mehdi.durand1707@example.com,0666213129,1962-01-02,Lyon,aucun,2026-05-16,non
CL101708,Michel,Mehdi,mehdi.michel1708@example.com,0679156241,1971-12-10,Lille,etudiant,2025-03-25,oui
CL101709,Robert,Lea,lea.robert1709@example.com,0643363875,1962-07-25,Lille,aucun,2026-07-19,oui
CL101710,Martin,Jade,jade.martin1710@example.com,0688824192,2003-06-05,Nantes,etudiant,2025-07-03,non
CL101711,Durand,Camille,camille.durand1711@example.com,0639528104,1977-01-30,Lyon,aucun,2025-10-03,
CL101712,Fournier,Mehdi,mehdi.fournier1712@example.com,0616452672,2002-03-20,Lyon,aucun,2026-04-11,oui
CL101713,Simon,Rayan,rayan.simon1713@example.com,0612509383,2000-08-21,Lille,aucun,2025-06-24,oui
CL101714,Robert,Mehdi,mehdi.robert1714@example.com,0686952281,1968-07-01,Lille,mensuel,2025-12-25,
CL101715,Bernard,Rayan,rayan.bernard1715@example.com,0668446525,1981-09-11,Grenoble,aucun,2026-03-25,
CL101716,Bernard,Amira,amira.bernard1716@example.com,0691556037,1980-10-03,Lyon,entreprise,2025-06-20,oui
CL101717,Robert,Camille,camille.robert1717@example.com,0633652090,1998-07-02,Lille,mensuel,2026-06-21,oui
CL101718,Martin,Jade,jade.martin1718@example.com,0673447397,1972-08-30,Grenoble,aucun,2026-09-24,
CL101719,Girard,Chloe,chloe.girard1719@example.com,0643939148,1996-03-17,Lyon,annuel,2026-08-18,non
CL101720,Robert,Adam,adam.robert1720@example.com,0647368949,1968-08-04,Lyon,mensuel,2025-10-06,
CL101721,Moreau,Camille,camille.moreau1721@example.com,0695678133,1960-09-19,Lyon,aucun,2026-02-10,
CL101722,Fournier,Lea,lea.fournier1722@example.com,0618818004,1960-02-26,Lyon,aucun,2026-10-05,non
CL101723,Fournier,Mehdi,mehdi.fournier1723@example.com,0657558449,1979-05-28,Lyon,aucun,2026-02-14,non
CL101724,Durand,Ilyes,ilyes.durand1724@example.com,0639542270,1992-07-12,Lyon,annuel,2025-12-29,
CL101725,Garcia,Mehdi,mehdi.garcia1725@example.com,0615577933,1980-12-19,Grenoble,aucun,2025-07-20,
CL101726,Robert,Karim,karim.robert1726@example.com,0649332197,1975-04-03,Lyon,mensuel,2026-09-25,non
CL101727,Bernard,Sofia,sofia.bernard1727@example.com,0687773701,1986-09-01,Lyon,aucun,2025-08-04,
CL101728,Petit,Camille,camille.petit1728@example.com,0657706088,1964-03-03,Grenoble,annuel,2025-11-26,oui
CL101729,Petit,Yanis,yanis.petit1729@example.com,0634555367,1961-03-06,Nantes,aucun,2026-09-27,non
CL101730,Simon,Camille,camille.simon1730@example.com,0639466986,1983-03-10,Lille,etudiant,2026-04-14,
CL101731,Petit,Adam,adam.petit1731@example.com,0636469761,1984-07-17,Lyon,mensuel,2025-06-22,oui
CL101732,Benali,Rayan,rayan.benali1732@example.com,0677642013,1997-10-20,Grenoble,annuel,2026-09-03,non
CL101733,Laurent,Jade,jade.laurent1733@example.com,0646061368,1974-04-16,Lille,aucun,2026-05-15,non
CL101734,Durand,Gabriel,gabriel.durand1734@example.com,0682399038,1969-09-27,Lille,annuel,2025-08-27,oui
CL101735,Dubois,Lea,lea.dubois1735@example.com,0640993551,1965-06-30,Lille,aucun,2026-01-25,oui
CL101736,Simon,Ines,ines.simon1736@example.com,0677721769,1985-01-15,Grenoble,mensuel,2026-01-23,oui
CL101737,Petit,Ines,ines.petit1737@example.com,0657543758,1961-06-02,Grenoble,mensuel,2026-09-25,
CL101738,Moreau,Amira,amira.moreau1738@example.com,0662110668,1983-01-15,Lyon,aucun,2026-03-19,non
CL101739,Durand,Noah,noah.durand1739@example.com,0658190913,1990-11-28,Grenoble,aucun,2026-08-16,non
CL101740,Roux,Camille,camille.roux1740@example.com,0633027005,1976-01-23,Lille,mensuel,2025-07-14,oui
CL101741,Durand,Chloe,chloe.durand1741@example.com,0645794544,2003-10-06,Lyon,mensuel,2025-12-12,non
CL101742,Michel,Camille,camille.michel1742@example.com,0644222205,1961-04-21,Nantes,mensuel,2025-10-26,oui
CL101743,Durand,Louise,louise.durand1743@example.com,0656927047,1961-08-14,Nantes,aucun,2026-02-18,oui
CL101744,Garcia,Manon,manon.garcia1744@example.com,0637714976,1975-10-17,Lyon,etudiant,2026-07-07,
CL101745,Martin,Noah,noah.martin1745@example.com,0654881816,1961-03-14,Nantes,etudiant,2026-05-18,oui
CL101746,Martin,Amira,amira.martin1746@example.com,0644787780,1963-09-24,Grenoble,annuel,2026-10-15,
CL101747,Roux,Yanis,yanis.roux1747@example.com,0645934539,1967-12-03,Nantes,aucun,2025-05-20,non
CL101748,Bernard,Manon,manon.bernard1748@example.com,0654062288,1967-03-15,Nantes,annuel,2026-01-21,
CL101749,Michel,Karim,karim.michel1749@example.com,0698765770,1988-07-15,Grenoble,mensuel,2026-10-21,non
CL101750,Benali,Sofia,sofia.benali1750@example.com,0636014616,1962-07-04,Grenoble,entreprise,2025-10-07,
CL101751,Simon,Lea,lea.simon1751@example.com,0620013256,1960-11-21,Lyon,annuel,2026-10-19,oui
CL101752,Fournier,Noah,noah.fournier1752@example.com,0617947078,1976-08-02,Nantes,mensuel,2025-07-02,oui
CL101753,Bernard,Amira,amira.bernard1753@example.com,0684222321,1988-04-22,Lille,aucun,2026-08-23,non
CL101754,Robert,Lea,lea.robert1754@example.com,0655382445,1985-07-20,Grenoble,mensuel,2025-05-24,oui
CL101755,Laurent,Rayan,rayan.laurent1755@example.com,0685092759,1992-10-25,Lyon,aucun,2026-02-28,
CL101756,Petit,Yanis,yanis.petit1756@example.com,0638608639,1984-06-02,Lyon,aucun,2025-10-06,non
CL101757,Girard,Amira,amira.girard1757@example.com,0674484792,1974-02-12,Lille,entreprise,2025-11-19,
CL101758,Moreau,Adam,adam.moreau1758@example.com,0610704183,2002-02-09,Lille,entreprise,2025-03-15,
CL101759,Moreau,Hugo,hugo.moreau1759@example.com,0631293513,1965-10-10,Nantes,aucun,2025-08-02,
CL101760,Moreau,Amira,amira.moreau1760@example.com,0677084404,1985-01-14,Lyon,annuel,2026-04-03,
CL101761,Martin,Louise,louise.martin1761@example.com,0614782117,1966-11-03,Lyon,aucun,2026-02-05,oui
CL101762,Robert,Hugo,hugo.robert1762@example.com,0638371081,1997-05-29,Lyon,aucun,2026-07-11,non
CL101763,Girard,Chloe,chloe.girard1763@example.com,0638047913,1992-08-30,Lyon,aucun,2025-09-25,non
CL101764,Benali,Rayan,rayan.benali1764@example.com,0649353606,1973-03-17,Lille,mensuel,2026-01-03,oui
CL101765,Petit,Louise,louise.petit1765@example.com,0681875324,1989-04-08,Lille,mensuel,2025-06-01,non
CL101766,Dubois,Noah,noah.dubois1766@example.com,0680951756,1973-09-13,Lyon,aucun,2026-08-05,oui
CL101767,Bernard,Adam,adam.bernard1767@example.com,0680245896,1980-05-31,Nantes,mensuel,2026-02-07,non
CL101768,Dubois,Camille,camille.dubois1768@example.com,0617400167,1975-07-30,Lyon,aucun,2025-06-03,
CL101769,Robert,Yanis,yanis.robert1769@example.com,0697321886,1968-09-14,Grenoble,aucun,2025-06-13,
CL101770,Robert,Jade,jade.robert1770@example.com,0634349035,1990-08-26,Lyon,etudiant,2025-04-05,non
CL101771,Michel,Adam,adam.michel1771@example.com,0675435322,1980-09-25,Nantes,aucun,2026-08-26,non
CL101772,Bernard,Mehdi,mehdi.bernard1772@example.com,0648630467,1989-10-19,Lyon,aucun,2026-08-18,oui
CL101773,Dubois,Rayan,rayan.dubois1773@example.com,0658411729,1993-07-31,Lille,etudiant,2025-06-14,
CL101774,Simon,Camille,camille.simon1774@example.com,0611102380,2001-12-15,Nantes,mensuel,2026-08-18,
CL101775,Garcia,Manon,manon.garcia1775@example.com,0639920003,1960-10-03,Lille,aucun,2025-04-17,non
CL101776,Laurent,Gabriel,gabriel.laurent1776@example.com,0618848368,1997-11-26,Nantes,mensuel,2026-02-18,non
CL101777,Roux,Ines,ines.roux1777@example.com,0649359357,1999-12-16,Lyon,annuel,2026-01-24,
CL101778,Bernard,Ilyes,ilyes.bernard1778@example.com,0635884162,1971-12-29,Nantes,aucun,2026-04-10,oui
CL101779,Bernard,Amira,amira.bernard1779@example.com,0699512225,1982-02-16,Lyon,aucun,2026-02-02,non
CL101780,Moreau,Mehdi,mehdi.moreau1780@example.com,0643733034,2003-07-08,Grenoble,aucun,2026-10-04,
CL101781,Petit,Lea,lea.petit1781@example.com,0695119941,1987-01-28,Nantes,mensuel,2026-04-23,
CL101782,Robert,Mehdi,mehdi.robert1782@example.com,0617876795,1973-10-26,Lille,aucun,2025-10-17,non
CL101783,Dubois,Karim,karim.dubois1783@example.com,0673391447,1988-04-02,Lyon,aucun,2026-02-15,
CL101784,Garcia,Adam,adam.garcia1784@example.com,0619439898,1983-08-03,Nantes,mensuel,2026-05-12,
CL101785,Garcia,Manon,manon.garcia1785@example.com,0682443972,1992-11-03,Nantes,aucun,2025-10-06,oui
CL101786,Bernard,Adam,adam.bernard1786@example.com,0668598482,1975-09-25,Lille,annuel,2026-01-17,
CL101787,Bernard,Adam,adam.bernard1787@example.com,0617184771,1960-02-20,Lille,annuel,2026-05-14,
CL101788,Moreau,Yanis,yanis.moreau1788@example.com,0654608279,2000-02-01,Grenoble,mensuel,2026-10-21,oui
CL101789,Durand,Louise,louise.durand1789@example.com,0642341512,1975-04-04,Lyon,aucun,2025-07-06,non
CL101790,Fournier,Camille,camille.fournier1790@example.com,0679398904,1995-02-14,Lyon,etudiant,2025-07-21,oui
CL101791,Petit,Manon,manon.petit1791@example.com,0614594710,1963-09-12,Lille,annuel,2026-03-02,
CL101792,Michel,Rayan,rayan.michel1792@example.com,0659681726,1965-01-02,Lille,aucun,2025-04-08,non
CL101793,Dubois,Ines,ines.dubois1793@example.com,0666388673,1965-02-09,Nantes,entreprise,2025-10-18,
CL101794,Martin,Chloe,chloe.martin1794@example.com,0657653361,1985-10-02,Lyon,aucun,2025-06-23,non
CL101795,Martin,Mehdi,mehdi.martin1795@example.com,0632022566,1966-02-08,Lille,etudiant,2026-09-06,oui
CL101796,Roux,Camille,camille.roux1796@example.com,0664028820,1994-03-20,Nantes,etudiant,2025-12-17,
CL101797,Moreau,Adam,adam.moreau1797@example.com,0673454182,1971-09-25,Grenoble,aucun,2025-10-21,non
CL101798,Nguyen,Chloe,chloe.nguyen1798@example.com,0660687431,1993-07-11,Lyon,mensuel,2026-09-15,non
CL101799,Laurent,Chloe,chloe.laurent1799@example.com,0698014011,1986-02-05,Lyon,etudiant,2025-03-06,
CL101800,Simon,Amira,amira.simon1800@example.com,0632204017,1998-03-17,Lille,aucun,2026-08-04,oui
CL101801,Benali,Manon,manon.benali1801@example.com,0621604831,2000-03-24,Lyon,annuel,2025-12-22,
CL101802,Simon,Rayan,rayan.simon1802@example.com,0668084850,1961-08-14,Lyon,etudiant,2025-07-31,
CL101803,Simon,Mehdi,mehdi.simon1803@example.com,0623940899,1976-03-09,Lille,mensuel,2025-11-09,oui
CL101804,Robert,Ilyes,ilyes.robert1804@example.com,0645799260,1999-02-17,Nantes,annuel,2026-01-08,oui
CL101805,Moreau,Lea,lea.moreau1805@example.com,0696212307,1995-07-23,Lille,etudiant,2026-03-24,non
CL101806,Benali,Chloe,chloe.benali1806@example.com,0641417585,1986-02-01,Lyon,annuel,2025-10-16,
CL101807,Roux,Camille,camille.roux1807@example.com,0666287108,1998-02-02,Grenoble,mensuel,2025-11-11,oui
CL101808,Robert,Rayan,rayan.robert1808@example.com,0635774210,1974-07-14,Grenoble,aucun,2026-03-29,oui
CL101809,Robert,Lea,lea.robert1809@example.com,0618842480,1984-07-14,Lille,annuel,2026-09-04,oui
CL101810,Nguyen,Yanis,yanis.nguyen1810@example.com,0650777299,1982-07-09,Lille,mensuel,2026-04-29,
CL101811,Bernard,Ines,ines.bernard1811@example.com,0691207771,1999-06-12,Lille,annuel,2026-08-27,non
CL101812,Robert,Karim,karim.robert1812@example.com,0684306114,1986-06-24,Grenoble,annuel,2025-11-29,non
CL101813,Martin,Yanis,yanis.martin1813@example.com,0637192642,1970-07-20,Lyon,aucun,2025-12-13,oui
CL101814,Robert,Sofia,sofia.robert1814@example.com,0627388300,1994-05-20,Grenoble,annuel,2025-06-29,
CL101815,Fournier,Noah,noah.fournier1815@example.com,0689534945,1999-09-28,Nantes,aucun,2025-06-14,oui
CL101816,Garcia,Chloe,chloe.garcia1816@example.com,0658735466,1973-11-02,Grenoble,aucun,2025-07-02,
CL101817,Fournier,Ilyes,ilyes.fournier1817@example.com,0660902185,1971-10-23,Lyon,aucun,2025-06-16,
CL101818,Benali,Yanis,yanis.benali1818@example.com,0653209584,1987-10-24,Lille,mensuel,2025-12-04,
CL101819,Martin,Ilyes,ilyes.martin1819@example.com,0670331648,1980-05-26,Lyon,entreprise,2025-08-12,non
CL101820,Fournier,Adam,adam.fournier1820@example.com,0642050579,2002-12-01,Nantes,aucun,2026-08-18,non
CL101821,Durand,Jade,jade.durand1821@example.com,0688606117,1978-01-28,Lille,aucun,2025-04-13,oui
CL101822,Petit,Sofia,sofia.petit1822@example.com,0635362394,1977-08-04,Lille,entreprise,2025-11-19,oui
CL101823,Michel,Jade,jade.michel1823@example.com,0652309808,1972-04-15,Nantes,aucun,2026-03-22,oui
CL101824,Girard,Louise,louise.girard1824@example.com,0661589358,1964-08-02,Lyon,mensuel,2026-08-22,
CL101825,Benali,Jade,jade.benali1825@example.com,0666170050,1972-02-24,Nantes,aucun,2026-02-16,
CL101826,Girard,Rayan,rayan.girard1826@example.com,0640142900,1977-06-03,Nantes,annuel,2025-05-06,
CL101827,Laurent,Amira,amira.laurent1827@example.com,0680476975,1980-04-30,Nantes,mensuel,2026-04-25,non
CL101828,Bernard,Noah,noah.bernard1828@example.com,0640938733,1975-11-10,Nantes,etudiant,2025-05-08,non
CL101829,Martin,Jade,jade.martin1829@example.com,0614303805,1983-12-18,Nantes,aucun,2025-03-18,
CL101830,Benali,Louise,louise.benali1830@example.com,0669102054,1976-06-23,Lyon,aucun,2026-03-26,oui
CL101831,Bernard,Camille,camille.bernard1831@example.com,0615126888,2000-08-03,Nantes,mensuel,2026-05-14,
CL101832,Laurent,Camille,camille.laurent1832@example.com,0675678163,1966-11-15,Lille,aucun,2025-12-09,
CL101833,Moreau,Lea,lea.moreau1833@example.com,0654273943,1994-06-08,Lyon,mensuel,2026-09-24,oui
CL101834,Martin,Lea,lea.martin1834@example.com,0639409781,1997-06-27,Lille,mensuel,2025-07-13,non
CL101835,Fournier,Adam,adam.fournier1835@example.com,0688749233,1962-07-06,Nantes,aucun,2026-08-04,non
CL101836,Girard,Chloe,chloe.girard1836@example.com,0686791417,1963-05-24,Grenoble,mensuel,2026-07-31,oui
CL101837,Simon,Camille,camille.simon1837@example.com,0664908755,1970-08-11,Lyon,etudiant,2026-06-16,oui
CL101838,Dubois,Sofia,sofia.dubois1838@example.com,0623961828,1967-09-06,Grenoble,annuel,2025-03-16,non
CL101839,Fournier,Hugo,hugo.fournier1839@example.com,0673012362,1962-04-18,Nantes,aucun,2025-03-05,
CL101840,Dubois,Gabriel,gabriel.dubois1840@example.com,0684090172,1984-01-30,Lyon,aucun,2025-06-25,oui
CL101841,Durand,Jade,jade.durand1841@example.com,0624458640,2002-11-12,Grenoble,annuel,2026-01-03,non
CL101842,Fournier,Jade,jade.fournier1842@example.com,0685341159,1980-11-27,Grenoble,annuel,2025-08-30,
CL101843,Benali,Louise,louise.benali1843@example.com,0629792240,1998-10-02,Lyon,mensuel,2025-12-01,
CL101844,Dubois,Hugo,hugo.dubois1844@example.com,0632873426,1962-02-24,Lille,annuel,2026-07-08,
CL101845,Fournier,Hugo,hugo.fournier1845@example.com,0693409610,1977-01-24,Grenoble,aucun,2026-03-03,
CL101846,Moreau,Lea,lea.moreau1846@example.com,0679466790,1970-06-07,Lyon,etudiant,2025-03-18,
CL101847,Roux,Manon,manon.roux1847@example.com,0689108232,1960-07-08,Lyon,mensuel,2026-06-30,oui
CL101848,Laurent,Karim,karim.laurent1848@example.com,0648748277,1993-06-25,Lyon,mensuel,2025-08-17,non
CL101849,Martin,Jade,jade.martin1849@example.com,0625396929,1967-06-09,Lille,aucun,2026-05-02,non
CL101850,Roux,Adam,adam.roux1850@example.com,0632087983,2002-07-29,Nantes,mensuel,2026-06-29,
CL101851,Michel,Gabriel,gabriel.michel1851@example.com,0672719124,2001-09-22,Nantes,entreprise,2025-06-07,oui
CL101852,Garcia,Sofia,sofia.garcia1852@example.com,0611680399,1977-12-24,Grenoble,aucun,2026-08-16,oui
CL101853,Nguyen,Rayan,rayan.nguyen1853@example.com,0670827229,1961-08-15,Lyon,aucun,2026-02-21,non
CL101854,Roux,Jade,jade.roux1854@example.com,0695753905,1961-01-31,Grenoble,mensuel,2026-01-10,non
CL101855,Simon,Yanis,yanis.simon1855@example.com,0673535887,1982-06-23,Lyon,mensuel,2025-04-19,non
CL101856,Dubois,Mehdi,mehdi.dubois1856@example.com,0666907277,1993-09-30,Lyon,aucun,2026-06-27,non
CL101857,Nguyen,Amira,amira.nguyen1857@example.com,0652264766,1980-12-05,Lyon,aucun,2025-10-26,oui
CL101858,Petit,Chloe,chloe.petit1858@example.com,0680134462,2001-04-05,Lille,mensuel,2025-07-11,non
CL101859,Moreau,Louise,louise.moreau1859@example.com,0676210707,1965-10-18,Lille,aucun,2025-12-23,oui
CL101860,Roux,Chloe,chloe.roux1860@example.com,0641790281,1973-09-20,Grenoble,aucun,2025-08-01,non
CL101861,Garcia,Mehdi,mehdi.garcia1861@example.com,0636389606,1998-10-09,Lille,aucun,2026-09-15,non
CL101862,Michel,Camille,camille.michel1862@example.com,0665469367,1975-08-16,Lyon,mensuel,2025-08-30,oui
CL101863,Durand,Louise,louise.durand1863@example.com,0695926147,1972-03-29,Lyon,annuel,2026-04-21,oui
CL101864,Laurent,Adam,adam.laurent1864@example.com,0626844833,1965-10-20,Nantes,entreprise,2026-02-10,
CL101865,Robert,Noah,noah.robert1865@example.com,0679926045,1960-03-21,Nantes,mensuel,2026-09-26,non
CL101866,Benali,Amira,amira.benali1866@example.com,0647074954,1991-10-11,Grenoble,aucun,2026-08-14,non
CL101867,Simon,Amira,amira.simon1867@example.com,0669216698,1989-01-20,Grenoble,aucun,2026-02-07,oui
CL101868,Girard,Gabriel,gabriel.girard1868@example.com,0653958400,1992-04-08,Lyon,mensuel,2025-06-19,non
CL101869,Laurent,Lea,lea.laurent1869@example.com,0644716409,1992-03-10,Lyon,entreprise,2025-11-15,oui
CL101870,Durand,Adam,adam.durand1870@example.com,0676574643,1970-08-17,Lille,entreprise,2025-08-20,oui
CL101871,Michel,Yanis,yanis.michel1871@example.com,0615074548,1989-08-10,Lyon,aucun,2026-01-26,non
CL101872,Nguyen,Mehdi,mehdi.nguyen1872@example.com,0637894690,1986-12-05,Lyon,mensuel,2026-07-01,
CL101873,Dubois,Mehdi,mehdi.dubois1873@example.com,0620019934,1975-10-29,Lyon,aucun,2026-05-30,oui
CL101874,Martin,Amira,amira.martin1874@example.com,0676244905,1967-02-27,Lyon,aucun,2025-12-21,non
CL101875,Laurent,Mehdi,mehdi.laurent1875@example.com,0682218774,1974-06-27,Nantes,mensuel,2026-05-09,non
CL101876,Benali,Rayan,rayan.benali1876@example.com,0683462976,1961-06-05,Grenoble,aucun,2026-07-31,oui
CL101877,Benali,Gabriel,gabriel.benali1877@example.com,0682242373,1961-01-31,Lille,mensuel,2025-11-13,oui
CL101878,Simon,Gabriel,gabriel.simon1878@example.com,0616524212,1980-10-15,Lyon,annuel,2025-12-20,oui
CL101879,Petit,Camille,camille.petit1879@example.com,0637964285,1962-03-13,Nantes,mensuel,2025-03-31,non
CL101880,Petit,Gabriel,gabriel.petit1880@example.com,0612427287,1978-04-02,Nantes,annuel,2026-03-19,oui
CL101881,Nguyen,Chloe,chloe.nguyen1881@example.com,0660168569,2003-02-07,Lyon,etudiant,2026-01-17,oui
CL101882,Martin,Jade,jade.martin1882@example.com,0610177513,1990-11-09,Nantes,aucun,2026-04-01,non
CL101883,Petit,Hugo,hugo.petit1883@example.com,0693341573,1970-11-03,Lyon,aucun,2026-01-09,oui
CL101884,Michel,Ilyes,ilyes.michel1884@example.com,0670259212,1994-09-23,Lyon,aucun,2025-11-03,non
CL101885,Girard,Jade,jade.girard1885@example.com,0678999338,1960-01-23,Lyon,etudiant,2025-11-13,non
CL101886,Benali,Yanis,yanis.benali1886@example.com,0690367585,1993-02-08,Grenoble,aucun,2025-11-24,
CL101887,Roux,Adam,adam.roux1887@example.com,0635492406,1961-12-28,Nantes,aucun,2025-11-27,
CL101888,Martin,Noah,noah.martin1888@example.com,0653436225,1988-04-27,Nantes,etudiant,2026-02-26,
CL101889,Bernard,Gabriel,gabriel.bernard1889@example.com,0611235205,1965-08-06,Grenoble,mensuel,2026-05-30,oui
CL101890,Garcia,Sofia,sofia.garcia1890@example.com,0691402223,1977-11-29,Grenoble,mensuel,2026-09-17,non
CL101891,Bernard,Hugo,hugo.bernard1891@example.com,0613623356,1973-02-23,Lyon,aucun,2025-09-14,oui
CL101892,Nguyen,Amira,amira.nguyen1892@example.com,0642257181,1960-09-10,Lyon,entreprise,2026-04-12,non
CL101893,Martin,Lea,lea.martin1893@example.com,0618056604,1985-09-06,Grenoble,annuel,2026-05-20,non
CL101894,Laurent,Gabriel,gabriel.laurent1894@example.com,0683240545,1991-04-19,Lyon,annuel,2025-03-20,oui
CL101895,Moreau,Yanis,yanis.moreau1895@example.com,0694401432,1977-02-07,Lyon,entreprise,2025-06-22,non
CL101896,Garcia,Ines,ines.garcia1896@example.com,0644658029,1987-08-02,Nantes,mensuel,2026-09-23,
CL101897,Robert,Lea,lea.robert1897@example.com,0612456479,1968-09-10,Lyon,aucun,2026-03-12,oui
CL101898,Girard,Gabriel,gabriel.girard1898@example.com,0639659275,1979-08-11,Lyon,mensuel,2025-03-05,oui
CL101899,Petit,Amira,amira.petit1899@example.com,0686805827,1973-07-06,Lyon,mensuel,2025-12-04,
CL101900,Nguyen,Ines,ines.nguyen1900@example.com,0624096944,1965-07-30,Lyon,mensuel,2026-08-15,oui
CL101901,Robert,Hugo,hugo.robert1901@example.com,0626111939,1970-04-16,Nantes,aucun,2026-07-16,non
CL101902,Fournier,Amira,amira.fournier1902@example.com,0678688146,1994-11-30,Nantes,aucun,2025-12-11,non
CL101903,Martin,Noah,noah.martin1903@example.com,0636708015,1977-06-12,Lyon,aucun,2025-10-31,non
CL101904,Dubois,Sofia,sofia.dubois1904@example.com,0634638745,1960-07-08,Nantes,mensuel,2025-04-25,
CL101905,Nguyen,Ilyes,ilyes.nguyen1905@example.com,0698262333,1969-01-29,Nantes,aucun,2025-11-28,non
CL101906,Durand,Yanis,yanis.durand1906@example.com,0650322216,1982-08-26,Lyon,mensuel,2025-11-10,
CL101907,Simon,Chloe,chloe.simon1907@example.com,0619769923,1970-02-13,Lyon,mensuel,2026-08-07,
CL101908,Bernard,Karim,karim.bernard1908@example.com,0636411768,1967-08-23,Grenoble,annuel,2026-10-16,oui
CL101909,Laurent,Adam,adam.laurent1909@example.com,0635531711,1988-08-02,Nantes,etudiant,2026-09-25,oui
CL101910,Michel,Manon,manon.michel1910@example.com,0626778681,1962-06-29,Grenoble,aucun,2025-05-06,oui
CL101911,Dubois,Mehdi,mehdi.dubois1911@example.com,0654798941,1973-04-21,Lyon,aucun,2025-07-03,
CL101912,Michel,Louise,louise.michel1912@example.com,0672603977,1972-04-10,Lyon,etudiant,2025-07-16,non
CL101913,Moreau,Ilyes,ilyes.moreau1913@example.com,0656064737,1985-01-27,Grenoble,etudiant,2025-03-16,
CL101914,Michel,Hugo,hugo.michel1914@example.com,0694723928,1961-11-22,Lyon,etudiant,2026-07-21,non
CL101915,Moreau,Lea,lea.moreau1915@example.com,0699376859,1987-10-23,Grenoble,etudiant,2026-02-24,
CL101916,Roux,Sofia,sofia.roux1916@example.com,0658422352,1972-10-03,Lyon,aucun,2025-05-03,non
CL101917,Simon,Lea,lea.simon1917@example.com,0614030222,2000-11-28,Lyon,aucun,2026-10-20,
CL101918,Fournier,Amira,amira.fournier1918@example.com,0653304019,1999-08-19,Lyon,mensuel,2025-11-23,non
CL101919,Benali,Hugo,hugo.benali1919@example.com,0672368645,1992-09-29,Lyon,mensuel,2026-01-16,
CL101920,Robert,Rayan,rayan.robert1920@example.com,0621006430,1973-08-10,Lyon,mensuel,2026-05-19,non
CL101921,Michel,Manon,manon.michel1921@example.com,0661990242,1972-10-06,Lyon,etudiant,2026-01-11,
CL101922,Fournier,Manon,manon.fournier1922@example.com,0641140371,1996-06-19,Nantes,aucun,2026-04-13,
CL101923,Durand,Louise,louise.durand1923@example.com,0664459235,1968-08-19,Nantes,mensuel,2025-09-30,non
CL101924,Durand,Hugo,hugo.durand1924@example.com,0667946878,1989-06-12,Lyon,annuel,2025-12-29,
CL101925,Simon,Yanis,yanis.simon1925@example.com,0676121242,1985-12-25,Nantes,aucun,2026-10-03,non
CL101926,Durand,Gabriel,gabriel.durand1926@example.com,0619339690,2002-07-15,Grenoble,annuel,2026-05-12,non
CL101927,Simon,Jade,jade.simon1927@example.com,0698445554,1983-08-26,Grenoble,mensuel,2025-03-17,oui
CL101928,Laurent,Jade,jade.laurent1928@example.com,0678147664,1983-04-29,Lyon,annuel,2025-06-22,
CL101929,Simon,Hugo,hugo.simon1929@example.com,0677663177,2002-04-27,Grenoble,mensuel,2026-04-22,non
CL101930,Dubois,Rayan,rayan.dubois1930@example.com,0656141712,1994-07-10,Lille,aucun,2026-08-18,non
CL101931,Roux,Louise,louise.roux1931@example.com,0626180186,1999-09-25,Lyon,aucun,2026-03-14,
CL101932,Fournier,Camille,camille.fournier1932@example.com,0695805270,1974-06-08,Nantes,mensuel,2025-03-22,oui
CL101933,Benali,Mehdi,mehdi.benali1933@example.com,0695278327,1983-06-19,Nantes,mensuel,2025-11-08,oui
CL101934,Benali,Chloe,chloe.benali1934@example.com,0637264923,1965-12-04,Lille,etudiant,2026-03-13,non
CL101935,Petit,Louise,louise.petit1935@example.com,0617929371,1974-08-02,Lyon,entreprise,2025-04-19,
CL101936,Simon,Ilyes,ilyes.simon1936@example.com,0670699986,1966-12-19,Lille,aucun,2025-04-20,
CL101937,Roux,Rayan,rayan.roux1937@example.com,0631344116,1963-07-29,Lille,entreprise,2026-01-06,
CL101938,Girard,Gabriel,gabriel.girard1938@example.com,0641382649,1987-12-13,Lyon,aucun,2025-10-18,non
CL101939,Fournier,Noah,noah.fournier1939@example.com,0666477206,1981-07-29,Lyon,aucun,2025-03-04,
CL101940,Garcia,Jade,jade.garcia1940@example.com,0641603551,1982-07-03,Grenoble,aucun,2026-08-09,
CL101941,Moreau,Lea,lea.moreau1941@example.com,0676421691,1966-10-08,Grenoble,mensuel,2025-08-11,oui
CL101942,Robert,Karim,karim.robert1942@example.com,0687450570,1984-05-12,Nantes,annuel,2026-08-19,non
CL101943,Durand,Chloe,chloe.durand1943@example.com,0628999938,1989-05-14,Lille,aucun,2025-06-28,
CL101944,Benali,Jade,jade.benali1944@example.com,0678016102,1969-05-14,Lyon,entreprise,2026-01-21,oui
CL101945,Petit,Gabriel,gabriel.petit1945@example.com,0646499695,2000-07-01,Nantes,aucun,2026-05-20,non
CL101946,Roux,Louise,louise.roux1946@example.com,0649840394,1975-12-04,Lille,aucun,2026-03-22,oui
CL101947,Robert,Lea,lea.robert1947@example.com,0687688661,1964-08-17,Lille,aucun,2026-03-17,oui
CL101948,Petit,Rayan,rayan.petit1948@example.com,0650827460,1999-07-26,Lille,annuel,2025-10-18,
CL101949,Bernard,Chloe,chloe.bernard1949@example.com,0665720831,2000-03-09,Nantes,aucun,2026-07-25,non
CL101950,Petit,Hugo,hugo.petit1950@example.com,0646442918,2003-09-17,Nantes,aucun,2025-08-22,
CL101951,Simon,Jade,jade.simon1951@example.com,0618875062,1999-08-17,Grenoble,entreprise,2026-01-13,
CL101952,Petit,Ilyes,ilyes.petit1952@example.com,0655280209,1967-07-05,Lyon,mensuel,2026-03-27,non
CL101953,Garcia,Mehdi,mehdi.garcia1953@example.com,0652565517,1966-01-20,Nantes,annuel,2025-05-31,oui
CL101954,Benali,Sofia,sofia.benali1954@example.com,0637201768,2000-07-01,Lyon,entreprise,2026-01-28,
CL101955,Nguyen,Ilyes,ilyes.nguyen1955@example.com,0612929779,1965-04-16,Grenoble,aucun,2026-09-04,
CL101956,Moreau,Hugo,hugo.moreau1956@example.com,0636026880,1970-05-31,Nantes,mensuel,2026-07-03,non
CL101957,Michel,Sofia,sofia.michel1957@example.com,0681430414,1972-12-30,Nantes,etudiant,2026-04-28,oui
CL101958,Girard,Noah,noah.girard1958@example.com,0625258207,2003-08-24,Lyon,aucun,2025-11-12,non
CL101959,Nguyen,Noah,noah.nguyen1959@example.com,0642197127,1979-02-24,Grenoble,mensuel,2025-06-29,oui
CL101960,Benali,Sofia,sofia.benali1960@example.com,0632037221,1976-05-26,Nantes,annuel,2025-04-13,non
CL101961,Nguyen,Chloe,chloe.nguyen1961@example.com,0628189147,1976-07-19,Lyon,mensuel,2026-06-03,oui
CL101962,Michel,Yanis,yanis.michel1962@example.com,0666356299,1995-02-23,Lyon,aucun,2025-03-27,non
CL101963,Michel,Noah,noah.michel1963@example.com,0653866464,1967-12-18,Lyon,mensuel,2025-09-03,
CL101964,Bernard,Adam,adam.bernard1964@example.com,0670371967,1989-01-28,Nantes,aucun,2026-06-27,
CL101965,Dubois,Yanis,yanis.dubois1965@example.com,0649216498,1979-05-09,Lyon,aucun,2025-06-15,
CL101966,Dubois,Adam,adam.dubois1966@example.com,0690185816,1989-04-18,Lyon,aucun,2026-05-28,oui
CL101967,Martin,Jade,jade.martin1967@example.com,0653019328,1999-07-21,Nantes,mensuel,2026-03-18,non
CL101968,Moreau,Noah,noah.moreau1968@example.com,0656290011,1993-07-15,Nantes,annuel,2026-10-06,non
CL101969,Garcia,Mehdi,mehdi.garcia1969@example.com,0655356447,1971-05-24,Lille,etudiant,2026-03-16,
CL101970,Fournier,Manon,manon.fournier1970@example.com,0655810693,1968-07-15,Lille,aucun,2025-04-13,non
CL101971,Nguyen,Manon,manon.nguyen1971@example.com,0622288211,1982-03-28,Lyon,aucun,2026-07-21,non
CL101972,Petit,Hugo,hugo.petit1972@example.com,0662209502,1995-06-03,Lyon,mensuel,2025-09-30,
CL101973,Michel,Ilyes,ilyes.michel1973@example.com,0676119693,2002-03-27,Lyon,aucun,2026-06-27,oui
CL101974,Garcia,Chloe,chloe.garcia1974@example.com,0614714177,1995-05-30,Lille,aucun,2025-07-04,oui
CL101975,Garcia,Yanis,yanis.garcia1975@example.com,0697126761,1961-01-10,Lyon,aucun,2025-11-28,
CL101976,Martin,Hugo,hugo.martin1976@example.com,0698009104,1972-08-25,Lille,aucun,2025-10-13,non
CL101977,Robert,Ines,ines.robert1977@example.com,0665715825,2000-12-18,Lyon,etudiant,2026-07-08,non
CL101978,Moreau,Hugo,hugo.moreau1978@example.com,0662657396,1974-01-09,Lille,annuel,2026-08-02,oui
CL101979,Durand,Ilyes,ilyes.durand1979@example.com,0669854452,1965-08-23,Lyon,aucun,2026-04-17,oui
CL101980,Petit,Mehdi,mehdi.petit1980@example.com,0667616849,1978-10-22,Lyon,mensuel,2025-08-31,oui
CL101981,Nguyen,Adam,adam.nguyen1981@example.com,0676786442,1999-10-29,Grenoble,etudiant,2025-09-18,non
CL101982,Dubois,Manon,manon.dubois1982@example.com,0621967370,1983-01-31,Lille,mensuel,2025-06-28,non
CL101983,Durand,Sofia,sofia.durand1983@example.com,0622010609,1994-10-20,Lyon,aucun,2026-05-08,non
CL101984,Garcia,Rayan,rayan.garcia1984@example.com,0637492475,1981-10-19,Nantes,aucun,2025-06-12,non
CL101985,Michel,Adam,adam.michel1985@example.com,0632270956,1986-06-29,Lyon,aucun,2025-10-14,oui
CL101986,Durand,Louise,louise.durand1986@example.com,0645176322,1979-12-20,Lyon,mensuel,2026-09-15,non
CL101987,Dubois,Lea,lea.dubois1987@example.com,0635659046,1988-02-08,Lyon,etudiant,2025-04-28,oui
CL101988,Girard,Manon,manon.girard1988@example.com,0643010776,1974-08-04,Lille,aucun,2026-10-20,non
CL101989,Girard,Hugo,hugo.girard1989@example.com,0683142186,1984-08-23,Lyon,mensuel,2026-04-11,non
CL101990,Martin,Manon,manon.martin1990@example.com,0674283109,1988-10-05,Lyon,etudiant,2025-07-24,oui
CL101991,Roux,Ilyes,ilyes.roux1991@example.com,0698958305,1984-07-06,Lyon,aucun,2026-02-28,oui
CL101992,Nguyen,Chloe,chloe.nguyen1992@example.com,0653856489,1972-04-29,Lille,aucun,2025-04-22,oui
CL101993,Bernard,Ines,ines.bernard1993@example.com,0612483162,1968-12-17,Grenoble,mensuel,2026-01-19,
CL101994,Petit,Mehdi,mehdi.petit1994@example.com,0691104355,1990-09-17,Nantes,mensuel,2025-06-12,
CL101995,Michel,Sofia,sofia.michel1995@example.com,0625272061,1982-12-05,Lyon,aucun,2025-08-03,oui
CL101996,Michel,Camille,camille.michel1996@example.com,0678405137,1993-03-22,Lyon,annuel,2026-10-08,non
CL101997,Laurent,Hugo,hugo.laurent1997@example.com,0616720418,1998-08-18,Lyon,entreprise,2026-03-28,non
CL101998,Michel,Adam,adam.michel1998@example.com,0647883833,1979-08-15,Grenoble,aucun,2025-06-24,non
CL101999,Michel,Rayan,rayan.michel1999@example.com,0695367393,1973-12-19,Lille,aucun,2026-10-13,oui
CL102000,Durand,Mehdi,mehdi.durand2000@example.com,0611210677,1963-09-02,Grenoble,etudiant,2026-10-11,non
CL102001,Dubois,Ilyes,ilyes.dubois2001@example.com,0676617844,1990-09-14,Nantes,annuel,2026-01-03,non
CL102002,Durand,Lea,lea.durand2002@example.com,0636401841,1995-12-02,Lille,aucun,2026-08-07,oui
CL102003,Roux,Ines,ines.roux2003@example.com,0663069678,1964-07-11,Lyon,aucun,2026-02-04,oui
CL102004,Moreau,Karim,karim.moreau2004@example.com,0615487992,1974-02-02,Lille,mensuel,2026-06-18,
CL102005,Benali,Noah,noah.benali2005@example.com,0693692855,1977-11-16,Lyon,aucun,2026-04-29,non
CL102006,Laurent,Ines,ines.laurent2006@example.com,0626736594,2000-06-26,Lille,aucun,2025-03-26,non
CL102007,Roux,Ilyes,ilyes.roux2007@example.com,0646474198,1990-11-29,Lille,aucun,2025-12-09,
CL102008,Roux,Amira,amira.roux2008@example.com,0664108045,1994-08-18,Nantes,aucun,2025-04-08,oui
CL102009,Martin,Louise,louise.martin2009@example.com,0695286055,2000-11-26,Grenoble,aucun,2026-08-09,
CL102010,Dubois,Noah,noah.dubois2010@example.com,0694138674,1967-11-04,Lyon,entreprise,2025-04-22,
CL102011,Laurent,Chloe,chloe.laurent2011@example.com,0629643030,1982-12-12,Grenoble,aucun,2025-10-31,
CL102012,Fournier,Lea,lea.fournier2012@example.com,0659245409,1976-12-06,Lille,aucun,2026-04-21,
CL102013,Nguyen,Ines,ines.nguyen2013@example.com,0675819369,1971-08-05,Grenoble,mensuel,2025-04-22,
CL102014,Nguyen,Ilyes,ilyes.nguyen2014@example.com,0618045901,2001-07-17,Grenoble,aucun,2026-05-01,
CL102015,Roux,Camille,camille.roux2015@example.com,0617640682,1984-02-15,Nantes,mensuel,2025-12-01,
CL102016,Dubois,Yanis,yanis.dubois2016@example.com,0652719428,1974-08-10,Nantes,aucun,2026-10-17,non
CL102017,Simon,Sofia,sofia.simon2017@example.com,0652467704,1966-12-15,Grenoble,aucun,2025-08-28,
CL102018,Petit,Jade,jade.petit2018@example.com,0616714824,1998-03-11,Lyon,mensuel,2026-04-13,oui
CL102019,Dubois,Yanis,yanis.dubois2019@example.com,0642193171,2002-11-23,Lyon,mensuel,2026-03-12,
CL102020,Girard,Rayan,rayan.girard2020@example.com,0629466852,1987-03-06,Lille,aucun,2026-04-05,
CL102021,Nguyen,Manon,manon.nguyen2021@example.com,0652460362,1997-07-17,Lille,annuel,2025-12-11,
CL102022,Girard,Gabriel,gabriel.girard2022@example.com,0670482670,1998-01-30,Lyon,entreprise,2025-09-07,oui
CL102023,Garcia,Mehdi,mehdi.garcia2023@example.com,0634943473,1984-08-01,Lille,aucun,2026-07-05,non
CL102024,Fournier,Gabriel,gabriel.fournier2024@example.com,0621562243,1989-06-24,Grenoble,mensuel,2025-04-21,non
CL102025,Moreau,Karim,karim.moreau2025@example.com,0615762270,1973-01-04,Lyon,mensuel,2025-09-04,non
CL102026,Nguyen,Lea,lea.nguyen2026@example.com,0633171229,1994-02-05,Lille,aucun,2025-12-04,oui
CL102027,Dubois,Noah,noah.dubois2027@example.com,0661509867,1966-08-09,Lille,aucun,2025-10-16,oui
CL102028,Roux,Jade,jade.roux2028@example.com,0650536707,2001-04-28,Grenoble,aucun,2026-09-08,oui
CL102029,Fournier,Jade,jade.fournier2029@example.com,0633071297,1962-02-12,Lyon,aucun,2026-08-21,oui
CL102030,Fournier,Adam,adam.fournier2030@example.com,0649501713,1965-06-30,Lille,aucun,2025-05-11,oui
CL102031,Petit,Sofia,sofia.petit2031@example.com,0681737323,1970-11-14,Lille,mensuel,2025-05-31,non
CL102032,Martin,Manon,manon.martin2032@example.com,0696789684,1960-09-13,Nantes,aucun,2025-06-17,oui
CL102033,Moreau,Chloe,chloe.moreau2033@example.com,0632920680,1991-05-07,Lyon,mensuel,2026-06-19,non
CL102034,Benali,Noah,noah.benali2034@example.com,0677656487,1989-11-26,Nantes,aucun,2025-09-07,oui
CL102035,Benali,Adam,adam.benali2035@example.com,0675782029,1981-10-15,Lyon,etudiant,2026-01-05,oui
CL102036,Laurent,Ines,ines.laurent2036@example.com,0667101086,1990-03-28,Grenoble,mensuel,2025-05-09,non
CL102037,Benali,Ilyes,ilyes.benali2037@example.com,0614694315,2002-08-08,Lyon,annuel,2025-05-11,non
CL102038,Dubois,Karim,karim.dubois2038@example.com,0693235536,1990-02-15,Grenoble,mensuel,2025-07-15,
CL102039,Roux,Karim,karim.roux2039@example.com,0662069647,1966-03-26,Lille,aucun,2025-03-09,
CL102040,Petit,Sofia,sofia.petit2040@example.com,0615158010,2001-04-15,Lille,etudiant,2026-04-20,
CL102041,Roux,Hugo,hugo.roux2041@example.com,0668045156,1996-06-21,Lille,entreprise,2026-05-14,oui
CL102042,Michel,Ines,ines.michel2042@example.com,0633336167,1989-03-11,Nantes,aucun,2025-07-13,
CL102043,Simon,Sofia,sofia.simon2043@example.com,0645893017,1977-04-13,Grenoble,aucun,2026-02-17,oui
CL102044,Michel,Yanis,yanis.michel2044@example.com,0613787391,1982-03-26,Nantes,annuel,2025-04-25,non
CL102045,Garcia,Sofia,sofia.garcia2045@example.com,0632531484,1999-08-25,Lille,mensuel,2025-06-24,
CL102046,Fournier,Louise,louise.fournier2046@example.com,0691921444,1993-01-20,Lyon,aucun,2026-07-04,
CL102047,Robert,Ines,ines.robert2047@example.com,0666347995,1986-04-18,Lyon,aucun,2026-10-15,
CL102048,Benali,Ilyes,ilyes.benali2048@example.com,0630552422,1985-10-26,Grenoble,mensuel,2026-07-23,non
CL102049,Benali,Chloe,chloe.benali2049@example.com,0647110231,1965-09-28,Lille,annuel,2026-10-07,non
CL102050,Girard,Ines,ines.girard2050@example.com,0619732609,1995-04-06,Nantes,mensuel,2025-06-18,
CL102051,Simon,Yanis,yanis.simon2051@example.com,0633588092,1970-03-15,Lyon,mensuel,2026-08-20,non
CL102052,Bernard,Louise,louise.bernard2052@example.com,0680117023,1990-12-28,Lille,annuel,2025-09-25,
CL102053,Moreau,Rayan,rayan.moreau2053@example.com,0622481299,1992-08-22,Lille,aucun,2025-09-21,non
CL102054,Benali,Louise,louise.benali2054@example.com,0617578177,1974-06-20,Nantes,aucun,2025-06-14,oui
CL102055,Bernard,Rayan,rayan.bernard2055@example.com,0638359298,1974-09-17,Lyon,aucun,2025-08-12,
CL102056,Michel,Rayan,rayan.michel2056@example.com,0666014507,1961-07-10,Nantes,aucun,2025-05-20,
CL102057,Petit,Rayan,rayan.petit2057@example.com,0644847969,1964-08-30,Lyon,entreprise,2025-11-04,oui
CL102058,Fournier,Hugo,hugo.fournier2058@example.com,0621789209,1994-04-23,Lille,annuel,2025-06-30,non
CL102059,Simon,Hugo,hugo.simon2059@example.com,0654697792,1980-09-14,Lille,mensuel,2026-09-01,
CL102060,Bernard,Ines,ines.bernard2060@example.com,0668066613,2002-06-04,Lyon,annuel,2025-11-30,oui
CL102061,Martin,Noah,noah.martin2061@example.com,0641814101,1998-03-08,Lille,annuel,2025-10-12,oui
CL102062,Michel,Amira,amira.michel2062@example.com,0692753829,1979-04-14,Nantes,aucun,2026-03-13,oui
CL102063,Robert,Noah,noah.robert2063@example.com,0612137702,1968-10-27,Lyon,entreprise,2025-08-20,oui
CL102064,Laurent,Adam,adam.laurent2064@example.com,0658077833,1969-08-15,Nantes,annuel,2026-03-03,oui
CL102065,Benali,Sofia,sofia.benali2065@example.com,0614778364,1986-04-23,Grenoble,mensuel,2026-02-22,non
CL102066,Simon,Adam,adam.simon2066@example.com,0664928603,1963-04-13,Lille,etudiant,2025-09-17,oui
CL102067,Benali,Mehdi,mehdi.benali2067@example.com,0669250933,1970-11-26,Lyon,aucun,2026-07-25,
CL102068,Garcia,Sofia,sofia.garcia2068@example.com,0641256815,1992-12-19,Nantes,aucun,2025-05-20,oui
CL102069,Girard,Manon,manon.girard2069@example.com,0689509822,1971-11-21,Nantes,annuel,2025-06-18,oui
CL102070,Girard,Lea,lea.girard2070@example.com,0647300768,1968-03-11,Grenoble,annuel,2025-03-03,
CL102071,Roux,Sofia,sofia.roux2071@example.com,0644423541,2000-02-12,Lyon,mensuel,2025-05-27,non
CL102072,Benali,Gabriel,gabriel.benali2072@example.com,0652784462,1967-02-22,Lyon,mensuel,2026-10-08,non
CL102073,Bernard,Chloe,chloe.bernard2073@example.com,0616462368,1986-01-23,Lille,mensuel,2025-08-16,oui
CL102074,Durand,Gabriel,gabriel.durand2074@example.com,0647584757,1967-06-17,Grenoble,mensuel,2025-03-09,non
CL102075,Durand,Chloe,chloe.durand2075@example.com,0633038981,1984-10-03,Lyon,aucun,2026-10-11,non
CL102076,Benali,Gabriel,gabriel.benali2076@example.com,0665516445,1967-03-18,Lyon,aucun,2026-09-25,non
CL102077,Michel,Yanis,yanis.michel2077@example.com,0682423417,1961-10-01,Lille,aucun,2025-09-30,
CL102078,Dubois,Jade,jade.dubois2078@example.com,0627148742,1976-09-20,Lyon,aucun,2026-06-17,non
CL102079,Martin,Ilyes,ilyes.martin2079@example.com,0610709420,1974-07-30,Grenoble,mensuel,2025-03-18,
CL102080,Benali,Chloe,chloe.benali2080@example.com,0648790896,1997-08-13,Lyon,aucun,2026-03-15,non
CL102081,Garcia,Ilyes,ilyes.garcia2081@example.com,0610291020,1982-08-06,Lyon,aucun,2025-06-08,non
CL102082,Girard,Sofia,sofia.girard2082@example.com,0669448183,1967-08-07,Lyon,aucun,2026-01-20,non
CL102083,Laurent,Louise,louise.laurent2083@example.com,0668958285,1990-05-25,Nantes,aucun,2025-11-10,oui
CL102084,Laurent,Gabriel,gabriel.laurent2084@example.com,0699209932,1984-12-01,Lille,mensuel,2025-12-14,
CL102085,Robert,Lea,lea.robert2085@example.com,0620361527,1989-09-17,Nantes,etudiant,2026-08-29,oui
CL102086,Garcia,Rayan,rayan.garcia2086@example.com,0681968059,1993-03-15,Grenoble,etudiant,2025-05-22,oui
CL102087,Nguyen,Gabriel,gabriel.nguyen2087@example.com,0695135963,1988-08-03,Lyon,mensuel,2025-12-11,
CL102088,Garcia,Ilyes,ilyes.garcia2088@example.com,0631499495,1964-12-19,Grenoble,mensuel,2026-08-26,oui
CL102089,Simon,Karim,karim.simon2089@example.com,0693420171,1998-03-13,Nantes,annuel,2025-08-25,oui
CL102090,Durand,Adam,adam.durand2090@example.com,0617038147,1989-11-18,Lille,aucun,2026-06-12,oui
CL102091,Moreau,Camille,camille.moreau2091@example.com,0624662688,1989-09-05,Nantes,etudiant,2026-08-12,non
CL102092,Roux,Mehdi,mehdi.roux2092@example.com,0650572681,2002-04-27,Grenoble,etudiant,2025-06-29,
CL102093,Laurent,Adam,adam.laurent2093@example.com,0663602582,1962-07-10,Grenoble,mensuel,2025-03-18,oui
CL102094,Laurent,Hugo,hugo.laurent2094@example.com,0693248370,1960-04-15,Nantes,annuel,2025-07-29,oui
CL102095,Girard,Hugo,hugo.girard2095@example.com,0619575470,1988-05-25,Lille,mensuel,2025-03-12,non
CL102096,Simon,Jade,jade.simon2096@example.com,0611908899,1963-09-03,Lille,annuel,2026-02-24,oui
CL102097,Bernard,Hugo,hugo.bernard2097@example.com,0686369288,1970-08-31,Grenoble,mensuel,2025-08-01,non
CL102098,Fournier,Gabriel,gabriel.fournier2098@example.com,0663931548,1993-12-22,Lyon,aucun,2026-06-06,oui
CL102099,Simon,Gabriel,gabriel.simon2099@example.com,0699403156,1997-01-27,Grenoble,aucun,2025-06-03,
CL102100,Dubois,Jade,jade.dubois2100@example.com,0684117512,2003-01-14,Lyon,mensuel,2025-12-11,non
CL102101,Michel,Gabriel,gabriel.michel2101@example.com,0661847817,1992-09-26,Nantes,aucun,2026-10-14,non
CL102102,Michel,Rayan,rayan.michel2102@example.com,0630435445,1997-11-12,Lille,aucun,2026-08-09,oui
CL102103,Dubois,Adam,adam.dubois2103@example.com,0659329763,2000-01-06,Nantes,mensuel,2026-10-14,
CL102104,Laurent,Hugo,hugo.laurent2104@example.com,0635746928,1981-07-16,Nantes,aucun,2025-07-05,oui
CL102105,Benali,Sofia,sofia.benali2105@example.com,0684039205,1975-10-27,Lyon,mensuel,2025-12-17,
CL102106,Durand,Rayan,rayan.durand2106@example.com,0616751163,1984-05-01,Lyon,etudiant,2025-07-01,oui
CL102107,Fournier,Louise,louise.fournier2107@example.com,0687113522,1965-01-13,Lille,mensuel,2025-11-25,
CL102108,Michel,Camille,camille.michel2108@example.com,0665783752,1985-03-17,Grenoble,aucun,2025-07-19,non
CL102109,Martin,Noah,noah.martin2109@example.com,0612013623,1970-09-26,Lille,aucun,2025-12-19,
CL102110,Nguyen,Yanis,yanis.nguyen2110@example.com,0660445028,1974-04-18,Lyon,aucun,2025-09-25,oui
CL102111,Durand,Rayan,rayan.durand2111@example.com,0665618067,1997-12-25,Lyon,aucun,2026-10-10,
CL102112,Simon,Ilyes,ilyes.simon2112@example.com,0693892019,1973-05-30,Lyon,etudiant,2025-08-11,oui
CL102113,Robert,Camille,camille.robert2113@example.com,0633763804,1964-06-14,Grenoble,etudiant,2025-09-22,non
CL102114,Dubois,Louise,louise.dubois2114@example.com,0687657948,1964-08-16,Lyon,aucun,2025-11-18,oui
CL102115,Durand,Hugo,hugo.durand2115@example.com,0615628834,1997-08-22,Lyon,annuel,2025-12-19,
CL102116,Petit,Noah,noah.petit2116@example.com,0646558434,1989-05-18,Lyon,etudiant,2025-07-13,
CL102117,Bernard,Louise,louise.bernard2117@example.com,0657153519,1998-09-09,Grenoble,aucun,2025-07-29,oui
CL102118,Robert,Lea,lea.robert2118@example.com,0655203264,2003-07-22,Nantes,mensuel,2025-12-04,oui
CL102119,Nguyen,Gabriel,gabriel.nguyen2119@example.com,0650929848,1971-08-09,Lyon,etudiant,2026-10-03,
CL102120,Moreau,Noah,noah.moreau2120@example.com,0698392818,1964-11-15,Nantes,mensuel,2026-04-24,non
CL102121,Simon,Lea,lea.simon2121@example.com,0634226179,1983-03-03,Lille,aucun,2026-02-07,
CL102122,Michel,Jade,jade.michel2122@example.com,0611822719,1997-03-04,Lyon,aucun,2025-08-31,
CL102123,Dubois,Hugo,hugo.dubois2123@example.com,0661361729,1961-10-01,Lyon,mensuel,2025-07-09,non
CL102124,Fournier,Camille,camille.fournier2124@example.com,0659986154,1975-02-28,Lyon,etudiant,2026-05-13,oui
CL102125,Robert,Yanis,yanis.robert2125@example.com,0626758030,1994-04-28,Lille,mensuel,2026-05-29,
CL102126,Dubois,Yanis,yanis.dubois2126@example.com,0678225525,1994-05-20,Grenoble,aucun,2026-09-20,oui
CL102127,Laurent,Gabriel,gabriel.laurent2127@example.com,0684745966,1972-01-20,Lille,aucun,2025-07-06,
CL102128,Robert,Camille,camille.robert2128@example.com,0691713068,1964-08-22,Lille,mensuel,2025-03-28,oui
CL102129,Nguyen,Sofia,sofia.nguyen2129@example.com,0669464737,1987-02-08,Nantes,aucun,2026-01-07,oui
CL102130,Bernard,Camille,camille.bernard2130@example.com,0658571593,1998-07-10,Lyon,entreprise,2026-06-30,
CL102131,Martin,Hugo,hugo.martin2131@example.com,0649483938,1989-11-29,Nantes,aucun,2026-02-26,
CL102132,Martin,Rayan,rayan.martin2132@example.com,0697615378,1978-11-23,Nantes,mensuel,2026-08-17,non
CL102133,Martin,Sofia,sofia.martin2133@example.com,0647471673,1996-10-18,Nantes,mensuel,2026-03-21,
CL102134,Laurent,Ilyes,ilyes.laurent2134@example.com,0612762337,1981-09-04,Grenoble,etudiant,2026-09-26,
CL102135,Martin,Jade,jade.martin2135@example.com,0659356454,2000-08-11,Lille,aucun,2026-05-01,non
CL102136,Garcia,Lea,lea.garcia2136@example.com,0686006202,1980-11-09,Lyon,aucun,2025-03-26,oui
CL102137,Robert,Jade,jade.robert2137@example.com,0664785807,1983-07-27,Nantes,aucun,2025-10-12,oui
CL102138,Fournier,Chloe,chloe.fournier2138@example.com,0682463903,1995-07-27,Lille,aucun,2025-07-24,
CL102139,Simon,Rayan,rayan.simon2139@example.com,0618565089,1997-03-03,Nantes,aucun,2025-08-16,
CL102140,Laurent,Amira,amira.laurent2140@example.com,0634747961,1960-02-23,Nantes,annuel,2026-09-21,oui
CL102141,Benali,Lea,lea.benali2141@example.com,0615490572,1976-08-23,Lyon,aucun,2026-07-13,oui
CL102142,Moreau,Karim,karim.moreau2142@example.com,0657568567,1999-05-16,Lyon,annuel,2026-10-19,oui
CL102143,Fournier,Mehdi,mehdi.fournier2143@example.com,0635628491,1999-02-18,Nantes,aucun,2026-02-17,oui
CL102144,Durand,Mehdi,mehdi.durand2144@example.com,0694261062,1972-07-04,Lille,mensuel,2026-02-06,non
CL102145,Moreau,Adam,adam.moreau2145@example.com,0647637610,1961-05-08,Lyon,mensuel,2026-09-02,non
CL102146,Petit,Camille,camille.petit2146@example.com,0687918577,1991-04-28,Lille,aucun,2025-04-05,oui
CL102147,Laurent,Hugo,hugo.laurent2147@example.com,0658082443,1967-09-04,Nantes,aucun,2025-09-23,non
CL102148,Robert,Amira,amira.robert2148@example.com,0630274338,1984-07-14,Lyon,annuel,2026-02-14,non
CL102149,Robert,Gabriel,gabriel.robert2149@example.com,0658224875,1984-05-15,Nantes,mensuel,2026-08-30,oui
CL102150,Nguyen,Amira,amira.nguyen2150@example.com,0669715379,1965-11-02,Lyon,mensuel,2025-05-15,oui
CL102151,Laurent,Hugo,hugo.laurent2151@example.com,0612248082,1990-01-03,Lille,aucun,2025-12-28,
CL102152,Benali,Sofia,sofia.benali2152@example.com,0685793902,1966-07-20,Grenoble,etudiant,2026-10-14,non
CL102153,Michel,Adam,adam.michel2153@example.com,0648168764,1986-04-13,Nantes,aucun,2025-04-13,
CL102154,Bernard,Hugo,hugo.bernard2154@example.com,0643836754,1997-12-14,Nantes,aucun,2026-09-15,
CL102155,Michel,Mehdi,mehdi.michel2155@example.com,0654705807,1997-06-26,Grenoble,mensuel,2026-08-12,oui
CL102156,Petit,Gabriel,gabriel.petit2156@example.com,0663173620,1994-06-25,Lille,annuel,2025-07-27,
CL102157,Dubois,Mehdi,mehdi.dubois2157@example.com,0624687684,1961-07-09,Lille,aucun,2025-11-26,oui
CL102158,Bernard,Chloe,chloe.bernard2158@example.com,0615354401,1968-07-02,Lille,etudiant,2026-05-14,
CL102159,Benali,Yanis,yanis.benali2159@example.com,0657279096,2003-07-02,Lyon,aucun,2026-06-09,non
CL102160,Benali,Karim,karim.benali2160@example.com,0674187248,1984-12-29,Lyon,aucun,2026-01-20,oui
CL102161,Roux,Jade,jade.roux2161@example.com,0618512147,2001-12-25,Lille,mensuel,2025-05-20,oui
CL102162,Moreau,Amira,amira.moreau2162@example.com,0656093636,1977-03-18,Nantes,mensuel,2026-02-05,non
CL102163,Girard,Jade,jade.girard2163@example.com,0682914162,1964-05-30,Lille,aucun,2025-05-28,
CL102164,Nguyen,Rayan,rayan.nguyen2164@example.com,0623017093,1987-07-11,Lille,annuel,2025-06-14,oui
CL102165,Simon,Karim,karim.simon2165@example.com,0694701411,1969-01-27,Lille,mensuel,2026-04-09,oui
CL102166,Roux,Louise,louise.roux2166@example.com,0619588285,1996-11-02,Lille,aucun,2025-05-20,non
CL102167,Martin,Gabriel,gabriel.martin2167@example.com,0629796927,1965-10-17,Lyon,mensuel,2026-06-30,
CL102168,Moreau,Hugo,hugo.moreau2168@example.com,0625646828,1984-06-28,Nantes,aucun,2026-10-05,oui
CL102169,Petit,Adam,adam.petit2169@example.com,0697436964,1966-10-26,Grenoble,aucun,2026-09-16,
CL102170,Roux,Amira,amira.roux2170@example.com,0647189916,1989-09-29,Lille,aucun,2025-07-07,non
CL102171,Benali,Camille,camille.benali2171@example.com,0617669377,1962-06-03,Nantes,annuel,2025-08-18,non
CL102172,Girard,Rayan,rayan.girard2172@example.com,0685880237,1996-05-15,Lille,entreprise,2026-03-16,oui
CL102173,Laurent,Rayan,rayan.laurent2173@example.com,0665134931,1976-09-22,Nantes,entreprise,2026-07-14,
CL102174,Nguyen,Manon,manon.nguyen2174@example.com,0670998652,1964-12-27,Lyon,etudiant,2025-09-13,oui
CL102175,Roux,Manon,manon.roux2175@example.com,0675882608,2000-10-06,Lyon,annuel,2025-08-30,
CL102176,Roux,Yanis,yanis.roux2176@example.com,0665873483,1982-05-16,Nantes,aucun,2025-06-18,
CL102177,Dubois,Jade,jade.dubois2177@example.com,0659783150,1967-06-13,Grenoble,aucun,2026-07-18,oui
CL102178,Dubois,Louise,louise.dubois2178@example.com,0624552257,1989-10-16,Lyon,annuel,2025-09-02,non
CL102179,Robert,Manon,manon.robert2179@example.com,0682983492,1978-07-02,Lille,mensuel,2026-09-28,non
CL102180,Robert,Chloe,chloe.robert2180@example.com,0650647263,2000-07-06,Lyon,etudiant,2026-08-20,oui
CL102181,Nguyen,Lea,lea.nguyen2181@example.com,0637160211,1980-10-18,Lyon,mensuel,2026-03-24,non
CL102182,Michel,Chloe,chloe.michel2182@example.com,0694214239,1988-04-16,Lyon,aucun,2025-11-17,
CL102183,Robert,Camille,camille.robert2183@example.com,0653822364,1993-07-18,Nantes,annuel,2026-10-05,oui
CL102184,Michel,Rayan,rayan.michel2184@example.com,0698784776,1988-07-07,Lille,aucun,2026-09-18,non
CL102185,Roux,Chloe,chloe.roux2185@example.com,0689847746,1973-11-29,Grenoble,aucun,2026-04-11,oui
CL102186,Moreau,Karim,karim.moreau2186@example.com,0618822555,1966-04-24,Grenoble,aucun,2025-03-13,non
CL102187,Laurent,Adam,adam.laurent2187@example.com,0627303508,1970-10-30,Nantes,entreprise,2026-06-01,
CL102188,Roux,Noah,noah.roux2188@example.com,0669361008,1962-04-10,Lille,aucun,2025-05-21,non
CL102189,Robert,Gabriel,gabriel.robert2189@example.com,0659965225,2001-07-31,Lille,aucun,2026-02-17,
CL102190,Bernard,Sofia,sofia.bernard2190@example.com,0691370023,1967-12-04,Grenoble,aucun,2025-10-04,oui
CL102191,Fournier,Jade,jade.fournier2191@example.com,0658044061,1982-09-24,Lille,mensuel,2026-09-22,oui
CL102192,Durand,Noah,noah.durand2192@example.com,0610846368,1993-09-30,Nantes,aucun,2025-11-04,oui
CL102193,Roux,Camille,camille.roux2193@example.com,0690986563,1974-06-12,Nantes,entreprise,2025-10-09,
CL102194,Roux,Louise,louise.roux2194@example.com,0619461492,1966-06-22,Lille,etudiant,2026-09-12,
CL102195,Simon,Rayan,rayan.simon2195@example.com,0655787032,1992-06-30,Nantes,annuel,2026-09-14,oui
CL102196,Durand,Ilyes,ilyes.durand2196@example.com,0688163179,2001-10-09,Nantes,entreprise,2026-08-26,oui
CL102197,Petit,Ines,ines.petit2197@example.com,0664000333,1985-07-30,Nantes,mensuel,2025-03-14,oui
CL102198,Dubois,Amira,amira.dubois2198@example.com,0688506874,1978-07-25,Lille,aucun,2025-08-14,oui
CL102199,Girard,Mehdi,mehdi.girard2199@example.com,0619180290,1990-12-07,Grenoble,etudiant,2026-05-07,non
CL102200,Moreau,Yanis,yanis.moreau2200@example.com,0690415290,1969-03-24,Nantes,etudiant,2025-05-19,
CL102201,Nguyen,Manon,manon.nguyen2201@example.com,0625137933,1970-11-08,Grenoble,annuel,2026-10-22,oui
CL102202,Girard,Lea,lea.girard2202@example.com,0675230461,1993-01-15,Nantes,entreprise,2025-06-09,non
CL102203,Girard,Mehdi,mehdi.girard2203@example.com,0615396769,1960-05-01,Grenoble,etudiant,2025-07-03,
CL102204,Nguyen,Lea,lea.nguyen2204@example.com,0651599113,1972-05-10,Grenoble,aucun,2026-07-27,
CL102205,Roux,Rayan,rayan.roux2205@example.com,0655579570,1963-08-13,Lyon,aucun,2026-04-11,
CL102206,Bernard,Adam,adam.bernard2206@example.com,0660060506,1964-09-11,Grenoble,mensuel,2025-07-31,
CL102207,Bernard,Camille,camille.bernard2207@example.com,0623495900,1979-02-02,Lille,etudiant,2025-09-03,oui
CL102208,Petit,Chloe,chloe.petit2208@example.com,0625891535,2000-12-02,Nantes,aucun,2026-04-15,oui
CL102209,Laurent,Chloe,chloe.laurent2209@example.com,0621414655,1996-01-30,Lyon,etudiant,2026-07-20,non
CL102210,Nguyen,Louise,louise.nguyen2210@example.com,0630049054,1982-07-06,Nantes,aucun,2025-03-25,non
CL102211,Fournier,Ines,ines.fournier2211@example.com,0616297016,1991-11-18,Lyon,mensuel,2026-09-04,
CL102212,Nguyen,Mehdi,mehdi.nguyen2212@example.com,0669578394,1966-11-05,Nantes,mensuel,2026-03-23,oui
CL102213,Michel,Amira,amira.michel2213@example.com,0666014217,1981-05-14,Lille,annuel,2025-09-28,oui
CL102214,Martin,Camille,camille.martin2214@example.com,0652368972,1985-09-16,Nantes,mensuel,2025-08-06,non
CL102215,Fournier,Ines,ines.fournier2215@example.com,0680662699,1965-02-10,Lille,entreprise,2025-03-04,
CL102216,Garcia,Mehdi,mehdi.garcia2216@example.com,0659466232,1997-01-23,Lyon,aucun,2025-08-14,non
CL102217,Laurent,Sofia,sofia.laurent2217@example.com,0636894139,1970-07-20,Lille,mensuel,2025-09-18,
CL102218,Martin,Yanis,yanis.martin2218@example.com,0691100574,1989-11-17,Lyon,mensuel,2026-09-24,non
CL102219,Girard,Jade,jade.girard2219@example.com,0680918900,1980-07-21,Lyon,mensuel,2025-09-20,
CL102220,Moreau,Yanis,yanis.moreau2220@example.com,0660847362,1979-03-10,Nantes,annuel,2026-08-26,non
CL102221,Roux,Ilyes,ilyes.roux2221@example.com,0641898103,1962-02-03,Grenoble,aucun,2026-07-22,
CL102222,Fournier,Yanis,yanis.fournier2222@example.com,0636890212,1963-02-09,Nantes,etudiant,2026-06-27,non
CL102223,Garcia,Yanis,yanis.garcia2223@example.com,0613054075,1995-04-24,Nantes,aucun,2026-01-29,
CL102224,Laurent,Sofia,sofia.laurent2224@example.com,0695834491,1980-02-10,Lyon,mensuel,2025-10-04,
CL102225,Roux,Rayan,rayan.roux2225@example.com,0612226988,1981-11-28,Lyon,annuel,2026-10-14,oui
CL102226,Martin,Camille,camille.martin2226@example.com,0626538984,1970-06-01,Lyon,aucun,2026-05-24,
CL102227,Durand,Hugo,hugo.durand2227@example.com,0625094224,1986-01-23,Lyon,etudiant,2025-05-23,non
CL102228,Moreau,Hugo,hugo.moreau2228@example.com,0677976048,1960-09-26,Lille,annuel,2026-09-19,non
CL102229,Nguyen,Chloe,chloe.nguyen2229@example.com,0664422367,1991-01-05,Lyon,mensuel,2026-07-01,oui
CL102230,Nguyen,Sofia,sofia.nguyen2230@example.com,0669231437,1969-07-02,Lyon,aucun,2026-08-22,non
CL102231,Nguyen,Noah,noah.nguyen2231@example.com,0652301275,1988-04-23,Lille,aucun,2026-06-27,
CL102232,Bernard,Louise,louise.bernard2232@example.com,0669287171,1962-06-12,Lyon,annuel,2026-04-14,oui
CL102233,Moreau,Noah,noah.moreau2233@example.com,0616238655,1968-05-17,Grenoble,etudiant,2025-09-05,oui
CL102234,Garcia,Manon,manon.garcia2234@example.com,0697890640,1974-01-31,Lyon,etudiant,2025-04-18,non
CL102235,Michel,Lea,lea.michel2235@example.com,0625296200,1991-04-19,Grenoble,mensuel,2025-09-24,non
CL102236,Durand,Lea,lea.durand2236@example.com,0677116285,1962-01-14,Lille,aucun,2026-09-24,
CL102237,Bernard,Chloe,chloe.bernard2237@example.com,0698099766,1996-04-12,Lyon,aucun,2025-09-24,oui
CL102238,Durand,Sofia,sofia.durand2238@example.com,0682977071,1979-04-01,Lille,aucun,2025-09-12,oui
CL102239,Garcia,Gabriel,gabriel.garcia2239@example.com,0662960276,1997-03-10,Lyon,aucun,2026-10-22,non
CL102240,Nguyen,Ines,ines.nguyen2240@example.com,0655037232,1966-01-05,Lyon,aucun,2026-08-24,non
CL102241,Garcia,Ilyes,ilyes.garcia2241@example.com,0668139995,1994-12-28,Lyon,aucun,2026-04-02,non
CL102242,Girard,Amira,amira.girard2242@example.com,0649356930,1970-07-01,Lyon,annuel,2026-02-27,oui
CL102243,Roux,Manon,manon.roux2243@example.com,0692495013,1973-12-20,Lille,annuel,2025-10-24,
CL102244,Fournier,Karim,karim.fournier2244@example.com,0626513434,1996-12-11,Lyon,aucun,2025-09-03,
CL102245,Garcia,Louise,louise.garcia2245@example.com,0677934373,1973-10-10,Grenoble,entreprise,2025-10-07,non
CL102246,Nguyen,Amira,amira.nguyen2246@example.com,0683360851,1990-04-28,Nantes,etudiant,2026-04-15,non
CL102247,Moreau,Chloe,chloe.moreau2247@example.com,0630754375,1969-11-03,Lyon,mensuel,2026-02-06,oui
CL102248,Michel,Ilyes,ilyes.michel2248@example.com,0614827487,1985-11-11,Lyon,etudiant,2026-03-19,non
CL102249,Girard,Sofia,sofia.girard2249@example.com,0618326274,1997-12-07,Lyon,mensuel,2025-07-01,
CL102250,Robert,Manon,manon.robert2250@example.com,0684815552,1968-02-02,Lyon,mensuel,2026-03-13,
CL102251,Roux,Karim,karim.roux2251@example.com,0666458236,1990-08-31,Lille,entreprise,2026-04-21,
CL102252,Durand,Ines,ines.durand2252@example.com,0633431991,1997-08-31,Lyon,etudiant,2025-03-24,non
CL102253,Petit,Manon,manon.petit2253@example.com,0631435327,1961-11-06,Lille,etudiant,2026-06-20,non
CL102254,Bernard,Hugo,hugo.bernard2254@example.com,0619415395,1960-07-25,Lyon,annuel,2025-09-28,non
CL102255,Martin,Adam,adam.martin2255@example.com,0628496425,1997-04-25,Nantes,mensuel,2026-04-09,non
CL102256,Martin,Louise,louise.martin2256@example.com,0655184435,1962-07-29,Lille,etudiant,2025-05-20,
CL102257,Nguyen,Camille,camille.nguyen2257@example.com,0667320944,1991-09-13,Lille,mensuel,2025-05-27,oui
CL102258,Martin,Camille,camille.martin2258@example.com,0687915119,1993-08-03,Lyon,aucun,2026-06-06,non
CL102259,Michel,Camille,camille.michel2259@example.com,0655054448,1992-02-07,Lyon,mensuel,2025-09-19,
CL102260,Nguyen,Camille,camille.nguyen2260@example.com,0651481634,1983-09-09,Lyon,mensuel,2026-03-06,
CL102261,Girard,Chloe,chloe.girard2261@example.com,0643735019,1991-03-24,Grenoble,aucun,2025-10-29,non
CL102262,Benali,Louise,louise.benali2262@example.com,0624072408,1992-05-19,Lyon,aucun,2025-03-30,non
CL102263,Benali,Amira,amira.benali2263@example.com,0614056678,1986-10-29,Lyon,aucun,2025-09-22,non
CL102264,Benali,Amira,amira.benali2264@example.com,0691747984,1999-08-08,Lille,mensuel,2025-07-22,
CL102265,Bernard,Yanis,yanis.bernard2265@example.com,0643707456,1967-09-09,Lille,aucun,2025-05-22,oui
CL102266,Moreau,Amira,amira.moreau2266@example.com,0625067455,1977-10-10,Grenoble,aucun,2026-06-10,oui
CL102267,Nguyen,Chloe,chloe.nguyen2267@example.com,0655542266,1972-09-14,Grenoble,aucun,2026-07-18,
CL102268,Bernard,Louise,louise.bernard2268@example.com,0678784733,1986-10-21,Nantes,aucun,2026-08-09,non
CL102269,Nguyen,Hugo,hugo.nguyen2269@example.com,0683030756,1961-11-22,Lyon,mensuel,2026-01-17,non
CL102270,Benali,Amira,amira.benali2270@example.com,0630634027,1980-11-02,Nantes,annuel,2026-03-16,non
CL102271,Garcia,Rayan,rayan.garcia2271@example.com,0672231369,1992-03-01,Nantes,aucun,2025-07-03,oui
CL102272,Garcia,Adam,adam.garcia2272@example.com,0683708013,1970-01-19,Grenoble,etudiant,2025-11-24,non
CL102273,Petit,Manon,manon.petit2273@example.com,0681241373,1995-03-16,Lille,aucun,2026-05-07,non
CL102274,Robert,Jade,jade.robert2274@example.com,0695579768,1966-07-23,Lyon,mensuel,2026-04-01,
CL102275,Garcia,Karim,karim.garcia2275@example.com,0674189652,1965-05-19,Nantes,entreprise,2026-06-25,oui
CL102276,Durand,Karim,karim.durand2276@example.com,0619925660,1983-04-17,Grenoble,mensuel,2025-09-19,non
CL102277,Bernard,Rayan,rayan.bernard2277@example.com,0684673731,1964-09-21,Lyon,mensuel,2026-09-29,oui
CL102278,Dubois,Jade,jade.dubois2278@example.com,0653852635,1986-03-24,Lyon,entreprise,2025-10-24,oui
CL102279,Nguyen,Ines,ines.nguyen2279@example.com,0663974952,1966-08-07,Nantes,annuel,2026-08-03,non
CL102280,Girard,Jade,jade.girard2280@example.com,0652216852,1963-11-25,Lyon,entreprise,2025-08-17,
CL102281,Garcia,Sofia,sofia.garcia2281@example.com,0628223549,2000-07-09,Lille,aucun,2025-03-13,oui
CL102282,Benali,Chloe,chloe.benali2282@example.com,0634060455,1984-12-23,Lyon,etudiant,2025-05-02,
CL102283,Martin,Adam,adam.martin2283@example.com,0674808076,1968-01-21,Lyon,entreprise,2025-05-12,
CL102284,Moreau,Noah,noah.moreau2284@example.com,0690960931,1986-07-31,Nantes,mensuel,2025-03-22,
CL102285,Simon,Ines,ines.simon2285@example.com,0664637802,1961-04-20,Grenoble,annuel,2026-08-04,
CL102286,Robert,Karim,karim.robert2286@example.com,0638731896,1961-09-20,Lyon,aucun,2026-03-06,
CL102287,Dubois,Chloe,chloe.dubois2287@example.com,0676889232,1990-06-09,Nantes,annuel,2025-12-07,oui
CL102288,Moreau,Jade,jade.moreau2288@example.com,0613861846,1997-05-20,Lille,aucun,2025-10-04,
CL102289,Simon,Chloe,chloe.simon2289@example.com,0678410198,1991-09-03,Nantes,aucun,2026-05-29,
CL102290,Bernard,Mehdi,mehdi.bernard2290@example.com,0621698570,1971-04-24,Grenoble,aucun,2025-09-20,oui
CL102291,Benali,Camille,camille.benali2291@example.com,0699353372,1962-12-04,Lyon,aucun,2026-04-14,oui
CL102292,Nguyen,Hugo,hugo.nguyen2292@example.com,0659832893,1994-06-22,Lille,aucun,2025-10-15,oui
CL102293,Robert,Manon,manon.robert2293@example.com,0652126293,1991-08-17,Lille,mensuel,2025-07-06,non
CL102294,Girard,Adam,adam.girard2294@example.com,0686176003,1981-10-21,Lille,entreprise,2025-10-20,oui
CL102295,Petit,Hugo,hugo.petit2295@example.com,0617668492,1962-01-06,Grenoble,annuel,2026-01-26,non
CL102296,Fournier,Louise,louise.fournier2296@example.com,0637086945,1998-09-17,Lyon,aucun,2025-05-30,
CL102297,Michel,Mehdi,mehdi.michel2297@example.com,0675194212,1966-10-07,Lyon,aucun,2026-01-26,
CL102298,Martin,Gabriel,gabriel.martin2298@example.com,0698338585,2002-05-18,Lille,aucun,2025-08-25,
CL102299,Moreau,Louise,louise.moreau2299@example.com,0651039928,1971-11-01,Lyon,aucun,2025-06-24,oui
CL102300,Petit,Yanis,yanis.petit2300@example.com,0650777066,1967-03-05,Lille,aucun,2025-03-27,non
CL102301,Dubois,Adam,adam.dubois2301@example.com,0677139779,1973-07-03,Nantes,etudiant,2025-03-31,non
CL102302,Martin,Amira,amira.martin2302@example.com,0638503345,1964-11-01,Lille,etudiant,2025-05-16,
CL102303,Garcia,Yanis,yanis.garcia2303@example.com,0656143882,1998-06-29,Lyon,aucun,2026-04-19,non
CL102304,Michel,Amira,amira.michel2304@example.com,0622639296,1994-04-04,Lille,aucun,2026-05-02,non
CL102305,Garcia,Yanis,yanis.garcia2305@example.com,0662291701,1967-09-06,Lyon,etudiant,2026-05-23,oui
CL102306,Bernard,Noah,noah.bernard2306@example.com,0687566840,1981-07-15,Nantes,aucun,2025-03-12,
CL102307,Bernard,Karim,karim.bernard2307@example.com,0636869489,2000-02-18,Lyon,aucun,2025-11-02,non
CL102308,Garcia,Chloe,chloe.garcia2308@example.com,0656156208,1978-12-27,Nantes,mensuel,2025-12-21,non
CL102309,Simon,Gabriel,gabriel.simon2309@example.com,0689630043,1971-12-06,Nantes,aucun,2025-03-30,non
CL102310,Benali,Gabriel,gabriel.benali2310@example.com,0618462015,1997-10-13,Lille,aucun,2025-09-13,non
CL102311,Robert,Manon,manon.robert2311@example.com,0661974153,1977-06-08,Lyon,aucun,2025-03-22,non
CL102312,Moreau,Gabriel,gabriel.moreau2312@example.com,0631913065,1992-04-25,Nantes,entreprise,2025-04-13,oui
CL102313,Roux,Noah,noah.roux2313@example.com,0677306273,1998-03-24,Lyon,aucun,2025-04-03,non
CL102314,Benali,Adam,adam.benali2314@example.com,0613812021,1964-03-26,Nantes,annuel,2025-05-22,oui
CL102315,Robert,Ilyes,ilyes.robert2315@example.com,0684162296,1975-08-08,Lyon,mensuel,2025-06-23,
CL102316,Garcia,Hugo,hugo.garcia2316@example.com,0673247027,1991-11-18,Lille,aucun,2025-12-07,
CL102317,Moreau,Amira,amira.moreau2317@example.com,0682241412,1992-01-12,Lille,aucun,2026-02-02,oui
CL102318,Petit,Amira,amira.petit2318@example.com,0635042951,2002-12-29,Nantes,mensuel,2025-07-23,non
CL102319,Nguyen,Ines,ines.nguyen2319@example.com,0689529805,1995-07-14,Lyon,mensuel,2025-05-20,non
CL102320,Benali,Louise,louise.benali2320@example.com,0681999546,1966-02-09,Nantes,etudiant,2025-04-28,non
CL102321,Fournier,Louise,louise.fournier2321@example.com,0620185330,2002-10-15,Nantes,aucun,2026-08-10,
CL102322,Benali,Rayan,rayan.benali2322@example.com,0680522774,1993-04-08,Lille,annuel,2026-05-26,oui
CL102323,Martin,Rayan,rayan.martin2323@example.com,0691361425,1995-08-23,Nantes,mensuel,2025-03-28,non
CL102324,Dubois,Ines,ines.dubois2324@example.com,0664336991,1975-09-19,Nantes,mensuel,2025-10-12,non
CL102325,Garcia,Amira,amira.garcia2325@example.com,0682217143,1990-07-14,Grenoble,mensuel,2025-08-08,
CL102326,Roux,Karim,karim.roux2326@example.com,0628701136,1994-08-29,Grenoble,etudiant,2025-03-20,
CL102327,Petit,Karim,karim.petit2327@example.com,0649432358,1968-05-09,Lille,aucun,2025-08-17,
CL102328,Durand,Yanis,yanis.durand2328@example.com,0680585813,1988-04-22,Lyon,aucun,2025-11-20,oui
CL102329,Laurent,Karim,karim.laurent2329@example.com,0615759854,1997-01-20,Lyon,annuel,2025-04-28,oui
CL102330,Michel,Jade,jade.michel2330@example.com,0620536297,1993-08-13,Nantes,aucun,2026-05-30,non
CL102331,Roux,Manon,manon.roux2331@example.com,0687579161,1961-04-15,Lille,aucun,2025-11-02,oui
CL102332,Roux,Yanis,yanis.roux2332@example.com,0688910434,1979-11-02,Lyon,etudiant,2025-03-21,
CL102333,Benali,Noah,noah.benali2333@example.com,0632079280,1960-09-22,Lyon,etudiant,2025-12-09,
CL102334,Michel,Louise,louise.michel2334@example.com,0617514967,1991-05-01,Lyon,mensuel,2026-09-07,non
CL102335,Fournier,Noah,noah.fournier2335@example.com,0657567525,1977-02-16,Lyon,aucun,2025-10-03,non
CL102336,Moreau,Mehdi,mehdi.moreau2336@example.com,0671269964,1970-02-27,Lyon,aucun,2026-01-25,non
CL102337,Michel,Mehdi,mehdi.michel2337@example.com,0687108735,1977-08-03,Grenoble,aucun,2025-09-14,
CL102338,Bernard,Sofia,sofia.bernard2338@example.com,0694718242,1963-02-14,Nantes,etudiant,2025-10-12,non
CL102339,Petit,Jade,jade.petit2339@example.com,0675113699,1999-12-13,Lyon,aucun,2026-07-31,
CL102340,Benali,Adam,adam.benali2340@example.com,0612408421,1976-11-21,Nantes,annuel,2025-03-04,oui
CL102341,Petit,Ines,ines.petit2341@example.com,0659573143,2002-04-14,Nantes,aucun,2026-05-31,oui
CL102342,Fournier,Manon,manon.fournier2342@example.com,0612190156,1982-09-23,Lyon,mensuel,2025-10-19,non
CL102343,Garcia,Gabriel,gabriel.garcia2343@example.com,0648301585,1997-02-22,Grenoble,aucun,2026-05-24,non
CL102344,Garcia,Amira,amira.garcia2344@example.com,0687995258,1963-04-11,Lyon,mensuel,2025-07-17,oui
CL102345,Nguyen,Ines,ines.nguyen2345@example.com,0655905620,1993-11-05,Grenoble,aucun,2026-04-13,oui
CL102346,Michel,Rayan,rayan.michel2346@example.com,0615103485,1980-11-30,Lyon,mensuel,2025-12-04,
CL102347,Dubois,Hugo,hugo.dubois2347@example.com,0620072788,1961-09-04,Lyon,aucun,2026-07-19,oui
CL102348,Garcia,Lea,lea.garcia2348@example.com,0665197008,1972-09-26,Lille,mensuel,2025-03-26,non
CL102349,Petit,Gabriel,gabriel.petit2349@example.com,0612976361,1966-07-09,Lyon,aucun,2026-06-07,oui
CL102350,Garcia,Karim,karim.garcia2350@example.com,0641919294,1976-05-10,Grenoble,aucun,2025-12-24,non
CL102351,Dubois,Yanis,yanis.dubois2351@example.com,0672925551,1988-04-25,Grenoble,aucun,2025-07-04,oui
CL102352,Bernard,Louise,louise.bernard2352@example.com,0696947096,1988-09-09,Lyon,etudiant,2026-02-20,
CL102353,Girard,Adam,adam.girard2353@example.com,0616121716,1988-11-04,Grenoble,etudiant,2026-02-13,
CL102354,Michel,Yanis,yanis.michel2354@example.com,0684939103,1995-01-30,Nantes,etudiant,2026-08-21,
CL102355,Robert,Gabriel,gabriel.robert2355@example.com,0667065581,1999-05-19,Lille,etudiant,2025-04-29,non
CL102356,Bernard,Yanis,yanis.bernard2356@example.com,0645165706,1970-02-10,Grenoble,annuel,2025-08-13,
CL102357,Bernard,Jade,jade.bernard2357@example.com,0626742783,1991-03-30,Lyon,etudiant,2025-10-24,oui
CL102358,Laurent,Ines,ines.laurent2358@example.com,0678242670,1964-06-03,Lille,aucun,2026-05-17,
CL102359,Martin,Jade,jade.martin2359@example.com,0624782574,1967-09-04,Nantes,annuel,2025-12-22,oui
CL102360,Dubois,Hugo,hugo.dubois2360@example.com,0696362627,1963-12-22,Lille,entreprise,2025-12-09,
CL102361,Girard,Adam,adam.girard2361@example.com,0687980194,1982-05-18,Grenoble,mensuel,2025-05-01,oui
CL102362,Simon,Chloe,chloe.simon2362@example.com,0692103600,1963-02-18,Lille,aucun,2026-08-08,non
CL102363,Dubois,Karim,karim.dubois2363@example.com,0694967132,1999-07-21,Lille,annuel,2025-12-17,
CL102364,Bernard,Rayan,rayan.bernard2364@example.com,0678215589,1995-01-16,Nantes,mensuel,2026-08-05,
CL102365,Moreau,Hugo,hugo.moreau2365@example.com,0635711918,1990-12-15,Lyon,aucun,2025-05-30,oui
CL102366,Martin,Jade,jade.martin2366@example.com,0622114379,1977-11-02,Grenoble,annuel,2026-07-08,non
CL102367,Garcia,Camille,camille.garcia2367@example.com,0686505400,1969-02-24,Grenoble,annuel,2026-06-28,
CL102368,Durand,Manon,manon.durand2368@example.com,0630082814,1961-11-18,Lyon,aucun,2025-11-07,non
CL102369,Moreau,Camille,camille.moreau2369@example.com,0630840388,1989-12-26,Lyon,mensuel,2025-05-21,oui
CL102370,Fournier,Rayan,rayan.fournier2370@example.com,0634434605,1967-10-28,Nantes,etudiant,2025-08-12,
CL102371,Benali,Lea,lea.benali2371@example.com,0641972705,1970-10-27,Lille,etudiant,2025-05-27,oui
CL102372,Garcia,Mehdi,mehdi.garcia2372@example.com,0699942600,1978-06-12,Lyon,mensuel,2026-03-04,
CL102373,Michel,Jade,jade.michel2373@example.com,0643805517,1967-12-20,Nantes,mensuel,2025-11-20,non
CL102374,Robert,Jade,jade.robert2374@example.com,0661763203,2003-06-19,Nantes,annuel,2025-04-20,
CL102375,Moreau,Chloe,chloe.moreau2375@example.com,0664194795,1968-07-14,Lille,aucun,2025-03-28,non
CL102376,Michel,Mehdi,mehdi.michel2376@example.com,0626020018,1988-06-12,Lille,aucun,2025-11-26,oui
CL102377,Petit,Amira,amira.petit2377@example.com,0652211964,1962-02-06,Nantes,etudiant,2026-06-22,
CL102378,Bernard,Mehdi,mehdi.bernard2378@example.com,0610072217,1978-08-12,Lille,aucun,2025-10-28,non
CL102379,Girard,Adam,adam.girard2379@example.com,0660539160,1996-08-06,Grenoble,mensuel,2026-02-07,oui
CL102380,Laurent,Yanis,yanis.laurent2380@example.com,0675756602,1970-10-08,Lyon,mensuel,2025-07-23,oui
CL102381,Benali,Lea,lea.benali2381@example.com,0643645879,1960-10-04,Lyon,aucun,2026-01-05,oui
CL102382,Benali,Jade,jade.benali2382@example.com,0676684274,1964-01-11,Lille,mensuel,2025-07-25,non
CL102383,Benali,Yanis,yanis.benali2383@example.com,0622318677,1969-08-03,Lyon,aucun,2026-05-07,
CL102384,Bernard,Hugo,hugo.bernard2384@example.com,0680239121,1974-10-11,Grenoble,mensuel,2026-10-07,non
CL102385,Nguyen,Karim,karim.nguyen2385@example.com,0692810409,1982-10-18,Lyon,etudiant,2025-06-15,oui
CL102386,Laurent,Amira,amira.laurent2386@example.com,0663394465,1974-07-12,Lyon,etudiant,2025-09-01,
CL102387,Durand,Gabriel,gabriel.durand2387@example.com,0671078420,1974-02-24,Lyon,mensuel,2026-05-11,non
CL102388,Durand,Lea,lea.durand2388@example.com,0698258036,1960-11-14,Nantes,mensuel,2025-09-18,
CL102389,Michel,Ines,ines.michel2389@example.com,0617103145,1991-04-12,Lyon,aucun,2026-02-14,oui
CL102390,Dubois,Noah,noah.dubois2390@example.com,0684935139,1976-07-05,Grenoble,aucun,2025-09-03,
CL102391,Laurent,Jade,jade.laurent2391@example.com,0650807407,1965-05-11,Lille,aucun,2025-05-28,oui
CL102392,Roux,Yanis,yanis.roux2392@example.com,0628183748,1970-02-21,Nantes,aucun,2026-10-08,oui
CL102393,Laurent,Jade,jade.laurent2393@example.com,0664227723,1972-10-16,Grenoble,mensuel,2026-10-09,
CL102394,Moreau,Sofia,sofia.moreau2394@example.com,0669062412,1969-03-15,Nantes,mensuel,2026-06-11,
CL102395,Durand,Manon,manon.durand2395@example.com,0665616033,1969-03-29,Nantes,annuel,2026-05-01,
CL102396,Dubois,Manon,manon.dubois2396@example.com,0685023401,1973-03-13,Lyon,annuel,2025-06-04,
CL102397,Michel,Camille,camille.michel2397@example.com,0672686481,1997-04-03,Nantes,annuel,2026-05-09,non
CL102398,Girard,Louise,louise.girard2398@example.com,0676601619,1969-09-02,Lille,etudiant,2026-04-18,non
CL102399,Fournier,Sofia,sofia.fournier2399@example.com,0610001242,2002-10-04,Lille,annuel,2025-10-08,
CL102400,Martin,Louise,louise.martin2400@example.com,0622401351,1996-04-27,Lyon,annuel,2026-02-15,oui
CL102401,Laurent,Rayan,rayan.laurent2401@example.com,0651616416,1961-10-28,Lille,aucun,2025-04-10,oui
CL102402,Durand,Lea,lea.durand2402@example.com,0617084295,2001-01-30,Lille,annuel,2026-04-11,oui
CL102403,Fournier,Rayan,rayan.fournier2403@example.com,0687383586,2001-08-14,Lyon,etudiant,2025-09-12,
CL102404,Fournier,Manon,manon.fournier2404@example.com,0679637379,1976-03-15,Grenoble,annuel,2025-12-17,
CL102405,Petit,Karim,karim.petit2405@example.com,0688898555,2003-07-06,Lyon,mensuel,2025-06-08,oui
CL102406,Girard,Louise,louise.girard2406@example.com,0664251871,1981-05-06,Lyon,etudiant,2025-09-05,oui
CL102407,Petit,Chloe,chloe.petit2407@example.com,0612928142,1965-07-07,Lyon,aucun,2026-06-14,oui
CL102408,Garcia,Gabriel,gabriel.garcia2408@example.com,0647999489,1970-08-08,Grenoble,aucun,2026-08-13,oui
CL102409,Martin,Manon,manon.martin2409@example.com,0633401384,1994-09-14,Lyon,mensuel,2026-08-21,non
CL102410,Durand,Noah,noah.durand2410@example.com,0694826654,1982-05-18,Grenoble,etudiant,2025-10-19,oui
CL102411,Benali,Yanis,yanis.benali2411@example.com,0692715564,1976-03-24,Nantes,mensuel,2025-06-13,oui
CL102412,Petit,Amira,amira.petit2412@example.com,0679126687,1992-02-09,Grenoble,aucun,2025-08-17,oui
CL102413,Bernard,Sofia,sofia.bernard2413@example.com,0647128517,1999-10-06,Nantes,aucun,2026-04-30,non
CL102414,Dubois,Ines,ines.dubois2414@example.com,0662475526,1992-09-14,Lyon,annuel,2025-09-24,non
CL102415,Petit,Hugo,hugo.petit2415@example.com,0659104192,1971-06-01,Grenoble,annuel,2026-02-18,non
CL102416,Garcia,Ines,ines.garcia2416@example.com,0693023919,1971-05-15,Grenoble,aucun,2026-02-10,non
CL102417,Bernard,Amira,amira.bernard2417@example.com,0680196698,1994-12-26,Grenoble,aucun,2026-07-26,
CL102418,Benali,Hugo,hugo.benali2418@example.com,0647104434,2001-04-30,Grenoble,aucun,2025-08-13,oui
CL102419,Petit,Yanis,yanis.petit2419@example.com,0622750420,1989-11-18,Lyon,etudiant,2025-09-18,oui
CL102420,Simon,Louise,louise.simon2420@example.com,0656807385,1974-02-05,Grenoble,mensuel,2025-10-19,oui
CL102421,Garcia,Sofia,sofia.garcia2421@example.com,0662677194,1988-02-07,Lille,aucun,2025-04-26,
CL102422,Nguyen,Louise,louise.nguyen2422@example.com,0656284616,1961-08-05,Lille,aucun,2025-08-19,non
CL102423,Laurent,Adam,adam.laurent2423@example.com,0666524413,2003-01-10,Nantes,aucun,2025-07-04,
CL102424,Roux,Manon,manon.roux2424@example.com,0679123151,1971-12-11,Lille,mensuel,2025-08-24,non
CL102425,Michel,Lea,lea.michel2425@example.com,0687886401,1979-12-18,Lyon,etudiant,2025-12-04,oui
CL102426,Durand,Karim,karim.durand2426@example.com,0667169740,1984-05-27,Lyon,aucun,2025-05-15,non
CL102427,Dubois,Ines,ines.dubois2427@example.com,0649162110,1984-10-20,Grenoble,etudiant,2026-04-17,oui
CL102428,Martin,Yanis,yanis.martin2428@example.com,0654041015,1963-10-16,Lyon,mensuel,2025-09-29,oui
CL102429,Bernard,Karim,karim.bernard2429@example.com,0610333805,1989-12-08,Lyon,annuel,2025-06-22,non
CL102430,Girard,Lea,lea.girard2430@example.com,0681751399,2000-03-24,Nantes,mensuel,2025-07-03,
CL102431,Simon,Mehdi,mehdi.simon2431@example.com,0666671069,1991-03-07,Nantes,entreprise,2025-12-07,non
CL102432,Garcia,Sofia,sofia.garcia2432@example.com,0642001291,1994-07-03,Nantes,aucun,2026-03-01,
CL102433,Laurent,Camille,camille.laurent2433@example.com,0619776584,1973-10-12,Nantes,aucun,2025-11-24,oui
CL102434,Laurent,Mehdi,mehdi.laurent2434@example.com,0696180958,1994-04-29,Nantes,mensuel,2025-09-01,oui
CL102435,Durand,Yanis,yanis.durand2435@example.com,0667755363,1977-01-17,Lyon,annuel,2025-04-24,non
CL102436,Benali,Ilyes,ilyes.benali2436@example.com,0628133816,1970-09-12,Lyon,aucun,2025-06-16,oui
CL102437,Simon,Noah,noah.simon2437@example.com,0699940312,1995-10-25,Lyon,aucun,2025-04-12,oui
CL102438,Garcia,Amira,amira.garcia2438@example.com,0669996418,1994-03-13,Grenoble,aucun,2026-03-10,
CL102439,Bernard,Mehdi,mehdi.bernard2439@example.com,0666794732,1984-07-24,Lille,aucun,2025-09-04,oui
CL102440,Bernard,Yanis,yanis.bernard2440@example.com,0640599675,1966-08-23,Grenoble,aucun,2026-02-02,non
CL102441,Michel,Camille,camille.michel2441@example.com,0684267096,1980-12-18,Lille,etudiant,2025-12-09,
CL102442,Fournier,Hugo,hugo.fournier2442@example.com,0670729810,1985-03-02,Lyon,annuel,2025-11-26,non
CL102443,Moreau,Manon,manon.moreau2443@example.com,0647141803,1987-12-30,Lille,etudiant,2025-09-22,oui
CL102444,Robert,Ilyes,ilyes.robert2444@example.com,0669094630,1986-08-18,Lille,aucun,2026-02-24,non
CL102445,Robert,Yanis,yanis.robert2445@example.com,0639683395,1988-09-14,Lyon,etudiant,2026-08-11,
CL102446,Bernard,Gabriel,gabriel.bernard2446@example.com,0669775624,1963-08-26,Nantes,aucun,2026-06-18,
CL102447,Dubois,Adam,adam.dubois2447@example.com,0644027777,1973-09-30,Lille,annuel,2025-08-31,non
CL102448,Petit,Noah,noah.petit2448@example.com,0628641829,1993-03-22,Nantes,mensuel,2025-06-21,non
CL102449,Moreau,Jade,jade.moreau2449@example.com,0690189024,1969-03-03,Lyon,aucun,2025-08-18,non
CL102450,Durand,Amira,amira.durand2450@example.com,0634143039,1960-03-27,Nantes,etudiant,2025-05-06,non
CL102451,Martin,Mehdi,mehdi.martin2451@example.com,0667704595,1970-03-07,Grenoble,annuel,2026-10-15,non
CL102452,Dubois,Rayan,rayan.dubois2452@example.com,0636045574,1961-09-11,Lyon,aucun,2026-03-23,non
CL102453,Girard,Ilyes,ilyes.girard2453@example.com,0659848551,1982-08-25,Lille,mensuel,2025-06-09,oui
CL102454,Michel,Karim,karim.michel2454@example.com,0636331732,1967-07-30,Grenoble,mensuel,2026-02-17,
CL102455,Girard,Camille,camille.girard2455@example.com,0619738964,1960-01-10,Nantes,aucun,2025-11-18,oui
CL102456,Durand,Noah,noah.durand2456@example.com,0666051374,1983-04-07,Lyon,mensuel,2025-12-25,
CL102457,Dubois,Ines,ines.dubois2457@example.com,0677437618,1992-02-22,Lyon,aucun,2025-03-07,oui
CL102458,Simon,Adam,adam.simon2458@example.com,0647949934,1985-01-29,Lyon,etudiant,2026-10-20,oui
CL102459,Fournier,Ilyes,ilyes.fournier2459@example.com,0679573874,1972-02-25,Nantes,aucun,2025-10-12,non
CL102460,Moreau,Jade,jade.moreau2460@example.com,0675101120,2001-04-09,Lyon,aucun,2025-04-05,non
CL102461,Girard,Camille,camille.girard2461@example.com,0678216962,1988-12-24,Lyon,aucun,2025-05-13,oui
CL102462,Simon,Sofia,sofia.simon2462@example.com,0640981863,1980-10-31,Nantes,etudiant,2026-09-09,non
CL102463,Roux,Amira,amira.roux2463@example.com,0666403149,1990-05-08,Grenoble,etudiant,2025-04-15,oui
CL102464,Simon,Ines,ines.simon2464@example.com,0698011023,1985-08-28,Nantes,aucun,2026-07-30,
CL102465,Martin,Sofia,sofia.martin2465@example.com,0619230573,1962-09-20,Lyon,etudiant,2025-10-24,non
CL102466,Garcia,Yanis,yanis.garcia2466@example.com,0637760658,2002-10-31,Lyon,aucun,2025-03-12,oui
CL102467,Martin,Louise,louise.martin2467@example.com,0660161459,1994-07-01,Lyon,aucun,2025-05-19,non
CL102468,Simon,Gabriel,gabriel.simon2468@example.com,0685684592,1999-09-20,Lyon,mensuel,2025-08-13,oui
CL102469,Girard,Gabriel,gabriel.girard2469@example.com,0699496943,1980-06-10,Grenoble,etudiant,2026-03-09,oui
CL102470,Girard,Camille,camille.girard2470@example.com,0648141910,1965-05-12,Lille,aucun,2025-07-26,
CL102471,Benali,Yanis,yanis.benali2471@example.com,0649090624,1990-08-26,Lille,annuel,2025-12-04,non
CL102472,Dubois,Hugo,hugo.dubois2472@example.com,0676540271,1987-04-15,Lyon,mensuel,2025-08-01,
CL102473,Petit,Chloe,chloe.petit2473@example.com,0689469605,1968-10-15,Lyon,mensuel,2025-03-19,
CL102474,Dubois,Noah,noah.dubois2474@example.com,0645265637,1981-07-31,Lille,entreprise,2025-11-24,non
CL102475,Nguyen,Adam,adam.nguyen2475@example.com,0625530188,1969-04-10,Lyon,aucun,2026-01-15,non
CL102476,Martin,Yanis,yanis.martin2476@example.com,0618747648,1980-10-10,Nantes,aucun,2025-12-28,non
CL102477,Benali,Gabriel,gabriel.benali2477@example.com,0618923097,1986-10-18,Lyon,aucun,2025-12-12,non
CL102478,Petit,Ines,ines.petit2478@example.com,0664192734,1966-12-26,Lyon,aucun,2026-02-09,
CL102479,Martin,Ines,ines.martin2479@example.com,0615795370,1974-07-28,Grenoble,aucun,2025-08-27,
CL102480,Simon,Camille,camille.simon2480@example.com,0625165500,1990-10-27,Nantes,aucun,2025-07-31,oui
CL102481,Martin,Rayan,rayan.martin2481@example.com,0668542782,1975-01-05,Lyon,aucun,2025-04-26,
CL102482,Martin,Noah,noah.martin2482@example.com,0683502101,1973-10-07,Grenoble,mensuel,2025-09-06,oui
CL102483,Roux,Mehdi,mehdi.roux2483@example.com,0670425911,1986-12-16,Grenoble,aucun,2026-05-18,non
CL102484,Dubois,Hugo,hugo.dubois2484@example.com,0659948549,1964-05-23,Lille,aucun,2026-04-08,non
CL102485,Nguyen,Jade,jade.nguyen2485@example.com,0675571111,1973-06-09,Nantes,aucun,2026-02-11,non
CL102486,Bernard,Camille,camille.bernard2486@example.com,0676572382,2003-06-16,Lyon,entreprise,2026-01-26,non
CL102487,Petit,Sofia,sofia.petit2487@example.com,0676526058,2000-07-23,Lille,aucun,2026-07-06,non
CL102488,Durand,Manon,manon.durand2488@example.com,0681375706,1968-12-10,Nantes,aucun,2026-07-27,non
CL102489,Nguyen,Camille,camille.nguyen2489@example.com,0639455845,2003-03-24,Lyon,entreprise,2026-08-29,
CL102490,Roux,Noah,noah.roux2490@example.com,0615911102,1998-08-10,Lille,mensuel,2026-05-11,
CL102491,Michel,Ines,ines.michel2491@example.com,0684869978,1992-10-09,Lille,aucun,2025-09-16,non
CL102492,Robert,Mehdi,mehdi.robert2492@example.com,0615141587,1984-04-11,Lille,annuel,2026-02-11,
CL102493,Petit,Rayan,rayan.petit2493@example.com,0619265480,1992-07-13,Lille,annuel,2026-09-26,non
CL102494,Benali,Manon,manon.benali2494@example.com,0672057531,1991-02-09,Grenoble,annuel,2025-04-17,non
CL102495,Dubois,Rayan,rayan.dubois2495@example.com,0615837404,1982-10-06,Lille,annuel,2026-02-06,oui
CL102496,Roux,Lea,lea.roux2496@example.com,0663974264,2000-08-03,Nantes,mensuel,2026-06-27,
CL102497,Martin,Amira,amira.martin2497@example.com,0636394698,1989-12-29,Lille,etudiant,2026-08-14,non
CL102498,Bernard,Yanis,yanis.bernard2498@example.com,0653875494,2002-02-28,Lille,aucun,2025-06-05,oui
CL102499,Benali,Karim,karim.benali2499@example.com,0646678329,1965-04-20,Lille,entreprise,2025-12-08,oui
CL102500,Moreau,Ines,ines.moreau2500@example.com,0677364132,1991-04-21,Nantes,mensuel,2025-08-04,non
CL102501,Durand,Amira,amira.durand2501@example.com,0655263839,1980-11-08,Grenoble,mensuel,2025-10-19,oui
CL102502,Martin,Karim,karim.martin2502@example.com,0643294528,1974-07-29,Nantes,mensuel,2026-02-19,oui
CL102503,Garcia,Lea,lea.garcia2503@example.com,0675590482,1986-08-02,Grenoble,mensuel,2025-05-28,oui
CL102504,Bernard,Lea,lea.bernard2504@example.com,0612755964,1997-06-02,Nantes,aucun,2025-10-23,non
CL102505,Fournier,Sofia,sofia.fournier2505@example.com,0657795728,1999-12-20,Lille,aucun,2025-03-01,
CL102506,Nguyen,Lea,lea.nguyen2506@example.com,0648187080,1969-08-23,Lyon,aucun,2026-05-14,non
CL102507,Martin,Ilyes,ilyes.martin2507@example.com,0687634945,1961-07-03,Lyon,etudiant,2025-07-13,
CL102508,Michel,Mehdi,mehdi.michel2508@example.com,0662381915,1996-07-28,Lille,aucun,2026-02-25,non
CL102509,Robert,Louise,louise.robert2509@example.com,0650249705,1997-12-02,Grenoble,mensuel,2025-07-01,
CL102510,Benali,Amira,amira.benali2510@example.com,0610491307,1996-04-30,Lyon,annuel,2026-07-29,oui
CL102511,Durand,Amira,amira.durand2511@example.com,0641022246,2000-03-02,Lyon,aucun,2026-06-03,oui
CL102512,Dubois,Ines,ines.dubois2512@example.com,0670125116,1980-08-14,Nantes,etudiant,2026-06-03,
CL102513,Benali,Adam,adam.benali2513@example.com,0693505075,2001-09-12,Lille,aucun,2025-03-04,non
CL102514,Garcia,Sofia,sofia.garcia2514@example.com,0649595782,1989-01-08,Lyon,entreprise,2026-04-28,non
CL102515,Martin,Sofia,sofia.martin2515@example.com,0696470341,1999-03-09,Nantes,etudiant,2025-10-01,
CL102516,Laurent,Yanis,yanis.laurent2516@example.com,0695315728,1990-01-10,Nantes,etudiant,2026-01-04,
CL102517,Fournier,Camille,camille.fournier2517@example.com,0671674556,1987-10-08,Lyon,annuel,2025-09-05,oui
CL102518,Moreau,Louise,louise.moreau2518@example.com,0645143816,1996-09-11,Lille,aucun,2025-05-07,non
CL102519,Nguyen,Yanis,yanis.nguyen2519@example.com,0662021837,1982-12-05,Lyon,aucun,2026-01-21,
CL102520,Moreau,Ilyes,ilyes.moreau2520@example.com,0632855966,1960-06-27,Lille,aucun,2026-04-07,
CL102521,Martin,Noah,noah.martin2521@example.com,0638603655,2002-03-25,Lille,entreprise,2025-12-01,
CL102522,Moreau,Mehdi,mehdi.moreau2522@example.com,0678717150,1965-10-28,Nantes,mensuel,2026-05-02,
CL102523,Roux,Noah,noah.roux2523@example.com,0632009355,1971-07-31,Lyon,aucun,2026-02-12,non
CL102524,Durand,Rayan,rayan.durand2524@example.com,0666769581,1992-04-26,Lyon,mensuel,2025-12-03,non
CL102525,Fournier,Rayan,rayan.fournier2525@example.com,0691517607,1985-12-17,Lille,mensuel,2025-05-26,non
CL102526,Garcia,Yanis,yanis.garcia2526@example.com,0638927673,1991-06-19,Lyon,mensuel,2025-03-16,oui
CL102527,Garcia,Noah,noah.garcia2527@example.com,0697776840,1961-01-11,Lille,etudiant,2025-12-13,non
CL102528,Simon,Louise,louise.simon2528@example.com,0661490759,1997-04-28,Lille,aucun,2025-11-20,oui
CL102529,Roux,Ilyes,ilyes.roux2529@example.com,0620208300,1994-04-24,Lille,mensuel,2025-03-07,oui
CL102530,Robert,Jade,jade.robert2530@example.com,0669195632,1966-09-16,Nantes,aucun,2025-07-30,non
CL102531,Girard,Gabriel,gabriel.girard2531@example.com,0692295583,1991-06-18,Nantes,mensuel,2026-10-16,non
CL102532,Dubois,Jade,jade.dubois2532@example.com,0625211670,1975-02-11,Lyon,aucun,2026-02-08,
CL102533,Nguyen,Chloe,chloe.nguyen2533@example.com,0656701770,1992-11-21,Nantes,mensuel,2025-05-02,oui
CL102534,Simon,Hugo,hugo.simon2534@example.com,0612405787,1995-11-01,Lille,annuel,2026-08-06,non
CL102535,Laurent,Yanis,yanis.laurent2535@example.com,0642610125,1967-10-02,Lyon,entreprise,2025-11-10,
CL102536,Benali,Manon,manon.benali2536@example.com,0674543204,1965-08-08,Nantes,aucun,2025-08-10,
CL102537,Moreau,Noah,noah.moreau2537@example.com,0610870541,1996-02-25,Grenoble,etudiant,2025-11-26,
CL102538,Dubois,Chloe,chloe.dubois2538@example.com,0671500345,1973-11-04,Nantes,mensuel,2025-04-04,
CL102539,Martin,Noah,noah.martin2539@example.com,0640709452,1970-10-01,Lille,annuel,2025-07-29,oui
CL102540,Dubois,Gabriel,gabriel.dubois2540@example.com,0685332355,1992-12-07,Lille,etudiant,2026-10-10,oui
CL102541,Roux,Hugo,hugo.roux2541@example.com,0639094503,1980-05-02,Lille,aucun,2025-05-16,
CL102542,Michel,Louise,louise.michel2542@example.com,0697838237,1999-10-20,Lyon,mensuel,2026-09-25,oui
CL102543,Fournier,Chloe,chloe.fournier2543@example.com,0694768615,1977-01-17,Lille,entreprise,2026-07-15,
CL102544,Garcia,Rayan,rayan.garcia2544@example.com,0627962301,1971-06-04,Nantes,aucun,2026-07-06,non
CL102545,Robert,Noah,noah.robert2545@example.com,0642424669,1987-12-19,Lyon,etudiant,2025-11-19,oui
CL102546,Nguyen,Sofia,sofia.nguyen2546@example.com,0689445877,1987-09-07,Lille,mensuel,2025-08-07,
CL102547,Laurent,Gabriel,gabriel.laurent2547@example.com,0635728633,1996-03-19,Lyon,aucun,2025-03-30,non
CL102548,Girard,Jade,jade.girard2548@example.com,0664506399,1965-08-30,Lille,annuel,2026-06-10,oui
CL102549,Garcia,Amira,amira.garcia2549@example.com,0673616668,1974-12-20,Lyon,aucun,2025-11-07,oui
CL102550,Robert,Yanis,yanis.robert2550@example.com,0619746363,1976-11-07,Grenoble,aucun,2026-01-19,non
CL102551,Laurent,Noah,noah.laurent2551@example.com,0665342172,1966-05-24,Nantes,annuel,2026-07-27,
CL102552,Petit,Lea,lea.petit2552@example.com,0612024291,1972-09-03,Lyon,mensuel,2025-08-31,
CL102553,Girard,Yanis,yanis.girard2553@example.com,0657074725,1993-10-21,Lille,aucun,2026-05-15,oui
CL102554,Dubois,Ines,ines.dubois2554@example.com,0661954147,1967-04-07,Grenoble,entreprise,2025-08-02,non
CL102555,Fournier,Gabriel,gabriel.fournier2555@example.com,0691328963,2002-05-12,Lyon,annuel,2025-10-20,non
CL102556,Benali,Manon,manon.benali2556@example.com,0696650317,1967-11-14,Grenoble,mensuel,2026-06-29,
CL102557,Petit,Gabriel,gabriel.petit2557@example.com,0671912861,1982-03-16,Lyon,mensuel,2026-07-15,non
CL102558,Girard,Jade,jade.girard2558@example.com,0622517368,2000-11-02,Grenoble,etudiant,2025-10-01,
CL102559,Nguyen,Adam,adam.nguyen2559@example.com,0610502478,1966-08-17,Lyon,aucun,2025-10-08,non
CL102560,Bernard,Manon,manon.bernard2560@example.com,0629550477,1984-10-19,Lille,mensuel,2026-05-04,non
CL102561,Petit,Rayan,rayan.petit2561@example.com,0651624041,1998-11-06,Nantes,aucun,2026-01-07,oui
CL102562,Bernard,Jade,jade.bernard2562@example.com,0651107146,1962-10-08,Nantes,mensuel,2025-04-07,
CL102563,Moreau,Ilyes,ilyes.moreau2563@example.com,0698358201,1977-10-19,Lyon,aucun,2026-03-15,oui
CL102564,Laurent,Amira,amira.laurent2564@example.com,0613396965,1998-05-12,Lille,aucun,2026-10-15,oui
CL102565,Robert,Noah,noah.robert2565@example.com,0653027974,1975-09-29,Lyon,mensuel,2026-08-25,
CL102566,Girard,Ines,ines.girard2566@example.com,0688855822,1998-05-14,Nantes,mensuel,2026-07-27,
CL102567,Robert,Gabriel,gabriel.robert2567@example.com,0687078769,1964-01-24,Lille,annuel,2025-03-08,non
CL102568,Martin,Ilyes,ilyes.martin2568@example.com,0623367007,1978-07-04,Lyon,mensuel,2026-10-10,oui
CL102569,Simon,Jade,jade.simon2569@example.com,0673967139,1996-12-23,Grenoble,aucun,2026-06-23,
CL102570,Martin,Lea,lea.martin2570@example.com,0640821383,1964-04-12,Lille,mensuel,2026-09-28,
CL102571,Durand,Yanis,yanis.durand2571@example.com,0696290020,1983-03-08,Nantes,aucun,2026-01-11,
CL102572,Simon,Hugo,hugo.simon2572@example.com,0632752898,2002-06-23,Nantes,aucun,2025-03-19,non
CL102573,Durand,Lea,lea.durand2573@example.com,0698866813,1980-07-16,Grenoble,aucun,2025-10-12,
CL102574,Roux,Rayan,rayan.roux2574@example.com,0612989714,1976-01-08,Nantes,etudiant,2026-07-01,
CL102575,Moreau,Mehdi,mehdi.moreau2575@example.com,0660737060,1979-12-18,Grenoble,aucun,2026-08-23,
CL102576,Robert,Ines,ines.robert2576@example.com,0698746467,1990-10-11,Lille,aucun,2025-04-14,oui
CL102577,Dubois,Amira,amira.dubois2577@example.com,0696416504,1991-01-16,Grenoble,mensuel,2025-06-18,non
CL102578,Petit,Sofia,sofia.petit2578@example.com,0662721349,1970-12-17,Grenoble,mensuel,2026-03-24,
CL102579,Laurent,Ines,ines.laurent2579@example.com,0631083924,1994-12-04,Grenoble,aucun,2026-03-15,oui
CL102580,Michel,Yanis,yanis.michel2580@example.com,0610782045,1971-03-09,Lyon,annuel,2026-07-12,
CL102581,Benali,Camille,camille.benali2581@example.com,0690868680,2001-11-17,Lyon,aucun,2025-06-23,
CL102582,Girard,Lea,lea.girard2582@example.com,0672781816,1984-07-18,Lyon,entreprise,2025-07-12,non
CL102583,Durand,Amira,amira.durand2583@example.com,0614480066,1978-04-18,Lille,aucun,2025-03-18,oui
CL102584,Bernard,Jade,jade.bernard2584@example.com,0681748457,1963-12-06,Nantes,etudiant,2025-10-12,
CL102585,Laurent,Ilyes,ilyes.laurent2585@example.com,0667011439,1968-08-06,Lyon,mensuel,2025-11-02,non
CL102586,Fournier,Louise,louise.fournier2586@example.com,0654067770,1974-10-03,Grenoble,etudiant,2025-12-04,oui
CL102587,Benali,Ilyes,ilyes.benali2587@example.com,0689862341,1996-02-20,Lille,aucun,2026-09-13,oui
CL102588,Dubois,Hugo,hugo.dubois2588@example.com,0649118774,1983-02-20,Lyon,etudiant,2026-09-20,non
CL102589,Girard,Amira,amira.girard2589@example.com,0613967942,1963-12-10,Lille,aucun,2026-10-01,non
CL102590,Robert,Rayan,rayan.robert2590@example.com,0692571469,1979-08-13,Nantes,aucun,2026-10-12,non
CL102591,Roux,Noah,noah.roux2591@example.com,0694842478,1972-10-03,Lyon,etudiant,2026-08-20,oui
CL102592,Nguyen,Mehdi,mehdi.nguyen2592@example.com,0694404878,1997-05-06,Lyon,etudiant,2025-03-06,
CL102593,Bernard,Gabriel,gabriel.bernard2593@example.com,0639569539,1976-12-19,Grenoble,aucun,2026-02-19,non
CL102594,Bernard,Rayan,rayan.bernard2594@example.com,0626727112,1990-01-17,Lyon,aucun,2026-05-15,oui
CL102595,Durand,Louise,louise.durand2595@example.com,0630231752,1985-11-13,Nantes,aucun,2025-07-22,oui
CL102596,Bernard,Louise,louise.bernard2596@example.com,0651707224,1986-10-02,Lille,mensuel,2025-03-04,non
CL102597,Martin,Rayan,rayan.martin2597@example.com,0684796523,1999-12-30,Lille,aucun,2025-12-26,non
CL102598,Dubois,Manon,manon.dubois2598@example.com,0622659725,1976-07-15,Lyon,mensuel,2025-09-01,
CL102599,Michel,Jade,jade.michel2599@example.com,0674622918,1960-05-16,Lille,etudiant,2025-09-26,oui
CL102600,Robert,Yanis,yanis.robert2600@example.com,0652981225,1976-08-26,Nantes,mensuel,2025-03-24,
CL102601,Petit,Chloe,chloe.petit2601@example.com,0621798709,1969-02-27,Grenoble,annuel,2025-05-08,oui
CL102602,Girard,Yanis,yanis.girard2602@example.com,0655011975,1961-12-22,Lille,aucun,2025-10-07,oui
CL102603,Martin,Ines,ines.martin2603@example.com,0636643431,1993-01-12,Lille,mensuel,2025-09-24,non
CL102604,Moreau,Camille,camille.moreau2604@example.com,0694255754,1999-04-19,Nantes,annuel,2025-04-01,non
CL102605,Simon,Ilyes,ilyes.simon2605@example.com,0669660849,2000-02-21,Grenoble,mensuel,2025-10-16,non
CL102606,Moreau,Manon,manon.moreau2606@example.com,0657239852,1973-09-25,Nantes,mensuel,2026-06-25,non
CL102607,Nguyen,Rayan,rayan.nguyen2607@example.com,0669539088,1985-06-15,Lyon,annuel,2026-01-05,
CL102608,Garcia,Manon,manon.garcia2608@example.com,0664359781,1967-06-19,Lyon,mensuel,2026-02-15,
CL102609,Martin,Manon,manon.martin2609@example.com,0615524897,1974-03-01,Lyon,annuel,2026-08-29,
CL102610,Roux,Noah,noah.roux2610@example.com,0665836925,1987-12-20,Lyon,aucun,2026-06-02,oui
CL102611,Bernard,Manon,manon.bernard2611@example.com,0685405995,1979-08-18,Nantes,aucun,2025-09-25,non
CL102612,Moreau,Chloe,chloe.moreau2612@example.com,0617778946,1976-03-03,Nantes,etudiant,2026-05-08,non
CL102613,Roux,Noah,noah.roux2613@example.com,0616741110,1993-11-03,Lille,aucun,2025-09-14,oui
CL102614,Garcia,Camille,camille.garcia2614@example.com,0680230358,1961-09-11,Lyon,aucun,2025-10-12,
CL102615,Nguyen,Ilyes,ilyes.nguyen2615@example.com,0670680628,1999-01-21,Grenoble,etudiant,2025-06-24,oui
CL102616,Durand,Rayan,rayan.durand2616@example.com,0624596603,1988-07-06,Nantes,etudiant,2025-05-09,
CL102617,Nguyen,Amira,amira.nguyen2617@example.com,0662577796,1978-03-23,Lille,aucun,2025-11-06,oui
CL102618,Moreau,Mehdi,mehdi.moreau2618@example.com,0650171439,1975-08-18,Nantes,aucun,2025-04-09,oui
CL102619,Petit,Chloe,chloe.petit2619@example.com,0678506153,1982-05-02,Lyon,aucun,2025-09-14,oui
CL102620,Bernard,Rayan,rayan.bernard2620@example.com,0636098965,1991-06-19,Nantes,aucun,2026-10-18,non
CL102621,Nguyen,Chloe,chloe.nguyen2621@example.com,0611816265,1964-04-07,Nantes,aucun,2026-06-16,non
CL102622,Dubois,Amira,amira.dubois2622@example.com,0636168181,1965-09-09,Nantes,annuel,2026-07-02,non
CL102623,Laurent,Noah,noah.laurent2623@example.com,0696542657,1984-09-15,Nantes,mensuel,2026-09-13,
CL102624,Moreau,Ines,ines.moreau2624@example.com,0686802021,2003-03-01,Lyon,aucun,2026-10-02,oui
CL102625,Petit,Gabriel,gabriel.petit2625@example.com,0625696594,1988-11-12,Lyon,etudiant,2025-03-18,
CL102626,Garcia,Ines,ines.garcia2626@example.com,0647817392,1989-07-20,Lille,mensuel,2026-04-26,oui
CL102627,Martin,Adam,adam.martin2627@example.com,0672161727,2000-04-01,Grenoble,etudiant,2025-12-11,oui
CL102628,Petit,Lea,lea.petit2628@example.com,0687419115,1962-11-19,Nantes,aucun,2025-09-14,non
CL102629,Fournier,Yanis,yanis.fournier2629@example.com,0642360596,1982-06-04,Nantes,mensuel,2026-09-27,oui
CL102630,Nguyen,Rayan,rayan.nguyen2630@example.com,0621780792,1991-08-03,Lyon,annuel,2026-09-12,non
CL102631,Moreau,Yanis,yanis.moreau2631@example.com,0635863861,1996-01-08,Lyon,aucun,2025-09-27,non
CL102632,Benali,Adam,adam.benali2632@example.com,0656728087,1992-07-08,Grenoble,etudiant,2026-03-30,oui
CL102633,Durand,Rayan,rayan.durand2633@example.com,0624366961,1997-03-20,Lyon,aucun,2026-09-22,
CL102634,Roux,Rayan,rayan.roux2634@example.com,0634167837,1981-05-09,Lille,annuel,2026-03-19,oui
CL102635,Michel,Gabriel,gabriel.michel2635@example.com,0634797048,1971-03-05,Grenoble,etudiant,2025-09-14,
CL102636,Michel,Chloe,chloe.michel2636@example.com,0693290199,1963-04-27,Lyon,annuel,2025-03-06,non
CL102637,Petit,Lea,lea.petit2637@example.com,0677907565,1992-02-11,Lyon,mensuel,2025-11-18,oui
CL102638,Petit,Noah,noah.petit2638@example.com,0623292961,1996-10-01,Lyon,mensuel,2026-08-01,oui
CL102639,Roux,Ines,ines.roux2639@example.com,0646011766,1971-04-01,Lyon,aucun,2025-04-27,oui
CL102640,Durand,Manon,manon.durand2640@example.com,0640729541,1987-12-17,Lille,aucun,2025-06-08,oui
CL102641,Martin,Karim,karim.martin2641@example.com,0684172765,1974-11-18,Lille,aucun,2025-09-09,oui
CL102642,Simon,Rayan,rayan.simon2642@example.com,0625746817,1970-01-18,Lille,mensuel,2026-02-13,non
CL102643,Moreau,Sofia,sofia.moreau2643@example.com,0651238821,1986-08-06,Lille,mensuel,2025-03-01,oui
CL102644,Durand,Rayan,rayan.durand2644@example.com,0629563570,1974-01-02,Nantes,aucun,2026-03-11,non
CL102645,Nguyen,Yanis,yanis.nguyen2645@example.com,0651822577,1976-05-05,Lille,annuel,2026-01-08,non
CL102646,Simon,Lea,lea.simon2646@example.com,0665597346,1971-02-21,Lyon,aucun,2026-09-05,oui
CL102647,Simon,Louise,louise.simon2647@example.com,0680660987,2000-08-24,Lyon,mensuel,2026-06-20,non
CL102648,Benali,Hugo,hugo.benali2648@example.com,0616309750,1961-02-25,Grenoble,mensuel,2026-02-20,non
CL102649,Fournier,Karim,karim.fournier2649@example.com,0648569894,1967-07-21,Grenoble,annuel,2026-02-25,oui
CL102650,Martin,Ilyes,ilyes.martin2650@example.com,0630627407,1990-08-12,Lyon,aucun,2026-10-11,oui
CL102651,Simon,Camille,camille.simon2651@example.com,0655602749,1986-11-13,Lyon,mensuel,2025-11-27,
CL102652,Martin,Amira,amira.martin2652@example.com,0610961462,1963-11-03,Lyon,aucun,2025-08-19,
CL102653,Michel,Mehdi,mehdi.michel2653@example.com,0632789047,1967-06-14,Lyon,etudiant,2026-02-14,non
CL102654,Martin,Jade,jade.martin2654@example.com,0671253544,1973-10-29,Grenoble,etudiant,2026-02-28,
CL102655,Bernard,Karim,karim.bernard2655@example.com,0648429262,1971-08-27,Lyon,aucun,2026-02-02,non
CL102656,Moreau,Sofia,sofia.moreau2656@example.com,0656651037,1988-10-23,Grenoble,mensuel,2025-09-23,oui
CL102657,Petit,Camille,camille.petit2657@example.com,0646494767,1992-11-05,Lyon,aucun,2025-08-19,non
CL102658,Durand,Karim,karim.durand2658@example.com,0618231023,1996-01-17,Grenoble,aucun,2025-05-22,oui
CL102659,Fournier,Ines,ines.fournier2659@example.com,0630532210,1978-01-22,Nantes,mensuel,2025-06-25,non
CL102660,Simon,Sofia,sofia.simon2660@example.com,0622337819,1981-01-18,Lyon,annuel,2026-03-23,oui
CL102661,Garcia,Louise,louise.garcia2661@example.com,0625264785,1978-12-27,Nantes,annuel,2026-06-22,oui
CL102662,Simon,Sofia,sofia.simon2662@example.com,0694488648,1982-09-13,Lille,aucun,2026-03-07,non
CL102663,Durand,Ilyes,ilyes.durand2663@example.com,0661011998,1986-07-17,Lyon,annuel,2025-12-15,
CL102664,Roux,Yanis,yanis.roux2664@example.com,0660568580,1985-12-19,Lyon,etudiant,2026-09-14,
CL102665,Moreau,Yanis,yanis.moreau2665@example.com,0630068327,1980-10-14,Lyon,etudiant,2025-07-02,oui
CL102666,Petit,Rayan,rayan.petit2666@example.com,0623071463,1979-05-03,Grenoble,mensuel,2025-03-17,
CL102667,Laurent,Ilyes,ilyes.laurent2667@example.com,0692280610,1983-11-30,Lyon,aucun,2025-08-10,
CL102668,Simon,Mehdi,mehdi.simon2668@example.com,0620611222,1991-07-20,Lyon,etudiant,2026-01-18,non
CL102669,Girard,Karim,karim.girard2669@example.com,0652871833,1961-05-24,Grenoble,etudiant,2025-10-24,non
CL102670,Moreau,Mehdi,mehdi.moreau2670@example.com,0666550084,1963-11-15,Lille,aucun,2026-06-21,oui
CL102671,Michel,Karim,karim.michel2671@example.com,0667684850,1996-12-25,Nantes,aucun,2026-05-24,
CL102672,Petit,Manon,manon.petit2672@example.com,0626928772,1993-08-17,Lyon,aucun,2025-11-05,non
CL102673,Durand,Hugo,hugo.durand2673@example.com,0691249009,1983-05-02,Lyon,mensuel,2026-10-08,non
CL102674,Durand,Ines,ines.durand2674@example.com,0690751238,1972-10-16,Nantes,aucun,2026-04-30,oui
CL102675,Garcia,Gabriel,gabriel.garcia2675@example.com,0627210646,1972-04-22,Grenoble,aucun,2025-05-04,
CL102676,Benali,Gabriel,gabriel.benali2676@example.com,0695870759,1980-03-13,Lyon,mensuel,2025-11-17,non
CL102677,Girard,Adam,adam.girard2677@example.com,0623167338,1987-05-09,Nantes,aucun,2026-04-30,
CL102678,Michel,Mehdi,mehdi.michel2678@example.com,0675001927,2000-01-12,Grenoble,mensuel,2025-12-10,
CL102679,Benali,Manon,manon.benali2679@example.com,0619865366,1969-07-13,Grenoble,mensuel,2025-06-28,
CL102680,Moreau,Gabriel,gabriel.moreau2680@example.com,0688687330,1968-09-05,Lyon,annuel,2026-03-23,oui
CL102681,Simon,Chloe,chloe.simon2681@example.com,0677686464,1965-08-24,Grenoble,annuel,2026-10-22,oui
CL102682,Fournier,Ines,ines.fournier2682@example.com,0622871885,1977-01-15,Nantes,etudiant,2025-12-09,oui
CL102683,Fournier,Chloe,chloe.fournier2683@example.com,0622503486,1971-11-13,Lille,aucun,2025-05-12,
CL102684,Nguyen,Jade,jade.nguyen2684@example.com,0690984311,1979-05-06,Nantes,mensuel,2026-07-09,
CL102685,Moreau,Rayan,rayan.moreau2685@example.com,0688869978,2002-04-01,Lyon,aucun,2026-10-02,
CL102686,Benali,Amira,amira.benali2686@example.com,0630531208,1964-07-20,Nantes,etudiant,2026-09-02,non
CL102687,Moreau,Yanis,yanis.moreau2687@example.com,0629962140,2003-02-09,Nantes,mensuel,2025-10-08,oui
CL102688,Fournier,Jade,jade.fournier2688@example.com,0644812032,1983-06-04,Lyon,aucun,2025-11-29,oui
CL102689,Robert,Karim,karim.robert2689@example.com,0651662215,1968-03-09,Lyon,annuel,2025-09-12,
CL102690,Michel,Jade,jade.michel2690@example.com,0689713012,1971-10-23,Lyon,mensuel,2025-09-04,non
CL102691,Bernard,Sofia,sofia.bernard2691@example.com,0651286204,1965-04-10,Lyon,mensuel,2026-03-19,non
CL102692,Laurent,Chloe,chloe.laurent2692@example.com,0623151246,1994-01-14,Lyon,aucun,2026-10-17,
CL102693,Robert,Louise,louise.robert2693@example.com,0675445843,1978-11-11,Lyon,mensuel,2026-09-04,
CL102694,Martin,Camille,camille.martin2694@example.com,0618007326,1996-01-08,Grenoble,aucun,2026-09-22,
CL102695,Dubois,Lea,lea.dubois2695@example.com,0628109608,1988-06-29,Lyon,aucun,2025-10-18,non
CL102696,Durand,Ilyes,ilyes.durand2696@example.com,0651317357,1999-12-24,Grenoble,mensuel,2025-06-23,
CL102697,Petit,Manon,manon.petit2697@example.com,0627419603,1976-11-29,Lyon,entreprise,2025-07-05,non
CL102698,Martin,Amira,amira.martin2698@example.com,0658402283,1983-08-13,Nantes,etudiant,2026-01-23,oui
CL102699,Garcia,Amira,amira.garcia2699@example.com,0625274616,2000-05-18,Lyon,aucun,2025-07-25,
CL102700,Roux,Mehdi,mehdi.roux2700@example.com,0645344947,2002-05-12,Lille,annuel,2026-09-27,non
CL102701,Girard,Manon,manon.girard2701@example.com,0640755874,2000-07-04,Lyon,mensuel,2025-11-23,
CL102702,Simon,Sofia,sofia.simon2702@example.com,0632427231,1996-12-29,Nantes,aucun,2025-10-17,
CL102703,Moreau,Adam,adam.moreau2703@example.com,0671930488,1986-09-16,Nantes,annuel,2026-08-24,non
CL102704,Martin,Karim,karim.martin2704@example.com,0629524670,1986-01-15,Lille,mensuel,2025-07-20,non
CL102705,Bernard,Sofia,sofia.bernard2705@example.com,0627413115,1983-05-23,Nantes,mensuel,2025-07-24,oui
CL102706,Dubois,Sofia,sofia.dubois2706@example.com,0624156214,2000-02-22,Lille,annuel,2026-07-24,oui
CL102707,Moreau,Karim,karim.moreau2707@example.com,0634819270,1995-04-25,Lyon,annuel,2025-10-02,non
CL102708,Durand,Mehdi,mehdi.durand2708@example.com,0643801094,1969-12-04,Grenoble,etudiant,2026-10-21,oui
CL102709,Garcia,Lea,lea.garcia2709@example.com,0628139547,1976-05-05,Lyon,annuel,2025-06-09,non
CL102710,Fournier,Ilyes,ilyes.fournier2710@example.com,0653542935,1991-06-08,Nantes,etudiant,2026-01-15,
CL102711,Martin,Ilyes,ilyes.martin2711@example.com,0623411781,2003-04-10,Lille,aucun,2026-05-10,non
CL102712,Fournier,Louise,louise.fournier2712@example.com,0651265189,1962-12-21,Nantes,mensuel,2026-01-20,
CL102713,Dubois,Yanis,yanis.dubois2713@example.com,0641950207,1978-05-15,Nantes,mensuel,2025-12-20,oui
CL102714,Roux,Amira,amira.roux2714@example.com,0658350683,1963-02-13,Lille,entreprise,2025-07-27,non
CL102715,Durand,Noah,noah.durand2715@example.com,0614881799,1981-12-18,Lyon,etudiant,2026-02-16,
CL102716,Roux,Camille,camille.roux2716@example.com,0655460548,1974-11-13,Nantes,mensuel,2026-08-03,non
CL102717,Fournier,Mehdi,mehdi.fournier2717@example.com,0614448528,1974-06-02,Lyon,etudiant,2025-12-14,
CL102718,Robert,Camille,camille.robert2718@example.com,0695828360,1973-10-02,Grenoble,mensuel,2026-08-09,
CL102719,Laurent,Yanis,yanis.laurent2719@example.com,0661132798,1963-12-08,Grenoble,aucun,2025-03-22,
CL102720,Dubois,Hugo,hugo.dubois2720@example.com,0696579872,1980-08-24,Lyon,aucun,2026-03-26,non
CL102721,Martin,Lea,lea.martin2721@example.com,0652453830,1993-08-15,Grenoble,mensuel,2026-03-01,
CL102722,Laurent,Jade,jade.laurent2722@example.com,0692461420,1973-04-19,Lille,etudiant,2026-05-29,
CL102723,Girard,Chloe,chloe.girard2723@example.com,0622050631,1971-07-18,Nantes,mensuel,2026-02-24,oui
CL102724,Girard,Amira,amira.girard2724@example.com,0661704645,2001-02-10,Lyon,mensuel,2025-06-05,oui
CL102725,Fournier,Sofia,sofia.fournier2725@example.com,0663865311,1960-10-25,Nantes,aucun,2025-06-29,oui
CL102726,Fournier,Ines,ines.fournier2726@example.com,0640513523,1973-05-31,Lyon,aucun,2026-03-18,non
CL102727,Garcia,Adam,adam.garcia2727@example.com,0678833093,1967-03-17,Grenoble,mensuel,2025-10-28,oui
CL102728,Michel,Sofia,sofia.michel2728@example.com,0629645872,1998-05-23,Nantes,mensuel,2026-02-14,non
CL102729,Robert,Ilyes,ilyes.robert2729@example.com,0616731200,1997-05-30,Lille,mensuel,2025-12-04,oui
CL102730,Laurent,Sofia,sofia.laurent2730@example.com,0635542559,1983-11-29,Lille,aucun,2026-02-18,oui
CL102731,Simon,Camille,camille.simon2731@example.com,0680670698,1972-04-29,Lyon,aucun,2026-09-30,
CL102732,Benali,Amira,amira.benali2732@example.com,0677335808,1975-01-22,Grenoble,aucun,2026-10-16,
CL102733,Garcia,Louise,louise.garcia2733@example.com,0665298455,1971-12-17,Lyon,annuel,2026-02-15,non
CL102734,Roux,Lea,lea.roux2734@example.com,0658664382,1992-08-17,Grenoble,etudiant,2025-07-03,oui
CL102735,Roux,Rayan,rayan.roux2735@example.com,0643583130,1978-07-25,Nantes,mensuel,2025-05-26,non
CL102736,Moreau,Karim,karim.moreau2736@example.com,0622045260,1964-11-06,Lyon,etudiant,2026-01-03,oui
CL102737,Garcia,Lea,lea.garcia2737@example.com,0647374163,1976-01-01,Lyon,aucun,2025-04-28,non
CL102738,Simon,Adam,adam.simon2738@example.com,0625243113,1990-07-04,Nantes,aucun,2026-10-05,
CL102739,Garcia,Gabriel,gabriel.garcia2739@example.com,0626285302,1970-07-16,Nantes,aucun,2025-11-21,non
CL102740,Roux,Ines,ines.roux2740@example.com,0682659764,1960-09-17,Lille,mensuel,2026-01-19,oui
CL102741,Martin,Yanis,yanis.martin2741@example.com,0651884508,1984-03-06,Lyon,etudiant,2025-04-18,oui
CL102742,Bernard,Adam,adam.bernard2742@example.com,0683794294,1990-05-27,Grenoble,entreprise,2025-03-08,non
CL102743,Benali,Rayan,rayan.benali2743@example.com,0668577094,1972-01-13,Lyon,aucun,2026-04-25,oui
CL102744,Laurent,Yanis,yanis.laurent2744@example.com,0660565958,1977-01-13,Lille,aucun,2025-09-04,
CL102745,Martin,Amira,amira.martin2745@example.com,0669634455,1997-06-16,Nantes,mensuel,2025-06-19,non
CL102746,Nguyen,Camille,camille.nguyen2746@example.com,0638759179,1969-04-25,Grenoble,mensuel,2025-09-09,oui
CL102747,Laurent,Noah,noah.laurent2747@example.com,0695843215,1985-04-16,Lille,mensuel,2026-06-25,
CL102748,Robert,Camille,camille.robert2748@example.com,0677640745,1990-12-23,Lille,mensuel,2026-02-19,non
CL102749,Roux,Gabriel,gabriel.roux2749@example.com,0648831465,1960-04-23,Lille,mensuel,2025-10-18,non
CL102750,Durand,Jade,jade.durand2750@example.com,0627717708,1984-10-09,Nantes,aucun,2025-12-02,non
CL102751,Durand,Manon,manon.durand2751@example.com,0695257672,1994-10-15,Lyon,entreprise,2025-06-15,oui
CL102752,Robert,Ilyes,ilyes.robert2752@example.com,0684470740,1998-06-16,Nantes,annuel,2025-08-17,non
CL102753,Bernard,Ines,ines.bernard2753@example.com,0627718531,1968-04-25,Lyon,aucun,2026-03-22,
CL102754,Benali,Rayan,rayan.benali2754@example.com,0626263259,1977-04-09,Lyon,mensuel,2025-04-11,oui
CL102755,Laurent,Gabriel,gabriel.laurent2755@example.com,0634262408,1982-02-16,Lyon,etudiant,2025-06-07,non
CL102756,Martin,Chloe,chloe.martin2756@example.com,0664821590,1983-12-18,Lyon,aucun,2025-04-11,non
CL102757,Moreau,Lea,lea.moreau2757@example.com,0686037622,1961-01-23,Nantes,mensuel,2026-03-31,
CL102758,Girard,Camille,camille.girard2758@example.com,0664859367,1980-09-02,Nantes,aucun,2026-01-10,non
CL102759,Roux,Camille,camille.roux2759@example.com,0643068381,1977-08-25,Grenoble,aucun,2025-03-27,non
CL102760,Petit,Ilyes,ilyes.petit2760@example.com,0647098399,1989-04-02,Nantes,etudiant,2026-01-05,
CL102761,Laurent,Camille,camille.laurent2761@example.com,0657888275,1968-02-08,Lyon,annuel,2025-03-23,oui
CL102762,Robert,Amira,amira.robert2762@example.com,0686404123,1966-11-21,Lyon,aucun,2026-06-10,oui
CL102763,Durand,Adam,adam.durand2763@example.com,0635365372,1962-08-12,Lille,aucun,2026-06-18,non
CL102764,Moreau,Amira,amira.moreau2764@example.com,0645972413,1997-02-04,Lille,etudiant,2025-05-17,oui
CL102765,Girard,Adam,adam.girard2765@example.com,0660845216,1987-02-24,Nantes,annuel,2026-06-21,
CL102766,Durand,Jade,jade.durand2766@example.com,0615429944,1966-11-12,Lille,mensuel,2026-04-19,non
CL102767,Michel,Hugo,hugo.michel2767@example.com,0650441570,1976-03-19,Grenoble,etudiant,2026-06-03,non
CL102768,Laurent,Sofia,sofia.laurent2768@example.com,0636669124,1987-03-01,Lyon,aucun,2026-05-30,oui
CL102769,Robert,Louise,louise.robert2769@example.com,0646959296,1990-12-22,Lille,annuel,2026-08-31,oui
CL102770,Martin,Gabriel,gabriel.martin2770@example.com,0657253762,1995-12-01,Lille,aucun,2026-05-16,non
CL102771,Garcia,Ines,ines.garcia2771@example.com,0644744976,1979-01-28,Lyon,mensuel,2025-12-22,non
CL102772,Benali,Amira,amira.benali2772@example.com,0699211745,1961-11-22,Grenoble,mensuel,2025-06-06,
CL102773,Laurent,Adam,adam.laurent2773@example.com,0619690828,1965-03-04,Grenoble,aucun,2026-04-27,oui
CL102774,Bernard,Ines,ines.bernard2774@example.com,0650078852,1968-11-14,Lyon,aucun,2025-05-14,non
CL102775,Dubois,Noah,noah.dubois2775@example.com,0622510782,2003-09-18,Grenoble,aucun,2025-04-23,
CL102776,Michel,Chloe,chloe.michel2776@example.com,0682845539,1998-02-25,Nantes,aucun,2026-01-27,non
CL102777,Michel,Sofia,sofia.michel2777@example.com,0618180014,1960-11-04,Nantes,mensuel,2026-01-22,
CL102778,Bernard,Sofia,sofia.bernard2778@example.com,0610447798,1984-01-09,Lyon,mensuel,2026-08-11,
CL102779,Garcia,Chloe,chloe.garcia2779@example.com,0634498161,1963-08-03,Grenoble,aucun,2025-05-14,
CL102780,Roux,Camille,camille.roux2780@example.com,0656018491,1979-12-03,Grenoble,annuel,2025-06-17,
CL102781,Michel,Karim,karim.michel2781@example.com,0615928157,1968-07-08,Lille,aucun,2026-05-22,non
CL102782,Martin,Ilyes,ilyes.martin2782@example.com,0681616443,1990-05-24,Lyon,aucun,2026-02-08,oui
CL102783,Dubois,Sofia,sofia.dubois2783@example.com,0697491825,1972-11-13,Lyon,annuel,2025-10-13,non
CL102784,Dubois,Sofia,sofia.dubois2784@example.com,0635103266,1967-10-30,Nantes,mensuel,2026-09-20,oui
CL102785,Bernard,Gabriel,gabriel.bernard2785@example.com,0640582126,1960-09-19,Nantes,aucun,2026-07-14,non
CL102786,Petit,Chloe,chloe.petit2786@example.com,0696992055,1994-11-22,Nantes,etudiant,2026-08-19,
CL102787,Roux,Adam,adam.roux2787@example.com,0664730385,1992-01-04,Lille,mensuel,2026-09-28,non
CL102788,Durand,Karim,karim.durand2788@example.com,0666024778,1988-12-11,Nantes,aucun,2025-10-17,non
CL102789,Petit,Karim,karim.petit2789@example.com,0670049479,1972-04-02,Nantes,aucun,2025-04-18,
CL102790,Nguyen,Mehdi,mehdi.nguyen2790@example.com,0663446219,1965-05-16,Nantes,etudiant,2026-10-01,
CL102791,Nguyen,Louise,louise.nguyen2791@example.com,0686947422,1994-07-08,Lyon,mensuel,2025-08-10,
CL102792,Nguyen,Ilyes,ilyes.nguyen2792@example.com,0613023272,1994-08-22,Lyon,etudiant,2025-07-06,oui
CL102793,Michel,Gabriel,gabriel.michel2793@example.com,0628481260,1980-12-15,Lyon,mensuel,2025-07-04,oui
CL102794,Roux,Noah,noah.roux2794@example.com,0671021448,1965-05-27,Lille,mensuel,2026-03-21,
CL102795,Michel,Ines,ines.michel2795@example.com,0643551891,1973-09-13,Lille,aucun,2025-12-08,
CL102796,Robert,Mehdi,mehdi.robert2796@example.com,0624974253,1989-06-08,Lyon,etudiant,2025-11-15,oui
CL102797,Nguyen,Noah,noah.nguyen2797@example.com,0671173722,1964-05-13,Lyon,etudiant,2026-06-07,non
CL102798,Martin,Louise,louise.martin2798@example.com,0628095407,2001-03-07,Lyon,aucun,2026-09-10,non
CL102799,Roux,Amira,amira.roux2799@example.com,0657584104,1962-01-04,Lille,mensuel,2026-09-28,
CL102800,Fournier,Ilyes,ilyes.fournier2800@example.com,0629385699,1967-02-12,Grenoble,mensuel,2025-05-29,oui
CL102801,Roux,Adam,adam.roux2801@example.com,0686890975,1969-12-29,Lille,mensuel,2026-06-08,
CL102802,Petit,Lea,lea.petit2802@example.com,0613222896,1987-02-23,Lyon,aucun,2026-06-21,non
CL102803,Girard,Karim,karim.girard2803@example.com,0678377909,1990-08-04,Lyon,annuel,2025-10-16,
CL102804,Petit,Lea,lea.petit2804@example.com,0622753501,1999-10-06,Lille,aucun,2026-06-19,oui
CL102805,Benali,Amira,amira.benali2805@example.com,0695398672,1970-10-20,Nantes,annuel,2025-03-19,non
CL102806,Fournier,Adam,adam.fournier2806@example.com,0695800812,1969-04-27,Lille,mensuel,2025-04-15,
CL102807,Roux,Lea,lea.roux2807@example.com,0640197268,1985-08-19,Grenoble,aucun,2025-05-25,oui
CL102808,Nguyen,Ines,ines.nguyen2808@example.com,0619797167,1979-03-08,Lille,mensuel,2025-10-07,oui
CL102809,Nguyen,Amira,amira.nguyen2809@example.com,0612850562,1980-12-13,Nantes,aucun,2025-12-24,oui
CL102810,Robert,Hugo,hugo.robert2810@example.com,0656484128,1960-11-21,Lille,aucun,2026-07-24,oui
CL102811,Simon,Sofia,sofia.simon2811@example.com,0622958414,1963-05-04,Lyon,annuel,2025-07-24,
CL102812,Benali,Adam,adam.benali2812@example.com,0615149822,1977-12-27,Lyon,mensuel,2025-05-31,oui
CL102813,Bernard,Amira,amira.bernard2813@example.com,0620901729,2001-01-23,Grenoble,etudiant,2025-07-02,
CL102814,Robert,Ines,ines.robert2814@example.com,0627361301,1983-03-07,Lyon,annuel,2025-11-03,non
CL102815,Simon,Rayan,rayan.simon2815@example.com,0662323439,2002-09-28,Nantes,aucun,2025-10-12,non
CL102816,Garcia,Camille,camille.garcia2816@example.com,0631251730,1980-09-10,Lyon,aucun,2026-07-18,oui
CL102817,Roux,Ilyes,ilyes.roux2817@example.com,0678211620,1986-06-22,Lyon,etudiant,2025-06-18,oui
CL102818,Roux,Jade,jade.roux2818@example.com,0639721548,1974-11-17,Nantes,aucun,2025-06-02,non
CL102819,Dubois,Hugo,hugo.dubois2819@example.com,0665683225,1963-08-24,Nantes,entreprise,2025-10-08,non
CL102820,Robert,Yanis,yanis.robert2820@example.com,0665620569,1995-10-15,Lyon,mensuel,2026-04-27,non
CL102821,Moreau,Hugo,hugo.moreau2821@example.com,0640875330,1994-03-18,Nantes,annuel,2025-11-15,oui
CL102822,Michel,Karim,karim.michel2822@example.com,0619565734,1970-07-27,Lyon,annuel,2025-12-03,non
CL102823,Roux,Louise,louise.roux2823@example.com,0622273722,1961-07-24,Lyon,mensuel,2025-04-03,
CL102824,Bernard,Amira,amira.bernard2824@example.com,0636094902,1994-01-28,Grenoble,aucun,2026-05-15,non
CL102825,Nguyen,Mehdi,mehdi.nguyen2825@example.com,0682959504,1984-06-14,Lyon,etudiant,2025-10-08,
CL102826,Nguyen,Chloe,chloe.nguyen2826@example.com,0665847534,2000-01-05,Nantes,aucun,2025-09-03,oui
CL102827,Robert,Yanis,yanis.robert2827@example.com,0642021567,1962-06-11,Nantes,aucun,2026-06-13,non
CL102828,Petit,Sofia,sofia.petit2828@example.com,0679492460,1967-11-27,Lyon,entreprise,2025-04-21,non
CL102829,Moreau,Camille,camille.moreau2829@example.com,0667378424,1970-08-13,Nantes,etudiant,2026-01-05,non
CL102830,Girard,Ilyes,ilyes.girard2830@example.com,0678941440,1967-12-30,Lille,annuel,2026-04-27,
CL102831,Nguyen,Chloe,chloe.nguyen2831@example.com,0646835486,2000-04-27,Lille,etudiant,2026-01-06,oui
CL102832,Simon,Manon,manon.simon2832@example.com,0632647249,1970-10-01,Lyon,etudiant,2026-03-19,oui
CL102833,Simon,Adam,adam.simon2833@example.com,0696440729,1987-11-13,Lille,aucun,2025-09-06,
CL102834,Roux,Sofia,sofia.roux2834@example.com,0640895934,1980-10-08,Lille,annuel,2025-12-04,non
CL102835,Nguyen,Jade,jade.nguyen2835@example.com,0670314056,1999-01-22,Lyon,annuel,2026-08-25,non
CL102836,Durand,Lea,lea.durand2836@example.com,0694647465,1988-03-18,Lyon,mensuel,2025-07-18,
CL102837,Moreau,Karim,karim.moreau2837@example.com,0620616407,1999-10-29,Lille,annuel,2025-11-13,non
CL102838,Moreau,Adam,adam.moreau2838@example.com,0616706064,1963-06-26,Lille,etudiant,2025-09-15,oui
CL102839,Bernard,Camille,camille.bernard2839@example.com,0652209895,1971-04-02,Lille,annuel,2026-05-07,
CL102840,Benali,Hugo,hugo.benali2840@example.com,0692142334,1992-02-03,Lille,mensuel,2025-10-16,oui
CL102841,Michel,Ilyes,ilyes.michel2841@example.com,0649943843,2000-04-28,Nantes,mensuel,2026-02-12,non
CL102842,Roux,Ines,ines.roux2842@example.com,0672806135,1992-12-24,Grenoble,entreprise,2026-07-07,oui
CL102843,Bernard,Adam,adam.bernard2843@example.com,0644464032,1979-07-18,Lille,etudiant,2026-10-19,non
CL102844,Roux,Manon,manon.roux2844@example.com,0658046059,1968-09-04,Nantes,aucun,2026-07-04,
CL102845,Nguyen,Ines,ines.nguyen2845@example.com,0650416679,2003-03-30,Lille,aucun,2026-02-27,oui
CL102846,Fournier,Ines,ines.fournier2846@example.com,0653998146,1982-09-05,Lyon,etudiant,2026-05-04,non
CL102847,Nguyen,Yanis,yanis.nguyen2847@example.com,0677106856,1984-03-13,Lyon,annuel,2025-06-28,
CL102848,Petit,Jade,jade.petit2848@example.com,0632831276,2000-10-10,Nantes,etudiant,2025-12-18,
CL102849,Roux,Amira,amira.roux2849@example.com,0631270084,1963-01-23,Nantes,etudiant,2025-11-30,
CL102850,Durand,Noah,noah.durand2850@example.com,0679781840,1989-09-15,Lyon,annuel,2025-07-18,non
CL102851,Roux,Ines,ines.roux2851@example.com,0614590659,1976-05-21,Lille,aucun,2026-02-20,non
CL102852,Nguyen,Lea,lea.nguyen2852@example.com,0631437680,1991-07-14,Nantes,aucun,2026-05-26,
CL102853,Garcia,Jade,jade.garcia2853@example.com,0645572951,1965-08-10,Lille,entreprise,2025-06-13,
CL102854,Martin,Jade,jade.martin2854@example.com,0650434221,1986-07-09,Grenoble,aucun,2026-07-11,
CL102855,Simon,Hugo,hugo.simon2855@example.com,0615151544,1965-02-22,Lyon,mensuel,2025-08-22,oui
CL102856,Robert,Lea,lea.robert2856@example.com,0651858114,1984-04-02,Lyon,annuel,2025-11-26,non
CL102857,Dubois,Gabriel,gabriel.dubois2857@example.com,0693721791,1992-11-29,Nantes,etudiant,2025-04-29,
CL102858,Laurent,Sofia,sofia.laurent2858@example.com,0636464150,1974-09-10,Lyon,aucun,2026-04-11,oui
CL102859,Durand,Lea,lea.durand2859@example.com,0623847907,2000-08-02,Lyon,aucun,2026-09-19,
CL102860,Simon,Ilyes,ilyes.simon2860@example.com,0644101378,1966-08-11,Lyon,aucun,2025-07-21,non
CL102861,Fournier,Amira,amira.fournier2861@example.com,0617228511,1998-11-20,Lyon,entreprise,2025-03-23,non
CL102862,Martin,Rayan,rayan.martin2862@example.com,0610687165,1963-04-14,Lyon,annuel,2026-07-19,
CL102863,Simon,Sofia,sofia.simon2863@example.com,0663853697,1989-08-14,Nantes,mensuel,2026-03-23,non
CL102864,Simon,Manon,manon.simon2864@example.com,0645473798,1998-09-23,Nantes,aucun,2025-12-14,
CL102865,Martin,Sofia,sofia.martin2865@example.com,0670510364,1960-03-13,Lyon,aucun,2025-07-12,
CL102866,Garcia,Adam,adam.garcia2866@example.com,0623120405,1967-02-02,Lyon,aucun,2026-04-22,
CL102867,Michel,Rayan,rayan.michel2867@example.com,0678343452,1961-03-17,Grenoble,mensuel,2025-08-31,
CL102868,Benali,Rayan,rayan.benali2868@example.com,0623685589,1986-09-30,Lyon,aucun,2026-02-14,
CL102869,Michel,Gabriel,gabriel.michel2869@example.com,0681148588,1973-07-08,Lille,aucun,2025-05-21,non
CL102870,Nguyen,Amira,amira.nguyen2870@example.com,0638332372,1985-04-03,Lyon,etudiant,2026-08-15,oui
CL102871,Michel,Jade,jade.michel2871@example.com,0679963690,1985-10-15,Lyon,aucun,2026-07-24,
CL102872,Fournier,Sofia,sofia.fournier2872@example.com,0654954961,1997-07-21,Lille,aucun,2026-07-23,
CL102873,Bernard,Manon,manon.bernard2873@example.com,0653371462,2003-04-10,Lyon,aucun,2026-08-02,oui
CL102874,Garcia,Louise,louise.garcia2874@example.com,0663134955,1978-08-28,Lyon,annuel,2025-12-05,non
CL102875,Bernard,Camille,camille.bernard2875@example.com,0657699046,1968-11-22,Grenoble,etudiant,2026-01-31,
CL102876,Martin,Noah,noah.martin2876@example.com,0656827705,1981-06-11,Lille,mensuel,2025-04-05,
CL102877,Fournier,Hugo,hugo.fournier2877@example.com,0624259260,1970-05-14,Lille,mensuel,2025-11-03,non
CL102878,Bernard,Ilyes,ilyes.bernard2878@example.com,0676357901,1969-09-22,Nantes,mensuel,2025-08-19,oui
CL102879,Robert,Mehdi,mehdi.robert2879@example.com,0648672551,2001-01-05,Lille,aucun,2026-06-24,non
CL102880,Garcia,Lea,lea.garcia2880@example.com,0630823114,1984-01-08,Grenoble,mensuel,2026-05-21,
CL102881,Girard,Ilyes,ilyes.girard2881@example.com,0689851011,1977-11-20,Lille,aucun,2026-10-09,oui
CL102882,Martin,Yanis,yanis.martin2882@example.com,0626057108,1998-12-23,Lille,aucun,2026-04-28,non
CL102883,Simon,Ines,ines.simon2883@example.com,0656437411,1984-06-23,Nantes,aucun,2026-05-12,oui
CL102884,Garcia,Gabriel,gabriel.garcia2884@example.com,0665974150,1999-07-13,Lille,aucun,2026-06-22,non
CL102885,Girard,Noah,noah.girard2885@example.com,0610208158,1985-12-26,Nantes,aucun,2025-03-10,oui
CL102886,Girard,Jade,jade.girard2886@example.com,0687850979,1977-08-03,Nantes,annuel,2026-09-07,oui
CL102887,Roux,Louise,louise.roux2887@example.com,0642598922,1985-05-04,Lille,mensuel,2026-07-25,
CL102888,Martin,Mehdi,mehdi.martin2888@example.com,0687118027,1972-02-17,Lyon,annuel,2026-08-03,
CL102889,Michel,Yanis,yanis.michel2889@example.com,0668678602,1987-05-28,Lyon,aucun,2025-06-15,non
CL102890,Fournier,Karim,karim.fournier2890@example.com,0696010575,1992-06-06,Lyon,etudiant,2025-03-20,
CL102891,Garcia,Gabriel,gabriel.garcia2891@example.com,0625129708,1979-03-10,Nantes,aucun,2026-03-20,
CL102892,Nguyen,Rayan,rayan.nguyen2892@example.com,0611949780,1982-08-09,Lyon,mensuel,2026-02-01,
CL102893,Nguyen,Hugo,hugo.nguyen2893@example.com,0624110292,1964-04-21,Lyon,annuel,2025-05-09,
CL102894,Durand,Hugo,hugo.durand2894@example.com,0657121628,1967-02-10,Nantes,mensuel,2025-06-03,oui
CL102895,Simon,Camille,camille.simon2895@example.com,0653899656,1998-02-17,Lille,aucun,2025-03-23,non
CL102896,Michel,Karim,karim.michel2896@example.com,0684253756,1979-05-03,Lyon,mensuel,2025-04-07,
CL102897,Girard,Yanis,yanis.girard2897@example.com,0621961295,1962-09-11,Lyon,entreprise,2026-07-11,
CL102898,Michel,Mehdi,mehdi.michel2898@example.com,0635122909,1973-10-07,Lyon,annuel,2026-06-24,non
CL102899,Martin,Rayan,rayan.martin2899@example.com,0699169951,1968-03-05,Lyon,aucun,2025-10-12,
CL102900,Garcia,Camille,camille.garcia2900@example.com,0610847247,1981-09-02,Nantes,mensuel,2026-02-16,oui
CL102901,Dubois,Yanis,yanis.dubois2901@example.com,0620776340,1998-02-23,Lyon,aucun,2026-06-10,non
CL102902,Roux,Camille,camille.roux2902@example.com,0699465427,1961-03-22,Nantes,aucun,2025-10-15,non
CL102903,Fournier,Adam,adam.fournier2903@example.com,0658125128,1977-06-29,Nantes,aucun,2025-06-14,non
CL102904,Simon,Jade,jade.simon2904@example.com,0671240287,1976-05-06,Lyon,aucun,2025-10-27,non
CL102905,Roux,Ines,ines.roux2905@example.com,0665633521,1985-05-21,Lille,mensuel,2025-04-25,
CL102906,Nguyen,Rayan,rayan.nguyen2906@example.com,0626044783,2001-10-01,Nantes,annuel,2026-04-29,non
CL102907,Bernard,Hugo,hugo.bernard2907@example.com,0682765605,2003-08-22,Lille,aucun,2026-10-16,oui
CL102908,Durand,Camille,camille.durand2908@example.com,0645011817,1987-07-16,Lyon,mensuel,2025-11-06,
CL102909,Martin,Jade,jade.martin2909@example.com,0696138093,1981-08-21,Nantes,annuel,2026-09-08,
CL102910,Bernard,Mehdi,mehdi.bernard2910@example.com,0647929608,1964-07-18,Grenoble,aucun,2026-07-14,non
CL102911,Fournier,Adam,adam.fournier2911@example.com,0677438670,2003-09-17,Grenoble,aucun,2026-07-05,
CL102912,Nguyen,Adam,adam.nguyen2912@example.com,0654458483,1992-04-21,Grenoble,aucun,2025-12-19,oui
CL102913,Petit,Ilyes,ilyes.petit2913@example.com,0696335721,1971-10-05,Lyon,mensuel,2025-09-04,oui
CL102914,Fournier,Yanis,yanis.fournier2914@example.com,0641528118,1975-11-29,Nantes,etudiant,2025-08-04,non
CL102915,Robert,Rayan,rayan.robert2915@example.com,0641640612,1992-06-26,Lyon,annuel,2025-05-26,non
CL102916,Dubois,Sofia,sofia.dubois2916@example.com,0694759982,1980-10-06,Lille,annuel,2025-09-20,oui
CL102917,Simon,Amira,amira.simon2917@example.com,0678663493,2003-05-05,Lille,aucun,2025-10-10,non
CL102918,Nguyen,Gabriel,gabriel.nguyen2918@example.com,0689485674,1990-01-28,Grenoble,mensuel,2025-04-08,oui
CL102919,Petit,Lea,lea.petit2919@example.com,0695588570,1974-11-12,Lyon,mensuel,2026-05-15,non
CL102920,Dubois,Hugo,hugo.dubois2920@example.com,0662612911,2001-03-05,Nantes,aucun,2026-07-30,non
CL102921,Simon,Louise,louise.simon2921@example.com,0673748941,1988-03-23,Lyon,aucun,2026-01-06,
CL102922,Fournier,Mehdi,mehdi.fournier2922@example.com,0678565008,1982-03-23,Lille,mensuel,2026-07-22,oui
CL102923,Fournier,Chloe,chloe.fournier2923@example.com,0667721100,2003-10-09,Lille,aucun,2025-07-05,non
CL102924,Garcia,Lea,lea.garcia2924@example.com,0640707712,1972-02-06,Lille,aucun,2025-05-08,non
CL102925,Martin,Mehdi,mehdi.martin2925@example.com,0623931149,1981-05-09,Lyon,aucun,2025-07-17,non
CL102926,Simon,Jade,jade.simon2926@example.com,0636495693,1974-04-30,Grenoble,aucun,2025-11-05,non
CL102927,Robert,Sofia,sofia.robert2927@example.com,0661187591,1961-07-05,Lyon,aucun,2026-02-15,non
CL102928,Laurent,Ines,ines.laurent2928@example.com,0621412861,1971-12-11,Lille,mensuel,2025-04-15,oui
CL102929,Martin,Yanis,yanis.martin2929@example.com,0698294290,1975-11-17,Grenoble,aucun,2026-07-15,
CL102930,Martin,Ines,ines.martin2930@example.com,0625284777,1981-11-30,Grenoble,mensuel,2025-07-11,
CL102931,Bernard,Jade,jade.bernard2931@example.com,0652794677,1963-07-19,Lyon,annuel,2026-01-21,
CL102932,Simon,Sofia,sofia.simon2932@example.com,0644959643,1977-11-29,Nantes,aucun,2026-07-12,non
CL102933,Fournier,Adam,adam.fournier2933@example.com,0616820601,1967-04-25,Lyon,etudiant,2026-06-24,
CL102934,Robert,Ilyes,ilyes.robert2934@example.com,0694275298,1967-09-09,Lille,aucun,2026-09-10,
CL102935,Robert,Karim,karim.robert2935@example.com,0665815685,1996-10-02,Lyon,annuel,2025-11-26,non
CL102936,Laurent,Ilyes,ilyes.laurent2936@example.com,0687914783,1998-02-10,Grenoble,mensuel,2026-06-29,non
CL102937,Fournier,Louise,louise.fournier2937@example.com,0651025576,1966-12-30,Lyon,mensuel,2026-04-12,non
CL102938,Laurent,Noah,noah.laurent2938@example.com,0626658351,1965-11-25,Nantes,mensuel,2025-10-29,oui
CL102939,Benali,Gabriel,gabriel.benali2939@example.com,0683592323,1974-03-06,Nantes,mensuel,2025-05-14,
CL102940,Nguyen,Noah,noah.nguyen2940@example.com,0677376706,1997-05-26,Grenoble,etudiant,2026-03-04,
CL102941,Moreau,Chloe,chloe.moreau2941@example.com,0690103896,1994-09-09,Lille,mensuel,2025-08-28,non
CL102942,Simon,Ines,ines.simon2942@example.com,0668378697,1979-01-02,Grenoble,aucun,2026-02-18,non
CL102943,Moreau,Lea,lea.moreau2943@example.com,0661963043,1995-06-29,Lyon,aucun,2025-12-26,non
CL102944,Garcia,Chloe,chloe.garcia2944@example.com,0627711952,1982-06-29,Lille,mensuel,2026-10-10,oui
CL102945,Michel,Lea,lea.michel2945@example.com,0642066839,1962-05-15,Lille,aucun,2025-08-11,
CL102946,Benali,Chloe,chloe.benali2946@example.com,0644468862,1971-07-08,Lille,aucun,2025-09-15,
CL102947,Michel,Amira,amira.michel2947@example.com,0638481028,1968-05-20,Grenoble,aucun,2025-08-01,oui
CL102948,Simon,Rayan,rayan.simon2948@example.com,0679535633,1980-01-23,Lyon,mensuel,2026-06-19,
CL102949,Roux,Adam,adam.roux2949@example.com,0648647039,1965-09-23,Lille,etudiant,2026-08-30,non
CL102950,Roux,Rayan,rayan.roux2950@example.com,0681272535,1965-08-08,Grenoble,etudiant,2026-10-08,non
CL102951,Nguyen,Amira,amira.nguyen2951@example.com,0677140265,1980-05-05,Nantes,aucun,2026-07-24,non
CL102952,Laurent,Louise,louise.laurent2952@example.com,0660395060,1963-10-04,Nantes,mensuel,2025-12-26,non
CL102953,Laurent,Mehdi,mehdi.laurent2953@example.com,0692147187,1966-08-14,Lyon,entreprise,2025-06-01,non
CL102954,Nguyen,Mehdi,mehdi.nguyen2954@example.com,0693364281,1965-05-29,Lille,aucun,2026-05-12,oui
CL102955,Garcia,Hugo,hugo.garcia2955@example.com,0686431928,1969-11-08,Lyon,annuel,2026-07-29,non
CL102956,Michel,Jade,jade.michel2956@example.com,0669844140,1992-11-12,Lyon,annuel,2025-05-13,
CL102957,Garcia,Hugo,hugo.garcia2957@example.com,0656679863,2001-10-20,Nantes,mensuel,2026-02-25,
CL102958,Nguyen,Lea,lea.nguyen2958@example.com,0648449182,1994-09-10,Lille,annuel,2026-06-30,
CL102959,Benali,Adam,adam.benali2959@example.com,0686919325,2003-05-12,Nantes,aucun,2026-09-17,non
CL102960,Durand,Rayan,rayan.durand2960@example.com,0647220423,1972-08-08,Lyon,annuel,2025-11-29,
CL102961,Garcia,Chloe,chloe.garcia2961@example.com,0680303809,1981-06-12,Nantes,mensuel,2026-02-06,oui
CL102962,Nguyen,Sofia,sofia.nguyen2962@example.com,0653985220,1987-03-01,Nantes,mensuel,2025-03-04,
CL102963,Robert,Ines,ines.robert2963@example.com,0655296217,1969-10-07,Lille,mensuel,2026-08-28,
CL102964,Laurent,Sofia,sofia.laurent2964@example.com,0685544747,1974-10-16,Lyon,aucun,2026-06-22,non
CL102965,Girard,Rayan,rayan.girard2965@example.com,0687875770,2002-04-14,Lyon,aucun,2025-07-22,oui
CL102966,Fournier,Manon,manon.fournier2966@example.com,0648784626,1983-01-23,Nantes,etudiant,2025-03-02,non
CL102967,Girard,Louise,louise.girard2967@example.com,0648891444,1984-10-29,Nantes,annuel,2025-10-27,
CL102968,Nguyen,Yanis,yanis.nguyen2968@example.com,0651045427,1980-05-12,Lyon,etudiant,2025-12-30,oui
CL102969,Fournier,Louise,louise.fournier2969@example.com,0654006057,1982-05-10,Grenoble,mensuel,2026-05-15,
CL102970,Moreau,Amira,amira.moreau2970@example.com,0665725667,2002-04-18,Lille,mensuel,2026-01-23,oui
CL102971,Moreau,Ilyes,ilyes.moreau2971@example.com,0622029879,1995-02-03,Nantes,aucun,2025-07-29,non
CL102972,Dubois,Ines,ines.dubois2972@example.com,0688961481,1989-11-25,Lyon,entreprise,2025-08-12,non
CL102973,Fournier,Lea,lea.fournier2973@example.com,0629030920,1994-06-12,Lyon,aucun,2026-05-07,
CL102974,Bernard,Mehdi,mehdi.bernard2974@example.com,0627903407,1972-09-27,Lille,aucun,2025-04-02,
CL102975,Roux,Louise,louise.roux2975@example.com,0653251473,1961-06-05,Lyon,aucun,2026-03-17,
CL102976,Robert,Chloe,chloe.robert2976@example.com,0696701931,1977-07-11,Lyon,etudiant,2026-06-14,oui
CL102977,Simon,Ines,ines.simon2977@example.com,0614719158,1970-05-30,Grenoble,annuel,2026-07-19,non
CL102978,Petit,Ilyes,ilyes.petit2978@example.com,0673376473,1979-09-30,Lille,annuel,2026-06-18,
CL102979,Roux,Adam,adam.roux2979@example.com,0656872816,2001-07-03,Lyon,mensuel,2026-10-01,oui
CL102980,Bernard,Gabriel,gabriel.bernard2980@example.com,0640176028,2003-06-11,Lyon,etudiant,2026-07-14,non
CL102981,Girard,Manon,manon.girard2981@example.com,0647240405,1976-11-24,Nantes,annuel,2025-04-27,oui
CL102982,Durand,Camille,camille.durand2982@example.com,0697158737,2003-09-09,Lyon,aucun,2025-07-01,non
CL102983,Roux,Sofia,sofia.roux2983@example.com,0630673442,1963-03-13,Lille,aucun,2025-06-23,oui
CL102984,Martin,Karim,karim.martin2984@example.com,0617579863,1964-10-02,Lille,aucun,2025-12-16,non
CL102985,Roux,Manon,manon.roux2985@example.com,0630170778,1983-11-16,Lyon,aucun,2025-10-21,oui
CL102986,Nguyen,Mehdi,mehdi.nguyen2986@example.com,0662808279,1991-04-03,Lyon,aucun,2025-04-06,oui
CL102987,Girard,Sofia,sofia.girard2987@example.com,0612405544,1983-08-10,Nantes,entreprise,2026-02-14,non
CL102988,Simon,Adam,adam.simon2988@example.com,0625009205,1990-12-24,Grenoble,aucun,2025-08-28,non
CL102989,Simon,Noah,noah.simon2989@example.com,0611545030,1989-05-08,Lille,mensuel,2026-06-20,
CL102990,Garcia,Rayan,rayan.garcia2990@example.com,0697503695,1975-01-07,Lyon,aucun,2026-06-08,oui
CL102991,Fournier,Manon,manon.fournier2991@example.com,0662021318,1989-07-20,Lyon,aucun,2026-04-22,non
CL102992,Petit,Yanis,yanis.petit2992@example.com,0635051771,1985-06-29,Lyon,aucun,2026-05-19,oui
CL102993,Benali,Amira,amira.benali2993@example.com,0641310909,1981-05-17,Lille,annuel,2026-07-10,
CL102994,Benali,Rayan,rayan.benali2994@example.com,0640047494,1971-02-05,Lyon,aucun,2026-07-13,oui
CL102995,Laurent,Yanis,yanis.laurent2995@example.com,0681046923,1978-03-12,Grenoble,aucun,2025-08-19,non
CL102996,Bernard,Noah,noah.bernard2996@example.com,0666255533,1993-08-01,Nantes,entreprise,2026-02-07,
CL102997,Simon,Yanis,yanis.simon2997@example.com,0639802741,1984-11-05,Lyon,annuel,2026-07-10,
CL102998,Dubois,Chloe,chloe.dubois2998@example.com,0611151537,1962-12-18,Nantes,aucun,2026-06-07,non
CL102999,Benali,Camille,camille.benali2999@example.com,0695390225,1979-10-11,Lille,etudiant,2025-12-02,non
CL103000,Girard,Amira,amira.girard3000@example.com,0622278843,1994-06-14,Lyon,annuel,2025-06-01,oui
CL103001,Dubois,Karim,karim.dubois3001@example.com,0666472765,1969-01-22,Lyon,annuel,2025-08-12,
CL103002,Moreau,Jade,jade.moreau3002@example.com,0692394656,1968-04-14,Lyon,aucun,2026-09-07,
CL103003,Robert,Gabriel,gabriel.robert3003@example.com,0610712480,1990-11-10,Nantes,mensuel,2026-05-23,oui
CL103004,Dubois,Chloe,chloe.dubois3004@example.com,0668893249,2002-10-01,Lyon,etudiant,2026-03-28,non
CL103005,Michel,Mehdi,mehdi.michel3005@example.com,0655950979,1989-08-12,Grenoble,aucun,2025-06-30,oui
CL103006,Dubois,Adam,adam.dubois3006@example.com,0673281271,1977-10-26,Nantes,etudiant,2026-08-22,oui
CL103007,Roux,Rayan,rayan.roux3007@example.com,0622820140,1968-09-30,Lyon,aucun,2026-08-07,
CL103008,Nguyen,Jade,jade.nguyen3008@example.com,0610078167,1998-05-20,Lille,mensuel,2025-07-10,non
CL103009,Simon,Louise,louise.simon3009@example.com,0620376844,1998-01-20,Lille,aucun,2026-01-26,non
CL103010,Bernard,Jade,jade.bernard3010@example.com,0692771419,1998-11-15,Lyon,aucun,2026-02-23,non
CL103011,Durand,Adam,adam.durand3011@example.com,0686826716,1989-03-29,Lille,aucun,2025-08-21,oui
CL103012,Durand,Noah,noah.durand3012@example.com,0654248198,1995-10-23,Grenoble,aucun,2026-10-05,oui
CL103013,Dubois,Gabriel,gabriel.dubois3013@example.com,0632672120,1980-12-25,Grenoble,annuel,2026-06-06,oui
CL103014,Roux,Manon,manon.roux3014@example.com,0676828902,1965-05-24,Lille,aucun,2025-03-08,oui
CL103015,Roux,Ines,ines.roux3015@example.com,0659094622,1977-09-12,Nantes,mensuel,2025-07-15,non
CL103016,Girard,Louise,louise.girard3016@example.com,0635254071,1980-12-05,Nantes,aucun,2025-05-27,oui
CL103017,Robert,Ines,ines.robert3017@example.com,0680853615,1981-06-06,Lyon,aucun,2026-01-04,oui
CL103018,Michel,Ines,ines.michel3018@example.com,0675232187,1970-04-20,Grenoble,aucun,2025-03-25,
CL103019,Simon,Ines,ines.simon3019@example.com,0674770125,1967-12-16,Lille,mensuel,2025-07-11,
CL103020,Michel,Rayan,rayan.michel3020@example.com,0687970662,1972-03-10,Grenoble,aucun,2025-05-18,oui
CL103021,Durand,Sofia,sofia.durand3021@example.com,0655553903,1976-11-11,Nantes,aucun,2025-07-17,
CL103022,Dubois,Chloe,chloe.dubois3022@example.com,0625502725,1978-09-03,Grenoble,entreprise,2025-12-11,
CL103023,Girard,Manon,manon.girard3023@example.com,0646842045,1990-07-16,Lyon,mensuel,2026-04-15,oui
CL103024,Laurent,Karim,karim.laurent3024@example.com,0695251328,1974-03-06,Nantes,aucun,2025-05-08,oui
CL103025,Dubois,Yanis,yanis.dubois3025@example.com,0676219428,1978-04-28,Lille,aucun,2026-09-23,non
CL103026,Laurent,Gabriel,gabriel.laurent3026@example.com,0675240421,1980-11-27,Nantes,etudiant,2025-09-08,oui
CL103027,Girard,Mehdi,mehdi.girard3027@example.com,0632909155,1969-05-05,Grenoble,etudiant,2025-12-06,non
CL103028,Petit,Louise,louise.petit3028@example.com,0634401430,1983-07-15,Lyon,etudiant,2026-10-08,non
CL103029,Girard,Mehdi,mehdi.girard3029@example.com,0629869228,1960-12-27,Lyon,aucun,2026-08-12,oui
CL103030,Moreau,Louise,louise.moreau3030@example.com,0624366020,1981-06-16,Lille,aucun,2025-09-09,oui
CL103031,Petit,Camille,camille.petit3031@example.com,0693440869,1965-03-31,Grenoble,entreprise,2025-08-12,non
CL103032,Roux,Amira,amira.roux3032@example.com,0654013255,2000-03-26,Grenoble,etudiant,2025-11-10,
CL103033,Moreau,Sofia,sofia.moreau3033@example.com,0653028271,1973-09-23,Nantes,annuel,2025-06-29,
CL103034,Durand,Manon,manon.durand3034@example.com,0611413499,1979-06-18,Lille,mensuel,2025-11-26,
CL103035,Bernard,Chloe,chloe.bernard3035@example.com,0699661752,1993-11-07,Lyon,mensuel,2026-02-08,non
CL103036,Garcia,Ines,ines.garcia3036@example.com,0631327550,1983-04-07,Lyon,mensuel,2025-05-05,
CL103037,Durand,Sofia,sofia.durand3037@example.com,0683766289,1962-07-17,Lille,aucun,2026-04-30,oui
CL103038,Martin,Gabriel,gabriel.martin3038@example.com,0614529259,1992-12-19,Grenoble,etudiant,2025-06-04,oui
CL103039,Fournier,Gabriel,gabriel.fournier3039@example.com,0652323069,1966-11-08,Lille,annuel,2026-09-02,
CL103040,Moreau,Ilyes,ilyes.moreau3040@example.com,0699918147,1963-11-23,Lyon,mensuel,2025-05-20,oui
CL103041,Roux,Ilyes,ilyes.roux3041@example.com,0663766837,1984-06-20,Nantes,etudiant,2026-04-03,oui
CL103042,Girard,Sofia,sofia.girard3042@example.com,0684394494,1985-02-06,Lille,annuel,2025-12-07,
CL103043,Roux,Lea,lea.roux3043@example.com,0645696076,1960-10-05,Nantes,etudiant,2025-10-20,oui
CL103044,Durand,Gabriel,gabriel.durand3044@example.com,0636158561,1972-12-06,Nantes,aucun,2026-07-21,oui
CL103045,Benali,Louise,louise.benali3045@example.com,0633728706,1980-12-04,Lyon,aucun,2026-08-25,oui
CL103046,Laurent,Karim,karim.laurent3046@example.com,0698238862,1969-03-07,Nantes,mensuel,2026-01-30,oui
CL103047,Petit,Ines,ines.petit3047@example.com,0627425529,1984-11-28,Lyon,mensuel,2025-08-13,oui
CL103048,Petit,Adam,adam.petit3048@example.com,0640448171,1984-05-02,Lyon,mensuel,2025-12-27,oui
CL103049,Robert,Lea,lea.robert3049@example.com,0695010599,1989-01-04,Lyon,annuel,2025-12-10,non
CL103050,Michel,Amira,amira.michel3050@example.com,0637001634,1999-02-09,Lille,mensuel,2025-03-14,
CL103051,Nguyen,Amira,amira.nguyen3051@example.com,0663010371,1995-10-28,Grenoble,etudiant,2025-10-13,non
CL103052,Moreau,Camille,camille.moreau3052@example.com,0626992158,1969-04-06,Lyon,etudiant,2026-01-19,non
CL103053,Nguyen,Yanis,yanis.nguyen3053@example.com,0622387723,1987-08-17,Lyon,aucun,2026-03-18,non
CL103054,Laurent,Amira,amira.laurent3054@example.com,0674481875,2002-06-09,Nantes,mensuel,2025-04-28,oui
CL103055,Moreau,Ines,ines.moreau3055@example.com,0633723379,1979-11-08,Nantes,aucun,2025-12-16,oui
CL103056,Laurent,Karim,karim.laurent3056@example.com,0653316094,1967-05-12,Nantes,mensuel,2026-03-18,non
CL103057,Moreau,Yanis,yanis.moreau3057@example.com,0658796634,1973-12-17,Lyon,aucun,2026-01-15,non
CL103058,Roux,Louise,louise.roux3058@example.com,0617516530,1968-02-22,Lyon,mensuel,2025-04-15,non
CL103059,Robert,Lea,lea.robert3059@example.com,0655379524,1968-07-29,Grenoble,aucun,2026-03-14,
CL103060,Garcia,Ines,ines.garcia3060@example.com,0629783449,1968-10-05,Lyon,aucun,2025-11-11,oui
CL103061,Roux,Gabriel,gabriel.roux3061@example.com,0618513728,1996-01-12,Lyon,aucun,2026-01-10,
CL103062,Girard,Gabriel,gabriel.girard3062@example.com,0629260980,1978-07-16,Lille,mensuel,2025-08-24,oui
CL103063,Benali,Camille,camille.benali3063@example.com,0633631552,2003-08-30,Lille,aucun,2025-12-29,oui
CL103064,Robert,Adam,adam.robert3064@example.com,0682022765,1983-05-29,Lille,aucun,2026-05-03,non
CL103065,Durand,Jade,jade.durand3065@example.com,0615348558,1988-09-22,Lyon,aucun,2025-03-11,non
CL103066,Robert,Noah,noah.robert3066@example.com,0676854297,1978-06-27,Lyon,mensuel,2026-02-23,non
CL103067,Garcia,Rayan,rayan.garcia3067@example.com,0666298009,2000-04-05,Nantes,aucun,2026-08-19,
CL103068,Dubois,Rayan,rayan.dubois3068@example.com,0657755389,2003-09-21,Lyon,aucun,2026-05-27,non
CL103069,Michel,Hugo,hugo.michel3069@example.com,0647735299,1993-07-26,Lyon,mensuel,2025-09-03,non
CL103070,Nguyen,Jade,jade.nguyen3070@example.com,0623593599,1993-10-16,Grenoble,aucun,2026-02-19,non
CL103071,Martin,Sofia,sofia.martin3071@example.com,0682036335,1988-02-07,Lyon,etudiant,2025-08-20,oui
CL103072,Dubois,Adam,adam.dubois3072@example.com,0643646677,1960-07-10,Lille,mensuel,2026-09-09,oui
CL103073,Martin,Ilyes,ilyes.martin3073@example.com,0639850387,1974-10-10,Lyon,aucun,2025-05-09,oui
CL103074,Roux,Mehdi,mehdi.roux3074@example.com,0614552572,1986-07-19,Nantes,entreprise,2026-04-01,non
CL103075,Robert,Sofia,sofia.robert3075@example.com,0614196272,1993-06-14,Lyon,aucun,2026-06-17,oui
CL103076,Robert,Gabriel,gabriel.robert3076@example.com,0636499396,1998-04-02,Lille,aucun,2025-05-18,oui
CL103077,Benali,Lea,lea.benali3077@example.com,0696529278,2002-08-24,Lyon,aucun,2026-04-15,oui
CL103078,Roux,Camille,camille.roux3078@example.com,0697471296,1963-03-31,Lyon,aucun,2026-10-05,oui
CL103079,Simon,Ilyes,ilyes.simon3079@example.com,0627168832,1998-12-02,Nantes,etudiant,2025-05-19,
CL103080,Martin,Lea,lea.martin3080@example.com,0634064493,1979-04-09,Grenoble,aucun,2026-09-23,oui
CL103081,Nguyen,Camille,camille.nguyen3081@example.com,0698909388,1973-11-30,Nantes,aucun,2025-03-22,non
CL103082,Fournier,Chloe,chloe.fournier3082@example.com,0663920450,1984-07-23,Nantes,etudiant,2026-10-19,
CL103083,Martin,Chloe,chloe.martin3083@example.com,0639799454,1982-12-28,Lyon,mensuel,2025-06-23,oui
CL103084,Moreau,Ines,ines.moreau3084@example.com,0671094876,1975-09-15,Grenoble,aucun,2026-02-14,oui
CL103085,Martin,Rayan,rayan.martin3085@example.com,0620158579,1997-06-17,Nantes,annuel,2025-07-01,non
CL103086,Robert,Ines,ines.robert3086@example.com,0672788480,2001-07-13,Lille,aucun,2026-09-12,
CL103087,Dubois,Amira,amira.dubois3087@example.com,0623423252,1968-10-26,Lille,annuel,2026-06-27,non
CL103088,Michel,Lea,lea.michel3088@example.com,0647217241,1985-09-01,Grenoble,aucun,2025-08-13,oui
CL103089,Moreau,Ines,ines.moreau3089@example.com,0621942846,1960-06-29,Lille,entreprise,2025-04-08,non
CL103090,Martin,Chloe,chloe.martin3090@example.com,0671392889,1991-11-26,Grenoble,aucun,2026-03-08,
CL103091,Robert,Manon,manon.robert3091@example.com,0667212825,1981-08-05,Lyon,aucun,2026-01-24,non
CL103092,Bernard,Rayan,rayan.bernard3092@example.com,0632969930,1969-11-23,Lyon,aucun,2026-07-24,non
CL103093,Benali,Jade,jade.benali3093@example.com,0655776701,1981-02-06,Lille,etudiant,2025-12-10,non
CL103094,Nguyen,Jade,jade.nguyen3094@example.com,0695721474,1994-04-26,Nantes,annuel,2026-08-08,non
CL103095,Michel,Ines,ines.michel3095@example.com,0692730343,1991-08-03,Lille,aucun,2025-09-17,oui
CL103096,Simon,Karim,karim.simon3096@example.com,0616423774,1981-01-05,Nantes,mensuel,2025-05-21,non
CL103097,Robert,Noah,noah.robert3097@example.com,0690463758,1986-12-16,Nantes,aucun,2025-12-25,
CL103098,Simon,Gabriel,gabriel.simon3098@example.com,0629693605,1986-05-04,Lille,etudiant,2026-06-26,oui
CL103099,Girard,Gabriel,gabriel.girard3099@example.com,0695495160,1968-04-06,Lyon,aucun,2026-10-10,
CL103100,Dubois,Louise,louise.dubois3100@example.com,0613086297,1984-03-18,Lyon,annuel,2026-09-29,
CL103101,Fournier,Louise,louise.fournier3101@example.com,0677848244,1971-03-27,Lyon,etudiant,2026-10-10,non
CL103102,Robert,Karim,karim.robert3102@example.com,0620820199,1987-11-01,Grenoble,annuel,2025-06-23,non
CL103103,Bernard,Mehdi,mehdi.bernard3103@example.com,0611945714,1962-10-16,Nantes,mensuel,2025-09-30,non
CL103104,Bernard,Noah,noah.bernard3104@example.com,0618971217,1982-09-30,Lyon,aucun,2025-06-22,non
CL103105,Roux,Rayan,rayan.roux3105@example.com,0636751825,1982-09-28,Nantes,aucun,2025-08-22,oui
CL103106,Nguyen,Sofia,sofia.nguyen3106@example.com,0647367770,1977-06-14,Nantes,etudiant,2026-03-19,
CL103107,Robert,Louise,louise.robert3107@example.com,0627589199,2001-07-25,Lyon,annuel,2026-05-12,oui
CL103108,Benali,Karim,karim.benali3108@example.com,0697006980,1997-12-16,Lille,aucun,2025-05-23,oui
CL103109,Bernard,Jade,jade.bernard3109@example.com,0663401726,1990-10-29,Lyon,aucun,2025-09-01,
CL103110,Nguyen,Mehdi,mehdi.nguyen3110@example.com,0669046101,1993-03-28,Nantes,aucun,2026-04-09,
CL103111,Nguyen,Rayan,rayan.nguyen3111@example.com,0695982281,1990-09-24,Lille,annuel,2026-07-09,
CL103112,Dubois,Amira,amira.dubois3112@example.com,0618845065,1963-09-06,Grenoble,etudiant,2025-06-11,oui
CL103113,Petit,Karim,karim.petit3113@example.com,0663479373,1963-04-10,Lyon,mensuel,2026-10-16,non
CL103114,Moreau,Ilyes,ilyes.moreau3114@example.com,0627620146,1988-03-22,Grenoble,aucun,2026-08-09,oui
CL103115,Robert,Jade,jade.robert3115@example.com,0688756246,1991-08-28,Lille,entreprise,2026-07-11,oui
CL103116,Martin,Lea,lea.martin3116@example.com,0679211970,2003-09-09,Lyon,aucun,2025-06-16,oui
CL103117,Michel,Hugo,hugo.michel3117@example.com,0669038255,1984-08-12,Lyon,aucun,2025-10-29,non
CL103118,Simon,Karim,karim.simon3118@example.com,0674371236,1969-12-04,Lyon,mensuel,2025-10-18,oui
CL103119,Robert,Noah,noah.robert3119@example.com,0689399665,2002-12-15,Lyon,etudiant,2025-12-13,
CL103120,Simon,Rayan,rayan.simon3120@example.com,0675673783,1966-05-12,Lyon,annuel,2026-10-10,oui
CL103121,Benali,Mehdi,mehdi.benali3121@example.com,0631107556,1985-10-16,Lyon,mensuel,2026-10-20,oui
CL103122,Moreau,Chloe,chloe.moreau3122@example.com,0674609290,1989-03-03,Lyon,mensuel,2025-07-03,non
CL103123,Laurent,Noah,noah.laurent3123@example.com,0622469082,1984-02-02,Lille,aucun,2026-07-20,non
CL103124,Martin,Rayan,rayan.martin3124@example.com,0689829310,1971-09-20,Lyon,aucun,2026-08-01,
CL103125,Bernard,Chloe,chloe.bernard3125@example.com,0619019707,1996-05-12,Lyon,mensuel,2026-09-04,non
CL103126,Garcia,Karim,karim.garcia3126@example.com,0681918924,1996-01-04,Grenoble,annuel,2026-03-01,
CL103127,Petit,Lea,lea.petit3127@example.com,0697018304,1977-06-23,Lyon,annuel,2025-12-31,
CL103128,Fournier,Adam,adam.fournier3128@example.com,0697397460,1962-07-14,Lyon,aucun,2025-11-07,oui
CL103129,Robert,Karim,karim.robert3129@example.com,0640733886,1962-01-16,Lyon,etudiant,2025-07-20,
CL103130,Roux,Rayan,rayan.roux3130@example.com,0632123607,1978-01-05,Grenoble,aucun,2026-10-03,
CL103131,Simon,Manon,manon.simon3131@example.com,0622885355,1968-11-27,Lille,annuel,2025-10-29,non
CL103132,Bernard,Louise,louise.bernard3132@example.com,0663142130,1968-12-16,Nantes,annuel,2025-05-15,non
CL103133,Nguyen,Rayan,rayan.nguyen3133@example.com,0627183506,1987-07-14,Lyon,annuel,2025-06-09,
CL103134,Moreau,Karim,karim.moreau3134@example.com,0687462741,1983-07-22,Grenoble,annuel,2026-07-16,
CL103135,Durand,Jade,jade.durand3135@example.com,0612825861,2001-04-23,Grenoble,annuel,2025-09-07,oui
CL103136,Girard,Camille,camille.girard3136@example.com,0644315587,1987-05-22,Nantes,mensuel,2026-10-01,non
CL103137,Robert,Rayan,rayan.robert3137@example.com,0638571111,1988-08-11,Lyon,etudiant,2025-05-05,oui
CL103138,Simon,Sofia,sofia.simon3138@example.com,0685701137,1976-05-05,Lyon,mensuel,2026-02-17,oui
CL103139,Martin,Sofia,sofia.martin3139@example.com,0636965997,1977-03-19,Lyon,mensuel,2026-09-02,non
CL103140,Roux,Noah,noah.roux3140@example.com,0651674289,1966-04-01,Lille,aucun,2025-07-05,non
CL103141,Simon,Camille,camille.simon3141@example.com,0621579317,1969-03-17,Lyon,mensuel,2026-06-04,
CL103142,Girard,Gabriel,gabriel.girard3142@example.com,0686422457,1998-03-03,Lyon,mensuel,2026-06-07,oui
CL103143,Petit,Lea,lea.petit3143@example.com,0680944656,1992-05-03,Grenoble,aucun,2026-09-08,non
CL103144,Fournier,Ines,ines.fournier3144@example.com,0630451073,1962-12-01,Nantes,aucun,2026-10-05,
CL103145,Petit,Gabriel,gabriel.petit3145@example.com,0671385412,1983-12-18,Grenoble,aucun,2026-05-17,oui
CL103146,Nguyen,Lea,lea.nguyen3146@example.com,0612571778,1995-05-20,Lyon,aucun,2025-12-06,oui
CL103147,Roux,Rayan,rayan.roux3147@example.com,0614403475,1980-10-17,Grenoble,annuel,2025-06-01,oui
CL103148,Moreau,Ilyes,ilyes.moreau3148@example.com,0627506105,1960-07-23,Lyon,annuel,2025-06-09,
CL103149,Benali,Ilyes,ilyes.benali3149@example.com,0655373272,1973-08-15,Nantes,mensuel,2026-07-24,oui
CL103150,Bernard,Gabriel,gabriel.bernard3150@example.com,0640234334,1996-06-16,Nantes,aucun,2026-04-22,oui
CL103151,Simon,Ilyes,ilyes.simon3151@example.com,0679191039,1965-10-22,Lille,mensuel,2026-04-27,oui
CL103152,Robert,Ilyes,ilyes.robert3152@example.com,0639299971,1967-11-07,Nantes,etudiant,2026-06-09,non
CL103153,Nguyen,Karim,karim.nguyen3153@example.com,0686674749,1996-08-27,Lille,annuel,2025-09-29,
CL103154,Girard,Noah,noah.girard3154@example.com,0617101133,2002-10-13,Lyon,aucun,2025-03-21,
CL103155,Michel,Noah,noah.michel3155@example.com,0670651448,1995-02-06,Nantes,annuel,2026-02-06,non
CL103156,Fournier,Louise,louise.fournier3156@example.com,0649834386,1998-12-12,Lyon,mensuel,2026-01-27,oui
CL103157,Durand,Hugo,hugo.durand3157@example.com,0667908306,1965-07-31,Nantes,annuel,2026-08-02,
CL103158,Laurent,Amira,amira.laurent3158@example.com,0635117799,1974-09-24,Nantes,aucun,2025-07-05,non
CL103159,Benali,Gabriel,gabriel.benali3159@example.com,0614283324,1976-10-27,Nantes,aucun,2025-12-24,non
CL103160,Nguyen,Lea,lea.nguyen3160@example.com,0617691143,1987-02-15,Grenoble,annuel,2025-08-13,oui
CL103161,Bernard,Rayan,rayan.bernard3161@example.com,0653569454,1986-07-21,Lyon,aucun,2026-08-13,non
CL103162,Simon,Noah,noah.simon3162@example.com,0620501615,1967-10-19,Lille,annuel,2026-06-21,oui
CL103163,Petit,Camille,camille.petit3163@example.com,0628250604,1983-02-10,Lille,aucun,2025-05-15,oui
CL103164,Bernard,Yanis,yanis.bernard3164@example.com,0689148500,1960-02-25,Lyon,aucun,2025-09-02,oui
CL103165,Robert,Rayan,rayan.robert3165@example.com,0650169323,1961-01-13,Lyon,mensuel,2026-06-17,non
CL103166,Durand,Adam,adam.durand3166@example.com,0634911411,2000-02-06,Lyon,aucun,2025-11-14,
CL103167,Garcia,Lea,lea.garcia3167@example.com,0660958781,1995-07-19,Lyon,aucun,2026-02-12,
CL103168,Petit,Chloe,chloe.petit3168@example.com,0676257454,1998-12-10,Lyon,mensuel,2025-07-27,oui
CL103169,Michel,Karim,karim.michel3169@example.com,0672657311,1979-12-17,Lille,etudiant,2025-12-23,oui
CL103170,Roux,Rayan,rayan.roux3170@example.com,0614902066,1981-03-16,Grenoble,aucun,2025-08-13,
CL103171,Laurent,Rayan,rayan.laurent3171@example.com,0643615229,1969-11-25,Lille,etudiant,2026-04-07,
CL103172,Girard,Gabriel,gabriel.girard3172@example.com,0613490190,1972-04-16,Lyon,aucun,2026-03-17,oui
CL103173,Martin,Louise,louise.martin3173@example.com,0623343793,1985-06-13,Nantes,aucun,2025-09-13,non
CL103174,Michel,Yanis,yanis.michel3174@example.com,0638093598,1989-11-01,Lille,annuel,2026-07-02,non
CL103175,Nguyen,Mehdi,mehdi.nguyen3175@example.com,0642953199,2003-05-03,Lyon,annuel,2025-12-03,oui
CL103176,Robert,Mehdi,mehdi.robert3176@example.com,0659756277,1984-10-26,Lille,mensuel,2026-07-13,non
CL103177,Petit,Amira,amira.petit3177@example.com,0651264115,1998-09-24,Nantes,annuel,2025-07-01,non
CL103178,Dubois,Sofia,sofia.dubois3178@example.com,0639909295,1969-07-11,Lille,aucun,2026-08-31,
CL103179,Laurent,Jade,jade.laurent3179@example.com,0634156950,1962-08-08,Lyon,annuel,2025-10-01,
CL103180,Robert,Mehdi,mehdi.robert3180@example.com,0675883378,1981-01-30,Nantes,etudiant,2026-09-11,oui
CL103181,Roux,Noah,noah.roux3181@example.com,0674696062,2001-03-18,Grenoble,annuel,2025-05-26,oui
CL103182,Michel,Noah,noah.michel3182@example.com,0637205936,1994-01-01,Lille,aucun,2025-12-20,oui
CL103183,Fournier,Yanis,yanis.fournier3183@example.com,0652038629,1990-01-27,Nantes,mensuel,2026-02-09,non
CL103184,Girard,Jade,jade.girard3184@example.com,0653605953,2001-05-23,Nantes,aucun,2025-12-12,oui
CL103185,Roux,Ines,ines.roux3185@example.com,0699219256,1980-11-08,Lyon,annuel,2025-08-15,non
CL103186,Girard,Rayan,rayan.girard3186@example.com,0655995476,1968-12-06,Nantes,aucun,2026-07-23,oui
CL103187,Nguyen,Ilyes,ilyes.nguyen3187@example.com,0697811205,1992-05-24,Lyon,mensuel,2026-04-08,
CL103188,Girard,Manon,manon.girard3188@example.com,0614299828,1972-11-04,Lille,etudiant,2025-06-02,
CL103189,Petit,Jade,jade.petit3189@example.com,0628153973,1986-05-02,Lille,aucun,2025-07-20,oui
CL103190,Benali,Manon,manon.benali3190@example.com,0632853793,1982-07-02,Grenoble,aucun,2025-07-03,oui
CL103191,Nguyen,Louise,louise.nguyen3191@example.com,0637430400,1962-10-07,Lille,annuel,2025-05-27,
CL103192,Garcia,Louise,louise.garcia3192@example.com,0686221068,1976-03-12,Lyon,annuel,2026-07-12,non
CL103193,Simon,Ines,ines.simon3193@example.com,0651286380,1991-04-10,Lyon,etudiant,2025-12-30,
CL103194,Moreau,Jade,jade.moreau3194@example.com,0651028364,1991-12-13,Lille,mensuel,2026-01-16,
CL103195,Benali,Amira,amira.benali3195@example.com,0644552151,1965-08-02,Grenoble,etudiant,2026-04-02,
CL103196,Simon,Chloe,chloe.simon3196@example.com,0620149051,1991-08-14,Lyon,mensuel,2026-07-23,
CL103197,Fournier,Yanis,yanis.fournier3197@example.com,0658303758,1979-09-05,Lyon,annuel,2026-07-23,non
CL103198,Nguyen,Gabriel,gabriel.nguyen3198@example.com,0641763040,1982-04-02,Lyon,aucun,2026-02-17,non
CL103199,Nguyen,Camille,camille.nguyen3199@example.com,0687556808,1980-07-16,Lyon,mensuel,2026-05-16,
CL103200,Dubois,Camille,camille.dubois3200@example.com,0698432122,1969-03-15,Lille,mensuel,2025-10-08,non
CL103201,Roux,Noah,noah.roux3201@example.com,0666229042,1965-07-14,Lille,etudiant,2025-10-08,oui
CL103202,Benali,Camille,camille.benali3202@example.com,0622296552,1969-12-30,Nantes,entreprise,2025-09-15,
CL103203,Garcia,Rayan,rayan.garcia3203@example.com,0685392910,1984-11-23,Lyon,annuel,2026-06-20,oui
CL103204,Roux,Camille,camille.roux3204@example.com,0615388730,1968-12-05,Lille,mensuel,2025-12-12,
CL103205,Laurent,Lea,lea.laurent3205@example.com,0617357947,1984-11-21,Lyon,mensuel,2025-04-02,oui
CL103206,Dubois,Sofia,sofia.dubois3206@example.com,0641031814,1994-03-17,Lille,mensuel,2026-04-01,non
CL103207,Bernard,Ines,ines.bernard3207@example.com,0696823836,1976-09-03,Lyon,entreprise,2025-08-18,non
CL103208,Martin,Adam,adam.martin3208@example.com,0651793210,1971-03-01,Lille,etudiant,2025-10-05,non
CL103209,Moreau,Jade,jade.moreau3209@example.com,0622310432,1969-01-16,Lyon,aucun,2025-11-22,oui
CL103210,Martin,Louise,louise.martin3210@example.com,0677916610,1962-12-24,Lyon,etudiant,2026-06-05,
CL103211,Laurent,Amira,amira.laurent3211@example.com,0636603305,1987-06-14,Lille,etudiant,2025-11-22,non
CL103212,Martin,Hugo,hugo.martin3212@example.com,0623776481,1988-02-08,Grenoble,entreprise,2025-08-07,non
CL103213,Garcia,Hugo,hugo.garcia3213@example.com,0680280644,1993-08-23,Lyon,aucun,2026-01-06,
CL103214,Simon,Manon,manon.simon3214@example.com,0644413788,1960-10-25,Nantes,mensuel,2025-03-26,non
CL103215,Petit,Jade,jade.petit3215@example.com,0674995734,1963-09-23,Lyon,aucun,2026-08-13,
CL103216,Fournier,Hugo,hugo.fournier3216@example.com,0664516366,1974-11-20,Nantes,mensuel,2026-07-30,non
CL103217,Girard,Amira,amira.girard3217@example.com,0677593913,1966-03-12,Lyon,mensuel,2025-04-22,oui
CL103218,Girard,Mehdi,mehdi.girard3218@example.com,0621271851,1980-07-10,Nantes,mensuel,2026-02-05,non
CL103219,Nguyen,Ilyes,ilyes.nguyen3219@example.com,0646566718,1966-07-31,Nantes,aucun,2026-03-28,
CL103220,Simon,Louise,louise.simon3220@example.com,0630234573,1991-06-29,Lyon,aucun,2026-10-08,non
CL103221,Michel,Noah,noah.michel3221@example.com,0621850521,1965-01-30,Lille,etudiant,2026-09-19,oui
CL103222,Moreau,Noah,noah.moreau3222@example.com,0630727759,1962-12-03,Nantes,aucun,2026-05-24,
CL103223,Petit,Manon,manon.petit3223@example.com,0624135583,1965-07-22,Nantes,aucun,2025-05-24,non
CL103224,Durand,Rayan,rayan.durand3224@example.com,0669924892,2002-07-24,Grenoble,aucun,2026-05-24,
CL103225,Roux,Ines,ines.roux3225@example.com,0677808072,1990-01-29,Nantes,aucun,2025-03-16,non
CL103226,Martin,Louise,louise.martin3226@example.com,0610103022,1971-11-11,Lyon,etudiant,2026-05-15,
CL103227,Dubois,Camille,camille.dubois3227@example.com,0620231241,2003-09-20,Lyon,aucun,2026-06-24,non
CL103228,Garcia,Noah,noah.garcia3228@example.com,0641658982,1979-10-07,Grenoble,aucun,2025-09-11,non
CL103229,Moreau,Jade,jade.moreau3229@example.com,0668921491,1963-07-11,Grenoble,annuel,2025-05-03,
CL103230,Garcia,Chloe,chloe.garcia3230@example.com,0679146716,1970-10-09,Lyon,etudiant,2026-08-18,non
CL103231,Laurent,Jade,jade.laurent3231@example.com,0646544539,1996-05-25,Lyon,annuel,2025-05-12,
CL103232,Robert,Rayan,rayan.robert3232@example.com,0650547839,1979-08-21,Nantes,mensuel,2026-10-08,non
CL103233,Moreau,Camille,camille.moreau3233@example.com,0654534932,1961-05-09,Lyon,annuel,2026-08-08,oui
CL103234,Bernard,Mehdi,mehdi.bernard3234@example.com,0683418102,1977-04-03,Nantes,mensuel,2025-11-13,
CL103235,Bernard,Karim,karim.bernard3235@example.com,0634959271,1976-11-09,Lille,aucun,2025-04-20,
CL103236,Simon,Yanis,yanis.simon3236@example.com,0617598633,1985-11-22,Lyon,aucun,2026-07-01,non
CL103237,Benali,Rayan,rayan.benali3237@example.com,0664096969,1990-02-16,Nantes,annuel,2026-01-28,non
CL103238,Benali,Noah,noah.benali3238@example.com,0638984529,1971-05-26,Lyon,mensuel,2026-05-07,non
CL103239,Robert,Gabriel,gabriel.robert3239@example.com,0645743416,1997-08-01,Nantes,aucun,2025-11-26,oui
CL103240,Michel,Gabriel,gabriel.michel3240@example.com,0663352435,1997-03-03,Lille,annuel,2026-04-26,
CL103241,Durand,Ilyes,ilyes.durand3241@example.com,0696576386,1990-03-06,Grenoble,aucun,2026-07-24,
CL103242,Simon,Sofia,sofia.simon3242@example.com,0645000941,1980-05-31,Lyon,aucun,2025-04-12,non
CL103243,Garcia,Ines,ines.garcia3243@example.com,0648838512,1986-04-22,Lille,aucun,2026-07-04,non
CL103244,Benali,Adam,adam.benali3244@example.com,0697392107,1987-04-19,Lyon,etudiant,2026-05-21,
CL103245,Dubois,Adam,adam.dubois3245@example.com,0616638996,1995-04-15,Grenoble,entreprise,2026-08-15,
CL103246,Fournier,Manon,manon.fournier3246@example.com,0631378784,1985-04-29,Lyon,entreprise,2025-06-06,oui
CL103247,Fournier,Manon,manon.fournier3247@example.com,0646540518,1967-04-26,Nantes,aucun,2025-05-14,oui
CL103248,Michel,Sofia,sofia.michel3248@example.com,0643249488,1961-06-24,Lyon,mensuel,2026-10-17,oui
CL103249,Benali,Sofia,sofia.benali3249@example.com,0616800860,1969-10-19,Nantes,aucun,2026-06-19,
CL103250,Moreau,Adam,adam.moreau3250@example.com,0660470051,1982-11-19,Lille,aucun,2026-06-12,oui
CL103251,Robert,Gabriel,gabriel.robert3251@example.com,0672982686,2003-07-03,Lyon,annuel,2026-07-21,non
CL103252,Garcia,Ilyes,ilyes.garcia3252@example.com,0633579629,1994-09-22,Grenoble,aucun,2026-03-10,oui
CL103253,Laurent,Amira,amira.laurent3253@example.com,0660447519,1999-04-15,Lille,annuel,2025-10-19,
CL103254,Durand,Noah,noah.durand3254@example.com,0630443809,1960-08-23,Lille,aucun,2026-06-22,
CL103255,Moreau,Lea,lea.moreau3255@example.com,0681319445,1976-09-24,Lyon,mensuel,2025-07-21,non
CL103256,Roux,Ilyes,ilyes.roux3256@example.com,0676995723,1968-09-22,Lyon,mensuel,2025-03-28,oui
CL103257,Robert,Noah,noah.robert3257@example.com,0662857681,1996-09-11,Grenoble,mensuel,2026-01-16,oui
CL103258,Robert,Yanis,yanis.robert3258@example.com,0617636500,1978-03-07,Grenoble,mensuel,2026-09-09,oui
CL103259,Fournier,Karim,karim.fournier3259@example.com,0680305114,1990-06-07,Nantes,etudiant,2025-05-13,
CL103260,Petit,Mehdi,mehdi.petit3260@example.com,0679616714,1998-07-29,Nantes,annuel,2026-05-12,non
CL103261,Dubois,Manon,manon.dubois3261@example.com,0610437240,1986-01-05,Lille,etudiant,2025-09-07,non
CL103262,Durand,Ines,ines.durand3262@example.com,0640933523,1969-03-15,Nantes,annuel,2025-04-02,
CL103263,Michel,Yanis,yanis.michel3263@example.com,0627355327,1980-01-16,Lille,etudiant,2025-11-08,
CL103264,Durand,Noah,noah.durand3264@example.com,0693491278,1989-01-16,Nantes,aucun,2025-05-13,
CL103265,Robert,Lea,lea.robert3265@example.com,0639743198,1974-10-22,Nantes,mensuel,2025-07-02,oui
CL103266,Girard,Lea,lea.girard3266@example.com,0616704295,1996-11-11,Nantes,annuel,2026-02-17,non
CL103267,Petit,Ines,ines.petit3267@example.com,0613174246,1998-05-08,Lyon,aucun,2026-09-10,
CL103268,Girard,Yanis,yanis.girard3268@example.com,0642782542,1984-08-16,Nantes,mensuel,2025-08-25,non
CL103269,Benali,Yanis,yanis.benali3269@example.com,0675957439,1991-05-22,Lyon,etudiant,2025-09-14,oui
CL103270,Nguyen,Yanis,yanis.nguyen3270@example.com,0658414034,2001-05-29,Nantes,aucun,2025-07-25,non
CL103271,Michel,Mehdi,mehdi.michel3271@example.com,0696160910,1989-05-13,Lille,annuel,2025-12-15,non
CL103272,Martin,Karim,karim.martin3272@example.com,0699198776,1960-02-02,Lille,entreprise,2025-03-01,non
CL103273,Benali,Rayan,rayan.benali3273@example.com,0690809386,1992-10-26,Lille,etudiant,2026-05-20,
CL103274,Benali,Jade,jade.benali3274@example.com,0682035936,1994-01-16,Lille,etudiant,2026-09-01,non
CL103275,Robert,Amira,amira.robert3275@example.com,0699194193,1976-10-15,Lille,aucun,2025-04-13,
CL103276,Michel,Manon,manon.michel3276@example.com,0666355019,2001-02-20,Lille,annuel,2025-11-28,non
CL103277,Roux,Chloe,chloe.roux3277@example.com,0626361003,1988-01-06,Lille,mensuel,2025-11-09,oui
CL103278,Robert,Mehdi,mehdi.robert3278@example.com,0640014947,1973-12-11,Lyon,etudiant,2025-04-13,
CL103279,Nguyen,Camille,camille.nguyen3279@example.com,0625739634,1975-12-08,Nantes,aucun,2025-08-25,non
CL103280,Martin,Sofia,sofia.martin3280@example.com,0612939345,1991-12-15,Lyon,annuel,2025-11-05,oui
CL103281,Garcia,Chloe,chloe.garcia3281@example.com,0675549220,1975-12-09,Lyon,mensuel,2026-06-27,
CL103282,Dubois,Manon,manon.dubois3282@example.com,0644980396,1963-09-02,Grenoble,etudiant,2025-03-22,non
CL103283,Moreau,Adam,adam.moreau3283@example.com,0680556937,1962-12-04,Lille,entreprise,2026-10-08,oui
CL103284,Garcia,Chloe,chloe.garcia3284@example.com,0644613863,1979-02-21,Grenoble,mensuel,2026-10-16,
CL103285,Durand,Sofia,sofia.durand3285@example.com,0689455190,1965-11-02,Nantes,mensuel,2025-04-26,
CL103286,Robert,Yanis,yanis.robert3286@example.com,0686305019,1985-12-18,Lyon,aucun,2026-05-16,non
CL103287,Bernard,Hugo,hugo.bernard3287@example.com,0660292406,1977-03-10,Lyon,aucun,2026-02-24,non
CL103288,Michel,Lea,lea.michel3288@example.com,0627007116,1989-11-23,Grenoble,mensuel,2025-05-03,
CL103289,Girard,Amira,amira.girard3289@example.com,0658072591,2003-05-07,Lille,aucun,2025-11-15,
CL103290,Laurent,Amira,amira.laurent3290@example.com,0612148743,1972-12-21,Grenoble,mensuel,2026-10-18,
CL103291,Petit,Hugo,hugo.petit3291@example.com,0664873628,1992-01-05,Lille,aucun,2025-09-20,oui
CL103292,Girard,Karim,karim.girard3292@example.com,0627800336,1997-08-30,Lille,aucun,2026-06-25,
CL103293,Durand,Adam,adam.durand3293@example.com,0678304885,1980-09-29,Nantes,mensuel,2025-11-02,non
CL103294,Dubois,Karim,karim.dubois3294@example.com,0623364091,2002-03-09,Nantes,mensuel,2025-05-24,
CL103295,Petit,Karim,karim.petit3295@example.com,0675239714,1992-07-09,Lyon,aucun,2026-07-03,non
CL103296,Dubois,Sofia,sofia.dubois3296@example.com,0671217508,1998-03-13,Nantes,annuel,2026-01-13,
CL103297,Fournier,Gabriel,gabriel.fournier3297@example.com,0643557445,1980-12-20,Nantes,aucun,2026-03-30,non
CL103298,Bernard,Rayan,rayan.bernard3298@example.com,0647170671,1990-02-28,Lyon,mensuel,2026-02-14,non
CL103299,Laurent,Chloe,chloe.laurent3299@example.com,0653514496,1974-07-06,Grenoble,mensuel,2025-05-10,oui
CL103300,Laurent,Yanis,yanis.laurent3300@example.com,0620144354,1988-11-08,Lyon,annuel,2025-10-19,
CL103301,Dubois,Yanis,yanis.dubois3301@example.com,0695199585,2000-12-06,Lyon,aucun,2025-03-29,non
CL103302,Nguyen,Mehdi,mehdi.nguyen3302@example.com,0632690827,1961-01-03,Lille,annuel,2026-06-09,non
CL103303,Garcia,Chloe,chloe.garcia3303@example.com,0613702328,1999-05-25,Lyon,aucun,2025-04-02,non
CL103304,Petit,Rayan,rayan.petit3304@example.com,0653115879,2001-10-30,Lyon,mensuel,2026-08-20,non
CL103305,Robert,Camille,camille.robert3305@example.com,0640950910,1989-10-23,Grenoble,etudiant,2026-02-10,oui
CL103306,Moreau,Adam,adam.moreau3306@example.com,0622932295,1971-01-11,Nantes,aucun,2026-09-24,non
CL103307,Fournier,Jade,jade.fournier3307@example.com,0674823409,1969-12-07,Lyon,annuel,2026-05-14,oui
CL103308,Petit,Yanis,yanis.petit3308@example.com,0681072474,1997-02-06,Lyon,etudiant,2026-10-03,oui
CL103309,Robert,Adam,adam.robert3309@example.com,0665881877,1999-10-19,Grenoble,etudiant,2026-08-29,non
CL103310,Roux,Rayan,rayan.roux3310@example.com,0625885158,2000-04-30,Lyon,etudiant,2026-04-22,non
CL103311,Petit,Hugo,hugo.petit3311@example.com,0633372589,1988-09-09,Nantes,mensuel,2025-10-25,oui
CL103312,Dubois,Karim,karim.dubois3312@example.com,0686742856,1965-09-30,Nantes,aucun,2025-08-17,non
CL103313,Garcia,Manon,manon.garcia3313@example.com,0644905605,1989-09-26,Nantes,aucun,2025-11-14,
CL103314,Garcia,Sofia,sofia.garcia3314@example.com,0648993952,1997-09-29,Lyon,annuel,2026-08-16,oui
CL103315,Michel,Yanis,yanis.michel3315@example.com,0658533637,1964-11-11,Lyon,etudiant,2025-05-15,
CL103316,Bernard,Manon,manon.bernard3316@example.com,0697892197,1981-01-13,Nantes,aucun,2025-06-11,
CL103317,Roux,Lea,lea.roux3317@example.com,0645234417,1963-02-18,Grenoble,aucun,2025-12-29,oui
CL103318,Michel,Lea,lea.michel3318@example.com,0657240742,1978-06-24,Lyon,aucun,2026-04-09,non
CL103319,Laurent,Manon,manon.laurent3319@example.com,0619458996,1999-03-19,Nantes,aucun,2026-06-16,non
CL103320,Durand,Camille,camille.durand3320@example.com,0638386128,1980-07-29,Lille,aucun,2025-08-30,
CL103321,Roux,Karim,karim.roux3321@example.com,0677644002,1962-05-09,Lyon,mensuel,2026-08-20,
CL103322,Garcia,Yanis,yanis.garcia3322@example.com,0692112838,1984-10-03,Nantes,aucun,2025-03-16,
CL103323,Fournier,Ilyes,ilyes.fournier3323@example.com,0661864364,1964-07-04,Lyon,entreprise,2025-06-10,oui
CL103324,Robert,Sofia,sofia.robert3324@example.com,0617698986,1974-06-21,Nantes,etudiant,2026-08-26,oui
CL103325,Nguyen,Jade,jade.nguyen3325@example.com,0670739485,1974-11-12,Lyon,etudiant,2025-10-28,non
CL103326,Michel,Jade,jade.michel3326@example.com,0670333461,1973-01-24,Nantes,mensuel,2026-05-24,
CL103327,Fournier,Manon,manon.fournier3327@example.com,0666601096,1994-03-30,Nantes,mensuel,2025-10-27,oui
CL103328,Simon,Ines,ines.simon3328@example.com,0673548577,1998-08-20,Lyon,aucun,2025-03-03,oui
CL103329,Simon,Manon,manon.simon3329@example.com,0612230391,1964-06-20,Lyon,etudiant,2026-03-13,non
CL103330,Petit,Ines,ines.petit3330@example.com,0692844705,1970-02-28,Lille,aucun,2026-06-25,oui
CL103331,Garcia,Camille,camille.garcia3331@example.com,0682187193,1980-08-31,Lyon,aucun,2025-05-29,
CL103332,Simon,Hugo,hugo.simon3332@example.com,0611837337,1992-11-23,Grenoble,annuel,2025-09-22,non
CL103333,Durand,Ilyes,ilyes.durand3333@example.com,0649216950,1988-07-14,Nantes,aucun,2026-06-17,
CL103334,Nguyen,Yanis,yanis.nguyen3334@example.com,0663505378,1983-08-02,Lille,etudiant,2026-08-09,oui
CL103335,Michel,Ines,ines.michel3335@example.com,0692636965,1985-11-15,Lille,annuel,2025-07-15,non
CL103336,Fournier,Sofia,sofia.fournier3336@example.com,0673015073,1993-12-14,Lyon,aucun,2025-05-28,oui
CL103337,Garcia,Yanis,yanis.garcia3337@example.com,0665969607,1975-09-11,Lille,aucun,2025-08-01,
CL103338,Petit,Chloe,chloe.petit3338@example.com,0612990629,1969-10-11,Lyon,aucun,2025-11-26,
CL103339,Dubois,Chloe,chloe.dubois3339@example.com,0662601765,1970-01-23,Lille,aucun,2025-07-12,
CL103340,Michel,Jade,jade.michel3340@example.com,0645625632,1975-10-21,Nantes,mensuel,2026-06-20,non
CL103341,Roux,Manon,manon.roux3341@example.com,0651963579,1995-07-20,Lyon,annuel,2026-05-15,oui
CL103342,Garcia,Amira,amira.garcia3342@example.com,0671158472,1970-08-06,Nantes,aucun,2026-08-21,non
CL103343,Nguyen,Camille,camille.nguyen3343@example.com,0629901931,1966-07-17,Lille,entreprise,2025-12-27,oui
CL103344,Garcia,Chloe,chloe.garcia3344@example.com,0639690520,1985-08-16,Lyon,annuel,2025-03-11,oui
CL103345,Martin,Ilyes,ilyes.martin3345@example.com,0660089773,1981-04-01,Lyon,etudiant,2026-08-02,non
CL103346,Benali,Gabriel,gabriel.benali3346@example.com,0651099397,1998-02-11,Nantes,etudiant,2026-01-22,oui
CL103347,Laurent,Yanis,yanis.laurent3347@example.com,0677296042,1976-06-14,Lyon,etudiant,2025-03-04,oui
CL103348,Nguyen,Sofia,sofia.nguyen3348@example.com,0695916216,1974-04-10,Lyon,aucun,2026-02-06,oui
CL103349,Nguyen,Noah,noah.nguyen3349@example.com,0655463985,1976-05-26,Nantes,annuel,2025-12-19,
CL103350,Petit,Amira,amira.petit3350@example.com,0689011984,1963-04-10,Grenoble,mensuel,2026-05-17,
CL103351,Laurent,Jade,jade.laurent3351@example.com,0691402433,2003-03-26,Lyon,annuel,2025-09-10,
CL103352,Benali,Chloe,chloe.benali3352@example.com,0675026398,2002-04-01,Nantes,etudiant,2025-03-16,oui
CL103353,Laurent,Mehdi,mehdi.laurent3353@example.com,0693675196,1988-04-26,Nantes,mensuel,2025-06-17,oui
CL103354,Robert,Chloe,chloe.robert3354@example.com,0624724763,1996-06-17,Lyon,entreprise,2025-10-12,
CL103355,Nguyen,Louise,louise.nguyen3355@example.com,0618905743,1962-06-25,Lille,aucun,2025-10-14,non
CL103356,Garcia,Ines,ines.garcia3356@example.com,0695936785,1991-01-21,Lyon,etudiant,2025-05-30,
CL103357,Nguyen,Noah,noah.nguyen3357@example.com,0633626112,1979-09-28,Lille,aucun,2026-03-10,
CL103358,Martin,Ines,ines.martin3358@example.com,0693531620,1985-01-14,Nantes,aucun,2025-03-31,oui
CL103359,Michel,Yanis,yanis.michel3359@example.com,0671953935,1966-12-10,Grenoble,aucun,2025-12-10,oui
CL103360,Fournier,Chloe,chloe.fournier3360@example.com,0697359027,1976-10-14,Lille,aucun,2025-04-25,oui
CL103361,Nguyen,Mehdi,mehdi.nguyen3361@example.com,0687255901,1973-06-20,Grenoble,mensuel,2025-08-15,oui
CL103362,Petit,Ines,ines.petit3362@example.com,0622245141,1978-05-10,Grenoble,aucun,2026-09-14,oui
CL103363,Garcia,Ines,ines.garcia3363@example.com,0669823699,1981-01-28,Lyon,mensuel,2026-09-11,non
CL103364,Michel,Louise,louise.michel3364@example.com,0621083813,1961-07-22,Grenoble,etudiant,2025-12-11,
CL103365,Roux,Amira,amira.roux3365@example.com,0687457184,1975-02-09,Lille,mensuel,2025-10-07,non
CL103366,Girard,Manon,manon.girard3366@example.com,0674913598,2002-09-23,Grenoble,aucun,2026-04-21,oui
CL103367,Robert,Amira,amira.robert3367@example.com,0692144888,1971-09-03,Lyon,aucun,2026-07-09,non
CL103368,Moreau,Louise,louise.moreau3368@example.com,0644075731,1985-06-27,Lyon,annuel,2026-07-22,non
CL103369,Petit,Amira,amira.petit3369@example.com,0671373323,1975-10-23,Lyon,etudiant,2025-07-01,non
CL103370,Girard,Gabriel,gabriel.girard3370@example.com,0653321087,1964-04-03,Grenoble,annuel,2026-01-14,oui
CL103371,Laurent,Sofia,sofia.laurent3371@example.com,0629933501,1965-06-12,Lyon,annuel,2025-07-27,non
CL103372,Fournier,Rayan,rayan.fournier3372@example.com,0676807971,1980-10-10,Grenoble,aucun,2026-04-21,non
CL103373,Durand,Chloe,chloe.durand3373@example.com,0672710363,2003-02-03,Nantes,aucun,2026-09-21,oui
CL103374,Robert,Lea,lea.robert3374@example.com,0656037581,2000-07-27,Lyon,annuel,2025-05-18,oui
CL103375,Girard,Louise,louise.girard3375@example.com,0698036802,1972-01-27,Lyon,aucun,2025-09-13,non
CL103376,Fournier,Jade,jade.fournier3376@example.com,0656261198,1999-01-04,Lyon,aucun,2025-04-23,
CL103377,Roux,Rayan,rayan.roux3377@example.com,0635424359,1977-09-17,Nantes,mensuel,2026-05-12,
CL103378,Martin,Yanis,yanis.martin3378@example.com,0657577876,1966-03-11,Nantes,mensuel,2026-10-10,non
CL103379,Robert,Ilyes,ilyes.robert3379@example.com,0663853768,1977-04-17,Lille,aucun,2026-07-20,oui
CL103380,Laurent,Yanis,yanis.laurent3380@example.com,0669215876,1963-08-08,Grenoble,etudiant,2025-11-29,oui
CL103381,Bernard,Hugo,hugo.bernard3381@example.com,0617406318,1981-06-08,Grenoble,aucun,2026-04-07,
CL103382,Benali,Amira,amira.benali3382@example.com,0622177956,1996-10-22,Lyon,annuel,2025-12-15,non
CL103383,Girard,Amira,amira.girard3383@example.com,0610132388,1986-09-01,Nantes,aucun,2025-06-25,non
CL103384,Moreau,Louise,louise.moreau3384@example.com,0640041680,1960-11-19,Lyon,aucun,2025-04-18,
CL103385,Laurent,Adam,adam.laurent3385@example.com,0613697586,1991-03-27,Grenoble,mensuel,2025-06-05,
CL103386,Garcia,Hugo,hugo.garcia3386@example.com,0655490295,1973-05-25,Nantes,aucun,2026-03-21,non
CL103387,Benali,Karim,karim.benali3387@example.com,0612880489,1985-06-25,Lyon,aucun,2025-04-29,
CL103388,Fournier,Sofia,sofia.fournier3388@example.com,0630799010,1970-04-10,Nantes,aucun,2026-01-20,non
CL103389,Robert,Yanis,yanis.robert3389@example.com,0696155080,2003-09-04,Grenoble,aucun,2025-10-11,oui
CL103390,Moreau,Chloe,chloe.moreau3390@example.com,0689929970,1970-02-28,Lille,annuel,2026-06-16,oui
CL103391,Simon,Noah,noah.simon3391@example.com,0669979326,2003-02-27,Lyon,aucun,2025-05-09,non
CL103392,Michel,Camille,camille.michel3392@example.com,0674268596,1989-02-09,Lille,mensuel,2025-11-20,non
CL103393,Girard,Ines,ines.girard3393@example.com,0665783549,1989-07-10,Lille,aucun,2025-04-23,non
CL103394,Nguyen,Amira,amira.nguyen3394@example.com,0611318835,1997-07-25,Grenoble,annuel,2026-05-31,non
CL103395,Martin,Adam,adam.martin3395@example.com,0694179140,1972-08-23,Grenoble,mensuel,2025-06-05,oui
CL103396,Laurent,Adam,adam.laurent3396@example.com,0665806339,1976-08-12,Nantes,aucun,2025-12-21,oui
CL103397,Martin,Noah,noah.martin3397@example.com,0640577552,1974-09-11,Grenoble,etudiant,2026-08-13,
CL103398,Garcia,Gabriel,gabriel.garcia3398@example.com,0696267095,2001-05-31,Lille,aucun,2025-07-16,
CL103399,Durand,Yanis,yanis.durand3399@example.com,0662330799,1971-03-10,Lyon,etudiant,2026-02-10,oui
CL103400,Fournier,Amira,amira.fournier3400@example.com,0699219042,1978-02-10,Lille,entreprise,2026-02-08,
CL103401,Martin,Amira,amira.martin3401@example.com,0626309635,1999-09-12,Grenoble,mensuel,2025-12-16,oui
CL103402,Fournier,Amira,amira.fournier3402@example.com,0690810283,1965-04-28,Nantes,aucun,2025-12-12,
CL103403,Dubois,Chloe,chloe.dubois3403@example.com,0639462776,1969-01-17,Nantes,mensuel,2026-06-14,non
CL103404,Dubois,Ines,ines.dubois3404@example.com,0661735240,1998-08-23,Lyon,aucun,2026-10-01,
CL103405,Durand,Jade,jade.durand3405@example.com,0665929487,1985-07-13,Lille,aucun,2025-03-19,
CL103406,Bernard,Gabriel,gabriel.bernard3406@example.com,0679202357,1970-06-15,Lyon,entreprise,2026-04-04,non
CL103407,Garcia,Chloe,chloe.garcia3407@example.com,0695041113,1980-05-13,Lyon,aucun,2026-09-01,oui
CL103408,Durand,Gabriel,gabriel.durand3408@example.com,0630253371,1997-03-04,Grenoble,annuel,2026-03-09,oui
CL103409,Benali,Karim,karim.benali3409@example.com,0679490174,2000-11-13,Nantes,etudiant,2025-10-11,oui
CL103410,Durand,Louise,louise.durand3410@example.com,0675842887,1981-05-12,Lyon,annuel,2025-05-20,
CL103411,Dubois,Sofia,sofia.dubois3411@example.com,0683452228,2002-02-25,Lille,etudiant,2025-03-25,
CL103412,Dubois,Adam,adam.dubois3412@example.com,0668580616,1961-03-10,Nantes,aucun,2025-04-28,oui
CL103413,Girard,Amira,amira.girard3413@example.com,0687424564,1960-04-02,Lille,mensuel,2026-05-03,
CL103414,Michel,Ines,ines.michel3414@example.com,0656982762,1960-06-25,Nantes,mensuel,2026-02-27,
CL103415,Simon,Hugo,hugo.simon3415@example.com,0655007636,1969-11-15,Lyon,aucun,2026-05-29,
CL103416,Nguyen,Amira,amira.nguyen3416@example.com,0641794370,1996-04-23,Lyon,mensuel,2025-08-15,
CL103417,Petit,Louise,louise.petit3417@example.com,0689330567,1987-07-14,Nantes,aucun,2026-07-08,non
CL103418,Robert,Ilyes,ilyes.robert3418@example.com,0632609145,1991-07-05,Lyon,aucun,2026-08-01,non
CL103419,Nguyen,Lea,lea.nguyen3419@example.com,0674778264,1960-06-22,Nantes,annuel,2025-06-02,oui
CL103420,Simon,Lea,lea.simon3420@example.com,0666813291,1996-06-24,Lille,aucun,2025-10-12,oui
CL103421,Fournier,Chloe,chloe.fournier3421@example.com,0619323210,1970-02-06,Lille,annuel,2026-07-26,non
CL103422,Petit,Mehdi,mehdi.petit3422@example.com,0640456100,1963-01-24,Lyon,annuel,2025-04-18,non
CL103423,Martin,Manon,manon.martin3423@example.com,0613028340,1984-05-11,Lyon,annuel,2025-07-02,oui
CL103424,Roux,Camille,camille.roux3424@example.com,0661495580,1971-01-01,Nantes,mensuel,2026-09-04,non
CL103425,Moreau,Louise,louise.moreau3425@example.com,0631955109,1960-11-03,Lyon,aucun,2026-06-23,
CL103426,Martin,Mehdi,mehdi.martin3426@example.com,0665900699,1986-04-09,Lille,etudiant,2026-01-29,oui
CL103427,Martin,Amira,amira.martin3427@example.com,0647111613,1984-02-19,Lille,aucun,2025-05-24,non
CL103428,Robert,Adam,adam.robert3428@example.com,0613359244,1967-08-17,Lille,etudiant,2026-08-26,non
CL103429,Laurent,Ines,ines.laurent3429@example.com,0613370449,1962-07-22,Lyon,mensuel,2025-03-17,non
CL103430,Moreau,Noah,noah.moreau3430@example.com,0663501228,1981-02-15,Nantes,mensuel,2026-08-31,non
CL103431,Petit,Mehdi,mehdi.petit3431@example.com,0638743405,1979-03-26,Nantes,mensuel,2025-08-13,non
CL103432,Michel,Yanis,yanis.michel3432@example.com,0668384432,1988-01-15,Lille,mensuel,2025-03-18,oui
CL103433,Nguyen,Yanis,yanis.nguyen3433@example.com,0661980508,2002-04-24,Lille,etudiant,2026-06-21,
CL103434,Martin,Lea,lea.martin3434@example.com,0640648192,1965-01-05,Lille,annuel,2025-05-27,oui
CL103435,Robert,Ines,ines.robert3435@example.com,0644716151,2002-05-21,Grenoble,mensuel,2025-06-03,oui
CL103436,Laurent,Ines,ines.laurent3436@example.com,0621290743,1963-01-09,Lyon,mensuel,2026-02-09,oui
CL103437,Robert,Ines,ines.robert3437@example.com,0645468616,1977-08-10,Nantes,mensuel,2025-07-18,non
CL103438,Garcia,Camille,camille.garcia3438@example.com,0660710477,1985-01-23,Lille,annuel,2026-05-15,
CL103439,Durand,Chloe,chloe.durand3439@example.com,0678848207,1981-10-25,Lille,annuel,2026-04-22,non
CL103440,Bernard,Ilyes,ilyes.bernard3440@example.com,0672020633,1965-11-28,Grenoble,annuel,2026-02-07,non
CL103441,Roux,Yanis,yanis.roux3441@example.com,0692646345,1966-02-08,Nantes,mensuel,2025-03-11,oui
CL103442,Moreau,Gabriel,gabriel.moreau3442@example.com,0647109670,1960-02-23,Nantes,mensuel,2026-10-09,oui
CL103443,Girard,Mehdi,mehdi.girard3443@example.com,0643710511,1967-10-19,Lille,annuel,2025-08-17,non
CL103444,Dubois,Rayan,rayan.dubois3444@example.com,0637742575,1968-10-20,Lille,mensuel,2025-12-22,oui
CL103445,Garcia,Hugo,hugo.garcia3445@example.com,0625440424,1973-09-25,Lyon,mensuel,2026-04-06,non
CL103446,Petit,Camille,camille.petit3446@example.com,0682860609,1995-07-11,Lyon,aucun,2025-05-15,oui
CL103447,Bernard,Gabriel,gabriel.bernard3447@example.com,0649252768,1986-07-17,Nantes,etudiant,2025-05-24,
CL103448,Fournier,Manon,manon.fournier3448@example.com,0658221721,1963-07-20,Lille,aucun,2026-04-22,
CL103449,Robert,Jade,jade.robert3449@example.com,0632854737,1972-05-23,Lille,aucun,2025-11-01,oui
CL103450,Michel,Karim,karim.michel3450@example.com,0646075175,1960-07-19,Lille,etudiant,2026-10-12,non
CL103451,Nguyen,Amira,amira.nguyen3451@example.com,0675564175,1982-02-19,Lyon,etudiant,2025-04-22,non
CL103452,Moreau,Sofia,sofia.moreau3452@example.com,0656307224,1996-01-13,Grenoble,entreprise,2026-09-11,oui
CL103453,Durand,Jade,jade.durand3453@example.com,0627881924,1981-07-30,Grenoble,entreprise,2025-07-07,non
CL103454,Petit,Ilyes,ilyes.petit3454@example.com,0655989073,1972-12-29,Lyon,aucun,2026-09-08,non
CL103455,Durand,Camille,camille.durand3455@example.com,0686359735,1968-12-20,Lille,aucun,2025-07-23,
CL103456,Bernard,Mehdi,mehdi.bernard3456@example.com,0648022253,1977-01-14,Grenoble,annuel,2025-12-23,non
CL103457,Dubois,Chloe,chloe.dubois3457@example.com,0612530598,1995-10-25,Lyon,etudiant,2026-04-11,
CL103458,Simon,Yanis,yanis.simon3458@example.com,0633938101,1967-05-02,Lille,aucun,2026-09-12,oui
CL103459,Durand,Hugo,hugo.durand3459@example.com,0621639082,1990-04-10,Lille,annuel,2026-01-19,
CL103460,Durand,Chloe,chloe.durand3460@example.com,0695220121,1994-07-15,Lyon,mensuel,2025-11-13,oui
CL103461,Simon,Yanis,yanis.simon3461@example.com,0692501557,1971-09-17,Lyon,aucun,2025-07-26,non
CL103462,Garcia,Karim,karim.garcia3462@example.com,0633075191,1971-02-10,Lille,annuel,2025-10-27,non
CL103463,Michel,Rayan,rayan.michel3463@example.com,0612367782,1992-10-25,Lille,annuel,2025-06-28,
CL103464,Bernard,Camille,camille.bernard3464@example.com,0696342381,1966-09-01,Lyon,mensuel,2025-09-24,non
CL103465,Nguyen,Noah,noah.nguyen3465@example.com,0624850966,1993-12-01,Nantes,aucun,2026-01-19,non
CL103466,Michel,Karim,karim.michel3466@example.com,0649206864,1982-08-06,Lille,aucun,2026-06-02,oui
CL103467,Girard,Amira,amira.girard3467@example.com,0633196358,1967-05-01,Nantes,aucun,2025-12-22,oui
CL103468,Moreau,Mehdi,mehdi.moreau3468@example.com,0667661421,1983-03-21,Grenoble,aucun,2026-05-06,
CL103469,Laurent,Gabriel,gabriel.laurent3469@example.com,0673632913,1977-09-12,Lyon,etudiant,2026-02-22,oui
CL103470,Bernard,Louise,louise.bernard3470@example.com,0614407421,1962-05-21,Lille,aucun,2025-11-17,oui
CL103471,Nguyen,Noah,noah.nguyen3471@example.com,0614900764,1962-04-19,Grenoble,annuel,2025-09-24,
CL103472,Moreau,Ilyes,ilyes.moreau3472@example.com,0631537222,1966-11-15,Lille,entreprise,2026-03-31,non
CL103473,Laurent,Yanis,yanis.laurent3473@example.com,0694469802,1992-08-24,Grenoble,aucun,2025-06-05,
CL103474,Moreau,Yanis,yanis.moreau3474@example.com,0645164323,1981-07-29,Lille,mensuel,2026-01-15,non
CL103475,Robert,Camille,camille.robert3475@example.com,0660834864,1965-03-14,Nantes,mensuel,2025-06-03,
CL103476,Michel,Hugo,hugo.michel3476@example.com,0624526092,1976-01-17,Lille,etudiant,2025-04-26,non
CL103477,Martin,Amira,amira.martin3477@example.com,0672987707,2003-07-31,Lille,entreprise,2026-08-08,oui
CL103478,Laurent,Ilyes,ilyes.laurent3478@example.com,0642573880,1969-02-22,Nantes,aucun,2026-05-12,
CL103479,Laurent,Jade,jade.laurent3479@example.com,0645876591,1997-02-09,Grenoble,aucun,2025-07-04,
CL103480,Nguyen,Camille,camille.nguyen3480@example.com,0667785672,1993-01-23,Lyon,aucun,2025-07-02,oui
CL103481,Fournier,Lea,lea.fournier3481@example.com,0646730526,1977-09-12,Lyon,aucun,2025-10-28,non
CL103482,Roux,Adam,adam.roux3482@example.com,0699529750,1992-03-27,Lille,etudiant,2025-12-18,non
CL103483,Fournier,Gabriel,gabriel.fournier3483@example.com,0683066599,1978-05-11,Lille,aucun,2025-08-04,
CL103484,Girard,Manon,manon.girard3484@example.com,0634597261,1981-12-10,Lyon,mensuel,2025-05-06,non
CL103485,Simon,Jade,jade.simon3485@example.com,0685943610,1990-01-20,Nantes,aucun,2026-03-27,
CL103486,Robert,Noah,noah.robert3486@example.com,0615310482,1980-05-20,Grenoble,aucun,2025-11-24,
CL103487,Dubois,Noah,noah.dubois3487@example.com,0696652294,1991-06-27,Nantes,entreprise,2026-05-13,non
CL103488,Laurent,Gabriel,gabriel.laurent3488@example.com,0642096506,1961-04-22,Lyon,aucun,2026-08-03,oui
CL103489,Durand,Ilyes,ilyes.durand3489@example.com,0683857305,1982-03-17,Grenoble,etudiant,2025-12-10,
CL103490,Petit,Louise,louise.petit3490@example.com,0692394985,2001-10-10,Grenoble,aucun,2025-12-03,non
CL103491,Fournier,Mehdi,mehdi.fournier3491@example.com,0613199200,1989-02-13,Nantes,mensuel,2025-09-16,non
CL103492,Petit,Gabriel,gabriel.petit3492@example.com,0658548812,1963-03-16,Lyon,annuel,2025-12-03,oui
CL103493,Michel,Mehdi,mehdi.michel3493@example.com,0695280164,1968-01-25,Lyon,aucun,2025-04-01,oui
CL103494,Benali,Yanis,yanis.benali3494@example.com,0627769408,1986-07-09,Nantes,aucun,2025-03-14,oui
CL103495,Petit,Noah,noah.petit3495@example.com,0686848198,1994-10-14,Lyon,aucun,2025-03-19,non
CL103496,Martin,Hugo,hugo.martin3496@example.com,0612125316,1982-02-05,Lille,mensuel,2025-07-14,oui
CL103497,Petit,Amira,amira.petit3497@example.com,0645607096,1963-07-08,Nantes,annuel,2025-04-02,non
CL103498,Garcia,Sofia,sofia.garcia3498@example.com,0662832588,1975-09-27,Nantes,mensuel,2026-10-02,non
CL103499,Nguyen,Camille,camille.nguyen3499@example.com,0690871861,1997-11-08,Lyon,aucun,2026-02-01,non
CL103500,Bernard,Manon,manon.bernard3500@example.com,0612321932,1969-10-03,Lyon,etudiant,2026-02-18,non
CL103501,Michel,Gabriel,gabriel.michel3501@example.com,0671677863,1974-08-19,Lille,aucun,2025-11-18,
CL103502,Dubois,Yanis,yanis.dubois3502@example.com,0613590161,1966-07-26,Lyon,aucun,2025-06-13,
CL103503,Moreau,Adam,adam.moreau3503@example.com,0611422320,1988-10-10,Lyon,mensuel,2025-05-16,
CL103504,Petit,Lea,lea.petit3504@example.com,0615024218,2000-09-11,Nantes,mensuel,2026-03-22,non
CL103505,Laurent,Ines,ines.laurent3505@example.com,0696501723,1982-10-19,Grenoble,mensuel,2026-02-15,oui
CL103506,Bernard,Sofia,sofia.bernard3506@example.com,0654036630,1986-07-28,Grenoble,aucun,2025-12-27,non
CL103507,Garcia,Ines,ines.garcia3507@example.com,0627107553,1985-02-12,Lyon,annuel,2026-06-26,non
CL103508,Robert,Hugo,hugo.robert3508@example.com,0615459291,1969-08-01,Lyon,entreprise,2025-07-20,
CL103509,Michel,Amira,amira.michel3509@example.com,0620290757,1977-01-25,Lyon,aucun,2025-03-19,
CL103510,Fournier,Louise,louise.fournier3510@example.com,0657228355,1972-04-18,Lyon,annuel,2026-06-17,
CL103511,Benali,Rayan,rayan.benali3511@example.com,0654264044,2000-03-25,Lyon,aucun,2025-09-04,non
CL103512,Nguyen,Chloe,chloe.nguyen3512@example.com,0681669530,1990-02-06,Nantes,mensuel,2026-07-19,non
CL103513,Michel,Karim,karim.michel3513@example.com,0664127193,1990-12-30,Nantes,mensuel,2025-09-14,
CL103514,Simon,Sofia,sofia.simon3514@example.com,0642966375,2003-03-16,Lille,etudiant,2025-10-31,
CL103515,Robert,Manon,manon.robert3515@example.com,0641762883,1984-02-18,Lille,etudiant,2026-08-05,
CL103516,Garcia,Hugo,hugo.garcia3516@example.com,0689877152,1992-10-06,Nantes,etudiant,2025-08-26,non
CL103517,Martin,Rayan,rayan.martin3517@example.com,0698787356,1977-01-11,Lyon,aucun,2026-07-28,non
CL103518,Michel,Camille,camille.michel3518@example.com,0641880160,1988-08-27,Nantes,annuel,2026-04-12,non
CL103519,Laurent,Hugo,hugo.laurent3519@example.com,0625473686,1971-03-19,Lille,etudiant,2025-03-19,non
CL103520,Petit,Gabriel,gabriel.petit3520@example.com,0696912418,1985-11-07,Lyon,aucun,2025-07-08,non
CL103521,Laurent,Louise,louise.laurent3521@example.com,0619490790,1998-05-01,Nantes,aucun,2025-12-06,non
CL103522,Bernard,Amira,amira.bernard3522@example.com,0656272445,1996-08-19,Nantes,etudiant,2025-12-27,
CL103523,Laurent,Ilyes,ilyes.laurent3523@example.com,0689105018,1974-03-23,Lyon,aucun,2026-05-01,
CL103524,Fournier,Adam,adam.fournier3524@example.com,0630146973,1998-11-17,Lyon,aucun,2025-06-09,non
CL103525,Fournier,Ines,ines.fournier3525@example.com,0688701136,1996-07-11,Nantes,aucun,2025-10-20,oui
CL103526,Benali,Mehdi,mehdi.benali3526@example.com,0677773396,1986-08-11,Grenoble,mensuel,2025-12-06,
CL103527,Bernard,Hugo,hugo.bernard3527@example.com,0659741511,1969-09-01,Lyon,mensuel,2025-05-15,oui
CL103528,Laurent,Amira,amira.laurent3528@example.com,0645979724,1967-02-19,Lyon,aucun,2025-06-21,
CL103529,Garcia,Mehdi,mehdi.garcia3529@example.com,0667759502,2001-02-17,Lyon,entreprise,2025-06-19,non
CL103530,Fournier,Jade,jade.fournier3530@example.com,0630545334,1960-03-31,Grenoble,etudiant,2025-07-27,non
CL103531,Roux,Adam,adam.roux3531@example.com,0658987451,1973-03-24,Grenoble,aucun,2025-03-28,oui
CL103532,Benali,Jade,jade.benali3532@example.com,0681794808,1983-09-24,Nantes,mensuel,2025-03-08,
CL103533,Michel,Adam,adam.michel3533@example.com,0662866492,2001-10-15,Lyon,aucun,2026-06-22,oui
CL103534,Simon,Chloe,chloe.simon3534@example.com,0698255842,1976-04-05,Nantes,annuel,2025-03-26,
CL103535,Dubois,Adam,adam.dubois3535@example.com,0687355366,1989-03-30,Nantes,aucun,2026-01-23,oui
CL103536,Robert,Adam,adam.robert3536@example.com,0671496200,1971-10-13,Lille,annuel,2026-03-25,non
CL103537,Girard,Jade,jade.girard3537@example.com,0649766373,1976-10-04,Lille,annuel,2025-08-02,
CL103538,Roux,Adam,adam.roux3538@example.com,0613339930,1966-09-24,Grenoble,etudiant,2026-01-20,oui
CL103539,Durand,Ines,ines.durand3539@example.com,0612928614,1993-12-09,Lyon,aucun,2025-07-04,
CL103540,Martin,Louise,louise.martin3540@example.com,0697976894,1975-10-04,Lille,annuel,2025-09-13,oui
CL103541,Benali,Chloe,chloe.benali3541@example.com,0652810053,1995-04-25,Lille,entreprise,2026-08-24,
CL103542,Garcia,Karim,karim.garcia3542@example.com,0615973778,1971-01-29,Lyon,mensuel,2026-02-06,
CL103543,Girard,Noah,noah.girard3543@example.com,0678435706,1998-10-15,Lille,etudiant,2025-12-25,non
CL103544,Nguyen,Louise,louise.nguyen3544@example.com,0627729165,1983-10-27,Lille,aucun,2025-05-05,oui
CL103545,Simon,Jade,jade.simon3545@example.com,0650918505,1990-06-14,Nantes,aucun,2026-06-23,non
CL103546,Garcia,Manon,manon.garcia3546@example.com,0635506277,1977-03-11,Lyon,aucun,2026-01-29,
CL103547,Durand,Lea,lea.durand3547@example.com,0619087124,1988-06-01,Lyon,aucun,2026-02-17,
CL103548,Benali,Ilyes,ilyes.benali3548@example.com,0693427526,1999-09-10,Grenoble,etudiant,2025-07-11,
CL103549,Michel,Amira,amira.michel3549@example.com,0681152830,1973-03-11,Lyon,annuel,2026-02-21,
CL103550,Garcia,Chloe,chloe.garcia3550@example.com,0620832013,1963-08-18,Lyon,entreprise,2025-04-27,
CL103551,Dubois,Jade,jade.dubois3551@example.com,0699158179,1963-03-18,Grenoble,entreprise,2025-10-24,non
CL103552,Girard,Rayan,rayan.girard3552@example.com,0640050545,1969-07-25,Lyon,aucun,2025-05-20,non
CL103553,Michel,Jade,jade.michel3553@example.com,0640567940,1967-07-08,Lyon,annuel,2026-09-05,
CL103554,Martin,Rayan,rayan.martin3554@example.com,0679618520,1984-09-29,Lyon,mensuel,2025-11-05,non
CL103555,Petit,Louise,louise.petit3555@example.com,0696060810,1976-03-10,Nantes,mensuel,2025-10-22,oui
CL103556,Bernard,Noah,noah.bernard3556@example.com,0635803829,1961-10-16,Lyon,etudiant,2025-05-22,
CL103557,Nguyen,Camille,camille.nguyen3557@example.com,0637527358,1979-05-16,Lyon,mensuel,2025-10-27,
CL103558,Robert,Hugo,hugo.robert3558@example.com,0664757747,1974-12-26,Lyon,aucun,2025-11-02,
CL103559,Dubois,Hugo,hugo.dubois3559@example.com,0689307285,1977-09-25,Lille,aucun,2025-07-27,non
CL103560,Roux,Jade,jade.roux3560@example.com,0625766662,1978-03-18,Nantes,aucun,2026-08-11,non
CL103561,Petit,Amira,amira.petit3561@example.com,0675643585,1987-12-08,Lyon,aucun,2025-03-01,oui
CL103562,Dubois,Lea,lea.dubois3562@example.com,0617022401,1982-12-21,Lille,mensuel,2025-09-24,oui
CL103563,Girard,Karim,karim.girard3563@example.com,0647981805,1997-01-27,Lille,annuel,2025-05-05,non
CL103564,Bernard,Chloe,chloe.bernard3564@example.com,0627627537,1986-04-16,Lille,mensuel,2026-10-19,
CL103565,Garcia,Karim,karim.garcia3565@example.com,0695492455,1963-02-04,Grenoble,etudiant,2025-04-22,non
CL103566,Dubois,Manon,manon.dubois3566@example.com,0635888438,1963-04-07,Lyon,etudiant,2025-03-02,oui
CL103567,Simon,Amira,amira.simon3567@example.com,0653936591,2000-01-17,Lyon,mensuel,2026-09-14,oui
CL103568,Michel,Ines,ines.michel3568@example.com,0618551476,1987-11-21,Nantes,aucun,2025-04-02,non
CL103569,Petit,Mehdi,mehdi.petit3569@example.com,0699070489,1960-11-27,Lille,aucun,2026-05-28,oui
CL103570,Nguyen,Sofia,sofia.nguyen3570@example.com,0697854635,1964-09-03,Lyon,aucun,2025-10-27,
CL103571,Simon,Adam,adam.simon3571@example.com,0657225966,2003-09-10,Nantes,mensuel,2026-03-06,non
CL103572,Moreau,Amira,amira.moreau3572@example.com,0691485234,1993-11-11,Lille,aucun,2025-03-23,
CL103573,Laurent,Noah,noah.laurent3573@example.com,0627524558,1980-10-27,Grenoble,mensuel,2026-03-16,non
CL103574,Bernard,Rayan,rayan.bernard3574@example.com,0693989595,1995-07-19,Grenoble,annuel,2025-03-09,
CL103575,Fournier,Ilyes,ilyes.fournier3575@example.com,0644725976,2001-11-15,Lyon,mensuel,2025-11-02,oui
CL103576,Robert,Jade,jade.robert3576@example.com,0618244869,1983-10-21,Lyon,etudiant,2025-04-22,
CL103577,Laurent,Hugo,hugo.laurent3577@example.com,0686886327,1986-02-03,Grenoble,mensuel,2026-08-02,
CL103578,Roux,Mehdi,mehdi.roux3578@example.com,0693149230,2002-03-30,Lyon,aucun,2026-10-08,oui
CL103579,Fournier,Amira,amira.fournier3579@example.com,0628801224,1985-07-27,Lyon,mensuel,2025-04-07,
CL103580,Benali,Gabriel,gabriel.benali3580@example.com,0627919933,1966-08-12,Lille,aucun,2026-05-07,oui
CL103581,Moreau,Mehdi,mehdi.moreau3581@example.com,0685284403,1979-07-16,Lyon,mensuel,2026-01-01,oui
CL103582,Moreau,Adam,adam.moreau3582@example.com,0688379727,1985-10-19,Lyon,annuel,2026-09-21,non
CL103583,Simon,Adam,adam.simon3583@example.com,0616582266,1963-07-19,Lyon,aucun,2026-09-25,non
CL103584,Michel,Yanis,yanis.michel3584@example.com,0653719589,1963-09-26,Nantes,aucun,2025-09-19,oui
CL103585,Laurent,Rayan,rayan.laurent3585@example.com,0689879828,1978-03-08,Lyon,mensuel,2026-09-30,oui
CL103586,Robert,Louise,louise.robert3586@example.com,0649248960,1965-03-12,Grenoble,etudiant,2026-07-25,
CL103587,Michel,Jade,jade.michel3587@example.com,0628366971,1992-10-13,Lyon,aucun,2026-01-09,oui
CL103588,Michel,Ines,ines.michel3588@example.com,0637801712,1988-03-01,Lyon,aucun,2026-08-04,
CL103589,Michel,Adam,adam.michel3589@example.com,0640907522,1974-11-28,Nantes,mensuel,2025-03-29,oui
CL103590,Garcia,Mehdi,mehdi.garcia3590@example.com,0683077301,1994-08-22,Nantes,aucun,2025-04-29,non
CL103591,Girard,Yanis,yanis.girard3591@example.com,0614609111,1990-06-12,Lyon,aucun,2026-10-07,non
CL103592,Dubois,Yanis,yanis.dubois3592@example.com,0624383077,1967-12-04,Lyon,aucun,2025-05-01,non
CL103593,Bernard,Manon,manon.bernard3593@example.com,0674879236,1963-11-23,Lyon,annuel,2025-04-29,non
CL103594,Simon,Rayan,rayan.simon3594@example.com,0634806730,1996-06-08,Lyon,mensuel,2026-03-29,oui
CL103595,Michel,Ilyes,ilyes.michel3595@example.com,0635949647,2000-04-21,Lyon,annuel,2026-07-29,oui
CL103596,Garcia,Jade,jade.garcia3596@example.com,0666361688,1989-08-26,Nantes,aucun,2026-09-15,non
CL103597,Robert,Camille,camille.robert3597@example.com,0688432988,1995-12-22,Lille,aucun,2026-04-23,
CL103598,Petit,Louise,louise.petit3598@example.com,0661330420,1983-04-25,Nantes,annuel,2026-08-06,oui
CL103599,Benali,Ilyes,ilyes.benali3599@example.com,0658617210,1981-04-25,Lille,mensuel,2025-09-23,non
CL103600,Martin,Yanis,yanis.martin3600@example.com,0621335454,1991-03-30,Grenoble,mensuel,2026-04-04,oui
CL103601,Laurent,Noah,noah.laurent3601@example.com,0694398205,1997-02-02,Nantes,mensuel,2026-08-20,non
CL103602,Girard,Louise,louise.girard3602@example.com,0650634993,1983-05-12,Lyon,annuel,2025-06-30,
CL103603,Simon,Rayan,rayan.simon3603@example.com,0678553688,1987-07-01,Lyon,mensuel,2026-01-28,
CL103604,Durand,Gabriel,gabriel.durand3604@example.com,0637456734,1976-08-10,Lille,aucun,2025-12-24,non
CL103605,Michel,Gabriel,gabriel.michel3605@example.com,0665082534,1982-09-05,Lille,mensuel,2026-08-30,
CL103606,Benali,Gabriel,gabriel.benali3606@example.com,0674371856,2000-05-11,Grenoble,annuel,2026-05-01,oui
CL103607,Bernard,Rayan,rayan.bernard3607@example.com,0687309753,1967-09-10,Lyon,aucun,2026-01-27,oui
CL103608,Dubois,Amira,amira.dubois3608@example.com,0688647006,1977-08-28,Lyon,mensuel,2026-10-14,non
CL103609,Simon,Camille,camille.simon3609@example.com,0678066422,2003-03-25,Lyon,aucun,2025-07-10,oui
CL103610,Fournier,Lea,lea.fournier3610@example.com,0636152956,1977-07-14,Nantes,aucun,2025-11-06,non
CL103611,Simon,Camille,camille.simon3611@example.com,0659556949,1997-03-02,Lyon,annuel,2025-03-07,non
CL103612,Michel,Yanis,yanis.michel3612@example.com,0658057563,1985-08-27,Lille,annuel,2025-12-07,oui
CL103613,Girard,Sofia,sofia.girard3613@example.com,0645856495,1979-06-14,Lille,aucun,2025-09-19,
CL103614,Michel,Sofia,sofia.michel3614@example.com,0621652745,1965-02-21,Lille,aucun,2026-04-03,
CL103615,Michel,Yanis,yanis.michel3615@example.com,0636780565,1994-06-30,Lille,mensuel,2025-05-23,non
CL103616,Roux,Lea,lea.roux3616@example.com,0629806523,1993-10-09,Nantes,aucun,2026-06-19,non
CL103617,Martin,Adam,adam.martin3617@example.com,0663992193,1963-09-18,Lyon,aucun,2025-05-28,
CL103618,Simon,Noah,noah.simon3618@example.com,0622221537,1976-11-08,Grenoble,annuel,2026-08-09,oui
CL103619,Moreau,Karim,karim.moreau3619@example.com,0685685717,1970-04-24,Grenoble,etudiant,2026-09-17,oui
CL103620,Nguyen,Sofia,sofia.nguyen3620@example.com,0611454055,1969-03-08,Lille,annuel,2025-10-31,oui
CL103621,Girard,Manon,manon.girard3621@example.com,0633699702,1978-05-07,Lille,mensuel,2026-04-14,
CL103622,Fournier,Karim,karim.fournier3622@example.com,0617402705,1986-07-10,Nantes,mensuel,2026-05-27,oui
CL103623,Garcia,Rayan,rayan.garcia3623@example.com,0691303057,1967-02-15,Lyon,etudiant,2026-03-26,oui
CL103624,Bernard,Hugo,hugo.bernard3624@example.com,0699883189,1978-09-26,Nantes,etudiant,2025-10-25,oui
CL103625,Laurent,Ilyes,ilyes.laurent3625@example.com,0630423500,2000-08-22,Lille,aucun,2026-05-21,oui
CL103626,Moreau,Ilyes,ilyes.moreau3626@example.com,0649569795,1983-04-30,Lyon,mensuel,2026-08-25,
CL103627,Moreau,Sofia,sofia.moreau3627@example.com,0649855073,1997-04-28,Grenoble,entreprise,2025-07-12,
CL103628,Girard,Ines,ines.girard3628@example.com,0658698147,1999-11-27,Nantes,aucun,2026-01-23,non
CL103629,Petit,Manon,manon.petit3629@example.com,0692161309,1982-11-28,Nantes,aucun,2025-10-20,oui
CL103630,Petit,Noah,noah.petit3630@example.com,0619162731,1980-02-09,Nantes,aucun,2026-02-01,non
CL103631,Dubois,Sofia,sofia.dubois3631@example.com,0638718166,1996-07-02,Lille,etudiant,2025-06-05,
CL103632,Fournier,Noah,noah.fournier3632@example.com,0628584548,1986-07-17,Grenoble,aucun,2026-03-07,
CL103633,Laurent,Amira,amira.laurent3633@example.com,0624349816,1997-01-17,Grenoble,aucun,2025-09-10,oui
CL103634,Martin,Ines,ines.martin3634@example.com,0663948981,1976-12-23,Lille,aucun,2026-01-07,oui
CL103635,Benali,Adam,adam.benali3635@example.com,0627500098,1994-11-06,Lyon,mensuel,2025-07-02,non
CL103636,Michel,Rayan,rayan.michel3636@example.com,0661298785,1974-04-08,Grenoble,aucun,2025-04-14,
CL103637,Petit,Jade,jade.petit3637@example.com,0618487101,1994-03-04,Lyon,etudiant,2025-12-23,oui
CL103638,Nguyen,Manon,manon.nguyen3638@example.com,0640349768,1997-01-13,Lyon,mensuel,2026-07-11,non
CL103639,Simon,Rayan,rayan.simon3639@example.com,0661090025,1999-01-06,Lyon,aucun,2025-09-05,
CL103640,Bernard,Yanis,yanis.bernard3640@example.com,0687232755,1965-10-16,Grenoble,annuel,2026-08-08,oui
CL103641,Roux,Gabriel,gabriel.roux3641@example.com,0692421893,1986-02-20,Grenoble,mensuel,2025-06-29,non
CL103642,Durand,Rayan,rayan.durand3642@example.com,0655585797,1985-08-05,Lille,aucun,2025-09-07,non
CL103643,Michel,Rayan,rayan.michel3643@example.com,0692046528,1977-08-09,Lille,aucun,2026-03-10,non
CL103644,Dubois,Noah,noah.dubois3644@example.com,0692122051,1972-10-06,Lyon,mensuel,2025-07-08,oui
CL103645,Durand,Amira,amira.durand3645@example.com,0622410968,1987-08-05,Lyon,aucun,2026-01-29,oui
CL103646,Benali,Ines,ines.benali3646@example.com,0626621138,2003-07-16,Lyon,aucun,2025-09-02,oui
CL103647,Moreau,Adam,adam.moreau3647@example.com,0629953867,1987-02-27,Nantes,aucun,2026-05-02,
CL103648,Bernard,Jade,jade.bernard3648@example.com,0697804171,1992-08-29,Lille,aucun,2026-05-08,non
CL103649,Bernard,Hugo,hugo.bernard3649@example.com,0666588229,1969-02-02,Lille,aucun,2025-03-21,non
CL103650,Bernard,Yanis,yanis.bernard3650@example.com,0692318168,1982-08-11,Nantes,mensuel,2026-07-18,non
CL103651,Martin,Chloe,chloe.martin3651@example.com,0624223920,1978-04-06,Nantes,aucun,2026-02-26,non
CL103652,Bernard,Mehdi,mehdi.bernard3652@example.com,0664086361,1990-03-28,Lyon,annuel,2025-08-20,oui
CL103653,Simon,Gabriel,gabriel.simon3653@example.com,0652227485,1988-11-25,Nantes,aucun,2025-04-20,non
CL103654,Benali,Noah,noah.benali3654@example.com,0612820400,1973-01-17,Grenoble,mensuel,2026-02-25,non
CL103655,Simon,Gabriel,gabriel.simon3655@example.com,0648002383,2001-04-22,Nantes,etudiant,2026-04-07,non
CL103656,Roux,Sofia,sofia.roux3656@example.com,0680920732,1970-04-07,Grenoble,aucun,2026-01-07,
CL103657,Fournier,Hugo,hugo.fournier3657@example.com,0622471355,1979-03-13,Lyon,annuel,2026-03-01,non
CL103658,Bernard,Rayan,rayan.bernard3658@example.com,0622796056,1990-02-23,Lyon,mensuel,2025-05-12,
CL103659,Laurent,Ilyes,ilyes.laurent3659@example.com,0655613329,2001-12-26,Lille,entreprise,2026-07-04,
CL103660,Martin,Manon,manon.martin3660@example.com,0698621083,1977-03-15,Lyon,entreprise,2026-07-15,oui
CL103661,Simon,Yanis,yanis.simon3661@example.com,0649164002,1977-08-10,Grenoble,aucun,2026-04-14,non
CL103662,Moreau,Amira,amira.moreau3662@example.com,0660106946,1973-09-21,Nantes,mensuel,2026-06-21,
CL103663,Moreau,Ilyes,ilyes.moreau3663@example.com,0658110519,2002-02-13,Lille,mensuel,2026-06-25,non
CL103664,Fournier,Yanis,yanis.fournier3664@example.com,0668857428,2003-01-04,Grenoble,aucun,2025-12-13,
CL103665,Dubois,Chloe,chloe.dubois3665@example.com,0694394169,1983-02-20,Nantes,entreprise,2026-01-15,non
CL103666,Durand,Amira,amira.durand3666@example.com,0671784304,1995-02-20,Nantes,mensuel,2025-09-01,non
CL103667,Roux,Yanis,yanis.roux3667@example.com,0697635362,1976-06-15,Lyon,annuel,2025-06-06,non
CL103668,Girard,Noah,noah.girard3668@example.com,0673685753,1965-01-19,Nantes,etudiant,2025-08-18,oui
CL103669,Fournier,Gabriel,gabriel.fournier3669@example.com,0684646454,1971-04-22,Nantes,mensuel,2026-03-29,
CL103670,Petit,Manon,manon.petit3670@example.com,0658760070,1981-09-15,Lille,entreprise,2025-07-10,non
CL103671,Garcia,Hugo,hugo.garcia3671@example.com,0633358413,1984-10-02,Lille,aucun,2025-06-18,non
CL103672,Laurent,Karim,karim.laurent3672@example.com,0665960341,1969-03-22,Grenoble,aucun,2026-07-07,oui
CL103673,Michel,Ilyes,ilyes.michel3673@example.com,0626615124,1984-09-08,Lyon,aucun,2026-07-01,oui
CL103674,Moreau,Adam,adam.moreau3674@example.com,0660755981,1977-05-22,Lille,annuel,2025-03-21,non
CL103675,Dubois,Sofia,sofia.dubois3675@example.com,0640436473,1974-07-18,Nantes,etudiant,2025-12-28,
CL103676,Laurent,Gabriel,gabriel.laurent3676@example.com,0665481106,2000-02-25,Nantes,aucun,2026-10-03,oui
CL103677,Moreau,Adam,adam.moreau3677@example.com,0691772390,1961-04-04,Nantes,aucun,2026-10-21,non
CL103678,Michel,Mehdi,mehdi.michel3678@example.com,0610384059,1984-01-02,Nantes,annuel,2025-03-22,
CL103679,Girard,Amira,amira.girard3679@example.com,0652522608,1985-09-18,Lyon,aucun,2025-06-18,
CL103680,Garcia,Hugo,hugo.garcia3680@example.com,0666803215,1972-06-19,Lyon,mensuel,2025-03-06,non
CL103681,Benali,Ilyes,ilyes.benali3681@example.com,0678910098,1987-06-07,Nantes,aucun,2025-08-21,
CL103682,Simon,Jade,jade.simon3682@example.com,0696972926,1967-06-14,Lille,annuel,2025-03-27,
CL103683,Laurent,Gabriel,gabriel.laurent3683@example.com,0656918336,1985-09-03,Lyon,etudiant,2025-06-19,oui
CL103684,Moreau,Hugo,hugo.moreau3684@example.com,0662800902,2002-06-15,Lyon,etudiant,2026-05-12,non
CL103685,Benali,Karim,karim.benali3685@example.com,0676342763,1994-09-20,Grenoble,aucun,2025-11-11,
CL103686,Benali,Adam,adam.benali3686@example.com,0611057410,1998-06-18,Lyon,annuel,2026-07-04,oui
CL103687,Laurent,Jade,jade.laurent3687@example.com,0613827815,1961-11-02,Nantes,aucun,2026-08-26,
CL103688,Garcia,Ines,ines.garcia3688@example.com,0673475193,1979-08-23,Nantes,aucun,2026-09-02,oui
CL103689,Nguyen,Noah,noah.nguyen3689@example.com,0613415032,1971-03-13,Lyon,aucun,2025-08-14,
CL103690,Petit,Ilyes,ilyes.petit3690@example.com,0681589667,1983-11-12,Lille,etudiant,2025-07-08,oui
CL103691,Robert,Ilyes,ilyes.robert3691@example.com,0652452263,1981-05-18,Lille,aucun,2025-03-20,
CL103692,Michel,Camille,camille.michel3692@example.com,0685294472,2003-09-27,Lyon,aucun,2026-07-06,
CL103693,Roux,Camille,camille.roux3693@example.com,0679767918,2002-10-28,Lyon,aucun,2026-05-29,non
CL103694,Simon,Louise,louise.simon3694@example.com,0621134441,1980-06-24,Lille,aucun,2025-07-22,
CL103695,Laurent,Rayan,rayan.laurent3695@example.com,0687151018,1982-11-23,Lyon,annuel,2025-04-28,non
CL103696,Petit,Ilyes,ilyes.petit3696@example.com,0625092756,1985-05-07,Lyon,annuel,2026-05-19,non
CL103697,Robert,Rayan,rayan.robert3697@example.com,0628267878,1971-12-10,Lille,aucun,2026-07-14,oui
CL103698,Simon,Manon,manon.simon3698@example.com,0680440580,1976-08-21,Lyon,annuel,2026-05-10,
CL103699,Garcia,Hugo,hugo.garcia3699@example.com,0680879895,1976-06-14,Lyon,mensuel,2025-07-10,
CL103700,Robert,Chloe,chloe.robert3700@example.com,0629108412,1969-04-05,Grenoble,aucun,2026-10-02,
CL103701,Nguyen,Amira,amira.nguyen3701@example.com,0641458337,1966-06-18,Lyon,annuel,2026-09-11,non
CL103702,Robert,Ines,ines.robert3702@example.com,0666447933,1968-09-16,Lyon,etudiant,2026-06-27,oui
CL103703,Laurent,Ines,ines.laurent3703@example.com,0640437013,1970-03-18,Nantes,mensuel,2026-05-28,non
CL103704,Moreau,Ilyes,ilyes.moreau3704@example.com,0612199545,1989-01-13,Lyon,annuel,2025-05-13,
CL103705,Martin,Karim,karim.martin3705@example.com,0650891504,1976-06-07,Nantes,annuel,2026-08-14,oui
CL103706,Laurent,Ines,ines.laurent3706@example.com,0650166982,1993-02-02,Nantes,annuel,2026-10-07,non
CL103707,Simon,Ilyes,ilyes.simon3707@example.com,0685329610,2003-08-08,Lyon,annuel,2025-10-18,oui
CL103708,Laurent,Noah,noah.laurent3708@example.com,0662247701,1985-07-19,Nantes,annuel,2025-10-04,oui
CL103709,Robert,Camille,camille.robert3709@example.com,0638895125,1980-06-20,Nantes,etudiant,2025-11-18,non
CL103710,Garcia,Yanis,yanis.garcia3710@example.com,0627490831,1987-09-05,Lyon,entreprise,2025-06-24,non
CL103711,Michel,Lea,lea.michel3711@example.com,0668118648,1977-05-13,Grenoble,aucun,2026-04-18,oui
CL103712,Fournier,Gabriel,gabriel.fournier3712@example.com,0651223006,1967-12-05,Lille,annuel,2025-04-04,oui
CL103713,Moreau,Chloe,chloe.moreau3713@example.com,0645794101,1994-01-23,Nantes,mensuel,2025-06-30,
CL103714,Nguyen,Yanis,yanis.nguyen3714@example.com,0637588167,1993-09-11,Grenoble,etudiant,2025-10-08,
CL103715,Bernard,Karim,karim.bernard3715@example.com,0619414290,2000-12-30,Nantes,etudiant,2025-09-25,oui
CL103716,Nguyen,Noah,noah.nguyen3716@example.com,0635446955,1987-08-13,Lille,entreprise,2026-08-22,non
CL103717,Bernard,Karim,karim.bernard3717@example.com,0665618577,1986-12-13,Lille,aucun,2026-04-16,oui
CL103718,Simon,Amira,amira.simon3718@example.com,0669573512,1968-10-02,Lille,etudiant,2025-05-03,oui
CL103719,Durand,Camille,camille.durand3719@example.com,0620438932,1997-07-28,Nantes,mensuel,2026-10-13,
CL103720,Laurent,Gabriel,gabriel.laurent3720@example.com,0667469374,1978-01-29,Nantes,mensuel,2025-04-11,non
CL103721,Nguyen,Adam,adam.nguyen3721@example.com,0690161565,1986-06-04,Nantes,mensuel,2025-03-20,
CL103722,Benali,Sofia,sofia.benali3722@example.com,0646301161,1970-04-12,Lyon,mensuel,2026-05-17,oui
CL103723,Petit,Hugo,hugo.petit3723@example.com,0657745560,1985-01-31,Grenoble,aucun,2025-07-09,
CL103724,Simon,Lea,lea.simon3724@example.com,0623878026,1978-07-22,Lille,entreprise,2026-06-18,
CL103725,Laurent,Yanis,yanis.laurent3725@example.com,0673721449,1969-05-28,Lyon,entreprise,2025-09-15,oui
CL103726,Girard,Lea,lea.girard3726@example.com,0647757875,2001-11-10,Lyon,mensuel,2025-05-14,
CL103727,Moreau,Chloe,chloe.moreau3727@example.com,0683709194,1983-09-07,Lyon,aucun,2026-10-05,non
CL103728,Durand,Jade,jade.durand3728@example.com,0660548123,2002-10-13,Lyon,aucun,2025-11-08,non
CL103729,Benali,Camille,camille.benali3729@example.com,0620353199,1977-06-10,Lyon,mensuel,2025-03-14,oui
CL103730,Girard,Ilyes,ilyes.girard3730@example.com,0696406155,1974-01-31,Lille,aucun,2025-07-10,oui
CL103731,Nguyen,Mehdi,mehdi.nguyen3731@example.com,0638788929,1960-02-27,Lyon,etudiant,2026-06-06,
CL103732,Benali,Ilyes,ilyes.benali3732@example.com,0638526381,1964-09-09,Lyon,mensuel,2026-02-14,oui
CL103733,Petit,Camille,camille.petit3733@example.com,0663445000,1968-07-07,Nantes,aucun,2026-07-18,oui
CL103734,Moreau,Mehdi,mehdi.moreau3734@example.com,0653604994,1989-04-10,Grenoble,mensuel,2026-05-25,
CL103735,Michel,Yanis,yanis.michel3735@example.com,0614500808,1989-07-10,Lyon,aucun,2025-10-15,non
CL103736,Michel,Ilyes,ilyes.michel3736@example.com,0616379281,1973-03-02,Lyon,aucun,2025-06-04,non
CL103737,Girard,Ilyes,ilyes.girard3737@example.com,0671921803,1984-09-13,Lille,annuel,2026-05-02,
CL103738,Michel,Ines,ines.michel3738@example.com,0676393134,1962-07-17,Lyon,aucun,2026-09-30,non
CL103739,Garcia,Sofia,sofia.garcia3739@example.com,0643724495,1993-12-01,Lille,mensuel,2026-07-08,
CL103740,Roux,Jade,jade.roux3740@example.com,0685113038,1978-05-07,Lyon,etudiant,2026-02-22,
CL103741,Robert,Louise,louise.robert3741@example.com,0636156219,2002-03-11,Nantes,aucun,2025-08-15,
CL103742,Girard,Camille,camille.girard3742@example.com,0625982925,1973-05-29,Lyon,aucun,2025-12-09,
CL103743,Simon,Mehdi,mehdi.simon3743@example.com,0647067149,1962-05-15,Lille,aucun,2025-05-28,non
CL103744,Martin,Karim,karim.martin3744@example.com,0637190622,1981-10-12,Lyon,entreprise,2025-03-11,
CL103745,Girard,Karim,karim.girard3745@example.com,0654972298,1973-06-24,Lyon,mensuel,2026-10-19,non
CL103746,Nguyen,Mehdi,mehdi.nguyen3746@example.com,0693612786,1979-01-14,Nantes,aucun,2026-09-06,
CL103747,Roux,Hugo,hugo.roux3747@example.com,0684937654,2002-07-25,Lyon,etudiant,2025-05-18,non
CL103748,Durand,Jade,jade.durand3748@example.com,0638209499,1968-11-27,Lille,aucun,2025-08-08,
CL103749,Michel,Jade,jade.michel3749@example.com,0628664616,1987-01-02,Lille,annuel,2025-12-28,oui
CL103750,Martin,Lea,lea.martin3750@example.com,0674168786,1982-03-17,Grenoble,entreprise,2026-05-28,oui
CL103751,Michel,Camille,camille.michel3751@example.com,0656220589,1993-01-20,Nantes,aucun,2026-01-08,oui
CL103752,Bernard,Hugo,hugo.bernard3752@example.com,0632688575,1983-10-22,Lille,etudiant,2026-10-19,non
CL103753,Bernard,Noah,noah.bernard3753@example.com,0693098890,1985-10-22,Nantes,etudiant,2025-03-23,
CL103754,Dubois,Yanis,yanis.dubois3754@example.com,0661144700,1970-09-27,Nantes,mensuel,2026-08-29,oui
CL103755,Petit,Mehdi,mehdi.petit3755@example.com,0661291429,1968-06-16,Nantes,aucun,2026-01-02,
CL103756,Robert,Sofia,sofia.robert3756@example.com,0611986454,1995-12-26,Lyon,mensuel,2025-12-29,oui
CL103757,Girard,Yanis,yanis.girard3757@example.com,0687045870,1979-05-01,Nantes,aucun,2026-07-15,
CL103758,Robert,Noah,noah.robert3758@example.com,0665572052,1975-08-25,Grenoble,aucun,2026-03-28,
CL103759,Moreau,Rayan,rayan.moreau3759@example.com,0634218695,1982-03-11,Nantes,annuel,2025-11-18,non
CL103760,Moreau,Jade,jade.moreau3760@example.com,0688949173,1970-03-20,Lyon,annuel,2025-08-19,
CL103761,Girard,Chloe,chloe.girard3761@example.com,0672396692,1967-06-28,Nantes,mensuel,2025-05-23,oui
CL103762,Roux,Chloe,chloe.roux3762@example.com,0659617887,1994-08-04,Lille,annuel,2026-02-06,oui
CL103763,Moreau,Gabriel,gabriel.moreau3763@example.com,0621571364,1975-06-24,Lyon,aucun,2026-05-07,oui
CL103764,Michel,Gabriel,gabriel.michel3764@example.com,0635166531,1997-08-16,Grenoble,aucun,2025-08-01,
CL103765,Martin,Ines,ines.martin3765@example.com,0646888392,1981-09-22,Lyon,aucun,2025-07-13,oui
CL103766,Benali,Mehdi,mehdi.benali3766@example.com,0633576561,1993-11-29,Lyon,aucun,2025-08-21,non
CL103767,Martin,Gabriel,gabriel.martin3767@example.com,0653054019,1968-06-29,Nantes,etudiant,2025-08-31,non
CL103768,Girard,Chloe,chloe.girard3768@example.com,0695458384,1988-12-15,Lille,mensuel,2025-05-03,
CL103769,Roux,Mehdi,mehdi.roux3769@example.com,0662347015,1983-05-24,Grenoble,aucun,2025-06-30,
CL103770,Laurent,Chloe,chloe.laurent3770@example.com,0683478385,1963-10-02,Grenoble,entreprise,2025-12-21,non
CL103771,Bernard,Sofia,sofia.bernard3771@example.com,0670469155,1976-05-28,Lille,aucun,2026-09-21,
CL103772,Simon,Jade,jade.simon3772@example.com,0625030939,1964-04-27,Lyon,aucun,2025-09-01,
CL103773,Robert,Camille,camille.robert3773@example.com,0672048133,1992-04-19,Nantes,etudiant,2025-05-22,oui
CL103774,Martin,Manon,manon.martin3774@example.com,0686230861,1961-12-25,Nantes,mensuel,2026-07-26,non
CL103775,Bernard,Chloe,chloe.bernard3775@example.com,0617524380,1986-11-03,Lyon,annuel,2025-09-27,non
CL103776,Nguyen,Yanis,yanis.nguyen3776@example.com,0616312991,1965-10-27,Lille,aucun,2026-08-14,non
CL103777,Petit,Ilyes,ilyes.petit3777@example.com,0671379269,1984-05-11,Lille,annuel,2026-07-17,oui
CL103778,Nguyen,Yanis,yanis.nguyen3778@example.com,0669708125,1973-03-25,Lille,annuel,2026-10-05,non
CL103779,Roux,Gabriel,gabriel.roux3779@example.com,0631734151,1965-03-20,Lyon,mensuel,2026-03-16,oui
CL103780,Moreau,Adam,adam.moreau3780@example.com,0659389066,1991-01-13,Lille,annuel,2025-12-01,oui
CL103781,Petit,Rayan,rayan.petit3781@example.com,0668063797,1991-05-21,Grenoble,etudiant,2025-03-29,oui
CL103782,Simon,Rayan,rayan.simon3782@example.com,0686391545,2002-09-05,Lyon,aucun,2025-10-20,oui
CL103783,Moreau,Ines,ines.moreau3783@example.com,0659177503,1979-02-17,Lille,aucun,2026-04-23,oui
CL103784,Durand,Jade,jade.durand3784@example.com,0664836694,1967-07-13,Nantes,annuel,2025-10-17,
CL103785,Petit,Manon,manon.petit3785@example.com,0637859508,1974-04-28,Nantes,aucun,2025-05-04,non
CL103786,Simon,Jade,jade.simon3786@example.com,0610583418,1985-09-25,Lyon,aucun,2026-05-08,oui
CL103787,Martin,Manon,manon.martin3787@example.com,0673076969,1975-10-01,Lyon,annuel,2026-08-07,oui
CL103788,Girard,Ilyes,ilyes.girard3788@example.com,0664044135,1985-01-18,Lyon,etudiant,2026-02-12,oui
CL103789,Garcia,Chloe,chloe.garcia3789@example.com,0653907032,1970-02-26,Lyon,mensuel,2026-03-15,non
CL103790,Garcia,Jade,jade.garcia3790@example.com,0635322682,1997-10-06,Nantes,annuel,2025-04-28,non
CL103791,Michel,Gabriel,gabriel.michel3791@example.com,0662608496,1989-02-19,Lyon,etudiant,2026-10-15,non
CL103792,Fournier,Noah,noah.fournier3792@example.com,0620911572,1998-02-08,Grenoble,etudiant,2026-08-19,
CL103793,Simon,Louise,louise.simon3793@example.com,0676870242,1995-12-21,Lyon,aucun,2026-08-21,
CL103794,Bernard,Lea,lea.bernard3794@example.com,0684979425,2002-08-13,Grenoble,etudiant,2025-09-17,oui
CL103795,Fournier,Louise,louise.fournier3795@example.com,0688738812,2001-12-12,Nantes,etudiant,2026-02-28,non
CL103796,Roux,Karim,karim.roux3796@example.com,0651276664,1965-06-19,Lyon,annuel,2025-06-17,
CL103797,Simon,Camille,camille.simon3797@example.com,0646628996,1972-05-19,Lyon,annuel,2025-10-18,non
CL103798,Nguyen,Ines,ines.nguyen3798@example.com,0682158407,1990-02-24,Grenoble,mensuel,2026-03-15,oui
CL103799,Garcia,Manon,manon.garcia3799@example.com,0648400208,1961-09-28,Lille,aucun,2025-03-21,non
CL103800,Dubois,Jade,jade.dubois3800@example.com,0683243604,1998-04-14,Lille,etudiant,2026-10-13,non
CL103801,Michel,Jade,jade.michel3801@example.com,0696347740,1975-08-11,Lyon,aucun,2026-03-11,
CL103802,Martin,Amira,amira.martin3802@example.com,0695678362,1999-09-07,Grenoble,annuel,2026-03-05,non
CL103803,Michel,Camille,camille.michel3803@example.com,0681903391,1978-03-13,Lyon,aucun,2025-07-02,
CL103804,Petit,Amira,amira.petit3804@example.com,0699982112,1998-09-08,Grenoble,annuel,2026-10-14,non
CL103805,Martin,Ilyes,ilyes.martin3805@example.com,0643926355,1999-04-15,Nantes,aucun,2026-03-02,non
CL103806,Girard,Manon,manon.girard3806@example.com,0678364323,2001-02-08,Lille,mensuel,2026-10-04,oui
CL103807,Bernard,Gabriel,gabriel.bernard3807@example.com,0665764864,1980-01-31,Nantes,aucun,2026-06-17,
CL103808,Michel,Manon,manon.michel3808@example.com,0675898312,1975-05-13,Lyon,entreprise,2025-06-18,non
CL103809,Bernard,Rayan,rayan.bernard3809@example.com,0658468465,1986-03-01,Lyon,mensuel,2025-12-14,non
CL103810,Michel,Karim,karim.michel3810@example.com,0655832720,2002-04-24,Lille,annuel,2025-03-11,non
CL103811,Martin,Manon,manon.martin3811@example.com,0643795160,1983-06-09,Lyon,etudiant,2025-06-21,non
CL103812,Roux,Louise,louise.roux3812@example.com,0696891535,1982-06-09,Lyon,aucun,2026-04-07,
CL103813,Robert,Karim,karim.robert3813@example.com,0678599507,1975-03-25,Lille,etudiant,2026-09-27,oui
CL103814,Nguyen,Jade,jade.nguyen3814@example.com,0674842290,1979-03-08,Nantes,entreprise,2026-02-19,oui
CL103815,Fournier,Ines,ines.fournier3815@example.com,0646185743,1975-09-07,Lyon,aucun,2025-05-17,non
CL103816,Garcia,Yanis,yanis.garcia3816@example.com,0696639532,1985-11-29,Lille,annuel,2026-09-24,oui
CL103817,Girard,Chloe,chloe.girard3817@example.com,0649177767,1975-11-02,Lyon,etudiant,2026-10-04,
CL103818,Michel,Rayan,rayan.michel3818@example.com,0628423682,1972-08-17,Nantes,aucun,2025-05-09,
CL103819,Bernard,Camille,camille.bernard3819@example.com,0678902051,1975-06-19,Lyon,aucun,2025-06-26,
CL103820,Petit,Rayan,rayan.petit3820@example.com,0625908179,1987-02-17,Grenoble,aucun,2026-09-03,
CL103821,Dubois,Noah,noah.dubois3821@example.com,0640009470,1986-02-12,Lyon,aucun,2026-09-02,non
CL103822,Durand,Rayan,rayan.durand3822@example.com,0646309435,1994-07-29,Lyon,aucun,2025-03-24,non
CL103823,Bernard,Jade,jade.bernard3823@example.com,0634575491,1996-07-01,Nantes,mensuel,2026-09-16,oui
CL103824,Roux,Chloe,chloe.roux3824@example.com,0682296403,1988-03-16,Lille,annuel,2026-01-17,oui
CL103825,Petit,Hugo,hugo.petit3825@example.com,0614660021,2001-07-20,Grenoble,aucun,2026-01-05,oui
CL103826,Benali,Karim,karim.benali3826@example.com,0617669641,1995-05-07,Lyon,etudiant,2025-06-06,
CL103827,Martin,Amira,amira.martin3827@example.com,0689876938,2001-03-04,Grenoble,etudiant,2026-05-26,
CL103828,Girard,Ilyes,ilyes.girard3828@example.com,0651019545,1974-12-24,Lyon,annuel,2025-04-22,
CL103829,Petit,Noah,noah.petit3829@example.com,0664494086,2002-07-18,Grenoble,mensuel,2026-07-18,non
CL103830,Simon,Lea,lea.simon3830@example.com,0682736537,1990-06-26,Lille,annuel,2025-05-10,oui
CL103831,Benali,Gabriel,gabriel.benali3831@example.com,0641951916,1971-12-06,Grenoble,mensuel,2025-06-04,
CL103832,Robert,Camille,camille.robert3832@example.com,0693488567,1967-07-11,Grenoble,aucun,2026-07-07,
CL103833,Durand,Chloe,chloe.durand3833@example.com,0676103542,1981-05-22,Lyon,annuel,2026-08-14,non
CL103834,Garcia,Hugo,hugo.garcia3834@example.com,0688038053,1999-06-27,Grenoble,etudiant,2026-04-06,non
CL103835,Simon,Mehdi,mehdi.simon3835@example.com,0693361454,1968-06-12,Lyon,aucun,2026-03-10,
CL103836,Durand,Hugo,hugo.durand3836@example.com,0668520947,1962-06-16,Lyon,annuel,2026-07-09,
CL103837,Durand,Manon,manon.durand3837@example.com,0644590930,1990-11-20,Lille,aucun,2026-02-18,oui
CL103838,Garcia,Noah,noah.garcia3838@example.com,0632729411,1977-12-13,Lille,etudiant,2026-03-17,non
CL103839,Benali,Yanis,yanis.benali3839@example.com,0663020993,2000-05-17,Lyon,aucun,2025-06-07,non
CL103840,Fournier,Noah,noah.fournier3840@example.com,0631499926,1998-10-11,Nantes,aucun,2025-10-10,oui
CL103841,Michel,Jade,jade.michel3841@example.com,0697947543,1979-12-29,Lille,aucun,2026-04-27,non
CL103842,Nguyen,Ilyes,ilyes.nguyen3842@example.com,0660533180,1995-11-10,Grenoble,mensuel,2025-05-29,oui
CL103843,Nguyen,Hugo,hugo.nguyen3843@example.com,0656627124,1996-06-09,Lille,aucun,2025-04-27,oui
CL103844,Michel,Ines,ines.michel3844@example.com,0618996742,1981-11-25,Grenoble,aucun,2025-04-09,non
CL103845,Laurent,Camille,camille.laurent3845@example.com,0669565312,2001-11-04,Lyon,etudiant,2025-07-03,oui
CL103846,Garcia,Ilyes,ilyes.garcia3846@example.com,0690653412,2002-12-06,Lyon,etudiant,2026-01-02,
CL103847,Michel,Louise,louise.michel3847@example.com,0675675810,1999-01-01,Lyon,annuel,2026-02-24,oui
CL103848,Girard,Yanis,yanis.girard3848@example.com,0624297853,1972-12-27,Lille,entreprise,2026-04-21,non
CL103849,Martin,Karim,karim.martin3849@example.com,0613490216,1977-12-12,Nantes,entreprise,2026-06-24,oui
CL103850,Dubois,Chloe,chloe.dubois3850@example.com,0635794133,1994-06-05,Grenoble,aucun,2026-07-21,oui
CL103851,Laurent,Noah,noah.laurent3851@example.com,0637248951,1991-06-08,Nantes,aucun,2025-07-04,non
CL103852,Petit,Karim,karim.petit3852@example.com,0680573005,1987-02-12,Lyon,aucun,2026-05-16,non
CL103853,Michel,Sofia,sofia.michel3853@example.com,0681769592,1992-09-25,Nantes,annuel,2025-03-14,non
CL103854,Robert,Amira,amira.robert3854@example.com,0685640470,1971-01-27,Grenoble,annuel,2025-06-11,non
CL103855,Simon,Adam,adam.simon3855@example.com,0654356489,1975-08-12,Nantes,aucun,2025-04-05,non
CL103856,Girard,Hugo,hugo.girard3856@example.com,0664520244,1985-06-18,Lille,aucun,2025-03-15,non
CL103857,Roux,Hugo,hugo.roux3857@example.com,0618794250,1986-02-19,Lille,aucun,2026-09-25,
CL103858,Laurent,Yanis,yanis.laurent3858@example.com,0673642776,2003-06-22,Lyon,aucun,2026-03-19,
CL103859,Fournier,Hugo,hugo.fournier3859@example.com,0624889078,1992-06-06,Lyon,etudiant,2025-08-07,non
CL103860,Roux,Amira,amira.roux3860@example.com,0685153406,1996-02-05,Nantes,aucun,2026-06-09,
CL103861,Michel,Noah,noah.michel3861@example.com,0634588029,1987-11-19,Nantes,aucun,2025-09-18,
CL103862,Simon,Camille,camille.simon3862@example.com,0632725788,1977-10-07,Grenoble,annuel,2026-06-02,oui
CL103863,Bernard,Rayan,rayan.bernard3863@example.com,0654095064,1960-03-22,Lyon,aucun,2025-04-11,
CL103864,Robert,Amira,amira.robert3864@example.com,0643597734,1981-03-09,Nantes,annuel,2025-04-22,
CL103865,Dubois,Gabriel,gabriel.dubois3865@example.com,0642993787,1973-12-09,Lille,aucun,2025-11-09,oui
CL103866,Robert,Lea,lea.robert3866@example.com,0647443580,1972-05-18,Lille,etudiant,2025-06-18,non
CL103867,Girard,Ilyes,ilyes.girard3867@example.com,0662140444,1979-05-22,Lyon,annuel,2025-11-04,
CL103868,Garcia,Louise,louise.garcia3868@example.com,0674519597,1960-11-14,Nantes,mensuel,2025-06-04,oui
CL103869,Martin,Mehdi,mehdi.martin3869@example.com,0666385483,2000-05-31,Lyon,aucun,2025-05-12,
CL103870,Simon,Ilyes,ilyes.simon3870@example.com,0662165061,1997-12-12,Lille,aucun,2025-12-25,non
CL103871,Girard,Ines,ines.girard3871@example.com,0673835652,1977-08-11,Lille,aucun,2026-02-14,oui
CL103872,Girard,Manon,manon.girard3872@example.com,0682435521,1985-05-01,Grenoble,mensuel,2025-10-24,non
CL103873,Durand,Rayan,rayan.durand3873@example.com,0690598110,1969-01-27,Nantes,entreprise,2025-08-27,non
CL103874,Martin,Sofia,sofia.martin3874@example.com,0677347930,1971-08-05,Lyon,annuel,2026-02-25,oui
CL103875,Moreau,Camille,camille.moreau3875@example.com,0637512367,1962-12-19,Grenoble,mensuel,2025-12-07,
CL103876,Roux,Jade,jade.roux3876@example.com,0620368991,1971-11-29,Lyon,aucun,2026-03-24,oui
CL103877,Laurent,Noah,noah.laurent3877@example.com,0654563898,1999-07-05,Grenoble,mensuel,2025-08-09,non
CL103878,Fournier,Sofia,sofia.fournier3878@example.com,0690656636,1979-06-29,Lyon,aucun,2026-09-01,non
CL103879,Petit,Amira,amira.petit3879@example.com,0639317238,1967-03-04,Lille,aucun,2025-07-05,non
CL103880,Roux,Lea,lea.roux3880@example.com,0684154674,1983-04-29,Lyon,aucun,2025-10-05,
CL103881,Moreau,Ines,ines.moreau3881@example.com,0691870890,1963-05-04,Lille,etudiant,2026-08-07,non
CL103882,Benali,Ines,ines.benali3882@example.com,0643429192,1991-11-03,Nantes,aucun,2026-08-24,
CL103883,Roux,Ines,ines.roux3883@example.com,0688972732,2001-08-10,Nantes,annuel,2026-10-12,
CL103884,Petit,Mehdi,mehdi.petit3884@example.com,0695618011,1972-11-27,Lyon,entreprise,2025-08-15,oui
CL103885,Girard,Lea,lea.girard3885@example.com,0625749262,2002-05-12,Lyon,mensuel,2025-09-23,oui
CL103886,Benali,Louise,louise.benali3886@example.com,0622169696,1962-04-25,Nantes,aucun,2026-05-23,non
CL103887,Petit,Camille,camille.petit3887@example.com,0619902119,1978-04-14,Nantes,mensuel,2025-11-25,oui
CL103888,Benali,Adam,adam.benali3888@example.com,0616094199,1968-06-08,Lille,mensuel,2026-04-23,oui
CL103889,Petit,Gabriel,gabriel.petit3889@example.com,0616712755,1980-12-19,Lille,mensuel,2025-05-14,
CL103890,Dubois,Lea,lea.dubois3890@example.com,0697233194,1961-02-10,Grenoble,mensuel,2026-07-02,non
CL103891,Simon,Manon,manon.simon3891@example.com,0695596453,1982-10-05,Lille,mensuel,2025-08-31,oui
CL103892,Benali,Gabriel,gabriel.benali3892@example.com,0637354226,2001-07-24,Nantes,aucun,2026-03-06,
CL103893,Girard,Amira,amira.girard3893@example.com,0612798282,1968-11-23,Lille,annuel,2025-10-19,oui
CL103894,Garcia,Ilyes,ilyes.garcia3894@example.com,0668619612,1985-01-15,Lille,aucun,2026-01-31,
CL103895,Petit,Adam,adam.petit3895@example.com,0691567072,1968-04-23,Lille,mensuel,2026-05-11,non
CL103896,Simon,Manon,manon.simon3896@example.com,0694214374,1961-01-02,Lyon,etudiant,2026-05-19,non
CL103897,Martin,Rayan,rayan.martin3897@example.com,0648785617,1965-12-22,Lyon,mensuel,2026-03-03,oui
CL103898,Simon,Rayan,rayan.simon3898@example.com,0613458902,2000-02-02,Lille,mensuel,2025-06-28,non
CL103899,Laurent,Gabriel,gabriel.laurent3899@example.com,0634564250,1978-08-06,Lille,annuel,2026-01-30,
CL103900,Dubois,Rayan,rayan.dubois3900@example.com,0640294743,1965-07-27,Nantes,entreprise,2026-03-17,
CL103901,Martin,Chloe,chloe.martin3901@example.com,0637118321,2003-09-05,Nantes,etudiant,2026-08-07,non
CL103902,Moreau,Manon,manon.moreau3902@example.com,0623290493,1964-10-20,Lyon,aucun,2026-08-10,non
CL103903,Garcia,Hugo,hugo.garcia3903@example.com,0645455609,1994-05-24,Nantes,etudiant,2026-02-17,oui
CL103904,Benali,Mehdi,mehdi.benali3904@example.com,0662953315,1987-07-31,Lille,mensuel,2026-01-25,
CL103905,Simon,Mehdi,mehdi.simon3905@example.com,0688032418,1983-07-21,Lille,mensuel,2025-05-16,oui
CL103906,Laurent,Noah,noah.laurent3906@example.com,0630159706,1987-04-29,Nantes,aucun,2026-09-26,oui
CL103907,Dubois,Camille,camille.dubois3907@example.com,0677300932,1969-11-08,Lyon,annuel,2025-06-09,oui
CL103908,Fournier,Lea,lea.fournier3908@example.com,0666340287,1978-08-05,Nantes,annuel,2025-05-09,non
CL103909,Durand,Amira,amira.durand3909@example.com,0679218842,1999-05-31,Lyon,aucun,2025-05-28,non
CL103910,Moreau,Chloe,chloe.moreau3910@example.com,0656774638,1962-05-21,Grenoble,aucun,2026-01-04,oui
CL103911,Garcia,Gabriel,gabriel.garcia3911@example.com,0669527389,1988-01-30,Lyon,aucun,2025-11-04,non
CL103912,Bernard,Mehdi,mehdi.bernard3912@example.com,0687946831,1973-10-16,Lille,aucun,2025-10-30,non
CL103913,Garcia,Louise,louise.garcia3913@example.com,0697653268,1984-06-16,Lyon,aucun,2026-09-07,oui
CL103914,Michel,Karim,karim.michel3914@example.com,0617992222,1997-12-11,Lille,mensuel,2026-08-19,non
CL103915,Roux,Amira,amira.roux3915@example.com,0615183370,1975-06-24,Grenoble,aucun,2025-06-03,non
CL103916,Nguyen,Jade,jade.nguyen3916@example.com,0662151537,1971-05-25,Lyon,aucun,2025-07-07,
CL103917,Benali,Sofia,sofia.benali3917@example.com,0698127543,1989-01-28,Lyon,annuel,2025-05-11,oui
CL103918,Fournier,Rayan,rayan.fournier3918@example.com,0679633398,1998-08-25,Grenoble,mensuel,2025-10-12,oui
CL103919,Durand,Mehdi,mehdi.durand3919@example.com,0658037645,1962-12-19,Nantes,mensuel,2026-04-10,non
CL103920,Roux,Ines,ines.roux3920@example.com,0678297791,2000-07-01,Nantes,etudiant,2026-07-07,non
CL103921,Bernard,Ilyes,ilyes.bernard3921@example.com,0678916620,1992-04-05,Lille,aucun,2026-04-10,
CL103922,Petit,Chloe,chloe.petit3922@example.com,0627178467,1970-03-28,Lyon,aucun,2026-09-05,oui
CL103923,Durand,Chloe,chloe.durand3923@example.com,0642923531,1999-12-12,Lyon,mensuel,2025-10-13,oui
CL103924,Girard,Amira,amira.girard3924@example.com,0659180729,1975-09-20,Nantes,annuel,2025-11-21,non
CL103925,Moreau,Hugo,hugo.moreau3925@example.com,0695114191,1975-10-13,Lyon,aucun,2026-09-17,non
CL103926,Dubois,Lea,lea.dubois3926@example.com,0622474721,1996-03-06,Lille,aucun,2025-07-25,non
CL103927,Petit,Chloe,chloe.petit3927@example.com,0677159785,1996-01-29,Lyon,aucun,2025-10-18,oui
CL103928,Garcia,Gabriel,gabriel.garcia3928@example.com,0668189695,1967-08-30,Grenoble,etudiant,2025-10-09,oui
CL103929,Michel,Karim,karim.michel3929@example.com,0637544771,1981-09-02,Grenoble,mensuel,2026-01-16,
CL103930,Dubois,Amira,amira.dubois3930@example.com,0625852085,1970-07-28,Nantes,aucun,2025-04-12,
CL103931,Robert,Chloe,chloe.robert3931@example.com,0675112939,1971-01-21,Lyon,aucun,2026-09-04,non
CL103932,Martin,Karim,karim.martin3932@example.com,0645607188,1976-11-11,Lyon,aucun,2026-09-16,non
CL103933,Garcia,Mehdi,mehdi.garcia3933@example.com,0663896578,1972-05-25,Lille,aucun,2026-01-11,
CL103934,Simon,Ilyes,ilyes.simon3934@example.com,0648572600,1962-12-10,Grenoble,aucun,2026-07-08,oui
CL103935,Bernard,Camille,camille.bernard3935@example.com,0646962585,2002-01-14,Grenoble,aucun,2025-09-15,
CL103936,Petit,Gabriel,gabriel.petit3936@example.com,0680799872,1983-02-14,Lille,annuel,2026-06-23,non
CL103937,Fournier,Rayan,rayan.fournier3937@example.com,0699371098,1982-09-05,Grenoble,etudiant,2026-07-04,non
CL103938,Girard,Amira,amira.girard3938@example.com,0679495404,1981-11-29,Lille,etudiant,2025-06-18,non
CL103939,Bernard,Chloe,chloe.bernard3939@example.com,0677303034,1994-08-06,Grenoble,etudiant,2025-11-03,oui
CL103940,Michel,Ilyes,ilyes.michel3940@example.com,0649696913,1980-03-07,Lyon,mensuel,2026-05-05,oui
CL103941,Nguyen,Gabriel,gabriel.nguyen3941@example.com,0633464989,1978-03-07,Lyon,aucun,2025-03-08,oui
CL103942,Dubois,Karim,karim.dubois3942@example.com,0684308145,1998-08-20,Nantes,mensuel,2026-05-14,
CL103943,Moreau,Jade,jade.moreau3943@example.com,0632043962,1992-03-16,Lille,entreprise,2025-03-15,
CL103944,Moreau,Rayan,rayan.moreau3944@example.com,0689608920,1967-05-10,Lille,mensuel,2026-06-29,non
CL103945,Benali,Mehdi,mehdi.benali3945@example.com,0684674911,2000-01-13,Lyon,entreprise,2025-04-24,
CL103946,Martin,Louise,louise.martin3946@example.com,0630507895,1991-01-13,Grenoble,aucun,2025-04-04,non
CL103947,Garcia,Rayan,rayan.garcia3947@example.com,0626414770,1988-05-31,Nantes,mensuel,2025-05-23,non
CL103948,Simon,Jade,jade.simon3948@example.com,0679613347,1987-01-23,Grenoble,aucun,2026-02-22,oui
CL103949,Martin,Yanis,yanis.martin3949@example.com,0631452569,1996-06-19,Grenoble,annuel,2025-06-13,
CL103950,Durand,Sofia,sofia.durand3950@example.com,0628780385,1972-09-14,Lille,mensuel,2026-05-22,oui
CL103951,Durand,Lea,lea.durand3951@example.com,0639996824,1978-10-16,Grenoble,annuel,2025-07-11,non
CL103952,Martin,Rayan,rayan.martin3952@example.com,0632096361,1997-08-07,Lille,etudiant,2025-09-24,non
CL103953,Petit,Adam,adam.petit3953@example.com,0610500381,1973-04-29,Lyon,annuel,2025-09-11,non
CL103954,Simon,Amira,amira.simon3954@example.com,0684118172,1997-08-11,Lille,mensuel,2025-09-03,non
CL103955,Girard,Chloe,chloe.girard3955@example.com,0695878350,1974-09-09,Lille,annuel,2025-10-19,oui
CL103956,Bernard,Amira,amira.bernard3956@example.com,0696227052,1965-11-20,Lille,aucun,2025-12-18,
CL103957,Petit,Jade,jade.petit3957@example.com,0632763134,1987-01-15,Lille,mensuel,2025-11-03,
CL103958,Roux,Noah,noah.roux3958@example.com,0625096789,1997-05-28,Grenoble,mensuel,2025-04-20,
CL103959,Laurent,Adam,adam.laurent3959@example.com,0682691519,1993-12-07,Lyon,aucun,2026-05-22,
CL103960,Fournier,Manon,manon.fournier3960@example.com,0615258051,2001-04-03,Grenoble,mensuel,2025-07-01,non
CL103961,Simon,Jade,jade.simon3961@example.com,0635663759,1992-11-21,Lyon,annuel,2025-07-23,
CL103962,Garcia,Manon,manon.garcia3962@example.com,0621261948,1975-08-08,Lyon,entreprise,2026-09-14,oui
CL103963,Martin,Rayan,rayan.martin3963@example.com,0670150008,1971-05-18,Grenoble,mensuel,2025-05-02,
CL103964,Nguyen,Noah,noah.nguyen3964@example.com,0629233636,1987-03-20,Nantes,mensuel,2026-03-18,
CL103965,Bernard,Ines,ines.bernard3965@example.com,0623843003,1969-02-04,Lille,aucun,2026-10-03,non
CL103966,Simon,Rayan,rayan.simon3966@example.com,0649429906,1994-01-13,Nantes,aucun,2025-08-19,non
CL103967,Moreau,Rayan,rayan.moreau3967@example.com,0618761605,1986-10-16,Lille,aucun,2025-04-22,non
CL103968,Roux,Manon,manon.roux3968@example.com,0619024650,1975-02-17,Lyon,mensuel,2025-05-07,non
CL103969,Nguyen,Noah,noah.nguyen3969@example.com,0625914204,1977-10-10,Grenoble,etudiant,2026-06-06,
CL103970,Moreau,Chloe,chloe.moreau3970@example.com,0640694199,1978-08-15,Lyon,aucun,2026-05-20,
CL103971,Benali,Lea,lea.benali3971@example.com,0687727224,1979-10-25,Lille,aucun,2026-01-07,non
CL103972,Robert,Camille,camille.robert3972@example.com,0663664428,1982-11-16,Lyon,annuel,2026-02-01,oui
CL103973,Laurent,Lea,lea.laurent3973@example.com,0645461615,1997-11-04,Grenoble,aucun,2026-01-12,non
CL103974,Moreau,Ines,ines.moreau3974@example.com,0656328984,1988-08-06,Lyon,aucun,2025-11-23,non
CL103975,Durand,Amira,amira.durand3975@example.com,0688403330,1964-07-02,Lyon,entreprise,2026-05-14,oui
CL103976,Fournier,Rayan,rayan.fournier3976@example.com,0677165887,1973-04-27,Nantes,aucun,2025-04-02,
CL103977,Moreau,Manon,manon.moreau3977@example.com,0635057866,1978-12-09,Lille,annuel,2025-07-27,non
CL103978,Petit,Sofia,sofia.petit3978@example.com,0626543231,1966-11-23,Lyon,aucun,2025-07-31,oui
CL103979,Benali,Amira,amira.benali3979@example.com,0661896189,2001-07-20,Lille,aucun,2026-02-06,non
CL103980,Moreau,Hugo,hugo.moreau3980@example.com,0658091055,1987-09-21,Lille,aucun,2026-07-31,oui
CL103981,Roux,Yanis,yanis.roux3981@example.com,0665404974,1986-12-17,Nantes,aucun,2025-11-18,oui
CL103982,Robert,Louise,louise.robert3982@example.com,0650298228,1985-12-24,Nantes,mensuel,2026-09-21,
CL103983,Laurent,Adam,adam.laurent3983@example.com,0634034744,1987-04-16,Lyon,annuel,2026-07-12,non
CL103984,Petit,Manon,manon.petit3984@example.com,0653165572,1986-10-24,Lyon,aucun,2025-09-18,
CL103985,Robert,Adam,adam.robert3985@example.com,0698370562,1975-08-06,Nantes,aucun,2025-06-14,oui
CL103986,Roux,Louise,louise.roux3986@example.com,0697473828,1960-03-27,Lyon,annuel,2026-02-02,
CL103987,Michel,Lea,lea.michel3987@example.com,0644410971,2003-05-01,Nantes,mensuel,2026-07-08,non
CL103988,Garcia,Louise,louise.garcia3988@example.com,0681316498,1988-02-16,Lille,mensuel,2025-05-11,oui
CL103989,Garcia,Ines,ines.garcia3989@example.com,0654403541,1976-03-17,Nantes,entreprise,2026-08-29,
CL103990,Nguyen,Adam,adam.nguyen3990@example.com,0627435927,1998-10-09,Grenoble,etudiant,2025-12-26,
CL103991,Garcia,Ilyes,ilyes.garcia3991@example.com,0662835670,1998-06-08,Grenoble,entreprise,2026-07-11,oui
CL103992,Garcia,Mehdi,mehdi.garcia3992@example.com,0692675786,2001-12-11,Lyon,mensuel,2025-11-06,
CL103993,Petit,Camille,camille.petit3993@example.com,0693678149,1995-04-15,Nantes,entreprise,2026-04-11,non
CL103994,Robert,Camille,camille.robert3994@example.com,0667908026,2001-09-12,Lyon,aucun,2026-06-22,oui
CL103995,Robert,Chloe,chloe.robert3995@example.com,0685238372,1976-08-28,Lille,aucun,2025-10-11,oui
CL103996,Dubois,Sofia,sofia.dubois3996@example.com,0655881332,1960-04-24,Nantes,aucun,2025-09-25,non
CL103997,Petit,Louise,louise.petit3997@example.com,0674281839,2001-06-29,Lyon,aucun,2026-10-12,oui
CL103998,Laurent,Hugo,hugo.laurent3998@example.com,0616630839,1993-08-24,Lyon,aucun,2026-05-27,oui
CL103999,Moreau,Jade,jade.moreau3999@example.com,0699610214,1999-02-16,Grenoble,mensuel,2026-01-02,non
CL104000,Fournier,Adam,adam.fournier4000@example.com,0651989034,1991-05-22,Grenoble,aucun,2026-06-08,
CL104001,Robert,Lea,lea.robert4001@example.com,0619709572,1966-04-23,Nantes,aucun,2025-09-30,non
CL104002,Simon,Rayan,rayan.simon4002@example.com,0692334300,1968-04-28,Grenoble,mensuel,2025-04-11,non
CL104003,Robert,Gabriel,gabriel.robert4003@example.com,0662034619,1993-08-26,Grenoble,annuel,2026-02-18,non
CL104004,Dubois,Mehdi,mehdi.dubois4004@example.com,0651922270,1967-08-10,Nantes,aucun,2025-11-10,
CL104005,Petit,Gabriel,gabriel.petit4005@example.com,0647575814,1976-03-17,Lille,aucun,2025-08-14,oui
CL104006,Moreau,Jade,jade.moreau4006@example.com,0681782206,1996-11-16,Grenoble,etudiant,2026-02-22,
CL104007,Garcia,Ilyes,ilyes.garcia4007@example.com,0656697720,1974-11-14,Lyon,aucun,2026-09-03,non
CL104008,Petit,Jade,jade.petit4008@example.com,0617671888,1973-01-02,Nantes,etudiant,2025-03-08,non
CL104009,Fournier,Sofia,sofia.fournier4009@example.com,0668517094,1991-07-15,Lyon,aucun,2025-12-19,non
CL104010,Nguyen,Lea,lea.nguyen4010@example.com,0625255646,1981-12-28,Lyon,annuel,2026-09-27,non
CL104011,Dubois,Amira,amira.dubois4011@example.com,0629779096,1971-05-10,Grenoble,annuel,2026-02-04,non
CL104012,Garcia,Manon,manon.garcia4012@example.com,0681446210,1966-07-04,Lyon,aucun,2025-03-12,non
CL104013,Girard,Rayan,rayan.girard4013@example.com,0615603099,1963-06-22,Lyon,aucun,2026-05-09,
CL104014,Robert,Hugo,hugo.robert4014@example.com,0672806170,1967-09-04,Lyon,aucun,2025-09-01,oui
CL104015,Benali,Louise,louise.benali4015@example.com,0676339584,1971-06-06,Nantes,aucun,2025-11-26,
CL104016,Nguyen,Adam,adam.nguyen4016@example.com,0662671555,1960-01-18,Lille,aucun,2026-09-27,
CL104017,Benali,Sofia,sofia.benali4017@example.com,0695127248,1995-01-22,Lille,aucun,2025-09-14,non
CL104018,Moreau,Hugo,hugo.moreau4018@example.com,0686243764,1986-08-06,Nantes,aucun,2025-05-22,
CL104019,Roux,Adam,adam.roux4019@example.com,0674945230,1989-03-06,Nantes,mensuel,2025-03-07,oui
CL104020,Petit,Hugo,hugo.petit4020@example.com,0678232812,1973-06-10,Lille,annuel,2025-08-12,oui
CL104021,Nguyen,Rayan,rayan.nguyen4021@example.com,0656219104,1994-12-18,Nantes,aucun,2026-06-06,
CL104022,Michel,Mehdi,mehdi.michel4022@example.com,0681363380,1976-06-16,Grenoble,etudiant,2026-05-19,oui
CL104023,Durand,Hugo,hugo.durand4023@example.com,0638715798,1989-09-22,Nantes,aucun,2026-09-29,oui
CL104024,Petit,Camille,camille.petit4024@example.com,0622297104,1996-01-09,Grenoble,mensuel,2025-08-02,
CL104025,Benali,Camille,camille.benali4025@example.com,0610420378,2001-03-17,Grenoble,mensuel,2026-03-21,non
CL104026,Moreau,Camille,camille.moreau4026@example.com,0652735677,1963-09-23,Lille,aucun,2026-09-22,oui
CL104027,Roux,Yanis,yanis.roux4027@example.com,0670563468,1970-11-05,Lyon,entreprise,2025-12-20,non
CL104028,Simon,Gabriel,gabriel.simon4028@example.com,0630488757,1966-08-31,Grenoble,entreprise,2026-01-14,oui
CL104029,Dubois,Ilyes,ilyes.dubois4029@example.com,0623723133,1973-10-08,Nantes,aucun,2025-06-09,non
CL104030,Robert,Ines,ines.robert4030@example.com,0675844387,1983-06-27,Lille,aucun,2026-07-12,oui
CL104031,Durand,Ilyes,ilyes.durand4031@example.com,0616180291,1987-03-12,Lyon,aucun,2026-02-21,
CL104032,Benali,Lea,lea.benali4032@example.com,0694730391,1964-04-18,Lille,etudiant,2025-10-13,oui
CL104033,Simon,Louise,louise.simon4033@example.com,0647435419,1961-11-16,Grenoble,aucun,2025-10-15,non
CL104034,Durand,Lea,lea.durand4034@example.com,0659647319,1996-05-24,Nantes,mensuel,2025-05-26,oui
CL104035,Martin,Adam,adam.martin4035@example.com,0655425845,1965-02-23,Lyon,mensuel,2026-03-05,oui
CL104036,Simon,Jade,jade.simon4036@example.com,0650755192,1963-02-27,Lyon,aucun,2026-05-31,non
CL104037,Garcia,Lea,lea.garcia4037@example.com,0695543031,2001-01-30,Lille,mensuel,2026-10-12,non
CL104038,Benali,Karim,karim.benali4038@example.com,0682281235,1974-11-21,Nantes,mensuel,2025-09-17,non
CL104039,Benali,Hugo,hugo.benali4039@example.com,0639929565,1980-12-05,Nantes,annuel,2025-08-04,oui
CL104040,Girard,Lea,lea.girard4040@example.com,0636914684,1963-10-28,Nantes,aucun,2025-07-30,
CL104041,Benali,Hugo,hugo.benali4041@example.com,0667701450,1976-01-03,Lille,aucun,2026-10-03,non
CL104042,Robert,Manon,manon.robert4042@example.com,0669950942,1997-03-14,Lyon,mensuel,2026-01-21,non
CL104043,Garcia,Adam,adam.garcia4043@example.com,0626772347,1975-04-07,Lille,annuel,2026-05-03,non
CL104044,Robert,Sofia,sofia.robert4044@example.com,0629917631,1980-12-07,Lyon,etudiant,2025-12-27,
CL104045,Simon,Sofia,sofia.simon4045@example.com,0653685041,1985-04-24,Grenoble,mensuel,2026-02-13,oui
CL104046,Martin,Jade,jade.martin4046@example.com,0618660908,1966-03-01,Lille,annuel,2026-10-03,non
CL104047,Fournier,Sofia,sofia.fournier4047@example.com,0632671346,2001-05-04,Lyon,mensuel,2026-02-15,
CL104048,Michel,Mehdi,mehdi.michel4048@example.com,0647347188,1983-10-30,Nantes,etudiant,2025-04-26,non
CL104049,Durand,Camille,camille.durand4049@example.com,0652982812,1986-11-12,Nantes,mensuel,2026-04-19,non
CL104050,Fournier,Rayan,rayan.fournier4050@example.com,0642870753,1971-06-24,Lyon,annuel,2026-08-07,
CL104051,Dubois,Rayan,rayan.dubois4051@example.com,0656621711,1989-05-09,Nantes,aucun,2025-10-02,oui
CL104052,Nguyen,Ines,ines.nguyen4052@example.com,0648069114,1971-06-15,Lille,mensuel,2025-11-14,oui
CL104053,Laurent,Camille,camille.laurent4053@example.com,0696933356,1975-08-28,Lille,mensuel,2026-04-19,non
CL104054,Girard,Noah,noah.girard4054@example.com,0651320338,1979-03-28,Lyon,aucun,2026-05-26,
CL104055,Martin,Mehdi,mehdi.martin4055@example.com,0678037185,1983-06-24,Grenoble,etudiant,2025-08-01,oui
CL104056,Nguyen,Noah,noah.nguyen4056@example.com,0627227621,1960-02-04,Nantes,etudiant,2026-01-11,
CL104057,Petit,Jade,jade.petit4057@example.com,0697143232,2003-05-26,Grenoble,aucun,2025-11-02,
CL104058,Simon,Sofia,sofia.simon4058@example.com,0680676571,1993-10-09,Grenoble,aucun,2025-09-21,non
CL104059,Benali,Lea,lea.benali4059@example.com,0621808604,2002-04-13,Lyon,etudiant,2025-07-27,oui
CL104060,Fournier,Gabriel,gabriel.fournier4060@example.com,0649123240,1967-10-14,Lyon,mensuel,2025-07-16,oui
CL104061,Laurent,Amira,amira.laurent4061@example.com,0667685609,1986-02-18,Grenoble,mensuel,2025-08-05,
CL104062,Fournier,Louise,louise.fournier4062@example.com,0613741845,1993-11-30,Lyon,annuel,2025-12-06,
CL104063,Roux,Sofia,sofia.roux4063@example.com,0691844542,1973-02-25,Nantes,entreprise,2025-06-23,oui
CL104064,Simon,Manon,manon.simon4064@example.com,0612993916,1972-08-21,Nantes,aucun,2026-07-27,non
CL104065,Laurent,Manon,manon.laurent4065@example.com,0619470798,1960-03-16,Nantes,etudiant,2026-10-14,non
CL104066,Nguyen,Chloe,chloe.nguyen4066@example.com,0678395287,1964-05-06,Nantes,etudiant,2025-06-11,oui
CL104067,Moreau,Jade,jade.moreau4067@example.com,0661866507,1983-09-22,Lyon,annuel,2025-07-24,non
CL104068,Martin,Louise,louise.martin4068@example.com,0634458976,1963-05-10,Nantes,aucun,2026-09-02,
CL104069,Laurent,Lea,lea.laurent4069@example.com,0657069637,1963-06-24,Grenoble,aucun,2025-07-27,non
CL104070,Durand,Jade,jade.durand4070@example.com,0647305623,1994-01-30,Lyon,aucun,2025-09-22,
CL104071,Durand,Chloe,chloe.durand4071@example.com,0660982425,1980-11-10,Lille,aucun,2025-04-20,non
CL104072,Laurent,Lea,lea.laurent4072@example.com,0665363284,1968-03-18,Nantes,aucun,2025-04-18,oui
CL104073,Robert,Yanis,yanis.robert4073@example.com,0651930467,1973-05-30,Nantes,annuel,2025-03-02,non
CL104074,Simon,Sofia,sofia.simon4074@example.com,0670725352,1985-09-24,Lille,aucun,2026-03-21,
CL104075,Martin,Camille,camille.martin4075@example.com,0678082369,1977-07-09,Grenoble,mensuel,2025-09-25,oui
CL104076,Roux,Ilyes,ilyes.roux4076@example.com,0699854362,1984-03-19,Lyon,annuel,2025-08-02,oui
CL104077,Nguyen,Louise,louise.nguyen4077@example.com,0681808178,1994-01-08,Lyon,mensuel,2025-05-10,oui
CL104078,Moreau,Ines,ines.moreau4078@example.com,0697113572,1961-07-17,Lyon,aucun,2026-05-15,oui
CL104079,Simon,Chloe,chloe.simon4079@example.com,0613054172,1974-08-25,Lille,mensuel,2026-07-22,
CL104080,Michel,Yanis,yanis.michel4080@example.com,0675331467,2002-09-18,Grenoble,aucun,2025-11-19,non
CL104081,Simon,Noah,noah.simon4081@example.com,0671056777,1962-05-30,Lyon,etudiant,2026-06-19,
CL104082,Roux,Louise,louise.roux4082@example.com,0668668593,1971-02-01,Grenoble,entreprise,2025-03-05,
CL104083,Durand,Lea,lea.durand4083@example.com,0623796742,1989-09-21,Lyon,mensuel,2026-10-04,non
CL104084,Benali,Adam,adam.benali4084@example.com,0664812596,1966-07-27,Lyon,mensuel,2026-06-20,non
CL104085,Fournier,Ilyes,ilyes.fournier4085@example.com,0647583489,1974-04-18,Lyon,etudiant,2026-02-02,non
CL104086,Simon,Gabriel,gabriel.simon4086@example.com,0674508705,1996-01-04,Grenoble,aucun,2026-04-18,
CL104087,Bernard,Noah,noah.bernard4087@example.com,0617049822,1973-06-09,Lyon,aucun,2025-09-06,
CL104088,Bernard,Lea,lea.bernard4088@example.com,0631912525,1996-12-08,Lyon,annuel,2025-09-02,
CL104089,Dubois,Camille,camille.dubois4089@example.com,0611046511,2002-11-22,Lyon,aucun,2025-11-14,
CL104090,Benali,Louise,louise.benali4090@example.com,0610139024,1971-08-21,Lyon,mensuel,2025-03-19,
CL104091,Laurent,Ines,ines.laurent4091@example.com,0690170966,1983-04-11,Lille,mensuel,2025-06-14,oui
CL104092,Garcia,Adam,adam.garcia4092@example.com,0687880966,1966-05-18,Grenoble,annuel,2025-11-24,
CL104093,Simon,Ilyes,ilyes.simon4093@example.com,0668901178,1962-12-17,Lyon,mensuel,2025-09-13,non
CL104094,Simon,Lea,lea.simon4094@example.com,0694685922,1998-02-28,Lille,aucun,2026-04-04,
CL104095,Michel,Louise,louise.michel4095@example.com,0685975294,1986-02-16,Lille,aucun,2026-03-06,oui
CL104096,Martin,Camille,camille.martin4096@example.com,0646177623,1977-06-11,Lille,aucun,2025-11-30,oui
CL104097,Robert,Chloe,chloe.robert4097@example.com,0663024626,1980-07-05,Lyon,etudiant,2026-04-27,
CL104098,Benali,Louise,louise.benali4098@example.com,0688747061,1997-09-21,Nantes,mensuel,2026-08-24,
CL104099,Moreau,Mehdi,mehdi.moreau4099@example.com,0626796427,1970-03-22,Nantes,aucun,2026-07-17,non
CL104100,Simon,Sofia,sofia.simon4100@example.com,0661363383,1968-11-30,Nantes,aucun,2025-09-09,
CL104101,Benali,Ilyes,ilyes.benali4101@example.com,0690697312,1996-09-12,Lyon,annuel,2025-12-25,
CL104102,Simon,Sofia,sofia.simon4102@example.com,0698291113,1978-04-04,Lille,entreprise,2025-06-04,
CL104103,Petit,Jade,jade.petit4103@example.com,0656882890,1984-02-05,Lille,annuel,2025-12-19,non
CL104104,Fournier,Gabriel,gabriel.fournier4104@example.com,0625697209,1987-06-20,Lyon,mensuel,2026-02-18,
CL104105,Durand,Chloe,chloe.durand4105@example.com,0614401377,1993-09-12,Lyon,aucun,2025-11-03,
CL104106,Fournier,Camille,camille.fournier4106@example.com,0613992951,1965-05-14,Nantes,mensuel,2025-03-15,oui
CL104107,Dubois,Noah,noah.dubois4107@example.com,0678419414,1991-11-09,Lyon,aucun,2025-05-25,non
CL104108,Benali,Hugo,hugo.benali4108@example.com,0611384685,1962-05-01,Nantes,mensuel,2026-06-13,non
CL104109,Garcia,Chloe,chloe.garcia4109@example.com,0667608707,1977-12-14,Lyon,aucun,2026-06-06,
CL104110,Garcia,Chloe,chloe.garcia4110@example.com,0691300925,1981-03-30,Nantes,mensuel,2026-09-24,
CL104111,Nguyen,Lea,lea.nguyen4111@example.com,0633334786,2003-04-30,Lille,aucun,2025-12-26,oui
CL104112,Garcia,Manon,manon.garcia4112@example.com,0648632821,1960-01-15,Grenoble,aucun,2025-06-07,oui
CL104113,Garcia,Mehdi,mehdi.garcia4113@example.com,0643337611,2001-12-14,Lille,etudiant,2026-01-12,non
CL104114,Laurent,Amira,amira.laurent4114@example.com,0613615389,1986-12-18,Lille,mensuel,2025-05-09,
CL104115,Simon,Jade,jade.simon4115@example.com,0668936010,1969-03-04,Lille,aucun,2025-08-04,non
CL104116,Laurent,Hugo,hugo.laurent4116@example.com,0692004978,1976-04-16,Grenoble,etudiant,2026-03-29,non
CL104117,Bernard,Hugo,hugo.bernard4117@example.com,0679590329,1972-10-10,Lille,aucun,2026-06-11,non
CL104118,Simon,Karim,karim.simon4118@example.com,0648116668,1962-02-07,Nantes,aucun,2025-12-03,
CL104119,Laurent,Manon,manon.laurent4119@example.com,0633246074,2001-08-21,Lille,mensuel,2026-07-04,
CL104120,Durand,Lea,lea.durand4120@example.com,0611695551,1971-12-12,Lyon,aucun,2025-11-25,non
CL104121,Moreau,Chloe,chloe.moreau4121@example.com,0644329185,1978-09-05,Lille,annuel,2026-04-22,non
CL104122,Durand,Louise,louise.durand4122@example.com,0696494573,1962-06-06,Grenoble,mensuel,2026-07-10,
CL104123,Robert,Ilyes,ilyes.robert4123@example.com,0617365805,2003-02-02,Nantes,aucun,2025-08-31,oui
CL104124,Roux,Gabriel,gabriel.roux4124@example.com,0682241050,1963-04-22,Lille,aucun,2025-03-21,oui
CL104125,Benali,Camille,camille.benali4125@example.com,0647423303,1980-02-11,Lyon,annuel,2025-05-14,oui
CL104126,Benali,Lea,lea.benali4126@example.com,0631584936,1987-10-27,Nantes,aucun,2026-10-15,
CL104127,Garcia,Rayan,rayan.garcia4127@example.com,0622511168,1971-07-06,Lyon,mensuel,2026-04-13,
CL104128,Petit,Lea,lea.petit4128@example.com,0657158656,1990-12-08,Lille,etudiant,2025-12-23,non
CL104129,Petit,Hugo,hugo.petit4129@example.com,0612156796,1976-03-05,Lyon,entreprise,2026-05-29,
CL104130,Michel,Lea,lea.michel4130@example.com,0669948172,1963-10-11,Lyon,aucun,2025-12-12,non
CL104131,Garcia,Hugo,hugo.garcia4131@example.com,0631917971,1968-04-09,Lille,etudiant,2025-03-30,oui
CL104132,Petit,Ilyes,ilyes.petit4132@example.com,0695719125,1990-07-31,Lyon,aucun,2025-04-28,
CL104133,Roux,Karim,karim.roux4133@example.com,0651578500,1982-07-15,Grenoble,annuel,2026-06-26,oui
CL104134,Laurent,Yanis,yanis.laurent4134@example.com,0684337251,1988-10-15,Lyon,etudiant,2026-10-06,non
CL104135,Martin,Manon,manon.martin4135@example.com,0687076432,1962-07-21,Lyon,annuel,2025-03-19,non
CL104136,Robert,Manon,manon.robert4136@example.com,0685546034,1997-10-21,Lyon,annuel,2026-02-10,non
CL104137,Fournier,Yanis,yanis.fournier4137@example.com,0680838672,1999-07-25,Lyon,mensuel,2026-04-18,non
CL104138,Petit,Sofia,sofia.petit4138@example.com,0665752793,1960-04-10,Lille,annuel,2026-05-06,
CL104139,Robert,Ilyes,ilyes.robert4139@example.com,0641623475,1973-10-29,Nantes,annuel,2025-07-12,oui
CL104140,Girard,Manon,manon.girard4140@example.com,0630060081,1976-08-19,Lille,mensuel,2025-07-16,non
CL104141,Benali,Jade,jade.benali4141@example.com,0623591157,1984-04-10,Lille,aucun,2026-06-08,oui
CL104142,Martin,Camille,camille.martin4142@example.com,0653880114,2003-05-08,Nantes,etudiant,2026-08-02,non
CL104143,Durand,Yanis,yanis.durand4143@example.com,0643058303,1983-09-12,Lyon,aucun,2026-01-21,
CL104144,Fournier,Lea,lea.fournier4144@example.com,0685780102,1978-04-01,Grenoble,annuel,2026-06-28,non
CL104145,Fournier,Karim,karim.fournier4145@example.com,0642319826,1993-12-02,Lille,aucun,2025-12-05,non
CL104146,Martin,Manon,manon.martin4146@example.com,0679955150,1994-12-01,Lyon,aucun,2026-04-29,oui
CL104147,Nguyen,Sofia,sofia.nguyen4147@example.com,0653036355,1977-05-23,Lyon,etudiant,2025-11-21,non
CL104148,Robert,Gabriel,gabriel.robert4148@example.com,0655225719,1985-08-04,Lille,aucun,2025-11-06,non
CL104149,Michel,Camille,camille.michel4149@example.com,0673711334,1963-01-12,Lyon,entreprise,2025-10-12,
CL104150,Michel,Chloe,chloe.michel4150@example.com,0661660001,1973-05-18,Lyon,aucun,2026-07-25,oui
CL104151,Simon,Sofia,sofia.simon4151@example.com,0626833743,1962-08-17,Nantes,mensuel,2025-08-18,non
CL104152,Petit,Jade,jade.petit4152@example.com,0651761360,1962-04-20,Lyon,annuel,2025-11-05,non
CL104153,Bernard,Karim,karim.bernard4153@example.com,0641334179,1960-05-25,Nantes,aucun,2026-08-02,non
CL104154,Simon,Mehdi,mehdi.simon4154@example.com,0699769853,1991-12-26,Lille,mensuel,2026-08-23,
CL104155,Fournier,Amira,amira.fournier4155@example.com,0621849540,1984-09-25,Lille,aucun,2025-08-15,non
CL104156,Martin,Ines,ines.martin4156@example.com,0617728375,1960-11-27,Lille,etudiant,2025-07-15,
CL104157,Moreau,Amira,amira.moreau4157@example.com,0695145802,1982-03-01,Nantes,aucun,2026-09-06,oui
CL104158,Moreau,Gabriel,gabriel.moreau4158@example.com,0669130973,1988-07-24,Lille,etudiant,2025-05-10,
CL104159,Nguyen,Adam,adam.nguyen4159@example.com,0676265154,1975-01-12,Lyon,aucun,2026-09-21,
CL104160,Laurent,Louise,louise.laurent4160@example.com,0642702563,1965-09-13,Lille,aucun,2026-08-23,
CL104161,Simon,Camille,camille.simon4161@example.com,0643970803,1965-05-10,Nantes,annuel,2026-10-08,oui
CL104162,Fournier,Sofia,sofia.fournier4162@example.com,0630546251,1999-09-06,Nantes,mensuel,2026-08-06,
CL104163,Nguyen,Ines,ines.nguyen4163@example.com,0613558085,1966-04-22,Nantes,annuel,2025-11-23,oui
CL104164,Martin,Jade,jade.martin4164@example.com,0612067892,2002-01-14,Lyon,etudiant,2025-06-29,
CL104165,Benali,Rayan,rayan.benali4165@example.com,0630995521,1962-02-13,Lille,annuel,2026-01-27,oui
CL104166,Robert,Chloe,chloe.robert4166@example.com,0699961337,1962-11-30,Grenoble,aucun,2026-10-03,
CL104167,Laurent,Noah,noah.laurent4167@example.com,0636968513,2003-06-28,Lille,aucun,2026-01-25,oui
CL104168,Petit,Rayan,rayan.petit4168@example.com,0652990196,2002-05-24,Lyon,mensuel,2026-01-14,non
CL104169,Fournier,Jade,jade.fournier4169@example.com,0621096062,2002-02-05,Lyon,mensuel,2026-02-12,oui
CL104170,Fournier,Camille,camille.fournier4170@example.com,0651853965,1984-05-21,Nantes,aucun,2026-06-20,
CL104171,Girard,Manon,manon.girard4171@example.com,0679229143,1987-10-03,Lyon,aucun,2025-08-09,oui
CL104172,Laurent,Chloe,chloe.laurent4172@example.com,0688461760,1971-03-09,Lyon,annuel,2025-12-29,non
CL104173,Simon,Adam,adam.simon4173@example.com,0640537893,1964-10-15,Nantes,aucun,2025-08-14,oui
CL104174,Robert,Sofia,sofia.robert4174@example.com,0678118568,1989-03-18,Lyon,aucun,2025-03-25,oui
CL104175,Simon,Noah,noah.simon4175@example.com,0650789359,1984-11-08,Lyon,mensuel,2025-05-11,
CL104176,Dubois,Hugo,hugo.dubois4176@example.com,0698003795,1967-01-16,Lyon,mensuel,2026-01-03,non
CL104177,Bernard,Amira,amira.bernard4177@example.com,0637504524,1998-04-14,Nantes,aucun,2026-09-28,non
CL104178,Garcia,Sofia,sofia.garcia4178@example.com,0625206892,2000-02-23,Lille,aucun,2025-03-13,non
CL104179,Benali,Camille,camille.benali4179@example.com,0679247162,1965-12-30,Lyon,etudiant,2025-04-24,
CL104180,Robert,Jade,jade.robert4180@example.com,0666277630,1960-06-25,Nantes,entreprise,2025-07-03,
CL104181,Martin,Rayan,rayan.martin4181@example.com,0654514285,1972-04-29,Lyon,annuel,2026-10-20,non
CL104182,Robert,Gabriel,gabriel.robert4182@example.com,0619894246,1973-10-18,Lyon,mensuel,2026-05-19,oui
CL104183,Petit,Camille,camille.petit4183@example.com,0662428592,1998-10-13,Nantes,annuel,2025-11-03,
CL104184,Moreau,Hugo,hugo.moreau4184@example.com,0627314979,1970-10-27,Nantes,annuel,2025-11-05,non
CL104185,Roux,Hugo,hugo.roux4185@example.com,0684961467,1988-06-29,Lyon,mensuel,2025-05-26,
CL104186,Roux,Chloe,chloe.roux4186@example.com,0633403287,1995-12-29,Lyon,aucun,2026-07-31,non
CL104187,Dubois,Chloe,chloe.dubois4187@example.com,0692957049,1965-08-05,Lyon,mensuel,2025-09-15,oui
CL104188,Robert,Karim,karim.robert4188@example.com,0678825300,1983-11-04,Nantes,aucun,2026-09-03,non
CL104189,Roux,Yanis,yanis.roux4189@example.com,0688303522,1982-11-28,Nantes,aucun,2026-06-06,oui
CL104190,Garcia,Gabriel,gabriel.garcia4190@example.com,0646362246,1978-06-06,Lyon,mensuel,2026-10-06,oui
CL104191,Benali,Adam,adam.benali4191@example.com,0697622409,1998-06-22,Lille,aucun,2026-05-01,
CL104192,Simon,Noah,noah.simon4192@example.com,0624507260,1984-12-28,Lyon,aucun,2026-10-13,non
CL104193,Girard,Noah,noah.girard4193@example.com,0656767624,1994-06-29,Lille,aucun,2025-03-04,
CL104194,Moreau,Karim,karim.moreau4194@example.com,0665291892,1978-10-12,Lyon,aucun,2025-03-10,oui
CL104195,Durand,Chloe,chloe.durand4195@example.com,0637017382,1971-09-27,Lyon,mensuel,2025-03-30,non
CL104196,Laurent,Noah,noah.laurent4196@example.com,0626702952,1998-08-29,Lille,aucun,2026-05-08,
CL104197,Dubois,Amira,amira.dubois4197@example.com,0616075667,1967-10-25,Lille,aucun,2025-12-10,
CL104198,Fournier,Louise,louise.fournier4198@example.com,0651178762,1977-08-18,Lyon,annuel,2025-05-14,non
CL104199,Simon,Louise,louise.simon4199@example.com,0645883993,1987-12-17,Lyon,aucun,2026-01-22,oui
CL104200,Benali,Gabriel,gabriel.benali4200@example.com,0633616175,1996-02-08,Lyon,mensuel,2025-11-18,non
CL104201,Martin,Ines,ines.martin4201@example.com,0656487976,2000-11-29,Lille,mensuel,2025-07-04,oui
CL104202,Roux,Camille,camille.roux4202@example.com,0686878101,1995-12-25,Grenoble,mensuel,2025-12-14,
CL104203,Simon,Rayan,rayan.simon4203@example.com,0683313913,1988-11-13,Nantes,aucun,2026-07-05,non
CL104204,Simon,Camille,camille.simon4204@example.com,0698292711,1977-10-30,Lille,aucun,2026-07-05,oui
CL104205,Nguyen,Adam,adam.nguyen4205@example.com,0682927551,1987-02-16,Grenoble,aucun,2026-03-12,oui
CL104206,Durand,Noah,noah.durand4206@example.com,0695712505,1969-08-16,Nantes,annuel,2025-08-29,oui
CL104207,Durand,Ines,ines.durand4207@example.com,0632801254,1970-04-03,Lille,mensuel,2026-06-15,non
CL104208,Petit,Ines,ines.petit4208@example.com,0623163816,1960-07-24,Grenoble,aucun,2025-09-14,oui
CL104209,Michel,Hugo,hugo.michel4209@example.com,0616780976,1969-05-31,Nantes,annuel,2025-11-04,
CL104210,Durand,Karim,karim.durand4210@example.com,0670905998,1971-04-04,Grenoble,aucun,2026-01-30,oui
CL104211,Benali,Camille,camille.benali4211@example.com,0669647119,2003-10-18,Nantes,aucun,2025-06-21,non
CL104212,Benali,Camille,camille.benali4212@example.com,0670983904,1990-07-26,Lille,annuel,2026-07-11,oui
CL104213,Roux,Hugo,hugo.roux4213@example.com,0671581959,1989-11-26,Grenoble,mensuel,2025-06-04,oui
CL104214,Moreau,Rayan,rayan.moreau4214@example.com,0618478404,1992-08-12,Grenoble,annuel,2025-07-04,oui
CL104215,Dubois,Ines,ines.dubois4215@example.com,0657820546,1971-09-14,Lyon,aucun,2025-06-19,
CL104216,Bernard,Yanis,yanis.bernard4216@example.com,0632139234,1978-03-07,Lille,etudiant,2025-09-06,
CL104217,Fournier,Lea,lea.fournier4217@example.com,0612614417,1976-07-19,Lyon,mensuel,2025-07-03,non
CL104218,Roux,Mehdi,mehdi.roux4218@example.com,0619238430,1967-08-30,Nantes,mensuel,2026-02-13,non
CL104219,Martin,Lea,lea.martin4219@example.com,0616161511,1968-06-21,Nantes,entreprise,2026-05-25,
CL104220,Laurent,Sofia,sofia.laurent4220@example.com,0612274509,1982-01-12,Lille,mensuel,2026-04-15,
CL104221,Dubois,Karim,karim.dubois4221@example.com,0691790988,1980-12-29,Grenoble,annuel,2025-09-22,
CL104222,Nguyen,Ines,ines.nguyen4222@example.com,0641846561,2002-01-16,Nantes,aucun,2026-02-20,
CL104223,Benali,Yanis,yanis.benali4223@example.com,0612972204,2001-07-18,Grenoble,entreprise,2026-03-14,non
CL104224,Benali,Hugo,hugo.benali4224@example.com,0635877228,1970-11-06,Nantes,aucun,2026-10-08,
CL104225,Durand,Manon,manon.durand4225@example.com,0626869534,1969-02-07,Lille,mensuel,2026-04-23,non
CL104226,Dubois,Louise,louise.dubois4226@example.com,0687533451,1992-07-30,Nantes,mensuel,2025-08-28,
CL104227,Dubois,Lea,lea.dubois4227@example.com,0666467267,1966-10-02,Lyon,mensuel,2025-03-03,non
CL104228,Laurent,Louise,louise.laurent4228@example.com,0685879243,1970-01-07,Lyon,mensuel,2025-10-07,
CL104229,Robert,Karim,karim.robert4229@example.com,0643690075,1962-12-01,Lille,etudiant,2026-05-25,
CL104230,Simon,Hugo,hugo.simon4230@example.com,0623155576,1963-10-10,Lyon,aucun,2025-07-31,non
CL104231,Benali,Hugo,hugo.benali4231@example.com,0628168552,1999-10-08,Grenoble,aucun,2026-05-24,
CL104232,Benali,Camille,camille.benali4232@example.com,0697278896,1979-05-23,Lyon,etudiant,2025-10-20,non
CL104233,Robert,Noah,noah.robert4233@example.com,0641768694,1981-02-04,Lille,aucun,2026-02-02,oui
CL104234,Petit,Gabriel,gabriel.petit4234@example.com,0647375484,1967-09-03,Lyon,aucun,2025-09-03,
CL104235,Martin,Gabriel,gabriel.martin4235@example.com,0665240489,1996-02-22,Lille,annuel,2025-04-23,oui
CL104236,Petit,Noah,noah.petit4236@example.com,0658678434,1961-11-10,Nantes,mensuel,2025-07-27,non
CL104237,Fournier,Camille,camille.fournier4237@example.com,0641702452,1964-11-14,Nantes,annuel,2026-05-14,non
CL104238,Robert,Jade,jade.robert4238@example.com,0631448348,1969-12-07,Lyon,aucun,2026-09-05,non
CL104239,Benali,Manon,manon.benali4239@example.com,0626250026,1992-09-08,Lyon,entreprise,2026-10-05,non
CL104240,Dubois,Lea,lea.dubois4240@example.com,0647611891,1988-02-27,Lyon,mensuel,2026-08-16,
CL104241,Simon,Louise,louise.simon4241@example.com,0680937934,1986-12-02,Lyon,etudiant,2026-09-25,
CL104242,Laurent,Manon,manon.laurent4242@example.com,0669464668,2002-10-04,Lille,aucun,2025-03-16,oui
CL104243,Michel,Amira,amira.michel4243@example.com,0684879369,1967-05-13,Lille,aucun,2026-03-15,non
CL104244,Michel,Louise,louise.michel4244@example.com,0616664265,1966-09-30,Nantes,aucun,2025-06-23,oui
CL104245,Laurent,Manon,manon.laurent4245@example.com,0675977638,1979-02-02,Lyon,aucun,2026-03-31,oui
CL104246,Laurent,Hugo,hugo.laurent4246@example.com,0643081173,1978-04-15,Lyon,aucun,2026-01-23,non
CL104247,Durand,Ines,ines.durand4247@example.com,0691159198,1975-04-03,Grenoble,etudiant,2026-01-01,non
CL104248,Bernard,Jade,jade.bernard4248@example.com,0679977067,1978-01-20,Nantes,mensuel,2025-05-06,
CL104249,Moreau,Gabriel,gabriel.moreau4249@example.com,0681558467,1982-05-28,Lille,mensuel,2026-10-08,non
CL104250,Garcia,Lea,lea.garcia4250@example.com,0617388086,2002-07-11,Nantes,mensuel,2025-12-07,non
CL104251,Benali,Chloe,chloe.benali4251@example.com,0690383938,1991-08-16,Lyon,annuel,2025-05-18,non
CL104252,Fournier,Lea,lea.fournier4252@example.com,0620892464,1990-06-11,Lille,aucun,2026-05-06,oui
CL104253,Roux,Mehdi,mehdi.roux4253@example.com,0691625813,1993-05-01,Lyon,mensuel,2025-06-08,non
CL104254,Benali,Amira,amira.benali4254@example.com,0634213525,1969-11-08,Lille,aucun,2026-07-21,
CL104255,Roux,Chloe,chloe.roux4255@example.com,0697118834,1982-11-01,Lille,mensuel,2026-04-02,
CL104256,Simon,Adam,adam.simon4256@example.com,0639693846,1983-08-19,Lyon,etudiant,2026-03-27,oui
CL104257,Michel,Rayan,rayan.michel4257@example.com,0640682171,1996-03-18,Nantes,aucun,2025-11-07,
CL104258,Girard,Jade,jade.girard4258@example.com,0627858372,1979-03-23,Lyon,etudiant,2025-08-12,oui
CL104259,Michel,Gabriel,gabriel.michel4259@example.com,0687418574,1971-06-17,Lyon,aucun,2026-04-28,
CL104260,Michel,Camille,camille.michel4260@example.com,0689198422,1991-07-30,Nantes,annuel,2026-07-09,oui
CL104261,Michel,Louise,louise.michel4261@example.com,0653107737,1966-03-03,Lille,etudiant,2026-09-05,
CL104262,Michel,Sofia,sofia.michel4262@example.com,0682788705,1974-01-15,Lyon,aucun,2026-08-02,oui
CL104263,Petit,Ines,ines.petit4263@example.com,0631389211,1977-10-23,Lyon,aucun,2026-03-09,non
CL104264,Fournier,Gabriel,gabriel.fournier4264@example.com,0641051010,1962-06-14,Lyon,aucun,2025-06-15,
CL104265,Moreau,Mehdi,mehdi.moreau4265@example.com,0673402332,1991-09-25,Nantes,aucun,2026-09-26,oui
CL104266,Fournier,Hugo,hugo.fournier4266@example.com,0645415333,2000-12-02,Lyon,aucun,2025-04-01,non
CL104267,Nguyen,Mehdi,mehdi.nguyen4267@example.com,0614669900,1976-09-09,Lyon,annuel,2025-09-24,non
CL104268,Roux,Karim,karim.roux4268@example.com,0632270204,1969-04-26,Nantes,annuel,2025-09-01,oui
CL104269,Garcia,Manon,manon.garcia4269@example.com,0659276931,1970-09-20,Lyon,aucun,2025-07-15,non
CL104270,Fournier,Adam,adam.fournier4270@example.com,0622878373,1962-01-29,Nantes,aucun,2025-03-24,non
CL104271,Michel,Manon,manon.michel4271@example.com,0620076496,1978-06-21,Lyon,aucun,2025-07-06,
CL104272,Dubois,Mehdi,mehdi.dubois4272@example.com,0617222446,1991-10-29,Lyon,aucun,2026-07-21,
CL104273,Robert,Lea,lea.robert4273@example.com,0629011062,2000-12-16,Grenoble,mensuel,2026-01-16,non
CL104274,Martin,Gabriel,gabriel.martin4274@example.com,0675428887,1986-04-23,Nantes,aucun,2025-09-09,oui
CL104275,Nguyen,Yanis,yanis.nguyen4275@example.com,0684565144,1980-02-04,Lyon,aucun,2026-04-30,oui
CL104276,Laurent,Noah,noah.laurent4276@example.com,0610384630,1975-08-04,Lyon,aucun,2025-03-08,non
CL104277,Bernard,Lea,lea.bernard4277@example.com,0649000313,1963-09-24,Lyon,mensuel,2026-10-18,oui
CL104278,Nguyen,Sofia,sofia.nguyen4278@example.com,0647248917,1975-10-17,Lyon,mensuel,2025-08-10,non
CL104279,Martin,Ines,ines.martin4279@example.com,0638939141,1972-08-05,Lille,aucun,2026-03-13,
CL104280,Nguyen,Noah,noah.nguyen4280@example.com,0615757991,1973-04-03,Lille,annuel,2026-05-07,non
CL104281,Laurent,Ines,ines.laurent4281@example.com,0635865927,1988-12-27,Lyon,mensuel,2025-06-19,
CL104282,Durand,Ines,ines.durand4282@example.com,0670920644,1961-04-27,Lille,aucun,2025-11-10,
CL104283,Girard,Ilyes,ilyes.girard4283@example.com,0675304102,2001-07-15,Lyon,mensuel,2025-08-10,
CL104284,Girard,Yanis,yanis.girard4284@example.com,0669709675,1998-05-21,Lyon,entreprise,2026-10-17,oui
CL104285,Martin,Chloe,chloe.martin4285@example.com,0610581115,1965-02-02,Lyon,mensuel,2026-07-11,
CL104286,Michel,Sofia,sofia.michel4286@example.com,0682067413,1976-04-16,Lyon,etudiant,2026-07-31,oui
CL104287,Martin,Ilyes,ilyes.martin4287@example.com,0684296643,2001-12-19,Grenoble,entreprise,2026-03-09,non
CL104288,Benali,Manon,manon.benali4288@example.com,0644721270,1984-02-07,Lille,mensuel,2025-08-27,
CL104289,Michel,Chloe,chloe.michel4289@example.com,0675665563,1966-07-13,Lille,etudiant,2026-09-03,
CL104290,Durand,Chloe,chloe.durand4290@example.com,0628721827,1998-08-01,Lyon,aucun,2026-01-01,non
CL104291,Girard,Camille,camille.girard4291@example.com,0613344364,1998-11-11,Lille,aucun,2026-07-13,non
CL104292,Moreau,Chloe,chloe.moreau4292@example.com,0633975679,1990-04-29,Nantes,mensuel,2026-10-17,
CL104293,Robert,Louise,louise.robert4293@example.com,0678967856,1984-03-24,Lille,aucun,2026-06-19,
CL104294,Fournier,Rayan,rayan.fournier4294@example.com,0695398691,1997-09-22,Lille,entreprise,2026-07-29,oui
CL104295,Simon,Gabriel,gabriel.simon4295@example.com,0652750069,1998-05-30,Lyon,mensuel,2026-05-09,non
CL104296,Durand,Karim,karim.durand4296@example.com,0627028593,1971-06-17,Lyon,aucun,2025-04-11,non
CL104297,Nguyen,Amira,amira.nguyen4297@example.com,0648648989,1998-09-28,Nantes,aucun,2026-09-22,
CL104298,Dubois,Camille,camille.dubois4298@example.com,0625636556,1982-11-21,Lille,entreprise,2025-10-28,oui
CL104299,Robert,Noah,noah.robert4299@example.com,0631436150,1996-05-19,Lyon,aucun,2025-07-22,oui
CL104300,Fournier,Ilyes,ilyes.fournier4300@example.com,0669869323,1969-08-30,Nantes,aucun,2026-03-07,oui
CL104301,Petit,Lea,lea.petit4301@example.com,0621692962,2002-09-22,Lyon,annuel,2026-01-31,
CL104302,Moreau,Rayan,rayan.moreau4302@example.com,0646069159,1994-12-27,Lyon,aucun,2026-08-31,
CL104303,Roux,Ilyes,ilyes.roux4303@example.com,0627559872,1993-01-19,Lille,etudiant,2025-11-22,oui
CL104304,Garcia,Mehdi,mehdi.garcia4304@example.com,0626750972,1992-03-23,Lyon,aucun,2026-06-29,oui
CL104305,Bernard,Karim,karim.bernard4305@example.com,0662720982,1969-09-29,Lyon,annuel,2025-12-08,
CL104306,Michel,Louise,louise.michel4306@example.com,0633223533,1997-03-13,Nantes,aucun,2025-10-09,oui
CL104307,Nguyen,Hugo,hugo.nguyen4307@example.com,0658971071,1964-10-09,Lyon,etudiant,2025-12-18,
CL104308,Robert,Rayan,rayan.robert4308@example.com,0636433266,1984-05-25,Lyon,mensuel,2026-05-02,
CL104309,Laurent,Rayan,rayan.laurent4309@example.com,0693442279,1987-05-12,Nantes,aucun,2025-08-24,
CL104310,Simon,Amira,amira.simon4310@example.com,0676758756,1963-10-14,Grenoble,mensuel,2026-09-17,
CL104311,Simon,Hugo,hugo.simon4311@example.com,0668997320,1974-04-02,Lille,mensuel,2026-10-14,non
CL104312,Nguyen,Chloe,chloe.nguyen4312@example.com,0615218040,1979-11-10,Grenoble,aucun,2026-05-11,oui
CL104313,Moreau,Gabriel,gabriel.moreau4313@example.com,0676925728,1974-09-22,Lyon,etudiant,2025-08-12,oui
CL104314,Robert,Chloe,chloe.robert4314@example.com,0678866918,1998-11-29,Lyon,aucun,2026-06-04,oui
CL104315,Roux,Ilyes,ilyes.roux4315@example.com,0680482176,1962-11-13,Grenoble,aucun,2025-09-27,
CL104316,Petit,Adam,adam.petit4316@example.com,0654446752,1998-02-05,Grenoble,annuel,2026-02-10,
CL104317,Simon,Amira,amira.simon4317@example.com,0685818537,1983-12-15,Nantes,annuel,2026-06-10,
CL104318,Durand,Karim,karim.durand4318@example.com,0638753961,1974-07-19,Grenoble,aucun,2025-10-17,oui
CL104319,Dubois,Hugo,hugo.dubois4319@example.com,0631542568,1983-07-19,Lyon,aucun,2026-06-20,oui
CL104320,Dubois,Jade,jade.dubois4320@example.com,0644830333,1964-03-15,Lyon,mensuel,2025-06-08,non
CL104321,Michel,Manon,manon.michel4321@example.com,0627015369,1971-02-12,Nantes,annuel,2025-09-19,oui
CL104322,Girard,Ines,ines.girard4322@example.com,0671167901,1986-06-19,Lyon,aucun,2026-08-30,non
CL104323,Girard,Manon,manon.girard4323@example.com,0614145634,1994-12-28,Lyon,aucun,2025-05-23,oui
CL104324,Garcia,Ilyes,ilyes.garcia4324@example.com,0637724562,1991-07-26,Lyon,etudiant,2025-11-08,non
CL104325,Girard,Camille,camille.girard4325@example.com,0670325404,1986-06-04,Lille,etudiant,2025-03-05,oui
CL104326,Bernard,Louise,louise.bernard4326@example.com,0699957656,1971-05-21,Lille,aucun,2026-09-17,non
CL104327,Laurent,Ines,ines.laurent4327@example.com,0615118996,1963-09-20,Lille,aucun,2025-10-09,oui
CL104328,Michel,Amira,amira.michel4328@example.com,0665983904,1984-11-18,Lille,annuel,2025-07-31,non
CL104329,Durand,Rayan,rayan.durand4329@example.com,0624977570,2001-01-25,Nantes,aucun,2025-07-05,
CL104330,Moreau,Yanis,yanis.moreau4330@example.com,0646325713,1999-05-25,Grenoble,mensuel,2026-03-06,oui
CL104331,Durand,Hugo,hugo.durand4331@example.com,0631066609,1984-10-29,Nantes,etudiant,2026-04-30,
CL104332,Laurent,Chloe,chloe.laurent4332@example.com,0696504624,1972-11-04,Lille,aucun,2026-02-03,non
CL104333,Laurent,Noah,noah.laurent4333@example.com,0626600647,1962-08-12,Lille,mensuel,2026-09-21,non
CL104334,Garcia,Lea,lea.garcia4334@example.com,0627298078,1990-12-03,Lille,mensuel,2026-09-05,non
CL104335,Roux,Chloe,chloe.roux4335@example.com,0685105619,1961-03-19,Nantes,annuel,2026-05-13,
CL104336,Petit,Jade,jade.petit4336@example.com,0651860902,1965-03-28,Nantes,mensuel,2026-08-28,oui
CL104337,Simon,Adam,adam.simon4337@example.com,0627332600,2003-09-15,Lille,aucun,2025-11-01,oui
CL104338,Bernard,Chloe,chloe.bernard4338@example.com,0675336766,1972-06-11,Lyon,mensuel,2026-07-29,
CL104339,Bernard,Hugo,hugo.bernard4339@example.com,0651724677,1966-10-16,Lyon,aucun,2026-04-07,non
CL104340,Benali,Ilyes,ilyes.benali4340@example.com,0683107802,1981-03-11,Grenoble,entreprise,2026-02-01,non
CL104341,Michel,Camille,camille.michel4341@example.com,0610210319,1981-12-13,Lille,mensuel,2026-07-13,
CL104342,Nguyen,Lea,lea.nguyen4342@example.com,0654016910,1968-07-07,Nantes,mensuel,2026-06-18,
CL104343,Bernard,Gabriel,gabriel.bernard4343@example.com,0695354402,1967-11-22,Lyon,mensuel,2026-09-11,
CL104344,Benali,Yanis,yanis.benali4344@example.com,0668324638,1977-08-20,Nantes,mensuel,2026-09-20,non
CL104345,Robert,Sofia,sofia.robert4345@example.com,0645439981,1982-07-27,Nantes,annuel,2025-09-12,non
CL104346,Nguyen,Rayan,rayan.nguyen4346@example.com,0674275687,1997-06-07,Lille,aucun,2026-02-15,
CL104347,Martin,Ines,ines.martin4347@example.com,0640862437,1961-08-21,Lyon,aucun,2025-05-23,oui
CL104348,Benali,Camille,camille.benali4348@example.com,0625040227,1969-02-06,Lille,etudiant,2026-09-26,
CL104349,Bernard,Yanis,yanis.bernard4349@example.com,0633470096,1962-08-29,Lyon,mensuel,2025-12-05,oui
CL104350,Fournier,Adam,adam.fournier4350@example.com,0617587546,1980-03-26,Lyon,annuel,2026-03-04,non
CL104351,Garcia,Sofia,sofia.garcia4351@example.com,0656897680,1983-05-04,Lyon,mensuel,2026-08-20,non
CL104352,Laurent,Jade,jade.laurent4352@example.com,0687165713,1966-07-17,Lille,mensuel,2025-07-21,
CL104353,Roux,Karim,karim.roux4353@example.com,0673183114,1988-09-05,Grenoble,annuel,2025-12-02,oui
CL104354,Dubois,Gabriel,gabriel.dubois4354@example.com,0696350464,1987-12-14,Lyon,aucun,2025-11-12,non
CL104355,Bernard,Jade,jade.bernard4355@example.com,0684907694,1994-04-04,Nantes,mensuel,2026-02-04,non
CL104356,Girard,Sofia,sofia.girard4356@example.com,0647043964,1988-04-19,Lille,etudiant,2025-06-17,
CL104357,Benali,Noah,noah.benali4357@example.com,0636429680,1982-10-04,Lyon,mensuel,2026-03-19,
CL104358,Durand,Amira,amira.durand4358@example.com,0624954567,2002-10-29,Lille,etudiant,2025-12-23,
CL104359,Robert,Mehdi,mehdi.robert4359@example.com,0633407564,1999-06-09,Nantes,aucun,2025-07-10,
CL104360,Moreau,Camille,camille.moreau4360@example.com,0616135597,1975-01-04,Grenoble,etudiant,2025-11-09,non
CL104361,Durand,Ines,ines.durand4361@example.com,0629699339,1978-10-21,Nantes,mensuel,2026-05-26,oui
CL104362,Garcia,Lea,lea.garcia4362@example.com,0648292595,1962-03-12,Lille,aucun,2026-01-13,oui
CL104363,Girard,Camille,camille.girard4363@example.com,0654765424,1981-09-20,Lyon,mensuel,2026-04-06,oui
CL104364,Fournier,Louise,louise.fournier4364@example.com,0680784004,1980-11-16,Lyon,aucun,2025-08-04,non
CL104365,Garcia,Ilyes,ilyes.garcia4365@example.com,0631602492,1985-06-30,Lille,annuel,2025-04-22,oui
CL104366,Dubois,Karim,karim.dubois4366@example.com,0610015931,1986-12-21,Grenoble,etudiant,2025-03-23,oui
CL104367,Durand,Lea,lea.durand4367@example.com,0695619161,1961-02-01,Lyon,mensuel,2025-07-08,non
CL104368,Simon,Amira,amira.simon4368@example.com,0699834407,1978-01-09,Grenoble,etudiant,2025-03-21,
CL104369,Michel,Jade,jade.michel4369@example.com,0690566217,1996-04-17,Nantes,mensuel,2026-09-17,non
CL104370,Robert,Manon,manon.robert4370@example.com,0670216864,1966-10-11,Nantes,etudiant,2025-08-22,
CL104371,Fournier,Jade,jade.fournier4371@example.com,0648685389,1995-05-31,Nantes,entreprise,2025-03-13,non
CL104372,Dubois,Noah,noah.dubois4372@example.com,0675954204,1968-05-09,Lyon,annuel,2025-11-05,oui
CL104373,Bernard,Louise,louise.bernard4373@example.com,0690239856,1983-01-12,Nantes,annuel,2026-03-15,
CL104374,Roux,Sofia,sofia.roux4374@example.com,0624591644,1960-05-26,Lyon,etudiant,2026-09-03,oui
CL104375,Moreau,Karim,karim.moreau4375@example.com,0665490839,1985-12-04,Lille,entreprise,2026-06-05,
CL104376,Durand,Gabriel,gabriel.durand4376@example.com,0621793884,1972-07-20,Lyon,mensuel,2026-05-24,oui
CL104377,Roux,Lea,lea.roux4377@example.com,0610825687,1960-05-10,Nantes,etudiant,2026-05-02,non
CL104378,Fournier,Adam,adam.fournier4378@example.com,0655500192,1960-02-13,Lyon,annuel,2026-07-24,
CL104379,Garcia,Adam,adam.garcia4379@example.com,0674200183,1993-07-10,Grenoble,mensuel,2025-12-07,non
CL104380,Benali,Chloe,chloe.benali4380@example.com,0670073446,1976-03-06,Lille,etudiant,2025-03-31,non
CL104381,Laurent,Mehdi,mehdi.laurent4381@example.com,0627708425,1997-04-17,Lyon,mensuel,2025-05-29,non
CL104382,Girard,Louise,louise.girard4382@example.com,0618261396,1999-10-19,Nantes,aucun,2026-09-25,non
CL104383,Martin,Gabriel,gabriel.martin4383@example.com,0665850129,1990-12-23,Lille,etudiant,2026-09-20,oui
CL104384,Petit,Noah,noah.petit4384@example.com,0677289511,1997-03-04,Nantes,aucun,2025-05-28,oui
CL104385,Robert,Noah,noah.robert4385@example.com,0629841269,1980-05-16,Nantes,annuel,2026-10-21,
CL104386,Girard,Hugo,hugo.girard4386@example.com,0679669905,1960-05-27,Grenoble,mensuel,2026-07-29,
CL104387,Roux,Louise,louise.roux4387@example.com,0646026797,1969-12-09,Lyon,mensuel,2025-04-29,non
CL104388,Nguyen,Rayan,rayan.nguyen4388@example.com,0649382262,1961-05-30,Lyon,mensuel,2025-04-12,oui
CL104389,Roux,Ines,ines.roux4389@example.com,0614257997,1986-03-28,Nantes,aucun,2025-10-04,oui
CL104390,Moreau,Ines,ines.moreau4390@example.com,0643497475,1991-12-12,Nantes,mensuel,2026-07-12,oui
CL104391,Durand,Manon,manon.durand4391@example.com,0615805415,1998-01-05,Lille,annuel,2025-11-01,non
CL104392,Simon,Manon,manon.simon4392@example.com,0611591582,1992-03-26,Lyon,mensuel,2026-06-08,oui
CL104393,Robert,Manon,manon.robert4393@example.com,0653173332,1982-03-08,Nantes,aucun,2026-09-07,
CL104394,Martin,Chloe,chloe.martin4394@example.com,0684947108,1992-02-14,Lyon,mensuel,2026-03-01,
CL104395,Bernard,Yanis,yanis.bernard4395@example.com,0644403290,1998-05-02,Lyon,aucun,2025-08-22,
CL104396,Dubois,Hugo,hugo.dubois4396@example.com,0651833183,1983-11-24,Nantes,aucun,2025-04-08,oui
CL104397,Roux,Ines,ines.roux4397@example.com,0673578719,1984-02-08,Grenoble,mensuel,2025-12-27,oui
CL104398,Fournier,Sofia,sofia.fournier4398@example.com,0616528793,1995-06-20,Lyon,aucun,2026-01-06,
CL104399,Garcia,Ilyes,ilyes.garcia4399@example.com,0625133491,1965-06-21,Lyon,annuel,2025-07-12,
CL104400,Durand,Manon,manon.durand4400@example.com,0694998226,1981-09-01,Lille,annuel,2025-09-25,oui
CL104401,Michel,Yanis,yanis.michel4401@example.com,0683469337,1981-02-26,Lyon,mensuel,2026-09-14,non
CL104402,Simon,Ines,ines.simon4402@example.com,0624728439,1992-12-05,Lille,mensuel,2025-07-21,non
CL104403,Robert,Louise,louise.robert4403@example.com,0624698778,1983-07-02,Lille,aucun,2026-08-25,
CL104404,Fournier,Mehdi,mehdi.fournier4404@example.com,0627135144,1966-03-31,Lyon,aucun,2026-06-25,
CL104405,Garcia,Mehdi,mehdi.garcia4405@example.com,0665889218,1962-01-31,Grenoble,etudiant,2026-02-11,oui
CL104406,Benali,Noah,noah.benali4406@example.com,0631156796,1986-02-16,Grenoble,etudiant,2026-02-20,oui
CL104407,Girard,Louise,louise.girard4407@example.com,0670899295,1992-06-14,Lille,annuel,2025-10-13,non
CL104408,Petit,Sofia,sofia.petit4408@example.com,0684899909,1996-03-14,Lille,annuel,2026-10-11,oui
CL104409,Bernard,Hugo,hugo.bernard4409@example.com,0631865623,1995-01-01,Lille,annuel,2026-08-06,oui
CL104410,Martin,Gabriel,gabriel.martin4410@example.com,0625950375,1996-03-27,Grenoble,annuel,2026-02-14,
CL104411,Roux,Gabriel,gabriel.roux4411@example.com,0697045605,1968-06-11,Nantes,annuel,2025-04-27,non
CL104412,Laurent,Yanis,yanis.laurent4412@example.com,0662050124,1981-11-28,Grenoble,aucun,2026-01-11,
CL104413,Girard,Louise,louise.girard4413@example.com,0643356723,1985-03-13,Lyon,aucun,2026-01-09,
CL104414,Fournier,Mehdi,mehdi.fournier4414@example.com,0654847601,1960-01-13,Lyon,aucun,2025-08-13,non
CL104415,Petit,Noah,noah.petit4415@example.com,0674876422,1995-01-21,Lille,etudiant,2026-06-16,
CL104416,Benali,Ines,ines.benali4416@example.com,0695503202,1990-08-20,Nantes,aucun,2026-08-13,oui
CL104417,Martin,Ines,ines.martin4417@example.com,0661545827,1964-02-29,Lille,mensuel,2025-11-11,non
CL104418,Dubois,Karim,karim.dubois4418@example.com,0685369150,1967-12-07,Grenoble,mensuel,2026-04-17,
CL104419,Nguyen,Yanis,yanis.nguyen4419@example.com,0641678006,1991-06-03,Grenoble,mensuel,2026-10-14,oui
CL104420,Simon,Lea,lea.simon4420@example.com,0626844419,2001-05-30,Nantes,mensuel,2025-04-22,oui
CL104421,Robert,Karim,karim.robert4421@example.com,0615227487,1978-04-02,Lyon,annuel,2025-07-11,oui
CL104422,Roux,Ilyes,ilyes.roux4422@example.com,0634421162,1991-05-15,Lille,mensuel,2025-04-09,non
CL104423,Robert,Lea,lea.robert4423@example.com,0643539888,1962-02-22,Lyon,etudiant,2025-09-27,oui
CL104424,Benali,Yanis,yanis.benali4424@example.com,0619546049,1966-04-16,Lille,mensuel,2025-06-17,non
CL104425,Benali,Gabriel,gabriel.benali4425@example.com,0668562087,1982-11-04,Nantes,etudiant,2026-09-03,non
CL104426,Garcia,Manon,manon.garcia4426@example.com,0683987993,1975-04-26,Lyon,annuel,2026-03-09,non
CL104427,Garcia,Camille,camille.garcia4427@example.com,0699120502,1996-07-19,Grenoble,mensuel,2025-10-22,
CL104428,Martin,Yanis,yanis.martin4428@example.com,0614443002,1974-12-20,Lyon,mensuel,2025-06-04,oui
CL104429,Bernard,Yanis,yanis.bernard4429@example.com,0678486949,1974-10-24,Lille,mensuel,2025-07-06,oui
CL104430,Nguyen,Chloe,chloe.nguyen4430@example.com,0697273109,1977-08-14,Lyon,annuel,2026-10-18,oui
CL104431,Durand,Mehdi,mehdi.durand4431@example.com,0687480351,1973-09-16,Lille,aucun,2025-05-02,
CL104432,Roux,Rayan,rayan.roux4432@example.com,0637091495,1966-09-11,Grenoble,entreprise,2025-12-03,oui
CL104433,Moreau,Hugo,hugo.moreau4433@example.com,0642000575,1968-07-15,Lyon,mensuel,2026-05-15,
CL104434,Simon,Lea,lea.simon4434@example.com,0643064831,1995-02-19,Grenoble,annuel,2025-12-13,oui
CL104435,Laurent,Mehdi,mehdi.laurent4435@example.com,0645680921,1992-12-27,Lille,mensuel,2025-06-29,oui
CL104436,Simon,Rayan,rayan.simon4436@example.com,0676391184,1982-04-06,Lille,etudiant,2026-01-21,
CL104437,Durand,Adam,adam.durand4437@example.com,0657672142,2000-05-21,Nantes,aucun,2025-03-02,
CL104438,Moreau,Louise,louise.moreau4438@example.com,0648582494,1981-07-30,Lille,aucun,2025-09-14,oui
CL104439,Petit,Sofia,sofia.petit4439@example.com,0632570578,1981-03-03,Grenoble,aucun,2026-06-17,oui
CL104440,Laurent,Chloe,chloe.laurent4440@example.com,0663018889,1981-07-30,Lyon,mensuel,2026-09-02,
CL104441,Garcia,Ilyes,ilyes.garcia4441@example.com,0692602957,1998-06-23,Lille,entreprise,2025-12-10,
CL104442,Bernard,Noah,noah.bernard4442@example.com,0647363163,1971-01-09,Grenoble,aucun,2026-08-14,
CL104443,Robert,Yanis,yanis.robert4443@example.com,0650788024,1971-03-14,Lyon,mensuel,2026-01-24,oui
CL104444,Nguyen,Adam,adam.nguyen4444@example.com,0649536493,1985-05-27,Lyon,etudiant,2026-03-11,
CL104445,Petit,Rayan,rayan.petit4445@example.com,0618470081,1993-06-29,Lyon,mensuel,2025-06-28,oui
CL104446,Laurent,Hugo,hugo.laurent4446@example.com,0610576340,2001-10-30,Nantes,mensuel,2025-12-10,
CL104447,Nguyen,Rayan,rayan.nguyen4447@example.com,0662789025,1987-03-30,Lille,aucun,2025-11-09,oui
CL104448,Nguyen,Sofia,sofia.nguyen4448@example.com,0689818493,1995-06-06,Lyon,mensuel,2026-05-17,
CL104449,Benali,Ilyes,ilyes.benali4449@example.com,0645491239,1994-05-16,Nantes,aucun,2026-08-26,non
CL104450,Fournier,Sofia,sofia.fournier4450@example.com,0649604510,1967-04-11,Grenoble,mensuel,2026-04-30,oui
CL104451,Petit,Rayan,rayan.petit4451@example.com,0673864455,1975-04-02,Lyon,annuel,2025-03-22,
CL104452,Bernard,Karim,karim.bernard4452@example.com,0617494318,1980-11-24,Nantes,mensuel,2026-05-09,
CL104453,Bernard,Rayan,rayan.bernard4453@example.com,0666096518,1972-04-30,Nantes,etudiant,2026-07-17,non
CL104454,Roux,Yanis,yanis.roux4454@example.com,0632753530,1977-02-24,Nantes,mensuel,2025-04-02,oui
CL104455,Bernard,Jade,jade.bernard4455@example.com,0695571581,1980-05-17,Lyon,aucun,2026-04-03,oui
CL104456,Bernard,Lea,lea.bernard4456@example.com,0667127367,1962-01-31,Grenoble,entreprise,2025-11-22,
CL104457,Bernard,Jade,jade.bernard4457@example.com,0692846739,1987-07-24,Lyon,annuel,2025-09-30,oui
CL104458,Michel,Hugo,hugo.michel4458@example.com,0643745524,1999-07-22,Grenoble,aucun,2025-05-10,non
CL104459,Bernard,Adam,adam.bernard4459@example.com,0688819859,1967-03-18,Lyon,aucun,2025-04-18,non
CL104460,Garcia,Adam,adam.garcia4460@example.com,0681708771,1982-11-10,Nantes,annuel,2025-11-20,oui
CL104461,Nguyen,Ilyes,ilyes.nguyen4461@example.com,0672260570,1968-01-27,Lille,etudiant,2025-07-01,
CL104462,Benali,Chloe,chloe.benali4462@example.com,0616803784,1975-04-09,Lyon,mensuel,2025-12-12,non
CL104463,Moreau,Lea,lea.moreau4463@example.com,0637970837,1999-12-20,Lille,aucun,2025-11-28,non
CL104464,Michel,Sofia,sofia.michel4464@example.com,0614864020,1963-02-25,Lille,annuel,2026-09-19,
CL104465,Fournier,Hugo,hugo.fournier4465@example.com,0688166471,1972-04-28,Lille,mensuel,2025-05-18,oui
CL104466,Dubois,Jade,jade.dubois4466@example.com,0618314300,1977-05-30,Lyon,aucun,2026-01-19,non
CL104467,Dubois,Chloe,chloe.dubois4467@example.com,0672015674,1965-04-21,Lille,aucun,2026-05-24,non
CL104468,Dubois,Camille,camille.dubois4468@example.com,0699235141,1973-10-24,Nantes,aucun,2026-09-15,oui
CL104469,Garcia,Rayan,rayan.garcia4469@example.com,0648719252,1974-07-23,Lille,aucun,2025-03-22,non
CL104470,Benali,Rayan,rayan.benali4470@example.com,0642421658,1993-07-04,Grenoble,aucun,2026-07-06,
CL104471,Fournier,Sofia,sofia.fournier4471@example.com,0656399758,1978-09-02,Lille,mensuel,2026-02-01,
CL104472,Michel,Gabriel,gabriel.michel4472@example.com,0630829126,1973-07-11,Nantes,etudiant,2026-06-18,
CL104473,Simon,Amira,amira.simon4473@example.com,0662819162,1983-08-05,Nantes,etudiant,2025-06-27,oui
CL104474,Benali,Noah,noah.benali4474@example.com,0651573625,1973-02-07,Nantes,etudiant,2025-11-16,
CL104475,Michel,Lea,lea.michel4475@example.com,0676619513,1967-02-27,Lille,etudiant,2025-03-20,non
CL104476,Simon,Rayan,rayan.simon4476@example.com,0623819343,2003-08-03,Lyon,aucun,2026-06-02,
CL104477,Garcia,Adam,adam.garcia4477@example.com,0676276593,1973-01-17,Lille,aucun,2025-03-29,oui
CL104478,Petit,Manon,manon.petit4478@example.com,0631373911,1989-05-03,Nantes,aucun,2025-09-18,oui
CL104479,Robert,Ines,ines.robert4479@example.com,0643729224,1974-06-08,Lyon,aucun,2026-04-22,oui
CL104480,Benali,Adam,adam.benali4480@example.com,0616502674,1976-07-02,Lille,aucun,2026-05-11,non
CL104481,Dubois,Rayan,rayan.dubois4481@example.com,0618898395,1986-03-05,Grenoble,aucun,2025-03-16,
CL104482,Laurent,Lea,lea.laurent4482@example.com,0613864743,1986-12-20,Lyon,aucun,2025-04-01,
CL104483,Bernard,Ilyes,ilyes.bernard4483@example.com,0686201706,1969-04-24,Grenoble,etudiant,2025-03-26,
CL104484,Simon,Jade,jade.simon4484@example.com,0678611910,1974-10-31,Lyon,aucun,2026-04-06,
CL104485,Petit,Sofia,sofia.petit4485@example.com,0652388320,1966-11-19,Grenoble,etudiant,2026-03-24,oui
CL104486,Petit,Ilyes,ilyes.petit4486@example.com,0616758898,1994-08-23,Lyon,etudiant,2025-09-09,non
CL104487,Robert,Karim,karim.robert4487@example.com,0699231406,2002-06-24,Nantes,annuel,2026-06-05,
CL104488,Nguyen,Amira,amira.nguyen4488@example.com,0657022300,1996-10-09,Lyon,aucun,2026-01-19,oui
CL104489,Petit,Karim,karim.petit4489@example.com,0635959011,1972-01-09,Grenoble,aucun,2026-10-12,non
CL104490,Michel,Lea,lea.michel4490@example.com,0666965129,1982-11-10,Lyon,aucun,2025-10-27,non
CL104491,Robert,Mehdi,mehdi.robert4491@example.com,0613715038,1989-06-17,Grenoble,mensuel,2026-06-18,
CL104492,Garcia,Lea,lea.garcia4492@example.com,0613516713,1993-11-02,Lille,mensuel,2025-05-16,non
CL104493,Garcia,Karim,karim.garcia4493@example.com,0659508562,1977-05-07,Lille,aucun,2026-04-03,
CL104494,Martin,Adam,adam.martin4494@example.com,0689398482,1967-12-23,Lyon,mensuel,2026-01-01,oui
CL104495,Laurent,Louise,louise.laurent4495@example.com,0686639669,1971-07-19,Lyon,annuel,2026-10-10,oui
CL104496,Laurent,Chloe,chloe.laurent4496@example.com,0660898516,1999-10-11,Lille,etudiant,2026-01-07,
CL104497,Roux,Manon,manon.roux4497@example.com,0623066561,1994-02-18,Lyon,annuel,2025-08-24,non
CL104498,Dubois,Ilyes,ilyes.dubois4498@example.com,0637728925,1971-06-18,Lyon,etudiant,2026-03-17,
CL104499,Simon,Camille,camille.simon4499@example.com,0647311014,1997-07-29,Lille,aucun,2026-04-09,non
CL104500,Martin,Adam,adam.martin4500@example.com,0613582496,1968-02-11,Lille,mensuel,2025-12-14,non
CL104501,Benali,Louise,louise.benali4501@example.com,0698707342,1962-03-30,Nantes,aucun,2026-04-27,non
CL104502,Girard,Lea,lea.girard4502@example.com,0617436369,1962-03-01,Lille,aucun,2026-03-26,oui
CL104503,Robert,Sofia,sofia.robert4503@example.com,0675480556,1975-12-24,Nantes,mensuel,2025-12-07,
CL104504,Robert,Camille,camille.robert4504@example.com,0656953702,1983-06-13,Lyon,aucun,2026-02-12,
CL104505,Roux,Louise,louise.roux4505@example.com,0670796215,1994-03-22,Lille,mensuel,2025-03-10,non
CL104506,Roux,Manon,manon.roux4506@example.com,0668541155,1978-03-26,Lyon,aucun,2025-08-27,
CL104507,Petit,Chloe,chloe.petit4507@example.com,0690307018,1980-09-09,Nantes,annuel,2025-05-27,oui
CL104508,Robert,Yanis,yanis.robert4508@example.com,0699739347,1964-05-02,Lyon,mensuel,2025-07-31,oui
CL104509,Robert,Gabriel,gabriel.robert4509@example.com,0612653466,1972-07-27,Nantes,aucun,2026-09-01,non
CL104510,Martin,Camille,camille.martin4510@example.com,0637021480,1999-09-04,Grenoble,annuel,2025-11-25,
CL104511,Fournier,Lea,lea.fournier4511@example.com,0652045061,1973-04-26,Lyon,aucun,2026-09-16,
CL104512,Martin,Mehdi,mehdi.martin4512@example.com,0663994957,1981-07-29,Lyon,aucun,2026-09-15,non
CL104513,Moreau,Lea,lea.moreau4513@example.com,0671252177,1961-06-13,Lyon,etudiant,2026-04-29,oui
CL104514,Dubois,Hugo,hugo.dubois4514@example.com,0693210897,1969-04-25,Lyon,aucun,2025-06-24,oui
CL104515,Roux,Manon,manon.roux4515@example.com,0695500658,1992-04-04,Lyon,aucun,2026-06-03,
CL104516,Durand,Karim,karim.durand4516@example.com,0698108342,1985-12-29,Grenoble,etudiant,2025-11-05,non
CL104517,Martin,Amira,amira.martin4517@example.com,0642509859,1997-01-21,Lyon,aucun,2025-03-16,
CL104518,Girard,Ines,ines.girard4518@example.com,0621448745,1993-12-17,Lyon,aucun,2026-04-20,
CL104519,Garcia,Lea,lea.garcia4519@example.com,0672031631,1980-10-19,Grenoble,mensuel,2025-08-30,
CL104520,Robert,Ilyes,ilyes.robert4520@example.com,0615012552,1963-04-12,Lyon,aucun,2025-03-21,oui
CL104521,Benali,Hugo,hugo.benali4521@example.com,0666370426,1992-02-29,Lyon,etudiant,2025-03-26,
CL104522,Roux,Hugo,hugo.roux4522@example.com,0686300595,1997-06-20,Nantes,annuel,2026-07-24,oui
CL104523,Nguyen,Lea,lea.nguyen4523@example.com,0677825478,1987-04-21,Nantes,mensuel,2026-07-25,non
CL104524,Michel,Manon,manon.michel4524@example.com,0614130570,1991-08-05,Nantes,entreprise,2026-01-03,non
CL104525,Moreau,Rayan,rayan.moreau4525@example.com,0638936597,1960-05-14,Nantes,annuel,2026-06-19,non
CL104526,Fournier,Ilyes,ilyes.fournier4526@example.com,0637497831,1979-01-03,Lyon,aucun,2025-04-29,oui
CL104527,Fournier,Louise,louise.fournier4527@example.com,0650679183,1991-10-31,Lille,annuel,2025-08-29,non
CL104528,Roux,Lea,lea.roux4528@example.com,0644913080,1967-11-29,Lille,annuel,2026-09-22,non
CL104529,Simon,Gabriel,gabriel.simon4529@example.com,0637963562,1989-02-12,Lyon,aucun,2026-06-24,non
CL104530,Durand,Adam,adam.durand4530@example.com,0660786843,1963-10-14,Grenoble,aucun,2025-10-26,non
CL104531,Simon,Noah,noah.simon4531@example.com,0697213470,1986-01-12,Nantes,etudiant,2025-03-31,
CL104532,Garcia,Yanis,yanis.garcia4532@example.com,0660653721,1971-03-23,Nantes,mensuel,2026-07-01,non
CL104533,Michel,Louise,louise.michel4533@example.com,0611752468,1980-06-02,Nantes,mensuel,2026-07-12,non
CL104534,Simon,Adam,adam.simon4534@example.com,0650253177,1970-05-31,Grenoble,etudiant,2025-12-20,non
CL104535,Bernard,Karim,karim.bernard4535@example.com,0693698432,1974-05-14,Lille,annuel,2025-04-23,oui
CL104536,Laurent,Louise,louise.laurent4536@example.com,0627738486,1983-02-17,Nantes,etudiant,2026-06-12,oui
CL104537,Fournier,Gabriel,gabriel.fournier4537@example.com,0653010018,2000-02-27,Nantes,aucun,2026-10-07,oui
CL104538,Garcia,Rayan,rayan.garcia4538@example.com,0635405188,1981-09-25,Lyon,mensuel,2025-12-03,non
CL104539,Roux,Mehdi,mehdi.roux4539@example.com,0684187563,2003-07-08,Lyon,aucun,2025-12-31,oui
CL104540,Laurent,Ines,ines.laurent4540@example.com,0616113349,1987-02-04,Grenoble,aucun,2026-08-27,
CL104541,Durand,Hugo,hugo.durand4541@example.com,0667037724,1981-03-10,Nantes,mensuel,2026-02-20,oui
CL104542,Michel,Mehdi,mehdi.michel4542@example.com,0648986464,1992-04-16,Lille,etudiant,2026-04-30,non
CL104543,Nguyen,Jade,jade.nguyen4543@example.com,0670054709,1978-06-02,Nantes,etudiant,2025-11-08,
CL104544,Robert,Adam,adam.robert4544@example.com,0691729290,2002-05-25,Nantes,aucun,2026-06-15,oui
CL104545,Nguyen,Manon,manon.nguyen4545@example.com,0658583893,1999-10-29,Nantes,aucun,2026-04-08,non
CL104546,Girard,Rayan,rayan.girard4546@example.com,0623873171,1974-03-24,Lyon,mensuel,2026-08-10,non
CL104547,Laurent,Ilyes,ilyes.laurent4547@example.com,0684578556,1970-10-28,Lyon,etudiant,2026-09-17,
CL104548,Robert,Lea,lea.robert4548@example.com,0663858517,1991-06-13,Lyon,aucun,2026-03-28,
CL104549,Bernard,Camille,camille.bernard4549@example.com,0629995677,2000-09-22,Nantes,aucun,2025-08-04,oui
CL104550,Benali,Amira,amira.benali4550@example.com,0642791465,1962-05-30,Lyon,annuel,2025-10-08,oui
CL104551,Benali,Ines,ines.benali4551@example.com,0626716315,1978-05-09,Lyon,mensuel,2026-02-13,
CL104552,Petit,Sofia,sofia.petit4552@example.com,0696705014,1998-08-22,Nantes,aucun,2025-08-04,non
CL104553,Michel,Hugo,hugo.michel4553@example.com,0680310408,1984-12-14,Lille,etudiant,2025-07-01,
CL104554,Girard,Chloe,chloe.girard4554@example.com,0619450434,1990-09-19,Lille,aucun,2025-05-31,
CL104555,Durand,Louise,louise.durand4555@example.com,0623145736,1961-04-10,Grenoble,annuel,2025-12-22,non
CL104556,Dubois,Mehdi,mehdi.dubois4556@example.com,0695701444,1968-10-26,Lyon,mensuel,2025-08-01,non
CL104557,Martin,Mehdi,mehdi.martin4557@example.com,0646746263,1988-01-31,Nantes,etudiant,2025-12-23,
CL104558,Durand,Louise,louise.durand4558@example.com,0669058267,2000-07-22,Lyon,mensuel,2026-03-31,oui
CL104559,Petit,Chloe,chloe.petit4559@example.com,0684774924,1963-10-16,Lyon,mensuel,2026-05-20,
CL104560,Durand,Gabriel,gabriel.durand4560@example.com,0626246325,1997-04-14,Lyon,aucun,2026-09-08,
CL104561,Bernard,Chloe,chloe.bernard4561@example.com,0662800195,1978-06-03,Lyon,mensuel,2025-06-18,oui
CL104562,Nguyen,Noah,noah.nguyen4562@example.com,0660425029,1974-05-07,Grenoble,annuel,2026-03-17,
CL104563,Simon,Ilyes,ilyes.simon4563@example.com,0611954543,1976-05-07,Lille,aucun,2025-10-05,oui
CL104564,Martin,Lea,lea.martin4564@example.com,0697826051,1965-12-07,Grenoble,etudiant,2025-10-06,non
CL104565,Garcia,Ilyes,ilyes.garcia4565@example.com,0618749106,1961-08-20,Grenoble,etudiant,2026-02-03,
CL104566,Petit,Sofia,sofia.petit4566@example.com,0652343979,1975-02-02,Lyon,mensuel,2026-02-10,oui
CL104567,Simon,Camille,camille.simon4567@example.com,0674356608,1965-02-01,Nantes,annuel,2025-06-15,
CL104568,Garcia,Ines,ines.garcia4568@example.com,0646100631,1984-06-13,Lyon,annuel,2026-02-04,
CL104569,Simon,Chloe,chloe.simon4569@example.com,0631190223,1973-05-27,Lyon,aucun,2026-05-30,
CL104570,Laurent,Chloe,chloe.laurent4570@example.com,0691625901,1963-10-09,Lille,aucun,2026-02-13,non
CL104571,Michel,Noah,noah.michel4571@example.com,0624412679,1980-05-18,Lyon,annuel,2026-09-12,non
CL104572,Petit,Lea,lea.petit4572@example.com,0694755877,1995-01-05,Grenoble,aucun,2026-05-16,
CL104573,Simon,Yanis,yanis.simon4573@example.com,0643509629,1970-11-26,Lille,aucun,2025-03-23,non
CL104574,Robert,Rayan,rayan.robert4574@example.com,0666268495,1981-02-24,Lille,etudiant,2025-04-27,oui
CL104575,Martin,Ines,ines.martin4575@example.com,0619112183,1989-10-21,Lyon,aucun,2026-02-04,non
CL104576,Simon,Karim,karim.simon4576@example.com,0610950249,1996-11-22,Lille,mensuel,2025-06-14,non
CL104577,Fournier,Louise,louise.fournier4577@example.com,0668986512,1982-05-01,Grenoble,mensuel,2025-06-14,oui
CL104578,Garcia,Gabriel,gabriel.garcia4578@example.com,0614350278,1992-09-13,Lyon,etudiant,2025-12-08,
CL104579,Simon,Adam,adam.simon4579@example.com,0691839560,1997-08-01,Nantes,etudiant,2025-11-07,non
CL104580,Petit,Gabriel,gabriel.petit4580@example.com,0659239189,1992-08-09,Nantes,mensuel,2025-05-10,non
CL104581,Roux,Lea,lea.roux4581@example.com,0688699077,1994-12-09,Lille,etudiant,2026-02-21,
CL104582,Laurent,Chloe,chloe.laurent4582@example.com,0686551432,1969-11-11,Lyon,aucun,2025-08-30,non
CL104583,Girard,Karim,karim.girard4583@example.com,0675964190,1988-04-22,Lyon,etudiant,2025-10-06,
CL104584,Martin,Ilyes,ilyes.martin4584@example.com,0635542567,1967-08-12,Nantes,mensuel,2025-06-24,non
CL104585,Fournier,Lea,lea.fournier4585@example.com,0643187990,1970-05-11,Grenoble,aucun,2025-07-02,non
CL104586,Dubois,Chloe,chloe.dubois4586@example.com,0643469223,1978-03-05,Grenoble,etudiant,2025-06-14,
CL104587,Laurent,Rayan,rayan.laurent4587@example.com,0649099307,1982-09-30,Nantes,aucun,2025-06-24,
CL104588,Laurent,Rayan,rayan.laurent4588@example.com,0628432496,1968-07-18,Grenoble,etudiant,2025-12-14,oui
CL104589,Bernard,Chloe,chloe.bernard4589@example.com,0632331141,1966-07-01,Grenoble,mensuel,2026-05-28,non
CL104590,Girard,Ines,ines.girard4590@example.com,0634694461,1977-10-18,Lyon,aucun,2025-10-26,
CL104591,Dubois,Hugo,hugo.dubois4591@example.com,0652068930,2000-06-04,Lyon,aucun,2026-09-02,oui
CL104592,Bernard,Manon,manon.bernard4592@example.com,0681736445,1972-01-21,Lyon,mensuel,2025-10-03,
CL104593,Benali,Rayan,rayan.benali4593@example.com,0632567799,1960-12-29,Lyon,annuel,2026-06-02,
CL104594,Laurent,Chloe,chloe.laurent4594@example.com,0653334676,1968-10-12,Lyon,aucun,2026-10-22,non
CL104595,Bernard,Ines,ines.bernard4595@example.com,0671671574,1998-02-03,Grenoble,entreprise,2026-05-04,oui
CL104596,Laurent,Rayan,rayan.laurent4596@example.com,0668730271,1965-06-17,Nantes,aucun,2025-08-17,
CL104597,Petit,Lea,lea.petit4597@example.com,0690925782,1970-06-27,Lyon,mensuel,2025-11-15,
CL104598,Simon,Noah,noah.simon4598@example.com,0620007367,1974-11-08,Lyon,etudiant,2026-09-01,non
CL104599,Laurent,Ines,ines.laurent4599@example.com,0677101391,1968-07-10,Lille,aucun,2025-06-12,oui
CL104600,Simon,Hugo,hugo.simon4600@example.com,0645187913,1988-02-04,Grenoble,annuel,2025-09-18,oui
CL104601,Michel,Jade,jade.michel4601@example.com,0646094282,1960-12-29,Grenoble,annuel,2026-03-27,
CL104602,Laurent,Chloe,chloe.laurent4602@example.com,0649038156,1997-06-29,Lyon,mensuel,2026-08-07,
CL104603,Michel,Amira,amira.michel4603@example.com,0693646588,1989-06-09,Nantes,annuel,2025-12-15,
CL104604,Bernard,Manon,manon.bernard4604@example.com,0647456457,1987-10-22,Lyon,mensuel,2026-07-13,
CL104605,Robert,Karim,karim.robert4605@example.com,0655640587,1966-10-24,Lille,mensuel,2026-07-16,
CL104606,Michel,Lea,lea.michel4606@example.com,0620521698,1969-08-15,Grenoble,mensuel,2026-05-25,
CL104607,Benali,Noah,noah.benali4607@example.com,0668378961,1990-04-19,Lyon,aucun,2026-01-02,oui
CL104608,Laurent,Noah,noah.laurent4608@example.com,0642856947,1994-09-05,Lille,mensuel,2025-04-12,non
CL104609,Roux,Ilyes,ilyes.roux4609@example.com,0612820078,1964-04-28,Nantes,annuel,2026-09-05,non
CL104610,Laurent,Lea,lea.laurent4610@example.com,0678689157,1988-03-31,Lille,annuel,2026-09-13,non
CL104611,Nguyen,Sofia,sofia.nguyen4611@example.com,0691862226,1982-01-14,Nantes,annuel,2026-06-13,
CL104612,Fournier,Ines,ines.fournier4612@example.com,0654856851,1991-06-20,Lyon,mensuel,2026-07-09,
CL104613,Benali,Camille,camille.benali4613@example.com,0643329279,1964-02-08,Grenoble,aucun,2025-09-24,
CL104614,Dubois,Hugo,hugo.dubois4614@example.com,0632235960,1992-03-09,Lille,aucun,2026-06-08,non
CL104615,Benali,Jade,jade.benali4615@example.com,0626813885,1992-04-20,Lyon,aucun,2026-10-02,oui
CL104616,Benali,Jade,jade.benali4616@example.com,0632483247,1960-03-07,Lyon,aucun,2026-09-10,oui
CL104617,Martin,Chloe,chloe.martin4617@example.com,0672347264,1968-05-09,Lyon,mensuel,2025-11-26,
CL104618,Garcia,Hugo,hugo.garcia4618@example.com,0697066595,1966-03-11,Lyon,aucun,2025-04-24,oui
CL104619,Michel,Adam,adam.michel4619@example.com,0687961757,1981-05-29,Grenoble,aucun,2025-04-03,oui
CL104620,Roux,Ines,ines.roux4620@example.com,0611250494,1986-12-23,Lyon,aucun,2025-04-15,non
CL104621,Durand,Amira,amira.durand4621@example.com,0642313101,1985-08-18,Lyon,aucun,2025-05-20,
CL104622,Girard,Karim,karim.girard4622@example.com,0686645879,1964-11-01,Nantes,mensuel,2026-04-09,
CL104623,Nguyen,Chloe,chloe.nguyen4623@example.com,0628265557,1983-09-18,Lyon,mensuel,2026-06-20,
CL104624,Benali,Chloe,chloe.benali4624@example.com,0690988469,1978-01-31,Nantes,etudiant,2026-04-05,
CL104625,Durand,Adam,adam.durand4625@example.com,0689308484,1990-03-12,Lyon,mensuel,2025-09-06,
CL104626,Laurent,Camille,camille.laurent4626@example.com,0647166997,1985-05-05,Grenoble,aucun,2025-08-06,non
CL104627,Dubois,Hugo,hugo.dubois4627@example.com,0649429403,1990-10-30,Grenoble,annuel,2026-08-29,oui
CL104628,Simon,Gabriel,gabriel.simon4628@example.com,0663906973,1999-01-15,Lille,mensuel,2026-03-03,oui
CL104629,Moreau,Gabriel,gabriel.moreau4629@example.com,0653109472,1997-05-05,Nantes,aucun,2026-06-25,
CL104630,Petit,Jade,jade.petit4630@example.com,0620141310,1984-07-20,Lyon,annuel,2026-02-05,oui
CL104631,Moreau,Rayan,rayan.moreau4631@example.com,0675496670,1983-01-03,Nantes,aucun,2025-11-20,
CL104632,Michel,Noah,noah.michel4632@example.com,0636375127,1975-12-28,Lille,annuel,2025-08-19,oui
CL104633,Garcia,Louise,louise.garcia4633@example.com,0627521768,1978-01-26,Lyon,aucun,2025-12-07,non
CL104634,Fournier,Yanis,yanis.fournier4634@example.com,0652837003,1990-05-14,Lille,etudiant,2025-12-31,non
CL104635,Dubois,Lea,lea.dubois4635@example.com,0660482365,1997-07-09,Lille,aucun,2025-08-02,
CL104636,Nguyen,Louise,louise.nguyen4636@example.com,0685003369,1984-06-20,Lille,entreprise,2025-06-21,oui
CL104637,Benali,Rayan,rayan.benali4637@example.com,0678761685,1969-03-31,Lyon,aucun,2026-04-20,oui
CL104638,Moreau,Gabriel,gabriel.moreau4638@example.com,0618657196,1998-11-05,Nantes,annuel,2025-03-28,
CL104639,Roux,Hugo,hugo.roux4639@example.com,0616116436,1972-02-20,Lille,aucun,2025-09-19,
CL104640,Garcia,Rayan,rayan.garcia4640@example.com,0692725833,1995-05-18,Nantes,annuel,2025-10-31,oui
CL104641,Simon,Yanis,yanis.simon4641@example.com,0680304395,1985-07-30,Lille,aucun,2025-12-10,
CL104642,Moreau,Yanis,yanis.moreau4642@example.com,0650267427,1992-12-18,Lille,aucun,2026-04-30,
CL104643,Robert,Gabriel,gabriel.robert4643@example.com,0610404239,1962-03-02,Grenoble,annuel,2025-11-19,non
CL104644,Garcia,Rayan,rayan.garcia4644@example.com,0623840111,1993-08-18,Nantes,mensuel,2026-07-21,
CL104645,Bernard,Jade,jade.bernard4645@example.com,0646627312,1973-01-30,Lyon,aucun,2025-05-03,oui
CL104646,Michel,Ines,ines.michel4646@example.com,0672944892,1962-07-29,Lille,mensuel,2025-07-18,oui
CL104647,Simon,Mehdi,mehdi.simon4647@example.com,0697355485,1988-07-14,Nantes,aucun,2026-08-05,oui
CL104648,Dubois,Lea,lea.dubois4648@example.com,0660282143,1960-08-13,Lyon,aucun,2026-02-09,non
CL104649,Nguyen,Gabriel,gabriel.nguyen4649@example.com,0623196651,1980-01-01,Lyon,etudiant,2026-07-19,non
CL104650,Robert,Jade,jade.robert4650@example.com,0669578169,1973-06-20,Lyon,mensuel,2025-05-29,oui
CL104651,Girard,Rayan,rayan.girard4651@example.com,0631576328,1965-01-30,Lyon,aucun,2026-10-19,non
CL104652,Martin,Gabriel,gabriel.martin4652@example.com,0672765846,1996-05-21,Lille,aucun,2025-09-03,
CL104653,Laurent,Gabriel,gabriel.laurent4653@example.com,0680925178,1999-06-23,Nantes,etudiant,2025-03-24,
CL104654,Laurent,Jade,jade.laurent4654@example.com,0630168452,1973-08-11,Lyon,aucun,2025-04-01,
CL104655,Benali,Lea,lea.benali4655@example.com,0693771850,1979-04-16,Lille,aucun,2026-03-21,
CL104656,Michel,Lea,lea.michel4656@example.com,0662999399,1998-01-08,Lille,mensuel,2026-03-12,
CL104657,Robert,Louise,louise.robert4657@example.com,0646626370,2001-02-26,Grenoble,etudiant,2026-07-21,non
CL104658,Bernard,Sofia,sofia.bernard4658@example.com,0626606087,1992-07-01,Grenoble,annuel,2026-08-27,
CL104659,Nguyen,Manon,manon.nguyen4659@example.com,0651895803,1962-02-05,Lyon,mensuel,2025-11-20,oui
CL104660,Fournier,Louise,louise.fournier4660@example.com,0678309032,1971-06-24,Lyon,aucun,2025-04-18,oui
CL104661,Dubois,Gabriel,gabriel.dubois4661@example.com,0680240302,1976-10-17,Nantes,entreprise,2025-10-31,oui
CL104662,Moreau,Adam,adam.moreau4662@example.com,0611075390,1974-11-20,Lille,aucun,2025-09-29,oui
CL104663,Durand,Gabriel,gabriel.durand4663@example.com,0636990004,1988-08-07,Lille,aucun,2026-10-16,oui
CL104664,Petit,Jade,jade.petit4664@example.com,0614860099,1981-05-14,Grenoble,aucun,2025-09-19,non
CL104665,Simon,Louise,louise.simon4665@example.com,0695102622,1994-01-29,Nantes,entreprise,2025-03-06,non
CL104666,Benali,Gabriel,gabriel.benali4666@example.com,0678609173,2001-08-06,Nantes,etudiant,2025-11-30,non
CL104667,Bernard,Camille,camille.bernard4667@example.com,0647844186,2003-07-17,Nantes,entreprise,2025-03-20,
CL104668,Simon,Yanis,yanis.simon4668@example.com,0618098380,1984-10-01,Nantes,aucun,2025-11-29,non
CL104669,Roux,Karim,karim.roux4669@example.com,0676433399,1972-01-27,Nantes,aucun,2025-09-22,oui
CL104670,Durand,Chloe,chloe.durand4670@example.com,0650059531,1967-12-06,Nantes,mensuel,2025-06-27,oui
CL104671,Dubois,Manon,manon.dubois4671@example.com,0698002563,1996-04-05,Lille,mensuel,2025-08-13,oui
CL104672,Fournier,Jade,jade.fournier4672@example.com,0682854293,2001-11-02,Grenoble,mensuel,2025-10-17,
CL104673,Dubois,Hugo,hugo.dubois4673@example.com,0639170152,1966-06-14,Lyon,mensuel,2025-08-28,
CL104674,Nguyen,Noah,noah.nguyen4674@example.com,0632355157,1966-07-22,Lyon,mensuel,2026-02-27,oui
CL104675,Michel,Chloe,chloe.michel4675@example.com,0694875396,1995-04-11,Lille,aucun,2026-04-23,non
CL104676,Fournier,Mehdi,mehdi.fournier4676@example.com,0691993391,1985-08-22,Lyon,aucun,2026-06-11,non
CL104677,Nguyen,Lea,lea.nguyen4677@example.com,0613929306,1973-12-20,Lyon,aucun,2026-02-06,non
CL104678,Roux,Gabriel,gabriel.roux4678@example.com,0615768475,1969-06-15,Grenoble,aucun,2026-10-07,non
CL104679,Simon,Amira,amira.simon4679@example.com,0620195474,1995-04-16,Lille,mensuel,2025-06-24,
CL104680,Girard,Adam,adam.girard4680@example.com,0646886902,1994-08-17,Lyon,aucun,2025-11-10,non
CL104681,Fournier,Mehdi,mehdi.fournier4681@example.com,0695885771,1974-03-05,Lyon,etudiant,2025-08-26,non
CL104682,Durand,Hugo,hugo.durand4682@example.com,0694936489,1972-04-23,Nantes,aucun,2025-08-02,
CL104683,Nguyen,Hugo,hugo.nguyen4683@example.com,0627461976,1972-04-09,Nantes,mensuel,2026-08-18,
CL104684,Michel,Chloe,chloe.michel4684@example.com,0654963407,1973-09-21,Grenoble,mensuel,2025-05-23,non
CL104685,Nguyen,Yanis,yanis.nguyen4685@example.com,0687015343,1988-09-28,Nantes,aucun,2026-04-23,oui
CL104686,Benali,Adam,adam.benali4686@example.com,0610415626,1975-02-24,Lille,mensuel,2025-08-26,non
CL104687,Girard,Mehdi,mehdi.girard4687@example.com,0662014696,1984-05-14,Lille,aucun,2025-05-22,
CL104688,Petit,Manon,manon.petit4688@example.com,0692998742,1990-11-03,Lyon,annuel,2026-08-05,
CL104689,Simon,Hugo,hugo.simon4689@example.com,0635807533,1987-08-27,Lyon,aucun,2026-03-04,oui
CL104690,Martin,Ilyes,ilyes.martin4690@example.com,0682419389,1977-07-23,Lyon,mensuel,2026-06-23,non
CL104691,Fournier,Manon,manon.fournier4691@example.com,0692139841,1981-07-05,Lyon,aucun,2026-04-20,oui
CL104692,Fournier,Amira,amira.fournier4692@example.com,0617246605,1999-09-27,Nantes,aucun,2025-03-11,non
CL104693,Bernard,Sofia,sofia.bernard4693@example.com,0692643014,1995-03-26,Lyon,aucun,2025-08-27,
CL104694,Durand,Mehdi,mehdi.durand4694@example.com,0678228194,1994-03-11,Lyon,mensuel,2025-12-19,
CL104695,Durand,Mehdi,mehdi.durand4695@example.com,0638832122,1982-08-16,Lyon,aucun,2026-08-24,
CL104696,Dubois,Karim,karim.dubois4696@example.com,0668888420,1973-09-10,Lyon,annuel,2026-07-16,non
CL104697,Laurent,Sofia,sofia.laurent4697@example.com,0681477769,1964-04-05,Nantes,annuel,2026-08-22,non
CL104698,Dubois,Amira,amira.dubois4698@example.com,0692864954,1995-05-13,Lille,aucun,2026-10-03,non
CL104699,Durand,Sofia,sofia.durand4699@example.com,0622518043,1994-02-14,Lille,etudiant,2025-10-29,oui
CL104700,Roux,Gabriel,gabriel.roux4700@example.com,0689366968,1976-06-11,Lyon,aucun,2025-07-20,oui
CL104701,Robert,Louise,louise.robert4701@example.com,0623616953,1967-03-10,Lyon,mensuel,2025-07-21,
CL104702,Robert,Lea,lea.robert4702@example.com,0666888327,1974-10-17,Lyon,etudiant,2026-02-14,oui
CL104703,Petit,Rayan,rayan.petit4703@example.com,0650530777,1980-04-18,Nantes,aucun,2025-11-19,
CL104704,Robert,Adam,adam.robert4704@example.com,0655575247,1982-12-04,Grenoble,annuel,2026-03-20,oui
CL104705,Nguyen,Adam,adam.nguyen4705@example.com,0698807418,1980-09-17,Nantes,aucun,2025-11-23,non
CL104706,Girard,Rayan,rayan.girard4706@example.com,0658191662,1970-03-01,Grenoble,mensuel,2025-08-26,oui
CL104707,Fournier,Ilyes,ilyes.fournier4707@example.com,0620527712,1989-04-05,Lyon,annuel,2025-08-23,
CL104708,Fournier,Rayan,rayan.fournier4708@example.com,0630210309,1989-01-10,Nantes,aucun,2025-07-11,oui
CL104709,Moreau,Camille,camille.moreau4709@example.com,0671348302,1987-07-19,Nantes,mensuel,2025-08-16,
CL104710,Simon,Louise,louise.simon4710@example.com,0622050214,1971-10-17,Lille,aucun,2025-07-23,non
CL104711,Laurent,Ilyes,ilyes.laurent4711@example.com,0647062476,1963-08-15,Lille,mensuel,2025-09-28,
CL104712,Bernard,Gabriel,gabriel.bernard4712@example.com,0632702883,1975-11-03,Lyon,aucun,2026-08-05,oui
CL104713,Bernard,Yanis,yanis.bernard4713@example.com,0676151561,1964-03-19,Lyon,annuel,2025-12-01,oui
CL104714,Martin,Sofia,sofia.martin4714@example.com,0657359575,1982-09-08,Lyon,etudiant,2026-01-09,oui
CL104715,Roux,Ines,ines.roux4715@example.com,0650784096,1984-09-04,Lyon,aucun,2026-09-12,oui
CL104716,Dubois,Adam,adam.dubois4716@example.com,0690092632,1982-04-11,Lyon,aucun,2026-08-27,
CL104717,Dubois,Chloe,chloe.dubois4717@example.com,0662593115,1997-06-19,Lille,aucun,2025-06-03,
CL104718,Garcia,Adam,adam.garcia4718@example.com,0645475453,1990-01-20,Nantes,mensuel,2025-11-21,
CL104719,Laurent,Louise,louise.laurent4719@example.com,0682182545,1998-04-07,Nantes,etudiant,2026-06-09,
CL104720,Simon,Chloe,chloe.simon4720@example.com,0649878696,1988-08-18,Lille,mensuel,2026-01-19,
CL104721,Laurent,Ilyes,ilyes.laurent4721@example.com,0691950232,1997-03-08,Nantes,aucun,2026-06-04,oui
CL104722,Robert,Mehdi,mehdi.robert4722@example.com,0695729456,1992-06-02,Grenoble,aucun,2026-05-02,oui
CL104723,Laurent,Manon,manon.laurent4723@example.com,0662364102,1987-03-03,Lille,aucun,2026-02-08,oui
CL104724,Nguyen,Noah,noah.nguyen4724@example.com,0653046608,1972-08-01,Lyon,etudiant,2025-07-12,oui
CL104725,Moreau,Camille,camille.moreau4725@example.com,0654792785,1973-01-18,Lyon,etudiant,2025-06-06,
CL104726,Petit,Gabriel,gabriel.petit4726@example.com,0614432968,1962-03-13,Grenoble,aucun,2025-04-07,oui
CL104727,Fournier,Jade,jade.fournier4727@example.com,0657071755,1976-08-10,Lille,aucun,2025-12-07,oui
CL104728,Nguyen,Sofia,sofia.nguyen4728@example.com,0657625795,1960-11-19,Lyon,etudiant,2025-03-26,
CL104729,Laurent,Ines,ines.laurent4729@example.com,0650530050,2000-01-10,Lille,etudiant,2026-08-05,
CL104730,Bernard,Adam,adam.bernard4730@example.com,0674859971,1996-06-13,Nantes,annuel,2026-09-09,non
CL104731,Dubois,Amira,amira.dubois4731@example.com,0636119566,1986-04-27,Lyon,aucun,2025-03-29,non
CL104732,Girard,Sofia,sofia.girard4732@example.com,0653247223,1986-03-23,Grenoble,etudiant,2025-05-19,
CL104733,Fournier,Louise,louise.fournier4733@example.com,0621194826,1985-10-18,Lille,aucun,2026-03-11,
CL104734,Nguyen,Sofia,sofia.nguyen4734@example.com,0629872331,2001-09-28,Lille,aucun,2026-09-29,non
CL104735,Petit,Ines,ines.petit4735@example.com,0694396081,1976-08-14,Lille,mensuel,2025-05-28,
CL104736,Martin,Mehdi,mehdi.martin4736@example.com,0678124755,1974-08-03,Lyon,mensuel,2026-04-23,oui
CL104737,Garcia,Sofia,sofia.garcia4737@example.com,0618728503,1974-04-10,Grenoble,aucun,2025-03-07,non
CL104738,Garcia,Sofia,sofia.garcia4738@example.com,0657078216,2000-08-13,Lyon,mensuel,2025-12-28,
CL104739,Durand,Yanis,yanis.durand4739@example.com,0630893809,1976-03-17,Lyon,entreprise,2025-12-31,oui
CL104740,Martin,Sofia,sofia.martin4740@example.com,0631958746,1980-05-30,Lyon,mensuel,2026-01-17,oui
CL104741,Moreau,Noah,noah.moreau4741@example.com,0616831842,1965-08-05,Grenoble,mensuel,2026-06-25,non
CL104742,Laurent,Ines,ines.laurent4742@example.com,0698526922,1997-08-16,Grenoble,aucun,2026-08-20,non
CL104743,Petit,Ilyes,ilyes.petit4743@example.com,0673391365,1993-10-31,Lyon,aucun,2026-05-12,
CL104744,Bernard,Rayan,rayan.bernard4744@example.com,0651359383,1977-09-24,Grenoble,mensuel,2025-10-06,oui
CL104745,Michel,Noah,noah.michel4745@example.com,0631367710,1971-09-07,Nantes,entreprise,2025-05-30,non
CL104746,Moreau,Hugo,hugo.moreau4746@example.com,0679046482,1975-02-26,Nantes,aucun,2026-01-02,non
CL104747,Girard,Mehdi,mehdi.girard4747@example.com,0641451229,1983-02-18,Lyon,entreprise,2026-06-13,
CL104748,Robert,Jade,jade.robert4748@example.com,0612312359,1974-06-25,Lyon,aucun,2026-03-07,non
CL104749,Bernard,Manon,manon.bernard4749@example.com,0656251664,1965-02-12,Grenoble,aucun,2025-05-17,oui
CL104750,Dubois,Hugo,hugo.dubois4750@example.com,0667003421,2001-03-13,Lille,aucun,2026-02-21,non
CL104751,Robert,Gabriel,gabriel.robert4751@example.com,0697216064,1965-11-03,Grenoble,mensuel,2026-01-24,non
CL104752,Martin,Ines,ines.martin4752@example.com,0618245376,1967-01-14,Nantes,aucun,2025-05-24,
CL104753,Girard,Yanis,yanis.girard4753@example.com,0691355132,1972-07-31,Grenoble,etudiant,2026-08-15,non
CL104754,Garcia,Gabriel,gabriel.garcia4754@example.com,0679175641,1996-06-10,Grenoble,aucun,2026-07-21,
CL104755,Nguyen,Chloe,chloe.nguyen4755@example.com,0687169133,1960-08-24,Lyon,etudiant,2025-04-24,
CL104756,Martin,Manon,manon.martin4756@example.com,0667059107,1991-08-11,Nantes,etudiant,2026-05-25,non
CL104757,Benali,Mehdi,mehdi.benali4757@example.com,0627549412,1998-11-24,Lille,aucun,2025-11-30,non
CL104758,Robert,Noah,noah.robert4758@example.com,0697955155,1970-02-11,Grenoble,aucun,2026-01-23,oui
CL104759,Benali,Manon,manon.benali4759@example.com,0683444698,1976-07-24,Lyon,mensuel,2026-02-21,
CL104760,Garcia,Chloe,chloe.garcia4760@example.com,0635061443,1990-04-24,Grenoble,mensuel,2026-03-25,
CL104761,Roux,Sofia,sofia.roux4761@example.com,0619059609,1971-10-24,Lyon,aucun,2026-05-25,
CL104762,Durand,Gabriel,gabriel.durand4762@example.com,0686091546,1990-12-29,Grenoble,mensuel,2025-07-30,oui
CL104763,Simon,Amira,amira.simon4763@example.com,0697951452,1984-08-08,Lille,annuel,2026-02-19,oui
CL104764,Petit,Ines,ines.petit4764@example.com,0676620695,1966-06-03,Lyon,etudiant,2026-05-21,non
CL104765,Martin,Karim,karim.martin4765@example.com,0668476045,1981-11-27,Lyon,aucun,2026-09-08,oui
CL104766,Martin,Louise,louise.martin4766@example.com,0631943144,1994-11-09,Lyon,etudiant,2025-08-23,oui
CL104767,Durand,Ines,ines.durand4767@example.com,0612623811,1998-09-08,Nantes,annuel,2025-06-14,oui
CL104768,Moreau,Gabriel,gabriel.moreau4768@example.com,0626736610,1962-06-18,Lyon,mensuel,2026-04-09,
CL104769,Durand,Lea,lea.durand4769@example.com,0696935287,1966-04-02,Grenoble,aucun,2026-02-27,oui
CL104770,Benali,Noah,noah.benali4770@example.com,0610366434,1984-04-17,Grenoble,mensuel,2026-02-03,oui
CL104771,Dubois,Karim,karim.dubois4771@example.com,0613590956,1984-03-29,Lille,aucun,2025-04-15,oui
CL104772,Moreau,Adam,adam.moreau4772@example.com,0691769645,1995-05-01,Lyon,aucun,2026-09-27,
CL104773,Moreau,Amira,amira.moreau4773@example.com,0669257973,1962-04-06,Nantes,etudiant,2025-05-18,
CL104774,Fournier,Camille,camille.fournier4774@example.com,0686436065,1966-09-06,Lyon,aucun,2025-12-20,
CL104775,Martin,Hugo,hugo.martin4775@example.com,0689056051,1974-10-02,Lille,aucun,2026-02-17,oui
CL104776,Dubois,Ines,ines.dubois4776@example.com,0672375267,1984-04-07,Lille,mensuel,2025-05-07,non
CL104777,Girard,Chloe,chloe.girard4777@example.com,0631400786,1962-05-10,Nantes,aucun,2026-10-14,
CL104778,Fournier,Ilyes,ilyes.fournier4778@example.com,0646512296,1986-05-02,Lille,etudiant,2026-01-01,oui
CL104779,Michel,Ines,ines.michel4779@example.com,0644414326,2001-11-23,Nantes,mensuel,2025-07-03,non
CL104780,Fournier,Rayan,rayan.fournier4780@example.com,0615910216,1994-11-07,Grenoble,aucun,2025-06-10,
CL104781,Girard,Mehdi,mehdi.girard4781@example.com,0696009148,1987-09-06,Lille,mensuel,2026-01-03,
CL104782,Fournier,Ilyes,ilyes.fournier4782@example.com,0698207249,1976-03-08,Nantes,aucun,2026-07-09,
CL104783,Nguyen,Noah,noah.nguyen4783@example.com,0695544411,2000-07-17,Lille,aucun,2025-06-09,oui
CL104784,Michel,Lea,lea.michel4784@example.com,0671861054,1986-09-26,Lyon,aucun,2025-06-06,oui
CL104785,Martin,Manon,manon.martin4785@example.com,0681230936,1992-01-05,Lyon,mensuel,2025-03-12,
CL104786,Girard,Jade,jade.girard4786@example.com,0664251740,1987-01-02,Lyon,annuel,2025-12-24,oui
CL104787,Petit,Yanis,yanis.petit4787@example.com,0695549961,1960-01-20,Lille,etudiant,2026-02-01,
CL104788,Simon,Sofia,sofia.simon4788@example.com,0688329418,1973-05-05,Grenoble,annuel,2026-01-07,oui
CL104789,Fournier,Gabriel,gabriel.fournier4789@example.com,0683587121,1979-05-04,Lille,mensuel,2025-04-20,non
CL104790,Simon,Noah,noah.simon4790@example.com,0677257136,1976-07-02,Grenoble,etudiant,2026-02-21,oui
CL104791,Michel,Camille,camille.michel4791@example.com,0641032215,1980-03-29,Lille,etudiant,2025-10-31,oui
CL104792,Simon,Rayan,rayan.simon4792@example.com,0658434569,1995-06-30,Lyon,aucun,2026-07-14,
CL104793,Bernard,Louise,louise.bernard4793@example.com,0643233633,1975-08-26,Lyon,etudiant,2026-06-25,
CL104794,Dubois,Jade,jade.dubois4794@example.com,0628144969,1976-02-20,Nantes,aucun,2025-07-31,non
CL104795,Roux,Amira,amira.roux4795@example.com,0693442474,1960-04-02,Lyon,mensuel,2026-05-09,oui
CL104796,Martin,Ilyes,ilyes.martin4796@example.com,0663267287,1989-10-26,Grenoble,aucun,2025-10-08,oui
CL104797,Laurent,Ilyes,ilyes.laurent4797@example.com,0643661082,1981-03-01,Nantes,mensuel,2026-08-13,oui
CL104798,Dubois,Ines,ines.dubois4798@example.com,0673358375,1982-07-21,Grenoble,annuel,2025-05-25,oui
CL104799,Petit,Karim,karim.petit4799@example.com,0695326393,1961-03-13,Lyon,mensuel,2026-02-04,non
CL104800,Fournier,Yanis,yanis.fournier4800@example.com,0695507487,1981-01-04,Lille,etudiant,2025-03-12,oui
CL104801,Benali,Noah,noah.benali4801@example.com,0697084195,1964-02-07,Lille,annuel,2026-08-10,oui
CL104802,Robert,Ines,ines.robert4802@example.com,0642811004,1974-05-23,Grenoble,aucun,2025-06-11,non
CL104803,Petit,Hugo,hugo.petit4803@example.com,0694660339,2000-10-28,Lyon,mensuel,2026-08-20,non
CL104804,Garcia,Amira,amira.garcia4804@example.com,0636583899,1974-12-24,Grenoble,annuel,2026-02-24,oui
CL104805,Girard,Noah,noah.girard4805@example.com,0644036710,1977-06-05,Lille,annuel,2025-09-25,non
CL104806,Girard,Louise,louise.girard4806@example.com,0619340463,1963-09-13,Lyon,aucun,2025-07-27,
CL104807,Nguyen,Adam,adam.nguyen4807@example.com,0681079461,1964-05-04,Nantes,mensuel,2025-10-16,non
CL104808,Michel,Camille,camille.michel4808@example.com,0613732507,1970-05-03,Lyon,entreprise,2026-03-05,
CL104809,Fournier,Rayan,rayan.fournier4809@example.com,0687184588,1987-12-19,Lille,aucun,2025-11-27,
CL104810,Nguyen,Manon,manon.nguyen4810@example.com,0628787655,1988-09-18,Lille,mensuel,2025-06-10,non
CL104811,Laurent,Lea,lea.laurent4811@example.com,0630117284,1970-03-14,Lille,etudiant,2025-04-09,oui
CL104812,Martin,Sofia,sofia.martin4812@example.com,0687366588,2000-05-08,Nantes,aucun,2025-12-29,
CL104813,Benali,Noah,noah.benali4813@example.com,0647638751,1972-05-14,Lyon,mensuel,2026-01-10,oui
CL104814,Simon,Amira,amira.simon4814@example.com,0647804070,2000-12-06,Lyon,aucun,2026-08-26,non
CL104815,Martin,Manon,manon.martin4815@example.com,0687336922,1991-04-16,Nantes,mensuel,2026-09-29,
CL104816,Laurent,Karim,karim.laurent4816@example.com,0659772139,1991-02-03,Nantes,aucun,2025-11-07,non
CL104817,Laurent,Noah,noah.laurent4817@example.com,0612724671,2003-02-19,Nantes,annuel,2025-09-17,
CL104818,Simon,Manon,manon.simon4818@example.com,0690753142,1976-02-01,Lille,etudiant,2025-12-26,non
CL104819,Moreau,Yanis,yanis.moreau4819@example.com,0665139168,1997-10-19,Grenoble,mensuel,2026-02-23,
CL104820,Robert,Sofia,sofia.robert4820@example.com,0657916804,1962-08-07,Lyon,aucun,2025-12-04,oui
CL104821,Nguyen,Manon,manon.nguyen4821@example.com,0671430002,2002-09-11,Lyon,annuel,2026-06-05,
CL104822,Petit,Hugo,hugo.petit4822@example.com,0698484648,1974-01-03,Lyon,annuel,2026-07-09,oui
CL104823,Girard,Hugo,hugo.girard4823@example.com,0648084721,1990-05-23,Nantes,entreprise,2026-09-13,
CL104824,Durand,Ilyes,ilyes.durand4824@example.com,0629273530,1985-09-21,Nantes,aucun,2026-10-19,non
CL104825,Simon,Chloe,chloe.simon4825@example.com,0639750656,1987-07-18,Lyon,aucun,2026-03-23,oui
CL104826,Benali,Manon,manon.benali4826@example.com,0630848589,1979-03-01,Grenoble,mensuel,2025-08-07,
CL104827,Benali,Chloe,chloe.benali4827@example.com,0619075688,1965-10-19,Nantes,etudiant,2025-06-08,
CL104828,Durand,Louise,louise.durand4828@example.com,0625477701,1967-04-27,Lille,aucun,2025-11-06,oui
CL104829,Durand,Hugo,hugo.durand4829@example.com,0620397356,1983-08-05,Grenoble,mensuel,2026-04-16,oui
CL104830,Dubois,Karim,karim.dubois4830@example.com,0683924833,1986-04-02,Nantes,aucun,2025-09-10,
CL104831,Bernard,Adam,adam.bernard4831@example.com,0657825063,1997-04-17,Lyon,etudiant,2025-10-08,non
CL104832,Garcia,Lea,lea.garcia4832@example.com,0664822365,1967-08-01,Lyon,etudiant,2025-05-26,
CL104833,Michel,Hugo,hugo.michel4833@example.com,0680615593,2003-09-18,Grenoble,mensuel,2025-11-02,
CL104834,Michel,Amira,amira.michel4834@example.com,0688407615,1983-06-08,Nantes,mensuel,2025-08-27,oui
CL104835,Petit,Yanis,yanis.petit4835@example.com,0646799296,1967-01-13,Lyon,annuel,2025-03-01,
CL104836,Durand,Mehdi,mehdi.durand4836@example.com,0658478199,1966-03-29,Lyon,annuel,2026-08-14,
CL104837,Michel,Manon,manon.michel4837@example.com,0610085882,1961-10-05,Nantes,aucun,2026-08-20,oui
CL104838,Roux,Mehdi,mehdi.roux4838@example.com,0692916690,1987-01-05,Lyon,aucun,2025-09-22,
CL104839,Michel,Camille,camille.michel4839@example.com,0669936726,1995-05-12,Lyon,mensuel,2026-10-09,non
CL104840,Roux,Mehdi,mehdi.roux4840@example.com,0656444724,1965-08-17,Lyon,annuel,2026-10-17,
CL104841,Bernard,Yanis,yanis.bernard4841@example.com,0624883818,1983-04-17,Nantes,etudiant,2026-06-05,oui
CL104842,Garcia,Yanis,yanis.garcia4842@example.com,0641386207,1981-09-07,Lyon,etudiant,2026-03-09,
CL104843,Girard,Gabriel,gabriel.girard4843@example.com,0695547175,1960-04-04,Lille,annuel,2025-12-21,oui
CL104844,Nguyen,Manon,manon.nguyen4844@example.com,0672490721,1987-02-11,Lille,entreprise,2026-07-06,oui
CL104845,Roux,Karim,karim.roux4845@example.com,0641291946,1974-11-14,Nantes,mensuel,2025-07-29,
CL104846,Durand,Chloe,chloe.durand4846@example.com,0611443904,1981-09-27,Grenoble,etudiant,2025-09-03,oui
CL104847,Robert,Lea,lea.robert4847@example.com,0665476850,1963-11-07,Lille,aucun,2025-04-16,
CL104848,Martin,Sofia,sofia.martin4848@example.com,0665970686,1962-01-14,Lille,aucun,2026-08-30,oui
CL104849,Benali,Amira,amira.benali4849@example.com,0691586641,1987-04-11,Lille,aucun,2025-06-05,
CL104850,Nguyen,Chloe,chloe.nguyen4850@example.com,0685678526,1987-11-29,Lille,aucun,2025-04-21,
CL104851,Moreau,Gabriel,gabriel.moreau4851@example.com,0638642941,1981-11-28,Nantes,aucun,2025-06-20,non
CL104852,Durand,Chloe,chloe.durand4852@example.com,0652794955,1999-02-22,Lyon,aucun,2026-08-02,
CL104853,Petit,Noah,noah.petit4853@example.com,0642049671,1968-07-13,Lyon,aucun,2025-12-20,
CL104854,Michel,Lea,lea.michel4854@example.com,0699820023,1975-06-18,Lille,mensuel,2025-06-08,oui
CL104855,Petit,Lea,lea.petit4855@example.com,0611909787,1979-06-25,Lyon,aucun,2026-08-25,non
CL104856,Martin,Manon,manon.martin4856@example.com,0628770549,1974-12-28,Lyon,annuel,2025-03-24,non
CL104857,Simon,Yanis,yanis.simon4857@example.com,0625449716,1968-06-03,Lyon,mensuel,2026-02-23,oui
CL104858,Bernard,Hugo,hugo.bernard4858@example.com,0680529884,1961-03-28,Nantes,etudiant,2026-06-10,oui
CL104859,Michel,Mehdi,mehdi.michel4859@example.com,0620384432,1993-05-13,Grenoble,aucun,2026-09-28,
CL104860,Petit,Mehdi,mehdi.petit4860@example.com,0662915461,1992-09-12,Nantes,etudiant,2026-05-02,non
CL104861,Moreau,Hugo,hugo.moreau4861@example.com,0621926077,1983-03-09,Lyon,etudiant,2026-01-31,non
CL104862,Fournier,Rayan,rayan.fournier4862@example.com,0667616099,1966-11-10,Nantes,etudiant,2025-06-13,
CL104863,Roux,Manon,manon.roux4863@example.com,0635149143,1964-05-23,Nantes,etudiant,2025-05-29,
CL104864,Martin,Hugo,hugo.martin4864@example.com,0635241527,1988-02-22,Lyon,etudiant,2025-06-11,oui
CL104865,Michel,Mehdi,mehdi.michel4865@example.com,0639928100,1992-08-12,Nantes,mensuel,2026-03-01,oui
CL104866,Laurent,Lea,lea.laurent4866@example.com,0699050324,1961-07-17,Lyon,annuel,2026-01-09,
CL104867,Roux,Karim,karim.roux4867@example.com,0630644771,1979-09-23,Lyon,aucun,2026-09-28,non
CL104868,Nguyen,Rayan,rayan.nguyen4868@example.com,0636756575,1977-08-27,Lyon,mensuel,2026-04-13,oui
CL104869,Durand,Camille,camille.durand4869@example.com,0665951048,1995-07-04,Lille,aucun,2025-09-22,
CL104870,Roux,Ines,ines.roux4870@example.com,0690774714,1972-07-24,Lyon,mensuel,2026-05-19,oui
CL104871,Girard,Karim,karim.girard4871@example.com,0650050767,1989-09-09,Grenoble,entreprise,2025-03-07,non
CL104872,Nguyen,Sofia,sofia.nguyen4872@example.com,0624508848,2002-06-08,Lyon,aucun,2026-04-25,
CL104873,Durand,Chloe,chloe.durand4873@example.com,0673314345,1983-04-26,Lille,annuel,2026-10-13,
CL104874,Robert,Manon,manon.robert4874@example.com,0671909691,1984-03-10,Lyon,annuel,2026-07-10,
CL104875,Laurent,Ines,ines.laurent4875@example.com,0695488870,1983-07-23,Lyon,aucun,2025-04-12,non
CL104876,Durand,Karim,karim.durand4876@example.com,0617230336,1985-10-21,Lyon,aucun,2025-07-06,oui
CL104877,Roux,Rayan,rayan.roux4877@example.com,0633781107,1982-09-11,Lille,mensuel,2025-07-27,oui
CL104878,Moreau,Rayan,rayan.moreau4878@example.com,0682670433,1963-05-05,Lille,mensuel,2025-08-20,
CL104879,Durand,Gabriel,gabriel.durand4879@example.com,0610333571,1964-04-05,Nantes,aucun,2025-12-13,non
CL104880,Michel,Amira,amira.michel4880@example.com,0693487493,1994-09-26,Lyon,annuel,2025-06-28,
CL104881,Benali,Ines,ines.benali4881@example.com,0644470533,1963-09-02,Lyon,aucun,2025-03-01,non
CL104882,Durand,Louise,louise.durand4882@example.com,0698439985,1973-11-05,Nantes,mensuel,2025-05-22,oui
CL104883,Michel,Louise,louise.michel4883@example.com,0677710633,1975-04-08,Lyon,etudiant,2025-10-27,
CL104884,Laurent,Jade,jade.laurent4884@example.com,0621722710,1992-04-02,Lyon,etudiant,2026-06-21,
CL104885,Durand,Camille,camille.durand4885@example.com,0660097873,1989-05-15,Grenoble,mensuel,2025-06-22,non
CL104886,Dubois,Lea,lea.dubois4886@example.com,0627406819,1968-10-01,Lyon,entreprise,2025-09-11,
CL104887,Fournier,Manon,manon.fournier4887@example.com,0611005516,1968-05-29,Grenoble,aucun,2025-06-22,non
CL104888,Laurent,Rayan,rayan.laurent4888@example.com,0618004663,1966-11-30,Nantes,aucun,2026-05-06,non
CL104889,Moreau,Amira,amira.moreau4889@example.com,0664819517,1995-02-08,Lyon,aucun,2025-12-21,non
CL104890,Dubois,Adam,adam.dubois4890@example.com,0685793082,1975-02-24,Lille,mensuel,2025-06-06,
CL104891,Benali,Louise,louise.benali4891@example.com,0619629138,2003-07-06,Grenoble,aucun,2025-09-02,oui
CL104892,Dubois,Manon,manon.dubois4892@example.com,0692557652,1982-10-08,Lyon,etudiant,2026-03-02,
CL104893,Martin,Mehdi,mehdi.martin4893@example.com,0675714115,1960-11-10,Lyon,mensuel,2025-07-13,
CL104894,Moreau,Gabriel,gabriel.moreau4894@example.com,0646186592,1999-08-07,Lyon,aucun,2025-07-07,non
CL104895,Roux,Jade,jade.roux4895@example.com,0653620646,1961-07-18,Grenoble,aucun,2025-12-19,
CL104896,Girard,Hugo,hugo.girard4896@example.com,0638096040,1972-04-22,Lille,mensuel,2026-08-28,oui
CL104897,Simon,Chloe,chloe.simon4897@example.com,0695441596,1971-06-25,Lyon,mensuel,2025-10-17,
CL104898,Fournier,Chloe,chloe.fournier4898@example.com,0688172724,1990-03-26,Nantes,annuel,2026-08-05,oui
CL104899,Laurent,Rayan,rayan.laurent4899@example.com,0649362005,2000-04-01,Lyon,mensuel,2026-06-11,oui
CL104900,Girard,Manon,manon.girard4900@example.com,0611879756,1998-07-31,Lyon,aucun,2026-01-12,
CL104901,Roux,Amira,amira.roux4901@example.com,0623368849,2003-09-25,Lyon,etudiant,2026-09-05,non
CL104902,Durand,Chloe,chloe.durand4902@example.com,0644707834,1969-01-30,Nantes,annuel,2026-04-27,
CL104903,Dubois,Sofia,sofia.dubois4903@example.com,0676438763,1971-12-19,Lille,mensuel,2025-03-25,non
CL104904,Durand,Noah,noah.durand4904@example.com,0693303654,2003-03-29,Nantes,mensuel,2025-06-30,
CL104905,Robert,Karim,karim.robert4905@example.com,0633300575,1984-08-13,Lyon,annuel,2025-07-14,non
CL104906,Bernard,Ines,ines.bernard4906@example.com,0644861173,1979-03-26,Nantes,mensuel,2025-12-27,non
CL104907,Fournier,Chloe,chloe.fournier4907@example.com,0695983134,2001-07-15,Lyon,aucun,2026-04-07,non
CL104908,Laurent,Mehdi,mehdi.laurent4908@example.com,0653899658,2002-10-16,Lyon,annuel,2025-08-17,non
CL104909,Simon,Amira,amira.simon4909@example.com,0690462673,1965-01-06,Lyon,etudiant,2026-03-31,
CL104910,Benali,Yanis,yanis.benali4910@example.com,0698501409,1972-10-08,Nantes,aucun,2025-07-04,
CL104911,Fournier,Chloe,chloe.fournier4911@example.com,0666820041,1973-08-07,Grenoble,aucun,2025-11-08,
CL104912,Martin,Chloe,chloe.martin4912@example.com,0689628680,1975-11-15,Lyon,etudiant,2026-10-05,non
CL104913,Simon,Noah,noah.simon4913@example.com,0648972555,1982-02-24,Grenoble,aucun,2026-03-21,non
CL104914,Dubois,Amira,amira.dubois4914@example.com,0647650531,1995-10-04,Grenoble,mensuel,2026-05-24,oui
CL104915,Martin,Jade,jade.martin4915@example.com,0612886079,1971-08-30,Lille,annuel,2026-04-22,
CL104916,Petit,Noah,noah.petit4916@example.com,0672641529,1978-04-06,Lyon,etudiant,2025-12-03,non
CL104917,Martin,Manon,manon.martin4917@example.com,0672212734,2002-03-20,Lyon,entreprise,2026-05-11,non
CL104918,Petit,Noah,noah.petit4918@example.com,0650000765,1988-06-02,Lille,aucun,2025-11-07,non
CL104919,Nguyen,Camille,camille.nguyen4919@example.com,0649775140,1972-04-14,Nantes,aucun,2026-10-02,non
CL104920,Fournier,Mehdi,mehdi.fournier4920@example.com,0695604286,1967-07-13,Lille,aucun,2026-03-11,
CL104921,Simon,Sofia,sofia.simon4921@example.com,0650870947,1968-02-07,Lille,mensuel,2026-06-03,
CL104922,Benali,Noah,noah.benali4922@example.com,0643925484,1972-02-03,Grenoble,aucun,2025-12-30,oui
CL104923,Bernard,Jade,jade.bernard4923@example.com,0655765190,1993-05-03,Nantes,annuel,2025-08-03,oui
CL104924,Nguyen,Ines,ines.nguyen4924@example.com,0678145153,1966-06-14,Nantes,aucun,2026-06-04,
CL104925,Moreau,Lea,lea.moreau4925@example.com,0650232259,2001-05-06,Lyon,etudiant,2025-03-31,oui
CL104926,Dubois,Lea,lea.dubois4926@example.com,0694606004,1978-08-10,Lyon,annuel,2026-08-06,oui
CL104927,Petit,Rayan,rayan.petit4927@example.com,0666308500,1966-10-05,Lyon,aucun,2025-06-24,non
CL104928,Girard,Louise,louise.girard4928@example.com,0621731528,1976-05-13,Nantes,aucun,2026-01-27,
CL104929,Nguyen,Ines,ines.nguyen4929@example.com,0638040262,1971-03-05,Lille,etudiant,2026-07-04,oui
CL104930,Benali,Karim,karim.benali4930@example.com,0684458696,1988-02-12,Grenoble,etudiant,2025-08-26,
CL104931,Robert,Ilyes,ilyes.robert4931@example.com,0694115781,1994-02-23,Nantes,annuel,2026-04-12,non
CL104932,Dubois,Hugo,hugo.dubois4932@example.com,0659772722,1972-02-27,Lyon,mensuel,2025-05-04,oui
CL104933,Petit,Yanis,yanis.petit4933@example.com,0654560302,2000-02-28,Lyon,annuel,2026-03-04,oui
CL104934,Roux,Sofia,sofia.roux4934@example.com,0695090748,1974-04-26,Grenoble,mensuel,2025-12-09,
CL104935,Robert,Manon,manon.robert4935@example.com,0692172900,1975-04-07,Nantes,annuel,2026-08-01,non
CL104936,Fournier,Hugo,hugo.fournier4936@example.com,0650405303,1997-04-17,Nantes,aucun,2026-01-21,non
CL104937,Petit,Louise,louise.petit4937@example.com,0699126339,1971-11-22,Lyon,etudiant,2026-07-30,oui
CL104938,Girard,Lea,lea.girard4938@example.com,0663432999,1981-10-07,Lyon,mensuel,2025-06-17,oui
CL104939,Robert,Yanis,yanis.robert4939@example.com,0688670533,1962-06-27,Lille,entreprise,2026-07-21,
CL104940,Nguyen,Sofia,sofia.nguyen4940@example.com,0624515044,2002-01-26,Lyon,aucun,2026-10-14,non
CL104941,Michel,Louise,louise.michel4941@example.com,0646431219,1991-08-15,Grenoble,aucun,2026-10-18,oui
CL104942,Moreau,Manon,manon.moreau4942@example.com,0631948849,1964-10-05,Nantes,mensuel,2026-07-21,non
CL104943,Girard,Karim,karim.girard4943@example.com,0625917670,1987-01-06,Lille,etudiant,2025-08-02,non
CL104944,Fournier,Yanis,yanis.fournier4944@example.com,0623034547,1983-02-26,Lille,etudiant,2025-07-01,
CL104945,Simon,Rayan,rayan.simon4945@example.com,0679970822,1966-03-03,Grenoble,aucun,2026-02-16,oui
CL104946,Michel,Camille,camille.michel4946@example.com,0626803307,1982-04-21,Lille,mensuel,2025-07-02,oui
CL104947,Girard,Karim,karim.girard4947@example.com,0667063962,1981-10-29,Lille,mensuel,2025-12-05,oui
CL104948,Dubois,Camille,camille.dubois4948@example.com,0628794123,1978-03-17,Lille,mensuel,2026-03-23,oui
CL104949,Moreau,Camille,camille.moreau4949@example.com,0688108568,1996-10-18,Nantes,annuel,2025-03-29,non
CL104950,Robert,Mehdi,mehdi.robert4950@example.com,0695751114,1978-02-23,Nantes,aucun,2025-12-22,non
CL104951,Bernard,Manon,manon.bernard4951@example.com,0649578522,1997-10-18,Nantes,annuel,2025-12-16,oui
CL104952,Nguyen,Camille,camille.nguyen4952@example.com,0634059835,1976-08-03,Lyon,etudiant,2025-04-23,non
CL104953,Garcia,Jade,jade.garcia4953@example.com,0611147715,1962-03-24,Grenoble,mensuel,2025-09-17,non
CL104954,Nguyen,Camille,camille.nguyen4954@example.com,0663972313,1971-09-05,Nantes,mensuel,2026-09-29,oui
CL104955,Robert,Noah,noah.robert4955@example.com,0640289959,1999-04-28,Lille,aucun,2025-10-03,non
CL104956,Dubois,Karim,karim.dubois4956@example.com,0620669432,1976-03-02,Grenoble,annuel,2025-09-21,
CL104957,Girard,Manon,manon.girard4957@example.com,0690030610,1963-07-09,Nantes,mensuel,2025-08-30,non
CL104958,Garcia,Ines,ines.garcia4958@example.com,0610618441,1963-09-04,Nantes,aucun,2025-10-02,
CL104959,Nguyen,Rayan,rayan.nguyen4959@example.com,0693067182,1960-02-23,Grenoble,aucun,2025-08-31,
CL104960,Roux,Camille,camille.roux4960@example.com,0654364677,1984-11-08,Nantes,annuel,2026-03-19,
CL104961,Durand,Manon,manon.durand4961@example.com,0625264022,1973-09-30,Nantes,aucun,2025-04-13,oui
CL104962,Girard,Gabriel,gabriel.girard4962@example.com,0660460252,2003-07-17,Lille,mensuel,2025-10-03,non
CL104963,Garcia,Adam,adam.garcia4963@example.com,0632205919,1965-07-02,Lille,etudiant,2026-01-31,non
CL104964,Michel,Chloe,chloe.michel4964@example.com,0650297312,1992-07-09,Lyon,aucun,2025-08-21,oui
CL104965,Dubois,Ines,ines.dubois4965@example.com,0626336404,2002-09-24,Lille,aucun,2026-07-25,oui
CL104966,Benali,Adam,adam.benali4966@example.com,0694120626,1999-10-02,Nantes,annuel,2026-01-19,non
CL104967,Benali,Gabriel,gabriel.benali4967@example.com,0652359184,1999-01-02,Lille,etudiant,2026-01-05,oui
CL104968,Petit,Lea,lea.petit4968@example.com,0685644556,1988-09-13,Grenoble,aucun,2025-10-02,
CL104969,Dubois,Jade,jade.dubois4969@example.com,0626323188,1971-11-05,Lille,aucun,2026-03-05,
CL104970,Moreau,Manon,manon.moreau4970@example.com,0691527614,1999-01-02,Lille,etudiant,2026-09-23,
CL104971,Robert,Sofia,sofia.robert4971@example.com,0693271649,1999-09-05,Nantes,etudiant,2026-03-17,non
CL104972,Simon,Karim,karim.simon4972@example.com,0630683780,2001-06-12,Lille,annuel,2025-12-26,oui
CL104973,Robert,Rayan,rayan.robert4973@example.com,0667091539,1987-08-25,Lille,aucun,2026-09-11,oui
CL104974,Dubois,Camille,camille.dubois4974@example.com,0629136244,1980-08-18,Lille,entreprise,2026-09-03,oui
CL104975,Nguyen,Manon,manon.nguyen4975@example.com,0675728582,1978-09-03,Lyon,mensuel,2025-11-03,non
CL104976,Michel,Louise,louise.michel4976@example.com,0625043360,1993-11-06,Lyon,aucun,2025-05-26,
CL104977,Bernard,Noah,noah.bernard4977@example.com,0663054395,1970-07-17,Nantes,annuel,2025-07-28,
CL104978,Martin,Rayan,rayan.martin4978@example.com,0641502512,1974-07-03,Lyon,mensuel,2026-08-22,oui
CL104979,Benali,Manon,manon.benali4979@example.com,0638008298,1988-05-17,Lyon,aucun,2025-08-14,
CL104980,Benali,Lea,lea.benali4980@example.com,0648053034,1972-07-26,Lyon,mensuel,2025-03-01,
CL104981,Simon,Mehdi,mehdi.simon4981@example.com,0665586686,1991-07-19,Lyon,aucun,2026-02-15,non
CL104982,Fournier,Camille,camille.fournier4982@example.com,0616166681,1973-01-06,Lille,aucun,2025-08-06,
CL104983,Fournier,Rayan,rayan.fournier4983@example.com,0673718319,1962-06-03,Lyon,annuel,2025-09-29,oui
CL104984,Nguyen,Rayan,rayan.nguyen4984@example.com,0669812454,2002-11-27,Lyon,mensuel,2026-04-22,oui
CL104985,Girard,Lea,lea.girard4985@example.com,0656251093,1973-10-20,Lyon,aucun,2025-06-23,oui
CL104986,Bernard,Ilyes,ilyes.bernard4986@example.com,0623903045,1997-03-08,Lyon,etudiant,2025-04-02,non
CL104987,Michel,Mehdi,mehdi.michel4987@example.com,0674937900,1964-09-04,Grenoble,annuel,2026-05-31,non
CL104988,Robert,Manon,manon.robert4988@example.com,0634002015,2002-12-29,Nantes,aucun,2025-03-01,non
CL104989,Girard,Ilyes,ilyes.girard4989@example.com,0613524087,1987-06-19,Lyon,etudiant,2025-04-10,non
CL104990,Bernard,Adam,adam.bernard4990@example.com,0693533563,1997-06-23,Lille,mensuel,2026-05-11,oui
CL104991,Martin,Manon,manon.martin4991@example.com,0645729595,2002-11-02,Nantes,entreprise,2026-09-14,oui
CL104992,Durand,Manon,manon.durand4992@example.com,0680112610,1962-08-20,Lyon,mensuel,2025-06-23,oui
CL104993,Michel,Chloe,chloe.michel4993@example.com,0663710172,1961-01-06,Grenoble,mensuel,2025-03-14,oui
CL104994,Benali,Chloe,chloe.benali4994@example.com,0665306725,1971-05-13,Lille,mensuel,2025-05-12,oui
CL104995,Benali,Louise,louise.benali4995@example.com,0619117365,1970-09-20,Nantes,annuel,2025-05-19,oui
CL104996,Bernard,Lea,lea.bernard4996@example.com,0656226612,1963-06-16,Nantes,aucun,2025-08-27,oui
CL104997,Girard,Ilyes,ilyes.girard4997@example.com,0626520309,1971-07-18,Lyon,etudiant,2025-08-26,oui
CL104998,Benali,Lea,lea.benali4998@example.com,0614018565,2002-12-19,Lyon,etudiant,2026-03-27,oui
CL104999,Simon,Karim,karim.simon4999@example.com,0637214535,2000-03-12,Nantes,aucun,2025-06-30,non
CL105000,Roux,Chloe,chloe.roux5000@example.com,0611523830,1965-03-07,Nantes,mensuel,2026-01-16,
CL105001,Moreau,Ines,ines.moreau5001@example.com,0694139306,1965-04-13,Lille,aucun,2026-09-07,non
CL105002,Moreau,Camille,camille.moreau5002@example.com,0685482794,1978-02-08,Lille,mensuel,2025-04-18,
CL105003,Michel,Noah,noah.michel5003@example.com,0689147708,1963-03-18,Nantes,aucun,2026-09-03,oui
CL105004,Robert,Rayan,rayan.robert5004@example.com,0622789521,1960-07-07,Nantes,mensuel,2025-03-11,
CL105005,Dubois,Camille,camille.dubois5005@example.com,0658827785,1984-05-29,Grenoble,aucun,2025-07-21,
CL105006,Bernard,Chloe,chloe.bernard5006@example.com,0696501166,2001-03-23,Nantes,mensuel,2025-05-24,non
CL105007,Girard,Sofia,sofia.girard5007@example.com,0678539222,1974-08-13,Lyon,etudiant,2025-08-31,oui
CL105008,Michel,Camille,camille.michel5008@example.com,0699535520,1980-07-29,Lyon,aucun,2025-09-28,non
CL105009,Durand,Ilyes,ilyes.durand5009@example.com,0654146177,1969-08-02,Grenoble,aucun,2025-10-10,
CL105010,Durand,Gabriel,gabriel.durand5010@example.com,0656787724,2000-04-14,Lyon,aucun,2025-08-26,non
CL105011,Fournier,Sofia,sofia.fournier5011@example.com,0625365253,2003-08-07,Lyon,aucun,2026-01-13,oui
CL105012,Durand,Yanis,yanis.durand5012@example.com,0637573330,1976-10-15,Lille,annuel,2025-08-02,non
CL105013,Laurent,Noah,noah.laurent5013@example.com,0654070266,1977-02-27,Lille,annuel,2025-05-15,non
CL105014,Garcia,Noah,noah.garcia5014@example.com,0694645253,1992-09-08,Lyon,mensuel,2026-10-10,non
CL105015,Simon,Sofia,sofia.simon5015@example.com,0615147002,1969-01-14,Lille,etudiant,2026-01-12,
CL105016,Petit,Sofia,sofia.petit5016@example.com,0648509627,1989-09-08,Nantes,annuel,2026-06-04,
CL105017,Bernard,Amira,amira.bernard5017@example.com,0643428291,2000-11-12,Lyon,annuel,2025-12-17,oui
CL105018,Robert,Chloe,chloe.robert5018@example.com,0672024050,1966-11-19,Lille,etudiant,2025-03-14,oui
CL105019,Simon,Yanis,yanis.simon5019@example.com,0633808774,1966-06-14,Lyon,aucun,2025-06-12,
CL105020,Benali,Karim,karim.benali5020@example.com,0619709082,1989-04-12,Nantes,aucun,2025-07-05,non
CL105021,Robert,Mehdi,mehdi.robert5021@example.com,0666191205,1970-08-16,Lille,mensuel,2025-06-02,non
CL105022,Benali,Adam,adam.benali5022@example.com,0655290447,1966-01-05,Lyon,aucun,2025-08-08,non
CL105023,Durand,Amira,amira.durand5023@example.com,0631544966,1982-03-15,Grenoble,annuel,2026-02-09,oui
CL105024,Roux,Hugo,hugo.roux5024@example.com,0612717432,1960-01-09,Nantes,annuel,2025-07-14,non
CL105025,Bernard,Noah,noah.bernard5025@example.com,0617147554,1993-06-23,Grenoble,aucun,2025-11-05,non
CL105026,Laurent,Chloe,chloe.laurent5026@example.com,0655557952,1967-08-08,Grenoble,aucun,2026-08-01,oui
CL105027,Martin,Noah,noah.martin5027@example.com,0655493691,1984-08-29,Nantes,aucun,2026-09-21,non
CL105028,Robert,Louise,louise.robert5028@example.com,0639750151,1978-11-11,Lille,aucun,2025-04-22,oui
CL105029,Laurent,Jade,jade.laurent5029@example.com,0618186848,1972-10-02,Grenoble,entreprise,2026-09-06,non
CL105030,Girard,Sofia,sofia.girard5030@example.com,0617527004,1967-02-12,Lille,aucun,2026-05-10,oui
CL105031,Durand,Manon,manon.durand5031@example.com,0613739981,1960-09-23,Lyon,mensuel,2025-09-24,non
CL105032,Durand,Camille,camille.durand5032@example.com,0692890601,1980-10-27,Grenoble,aucun,2026-10-08,oui
CL105033,Moreau,Mehdi,mehdi.moreau5033@example.com,0673905306,1982-11-16,Lyon,etudiant,2026-07-18,non
CL105034,Fournier,Louise,louise.fournier5034@example.com,0620204593,1984-08-10,Lyon,aucun,2026-05-04,
CL105035,Simon,Hugo,hugo.simon5035@example.com,0640451199,1990-04-24,Nantes,annuel,2025-04-22,oui
CL105036,Garcia,Ines,ines.garcia5036@example.com,0637844428,1977-08-09,Lyon,aucun,2025-03-09,oui
CL105037,Nguyen,Louise,louise.nguyen5037@example.com,0694045421,1986-01-17,Nantes,aucun,2025-04-22,
CL105038,Benali,Camille,camille.benali5038@example.com,0660916528,1974-01-11,Lyon,annuel,2025-10-08,
CL105039,Simon,Ilyes,ilyes.simon5039@example.com,0665440721,1974-01-27,Lyon,mensuel,2026-07-09,oui
CL105040,Roux,Sofia,sofia.roux5040@example.com,0664244600,1972-11-27,Lyon,mensuel,2026-01-08,non
CL105041,Durand,Yanis,yanis.durand5041@example.com,0696367679,1963-05-23,Lille,entreprise,2025-09-21,
CL105042,Bernard,Chloe,chloe.bernard5042@example.com,0658581562,1980-03-08,Lyon,aucun,2026-06-27,oui
CL105043,Michel,Sofia,sofia.michel5043@example.com,0678431047,1972-01-25,Lyon,aucun,2025-03-31,oui
CL105044,Girard,Lea,lea.girard5044@example.com,0660413685,1983-09-20,Lille,mensuel,2026-04-06,oui
CL105045,Simon,Chloe,chloe.simon5045@example.com,0676052629,1992-11-16,Grenoble,mensuel,2025-11-09,oui
CL105046,Michel,Manon,manon.michel5046@example.com,0659932055,1963-07-16,Lyon,aucun,2026-01-12,oui
CL105047,Laurent,Chloe,chloe.laurent5047@example.com,0664972128,1992-04-05,Nantes,aucun,2026-03-31,oui
CL105048,Girard,Camille,camille.girard5048@example.com,0688359315,1991-06-06,Lille,aucun,2025-11-25,non
CL105049,Garcia,Mehdi,mehdi.garcia5049@example.com,0690951035,1981-05-15,Grenoble,annuel,2026-08-04,non
CL105050,Fournier,Karim,karim.fournier5050@example.com,0611614622,1978-10-22,Lyon,annuel,2026-06-15,
CL105051,Benali,Hugo,hugo.benali5051@example.com,0631672147,1971-11-10,Lille,aucun,2026-07-19,
CL105052,Roux,Jade,jade.roux5052@example.com,0663648311,1971-11-03,Grenoble,aucun,2025-09-05,oui
CL105053,Fournier,Sofia,sofia.fournier5053@example.com,0649474584,1966-02-10,Lyon,mensuel,2025-06-04,oui
CL105054,Durand,Lea,lea.durand5054@example.com,0612056929,1982-05-05,Lyon,etudiant,2026-06-29,oui
CL105055,Fournier,Ines,ines.fournier5055@example.com,0662886583,1997-11-24,Grenoble,aucun,2025-07-09,oui
CL105056,Nguyen,Mehdi,mehdi.nguyen5056@example.com,0623957762,1983-04-28,Lille,aucun,2025-03-26,non
CL105057,Benali,Ilyes,ilyes.benali5057@example.com,0649560973,1976-03-16,Lille,mensuel,2026-08-22,oui
CL105058,Bernard,Manon,manon.bernard5058@example.com,0628765651,1993-04-17,Lille,etudiant,2026-03-25,
CL105059,Durand,Gabriel,gabriel.durand5059@example.com,0627914385,1963-05-06,Lyon,mensuel,2025-10-18,
CL105060,Robert,Jade,jade.robert5060@example.com,0629057264,1998-06-17,Lyon,aucun,2026-05-04,oui
CL105061,Benali,Karim,karim.benali5061@example.com,0667584565,1963-06-08,Nantes,mensuel,2026-07-11,
CL105062,Moreau,Noah,noah.moreau5062@example.com,0648192323,1964-12-31,Nantes,mensuel,2025-05-05,oui
CL105063,Laurent,Adam,adam.laurent5063@example.com,0626126876,1961-09-06,Lyon,mensuel,2025-12-10,oui
CL105064,Dubois,Louise,louise.dubois5064@example.com,0696812652,1965-01-23,Lyon,mensuel,2025-09-08,oui
CL105065,Roux,Noah,noah.roux5065@example.com,0699924935,1997-02-19,Nantes,annuel,2026-09-04,oui
CL105066,Laurent,Yanis,yanis.laurent5066@example.com,0686803319,1992-01-22,Nantes,aucun,2025-12-25,
CL105067,Durand,Noah,noah.durand5067@example.com,0690701177,1995-08-30,Nantes,etudiant,2025-05-30,oui
CL105068,Bernard,Karim,karim.bernard5068@example.com,0639898886,1992-11-01,Nantes,aucun,2026-07-11,non
CL105069,Benali,Noah,noah.benali5069@example.com,0691808247,1999-02-28,Nantes,annuel,2026-08-03,non
CL105070,Dubois,Manon,manon.dubois5070@example.com,0664042682,2003-03-03,Nantes,annuel,2026-08-31,non
CL105071,Garcia,Louise,louise.garcia5071@example.com,0631256421,1986-09-23,Nantes,aucun,2026-09-16,oui
CL105072,Robert,Amira,amira.robert5072@example.com,0661894742,1969-03-15,Lille,aucun,2025-03-04,non
CL105073,Roux,Hugo,hugo.roux5073@example.com,0657831375,1990-05-06,Lyon,mensuel,2025-07-08,oui
CL105074,Durand,Ines,ines.durand5074@example.com,0611991646,1984-01-17,Nantes,annuel,2026-07-05,non
CL105075,Durand,Camille,camille.durand5075@example.com,0676123000,1975-12-10,Lyon,aucun,2025-04-12,non
CL105076,Dubois,Camille,camille.dubois5076@example.com,0650361913,1977-12-11,Lyon,mensuel,2025-03-15,
CL105077,Garcia,Ines,ines.garcia5077@example.com,0618553980,1965-05-08,Nantes,etudiant,2025-04-21,non
CL105078,Michel,Manon,manon.michel5078@example.com,0668087465,1972-04-01,Nantes,aucun,2025-07-30,oui
CL105079,Garcia,Louise,louise.garcia5079@example.com,0619894033,1983-09-02,Lille,etudiant,2025-08-24,non
CL105080,Michel,Ilyes,ilyes.michel5080@example.com,0616164448,1975-02-17,Nantes,mensuel,2025-10-30,
CL105081,Roux,Camille,camille.roux5081@example.com,0692479880,1995-02-23,Lille,entreprise,2026-07-11,non
CL105082,Robert,Gabriel,gabriel.robert5082@example.com,0615854033,1971-12-13,Grenoble,aucun,2026-09-06,non
CL105083,Dubois,Gabriel,gabriel.dubois5083@example.com,0654825584,1979-09-13,Grenoble,aucun,2025-11-22,
CL105084,Durand,Mehdi,mehdi.durand5084@example.com,0667081307,1972-10-04,Lyon,annuel,2025-05-26,non
CL105085,Petit,Manon,manon.petit5085@example.com,0678267791,1988-09-17,Lyon,aucun,2026-09-21,non
CL105086,Martin,Yanis,yanis.martin5086@example.com,0664563103,1995-12-23,Grenoble,aucun,2025-10-23,
CL105087,Michel,Adam,adam.michel5087@example.com,0633968101,2002-10-22,Lyon,aucun,2025-10-21,non
CL105088,Michel,Noah,noah.michel5088@example.com,0667158242,1972-02-02,Lyon,mensuel,2025-10-20,
CL105089,Fournier,Rayan,rayan.fournier5089@example.com,0655586564,1971-08-12,Lille,mensuel,2025-07-08,oui
CL105090,Benali,Adam,adam.benali5090@example.com,0692980088,1965-11-02,Lille,aucun,2026-03-05,
CL105091,Michel,Sofia,sofia.michel5091@example.com,0620162477,1978-07-31,Nantes,aucun,2026-07-05,
CL105092,Fournier,Mehdi,mehdi.fournier5092@example.com,0694732863,1996-10-16,Lyon,aucun,2025-08-24,
CL105093,Moreau,Gabriel,gabriel.moreau5093@example.com,0668735316,1974-10-22,Lille,aucun,2026-02-17,oui
CL105094,Benali,Manon,manon.benali5094@example.com,0672697044,1962-10-05,Nantes,etudiant,2026-01-28,non
CL105095,Girard,Mehdi,mehdi.girard5095@example.com,0618998772,1962-11-01,Lyon,annuel,2026-04-10,oui
CL105096,Simon,Noah,noah.simon5096@example.com,0616758147,1982-09-23,Lyon,annuel,2026-09-29,
CL105097,Dubois,Noah,noah.dubois5097@example.com,0699849203,1971-05-18,Lyon,etudiant,2025-06-22,
CL105098,Moreau,Ilyes,ilyes.moreau5098@example.com,0625434817,1960-11-12,Nantes,entreprise,2025-09-25,oui
CL105099,Benali,Noah,noah.benali5099@example.com,0644799503,1988-10-06,Lyon,mensuel,2026-03-10,oui
CL105100,Michel,Adam,adam.michel5100@example.com,0623095589,1975-02-24,Lille,aucun,2026-03-20,
CL105101,Bernard,Louise,louise.bernard5101@example.com,0619278430,1960-05-03,Lille,mensuel,2025-10-22,non
CL105102,Michel,Ines,ines.michel5102@example.com,0684543113,1967-01-09,Lille,mensuel,2026-09-20,non
CL105103,Roux,Ilyes,ilyes.roux5103@example.com,0672987920,1967-10-31,Nantes,aucun,2025-07-19,oui
CL105104,Petit,Gabriel,gabriel.petit5104@example.com,0686618834,1975-04-27,Lyon,aucun,2026-04-22,oui
CL105105,Dubois,Amira,amira.dubois5105@example.com,0653526258,2003-10-15,Nantes,aucun,2025-05-07,oui
CL105106,Laurent,Rayan,rayan.laurent5106@example.com,0676414423,1984-05-16,Nantes,annuel,2026-08-21,non
CL105107,Fournier,Camille,camille.fournier5107@example.com,0633289089,1978-09-17,Nantes,mensuel,2025-07-20,
CL105108,Moreau,Louise,louise.moreau5108@example.com,0660771297,1971-03-18,Nantes,etudiant,2025-03-01,non
CL105109,Martin,Lea,lea.martin5109@example.com,0623427111,1973-08-15,Grenoble,mensuel,2026-06-26,oui
CL105110,Michel,Hugo,hugo.michel5110@example.com,0676221571,1960-10-02,Lyon,etudiant,2025-03-17,
CL105111,Garcia,Noah,noah.garcia5111@example.com,0617494560,1968-10-04,Grenoble,mensuel,2026-09-01,non
CL105112,Simon,Mehdi,mehdi.simon5112@example.com,0657740454,1993-05-27,Lille,aucun,2026-03-01,
CL105113,Fournier,Ines,ines.fournier5113@example.com,0639964354,1984-05-12,Nantes,etudiant,2025-08-19,oui
CL105114,Petit,Noah,noah.petit5114@example.com,0623713581,1966-08-31,Nantes,aucun,2025-04-29,non
CL105115,Robert,Camille,camille.robert5115@example.com,0640141388,1977-11-28,Grenoble,entreprise,2025-08-09,
CL105116,Petit,Manon,manon.petit5116@example.com,0688913125,1966-09-15,Nantes,mensuel,2025-05-20,oui
CL105117,Simon,Yanis,yanis.simon5117@example.com,0673916224,1997-02-28,Lyon,etudiant,2026-06-22,
CL105118,Benali,Ilyes,ilyes.benali5118@example.com,0656312656,1965-07-16,Lyon,entreprise,2025-09-28,oui
CL105119,Simon,Chloe,chloe.simon5119@example.com,0611489194,1986-04-15,Nantes,aucun,2025-08-22,non
CL105120,Bernard,Adam,adam.bernard5120@example.com,0653330819,1986-03-12,Lyon,etudiant,2025-07-06,oui
CL105121,Girard,Noah,noah.girard5121@example.com,0617443741,1977-02-27,Nantes,annuel,2025-11-23,
CL105122,Michel,Amira,amira.michel5122@example.com,0654852287,1999-01-02,Nantes,mensuel,2026-05-11,
CL105123,Simon,Manon,manon.simon5123@example.com,0655646746,1980-12-05,Lille,annuel,2026-03-06,oui
CL105124,Simon,Sofia,sofia.simon5124@example.com,0628400738,1987-10-24,Lille,aucun,2025-12-05,oui
CL105125,Robert,Jade,jade.robert5125@example.com,0631935510,1977-05-20,Nantes,entreprise,2026-03-17,non
CL105126,Martin,Sofia,sofia.martin5126@example.com,0630572082,1973-08-01,Lyon,annuel,2025-12-08,non
CL105127,Garcia,Noah,noah.garcia5127@example.com,0617989439,1978-05-03,Lyon,etudiant,2026-08-14,non
CL105128,Benali,Adam,adam.benali5128@example.com,0620926324,1979-09-22,Grenoble,etudiant,2026-08-04,non
CL105129,Laurent,Hugo,hugo.laurent5129@example.com,0635920598,1986-06-28,Lille,aucun,2025-07-18,
CL105130,Garcia,Rayan,rayan.garcia5130@example.com,0643494111,1986-03-31,Grenoble,aucun,2026-08-29,
CL105131,Simon,Karim,karim.simon5131@example.com,0685488890,1990-04-01,Nantes,aucun,2025-06-09,
CL105132,Nguyen,Chloe,chloe.nguyen5132@example.com,0626099805,1984-04-27,Grenoble,mensuel,2026-03-04,oui
CL105133,Martin,Ines,ines.martin5133@example.com,0634808543,2001-02-12,Lyon,mensuel,2025-12-28,oui
CL105134,Fournier,Jade,jade.fournier5134@example.com,0627221995,1998-04-15,Lyon,aucun,2026-01-24,
CL105135,Nguyen,Lea,lea.nguyen5135@example.com,0619759541,1999-07-07,Lyon,mensuel,2026-04-23,non
CL105136,Girard,Manon,manon.girard5136@example.com,0657033254,1990-06-16,Lille,aucun,2026-03-29,non
CL105137,Nguyen,Gabriel,gabriel.nguyen5137@example.com,0693505857,1993-09-12,Nantes,annuel,2026-10-10,
CL105138,Martin,Chloe,chloe.martin5138@example.com,0678748377,1971-02-26,Lille,aucun,2025-12-05,non
CL105139,Moreau,Adam,adam.moreau5139@example.com,0642230509,1988-11-29,Grenoble,mensuel,2026-06-13,non
CL105140,Michel,Amira,amira.michel5140@example.com,0631164267,1970-09-09,Grenoble,aucun,2026-01-03,
CL105141,Girard,Yanis,yanis.girard5141@example.com,0630296229,1988-04-10,Lyon,aucun,2025-11-17,non
CL105142,Girard,Hugo,hugo.girard5142@example.com,0636652389,1984-08-02,Lyon,aucun,2026-06-03,
CL105143,Petit,Hugo,hugo.petit5143@example.com,0636714345,2001-08-17,Grenoble,aucun,2025-08-05,non
CL105144,Martin,Adam,adam.martin5144@example.com,0626064678,1989-08-20,Lyon,aucun,2026-01-31,
CL105145,Robert,Camille,camille.robert5145@example.com,0691951047,1970-10-12,Lille,aucun,2026-10-13,
CL105146,Benali,Ines,ines.benali5146@example.com,0640645351,1995-07-11,Lyon,aucun,2025-10-11,non
CL105147,Fournier,Sofia,sofia.fournier5147@example.com,0677805056,1965-09-15,Lille,etudiant,2026-03-07,non
CL105148,Roux,Amira,amira.roux5148@example.com,0640922141,1989-03-10,Lyon,aucun,2025-12-05,oui
CL105149,Girard,Gabriel,gabriel.girard5149@example.com,0627967451,1999-02-06,Nantes,aucun,2026-07-24,oui
CL105150,Petit,Louise,louise.petit5150@example.com,0656144591,1973-12-21,Lyon,aucun,2026-07-07,non
CL105151,Fournier,Chloe,chloe.fournier5151@example.com,0696760582,2000-06-04,Nantes,aucun,2025-08-31,oui
CL105152,Martin,Karim,karim.martin5152@example.com,0618923097,1974-10-14,Lyon,aucun,2025-05-20,non
CL105153,Girard,Ilyes,ilyes.girard5153@example.com,0650909587,1982-02-20,Lille,aucun,2025-11-24,non
CL105154,Girard,Camille,camille.girard5154@example.com,0669652632,1968-08-04,Lille,mensuel,2026-07-24,non
CL105155,Roux,Ilyes,ilyes.roux5155@example.com,0659152034,1987-09-02,Lille,aucun,2025-06-04,non
CL105156,Fournier,Rayan,rayan.fournier5156@example.com,0666586745,1967-01-13,Lille,etudiant,2026-03-09,oui
CL105157,Garcia,Noah,noah.garcia5157@example.com,0676348681,1992-10-31,Lyon,mensuel,2026-04-03,non
CL105158,Garcia,Louise,louise.garcia5158@example.com,0632969899,1984-04-18,Lyon,mensuel,2026-01-03,oui
CL105159,Laurent,Hugo,hugo.laurent5159@example.com,0637230304,1976-10-10,Lyon,etudiant,2025-04-17,oui
CL105160,Petit,Manon,manon.petit5160@example.com,0648159674,1974-03-24,Nantes,annuel,2025-07-05,oui
CL105161,Simon,Noah,noah.simon5161@example.com,0676498076,2002-02-22,Lyon,mensuel,2026-09-07,oui
CL105162,Michel,Noah,noah.michel5162@example.com,0612073786,2001-07-17,Lyon,mensuel,2025-08-26,non
CL105163,Laurent,Karim,karim.laurent5163@example.com,0636006657,1979-04-04,Lyon,aucun,2025-04-13,oui
CL105164,Dubois,Ilyes,ilyes.dubois5164@example.com,0654652858,1967-07-10,Lille,mensuel,2025-03-29,non
CL105165,Martin,Ines,ines.martin5165@example.com,0677103430,1966-07-23,Nantes,annuel,2026-08-06,oui
CL105166,Bernard,Amira,amira.bernard5166@example.com,0610111928,1989-06-21,Lyon,aucun,2026-08-20,oui
CL105167,Roux,Amira,amira.roux5167@example.com,0680832440,1989-11-25,Grenoble,mensuel,2025-07-05,
CL105168,Petit,Louise,louise.petit5168@example.com,0623596605,2003-04-16,Grenoble,aucun,2026-06-03,non
CL105169,Bernard,Camille,camille.bernard5169@example.com,0632634748,2000-12-20,Lyon,etudiant,2025-04-05,
CL105170,Garcia,Rayan,rayan.garcia5170@example.com,0644990650,1973-09-21,Nantes,mensuel,2026-09-29,
CL105171,Laurent,Karim,karim.laurent5171@example.com,0694570345,1974-01-16,Lyon,entreprise,2025-03-11,oui
CL105172,Petit,Yanis,yanis.petit5172@example.com,0687300299,1996-10-21,Lyon,aucun,2026-05-02,oui
CL105173,Moreau,Rayan,rayan.moreau5173@example.com,0683089225,2001-05-07,Lille,mensuel,2025-06-02,
CL105174,Benali,Camille,camille.benali5174@example.com,0643577034,1982-06-21,Nantes,annuel,2026-08-02,
CL105175,Garcia,Manon,manon.garcia5175@example.com,0699183329,1999-08-16,Lille,aucun,2025-12-18,oui
CL105176,Fournier,Yanis,yanis.fournier5176@example.com,0664528827,1980-08-22,Lille,aucun,2026-04-12,non
CL105177,Martin,Ines,ines.martin5177@example.com,0612789098,2000-09-13,Nantes,annuel,2025-05-09,oui
CL105178,Robert,Noah,noah.robert5178@example.com,0612120989,1985-10-23,Lyon,etudiant,2025-12-10,
CL105179,Nguyen,Amira,amira.nguyen5179@example.com,0642652923,1989-03-27,Lille,aucun,2025-12-13,
CL105180,Benali,Ilyes,ilyes.benali5180@example.com,0692599381,1960-06-17,Nantes,annuel,2025-03-11,non
CL105181,Martin,Lea,lea.martin5181@example.com,0686966426,1984-03-03,Nantes,aucun,2026-09-03,non
CL105182,Robert,Ines,ines.robert5182@example.com,0619996636,1992-07-17,Grenoble,annuel,2025-11-24,
CL105183,Durand,Manon,manon.durand5183@example.com,0636874324,1989-12-31,Nantes,aucun,2026-08-29,non
CL105184,Martin,Rayan,rayan.martin5184@example.com,0677857362,1966-12-31,Lyon,etudiant,2026-06-20,oui
CL105185,Robert,Lea,lea.robert5185@example.com,0650042728,1986-10-27,Lyon,etudiant,2025-09-05,oui
CL105186,Roux,Jade,jade.roux5186@example.com,0690947278,2001-08-02,Nantes,mensuel,2025-09-21,
CL105187,Robert,Manon,manon.robert5187@example.com,0648318369,1972-06-24,Lille,aucun,2025-10-01,
CL105188,Michel,Camille,camille.michel5188@example.com,0623246821,1961-02-18,Nantes,aucun,2026-06-23,non
CL105189,Petit,Adam,adam.petit5189@example.com,0653102639,1985-11-25,Nantes,mensuel,2026-10-16,
CL105190,Garcia,Rayan,rayan.garcia5190@example.com,0635110814,1983-11-27,Lille,aucun,2025-12-24,oui
CL105191,Girard,Amira,amira.girard5191@example.com,0657910323,1992-06-13,Lyon,aucun,2026-03-25,oui
CL105192,Laurent,Amira,amira.laurent5192@example.com,0655055628,1982-08-13,Lyon,etudiant,2025-09-15,non
CL105193,Durand,Gabriel,gabriel.durand5193@example.com,0610020294,1966-07-09,Lille,aucun,2026-03-10,non
CL105194,Robert,Sofia,sofia.robert5194@example.com,0656341051,1969-04-08,Lyon,aucun,2026-02-05,oui
CL105195,Moreau,Yanis,yanis.moreau5195@example.com,0638952308,1990-04-17,Lille,mensuel,2026-02-01,
CL105196,Durand,Gabriel,gabriel.durand5196@example.com,0616872188,1972-05-20,Nantes,etudiant,2026-09-16,oui
CL105197,Petit,Hugo,hugo.petit5197@example.com,0679370842,1981-03-09,Lille,aucun,2026-02-24,oui
CL105198,Durand,Manon,manon.durand5198@example.com,0668943081,1977-10-25,Lyon,mensuel,2025-10-25,
CL105199,Bernard,Louise,louise.bernard5199@example.com,0649141693,1985-11-22,Lyon,annuel,2026-08-04,
CL105200,Laurent,Chloe,chloe.laurent5200@example.com,0634244693,1976-01-26,Lille,annuel,2025-08-30,oui
CL105201,Petit,Manon,manon.petit5201@example.com,0667648037,1960-04-17,Lyon,etudiant,2026-07-08,
CL105202,Martin,Chloe,chloe.martin5202@example.com,0645833059,1970-04-05,Lyon,aucun,2025-10-27,non
CL105203,Benali,Chloe,chloe.benali5203@example.com,0669883382,1965-05-24,Lyon,annuel,2025-03-31,
CL105204,Garcia,Mehdi,mehdi.garcia5204@example.com,0644365606,2001-05-26,Lille,annuel,2025-10-22,
CL105205,Petit,Gabriel,gabriel.petit5205@example.com,0626116737,1966-04-07,Nantes,entreprise,2025-03-14,non
CL105206,Fournier,Ines,ines.fournier5206@example.com,0656856523,1976-10-13,Lille,annuel,2025-04-20,oui
CL105207,Benali,Lea,lea.benali5207@example.com,0630090660,1979-08-03,Nantes,aucun,2026-01-27,oui
CL105208,Roux,Chloe,chloe.roux5208@example.com,0647475975,1965-09-24,Lyon,mensuel,2026-09-21,non
CL105209,Bernard,Jade,jade.bernard5209@example.com,0612908854,1979-05-27,Lille,aucun,2025-07-08,
CL105210,Roux,Yanis,yanis.roux5210@example.com,0677054452,1999-10-06,Lille,aucun,2026-06-16,oui
CL105211,Moreau,Ines,ines.moreau5211@example.com,0657513163,1968-09-22,Lyon,aucun,2026-06-22,
CL105212,Durand,Lea,lea.durand5212@example.com,0675935494,1990-09-06,Nantes,aucun,2025-07-14,non
CL105213,Moreau,Hugo,hugo.moreau5213@example.com,0634230807,1993-05-15,Nantes,aucun,2026-09-10,non
CL105214,Durand,Louise,louise.durand5214@example.com,0621168718,1977-06-20,Lyon,mensuel,2025-11-07,non
CL105215,Robert,Lea,lea.robert5215@example.com,0616679187,1989-01-18,Lille,mensuel,2026-10-07,oui
CL105216,Nguyen,Noah,noah.nguyen5216@example.com,0688470911,1973-06-05,Nantes,entreprise,2026-05-21,non
CL105217,Martin,Manon,manon.martin5217@example.com,0661869124,1983-08-01,Grenoble,aucun,2025-05-26,
CL105218,Laurent,Sofia,sofia.laurent5218@example.com,0645710493,1981-12-14,Lille,etudiant,2025-06-26,non
CL105219,Roux,Lea,lea.roux5219@example.com,0651165623,2002-04-14,Lyon,mensuel,2025-07-23,non
CL105220,Moreau,Mehdi,mehdi.moreau5220@example.com,0641173462,1999-01-09,Grenoble,mensuel,2026-10-19,oui
CL105221,Martin,Noah,noah.martin5221@example.com,0618361745,1977-08-05,Nantes,mensuel,2025-11-04,oui
CL105222,Roux,Yanis,yanis.roux5222@example.com,0676817856,1990-12-12,Lyon,aucun,2026-06-10,
CL105223,Nguyen,Camille,camille.nguyen5223@example.com,0673291640,1965-09-27,Nantes,etudiant,2025-08-10,oui
CL105224,Nguyen,Sofia,sofia.nguyen5224@example.com,0665942894,1967-12-17,Lyon,aucun,2025-12-14,
CL105225,Girard,Louise,louise.girard5225@example.com,0689343330,1997-01-03,Grenoble,annuel,2026-09-25,
CL105226,Bernard,Ilyes,ilyes.bernard5226@example.com,0653874578,1969-01-18,Lille,aucun,2025-11-14,oui
CL105227,Fournier,Manon,manon.fournier5227@example.com,0675020735,1993-11-03,Lille,annuel,2025-09-20,oui
CL105228,Girard,Noah,noah.girard5228@example.com,0612269241,1975-04-25,Nantes,mensuel,2026-05-17,oui
CL105229,Benali,Ines,ines.benali5229@example.com,0673650268,1972-05-28,Lyon,etudiant,2025-07-26,non
CL105230,Roux,Sofia,sofia.roux5230@example.com,0647962905,1974-09-15,Grenoble,mensuel,2026-02-14,oui
CL105231,Roux,Hugo,hugo.roux5231@example.com,0675039501,1969-04-27,Lyon,mensuel,2025-10-18,oui
CL105232,Laurent,Manon,manon.laurent5232@example.com,0615994184,1995-10-06,Lyon,aucun,2025-09-11,oui
CL105233,Garcia,Ilyes,ilyes.garcia5233@example.com,0624885794,1992-12-14,Lille,aucun,2025-11-07,
CL105234,Moreau,Mehdi,mehdi.moreau5234@example.com,0643828772,1980-07-30,Lille,etudiant,2026-04-14,
CL105235,Simon,Mehdi,mehdi.simon5235@example.com,0666175820,1960-09-02,Nantes,aucun,2025-07-20,oui
CL105236,Durand,Sofia,sofia.durand5236@example.com,0675944182,2002-01-28,Lyon,mensuel,2025-10-27,
CL105237,Roux,Hugo,hugo.roux5237@example.com,0679370174,1992-10-12,Lyon,mensuel,2026-07-28,non
CL105238,Girard,Louise,louise.girard5238@example.com,0669365712,1988-07-27,Lyon,entreprise,2025-06-28,
CL105239,Dubois,Rayan,rayan.dubois5239@example.com,0657398282,1984-07-04,Lille,aucun,2025-07-16,non
CL105240,Girard,Louise,louise.girard5240@example.com,0614668908,1961-12-30,Lille,mensuel,2025-12-24,oui
CL105241,Robert,Camille,camille.robert5241@example.com,0689493146,1981-01-09,Lyon,aucun,2026-02-16,oui
CL105242,Petit,Adam,adam.petit5242@example.com,0636415369,2002-03-23,Lille,aucun,2026-10-19,non
CL105243,Robert,Karim,karim.robert5243@example.com,0665746105,1981-08-05,Lille,mensuel,2026-06-30,non
CL105244,Martin,Sofia,sofia.martin5244@example.com,0615400858,1974-08-03,Grenoble,annuel,2026-02-09,
CL105245,Petit,Chloe,chloe.petit5245@example.com,0638875016,1968-03-17,Lyon,annuel,2025-04-19,oui
CL105246,Bernard,Rayan,rayan.bernard5246@example.com,0637745955,1983-04-24,Nantes,mensuel,2026-04-09,
CL105247,Dubois,Camille,camille.dubois5247@example.com,0635644192,1979-09-01,Nantes,mensuel,2026-09-17,
CL105248,Simon,Camille,camille.simon5248@example.com,0667127335,1960-12-11,Lyon,annuel,2025-12-07,oui
CL105249,Roux,Adam,adam.roux5249@example.com,0640709034,1981-05-06,Nantes,mensuel,2026-09-28,non
CL105250,Durand,Sofia,sofia.durand5250@example.com,0649434499,1967-07-09,Lille,aucun,2026-08-26,oui
CL105251,Fournier,Chloe,chloe.fournier5251@example.com,0649967566,1984-05-21,Grenoble,etudiant,2026-07-28,oui
CL105252,Fournier,Karim,karim.fournier5252@example.com,0651747447,1998-06-06,Grenoble,etudiant,2025-12-02,non
CL105253,Nguyen,Sofia,sofia.nguyen5253@example.com,0661446967,1985-12-05,Lyon,aucun,2026-06-10,oui
CL105254,Durand,Rayan,rayan.durand5254@example.com,0686774136,1998-07-18,Lyon,mensuel,2025-05-17,oui
CL105255,Simon,Mehdi,mehdi.simon5255@example.com,0692494871,1963-10-27,Lille,aucun,2026-05-02,non
CL105256,Dubois,Adam,adam.dubois5256@example.com,0622446133,1967-10-20,Nantes,aucun,2025-05-17,non
CL105257,Moreau,Sofia,sofia.moreau5257@example.com,0660240127,1998-06-20,Grenoble,entreprise,2025-05-30,non
CL105258,Nguyen,Karim,karim.nguyen5258@example.com,0662868611,1983-08-01,Grenoble,aucun,2025-07-20,oui
CL105259,Garcia,Louise,louise.garcia5259@example.com,0631848774,1975-09-03,Lyon,aucun,2026-07-23,non
CL105260,Roux,Sofia,sofia.roux5260@example.com,0662685415,1996-11-13,Nantes,annuel,2025-04-03,oui
CL105261,Moreau,Sofia,sofia.moreau5261@example.com,0614714969,1990-11-11,Lille,annuel,2026-08-10,non
CL105262,Moreau,Manon,manon.moreau5262@example.com,0612613809,1978-05-20,Grenoble,aucun,2026-02-27,oui
CL105263,Robert,Karim,karim.robert5263@example.com,0698336822,2001-10-22,Lyon,annuel,2025-05-19,non
CL105264,Girard,Ilyes,ilyes.girard5264@example.com,0687506523,1969-06-16,Nantes,mensuel,2026-01-21,non
CL105265,Moreau,Karim,karim.moreau5265@example.com,0611052920,2003-01-06,Lille,aucun,2026-03-30,
CL105266,Fournier,Mehdi,mehdi.fournier5266@example.com,0636772128,1965-07-18,Lyon,aucun,2026-04-12,non
CL105267,Martin,Noah,noah.martin5267@example.com,0631759292,1984-10-12,Nantes,etudiant,2025-07-28,non
CL105268,Durand,Noah,noah.durand5268@example.com,0664266367,1989-03-12,Lille,aucun,2025-07-03,oui
CL105269,Robert,Louise,louise.robert5269@example.com,0679978717,1962-06-17,Grenoble,aucun,2026-04-06,non
CL105270,Petit,Karim,karim.petit5270@example.com,0685037705,2002-05-18,Lyon,aucun,2026-10-01,
CL105271,Petit,Noah,noah.petit5271@example.com,0645325541,1961-04-23,Grenoble,entreprise,2025-10-21,
CL105272,Girard,Rayan,rayan.girard5272@example.com,0647016346,1962-08-19,Lyon,mensuel,2025-06-28,non
CL105273,Petit,Mehdi,mehdi.petit5273@example.com,0691033852,1980-02-17,Lille,mensuel,2025-07-19,
CL105274,Durand,Gabriel,gabriel.durand5274@example.com,0648252353,1985-11-08,Lille,aucun,2025-05-05,oui
CL105275,Laurent,Sofia,sofia.laurent5275@example.com,0651762703,1964-11-01,Lille,mensuel,2026-04-08,non
CL105276,Roux,Manon,manon.roux5276@example.com,0618345199,1985-11-22,Lyon,etudiant,2026-01-24,
CL105277,Martin,Rayan,rayan.martin5277@example.com,0659614096,1975-03-28,Lyon,aucun,2026-01-15,
CL105278,Michel,Louise,louise.michel5278@example.com,0687489669,1988-11-07,Lille,mensuel,2025-08-27,oui
CL105279,Roux,Mehdi,mehdi.roux5279@example.com,0663773586,1964-03-21,Lyon,entreprise,2025-04-30,oui
CL105280,Nguyen,Chloe,chloe.nguyen5280@example.com,0666334161,1998-08-08,Lille,aucun,2025-10-03,oui
CL105281,Dubois,Ines,ines.dubois5281@example.com,0623725172,1974-10-25,Nantes,etudiant,2026-10-06,
CL105282,Bernard,Jade,jade.bernard5282@example.com,0662527285,1967-05-02,Lyon,mensuel,2025-08-30,
CL105283,Michel,Hugo,hugo.michel5283@example.com,0661546060,1977-04-30,Lyon,mensuel,2026-03-27,
CL105284,Robert,Karim,karim.robert5284@example.com,0663238051,1969-11-25,Grenoble,aucun,2025-09-25,non
CL105285,Fournier,Hugo,hugo.fournier5285@example.com,0638089355,1988-03-27,Nantes,etudiant,2026-05-10,non
CL105286,Michel,Rayan,rayan.michel5286@example.com,0695321260,1989-06-18,Lyon,mensuel,2025-07-24,
CL105287,Moreau,Camille,camille.moreau5287@example.com,0693326205,1970-07-18,Grenoble,aucun,2026-09-19,oui
CL105288,Garcia,Ines,ines.garcia5288@example.com,0651266315,1999-05-24,Lyon,etudiant,2025-07-30,non
CL105289,Moreau,Amira,amira.moreau5289@example.com,0630465043,1993-04-04,Lyon,annuel,2025-03-07,
CL105290,Laurent,Rayan,rayan.laurent5290@example.com,0699948241,1963-10-27,Grenoble,etudiant,2026-01-17,oui
CL105291,Petit,Jade,jade.petit5291@example.com,0622198472,1968-04-16,Lyon,annuel,2025-10-04,
CL105292,Girard,Jade,jade.girard5292@example.com,0666513560,1997-02-02,Lyon,aucun,2026-06-17,non
CL105293,Robert,Mehdi,mehdi.robert5293@example.com,0654743691,1968-03-11,Lille,etudiant,2026-10-06,
CL105294,Laurent,Camille,camille.laurent5294@example.com,0685457877,1987-04-17,Lille,annuel,2025-08-01,
CL105295,Fournier,Hugo,hugo.fournier5295@example.com,0675922145,1976-09-19,Grenoble,annuel,2026-03-18,oui
CL105296,Dubois,Camille,camille.dubois5296@example.com,0689651189,1997-01-07,Lyon,mensuel,2026-08-19,
CL105297,Fournier,Lea,lea.fournier5297@example.com,0652745712,1989-03-04,Nantes,aucun,2025-08-16,oui
CL105298,Moreau,Lea,lea.moreau5298@example.com,0635556170,1990-08-29,Lille,mensuel,2025-04-28,
CL105299,Moreau,Jade,jade.moreau5299@example.com,0623278976,1961-12-27,Nantes,mensuel,2025-03-04,non
CL105300,Dubois,Lea,lea.dubois5300@example.com,0678747756,1996-02-21,Nantes,aucun,2026-05-11,
CL105301,Bernard,Chloe,chloe.bernard5301@example.com,0665179802,1992-07-05,Grenoble,aucun,2025-11-20,oui
CL105302,Robert,Hugo,hugo.robert5302@example.com,0627635628,2001-05-30,Nantes,aucun,2025-08-08,non
CL105303,Dubois,Lea,lea.dubois5303@example.com,0673439953,1998-09-14,Lille,annuel,2026-05-21,non
CL105304,Roux,Noah,noah.roux5304@example.com,0659227515,1995-06-22,Lyon,aucun,2026-04-19,oui
CL105305,Moreau,Noah,noah.moreau5305@example.com,0611848844,1972-07-17,Lyon,annuel,2025-12-09,oui
CL105306,Simon,Karim,karim.simon5306@example.com,0679335794,2001-08-18,Lyon,aucun,2026-09-22,oui
CL105307,Garcia,Hugo,hugo.garcia5307@example.com,0627720367,1974-10-23,Lille,mensuel,2025-09-04,oui
CL105308,Bernard,Karim,karim.bernard5308@example.com,0653733648,1993-10-19,Grenoble,aucun,2026-03-21,non
CL105309,Bernard,Camille,camille.bernard5309@example.com,0634104504,1963-03-28,Lyon,annuel,2026-10-14,non
CL105310,Garcia,Ilyes,ilyes.garcia5310@example.com,0646672636,1973-05-27,Lille,aucun,2026-03-25,oui
CL105311,Robert,Lea,lea.robert5311@example.com,0628040702,1976-04-22,Nantes,aucun,2025-07-20,oui
CL105312,Robert,Sofia,sofia.robert5312@example.com,0685348201,1984-10-31,Lille,aucun,2026-09-21,
CL105313,Petit,Karim,karim.petit5313@example.com,0654579799,2003-05-07,Lyon,aucun,2026-06-15,non
CL105314,Fournier,Gabriel,gabriel.fournier5314@example.com,0654699400,1969-01-13,Lille,annuel,2025-04-17,non
CL105315,Fournier,Hugo,hugo.fournier5315@example.com,0667587017,1995-06-14,Grenoble,etudiant,2026-09-02,oui
CL105316,Girard,Sofia,sofia.girard5316@example.com,0692281430,1989-12-25,Nantes,annuel,2025-06-02,non
CL105317,Roux,Hugo,hugo.roux5317@example.com,0661724125,2001-02-15,Lille,mensuel,2026-01-13,non
CL105318,Benali,Adam,adam.benali5318@example.com,0631572898,1985-09-24,Lyon,aucun,2026-01-18,non
CL105319,Moreau,Karim,karim.moreau5319@example.com,0643574417,1982-07-15,Nantes,aucun,2026-08-01,non
CL105320,Robert,Manon,manon.robert5320@example.com,0684358907,1999-10-10,Lille,aucun,2026-07-22,oui
CL105321,Bernard,Camille,camille.bernard5321@example.com,0629920802,1964-01-11,Lyon,etudiant,2025-12-07,oui
CL105322,Garcia,Lea,lea.garcia5322@example.com,0622451095,1981-12-30,Lille,etudiant,2025-12-15,
CL105323,Benali,Louise,louise.benali5323@example.com,0680320091,1968-09-08,Lyon,mensuel,2025-08-19,non
CL105324,Girard,Jade,jade.girard5324@example.com,0650575946,1979-08-26,Grenoble,aucun,2026-09-11,
CL105325,Dubois,Mehdi,mehdi.dubois5325@example.com,0645123473,1960-04-14,Grenoble,aucun,2026-06-24,oui
CL105326,Durand,Sofia,sofia.durand5326@example.com,0624955789,1995-12-24,Lyon,mensuel,2026-05-19,
CL105327,Roux,Yanis,yanis.roux5327@example.com,0649541584,1988-07-07,Grenoble,aucun,2026-09-30,oui
CL105328,Martin,Lea,lea.martin5328@example.com,0647789677,1962-10-20,Lyon,aucun,2026-07-08,
CL105329,Petit,Noah,noah.petit5329@example.com,0697431472,1960-07-14,Lyon,mensuel,2025-09-30,oui
CL105330,Garcia,Lea,lea.garcia5330@example.com,0679487654,1976-09-18,Lille,etudiant,2025-07-20,non
CL105331,Moreau,Amira,amira.moreau5331@example.com,0630648538,1974-09-08,Lille,aucun,2025-06-22,
CL105332,Nguyen,Hugo,hugo.nguyen5332@example.com,0680978420,1980-07-14,Lille,aucun,2025-06-16,non
CL105333,Fournier,Lea,lea.fournier5333@example.com,0630212901,1960-10-11,Grenoble,mensuel,2026-02-24,oui
CL105334,Dubois,Gabriel,gabriel.dubois5334@example.com,0657724424,1987-04-28,Lyon,aucun,2025-05-29,non
CL105335,Dubois,Lea,lea.dubois5335@example.com,0688382643,1973-07-06,Nantes,aucun,2025-10-23,non
CL105336,Bernard,Gabriel,gabriel.bernard5336@example.com,0698982450,1987-11-26,Lille,aucun,2025-04-21,
CL105337,Michel,Mehdi,mehdi.michel5337@example.com,0661405456,1998-01-14,Lyon,aucun,2026-04-28,non
CL105338,Roux,Ines,ines.roux5338@example.com,0618405583,1965-09-27,Lyon,mensuel,2026-04-04,
CL105339,Nguyen,Ines,ines.nguyen5339@example.com,0628985539,1979-03-15,Lille,annuel,2026-07-26,non
CL105340,Garcia,Manon,manon.garcia5340@example.com,0651013671,1979-03-08,Nantes,aucun,2026-04-27,oui
CL105341,Fournier,Mehdi,mehdi.fournier5341@example.com,0621020811,1971-07-12,Lyon,aucun,2025-12-02,non
CL105342,Nguyen,Amira,amira.nguyen5342@example.com,0685433485,1963-01-04,Grenoble,aucun,2026-05-17,
CL105343,Dubois,Ilyes,ilyes.dubois5343@example.com,0619377126,1973-05-13,Nantes,aucun,2026-02-13,non
CL105344,Garcia,Sofia,sofia.garcia5344@example.com,0632949422,1997-10-26,Lyon,entreprise,2025-07-22,non
CL105345,Petit,Jade,jade.petit5345@example.com,0672379078,1974-06-02,Lille,mensuel,2026-01-13,
CL105346,Petit,Ines,ines.petit5346@example.com,0693145980,1996-03-29,Nantes,mensuel,2025-08-31,non
CL105347,Girard,Gabriel,gabriel.girard5347@example.com,0661140826,1976-10-22,Lyon,annuel,2025-08-06,
CL105348,Martin,Gabriel,gabriel.martin5348@example.com,0633746565,1969-05-08,Lyon,annuel,2025-07-27,oui
CL105349,Dubois,Manon,manon.dubois5349@example.com,0635617103,1965-06-12,Lille,mensuel,2025-12-14,non
CL105350,Petit,Noah,noah.petit5350@example.com,0654852315,1982-05-03,Lyon,aucun,2026-05-03,
CL105351,Robert,Lea,lea.robert5351@example.com,0661417770,1968-09-07,Lyon,aucun,2025-09-22,
CL105352,Roux,Yanis,yanis.roux5352@example.com,0627131348,1989-06-29,Lyon,aucun,2025-05-29,oui
CL105353,Fournier,Camille,camille.fournier5353@example.com,0672555316,1974-09-16,Lyon,annuel,2025-07-27,
CL105354,Fournier,Noah,noah.fournier5354@example.com,0693309134,1974-12-13,Lille,mensuel,2025-05-10,oui
CL105355,Robert,Camille,camille.robert5355@example.com,0681608282,2000-02-19,Lille,aucun,2025-12-31,non
CL105356,Nguyen,Noah,noah.nguyen5356@example.com,0680872671,1968-01-02,Grenoble,entreprise,2026-05-06,oui
CL105357,Benali,Louise,louise.benali5357@example.com,0686787523,1983-07-25,Nantes,entreprise,2025-10-29,
CL105358,Bernard,Camille,camille.bernard5358@example.com,0620262497,1981-10-23,Lyon,mensuel,2025-04-16,oui
CL105359,Simon,Hugo,hugo.simon5359@example.com,0628531904,1970-10-26,Lyon,annuel,2026-06-07,oui
CL105360,Durand,Hugo,hugo.durand5360@example.com,0663350556,1981-03-19,Lille,mensuel,2025-12-12,non
CL105361,Girard,Amira,amira.girard5361@example.com,0670370745,1960-06-17,Lyon,aucun,2026-05-17,non
CL105362,Girard,Lea,lea.girard5362@example.com,0682025472,1976-07-03,Lille,mensuel,2025-12-21,
CL105363,Dubois,Louise,louise.dubois5363@example.com,0684132855,1961-03-14,Lille,aucun,2025-09-05,non
CL105364,Garcia,Hugo,hugo.garcia5364@example.com,0626473253,1970-03-06,Grenoble,mensuel,2025-10-01,non
CL105365,Laurent,Hugo,hugo.laurent5365@example.com,0683416139,1987-05-17,Lille,aucun,2026-09-18,oui
CL105366,Fournier,Gabriel,gabriel.fournier5366@example.com,0659809933,1987-11-23,Lyon,mensuel,2025-09-17,oui
CL105367,Bernard,Ines,ines.bernard5367@example.com,0634586162,1986-04-19,Grenoble,annuel,2026-04-17,oui
CL105368,Laurent,Noah,noah.laurent5368@example.com,0654191718,1988-10-15,Lyon,aucun,2026-05-25,
CL105369,Roux,Ines,ines.roux5369@example.com,0673133736,1966-04-25,Lille,etudiant,2026-03-22,
CL105370,Bernard,Amira,amira.bernard5370@example.com,0654994512,1970-08-02,Grenoble,mensuel,2026-03-24,
CL105371,Petit,Manon,manon.petit5371@example.com,0686820422,1980-09-13,Lille,aucun,2025-11-16,non
CL105372,Benali,Rayan,rayan.benali5372@example.com,0633231858,1971-09-20,Nantes,mensuel,2026-04-15,
CL105373,Laurent,Yanis,yanis.laurent5373@example.com,0670923134,1992-11-27,Grenoble,mensuel,2025-08-28,non
CL105374,Michel,Mehdi,mehdi.michel5374@example.com,0681957206,1998-05-22,Nantes,aucun,2025-03-15,non
CL105375,Moreau,Amira,amira.moreau5375@example.com,0691106226,1965-07-16,Lille,aucun,2025-03-17,non
CL105376,Martin,Gabriel,gabriel.martin5376@example.com,0699121876,1963-03-03,Grenoble,mensuel,2026-01-06,oui
CL105377,Benali,Karim,karim.benali5377@example.com,0654687915,1985-04-13,Lille,etudiant,2026-04-08,oui
CL105378,Durand,Rayan,rayan.durand5378@example.com,0683329910,1963-11-21,Nantes,aucun,2025-06-20,non
CL105379,Martin,Hugo,hugo.martin5379@example.com,0659734931,1974-04-19,Lyon,etudiant,2025-06-11,
CL105380,Nguyen,Louise,louise.nguyen5380@example.com,0630459267,1994-04-08,Lille,annuel,2026-03-27,oui
CL105381,Michel,Louise,louise.michel5381@example.com,0663055570,1995-04-09,Lille,annuel,2025-08-17,oui
CL105382,Michel,Camille,camille.michel5382@example.com,0645153348,1985-09-29,Lyon,aucun,2025-12-04,non
CL105383,Durand,Gabriel,gabriel.durand5383@example.com,0699722350,2001-01-22,Grenoble,mensuel,2025-08-26,
CL105384,Michel,Camille,camille.michel5384@example.com,0618722982,1977-07-16,Nantes,aucun,2026-10-02,non
CL105385,Laurent,Mehdi,mehdi.laurent5385@example.com,0625743537,1994-03-21,Grenoble,aucun,2026-04-02,non
CL105386,Nguyen,Louise,louise.nguyen5386@example.com,0635442608,1984-01-28,Lyon,mensuel,2025-04-22,oui
CL105387,Michel,Sofia,sofia.michel5387@example.com,0667081312,2003-04-10,Lyon,aucun,2026-05-24,oui
CL105388,Fournier,Hugo,hugo.fournier5388@example.com,0664160052,1977-02-09,Nantes,mensuel,2025-06-23,non
CL105389,Robert,Lea,lea.robert5389@example.com,0652097750,1998-02-03,Nantes,mensuel,2025-11-26,oui
CL105390,Durand,Mehdi,mehdi.durand5390@example.com,0681054212,1978-10-26,Lille,entreprise,2025-09-01,
CL105391,Robert,Yanis,yanis.robert5391@example.com,0652044428,1984-07-06,Nantes,mensuel,2025-03-11,non
CL105392,Petit,Rayan,rayan.petit5392@example.com,0639908399,1998-04-29,Lyon,mensuel,2026-09-19,oui
CL105393,Martin,Hugo,hugo.martin5393@example.com,0650761305,1980-06-11,Grenoble,mensuel,2025-03-19,non
CL105394,Roux,Hugo,hugo.roux5394@example.com,0653452387,1962-06-25,Grenoble,aucun,2026-09-11,non
CL105395,Garcia,Camille,camille.garcia5395@example.com,0614568609,1965-03-15,Lyon,annuel,2025-10-23,non
CL105396,Fournier,Manon,manon.fournier5396@example.com,0610562030,1979-03-23,Lille,etudiant,2025-04-28,
CL105397,Michel,Ines,ines.michel5397@example.com,0649722789,1980-04-26,Lyon,aucun,2026-10-12,
CL105398,Michel,Sofia,sofia.michel5398@example.com,0665382816,1985-03-18,Nantes,etudiant,2026-08-12,non
CL105399,Garcia,Hugo,hugo.garcia5399@example.com,0694523283,1988-05-26,Lyon,aucun,2026-03-13,oui
CL105400,Girard,Lea,lea.girard5400@example.com,0682539819,1976-12-04,Lyon,etudiant,2026-05-23,oui
CL105401,Fournier,Adam,adam.fournier5401@example.com,0650574178,1981-08-23,Lille,annuel,2025-04-27,oui
CL105402,Durand,Camille,camille.durand5402@example.com,0617225696,1992-04-23,Grenoble,aucun,2025-08-22,
CL105403,Bernard,Chloe,chloe.bernard5403@example.com,0670498942,1980-09-15,Nantes,mensuel,2026-04-13,oui
CL105404,Benali,Lea,lea.benali5404@example.com,0656842268,1972-05-12,Lyon,aucun,2026-01-10,oui
CL105405,Simon,Louise,louise.simon5405@example.com,0615336371,1967-02-01,Lille,aucun,2025-10-19,
CL105406,Durand,Lea,lea.durand5406@example.com,0621276067,1978-05-25,Grenoble,aucun,2025-05-05,oui
CL105407,Laurent,Amira,amira.laurent5407@example.com,0646988227,1980-05-27,Lille,aucun,2025-09-24,non
CL105408,Michel,Mehdi,mehdi.michel5408@example.com,0643523188,1995-03-23,Lyon,aucun,2025-11-10,oui
CL105409,Martin,Camille,camille.martin5409@example.com,0633634426,1964-10-21,Nantes,aucun,2026-06-03,oui
CL105410,Petit,Sofia,sofia.petit5410@example.com,0611373829,1965-12-13,Lyon,aucun,2025-04-25,
CL105411,Fournier,Hugo,hugo.fournier5411@example.com,0632504196,1960-08-04,Lyon,aucun,2025-05-12,oui
CL105412,Roux,Mehdi,mehdi.roux5412@example.com,0662187320,1975-10-30,Nantes,aucun,2026-08-07,
CL105413,Girard,Hugo,hugo.girard5413@example.com,0684198008,1966-07-09,Lille,mensuel,2026-05-19,
CL105414,Nguyen,Amira,amira.nguyen5414@example.com,0640215780,1962-12-25,Lyon,annuel,2026-10-16,oui
CL105415,Laurent,Louise,louise.laurent5415@example.com,0639347142,1987-10-28,Lille,etudiant,2025-12-23,oui
CL105416,Nguyen,Jade,jade.nguyen5416@example.com,0624815300,1983-04-13,Nantes,annuel,2025-05-03,oui
CL105417,Robert,Sofia,sofia.robert5417@example.com,0634721155,2003-04-07,Lille,aucun,2025-05-14,oui
CL105418,Michel,Mehdi,mehdi.michel5418@example.com,0660776598,1968-10-01,Lille,etudiant,2026-05-21,oui
CL105419,Martin,Karim,karim.martin5419@example.com,0688188896,1998-12-03,Lyon,etudiant,2025-06-12,oui
CL105420,Fournier,Gabriel,gabriel.fournier5420@example.com,0653579665,1995-02-10,Lyon,aucun,2026-06-20,
CL105421,Moreau,Jade,jade.moreau5421@example.com,0662660725,1985-06-20,Lille,aucun,2025-12-11,oui
CL105422,Michel,Ines,ines.michel5422@example.com,0667598513,1991-06-29,Lille,annuel,2026-04-30,
CL105423,Nguyen,Jade,jade.nguyen5423@example.com,0618394181,1990-05-17,Lille,etudiant,2025-08-31,
CL105424,Nguyen,Chloe,chloe.nguyen5424@example.com,0639309182,1999-11-09,Lille,mensuel,2026-09-22,oui
CL105425,Nguyen,Yanis,yanis.nguyen5425@example.com,0676943554,1970-06-25,Lyon,mensuel,2025-04-22,non
CL105426,Dubois,Lea,lea.dubois5426@example.com,0663047321,1962-03-05,Grenoble,aucun,2026-07-26,non
CL105427,Dubois,Louise,louise.dubois5427@example.com,0683169876,1965-02-12,Nantes,etudiant,2026-08-23,oui
CL105428,Garcia,Yanis,yanis.garcia5428@example.com,0678470859,1991-01-20,Lyon,mensuel,2026-07-14,non
CL105429,Dubois,Hugo,hugo.dubois5429@example.com,0651663071,1973-12-20,Lyon,annuel,2026-04-23,non
CL105430,Durand,Hugo,hugo.durand5430@example.com,0688551823,1967-04-30,Grenoble,aucun,2026-01-23,non
CL105431,Dubois,Camille,camille.dubois5431@example.com,0650875614,1985-04-10,Lyon,annuel,2026-10-03,oui
CL105432,Bernard,Ines,ines.bernard5432@example.com,0634188343,1963-07-12,Lyon,aucun,2025-12-07,non
CL105433,Durand,Lea,lea.durand5433@example.com,0615220416,2003-04-05,Grenoble,etudiant,2026-08-01,non
CL105434,Moreau,Manon,manon.moreau5434@example.com,0652725995,1975-11-18,Lille,aucun,2025-05-31,non
CL105435,Durand,Sofia,sofia.durand5435@example.com,0616794462,1982-06-15,Lille,mensuel,2025-10-31,oui
CL105436,Laurent,Gabriel,gabriel.laurent5436@example.com,0647466415,1993-07-12,Grenoble,aucun,2026-01-02,
CL105437,Simon,Hugo,hugo.simon5437@example.com,0687103950,1990-04-11,Lyon,aucun,2026-09-25,non
CL105438,Roux,Lea,lea.roux5438@example.com,0632383861,1982-01-17,Nantes,aucun,2026-05-05,
CL105439,Dubois,Manon,manon.dubois5439@example.com,0693929872,1968-01-02,Lyon,annuel,2025-06-12,
CL105440,Simon,Mehdi,mehdi.simon5440@example.com,0615499775,1994-05-11,Lyon,entreprise,2025-11-08,oui
CL105441,Moreau,Camille,camille.moreau5441@example.com,0656650593,1975-02-17,Lille,mensuel,2025-07-09,non
CL105442,Durand,Lea,lea.durand5442@example.com,0614089478,1995-12-20,Lyon,aucun,2025-08-18,non
CL105443,Durand,Adam,adam.durand5443@example.com,0647687674,1993-03-05,Lille,aucun,2025-05-31,
CL105444,Martin,Karim,karim.martin5444@example.com,0630621153,2003-05-22,Lyon,mensuel,2025-08-10,oui
CL105445,Durand,Karim,karim.durand5445@example.com,0661812417,1960-11-25,Nantes,mensuel,2025-07-13,oui
CL105446,Nguyen,Amira,amira.nguyen5446@example.com,0624338590,1984-08-30,Lyon,aucun,2025-05-21,non
CL105447,Roux,Sofia,sofia.roux5447@example.com,0683879072,1989-09-13,Lyon,aucun,2026-01-20,non
CL105448,Fournier,Karim,karim.fournier5448@example.com,0665918081,1973-05-10,Nantes,etudiant,2025-06-27,non
CL105449,Benali,Hugo,hugo.benali5449@example.com,0673881177,1977-09-05,Lille,etudiant,2026-05-28,oui
CL105450,Bernard,Lea,lea.bernard5450@example.com,0687601387,1965-08-20,Lyon,annuel,2026-05-11,oui
CL105451,Michel,Amira,amira.michel5451@example.com,0680597732,1977-03-30,Nantes,annuel,2026-02-10,oui
CL105452,Martin,Rayan,rayan.martin5452@example.com,0680463267,1992-07-08,Nantes,mensuel,2026-09-13,non
CL105453,Benali,Camille,camille.benali5453@example.com,0677671355,1977-01-20,Lyon,mensuel,2025-05-20,oui
CL105454,Bernard,Jade,jade.bernard5454@example.com,0626186012,1966-02-28,Nantes,mensuel,2026-02-25,
CL105455,Martin,Louise,louise.martin5455@example.com,0692337658,1990-08-18,Lille,aucun,2026-02-28,oui
CL105456,Bernard,Manon,manon.bernard5456@example.com,0683507351,1977-01-08,Lyon,etudiant,2026-05-01,oui
CL105457,Roux,Yanis,yanis.roux5457@example.com,0657518239,1999-05-20,Lille,aucun,2025-11-12,
CL105458,Laurent,Adam,adam.laurent5458@example.com,0642750538,1989-06-10,Lyon,aucun,2025-10-12,non
CL105459,Garcia,Noah,noah.garcia5459@example.com,0632681337,2000-07-25,Lyon,annuel,2025-11-12,oui
CL105460,Simon,Amira,amira.simon5460@example.com,0650743057,2002-07-10,Lyon,annuel,2026-02-03,
CL105461,Fournier,Noah,noah.fournier5461@example.com,0657260684,1973-03-18,Grenoble,etudiant,2025-03-09,non
CL105462,Laurent,Karim,karim.laurent5462@example.com,0617297939,1991-09-16,Lyon,annuel,2025-12-01,non
CL105463,Moreau,Louise,louise.moreau5463@example.com,0638719119,1968-10-16,Lille,etudiant,2025-11-20,oui
CL105464,Michel,Lea,lea.michel5464@example.com,0618580475,1970-01-28,Grenoble,mensuel,2026-07-02,
CL105465,Nguyen,Rayan,rayan.nguyen5465@example.com,0677746237,1983-11-29,Lyon,aucun,2026-02-27,
CL105466,Fournier,Sofia,sofia.fournier5466@example.com,0661968540,1973-03-03,Grenoble,aucun,2025-03-23,
CL105467,Bernard,Ilyes,ilyes.bernard5467@example.com,0617695297,1995-10-10,Grenoble,etudiant,2025-12-16,
CL105468,Nguyen,Yanis,yanis.nguyen5468@example.com,0653415318,1987-07-26,Lyon,etudiant,2026-01-27,oui
CL105469,Durand,Camille,camille.durand5469@example.com,0618688524,1983-01-31,Grenoble,aucun,2026-08-23,non
CL105470,Martin,Adam,adam.martin5470@example.com,0692495987,1990-04-16,Lyon,etudiant,2025-04-06,non
CL105471,Dubois,Ines,ines.dubois5471@example.com,0617115267,1987-10-31,Nantes,aucun,2025-03-24,
CL105472,Petit,Rayan,rayan.petit5472@example.com,0695504446,1973-03-06,Lyon,etudiant,2026-03-03,oui
CL105473,Durand,Adam,adam.durand5473@example.com,0615506899,1990-11-17,Lyon,aucun,2025-05-29,
CL105474,Garcia,Karim,karim.garcia5474@example.com,0674554215,1991-08-17,Nantes,aucun,2025-11-23,non
CL105475,Fournier,Sofia,sofia.fournier5475@example.com,0612629572,1981-06-04,Lyon,annuel,2025-03-31,oui
CL105476,Girard,Jade,jade.girard5476@example.com,0645013812,2002-04-09,Lille,annuel,2026-07-16,
CL105477,Moreau,Ilyes,ilyes.moreau5477@example.com,0670761912,1976-10-15,Lyon,etudiant,2025-09-04,non
CL105478,Dubois,Noah,noah.dubois5478@example.com,0681157841,1997-11-25,Nantes,etudiant,2026-05-20,oui
CL105479,Petit,Ines,ines.petit5479@example.com,0681107573,1968-07-02,Lyon,mensuel,2025-03-23,non
CL105480,Simon,Gabriel,gabriel.simon5480@example.com,0656292021,1961-11-11,Lyon,mensuel,2026-09-28,oui
CL105481,Michel,Amira,amira.michel5481@example.com,0611819937,1996-11-19,Lyon,mensuel,2025-12-18,non
CL105482,Girard,Louise,louise.girard5482@example.com,0691179250,1963-10-25,Lyon,mensuel,2025-10-30,non
CL105483,Michel,Chloe,chloe.michel5483@example.com,0643525383,1963-09-07,Lille,aucun,2025-04-26,oui
CL105484,Girard,Adam,adam.girard5484@example.com,0684645709,2003-05-10,Lyon,annuel,2025-08-06,non
CL105485,Martin,Yanis,yanis.martin5485@example.com,0695826265,1979-07-22,Nantes,mensuel,2026-02-20,oui
CL105486,Nguyen,Lea,lea.nguyen5486@example.com,0649968047,1990-06-03,Lille,entreprise,2025-06-03,non
CL105487,Benali,Hugo,hugo.benali5487@example.com,0659154487,1960-05-03,Lille,aucun,2026-06-11,oui
CL105488,Martin,Karim,karim.martin5488@example.com,0653123305,1997-06-21,Lyon,annuel,2026-07-10,
CL105489,Nguyen,Gabriel,gabriel.nguyen5489@example.com,0621819078,1984-11-05,Nantes,aucun,2025-11-28,oui
CL105490,Fournier,Gabriel,gabriel.fournier5490@example.com,0612882254,1967-03-26,Grenoble,annuel,2026-06-21,
CL105491,Laurent,Mehdi,mehdi.laurent5491@example.com,0647089216,1982-06-26,Nantes,aucun,2025-06-15,non
CL105492,Robert,Sofia,sofia.robert5492@example.com,0633490567,1993-03-09,Lyon,aucun,2026-09-10,non
CL105493,Nguyen,Rayan,rayan.nguyen5493@example.com,0673989549,1981-10-06,Lyon,aucun,2025-07-14,non
CL105494,Durand,Ines,ines.durand5494@example.com,0650118644,1995-07-17,Lille,aucun,2026-07-21,
CL105495,Fournier,Lea,lea.fournier5495@example.com,0689540285,1997-02-09,Lille,aucun,2025-08-05,oui
CL105496,Petit,Rayan,rayan.petit5496@example.com,0673370062,1995-10-27,Lille,aucun,2026-07-25,non
CL105497,Roux,Yanis,yanis.roux5497@example.com,0641995601,1964-12-20,Lille,annuel,2026-03-01,non
CL105498,Durand,Chloe,chloe.durand5498@example.com,0666320868,1983-05-15,Nantes,annuel,2026-03-03,oui
CL105499,Laurent,Hugo,hugo.laurent5499@example.com,0646479388,1973-02-27,Lyon,etudiant,2025-08-11,oui
CL105500,Roux,Rayan,rayan.roux5500@example.com,0658874907,1966-11-21,Nantes,aucun,2026-01-06,non
CL105501,Petit,Karim,karim.petit5501@example.com,0691666886,1963-09-13,Nantes,mensuel,2026-07-20,non
CL105502,Petit,Manon,manon.petit5502@example.com,0611655758,1983-10-23,Lyon,aucun,2026-05-27,oui
CL105503,Nguyen,Yanis,yanis.nguyen5503@example.com,0695272683,2000-01-10,Lyon,mensuel,2026-04-21,non
CL105504,Petit,Gabriel,gabriel.petit5504@example.com,0674962942,1960-04-18,Lille,entreprise,2026-04-28,oui
CL105505,Simon,Rayan,rayan.simon5505@example.com,0686584864,1976-08-08,Grenoble,etudiant,2025-10-07,non
CL105506,Durand,Yanis,yanis.durand5506@example.com,0641153638,1982-12-01,Nantes,etudiant,2025-05-01,oui
CL105507,Robert,Noah,noah.robert5507@example.com,0665721336,2002-09-16,Lille,annuel,2025-09-02,non
CL105508,Durand,Jade,jade.durand5508@example.com,0618783675,1978-08-23,Lille,mensuel,2026-09-04,
CL105509,Moreau,Noah,noah.moreau5509@example.com,0687989056,1997-12-21,Lyon,aucun,2025-05-27,
CL105510,Benali,Camille,camille.benali5510@example.com,0618288726,1968-04-07,Nantes,etudiant,2026-05-30,oui
CL105511,Michel,Louise,louise.michel5511@example.com,0697937853,1972-05-17,Lyon,mensuel,2026-05-11,
CL105512,Martin,Mehdi,mehdi.martin5512@example.com,0613894577,1998-12-14,Lyon,annuel,2025-10-28,non
CL105513,Benali,Chloe,chloe.benali5513@example.com,0611634654,1968-12-06,Lille,mensuel,2026-03-18,oui
CL105514,Nguyen,Noah,noah.nguyen5514@example.com,0635824074,1972-09-29,Lille,mensuel,2025-11-11,
CL105515,Michel,Rayan,rayan.michel5515@example.com,0625277161,1997-10-29,Nantes,aucun,2025-06-05,oui
CL105516,Laurent,Manon,manon.laurent5516@example.com,0667313963,1998-05-17,Lyon,aucun,2025-06-24,non
CL105517,Garcia,Amira,amira.garcia5517@example.com,0634422358,1971-03-14,Nantes,mensuel,2025-11-05,oui
CL105518,Dubois,Camille,camille.dubois5518@example.com,0617063277,2001-03-24,Lyon,mensuel,2025-04-11,oui
CL105519,Girard,Sofia,sofia.girard5519@example.com,0685892669,1989-10-27,Grenoble,entreprise,2025-10-14,
CL105520,Moreau,Hugo,hugo.moreau5520@example.com,0695968587,1993-01-15,Lyon,etudiant,2026-09-27,non
CL105521,Roux,Lea,lea.roux5521@example.com,0636202248,1984-01-22,Nantes,aucun,2025-06-01,non
CL105522,Michel,Yanis,yanis.michel5522@example.com,0639060759,1967-04-01,Grenoble,aucun,2026-01-11,
CL105523,Roux,Gabriel,gabriel.roux5523@example.com,0669749389,1992-03-11,Grenoble,aucun,2026-03-03,oui
CL105524,Simon,Karim,karim.simon5524@example.com,0676238492,1979-12-10,Grenoble,aucun,2025-09-03,oui
CL105525,Bernard,Amira,amira.bernard5525@example.com,0613475727,1997-12-19,Lyon,mensuel,2026-06-19,
CL105526,Michel,Lea,lea.michel5526@example.com,0636082642,1962-11-07,Lyon,mensuel,2025-07-02,
CL105527,Simon,Adam,adam.simon5527@example.com,0673801089,1973-06-28,Lille,aucun,2026-07-08,non
CL105528,Dubois,Ines,ines.dubois5528@example.com,0622141823,1992-01-27,Lyon,annuel,2026-07-13,
CL105529,Nguyen,Amira,amira.nguyen5529@example.com,0631245479,1997-12-19,Grenoble,annuel,2025-08-25,non
CL105530,Roux,Rayan,rayan.roux5530@example.com,0663479690,1997-11-30,Lyon,etudiant,2025-11-04,
CL105531,Fournier,Ilyes,ilyes.fournier5531@example.com,0665084259,1993-08-19,Lyon,aucun,2026-07-16,oui
CL105532,Benali,Yanis,yanis.benali5532@example.com,0617347368,1989-09-21,Lille,annuel,2026-06-01,
CL105533,Durand,Noah,noah.durand5533@example.com,0610008815,1964-02-23,Lyon,mensuel,2026-04-27,oui
CL105534,Martin,Jade,jade.martin5534@example.com,0664630984,1985-10-04,Grenoble,aucun,2025-05-06,
CL105535,Petit,Rayan,rayan.petit5535@example.com,0640314475,1986-05-20,Lille,mensuel,2026-06-28,oui
CL105536,Girard,Mehdi,mehdi.girard5536@example.com,0637785880,2003-04-22,Lille,mensuel,2026-04-02,oui
CL105537,Michel,Mehdi,mehdi.michel5537@example.com,0672485295,1981-04-18,Lille,etudiant,2025-04-12,non
CL105538,Girard,Louise,louise.girard5538@example.com,0625535743,1963-07-21,Lille,mensuel,2026-03-03,non
CL105539,Simon,Ines,ines.simon5539@example.com,0676611039,1965-04-17,Lille,mensuel,2025-08-04,non
CL105540,Roux,Ilyes,ilyes.roux5540@example.com,0626045605,1989-04-28,Grenoble,aucun,2026-05-01,non
CL105541,Bernard,Yanis,yanis.bernard5541@example.com,0657413148,1963-02-15,Lyon,mensuel,2026-09-22,oui
CL105542,Durand,Sofia,sofia.durand5542@example.com,0691301746,1995-02-23,Grenoble,etudiant,2026-07-09,oui
CL105543,Benali,Chloe,chloe.benali5543@example.com,0627553855,1988-08-31,Grenoble,entreprise,2025-03-24,non
CL105544,Bernard,Hugo,hugo.bernard5544@example.com,0619681941,1996-11-17,Grenoble,annuel,2026-06-20,
CL105545,Girard,Yanis,yanis.girard5545@example.com,0622580958,1968-02-25,Lyon,mensuel,2026-09-02,oui
CL105546,Robert,Ines,ines.robert5546@example.com,0619446782,1981-04-09,Lyon,etudiant,2025-04-14,non
CL105547,Moreau,Yanis,yanis.moreau5547@example.com,0681156679,1975-06-28,Nantes,aucun,2026-04-13,
CL105548,Garcia,Amira,amira.garcia5548@example.com,0660642687,1987-08-31,Lyon,aucun,2025-08-14,
CL105549,Girard,Gabriel,gabriel.girard5549@example.com,0665989263,1995-03-02,Lyon,mensuel,2025-10-12,oui
CL105550,Fournier,Ilyes,ilyes.fournier5550@example.com,0630019228,1993-08-08,Lille,aucun,2026-04-05,
CL105551,Simon,Amira,amira.simon5551@example.com,0614127028,1974-01-08,Lyon,mensuel,2025-09-10,
CL105552,Girard,Noah,noah.girard5552@example.com,0619078420,1981-02-28,Lille,aucun,2026-05-18,oui
CL105553,Nguyen,Lea,lea.nguyen5553@example.com,0610241098,1962-09-21,Lille,aucun,2025-08-05,
CL105554,Moreau,Lea,lea.moreau5554@example.com,0651242231,1965-12-03,Lille,aucun,2026-04-19,
CL105555,Benali,Ines,ines.benali5555@example.com,0659887447,1973-03-13,Lyon,etudiant,2026-02-11,oui
CL105556,Martin,Jade,jade.martin5556@example.com,0645740049,2003-04-28,Lille,aucun,2026-04-11,oui
CL105557,Fournier,Gabriel,gabriel.fournier5557@example.com,0670878079,1983-08-03,Grenoble,aucun,2025-06-08,
CL105558,Laurent,Gabriel,gabriel.laurent5558@example.com,0642648782,1973-03-18,Lyon,mensuel,2025-05-07,oui
CL105559,Martin,Louise,louise.martin5559@example.com,0684475876,1964-10-03,Lille,mensuel,2025-08-29,oui
CL105560,Nguyen,Sofia,sofia.nguyen5560@example.com,0695518905,1974-02-18,Lyon,mensuel,2026-04-26,
CL105561,Michel,Rayan,rayan.michel5561@example.com,0622552388,1991-10-20,Lille,mensuel,2026-07-04,oui
CL105562,Laurent,Karim,karim.laurent5562@example.com,0635874848,1995-10-31,Lille,mensuel,2026-01-24,non
CL105563,Martin,Chloe,chloe.martin5563@example.com,0672268244,1994-05-31,Lyon,mensuel,2025-05-04,
CL105564,Girard,Mehdi,mehdi.girard5564@example.com,0677758997,1960-06-09,Lille,aucun,2026-01-01,oui
CL105565,Roux,Camille,camille.roux5565@example.com,0680517990,1999-06-05,Lyon,mensuel,2026-07-30,oui
CL105566,Moreau,Chloe,chloe.moreau5566@example.com,0683473581,1980-12-16,Nantes,aucun,2026-01-16,oui
CL105567,Benali,Louise,louise.benali5567@example.com,0641428126,1965-08-13,Lyon,aucun,2026-08-13,non
CL105568,Roux,Adam,adam.roux5568@example.com,0611821644,1963-02-05,Lille,etudiant,2025-11-24,non
CL105569,Laurent,Ilyes,ilyes.laurent5569@example.com,0698784604,1962-03-06,Grenoble,etudiant,2025-12-17,
CL105570,Benali,Gabriel,gabriel.benali5570@example.com,0613303496,1967-06-16,Lyon,mensuel,2025-10-03,non
CL105571,Garcia,Yanis,yanis.garcia5571@example.com,0646376069,1961-09-18,Grenoble,aucun,2026-01-07,non
CL105572,Girard,Camille,camille.girard5572@example.com,0659310191,1969-11-04,Grenoble,aucun,2026-06-08,
CL105573,Martin,Gabriel,gabriel.martin5573@example.com,0635610007,1989-08-28,Lyon,etudiant,2026-03-29,
CL105574,Michel,Chloe,chloe.michel5574@example.com,0656722123,1974-09-18,Nantes,etudiant,2026-10-16,oui
CL105575,Garcia,Chloe,chloe.garcia5575@example.com,0664893611,1970-10-03,Lyon,mensuel,2026-08-28,oui
CL105576,Martin,Louise,louise.martin5576@example.com,0640308928,1970-02-20,Lille,aucun,2025-08-16,oui
CL105577,Laurent,Amira,amira.laurent5577@example.com,0610543945,1972-04-03,Lyon,etudiant,2025-07-14,oui
CL105578,Nguyen,Yanis,yanis.nguyen5578@example.com,0677699021,1996-07-07,Grenoble,mensuel,2025-03-03,oui
CL105579,Roux,Manon,manon.roux5579@example.com,0691617521,1998-08-27,Nantes,annuel,2026-03-29,oui
CL105580,Robert,Ilyes,ilyes.robert5580@example.com,0692957641,1972-12-24,Lyon,aucun,2025-12-28,non
CL105581,Durand,Manon,manon.durand5581@example.com,0620681054,1993-08-04,Lyon,aucun,2025-03-11,non
CL105582,Bernard,Chloe,chloe.bernard5582@example.com,0658010069,1972-03-05,Lyon,aucun,2026-04-25,
CL105583,Fournier,Adam,adam.fournier5583@example.com,0677993200,1979-05-29,Lyon,mensuel,2026-03-15,oui
CL105584,Fournier,Yanis,yanis.fournier5584@example.com,0641271946,2000-07-08,Lyon,aucun,2026-08-05,oui
CL105585,Simon,Chloe,chloe.simon5585@example.com,0665518372,1998-04-09,Lyon,aucun,2025-08-24,non
CL105586,Dubois,Sofia,sofia.dubois5586@example.com,0671130598,1997-10-20,Grenoble,aucun,2026-03-03,non
CL105587,Nguyen,Mehdi,mehdi.nguyen5587@example.com,0665590131,1994-05-16,Lyon,annuel,2026-06-19,oui
CL105588,Michel,Adam,adam.michel5588@example.com,0660390012,1995-08-02,Lyon,aucun,2026-03-11,non
CL105589,Durand,Chloe,chloe.durand5589@example.com,0679668925,1999-04-09,Lyon,etudiant,2025-04-30,oui
CL105590,Petit,Camille,camille.petit5590@example.com,0686713651,1962-05-01,Lille,aucun,2026-09-17,non
CL105591,Moreau,Karim,karim.moreau5591@example.com,0652545405,1973-07-11,Lille,aucun,2026-07-30,oui
CL105592,Girard,Rayan,rayan.girard5592@example.com,0692328113,1964-07-28,Nantes,annuel,2026-02-22,
CL105593,Martin,Karim,karim.martin5593@example.com,0627727989,1971-05-01,Lille,aucun,2026-03-24,
CL105594,Petit,Amira,amira.petit5594@example.com,0654036847,1991-04-11,Grenoble,aucun,2025-09-10,
CL105595,Nguyen,Manon,manon.nguyen5595@example.com,0664682233,1979-03-06,Grenoble,aucun,2026-04-04,
CL105596,Benali,Adam,adam.benali5596@example.com,0651295076,1966-03-01,Nantes,etudiant,2025-06-18,non
CL105597,Moreau,Manon,manon.moreau5597@example.com,0656945609,1998-01-20,Lyon,etudiant,2026-02-08,oui
CL105598,Nguyen,Ines,ines.nguyen5598@example.com,0661894003,1973-12-18,Nantes,etudiant,2025-11-14,oui
CL105599,Simon,Ines,ines.simon5599@example.com,0688978264,1968-06-21,Nantes,annuel,2025-11-22,non
CL105600,Robert,Camille,camille.robert5600@example.com,0667481848,1966-12-30,Lyon,entreprise,2026-07-04,
CL105601,Fournier,Rayan,rayan.fournier5601@example.com,0646899935,1968-03-13,Lyon,mensuel,2026-03-26,
CL105602,Robert,Lea,lea.robert5602@example.com,0636296795,1998-03-29,Grenoble,aucun,2025-07-04,non
CL105603,Fournier,Ilyes,ilyes.fournier5603@example.com,0643440053,1974-09-05,Nantes,etudiant,2025-06-30,non
CL105604,Martin,Gabriel,gabriel.martin5604@example.com,0647129192,1981-05-27,Grenoble,etudiant,2025-06-05,non
CL105605,Martin,Chloe,chloe.martin5605@example.com,0658185538,1999-10-29,Lyon,mensuel,2025-03-01,non
CL105606,Garcia,Chloe,chloe.garcia5606@example.com,0634071024,1975-03-10,Lyon,aucun,2025-04-14,non
CL105607,Durand,Karim,karim.durand5607@example.com,0699088731,1970-09-21,Grenoble,aucun,2025-12-22,
CL105608,Petit,Lea,lea.petit5608@example.com,0625714562,1987-09-19,Lyon,etudiant,2025-11-14,oui
CL105609,Durand,Gabriel,gabriel.durand5609@example.com,0649091654,1995-06-19,Nantes,mensuel,2025-05-03,non
CL105610,Petit,Camille,camille.petit5610@example.com,0641781067,1973-05-10,Lille,etudiant,2025-08-24,non
CL105611,Michel,Hugo,hugo.michel5611@example.com,0690836127,1987-08-22,Lille,aucun,2025-09-12,
CL105612,Garcia,Rayan,rayan.garcia5612@example.com,0660922566,1970-02-05,Lille,annuel,2025-06-01,
CL105613,Nguyen,Lea,lea.nguyen5613@example.com,0675232265,1966-03-20,Lille,mensuel,2026-07-01,oui
CL105614,Roux,Lea,lea.roux5614@example.com,0613764074,1990-10-02,Lyon,aucun,2026-03-08,
CL105615,Girard,Ilyes,ilyes.girard5615@example.com,0625835308,1969-06-01,Lyon,aucun,2025-07-12,
CL105616,Benali,Chloe,chloe.benali5616@example.com,0685788092,1977-10-13,Nantes,annuel,2025-09-06,
CL105617,Martin,Yanis,yanis.martin5617@example.com,0673752367,1976-10-18,Nantes,aucun,2025-04-17,
CL105618,Fournier,Chloe,chloe.fournier5618@example.com,0626224410,1968-06-09,Lyon,aucun,2025-12-14,oui
CL105619,Benali,Rayan,rayan.benali5619@example.com,0654255885,1963-01-25,Lyon,mensuel,2026-01-17,
CL105620,Robert,Louise,louise.robert5620@example.com,0677634827,1978-06-09,Nantes,aucun,2025-04-18,
CL105621,Robert,Lea,lea.robert5621@example.com,0689125504,2000-10-24,Lille,entreprise,2025-11-17,
CL105622,Durand,Jade,jade.durand5622@example.com,0664848928,1999-03-06,Lille,aucun,2026-08-15,oui
CL105623,Durand,Hugo,hugo.durand5623@example.com,0646827333,2001-02-16,Nantes,annuel,2026-04-06,oui
CL105624,Fournier,Mehdi,mehdi.fournier5624@example.com,0645694334,1994-02-06,Lille,etudiant,2026-07-22,
CL105625,Girard,Amira,amira.girard5625@example.com,0633270769,1971-03-28,Lille,aucun,2026-01-01,oui
CL105626,Dubois,Ines,ines.dubois5626@example.com,0666476018,1978-05-08,Lyon,mensuel,2026-10-09,non
CL105627,Michel,Ines,ines.michel5627@example.com,0662479427,1991-12-16,Lyon,annuel,2025-11-20,oui
CL105628,Martin,Camille,camille.martin5628@example.com,0617312603,1987-07-26,Lyon,mensuel,2025-08-26,oui
CL105629,Petit,Louise,louise.petit5629@example.com,0613961300,1960-11-29,Lille,aucun,2025-06-05,non
CL105630,Garcia,Rayan,rayan.garcia5630@example.com,0653494452,2003-01-30,Lyon,annuel,2025-11-08,oui
CL105631,Benali,Jade,jade.benali5631@example.com,0641290938,2002-08-06,Lyon,annuel,2026-05-23,non
CL105632,Simon,Adam,adam.simon5632@example.com,0652179853,1992-10-10,Lyon,annuel,2025-07-12,non
CL105633,Bernard,Noah,noah.bernard5633@example.com,0688496065,1981-08-04,Grenoble,entreprise,2025-07-19,oui
CL105634,Girard,Jade,jade.girard5634@example.com,0679956503,1975-01-27,Grenoble,aucun,2025-08-25,oui
CL105635,Dubois,Chloe,chloe.dubois5635@example.com,0649686490,1966-05-31,Lyon,mensuel,2026-04-03,non
CL105636,Nguyen,Jade,jade.nguyen5636@example.com,0651261709,1989-09-15,Grenoble,aucun,2025-09-11,non
CL105637,Michel,Rayan,rayan.michel5637@example.com,0682161916,1999-12-06,Lyon,aucun,2026-10-20,non
CL105638,Benali,Hugo,hugo.benali5638@example.com,0675080602,1975-05-05,Lyon,etudiant,2025-04-21,
CL105639,Girard,Louise,louise.girard5639@example.com,0660652866,1978-07-23,Lyon,annuel,2025-11-11,non
CL105640,Nguyen,Mehdi,mehdi.nguyen5640@example.com,0695833772,1977-08-11,Lyon,aucun,2025-09-16,
CL105641,Durand,Noah,noah.durand5641@example.com,0621919347,1993-09-02,Nantes,aucun,2025-10-09,non
CL105642,Girard,Ilyes,ilyes.girard5642@example.com,0625576252,1969-08-30,Lyon,mensuel,2026-01-27,non
CL105643,Durand,Adam,adam.durand5643@example.com,0673694510,1974-08-06,Grenoble,aucun,2025-03-09,
CL105644,Roux,Sofia,sofia.roux5644@example.com,0627597855,1973-08-12,Lille,etudiant,2026-01-26,
CL105645,Roux,Manon,manon.roux5645@example.com,0689607517,1989-06-18,Nantes,mensuel,2026-01-14,
CL105646,Benali,Gabriel,gabriel.benali5646@example.com,0691932464,2003-09-04,Lille,etudiant,2026-02-15,
CL105647,Benali,Amira,amira.benali5647@example.com,0679026797,1992-10-19,Nantes,aucun,2025-03-05,non
CL105648,Petit,Sofia,sofia.petit5648@example.com,0694427762,1980-06-15,Nantes,aucun,2026-08-21,non
CL105649,Nguyen,Amira,amira.nguyen5649@example.com,0697474915,1977-03-08,Lyon,annuel,2025-12-11,oui
CL105650,Michel,Adam,adam.michel5650@example.com,0635622345,1984-09-17,Lille,aucun,2025-07-26,non
CL105651,Girard,Mehdi,mehdi.girard5651@example.com,0640523103,1983-05-16,Nantes,annuel,2025-11-03,
CL105652,Dubois,Sofia,sofia.dubois5652@example.com,0613563017,1994-12-11,Lyon,aucun,2026-06-11,
CL105653,Moreau,Adam,adam.moreau5653@example.com,0611758714,1997-03-05,Lille,annuel,2025-05-16,
CL105654,Laurent,Hugo,hugo.laurent5654@example.com,0649696249,1980-01-07,Nantes,aucun,2025-04-26,
CL105655,Laurent,Mehdi,mehdi.laurent5655@example.com,0642322652,1961-03-05,Lyon,mensuel,2026-09-16,non
CL105656,Durand,Noah,noah.durand5656@example.com,0690267490,1973-09-12,Lyon,aucun,2026-05-17,oui
CL105657,Durand,Noah,noah.durand5657@example.com,0615481243,1975-11-10,Lille,aucun,2025-10-30,
CL105658,Petit,Karim,karim.petit5658@example.com,0668635666,1999-06-28,Lille,aucun,2025-10-09,non
CL105659,Simon,Jade,jade.simon5659@example.com,0673892557,1972-06-25,Lille,mensuel,2025-12-02,non
CL105660,Durand,Rayan,rayan.durand5660@example.com,0630149200,1963-12-15,Grenoble,aucun,2025-04-14,oui
CL105661,Durand,Louise,louise.durand5661@example.com,0638643398,1961-03-07,Lyon,aucun,2026-06-21,oui
CL105662,Fournier,Lea,lea.fournier5662@example.com,0645320556,1964-08-30,Grenoble,aucun,2026-08-06,oui
CL105663,Bernard,Rayan,rayan.bernard5663@example.com,0693834909,1995-03-08,Nantes,aucun,2026-07-18,oui
CL105664,Bernard,Ines,ines.bernard5664@example.com,0643337487,1977-09-02,Lyon,etudiant,2025-06-18,
CL105665,Martin,Yanis,yanis.martin5665@example.com,0632646547,1965-03-25,Grenoble,mensuel,2025-09-15,oui
CL105666,Durand,Hugo,hugo.durand5666@example.com,0699795763,1979-07-26,Lille,etudiant,2025-06-13,non
CL105667,Moreau,Adam,adam.moreau5667@example.com,0610742143,1993-04-17,Lille,mensuel,2025-04-12,
CL105668,Martin,Manon,manon.martin5668@example.com,0691286268,1968-09-30,Grenoble,etudiant,2025-10-30,oui
CL105669,Roux,Chloe,chloe.roux5669@example.com,0671794588,1991-04-20,Grenoble,aucun,2026-04-20,oui
CL105670,Garcia,Amira,amira.garcia5670@example.com,0637516579,2002-11-09,Lyon,annuel,2025-09-14,oui
CL105671,Durand,Amira,amira.durand5671@example.com,0685380829,1986-09-09,Grenoble,mensuel,2026-03-09,
CL105672,Laurent,Sofia,sofia.laurent5672@example.com,0639747937,1986-10-15,Lyon,annuel,2026-06-07,
CL105673,Bernard,Noah,noah.bernard5673@example.com,0619027468,2003-07-04,Lille,annuel,2025-05-29,non
CL105674,Laurent,Yanis,yanis.laurent5674@example.com,0658450583,1974-03-06,Lille,mensuel,2026-10-02,non
CL105675,Robert,Noah,noah.robert5675@example.com,0667113466,1970-07-22,Grenoble,aucun,2025-12-14,oui
CL105676,Petit,Noah,noah.petit5676@example.com,0629686873,1972-03-23,Lille,annuel,2025-07-05,oui
CL105677,Roux,Amira,amira.roux5677@example.com,0641333071,1995-07-26,Lille,aucun,2026-06-05,
CL105678,Petit,Ilyes,ilyes.petit5678@example.com,0668689329,1977-12-26,Lille,mensuel,2025-06-03,
CL105679,Laurent,Hugo,hugo.laurent5679@example.com,0674535978,1998-02-18,Lyon,etudiant,2025-10-16,non
CL105680,Laurent,Louise,louise.laurent5680@example.com,0697574655,1984-05-04,Lille,mensuel,2026-08-25,non
CL105681,Martin,Chloe,chloe.martin5681@example.com,0610459955,2002-11-29,Lyon,aucun,2025-10-19,non
CL105682,Laurent,Noah,noah.laurent5682@example.com,0654020344,1972-06-30,Nantes,aucun,2025-05-02,oui
CL105683,Petit,Manon,manon.petit5683@example.com,0663533964,1984-05-04,Lille,aucun,2025-03-01,oui
CL105684,Fournier,Lea,lea.fournier5684@example.com,0629390327,1977-11-12,Lyon,mensuel,2026-07-20,non
CL105685,Nguyen,Karim,karim.nguyen5685@example.com,0640795803,1971-12-06,Lyon,mensuel,2025-06-15,oui
CL105686,Nguyen,Manon,manon.nguyen5686@example.com,0694594037,1987-04-06,Nantes,mensuel,2025-08-07,
CL105687,Garcia,Yanis,yanis.garcia5687@example.com,0625179981,1993-02-28,Lille,etudiant,2025-12-15,
CL105688,Martin,Yanis,yanis.martin5688@example.com,0659542673,1987-07-27,Nantes,annuel,2026-07-08,oui
CL105689,Nguyen,Karim,karim.nguyen5689@example.com,0648635501,1964-03-22,Grenoble,mensuel,2025-10-03,oui
CL105690,Girard,Karim,karim.girard5690@example.com,0685800044,1993-12-25,Grenoble,entreprise,2026-04-03,non
CL105691,Nguyen,Ines,ines.nguyen5691@example.com,0654212592,1966-03-04,Lille,mensuel,2026-03-27,non
CL105692,Durand,Hugo,hugo.durand5692@example.com,0671967665,1987-05-11,Lyon,etudiant,2025-04-30,
CL105693,Robert,Yanis,yanis.robert5693@example.com,0612291275,2000-04-25,Grenoble,aucun,2025-04-26,oui
CL105694,Petit,Karim,karim.petit5694@example.com,0638617525,2000-06-24,Lyon,etudiant,2026-02-07,non
CL105695,Fournier,Mehdi,mehdi.fournier5695@example.com,0625069547,1978-12-24,Lille,etudiant,2025-12-31,non
CL105696,Simon,Ines,ines.simon5696@example.com,0625219263,1981-11-27,Lyon,mensuel,2025-10-03,oui
CL105697,Fournier,Rayan,rayan.fournier5697@example.com,0681025430,1989-02-11,Lille,annuel,2025-11-12,oui
CL105698,Fournier,Ines,ines.fournier5698@example.com,0653559294,1964-05-31,Lyon,aucun,2026-08-04,non
CL105699,Michel,Sofia,sofia.michel5699@example.com,0668451053,1984-09-03,Lille,aucun,2026-02-07,
CL105700,Robert,Camille,camille.robert5700@example.com,0682519156,1995-05-29,Lyon,etudiant,2025-06-11,
CL105701,Nguyen,Lea,lea.nguyen5701@example.com,0619924957,1972-05-23,Lyon,etudiant,2025-11-17,non
CL105702,Robert,Adam,adam.robert5702@example.com,0625158293,1982-01-03,Lille,aucun,2025-05-09,non
CL105703,Fournier,Noah,noah.fournier5703@example.com,0619442378,1968-09-05,Grenoble,aucun,2025-03-06,oui
CL105704,Simon,Louise,louise.simon5704@example.com,0689533951,1993-07-02,Lyon,mensuel,2026-07-08,
CL105705,Moreau,Rayan,rayan.moreau5705@example.com,0658379537,1985-10-22,Lille,etudiant,2026-03-19,non
CL105706,Durand,Ilyes,ilyes.durand5706@example.com,0677933600,1967-05-12,Nantes,mensuel,2025-08-30,non
CL105707,Petit,Mehdi,mehdi.petit5707@example.com,0612744827,1960-04-27,Grenoble,etudiant,2026-01-09,oui
CL105708,Nguyen,Ines,ines.nguyen5708@example.com,0658576058,1973-12-15,Lille,aucun,2025-04-30,oui
CL105709,Dubois,Gabriel,gabriel.dubois5709@example.com,0618979077,1981-08-28,Lyon,aucun,2025-10-01,oui
CL105710,Laurent,Gabriel,gabriel.laurent5710@example.com,0611125812,1967-08-20,Lyon,aucun,2025-03-17,non
CL105711,Simon,Gabriel,gabriel.simon5711@example.com,0676580309,1975-06-25,Lyon,aucun,2026-07-03,
CL105712,Michel,Hugo,hugo.michel5712@example.com,0697980556,1984-10-29,Nantes,aucun,2025-08-26,oui
CL105713,Garcia,Adam,adam.garcia5713@example.com,0684481401,1978-06-14,Lille,aucun,2025-09-26,
CL105714,Roux,Mehdi,mehdi.roux5714@example.com,0669893048,1979-05-05,Lille,annuel,2025-10-11,oui
CL105715,Robert,Mehdi,mehdi.robert5715@example.com,0621703446,1981-09-16,Lille,mensuel,2026-08-05,oui
CL105716,Bernard,Ilyes,ilyes.bernard5716@example.com,0672244666,1961-08-15,Nantes,mensuel,2025-05-15,oui
CL105717,Dubois,Chloe,chloe.dubois5717@example.com,0685965309,1962-04-15,Lyon,entreprise,2025-11-14,
CL105718,Girard,Ilyes,ilyes.girard5718@example.com,0626228259,1968-06-04,Lille,mensuel,2025-05-25,non
CL105719,Roux,Manon,manon.roux5719@example.com,0695227790,1974-03-01,Lille,annuel,2026-10-06,
CL105720,Garcia,Jade,jade.garcia5720@example.com,0664888907,1979-05-25,Nantes,annuel,2026-05-18,non
CL105721,Garcia,Noah,noah.garcia5721@example.com,0697220993,1968-09-24,Nantes,annuel,2025-03-26,oui
CL105722,Fournier,Manon,manon.fournier5722@example.com,0644845882,1987-06-16,Lille,etudiant,2025-08-18,oui
CL105723,Benali,Noah,noah.benali5723@example.com,0675714081,1981-01-30,Nantes,mensuel,2025-08-10,
CL105724,Bernard,Mehdi,mehdi.bernard5724@example.com,0693720160,1966-05-28,Lyon,mensuel,2025-04-10,oui
CL105725,Bernard,Ines,ines.bernard5725@example.com,0626922342,1968-02-14,Nantes,aucun,2025-09-03,non
CL105726,Nguyen,Adam,adam.nguyen5726@example.com,0682146266,1996-03-30,Lyon,etudiant,2026-10-17,non
CL105727,Roux,Chloe,chloe.roux5727@example.com,0637438627,1981-06-01,Lyon,aucun,2025-06-25,non
CL105728,Girard,Mehdi,mehdi.girard5728@example.com,0622697390,1987-02-19,Grenoble,aucun,2025-08-03,non
CL105729,Roux,Manon,manon.roux5729@example.com,0646145148,1964-11-18,Lille,etudiant,2025-03-19,oui
CL105730,Moreau,Ilyes,ilyes.moreau5730@example.com,0665287482,1976-05-26,Nantes,aucun,2026-02-26,
CL105731,Michel,Sofia,sofia.michel5731@example.com,0628008773,2000-09-18,Lyon,annuel,2025-06-15,non
CL105732,Benali,Yanis,yanis.benali5732@example.com,0671304086,1972-02-10,Lille,mensuel,2025-10-06,
CL105733,Simon,Ilyes,ilyes.simon5733@example.com,0694713685,1966-05-26,Grenoble,aucun,2025-07-02,
CL105734,Dubois,Mehdi,mehdi.dubois5734@example.com,0635916569,1961-03-14,Lille,annuel,2026-08-03,non
CL105735,Dubois,Chloe,chloe.dubois5735@example.com,0678295906,1979-12-11,Nantes,annuel,2026-03-09,
CL105736,Fournier,Manon,manon.fournier5736@example.com,0651375764,1993-02-26,Nantes,annuel,2026-01-14,oui
CL105737,Girard,Louise,louise.girard5737@example.com,0671270430,1997-10-21,Grenoble,aucun,2025-04-22,oui
CL105738,Laurent,Ines,ines.laurent5738@example.com,0644239211,1999-02-13,Grenoble,etudiant,2025-05-08,
CL105739,Dubois,Yanis,yanis.dubois5739@example.com,0682747019,1978-12-06,Lyon,etudiant,2025-06-15,
CL105740,Simon,Karim,karim.simon5740@example.com,0672553268,1983-03-06,Lyon,entreprise,2026-09-17,non
CL105741,Petit,Ines,ines.petit5741@example.com,0686833700,1981-10-17,Grenoble,etudiant,2025-11-21,oui
CL105742,Benali,Rayan,rayan.benali5742@example.com,0672132442,1976-06-09,Lille,aucun,2025-11-23,
CL105743,Moreau,Hugo,hugo.moreau5743@example.com,0620633273,1996-07-05,Lyon,mensuel,2025-05-10,non
CL105744,Simon,Gabriel,gabriel.simon5744@example.com,0678296882,1999-12-07,Lille,mensuel,2026-08-15,oui
CL105745,Moreau,Sofia,sofia.moreau5745@example.com,0624797519,1975-10-01,Grenoble,annuel,2025-12-01,oui
CL105746,Nguyen,Gabriel,gabriel.nguyen5746@example.com,0679408028,2001-08-20,Lyon,aucun,2026-09-09,
CL105747,Laurent,Adam,adam.laurent5747@example.com,0681221356,1997-11-02,Grenoble,etudiant,2025-11-26,
CL105748,Dubois,Amira,amira.dubois5748@example.com,0630724006,2000-05-11,Lille,aucun,2026-06-05,non
CL105749,Dubois,Noah,noah.dubois5749@example.com,0674032652,1999-09-06,Lyon,etudiant,2026-08-22,non
CL105750,Bernard,Gabriel,gabriel.bernard5750@example.com,0688214219,1985-04-08,Grenoble,annuel,2026-10-16,non
CL105751,Benali,Lea,lea.benali5751@example.com,0615305348,1967-07-07,Nantes,mensuel,2026-01-12,non
CL105752,Dubois,Karim,karim.dubois5752@example.com,0682845669,1991-09-10,Lyon,aucun,2025-12-19,non
CL105753,Fournier,Mehdi,mehdi.fournier5753@example.com,0638825032,1976-06-21,Lyon,aucun,2026-02-08,non
CL105754,Bernard,Lea,lea.bernard5754@example.com,0652908932,1986-12-07,Lyon,etudiant,2026-04-15,oui
CL105755,Petit,Jade,jade.petit5755@example.com,0680395633,1968-03-15,Lyon,aucun,2025-05-08,non
CL105756,Dubois,Rayan,rayan.dubois5756@example.com,0617140880,1994-08-28,Lyon,aucun,2025-08-28,
CL105757,Robert,Louise,louise.robert5757@example.com,0688023738,1988-10-27,Nantes,annuel,2026-07-17,non
CL105758,Nguyen,Karim,karim.nguyen5758@example.com,0689089215,1969-11-15,Grenoble,etudiant,2025-12-15,non
CL105759,Bernard,Louise,louise.bernard5759@example.com,0673656533,1984-04-11,Lyon,entreprise,2026-10-07,non
CL105760,Benali,Jade,jade.benali5760@example.com,0660239279,1980-12-17,Nantes,aucun,2025-08-27,non
CL105761,Dubois,Louise,louise.dubois5761@example.com,0693468722,1978-06-24,Grenoble,entreprise,2026-02-16,oui
CL105762,Laurent,Jade,jade.laurent5762@example.com,0650638330,1963-07-17,Lyon,mensuel,2026-07-21,non
CL105763,Durand,Hugo,hugo.durand5763@example.com,0651862336,1988-07-09,Lyon,aucun,2025-06-27,non
CL105764,Garcia,Gabriel,gabriel.garcia5764@example.com,0639609746,1976-08-21,Nantes,annuel,2026-06-18,
CL105765,Girard,Yanis,yanis.girard5765@example.com,0666980646,1997-03-09,Lyon,entreprise,2025-12-10,oui
CL105766,Bernard,Manon,manon.bernard5766@example.com,0621176836,2000-10-10,Lyon,annuel,2026-04-04,
CL105767,Petit,Mehdi,mehdi.petit5767@example.com,0633629641,1994-08-23,Lyon,etudiant,2026-09-06,oui
CL105768,Moreau,Gabriel,gabriel.moreau5768@example.com,0654547503,1984-10-20,Lyon,mensuel,2025-12-21,non
CL105769,Garcia,Mehdi,mehdi.garcia5769@example.com,0652962194,1967-04-14,Nantes,aucun,2026-01-21,
CL105770,Moreau,Rayan,rayan.moreau5770@example.com,0635346396,1998-05-03,Lille,etudiant,2025-06-30,oui
CL105771,Martin,Manon,manon.martin5771@example.com,0627783071,1965-06-23,Grenoble,entreprise,2026-08-28,
CL105772,Martin,Mehdi,mehdi.martin5772@example.com,0643950191,2001-07-08,Grenoble,annuel,2026-02-24,
CL105773,Garcia,Adam,adam.garcia5773@example.com,0655392600,1985-12-15,Lyon,aucun,2026-01-09,oui
CL105774,Fournier,Sofia,sofia.fournier5774@example.com,0618304305,1981-02-03,Lyon,annuel,2025-08-09,oui
CL105775,Fournier,Camille,camille.fournier5775@example.com,0610221016,2002-04-04,Lyon,aucun,2026-02-02,oui
CL105776,Fournier,Rayan,rayan.fournier5776@example.com,0613162462,2000-07-21,Lyon,aucun,2026-05-27,oui
CL105777,Robert,Camille,camille.robert5777@example.com,0613889596,1986-09-27,Nantes,annuel,2025-08-17,
CL105778,Benali,Yanis,yanis.benali5778@example.com,0683920800,1992-01-13,Nantes,etudiant,2026-01-27,non
CL105779,Robert,Lea,lea.robert5779@example.com,0628921065,1998-10-30,Grenoble,mensuel,2026-03-27,non
CL105780,Martin,Rayan,rayan.martin5780@example.com,0686923582,1982-06-15,Nantes,mensuel,2026-02-22,non
CL105781,Durand,Louise,louise.durand5781@example.com,0613648644,1964-04-09,Lyon,aucun,2025-12-19,non
CL105782,Fournier,Lea,lea.fournier5782@example.com,0679434765,1979-07-17,Lille,aucun,2025-07-28,oui
CL105783,Martin,Louise,louise.martin5783@example.com,0698977871,2001-06-10,Lille,aucun,2026-02-21,
CL105784,Bernard,Camille,camille.bernard5784@example.com,0651543737,1984-03-08,Lyon,etudiant,2026-07-10,oui
CL105785,Nguyen,Manon,manon.nguyen5785@example.com,0688040825,1975-09-12,Lyon,aucun,2025-11-04,
CL105786,Moreau,Amira,amira.moreau5786@example.com,0667741215,1970-03-21,Lille,aucun,2026-05-25,
CL105787,Moreau,Karim,karim.moreau5787@example.com,0643969471,2002-06-10,Lyon,etudiant,2025-11-26,non
CL105788,Garcia,Amira,amira.garcia5788@example.com,0653353525,1989-03-29,Lyon,mensuel,2025-05-17,oui
CL105789,Moreau,Gabriel,gabriel.moreau5789@example.com,0612763347,1979-12-07,Lille,mensuel,2025-06-17,oui
CL105790,Benali,Ilyes,ilyes.benali5790@example.com,0648443144,1962-08-14,Lille,entreprise,2026-07-20,non
CL105791,Garcia,Hugo,hugo.garcia5791@example.com,0618651001,1973-07-27,Nantes,aucun,2026-07-21,
CL105792,Michel,Adam,adam.michel5792@example.com,0629625581,1980-07-02,Nantes,mensuel,2026-10-05,
CL105793,Benali,Ilyes,ilyes.benali5793@example.com,0672149958,1979-05-28,Lille,aucun,2025-12-01,
CL105794,Garcia,Adam,adam.garcia5794@example.com,0681779521,1998-11-11,Grenoble,aucun,2025-11-11,
CL105795,Garcia,Rayan,rayan.garcia5795@example.com,0678273885,1982-03-27,Lyon,aucun,2026-03-14,oui
CL105796,Girard,Adam,adam.girard5796@example.com,0685151974,1960-09-06,Grenoble,annuel,2026-03-01,non
CL105797,Nguyen,Mehdi,mehdi.nguyen5797@example.com,0683127282,1998-04-01,Nantes,annuel,2026-10-06,
CL105798,Girard,Jade,jade.girard5798@example.com,0660086149,1993-02-16,Lyon,entreprise,2025-11-15,non
CL105799,Laurent,Sofia,sofia.laurent5799@example.com,0651992228,1964-02-07,Lille,etudiant,2025-11-29,oui
CL105800,Bernard,Yanis,yanis.bernard5800@example.com,0627320538,1990-06-06,Lyon,etudiant,2026-09-30,oui
CL105801,Dubois,Jade,jade.dubois5801@example.com,0612345981,1960-03-03,Lille,mensuel,2026-05-01,
CL105802,Laurent,Jade,jade.laurent5802@example.com,0624654803,1993-05-01,Lyon,etudiant,2025-03-29,oui
CL105803,Garcia,Manon,manon.garcia5803@example.com,0634776919,1980-02-11,Lyon,etudiant,2026-09-23,oui
CL105804,Dubois,Karim,karim.dubois5804@example.com,0680211947,1988-05-03,Lyon,mensuel,2025-11-09,non
CL105805,Girard,Camille,camille.girard5805@example.com,0678418937,1994-07-31,Lille,aucun,2025-11-05,non
CL105806,Robert,Lea,lea.robert5806@example.com,0629248785,1986-10-07,Nantes,aucun,2026-10-04,non
CL105807,Durand,Gabriel,gabriel.durand5807@example.com,0662952186,1986-10-05,Lyon,aucun,2025-11-19,non
CL105808,Fournier,Mehdi,mehdi.fournier5808@example.com,0610733922,1976-06-26,Lyon,entreprise,2025-11-26,oui
CL105809,Moreau,Louise,louise.moreau5809@example.com,0617753256,1998-08-14,Lyon,aucun,2025-05-09,oui
CL105810,Garcia,Hugo,hugo.garcia5810@example.com,0676198937,1997-06-14,Lyon,aucun,2025-12-24,oui
CL105811,Moreau,Jade,jade.moreau5811@example.com,0632981051,1978-08-12,Lyon,aucun,2026-03-06,oui
CL105812,Girard,Mehdi,mehdi.girard5812@example.com,0695842483,1980-02-22,Lyon,mensuel,2026-03-05,oui
CL105813,Durand,Mehdi,mehdi.durand5813@example.com,0655485022,1979-04-15,Nantes,aucun,2026-01-07,non
CL105814,Petit,Lea,lea.petit5814@example.com,0671928766,1977-01-30,Lyon,mensuel,2025-09-10,
CL105815,Nguyen,Lea,lea.nguyen5815@example.com,0626144851,1990-12-24,Lyon,mensuel,2025-12-25,oui
CL105816,Fournier,Ines,ines.fournier5816@example.com,0642975442,1961-04-11,Lyon,mensuel,2026-03-31,
CL105817,Bernard,Camille,camille.bernard5817@example.com,0682893771,1977-11-14,Lille,etudiant,2026-03-19,
CL105818,Martin,Yanis,yanis.martin5818@example.com,0693772318,1982-02-02,Lyon,aucun,2026-05-21,
CL105819,Fournier,Ilyes,ilyes.fournier5819@example.com,0637021575,2001-06-20,Lyon,annuel,2026-05-31,oui
CL105820,Petit,Karim,karim.petit5820@example.com,0626228312,1965-07-21,Lyon,mensuel,2025-12-12,oui
CL105821,Laurent,Ilyes,ilyes.laurent5821@example.com,0630705918,1982-06-18,Nantes,annuel,2026-04-01,non
CL105822,Robert,Ilyes,ilyes.robert5822@example.com,0648898740,2002-04-02,Grenoble,mensuel,2026-01-11,non
CL105823,Roux,Rayan,rayan.roux5823@example.com,0614286972,1987-08-18,Nantes,etudiant,2025-03-30,non
CL105824,Nguyen,Mehdi,mehdi.nguyen5824@example.com,0674664424,1998-01-08,Lille,entreprise,2025-04-28,non
CL105825,Martin,Noah,noah.martin5825@example.com,0689917228,1996-02-27,Lyon,aucun,2025-11-09,non
CL105826,Nguyen,Ilyes,ilyes.nguyen5826@example.com,0683043559,1977-06-01,Grenoble,annuel,2026-08-05,non
CL105827,Durand,Mehdi,mehdi.durand5827@example.com,0682072287,1991-09-27,Lyon,aucun,2025-10-02,oui
CL105828,Martin,Lea,lea.martin5828@example.com,0613821338,1979-08-28,Lyon,mensuel,2025-03-02,non
CL105829,Moreau,Yanis,yanis.moreau5829@example.com,0648692538,1987-09-17,Grenoble,aucun,2025-07-14,
CL105830,Bernard,Noah,noah.bernard5830@example.com,0647249533,2002-04-06,Lille,annuel,2026-04-29,oui
CL105831,Martin,Hugo,hugo.martin5831@example.com,0685980079,1996-09-02,Nantes,aucun,2025-12-22,
CL105832,Girard,Ilyes,ilyes.girard5832@example.com,0697966927,1975-08-30,Nantes,aucun,2025-10-13,oui
CL105833,Laurent,Ines,ines.laurent5833@example.com,0655579122,1995-11-14,Grenoble,annuel,2026-04-13,non
CL105834,Robert,Chloe,chloe.robert5834@example.com,0635531291,1987-08-06,Lille,aucun,2025-04-12,oui
CL105835,Durand,Chloe,chloe.durand5835@example.com,0666639649,1978-02-19,Lille,mensuel,2026-06-25,
CL105836,Simon,Chloe,chloe.simon5836@example.com,0686040860,1981-03-18,Nantes,annuel,2025-03-27,
CL105837,Roux,Camille,camille.roux5837@example.com,0687932793,1982-02-01,Lille,aucun,2026-03-26,oui
CL105838,Durand,Chloe,chloe.durand5838@example.com,0646336841,1965-03-17,Lyon,aucun,2025-08-13,
CL105839,Robert,Lea,lea.robert5839@example.com,0629398554,1966-07-20,Lille,mensuel,2026-07-25,non
CL105840,Robert,Sofia,sofia.robert5840@example.com,0675964329,1999-05-29,Nantes,mensuel,2025-12-14,
CL105841,Fournier,Jade,jade.fournier5841@example.com,0618295901,1973-05-02,Lyon,aucun,2026-01-01,oui
CL105842,Petit,Camille,camille.petit5842@example.com,0645983688,1964-05-19,Grenoble,aucun,2025-04-17,oui
CL105843,Garcia,Jade,jade.garcia5843@example.com,0623695591,1966-04-13,Lille,aucun,2026-07-25,oui
CL105844,Roux,Karim,karim.roux5844@example.com,0662692037,2001-08-01,Lille,mensuel,2026-02-23,non
CL105845,Girard,Gabriel,gabriel.girard5845@example.com,0639479890,1968-08-20,Nantes,aucun,2026-04-15,
CL105846,Garcia,Camille,camille.garcia5846@example.com,0656853088,1973-11-08,Nantes,annuel,2026-02-03,
CL105847,Robert,Lea,lea.robert5847@example.com,0664136588,1963-01-17,Grenoble,aucun,2025-11-08,non
CL105848,Nguyen,Camille,camille.nguyen5848@example.com,0612690463,1995-10-13,Lyon,aucun,2026-08-15,non
CL105849,Durand,Louise,louise.durand5849@example.com,0678566834,1982-08-13,Grenoble,entreprise,2025-04-14,oui
CL105850,Petit,Karim,karim.petit5850@example.com,0638483054,1960-04-24,Lyon,aucun,2026-03-02,non
CL105851,Michel,Manon,manon.michel5851@example.com,0613620454,1970-02-16,Lyon,aucun,2026-04-26,oui
CL105852,Roux,Karim,karim.roux5852@example.com,0670715693,2002-11-25,Lyon,annuel,2025-08-25,non
CL105853,Durand,Noah,noah.durand5853@example.com,0635658289,2002-08-15,Nantes,aucun,2025-09-05,oui
CL105854,Fournier,Hugo,hugo.fournier5854@example.com,0673242101,1993-12-04,Lyon,annuel,2026-10-19,non
CL105855,Michel,Jade,jade.michel5855@example.com,0634922369,1992-04-22,Grenoble,mensuel,2025-06-23,non
CL105856,Dubois,Mehdi,mehdi.dubois5856@example.com,0674453469,1984-06-01,Nantes,aucun,2026-04-03,
CL105857,Michel,Lea,lea.michel5857@example.com,0669820101,2003-08-24,Grenoble,mensuel,2025-10-31,
CL105858,Roux,Adam,adam.roux5858@example.com,0646348136,1981-12-11,Lyon,mensuel,2026-10-07,oui
CL105859,Bernard,Ines,ines.bernard5859@example.com,0620126163,1980-03-30,Lyon,aucun,2026-07-04,
CL105860,Dubois,Camille,camille.dubois5860@example.com,0657055865,1997-11-17,Lyon,aucun,2025-08-28,non
CL105861,Durand,Mehdi,mehdi.durand5861@example.com,0615188789,1994-08-23,Nantes,mensuel,2025-06-30,oui
CL105862,Girard,Noah,noah.girard5862@example.com,0697189747,1975-05-20,Lyon,annuel,2025-11-14,oui
CL105863,Michel,Mehdi,mehdi.michel5863@example.com,0648325587,1978-01-30,Nantes,aucun,2026-04-08,oui
CL105864,Robert,Sofia,sofia.robert5864@example.com,0654729664,1971-04-12,Lille,annuel,2025-12-18,
CL105865,Moreau,Chloe,chloe.moreau5865@example.com,0622989159,1988-04-30,Lyon,mensuel,2026-02-09,oui
CL105866,Roux,Noah,noah.roux5866@example.com,0669392306,1976-05-22,Grenoble,mensuel,2025-09-20,oui
CL105867,Garcia,Camille,camille.garcia5867@example.com,0697657315,1997-04-24,Grenoble,mensuel,2025-08-25,non
CL105868,Martin,Rayan,rayan.martin5868@example.com,0636582888,1986-02-08,Lyon,annuel,2025-08-17,
CL105869,Durand,Gabriel,gabriel.durand5869@example.com,0682196949,1988-10-20,Lyon,annuel,2026-08-19,
CL105870,Dubois,Karim,karim.dubois5870@example.com,0699174494,1982-04-29,Lyon,etudiant,2026-04-17,oui
CL105871,Laurent,Ilyes,ilyes.laurent5871@example.com,0689485180,1987-02-23,Nantes,etudiant,2025-04-26,oui
CL105872,Robert,Louise,louise.robert5872@example.com,0642122121,1991-09-18,Lyon,mensuel,2025-12-11,oui
CL105873,Robert,Amira,amira.robert5873@example.com,0693962151,1974-07-16,Lyon,aucun,2025-12-20,oui
CL105874,Girard,Jade,jade.girard5874@example.com,0636781918,1983-08-03,Lille,aucun,2025-08-06,oui
CL105875,Fournier,Yanis,yanis.fournier5875@example.com,0663147980,1972-06-02,Nantes,mensuel,2026-04-16,oui
CL105876,Roux,Karim,karim.roux5876@example.com,0648990469,1983-11-07,Nantes,aucun,2026-03-02,
CL105877,Benali,Mehdi,mehdi.benali5877@example.com,0669707093,1995-11-20,Lyon,mensuel,2025-11-15,
CL105878,Nguyen,Yanis,yanis.nguyen5878@example.com,0658587957,1998-05-11,Lille,mensuel,2026-03-09,oui
CL105879,Girard,Sofia,sofia.girard5879@example.com,0619799878,1975-06-30,Nantes,mensuel,2025-04-06,non
CL105880,Moreau,Louise,louise.moreau5880@example.com,0678502352,2003-07-07,Nantes,annuel,2026-08-14,non
CL105881,Bernard,Jade,jade.bernard5881@example.com,0621693692,1973-09-07,Lyon,entreprise,2025-04-08,non
CL105882,Girard,Ines,ines.girard5882@example.com,0646465550,1981-12-17,Nantes,annuel,2025-03-31,
CL105883,Simon,Noah,noah.simon5883@example.com,0611937631,1969-05-06,Nantes,etudiant,2026-09-29,non
CL105884,Benali,Jade,jade.benali5884@example.com,0621087942,2000-03-04,Nantes,aucun,2025-05-15,
CL105885,Martin,Lea,lea.martin5885@example.com,0669196234,1997-06-13,Grenoble,aucun,2025-12-06,oui
CL105886,Roux,Gabriel,gabriel.roux5886@example.com,0626500982,1965-07-05,Lyon,annuel,2025-12-30,
CL105887,Nguyen,Adam,adam.nguyen5887@example.com,0613388111,1993-01-02,Nantes,aucun,2026-05-03,oui
CL105888,Laurent,Lea,lea.laurent5888@example.com,0613485032,1986-01-02,Nantes,aucun,2025-11-20,oui
CL105889,Robert,Gabriel,gabriel.robert5889@example.com,0634429790,1985-01-04,Lille,aucun,2026-10-10,oui
CL105890,Girard,Amira,amira.girard5890@example.com,0631113843,1980-10-21,Nantes,aucun,2026-06-30,oui
CL105891,Girard,Camille,camille.girard5891@example.com,0686529992,1995-05-15,Nantes,aucun,2026-05-06,oui
CL105892,Moreau,Adam,adam.moreau5892@example.com,0630537958,1991-04-13,Lille,annuel,2025-04-21,oui
CL105893,Michel,Ines,ines.michel5893@example.com,0657461439,1992-05-27,Lyon,annuel,2026-06-15,
CL105894,Robert,Jade,jade.robert5894@example.com,0620929556,1995-08-16,Lille,mensuel,2026-05-16,oui
CL105895,Laurent,Hugo,hugo.laurent5895@example.com,0678534432,1979-02-09,Lille,mensuel,2025-09-06,non
CL105896,Petit,Rayan,rayan.petit5896@example.com,0666504158,1978-03-13,Lille,etudiant,2025-12-07,non
CL105897,Robert,Yanis,yanis.robert5897@example.com,0614578072,1986-03-25,Grenoble,entreprise,2026-09-05,non
CL105898,Bernard,Camille,camille.bernard5898@example.com,0666356588,1998-10-08,Lille,mensuel,2026-01-28,
CL105899,Moreau,Manon,manon.moreau5899@example.com,0645990661,1964-10-26,Lyon,aucun,2026-03-10,oui
CL105900,Girard,Rayan,rayan.girard5900@example.com,0662084848,1961-09-17,Grenoble,aucun,2025-07-26,non
CL105901,Robert,Chloe,chloe.robert5901@example.com,0685057668,1994-02-09,Nantes,annuel,2026-03-08,non
CL105902,Robert,Lea,lea.robert5902@example.com,0618111375,1962-04-19,Lille,aucun,2025-07-23,oui
CL105903,Nguyen,Hugo,hugo.nguyen5903@example.com,0695350689,1977-08-12,Lille,aucun,2026-06-26,oui
CL105904,Nguyen,Gabriel,gabriel.nguyen5904@example.com,0633861651,2003-07-27,Lyon,etudiant,2025-09-20,oui
CL105905,Dubois,Hugo,hugo.dubois5905@example.com,0698631630,1979-04-07,Nantes,mensuel,2026-06-24,oui
CL105906,Laurent,Rayan,rayan.laurent5906@example.com,0650987039,1983-06-15,Lille,aucun,2026-04-16,non
CL105907,Dubois,Louise,louise.dubois5907@example.com,0630639781,1968-08-09,Lyon,annuel,2026-08-18,
CL105908,Garcia,Amira,amira.garcia5908@example.com,0696014492,1983-02-20,Grenoble,mensuel,2026-06-16,non
CL105909,Simon,Ines,ines.simon5909@example.com,0643665595,1982-01-11,Lille,mensuel,2025-04-22,non
CL105910,Dubois,Adam,adam.dubois5910@example.com,0650906075,1969-03-09,Nantes,aucun,2025-07-18,non
CL105911,Moreau,Noah,noah.moreau5911@example.com,0665237758,1994-10-05,Grenoble,aucun,2025-03-18,
CL105912,Simon,Louise,louise.simon5912@example.com,0618755456,1976-01-23,Lille,etudiant,2026-04-23,non
CL105913,Girard,Louise,louise.girard5913@example.com,0694326704,1981-08-21,Lyon,aucun,2026-05-25,non
CL105914,Moreau,Yanis,yanis.moreau5914@example.com,0696515412,2002-12-26,Grenoble,aucun,2026-03-22,oui
CL105915,Moreau,Sofia,sofia.moreau5915@example.com,0690765596,1976-01-01,Nantes,mensuel,2026-02-04,non
CL105916,Simon,Amira,amira.simon5916@example.com,0684993079,1993-03-01,Lille,aucun,2025-05-04,
CL105917,Michel,Chloe,chloe.michel5917@example.com,0661918526,1976-03-07,Lyon,aucun,2026-01-28,non
CL105918,Petit,Hugo,hugo.petit5918@example.com,0685889144,1980-04-27,Grenoble,mensuel,2025-08-14,oui
CL105919,Durand,Gabriel,gabriel.durand5919@example.com,0618952158,2002-10-04,Lyon,aucun,2026-05-14,
CL105920,Martin,Noah,noah.martin5920@example.com,0670793484,2000-06-14,Lyon,mensuel,2025-04-27,
CL105921,Dubois,Adam,adam.dubois5921@example.com,0613985543,1971-06-15,Lille,aucun,2026-05-22,
CL105922,Benali,Jade,jade.benali5922@example.com,0622292361,1994-06-24,Lyon,aucun,2025-11-16,non
CL105923,Girard,Lea,lea.girard5923@example.com,0630220968,1979-06-19,Nantes,aucun,2026-04-12,
CL105924,Simon,Louise,louise.simon5924@example.com,0650992288,1960-06-08,Lille,aucun,2026-05-23,oui
CL105925,Girard,Louise,louise.girard5925@example.com,0618219791,1983-01-05,Lille,aucun,2025-05-05,non
CL105926,Martin,Yanis,yanis.martin5926@example.com,0615148978,1968-08-14,Nantes,etudiant,2026-06-23,
CL105927,Dubois,Lea,lea.dubois5927@example.com,0640640838,1973-04-11,Lille,annuel,2026-05-27,oui
CL105928,Robert,Sofia,sofia.robert5928@example.com,0699635148,1988-04-05,Nantes,aucun,2026-03-30,oui
CL105929,Laurent,Ines,ines.laurent5929@example.com,0664544471,1974-11-05,Lyon,mensuel,2025-03-20,
CL105930,Durand,Gabriel,gabriel.durand5930@example.com,0663251086,1996-10-07,Nantes,annuel,2026-08-15,oui
CL105931,Martin,Amira,amira.martin5931@example.com,0625208040,1978-02-07,Lyon,entreprise,2026-07-29,non
CL105932,Benali,Sofia,sofia.benali5932@example.com,0664820598,1961-11-18,Lyon,aucun,2026-06-26,oui
CL105933,Dubois,Camille,camille.dubois5933@example.com,0628573800,1999-11-15,Lyon,aucun,2025-04-02,non
CL105934,Simon,Noah,noah.simon5934@example.com,0674985079,1984-11-16,Grenoble,etudiant,2025-12-13,non
CL105935,Moreau,Sofia,sofia.moreau5935@example.com,0639672920,1962-10-20,Lille,etudiant,2026-10-19,non
CL105936,Martin,Noah,noah.martin5936@example.com,0695494554,1961-09-07,Lyon,mensuel,2026-05-05,oui
CL105937,Dubois,Ilyes,ilyes.dubois5937@example.com,0667676277,2001-01-23,Grenoble,mensuel,2025-09-21,oui
CL105938,Benali,Noah,noah.benali5938@example.com,0665382336,1981-08-30,Lyon,etudiant,2025-08-02,non
CL105939,Bernard,Gabriel,gabriel.bernard5939@example.com,0667256693,1995-09-22,Lille,aucun,2026-01-23,oui
CL105940,Girard,Sofia,sofia.girard5940@example.com,0644679513,1994-09-09,Nantes,aucun,2025-04-22,
CL105941,Girard,Adam,adam.girard5941@example.com,0699191844,1991-10-09,Grenoble,aucun,2025-12-16,oui
CL105942,Fournier,Jade,jade.fournier5942@example.com,0699273551,1965-08-07,Lyon,mensuel,2025-09-07,oui
CL105943,Michel,Yanis,yanis.michel5943@example.com,0624319502,1996-03-20,Nantes,mensuel,2025-06-21,
CL105944,Laurent,Adam,adam.laurent5944@example.com,0696476626,1988-12-29,Grenoble,etudiant,2026-04-14,non
CL105945,Benali,Hugo,hugo.benali5945@example.com,0617103551,1963-01-01,Lille,annuel,2026-09-25,non
CL105946,Petit,Jade,jade.petit5946@example.com,0663703961,1997-07-06,Lille,aucun,2025-07-16,
CL105947,Girard,Karim,karim.girard5947@example.com,0659317628,1994-01-11,Lille,aucun,2025-09-15,oui
CL105948,Moreau,Yanis,yanis.moreau5948@example.com,0627448981,1999-06-05,Lyon,mensuel,2025-07-06,non
CL105949,Nguyen,Rayan,rayan.nguyen5949@example.com,0667316367,1985-11-18,Lille,mensuel,2025-05-29,
CL105950,Simon,Mehdi,mehdi.simon5950@example.com,0696550896,1977-03-31,Nantes,aucun,2026-03-18,non
CL105951,Bernard,Manon,manon.bernard5951@example.com,0612493914,1968-01-22,Lyon,mensuel,2026-08-19,
CL105952,Roux,Rayan,rayan.roux5952@example.com,0622887740,1983-07-01,Nantes,aucun,2025-11-16,
CL105953,Fournier,Yanis,yanis.fournier5953@example.com,0696828666,1995-11-28,Lyon,annuel,2026-09-06,non
CL105954,Martin,Karim,karim.martin5954@example.com,0615259747,1984-03-14,Lille,mensuel,2025-08-02,oui
CL105955,Roux,Lea,lea.roux5955@example.com,0620788260,1960-04-28,Nantes,mensuel,2026-01-13,
CL105956,Robert,Sofia,sofia.robert5956@example.com,0612940757,1981-02-10,Lille,annuel,2025-11-01,
CL105957,Bernard,Amira,amira.bernard5957@example.com,0653504257,1993-02-20,Grenoble,aucun,2025-10-14,
CL105958,Michel,Lea,lea.michel5958@example.com,0688964829,1991-04-16,Lille,aucun,2026-05-31,non
CL105959,Petit,Lea,lea.petit5959@example.com,0677632494,1973-06-22,Lyon,annuel,2025-10-25,
CL105960,Michel,Ines,ines.michel5960@example.com,0643860513,1982-12-05,Lille,mensuel,2025-10-21,
CL105961,Girard,Sofia,sofia.girard5961@example.com,0631185399,2001-09-02,Lyon,aucun,2026-03-20,
CL105962,Durand,Sofia,sofia.durand5962@example.com,0644110325,2002-11-26,Grenoble,annuel,2026-06-09,oui
CL105963,Dubois,Adam,adam.dubois5963@example.com,0622999304,1991-08-02,Grenoble,entreprise,2026-03-08,
CL105964,Nguyen,Lea,lea.nguyen5964@example.com,0682621220,2000-12-26,Lyon,mensuel,2026-01-17,oui
CL105965,Michel,Hugo,hugo.michel5965@example.com,0622774961,1969-11-06,Lyon,aucun,2026-09-04,
CL105966,Petit,Chloe,chloe.petit5966@example.com,0668359844,1977-02-13,Nantes,aucun,2025-10-05,oui
CL105967,Simon,Yanis,yanis.simon5967@example.com,0678392643,1998-12-18,Nantes,aucun,2026-06-29,oui
CL105968,Michel,Mehdi,mehdi.michel5968@example.com,0660421749,1982-11-22,Grenoble,mensuel,2025-11-15,oui
CL105969,Benali,Hugo,hugo.benali5969@example.com,0692136959,1964-09-24,Lille,entreprise,2026-10-22,non
CL105970,Bernard,Rayan,rayan.bernard5970@example.com,0690853955,1972-04-16,Lille,annuel,2025-10-18,non
CL105971,Roux,Jade,jade.roux5971@example.com,0633297510,1999-08-10,Grenoble,aucun,2025-05-02,
CL105972,Robert,Ines,ines.robert5972@example.com,0687882944,1966-05-20,Lyon,aucun,2025-12-06,non
CL105973,Fournier,Ines,ines.fournier5973@example.com,0660388863,1962-03-27,Lyon,aucun,2025-11-09,oui
CL105974,Girard,Karim,karim.girard5974@example.com,0686175127,2001-12-20,Lille,aucun,2025-12-18,non
CL105975,Bernard,Gabriel,gabriel.bernard5975@example.com,0641048863,1989-02-09,Lyon,annuel,2025-11-18,non
CL105976,Girard,Manon,manon.girard5976@example.com,0656900592,2002-02-20,Lyon,annuel,2025-03-08,
CL105977,Girard,Rayan,rayan.girard5977@example.com,0675361389,1994-08-13,Lyon,mensuel,2025-09-19,non
CL105978,Girard,Lea,lea.girard5978@example.com,0611663301,1984-03-08,Nantes,aucun,2026-05-01,non
CL105979,Girard,Rayan,rayan.girard5979@example.com,0662674076,1978-05-24,Nantes,mensuel,2025-08-26,
CL105980,Roux,Ilyes,ilyes.roux5980@example.com,0651344765,1972-11-05,Lyon,mensuel,2025-06-26,
CL105981,Petit,Amira,amira.petit5981@example.com,0688886713,2003-10-07,Lyon,annuel,2026-09-27,oui
CL105982,Moreau,Rayan,rayan.moreau5982@example.com,0682866362,1999-01-14,Lyon,annuel,2026-08-01,oui
CL105983,Durand,Noah,noah.durand5983@example.com,0656715460,1976-09-14,Grenoble,annuel,2026-04-13,oui
CL105984,Moreau,Amira,amira.moreau5984@example.com,0620011298,1982-02-06,Lyon,annuel,2025-10-08,non
CL105985,Benali,Ilyes,ilyes.benali5985@example.com,0699383556,1989-10-15,Grenoble,aucun,2026-04-02,
CL105986,Benali,Amira,amira.benali5986@example.com,0665165783,2003-08-19,Grenoble,mensuel,2026-07-04,
CL105987,Garcia,Yanis,yanis.garcia5987@example.com,0694926498,1970-05-06,Nantes,annuel,2025-05-13,oui
CL105988,Girard,Manon,manon.girard5988@example.com,0691368435,1966-08-10,Nantes,etudiant,2025-11-08,
CL105989,Girard,Noah,noah.girard5989@example.com,0635061598,1967-04-26,Lille,mensuel,2025-05-10,oui
CL105990,Roux,Hugo,hugo.roux5990@example.com,0666065529,1981-10-24,Nantes,mensuel,2025-07-13,non
CL105991,Robert,Camille,camille.robert5991@example.com,0631720907,1970-10-17,Lyon,mensuel,2026-04-16,non
CL105992,Petit,Sofia,sofia.petit5992@example.com,0639470843,1970-03-27,Lille,etudiant,2025-03-11,oui
CL105993,Garcia,Chloe,chloe.garcia5993@example.com,0694409918,1968-12-18,Nantes,annuel,2026-06-28,oui
CL105994,Dubois,Hugo,hugo.dubois5994@example.com,0689688525,1983-03-29,Nantes,aucun,2026-03-14,oui
CL105995,Nguyen,Louise,louise.nguyen5995@example.com,0651745037,1985-08-14,Lyon,aucun,2026-03-25,non
CL105996,Petit,Lea,lea.petit5996@example.com,0689408355,1973-08-05,Nantes,aucun,2025-11-09,non
CL105997,Roux,Ilyes,ilyes.roux5997@example.com,0657862506,1982-01-04,Lyon,mensuel,2025-07-06,
CL105998,Petit,Louise,louise.petit5998@example.com,0610580493,1998-06-22,Lyon,annuel,2025-10-02,non
CL105999,Dubois,Adam,adam.dubois5999@example.com,0614434435,1989-07-31,Lille,mensuel,2025-04-10,non
CL106000,Simon,Noah,noah.simon6000@example.com,0668330508,1994-06-24,Nantes,aucun,2026-04-13,oui
CL106001,Benali,Manon,manon.benali6001@example.com,0637917299,1993-07-09,Lyon,annuel,2026-08-21,
CL106002,Robert,Noah,noah.robert6002@example.com,0643827594,1984-08-20,Lyon,mensuel,2026-04-12,
CL106003,Dubois,Louise,louise.dubois6003@example.com,0691026937,1998-08-28,Lille,mensuel,2026-09-23,oui
CL106004,Nguyen,Mehdi,mehdi.nguyen6004@example.com,0698839974,1975-06-30,Grenoble,aucun,2025-11-27,
CL106005,Michel,Karim,karim.michel6005@example.com,0663995991,1969-12-14,Lyon,aucun,2026-10-01,oui
CL106006,Roux,Sofia,sofia.roux6006@example.com,0681388514,1983-10-14,Lyon,entreprise,2025-11-20,
CL106007,Nguyen,Camille,camille.nguyen6007@example.com,0661606811,1965-02-03,Lille,aucun,2025-05-01,
CL106008,Simon,Louise,louise.simon6008@example.com,0657505706,1977-09-21,Nantes,aucun,2025-09-11,oui
CL106009,Michel,Rayan,rayan.michel6009@example.com,0644824215,1987-11-06,Grenoble,aucun,2026-06-03,non
CL106010,Simon,Ines,ines.simon6010@example.com,0651224932,1966-08-31,Lyon,mensuel,2025-04-04,oui
CL106011,Laurent,Karim,karim.laurent6011@example.com,0610313544,1978-11-25,Nantes,mensuel,2025-04-02,
CL106012,Fournier,Amira,amira.fournier6012@example.com,0675390920,1982-01-24,Lyon,aucun,2026-07-26,
CL106013,Bernard,Manon,manon.bernard6013@example.com,0660934004,1985-07-12,Grenoble,aucun,2025-03-07,non
CL106014,Michel,Amira,amira.michel6014@example.com,0690235497,1989-05-31,Nantes,mensuel,2026-03-10,non
CL106015,Simon,Louise,louise.simon6015@example.com,0638795710,1967-07-06,Lyon,aucun,2025-10-30,oui
CL106016,Laurent,Lea,lea.laurent6016@example.com,0686252210,1967-02-26,Lyon,etudiant,2026-07-30,non
CL106017,Nguyen,Manon,manon.nguyen6017@example.com,0663129570,1993-10-11,Nantes,etudiant,2025-04-25,non
CL106018,Fournier,Hugo,hugo.fournier6018@example.com,0684702309,2001-12-22,Lyon,aucun,2025-07-14,oui
CL106019,Roux,Adam,adam.roux6019@example.com,0655225146,1960-08-09,Lyon,aucun,2025-04-12,oui
CL106020,Durand,Sofia,sofia.durand6020@example.com,0669434063,1960-06-24,Lyon,annuel,2026-08-13,
CL106021,Nguyen,Mehdi,mehdi.nguyen6021@example.com,0682519743,1989-06-04,Grenoble,aucun,2026-01-26,
CL106022,Robert,Amira,amira.robert6022@example.com,0634210920,1990-10-02,Grenoble,mensuel,2026-10-02,oui
CL106023,Michel,Adam,adam.michel6023@example.com,0669330007,1983-05-24,Nantes,entreprise,2026-09-07,oui
CL106024,Michel,Yanis,yanis.michel6024@example.com,0659538404,1960-12-08,Lyon,mensuel,2026-02-02,non
CL106025,Garcia,Ilyes,ilyes.garcia6025@example.com,0667007554,1997-04-23,Nantes,etudiant,2025-08-21,non
CL106026,Martin,Noah,noah.martin6026@example.com,0677186060,1968-07-23,Lille,aucun,2025-10-07,
CL106027,Girard,Karim,karim.girard6027@example.com,0638581792,2001-06-19,Lyon,aucun,2026-03-12,non
CL106028,Nguyen,Lea,lea.nguyen6028@example.com,0633433913,1966-02-07,Grenoble,aucun,2026-05-27,
CL106029,Martin,Louise,louise.martin6029@example.com,0694381435,1998-06-22,Lyon,etudiant,2025-06-24,non
CL106030,Robert,Karim,karim.robert6030@example.com,0649284843,1964-01-26,Lyon,aucun,2026-02-21,non
CL106031,Laurent,Camille,camille.laurent6031@example.com,0683454053,1964-01-05,Lyon,mensuel,2025-12-02,
CL106032,Martin,Jade,jade.martin6032@example.com,0699132746,1963-03-28,Nantes,annuel,2026-07-30,
CL106033,Benali,Amira,amira.benali6033@example.com,0612631779,1987-03-24,Lyon,annuel,2025-06-30,
CL106034,Laurent,Hugo,hugo.laurent6034@example.com,0637674858,1999-08-09,Lille,annuel,2025-11-14,
CL106035,Moreau,Gabriel,gabriel.moreau6035@example.com,0663803475,1979-07-23,Grenoble,aucun,2026-07-08,non
CL106036,Durand,Chloe,chloe.durand6036@example.com,0647098696,1995-11-06,Nantes,annuel,2026-05-18,
CL106037,Roux,Amira,amira.roux6037@example.com,0628180350,1967-05-05,Lyon,annuel,2025-04-22,
CL106038,Durand,Amira,amira.durand6038@example.com,0693837315,1972-04-21,Lyon,aucun,2026-06-10,non
CL106039,Petit,Manon,manon.petit6039@example.com,0640226002,1985-08-18,Lyon,mensuel,2025-03-02,
CL106040,Simon,Ilyes,ilyes.simon6040@example.com,0689679792,1985-07-09,Lyon,aucun,2026-07-15,non
CL106041,Petit,Gabriel,gabriel.petit6041@example.com,0614726477,1996-08-23,Grenoble,aucun,2025-04-01,
CL106042,Garcia,Hugo,hugo.garcia6042@example.com,0656525995,1984-06-29,Lyon,mensuel,2025-11-26,oui
CL106043,Michel,Ines,ines.michel6043@example.com,0627408945,1978-12-04,Nantes,aucun,2026-02-09,
CL106044,Garcia,Ines,ines.garcia6044@example.com,0646317975,1997-06-01,Grenoble,etudiant,2025-08-29,oui
CL106045,Moreau,Yanis,yanis.moreau6045@example.com,0695853249,1998-02-10,Nantes,aucun,2025-03-24,
CL106046,Girard,Manon,manon.girard6046@example.com,0649707103,1995-07-08,Grenoble,aucun,2026-07-20,
CL106047,Durand,Ines,ines.durand6047@example.com,0615088490,1974-09-26,Lyon,aucun,2025-12-31,
CL106048,Fournier,Sofia,sofia.fournier6048@example.com,0698139305,1990-11-19,Lille,mensuel,2025-03-15,
CL106049,Nguyen,Gabriel,gabriel.nguyen6049@example.com,0673173168,1967-07-22,Lille,aucun,2025-07-20,non
CL106050,Girard,Adam,adam.girard6050@example.com,0697755354,1995-03-18,Lille,annuel,2025-07-06,non
CL106051,Simon,Yanis,yanis.simon6051@example.com,0680074800,1991-07-31,Lille,mensuel,2026-06-16,
CL106052,Michel,Camille,camille.michel6052@example.com,0693367997,1974-02-04,Nantes,annuel,2026-01-21,
CL106053,Roux,Sofia,sofia.roux6053@example.com,0696419032,1996-09-03,Lyon,aucun,2026-08-31,non
CL106054,Moreau,Sofia,sofia.moreau6054@example.com,0691152163,1981-07-16,Lille,aucun,2025-04-20,oui
CL106055,Roux,Karim,karim.roux6055@example.com,0680740659,2001-10-17,Lyon,aucun,2025-03-30,non
CL106056,Durand,Hugo,hugo.durand6056@example.com,0617510344,1983-05-20,Lyon,etudiant,2025-08-05,non
CL106057,Bernard,Sofia,sofia.bernard6057@example.com,0665157953,2000-02-23,Lille,entreprise,2025-12-17,
CL106058,Martin,Sofia,sofia.martin6058@example.com,0675250451,1981-04-19,Grenoble,mensuel,2026-05-07,oui
CL106059,Petit,Hugo,hugo.petit6059@example.com,0692346684,1980-08-28,Grenoble,aucun,2025-10-22,
CL106060,Girard,Mehdi,mehdi.girard6060@example.com,0653368983,1993-03-12,Lyon,mensuel,2025-05-18,oui
CL106061,Benali,Louise,louise.benali6061@example.com,0695686012,1961-02-21,Grenoble,aucun,2025-03-09,
CL106062,Bernard,Jade,jade.bernard6062@example.com,0613927646,2000-11-21,Nantes,mensuel,2025-05-20,
CL106063,Benali,Gabriel,gabriel.benali6063@example.com,0634420754,1965-06-27,Lyon,aucun,2025-03-02,non
CL106064,Robert,Lea,lea.robert6064@example.com,0628411135,1993-08-05,Lyon,aucun,2025-06-23,non
CL106065,Robert,Hugo,hugo.robert6065@example.com,0612460164,1965-02-07,Lyon,aucun,2026-08-04,oui
CL106066,Durand,Camille,camille.durand6066@example.com,0691756422,1980-11-06,Grenoble,aucun,2025-08-30,oui
CL106067,Benali,Manon,manon.benali6067@example.com,0663796242,1976-08-28,Lille,mensuel,2025-08-04,
CL106068,Laurent,Gabriel,gabriel.laurent6068@example.com,0683435930,1978-03-06,Lille,annuel,2026-06-15,
CL106069,Benali,Yanis,yanis.benali6069@example.com,0668295589,1996-02-06,Nantes,aucun,2025-12-12,
CL106070,Fournier,Gabriel,gabriel.fournier6070@example.com,0685415629,1966-06-17,Lyon,etudiant,2025-11-13,non
CL106071,Robert,Rayan,rayan.robert6071@example.com,0633241501,1973-04-29,Lyon,entreprise,2026-08-25,
CL106072,Martin,Chloe,chloe.martin6072@example.com,0648637332,1992-10-08,Lille,aucun,2026-08-02,non
CL106073,Moreau,Amira,amira.moreau6073@example.com,0640334330,1960-10-15,Lyon,aucun,2026-08-03,oui
CL106074,Michel,Yanis,yanis.michel6074@example.com,0651135482,1979-03-21,Lille,aucun,2026-07-07,
CL106075,Garcia,Louise,louise.garcia6075@example.com,0657417840,1989-05-04,Nantes,mensuel,2026-08-19,oui
CL106076,Michel,Karim,karim.michel6076@example.com,0644214238,1995-02-24,Lyon,etudiant,2026-06-29,
CL106077,Petit,Noah,noah.petit6077@example.com,0681973228,2002-11-14,Nantes,mensuel,2026-08-29,non
CL106078,Roux,Amira,amira.roux6078@example.com,0621929649,1996-02-25,Grenoble,annuel,2025-03-29,oui
CL106079,Roux,Adam,adam.roux6079@example.com,0610221885,1999-08-29,Nantes,mensuel,2026-05-21,oui
CL106080,Martin,Lea,lea.martin6080@example.com,0626925539,1998-10-23,Lyon,annuel,2026-08-01,non
CL106081,Roux,Noah,noah.roux6081@example.com,0655352353,1993-01-28,Grenoble,aucun,2025-11-23,oui
CL106082,Garcia,Manon,manon.garcia6082@example.com,0648825210,1979-07-06,Nantes,aucun,2026-09-20,oui
CL106083,Moreau,Gabriel,gabriel.moreau6083@example.com,0660179205,1975-06-09,Nantes,etudiant,2026-05-10,non
CL106084,Martin,Amira,amira.martin6084@example.com,0660091304,1978-07-25,Lyon,entreprise,2026-02-15,
CL106085,Girard,Noah,noah.girard6085@example.com,0668100196,1997-01-06,Lyon,annuel,2026-03-26,
CL106086,Durand,Hugo,hugo.durand6086@example.com,0623450332,1971-01-11,Grenoble,etudiant,2025-12-13,oui
CL106087,Girard,Amira,amira.girard6087@example.com,0649966238,1988-11-06,Grenoble,annuel,2026-03-01,oui
CL106088,Bernard,Louise,louise.bernard6088@example.com,0657133870,1978-07-28,Lyon,mensuel,2025-11-02,oui
CL106089,Michel,Chloe,chloe.michel6089@example.com,0635207877,1970-10-15,Lille,aucun,2026-04-30,non
CL106090,Laurent,Louise,louise.laurent6090@example.com,0657650309,1982-12-02,Lyon,entreprise,2025-10-20,oui
CL106091,Nguyen,Gabriel,gabriel.nguyen6091@example.com,0652185402,1992-01-06,Lille,etudiant,2026-05-26,non
CL106092,Dubois,Ilyes,ilyes.dubois6092@example.com,0652486400,1998-09-28,Lille,aucun,2025-07-19,oui
CL106093,Garcia,Gabriel,gabriel.garcia6093@example.com,0640525674,1960-04-05,Lyon,aucun,2026-09-08,non
CL106094,Dubois,Ines,ines.dubois6094@example.com,0657919096,1961-11-18,Lille,annuel,2025-10-24,
CL106095,Petit,Manon,manon.petit6095@example.com,0684920180,2003-08-29,Lyon,mensuel,2026-01-27,oui
CL106096,Laurent,Yanis,yanis.laurent6096@example.com,0697208479,1974-06-20,Grenoble,annuel,2026-08-24,non
CL106097,Moreau,Yanis,yanis.moreau6097@example.com,0670831301,2003-05-29,Nantes,annuel,2025-10-26,oui
CL106098,Benali,Manon,manon.benali6098@example.com,0624786718,1987-09-03,Nantes,aucun,2025-08-29,oui
CL106099,Petit,Mehdi,mehdi.petit6099@example.com,0684000193,1982-07-15,Lyon,mensuel,2026-04-17,oui
CL106100,Simon,Ines,ines.simon6100@example.com,0669824589,1981-08-15,Lyon,aucun,2026-10-15,
CL106101,Robert,Yanis,yanis.robert6101@example.com,0684895067,1990-04-27,Lyon,aucun,2025-04-16,oui
CL106102,Robert,Rayan,rayan.robert6102@example.com,0669971998,1987-03-10,Lyon,annuel,2026-10-11,
CL106103,Petit,Yanis,yanis.petit6103@example.com,0655569486,1987-01-05,Nantes,aucun,2025-08-14,non
CL106104,Girard,Louise,louise.girard6104@example.com,0662021679,1971-08-21,Lyon,mensuel,2025-12-01,oui
CL106105,Girard,Yanis,yanis.girard6105@example.com,0689962807,1963-09-02,Lyon,annuel,2025-04-22,non
CL106106,Moreau,Chloe,chloe.moreau6106@example.com,0678438674,1997-04-01,Grenoble,aucun,2026-08-28,
CL106107,Benali,Mehdi,mehdi.benali6107@example.com,0665129830,2003-10-09,Lille,aucun,2025-10-07,oui
CL106108,Bernard,Manon,manon.bernard6108@example.com,0649778286,1963-03-24,Lille,aucun,2026-05-01,
CL106109,Dubois,Lea,lea.dubois6109@example.com,0641126576,1996-03-10,Nantes,aucun,2025-06-21,oui
CL106110,Benali,Chloe,chloe.benali6110@example.com,0639154102,1978-04-06,Nantes,mensuel,2026-02-21,non
CL106111,Petit,Hugo,hugo.petit6111@example.com,0673797417,1995-04-12,Nantes,aucun,2025-11-30,
CL106112,Moreau,Louise,louise.moreau6112@example.com,0611812438,1979-03-21,Lille,aucun,2026-04-17,
CL106113,Petit,Rayan,rayan.petit6113@example.com,0693788764,2000-07-30,Grenoble,aucun,2025-03-10,oui
CL106114,Girard,Hugo,hugo.girard6114@example.com,0655401575,1960-07-12,Grenoble,mensuel,2026-06-29,oui
CL106115,Robert,Chloe,chloe.robert6115@example.com,0643936472,1972-09-16,Nantes,aucun,2026-07-10,non
CL106116,Benali,Karim,karim.benali6116@example.com,0699366158,1989-10-27,Nantes,mensuel,2026-06-06,non
CL106117,Laurent,Rayan,rayan.laurent6117@example.com,0630056264,1968-07-03,Lille,aucun,2025-11-03,
CL106118,Roux,Karim,karim.roux6118@example.com,0659171152,1970-06-14,Lyon,aucun,2026-08-19,non
CL106119,Durand,Sofia,sofia.durand6119@example.com,0676791680,1992-04-11,Lille,aucun,2025-11-01,oui
CL106120,Girard,Ilyes,ilyes.girard6120@example.com,0657408373,1988-09-30,Nantes,mensuel,2025-05-18,non
CL106121,Dubois,Noah,noah.dubois6121@example.com,0642844380,1991-02-05,Lyon,aucun,2026-07-31,non
CL106122,Martin,Chloe,chloe.martin6122@example.com,0663887462,1993-06-13,Nantes,aucun,2026-05-24,
CL106123,Fournier,Yanis,yanis.fournier6123@example.com,0652009664,2002-07-29,Lyon,mensuel,2025-12-24,
CL106124,Garcia,Louise,louise.garcia6124@example.com,0649924895,1992-07-13,Lille,mensuel,2025-07-30,non
CL106125,Laurent,Karim,karim.laurent6125@example.com,0699616106,1961-04-15,Lyon,mensuel,2026-04-27,non
CL106126,Martin,Ines,ines.martin6126@example.com,0649507686,1997-06-25,Lyon,mensuel,2025-10-23,oui
CL106127,Fournier,Sofia,sofia.fournier6127@example.com,0671499290,1968-10-15,Lyon,aucun,2025-05-26,
CL106128,Moreau,Lea,lea.moreau6128@example.com,0658583910,1993-04-10,Lille,mensuel,2026-02-15,
CL106129,Girard,Ines,ines.girard6129@example.com,0618630397,1993-08-31,Lyon,aucun,2025-07-07,oui
CL106130,Girard,Karim,karim.girard6130@example.com,0670302042,1965-04-18,Nantes,mensuel,2025-03-25,
CL106131,Roux,Chloe,chloe.roux6131@example.com,0644151655,1988-07-03,Lyon,annuel,2025-05-09,non
CL106132,Garcia,Yanis,yanis.garcia6132@example.com,0683459136,1964-07-09,Lyon,mensuel,2026-09-14,
CL106133,Bernard,Gabriel,gabriel.bernard6133@example.com,0623974556,1969-10-06,Grenoble,mensuel,2026-02-24,
CL106134,Girard,Sofia,sofia.girard6134@example.com,0623033295,1960-05-13,Lille,annuel,2026-05-31,
CL106135,Petit,Rayan,rayan.petit6135@example.com,0656227420,1963-04-15,Lyon,mensuel,2025-03-07,oui
CL106136,Dubois,Mehdi,mehdi.dubois6136@example.com,0681887311,1996-04-09,Grenoble,aucun,2025-12-20,non
CL106137,Nguyen,Ilyes,ilyes.nguyen6137@example.com,0650244524,1960-12-23,Lyon,entreprise,2025-10-30,non
CL106138,Benali,Sofia,sofia.benali6138@example.com,0663822368,1999-08-19,Lille,aucun,2025-03-03,
CL106139,Durand,Mehdi,mehdi.durand6139@example.com,0645081686,1986-12-20,Lyon,annuel,2025-10-06,non
CL106140,Petit,Jade,jade.petit6140@example.com,0685679340,1967-07-01,Lyon,annuel,2026-03-09,
CL106141,Benali,Amira,amira.benali6141@example.com,0658538228,1975-11-11,Nantes,aucun,2026-03-02,
CL106142,Dubois,Chloe,chloe.dubois6142@example.com,0618981083,1970-12-28,Lyon,etudiant,2025-12-18,
CL106143,Petit,Rayan,rayan.petit6143@example.com,0644172620,1998-06-26,Lyon,mensuel,2026-10-17,
CL106144,Martin,Hugo,hugo.martin6144@example.com,0689815952,1995-05-01,Grenoble,aucun,2025-03-20,non
CL106145,Fournier,Chloe,chloe.fournier6145@example.com,0623450918,1965-12-30,Lyon,aucun,2025-07-20,oui
CL106146,Moreau,Jade,jade.moreau6146@example.com,0668898619,1995-09-20,Lyon,etudiant,2025-12-29,oui
CL106147,Laurent,Manon,manon.laurent6147@example.com,0610168081,1992-02-14,Grenoble,aucun,2026-01-25,oui
CL106148,Michel,Amira,amira.michel6148@example.com,0641995935,1961-06-08,Grenoble,aucun,2026-02-21,
CL106149,Girard,Gabriel,gabriel.girard6149@example.com,0687670279,1982-11-24,Grenoble,aucun,2025-09-18,
CL106150,Roux,Hugo,hugo.roux6150@example.com,0617999875,1983-09-16,Lyon,aucun,2026-08-20,
CL106151,Petit,Adam,adam.petit6151@example.com,0639171722,1989-12-04,Lyon,aucun,2026-08-05,oui
CL106152,Garcia,Jade,jade.garcia6152@example.com,0648567483,1983-09-16,Nantes,mensuel,2026-01-21,non
CL106153,Laurent,Jade,jade.laurent6153@example.com,0612073115,1987-03-06,Lyon,annuel,2026-08-01,oui
CL106154,Garcia,Manon,manon.garcia6154@example.com,0670636536,1983-02-16,Nantes,aucun,2025-10-02,
CL106155,Robert,Ines,ines.robert6155@example.com,0652247088,1996-01-29,Grenoble,annuel,2025-03-30,oui
CL106156,Petit,Sofia,sofia.petit6156@example.com,0675391870,1972-04-18,Lyon,aucun,2026-09-23,oui
CL106157,Nguyen,Yanis,yanis.nguyen6157@example.com,0643480939,1993-09-28,Grenoble,aucun,2025-03-09,
CL106158,Michel,Gabriel,gabriel.michel6158@example.com,0698279321,1960-11-16,Lille,etudiant,2026-09-04,oui
CL106159,Laurent,Jade,jade.laurent6159@example.com,0693525580,1970-11-01,Lyon,mensuel,2025-05-25,oui
CL106160,Michel,Chloe,chloe.michel6160@example.com,0664353512,1961-11-04,Grenoble,mensuel,2025-09-29,oui
CL106161,Nguyen,Gabriel,gabriel.nguyen6161@example.com,0650063058,1999-03-31,Lille,annuel,2026-06-25,non
CL106162,Petit,Hugo,hugo.petit6162@example.com,0633389108,1971-11-03,Grenoble,aucun,2025-10-08,non
CL106163,Benali,Rayan,rayan.benali6163@example.com,0698183919,1983-04-05,Lille,annuel,2026-07-25,oui
CL106164,Laurent,Sofia,sofia.laurent6164@example.com,0691502672,1960-02-16,Grenoble,annuel,2025-09-23,oui
CL106165,Dubois,Jade,jade.dubois6165@example.com,0651157724,1962-12-31,Grenoble,aucun,2026-07-07,non
CL106166,Girard,Rayan,rayan.girard6166@example.com,0623070127,2000-06-17,Lille,aucun,2026-07-12,oui
CL106167,Benali,Gabriel,gabriel.benali6167@example.com,0662338848,1988-10-27,Nantes,aucun,2026-05-21,non
CL106168,Durand,Noah,noah.durand6168@example.com,0693036535,1991-07-10,Lyon,mensuel,2025-12-30,
CL106169,Moreau,Camille,camille.moreau6169@example.com,0671824879,1991-11-12,Lyon,annuel,2025-04-03,non
CL106170,Michel,Ines,ines.michel6170@example.com,0685635279,1970-10-29,Lille,aucun,2025-11-07,non
CL106171,Simon,Sofia,sofia.simon6171@example.com,0614820178,1975-03-08,Lille,aucun,2025-11-02,oui
CL106172,Moreau,Amira,amira.moreau6172@example.com,0665934405,1964-08-13,Nantes,entreprise,2026-09-09,oui
CL106173,Dubois,Jade,jade.dubois6173@example.com,0610490639,1995-05-27,Nantes,aucun,2025-10-14,non
CL106174,Girard,Lea,lea.girard6174@example.com,0611458404,1972-04-07,Lille,mensuel,2026-05-08,
CL106175,Moreau,Karim,karim.moreau6175@example.com,0672649685,1961-04-07,Lille,mensuel,2025-12-08,non
CL106176,Girard,Rayan,rayan.girard6176@example.com,0640455216,1965-03-21,Grenoble,mensuel,2026-10-20,non
CL106177,Laurent,Amira,amira.laurent6177@example.com,0611522156,2000-12-31,Lille,etudiant,2025-04-29,oui
CL106178,Moreau,Hugo,hugo.moreau6178@example.com,0656560810,2001-03-08,Lyon,aucun,2026-09-26,non
CL106179,Fournier,Camille,camille.fournier6179@example.com,0692783776,1989-12-05,Nantes,annuel,2026-04-27,oui
CL106180,Durand,Yanis,yanis.durand6180@example.com,0652546855,1997-01-30,Lille,annuel,2026-10-14,non
CL106181,Girard,Amira,amira.girard6181@example.com,0657418306,1996-09-10,Lyon,etudiant,2026-04-06,non
CL106182,Simon,Gabriel,gabriel.simon6182@example.com,0622935185,1983-12-14,Lyon,annuel,2025-04-28,oui
CL106183,Simon,Karim,karim.simon6183@example.com,0659101011,1960-06-11,Lyon,etudiant,2026-06-30,oui
CL106184,Robert,Jade,jade.robert6184@example.com,0620179661,1999-01-10,Nantes,etudiant,2025-07-19,
CL106185,Nguyen,Lea,lea.nguyen6185@example.com,0610618387,2003-09-26,Lille,aucun,2026-06-14,non
CL106186,Dubois,Adam,adam.dubois6186@example.com,0637902241,1973-06-26,Lille,aucun,2026-07-17,
CL106187,Petit,Karim,karim.petit6187@example.com,0659291045,1978-09-12,Grenoble,mensuel,2025-06-23,oui
CL106188,Martin,Manon,manon.martin6188@example.com,0684109876,1978-01-23,Lille,aucun,2025-12-28,non
CL106189,Simon,Rayan,rayan.simon6189@example.com,0632359411,2000-10-10,Nantes,aucun,2025-12-31,oui
CL106190,Laurent,Mehdi,mehdi.laurent6190@example.com,0651346921,1986-07-11,Lille,annuel,2025-11-11,non
CL106191,Moreau,Camille,camille.moreau6191@example.com,0683947363,2001-12-27,Lille,annuel,2025-03-10,non
CL106192,Michel,Gabriel,gabriel.michel6192@example.com,0623828756,1986-09-08,Lyon,aucun,2026-04-22,
CL106193,Nguyen,Rayan,rayan.nguyen6193@example.com,0673631569,1969-05-22,Lyon,aucun,2025-05-06,
CL106194,Benali,Mehdi,mehdi.benali6194@example.com,0695709327,1966-08-21,Lyon,aucun,2026-08-08,oui
CL106195,Simon,Camille,camille.simon6195@example.com,0637933131,1994-12-19,Lyon,aucun,2026-09-08,non
CL106196,Roux,Manon,manon.roux6196@example.com,0660719616,1992-01-05,Lyon,aucun,2026-07-13,
CL106197,Petit,Lea,lea.petit6197@example.com,0675599136,1995-02-01,Lille,etudiant,2026-09-07,
CL106198,Dubois,Mehdi,mehdi.dubois6198@example.com,0677403862,1965-11-23,Lyon,annuel,2025-11-18,
CL106199,Nguyen,Jade,jade.nguyen6199@example.com,0689022040,1992-07-20,Lyon,aucun,2026-01-30,
CL106200,Durand,Adam,adam.durand6200@example.com,0696367824,1996-08-06,Lyon,annuel,2026-03-12,oui
CL106201,Petit,Gabriel,gabriel.petit6201@example.com,0681354942,1979-09-17,Lyon,annuel,2025-11-10,non
CL106202,Roux,Noah,noah.roux6202@example.com,0649528708,1971-08-25,Grenoble,annuel,2025-10-16,oui
CL106203,Simon,Manon,manon.simon6203@example.com,0649490110,1974-12-28,Lille,etudiant,2026-05-24,oui
CL106204,Durand,Chloe,chloe.durand6204@example.com,0620732899,1990-04-08,Nantes,etudiant,2026-01-09,non
CL106205,Durand,Yanis,yanis.durand6205@example.com,0619353007,1981-10-29,Lyon,mensuel,2025-10-13,
CL106206,Michel,Jade,jade.michel6206@example.com,0667321139,1998-10-09,Lille,mensuel,2026-09-15,
CL106207,Robert,Jade,jade.robert6207@example.com,0652924639,1960-06-14,Grenoble,mensuel,2026-03-01,
CL106208,Simon,Lea,lea.simon6208@example.com,0697702981,1966-10-14,Lyon,mensuel,2026-04-08,
CL106209,Simon,Jade,jade.simon6209@example.com,0684138605,1966-04-05,Lyon,aucun,2026-07-26,non
CL106210,Durand,Camille,camille.durand6210@example.com,0641256078,1982-06-07,Lyon,etudiant,2025-10-12,non
CL106211,Benali,Gabriel,gabriel.benali6211@example.com,0664844788,1997-02-03,Lille,aucun,2026-04-20,non
CL106212,Nguyen,Louise,louise.nguyen6212@example.com,0653162424,1982-02-08,Nantes,aucun,2026-03-04,
CL106213,Garcia,Noah,noah.garcia6213@example.com,0649443857,2001-02-19,Lille,aucun,2026-09-27,
CL106214,Girard,Hugo,hugo.girard6214@example.com,0629091809,1967-09-05,Lille,annuel,2025-06-12,
CL106215,Petit,Chloe,chloe.petit6215@example.com,0649675797,2000-09-30,Grenoble,mensuel,2026-01-08,oui
CL106216,Durand,Manon,manon.durand6216@example.com,0685513758,1980-05-15,Lille,aucun,2025-08-13,oui
CL106217,Durand,Amira,amira.durand6217@example.com,0622145091,1993-11-27,Lyon,annuel,2026-08-27,
CL106218,Dubois,Gabriel,gabriel.dubois6218@example.com,0690259710,1972-09-13,Lille,entreprise,2025-05-04,non
CL106219,Garcia,Mehdi,mehdi.garcia6219@example.com,0661945652,1967-11-21,Lyon,entreprise,2026-01-04,
CL106220,Michel,Lea,lea.michel6220@example.com,0646826474,1974-10-08,Lyon,mensuel,2026-02-15,non
CL106221,Bernard,Sofia,sofia.bernard6221@example.com,0644885105,1988-02-05,Lille,aucun,2025-07-12,non
CL106222,Laurent,Rayan,rayan.laurent6222@example.com,0699040735,1969-02-03,Lyon,aucun,2025-08-25,oui
CL106223,Nguyen,Gabriel,gabriel.nguyen6223@example.com,0681803005,1984-08-13,Lille,etudiant,2025-07-05,oui
CL106224,Durand,Ilyes,ilyes.durand6224@example.com,0697345451,1976-11-17,Lille,mensuel,2025-07-21,non
CL106225,Simon,Jade,jade.simon6225@example.com,0616968434,1993-08-05,Nantes,aucun,2026-03-31,
CL106226,Laurent,Noah,noah.laurent6226@example.com,0654394855,1991-06-08,Lille,annuel,2026-06-11,non
CL106227,Petit,Louise,louise.petit6227@example.com,0665110243,1964-01-27,Lyon,mensuel,2025-03-23,oui
CL106228,Nguyen,Rayan,rayan.nguyen6228@example.com,0679661858,1960-01-29,Lyon,aucun,2025-11-29,non
CL106229,Laurent,Noah,noah.laurent6229@example.com,0660277228,1985-06-20,Grenoble,mensuel,2026-03-05,
CL106230,Dubois,Karim,karim.dubois6230@example.com,0634043777,1987-09-26,Lyon,aucun,2026-04-06,non
CL106231,Michel,Camille,camille.michel6231@example.com,0610109503,1986-09-25,Lyon,aucun,2026-07-26,non
CL106232,Michel,Amira,amira.michel6232@example.com,0653376668,1964-09-27,Nantes,annuel,2025-11-30,non
CL106233,Bernard,Karim,karim.bernard6233@example.com,0649982433,1960-08-28,Lyon,mensuel,2026-06-27,
CL106234,Laurent,Karim,karim.laurent6234@example.com,0648038241,1970-11-27,Lille,aucun,2025-05-05,
CL106235,Fournier,Chloe,chloe.fournier6235@example.com,0676271957,1970-09-20,Lyon,aucun,2025-08-09,non
CL106236,Martin,Camille,camille.martin6236@example.com,0619065919,1985-10-21,Grenoble,aucun,2025-12-08,non
CL106237,Benali,Ines,ines.benali6237@example.com,0678871475,2003-09-17,Lyon,annuel,2026-07-20,
CL106238,Girard,Noah,noah.girard6238@example.com,0636304107,2002-03-03,Grenoble,aucun,2026-03-25,oui
CL106239,Durand,Louise,louise.durand6239@example.com,0671217315,1960-01-06,Lille,etudiant,2026-05-30,oui
CL106240,Roux,Sofia,sofia.roux6240@example.com,0621872893,1973-11-09,Lyon,aucun,2025-07-21,non
CL106241,Robert,Sofia,sofia.robert6241@example.com,0659050192,1996-03-17,Lyon,aucun,2025-04-17,oui
CL106242,Petit,Amira,amira.petit6242@example.com,0663740983,1986-12-12,Lyon,aucun,2025-12-28,oui
CL106243,Garcia,Noah,noah.garcia6243@example.com,0612880223,1992-02-18,Nantes,aucun,2026-08-16,
CL106244,Bernard,Amira,amira.bernard6244@example.com,0632451187,2001-06-11,Grenoble,aucun,2025-09-24,
CL106245,Michel,Camille,camille.michel6245@example.com,0658424958,1972-09-19,Grenoble,annuel,2025-08-05,oui
CL106246,Robert,Sofia,sofia.robert6246@example.com,0661879679,1983-06-27,Nantes,aucun,2025-04-13,
CL106247,Fournier,Camille,camille.fournier6247@example.com,0655326404,1996-10-03,Grenoble,aucun,2026-07-21,non
CL106248,Martin,Louise,louise.martin6248@example.com,0665894400,1983-08-21,Lille,etudiant,2026-01-10,oui
CL106249,Girard,Camille,camille.girard6249@example.com,0613001355,1967-08-10,Lyon,aucun,2026-07-21,non
CL106250,Benali,Adam,adam.benali6250@example.com,0693919477,1995-11-06,Lille,aucun,2025-09-13,
CL106251,Roux,Ines,ines.roux6251@example.com,0661878122,1961-12-23,Lyon,mensuel,2026-09-03,
CL106252,Roux,Amira,amira.roux6252@example.com,0653053881,1987-08-30,Lyon,entreprise,2025-08-23,non
CL106253,Simon,Mehdi,mehdi.simon6253@example.com,0682486802,1971-02-20,Nantes,mensuel,2026-01-09,
CL106254,Laurent,Yanis,yanis.laurent6254@example.com,0698270401,1986-11-27,Nantes,entreprise,2025-03-04,
CL106255,Fournier,Hugo,hugo.fournier6255@example.com,0665067022,1982-04-25,Lille,mensuel,2026-07-08,oui
CL106256,Nguyen,Hugo,hugo.nguyen6256@example.com,0673717239,1962-03-14,Lille,aucun,2026-05-28,non
CL106257,Roux,Amira,amira.roux6257@example.com,0699720757,1967-03-10,Nantes,mensuel,2026-09-12,non
CL106258,Girard,Louise,louise.girard6258@example.com,0655770614,1995-11-22,Lyon,annuel,2025-04-02,non
CL106259,Laurent,Gabriel,gabriel.laurent6259@example.com,0683683960,2001-05-06,Lyon,aucun,2025-08-11,non
CL106260,Simon,Rayan,rayan.simon6260@example.com,0665472674,1965-05-22,Nantes,aucun,2025-07-14,
CL106261,Moreau,Hugo,hugo.moreau6261@example.com,0695950226,1977-03-19,Lyon,aucun,2026-02-09,non
CL106262,Robert,Amira,amira.robert6262@example.com,0673934456,1982-04-17,Grenoble,mensuel,2025-09-26,oui
CL106263,Robert,Hugo,hugo.robert6263@example.com,0648902679,1996-07-01,Lyon,aucun,2026-09-28,non
CL106264,Robert,Adam,adam.robert6264@example.com,0625600072,1990-01-25,Lille,aucun,2026-06-29,oui
CL106265,Durand,Adam,adam.durand6265@example.com,0654667678,1965-08-08,Nantes,aucun,2026-09-24,non
CL106266,Dubois,Sofia,sofia.dubois6266@example.com,0656050620,1983-11-26,Lille,mensuel,2025-09-13,
CL106267,Durand,Gabriel,gabriel.durand6267@example.com,0618922815,1974-12-05,Lyon,aucun,2025-09-22,oui
CL106268,Nguyen,Noah,noah.nguyen6268@example.com,0623086262,1988-01-17,Nantes,aucun,2025-07-17,
CL106269,Robert,Amira,amira.robert6269@example.com,0639978723,1982-11-07,Nantes,aucun,2026-08-31,non
CL106270,Martin,Louise,louise.martin6270@example.com,0615900441,2002-05-26,Lyon,mensuel,2026-05-19,oui
CL106271,Martin,Adam,adam.martin6271@example.com,0637832487,1966-09-28,Nantes,aucun,2026-02-21,non
CL106272,Nguyen,Amira,amira.nguyen6272@example.com,0667964610,1966-05-05,Nantes,mensuel,2025-05-08,
CL106273,Dubois,Amira,amira.dubois6273@example.com,0663805106,1985-08-07,Lille,mensuel,2025-07-13,oui
CL106274,Michel,Yanis,yanis.michel6274@example.com,0617951724,1974-07-17,Lyon,aucun,2026-08-06,non
CL106275,Laurent,Ilyes,ilyes.laurent6275@example.com,0659081635,1992-10-17,Lyon,etudiant,2026-09-17,non
CL106276,Martin,Louise,louise.martin6276@example.com,0625917088,1995-04-21,Grenoble,aucun,2025-07-09,non
CL106277,Robert,Hugo,hugo.robert6277@example.com,0685262300,1965-10-10,Nantes,annuel,2026-06-26,
CL106278,Benali,Jade,jade.benali6278@example.com,0684381086,1991-02-23,Lyon,aucun,2026-02-09,oui
CL106279,Martin,Noah,noah.martin6279@example.com,0690919301,1960-07-09,Nantes,etudiant,2026-06-06,non
CL106280,Roux,Lea,lea.roux6280@example.com,0677897850,1994-10-14,Lille,annuel,2025-10-03,
CL106281,Dubois,Adam,adam.dubois6281@example.com,0698040526,1965-11-02,Lille,aucun,2025-12-15,
CL106282,Roux,Noah,noah.roux6282@example.com,0633451689,1980-07-15,Lille,mensuel,2025-09-07,non
CL106283,Moreau,Lea,lea.moreau6283@example.com,0647481563,1999-12-22,Lyon,etudiant,2026-08-07,oui
CL106284,Laurent,Ilyes,ilyes.laurent6284@example.com,0622992138,1970-03-13,Lille,mensuel,2025-09-03,
CL106285,Nguyen,Hugo,hugo.nguyen6285@example.com,0697799157,1980-08-08,Lyon,aucun,2025-08-09,oui
CL106286,Martin,Lea,lea.martin6286@example.com,0642663236,1982-12-08,Lyon,aucun,2025-12-12,oui
CL106287,Garcia,Amira,amira.garcia6287@example.com,0640136582,1966-09-10,Lyon,annuel,2026-06-29,
CL106288,Nguyen,Manon,manon.nguyen6288@example.com,0642824862,1988-06-25,Grenoble,annuel,2025-09-14,non
CL106289,Petit,Ilyes,ilyes.petit6289@example.com,0669272365,1969-04-18,Lyon,aucun,2026-08-24,
CL106290,Girard,Jade,jade.girard6290@example.com,0631268545,1982-06-19,Nantes,aucun,2025-09-23,
CL106291,Moreau,Rayan,rayan.moreau6291@example.com,0633595225,1990-06-03,Nantes,mensuel,2025-03-29,
CL106292,Girard,Sofia,sofia.girard6292@example.com,0673853849,1983-06-06,Nantes,aucun,2025-05-19,oui
CL106293,Laurent,Louise,louise.laurent6293@example.com,0671271893,1997-06-14,Lyon,etudiant,2025-04-17,
CL106294,Garcia,Ines,ines.garcia6294@example.com,0632392358,1997-02-02,Grenoble,annuel,2026-09-14,non
CL106295,Martin,Rayan,rayan.martin6295@example.com,0620721253,1999-03-13,Lille,mensuel,2025-03-10,
CL106296,Laurent,Amira,amira.laurent6296@example.com,0621927378,2000-05-05,Nantes,aucun,2025-06-12,oui
CL106297,Garcia,Mehdi,mehdi.garcia6297@example.com,0674720991,1971-02-16,Nantes,annuel,2025-04-06,non
CL106298,Fournier,Chloe,chloe.fournier6298@example.com,0696586343,1974-07-28,Nantes,mensuel,2025-12-19,oui
CL106299,Michel,Jade,jade.michel6299@example.com,0669310303,1968-10-29,Lyon,aucun,2025-05-24,oui
CL106300,Robert,Adam,adam.robert6300@example.com,0699838699,1968-01-01,Nantes,entreprise,2025-10-24,oui
CL106301,Moreau,Manon,manon.moreau6301@example.com,0656311379,1964-09-14,Lyon,mensuel,2025-07-24,
CL106302,Nguyen,Karim,karim.nguyen6302@example.com,0661571951,1961-01-13,Lyon,aucun,2025-06-26,non
CL106303,Benali,Sofia,sofia.benali6303@example.com,0657821122,1969-07-13,Nantes,aucun,2025-03-19,oui
CL106304,Dubois,Chloe,chloe.dubois6304@example.com,0691440055,1981-10-28,Lille,mensuel,2026-05-09,oui
CL106305,Roux,Sofia,sofia.roux6305@example.com,0652603241,1979-11-07,Grenoble,aucun,2026-04-14,
CL106306,Simon,Noah,noah.simon6306@example.com,0648485919,1988-10-08,Grenoble,mensuel,2025-04-15,oui
CL106307,Roux,Hugo,hugo.roux6307@example.com,0692522045,1997-08-22,Lyon,etudiant,2025-06-04,oui
CL106308,Girard,Lea,lea.girard6308@example.com,0665535166,2000-09-10,Nantes,entreprise,2026-02-14,non
CL106309,Benali,Karim,karim.benali6309@example.com,0693071598,1995-11-25,Nantes,mensuel,2026-02-13,
CL106310,Michel,Noah,noah.michel6310@example.com,0618506031,1962-03-14,Nantes,aucun,2026-03-24,
CL106311,Michel,Jade,jade.michel6311@example.com,0675594128,1960-10-02,Grenoble,etudiant,2026-07-27,oui
CL106312,Garcia,Camille,camille.garcia6312@example.com,0658150826,1970-03-13,Nantes,mensuel,2025-08-13,
CL106313,Petit,Adam,adam.petit6313@example.com,0635070153,1998-05-22,Lyon,mensuel,2026-05-30,oui
CL106314,Benali,Gabriel,gabriel.benali6314@example.com,0632387685,1981-09-22,Lille,mensuel,2026-07-01,oui
CL106315,Michel,Camille,camille.michel6315@example.com,0612893862,1971-09-01,Nantes,aucun,2026-09-18,non
CL106316,Michel,Amira,amira.michel6316@example.com,0625154342,1964-04-05,Lyon,aucun,2026-07-08,non
CL106317,Dubois,Hugo,hugo.dubois6317@example.com,0654124529,1984-02-06,Lille,aucun,2025-08-11,non
CL106318,Michel,Noah,noah.michel6318@example.com,0646190066,2000-07-21,Nantes,aucun,2026-05-11,
CL106319,Bernard,Yanis,yanis.bernard6319@example.com,0676743820,1980-05-24,Lyon,aucun,2026-07-21,oui
CL106320,Laurent,Chloe,chloe.laurent6320@example.com,0674549770,1977-09-06,Lyon,mensuel,2025-03-07,
CL106321,Moreau,Jade,jade.moreau6321@example.com,0648124745,1992-05-01,Lyon,aucun,2026-02-05,
CL106322,Garcia,Rayan,rayan.garcia6322@example.com,0687726846,1977-06-03,Lille,aucun,2026-02-14,oui
CL106323,Benali,Chloe,chloe.benali6323@example.com,0685711147,1980-06-29,Lyon,annuel,2025-09-12,
CL106324,Roux,Rayan,rayan.roux6324@example.com,0649961307,1964-07-01,Grenoble,mensuel,2026-01-14,non
CL106325,Girard,Gabriel,gabriel.girard6325@example.com,0629139371,1976-08-25,Nantes,mensuel,2025-06-25,oui
CL106326,Petit,Sofia,sofia.petit6326@example.com,0633492466,1962-02-02,Lyon,mensuel,2026-07-29,
CL106327,Simon,Gabriel,gabriel.simon6327@example.com,0644052581,1985-12-18,Lyon,aucun,2026-04-23,non
CL106328,Roux,Camille,camille.roux6328@example.com,0687176914,1978-01-26,Grenoble,aucun,2026-09-21,
CL106329,Girard,Yanis,yanis.girard6329@example.com,0683308471,1997-10-11,Lyon,annuel,2025-03-21,
CL106330,Robert,Mehdi,mehdi.robert6330@example.com,0664282627,2001-03-29,Nantes,mensuel,2025-12-16,oui
CL106331,Roux,Manon,manon.roux6331@example.com,0610192940,1992-04-02,Grenoble,mensuel,2025-10-31,
CL106332,Laurent,Manon,manon.laurent6332@example.com,0689243312,1980-01-27,Nantes,mensuel,2025-08-02,
CL106333,Fournier,Ilyes,ilyes.fournier6333@example.com,0668733985,1984-08-03,Lyon,etudiant,2026-03-18,oui
CL106334,Moreau,Noah,noah.moreau6334@example.com,0617734067,1993-03-26,Lille,aucun,2025-05-07,
CL106335,Simon,Mehdi,mehdi.simon6335@example.com,0665741782,1971-11-07,Lille,mensuel,2025-09-15,non
CL106336,Laurent,Mehdi,mehdi.laurent6336@example.com,0661599783,1983-04-23,Nantes,annuel,2025-09-27,
CL106337,Bernard,Sofia,sofia.bernard6337@example.com,0638741590,1998-08-25,Grenoble,annuel,2026-03-05,oui
CL106338,Benali,Mehdi,mehdi.benali6338@example.com,0697131824,1963-05-02,Lyon,mensuel,2025-04-07,non
CL106339,Benali,Ilyes,ilyes.benali6339@example.com,0652481347,1979-10-28,Lyon,mensuel,2025-12-16,oui
CL106340,Michel,Mehdi,mehdi.michel6340@example.com,0638916786,1961-11-26,Grenoble,mensuel,2026-02-23,non
CL106341,Moreau,Camille,camille.moreau6341@example.com,0675564741,1968-05-31,Lyon,annuel,2026-05-12,non
CL106342,Moreau,Chloe,chloe.moreau6342@example.com,0663328644,1998-10-17,Lille,entreprise,2026-03-21,oui
CL106343,Girard,Rayan,rayan.girard6343@example.com,0697156992,1973-04-24,Lille,annuel,2025-08-24,
CL106344,Laurent,Adam,adam.laurent6344@example.com,0695323481,1962-06-15,Lille,mensuel,2026-07-21,non
CL106345,Moreau,Louise,louise.moreau6345@example.com,0647504267,1990-07-25,Grenoble,etudiant,2026-08-06,non
CL106346,Dubois,Karim,karim.dubois6346@example.com,0658407812,1998-02-17,Lyon,aucun,2025-04-26,oui
CL106347,Benali,Ilyes,ilyes.benali6347@example.com,0644549235,1962-09-21,Lille,mensuel,2026-07-25,
CL106348,Bernard,Gabriel,gabriel.bernard6348@example.com,0681728597,1972-09-01,Lille,mensuel,2026-09-04,oui
CL106349,Nguyen,Amira,amira.nguyen6349@example.com,0641536799,1984-03-12,Nantes,aucun,2026-06-27,non
CL106350,Fournier,Ines,ines.fournier6350@example.com,0697377512,1983-03-03,Lyon,aucun,2025-08-05,non
CL106351,Bernard,Ines,ines.bernard6351@example.com,0675627658,1961-01-10,Lyon,annuel,2026-06-30,
CL106352,Nguyen,Yanis,yanis.nguyen6352@example.com,0627805618,1996-08-03,Lille,aucun,2026-08-29,oui
CL106353,Nguyen,Chloe,chloe.nguyen6353@example.com,0690816988,1996-06-24,Nantes,aucun,2026-08-28,oui
CL106354,Roux,Mehdi,mehdi.roux6354@example.com,0661099441,1974-11-17,Lille,mensuel,2025-12-03,oui
CL106355,Benali,Ilyes,ilyes.benali6355@example.com,0654894578,1985-09-25,Nantes,mensuel,2026-10-16,
CL106356,Garcia,Adam,adam.garcia6356@example.com,0648668300,1965-01-27,Lille,mensuel,2026-02-05,
CL106357,Moreau,Amira,amira.moreau6357@example.com,0616599469,1992-02-27,Nantes,mensuel,2025-09-09,non
CL106358,Benali,Manon,manon.benali6358@example.com,0670482219,1994-12-17,Lyon,aucun,2025-04-19,oui
CL106359,Robert,Rayan,rayan.robert6359@example.com,0675118695,1993-03-06,Lyon,annuel,2025-03-04,oui
CL106360,Petit,Karim,karim.petit6360@example.com,0680285927,1967-04-10,Lyon,etudiant,2025-11-14,non
CL106361,Bernard,Amira,amira.bernard6361@example.com,0699893939,1996-12-18,Grenoble,aucun,2025-04-02,oui
CL106362,Michel,Adam,adam.michel6362@example.com,0632948499,1998-06-10,Grenoble,annuel,2026-09-24,
CL106363,Durand,Camille,camille.durand6363@example.com,0643629061,1992-09-24,Lyon,aucun,2026-01-18,
CL106364,Fournier,Sofia,sofia.fournier6364@example.com,0665653239,1971-11-20,Lyon,aucun,2025-12-06,oui
CL106365,Roux,Karim,karim.roux6365@example.com,0614097210,1963-12-28,Lille,aucun,2025-09-02,oui
CL106366,Laurent,Louise,louise.laurent6366@example.com,0635026521,1997-06-20,Nantes,mensuel,2025-04-12,non
CL106367,Simon,Karim,karim.simon6367@example.com,0697867748,1979-07-15,Grenoble,etudiant,2026-06-08,non
CL106368,Dubois,Noah,noah.dubois6368@example.com,0641030432,1994-01-30,Lyon,annuel,2026-07-25,oui
CL106369,Robert,Adam,adam.robert6369@example.com,0696957055,1984-04-05,Lyon,aucun,2025-08-05,
CL106370,Michel,Louise,louise.michel6370@example.com,0697130601,1972-03-17,Lille,annuel,2026-07-14,
CL106371,Roux,Jade,jade.roux6371@example.com,0616739913,2002-02-19,Nantes,aucun,2026-01-19,
CL106372,Bernard,Hugo,hugo.bernard6372@example.com,0663023992,1991-03-17,Grenoble,etudiant,2026-01-01,non
CL106373,Michel,Manon,manon.michel6373@example.com,0693853313,2003-04-28,Grenoble,etudiant,2025-10-13,oui
CL106374,Robert,Jade,jade.robert6374@example.com,0699551084,1992-09-11,Lyon,annuel,2025-06-18,
CL106375,Durand,Rayan,rayan.durand6375@example.com,0628117680,1997-09-25,Lyon,aucun,2026-01-07,
CL106376,Moreau,Amira,amira.moreau6376@example.com,0656990350,1977-05-11,Grenoble,aucun,2025-03-29,oui
CL106377,Roux,Camille,camille.roux6377@example.com,0611139236,1993-12-11,Nantes,aucun,2026-05-30,oui
CL106378,Durand,Louise,louise.durand6378@example.com,0676920778,1973-05-29,Lille,etudiant,2025-05-31,
CL106379,Roux,Noah,noah.roux6379@example.com,0646919368,1970-06-09,Grenoble,aucun,2025-08-27,oui
CL106380,Bernard,Sofia,sofia.bernard6380@example.com,0688439031,1965-02-02,Nantes,aucun,2025-04-05,oui
CL106381,Nguyen,Ilyes,ilyes.nguyen6381@example.com,0660446800,1982-11-26,Lyon,etudiant,2025-09-21,oui
CL106382,Nguyen,Adam,adam.nguyen6382@example.com,0639675406,1961-05-22,Lyon,mensuel,2026-08-12,
CL106383,Girard,Louise,louise.girard6383@example.com,0693744532,1960-04-20,Lyon,entreprise,2026-07-10,
CL106384,Dubois,Lea,lea.dubois6384@example.com,0668901947,1963-08-15,Lyon,aucun,2025-12-02,oui
CL106385,Laurent,Noah,noah.laurent6385@example.com,0696275827,1985-09-04,Nantes,annuel,2025-06-06,
CL106386,Durand,Hugo,hugo.durand6386@example.com,0650387020,1994-08-12,Lyon,mensuel,2026-06-02,
CL106387,Roux,Sofia,sofia.roux6387@example.com,0657127210,1968-01-22,Nantes,etudiant,2026-05-25,oui
CL106388,Martin,Lea,lea.martin6388@example.com,0679524277,1968-10-23,Nantes,entreprise,2026-08-14,non
CL106389,Petit,Ines,ines.petit6389@example.com,0694446274,2001-06-26,Lyon,aucun,2025-03-31,
CL106390,Dubois,Adam,adam.dubois6390@example.com,0647071516,1965-04-18,Lyon,mensuel,2025-11-18,
CL106391,Martin,Mehdi,mehdi.martin6391@example.com,0626701792,1960-09-10,Lyon,etudiant,2025-09-14,oui
CL106392,Petit,Louise,louise.petit6392@example.com,0687496182,1962-11-07,Lyon,annuel,2026-01-03,
CL106393,Durand,Adam,adam.durand6393@example.com,0646713021,1996-07-28,Nantes,aucun,2026-01-18,non
CL106394,Martin,Gabriel,gabriel.martin6394@example.com,0687657158,1987-09-09,Lyon,mensuel,2026-08-04,
CL106395,Petit,Gabriel,gabriel.petit6395@example.com,0672670083,1993-09-06,Grenoble,annuel,2026-05-22,oui
CL106396,Fournier,Manon,manon.fournier6396@example.com,0625756546,1966-01-30,Lyon,aucun,2025-10-29,oui
CL106397,Girard,Lea,lea.girard6397@example.com,0673528787,1997-12-10,Grenoble,aucun,2025-06-23,
CL106398,Robert,Amira,amira.robert6398@example.com,0615983090,1994-07-22,Lille,entreprise,2026-10-18,non
CL106399,Girard,Camille,camille.girard6399@example.com,0661799094,1978-02-12,Lyon,annuel,2025-09-20,non
CL106400,Petit,Yanis,yanis.petit6400@example.com,0628542692,1977-11-18,Lyon,etudiant,2026-09-06,oui
CL106401,Petit,Noah,noah.petit6401@example.com,0679369257,1971-10-01,Lille,aucun,2025-06-27,
CL106402,Nguyen,Jade,jade.nguyen6402@example.com,0620804542,1989-10-31,Lyon,aucun,2025-03-04,non
CL106403,Fournier,Chloe,chloe.fournier6403@example.com,0689012150,1980-12-08,Lyon,etudiant,2026-08-04,non
CL106404,Nguyen,Camille,camille.nguyen6404@example.com,0627228917,1966-08-18,Lyon,aucun,2025-12-14,non
CL106405,Fournier,Louise,louise.fournier6405@example.com,0622862558,1971-03-18,Grenoble,mensuel,2025-08-07,
CL106406,Martin,Lea,lea.martin6406@example.com,0643203784,1972-07-16,Lille,mensuel,2025-08-05,non
CL106407,Martin,Yanis,yanis.martin6407@example.com,0637205363,1983-08-31,Grenoble,etudiant,2026-07-02,
CL106408,Martin,Jade,jade.martin6408@example.com,0667321674,1978-03-25,Nantes,etudiant,2026-07-20,oui
CL106409,Nguyen,Ines,ines.nguyen6409@example.com,0643666945,1974-12-15,Lille,etudiant,2026-07-31,non
CL106410,Martin,Sofia,sofia.martin6410@example.com,0654162308,1962-01-19,Lille,annuel,2025-09-18,non
CL106411,Michel,Yanis,yanis.michel6411@example.com,0681182941,1991-06-21,Grenoble,annuel,2025-03-03,non
CL106412,Bernard,Adam,adam.bernard6412@example.com,0635845228,1961-08-19,Grenoble,aucun,2026-05-22,non
CL106413,Dubois,Rayan,rayan.dubois6413@example.com,0686608880,1997-05-03,Lyon,mensuel,2025-11-27,non
CL106414,Simon,Rayan,rayan.simon6414@example.com,0628327742,1980-02-22,Lyon,aucun,2026-07-08,non
CL106415,Durand,Louise,louise.durand6415@example.com,0679918414,1960-10-11,Grenoble,aucun,2026-01-10,oui
CL106416,Benali,Lea,lea.benali6416@example.com,0643120079,1969-01-18,Lyon,mensuel,2025-09-02,
CL106417,Dubois,Mehdi,mehdi.dubois6417@example.com,0650057105,1968-06-22,Grenoble,aucun,2025-09-25,
CL106418,Roux,Rayan,rayan.roux6418@example.com,0637369584,1963-01-10,Lyon,aucun,2026-03-19,
CL106419,Michel,Sofia,sofia.michel6419@example.com,0692939257,2001-07-17,Lyon,aucun,2026-05-26,oui
CL106420,Martin,Manon,manon.martin6420@example.com,0645968364,1975-10-28,Lille,etudiant,2026-06-20,
CL106421,Fournier,Noah,noah.fournier6421@example.com,0685242373,1981-10-01,Lille,annuel,2026-09-22,oui
CL106422,Fournier,Manon,manon.fournier6422@example.com,0661204430,1965-02-05,Nantes,annuel,2025-08-28,oui
CL106423,Moreau,Camille,camille.moreau6423@example.com,0629890047,1961-04-28,Lyon,aucun,2025-05-22,non
CL106424,Michel,Manon,manon.michel6424@example.com,0627032298,1991-10-31,Lille,mensuel,2025-03-11,
CL106425,Dubois,Sofia,sofia.dubois6425@example.com,0623568931,1962-02-09,Nantes,annuel,2025-04-02,non
CL106426,Laurent,Amira,amira.laurent6426@example.com,0661447374,1981-03-28,Lille,aucun,2025-04-02,non
CL106427,Laurent,Ines,ines.laurent6427@example.com,0617255433,1974-07-08,Grenoble,aucun,2026-03-24,oui
CL106428,Dubois,Jade,jade.dubois6428@example.com,0620374945,1991-06-02,Nantes,mensuel,2026-02-25,oui
CL106429,Simon,Sofia,sofia.simon6429@example.com,0669859599,1964-05-12,Grenoble,mensuel,2025-03-18,oui
CL106430,Dubois,Sofia,sofia.dubois6430@example.com,0631669458,1960-02-02,Lyon,annuel,2025-10-02,
CL106431,Simon,Mehdi,mehdi.simon6431@example.com,0616170402,2000-04-12,Grenoble,aucun,2025-03-24,
CL106432,Moreau,Camille,camille.moreau6432@example.com,0627162591,1976-06-20,Lille,entreprise,2025-12-29,
CL106433,Moreau,Sofia,sofia.moreau6433@example.com,0624335831,1979-03-28,Nantes,mensuel,2026-06-15,oui
CL106434,Durand,Rayan,rayan.durand6434@example.com,0674162991,2003-05-27,Nantes,mensuel,2025-07-01,non
CL106435,Michel,Hugo,hugo.michel6435@example.com,0674450665,1997-12-30,Lyon,annuel,2026-03-05,oui
CL106436,Robert,Rayan,rayan.robert6436@example.com,0669760371,1976-12-29,Grenoble,aucun,2026-09-24,non
CL106437,Girard,Adam,adam.girard6437@example.com,0677345840,1960-09-07,Nantes,aucun,2025-07-10,oui
CL106438,Benali,Manon,manon.benali6438@example.com,0625861885,1989-03-21,Lyon,mensuel,2025-04-08,non
CL106439,Girard,Amira,amira.girard6439@example.com,0614448517,1960-02-28,Grenoble,mensuel,2025-11-23,non
CL106440,Garcia,Louise,louise.garcia6440@example.com,0613770652,1997-11-20,Nantes,etudiant,2026-10-07,
CL106441,Robert,Yanis,yanis.robert6441@example.com,0611680625,1964-01-21,Nantes,aucun,2026-08-16,
CL106442,Dubois,Jade,jade.dubois6442@example.com,0695410584,1967-05-09,Lille,aucun,2026-02-17,non
CL106443,Robert,Hugo,hugo.robert6443@example.com,0665069878,1966-06-28,Lyon,mensuel,2026-02-05,non
CL106444,Roux,Manon,manon.roux6444@example.com,0636016318,1968-12-09,Lille,mensuel,2026-04-21,non
CL106445,Dubois,Louise,louise.dubois6445@example.com,0640998404,1967-04-25,Lille,entreprise,2025-03-09,
CL106446,Girard,Rayan,rayan.girard6446@example.com,0638409048,1969-08-01,Lille,mensuel,2025-06-15,
CL106447,Fournier,Ilyes,ilyes.fournier6447@example.com,0661189071,1977-12-09,Lille,aucun,2025-07-27,
CL106448,Simon,Ines,ines.simon6448@example.com,0670135061,1992-05-26,Grenoble,mensuel,2025-09-16,
CL106449,Bernard,Adam,adam.bernard6449@example.com,0657240601,1976-05-11,Lyon,etudiant,2026-03-07,
CL106450,Garcia,Mehdi,mehdi.garcia6450@example.com,0694970389,1977-10-14,Nantes,annuel,2026-08-11,non
CL106451,Roux,Camille,camille.roux6451@example.com,0646747306,1961-03-26,Lille,aucun,2026-04-09,
CL106452,Robert,Yanis,yanis.robert6452@example.com,0688953542,1996-03-04,Lyon,aucun,2025-10-08,non
CL106453,Laurent,Gabriel,gabriel.laurent6453@example.com,0695977997,1972-07-26,Lyon,mensuel,2026-05-24,
CL106454,Robert,Ilyes,ilyes.robert6454@example.com,0691568212,1970-09-30,Lyon,etudiant,2026-01-29,oui
CL106455,Petit,Gabriel,gabriel.petit6455@example.com,0691681474,1968-03-25,Lyon,aucun,2025-11-07,oui
CL106456,Roux,Chloe,chloe.roux6456@example.com,0676183070,1974-12-06,Nantes,aucun,2026-06-23,non
CL106457,Simon,Rayan,rayan.simon6457@example.com,0667354663,1979-04-23,Lyon,mensuel,2025-09-25,oui
CL106458,Dubois,Jade,jade.dubois6458@example.com,0647393419,1985-04-03,Nantes,mensuel,2025-03-27,non
CL106459,Girard,Noah,noah.girard6459@example.com,0615970490,1993-07-04,Lille,annuel,2025-05-14,oui
CL106460,Garcia,Lea,lea.garcia6460@example.com,0629396499,1996-11-07,Grenoble,etudiant,2026-08-12,non
CL106461,Roux,Manon,manon.roux6461@example.com,0619977590,1972-12-18,Grenoble,aucun,2025-03-27,
CL106462,Laurent,Ilyes,ilyes.laurent6462@example.com,0663245968,1993-07-21,Grenoble,annuel,2026-05-24,
CL106463,Dubois,Chloe,chloe.dubois6463@example.com,0673648913,1967-08-28,Lyon,mensuel,2026-08-22,oui
CL106464,Benali,Camille,camille.benali6464@example.com,0676907712,2002-03-29,Lille,aucun,2025-09-28,
CL106465,Nguyen,Lea,lea.nguyen6465@example.com,0685180851,1965-07-03,Nantes,aucun,2026-10-08,oui
CL106466,Benali,Noah,noah.benali6466@example.com,0699319418,1982-03-01,Grenoble,mensuel,2025-10-16,non
CL106467,Fournier,Chloe,chloe.fournier6467@example.com,0683422689,1980-11-10,Nantes,aucun,2026-09-20,oui
CL106468,Fournier,Ines,ines.fournier6468@example.com,0688776182,1995-03-30,Lyon,etudiant,2025-08-30,non
CL106469,Durand,Manon,manon.durand6469@example.com,0639997369,1980-06-04,Nantes,mensuel,2025-12-04,non
CL106470,Benali,Louise,louise.benali6470@example.com,0669257913,1984-08-25,Lille,mensuel,2026-05-12,
CL106471,Girard,Ilyes,ilyes.girard6471@example.com,0688826025,1995-02-08,Lyon,aucun,2025-03-28,oui
CL106472,Garcia,Adam,adam.garcia6472@example.com,0664988144,2002-11-07,Lille,aucun,2026-02-27,oui
CL106473,Roux,Chloe,chloe.roux6473@example.com,0632484944,1985-03-20,Lyon,mensuel,2025-05-23,oui
CL106474,Michel,Adam,adam.michel6474@example.com,0674886300,1979-09-29,Nantes,annuel,2025-11-16,oui
CL106475,Robert,Louise,louise.robert6475@example.com,0647777962,1972-09-27,Lyon,annuel,2026-01-10,non
CL106476,Nguyen,Ines,ines.nguyen6476@example.com,0686101833,1965-05-27,Nantes,annuel,2025-06-06,
CL106477,Girard,Mehdi,mehdi.girard6477@example.com,0692850249,1990-01-26,Lille,aucun,2025-10-26,oui
CL106478,Simon,Louise,louise.simon6478@example.com,0689671608,1987-08-20,Grenoble,etudiant,2025-11-16,
CL106479,Garcia,Ines,ines.garcia6479@example.com,0633483937,1982-02-28,Grenoble,aucun,2025-05-28,oui
CL106480,Benali,Hugo,hugo.benali6480@example.com,0667494809,1997-03-09,Lille,mensuel,2026-09-02,oui
CL106481,Durand,Louise,louise.durand6481@example.com,0691181326,1991-07-26,Nantes,etudiant,2025-08-16,
CL106482,Girard,Karim,karim.girard6482@example.com,0677225128,1992-07-13,Lyon,annuel,2025-09-22,non
CL106483,Bernard,Ilyes,ilyes.bernard6483@example.com,0630553982,1976-10-11,Lyon,etudiant,2026-01-26,non
CL106484,Petit,Camille,camille.petit6484@example.com,0624357149,1967-06-07,Nantes,aucun,2025-12-23,non
CL106485,Robert,Gabriel,gabriel.robert6485@example.com,0636249593,1996-11-26,Lyon,etudiant,2026-05-08,non
CL106486,Michel,Gabriel,gabriel.michel6486@example.com,0653078366,1993-08-28,Grenoble,aucun,2025-07-09,non
CL106487,Laurent,Hugo,hugo.laurent6487@example.com,0662935376,1971-06-01,Nantes,mensuel,2025-08-23,oui
CL106488,Girard,Gabriel,gabriel.girard6488@example.com,0663152678,1963-12-08,Lille,aucun,2025-10-31,
CL106489,Durand,Yanis,yanis.durand6489@example.com,0667421878,1988-11-14,Lille,aucun,2026-01-17,non
CL106490,Robert,Yanis,yanis.robert6490@example.com,0678128791,1998-12-29,Grenoble,aucun,2025-11-15,oui
CL106491,Fournier,Lea,lea.fournier6491@example.com,0663156141,1962-05-08,Lyon,aucun,2025-04-19,non
CL106492,Michel,Noah,noah.michel6492@example.com,0679636387,1990-10-31,Nantes,annuel,2025-04-29,
CL106493,Simon,Noah,noah.simon6493@example.com,0663521483,1970-06-25,Lyon,aucun,2025-09-12,oui
CL106494,Durand,Adam,adam.durand6494@example.com,0658148448,1992-10-30,Nantes,aucun,2026-07-13,non
CL106495,Moreau,Karim,karim.moreau6495@example.com,0640498581,1999-02-05,Lyon,mensuel,2026-06-15,
CL106496,Durand,Manon,manon.durand6496@example.com,0653173453,1999-09-06,Lyon,aucun,2026-04-25,non
CL106497,Garcia,Louise,louise.garcia6497@example.com,0644190273,1995-12-18,Grenoble,mensuel,2025-04-23,
CL106498,Fournier,Karim,karim.fournier6498@example.com,0679367140,1990-06-09,Nantes,aucun,2025-06-16,
CL106499,Robert,Louise,louise.robert6499@example.com,0682392616,1965-03-25,Grenoble,mensuel,2026-04-20,
CL106500,Moreau,Yanis,yanis.moreau6500@example.com,0675983708,1960-10-24,Lille,etudiant,2026-01-20,
CL106501,Benali,Karim,karim.benali6501@example.com,0682118533,2001-04-13,Lille,entreprise,2026-09-26,oui
CL106502,Simon,Yanis,yanis.simon6502@example.com,0658245368,1991-12-22,Lyon,aucun,2025-12-09,non
CL106503,Dubois,Adam,adam.dubois6503@example.com,0651014337,1972-11-28,Lyon,mensuel,2026-06-24,oui
CL106504,Simon,Gabriel,gabriel.simon6504@example.com,0684243766,1989-09-26,Lille,mensuel,2025-10-14,non
CL106505,Robert,Gabriel,gabriel.robert6505@example.com,0646759614,1985-09-08,Grenoble,aucun,2025-03-09,oui
CL106506,Martin,Ines,ines.martin6506@example.com,0667327355,1975-04-27,Nantes,aucun,2026-03-08,
CL106507,Michel,Louise,louise.michel6507@example.com,0642008525,1978-05-19,Nantes,entreprise,2025-12-11,
CL106508,Benali,Manon,manon.benali6508@example.com,0626875086,1991-12-03,Nantes,aucun,2025-09-13,oui
CL106509,Benali,Manon,manon.benali6509@example.com,0619455812,1973-05-28,Lyon,aucun,2025-09-05,oui
CL106510,Robert,Adam,adam.robert6510@example.com,0683344193,1968-10-04,Lyon,mensuel,2025-06-28,oui
CL106511,Michel,Jade,jade.michel6511@example.com,0698531442,1962-01-01,Grenoble,aucun,2025-08-30,oui
CL106512,Girard,Ilyes,ilyes.girard6512@example.com,0696386314,1977-07-08,Nantes,annuel,2025-11-23,
CL106513,Laurent,Adam,adam.laurent6513@example.com,0655451529,2000-01-06,Nantes,aucun,2025-08-09,oui
CL106514,Roux,Louise,louise.roux6514@example.com,0642182546,1960-07-12,Grenoble,annuel,2026-02-20,
CL106515,Petit,Mehdi,mehdi.petit6515@example.com,0678725892,1993-09-13,Lyon,aucun,2025-11-04,oui
CL106516,Bernard,Adam,adam.bernard6516@example.com,0610244943,1963-12-01,Lyon,entreprise,2026-01-31,
CL106517,Michel,Mehdi,mehdi.michel6517@example.com,0692198833,1999-01-31,Nantes,aucun,2026-03-17,
CL106518,Girard,Chloe,chloe.girard6518@example.com,0625473890,1973-10-27,Lille,aucun,2025-04-21,
CL106519,Fournier,Amira,amira.fournier6519@example.com,0665526011,1978-06-15,Lille,mensuel,2026-04-02,non
CL106520,Benali,Jade,jade.benali6520@example.com,0633125436,1976-12-10,Lyon,etudiant,2026-08-09,
CL106521,Dubois,Camille,camille.dubois6521@example.com,0632267085,1982-03-18,Lille,entreprise,2026-09-09,oui
CL106522,Nguyen,Chloe,chloe.nguyen6522@example.com,0678848131,1990-03-14,Lille,aucun,2026-04-05,oui
CL106523,Durand,Camille,camille.durand6523@example.com,0691803309,1975-08-06,Lyon,aucun,2025-10-24,
CL106524,Garcia,Adam,adam.garcia6524@example.com,0687881204,1991-03-19,Lyon,annuel,2026-09-27,non
CL106525,Robert,Manon,manon.robert6525@example.com,0637634478,1970-05-28,Nantes,mensuel,2026-07-11,non
CL106526,Michel,Louise,louise.michel6526@example.com,0695660016,1996-01-29,Nantes,mensuel,2025-06-18,oui
CL106527,Roux,Mehdi,mehdi.roux6527@example.com,0656079366,1992-04-08,Grenoble,mensuel,2025-07-17,
CL106528,Martin,Hugo,hugo.martin6528@example.com,0695240525,1975-11-05,Grenoble,entreprise,2025-04-19,non
CL106529,Bernard,Amira,amira.bernard6529@example.com,0657435850,1986-03-17,Lyon,entreprise,2026-07-21,oui
CL106530,Dubois,Noah,noah.dubois6530@example.com,0642262870,1968-06-02,Lyon,mensuel,2025-06-20,
CL106531,Fournier,Yanis,yanis.fournier6531@example.com,0652326130,1987-12-15,Lyon,aucun,2025-05-20,oui
CL106532,Nguyen,Yanis,yanis.nguyen6532@example.com,0689783091,1997-12-12,Lille,mensuel,2025-08-12,oui
CL106533,Michel,Chloe,chloe.michel6533@example.com,0685976172,1967-05-19,Lyon,annuel,2025-08-28,non
CL106534,Girard,Lea,lea.girard6534@example.com,0675261602,1967-04-10,Grenoble,mensuel,2026-05-03,non
CL106535,Robert,Manon,manon.robert6535@example.com,0652513967,2002-11-15,Grenoble,entreprise,2026-07-02,oui
CL106536,Girard,Hugo,hugo.girard6536@example.com,0662301757,1969-08-27,Grenoble,aucun,2026-04-24,oui
CL106537,Fournier,Adam,adam.fournier6537@example.com,0672113935,1995-09-21,Grenoble,annuel,2025-07-01,
CL106538,Nguyen,Lea,lea.nguyen6538@example.com,0668439594,1988-09-26,Nantes,aucun,2025-07-12,
CL106539,Fournier,Karim,karim.fournier6539@example.com,0638392878,1975-11-05,Lyon,mensuel,2026-03-22,oui
CL106540,Nguyen,Manon,manon.nguyen6540@example.com,0666294629,1966-03-24,Lille,aucun,2025-12-07,non
CL106541,Roux,Mehdi,mehdi.roux6541@example.com,0648976399,1990-10-27,Grenoble,mensuel,2026-05-04,oui
CL106542,Michel,Karim,karim.michel6542@example.com,0699970362,1977-10-01,Grenoble,aucun,2026-05-10,
CL106543,Robert,Karim,karim.robert6543@example.com,0675570581,1969-07-09,Lille,aucun,2026-04-09,oui
CL106544,Durand,Karim,karim.durand6544@example.com,0678468931,1992-01-26,Lille,annuel,2026-01-15,non
CL106545,Robert,Ilyes,ilyes.robert6545@example.com,0627985933,1965-07-05,Grenoble,mensuel,2025-08-08,oui
CL106546,Bernard,Louise,louise.bernard6546@example.com,0676044337,1998-01-25,Lyon,mensuel,2026-04-25,non
CL106547,Bernard,Camille,camille.bernard6547@example.com,0693049185,1983-01-22,Lille,aucun,2026-07-25,oui
CL106548,Michel,Yanis,yanis.michel6548@example.com,0674881811,1992-07-24,Nantes,aucun,2026-07-17,oui
CL106549,Fournier,Yanis,yanis.fournier6549@example.com,0647644027,1991-05-06,Lille,mensuel,2026-01-17,
CL106550,Moreau,Karim,karim.moreau6550@example.com,0648511434,1991-02-15,Lyon,etudiant,2025-12-29,non
CL106551,Fournier,Louise,louise.fournier6551@example.com,0683272108,1987-11-07,Grenoble,etudiant,2025-12-05,oui
CL106552,Nguyen,Amira,amira.nguyen6552@example.com,0637813565,1968-04-09,Lyon,mensuel,2026-05-03,oui
CL106553,Benali,Amira,amira.benali6553@example.com,0658960436,1960-11-14,Grenoble,aucun,2025-11-10,
CL106554,Moreau,Ines,ines.moreau6554@example.com,0649703279,2002-05-20,Grenoble,aucun,2026-08-17,non
CL106555,Girard,Jade,jade.girard6555@example.com,0692288966,1960-01-09,Nantes,aucun,2025-06-24,oui
CL106556,Martin,Sofia,sofia.martin6556@example.com,0649024216,1969-08-11,Lille,aucun,2026-03-01,
CL106557,Petit,Ilyes,ilyes.petit6557@example.com,0699708981,1987-01-20,Lyon,aucun,2025-03-21,
CL106558,Michel,Lea,lea.michel6558@example.com,0632501361,1998-07-30,Nantes,annuel,2025-04-26,oui
CL106559,Girard,Noah,noah.girard6559@example.com,0662666291,1966-10-29,Lyon,mensuel,2026-07-19,oui
CL106560,Martin,Noah,noah.martin6560@example.com,0685479105,1969-09-20,Nantes,annuel,2026-03-30,non
CL106561,Garcia,Sofia,sofia.garcia6561@example.com,0684025580,1969-01-08,Grenoble,annuel,2025-09-22,oui
CL106562,Laurent,Mehdi,mehdi.laurent6562@example.com,0652671040,1989-04-30,Lille,annuel,2026-10-13,
CL106563,Fournier,Yanis,yanis.fournier6563@example.com,0634610291,1979-07-22,Lyon,aucun,2025-06-13,
CL106564,Garcia,Mehdi,mehdi.garcia6564@example.com,0623774486,1968-11-24,Lyon,mensuel,2026-01-03,oui
CL106565,Roux,Mehdi,mehdi.roux6565@example.com,0611202380,1960-10-07,Lyon,mensuel,2026-08-23,non
CL106566,Bernard,Jade,jade.bernard6566@example.com,0654247388,1978-03-17,Lyon,mensuel,2026-02-14,non
CL106567,Robert,Karim,karim.robert6567@example.com,0627146525,1981-06-04,Lille,aucun,2025-03-09,oui
CL106568,Durand,Rayan,rayan.durand6568@example.com,0621636223,1991-08-05,Lille,mensuel,2026-03-24,oui
CL106569,Petit,Mehdi,mehdi.petit6569@example.com,0617488089,1976-10-02,Lyon,aucun,2025-10-20,non
CL106570,Michel,Adam,adam.michel6570@example.com,0620843147,1992-06-27,Grenoble,mensuel,2025-11-26,oui
CL106571,Petit,Adam,adam.petit6571@example.com,0613202964,1962-07-24,Lyon,aucun,2026-01-21,oui
CL106572,Michel,Ines,ines.michel6572@example.com,0684340830,1987-02-05,Lyon,annuel,2025-05-20,
CL106573,Roux,Louise,louise.roux6573@example.com,0628275217,1999-01-23,Lille,aucun,2025-06-09,non
CL106574,Benali,Amira,amira.benali6574@example.com,0696482603,1982-02-03,Lyon,aucun,2026-03-10,oui
CL106575,Durand,Louise,louise.durand6575@example.com,0651447489,1999-07-04,Lille,aucun,2025-05-27,oui
CL106576,Robert,Mehdi,mehdi.robert6576@example.com,0666844130,1960-07-28,Nantes,mensuel,2026-03-21,oui
CL106577,Bernard,Gabriel,gabriel.bernard6577@example.com,0678379750,1966-09-02,Lyon,aucun,2025-11-06,
CL106578,Girard,Jade,jade.girard6578@example.com,0682686735,1971-01-18,Lille,aucun,2025-10-09,non
CL106579,Durand,Sofia,sofia.durand6579@example.com,0692923844,1974-02-02,Lille,mensuel,2026-09-18,
CL106580,Fournier,Noah,noah.fournier6580@example.com,0635352843,2003-01-28,Grenoble,mensuel,2025-10-31,non
CL106581,Garcia,Sofia,sofia.garcia6581@example.com,0690053279,1969-04-03,Lyon,mensuel,2025-10-17,oui
CL106582,Durand,Louise,louise.durand6582@example.com,0637446355,1969-12-10,Nantes,aucun,2025-10-13,
CL106583,Durand,Amira,amira.durand6583@example.com,0628275044,1960-02-24,Grenoble,annuel,2026-06-30,
CL106584,Robert,Yanis,yanis.robert6584@example.com,0677179193,1998-09-20,Lyon,aucun,2026-03-10,oui
CL106585,Laurent,Camille,camille.laurent6585@example.com,0665305607,2002-10-26,Nantes,entreprise,2025-03-09,non
CL106586,Dubois,Manon,manon.dubois6586@example.com,0660866170,1993-06-28,Nantes,aucun,2026-01-17,oui
CL106587,Simon,Chloe,chloe.simon6587@example.com,0637801379,1995-08-17,Nantes,mensuel,2025-04-02,non
CL106588,Benali,Sofia,sofia.benali6588@example.com,0615236233,1993-03-10,Grenoble,mensuel,2025-05-11,oui
CL106589,Dubois,Adam,adam.dubois6589@example.com,0643107415,1978-10-31,Lille,mensuel,2025-12-04,non
CL106590,Moreau,Sofia,sofia.moreau6590@example.com,0661416019,1973-04-19,Lyon,aucun,2025-07-03,oui
CL106591,Martin,Louise,louise.martin6591@example.com,0647245174,1982-04-25,Nantes,etudiant,2025-06-17,
CL106592,Petit,Karim,karim.petit6592@example.com,0625920121,1991-01-26,Grenoble,aucun,2025-10-23,non
CL106593,Bernard,Yanis,yanis.bernard6593@example.com,0684170788,1994-10-27,Nantes,aucun,2026-03-04,
CL106594,Durand,Sofia,sofia.durand6594@example.com,0699849953,1960-08-04,Lyon,annuel,2026-07-31,oui
CL106595,Benali,Louise,louise.benali6595@example.com,0620261071,1969-04-12,Nantes,mensuel,2026-08-01,oui
CL106596,Roux,Yanis,yanis.roux6596@example.com,0691961639,2002-12-14,Lyon,etudiant,2026-07-30,oui
CL106597,Dubois,Ines,ines.dubois6597@example.com,0643097083,1978-03-27,Grenoble,aucun,2026-01-16,oui
CL106598,Benali,Adam,adam.benali6598@example.com,0631843824,1964-09-14,Lyon,aucun,2026-09-30,
CL106599,Laurent,Jade,jade.laurent6599@example.com,0643941856,1998-09-30,Lyon,annuel,2026-06-23,
CL106600,Michel,Karim,karim.michel6600@example.com,0641608370,1988-08-23,Grenoble,mensuel,2026-08-19,
CL106601,Bernard,Jade,jade.bernard6601@example.com,0683979006,1991-08-06,Grenoble,mensuel,2025-05-26,
CL106602,Garcia,Ilyes,ilyes.garcia6602@example.com,0663862178,1972-09-26,Lyon,etudiant,2026-09-21,oui
CL106603,Roux,Ilyes,ilyes.roux6603@example.com,0612259995,2002-12-23,Lille,entreprise,2025-12-02,non
CL106604,Garcia,Rayan,rayan.garcia6604@example.com,0635639890,1979-04-17,Lyon,annuel,2026-04-21,oui
CL106605,Girard,Amira,amira.girard6605@example.com,0688448911,1993-10-25,Lyon,mensuel,2026-07-31,oui
CL106606,Girard,Yanis,yanis.girard6606@example.com,0683557404,1969-01-27,Lyon,aucun,2025-05-21,
CL106607,Simon,Louise,louise.simon6607@example.com,0640311382,1972-01-07,Lyon,etudiant,2026-07-25,oui
CL106608,Bernard,Hugo,hugo.bernard6608@example.com,0654080300,1994-07-02,Lille,etudiant,2025-12-12,oui
CL106609,Bernard,Rayan,rayan.bernard6609@example.com,0622705694,1984-05-15,Lyon,aucun,2025-03-24,
CL106610,Robert,Hugo,hugo.robert6610@example.com,0687847389,1983-07-04,Lille,etudiant,2026-05-26,oui
CL106611,Michel,Ines,ines.michel6611@example.com,0644826872,1999-04-08,Nantes,mensuel,2026-07-01,non
CL106612,Michel,Ilyes,ilyes.michel6612@example.com,0697584779,1999-08-31,Grenoble,mensuel,2026-04-30,oui
CL106613,Dubois,Ilyes,ilyes.dubois6613@example.com,0686045913,1990-04-12,Lyon,annuel,2025-08-13,
CL106614,Fournier,Yanis,yanis.fournier6614@example.com,0681509341,1970-08-18,Lyon,aucun,2025-04-27,oui
CL106615,Garcia,Lea,lea.garcia6615@example.com,0621997875,1996-04-26,Nantes,aucun,2026-06-29,
CL106616,Benali,Camille,camille.benali6616@example.com,0674153477,1998-02-05,Grenoble,annuel,2025-05-03,
CL106617,Robert,Chloe,chloe.robert6617@example.com,0663927564,2001-08-24,Lyon,aucun,2025-05-23,non
CL106618,Petit,Adam,adam.petit6618@example.com,0669013206,1994-09-01,Lyon,mensuel,2026-07-30,oui
CL106619,Moreau,Chloe,chloe.moreau6619@example.com,0679568911,1983-01-06,Grenoble,mensuel,2025-11-26,non
CL106620,Petit,Ilyes,ilyes.petit6620@example.com,0616263473,1966-12-13,Lyon,aucun,2026-04-08,
CL106621,Laurent,Yanis,yanis.laurent6621@example.com,0648741910,1993-03-25,Nantes,annuel,2025-04-15,non
CL106622,Robert,Camille,camille.robert6622@example.com,0630431747,1985-05-15,Lyon,aucun,2025-11-15,oui
CL106623,Simon,Louise,louise.simon6623@example.com,0639572931,1988-03-20,Nantes,aucun,2026-02-19,
CL106624,Simon,Ines,ines.simon6624@example.com,0643292941,1973-06-17,Lille,etudiant,2025-04-15,non
CL106625,Garcia,Chloe,chloe.garcia6625@example.com,0641682824,1980-10-04,Lyon,mensuel,2025-03-08,non
CL106626,Roux,Jade,jade.roux6626@example.com,0674476562,1986-02-25,Grenoble,etudiant,2026-04-05,non
CL106627,Michel,Lea,lea.michel6627@example.com,0680442125,1964-11-22,Nantes,annuel,2025-12-16,non
CL106628,Martin,Chloe,chloe.martin6628@example.com,0636070574,1988-03-21,Lille,annuel,2026-09-30,
CL106629,Fournier,Jade,jade.fournier6629@example.com,0662342582,1962-03-03,Lille,aucun,2025-09-21,non
CL106630,Michel,Amira,amira.michel6630@example.com,0699276135,1966-06-10,Grenoble,mensuel,2025-12-17,non
CL106631,Martin,Noah,noah.martin6631@example.com,0676432942,2003-05-09,Nantes,etudiant,2026-08-07,oui
CL106632,Girard,Rayan,rayan.girard6632@example.com,0691818624,1963-04-27,Grenoble,entreprise,2026-09-11,
CL106633,Nguyen,Manon,manon.nguyen6633@example.com,0676070362,1975-01-28,Nantes,aucun,2026-09-01,
CL106634,Fournier,Adam,adam.fournier6634@example.com,0638355107,1999-03-31,Lyon,aucun,2025-03-24,
CL106635,Bernard,Jade,jade.bernard6635@example.com,0686345014,1992-01-08,Lyon,mensuel,2026-04-30,
CL106636,Fournier,Yanis,yanis.fournier6636@example.com,0687329170,1962-08-20,Lyon,aucun,2026-03-18,oui
CL106637,Petit,Amira,amira.petit6637@example.com,0687752667,1997-05-09,Grenoble,mensuel,2025-06-06,oui
CL106638,Bernard,Louise,louise.bernard6638@example.com,0640903424,1988-08-16,Lille,mensuel,2026-08-13,non
CL106639,Robert,Ines,ines.robert6639@example.com,0673093835,1966-07-19,Grenoble,mensuel,2026-04-20,non
CL106640,Garcia,Yanis,yanis.garcia6640@example.com,0688927979,1969-09-14,Grenoble,aucun,2025-04-15,non
CL106641,Robert,Ines,ines.robert6641@example.com,0639811398,1965-09-18,Lyon,aucun,2026-03-22,oui
CL106642,Michel,Amira,amira.michel6642@example.com,0615854727,1961-05-06,Nantes,aucun,2025-08-13,oui
CL106643,Bernard,Noah,noah.bernard6643@example.com,0692851922,1974-09-19,Nantes,aucun,2025-06-03,oui
CL106644,Roux,Mehdi,mehdi.roux6644@example.com,0671281150,1984-02-21,Lyon,etudiant,2025-11-04,oui
CL106645,Moreau,Camille,camille.moreau6645@example.com,0676892409,1976-06-11,Lyon,mensuel,2026-07-19,
CL106646,Moreau,Rayan,rayan.moreau6646@example.com,0652466337,1992-06-12,Grenoble,etudiant,2026-08-28,
CL106647,Benali,Ilyes,ilyes.benali6647@example.com,0630169508,1983-06-13,Lyon,aucun,2026-02-22,
CL106648,Bernard,Noah,noah.bernard6648@example.com,0663726361,1982-01-02,Lyon,annuel,2025-08-16,non
CL106649,Girard,Noah,noah.girard6649@example.com,0664156132,1969-03-30,Grenoble,etudiant,2025-09-22,
CL106650,Girard,Karim,karim.girard6650@example.com,0644503431,1973-11-10,Lyon,annuel,2026-02-15,
CL106651,Girard,Adam,adam.girard6651@example.com,0679831278,1984-10-14,Lyon,aucun,2025-12-04,non
CL106652,Robert,Chloe,chloe.robert6652@example.com,0631776133,1997-01-22,Grenoble,aucun,2025-11-27,oui
CL106653,Robert,Noah,noah.robert6653@example.com,0653377963,1961-12-10,Lyon,aucun,2025-10-02,oui
CL106654,Dubois,Adam,adam.dubois6654@example.com,0649867523,1989-10-26,Nantes,aucun,2025-12-19,non
CL106655,Garcia,Chloe,chloe.garcia6655@example.com,0677170660,1974-07-01,Lille,mensuel,2025-04-20,non
CL106656,Garcia,Ines,ines.garcia6656@example.com,0646092133,2002-06-06,Nantes,mensuel,2025-11-25,oui
CL106657,Roux,Mehdi,mehdi.roux6657@example.com,0620334284,1962-08-21,Grenoble,mensuel,2026-04-27,
CL106658,Martin,Sofia,sofia.martin6658@example.com,0687066040,1986-03-19,Grenoble,mensuel,2025-05-22,non
CL106659,Bernard,Adam,adam.bernard6659@example.com,0645338439,1999-01-23,Lyon,aucun,2025-05-02,oui
CL106660,Laurent,Sofia,sofia.laurent6660@example.com,0645896595,1966-12-04,Grenoble,mensuel,2026-01-17,non
CL106661,Durand,Noah,noah.durand6661@example.com,0650829382,1962-07-10,Lille,aucun,2026-10-20,oui
CL106662,Dubois,Adam,adam.dubois6662@example.com,0637919373,1986-11-16,Lyon,aucun,2025-09-12,oui
CL106663,Robert,Karim,karim.robert6663@example.com,0610700712,1993-01-06,Lille,aucun,2026-07-26,non
CL106664,Durand,Louise,louise.durand6664@example.com,0664581589,1968-10-19,Lille,etudiant,2026-05-04,non
CL106665,Michel,Hugo,hugo.michel6665@example.com,0683864350,1972-01-26,Lyon,entreprise,2025-10-16,
CL106666,Nguyen,Amira,amira.nguyen6666@example.com,0617609142,1973-02-13,Nantes,aucun,2026-03-22,non
CL106667,Girard,Yanis,yanis.girard6667@example.com,0638577990,1970-09-26,Nantes,aucun,2026-07-21,non
CL106668,Moreau,Ilyes,ilyes.moreau6668@example.com,0688716895,1965-05-29,Lille,mensuel,2025-08-02,oui
CL106669,Garcia,Ines,ines.garcia6669@example.com,0625932182,1990-12-24,Lille,aucun,2026-06-12,non
CL106670,Roux,Camille,camille.roux6670@example.com,0687135046,1992-03-26,Lille,etudiant,2025-11-01,oui
CL106671,Simon,Hugo,hugo.simon6671@example.com,0656805493,1966-09-16,Grenoble,aucun,2026-04-26,non
CL106672,Roux,Karim,karim.roux6672@example.com,0695562234,1980-11-24,Grenoble,mensuel,2026-03-14,
CL106673,Fournier,Lea,lea.fournier6673@example.com,0662657372,1992-02-01,Lyon,annuel,2026-08-28,oui
CL106674,Dubois,Chloe,chloe.dubois6674@example.com,0697922988,1960-08-27,Lille,mensuel,2026-08-09,non
CL106675,Petit,Adam,adam.petit6675@example.com,0664358115,1976-09-18,Lyon,entreprise,2025-06-06,oui
CL106676,Garcia,Rayan,rayan.garcia6676@example.com,0699584376,1965-03-30,Lyon,aucun,2025-05-22,non
CL106677,Benali,Chloe,chloe.benali6677@example.com,0638854392,1965-07-31,Nantes,etudiant,2025-05-02,oui
CL106678,Laurent,Rayan,rayan.laurent6678@example.com,0655326239,1998-11-26,Lille,etudiant,2026-08-28,
CL106679,Michel,Adam,adam.michel6679@example.com,0624851701,1981-01-29,Nantes,mensuel,2025-11-12,
CL106680,Fournier,Camille,camille.fournier6680@example.com,0697957654,1979-10-04,Lyon,annuel,2026-06-05,oui
CL106681,Roux,Ilyes,ilyes.roux6681@example.com,0628530330,1980-11-22,Lyon,mensuel,2026-02-14,non
CL106682,Petit,Mehdi,mehdi.petit6682@example.com,0610838336,1976-03-07,Lyon,annuel,2026-08-23,non
CL106683,Bernard,Mehdi,mehdi.bernard6683@example.com,0648281629,1961-07-24,Nantes,etudiant,2026-04-16,
CL106684,Girard,Yanis,yanis.girard6684@example.com,0669624058,1986-12-21,Lyon,mensuel,2025-03-23,
CL106685,Girard,Louise,louise.girard6685@example.com,0632613599,1975-01-11,Lyon,mensuel,2025-08-28,oui
CL106686,Bernard,Jade,jade.bernard6686@example.com,0694716344,1989-03-31,Lille,aucun,2026-01-14,
CL106687,Benali,Karim,karim.benali6687@example.com,0626115040,1964-01-29,Lyon,aucun,2025-08-14,oui
CL106688,Garcia,Ines,ines.garcia6688@example.com,0633349232,1998-02-13,Lille,mensuel,2026-07-19,oui
CL106689,Michel,Camille,camille.michel6689@example.com,0623400918,1978-03-09,Lyon,mensuel,2025-11-01,oui
CL106690,Roux,Manon,manon.roux6690@example.com,0683379121,1992-11-28,Grenoble,aucun,2025-12-15,non
CL106691,Garcia,Rayan,rayan.garcia6691@example.com,0659464054,1978-01-15,Lyon,annuel,2025-08-03,oui
CL106692,Laurent,Sofia,sofia.laurent6692@example.com,0641950635,1976-02-15,Lyon,mensuel,2026-05-22,oui
CL106693,Nguyen,Rayan,rayan.nguyen6693@example.com,0659043010,1972-11-15,Lyon,mensuel,2026-06-15,oui
CL106694,Nguyen,Adam,adam.nguyen6694@example.com,0642301777,1970-01-21,Lyon,aucun,2025-11-07,non
CL106695,Michel,Hugo,hugo.michel6695@example.com,0694779519,1965-02-25,Lyon,annuel,2025-03-11,oui
CL106696,Laurent,Yanis,yanis.laurent6696@example.com,0642956583,1980-11-25,Lille,aucun,2026-08-09,non
CL106697,Petit,Camille,camille.petit6697@example.com,0647868699,1989-02-15,Lyon,mensuel,2025-10-03,
CL106698,Laurent,Adam,adam.laurent6698@example.com,0643504463,1963-04-30,Lille,aucun,2026-07-20,oui
CL106699,Simon,Amira,amira.simon6699@example.com,0691739068,2000-07-17,Lille,aucun,2026-06-05,oui
CL106700,Petit,Amira,amira.petit6700@example.com,0648262356,1969-08-12,Lille,aucun,2025-05-21,non
CL106701,Fournier,Sofia,sofia.fournier6701@example.com,0696725201,1970-10-25,Lille,mensuel,2026-02-22,
CL106702,Durand,Noah,noah.durand6702@example.com,0646497096,1969-01-12,Nantes,aucun,2025-08-04,
CL106703,Moreau,Louise,louise.moreau6703@example.com,0673244247,2002-05-08,Lille,aucun,2025-12-01,non
CL106704,Moreau,Mehdi,mehdi.moreau6704@example.com,0619550045,1960-11-26,Lille,aucun,2026-04-10,oui
CL106705,Benali,Rayan,rayan.benali6705@example.com,0659713627,1998-07-15,Nantes,aucun,2026-02-04,
CL106706,Bernard,Ilyes,ilyes.bernard6706@example.com,0625213118,1975-02-18,Nantes,mensuel,2026-03-22,
CL106707,Martin,Manon,manon.martin6707@example.com,0644014181,1960-03-08,Lyon,etudiant,2026-07-27,
CL106708,Laurent,Karim,karim.laurent6708@example.com,0639497707,1995-03-01,Lyon,annuel,2025-06-16,non
CL106709,Garcia,Lea,lea.garcia6709@example.com,0656546986,1981-07-20,Lyon,annuel,2025-10-31,oui
CL106710,Robert,Gabriel,gabriel.robert6710@example.com,0639447149,1990-06-30,Lille,aucun,2025-04-13,
CL106711,Robert,Ilyes,ilyes.robert6711@example.com,0655484208,1975-10-21,Lille,annuel,2026-08-02,non
CL106712,Girard,Hugo,hugo.girard6712@example.com,0634817523,1974-07-27,Lyon,mensuel,2025-04-05,oui
CL106713,Simon,Louise,louise.simon6713@example.com,0659164824,1980-11-13,Lyon,aucun,2025-07-19,
CL106714,Laurent,Adam,adam.laurent6714@example.com,0688731753,1976-02-20,Grenoble,mensuel,2025-06-01,non
CL106715,Girard,Noah,noah.girard6715@example.com,0677381241,1967-07-10,Lyon,annuel,2026-02-12,
CL106716,Robert,Ilyes,ilyes.robert6716@example.com,0645799028,1989-07-28,Grenoble,aucun,2026-01-05,oui
CL106717,Petit,Rayan,rayan.petit6717@example.com,0645389373,1990-04-04,Nantes,aucun,2026-07-16,
CL106718,Martin,Mehdi,mehdi.martin6718@example.com,0637614050,1972-07-01,Lyon,entreprise,2026-05-05,
CL106719,Petit,Sofia,sofia.petit6719@example.com,0639589260,1993-03-21,Grenoble,etudiant,2025-12-23,
CL106720,Michel,Sofia,sofia.michel6720@example.com,0666715112,1995-02-12,Grenoble,aucun,2025-10-16,
CL106721,Fournier,Adam,adam.fournier6721@example.com,0698256625,1976-05-07,Nantes,entreprise,2026-01-09,non
CL106722,Bernard,Ines,ines.bernard6722@example.com,0647174046,1979-03-05,Nantes,aucun,2026-09-16,oui
CL106723,Benali,Amira,amira.benali6723@example.com,0652643468,1984-02-13,Lyon,entreprise,2026-03-12,
CL106724,Martin,Adam,adam.martin6724@example.com,0639222223,2002-12-22,Lyon,aucun,2025-12-29,
CL106725,Moreau,Karim,karim.moreau6725@example.com,0696128316,1973-02-26,Lyon,etudiant,2025-06-10,non
CL106726,Petit,Jade,jade.petit6726@example.com,0650132059,2001-03-09,Grenoble,annuel,2025-09-11,oui
CL106727,Laurent,Jade,jade.laurent6727@example.com,0665417598,1968-11-20,Lyon,mensuel,2025-07-07,
CL106728,Michel,Hugo,hugo.michel6728@example.com,0648734094,1960-04-04,Lyon,aucun,2025-03-16,oui
CL106729,Robert,Rayan,rayan.robert6729@example.com,0620343393,1975-06-03,Nantes,aucun,2025-03-09,
CL106730,Robert,Sofia,sofia.robert6730@example.com,0692791499,1979-02-19,Nantes,mensuel,2025-11-22,
CL106731,Garcia,Hugo,hugo.garcia6731@example.com,0675630159,1960-04-10,Lyon,aucun,2025-10-03,
CL106732,Laurent,Ilyes,ilyes.laurent6732@example.com,0672434024,1993-01-21,Grenoble,aucun,2026-04-07,non
CL106733,Dubois,Noah,noah.dubois6733@example.com,0631344898,1991-10-14,Lyon,etudiant,2026-01-02,
CL106734,Moreau,Sofia,sofia.moreau6734@example.com,0676401795,1960-03-29,Lyon,mensuel,2026-01-18,oui
CL106735,Fournier,Adam,adam.fournier6735@example.com,0681947071,1982-11-17,Grenoble,aucun,2025-04-03,
CL106736,Dubois,Chloe,chloe.dubois6736@example.com,0681821394,1998-03-01,Lyon,aucun,2025-07-31,non
CL106737,Martin,Manon,manon.martin6737@example.com,0626196408,1997-05-21,Lyon,aucun,2025-06-06,oui
CL106738,Michel,Rayan,rayan.michel6738@example.com,0641811066,1983-09-18,Grenoble,aucun,2025-12-13,
CL106739,Laurent,Amira,amira.laurent6739@example.com,0616770274,1991-03-11,Nantes,mensuel,2025-06-06,
CL106740,Martin,Adam,adam.martin6740@example.com,0691451870,2002-09-04,Lyon,annuel,2026-02-02,non
CL106741,Petit,Rayan,rayan.petit6741@example.com,0673239638,1978-04-20,Lille,mensuel,2025-03-22,
CL106742,Garcia,Noah,noah.garcia6742@example.com,0627645526,1985-07-18,Grenoble,annuel,2026-09-06,oui
CL106743,Garcia,Yanis,yanis.garcia6743@example.com,0656865481,1984-12-01,Lille,annuel,2026-03-28,oui
CL106744,Martin,Chloe,chloe.martin6744@example.com,0681481054,1962-07-22,Lyon,etudiant,2025-05-01,non
CL106745,Michel,Manon,manon.michel6745@example.com,0620308732,1987-11-10,Lyon,mensuel,2026-02-05,oui
CL106746,Fournier,Chloe,chloe.fournier6746@example.com,0625696659,1992-01-31,Lyon,aucun,2026-06-09,
CL106747,Roux,Ines,ines.roux6747@example.com,0680962097,2003-04-17,Grenoble,aucun,2025-08-12,non
CL106748,Petit,Manon,manon.petit6748@example.com,0688807396,1987-03-22,Lille,etudiant,2025-12-25,oui
CL106749,Laurent,Karim,karim.laurent6749@example.com,0626709233,2001-11-14,Grenoble,etudiant,2025-11-03,
CL106750,Durand,Mehdi,mehdi.durand6750@example.com,0665930405,2003-08-13,Lille,annuel,2025-12-28,
CL106751,Simon,Mehdi,mehdi.simon6751@example.com,0618763887,1988-09-02,Lyon,aucun,2026-09-07,
CL106752,Michel,Mehdi,mehdi.michel6752@example.com,0621138203,1993-03-06,Lyon,entreprise,2026-06-18,oui
CL106753,Durand,Mehdi,mehdi.durand6753@example.com,0698226642,2000-12-09,Lyon,etudiant,2026-06-20,non
CL106754,Dubois,Hugo,hugo.dubois6754@example.com,0618612752,1990-11-21,Grenoble,aucun,2025-07-19,non
CL106755,Roux,Karim,karim.roux6755@example.com,0684367279,1985-05-18,Lyon,mensuel,2025-06-10,
CL106756,Simon,Amira,amira.simon6756@example.com,0647724038,1968-09-05,Grenoble,etudiant,2025-07-04,non
CL106757,Moreau,Hugo,hugo.moreau6757@example.com,0633450509,1990-06-03,Lyon,etudiant,2026-09-21,oui
CL106758,Dubois,Gabriel,gabriel.dubois6758@example.com,0631297227,1963-05-10,Nantes,mensuel,2026-04-05,non
CL106759,Roux,Lea,lea.roux6759@example.com,0678214952,2002-02-23,Nantes,mensuel,2026-08-07,non
CL106760,Benali,Noah,noah.benali6760@example.com,0623527306,1998-11-28,Lyon,entreprise,2025-06-04,
CL106761,Dubois,Chloe,chloe.dubois6761@example.com,0654659665,1974-06-03,Lyon,mensuel,2025-04-15,non
CL106762,Michel,Louise,louise.michel6762@example.com,0611790000,1967-07-08,Lyon,mensuel,2026-10-21,non
CL106763,Petit,Lea,lea.petit6763@example.com,0611966694,1985-12-05,Grenoble,aucun,2026-04-20,
CL106764,Fournier,Louise,louise.fournier6764@example.com,0678350018,1975-06-21,Nantes,aucun,2026-08-27,
CL106765,Bernard,Amira,amira.bernard6765@example.com,0643121179,1977-05-23,Lyon,aucun,2025-11-13,oui
CL106766,Fournier,Mehdi,mehdi.fournier6766@example.com,0681022462,1982-02-13,Lyon,annuel,2025-09-28,
CL106767,Moreau,Louise,louise.moreau6767@example.com,0646979340,1972-08-26,Grenoble,aucun,2026-01-10,
CL106768,Moreau,Hugo,hugo.moreau6768@example.com,0681150543,1976-01-14,Lille,etudiant,2025-03-20,non
CL106769,Bernard,Manon,manon.bernard6769@example.com,0640890032,1980-07-09,Lille,aucun,2025-08-02,
CL106770,Dubois,Adam,adam.dubois6770@example.com,0674821793,1972-12-19,Grenoble,annuel,2026-02-18,oui
CL106771,Fournier,Jade,jade.fournier6771@example.com,0647870626,1996-05-25,Lyon,aucun,2025-11-26,oui
CL106772,Fournier,Mehdi,mehdi.fournier6772@example.com,0687327840,1981-01-14,Grenoble,aucun,2026-02-26,oui
CL106773,Moreau,Ilyes,ilyes.moreau6773@example.com,0679529176,1966-07-20,Lille,annuel,2025-10-01,oui
CL106774,Bernard,Lea,lea.bernard6774@example.com,0613164142,1982-08-05,Lyon,mensuel,2025-12-13,
CL106775,Bernard,Louise,louise.bernard6775@example.com,0615875410,1985-09-28,Lille,etudiant,2026-04-06,
CL106776,Dubois,Louise,louise.dubois6776@example.com,0616870910,1982-08-02,Nantes,aucun,2025-07-21,non
CL106777,Laurent,Adam,adam.laurent6777@example.com,0611290061,1972-09-13,Nantes,etudiant,2026-07-22,
CL106778,Roux,Ines,ines.roux6778@example.com,0648912077,1961-02-14,Lyon,mensuel,2026-01-21,non
CL106779,Simon,Amira,amira.simon6779@example.com,0655061898,1986-12-07,Lyon,aucun,2025-08-07,oui
CL106780,Michel,Ines,ines.michel6780@example.com,0694309871,1972-06-10,Lille,aucun,2025-11-15,oui
CL106781,Nguyen,Lea,lea.nguyen6781@example.com,0699354438,1982-01-23,Lyon,mensuel,2026-01-16,oui
CL106782,Roux,Amira,amira.roux6782@example.com,0680614063,1974-04-05,Lyon,mensuel,2026-04-07,oui
CL106783,Petit,Lea,lea.petit6783@example.com,0653958918,1982-10-16,Lyon,aucun,2026-05-31,oui
CL106784,Dubois,Gabriel,gabriel.dubois6784@example.com,0681746388,1971-06-11,Lyon,mensuel,2026-10-17,
CL106785,Simon,Lea,lea.simon6785@example.com,0670324935,1961-08-24,Lyon,aucun,2026-05-04,
CL106786,Bernard,Louise,louise.bernard6786@example.com,0663212397,2002-04-09,Lille,aucun,2025-11-28,
CL106787,Durand,Manon,manon.durand6787@example.com,0673292506,1991-08-30,Grenoble,mensuel,2025-09-24,non
CL106788,Roux,Gabriel,gabriel.roux6788@example.com,0683604058,2003-03-21,Nantes,etudiant,2026-01-11,
CL106789,Laurent,Chloe,chloe.laurent6789@example.com,0676402715,1960-04-19,Lille,etudiant,2025-06-21,oui
CL106790,Simon,Hugo,hugo.simon6790@example.com,0654844400,1977-11-22,Nantes,etudiant,2026-05-08,non
CL106791,Fournier,Jade,jade.fournier6791@example.com,0663432657,1999-11-07,Nantes,aucun,2026-09-23,
CL106792,Nguyen,Ines,ines.nguyen6792@example.com,0675180235,1985-10-03,Grenoble,aucun,2025-12-17,
CL106793,Girard,Mehdi,mehdi.girard6793@example.com,0695046523,1980-03-18,Lyon,aucun,2026-04-10,oui
CL106794,Robert,Sofia,sofia.robert6794@example.com,0682607885,1976-01-18,Grenoble,aucun,2026-06-10,
CL106795,Dubois,Adam,adam.dubois6795@example.com,0653139342,1982-12-16,Grenoble,etudiant,2025-05-09,non
CL106796,Dubois,Lea,lea.dubois6796@example.com,0697130477,1980-10-14,Lyon,aucun,2025-07-31,oui
CL106797,Dubois,Manon,manon.dubois6797@example.com,0685191168,1962-05-02,Grenoble,mensuel,2025-11-09,oui
CL106798,Benali,Noah,noah.benali6798@example.com,0688614258,2002-10-17,Nantes,aucun,2026-04-29,
CL106799,Durand,Ilyes,ilyes.durand6799@example.com,0659196918,1967-11-27,Lyon,annuel,2025-03-11,
CL106800,Moreau,Yanis,yanis.moreau6800@example.com,0624408915,1996-07-14,Lyon,entreprise,2026-01-24,oui
CL106801,Nguyen,Jade,jade.nguyen6801@example.com,0616148093,2002-01-28,Nantes,entreprise,2025-08-02,non
CL106802,Nguyen,Louise,louise.nguyen6802@example.com,0630799270,1960-05-07,Lyon,aucun,2026-10-10,non
CL106803,Laurent,Ilyes,ilyes.laurent6803@example.com,0622387038,1970-04-04,Lille,aucun,2025-05-25,non
CL106804,Robert,Noah,noah.robert6804@example.com,0666535723,1981-04-17,Lyon,aucun,2026-07-30,
CL106805,Durand,Camille,camille.durand6805@example.com,0667037063,1990-01-15,Lyon,etudiant,2025-10-13,oui
CL106806,Bernard,Ilyes,ilyes.bernard6806@example.com,0625253850,1981-05-11,Grenoble,aucun,2025-04-24,oui
CL106807,Roux,Ines,ines.roux6807@example.com,0659850892,1990-03-18,Lille,annuel,2026-05-28,
CL106808,Fournier,Rayan,rayan.fournier6808@example.com,0624230405,1963-02-28,Lyon,annuel,2025-12-02,
CL106809,Martin,Camille,camille.martin6809@example.com,0668172393,1984-08-02,Lille,mensuel,2026-04-29,
CL106810,Roux,Chloe,chloe.roux6810@example.com,0621093993,1983-05-09,Lyon,aucun,2025-09-25,
CL106811,Moreau,Amira,amira.moreau6811@example.com,0660138019,1972-10-03,Lyon,annuel,2025-12-13,non
CL106812,Petit,Jade,jade.petit6812@example.com,0674706815,1992-09-17,Lille,etudiant,2026-04-24,
CL106813,Dubois,Ines,ines.dubois6813@example.com,0686348823,1996-02-18,Lyon,aucun,2026-09-26,
CL106814,Robert,Ines,ines.robert6814@example.com,0674056208,1976-03-20,Nantes,etudiant,2026-04-23,
CL106815,Roux,Sofia,sofia.roux6815@example.com,0620468755,1972-10-25,Grenoble,etudiant,2025-07-08,non
CL106816,Bernard,Noah,noah.bernard6816@example.com,0615458684,1968-02-20,Grenoble,annuel,2025-11-07,oui
CL106817,Laurent,Noah,noah.laurent6817@example.com,0695395850,1983-07-10,Lyon,aucun,2026-07-21,
CL106818,Simon,Jade,jade.simon6818@example.com,0657926978,1994-08-21,Grenoble,mensuel,2026-10-03,non
CL106819,Garcia,Yanis,yanis.garcia6819@example.com,0649018978,1983-01-08,Lyon,aucun,2026-10-19,
CL106820,Dubois,Camille,camille.dubois6820@example.com,0636839639,1981-09-20,Nantes,aucun,2025-09-12,
CL106821,Garcia,Hugo,hugo.garcia6821@example.com,0649589627,1978-03-11,Lille,annuel,2026-04-23,
CL106822,Michel,Yanis,yanis.michel6822@example.com,0617699554,1977-08-03,Lille,aucun,2026-01-17,
CL106823,Roux,Gabriel,gabriel.roux6823@example.com,0616622214,1979-01-22,Lyon,aucun,2025-10-03,oui
CL106824,Laurent,Karim,karim.laurent6824@example.com,0665075103,1997-11-14,Nantes,annuel,2025-05-09,non
CL106825,Roux,Karim,karim.roux6825@example.com,0645887292,2002-02-16,Lyon,mensuel,2026-06-21,
CL106826,Garcia,Yanis,yanis.garcia6826@example.com,0667661641,1974-03-31,Grenoble,aucun,2026-06-17,
CL106827,Durand,Camille,camille.durand6827@example.com,0610597560,1983-01-25,Lille,aucun,2026-03-11,non
CL106828,Benali,Lea,lea.benali6828@example.com,0660885869,1966-12-04,Grenoble,entreprise,2026-07-19,non
CL106829,Robert,Amira,amira.robert6829@example.com,0676041974,1977-11-04,Lille,mensuel,2025-05-29,non
CL106830,Garcia,Camille,camille.garcia6830@example.com,0616283160,1985-05-04,Lille,aucun,2025-04-14,
CL106831,Fournier,Louise,louise.fournier6831@example.com,0650977381,1977-09-21,Grenoble,mensuel,2025-06-30,non
CL106832,Petit,Ines,ines.petit6832@example.com,0696533023,1998-12-03,Nantes,annuel,2026-01-14,
CL106833,Fournier,Karim,karim.fournier6833@example.com,0665821859,1988-09-01,Lyon,mensuel,2025-08-30,non
CL106834,Simon,Gabriel,gabriel.simon6834@example.com,0680193974,1998-09-27,Nantes,aucun,2026-09-25,oui
CL106835,Bernard,Amira,amira.bernard6835@example.com,0620094653,1988-06-06,Lille,annuel,2025-07-15,
CL106836,Moreau,Manon,manon.moreau6836@example.com,0669812780,1967-08-10,Lyon,etudiant,2026-05-12,
CL106837,Simon,Adam,adam.simon6837@example.com,0624867667,1960-09-20,Lyon,annuel,2025-03-11,
CL106838,Moreau,Sofia,sofia.moreau6838@example.com,0687074147,1987-08-12,Lyon,aucun,2026-03-18,oui
CL106839,Simon,Sofia,sofia.simon6839@example.com,0645092467,1984-01-30,Nantes,aucun,2026-04-16,oui
CL106840,Girard,Gabriel,gabriel.girard6840@example.com,0615847562,1996-09-21,Nantes,annuel,2026-06-17,oui
CL106841,Robert,Ines,ines.robert6841@example.com,0677216291,1982-07-21,Nantes,aucun,2025-12-31,oui
CL106842,Robert,Mehdi,mehdi.robert6842@example.com,0672734075,1975-07-09,Lille,aucun,2026-01-11,
CL106843,Durand,Yanis,yanis.durand6843@example.com,0681968477,2000-05-11,Lyon,aucun,2026-02-15,oui
CL106844,Durand,Gabriel,gabriel.durand6844@example.com,0673992255,1978-03-08,Nantes,annuel,2025-07-27,non
CL106845,Benali,Amira,amira.benali6845@example.com,0660784645,1967-12-19,Grenoble,mensuel,2025-03-10,non
CL106846,Nguyen,Manon,manon.nguyen6846@example.com,0650698878,1985-05-05,Lille,mensuel,2025-06-02,
CL106847,Laurent,Ilyes,ilyes.laurent6847@example.com,0628974084,1975-07-23,Lyon,entreprise,2026-06-11,
CL106848,Benali,Lea,lea.benali6848@example.com,0616961354,1990-03-27,Lyon,aucun,2025-12-19,oui
CL106849,Fournier,Mehdi,mehdi.fournier6849@example.com,0668397640,1998-11-26,Nantes,annuel,2026-04-13,non
CL106850,Robert,Gabriel,gabriel.robert6850@example.com,0685001353,1979-04-06,Lille,etudiant,2026-10-18,non
CL106851,Petit,Rayan,rayan.petit6851@example.com,0632182009,1988-09-25,Lille,mensuel,2025-08-15,
CL106852,Petit,Lea,lea.petit6852@example.com,0648000061,2003-09-25,Lille,etudiant,2025-03-19,
CL106853,Petit,Noah,noah.petit6853@example.com,0626248944,1997-04-16,Grenoble,aucun,2025-06-13,
CL106854,Nguyen,Sofia,sofia.nguyen6854@example.com,0683085448,2002-07-04,Lille,mensuel,2025-07-20,
CL106855,Durand,Chloe,chloe.durand6855@example.com,0610574784,1997-07-28,Lille,etudiant,2026-08-08,oui
CL106856,Benali,Louise,louise.benali6856@example.com,0676729362,1994-10-22,Lille,mensuel,2025-06-11,oui
CL106857,Petit,Louise,louise.petit6857@example.com,0696822550,1992-01-22,Lyon,aucun,2026-10-10,non
CL106858,Garcia,Noah,noah.garcia6858@example.com,0690240487,1994-01-20,Nantes,etudiant,2025-04-05,oui
CL106859,Fournier,Jade,jade.fournier6859@example.com,0611500354,2003-05-23,Lille,etudiant,2025-03-05,
CL106860,Durand,Amira,amira.durand6860@example.com,0632005102,1997-05-20,Nantes,etudiant,2025-12-09,oui
CL106861,Petit,Sofia,sofia.petit6861@example.com,0688386987,1998-11-09,Lyon,aucun,2026-03-21,non
CL106862,Laurent,Louise,louise.laurent6862@example.com,0652772005,1979-02-27,Lyon,aucun,2025-09-10,
CL106863,Petit,Manon,manon.petit6863@example.com,0692959934,1962-05-15,Lille,mensuel,2025-12-06,
CL106864,Dubois,Noah,noah.dubois6864@example.com,0634986161,1968-12-27,Lille,mensuel,2025-06-11,
CL106865,Garcia,Mehdi,mehdi.garcia6865@example.com,0634112221,1979-08-06,Lyon,entreprise,2025-05-01,
CL106866,Benali,Chloe,chloe.benali6866@example.com,0649039551,1965-06-09,Lille,mensuel,2026-01-17,
CL106867,Michel,Hugo,hugo.michel6867@example.com,0663844488,2003-04-05,Lyon,mensuel,2026-05-11,oui
CL106868,Simon,Rayan,rayan.simon6868@example.com,0689181720,1969-12-10,Lyon,aucun,2026-06-17,non
CL106869,Laurent,Ines,ines.laurent6869@example.com,0632049802,1995-10-13,Lille,aucun,2026-06-21,oui
CL106870,Dubois,Manon,manon.dubois6870@example.com,0677463532,1990-03-11,Lille,mensuel,2025-07-01,
CL106871,Benali,Manon,manon.benali6871@example.com,0681868168,1983-10-27,Lille,aucun,2025-06-27,
CL106872,Martin,Sofia,sofia.martin6872@example.com,0651728424,1971-06-10,Nantes,aucun,2025-12-25,
CL106873,Moreau,Yanis,yanis.moreau6873@example.com,0644063989,1996-12-15,Lille,aucun,2025-09-24,
CL106874,Benali,Louise,louise.benali6874@example.com,0646495622,1997-09-05,Lille,aucun,2025-04-11,non
CL106875,Fournier,Jade,jade.fournier6875@example.com,0647019663,1985-07-27,Lyon,aucun,2026-06-07,oui
CL106876,Durand,Amira,amira.durand6876@example.com,0624732843,1984-02-05,Lyon,aucun,2026-09-15,
CL106877,Martin,Louise,louise.martin6877@example.com,0645116069,2000-03-14,Grenoble,annuel,2026-09-04,oui
CL106878,Laurent,Amira,amira.laurent6878@example.com,0675547383,1986-12-20,Nantes,annuel,2026-09-28,oui
CL106879,Petit,Yanis,yanis.petit6879@example.com,0695691956,1961-01-14,Nantes,mensuel,2026-06-21,oui
CL106880,Simon,Rayan,rayan.simon6880@example.com,0648312551,1963-09-05,Lyon,mensuel,2025-09-08,non
CL106881,Laurent,Gabriel,gabriel.laurent6881@example.com,0646688368,1986-06-24,Nantes,aucun,2025-03-24,
CL106882,Bernard,Chloe,chloe.bernard6882@example.com,0635768854,1981-12-14,Lille,annuel,2025-07-26,oui
CL106883,Durand,Ilyes,ilyes.durand6883@example.com,0610294693,1971-12-16,Grenoble,mensuel,2025-06-26,non
CL106884,Garcia,Hugo,hugo.garcia6884@example.com,0618849963,1972-05-01,Nantes,annuel,2025-09-09,non
CL106885,Simon,Noah,noah.simon6885@example.com,0612177841,1987-10-19,Lille,annuel,2026-01-09,
CL106886,Robert,Ines,ines.robert6886@example.com,0634048669,1964-11-05,Lyon,annuel,2026-07-29,oui
CL106887,Nguyen,Ilyes,ilyes.nguyen6887@example.com,0650660146,1987-10-06,Lille,mensuel,2025-03-23,
CL106888,Laurent,Amira,amira.laurent6888@example.com,0623942407,1997-12-03,Lyon,aucun,2026-05-12,oui
CL106889,Benali,Camille,camille.benali6889@example.com,0657377131,1999-02-27,Lyon,mensuel,2026-10-18,oui
CL106890,Michel,Amira,amira.michel6890@example.com,0655998617,1985-12-20,Grenoble,aucun,2025-05-01,non
CL106891,Durand,Chloe,chloe.durand6891@example.com,0629517637,1963-04-12,Lyon,aucun,2025-11-16,oui
CL106892,Robert,Chloe,chloe.robert6892@example.com,0696529424,1991-08-10,Nantes,etudiant,2026-02-23,oui
CL106893,Dubois,Noah,noah.dubois6893@example.com,0664093128,1989-08-04,Lyon,aucun,2026-01-25,non
CL106894,Garcia,Sofia,sofia.garcia6894@example.com,0613300663,1962-11-27,Lyon,entreprise,2025-03-25,
CL106895,Dubois,Lea,lea.dubois6895@example.com,0633488073,1975-09-10,Nantes,annuel,2025-05-18,non
CL106896,Girard,Noah,noah.girard6896@example.com,0665770625,1995-08-14,Lyon,aucun,2025-09-19,
CL106897,Bernard,Ilyes,ilyes.bernard6897@example.com,0671479109,1993-12-04,Lyon,mensuel,2026-06-12,
CL106898,Garcia,Camille,camille.garcia6898@example.com,0664128042,1979-09-14,Lyon,aucun,2025-05-04,non
CL106899,Garcia,Lea,lea.garcia6899@example.com,0666761220,1974-01-25,Lyon,aucun,2026-03-21,oui
CL106900,Garcia,Chloe,chloe.garcia6900@example.com,0679774864,1980-01-02,Lille,aucun,2026-06-26,oui
CL106901,Girard,Adam,adam.girard6901@example.com,0683746396,1975-07-01,Nantes,aucun,2025-08-05,non
CL106902,Dubois,Rayan,rayan.dubois6902@example.com,0639521237,1971-04-13,Grenoble,entreprise,2025-09-29,oui
CL106903,Nguyen,Yanis,yanis.nguyen6903@example.com,0676855270,1987-03-24,Grenoble,mensuel,2025-09-21,
CL106904,Girard,Noah,noah.girard6904@example.com,0666684847,1976-05-04,Nantes,annuel,2025-03-19,
CL106905,Martin,Lea,lea.martin6905@example.com,0640825059,1975-09-16,Nantes,etudiant,2026-10-22,oui
CL106906,Girard,Louise,louise.girard6906@example.com,0662371351,1973-02-14,Lyon,aucun,2025-04-03,non
CL106907,Fournier,Noah,noah.fournier6907@example.com,0620027308,1974-03-03,Lyon,annuel,2026-06-14,non
CL106908,Moreau,Yanis,yanis.moreau6908@example.com,0699502606,1967-09-07,Lille,mensuel,2026-10-14,oui
CL106909,Michel,Ines,ines.michel6909@example.com,0664470476,1978-08-27,Lyon,aucun,2025-09-04,oui
CL106910,Fournier,Hugo,hugo.fournier6910@example.com,0680797660,1997-02-02,Lyon,aucun,2025-11-09,
CL106911,Moreau,Gabriel,gabriel.moreau6911@example.com,0652706724,1962-12-01,Nantes,etudiant,2025-11-07,
CL106912,Laurent,Mehdi,mehdi.laurent6912@example.com,0619502937,1995-12-26,Lyon,mensuel,2025-09-05,oui
CL106913,Dubois,Adam,adam.dubois6913@example.com,0642356795,1971-11-21,Lyon,annuel,2025-08-28,non
CL106914,Bernard,Noah,noah.bernard6914@example.com,0673858742,1998-12-29,Grenoble,mensuel,2026-08-20,non
CL106915,Bernard,Hugo,hugo.bernard6915@example.com,0639279526,1964-07-21,Lyon,mensuel,2026-05-27,non
CL106916,Moreau,Sofia,sofia.moreau6916@example.com,0660394104,1969-07-07,Grenoble,aucun,2026-05-08,
CL106917,Durand,Rayan,rayan.durand6917@example.com,0670186709,2000-03-09,Lille,aucun,2026-08-18,
CL106918,Simon,Ines,ines.simon6918@example.com,0680657025,1960-03-24,Lille,aucun,2025-06-17,
CL106919,Girard,Karim,karim.girard6919@example.com,0638318562,1986-02-04,Grenoble,annuel,2026-09-30,non
CL106920,Roux,Ines,ines.roux6920@example.com,0688926812,1976-10-08,Lille,annuel,2025-09-25,
CL106921,Dubois,Noah,noah.dubois6921@example.com,0631929855,1961-09-26,Lyon,etudiant,2026-07-14,non
CL106922,Petit,Jade,jade.petit6922@example.com,0676587815,2003-01-15,Lille,mensuel,2025-06-23,non
CL106923,Moreau,Sofia,sofia.moreau6923@example.com,0646925110,1961-07-06,Lille,aucun,2026-10-20,oui
CL106924,Benali,Gabriel,gabriel.benali6924@example.com,0614247666,1983-10-18,Lyon,etudiant,2025-12-09,
CL106925,Bernard,Yanis,yanis.bernard6925@example.com,0625842963,1970-02-13,Lille,aucun,2026-03-05,oui
CL106926,Fournier,Amira,amira.fournier6926@example.com,0682637318,1969-10-09,Lyon,mensuel,2026-06-19,
CL106927,Martin,Adam,adam.martin6927@example.com,0631115451,1986-10-09,Grenoble,aucun,2026-05-07,oui
CL106928,Simon,Amira,amira.simon6928@example.com,0655191135,1993-03-05,Nantes,mensuel,2025-08-30,oui
CL106929,Benali,Ilyes,ilyes.benali6929@example.com,0695743267,1997-09-01,Grenoble,aucun,2025-03-24,oui
CL106930,Durand,Camille,camille.durand6930@example.com,0663986748,1983-10-14,Grenoble,annuel,2026-02-13,non
CL106931,Nguyen,Gabriel,gabriel.nguyen6931@example.com,0655157960,1968-07-29,Lille,mensuel,2026-07-10,
CL106932,Laurent,Karim,karim.laurent6932@example.com,0648549145,1975-01-31,Grenoble,aucun,2025-03-19,oui
CL106933,Robert,Adam,adam.robert6933@example.com,0698198322,1973-11-28,Lille,aucun,2026-08-27,non
CL106934,Garcia,Rayan,rayan.garcia6934@example.com,0682428014,1999-10-16,Lyon,annuel,2026-02-17,
CL106935,Laurent,Camille,camille.laurent6935@example.com,0618518620,2002-01-20,Nantes,aucun,2025-07-23,
CL106936,Moreau,Camille,camille.moreau6936@example.com,0616716963,1969-05-29,Grenoble,etudiant,2025-09-03,oui
CL106937,Garcia,Adam,adam.garcia6937@example.com,0666185008,2003-09-27,Lyon,aucun,2025-04-09,non
CL106938,Dubois,Ilyes,ilyes.dubois6938@example.com,0669258403,2000-12-27,Lyon,aucun,2026-09-21,non
CL106939,Dubois,Louise,louise.dubois6939@example.com,0625763660,1961-02-23,Lyon,aucun,2026-04-22,non
CL106940,Dubois,Ilyes,ilyes.dubois6940@example.com,0632741474,1988-02-11,Nantes,aucun,2026-06-22,
CL106941,Laurent,Lea,lea.laurent6941@example.com,0610193745,1988-05-24,Lyon,aucun,2025-03-10,non
CL106942,Simon,Lea,lea.simon6942@example.com,0662004631,2001-02-18,Lille,aucun,2026-07-16,oui
CL106943,Robert,Mehdi,mehdi.robert6943@example.com,0613651789,1965-07-29,Lille,etudiant,2026-02-16,oui
CL106944,Petit,Adam,adam.petit6944@example.com,0668949001,1991-08-13,Lyon,mensuel,2025-08-23,
CL106945,Nguyen,Yanis,yanis.nguyen6945@example.com,0699241315,1976-01-30,Lyon,aucun,2025-10-30,non
CL106946,Nguyen,Ilyes,ilyes.nguyen6946@example.com,0625994483,1970-04-01,Grenoble,entreprise,2026-10-01,non
CL106947,Simon,Louise,louise.simon6947@example.com,0617183024,2002-10-02,Grenoble,mensuel,2026-07-28,
CL106948,Laurent,Karim,karim.laurent6948@example.com,0637722286,1976-11-13,Lyon,aucun,2026-09-04,
CL106949,Fournier,Chloe,chloe.fournier6949@example.com,0670817217,1992-02-13,Lyon,aucun,2025-09-18,
CL106950,Durand,Jade,jade.durand6950@example.com,0692647470,1981-02-15,Nantes,annuel,2025-09-16,non
CL106951,Girard,Chloe,chloe.girard6951@example.com,0658301226,1991-03-03,Lyon,annuel,2026-04-01,
CL106952,Roux,Jade,jade.roux6952@example.com,0693316662,1971-06-27,Lyon,mensuel,2025-07-04,non
CL106953,Robert,Gabriel,gabriel.robert6953@example.com,0610540782,1990-06-24,Nantes,etudiant,2026-07-27,non
CL106954,Simon,Gabriel,gabriel.simon6954@example.com,0663661575,1987-04-27,Lille,aucun,2026-06-08,oui
CL106955,Simon,Lea,lea.simon6955@example.com,0649736478,1969-05-09,Lille,aucun,2026-04-13,oui
CL106956,Fournier,Manon,manon.fournier6956@example.com,0646497587,1983-06-21,Lyon,mensuel,2026-10-21,non
CL106957,Moreau,Chloe,chloe.moreau6957@example.com,0650117570,1992-07-09,Lille,etudiant,2025-04-08,
CL106958,Laurent,Louise,louise.laurent6958@example.com,0615382901,1999-11-22,Lyon,annuel,2026-01-10,
CL106959,Garcia,Chloe,chloe.garcia6959@example.com,0699393537,1965-06-18,Lyon,aucun,2025-05-13,non
CL106960,Simon,Karim,karim.simon6960@example.com,0691305644,1971-09-20,Nantes,aucun,2025-12-25,non
CL106961,Robert,Manon,manon.robert6961@example.com,0663137009,1995-06-19,Lille,annuel,2026-05-26,
CL106962,Roux,Rayan,rayan.roux6962@example.com,0619066175,1980-12-20,Lille,mensuel,2025-06-11,non
CL106963,Petit,Ines,ines.petit6963@example.com,0665008200,1987-04-29,Grenoble,aucun,2026-06-05,
CL106964,Roux,Mehdi,mehdi.roux6964@example.com,0611849154,1973-12-12,Grenoble,aucun,2025-07-08,non
CL106965,Michel,Yanis,yanis.michel6965@example.com,0615409794,1976-05-22,Nantes,aucun,2025-11-24,non
CL106966,Garcia,Noah,noah.garcia6966@example.com,0617707586,1971-04-18,Lyon,etudiant,2026-09-26,
CL106967,Michel,Jade,jade.michel6967@example.com,0617202315,1969-12-09,Nantes,aucun,2025-05-14,
CL106968,Petit,Louise,louise.petit6968@example.com,0655880968,2002-12-09,Lyon,annuel,2025-05-18,oui
CL106969,Laurent,Chloe,chloe.laurent6969@example.com,0649633051,1971-10-15,Lille,etudiant,2025-07-15,non
CL106970,Dubois,Lea,lea.dubois6970@example.com,0649414767,1999-12-05,Lyon,etudiant,2025-08-11,oui
CL106971,Laurent,Jade,jade.laurent6971@example.com,0634978536,1968-04-06,Lille,mensuel,2025-11-08,oui
CL106972,Petit,Manon,manon.petit6972@example.com,0628821107,1979-02-04,Lyon,annuel,2026-09-08,oui
CL106973,Petit,Jade,jade.petit6973@example.com,0616598487,1971-05-21,Lille,aucun,2025-06-04,
CL106974,Michel,Gabriel,gabriel.michel6974@example.com,0661034891,1986-11-13,Grenoble,etudiant,2026-09-19,
CL106975,Roux,Ilyes,ilyes.roux6975@example.com,0637450691,1974-04-28,Lyon,etudiant,2025-10-01,
CL106976,Durand,Louise,louise.durand6976@example.com,0640128360,1968-12-10,Grenoble,aucun,2026-05-06,oui
CL106977,Martin,Jade,jade.martin6977@example.com,0637182477,1980-08-31,Lyon,aucun,2025-06-11,non
CL106978,Durand,Hugo,hugo.durand6978@example.com,0615079454,1989-03-14,Grenoble,aucun,2026-03-04,
CL106979,Nguyen,Hugo,hugo.nguyen6979@example.com,0615444379,2000-07-03,Grenoble,aucun,2026-01-27,oui
CL106980,Benali,Karim,karim.benali6980@example.com,0681031547,1986-11-10,Nantes,aucun,2025-07-10,oui
CL106981,Roux,Amira,amira.roux6981@example.com,0694918060,1966-09-15,Grenoble,aucun,2025-10-27,
CL106982,Robert,Louise,louise.robert6982@example.com,0677473961,1966-08-21,Lyon,entreprise,2025-05-13,non
CL106983,Simon,Gabriel,gabriel.simon6983@example.com,0651104849,1963-05-29,Lyon,etudiant,2025-05-14,
CL106984,Martin,Ilyes,ilyes.martin6984@example.com,0644505617,1991-11-25,Nantes,aucun,2026-04-14,
CL106985,Moreau,Hugo,hugo.moreau6985@example.com,0645895804,1998-08-26,Lyon,etudiant,2025-12-15,oui
CL106986,Durand,Ilyes,ilyes.durand6986@example.com,0670961275,1982-08-24,Nantes,aucun,2025-07-29,oui
CL106987,Girard,Yanis,yanis.girard6987@example.com,0629200929,1963-02-02,Grenoble,etudiant,2026-05-12,oui
CL106988,Robert,Louise,louise.robert6988@example.com,0669189319,1973-02-16,Lille,aucun,2025-12-08,oui
CL106989,Petit,Rayan,rayan.petit6989@example.com,0698663588,1983-06-29,Lille,annuel,2026-06-30,non
CL106990,Petit,Manon,manon.petit6990@example.com,0672388177,1986-04-18,Lyon,mensuel,2025-06-27,non
CL106991,Bernard,Ines,ines.bernard6991@example.com,0622524599,1995-07-31,Lyon,etudiant,2026-01-09,oui
CL106992,Nguyen,Sofia,sofia.nguyen6992@example.com,0671316095,1968-10-26,Lille,annuel,2026-07-25,
CL106993,Petit,Noah,noah.petit6993@example.com,0646130536,1962-11-14,Lille,annuel,2026-02-10,oui
CL106994,Laurent,Ilyes,ilyes.laurent6994@example.com,0669885803,1988-12-12,Nantes,etudiant,2026-09-25,non
CL106995,Moreau,Rayan,rayan.moreau6995@example.com,0672609937,1983-10-18,Lyon,annuel,2026-01-15,
CL106996,Michel,Hugo,hugo.michel6996@example.com,0626490081,1985-10-18,Lyon,annuel,2025-06-09,non
CL106997,Fournier,Ilyes,ilyes.fournier6997@example.com,0643343649,1978-06-28,Lille,aucun,2025-04-14,
CL106998,Robert,Yanis,yanis.robert6998@example.com,0628427897,1969-05-21,Lyon,entreprise,2026-09-04,
CL106999,Robert,Sofia,sofia.robert6999@example.com,0632272402,2002-03-04,Lyon,mensuel,2026-05-27,non
CL107000,Robert,Lea,lea.robert7000@example.com,0668405222,1973-08-29,Grenoble,entreprise,2025-06-28,oui
CL107001,Garcia,Amira,amira.garcia7001@example.com,0630351265,1963-03-20,Grenoble,aucun,2026-06-27,non
CL107002,Laurent,Gabriel,gabriel.laurent7002@example.com,0653089079,1983-05-11,Grenoble,aucun,2026-08-15,oui
CL107003,Nguyen,Adam,adam.nguyen7003@example.com,0648616564,1990-01-14,Nantes,entreprise,2026-03-16,oui
CL107004,Roux,Jade,jade.roux7004@example.com,0697304532,1989-01-05,Lyon,entreprise,2026-08-27,non
CL107005,Petit,Adam,adam.petit7005@example.com,0699136613,1969-10-25,Grenoble,annuel,2026-02-28,oui
CL107006,Michel,Hugo,hugo.michel7006@example.com,0669467232,1970-04-19,Nantes,etudiant,2025-10-16,oui
CL107007,Roux,Chloe,chloe.roux7007@example.com,0635921201,1969-05-15,Lille,aucun,2026-01-04,oui
CL107008,Girard,Jade,jade.girard7008@example.com,0626803752,1994-11-17,Grenoble,aucun,2025-09-09,
CL107009,Durand,Ilyes,ilyes.durand7009@example.com,0689053486,1995-07-28,Lyon,aucun,2025-04-17,oui
CL107010,Simon,Rayan,rayan.simon7010@example.com,0610360493,1972-04-13,Nantes,etudiant,2026-09-08,non
CL107011,Moreau,Mehdi,mehdi.moreau7011@example.com,0610187010,2003-07-15,Lyon,annuel,2025-12-24,
CL107012,Michel,Rayan,rayan.michel7012@example.com,0630379946,1993-04-15,Nantes,mensuel,2025-08-20,
CL107013,Bernard,Yanis,yanis.bernard7013@example.com,0655651022,1998-12-26,Grenoble,mensuel,2025-07-23,non
CL107014,Robert,Hugo,hugo.robert7014@example.com,0642742133,1992-05-24,Lille,aucun,2025-03-10,non
CL107015,Michel,Chloe,chloe.michel7015@example.com,0619530493,1969-05-30,Nantes,mensuel,2025-04-27,non
CL107016,Martin,Ilyes,ilyes.martin7016@example.com,0686638731,1987-08-11,Nantes,etudiant,2025-10-13,oui
CL107017,Simon,Jade,jade.simon7017@example.com,0654258574,2001-03-13,Lille,mensuel,2026-05-05,non
CL107018,Petit,Karim,karim.petit7018@example.com,0630256418,1984-05-17,Nantes,annuel,2025-08-22,
CL107019,Roux,Karim,karim.roux7019@example.com,0631164839,1975-12-02,Lyon,annuel,2026-03-26,
CL107020,Benali,Manon,manon.benali7020@example.com,0694834013,1999-04-17,Nantes,aucun,2025-05-25,oui
CL107021,Bernard,Chloe,chloe.bernard7021@example.com,0689372757,1974-05-01,Grenoble,aucun,2025-05-07,oui
CL107022,Dubois,Mehdi,mehdi.dubois7022@example.com,0685420253,1963-07-21,Nantes,aucun,2025-08-03,oui
CL107023,Durand,Gabriel,gabriel.durand7023@example.com,0691868370,1960-04-26,Lyon,mensuel,2025-09-14,
CL107024,Laurent,Lea,lea.laurent7024@example.com,0679515450,1999-11-21,Grenoble,etudiant,2025-10-16,
CL107025,Nguyen,Ilyes,ilyes.nguyen7025@example.com,0692791472,1965-11-04,Grenoble,annuel,2026-01-09,oui
CL107026,Dubois,Adam,adam.dubois7026@example.com,0650750231,1984-06-21,Lille,aucun,2026-07-25,oui
CL107027,Garcia,Camille,camille.garcia7027@example.com,0656540201,1992-09-11,Grenoble,aucun,2026-04-09,non
CL107028,Fournier,Chloe,chloe.fournier7028@example.com,0664928756,1964-09-25,Grenoble,etudiant,2025-07-06,oui
CL107029,Petit,Chloe,chloe.petit7029@example.com,0645984403,1985-10-27,Nantes,annuel,2025-10-31,
CL107030,Fournier,Jade,jade.fournier7030@example.com,0660456129,1978-06-25,Nantes,mensuel,2025-06-17,non
CL107031,Simon,Manon,manon.simon7031@example.com,0637076405,1974-12-20,Lille,etudiant,2025-05-05,
CL107032,Bernard,Karim,karim.bernard7032@example.com,0625428227,1977-05-28,Lyon,annuel,2025-09-25,non
CL107033,Benali,Jade,jade.benali7033@example.com,0628521462,1993-10-06,Grenoble,aucun,2026-08-30,oui
CL107034,Benali,Jade,jade.benali7034@example.com,0655217650,1981-01-31,Nantes,annuel,2025-09-27,
CL107035,Martin,Noah,noah.martin7035@example.com,0628603798,1980-12-25,Nantes,etudiant,2025-07-19,oui
CL107036,Garcia,Gabriel,gabriel.garcia7036@example.com,0639444762,1978-06-24,Lille,aucun,2026-01-11,
CL107037,Garcia,Ilyes,ilyes.garcia7037@example.com,0652002544,1997-01-19,Nantes,mensuel,2026-10-19,non
CL107038,Simon,Noah,noah.simon7038@example.com,0646510475,1998-05-15,Nantes,mensuel,2025-12-26,non
CL107039,Durand,Adam,adam.durand7039@example.com,0637503085,1973-02-17,Nantes,aucun,2025-07-24,oui
CL107040,Nguyen,Manon,manon.nguyen7040@example.com,0610903167,1986-02-28,Lille,aucun,2026-01-26,non
CL107041,Petit,Karim,karim.petit7041@example.com,0687647800,1988-09-07,Grenoble,aucun,2025-10-20,
CL107042,Laurent,Camille,camille.laurent7042@example.com,0619199483,2000-06-29,Lyon,etudiant,2025-05-17,non
CL107043,Durand,Adam,adam.durand7043@example.com,0618474993,1972-01-19,Grenoble,mensuel,2025-05-05,
CL107044,Robert,Gabriel,gabriel.robert7044@example.com,0683960446,1984-05-06,Nantes,etudiant,2026-02-01,oui
CL107045,Girard,Yanis,yanis.girard7045@example.com,0655699843,1997-09-16,Lille,mensuel,2026-04-25,non
CL107046,Benali,Manon,manon.benali7046@example.com,0613383307,2002-05-11,Lille,annuel,2026-10-22,non
CL107047,Laurent,Yanis,yanis.laurent7047@example.com,0626227905,2001-10-31,Lyon,etudiant,2026-04-13,oui
CL107048,Durand,Hugo,hugo.durand7048@example.com,0675196597,1982-07-28,Nantes,aucun,2025-06-17,oui
CL107049,Laurent,Ines,ines.laurent7049@example.com,0615160002,1999-03-14,Lille,mensuel,2026-05-16,non
CL107050,Durand,Louise,louise.durand7050@example.com,0617560890,1966-01-29,Grenoble,etudiant,2026-08-18,oui
CL107051,Fournier,Karim,karim.fournier7051@example.com,0667689017,1976-11-12,Lyon,annuel,2026-02-28,
CL107052,Simon,Chloe,chloe.simon7052@example.com,0613201757,1985-09-22,Lyon,etudiant,2025-10-21,non
CL107053,Durand,Camille,camille.durand7053@example.com,0664423716,1987-08-31,Lyon,mensuel,2025-07-20,non
CL107054,Benali,Amira,amira.benali7054@example.com,0678365065,1985-12-17,Grenoble,etudiant,2026-09-12,
CL107055,Garcia,Louise,louise.garcia7055@example.com,0647146511,1993-02-19,Nantes,mensuel,2025-12-31,oui
CL107056,Bernard,Noah,noah.bernard7056@example.com,0667140837,1995-03-03,Nantes,aucun,2026-06-23,oui
CL107057,Moreau,Adam,adam.moreau7057@example.com,0630756112,2000-08-06,Lyon,aucun,2026-03-07,oui
CL107058,Girard,Jade,jade.girard7058@example.com,0634411310,1995-12-14,Lyon,aucun,2025-04-22,oui
CL107059,Dubois,Amira,amira.dubois7059@example.com,0614520917,1974-09-23,Nantes,aucun,2026-06-06,oui
CL107060,Durand,Adam,adam.durand7060@example.com,0620151004,1997-11-26,Lyon,mensuel,2026-06-19,
CL107061,Girard,Louise,louise.girard7061@example.com,0611758260,1965-12-07,Lyon,aucun,2025-06-29,
CL107062,Garcia,Lea,lea.garcia7062@example.com,0661141672,1970-08-18,Lyon,aucun,2026-04-25,non
CL107063,Simon,Lea,lea.simon7063@example.com,0659868463,1994-09-01,Lyon,annuel,2026-03-03,non
CL107064,Benali,Lea,lea.benali7064@example.com,0655605982,1982-01-07,Lille,annuel,2026-03-05,non
CL107065,Durand,Camille,camille.durand7065@example.com,0694563790,1967-05-29,Lyon,aucun,2026-01-18,non
CL107066,Dubois,Hugo,hugo.dubois7066@example.com,0678406423,1969-01-13,Lille,aucun,2025-09-14,oui
CL107067,Roux,Karim,karim.roux7067@example.com,0650446390,1981-05-01,Lyon,mensuel,2025-09-26,
CL107068,Martin,Mehdi,mehdi.martin7068@example.com,0611741165,1963-08-12,Grenoble,aucun,2025-11-07,
CL107069,Roux,Noah,noah.roux7069@example.com,0666668279,1981-11-24,Grenoble,aucun,2025-07-10,oui
CL107070,Nguyen,Adam,adam.nguyen7070@example.com,0655350189,1982-08-20,Lille,mensuel,2025-10-23,oui
CL107071,Benali,Ilyes,ilyes.benali7071@example.com,0656254737,2002-01-02,Lille,aucun,2025-05-11,
CL107072,Fournier,Gabriel,gabriel.fournier7072@example.com,0672675359,1967-10-24,Lyon,aucun,2026-10-17,
CL107073,Garcia,Camille,camille.garcia7073@example.com,0639427133,1975-08-27,Grenoble,aucun,2026-03-02,oui
CL107074,Petit,Sofia,sofia.petit7074@example.com,0679037697,1979-02-02,Lyon,annuel,2026-08-30,oui
CL107075,Moreau,Manon,manon.moreau7075@example.com,0694027284,1983-01-26,Lyon,aucun,2026-03-10,oui
CL107076,Moreau,Adam,adam.moreau7076@example.com,0696216186,1991-10-03,Lyon,annuel,2025-03-30,oui
CL107077,Fournier,Noah,noah.fournier7077@example.com,0647688335,1997-08-26,Lille,annuel,2026-01-20,
CL107078,Benali,Karim,karim.benali7078@example.com,0669896401,1986-03-15,Lyon,annuel,2025-09-25,oui
CL107079,Fournier,Manon,manon.fournier7079@example.com,0659249667,1999-01-05,Lille,etudiant,2026-05-16,oui
CL107080,Robert,Amira,amira.robert7080@example.com,0616382072,1972-05-24,Nantes,annuel,2026-05-23,oui
CL107081,Benali,Camille,camille.benali7081@example.com,0611174035,1978-11-04,Lille,etudiant,2026-10-02,non
CL107082,Girard,Manon,manon.girard7082@example.com,0662120623,1989-01-01,Lyon,annuel,2025-10-06,oui
CL107083,Petit,Ines,ines.petit7083@example.com,0630991674,1986-11-16,Lyon,aucun,2026-06-21,oui
CL107084,Garcia,Louise,louise.garcia7084@example.com,0683486917,1961-10-26,Lyon,aucun,2026-09-07,oui
CL107085,Girard,Chloe,chloe.girard7085@example.com,0681527867,1970-11-26,Lille,annuel,2025-03-08,
CL107086,Garcia,Louise,louise.garcia7086@example.com,0677921908,1981-10-02,Lyon,mensuel,2025-07-22,oui
CL107087,Roux,Lea,lea.roux7087@example.com,0695781693,1971-12-18,Lille,annuel,2025-07-16,oui
CL107088,Fournier,Louise,louise.fournier7088@example.com,0634668079,1965-02-27,Lyon,annuel,2025-12-10,
CL107089,Benali,Noah,noah.benali7089@example.com,0666610188,1975-11-18,Nantes,etudiant,2026-02-13,
CL107090,Simon,Yanis,yanis.simon7090@example.com,0614423986,1995-04-05,Lille,mensuel,2025-07-12,
CL107091,Nguyen,Lea,lea.nguyen7091@example.com,0629533235,1976-12-27,Grenoble,annuel,2026-06-09,oui
CL107092,Dubois,Noah,noah.dubois7092@example.com,0613134749,1975-12-13,Lyon,aucun,2026-02-08,oui
CL107093,Bernard,Mehdi,mehdi.bernard7093@example.com,0682029068,1997-04-22,Grenoble,aucun,2025-03-02,non
CL107094,Fournier,Sofia,sofia.fournier7094@example.com,0697770393,1982-04-10,Lille,aucun,2025-08-04,
CL107095,Robert,Chloe,chloe.robert7095@example.com,0623885447,1967-09-14,Lille,aucun,2026-05-29,
CL107096,Robert,Ilyes,ilyes.robert7096@example.com,0654715239,1963-09-19,Lyon,aucun,2026-10-06,non
CL107097,Dubois,Louise,louise.dubois7097@example.com,0617500926,1965-07-01,Lyon,aucun,2026-09-19,non
CL107098,Durand,Lea,lea.durand7098@example.com,0616308040,1978-07-22,Nantes,aucun,2025-04-28,
CL107099,Petit,Chloe,chloe.petit7099@example.com,0635652294,1970-06-14,Lyon,etudiant,2026-10-10,
CL107100,Durand,Adam,adam.durand7100@example.com,0671243114,1963-07-13,Lyon,entreprise,2026-04-13,
CL107101,Bernard,Amira,amira.bernard7101@example.com,0674630298,2000-09-08,Grenoble,aucun,2025-09-03,
CL107102,Moreau,Sofia,sofia.moreau7102@example.com,0697391532,1961-10-15,Lyon,annuel,2026-07-07,non
CL107103,Petit,Amira,amira.petit7103@example.com,0630646072,1981-09-24,Nantes,etudiant,2025-03-04,oui
CL107104,Laurent,Sofia,sofia.laurent7104@example.com,0624721474,2001-09-05,Lille,mensuel,2025-12-13,
CL107105,Nguyen,Mehdi,mehdi.nguyen7105@example.com,0686241003,1991-10-29,Lyon,aucun,2025-05-05,non
CL107106,Girard,Amira,amira.girard7106@example.com,0652413898,2001-06-13,Lyon,aucun,2026-10-09,
CL107107,Benali,Noah,noah.benali7107@example.com,0672408459,1999-04-29,Lyon,annuel,2026-08-23,non
CL107108,Dubois,Chloe,chloe.dubois7108@example.com,0673222971,1979-07-18,Nantes,mensuel,2025-04-05,oui
CL107109,Martin,Chloe,chloe.martin7109@example.com,0641437893,1975-05-12,Lyon,aucun,2026-03-22,oui
CL107110,Fournier,Manon,manon.fournier7110@example.com,0692629130,1971-08-17,Lyon,annuel,2025-07-25,non
CL107111,Petit,Adam,adam.petit7111@example.com,0654374049,1984-01-01,Grenoble,annuel,2025-05-29,non
CL107112,Michel,Ines,ines.michel7112@example.com,0643373368,1966-09-12,Lyon,aucun,2026-04-02,
CL107113,Garcia,Mehdi,mehdi.garcia7113@example.com,0653319132,1986-12-17,Grenoble,annuel,2026-09-05,
CL107114,Simon,Yanis,yanis.simon7114@example.com,0651740471,1996-05-08,Lyon,aucun,2025-04-20,non
CL107115,Dubois,Jade,jade.dubois7115@example.com,0678059492,2001-02-08,Lyon,aucun,2025-07-14,oui
CL107116,Garcia,Louise,louise.garcia7116@example.com,0694386399,1996-09-02,Lyon,etudiant,2025-11-27,oui
CL107117,Nguyen,Karim,karim.nguyen7117@example.com,0651904779,1975-01-15,Lyon,aucun,2025-08-27,non
CL107118,Laurent,Karim,karim.laurent7118@example.com,0654435052,1974-08-02,Grenoble,annuel,2025-07-15,oui
CL107119,Martin,Rayan,rayan.martin7119@example.com,0649287799,2001-12-25,Lyon,annuel,2026-01-24,
CL107120,Girard,Noah,noah.girard7120@example.com,0686497128,1988-10-26,Lyon,annuel,2026-03-15,non
CL107121,Fournier,Mehdi,mehdi.fournier7121@example.com,0615309027,2000-03-16,Grenoble,entreprise,2025-05-01,
CL107122,Dubois,Mehdi,mehdi.dubois7122@example.com,0659029002,1987-03-21,Lille,entreprise,2026-10-16,non
CL107123,Fournier,Manon,manon.fournier7123@example.com,0623257098,2000-05-18,Nantes,aucun,2026-06-20,non
CL107124,Laurent,Manon,manon.laurent7124@example.com,0635939009,1974-08-03,Grenoble,aucun,2025-11-13,oui
CL107125,Petit,Jade,jade.petit7125@example.com,0686518779,1990-05-02,Lille,entreprise,2026-09-01,oui
CL107126,Martin,Chloe,chloe.martin7126@example.com,0617282602,1960-08-16,Nantes,etudiant,2025-08-28,oui
CL107127,Roux,Adam,adam.roux7127@example.com,0679514467,1986-08-15,Lyon,aucun,2025-05-20,
CL107128,Petit,Karim,karim.petit7128@example.com,0648131776,1993-09-26,Grenoble,aucun,2025-03-06,oui
CL107129,Benali,Ilyes,ilyes.benali7129@example.com,0624894726,2000-02-17,Grenoble,etudiant,2025-07-09,oui
CL107130,Michel,Chloe,chloe.michel7130@example.com,0657036240,1976-06-27,Lille,mensuel,2025-04-13,non
CL107131,Girard,Jade,jade.girard7131@example.com,0674742357,1975-02-14,Nantes,etudiant,2026-08-18,oui
CL107132,Simon,Lea,lea.simon7132@example.com,0649049479,1984-04-21,Lyon,etudiant,2026-10-18,non
CL107133,Dubois,Adam,adam.dubois7133@example.com,0645807921,1996-01-04,Nantes,aucun,2025-11-26,oui
CL107134,Fournier,Ilyes,ilyes.fournier7134@example.com,0687789391,1981-02-08,Lyon,aucun,2026-08-05,
CL107135,Michel,Adam,adam.michel7135@example.com,0663161171,1984-10-26,Grenoble,etudiant,2025-08-01,non
CL107136,Roux,Hugo,hugo.roux7136@example.com,0616060232,1968-08-22,Grenoble,annuel,2025-05-06,non
CL107137,Robert,Camille,camille.robert7137@example.com,0621584881,1971-01-29,Lyon,aucun,2025-04-25,non
CL107138,Durand,Jade,jade.durand7138@example.com,0643106978,1975-10-31,Lyon,aucun,2026-03-22,oui
CL107139,Michel,Chloe,chloe.michel7139@example.com,0610697470,1999-11-22,Lyon,aucun,2025-09-03,non
CL107140,Michel,Mehdi,mehdi.michel7140@example.com,0674622738,1978-01-18,Grenoble,aucun,2025-08-31,
CL107141,Durand,Yanis,yanis.durand7141@example.com,0665608734,1989-09-17,Lille,aucun,2025-12-18,oui
CL107142,Michel,Lea,lea.michel7142@example.com,0612664824,1962-03-06,Lyon,annuel,2026-04-17,non
CL107143,Roux,Ilyes,ilyes.roux7143@example.com,0640642247,2001-02-02,Grenoble,etudiant,2026-10-10,non
CL107144,Petit,Karim,karim.petit7144@example.com,0628685588,2003-05-04,Nantes,aucun,2026-05-19,oui
CL107145,Martin,Camille,camille.martin7145@example.com,0612903206,1969-01-01,Lyon,mensuel,2026-07-21,non
CL107146,Dubois,Lea,lea.dubois7146@example.com,0696975955,2003-10-18,Lille,etudiant,2026-03-10,
CL107147,Laurent,Mehdi,mehdi.laurent7147@example.com,0612452330,1972-05-13,Nantes,entreprise,2026-02-16,non
CL107148,Simon,Jade,jade.simon7148@example.com,0651894984,1976-10-01,Lyon,entreprise,2026-08-10,non
CL107149,Garcia,Hugo,hugo.garcia7149@example.com,0625911656,1981-11-11,Lyon,aucun,2026-08-05,oui
CL107150,Durand,Gabriel,gabriel.durand7150@example.com,0610473455,1967-08-05,Lyon,etudiant,2025-07-25,
CL107151,Girard,Karim,karim.girard7151@example.com,0638878591,1976-06-19,Nantes,aucun,2025-06-19,non
CL107152,Petit,Camille,camille.petit7152@example.com,0635418236,1964-12-14,Lyon,mensuel,2026-09-16,
CL107153,Nguyen,Jade,jade.nguyen7153@example.com,0652624642,1975-06-09,Lyon,annuel,2025-08-30,oui
CL107154,Fournier,Jade,jade.fournier7154@example.com,0693502938,1980-05-18,Nantes,aucun,2025-10-15,oui
CL107155,Nguyen,Lea,lea.nguyen7155@example.com,0616422893,1977-11-28,Nantes,aucun,2026-01-26,
CL107156,Roux,Chloe,chloe.roux7156@example.com,0688149533,1971-11-05,Lille,mensuel,2026-06-29,non
CL107157,Robert,Mehdi,mehdi.robert7157@example.com,0687695638,1966-01-12,Nantes,aucun,2025-10-14,
CL107158,Martin,Mehdi,mehdi.martin7158@example.com,0672822690,1968-03-31,Lyon,annuel,2025-10-22,
CL107159,Roux,Louise,louise.roux7159@example.com,0673758808,2002-04-09,Lille,mensuel,2025-07-09,oui
CL107160,Fournier,Amira,amira.fournier7160@example.com,0636421061,1976-04-18,Lyon,etudiant,2025-09-12,oui
CL107161,Girard,Chloe,chloe.girard7161@example.com,0644214867,1991-05-12,Lyon,etudiant,2025-03-12,oui
CL107162,Simon,Manon,manon.simon7162@example.com,0636642175,1961-06-28,Lyon,mensuel,2025-04-27,non
CL107163,Dubois,Amira,amira.dubois7163@example.com,0651019546,1997-06-24,Lyon,mensuel,2025-07-07,oui
CL107164,Fournier,Adam,adam.fournier7164@example.com,0632781867,1980-10-18,Lille,etudiant,2025-06-05,oui
CL107165,Bernard,Camille,camille.bernard7165@example.com,0684237290,1960-10-27,Grenoble,mensuel,2025-04-02,
CL107166,Durand,Ines,ines.durand7166@example.com,0686041671,1983-02-10,Lyon,aucun,2025-03-15,
CL107167,Laurent,Adam,adam.laurent7167@example.com,0612291687,1970-06-16,Lyon,aucun,2026-01-27,
CL107168,Martin,Yanis,yanis.martin7168@example.com,0614460162,1976-11-04,Nantes,entreprise,2025-06-17,
CL107169,Roux,Ines,ines.roux7169@example.com,0675338705,1999-10-18,Lille,mensuel,2026-03-20,oui
CL107170,Simon,Rayan,rayan.simon7170@example.com,0615125745,1976-08-07,Grenoble,aucun,2026-07-02,
CL107171,Michel,Amira,amira.michel7171@example.com,0645910501,1983-11-23,Lyon,aucun,2026-07-31,oui
CL107172,Benali,Jade,jade.benali7172@example.com,0642118930,1974-04-05,Lyon,aucun,2026-07-21,non
CL107173,Robert,Lea,lea.robert7173@example.com,0650387520,1990-05-23,Lille,aucun,2025-04-14,non
CL107174,Michel,Ilyes,ilyes.michel7174@example.com,0660631490,1995-12-15,Lille,annuel,2026-04-20,oui
CL107175,Dubois,Ines,ines.dubois7175@example.com,0670833651,1988-06-19,Lyon,aucun,2026-04-10,non
CL107176,Petit,Noah,noah.petit7176@example.com,0681264245,1963-11-26,Grenoble,aucun,2025-11-14,
CL107177,Girard,Sofia,sofia.girard7177@example.com,0610825074,1970-01-07,Grenoble,etudiant,2025-06-21,non
CL107178,Robert,Adam,adam.robert7178@example.com,0634850623,1983-03-22,Lyon,etudiant,2025-12-15,
CL107179,Roux,Chloe,chloe.roux7179@example.com,0659627029,1981-09-08,Lille,aucun,2026-04-19,non
CL107180,Martin,Amira,amira.martin7180@example.com,0684637791,2002-08-28,Grenoble,annuel,2026-09-27,
CL107181,Roux,Hugo,hugo.roux7181@example.com,0615782012,1962-12-22,Lyon,annuel,2026-08-04,oui
CL107182,Durand,Amira,amira.durand7182@example.com,0635849539,1992-07-10,Nantes,entreprise,2026-07-13,
CL107183,Simon,Ines,ines.simon7183@example.com,0690284038,1966-10-03,Lyon,annuel,2025-09-01,oui
CL107184,Robert,Yanis,yanis.robert7184@example.com,0662385243,1997-09-03,Nantes,aucun,2025-05-19,
CL107185,Martin,Ilyes,ilyes.martin7185@example.com,0699344025,1963-11-10,Lyon,mensuel,2026-07-22,
CL107186,Benali,Hugo,hugo.benali7186@example.com,0682199753,1992-05-04,Lille,etudiant,2025-08-23,oui
CL107187,Laurent,Yanis,yanis.laurent7187@example.com,0624874262,1965-11-05,Lyon,etudiant,2025-09-14,non
CL107188,Roux,Karim,karim.roux7188@example.com,0637757533,1978-06-19,Lyon,mensuel,2026-07-07,
CL107189,Petit,Jade,jade.petit7189@example.com,0659355569,2003-07-06,Lille,mensuel,2026-07-12,oui
CL107190,Nguyen,Amira,amira.nguyen7190@example.com,0677395714,1970-12-12,Nantes,aucun,2025-05-30,
CL107191,Girard,Ines,ines.girard7191@example.com,0664154589,1996-10-22,Lyon,etudiant,2025-06-16,
CL107192,Simon,Karim,karim.simon7192@example.com,0681542423,1978-03-07,Lyon,mensuel,2026-01-29,
CL107193,Laurent,Gabriel,gabriel.laurent7193@example.com,0620042193,1998-03-26,Nantes,aucun,2025-12-22,
CL107194,Laurent,Camille,camille.laurent7194@example.com,0610046772,1999-05-17,Lyon,etudiant,2026-02-19,oui
CL107195,Petit,Adam,adam.petit7195@example.com,0620607745,1981-06-08,Grenoble,etudiant,2025-03-13,
CL107196,Bernard,Sofia,sofia.bernard7196@example.com,0614717319,1998-09-18,Nantes,etudiant,2026-09-08,
CL107197,Benali,Amira,amira.benali7197@example.com,0623389935,1983-10-10,Lille,annuel,2026-06-25,
CL107198,Simon,Camille,camille.simon7198@example.com,0630655897,1960-02-20,Lyon,aucun,2025-12-16,
CL107199,Garcia,Amira,amira.garcia7199@example.com,0696276281,1996-10-05,Nantes,etudiant,2025-09-22,non
CL107200,Simon,Lea,lea.simon7200@example.com,0655252236,1960-11-12,Lyon,annuel,2026-08-27,non
CL107201,Nguyen,Ines,ines.nguyen7201@example.com,0631631741,1996-01-29,Lyon,mensuel,2025-11-10,
CL107202,Nguyen,Sofia,sofia.nguyen7202@example.com,0616328656,1968-08-31,Grenoble,aucun,2025-07-30,non
CL107203,Simon,Ines,ines.simon7203@example.com,0672799891,1978-07-03,Lille,mensuel,2025-04-05,non
CL107204,Simon,Louise,louise.simon7204@example.com,0639896399,1977-07-31,Lyon,mensuel,2026-04-11,non
CL107205,Bernard,Louise,louise.bernard7205@example.com,0613305265,2003-06-10,Nantes,mensuel,2025-12-22,
CL107206,Girard,Manon,manon.girard7206@example.com,0633849185,1972-11-26,Lille,aucun,2025-12-03,
CL107207,Garcia,Ines,ines.garcia7207@example.com,0663128667,1983-07-11,Lyon,mensuel,2025-10-08,
CL107208,Laurent,Louise,louise.laurent7208@example.com,0666370679,1987-10-22,Nantes,aucun,2025-10-14,oui
CL107209,Michel,Louise,louise.michel7209@example.com,0679108771,1992-02-16,Lille,aucun,2025-06-15,
CL107210,Garcia,Amira,amira.garcia7210@example.com,0648107513,1962-09-09,Lille,aucun,2026-09-01,non
CL107211,Laurent,Mehdi,mehdi.laurent7211@example.com,0661457931,1986-08-12,Grenoble,annuel,2026-05-20,oui
CL107212,Nguyen,Lea,lea.nguyen7212@example.com,0674233767,1984-02-29,Lyon,annuel,2026-03-02,non
CL107213,Simon,Lea,lea.simon7213@example.com,0615853835,1995-11-25,Nantes,aucun,2026-10-20,
CL107214,Girard,Gabriel,gabriel.girard7214@example.com,0620011737,1996-06-05,Lille,aucun,2026-04-18,oui
CL107215,Garcia,Hugo,hugo.garcia7215@example.com,0683434793,1964-10-03,Lyon,aucun,2025-08-15,oui
CL107216,Petit,Yanis,yanis.petit7216@example.com,0655605829,1980-06-03,Nantes,entreprise,2025-10-20,
CL107217,Petit,Karim,karim.petit7217@example.com,0670234552,1960-09-10,Nantes,annuel,2025-07-09,non
CL107218,Robert,Ines,ines.robert7218@example.com,0670297048,1994-03-14,Grenoble,mensuel,2026-03-12,non
CL107219,Fournier,Noah,noah.fournier7219@example.com,0650942477,1990-02-28,Lyon,etudiant,2025-04-27,
CL107220,Durand,Louise,louise.durand7220@example.com,0620316235,1991-03-11,Lyon,aucun,2026-08-22,non
CL107221,Benali,Adam,adam.benali7221@example.com,0612468112,1994-12-05,Grenoble,annuel,2026-08-13,oui
CL107222,Roux,Sofia,sofia.roux7222@example.com,0615226615,1994-07-19,Nantes,aucun,2026-04-18,
CL107223,Nguyen,Hugo,hugo.nguyen7223@example.com,0644569849,2002-04-10,Nantes,mensuel,2026-06-27,non
CL107224,Michel,Mehdi,mehdi.michel7224@example.com,0616554315,1979-02-21,Grenoble,mensuel,2025-12-28,oui
CL107225,Dubois,Louise,louise.dubois7225@example.com,0670737829,1961-08-14,Nantes,etudiant,2025-05-02,oui
CL107226,Fournier,Mehdi,mehdi.fournier7226@example.com,0673985393,1967-08-19,Lille,aucun,2025-04-06,oui
CL107227,Laurent,Amira,amira.laurent7227@example.com,0656632098,1997-08-15,Lyon,mensuel,2026-03-17,non
CL107228,Laurent,Sofia,sofia.laurent7228@example.com,0630122153,1961-01-06,Lille,mensuel,2026-02-09,non
CL107229,Durand,Sofia,sofia.durand7229@example.com,0679552134,1971-12-19,Lyon,aucun,2026-01-29,oui
CL107230,Garcia,Chloe,chloe.garcia7230@example.com,0672259962,1980-07-25,Lille,etudiant,2026-08-18,non
CL107231,Laurent,Ines,ines.laurent7231@example.com,0693937047,2002-04-30,Lyon,mensuel,2025-09-30,
CL107232,Fournier,Karim,karim.fournier7232@example.com,0679006558,1978-12-18,Lille,annuel,2025-04-05,
CL107233,Moreau,Ilyes,ilyes.moreau7233@example.com,0648460905,1983-08-22,Lille,mensuel,2025-09-30,non
CL107234,Durand,Noah,noah.durand7234@example.com,0619181326,1978-07-30,Lille,mensuel,2026-04-15,non
CL107235,Roux,Gabriel,gabriel.roux7235@example.com,0633811230,1980-02-11,Lille,etudiant,2026-03-17,
CL107236,Durand,Mehdi,mehdi.durand7236@example.com,0662109416,1962-05-12,Lyon,etudiant,2026-01-19,
CL107237,Martin,Mehdi,mehdi.martin7237@example.com,0651934476,1963-09-29,Lyon,etudiant,2025-05-22,oui
CL107238,Moreau,Gabriel,gabriel.moreau7238@example.com,0664269594,1968-03-17,Nantes,mensuel,2026-02-27,non
CL107239,Bernard,Amira,amira.bernard7239@example.com,0659701927,1982-04-13,Lyon,mensuel,2025-10-01,oui
CL107240,Simon,Chloe,chloe.simon7240@example.com,0658710360,2003-01-24,Lille,aucun,2026-02-07,oui
CL107241,Benali,Manon,manon.benali7241@example.com,0627641107,1976-05-12,Grenoble,annuel,2025-08-12,
CL107242,Nguyen,Adam,adam.nguyen7242@example.com,0655774422,1981-05-25,Nantes,etudiant,2025-10-19,oui
CL107243,Fournier,Noah,noah.fournier7243@example.com,0636170587,1989-11-29,Lille,aucun,2025-10-04,oui
CL107244,Durand,Ines,ines.durand7244@example.com,0635961380,1993-10-24,Grenoble,mensuel,2025-08-22,non
CL107245,Roux,Louise,louise.roux7245@example.com,0695305722,1963-08-06,Grenoble,mensuel,2025-08-06,
CL107246,Fournier,Ines,ines.fournier7246@example.com,0632484246,1974-11-03,Lille,etudiant,2026-03-19,non
CL107247,Martin,Gabriel,gabriel.martin7247@example.com,0679216384,1979-11-24,Grenoble,annuel,2025-12-23,oui
CL107248,Nguyen,Yanis,yanis.nguyen7248@example.com,0637893521,1973-04-26,Lyon,aucun,2026-01-02,non
CL107249,Petit,Mehdi,mehdi.petit7249@example.com,0689807633,1964-06-15,Lille,aucun,2025-12-19,
CL107250,Roux,Louise,louise.roux7250@example.com,0697429630,1976-09-21,Nantes,annuel,2026-03-12,
CL107251,Simon,Hugo,hugo.simon7251@example.com,0699331039,1992-08-26,Grenoble,annuel,2026-08-27,non
CL107252,Robert,Sofia,sofia.robert7252@example.com,0686343752,1999-09-12,Lyon,aucun,2025-12-01,
CL107253,Michel,Gabriel,gabriel.michel7253@example.com,0676517737,1986-07-21,Lyon,etudiant,2026-07-25,non
CL107254,Girard,Noah,noah.girard7254@example.com,0653752251,1988-04-16,Nantes,etudiant,2026-09-18,oui
CL107255,Moreau,Chloe,chloe.moreau7255@example.com,0690656592,1997-01-05,Nantes,mensuel,2026-05-02,
CL107256,Petit,Manon,manon.petit7256@example.com,0697408633,1984-04-11,Lyon,annuel,2025-03-07,non
CL107257,Roux,Ines,ines.roux7257@example.com,0659793470,2002-08-12,Lyon,etudiant,2026-07-10,oui
CL107258,Moreau,Camille,camille.moreau7258@example.com,0688657853,1992-12-23,Lyon,annuel,2026-02-18,
CL107259,Benali,Chloe,chloe.benali7259@example.com,0681553611,1987-10-10,Grenoble,aucun,2025-06-03,oui
CL107260,Laurent,Hugo,hugo.laurent7260@example.com,0611968484,2003-10-02,Lille,aucun,2025-05-27,non
CL107261,Michel,Ilyes,ilyes.michel7261@example.com,0648372260,1962-03-25,Grenoble,mensuel,2025-05-02,
CL107262,Fournier,Yanis,yanis.fournier7262@example.com,0626107604,1971-10-14,Lyon,mensuel,2026-09-25,
CL107263,Dubois,Ines,ines.dubois7263@example.com,0677392538,2001-03-04,Lyon,aucun,2026-06-29,oui
CL107264,Moreau,Jade,jade.moreau7264@example.com,0619755267,1997-01-09,Grenoble,annuel,2025-05-20,
CL107265,Simon,Hugo,hugo.simon7265@example.com,0667231761,1997-02-18,Lille,aucun,2025-03-18,
CL107266,Girard,Ines,ines.girard7266@example.com,0664556482,1961-07-09,Lille,aucun,2025-03-24,oui
CL107267,Nguyen,Mehdi,mehdi.nguyen7267@example.com,0615811204,1972-05-08,Lyon,mensuel,2026-09-13,
CL107268,Martin,Ilyes,ilyes.martin7268@example.com,0656356631,1996-01-02,Lyon,aucun,2026-01-05,oui
CL107269,Girard,Hugo,hugo.girard7269@example.com,0679459986,1999-05-25,Lille,mensuel,2026-06-07,non
CL107270,Martin,Camille,camille.martin7270@example.com,0680450249,2001-04-18,Grenoble,etudiant,2025-07-11,
CL107271,Moreau,Mehdi,mehdi.moreau7271@example.com,0632479608,1964-03-09,Grenoble,annuel,2026-06-20,
CL107272,Nguyen,Jade,jade.nguyen7272@example.com,0681987008,1983-08-29,Nantes,aucun,2025-10-30,oui
CL107273,Benali,Hugo,hugo.benali7273@example.com,0642857624,1983-03-28,Lille,mensuel,2025-06-15,non
CL107274,Nguyen,Chloe,chloe.nguyen7274@example.com,0617544521,1981-01-03,Lyon,mensuel,2026-06-23,oui
CL107275,Simon,Amira,amira.simon7275@example.com,0639358596,1990-04-17,Lyon,etudiant,2026-07-15,non
CL107276,Petit,Louise,louise.petit7276@example.com,0680434602,1988-07-19,Lyon,annuel,2026-09-27,
CL107277,Michel,Sofia,sofia.michel7277@example.com,0693340278,1964-01-30,Lyon,mensuel,2025-09-01,oui
CL107278,Bernard,Rayan,rayan.bernard7278@example.com,0618729766,1971-12-07,Nantes,etudiant,2026-07-03,non
CL107279,Bernard,Mehdi,mehdi.bernard7279@example.com,0687334128,1999-12-21,Grenoble,annuel,2025-12-27,oui
CL107280,Roux,Manon,manon.roux7280@example.com,0693353518,1984-10-02,Lyon,etudiant,2025-05-14,non
CL107281,Fournier,Gabriel,gabriel.fournier7281@example.com,0657178354,1963-09-14,Nantes,etudiant,2025-12-26,oui
CL107282,Roux,Rayan,rayan.roux7282@example.com,0618620994,1974-02-08,Lyon,annuel,2025-06-06,
CL107283,Roux,Amira,amira.roux7283@example.com,0684751477,1973-07-09,Grenoble,aucun,2025-04-07,non
CL107284,Girard,Mehdi,mehdi.girard7284@example.com,0697159869,2000-10-30,Lille,etudiant,2025-06-02,
CL107285,Bernard,Lea,lea.bernard7285@example.com,0672030876,1992-11-01,Lille,aucun,2026-09-29,non
CL107286,Nguyen,Camille,camille.nguyen7286@example.com,0628977985,1972-04-14,Lyon,annuel,2025-07-25,non
CL107287,Petit,Rayan,rayan.petit7287@example.com,0686255316,1971-03-19,Lyon,mensuel,2025-08-11,
CL107288,Laurent,Sofia,sofia.laurent7288@example.com,0615173387,1996-03-31,Grenoble,aucun,2025-03-20,non
CL107289,Petit,Yanis,yanis.petit7289@example.com,0641574327,1982-03-24,Lyon,mensuel,2025-07-30,
CL107290,Michel,Camille,camille.michel7290@example.com,0621941205,1966-07-17,Lyon,entreprise,2026-04-07,oui
CL107291,Roux,Karim,karim.roux7291@example.com,0641032720,1964-03-04,Lille,aucun,2026-02-04,oui
CL107292,Martin,Karim,karim.martin7292@example.com,0697713743,1965-05-02,Nantes,aucun,2025-09-30,oui
CL107293,Fournier,Hugo,hugo.fournier7293@example.com,0685475378,1963-02-02,Lyon,etudiant,2026-08-06,
CL107294,Garcia,Rayan,rayan.garcia7294@example.com,0659634259,1972-09-28,Lyon,etudiant,2025-06-20,oui
CL107295,Roux,Mehdi,mehdi.roux7295@example.com,0669984720,1975-07-28,Lyon,aucun,2026-02-25,
CL107296,Dubois,Louise,louise.dubois7296@example.com,0622578361,1980-11-04,Lyon,mensuel,2026-08-27,non
CL107297,Bernard,Noah,noah.bernard7297@example.com,0610528586,1975-04-05,Lille,mensuel,2026-05-07,non
CL107298,Benali,Gabriel,gabriel.benali7298@example.com,0690646832,1984-01-09,Grenoble,aucun,2026-02-13,
CL107299,Martin,Camille,camille.martin7299@example.com,0631567657,1997-06-03,Lyon,aucun,2026-07-02,
CL107300,Simon,Louise,louise.simon7300@example.com,0678936258,1989-12-07,Grenoble,etudiant,2026-10-08,non
CL107301,Garcia,Jade,jade.garcia7301@example.com,0649232679,1992-08-31,Nantes,etudiant,2025-12-19,oui
CL107302,Nguyen,Amira,amira.nguyen7302@example.com,0648111659,1990-07-25,Grenoble,mensuel,2026-09-26,
CL107303,Laurent,Adam,adam.laurent7303@example.com,0681374360,1983-06-17,Lille,aucun,2026-02-11,oui
CL107304,Moreau,Yanis,yanis.moreau7304@example.com,0639494920,1991-01-16,Nantes,aucun,2025-06-24,oui
CL107305,Laurent,Noah,noah.laurent7305@example.com,0697195313,1984-06-26,Lyon,aucun,2026-06-06,oui
CL107306,Nguyen,Camille,camille.nguyen7306@example.com,0685087523,1994-02-18,Lyon,annuel,2026-09-14,
CL107307,Moreau,Mehdi,mehdi.moreau7307@example.com,0643524845,1984-07-24,Nantes,mensuel,2026-03-28,oui
CL107308,Girard,Adam,adam.girard7308@example.com,0635163049,1987-01-04,Lille,etudiant,2025-07-05,
CL107309,Robert,Jade,jade.robert7309@example.com,0691635648,1996-08-20,Lyon,aucun,2025-04-21,oui
CL107310,Moreau,Gabriel,gabriel.moreau7310@example.com,0673887357,1964-06-07,Lyon,etudiant,2026-03-01,
CL107311,Nguyen,Adam,adam.nguyen7311@example.com,0659363924,1971-06-16,Nantes,etudiant,2025-05-22,oui
CL107312,Robert,Jade,jade.robert7312@example.com,0662605175,1987-06-18,Nantes,aucun,2025-09-01,non
CL107313,Martin,Yanis,yanis.martin7313@example.com,0639029615,1971-01-02,Lille,aucun,2026-10-09,oui
CL107314,Fournier,Lea,lea.fournier7314@example.com,0652341099,1960-03-17,Nantes,mensuel,2026-01-30,
CL107315,Garcia,Ines,ines.garcia7315@example.com,0636144356,1988-01-28,Lyon,aucun,2025-04-07,oui
CL107316,Petit,Sofia,sofia.petit7316@example.com,0645596437,1976-05-26,Lyon,mensuel,2026-08-04,non
CL107317,Bernard,Camille,camille.bernard7317@example.com,0630916007,1991-02-17,Grenoble,mensuel,2025-11-13,oui
CL107318,Roux,Manon,manon.roux7318@example.com,0669800941,1980-03-16,Lyon,annuel,2025-11-15,non
CL107319,Roux,Adam,adam.roux7319@example.com,0633847678,1996-03-15,Grenoble,mensuel,2026-06-14,oui
CL107320,Garcia,Adam,adam.garcia7320@example.com,0673375181,2001-10-31,Lyon,aucun,2025-09-13,
CL107321,Michel,Camille,camille.michel7321@example.com,0624130403,1984-12-20,Nantes,aucun,2025-04-20,
CL107322,Robert,Karim,karim.robert7322@example.com,0678372641,1970-11-08,Grenoble,mensuel,2026-02-03,non
CL107323,Nguyen,Gabriel,gabriel.nguyen7323@example.com,0645887392,1972-01-07,Nantes,mensuel,2025-08-08,non
CL107324,Simon,Ilyes,ilyes.simon7324@example.com,0686935636,1996-06-22,Grenoble,annuel,2026-08-25,
CL107325,Martin,Sofia,sofia.martin7325@example.com,0624363542,1963-01-23,Lyon,entreprise,2026-10-05,non
CL107326,Martin,Chloe,chloe.martin7326@example.com,0636738905,1983-08-16,Nantes,annuel,2025-05-17,
CL107327,Roux,Lea,lea.roux7327@example.com,0691836484,1991-06-26,Grenoble,aucun,2025-09-19,non
CL107328,Moreau,Karim,karim.moreau7328@example.com,0676590259,1977-03-14,Nantes,mensuel,2025-06-23,oui
CL107329,Nguyen,Rayan,rayan.nguyen7329@example.com,0693369595,1973-06-16,Grenoble,aucun,2026-01-31,
CL107330,Benali,Ines,ines.benali7330@example.com,0688267390,1974-04-18,Lyon,aucun,2025-11-02,
CL107331,Dubois,Amira,amira.dubois7331@example.com,0610684282,1985-02-26,Lille,annuel,2025-04-17,oui
CL107332,Dubois,Adam,adam.dubois7332@example.com,0633535673,1972-07-03,Lille,entreprise,2025-05-07,
CL107333,Durand,Jade,jade.durand7333@example.com,0616872845,1985-06-20,Nantes,mensuel,2026-07-24,non
CL107334,Michel,Karim,karim.michel7334@example.com,0640054118,1966-12-13,Lille,annuel,2026-08-13,non
CL107335,Durand,Chloe,chloe.durand7335@example.com,0669390204,1975-01-25,Lille,aucun,2026-08-16,non
CL107336,Benali,Ines,ines.benali7336@example.com,0648695886,1983-01-02,Grenoble,annuel,2026-01-06,non
CL107337,Roux,Noah,noah.roux7337@example.com,0612159055,1980-06-28,Lille,mensuel,2025-03-05,non
CL107338,Fournier,Hugo,hugo.fournier7338@example.com,0648678474,2002-04-08,Lyon,annuel,2026-04-19,non
CL107339,Fournier,Rayan,rayan.fournier7339@example.com,0659682982,1993-09-19,Lyon,aucun,2026-10-19,non
CL107340,Benali,Rayan,rayan.benali7340@example.com,0685341394,1971-12-24,Lyon,annuel,2025-08-30,non
CL107341,Girard,Chloe,chloe.girard7341@example.com,0626702535,1967-07-31,Lyon,mensuel,2025-09-03,
CL107342,Dubois,Hugo,hugo.dubois7342@example.com,0694597464,1974-02-24,Grenoble,annuel,2026-09-02,non
CL107343,Garcia,Gabriel,gabriel.garcia7343@example.com,0684361694,1981-11-24,Grenoble,aucun,2025-11-10,
CL107344,Garcia,Noah,noah.garcia7344@example.com,0679644878,1980-10-31,Lyon,aucun,2025-03-18,
CL107345,Petit,Adam,adam.petit7345@example.com,0676379160,1987-04-06,Lyon,annuel,2025-11-17,
CL107346,Simon,Mehdi,mehdi.simon7346@example.com,0623977702,1990-07-30,Nantes,aucun,2026-09-22,non
CL107347,Robert,Jade,jade.robert7347@example.com,0676114069,1996-07-10,Lyon,mensuel,2025-07-21,oui
CL107348,Roux,Lea,lea.roux7348@example.com,0672076353,1978-12-28,Lyon,aucun,2025-10-19,non
CL107349,Bernard,Mehdi,mehdi.bernard7349@example.com,0678384649,1976-05-29,Lyon,aucun,2026-09-30,
CL107350,Robert,Jade,jade.robert7350@example.com,0612703916,1993-06-21,Lyon,etudiant,2026-03-17,non
CL107351,Simon,Amira,amira.simon7351@example.com,0681778173,1994-05-25,Nantes,mensuel,2025-10-18,
CL107352,Michel,Sofia,sofia.michel7352@example.com,0686791236,1981-08-15,Lille,mensuel,2025-10-05,oui
CL107353,Bernard,Sofia,sofia.bernard7353@example.com,0610874160,1978-12-19,Lille,mensuel,2025-10-19,non
CL107354,Nguyen,Ines,ines.nguyen7354@example.com,0628724471,2001-10-07,Grenoble,annuel,2026-05-26,
CL107355,Martin,Jade,jade.martin7355@example.com,0694432288,1978-05-02,Grenoble,aucun,2025-03-31,non
CL107356,Petit,Adam,adam.petit7356@example.com,0644150981,1961-07-03,Lyon,mensuel,2026-05-26,
CL107357,Nguyen,Camille,camille.nguyen7357@example.com,0656220400,1977-09-26,Nantes,aucun,2026-10-22,
CL107358,Michel,Camille,camille.michel7358@example.com,0698379227,1995-06-26,Lyon,annuel,2025-03-24,oui
CL107359,Nguyen,Gabriel,gabriel.nguyen7359@example.com,0610547552,1965-09-24,Lyon,aucun,2025-03-09,oui
CL107360,Bernard,Jade,jade.bernard7360@example.com,0682785582,2001-08-21,Lille,aucun,2025-12-16,
CL107361,Bernard,Adam,adam.bernard7361@example.com,0611072253,1998-09-14,Nantes,aucun,2026-06-16,oui
CL107362,Robert,Ilyes,ilyes.robert7362@example.com,0666362086,1987-10-31,Lyon,annuel,2025-07-06,
CL107363,Moreau,Hugo,hugo.moreau7363@example.com,0638335258,1996-05-31,Lille,aucun,2025-11-06,oui
CL107364,Durand,Chloe,chloe.durand7364@example.com,0683964490,1967-04-26,Lyon,annuel,2026-10-22,oui
CL107365,Simon,Mehdi,mehdi.simon7365@example.com,0680184304,1960-08-15,Lille,annuel,2025-12-21,non
CL107366,Fournier,Rayan,rayan.fournier7366@example.com,0670574045,1980-07-20,Lille,mensuel,2026-01-08,non
CL107367,Garcia,Chloe,chloe.garcia7367@example.com,0682447822,1993-07-16,Lille,aucun,2025-06-14,
CL107368,Michel,Louise,louise.michel7368@example.com,0665865513,1996-12-16,Grenoble,annuel,2026-04-07,
CL107369,Martin,Noah,noah.martin7369@example.com,0676261925,1963-04-20,Lyon,aucun,2025-08-01,non
CL107370,Laurent,Karim,karim.laurent7370@example.com,0697313244,1970-03-14,Lyon,mensuel,2026-06-11,non
CL107371,Dubois,Ines,ines.dubois7371@example.com,0663711729,1982-06-24,Lyon,etudiant,2025-07-13,
CL107372,Petit,Louise,louise.petit7372@example.com,0619228408,1966-04-30,Lyon,aucun,2026-10-16,non
CL107373,Garcia,Rayan,rayan.garcia7373@example.com,0676954270,1991-01-13,Grenoble,aucun,2025-06-01,oui
CL107374,Martin,Camille,camille.martin7374@example.com,0625618238,1990-06-25,Lyon,aucun,2026-07-02,non
CL107375,Petit,Noah,noah.petit7375@example.com,0655954281,1973-05-01,Lyon,aucun,2025-11-11,oui
CL107376,Robert,Rayan,rayan.robert7376@example.com,0676238480,1974-08-31,Lille,aucun,2025-10-06,oui
CL107377,Laurent,Amira,amira.laurent7377@example.com,0651035281,2002-12-11,Lyon,mensuel,2026-10-18,
CL107378,Durand,Chloe,chloe.durand7378@example.com,0667150809,1991-04-10,Lyon,aucun,2025-12-10,
CL107379,Simon,Manon,manon.simon7379@example.com,0663076246,1992-03-15,Grenoble,mensuel,2026-04-29,oui
CL107380,Fournier,Karim,karim.fournier7380@example.com,0618314256,1985-01-13,Lille,annuel,2025-12-31,oui
CL107381,Michel,Jade,jade.michel7381@example.com,0637607996,1970-05-08,Nantes,aucun,2025-09-16,oui
CL107382,Michel,Camille,camille.michel7382@example.com,0634985446,1992-04-25,Nantes,annuel,2026-10-05,oui
CL107383,Laurent,Noah,noah.laurent7383@example.com,0690137517,1977-09-20,Lille,aucun,2025-07-14,
CL107384,Durand,Chloe,chloe.durand7384@example.com,0627632189,1982-05-03,Lyon,aucun,2025-06-03,oui
CL107385,Bernard,Rayan,rayan.bernard7385@example.com,0621245631,1970-05-04,Lille,mensuel,2026-03-31,oui
CL107386,Michel,Yanis,yanis.michel7386@example.com,0622197583,1963-03-24,Lyon,mensuel,2026-09-21,non
CL107387,Petit,Louise,louise.petit7387@example.com,0642549893,1979-12-20,Grenoble,etudiant,2026-01-05,
CL107388,Roux,Rayan,rayan.roux7388@example.com,0612950129,1967-01-27,Lyon,annuel,2025-04-15,oui
CL107389,Roux,Sofia,sofia.roux7389@example.com,0638129025,1971-12-14,Nantes,aucun,2026-03-11,oui
CL107390,Robert,Gabriel,gabriel.robert7390@example.com,0668226592,1961-03-12,Lille,mensuel,2026-04-08,oui
CL107391,Petit,Hugo,hugo.petit7391@example.com,0670632716,1960-06-19,Grenoble,annuel,2026-07-31,non
CL107392,Laurent,Noah,noah.laurent7392@example.com,0619358016,1978-07-11,Lille,mensuel,2026-02-25,non
CL107393,Simon,Lea,lea.simon7393@example.com,0639631050,2003-09-26,Grenoble,mensuel,2026-09-28,oui
CL107394,Simon,Adam,adam.simon7394@example.com,0642804018,1981-04-02,Nantes,mensuel,2026-06-17,oui
CL107395,Michel,Ilyes,ilyes.michel7395@example.com,0610102725,1994-06-22,Lille,mensuel,2025-05-12,oui
CL107396,Petit,Sofia,sofia.petit7396@example.com,0644490838,1968-05-05,Nantes,mensuel,2025-04-19,oui
CL107397,Dubois,Sofia,sofia.dubois7397@example.com,0629071349,1966-10-02,Grenoble,aucun,2026-01-07,non
CL107398,Nguyen,Jade,jade.nguyen7398@example.com,0660122090,1961-02-03,Lille,aucun,2025-10-27,non
CL107399,Roux,Rayan,rayan.roux7399@example.com,0665665176,1998-12-03,Grenoble,aucun,2026-05-24,non
CL107400,Moreau,Amira,amira.moreau7400@example.com,0617399936,1970-05-21,Nantes,aucun,2026-05-19,non
CL107401,Dubois,Ilyes,ilyes.dubois7401@example.com,0694840071,2002-02-02,Lille,annuel,2026-04-12,non
CL107402,Petit,Hugo,hugo.petit7402@example.com,0663182602,1987-05-10,Grenoble,aucun,2025-09-19,non
CL107403,Dubois,Mehdi,mehdi.dubois7403@example.com,0634185357,1971-07-07,Grenoble,aucun,2026-10-18,
CL107404,Michel,Manon,manon.michel7404@example.com,0638646037,1976-10-10,Lille,aucun,2025-10-20,non
CL107405,Michel,Gabriel,gabriel.michel7405@example.com,0653985839,1964-04-11,Lille,mensuel,2025-12-08,oui
CL107406,Simon,Adam,adam.simon7406@example.com,0659641516,1982-09-13,Grenoble,aucun,2026-08-14,
CL107407,Moreau,Mehdi,mehdi.moreau7407@example.com,0643935617,1968-07-22,Nantes,entreprise,2025-11-07,non
CL107408,Nguyen,Gabriel,gabriel.nguyen7408@example.com,0629576068,1964-05-22,Lyon,etudiant,2026-05-25,non
CL107409,Martin,Amira,amira.martin7409@example.com,0693907048,1989-03-22,Grenoble,mensuel,2025-07-29,non
CL107410,Michel,Amira,amira.michel7410@example.com,0650157265,1984-01-23,Lille,etudiant,2025-11-20,
CL107411,Benali,Adam,adam.benali7411@example.com,0699129862,1974-07-16,Lyon,etudiant,2025-08-27,non
CL107412,Laurent,Chloe,chloe.laurent7412@example.com,0676831850,2000-11-25,Lyon,mensuel,2025-10-30,non
CL107413,Moreau,Louise,louise.moreau7413@example.com,0626118431,1981-12-14,Grenoble,aucun,2025-11-10,oui
CL107414,Laurent,Gabriel,gabriel.laurent7414@example.com,0678966269,1995-12-29,Grenoble,mensuel,2026-03-12,non
CL107415,Petit,Camille,camille.petit7415@example.com,0657336415,1989-08-01,Lille,etudiant,2025-03-12,
CL107416,Benali,Ines,ines.benali7416@example.com,0638483229,1998-09-13,Lille,aucun,2025-10-18,oui
CL107417,Dubois,Gabriel,gabriel.dubois7417@example.com,0666592192,1975-04-02,Grenoble,annuel,2026-04-28,
CL107418,Girard,Karim,karim.girard7418@example.com,0646762073,1997-03-02,Lyon,mensuel,2025-08-21,non
CL107419,Laurent,Mehdi,mehdi.laurent7419@example.com,0641173562,1988-07-31,Lyon,aucun,2026-07-01,non
CL107420,Robert,Ines,ines.robert7420@example.com,0625707643,1964-04-28,Lille,etudiant,2025-07-02,
CL107421,Benali,Manon,manon.benali7421@example.com,0675506695,1975-01-01,Lyon,aucun,2026-05-06,oui
CL107422,Martin,Rayan,rayan.martin7422@example.com,0645652695,1979-09-01,Nantes,etudiant,2025-10-25,oui
CL107423,Petit,Ilyes,ilyes.petit7423@example.com,0614263113,1974-03-07,Lille,mensuel,2025-03-05,
CL107424,Petit,Sofia,sofia.petit7424@example.com,0685419466,1995-06-08,Lille,etudiant,2025-10-22,oui
CL107425,Roux,Noah,noah.roux7425@example.com,0673258177,1989-06-26,Lyon,mensuel,2026-10-07,non
CL107426,Girard,Chloe,chloe.girard7426@example.com,0666373285,1993-01-27,Lyon,entreprise,2026-03-17,non
CL107427,Martin,Yanis,yanis.martin7427@example.com,0698630573,1983-07-07,Lyon,entreprise,2025-04-13,non
CL107428,Fournier,Ines,ines.fournier7428@example.com,0646964451,1983-07-26,Nantes,aucun,2025-12-26,
CL107429,Petit,Mehdi,mehdi.petit7429@example.com,0619010762,1996-09-13,Lyon,annuel,2025-04-25,oui
CL107430,Martin,Ines,ines.martin7430@example.com,0689054806,1964-06-22,Lille,annuel,2026-08-11,oui
CL107431,Roux,Adam,adam.roux7431@example.com,0696186091,1965-01-31,Lyon,aucun,2026-01-30,oui
CL107432,Bernard,Camille,camille.bernard7432@example.com,0639998351,1969-05-25,Lyon,mensuel,2025-03-18,non
CL107433,Bernard,Manon,manon.bernard7433@example.com,0692044261,1981-11-19,Lille,etudiant,2025-12-23,non
CL107434,Simon,Jade,jade.simon7434@example.com,0665791232,1996-12-31,Lille,aucun,2025-08-27,oui
CL107435,Benali,Rayan,rayan.benali7435@example.com,0649050537,1985-12-19,Nantes,aucun,2025-05-09,
CL107436,Roux,Mehdi,mehdi.roux7436@example.com,0626091093,1966-03-12,Grenoble,annuel,2026-08-14,
CL107437,Laurent,Camille,camille.laurent7437@example.com,0666387316,1965-09-03,Lyon,etudiant,2025-05-19,non
CL107438,Bernard,Gabriel,gabriel.bernard7438@example.com,0617187372,1992-06-10,Nantes,aucun,2025-06-15,oui
CL107439,Dubois,Adam,adam.dubois7439@example.com,0686953234,1980-07-23,Lyon,entreprise,2026-10-21,oui
CL107440,Simon,Amira,amira.simon7440@example.com,0641847707,1967-04-21,Lille,mensuel,2026-06-02,
CL107441,Michel,Yanis,yanis.michel7441@example.com,0620477773,1982-08-22,Lille,etudiant,2026-03-31,
CL107442,Fournier,Yanis,yanis.fournier7442@example.com,0646221672,1999-04-15,Lyon,aucun,2025-10-23,
CL107443,Moreau,Hugo,hugo.moreau7443@example.com,0652771388,2002-07-17,Nantes,aucun,2025-08-13,oui
CL107444,Girard,Adam,adam.girard7444@example.com,0665867707,1971-02-10,Lyon,etudiant,2026-09-01,
CL107445,Martin,Louise,louise.martin7445@example.com,0658614965,1963-05-03,Nantes,entreprise,2026-01-27,
CL107446,Roux,Lea,lea.roux7446@example.com,0649031969,1990-11-12,Grenoble,aucun,2026-07-27,
CL107447,Laurent,Hugo,hugo.laurent7447@example.com,0638780369,1964-06-23,Nantes,mensuel,2026-05-21,
CL107448,Girard,Lea,lea.girard7448@example.com,0619562032,1968-07-03,Grenoble,mensuel,2026-03-24,non
CL107449,Petit,Ines,ines.petit7449@example.com,0693537940,1978-10-08,Lyon,aucun,2025-08-22,non
CL107450,Nguyen,Lea,lea.nguyen7450@example.com,0626493287,1967-07-06,Grenoble,mensuel,2025-04-16,non
CL107451,Roux,Chloe,chloe.roux7451@example.com,0647909907,1969-12-12,Lille,aucun,2026-04-10,
CL107452,Garcia,Rayan,rayan.garcia7452@example.com,0647035329,1975-06-20,Lyon,mensuel,2026-09-04,non
CL107453,Girard,Sofia,sofia.girard7453@example.com,0618090939,1979-06-14,Lille,etudiant,2026-04-09,
CL107454,Girard,Camille,camille.girard7454@example.com,0657991450,1999-05-23,Lyon,aucun,2025-09-14,non
CL107455,Bernard,Gabriel,gabriel.bernard7455@example.com,0655123592,1974-06-18,Lille,annuel,2026-08-25,
CL107456,Dubois,Chloe,chloe.dubois7456@example.com,0673918592,1990-04-06,Grenoble,etudiant,2026-10-17,
CL107457,Moreau,Sofia,sofia.moreau7457@example.com,0628388171,1982-02-23,Lyon,annuel,2025-08-08,oui
CL107458,Laurent,Lea,lea.laurent7458@example.com,0630176981,1967-05-05,Lyon,aucun,2025-07-18,non
CL107459,Martin,Camille,camille.martin7459@example.com,0695163138,1975-10-01,Lille,mensuel,2026-09-05,
CL107460,Moreau,Lea,lea.moreau7460@example.com,0639695132,2003-10-19,Lille,mensuel,2025-10-06,oui
CL107461,Petit,Rayan,rayan.petit7461@example.com,0695702986,1989-01-30,Lyon,aucun,2026-07-31,
CL107462,Fournier,Ines,ines.fournier7462@example.com,0670958355,1971-10-06,Nantes,mensuel,2025-12-07,
CL107463,Laurent,Adam,adam.laurent7463@example.com,0666288490,1967-01-28,Lille,mensuel,2026-04-09,
CL107464,Martin,Yanis,yanis.martin7464@example.com,0694687505,1972-09-01,Nantes,entreprise,2025-09-07,oui
CL107465,Roux,Chloe,chloe.roux7465@example.com,0639106918,1987-02-09,Lyon,mensuel,2026-08-15,oui
CL107466,Michel,Louise,louise.michel7466@example.com,0666182638,2003-05-20,Lyon,etudiant,2025-10-18,
CL107467,Simon,Lea,lea.simon7467@example.com,0659790305,1969-06-08,Nantes,mensuel,2026-09-03,non
CL107468,Garcia,Hugo,hugo.garcia7468@example.com,0680556753,1973-05-07,Lyon,aucun,2026-09-26,non
CL107469,Michel,Mehdi,mehdi.michel7469@example.com,0640255164,1981-07-10,Lyon,entreprise,2026-06-09,
CL107470,Garcia,Sofia,sofia.garcia7470@example.com,0661758643,1983-01-18,Lyon,mensuel,2025-10-26,oui
CL107471,Simon,Lea,lea.simon7471@example.com,0694630445,1964-10-03,Grenoble,aucun,2026-01-25,
CL107472,Martin,Jade,jade.martin7472@example.com,0691472200,2000-09-25,Nantes,aucun,2025-03-07,non
CL107473,Roux,Noah,noah.roux7473@example.com,0629323324,1969-01-15,Nantes,mensuel,2025-10-05,
CL107474,Benali,Manon,manon.benali7474@example.com,0611722488,1997-11-04,Lille,aucun,2025-05-17,non
CL107475,Dubois,Manon,manon.dubois7475@example.com,0660252686,1975-08-02,Lyon,mensuel,2026-02-21,
CL107476,Robert,Ines,ines.robert7476@example.com,0684222021,1975-05-03,Grenoble,mensuel,2026-10-22,oui
CL107477,Benali,Rayan,rayan.benali7477@example.com,0633549116,1987-01-23,Nantes,aucun,2025-07-09,oui
CL107478,Benali,Noah,noah.benali7478@example.com,0648725463,1966-10-22,Grenoble,mensuel,2026-02-04,oui
CL107479,Roux,Ilyes,ilyes.roux7479@example.com,0692157049,2002-09-22,Lille,mensuel,2026-01-16,oui
CL107480,Bernard,Yanis,yanis.bernard7480@example.com,0622634536,1962-04-10,Lyon,aucun,2025-03-15,non
CL107481,Bernard,Gabriel,gabriel.bernard7481@example.com,0611491003,1978-12-07,Lille,aucun,2025-11-16,
CL107482,Nguyen,Jade,jade.nguyen7482@example.com,0613462416,1994-08-06,Lille,etudiant,2025-10-21,
CL107483,Dubois,Chloe,chloe.dubois7483@example.com,0614508018,1973-02-15,Nantes,mensuel,2026-04-19,oui
CL107484,Martin,Gabriel,gabriel.martin7484@example.com,0694865755,1991-02-10,Lyon,etudiant,2026-01-18,oui
CL107485,Bernard,Yanis,yanis.bernard7485@example.com,0673189807,1986-12-09,Grenoble,aucun,2025-08-05,non
CL107486,Girard,Noah,noah.girard7486@example.com,0677818218,1998-02-19,Lille,aucun,2026-01-08,non
CL107487,Bernard,Noah,noah.bernard7487@example.com,0611757843,2000-06-12,Lyon,mensuel,2025-09-17,oui
CL107488,Moreau,Karim,karim.moreau7488@example.com,0660822818,1981-04-27,Lyon,mensuel,2025-11-04,
CL107489,Durand,Louise,louise.durand7489@example.com,0634717759,1970-04-11,Lyon,annuel,2025-12-14,oui
CL107490,Simon,Karim,karim.simon7490@example.com,0691581314,1977-04-28,Lyon,mensuel,2025-11-03,oui
CL107491,Simon,Yanis,yanis.simon7491@example.com,0677244454,1991-06-07,Lille,aucun,2026-03-07,oui
CL107492,Girard,Lea,lea.girard7492@example.com,0637331829,1967-10-22,Grenoble,aucun,2025-03-17,
CL107493,Fournier,Adam,adam.fournier7493@example.com,0663155634,1990-01-05,Lille,annuel,2026-02-22,oui
CL107494,Robert,Jade,jade.robert7494@example.com,0696732652,1979-06-02,Lille,aucun,2026-09-27,oui
CL107495,Martin,Mehdi,mehdi.martin7495@example.com,0615604791,1997-06-21,Lyon,mensuel,2025-06-24,oui
CL107496,Dubois,Manon,manon.dubois7496@example.com,0654272517,1996-12-14,Grenoble,etudiant,2025-05-13,
CL107497,Nguyen,Louise,louise.nguyen7497@example.com,0693686272,1997-09-04,Nantes,annuel,2026-01-30,non
CL107498,Petit,Rayan,rayan.petit7498@example.com,0666838784,1991-04-05,Lille,aucun,2025-09-18,
CL107499,Garcia,Amira,amira.garcia7499@example.com,0616115123,1992-04-18,Lyon,etudiant,2026-03-16,non
CL107500,Fournier,Chloe,chloe.fournier7500@example.com,0644180001,1961-06-30,Lyon,aucun,2025-12-04,non
CL107501,Garcia,Lea,lea.garcia7501@example.com,0633468188,1993-08-25,Lyon,entreprise,2026-07-09,non
CL107502,Nguyen,Noah,noah.nguyen7502@example.com,0627922933,1994-09-27,Grenoble,etudiant,2026-05-01,oui
CL107503,Nguyen,Yanis,yanis.nguyen7503@example.com,0659870990,1992-02-14,Lille,annuel,2026-06-09,non
CL107504,Martin,Yanis,yanis.martin7504@example.com,0649933375,1994-01-31,Lyon,mensuel,2026-09-09,non
CL107505,Roux,Louise,louise.roux7505@example.com,0618014548,2002-12-29,Lyon,aucun,2025-11-08,oui
CL107506,Moreau,Karim,karim.moreau7506@example.com,0633116341,1966-01-11,Lille,annuel,2025-05-15,
CL107507,Durand,Ilyes,ilyes.durand7507@example.com,0610232013,1977-08-02,Nantes,annuel,2025-03-01,
CL107508,Laurent,Manon,manon.laurent7508@example.com,0610189041,2001-12-16,Lille,annuel,2026-08-03,non
CL107509,Benali,Rayan,rayan.benali7509@example.com,0692173523,1971-03-27,Nantes,annuel,2026-03-20,oui
CL107510,Fournier,Lea,lea.fournier7510@example.com,0658351179,1997-08-17,Lyon,etudiant,2026-09-07,
CL107511,Durand,Louise,louise.durand7511@example.com,0684604676,1974-12-20,Nantes,etudiant,2025-04-09,non
CL107512,Simon,Sofia,sofia.simon7512@example.com,0639424914,1999-07-26,Lyon,mensuel,2026-08-11,
CL107513,Laurent,Gabriel,gabriel.laurent7513@example.com,0643918433,1987-05-12,Lille,annuel,2025-08-07,oui
CL107514,Dubois,Jade,jade.dubois7514@example.com,0674995219,1988-12-05,Lille,etudiant,2025-08-22,oui
CL107515,Simon,Louise,louise.simon7515@example.com,0654160254,1990-06-27,Nantes,aucun,2025-09-28,
CL107516,Robert,Karim,karim.robert7516@example.com,0650460631,1970-01-13,Lille,annuel,2025-08-02,non
CL107517,Roux,Manon,manon.roux7517@example.com,0650083881,2002-03-16,Lille,aucun,2026-06-09,oui
CL107518,Petit,Yanis,yanis.petit7518@example.com,0634592066,1990-07-02,Grenoble,annuel,2026-06-25,non
CL107519,Dubois,Manon,manon.dubois7519@example.com,0626170019,1960-08-08,Grenoble,aucun,2026-08-22,non
CL107520,Nguyen,Lea,lea.nguyen7520@example.com,0611290152,1995-10-28,Lille,mensuel,2025-04-25,non
CL107521,Girard,Mehdi,mehdi.girard7521@example.com,0685356795,1974-06-22,Grenoble,aucun,2026-07-30,
CL107522,Bernard,Mehdi,mehdi.bernard7522@example.com,0616933664,1992-04-26,Nantes,annuel,2026-07-14,non
CL107523,Bernard,Ines,ines.bernard7523@example.com,0621163858,1982-10-22,Lille,annuel,2026-04-06,non
CL107524,Bernard,Hugo,hugo.bernard7524@example.com,0698476371,1979-01-27,Nantes,aucun,2025-06-08,oui
CL107525,Simon,Ines,ines.simon7525@example.com,0680134713,1988-04-08,Grenoble,etudiant,2025-09-19,
CL107526,Michel,Amira,amira.michel7526@example.com,0679725683,1985-01-26,Lille,etudiant,2025-04-17,non
CL107527,Durand,Chloe,chloe.durand7527@example.com,0670549607,1980-03-19,Grenoble,aucun,2025-05-13,non
CL107528,Moreau,Hugo,hugo.moreau7528@example.com,0680630441,1969-05-25,Nantes,aucun,2026-10-15,non
CL107529,Garcia,Amira,amira.garcia7529@example.com,0694334406,1988-03-05,Grenoble,etudiant,2025-05-22,oui
CL107530,Benali,Lea,lea.benali7530@example.com,0676245725,1978-07-21,Lille,etudiant,2025-06-19,oui
CL107531,Simon,Lea,lea.simon7531@example.com,0630369943,1973-03-19,Lille,aucun,2025-03-22,oui
CL107532,Roux,Ines,ines.roux7532@example.com,0628278155,1975-12-27,Lille,mensuel,2025-06-16,
CL107533,Garcia,Hugo,hugo.garcia7533@example.com,0659971071,1993-05-13,Nantes,aucun,2025-10-21,non
CL107534,Benali,Karim,karim.benali7534@example.com,0618688557,1964-03-23,Lyon,aucun,2025-09-21,non
CL107535,Moreau,Adam,adam.moreau7535@example.com,0626081802,1999-09-23,Nantes,mensuel,2025-12-12,oui
CL107536,Laurent,Lea,lea.laurent7536@example.com,0655069560,1962-07-02,Grenoble,etudiant,2026-09-04,oui
CL107537,Roux,Amira,amira.roux7537@example.com,0698778710,1994-04-17,Lille,mensuel,2025-03-25,oui
CL107538,Nguyen,Amira,amira.nguyen7538@example.com,0629280973,1981-06-16,Nantes,etudiant,2026-01-28,
CL107539,Nguyen,Louise,louise.nguyen7539@example.com,0675856361,1977-07-02,Grenoble,mensuel,2026-09-09,oui
CL107540,Moreau,Noah,noah.moreau7540@example.com,0690943680,1965-04-08,Lille,aucun,2025-04-07,oui
CL107541,Durand,Ilyes,ilyes.durand7541@example.com,0697291017,1983-04-02,Lyon,aucun,2025-04-30,non
CL107542,Simon,Noah,noah.simon7542@example.com,0656045597,1992-12-20,Nantes,annuel,2026-06-11,oui
CL107543,Durand,Ines,ines.durand7543@example.com,0611290250,1998-07-23,Grenoble,mensuel,2025-11-24,oui
CL107544,Durand,Ilyes,ilyes.durand7544@example.com,0665851722,1968-02-12,Lyon,etudiant,2025-10-28,oui
CL107545,Dubois,Ilyes,ilyes.dubois7545@example.com,0626449481,2000-04-07,Grenoble,mensuel,2026-02-18,
CL107546,Petit,Noah,noah.petit7546@example.com,0664853947,1968-05-30,Lyon,entreprise,2025-09-09,oui
CL107547,Bernard,Ines,ines.bernard7547@example.com,0628689599,1976-03-26,Nantes,mensuel,2026-03-27,non
CL107548,Garcia,Yanis,yanis.garcia7548@example.com,0678794728,1970-09-17,Grenoble,aucun,2025-11-30,non
CL107549,Simon,Amira,amira.simon7549@example.com,0683535692,1979-03-27,Lyon,etudiant,2026-02-02,
CL107550,Roux,Rayan,rayan.roux7550@example.com,0674384352,1974-06-04,Nantes,annuel,2025-09-06,non
CL107551,Bernard,Louise,louise.bernard7551@example.com,0617188460,1981-10-27,Nantes,aucun,2026-09-16,non
CL107552,Laurent,Lea,lea.laurent7552@example.com,0668761538,1987-10-09,Nantes,entreprise,2026-03-16,non
CL107553,Laurent,Ines,ines.laurent7553@example.com,0646364054,1983-12-09,Lille,aucun,2026-03-02,oui
CL107554,Fournier,Chloe,chloe.fournier7554@example.com,0663296290,1972-10-30,Lyon,mensuel,2026-01-16,non
CL107555,Petit,Yanis,yanis.petit7555@example.com,0630147534,1978-10-08,Grenoble,aucun,2026-06-27,oui
CL107556,Roux,Camille,camille.roux7556@example.com,0642811675,1967-08-15,Lyon,mensuel,2025-05-27,non
CL107557,Petit,Gabriel,gabriel.petit7557@example.com,0670120329,1985-05-24,Nantes,mensuel,2026-05-14,
CL107558,Bernard,Lea,lea.bernard7558@example.com,0673752197,1972-06-27,Nantes,entreprise,2026-01-05,oui
CL107559,Petit,Noah,noah.petit7559@example.com,0640399249,1966-01-03,Nantes,mensuel,2025-11-29,non
CL107560,Michel,Camille,camille.michel7560@example.com,0657463403,1986-05-23,Grenoble,mensuel,2026-04-12,oui
CL107561,Petit,Camille,camille.petit7561@example.com,0628022542,1981-03-19,Lille,mensuel,2026-09-28,
CL107562,Girard,Jade,jade.girard7562@example.com,0669236945,1981-08-07,Lyon,etudiant,2026-03-11,oui
CL107563,Robert,Noah,noah.robert7563@example.com,0695350203,1983-09-23,Lyon,aucun,2026-04-01,oui
CL107564,Roux,Lea,lea.roux7564@example.com,0659111142,1994-08-06,Nantes,annuel,2026-05-04,oui
CL107565,Robert,Lea,lea.robert7565@example.com,0635302690,1980-02-12,Nantes,aucun,2025-06-06,non
CL107566,Laurent,Noah,noah.laurent7566@example.com,0620739210,1967-05-11,Grenoble,etudiant,2025-10-08,non
CL107567,Roux,Amira,amira.roux7567@example.com,0648523169,2000-02-29,Lyon,annuel,2025-06-28,non
CL107568,Girard,Noah,noah.girard7568@example.com,0699585774,1972-10-26,Lyon,annuel,2026-01-08,oui
CL107569,Robert,Hugo,hugo.robert7569@example.com,0611409865,1978-06-15,Lille,entreprise,2026-09-29,non
CL107570,Roux,Sofia,sofia.roux7570@example.com,0678614824,1996-04-20,Lille,aucun,2026-02-20,oui
CL107571,Girard,Karim,karim.girard7571@example.com,0674185092,1999-09-03,Lille,etudiant,2025-10-28,oui
CL107572,Roux,Manon,manon.roux7572@example.com,0689969366,1968-06-19,Grenoble,aucun,2026-08-24,oui
CL107573,Moreau,Chloe,chloe.moreau7573@example.com,0637025801,1971-05-18,Grenoble,aucun,2026-01-27,non
CL107574,Garcia,Karim,karim.garcia7574@example.com,0658417915,1962-10-10,Grenoble,annuel,2025-05-02,
CL107575,Martin,Yanis,yanis.martin7575@example.com,0652802965,1986-02-19,Grenoble,aucun,2026-04-27,non
CL107576,Martin,Mehdi,mehdi.martin7576@example.com,0697768038,2002-02-28,Nantes,mensuel,2025-09-17,oui
CL107577,Girard,Lea,lea.girard7577@example.com,0612951798,1984-09-30,Grenoble,annuel,2025-11-28,oui
CL107578,Girard,Sofia,sofia.girard7578@example.com,0674620320,1969-05-02,Lyon,aucun,2025-09-22,oui
CL107579,Bernard,Manon,manon.bernard7579@example.com,0636482306,1985-01-20,Nantes,etudiant,2025-12-21,non
CL107580,Martin,Ines,ines.martin7580@example.com,0675770240,1981-08-06,Lyon,mensuel,2025-07-03,
CL107581,Moreau,Noah,noah.moreau7581@example.com,0695302276,1989-07-04,Lyon,aucun,2026-04-10,
CL107582,Girard,Noah,noah.girard7582@example.com,0633153365,1996-02-29,Lyon,mensuel,2026-04-25,oui
CL107583,Robert,Camille,camille.robert7583@example.com,0679386529,1993-01-19,Lille,mensuel,2026-09-20,
CL107584,Benali,Hugo,hugo.benali7584@example.com,0686024370,1974-09-04,Nantes,mensuel,2025-04-26,
CL107585,Robert,Amira,amira.robert7585@example.com,0684176189,1996-12-06,Lille,aucun,2025-08-28,
CL107586,Dubois,Sofia,sofia.dubois7586@example.com,0646143307,1969-10-09,Lyon,annuel,2025-10-22,non
CL107587,Moreau,Yanis,yanis.moreau7587@example.com,0699311752,1995-11-14,Lyon,mensuel,2025-07-21,oui
CL107588,Moreau,Jade,jade.moreau7588@example.com,0686958903,1973-02-16,Nantes,annuel,2025-05-26,oui
CL107589,Bernard,Noah,noah.bernard7589@example.com,0676019789,2003-02-11,Lille,aucun,2025-10-12,
CL107590,Petit,Karim,karim.petit7590@example.com,0636924802,1968-12-05,Lyon,aucun,2025-08-12,non
CL107591,Girard,Gabriel,gabriel.girard7591@example.com,0614437231,1978-09-14,Nantes,etudiant,2025-05-21,oui
CL107592,Moreau,Manon,manon.moreau7592@example.com,0672423142,1975-08-10,Lyon,aucun,2026-08-20,
CL107593,Dubois,Amira,amira.dubois7593@example.com,0662659096,2003-04-13,Nantes,aucun,2026-04-28,
CL107594,Moreau,Noah,noah.moreau7594@example.com,0692564539,2002-07-05,Nantes,mensuel,2026-01-04,oui
CL107595,Moreau,Louise,louise.moreau7595@example.com,0641003873,1967-08-09,Lyon,aucun,2026-02-06,non
CL107596,Michel,Ines,ines.michel7596@example.com,0675572170,1992-05-09,Lille,etudiant,2025-10-22,
CL107597,Robert,Manon,manon.robert7597@example.com,0674504367,1983-04-23,Nantes,etudiant,2025-11-29,
CL107598,Benali,Jade,jade.benali7598@example.com,0691849329,1992-01-30,Nantes,etudiant,2026-05-29,non
CL107599,Laurent,Lea,lea.laurent7599@example.com,0665723957,1968-01-12,Lille,aucun,2025-05-21,non
CL107600,Michel,Yanis,yanis.michel7600@example.com,0695961495,2002-03-27,Lyon,aucun,2026-04-30,
CL107601,Robert,Chloe,chloe.robert7601@example.com,0678673418,1999-12-25,Lille,mensuel,2026-05-15,non
CL107602,Benali,Yanis,yanis.benali7602@example.com,0641818232,1976-12-20,Nantes,entreprise,2026-06-25,non
CL107603,Durand,Jade,jade.durand7603@example.com,0686873127,1983-05-03,Grenoble,mensuel,2026-08-01,non
CL107604,Garcia,Camille,camille.garcia7604@example.com,0634761498,2001-09-01,Lille,aucun,2026-02-27,non
CL107605,Roux,Yanis,yanis.roux7605@example.com,0666480819,1977-12-02,Lyon,etudiant,2026-01-04,
CL107606,Simon,Rayan,rayan.simon7606@example.com,0687499163,1994-10-06,Lyon,aucun,2025-07-21,non
CL107607,Durand,Chloe,chloe.durand7607@example.com,0693446380,2000-06-07,Lyon,aucun,2025-10-06,
CL107608,Martin,Rayan,rayan.martin7608@example.com,0635629342,1997-03-23,Lille,mensuel,2026-09-05,non
CL107609,Petit,Lea,lea.petit7609@example.com,0618358502,1990-01-03,Grenoble,annuel,2025-12-24,
CL107610,Petit,Louise,louise.petit7610@example.com,0646871142,1987-06-05,Nantes,annuel,2025-03-09,oui
CL107611,Robert,Hugo,hugo.robert7611@example.com,0640757578,1990-05-27,Grenoble,mensuel,2025-03-03,
CL107612,Roux,Chloe,chloe.roux7612@example.com,0651090076,1988-12-03,Lyon,mensuel,2025-11-17,non
CL107613,Fournier,Noah,noah.fournier7613@example.com,0659781539,1987-09-26,Lyon,aucun,2025-05-04,
CL107614,Garcia,Sofia,sofia.garcia7614@example.com,0638700682,1988-04-17,Grenoble,annuel,2025-03-02,
CL107615,Benali,Yanis,yanis.benali7615@example.com,0648346745,1993-07-10,Lille,aucun,2026-03-23,
CL107616,Robert,Louise,louise.robert7616@example.com,0699896816,2001-01-29,Nantes,aucun,2026-09-04,non
CL107617,Simon,Yanis,yanis.simon7617@example.com,0671598076,1969-10-25,Grenoble,mensuel,2025-10-11,oui
CL107618,Simon,Amira,amira.simon7618@example.com,0654839412,1976-08-21,Lyon,aucun,2025-12-27,non
CL107619,Michel,Hugo,hugo.michel7619@example.com,0653827554,1978-08-13,Lille,annuel,2025-11-24,
CL107620,Moreau,Sofia,sofia.moreau7620@example.com,0622119728,2001-12-29,Lyon,aucun,2025-11-24,
CL107621,Robert,Adam,adam.robert7621@example.com,0671841130,1990-08-16,Grenoble,mensuel,2025-09-13,non
CL107622,Dubois,Rayan,rayan.dubois7622@example.com,0694943493,1980-08-09,Lyon,aucun,2025-06-29,
CL107623,Robert,Hugo,hugo.robert7623@example.com,0637787636,1997-09-07,Grenoble,annuel,2025-10-28,
CL107624,Robert,Noah,noah.robert7624@example.com,0641742043,1982-09-12,Lyon,annuel,2026-04-25,oui
CL107625,Girard,Camille,camille.girard7625@example.com,0651195551,1982-11-02,Lyon,entreprise,2025-05-12,oui
CL107626,Girard,Rayan,rayan.girard7626@example.com,0624693132,1999-01-30,Lyon,mensuel,2026-10-07,
CL107627,Martin,Hugo,hugo.martin7627@example.com,0645552295,1973-01-21,Nantes,aucun,2026-06-30,oui
CL107628,Girard,Hugo,hugo.girard7628@example.com,0661597704,1964-08-11,Lille,aucun,2025-11-23,oui
CL107629,Michel,Chloe,chloe.michel7629@example.com,0638098173,2001-05-04,Lyon,aucun,2026-07-27,oui
CL107630,Laurent,Rayan,rayan.laurent7630@example.com,0646000950,1982-01-08,Nantes,aucun,2026-08-02,
CL107631,Robert,Yanis,yanis.robert7631@example.com,0648545972,1971-05-30,Nantes,entreprise,2026-08-20,
CL107632,Fournier,Amira,amira.fournier7632@example.com,0615140516,1995-02-10,Lyon,aucun,2026-02-27,oui
CL107633,Bernard,Adam,adam.bernard7633@example.com,0678749269,1972-12-26,Lille,aucun,2026-03-29,
CL107634,Garcia,Karim,karim.garcia7634@example.com,0663098366,1982-11-03,Lyon,mensuel,2025-10-08,non
CL107635,Simon,Lea,lea.simon7635@example.com,0612351639,2001-06-22,Nantes,aucun,2025-05-07,non
CL107636,Roux,Sofia,sofia.roux7636@example.com,0662560676,1980-07-20,Lille,aucun,2025-10-27,non
CL107637,Robert,Rayan,rayan.robert7637@example.com,0651119153,1965-04-13,Lille,mensuel,2025-12-08,oui
CL107638,Roux,Yanis,yanis.roux7638@example.com,0640439101,1967-10-31,Lille,mensuel,2025-08-04,non
CL107639,Martin,Amira,amira.martin7639@example.com,0661694019,2001-03-02,Grenoble,mensuel,2026-07-05,non
CL107640,Bernard,Louise,louise.bernard7640@example.com,0675021725,1968-09-11,Lille,aucun,2026-04-20,non
CL107641,Simon,Ines,ines.simon7641@example.com,0675173353,1976-05-30,Lyon,aucun,2025-12-22,
CL107642,Bernard,Gabriel,gabriel.bernard7642@example.com,0698518135,1994-08-07,Nantes,aucun,2025-12-13,
CL107643,Moreau,Amira,amira.moreau7643@example.com,0696845861,1986-07-30,Nantes,aucun,2026-03-06,
CL107644,Petit,Karim,karim.petit7644@example.com,0632546887,1968-04-06,Lyon,etudiant,2025-08-13,non
CL107645,Garcia,Lea,lea.garcia7645@example.com,0617056508,1988-09-04,Lyon,annuel,2025-06-18,
CL107646,Moreau,Mehdi,mehdi.moreau7646@example.com,0668974556,1960-02-14,Nantes,mensuel,2026-03-07,
CL107647,Fournier,Adam,adam.fournier7647@example.com,0667762785,2003-03-11,Nantes,annuel,2026-01-12,
CL107648,Nguyen,Adam,adam.nguyen7648@example.com,0627007489,1990-02-13,Grenoble,annuel,2025-12-19,oui
CL107649,Nguyen,Ines,ines.nguyen7649@example.com,0654638842,1977-11-07,Lyon,mensuel,2026-09-27,non
CL107650,Dubois,Mehdi,mehdi.dubois7650@example.com,0632758937,1980-07-07,Nantes,etudiant,2025-03-27,non
CL107651,Moreau,Manon,manon.moreau7651@example.com,0662090110,1975-08-15,Lyon,etudiant,2026-09-06,
CL107652,Girard,Ilyes,ilyes.girard7652@example.com,0680187579,1969-07-28,Lyon,mensuel,2025-06-04,oui
CL107653,Roux,Lea,lea.roux7653@example.com,0661958204,1992-03-18,Nantes,aucun,2026-04-18,oui
CL107654,Robert,Manon,manon.robert7654@example.com,0642189165,1961-02-22,Lyon,aucun,2025-06-28,non
CL107655,Garcia,Lea,lea.garcia7655@example.com,0637397131,1984-09-24,Grenoble,aucun,2026-08-08,
CL107656,Martin,Mehdi,mehdi.martin7656@example.com,0675599244,1982-05-29,Lille,annuel,2026-05-21,
CL107657,Laurent,Ines,ines.laurent7657@example.com,0625472835,1983-08-04,Nantes,aucun,2025-03-01,non
CL107658,Dubois,Jade,jade.dubois7658@example.com,0659108584,1998-03-09,Lyon,aucun,2025-08-08,oui
CL107659,Martin,Karim,karim.martin7659@example.com,0645153462,1989-10-26,Grenoble,aucun,2025-06-12,
CL107660,Michel,Amira,amira.michel7660@example.com,0612062786,1977-11-26,Grenoble,mensuel,2026-10-05,
CL107661,Fournier,Amira,amira.fournier7661@example.com,0612853694,1975-11-14,Lyon,aucun,2026-09-04,
CL107662,Simon,Adam,adam.simon7662@example.com,0635847945,1979-11-18,Lille,etudiant,2026-04-03,
CL107663,Dubois,Sofia,sofia.dubois7663@example.com,0638298642,1969-02-26,Lyon,annuel,2026-04-09,
CL107664,Benali,Adam,adam.benali7664@example.com,0672061336,1981-08-23,Nantes,aucun,2025-05-03,oui
CL107665,Michel,Lea,lea.michel7665@example.com,0690304944,1980-06-14,Grenoble,mensuel,2026-04-25,oui
CL107666,Dubois,Chloe,chloe.dubois7666@example.com,0690525874,1965-05-07,Lyon,aucun,2026-05-27,
CL107667,Moreau,Sofia,sofia.moreau7667@example.com,0650646422,2003-01-05,Lille,mensuel,2025-09-04,non
CL107668,Simon,Ines,ines.simon7668@example.com,0673963188,1999-09-08,Grenoble,aucun,2026-10-21,oui
CL107669,Simon,Yanis,yanis.simon7669@example.com,0651444952,1998-08-05,Lille,etudiant,2025-05-27,non
CL107670,Roux,Lea,lea.roux7670@example.com,0693324376,1992-04-27,Lyon,aucun,2025-03-25,
CL107671,Girard,Chloe,chloe.girard7671@example.com,0637835834,1998-04-30,Lyon,aucun,2026-06-05,non
CL107672,Martin,Karim,karim.martin7672@example.com,0635627309,1993-03-04,Lille,aucun,2025-11-18,oui
CL107673,Martin,Lea,lea.martin7673@example.com,0663604139,1978-01-05,Lille,mensuel,2025-06-21,oui
CL107674,Laurent,Ilyes,ilyes.laurent7674@example.com,0640637137,1985-03-27,Grenoble,aucun,2025-11-11,
CL107675,Dubois,Manon,manon.dubois7675@example.com,0627441878,1970-01-25,Grenoble,mensuel,2026-06-19,non
CL107676,Girard,Noah,noah.girard7676@example.com,0642752674,1999-09-26,Lyon,etudiant,2026-03-13,oui
CL107677,Girard,Karim,karim.girard7677@example.com,0677672509,1995-03-17,Lyon,mensuel,2026-04-26,non
CL107678,Petit,Ines,ines.petit7678@example.com,0659207056,1970-05-23,Lyon,mensuel,2025-06-25,non
CL107679,Garcia,Amira,amira.garcia7679@example.com,0680489568,1971-12-21,Lyon,aucun,2026-02-17,oui
CL107680,Martin,Ilyes,ilyes.martin7680@example.com,0695943143,1969-11-19,Lyon,mensuel,2026-07-21,
CL107681,Nguyen,Mehdi,mehdi.nguyen7681@example.com,0627771700,1984-03-12,Grenoble,aucun,2026-08-02,
CL107682,Girard,Ilyes,ilyes.girard7682@example.com,0631098381,1963-04-26,Nantes,etudiant,2025-10-01,non
CL107683,Roux,Chloe,chloe.roux7683@example.com,0675632488,1968-12-08,Lyon,mensuel,2025-08-28,oui
CL107684,Garcia,Sofia,sofia.garcia7684@example.com,0657533265,1981-11-26,Lyon,aucun,2025-09-12,oui
CL107685,Moreau,Lea,lea.moreau7685@example.com,0661196870,1991-01-27,Lyon,annuel,2026-08-31,non
CL107686,Martin,Amira,amira.martin7686@example.com,0671658865,1998-05-18,Lyon,aucun,2026-02-27,non
CL107687,Fournier,Ilyes,ilyes.fournier7687@example.com,0693997232,1965-12-14,Grenoble,mensuel,2025-07-08,
CL107688,Girard,Mehdi,mehdi.girard7688@example.com,0682990517,1999-08-23,Nantes,entreprise,2026-02-18,non
CL107689,Benali,Adam,adam.benali7689@example.com,0610418426,1988-03-06,Lille,mensuel,2025-03-10,oui
CL107690,Garcia,Ilyes,ilyes.garcia7690@example.com,0619469811,1985-03-21,Lyon,aucun,2026-02-27,
CL107691,Bernard,Gabriel,gabriel.bernard7691@example.com,0640298169,1961-11-12,Nantes,mensuel,2026-03-22,oui
CL107692,Moreau,Hugo,hugo.moreau7692@example.com,0624515456,1968-01-16,Lyon,etudiant,2026-02-08,non
CL107693,Moreau,Sofia,sofia.moreau7693@example.com,0679010801,1991-07-09,Grenoble,etudiant,2025-09-14,non
CL107694,Simon,Chloe,chloe.simon7694@example.com,0640600044,1964-07-15,Lyon,etudiant,2025-09-09,
CL107695,Dubois,Karim,karim.dubois7695@example.com,0651991342,1984-05-07,Grenoble,annuel,2026-09-04,
CL107696,Petit,Hugo,hugo.petit7696@example.com,0639338223,1976-05-26,Lyon,annuel,2025-12-21,oui
CL107697,Martin,Yanis,yanis.martin7697@example.com,0692396099,1962-11-22,Nantes,aucun,2025-09-07,non
CL107698,Girard,Ines,ines.girard7698@example.com,0624803447,1980-07-07,Lyon,aucun,2026-01-20,oui
CL107699,Michel,Louise,louise.michel7699@example.com,0633737675,1966-08-07,Nantes,aucun,2025-07-28,oui
CL107700,Moreau,Gabriel,gabriel.moreau7700@example.com,0685986151,1991-03-06,Lyon,etudiant,2025-11-05,non
CL107701,Robert,Karim,karim.robert7701@example.com,0628863087,1986-08-19,Grenoble,mensuel,2026-04-04,oui
CL107702,Benali,Rayan,rayan.benali7702@example.com,0645840299,1965-10-12,Grenoble,annuel,2025-08-30,
CL107703,Simon,Karim,karim.simon7703@example.com,0611457390,1994-07-19,Lyon,annuel,2026-03-16,
CL107704,Durand,Sofia,sofia.durand7704@example.com,0659664628,1964-04-12,Lille,aucun,2025-09-17,non
CL107705,Petit,Gabriel,gabriel.petit7705@example.com,0635438823,1969-02-24,Nantes,etudiant,2026-03-21,oui
CL107706,Garcia,Hugo,hugo.garcia7706@example.com,0618151050,1975-07-18,Nantes,aucun,2026-06-14,non
CL107707,Moreau,Louise,louise.moreau7707@example.com,0628364818,2003-08-25,Lyon,mensuel,2026-08-31,
CL107708,Garcia,Ilyes,ilyes.garcia7708@example.com,0685559020,1967-08-27,Nantes,annuel,2026-06-02,non
CL107709,Dubois,Hugo,hugo.dubois7709@example.com,0621063988,1988-12-21,Lyon,mensuel,2025-11-22,non
CL107710,Robert,Louise,louise.robert7710@example.com,0617678884,1981-11-18,Lille,annuel,2026-02-15,oui
CL107711,Nguyen,Amira,amira.nguyen7711@example.com,0687000916,1994-08-10,Grenoble,annuel,2025-06-07,
CL107712,Benali,Louise,louise.benali7712@example.com,0617058936,1965-04-10,Lyon,aucun,2025-11-27,non
CL107713,Nguyen,Karim,karim.nguyen7713@example.com,0694674365,1976-05-11,Grenoble,aucun,2026-10-08,oui
CL107714,Laurent,Camille,camille.laurent7714@example.com,0649641919,1985-04-27,Nantes,mensuel,2025-05-07,
CL107715,Robert,Karim,karim.robert7715@example.com,0651046025,1979-02-20,Grenoble,annuel,2026-06-20,oui
CL107716,Martin,Noah,noah.martin7716@example.com,0630840100,1986-01-20,Lyon,mensuel,2025-09-09,non
CL107717,Petit,Camille,camille.petit7717@example.com,0692006374,1979-09-15,Lyon,mensuel,2026-01-19,oui
CL107718,Roux,Gabriel,gabriel.roux7718@example.com,0630986892,1972-01-28,Lyon,mensuel,2025-07-08,oui
CL107719,Garcia,Rayan,rayan.garcia7719@example.com,0654727556,1997-07-06,Nantes,mensuel,2026-04-05,non
CL107720,Roux,Lea,lea.roux7720@example.com,0613762017,1975-03-05,Grenoble,aucun,2025-09-20,non
CL107721,Moreau,Mehdi,mehdi.moreau7721@example.com,0648203656,1971-12-02,Nantes,mensuel,2025-04-12,oui
CL107722,Roux,Ines,ines.roux7722@example.com,0669481635,2002-03-23,Nantes,etudiant,2025-05-08,oui
CL107723,Laurent,Gabriel,gabriel.laurent7723@example.com,0683395338,1988-10-22,Grenoble,aucun,2026-08-12,oui
CL107724,Roux,Adam,adam.roux7724@example.com,0679263677,1991-10-30,Lille,aucun,2025-04-12,oui
CL107725,Dubois,Manon,manon.dubois7725@example.com,0612196728,1971-11-03,Lyon,mensuel,2025-06-21,oui
CL107726,Durand,Lea,lea.durand7726@example.com,0663156700,1964-03-17,Lille,etudiant,2026-08-28,oui
CL107727,Michel,Ines,ines.michel7727@example.com,0658096263,1985-10-24,Lyon,aucun,2026-07-09,oui
CL107728,Fournier,Yanis,yanis.fournier7728@example.com,0698646422,1994-02-04,Lille,aucun,2026-08-05,
CL107729,Robert,Adam,adam.robert7729@example.com,0650698373,1980-03-02,Lille,etudiant,2025-05-21,non
CL107730,Fournier,Hugo,hugo.fournier7730@example.com,0696124368,1990-03-10,Lyon,mensuel,2026-07-04,non
CL107731,Martin,Louise,louise.martin7731@example.com,0699684396,1993-01-13,Grenoble,etudiant,2026-02-23,non
CL107732,Simon,Jade,jade.simon7732@example.com,0694055977,1982-07-09,Lille,aucun,2026-05-16,oui
CL107733,Fournier,Lea,lea.fournier7733@example.com,0641241537,1962-01-10,Lyon,mensuel,2026-05-17,non
CL107734,Girard,Mehdi,mehdi.girard7734@example.com,0689094073,1970-10-11,Nantes,etudiant,2025-07-21,oui
CL107735,Martin,Sofia,sofia.martin7735@example.com,0663207683,1989-04-17,Lyon,aucun,2025-06-09,oui
CL107736,Michel,Karim,karim.michel7736@example.com,0684542337,1967-10-19,Lyon,aucun,2025-10-24,oui
CL107737,Garcia,Lea,lea.garcia7737@example.com,0626835525,1960-07-20,Nantes,entreprise,2026-07-16,oui
CL107738,Roux,Camille,camille.roux7738@example.com,0644479472,1976-04-10,Nantes,mensuel,2025-09-27,
CL107739,Michel,Jade,jade.michel7739@example.com,0677334189,1979-03-16,Lyon,aucun,2025-08-13,
CL107740,Dubois,Mehdi,mehdi.dubois7740@example.com,0692158718,1969-08-08,Grenoble,mensuel,2025-10-18,oui
CL107741,Girard,Adam,adam.girard7741@example.com,0662239491,1986-03-19,Grenoble,mensuel,2026-01-18,oui
CL107742,Dubois,Amira,amira.dubois7742@example.com,0665570621,1973-04-28,Nantes,annuel,2026-07-12,non
CL107743,Girard,Yanis,yanis.girard7743@example.com,0670017644,1991-10-02,Nantes,aucun,2025-10-04,
CL107744,Roux,Chloe,chloe.roux7744@example.com,0642698122,1980-03-25,Lille,mensuel,2025-05-15,oui
CL107745,Michel,Ines,ines.michel7745@example.com,0676853150,1995-03-14,Lille,annuel,2025-09-10,oui
CL107746,Robert,Adam,adam.robert7746@example.com,0642540389,1999-04-15,Grenoble,aucun,2026-03-04,oui
CL107747,Moreau,Manon,manon.moreau7747@example.com,0655330498,1970-01-10,Lille,aucun,2025-04-08,non
CL107748,Michel,Yanis,yanis.michel7748@example.com,0672882581,1976-07-15,Lyon,aucun,2025-09-29,
CL107749,Robert,Sofia,sofia.robert7749@example.com,0667865844,1989-03-24,Lyon,aucun,2025-12-21,non
CL107750,Robert,Adam,adam.robert7750@example.com,0666621409,1960-10-23,Nantes,mensuel,2026-06-05,non
CL107751,Benali,Amira,amira.benali7751@example.com,0674023874,1994-10-27,Lyon,etudiant,2026-04-03,oui
CL107752,Robert,Manon,manon.robert7752@example.com,0615824883,1981-09-09,Grenoble,etudiant,2025-11-30,non
CL107753,Robert,Mehdi,mehdi.robert7753@example.com,0625826479,1960-08-31,Lyon,aucun,2026-06-01,oui
CL107754,Dubois,Ilyes,ilyes.dubois7754@example.com,0624164066,1982-11-05,Lille,mensuel,2026-04-04,oui
CL107755,Fournier,Sofia,sofia.fournier7755@example.com,0633243320,1963-11-09,Lyon,etudiant,2026-06-26,non
CL107756,Nguyen,Lea,lea.nguyen7756@example.com,0657923325,1989-03-31,Lille,mensuel,2025-03-14,oui
CL107757,Martin,Yanis,yanis.martin7757@example.com,0655684845,1977-02-19,Lyon,aucun,2026-08-31,oui
CL107758,Laurent,Noah,noah.laurent7758@example.com,0630792123,1972-09-25,Lille,aucun,2025-07-26,non
CL107759,Robert,Ilyes,ilyes.robert7759@example.com,0669047797,1979-12-28,Lille,aucun,2025-05-16,
CL107760,Dubois,Mehdi,mehdi.dubois7760@example.com,0612814937,1998-10-11,Lyon,annuel,2025-12-03,non
CL107761,Girard,Yanis,yanis.girard7761@example.com,0682540441,1972-11-07,Lyon,aucun,2026-04-22,oui
CL107762,Bernard,Manon,manon.bernard7762@example.com,0630131779,1992-06-03,Lille,entreprise,2025-11-11,
CL107763,Dubois,Camille,camille.dubois7763@example.com,0638935303,2000-10-26,Lyon,etudiant,2026-07-21,oui
CL107764,Bernard,Adam,adam.bernard7764@example.com,0649621237,1960-08-13,Nantes,etudiant,2026-07-10,
CL107765,Nguyen,Yanis,yanis.nguyen7765@example.com,0694238369,1960-02-10,Lille,mensuel,2026-05-14,non
CL107766,Martin,Gabriel,gabriel.martin7766@example.com,0677344784,1981-04-09,Nantes,mensuel,2026-02-07,oui
CL107767,Robert,Amira,amira.robert7767@example.com,0679219218,1971-06-23,Nantes,annuel,2026-04-03,non
CL107768,Robert,Ilyes,ilyes.robert7768@example.com,0661067042,1986-08-04,Lille,aucun,2026-10-18,oui
CL107769,Martin,Chloe,chloe.martin7769@example.com,0629510151,1966-12-09,Lyon,aucun,2026-07-28,
CL107770,Benali,Karim,karim.benali7770@example.com,0681402796,1964-06-06,Lille,annuel,2026-10-13,oui
CL107771,Durand,Jade,jade.durand7771@example.com,0690758358,1997-09-20,Lyon,aucun,2025-09-25,
CL107772,Nguyen,Rayan,rayan.nguyen7772@example.com,0649637462,1965-07-21,Lyon,mensuel,2025-06-19,non
CL107773,Dubois,Noah,noah.dubois7773@example.com,0669181070,1962-06-26,Lille,mensuel,2026-03-03,oui
CL107774,Dubois,Gabriel,gabriel.dubois7774@example.com,0694332330,1989-11-28,Lyon,aucun,2026-06-16,non
CL107775,Roux,Gabriel,gabriel.roux7775@example.com,0623827356,1984-01-16,Lille,aucun,2025-05-22,oui
CL107776,Durand,Amira,amira.durand7776@example.com,0631137045,1961-11-21,Lyon,annuel,2026-04-02,oui
CL107777,Garcia,Louise,louise.garcia7777@example.com,0625528626,1998-03-04,Nantes,aucun,2025-03-16,
CL107778,Robert,Adam,adam.robert7778@example.com,0610214719,1980-04-18,Lille,entreprise,2025-07-06,non
CL107779,Girard,Manon,manon.girard7779@example.com,0687554677,1962-09-10,Nantes,annuel,2026-02-07,non
CL107780,Petit,Karim,karim.petit7780@example.com,0635847586,1968-08-07,Nantes,aucun,2026-04-15,oui
CL107781,Robert,Gabriel,gabriel.robert7781@example.com,0653642604,1968-07-16,Lyon,etudiant,2025-11-25,oui
CL107782,Girard,Ines,ines.girard7782@example.com,0630129464,1983-12-05,Lyon,mensuel,2025-03-22,non
CL107783,Dubois,Karim,karim.dubois7783@example.com,0652511721,2000-11-14,Lyon,aucun,2026-10-09,
CL107784,Martin,Sofia,sofia.martin7784@example.com,0637016810,1967-02-24,Lyon,annuel,2025-05-18,
CL107785,Robert,Amira,amira.robert7785@example.com,0649219720,1982-10-31,Nantes,mensuel,2026-04-07,non
CL107786,Petit,Yanis,yanis.petit7786@example.com,0695099464,1962-12-17,Grenoble,entreprise,2025-05-05,non
CL107787,Benali,Hugo,hugo.benali7787@example.com,0644529521,1976-03-08,Lyon,annuel,2026-01-29,
CL107788,Girard,Ines,ines.girard7788@example.com,0655078305,1976-11-06,Lille,etudiant,2025-08-16,oui
CL107789,Durand,Mehdi,mehdi.durand7789@example.com,0659557728,1994-09-12,Nantes,etudiant,2026-05-09,
CL107790,Garcia,Lea,lea.garcia7790@example.com,0613653449,1973-02-23,Grenoble,annuel,2026-07-05,non
CL107791,Dubois,Amira,amira.dubois7791@example.com,0699835100,1973-12-10,Lille,aucun,2026-03-20,
CL107792,Martin,Noah,noah.martin7792@example.com,0681459531,1995-12-31,Lille,mensuel,2026-02-05,
CL107793,Moreau,Gabriel,gabriel.moreau7793@example.com,0613847758,1989-12-16,Lille,mensuel,2026-08-09,oui
CL107794,Dubois,Louise,louise.dubois7794@example.com,0672453392,1973-06-09,Lille,aucun,2026-01-19,oui
CL107795,Nguyen,Amira,amira.nguyen7795@example.com,0699369639,1985-06-22,Lyon,aucun,2026-06-09,non
CL107796,Moreau,Ines,ines.moreau7796@example.com,0699570876,1966-11-11,Lyon,annuel,2025-08-02,oui
CL107797,Fournier,Hugo,hugo.fournier7797@example.com,0686054570,1962-04-26,Nantes,etudiant,2025-09-04,
CL107798,Moreau,Camille,camille.moreau7798@example.com,0632866891,1995-03-16,Grenoble,aucun,2026-05-04,non
CL107799,Laurent,Chloe,chloe.laurent7799@example.com,0658644807,1962-11-23,Nantes,entreprise,2026-04-17,oui
CL107800,Moreau,Camille,camille.moreau7800@example.com,0695187504,1983-08-22,Grenoble,aucun,2025-08-15,non
CL107801,Garcia,Chloe,chloe.garcia7801@example.com,0648987021,1988-03-20,Lyon,annuel,2026-08-20,non
CL107802,Fournier,Rayan,rayan.fournier7802@example.com,0679734554,1988-03-22,Grenoble,mensuel,2026-09-02,
CL107803,Garcia,Lea,lea.garcia7803@example.com,0677795873,2001-12-03,Lille,entreprise,2026-02-09,non
CL107804,Roux,Chloe,chloe.roux7804@example.com,0690638021,1969-08-27,Lyon,annuel,2025-03-19,
CL107805,Durand,Adam,adam.durand7805@example.com,0677517040,1991-06-27,Lille,annuel,2026-03-29,non
CL107806,Girard,Amira,amira.girard7806@example.com,0658367091,1980-03-21,Lyon,mensuel,2025-03-25,oui
CL107807,Roux,Adam,adam.roux7807@example.com,0637681341,1972-10-30,Grenoble,aucun,2025-07-17,oui
CL107808,Robert,Mehdi,mehdi.robert7808@example.com,0624152675,2003-06-03,Lyon,annuel,2026-07-01,oui
CL107809,Dubois,Rayan,rayan.dubois7809@example.com,0666303267,1984-09-28,Lyon,mensuel,2025-03-03,
CL107810,Robert,Louise,louise.robert7810@example.com,0679054077,1987-06-19,Lille,aucun,2025-05-03,non
CL107811,Roux,Karim,karim.roux7811@example.com,0618893803,1973-03-21,Lyon,mensuel,2026-08-17,oui
CL107812,Michel,Yanis,yanis.michel7812@example.com,0618718547,1979-01-04,Lyon,mensuel,2025-10-22,non
CL107813,Benali,Camille,camille.benali7813@example.com,0652029824,2002-04-24,Lyon,aucun,2026-03-02,
CL107814,Garcia,Adam,adam.garcia7814@example.com,0652817208,1980-05-23,Nantes,aucun,2026-02-19,
CL107815,Martin,Jade,jade.martin7815@example.com,0697840944,1989-07-08,Lyon,aucun,2025-12-13,
CL107816,Bernard,Ilyes,ilyes.bernard7816@example.com,0683008746,1982-10-17,Lyon,aucun,2026-05-19,non
CL107817,Nguyen,Karim,karim.nguyen7817@example.com,0627781310,1977-04-23,Lyon,annuel,2025-10-03,non
CL107818,Benali,Karim,karim.benali7818@example.com,0623490917,1997-11-21,Grenoble,aucun,2026-08-19,non
CL107819,Girard,Louise,louise.girard7819@example.com,0677911775,1993-08-28,Lille,etudiant,2026-06-16,non
CL107820,Moreau,Adam,adam.moreau7820@example.com,0641125252,1976-01-29,Lyon,etudiant,2025-09-08,oui
CL107821,Dubois,Ines,ines.dubois7821@example.com,0631057923,1985-04-07,Nantes,aucun,2026-09-11,oui
CL107822,Girard,Lea,lea.girard7822@example.com,0637676856,1965-03-31,Lyon,annuel,2026-05-19,oui
CL107823,Dubois,Jade,jade.dubois7823@example.com,0650567346,1993-06-27,Grenoble,mensuel,2026-08-20,non
CL107824,Roux,Ines,ines.roux7824@example.com,0634553637,1975-03-03,Nantes,aucun,2026-03-07,oui
CL107825,Roux,Adam,adam.roux7825@example.com,0656333649,1976-06-13,Lille,aucun,2025-09-16,
CL107826,Girard,Ines,ines.girard7826@example.com,0633495336,1964-07-27,Nantes,annuel,2026-01-11,non
CL107827,Fournier,Manon,manon.fournier7827@example.com,0666062427,2001-01-18,Nantes,aucun,2026-09-21,oui
CL107828,Laurent,Chloe,chloe.laurent7828@example.com,0689792642,1994-07-30,Lille,mensuel,2025-04-10,non
CL107829,Benali,Mehdi,mehdi.benali7829@example.com,0664657758,1961-07-07,Lille,etudiant,2026-05-07,
CL107830,Durand,Jade,jade.durand7830@example.com,0624257212,1989-09-23,Lyon,aucun,2025-06-21,
CL107831,Robert,Ines,ines.robert7831@example.com,0672414486,1968-08-31,Lyon,mensuel,2025-11-03,non
CL107832,Michel,Karim,karim.michel7832@example.com,0612239075,1964-11-04,Nantes,aucun,2026-07-04,non
CL107833,Dubois,Adam,adam.dubois7833@example.com,0663493520,1961-08-12,Lyon,mensuel,2025-03-07,
CL107834,Girard,Louise,louise.girard7834@example.com,0615396754,1997-12-26,Lyon,mensuel,2026-01-30,non
CL107835,Nguyen,Karim,karim.nguyen7835@example.com,0676349828,2001-01-24,Lille,aucun,2025-06-13,oui
CL107836,Bernard,Chloe,chloe.bernard7836@example.com,0661646037,1994-07-03,Lyon,aucun,2026-10-06,
CL107837,Laurent,Camille,camille.laurent7837@example.com,0622901326,1980-04-27,Lyon,mensuel,2026-07-16,oui
CL107838,Petit,Mehdi,mehdi.petit7838@example.com,0630072492,1967-03-13,Nantes,mensuel,2025-09-26,
CL107839,Petit,Camille,camille.petit7839@example.com,0625035515,1991-07-31,Grenoble,mensuel,2026-08-29,non
CL107840,Simon,Lea,lea.simon7840@example.com,0627297843,1974-04-29,Nantes,aucun,2025-10-16,non
CL107841,Simon,Jade,jade.simon7841@example.com,0617021123,1986-03-03,Nantes,aucun,2025-08-22,oui
CL107842,Roux,Hugo,hugo.roux7842@example.com,0689933130,1976-01-21,Nantes,aucun,2026-07-28,
CL107843,Robert,Louise,louise.robert7843@example.com,0677636988,1994-08-08,Nantes,etudiant,2025-05-13,oui
CL107844,Benali,Noah,noah.benali7844@example.com,0665917884,1983-02-02,Lyon,entreprise,2025-12-08,oui
CL107845,Martin,Karim,karim.martin7845@example.com,0691030008,1969-08-03,Nantes,mensuel,2026-10-22,
CL107846,Robert,Chloe,chloe.robert7846@example.com,0627515302,1994-09-03,Lille,mensuel,2025-11-10,oui
CL107847,Benali,Noah,noah.benali7847@example.com,0685431644,1970-07-13,Nantes,mensuel,2025-08-16,
CL107848,Nguyen,Gabriel,gabriel.nguyen7848@example.com,0674644638,1970-11-24,Lille,mensuel,2025-11-04,non
CL107849,Fournier,Chloe,chloe.fournier7849@example.com,0622708979,1982-01-07,Grenoble,aucun,2025-04-21,non
CL107850,Dubois,Chloe,chloe.dubois7850@example.com,0683056038,1997-08-28,Lyon,mensuel,2025-12-09,oui
CL107851,Nguyen,Rayan,rayan.nguyen7851@example.com,0690511746,1968-06-08,Lille,mensuel,2026-01-15,non
CL107852,Roux,Manon,manon.roux7852@example.com,0660461850,1995-11-14,Nantes,aucun,2026-08-23,non
CL107853,Martin,Yanis,yanis.martin7853@example.com,0638609625,1969-04-15,Grenoble,aucun,2026-10-09,non
CL107854,Michel,Ines,ines.michel7854@example.com,0628579686,1965-08-11,Lyon,aucun,2026-05-22,oui
CL107855,Dubois,Adam,adam.dubois7855@example.com,0642417476,1972-03-31,Lyon,mensuel,2026-01-06,
CL107856,Michel,Manon,manon.michel7856@example.com,0664707667,1986-06-29,Lille,annuel,2025-04-06,
CL107857,Petit,Ilyes,ilyes.petit7857@example.com,0676686494,1969-04-02,Lyon,annuel,2025-04-13,
CL107858,Michel,Karim,karim.michel7858@example.com,0639549636,1998-03-28,Grenoble,etudiant,2025-11-24,
CL107859,Nguyen,Chloe,chloe.nguyen7859@example.com,0686137218,1969-04-13,Lyon,aucun,2026-08-29,oui
CL107860,Dubois,Hugo,hugo.dubois7860@example.com,0626421748,1985-11-23,Nantes,annuel,2026-01-03,non
CL107861,Roux,Louise,louise.roux7861@example.com,0618715722,1966-11-10,Lille,mensuel,2025-08-12,
CL107862,Martin,Gabriel,gabriel.martin7862@example.com,0656031012,1960-05-03,Nantes,mensuel,2025-09-20,
CL107863,Simon,Noah,noah.simon7863@example.com,0698890751,1985-12-27,Lyon,etudiant,2025-09-16,oui
CL107864,Girard,Chloe,chloe.girard7864@example.com,0637507328,1989-05-01,Nantes,aucun,2026-09-02,
CL107865,Martin,Jade,jade.martin7865@example.com,0644873465,1961-06-01,Nantes,aucun,2026-08-16,non
CL107866,Martin,Camille,camille.martin7866@example.com,0683592044,1982-01-22,Lyon,etudiant,2026-05-13,
CL107867,Petit,Chloe,chloe.petit7867@example.com,0644492043,1985-12-22,Lille,entreprise,2025-07-21,non
CL107868,Simon,Rayan,rayan.simon7868@example.com,0613885133,1982-02-26,Lille,aucun,2026-07-05,
CL107869,Garcia,Ines,ines.garcia7869@example.com,0693775023,1963-06-28,Nantes,etudiant,2026-04-24,
CL107870,Laurent,Sofia,sofia.laurent7870@example.com,0613492812,1982-05-27,Lille,aucun,2026-01-29,
CL107871,Moreau,Mehdi,mehdi.moreau7871@example.com,0643422164,2002-06-08,Lyon,aucun,2026-08-14,
CL107872,Dubois,Yanis,yanis.dubois7872@example.com,0619803174,1999-01-22,Lyon,mensuel,2025-04-17,oui
CL107873,Nguyen,Amira,amira.nguyen7873@example.com,0625850549,1964-12-29,Nantes,mensuel,2025-03-17,
CL107874,Petit,Louise,louise.petit7874@example.com,0651789070,1981-12-22,Grenoble,etudiant,2026-09-14,oui
CL107875,Michel,Louise,louise.michel7875@example.com,0641977058,1991-06-13,Grenoble,etudiant,2025-11-20,oui
CL107876,Moreau,Ilyes,ilyes.moreau7876@example.com,0669187145,2001-03-13,Grenoble,etudiant,2025-09-27,
CL107877,Laurent,Camille,camille.laurent7877@example.com,0688463936,1991-04-19,Lille,aucun,2025-04-04,non
CL107878,Robert,Chloe,chloe.robert7878@example.com,0632449295,1977-07-10,Grenoble,mensuel,2025-03-01,non
CL107879,Laurent,Mehdi,mehdi.laurent7879@example.com,0655441521,1975-04-26,Grenoble,annuel,2026-10-08,
CL107880,Petit,Chloe,chloe.petit7880@example.com,0639023053,1991-10-14,Lyon,annuel,2025-11-01,oui
CL107881,Benali,Ines,ines.benali7881@example.com,0650561720,1967-12-17,Grenoble,annuel,2026-05-03,
CL107882,Garcia,Amira,amira.garcia7882@example.com,0641328388,1996-02-06,Lyon,etudiant,2026-08-17,oui
CL107883,Petit,Adam,adam.petit7883@example.com,0664754589,1961-06-30,Nantes,mensuel,2025-12-14,oui
CL107884,Moreau,Noah,noah.moreau7884@example.com,0682873694,1999-11-21,Grenoble,entreprise,2025-10-06,
CL107885,Durand,Rayan,rayan.durand7885@example.com,0631469199,1983-10-26,Lyon,aucun,2025-10-07,
CL107886,Girard,Amira,amira.girard7886@example.com,0646907564,1976-11-20,Lille,aucun,2026-02-01,oui
CL107887,Simon,Amira,amira.simon7887@example.com,0632671836,1976-03-21,Lille,etudiant,2026-05-18,oui
CL107888,Roux,Chloe,chloe.roux7888@example.com,0647323048,1999-05-07,Lyon,mensuel,2025-04-14,oui
CL107889,Benali,Amira,amira.benali7889@example.com,0697273859,1990-06-19,Lyon,entreprise,2025-07-21,non
CL107890,Bernard,Gabriel,gabriel.bernard7890@example.com,0689320949,1994-03-08,Nantes,mensuel,2026-03-09,oui
CL107891,Bernard,Rayan,rayan.bernard7891@example.com,0625602106,1970-08-11,Nantes,aucun,2025-04-30,
CL107892,Girard,Amira,amira.girard7892@example.com,0632988591,1969-01-02,Grenoble,entreprise,2026-07-18,oui
CL107893,Michel,Ines,ines.michel7893@example.com,0686303895,1992-07-11,Lyon,mensuel,2025-06-19,
CL107894,Martin,Louise,louise.martin7894@example.com,0649887690,1964-07-15,Nantes,aucun,2025-12-05,non
CL107895,Benali,Mehdi,mehdi.benali7895@example.com,0616228619,2003-08-04,Lille,aucun,2025-05-04,
CL107896,Garcia,Jade,jade.garcia7896@example.com,0651208518,1984-10-23,Lyon,mensuel,2025-05-27,oui
CL107897,Petit,Ines,ines.petit7897@example.com,0680824042,2001-07-16,Nantes,annuel,2026-03-03,
CL107898,Michel,Lea,lea.michel7898@example.com,0648663660,1962-12-28,Lyon,mensuel,2026-05-11,
CL107899,Laurent,Rayan,rayan.laurent7899@example.com,0633042223,1985-04-02,Nantes,etudiant,2025-06-25,
CL107900,Nguyen,Amira,amira.nguyen7900@example.com,0666072974,2000-07-14,Grenoble,aucun,2025-07-13,oui
CL107901,Roux,Louise,louise.roux7901@example.com,0633720209,1963-09-29,Lyon,aucun,2025-05-16,oui
CL107902,Nguyen,Rayan,rayan.nguyen7902@example.com,0663208759,1973-07-16,Lyon,aucun,2025-05-02,
CL107903,Garcia,Hugo,hugo.garcia7903@example.com,0697765899,1963-12-09,Lyon,annuel,2026-06-01,non
CL107904,Roux,Ilyes,ilyes.roux7904@example.com,0695877894,1963-09-13,Lyon,mensuel,2026-03-16,non
CL107905,Nguyen,Jade,jade.nguyen7905@example.com,0648645694,1976-06-21,Nantes,mensuel,2025-05-06,oui
CL107906,Girard,Amira,amira.girard7906@example.com,0614095668,1965-05-07,Lyon,etudiant,2025-03-02,
CL107907,Bernard,Chloe,chloe.bernard7907@example.com,0631669082,1995-01-16,Lille,annuel,2025-07-07,
CL107908,Moreau,Ines,ines.moreau7908@example.com,0629686142,1993-06-22,Grenoble,mensuel,2025-04-29,
CL107909,Benali,Gabriel,gabriel.benali7909@example.com,0625600925,1960-03-08,Lyon,aucun,2025-10-08,oui
CL107910,Michel,Amira,amira.michel7910@example.com,0676850857,2001-12-21,Grenoble,mensuel,2025-08-27,
CL107911,Dubois,Ines,ines.dubois7911@example.com,0610925058,1969-03-12,Lyon,mensuel,2026-08-20,non
CL107912,Robert,Camille,camille.robert7912@example.com,0627345146,1964-05-13,Lyon,mensuel,2025-05-30,non
CL107913,Nguyen,Gabriel,gabriel.nguyen7913@example.com,0650397644,2002-03-21,Lyon,aucun,2025-07-27,non
CL107914,Bernard,Ines,ines.bernard7914@example.com,0621817614,1964-02-21,Lyon,aucun,2026-07-07,non
CL107915,Martin,Lea,lea.martin7915@example.com,0610800739,1960-10-19,Lyon,aucun,2026-09-14,non
CL107916,Fournier,Ilyes,ilyes.fournier7916@example.com,0622321882,1974-03-15,Nantes,annuel,2026-07-25,
CL107917,Nguyen,Ilyes,ilyes.nguyen7917@example.com,0654579626,1992-02-11,Lyon,mensuel,2026-10-14,oui
CL107918,Robert,Manon,manon.robert7918@example.com,0610608836,1981-04-29,Lyon,aucun,2026-01-18,non
CL107919,Garcia,Adam,adam.garcia7919@example.com,0645112793,1975-12-26,Lyon,aucun,2026-04-03,oui
CL107920,Bernard,Gabriel,gabriel.bernard7920@example.com,0640330127,1965-03-25,Lyon,aucun,2025-10-19,
CL107921,Petit,Karim,karim.petit7921@example.com,0633425478,2000-12-28,Grenoble,mensuel,2026-06-13,oui
CL107922,Fournier,Chloe,chloe.fournier7922@example.com,0619527220,1989-05-06,Lyon,aucun,2025-10-15,oui
CL107923,Moreau,Karim,karim.moreau7923@example.com,0682814637,1980-01-22,Lille,etudiant,2025-08-12,
CL107924,Bernard,Ines,ines.bernard7924@example.com,0633228723,1961-11-06,Grenoble,mensuel,2026-05-15,oui
CL107925,Fournier,Noah,noah.fournier7925@example.com,0635702449,1981-09-12,Lyon,aucun,2026-03-01,oui
CL107926,Bernard,Louise,louise.bernard7926@example.com,0610590614,1964-07-22,Grenoble,mensuel,2025-05-16,oui
CL107927,Petit,Camille,camille.petit7927@example.com,0637474199,2000-12-18,Nantes,aucun,2025-08-12,oui
CL107928,Fournier,Amira,amira.fournier7928@example.com,0692251979,1962-07-02,Lyon,etudiant,2025-07-09,
CL107929,Garcia,Adam,adam.garcia7929@example.com,0620512498,1972-09-20,Lyon,aucun,2026-09-05,non
CL107930,Petit,Noah,noah.petit7930@example.com,0661883628,1994-10-18,Lyon,aucun,2025-11-20,non
CL107931,Laurent,Sofia,sofia.laurent7931@example.com,0627944795,1969-11-19,Grenoble,mensuel,2025-04-12,oui
CL107932,Petit,Chloe,chloe.petit7932@example.com,0698775371,1964-04-05,Nantes,mensuel,2026-06-06,oui
CL107933,Bernard,Jade,jade.bernard7933@example.com,0616177742,1962-04-09,Lille,aucun,2025-11-02,oui
CL107934,Bernard,Karim,karim.bernard7934@example.com,0657649276,1962-02-28,Lyon,annuel,2026-09-16,non
CL107935,Garcia,Ines,ines.garcia7935@example.com,0662647127,1974-01-16,Lyon,annuel,2025-06-20,non
CL107936,Girard,Chloe,chloe.girard7936@example.com,0656441844,1967-05-31,Nantes,etudiant,2025-04-20,non
CL107937,Nguyen,Jade,jade.nguyen7937@example.com,0656223250,1992-11-24,Lille,aucun,2026-10-11,non
CL107938,Garcia,Sofia,sofia.garcia7938@example.com,0682919953,2001-06-04,Lille,annuel,2025-04-16,
CL107939,Benali,Ilyes,ilyes.benali7939@example.com,0646885418,1971-06-18,Lyon,aucun,2025-12-03,non
CL107940,Durand,Camille,camille.durand7940@example.com,0690190673,1966-03-05,Nantes,aucun,2026-07-10,non
CL107941,Bernard,Adam,adam.bernard7941@example.com,0670230810,1971-08-16,Lille,aucun,2026-07-13,non
CL107942,Dubois,Yanis,yanis.dubois7942@example.com,0623470114,1961-06-16,Nantes,mensuel,2026-07-21,non
CL107943,Simon,Noah,noah.simon7943@example.com,0612596482,1984-05-03,Nantes,etudiant,2025-05-22,non
CL107944,Fournier,Gabriel,gabriel.fournier7944@example.com,0681804236,1969-05-09,Lille,annuel,2025-09-06,
CL107945,Robert,Rayan,rayan.robert7945@example.com,0651746716,1991-08-15,Nantes,aucun,2026-09-03,oui
CL107946,Bernard,Sofia,sofia.bernard7946@example.com,0629376680,1981-08-11,Lille,aucun,2026-04-26,oui
CL107947,Moreau,Jade,jade.moreau7947@example.com,0663712760,1998-11-08,Lille,mensuel,2025-06-25,non
CL107948,Bernard,Ilyes,ilyes.bernard7948@example.com,0619440356,1997-06-07,Lyon,mensuel,2025-05-10,
CL107949,Dubois,Gabriel,gabriel.dubois7949@example.com,0694563666,1979-03-05,Lyon,annuel,2025-03-09,oui
CL107950,Girard,Adam,adam.girard7950@example.com,0685171367,1968-09-08,Nantes,annuel,2025-12-16,
CL107951,Dubois,Ines,ines.dubois7951@example.com,0637619498,1975-07-01,Nantes,aucun,2026-04-29,non
CL107952,Garcia,Mehdi,mehdi.garcia7952@example.com,0668490140,1972-01-14,Lille,aucun,2026-04-16,non
CL107953,Michel,Chloe,chloe.michel7953@example.com,0657418591,1981-12-24,Nantes,annuel,2026-02-16,oui
CL107954,Fournier,Adam,adam.fournier7954@example.com,0644652004,1970-03-12,Lyon,annuel,2025-09-17,oui
CL107955,Fournier,Ilyes,ilyes.fournier7955@example.com,0631789574,1993-01-25,Nantes,mensuel,2025-11-01,
CL107956,Martin,Karim,karim.martin7956@example.com,0620019890,1981-06-01,Nantes,aucun,2025-08-03,non
CL107957,Martin,Camille,camille.martin7957@example.com,0628893781,1979-12-29,Grenoble,mensuel,2025-10-29,
CL107958,Roux,Manon,manon.roux7958@example.com,0667089284,1995-05-13,Nantes,annuel,2025-03-22,
CL107959,Martin,Gabriel,gabriel.martin7959@example.com,0630266177,1971-03-15,Nantes,aucun,2025-06-18,
CL107960,Moreau,Lea,lea.moreau7960@example.com,0664509547,1982-06-08,Nantes,mensuel,2026-03-26,non
CL107961,Moreau,Hugo,hugo.moreau7961@example.com,0616161600,1972-07-29,Grenoble,etudiant,2025-12-05,oui
CL107962,Martin,Lea,lea.martin7962@example.com,0651933409,1970-01-18,Nantes,aucun,2026-05-14,oui
CL107963,Girard,Hugo,hugo.girard7963@example.com,0612647901,2000-01-26,Grenoble,annuel,2025-07-08,non
CL107964,Bernard,Jade,jade.bernard7964@example.com,0645120992,1980-10-14,Grenoble,mensuel,2025-05-10,non
CL107965,Garcia,Ilyes,ilyes.garcia7965@example.com,0647529594,1992-11-06,Lyon,aucun,2025-06-25,non
CL107966,Fournier,Yanis,yanis.fournier7966@example.com,0630104885,2002-09-06,Grenoble,mensuel,2026-10-10,
CL107967,Michel,Sofia,sofia.michel7967@example.com,0647437377,1997-04-26,Nantes,aucun,2025-09-04,oui
CL107968,Laurent,Chloe,chloe.laurent7968@example.com,0618009017,1972-09-15,Lyon,etudiant,2025-04-27,
CL107969,Roux,Jade,jade.roux7969@example.com,0659629521,2000-07-16,Grenoble,annuel,2026-03-31,
CL107970,Laurent,Lea,lea.laurent7970@example.com,0649474642,1968-03-17,Lille,etudiant,2026-06-07,
CL107971,Robert,Camille,camille.robert7971@example.com,0614045365,1966-02-08,Nantes,annuel,2026-04-09,
CL107972,Laurent,Ilyes,ilyes.laurent7972@example.com,0652364729,1995-10-03,Lille,etudiant,2026-08-28,
CL107973,Simon,Jade,jade.simon7973@example.com,0646104037,1980-01-07,Lyon,annuel,2025-12-05,
CL107974,Petit,Sofia,sofia.petit7974@example.com,0635315939,1983-03-21,Lille,etudiant,2026-10-04,oui
CL107975,Durand,Sofia,sofia.durand7975@example.com,0622215578,1973-12-13,Lille,annuel,2026-03-19,oui
CL107976,Durand,Louise,louise.durand7976@example.com,0637810227,1964-01-19,Lyon,aucun,2026-04-29,non
CL107977,Benali,Hugo,hugo.benali7977@example.com,0660651265,1964-06-24,Lyon,entreprise,2025-08-07,
CL107978,Roux,Adam,adam.roux7978@example.com,0625931836,1995-08-20,Grenoble,mensuel,2026-07-28,oui
CL107979,Roux,Amira,amira.roux7979@example.com,0650873786,1976-11-10,Lyon,aucun,2025-07-27,non
CL107980,Laurent,Ines,ines.laurent7980@example.com,0636865906,1997-01-12,Grenoble,mensuel,2026-08-09,
CL107981,Moreau,Karim,karim.moreau7981@example.com,0622169823,1990-05-10,Grenoble,annuel,2025-10-05,oui
CL107982,Garcia,Camille,camille.garcia7982@example.com,0660886667,1999-01-04,Grenoble,mensuel,2026-03-05,
CL107983,Petit,Karim,karim.petit7983@example.com,0670530651,1967-07-29,Lyon,etudiant,2025-12-11,
CL107984,Laurent,Louise,louise.laurent7984@example.com,0664468274,1970-10-06,Lille,aucun,2026-07-01,
CL107985,Benali,Noah,noah.benali7985@example.com,0678979774,1964-06-01,Grenoble,aucun,2025-06-24,oui
CL107986,Benali,Rayan,rayan.benali7986@example.com,0684155518,1990-11-03,Lyon,annuel,2026-09-19,
CL107987,Simon,Lea,lea.simon7987@example.com,0686397351,1979-12-23,Nantes,annuel,2025-03-14,oui
CL107988,Dubois,Rayan,rayan.dubois7988@example.com,0626392956,1998-08-04,Lyon,aucun,2026-01-30,oui
CL107989,Fournier,Amira,amira.fournier7989@example.com,0656647395,1973-10-31,Nantes,etudiant,2026-10-10,
CL107990,Simon,Gabriel,gabriel.simon7990@example.com,0640989633,1973-01-25,Grenoble,annuel,2026-05-16,
CL107991,Nguyen,Hugo,hugo.nguyen7991@example.com,0664601205,1983-04-06,Nantes,aucun,2025-09-01,non
CL107992,Petit,Noah,noah.petit7992@example.com,0632943402,1997-12-17,Nantes,etudiant,2025-03-19,oui
CL107993,Benali,Adam,adam.benali7993@example.com,0682857912,1984-09-17,Lyon,aucun,2026-07-14,oui
CL107994,Benali,Rayan,rayan.benali7994@example.com,0694703277,1963-07-11,Lille,aucun,2025-11-20,
CL107995,Martin,Sofia,sofia.martin7995@example.com,0679667999,1988-06-15,Nantes,mensuel,2026-01-21,oui
CL107996,Roux,Hugo,hugo.roux7996@example.com,0636510500,1973-02-20,Grenoble,aucun,2026-03-25,non
CL107997,Martin,Manon,manon.martin7997@example.com,0681458115,1982-04-02,Lille,mensuel,2026-09-23,oui
CL107998,Petit,Louise,louise.petit7998@example.com,0647189941,2002-06-05,Nantes,etudiant,2026-09-25,
CL107999,Laurent,Camille,camille.laurent7999@example.com,0658076887,1963-08-11,Lille,aucun,2025-06-11,oui
CL108000,Fournier,Ilyes,ilyes.fournier8000@example.com,0671796572,2001-10-09,Lille,mensuel,2025-10-29,
CL108001,Laurent,Hugo,hugo.laurent8001@example.com,0634815661,1967-05-20,Lyon,etudiant,2025-05-13,
CL108002,Garcia,Noah,noah.garcia8002@example.com,0639032292,1990-06-17,Lille,aucun,2025-07-26,non
CL108003,Garcia,Gabriel,gabriel.garcia8003@example.com,0657551668,1963-04-29,Grenoble,aucun,2026-08-24,non
CL108004,Nguyen,Yanis,yanis.nguyen8004@example.com,0658945917,2001-07-10,Lille,aucun,2025-08-14,non
CL108005,Moreau,Amira,amira.moreau8005@example.com,0681132891,1997-02-10,Lyon,aucun,2025-10-16,oui
CL108006,Robert,Lea,lea.robert8006@example.com,0654641135,1986-04-03,Lyon,aucun,2025-12-28,
CL108007,Robert,Louise,louise.robert8007@example.com,0629317609,1981-12-05,Nantes,aucun,2026-02-06,oui
CL108008,Roux,Hugo,hugo.roux8008@example.com,0613452962,1998-08-02,Grenoble,aucun,2025-08-24,
CL108009,Laurent,Hugo,hugo.laurent8009@example.com,0694497856,1978-04-08,Nantes,annuel,2025-03-14,oui
CL108010,Dubois,Karim,karim.dubois8010@example.com,0655516666,1968-07-12,Lyon,aucun,2025-05-31,oui
CL108011,Martin,Camille,camille.martin8011@example.com,0693426855,1977-09-14,Lille,aucun,2025-05-04,
CL108012,Roux,Rayan,rayan.roux8012@example.com,0634052644,1990-12-23,Lyon,mensuel,2026-01-04,oui
CL108013,Bernard,Adam,adam.bernard8013@example.com,0641048993,1980-09-23,Nantes,aucun,2025-08-13,non
CL108014,Roux,Noah,noah.roux8014@example.com,0627409582,1967-09-30,Lille,aucun,2025-04-19,non
CL108015,Roux,Louise,louise.roux8015@example.com,0621483297,1992-08-13,Lille,aucun,2025-05-09,non
CL108016,Fournier,Chloe,chloe.fournier8016@example.com,0694570174,1966-07-18,Nantes,aucun,2025-05-28,non
CL108017,Fournier,Karim,karim.fournier8017@example.com,0615472860,1966-05-31,Nantes,aucun,2026-06-11,
CL108018,Dubois,Mehdi,mehdi.dubois8018@example.com,0638109273,1992-06-26,Lyon,aucun,2025-09-12,
CL108019,Girard,Sofia,sofia.girard8019@example.com,0661482022,1975-12-10,Lille,mensuel,2025-10-23,oui
CL108020,Garcia,Noah,noah.garcia8020@example.com,0654543790,1993-06-04,Lille,mensuel,2025-11-13,
CL108021,Moreau,Lea,lea.moreau8021@example.com,0650229464,1984-05-04,Lille,mensuel,2025-05-15,oui
CL108022,Dubois,Lea,lea.dubois8022@example.com,0655454637,1961-03-30,Grenoble,etudiant,2026-09-03,oui
CL108023,Garcia,Camille,camille.garcia8023@example.com,0634912495,1974-08-19,Lyon,aucun,2026-04-06,non
CL108024,Nguyen,Lea,lea.nguyen8024@example.com,0638892669,1969-08-12,Lyon,aucun,2025-09-02,oui
CL108025,Robert,Noah,noah.robert8025@example.com,0662441044,1987-04-22,Grenoble,annuel,2026-06-26,oui
CL108026,Durand,Hugo,hugo.durand8026@example.com,0621728767,2002-08-23,Grenoble,aucun,2026-02-21,non
CL108027,Petit,Gabriel,gabriel.petit8027@example.com,0626485846,1974-10-21,Lille,annuel,2025-06-24,oui
CL108028,Girard,Chloe,chloe.girard8028@example.com,0641604981,1992-04-30,Lyon,entreprise,2026-06-02,
CL108029,Moreau,Noah,noah.moreau8029@example.com,0658404242,2000-10-11,Lille,etudiant,2025-10-17,oui
CL108030,Durand,Camille,camille.durand8030@example.com,0668462804,1994-05-31,Lille,annuel,2026-05-24,oui
CL108031,Nguyen,Camille,camille.nguyen8031@example.com,0699716746,2001-05-11,Lyon,aucun,2025-08-30,
CL108032,Benali,Jade,jade.benali8032@example.com,0627868929,1990-04-30,Lyon,aucun,2026-10-17,oui
CL108033,Fournier,Adam,adam.fournier8033@example.com,0638116998,1962-08-25,Nantes,aucun,2026-10-12,
CL108034,Michel,Adam,adam.michel8034@example.com,0699052130,2003-05-22,Lyon,aucun,2025-10-24,
CL108035,Michel,Ines,ines.michel8035@example.com,0632203341,1960-05-20,Nantes,annuel,2026-06-24,non
CL108036,Simon,Karim,karim.simon8036@example.com,0623643457,1970-10-27,Lyon,annuel,2025-12-31,
CL108037,Michel,Noah,noah.michel8037@example.com,0694436269,2000-03-29,Grenoble,etudiant,2026-03-03,oui
CL108038,Fournier,Yanis,yanis.fournier8038@example.com,0686845916,1998-06-29,Lyon,mensuel,2025-05-06,non
CL108039,Bernard,Chloe,chloe.bernard8039@example.com,0655053230,1982-04-15,Lille,mensuel,2025-06-11,
CL108040,Bernard,Rayan,rayan.bernard8040@example.com,0656957865,1965-02-15,Lille,etudiant,2026-06-20,
CL108041,Petit,Amira,amira.petit8041@example.com,0662490225,1986-06-28,Nantes,aucun,2025-06-04,oui
CL108042,Durand,Hugo,hugo.durand8042@example.com,0687089850,1982-07-18,Nantes,aucun,2025-06-02,oui
CL108043,Fournier,Rayan,rayan.fournier8043@example.com,0690291585,2001-10-22,Lille,mensuel,2025-11-01,oui
CL108044,Moreau,Ilyes,ilyes.moreau8044@example.com,0611968345,2000-02-10,Lille,etudiant,2025-04-26,
CL108045,Petit,Hugo,hugo.petit8045@example.com,0680929649,1977-11-29,Grenoble,annuel,2026-09-11,oui
CL108046,Benali,Jade,jade.benali8046@example.com,0682272992,1992-08-31,Lyon,aucun,2025-03-03,non
CL108047,Girard,Jade,jade.girard8047@example.com,0659109351,1997-02-19,Lyon,annuel,2025-03-03,non
CL108048,Moreau,Adam,adam.moreau8048@example.com,0637188865,1978-06-22,Nantes,mensuel,2026-04-02,oui
CL108049,Martin,Sofia,sofia.martin8049@example.com,0656908104,1964-07-09,Nantes,etudiant,2026-07-26,non
CL108050,Laurent,Karim,karim.laurent8050@example.com,0696231405,1974-03-10,Nantes,etudiant,2026-04-04,oui
CL108051,Martin,Adam,adam.martin8051@example.com,0663138946,1993-07-03,Nantes,aucun,2025-08-07,
CL108052,Martin,Louise,louise.martin8052@example.com,0611416533,1989-10-13,Lille,etudiant,2026-03-08,
CL108053,Michel,Amira,amira.michel8053@example.com,0656771472,1988-10-02,Lille,aucun,2025-08-30,
CL108054,Roux,Manon,manon.roux8054@example.com,0676005579,1986-09-07,Lille,mensuel,2025-12-12,oui
CL108055,Fournier,Chloe,chloe.fournier8055@example.com,0631501820,1979-02-19,Lyon,aucun,2026-04-30,oui
CL108056,Michel,Amira,amira.michel8056@example.com,0617382383,1981-04-27,Grenoble,aucun,2026-03-13,
CL108057,Petit,Noah,noah.petit8057@example.com,0626473795,1999-12-24,Nantes,annuel,2026-04-03,oui
CL108058,Garcia,Ilyes,ilyes.garcia8058@example.com,0656800696,1969-07-29,Lille,mensuel,2026-05-15,
CL108059,Durand,Yanis,yanis.durand8059@example.com,0686076713,1991-04-01,Lyon,aucun,2026-04-04,
CL108060,Garcia,Rayan,rayan.garcia8060@example.com,0629487163,1994-04-20,Grenoble,aucun,2025-07-15,
CL108061,Moreau,Karim,karim.moreau8061@example.com,0647914862,1995-02-25,Lille,mensuel,2025-10-15,non
CL108062,Durand,Mehdi,mehdi.durand8062@example.com,0675526289,1992-02-09,Lyon,etudiant,2025-06-15,
CL108063,Nguyen,Camille,camille.nguyen8063@example.com,0694453316,1976-03-24,Lyon,etudiant,2025-11-10,oui
CL108064,Petit,Hugo,hugo.petit8064@example.com,0671848483,1989-07-16,Lyon,aucun,2026-04-22,oui
CL108065,Michel,Mehdi,mehdi.michel8065@example.com,0611136500,1991-06-23,Lille,mensuel,2025-08-30,oui
CL108066,Garcia,Lea,lea.garcia8066@example.com,0691239332,1965-04-13,Lille,etudiant,2025-11-27,non
CL108067,Fournier,Gabriel,gabriel.fournier8067@example.com,0670136021,1963-04-27,Lyon,annuel,2025-10-22,
CL108068,Moreau,Noah,noah.moreau8068@example.com,0627982637,1981-09-25,Nantes,mensuel,2026-09-03,
CL108069,Girard,Gabriel,gabriel.girard8069@example.com,0680793379,1967-12-20,Lille,annuel,2025-04-22,non
CL108070,Durand,Sofia,sofia.durand8070@example.com,0679656732,1997-01-15,Grenoble,etudiant,2026-07-17,non
CL108071,Petit,Camille,camille.petit8071@example.com,0640258178,1980-06-19,Lyon,annuel,2026-05-13,
CL108072,Dubois,Noah,noah.dubois8072@example.com,0672642583,1991-02-26,Nantes,aucun,2025-09-10,
CL108073,Roux,Adam,adam.roux8073@example.com,0625378818,1999-01-09,Lyon,etudiant,2026-09-16,oui
CL108074,Girard,Amira,amira.girard8074@example.com,0671890159,1995-02-01,Lyon,aucun,2025-12-16,oui
CL108075,Laurent,Adam,adam.laurent8075@example.com,0695291322,1997-07-21,Lyon,entreprise,2026-03-05,oui
CL108076,Nguyen,Yanis,yanis.nguyen8076@example.com,0620891322,2002-07-02,Nantes,aucun,2025-08-23,oui
CL108077,Bernard,Lea,lea.bernard8077@example.com,0616631114,1984-08-16,Lille,annuel,2025-12-02,oui
CL108078,Michel,Yanis,yanis.michel8078@example.com,0696812313,1967-11-11,Grenoble,aucun,2026-08-17,
CL108079,Dubois,Manon,manon.dubois8079@example.com,0675332592,1992-10-05,Lyon,aucun,2025-06-22,oui
CL108080,Durand,Adam,adam.durand8080@example.com,0662942750,1992-05-21,Lyon,aucun,2026-09-24,
CL108081,Robert,Ines,ines.robert8081@example.com,0697172289,1993-11-14,Lyon,aucun,2026-09-13,oui
CL108082,Benali,Amira,amira.benali8082@example.com,0634047553,1985-10-23,Lyon,mensuel,2025-05-02,non
CL108083,Simon,Ilyes,ilyes.simon8083@example.com,0699577220,1968-12-06,Lille,mensuel,2026-02-24,non
CL108084,Moreau,Amira,amira.moreau8084@example.com,0651653648,1962-09-22,Lyon,aucun,2025-07-31,oui
CL108085,Laurent,Amira,amira.laurent8085@example.com,0653816303,1981-09-09,Lyon,mensuel,2025-04-23,
CL108086,Garcia,Sofia,sofia.garcia8086@example.com,0675470775,1974-02-09,Grenoble,mensuel,2026-05-04,non
CL108087,Petit,Adam,adam.petit8087@example.com,0615520024,1985-10-10,Lyon,aucun,2026-02-19,non
CL108088,Petit,Hugo,hugo.petit8088@example.com,0676726410,2002-03-22,Lyon,aucun,2026-09-19,oui
CL108089,Roux,Noah,noah.roux8089@example.com,0654904842,1962-09-02,Lyon,mensuel,2026-08-22,non
CL108090,Petit,Rayan,rayan.petit8090@example.com,0663939814,1971-07-14,Lyon,mensuel,2026-07-20,
CL108091,Girard,Adam,adam.girard8091@example.com,0625459304,1968-07-29,Grenoble,aucun,2026-04-10,non
CL108092,Simon,Rayan,rayan.simon8092@example.com,0615568632,1973-12-03,Grenoble,aucun,2026-04-04,non
CL108093,Garcia,Ilyes,ilyes.garcia8093@example.com,0638513573,1992-09-20,Lyon,mensuel,2025-07-16,oui
CL108094,Moreau,Manon,manon.moreau8094@example.com,0646288932,1977-11-10,Lyon,aucun,2025-09-20,non
CL108095,Petit,Ilyes,ilyes.petit8095@example.com,0647415057,1995-01-29,Lille,aucun,2026-03-06,non
CL108096,Girard,Adam,adam.girard8096@example.com,0699300883,1999-04-30,Lyon,aucun,2025-07-08,oui
CL108097,Bernard,Yanis,yanis.bernard8097@example.com,0643289369,1963-03-14,Grenoble,mensuel,2025-07-19,non
CL108098,Laurent,Mehdi,mehdi.laurent8098@example.com,0679387277,1979-05-28,Lyon,aucun,2025-04-11,oui
CL108099,Girard,Rayan,rayan.girard8099@example.com,0615056058,1974-07-26,Lyon,annuel,2026-10-02,non
CL108100,Martin,Mehdi,mehdi.martin8100@example.com,0692509559,1964-01-18,Nantes,aucun,2026-08-29,
CL108101,Martin,Karim,karim.martin8101@example.com,0618783144,1995-09-24,Lille,annuel,2026-06-15,
CL108102,Michel,Camille,camille.michel8102@example.com,0675041309,1965-09-28,Grenoble,annuel,2025-05-23,non
CL108103,Durand,Rayan,rayan.durand8103@example.com,0639278483,1987-05-24,Lille,aucun,2026-01-22,non
CL108104,Fournier,Hugo,hugo.fournier8104@example.com,0672437773,1991-08-31,Lille,mensuel,2025-10-27,
CL108105,Nguyen,Karim,karim.nguyen8105@example.com,0621115049,1987-01-13,Lille,annuel,2026-05-08,non
CL108106,Nguyen,Gabriel,gabriel.nguyen8106@example.com,0694905606,1983-08-15,Lyon,etudiant,2026-04-01,
CL108107,Moreau,Mehdi,mehdi.moreau8107@example.com,0641654591,1965-07-12,Nantes,mensuel,2026-01-27,
CL108108,Moreau,Camille,camille.moreau8108@example.com,0656258749,1988-01-25,Lille,aucun,2025-03-22,
CL108109,Dubois,Rayan,rayan.dubois8109@example.com,0617907671,1975-03-17,Grenoble,mensuel,2026-07-23,
CL108110,Benali,Lea,lea.benali8110@example.com,0633560595,1960-10-18,Nantes,mensuel,2025-04-16,non
CL108111,Nguyen,Mehdi,mehdi.nguyen8111@example.com,0699859469,1999-10-09,Lyon,annuel,2026-01-28,
CL108112,Roux,Mehdi,mehdi.roux8112@example.com,0688661105,1970-03-14,Lyon,aucun,2026-10-19,
CL108113,Robert,Sofia,sofia.robert8113@example.com,0630156928,1967-02-09,Nantes,mensuel,2025-03-05,non
CL108114,Nguyen,Noah,noah.nguyen8114@example.com,0628744541,1995-06-03,Lyon,aucun,2026-03-31,non
CL108115,Nguyen,Amira,amira.nguyen8115@example.com,0661503980,1965-12-14,Grenoble,aucun,2026-09-10,
CL108116,Benali,Manon,manon.benali8116@example.com,0654438482,1960-07-16,Lyon,aucun,2026-05-25,non
CL108117,Girard,Sofia,sofia.girard8117@example.com,0625921153,1981-08-25,Nantes,etudiant,2026-02-12,non
CL108118,Laurent,Hugo,hugo.laurent8118@example.com,0656871010,1984-09-21,Lyon,aucun,2026-05-05,non
CL108119,Nguyen,Sofia,sofia.nguyen8119@example.com,0649403010,1984-11-09,Lyon,aucun,2025-05-05,non
CL108120,Dubois,Hugo,hugo.dubois8120@example.com,0661806045,1982-12-16,Nantes,mensuel,2025-09-15,non
CL108121,Garcia,Hugo,hugo.garcia8121@example.com,0661349434,1973-05-01,Grenoble,aucun,2026-01-29,non
CL108122,Garcia,Amira,amira.garcia8122@example.com,0612003880,1966-09-06,Lyon,aucun,2026-10-16,oui
CL108123,Michel,Camille,camille.michel8123@example.com,0685148918,1991-06-16,Nantes,mensuel,2026-03-30,non
CL108124,Simon,Rayan,rayan.simon8124@example.com,0656359369,1992-12-25,Grenoble,aucun,2025-06-16,non
CL108125,Robert,Karim,karim.robert8125@example.com,0627968469,1977-07-10,Lyon,aucun,2026-07-12,oui
CL108126,Michel,Jade,jade.michel8126@example.com,0611790298,1978-06-11,Lille,mensuel,2025-12-10,
CL108127,Roux,Lea,lea.roux8127@example.com,0641910550,1984-10-06,Lille,aucun,2026-02-17,non
CL108128,Girard,Hugo,hugo.girard8128@example.com,0636278952,1992-02-01,Nantes,mensuel,2025-11-02,
CL108129,Laurent,Mehdi,mehdi.laurent8129@example.com,0692266923,1978-03-30,Lyon,etudiant,2025-07-21,oui
CL108130,Laurent,Ines,ines.laurent8130@example.com,0695465623,1979-04-10,Grenoble,aucun,2025-11-11,
CL108131,Roux,Hugo,hugo.roux8131@example.com,0654059887,1960-06-19,Nantes,aucun,2026-10-21,
CL108132,Martin,Adam,adam.martin8132@example.com,0693450312,1965-09-07,Lille,aucun,2025-07-08,non
CL108133,Bernard,Hugo,hugo.bernard8133@example.com,0641499928,2000-09-27,Lille,aucun,2026-01-18,non
CL108134,Robert,Mehdi,mehdi.robert8134@example.com,0667089989,1997-08-18,Lyon,etudiant,2026-07-10,oui
CL108135,Nguyen,Noah,noah.nguyen8135@example.com,0679952099,1983-09-30,Nantes,aucun,2025-03-28,non
CL108136,Girard,Chloe,chloe.girard8136@example.com,0698907584,1965-03-12,Lyon,aucun,2025-03-17,
CL108137,Nguyen,Yanis,yanis.nguyen8137@example.com,0675129421,1995-04-11,Nantes,etudiant,2025-05-22,oui
CL108138,Moreau,Louise,louise.moreau8138@example.com,0630347096,1966-12-16,Lyon,etudiant,2025-03-04,oui
CL108139,Fournier,Sofia,sofia.fournier8139@example.com,0655441504,1977-11-08,Lille,aucun,2025-03-13,oui
CL108140,Benali,Adam,adam.benali8140@example.com,0640753594,1985-06-04,Grenoble,mensuel,2026-08-05,non
CL108141,Martin,Ines,ines.martin8141@example.com,0615538401,1983-12-21,Lyon,mensuel,2025-12-31,
CL108142,Benali,Louise,louise.benali8142@example.com,0652437280,1970-12-09,Lyon,aucun,2025-06-12,non
CL108143,Moreau,Camille,camille.moreau8143@example.com,0643237667,1962-04-17,Nantes,mensuel,2025-09-13,
CL108144,Fournier,Manon,manon.fournier8144@example.com,0689137608,1966-01-01,Lyon,mensuel,2025-12-06,non
CL108145,Girard,Karim,karim.girard8145@example.com,0660546915,1960-04-15,Lyon,etudiant,2025-12-28,oui
CL108146,Simon,Ilyes,ilyes.simon8146@example.com,0613529328,1982-04-28,Lyon,mensuel,2025-06-15,non
CL108147,Garcia,Lea,lea.garcia8147@example.com,0613740807,1979-08-28,Lyon,aucun,2026-02-27,oui
CL108148,Robert,Mehdi,mehdi.robert8148@example.com,0618515631,1993-02-02,Lyon,annuel,2026-10-18,oui
CL108149,Fournier,Ines,ines.fournier8149@example.com,0633268915,1991-07-26,Lyon,aucun,2026-04-21,
CL108150,Garcia,Jade,jade.garcia8150@example.com,0656466103,1991-12-24,Lyon,etudiant,2026-04-19,
CL108151,Bernard,Louise,louise.bernard8151@example.com,0685999086,1994-03-11,Grenoble,aucun,2026-09-14,oui
CL108152,Girard,Ines,ines.girard8152@example.com,0687126134,1989-08-07,Lyon,annuel,2025-03-07,
CL108153,Moreau,Louise,louise.moreau8153@example.com,0629821907,1976-04-02,Nantes,aucun,2026-03-23,non
CL108154,Garcia,Ilyes,ilyes.garcia8154@example.com,0684346035,1996-02-01,Lyon,etudiant,2026-05-06,oui
CL108155,Dubois,Louise,louise.dubois8155@example.com,0689594018,1988-06-13,Lille,etudiant,2025-03-12,
CL108156,Bernard,Noah,noah.bernard8156@example.com,0679010205,1998-12-07,Lyon,entreprise,2025-04-07,
CL108157,Laurent,Karim,karim.laurent8157@example.com,0680540870,1984-06-08,Lille,annuel,2026-01-18,
CL108158,Dubois,Amira,amira.dubois8158@example.com,0632380380,1981-03-02,Lyon,aucun,2025-12-18,
CL108159,Laurent,Hugo,hugo.laurent8159@example.com,0676597553,1969-07-26,Lyon,aucun,2025-12-03,non
CL108160,Roux,Yanis,yanis.roux8160@example.com,0668561592,1995-05-17,Grenoble,mensuel,2026-08-05,oui
CL108161,Fournier,Gabriel,gabriel.fournier8161@example.com,0621011034,1991-03-05,Grenoble,aucun,2026-06-04,non
CL108162,Roux,Yanis,yanis.roux8162@example.com,0652398261,1979-02-03,Grenoble,aucun,2025-10-04,
CL108163,Michel,Noah,noah.michel8163@example.com,0624206534,1996-03-23,Lyon,aucun,2026-03-01,non
CL108164,Benali,Yanis,yanis.benali8164@example.com,0637209018,1992-04-12,Nantes,aucun,2026-08-26,non
CL108165,Girard,Jade,jade.girard8165@example.com,0683449315,1978-03-03,Nantes,etudiant,2026-01-11,
CL108166,Simon,Chloe,chloe.simon8166@example.com,0646436903,2003-01-03,Nantes,mensuel,2025-10-24,non
CL108167,Simon,Chloe,chloe.simon8167@example.com,0698828993,1986-06-28,Lille,aucun,2026-03-22,
CL108168,Moreau,Lea,lea.moreau8168@example.com,0671267077,1960-10-11,Nantes,etudiant,2026-04-26,oui
CL108169,Fournier,Manon,manon.fournier8169@example.com,0624939783,1978-01-13,Lille,etudiant,2025-06-27,non
CL108170,Fournier,Ilyes,ilyes.fournier8170@example.com,0668266247,1980-11-26,Grenoble,aucun,2025-04-11,non
CL108171,Moreau,Sofia,sofia.moreau8171@example.com,0644187084,1991-01-13,Lille,etudiant,2026-04-28,oui
CL108172,Roux,Ilyes,ilyes.roux8172@example.com,0665478383,1965-07-08,Lyon,mensuel,2026-08-23,non
CL108173,Girard,Amira,amira.girard8173@example.com,0626056378,1984-12-26,Lyon,entreprise,2026-05-21,oui
CL108174,Durand,Camille,camille.durand8174@example.com,0658669307,1971-06-13,Nantes,annuel,2025-12-07,oui
CL108175,Petit,Amira,amira.petit8175@example.com,0684191948,2003-07-04,Nantes,annuel,2025-08-09,non
CL108176,Durand,Noah,noah.durand8176@example.com,0627501549,1971-03-15,Lille,entreprise,2025-12-14,
CL108177,Girard,Rayan,rayan.girard8177@example.com,0695494770,1996-02-05,Lyon,mensuel,2025-09-12,non
CL108178,Petit,Ilyes,ilyes.petit8178@example.com,0692045750,1972-01-18,Lyon,aucun,2025-08-14,
CL108179,Durand,Ines,ines.durand8179@example.com,0622839624,1973-08-03,Lyon,aucun,2025-05-25,non
CL108180,Simon,Mehdi,mehdi.simon8180@example.com,0653792019,1983-02-17,Lyon,mensuel,2025-03-03,oui
CL108181,Martin,Sofia,sofia.martin8181@example.com,0652002298,1989-08-22,Lyon,aucun,2026-07-06,oui
CL108182,Roux,Sofia,sofia.roux8182@example.com,0698376175,1961-12-08,Lyon,entreprise,2025-11-05,
CL108183,Roux,Mehdi,mehdi.roux8183@example.com,0677533353,1986-09-25,Nantes,mensuel,2026-07-10,non
CL108184,Robert,Yanis,yanis.robert8184@example.com,0684631215,1982-10-11,Lyon,aucun,2026-08-09,oui
CL108185,Simon,Mehdi,mehdi.simon8185@example.com,0653979324,1965-04-28,Lyon,mensuel,2026-05-17,non
CL108186,Dubois,Gabriel,gabriel.dubois8186@example.com,0658570859,1970-03-16,Grenoble,mensuel,2025-09-16,non
CL108187,Nguyen,Amira,amira.nguyen8187@example.com,0668248124,1997-09-16,Lyon,mensuel,2025-03-26,non
CL108188,Girard,Noah,noah.girard8188@example.com,0653068078,1963-07-26,Grenoble,annuel,2026-01-31,oui
CL108189,Durand,Mehdi,mehdi.durand8189@example.com,0670514791,1960-11-17,Lyon,aucun,2025-09-16,
CL108190,Bernard,Camille,camille.bernard8190@example.com,0626342688,1982-01-31,Grenoble,aucun,2025-12-16,oui
CL108191,Robert,Amira,amira.robert8191@example.com,0667223210,1975-09-16,Lyon,entreprise,2026-04-11,
CL108192,Nguyen,Karim,karim.nguyen8192@example.com,0691679204,1969-07-30,Lille,mensuel,2026-01-08,oui
CL108193,Dubois,Ines,ines.dubois8193@example.com,0650922325,1989-10-22,Nantes,aucun,2025-11-03,oui
CL108194,Garcia,Hugo,hugo.garcia8194@example.com,0696722807,1993-12-18,Lille,mensuel,2025-06-13,oui
CL108195,Simon,Jade,jade.simon8195@example.com,0695596870,1960-03-25,Grenoble,annuel,2025-08-27,non
CL108196,Bernard,Camille,camille.bernard8196@example.com,0687237307,2000-11-21,Lyon,entreprise,2026-06-04,non
CL108197,Nguyen,Jade,jade.nguyen8197@example.com,0613498243,1981-01-08,Nantes,aucun,2025-10-19,oui
CL108198,Petit,Noah,noah.petit8198@example.com,0621625469,1961-10-18,Lyon,etudiant,2025-11-22,oui
CL108199,Nguyen,Jade,jade.nguyen8199@example.com,0666356838,1996-11-21,Lyon,aucun,2025-07-03,non
CL108200,Benali,Amira,amira.benali8200@example.com,0685126199,1996-04-25,Lyon,mensuel,2025-09-30,oui
CL108201,Petit,Hugo,hugo.petit8201@example.com,0665857065,1966-10-22,Lyon,aucun,2025-10-23,non
CL108202,Durand,Lea,lea.durand8202@example.com,0648534739,1964-02-21,Lyon,etudiant,2025-11-08,
CL108203,Dubois,Gabriel,gabriel.dubois8203@example.com,0630573151,1991-12-15,Lyon,entreprise,2026-09-27,oui
CL108204,Martin,Camille,camille.martin8204@example.com,0646407242,1973-06-14,Lyon,aucun,2026-03-30,non
CL108205,Michel,Chloe,chloe.michel8205@example.com,0642369520,2002-12-29,Nantes,mensuel,2025-03-05,
CL108206,Michel,Yanis,yanis.michel8206@example.com,0686065806,1970-06-05,Grenoble,etudiant,2026-06-26,non
CL108207,Martin,Adam,adam.martin8207@example.com,0615887216,1976-10-19,Nantes,aucun,2025-12-05,oui
CL108208,Simon,Sofia,sofia.simon8208@example.com,0679216022,1971-08-25,Nantes,aucun,2026-10-19,
CL108209,Moreau,Amira,amira.moreau8209@example.com,0657729082,1978-09-11,Nantes,mensuel,2025-04-16,oui
CL108210,Fournier,Manon,manon.fournier8210@example.com,0680016815,1969-02-04,Grenoble,mensuel,2026-03-13,
CL108211,Martin,Ilyes,ilyes.martin8211@example.com,0652820384,1977-07-27,Lyon,aucun,2026-02-27,oui
CL108212,Bernard,Manon,manon.bernard8212@example.com,0697949031,1998-06-25,Lille,mensuel,2025-05-16,non
CL108213,Dubois,Karim,karim.dubois8213@example.com,0656405937,1977-05-02,Lille,etudiant,2025-12-15,oui
CL108214,Durand,Ines,ines.durand8214@example.com,0681746379,1997-02-04,Nantes,annuel,2026-01-04,
CL108215,Simon,Amira,amira.simon8215@example.com,0641935145,1974-11-04,Nantes,aucun,2025-06-25,non
CL108216,Laurent,Louise,louise.laurent8216@example.com,0665641546,1983-11-03,Nantes,aucun,2025-09-14,oui
CL108217,Simon,Sofia,sofia.simon8217@example.com,0626984641,1968-02-19,Lyon,aucun,2026-05-17,non
CL108218,Moreau,Karim,karim.moreau8218@example.com,0624857375,1979-09-10,Lille,aucun,2025-05-12,oui
CL108219,Moreau,Ines,ines.moreau8219@example.com,0690331602,1976-02-08,Lyon,aucun,2026-08-05,
CL108220,Moreau,Rayan,rayan.moreau8220@example.com,0696310128,1963-06-24,Nantes,aucun,2026-10-02,non
CL108221,Robert,Amira,amira.robert8221@example.com,0618831720,1967-01-15,Grenoble,aucun,2026-10-07,
CL108222,Garcia,Lea,lea.garcia8222@example.com,0671138847,1963-07-08,Nantes,annuel,2025-06-22,non
CL108223,Durand,Manon,manon.durand8223@example.com,0638187820,1988-04-01,Nantes,aucun,2026-05-28,oui
CL108224,Roux,Karim,karim.roux8224@example.com,0687145451,1998-10-14,Nantes,mensuel,2025-10-02,
CL108225,Simon,Louise,louise.simon8225@example.com,0684676216,1979-04-06,Lille,aucun,2025-06-29,oui
CL108226,Fournier,Rayan,rayan.fournier8226@example.com,0651639857,1996-02-15,Lyon,etudiant,2025-08-20,
CL108227,Fournier,Yanis,yanis.fournier8227@example.com,0696210898,1979-01-24,Nantes,aucun,2025-11-17,non
CL108228,Robert,Rayan,rayan.robert8228@example.com,0613997676,1974-07-04,Grenoble,aucun,2025-12-29,non
CL108229,Simon,Hugo,hugo.simon8229@example.com,0671115870,2000-11-01,Lille,mensuel,2026-07-01,non
CL108230,Roux,Adam,adam.roux8230@example.com,0673557858,1960-07-26,Lille,aucun,2025-04-24,oui
CL108231,Laurent,Yanis,yanis.laurent8231@example.com,0617715411,1966-02-12,Grenoble,entreprise,2025-10-09,oui
CL108232,Martin,Ines,ines.martin8232@example.com,0612842249,1963-07-13,Lille,aucun,2025-11-04,oui
CL108233,Bernard,Adam,adam.bernard8233@example.com,0698937240,1992-11-29,Grenoble,mensuel,2026-09-28,non
CL108234,Martin,Ilyes,ilyes.martin8234@example.com,0628405865,1991-03-21,Lille,aucun,2025-12-25,non
CL108235,Girard,Manon,manon.girard8235@example.com,0651226951,1965-09-13,Nantes,aucun,2025-06-30,non
CL108236,Laurent,Louise,louise.laurent8236@example.com,0642577060,1993-02-16,Nantes,etudiant,2025-05-13,
CL108237,Robert,Sofia,sofia.robert8237@example.com,0659297705,1978-04-01,Grenoble,etudiant,2026-08-19,oui
CL108238,Girard,Gabriel,gabriel.girard8238@example.com,0634009215,1975-12-02,Lyon,mensuel,2026-07-17,oui
CL108239,Fournier,Mehdi,mehdi.fournier8239@example.com,0626869530,1981-02-25,Lille,mensuel,2025-04-10,oui
CL108240,Durand,Amira,amira.durand8240@example.com,0651324366,1968-11-14,Lille,annuel,2026-08-15,non
CL108241,Garcia,Mehdi,mehdi.garcia8241@example.com,0637177349,1972-02-17,Nantes,entreprise,2026-07-02,non
CL108242,Girard,Camille,camille.girard8242@example.com,0640180966,1960-10-04,Lyon,annuel,2025-05-23,non
CL108243,Robert,Lea,lea.robert8243@example.com,0680457959,1994-02-12,Lille,entreprise,2025-12-08,
CL108244,Bernard,Yanis,yanis.bernard8244@example.com,0631870347,1986-03-13,Lille,aucun,2025-11-12,oui
CL108245,Simon,Lea,lea.simon8245@example.com,0695461964,1989-09-08,Grenoble,aucun,2026-08-27,
CL108246,Fournier,Camille,camille.fournier8246@example.com,0611689710,1967-04-15,Lyon,aucun,2025-09-23,
CL108247,Durand,Mehdi,mehdi.durand8247@example.com,0617623697,1962-01-28,Lille,aucun,2025-04-09,oui
CL108248,Roux,Hugo,hugo.roux8248@example.com,0633527834,1990-08-24,Lyon,mensuel,2026-04-09,non
CL108249,Garcia,Gabriel,gabriel.garcia8249@example.com,0618488633,1973-09-03,Lyon,aucun,2026-10-06,oui
CL108250,Laurent,Louise,louise.laurent8250@example.com,0624016889,1989-05-14,Nantes,etudiant,2026-05-06,oui
CL108251,Petit,Lea,lea.petit8251@example.com,0616027633,1989-01-08,Nantes,aucun,2025-03-09,
CL108252,Simon,Hugo,hugo.simon8252@example.com,0651713298,1969-12-30,Nantes,mensuel,2026-08-14,oui
CL108253,Petit,Amira,amira.petit8253@example.com,0622685854,2000-05-13,Lille,aucun,2025-09-17,oui
CL108254,Martin,Rayan,rayan.martin8254@example.com,0675194575,2000-01-02,Lyon,mensuel,2026-01-27,
CL108255,Durand,Jade,jade.durand8255@example.com,0628707957,1965-09-12,Lille,aucun,2026-06-01,non
CL108256,Benali,Adam,adam.benali8256@example.com,0661124272,1997-03-15,Lyon,mensuel,2025-11-08,non
CL108257,Roux,Noah,noah.roux8257@example.com,0670358004,1970-09-05,Nantes,aucun,2025-09-25,non
CL108258,Simon,Mehdi,mehdi.simon8258@example.com,0655896179,1999-09-04,Lille,aucun,2025-07-18,
CL108259,Laurent,Amira,amira.laurent8259@example.com,0620983212,1972-02-17,Lille,etudiant,2026-05-15,
CL108260,Laurent,Adam,adam.laurent8260@example.com,0687881339,1960-10-25,Lyon,aucun,2026-08-24,
CL108261,Bernard,Noah,noah.bernard8261@example.com,0682459358,2001-06-23,Lyon,entreprise,2025-10-16,
CL108262,Garcia,Mehdi,mehdi.garcia8262@example.com,0653612745,1977-10-15,Lille,aucun,2025-08-12,non
CL108263,Robert,Yanis,yanis.robert8263@example.com,0627587014,1971-12-01,Lyon,mensuel,2025-06-02,oui
CL108264,Martin,Amira,amira.martin8264@example.com,0616232689,2000-01-10,Lyon,aucun,2026-08-31,oui
CL108265,Petit,Amira,amira.petit8265@example.com,0653409526,1991-05-27,Nantes,mensuel,2025-04-10,non
CL108266,Simon,Manon,manon.simon8266@example.com,0665159351,1960-09-25,Lille,aucun,2025-03-30,oui
CL108267,Durand,Camille,camille.durand8267@example.com,0648625846,1982-08-24,Lyon,aucun,2026-10-19,
CL108268,Nguyen,Noah,noah.nguyen8268@example.com,0691007317,1998-11-30,Lille,entreprise,2026-06-04,
CL108269,Michel,Louise,louise.michel8269@example.com,0615322763,1997-02-06,Grenoble,mensuel,2025-04-26,non
CL108270,Benali,Louise,louise.benali8270@example.com,0659591817,1968-07-10,Lille,aucun,2025-07-13,oui
CL108271,Durand,Noah,noah.durand8271@example.com,0642420933,2003-04-03,Grenoble,entreprise,2025-03-28,non
CL108272,Roux,Jade,jade.roux8272@example.com,0694692788,1986-01-13,Nantes,aucun,2026-09-14,oui
CL108273,Roux,Amira,amira.roux8273@example.com,0676633929,1987-09-02,Grenoble,aucun,2026-03-27,oui
CL108274,Michel,Yanis,yanis.michel8274@example.com,0616002466,1989-12-01,Lyon,etudiant,2025-11-25,non
CL108275,Dubois,Noah,noah.dubois8275@example.com,0663381833,1961-01-22,Lille,aucun,2025-12-27,non
CL108276,Dubois,Rayan,rayan.dubois8276@example.com,0673981330,1987-08-08,Lyon,aucun,2026-07-27,non
CL108277,Nguyen,Yanis,yanis.nguyen8277@example.com,0664721240,1992-06-23,Lille,mensuel,2026-07-13,oui
CL108278,Simon,Camille,camille.simon8278@example.com,0634337544,1969-07-28,Lille,etudiant,2026-07-12,non
CL108279,Garcia,Jade,jade.garcia8279@example.com,0612732022,2000-05-29,Grenoble,mensuel,2026-04-12,non
CL108280,Nguyen,Manon,manon.nguyen8280@example.com,0662025022,1980-05-14,Lyon,annuel,2025-09-30,non
CL108281,Martin,Karim,karim.martin8281@example.com,0626186588,1977-04-07,Lyon,aucun,2026-07-07,
CL108282,Benali,Karim,karim.benali8282@example.com,0673866305,2001-06-24,Lyon,entreprise,2025-04-27,oui
CL108283,Martin,Jade,jade.martin8283@example.com,0682143057,1971-02-12,Lille,aucun,2025-09-24,non
CL108284,Petit,Louise,louise.petit8284@example.com,0682520473,1994-08-03,Nantes,aucun,2026-05-18,oui
CL108285,Benali,Ines,ines.benali8285@example.com,0680797126,1963-01-30,Grenoble,aucun,2025-07-28,
CL108286,Bernard,Jade,jade.bernard8286@example.com,0654637908,1992-07-01,Lyon,annuel,2025-08-17,
CL108287,Petit,Louise,louise.petit8287@example.com,0638989376,1993-12-04,Nantes,mensuel,2025-03-06,non
CL108288,Durand,Ilyes,ilyes.durand8288@example.com,0614349265,1989-12-11,Lille,etudiant,2026-02-25,oui
CL108289,Moreau,Camille,camille.moreau8289@example.com,0611400553,1966-02-02,Lyon,etudiant,2025-04-11,non
CL108290,Michel,Yanis,yanis.michel8290@example.com,0681721808,1978-07-31,Nantes,aucun,2025-08-19,non
CL108291,Martin,Camille,camille.martin8291@example.com,0625607876,1995-07-23,Grenoble,mensuel,2025-04-28,oui
CL108292,Durand,Yanis,yanis.durand8292@example.com,0656756575,1973-09-14,Nantes,annuel,2026-03-14,
CL108293,Robert,Rayan,rayan.robert8293@example.com,0694701899,1966-10-15,Lyon,etudiant,2025-05-04,oui
CL108294,Petit,Camille,camille.petit8294@example.com,0667059643,1979-02-11,Nantes,mensuel,2025-11-30,non
CL108295,Simon,Lea,lea.simon8295@example.com,0647430056,1994-09-01,Lyon,aucun,2025-03-17,
CL108296,Benali,Camille,camille.benali8296@example.com,0646640623,2001-12-30,Grenoble,etudiant,2026-09-08,
CL108297,Simon,Ines,ines.simon8297@example.com,0621146121,1994-08-16,Lille,mensuel,2026-04-11,non
CL108298,Moreau,Gabriel,gabriel.moreau8298@example.com,0656166804,1969-07-02,Lyon,aucun,2026-05-16,
CL108299,Girard,Rayan,rayan.girard8299@example.com,0653942474,1998-07-01,Nantes,aucun,2026-07-09,oui
CL108300,Michel,Noah,noah.michel8300@example.com,0697215839,1965-08-06,Lille,mensuel,2026-05-15,oui
CL108301,Laurent,Manon,manon.laurent8301@example.com,0686897072,1974-06-25,Lyon,etudiant,2026-01-09,non
CL108302,Moreau,Adam,adam.moreau8302@example.com,0682081674,1981-08-26,Lyon,aucun,2025-10-04,oui
CL108303,Moreau,Ilyes,ilyes.moreau8303@example.com,0638433746,1988-03-27,Nantes,aucun,2026-05-01,non
CL108304,Fournier,Rayan,rayan.fournier8304@example.com,0664572517,1962-03-30,Nantes,etudiant,2025-05-16,non
CL108305,Girard,Manon,manon.girard8305@example.com,0631207315,1983-05-27,Grenoble,aucun,2025-08-11,non
CL108306,Petit,Gabriel,gabriel.petit8306@example.com,0647160841,2002-05-11,Grenoble,entreprise,2026-02-16,non
CL108307,Michel,Ilyes,ilyes.michel8307@example.com,0672312301,1971-11-02,Lyon,etudiant,2025-12-01,
CL108308,Robert,Lea,lea.robert8308@example.com,0623440190,1986-03-10,Nantes,aucun,2025-10-29,
CL108309,Petit,Manon,manon.petit8309@example.com,0696089232,1972-03-15,Lyon,aucun,2025-06-02,oui
CL108310,Dubois,Chloe,chloe.dubois8310@example.com,0612722040,1983-08-18,Nantes,annuel,2026-05-09,oui
CL108311,Durand,Adam,adam.durand8311@example.com,0675061436,1982-03-19,Grenoble,etudiant,2026-02-07,non
CL108312,Girard,Louise,louise.girard8312@example.com,0689209855,1975-10-09,Lyon,entreprise,2025-03-26,
CL108313,Robert,Yanis,yanis.robert8313@example.com,0678639092,1970-02-10,Nantes,aucun,2026-08-14,non
CL108314,Laurent,Rayan,rayan.laurent8314@example.com,0646390303,1989-06-04,Grenoble,etudiant,2025-11-21,
CL108315,Garcia,Adam,adam.garcia8315@example.com,0659687177,1961-08-29,Grenoble,etudiant,2025-09-30,non
CL108316,Fournier,Noah,noah.fournier8316@example.com,0643532664,1991-11-13,Nantes,aucun,2025-11-10,
CL108317,Simon,Adam,adam.simon8317@example.com,0639453781,1992-07-19,Grenoble,mensuel,2025-08-29,
CL108318,Michel,Yanis,yanis.michel8318@example.com,0649955402,1994-08-05,Lyon,etudiant,2025-05-21,non
CL108319,Simon,Chloe,chloe.simon8319@example.com,0639171065,1993-01-13,Grenoble,annuel,2025-06-03,non
CL108320,Simon,Lea,lea.simon8320@example.com,0613750523,1999-11-01,Lyon,annuel,2025-05-24,oui
CL108321,Fournier,Louise,louise.fournier8321@example.com,0633851550,1990-08-16,Lyon,aucun,2026-09-11,
CL108322,Petit,Camille,camille.petit8322@example.com,0678773026,1973-12-01,Lyon,aucun,2025-07-10,oui
CL108323,Simon,Adam,adam.simon8323@example.com,0661677713,1978-04-18,Lyon,entreprise,2025-08-04,non
CL108324,Fournier,Yanis,yanis.fournier8324@example.com,0676485590,1960-07-07,Lille,etudiant,2025-09-24,oui
CL108325,Durand,Louise,louise.durand8325@example.com,0614570617,1987-12-04,Lyon,etudiant,2026-05-05,oui
CL108326,Simon,Noah,noah.simon8326@example.com,0643289695,1971-05-24,Grenoble,aucun,2026-06-02,oui
CL108327,Durand,Noah,noah.durand8327@example.com,0680515703,1989-06-29,Lyon,aucun,2026-05-24,non
CL108328,Michel,Yanis,yanis.michel8328@example.com,0638894662,2001-06-22,Lille,etudiant,2026-10-15,non
CL108329,Durand,Mehdi,mehdi.durand8329@example.com,0634274201,1994-10-09,Lille,mensuel,2025-09-16,non
CL108330,Durand,Lea,lea.durand8330@example.com,0627785534,1965-06-02,Grenoble,mensuel,2026-01-23,oui
CL108331,Simon,Gabriel,gabriel.simon8331@example.com,0692460903,1971-09-02,Lyon,aucun,2026-07-18,oui
CL108332,Nguyen,Chloe,chloe.nguyen8332@example.com,0663130089,1971-04-09,Nantes,aucun,2026-02-23,non
CL108333,Nguyen,Yanis,yanis.nguyen8333@example.com,0667060321,1987-09-04,Lyon,mensuel,2025-11-24,
CL108334,Petit,Yanis,yanis.petit8334@example.com,0665067812,2003-03-23,Lille,annuel,2026-09-29,non
CL108335,Roux,Rayan,rayan.roux8335@example.com,0647626963,1973-05-01,Nantes,mensuel,2025-06-22,non
CL108336,Moreau,Karim,karim.moreau8336@example.com,0644224615,1966-09-28,Lyon,mensuel,2026-10-04,oui
CL108337,Nguyen,Sofia,sofia.nguyen8337@example.com,0686376027,1981-07-12,Grenoble,mensuel,2025-06-05,oui
CL108338,Roux,Karim,karim.roux8338@example.com,0672539012,1995-06-15,Lyon,aucun,2026-05-29,
CL108339,Martin,Rayan,rayan.martin8339@example.com,0618372381,1972-04-02,Lyon,mensuel,2025-12-17,oui
CL108340,Girard,Noah,noah.girard8340@example.com,0676619075,2001-10-30,Nantes,mensuel,2025-10-25,oui
CL108341,Garcia,Jade,jade.garcia8341@example.com,0610379153,1970-02-14,Grenoble,annuel,2025-12-06,
CL108342,Girard,Karim,karim.girard8342@example.com,0630988810,1992-04-05,Nantes,mensuel,2026-04-24,non
CL108343,Fournier,Manon,manon.fournier8343@example.com,0629356133,1989-12-26,Grenoble,annuel,2026-08-01,oui
CL108344,Garcia,Mehdi,mehdi.garcia8344@example.com,0630104387,1997-11-24,Nantes,aucun,2025-09-08,
CL108345,Nguyen,Yanis,yanis.nguyen8345@example.com,0681413704,1995-02-24,Lyon,aucun,2025-11-07,
CL108346,Bernard,Gabriel,gabriel.bernard8346@example.com,0665082848,1981-01-24,Nantes,etudiant,2026-10-18,
CL108347,Michel,Rayan,rayan.michel8347@example.com,0696880761,1983-07-16,Grenoble,aucun,2025-08-29,oui
CL108348,Laurent,Lea,lea.laurent8348@example.com,0617532322,1972-12-23,Lyon,aucun,2025-12-28,non
CL108349,Garcia,Adam,adam.garcia8349@example.com,0684956895,1993-07-13,Grenoble,mensuel,2026-06-21,oui
CL108350,Garcia,Hugo,hugo.garcia8350@example.com,0623383595,1980-11-13,Lille,aucun,2026-07-24,
CL108351,Laurent,Ines,ines.laurent8351@example.com,0693328753,1992-10-17,Grenoble,etudiant,2026-10-01,oui
CL108352,Michel,Yanis,yanis.michel8352@example.com,0651430758,1969-06-01,Lyon,mensuel,2025-09-24,non
CL108353,Benali,Ilyes,ilyes.benali8353@example.com,0669573298,1970-01-08,Lille,aucun,2026-05-24,
CL108354,Girard,Yanis,yanis.girard8354@example.com,0610819706,1998-05-03,Nantes,aucun,2025-03-20,
CL108355,Benali,Sofia,sofia.benali8355@example.com,0694940950,1978-07-27,Lyon,etudiant,2026-09-21,non
CL108356,Bernard,Ilyes,ilyes.bernard8356@example.com,0648671846,1978-12-16,Nantes,aucun,2026-08-03,oui
CL108357,Petit,Jade,jade.petit8357@example.com,0621738073,1986-06-28,Lille,aucun,2026-05-16,non
CL108358,Simon,Noah,noah.simon8358@example.com,0613857004,1966-06-15,Lille,etudiant,2025-12-15,non
CL108359,Nguyen,Ines,ines.nguyen8359@example.com,0624298666,1976-05-21,Nantes,mensuel,2025-05-24,non
CL108360,Martin,Lea,lea.martin8360@example.com,0621883772,1998-03-14,Lille,mensuel,2026-10-07,
CL108361,Laurent,Ines,ines.laurent8361@example.com,0622123543,1983-06-23,Lyon,annuel,2026-02-21,non
CL108362,Petit,Hugo,hugo.petit8362@example.com,0617555417,1978-12-26,Lyon,aucun,2025-04-17,oui
CL108363,Benali,Manon,manon.benali8363@example.com,0633854337,1967-07-14,Lille,mensuel,2025-05-20,
CL108364,Martin,Lea,lea.martin8364@example.com,0697125331,1983-01-02,Lyon,mensuel,2025-08-13,oui
CL108365,Garcia,Gabriel,gabriel.garcia8365@example.com,0623235906,1977-05-07,Grenoble,mensuel,2026-07-31,oui
CL108366,Girard,Jade,jade.girard8366@example.com,0687742879,1974-08-15,Grenoble,mensuel,2025-04-29,
CL108367,Garcia,Mehdi,mehdi.garcia8367@example.com,0692354943,1975-06-15,Lille,etudiant,2026-10-15,oui
CL108368,Fournier,Adam,adam.fournier8368@example.com,0674286187,1997-12-28,Nantes,aucun,2025-10-01,oui
CL108369,Martin,Yanis,yanis.martin8369@example.com,0662626485,1984-12-16,Nantes,annuel,2025-11-03,
CL108370,Robert,Ines,ines.robert8370@example.com,0670104506,1966-06-13,Grenoble,aucun,2025-12-11,oui
CL108371,Martin,Mehdi,mehdi.martin8371@example.com,0696436229,1999-10-13,Lyon,annuel,2026-05-22,non
CL108372,Moreau,Karim,karim.moreau8372@example.com,0671712851,1982-03-22,Lyon,aucun,2026-02-20,non
CL108373,Durand,Amira,amira.durand8373@example.com,0674827108,1962-03-13,Nantes,aucun,2026-02-02,
CL108374,Roux,Ines,ines.roux8374@example.com,0650411750,1985-03-19,Grenoble,etudiant,2025-12-04,
CL108375,Martin,Ilyes,ilyes.martin8375@example.com,0619879253,1991-06-26,Grenoble,mensuel,2026-07-01,
CL108376,Martin,Jade,jade.martin8376@example.com,0654342793,1999-10-26,Lyon,mensuel,2026-07-12,non
CL108377,Dubois,Amira,amira.dubois8377@example.com,0613306112,1974-07-28,Lyon,mensuel,2025-03-17,
CL108378,Laurent,Rayan,rayan.laurent8378@example.com,0646627520,1964-07-03,Lyon,annuel,2025-03-05,oui
CL108379,Dubois,Camille,camille.dubois8379@example.com,0634589109,1964-02-25,Lille,etudiant,2026-01-14,oui
CL108380,Roux,Jade,jade.roux8380@example.com,0667857578,1977-03-05,Nantes,aucun,2025-12-05,
CL108381,Bernard,Rayan,rayan.bernard8381@example.com,0616416456,1966-02-28,Lyon,aucun,2026-05-12,oui
CL108382,Nguyen,Rayan,rayan.nguyen8382@example.com,0613712068,1979-01-24,Grenoble,aucun,2026-09-15,non
CL108383,Durand,Yanis,yanis.durand8383@example.com,0676118928,2003-01-16,Nantes,mensuel,2025-08-01,
CL108384,Laurent,Hugo,hugo.laurent8384@example.com,0696928542,1988-04-29,Grenoble,aucun,2026-05-29,non
CL108385,Michel,Manon,manon.michel8385@example.com,0699271039,2000-01-19,Lille,mensuel,2026-07-17,non
CL108386,Petit,Gabriel,gabriel.petit8386@example.com,0650933112,1966-03-06,Grenoble,aucun,2026-08-08,
CL108387,Roux,Gabriel,gabriel.roux8387@example.com,0646234491,1969-05-02,Lyon,mensuel,2026-06-20,oui
CL108388,Laurent,Gabriel,gabriel.laurent8388@example.com,0664570994,2002-03-28,Lyon,etudiant,2025-11-19,
CL108389,Laurent,Mehdi,mehdi.laurent8389@example.com,0672277327,1997-04-30,Lyon,aucun,2026-09-30,non
CL108390,Garcia,Camille,camille.garcia8390@example.com,0611331613,1971-06-24,Nantes,aucun,2025-05-19,
CL108391,Robert,Hugo,hugo.robert8391@example.com,0621991822,1965-01-16,Nantes,annuel,2026-02-21,non
CL108392,Martin,Manon,manon.martin8392@example.com,0659918701,1996-06-18,Nantes,annuel,2026-04-06,
CL108393,Robert,Manon,manon.robert8393@example.com,0672030629,2001-10-20,Nantes,aucun,2026-07-07,oui
CL108394,Dubois,Lea,lea.dubois8394@example.com,0614263640,2002-12-16,Grenoble,aucun,2026-08-21,
CL108395,Petit,Lea,lea.petit8395@example.com,0644450276,1989-05-23,Lyon,mensuel,2026-03-04,
CL108396,Garcia,Ines,ines.garcia8396@example.com,0687230960,1966-01-16,Nantes,aucun,2026-08-04,non
CL108397,Garcia,Ines,ines.garcia8397@example.com,0632916456,1998-11-04,Lyon,aucun,2026-07-14,non
CL108398,Garcia,Camille,camille.garcia8398@example.com,0628259738,1970-12-08,Lyon,aucun,2025-05-07,oui
CL108399,Moreau,Lea,lea.moreau8399@example.com,0615301979,1974-05-19,Nantes,aucun,2025-06-14,non
CL108400,Benali,Sofia,sofia.benali8400@example.com,0619245421,1976-03-06,Lyon,aucun,2025-03-15,
CL108401,Petit,Camille,camille.petit8401@example.com,0676126685,2000-12-16,Nantes,aucun,2026-01-24,non
CL108402,Martin,Hugo,hugo.martin8402@example.com,0653380660,1981-09-03,Nantes,mensuel,2025-06-11,oui
CL108403,Benali,Mehdi,mehdi.benali8403@example.com,0611052146,1996-03-09,Nantes,aucun,2026-06-13,non
CL108404,Benali,Louise,louise.benali8404@example.com,0610047912,1970-05-04,Nantes,annuel,2026-09-08,non
CL108405,Nguyen,Karim,karim.nguyen8405@example.com,0611173342,1981-03-14,Nantes,etudiant,2025-10-21,
CL108406,Durand,Jade,jade.durand8406@example.com,0679611910,1966-03-25,Nantes,aucun,2026-06-11,oui
CL108407,Martin,Gabriel,gabriel.martin8407@example.com,0684522154,1984-08-26,Lyon,mensuel,2025-09-27,oui
CL108408,Dubois,Jade,jade.dubois8408@example.com,0685013438,1967-03-22,Lyon,annuel,2025-07-14,non
CL108409,Fournier,Mehdi,mehdi.fournier8409@example.com,0699150507,1987-05-12,Lille,annuel,2025-05-29,non
CL108410,Simon,Rayan,rayan.simon8410@example.com,0642503244,1980-07-17,Grenoble,mensuel,2025-07-05,
CL108411,Benali,Lea,lea.benali8411@example.com,0612716231,1979-07-18,Lille,annuel,2025-04-12,non
CL108412,Benali,Ines,ines.benali8412@example.com,0667960852,1973-05-26,Nantes,etudiant,2026-03-09,oui
CL108413,Michel,Ines,ines.michel8413@example.com,0685674678,1977-01-30,Lyon,aucun,2025-09-06,
CL108414,Dubois,Karim,karim.dubois8414@example.com,0647440051,1967-07-22,Lyon,etudiant,2025-10-19,oui
CL108415,Garcia,Ilyes,ilyes.garcia8415@example.com,0696867783,1982-07-12,Lyon,aucun,2026-04-07,
CL108416,Simon,Mehdi,mehdi.simon8416@example.com,0612809287,1989-01-26,Nantes,aucun,2025-09-13,
CL108417,Moreau,Sofia,sofia.moreau8417@example.com,0675619829,1965-12-21,Lyon,aucun,2026-10-02,oui
CL108418,Girard,Noah,noah.girard8418@example.com,0634146328,1961-10-25,Nantes,annuel,2026-01-06,oui
CL108419,Garcia,Mehdi,mehdi.garcia8419@example.com,0615652174,1995-04-14,Grenoble,entreprise,2025-07-06,non
CL108420,Laurent,Ilyes,ilyes.laurent8420@example.com,0681116637,1999-08-03,Nantes,etudiant,2026-08-30,non
CL108421,Nguyen,Mehdi,mehdi.nguyen8421@example.com,0652939613,2000-06-05,Nantes,aucun,2025-06-28,oui
CL108422,Durand,Jade,jade.durand8422@example.com,0683930976,1963-07-18,Lyon,aucun,2025-12-22,non
CL108423,Girard,Mehdi,mehdi.girard8423@example.com,0691100557,1988-09-30,Lille,mensuel,2026-07-22,oui
CL108424,Durand,Jade,jade.durand8424@example.com,0639540905,1988-01-13,Nantes,entreprise,2026-01-03,non
CL108425,Fournier,Ilyes,ilyes.fournier8425@example.com,0677974077,1999-02-13,Lyon,mensuel,2025-11-24,oui
CL108426,Martin,Amira,amira.martin8426@example.com,0613631940,1983-07-31,Lyon,mensuel,2026-09-10,
CL108427,Laurent,Manon,manon.laurent8427@example.com,0689740280,1967-12-22,Lille,annuel,2025-11-27,non
CL108428,Fournier,Amira,amira.fournier8428@example.com,0624459475,1979-11-14,Grenoble,annuel,2026-10-21,non
CL108429,Petit,Noah,noah.petit8429@example.com,0679006166,1967-12-21,Lyon,etudiant,2025-09-06,
CL108430,Garcia,Sofia,sofia.garcia8430@example.com,0630605307,1991-09-20,Nantes,aucun,2026-10-19,oui
CL108431,Dubois,Sofia,sofia.dubois8431@example.com,0670897699,1970-05-24,Nantes,etudiant,2026-02-11,
CL108432,Petit,Lea,lea.petit8432@example.com,0636306599,2002-09-20,Nantes,aucun,2026-05-09,oui
CL108433,Durand,Ines,ines.durand8433@example.com,0675831956,1975-10-15,Lyon,aucun,2026-06-28,oui
CL108434,Martin,Ines,ines.martin8434@example.com,0616407327,2001-05-17,Lyon,annuel,2025-10-12,oui
CL108435,Dubois,Ilyes,ilyes.dubois8435@example.com,0692254918,1977-05-09,Lyon,aucun,2026-05-31,
CL108436,Roux,Hugo,hugo.roux8436@example.com,0634182314,1969-12-18,Lyon,etudiant,2025-08-19,oui
CL108437,Laurent,Ines,ines.laurent8437@example.com,0633539295,1977-02-09,Lyon,aucun,2025-06-11,oui
CL108438,Nguyen,Noah,noah.nguyen8438@example.com,0614036695,1968-04-24,Lille,mensuel,2026-07-09,oui
CL108439,Robert,Gabriel,gabriel.robert8439@example.com,0669530013,1978-01-10,Lille,mensuel,2025-03-22,
CL108440,Martin,Mehdi,mehdi.martin8440@example.com,0648432984,1978-12-21,Nantes,aucun,2026-09-29,non
CL108441,Simon,Yanis,yanis.simon8441@example.com,0685940179,1997-10-06,Nantes,mensuel,2025-05-31,
CL108442,Dubois,Ines,ines.dubois8442@example.com,0652696254,1974-04-19,Grenoble,aucun,2026-02-10,
CL108443,Bernard,Ines,ines.bernard8443@example.com,0623713037,1977-02-20,Nantes,aucun,2026-02-11,oui
CL108444,Benali,Adam,adam.benali8444@example.com,0652236357,1999-11-01,Nantes,etudiant,2026-07-30,oui
CL108445,Martin,Ines,ines.martin8445@example.com,0658806723,1988-03-13,Nantes,annuel,2026-06-04,non
CL108446,Nguyen,Ines,ines.nguyen8446@example.com,0677477768,1979-02-14,Lille,mensuel,2026-04-14,
CL108447,Roux,Yanis,yanis.roux8447@example.com,0637372799,2001-11-12,Lille,etudiant,2026-08-11,oui
CL108448,Benali,Sofia,sofia.benali8448@example.com,0667572333,1993-05-01,Lille,aucun,2025-07-22,
CL108449,Dubois,Amira,amira.dubois8449@example.com,0694595403,1976-01-06,Nantes,aucun,2026-03-24,
CL108450,Michel,Amira,amira.michel8450@example.com,0659158561,1978-07-23,Lille,aucun,2026-07-20,
CL108451,Laurent,Jade,jade.laurent8451@example.com,0649456837,1970-10-31,Lyon,mensuel,2025-07-23,non
CL108452,Simon,Camille,camille.simon8452@example.com,0624581779,1963-04-30,Nantes,annuel,2026-03-02,
CL108453,Durand,Ines,ines.durand8453@example.com,0693715312,1969-10-30,Lyon,aucun,2025-09-22,
CL108454,Girard,Adam,adam.girard8454@example.com,0683666574,1961-02-11,Nantes,annuel,2026-04-09,oui
CL108455,Simon,Lea,lea.simon8455@example.com,0624408214,2001-03-08,Lille,aucun,2025-10-26,non
CL108456,Simon,Noah,noah.simon8456@example.com,0682786906,1963-06-08,Lyon,etudiant,2026-03-13,oui
CL108457,Robert,Jade,jade.robert8457@example.com,0676178117,1972-06-16,Lyon,aucun,2026-08-08,
CL108458,Girard,Adam,adam.girard8458@example.com,0640739049,1969-10-11,Lyon,etudiant,2026-02-17,oui
CL108459,Martin,Noah,noah.martin8459@example.com,0648906710,2000-05-16,Lille,aucun,2026-04-04,oui
CL108460,Durand,Jade,jade.durand8460@example.com,0610522918,1967-12-30,Lyon,aucun,2026-05-06,oui
CL108461,Nguyen,Noah,noah.nguyen8461@example.com,0659764302,1978-01-30,Nantes,mensuel,2025-03-28,
CL108462,Moreau,Karim,karim.moreau8462@example.com,0663320941,1994-11-13,Grenoble,mensuel,2026-05-12,oui
CL108463,Simon,Rayan,rayan.simon8463@example.com,0615994793,1997-08-06,Lyon,mensuel,2026-08-15,non
CL108464,Benali,Yanis,yanis.benali8464@example.com,0698023185,1982-03-23,Nantes,mensuel,2026-10-15,
CL108465,Girard,Amira,amira.girard8465@example.com,0633188177,1974-05-01,Lyon,aucun,2025-09-23,oui
CL108466,Petit,Louise,louise.petit8466@example.com,0654235415,2001-07-06,Nantes,aucun,2025-10-03,oui
CL108467,Fournier,Mehdi,mehdi.fournier8467@example.com,0681599359,1988-03-17,Lyon,aucun,2026-09-09,
CL108468,Martin,Sofia,sofia.martin8468@example.com,0636148950,1987-03-11,Lyon,annuel,2026-02-28,non
CL108469,Moreau,Jade,jade.moreau8469@example.com,0668767597,1962-08-19,Lyon,etudiant,2026-06-14,
CL108470,Simon,Lea,lea.simon8470@example.com,0693668534,1996-05-06,Nantes,aucun,2026-02-19,oui
CL108471,Garcia,Chloe,chloe.garcia8471@example.com,0648134174,1992-05-07,Lille,aucun,2025-12-29,non
CL108472,Garcia,Louise,louise.garcia8472@example.com,0687058991,1991-07-10,Lyon,mensuel,2026-09-16,non
CL108473,Fournier,Rayan,rayan.fournier8473@example.com,0645050409,1983-05-15,Lille,entreprise,2025-09-13,
CL108474,Petit,Ines,ines.petit8474@example.com,0616026370,1998-08-10,Nantes,mensuel,2025-06-09,non
CL108475,Roux,Noah,noah.roux8475@example.com,0681884830,1976-07-21,Nantes,mensuel,2025-09-25,non
CL108476,Garcia,Louise,louise.garcia8476@example.com,0667407020,1997-01-10,Lyon,etudiant,2026-10-03,oui
CL108477,Fournier,Hugo,hugo.fournier8477@example.com,0690955633,1989-07-16,Grenoble,annuel,2026-04-29,oui
CL108478,Michel,Manon,manon.michel8478@example.com,0613632794,1963-01-15,Lyon,aucun,2025-12-11,
CL108479,Simon,Karim,karim.simon8479@example.com,0649873881,1979-03-05,Lyon,aucun,2025-04-23,non
CL108480,Durand,Karim,karim.durand8480@example.com,0622024866,2003-03-04,Lyon,mensuel,2025-11-30,
CL108481,Roux,Yanis,yanis.roux8481@example.com,0630609015,2001-02-03,Lyon,aucun,2026-05-04,non
CL108482,Robert,Mehdi,mehdi.robert8482@example.com,0642602698,1975-02-11,Lyon,etudiant,2025-03-21,
CL108483,Simon,Lea,lea.simon8483@example.com,0672457869,1989-08-25,Nantes,etudiant,2026-07-21,
CL108484,Michel,Ines,ines.michel8484@example.com,0649964171,1966-02-25,Lyon,aucun,2026-05-06,non
CL108485,Benali,Louise,louise.benali8485@example.com,0622043725,1989-03-21,Lyon,annuel,2025-08-18,
CL108486,Durand,Ilyes,ilyes.durand8486@example.com,0692342456,2003-02-17,Nantes,aucun,2026-01-24,non
CL108487,Laurent,Jade,jade.laurent8487@example.com,0636088324,1968-04-04,Grenoble,aucun,2025-10-20,oui
CL108488,Roux,Rayan,rayan.roux8488@example.com,0687723429,1966-08-04,Lille,aucun,2026-05-07,oui
CL108489,Simon,Adam,adam.simon8489@example.com,0650880235,1966-01-12,Nantes,aucun,2026-01-25,oui
CL108490,Petit,Karim,karim.petit8490@example.com,0616229314,1971-11-09,Lille,mensuel,2025-10-05,non
CL108491,Robert,Camille,camille.robert8491@example.com,0610499060,1996-12-14,Grenoble,annuel,2026-04-04,
CL108492,Michel,Sofia,sofia.michel8492@example.com,0613817399,1999-11-22,Nantes,aucun,2025-04-17,oui
CL108493,Simon,Chloe,chloe.simon8493@example.com,0667548636,1972-06-24,Nantes,aucun,2026-05-13,oui
CL108494,Laurent,Louise,louise.laurent8494@example.com,0687667428,1996-09-13,Lyon,etudiant,2026-09-09,non
CL108495,Roux,Gabriel,gabriel.roux8495@example.com,0633894748,1976-01-06,Lille,aucun,2026-01-03,non
CL108496,Fournier,Mehdi,mehdi.fournier8496@example.com,0658290571,1995-08-17,Lyon,etudiant,2026-10-07,
CL108497,Petit,Rayan,rayan.petit8497@example.com,0615418718,1983-04-30,Lyon,annuel,2026-02-06,non
CL108498,Durand,Mehdi,mehdi.durand8498@example.com,0645632966,1962-09-21,Grenoble,mensuel,2026-01-30,oui
CL108499,Simon,Hugo,hugo.simon8499@example.com,0632066634,1995-04-03,Lyon,mensuel,2025-10-22,non
CL108500,Robert,Gabriel,gabriel.robert8500@example.com,0662288223,1968-08-02,Lille,aucun,2025-06-04,oui
CL108501,Martin,Noah,noah.martin8501@example.com,0698942998,1991-12-04,Nantes,etudiant,2025-10-26,non
CL108502,Benali,Adam,adam.benali8502@example.com,0669443281,1969-04-16,Lyon,annuel,2026-07-06,oui
CL108503,Girard,Karim,karim.girard8503@example.com,0646058361,1965-01-22,Lille,aucun,2026-06-28,non
CL108504,Michel,Camille,camille.michel8504@example.com,0672025379,1993-11-29,Lille,aucun,2026-08-15,oui
CL108505,Moreau,Karim,karim.moreau8505@example.com,0614690091,1982-06-11,Lille,aucun,2026-08-23,non
CL108506,Roux,Ilyes,ilyes.roux8506@example.com,0654190161,2002-08-26,Grenoble,aucun,2025-10-10,
CL108507,Simon,Mehdi,mehdi.simon8507@example.com,0622356002,1963-09-04,Lille,aucun,2025-03-15,
CL108508,Michel,Hugo,hugo.michel8508@example.com,0672967770,1980-02-13,Nantes,etudiant,2026-10-07,
CL108509,Girard,Gabriel,gabriel.girard8509@example.com,0697575650,1969-10-22,Lille,etudiant,2026-07-10,non
CL108510,Garcia,Ines,ines.garcia8510@example.com,0676815409,1986-11-30,Lyon,aucun,2026-08-26,oui
CL108511,Petit,Lea,lea.petit8511@example.com,0611479911,1980-01-01,Grenoble,aucun,2025-06-05,non
CL108512,Simon,Noah,noah.simon8512@example.com,0698566530,1975-08-30,Grenoble,mensuel,2026-05-28,
CL108513,Dubois,Noah,noah.dubois8513@example.com,0698053888,1986-02-01,Lyon,etudiant,2025-10-05,
CL108514,Garcia,Sofia,sofia.garcia8514@example.com,0612545442,1997-05-25,Lyon,aucun,2026-07-12,non
CL108515,Garcia,Karim,karim.garcia8515@example.com,0662297039,1995-12-13,Grenoble,annuel,2026-01-26,oui
CL108516,Michel,Mehdi,mehdi.michel8516@example.com,0622584434,1963-01-30,Nantes,mensuel,2026-05-03,
CL108517,Nguyen,Manon,manon.nguyen8517@example.com,0622472503,1974-01-27,Grenoble,aucun,2026-07-26,oui
CL108518,Garcia,Yanis,yanis.garcia8518@example.com,0620217103,1960-11-17,Nantes,aucun,2025-04-19,non
CL108519,Moreau,Adam,adam.moreau8519@example.com,0690737367,1981-06-27,Lyon,aucun,2025-08-11,
CL108520,Moreau,Louise,louise.moreau8520@example.com,0687615353,1975-09-24,Grenoble,entreprise,2026-06-07,
CL108521,Robert,Gabriel,gabriel.robert8521@example.com,0641039438,1962-05-12,Nantes,aucun,2025-07-25,
CL108522,Dubois,Ines,ines.dubois8522@example.com,0676417243,1980-06-20,Grenoble,aucun,2025-10-26,oui
CL108523,Benali,Karim,karim.benali8523@example.com,0690911482,1973-06-27,Nantes,annuel,2025-05-04,oui
CL108524,Roux,Chloe,chloe.roux8524@example.com,0686182681,2000-10-29,Grenoble,mensuel,2025-10-30,oui
CL108525,Girard,Hugo,hugo.girard8525@example.com,0690336842,1995-03-05,Lille,etudiant,2025-04-11,non
CL108526,Roux,Manon,manon.roux8526@example.com,0677280494,1966-01-07,Grenoble,mensuel,2026-03-06,oui
CL108527,Girard,Lea,lea.girard8527@example.com,0668439038,1986-05-08,Nantes,aucun,2025-07-16,
CL108528,Durand,Karim,karim.durand8528@example.com,0685681366,1987-03-22,Lyon,aucun,2025-06-06,
CL108529,Petit,Noah,noah.petit8529@example.com,0635346353,2000-04-10,Lyon,aucun,2026-09-23,
CL108530,Michel,Amira,amira.michel8530@example.com,0643301023,1985-11-19,Lyon,aucun,2026-08-16,oui
CL108531,Dubois,Camille,camille.dubois8531@example.com,0643854675,1979-07-27,Grenoble,entreprise,2025-03-19,
CL108532,Dubois,Manon,manon.dubois8532@example.com,0674230541,2000-03-09,Lyon,annuel,2025-03-04,
CL108533,Garcia,Hugo,hugo.garcia8533@example.com,0678338990,1995-03-18,Lyon,aucun,2026-10-04,
CL108534,Girard,Mehdi,mehdi.girard8534@example.com,0657167384,1982-08-17,Lyon,mensuel,2026-01-03,oui
CL108535,Moreau,Yanis,yanis.moreau8535@example.com,0697177700,1969-09-26,Grenoble,aucun,2025-11-23,
CL108536,Fournier,Noah,noah.fournier8536@example.com,0695587905,1975-01-20,Lyon,mensuel,2026-01-02,
CL108537,Girard,Gabriel,gabriel.girard8537@example.com,0612694597,1998-07-25,Lille,aucun,2026-04-11,
CL108538,Bernard,Hugo,hugo.bernard8538@example.com,0670527171,1966-12-15,Lille,mensuel,2025-04-29,non
CL108539,Moreau,Mehdi,mehdi.moreau8539@example.com,0695105391,1975-06-04,Lille,aucun,2025-09-20,
CL108540,Dubois,Chloe,chloe.dubois8540@example.com,0615564847,1979-11-21,Lyon,etudiant,2025-06-10,non
CL108541,Petit,Ilyes,ilyes.petit8541@example.com,0686076600,1975-02-28,Lille,mensuel,2025-11-14,oui
CL108542,Petit,Jade,jade.petit8542@example.com,0673741647,1978-12-01,Lille,etudiant,2025-06-10,non
CL108543,Fournier,Hugo,hugo.fournier8543@example.com,0622550277,1967-03-23,Grenoble,aucun,2026-01-01,non
CL108544,Petit,Rayan,rayan.petit8544@example.com,0671669630,1997-03-11,Nantes,aucun,2026-07-03,
CL108545,Robert,Amira,amira.robert8545@example.com,0655913425,1984-07-17,Grenoble,aucun,2025-11-11,
CL108546,Girard,Noah,noah.girard8546@example.com,0613349085,1969-10-29,Lyon,aucun,2026-04-03,
CL108547,Roux,Chloe,chloe.roux8547@example.com,0668415909,1996-01-28,Grenoble,aucun,2026-05-16,oui
CL108548,Martin,Chloe,chloe.martin8548@example.com,0666834386,1971-03-25,Nantes,etudiant,2026-10-19,non
CL108549,Nguyen,Amira,amira.nguyen8549@example.com,0690831020,1989-08-30,Nantes,aucun,2026-07-11,non
CL108550,Petit,Sofia,sofia.petit8550@example.com,0635249332,1996-03-28,Lille,aucun,2026-06-24,non
CL108551,Robert,Manon,manon.robert8551@example.com,0684914046,1997-08-17,Lille,entreprise,2025-04-16,
CL108552,Benali,Ilyes,ilyes.benali8552@example.com,0684189253,1988-10-02,Grenoble,aucun,2025-09-10,non
CL108553,Petit,Louise,louise.petit8553@example.com,0628638064,1965-09-08,Grenoble,aucun,2025-10-21,non
CL108554,Michel,Mehdi,mehdi.michel8554@example.com,0684015581,1970-11-20,Nantes,entreprise,2025-12-03,
CL108555,Simon,Manon,manon.simon8555@example.com,0650076114,1962-06-02,Lille,annuel,2025-08-11,
CL108556,Michel,Louise,louise.michel8556@example.com,0688472890,1983-06-26,Grenoble,etudiant,2026-07-25,oui
CL108557,Garcia,Karim,karim.garcia8557@example.com,0676664698,1994-07-14,Lille,aucun,2025-10-18,
CL108558,Laurent,Yanis,yanis.laurent8558@example.com,0616286657,1995-12-08,Grenoble,aucun,2026-04-10,non
CL108559,Fournier,Noah,noah.fournier8559@example.com,0640033702,1967-06-27,Lyon,annuel,2026-03-26,
CL108560,Dubois,Hugo,hugo.dubois8560@example.com,0669719583,1977-03-03,Lyon,aucun,2025-04-26,
CL108561,Garcia,Louise,louise.garcia8561@example.com,0659907149,1966-07-06,Lyon,aucun,2025-08-17,non
CL108562,Fournier,Noah,noah.fournier8562@example.com,0695631936,1962-04-19,Lyon,mensuel,2025-09-18,non
CL108563,Robert,Gabriel,gabriel.robert8563@example.com,0643725130,1974-11-11,Nantes,mensuel,2025-09-21,oui
CL108564,Dubois,Gabriel,gabriel.dubois8564@example.com,0640783368,1988-11-11,Lyon,mensuel,2026-06-30,oui
CL108565,Michel,Sofia,sofia.michel8565@example.com,0675603178,1969-09-28,Lyon,etudiant,2026-03-22,oui
CL108566,Girard,Chloe,chloe.girard8566@example.com,0627873482,1986-08-31,Lyon,annuel,2025-08-26,
CL108567,Garcia,Rayan,rayan.garcia8567@example.com,0683201067,1963-05-19,Nantes,mensuel,2025-12-25,
CL108568,Robert,Mehdi,mehdi.robert8568@example.com,0695251624,1979-01-20,Lille,aucun,2025-03-06,non
CL108569,Dubois,Manon,manon.dubois8569@example.com,0617675854,1972-06-03,Lyon,aucun,2026-10-07,oui
CL108570,Garcia,Karim,karim.garcia8570@example.com,0638048645,1997-08-16,Nantes,aucun,2025-03-06,
CL108571,Martin,Noah,noah.martin8571@example.com,0682502159,2002-10-14,Lyon,entreprise,2026-01-17,oui
CL108572,Benali,Amira,amira.benali8572@example.com,0626725190,1999-08-24,Lille,aucun,2025-05-08,
CL108573,Nguyen,Noah,noah.nguyen8573@example.com,0639914915,1963-04-23,Lille,annuel,2025-09-20,
CL108574,Benali,Yanis,yanis.benali8574@example.com,0671376110,1985-10-26,Lyon,aucun,2026-07-22,oui
CL108575,Laurent,Adam,adam.laurent8575@example.com,0695509092,1988-05-22,Lyon,aucun,2025-06-09,non
CL108576,Garcia,Karim,karim.garcia8576@example.com,0626500869,1966-10-23,Lyon,etudiant,2026-02-02,oui
CL108577,Moreau,Karim,karim.moreau8577@example.com,0672531555,1990-08-10,Nantes,etudiant,2025-10-09,non
CL108578,Martin,Amira,amira.martin8578@example.com,0612397290,1992-07-06,Lille,etudiant,2026-04-17,non
CL108579,Bernard,Chloe,chloe.bernard8579@example.com,0642437210,1971-04-22,Lyon,etudiant,2026-10-12,non
CL108580,Benali,Karim,karim.benali8580@example.com,0684067243,1978-05-12,Lille,aucun,2026-03-10,
CL108581,Michel,Karim,karim.michel8581@example.com,0690715001,1966-04-22,Grenoble,etudiant,2026-04-12,non
CL108582,Benali,Camille,camille.benali8582@example.com,0665942997,1968-11-18,Nantes,aucun,2025-05-06,
CL108583,Martin,Sofia,sofia.martin8583@example.com,0634519221,1965-03-14,Lyon,annuel,2026-06-17,non
CL108584,Roux,Lea,lea.roux8584@example.com,0669066492,1966-03-21,Grenoble,aucun,2026-04-16,non
CL108585,Garcia,Louise,louise.garcia8585@example.com,0675174706,1964-12-05,Lyon,aucun,2025-09-08,
CL108586,Martin,Mehdi,mehdi.martin8586@example.com,0659307639,1990-08-27,Lyon,mensuel,2025-06-19,oui
CL108587,Roux,Lea,lea.roux8587@example.com,0696742420,1971-07-06,Lyon,mensuel,2025-04-26,
CL108588,Roux,Ines,ines.roux8588@example.com,0647140740,1965-03-09,Nantes,annuel,2025-12-02,
CL108589,Moreau,Ines,ines.moreau8589@example.com,0666316942,2001-03-10,Grenoble,aucun,2025-08-27,oui
CL108590,Fournier,Camille,camille.fournier8590@example.com,0630454044,2001-11-23,Lyon,aucun,2026-10-21,non
CL108591,Petit,Mehdi,mehdi.petit8591@example.com,0625286307,1964-01-10,Lyon,mensuel,2025-12-19,non
CL108592,Fournier,Amira,amira.fournier8592@example.com,0657009495,1992-11-24,Lille,aucun,2025-03-13,oui
CL108593,Michel,Rayan,rayan.michel8593@example.com,0656083526,1973-07-27,Nantes,aucun,2025-03-23,oui
CL108594,Roux,Sofia,sofia.roux8594@example.com,0639715301,1972-03-20,Lyon,aucun,2026-07-07,
CL108595,Garcia,Amira,amira.garcia8595@example.com,0657512807,1975-06-28,Lyon,mensuel,2026-05-16,non
CL108596,Fournier,Ines,ines.fournier8596@example.com,0683725529,1966-05-24,Nantes,aucun,2025-12-16,non
CL108597,Dubois,Chloe,chloe.dubois8597@example.com,0620722747,1994-12-04,Lyon,aucun,2025-09-15,oui
CL108598,Dubois,Louise,louise.dubois8598@example.com,0682031257,1969-09-23,Lyon,mensuel,2026-05-10,
CL108599,Fournier,Ines,ines.fournier8599@example.com,0664103847,1966-04-28,Lyon,etudiant,2025-06-15,non
CL108600,Martin,Adam,adam.martin8600@example.com,0638703275,1971-07-30,Nantes,etudiant,2025-03-06,oui
CL108601,Durand,Amira,amira.durand8601@example.com,0655015595,2002-10-05,Lille,aucun,2025-05-13,oui
CL108602,Bernard,Mehdi,mehdi.bernard8602@example.com,0627669584,1996-08-26,Grenoble,annuel,2026-02-24,non
CL108603,Roux,Camille,camille.roux8603@example.com,0614030455,1968-10-12,Lille,aucun,2026-03-17,oui
CL108604,Girard,Ilyes,ilyes.girard8604@example.com,0682626433,1973-11-14,Lyon,etudiant,2025-03-04,oui
CL108605,Michel,Louise,louise.michel8605@example.com,0645351175,1978-08-26,Lyon,etudiant,2026-02-27,
CL108606,Benali,Jade,jade.benali8606@example.com,0668306193,1978-06-10,Lille,mensuel,2026-04-08,
CL108607,Fournier,Amira,amira.fournier8607@example.com,0626223915,1990-06-03,Grenoble,aucun,2025-04-09,oui
CL108608,Fournier,Karim,karim.fournier8608@example.com,0644504823,1986-06-13,Nantes,etudiant,2026-10-03,oui
CL108609,Simon,Karim,karim.simon8609@example.com,0649718677,1963-02-13,Lille,etudiant,2026-04-29,oui
CL108610,Laurent,Hugo,hugo.laurent8610@example.com,0641507181,2002-08-05,Grenoble,aucun,2026-07-28,oui
CL108611,Roux,Lea,lea.roux8611@example.com,0683976913,1987-12-11,Grenoble,annuel,2026-06-29,non
CL108612,Durand,Louise,louise.durand8612@example.com,0632328343,1987-01-05,Nantes,annuel,2025-10-20,non
CL108613,Bernard,Ines,ines.bernard8613@example.com,0666652255,1984-11-10,Lyon,aucun,2026-10-12,non
CL108614,Benali,Gabriel,gabriel.benali8614@example.com,0663394577,1988-01-09,Grenoble,mensuel,2025-09-09,
CL108615,Garcia,Ines,ines.garcia8615@example.com,0639342830,1960-01-19,Nantes,aucun,2026-06-07,non
CL108616,Michel,Chloe,chloe.michel8616@example.com,0636789222,1996-03-26,Lyon,annuel,2025-11-25,non
CL108617,Girard,Rayan,rayan.girard8617@example.com,0654325869,1981-03-14,Lyon,aucun,2025-06-11,oui
CL108618,Martin,Karim,karim.martin8618@example.com,0646193714,1975-08-28,Lyon,aucun,2026-04-29,non
CL108619,Moreau,Hugo,hugo.moreau8619@example.com,0657658406,1978-11-19,Lyon,aucun,2025-12-13,
CL108620,Bernard,Karim,karim.bernard8620@example.com,0698977594,1969-05-09,Lyon,etudiant,2026-02-27,
CL108621,Petit,Chloe,chloe.petit8621@example.com,0634675012,1987-09-10,Nantes,aucun,2026-07-11,non
CL108622,Laurent,Ines,ines.laurent8622@example.com,0655869131,1988-09-12,Grenoble,mensuel,2025-10-25,
CL108623,Garcia,Jade,jade.garcia8623@example.com,0623096041,2003-03-12,Lille,mensuel,2025-08-11,non
CL108624,Fournier,Adam,adam.fournier8624@example.com,0648586978,1998-03-19,Grenoble,etudiant,2025-05-10,non
CL108625,Moreau,Amira,amira.moreau8625@example.com,0663906816,1976-10-21,Lille,mensuel,2025-08-18,non
CL108626,Petit,Ilyes,ilyes.petit8626@example.com,0683085501,1976-09-04,Grenoble,mensuel,2026-06-22,
CL108627,Simon,Camille,camille.simon8627@example.com,0664914174,1998-03-14,Nantes,aucun,2026-10-19,
CL108628,Girard,Yanis,yanis.girard8628@example.com,0646191510,1984-05-02,Lyon,mensuel,2025-08-04,oui
CL108629,Nguyen,Chloe,chloe.nguyen8629@example.com,0677400702,2001-08-04,Grenoble,etudiant,2025-09-25,
CL108630,Petit,Gabriel,gabriel.petit8630@example.com,0635068813,2003-09-22,Lille,aucun,2026-08-26,non
CL108631,Simon,Ilyes,ilyes.simon8631@example.com,0650256954,1983-05-16,Lyon,aucun,2026-10-22,
CL108632,Simon,Noah,noah.simon8632@example.com,0625317112,1983-04-04,Nantes,aucun,2026-07-18,
CL108633,Garcia,Louise,louise.garcia8633@example.com,0636923125,1995-08-03,Lyon,mensuel,2025-06-25,non
CL108634,Laurent,Ilyes,ilyes.laurent8634@example.com,0646732201,1991-07-23,Lyon,aucun,2026-06-23,oui
CL108635,Durand,Ines,ines.durand8635@example.com,0652116927,1972-02-04,Lille,aucun,2025-11-24,oui
CL108636,Durand,Ilyes,ilyes.durand8636@example.com,0638071215,1971-07-24,Nantes,aucun,2026-02-19,oui
CL108637,Roux,Mehdi,mehdi.roux8637@example.com,0682130281,1990-01-22,Lyon,entreprise,2026-07-02,oui
CL108638,Petit,Camille,camille.petit8638@example.com,0693099199,1963-10-21,Lyon,aucun,2026-10-15,
CL108639,Moreau,Amira,amira.moreau8639@example.com,0623771364,1992-08-01,Lille,aucun,2025-10-17,non
CL108640,Benali,Gabriel,gabriel.benali8640@example.com,0611660212,1984-08-23,Lille,aucun,2025-03-13,non
CL108641,Nguyen,Ines,ines.nguyen8641@example.com,0675602940,1983-01-02,Nantes,aucun,2025-10-22,non
CL108642,Benali,Ilyes,ilyes.benali8642@example.com,0662876506,1995-09-17,Nantes,mensuel,2026-08-06,oui
CL108643,Durand,Mehdi,mehdi.durand8643@example.com,0670518229,1974-05-14,Grenoble,etudiant,2025-08-26,oui
CL108644,Moreau,Lea,lea.moreau8644@example.com,0648596600,1977-05-07,Nantes,aucun,2025-04-11,oui
CL108645,Fournier,Chloe,chloe.fournier8645@example.com,0619121754,1977-06-07,Nantes,aucun,2025-11-21,oui
CL108646,Benali,Chloe,chloe.benali8646@example.com,0645421337,1994-02-05,Lyon,aucun,2026-02-13,
CL108647,Robert,Yanis,yanis.robert8647@example.com,0680616527,1996-06-12,Nantes,etudiant,2026-03-13,
CL108648,Roux,Sofia,sofia.roux8648@example.com,0637433610,1980-09-24,Lyon,mensuel,2025-06-10,non
CL108649,Garcia,Amira,amira.garcia8649@example.com,0695943792,1977-08-06,Nantes,aucun,2025-03-27,oui
CL108650,Petit,Gabriel,gabriel.petit8650@example.com,0657260610,1984-03-01,Nantes,etudiant,2026-10-19,oui
CL108651,Durand,Amira,amira.durand8651@example.com,0692588099,1971-08-13,Lyon,entreprise,2026-09-06,
CL108652,Girard,Mehdi,mehdi.girard8652@example.com,0690504975,1978-05-10,Lille,aucun,2025-12-22,non
CL108653,Moreau,Ilyes,ilyes.moreau8653@example.com,0667349046,1986-05-18,Nantes,annuel,2025-08-22,
CL108654,Dubois,Noah,noah.dubois8654@example.com,0636715604,1973-06-17,Lyon,etudiant,2025-09-10,
CL108655,Robert,Mehdi,mehdi.robert8655@example.com,0685345342,1996-07-08,Lyon,annuel,2026-08-22,
CL108656,Michel,Louise,louise.michel8656@example.com,0638800615,1965-06-16,Lyon,etudiant,2026-08-11,non
CL108657,Girard,Adam,adam.girard8657@example.com,0639237655,1986-01-15,Lyon,mensuel,2025-11-29,non
CL108658,Moreau,Ines,ines.moreau8658@example.com,0616566170,1977-05-02,Lyon,aucun,2026-02-16,oui
CL108659,Michel,Sofia,sofia.michel8659@example.com,0670668264,1979-03-17,Lyon,mensuel,2026-03-18,
CL108660,Bernard,Manon,manon.bernard8660@example.com,0636709763,1989-08-01,Lyon,aucun,2025-12-05,
CL108661,Girard,Louise,louise.girard8661@example.com,0651507861,1967-09-29,Lille,aucun,2026-10-12,
CL108662,Simon,Ilyes,ilyes.simon8662@example.com,0661077483,1968-11-02,Lille,annuel,2025-10-14,
CL108663,Petit,Amira,amira.petit8663@example.com,0694431905,2000-09-24,Lyon,aucun,2025-10-27,
CL108664,Petit,Chloe,chloe.petit8664@example.com,0643232069,1961-08-08,Lyon,entreprise,2025-05-27,oui
CL108665,Michel,Karim,karim.michel8665@example.com,0620699315,1999-08-17,Lyon,aucun,2026-04-04,non
CL108666,Moreau,Karim,karim.moreau8666@example.com,0682529143,1996-07-23,Lille,mensuel,2026-03-21,oui
CL108667,Garcia,Manon,manon.garcia8667@example.com,0640439868,1983-04-18,Lille,entreprise,2026-01-11,oui
CL108668,Simon,Gabriel,gabriel.simon8668@example.com,0688263565,1986-12-28,Nantes,mensuel,2025-07-01,oui
CL108669,Nguyen,Louise,louise.nguyen8669@example.com,0611918830,1966-06-04,Nantes,etudiant,2025-06-05,oui
CL108670,Bernard,Ilyes,ilyes.bernard8670@example.com,0630492127,1975-09-08,Lyon,etudiant,2025-03-26,
CL108671,Durand,Manon,manon.durand8671@example.com,0612464664,2002-04-13,Lyon,aucun,2026-10-07,oui
CL108672,Benali,Jade,jade.benali8672@example.com,0622525275,2001-08-31,Lille,mensuel,2025-09-09,oui
CL108673,Fournier,Noah,noah.fournier8673@example.com,0650904169,2000-05-23,Nantes,annuel,2025-12-29,non
CL108674,Simon,Yanis,yanis.simon8674@example.com,0662217945,1974-06-20,Lyon,annuel,2026-02-04,non
CL108675,Durand,Rayan,rayan.durand8675@example.com,0668272213,1978-06-18,Nantes,annuel,2026-06-29,oui
CL108676,Moreau,Hugo,hugo.moreau8676@example.com,0646773282,1969-07-09,Lyon,aucun,2026-01-15,non
CL108677,Simon,Ilyes,ilyes.simon8677@example.com,0662764327,1986-02-12,Nantes,mensuel,2026-05-20,non
CL108678,Dubois,Jade,jade.dubois8678@example.com,0661926937,1983-01-08,Lyon,aucun,2025-11-22,non
CL108679,Moreau,Gabriel,gabriel.moreau8679@example.com,0625149060,2001-06-02,Lille,mensuel,2026-05-12,oui
CL108680,Durand,Yanis,yanis.durand8680@example.com,0632683866,1994-05-16,Nantes,aucun,2025-04-17,non
CL108681,Garcia,Sofia,sofia.garcia8681@example.com,0673181368,1989-03-19,Lyon,aucun,2025-11-30,non
CL108682,Bernard,Rayan,rayan.bernard8682@example.com,0695552611,1987-04-29,Lyon,mensuel,2025-11-09,
CL108683,Girard,Ilyes,ilyes.girard8683@example.com,0656398422,1978-05-19,Lyon,etudiant,2026-09-02,
CL108684,Laurent,Yanis,yanis.laurent8684@example.com,0634479995,1990-10-31,Lyon,aucun,2026-04-16,oui
CL108685,Roux,Ilyes,ilyes.roux8685@example.com,0696092777,1963-07-16,Lyon,aucun,2025-05-07,non
CL108686,Michel,Louise,louise.michel8686@example.com,0654725938,1996-10-19,Lille,mensuel,2026-07-25,non
CL108687,Fournier,Jade,jade.fournier8687@example.com,0622626849,1985-02-26,Lyon,aucun,2026-02-27,
CL108688,Bernard,Adam,adam.bernard8688@example.com,0680218981,1962-08-28,Lyon,aucun,2026-09-28,non
CL108689,Michel,Mehdi,mehdi.michel8689@example.com,0615063273,1976-05-14,Nantes,mensuel,2025-07-05,oui
CL108690,Simon,Noah,noah.simon8690@example.com,0622187325,1972-06-16,Nantes,aucun,2025-08-09,oui
CL108691,Robert,Noah,noah.robert8691@example.com,0648379309,2001-12-07,Lille,annuel,2026-02-25,
CL108692,Roux,Karim,karim.roux8692@example.com,0655843859,1972-11-23,Grenoble,mensuel,2026-03-15,non
CL108693,Martin,Sofia,sofia.martin8693@example.com,0628892776,1966-02-26,Lyon,mensuel,2025-06-10,oui
CL108694,Durand,Ilyes,ilyes.durand8694@example.com,0682655808,1982-12-24,Lille,aucun,2026-02-04,
CL108695,Bernard,Camille,camille.bernard8695@example.com,0683864072,1969-01-28,Nantes,aucun,2025-03-18,
CL108696,Bernard,Amira,amira.bernard8696@example.com,0660946422,1968-08-15,Lille,annuel,2025-06-02,oui
CL108697,Bernard,Ilyes,ilyes.bernard8697@example.com,0686485306,1983-07-08,Lyon,mensuel,2026-02-19,oui
CL108698,Simon,Amira,amira.simon8698@example.com,0689749609,1988-03-14,Grenoble,aucun,2025-05-05,
CL108699,Nguyen,Amira,amira.nguyen8699@example.com,0668267498,1982-06-02,Lyon,entreprise,2026-02-17,
CL108700,Moreau,Yanis,yanis.moreau8700@example.com,0611724327,1983-07-13,Lyon,aucun,2025-08-13,non
CL108701,Nguyen,Adam,adam.nguyen8701@example.com,0640795304,1988-04-04,Grenoble,aucun,2025-07-23,non
CL108702,Moreau,Noah,noah.moreau8702@example.com,0650372154,1987-09-24,Grenoble,aucun,2026-06-08,non
CL108703,Fournier,Yanis,yanis.fournier8703@example.com,0685261151,1981-10-29,Nantes,etudiant,2026-06-24,
CL108704,Benali,Noah,noah.benali8704@example.com,0651209567,1980-03-15,Lyon,mensuel,2025-09-21,
CL108705,Dubois,Yanis,yanis.dubois8705@example.com,0678585937,1984-01-26,Lyon,mensuel,2025-08-04,oui
CL108706,Durand,Adam,adam.durand8706@example.com,0643120803,1994-03-02,Grenoble,aucun,2025-07-12,oui
CL108707,Simon,Manon,manon.simon8707@example.com,0633588098,1986-10-26,Nantes,aucun,2025-05-26,
CL108708,Fournier,Yanis,yanis.fournier8708@example.com,0627663740,2000-11-19,Lyon,mensuel,2025-03-16,
CL108709,Durand,Sofia,sofia.durand8709@example.com,0642342623,1999-01-04,Lyon,entreprise,2025-12-02,oui
CL108710,Moreau,Adam,adam.moreau8710@example.com,0698768725,1987-03-10,Lille,mensuel,2026-05-28,oui
CL108711,Nguyen,Gabriel,gabriel.nguyen8711@example.com,0642225140,1997-05-07,Lille,aucun,2025-08-07,non
CL108712,Petit,Amira,amira.petit8712@example.com,0652185381,1990-10-23,Grenoble,mensuel,2026-06-11,oui
CL108713,Girard,Sofia,sofia.girard8713@example.com,0698891862,1997-11-13,Lyon,annuel,2026-07-25,non
CL108714,Petit,Manon,manon.petit8714@example.com,0615725704,2001-02-15,Nantes,etudiant,2025-11-21,oui
CL108715,Simon,Mehdi,mehdi.simon8715@example.com,0652533903,1966-05-24,Lyon,annuel,2026-02-12,non
CL108716,Nguyen,Chloe,chloe.nguyen8716@example.com,0660491081,1977-04-24,Lille,annuel,2026-05-27,non
CL108717,Roux,Adam,adam.roux8717@example.com,0676200042,1965-09-17,Lyon,annuel,2025-11-29,
CL108718,Fournier,Gabriel,gabriel.fournier8718@example.com,0669726322,1972-06-14,Lille,aucun,2026-02-16,
CL108719,Martin,Camille,camille.martin8719@example.com,0653332779,1962-10-02,Nantes,aucun,2025-06-04,oui
CL108720,Durand,Karim,karim.durand8720@example.com,0692959482,1996-02-15,Lyon,aucun,2025-08-11,
CL108721,Simon,Jade,jade.simon8721@example.com,0647245754,2000-06-18,Lille,annuel,2025-07-18,oui
CL108722,Bernard,Lea,lea.bernard8722@example.com,0628808495,1999-11-03,Lyon,aucun,2025-10-09,
CL108723,Simon,Sofia,sofia.simon8723@example.com,0617678112,1966-04-20,Grenoble,aucun,2025-07-24,
CL108724,Dubois,Chloe,chloe.dubois8724@example.com,0677716065,1975-02-14,Lyon,aucun,2025-03-29,non
CL108725,Girard,Jade,jade.girard8725@example.com,0664207488,2002-07-20,Lyon,entreprise,2026-09-07,
CL108726,Fournier,Karim,karim.fournier8726@example.com,0658546617,1993-04-04,Lille,aucun,2026-07-17,
CL108727,Benali,Ines,ines.benali8727@example.com,0642924900,1981-09-22,Nantes,mensuel,2026-09-21,non
CL108728,Petit,Gabriel,gabriel.petit8728@example.com,0649178066,1995-06-29,Grenoble,mensuel,2026-06-29,non
CL108729,Girard,Hugo,hugo.girard8729@example.com,0662754703,1964-02-13,Nantes,aucun,2025-04-01,oui
CL108730,Moreau,Noah,noah.moreau8730@example.com,0641208551,1997-07-12,Lyon,entreprise,2025-07-02,non
CL108731,Laurent,Manon,manon.laurent8731@example.com,0652852550,1997-09-14,Nantes,aucun,2025-11-03,non
CL108732,Simon,Ilyes,ilyes.simon8732@example.com,0686331949,1968-02-13,Nantes,mensuel,2025-12-27,oui
CL108733,Garcia,Ilyes,ilyes.garcia8733@example.com,0696557666,1974-12-31,Grenoble,annuel,2025-03-31,
CL108734,Bernard,Karim,karim.bernard8734@example.com,0610203277,1981-07-25,Grenoble,aucun,2025-06-21,
CL108735,Durand,Jade,jade.durand8735@example.com,0661651406,1990-04-04,Lille,aucun,2025-07-05,oui
CL108736,Roux,Camille,camille.roux8736@example.com,0685890005,1992-09-22,Lille,aucun,2026-07-20,
CL108737,Dubois,Ines,ines.dubois8737@example.com,0674325154,1999-03-01,Lyon,mensuel,2025-07-23,non
CL108738,Petit,Rayan,rayan.petit8738@example.com,0657937464,1972-01-04,Lille,aucun,2026-10-21,
CL108739,Moreau,Camille,camille.moreau8739@example.com,0667910837,1966-08-13,Nantes,annuel,2025-09-22,oui
CL108740,Fournier,Hugo,hugo.fournier8740@example.com,0688383505,1975-08-01,Lyon,mensuel,2026-02-06,non
CL108741,Simon,Louise,louise.simon8741@example.com,0616177542,1970-06-14,Lyon,mensuel,2026-10-19,non
CL108742,Nguyen,Lea,lea.nguyen8742@example.com,0634356332,1983-06-25,Lyon,aucun,2025-04-13,
CL108743,Petit,Lea,lea.petit8743@example.com,0623287606,1999-09-09,Nantes,aucun,2025-12-20,oui
CL108744,Benali,Chloe,chloe.benali8744@example.com,0683567571,1968-08-16,Nantes,mensuel,2026-07-09,non
CL108745,Robert,Rayan,rayan.robert8745@example.com,0618907783,1972-05-10,Lyon,annuel,2025-08-02,oui
CL108746,Dubois,Manon,manon.dubois8746@example.com,0670545141,1967-09-15,Nantes,aucun,2025-05-06,non
CL108747,Martin,Camille,camille.martin8747@example.com,0653287527,1961-01-24,Lille,aucun,2026-04-11,
CL108748,Benali,Ines,ines.benali8748@example.com,0646877570,1996-04-18,Nantes,aucun,2026-05-26,oui
CL108749,Bernard,Rayan,rayan.bernard8749@example.com,0697345006,1965-07-26,Lyon,aucun,2025-03-20,oui
CL108750,Michel,Ilyes,ilyes.michel8750@example.com,0699968383,1988-06-30,Grenoble,entreprise,2026-07-23,
CL108751,Petit,Adam,adam.petit8751@example.com,0687654970,1970-11-02,Lyon,aucun,2025-09-21,non
CL108752,Petit,Hugo,hugo.petit8752@example.com,0621021788,1965-12-12,Lille,mensuel,2026-10-04,oui
CL108753,Simon,Jade,jade.simon8753@example.com,0638931139,1976-01-21,Lyon,aucun,2025-04-06,non
CL108754,Petit,Rayan,rayan.petit8754@example.com,0636536103,1965-02-04,Lyon,aucun,2025-08-25,non
CL108755,Bernard,Amira,amira.bernard8755@example.com,0663280645,1993-01-09,Grenoble,etudiant,2025-08-15,
CL108756,Moreau,Manon,manon.moreau8756@example.com,0619194119,1987-07-19,Lyon,aucun,2025-12-02,non
CL108757,Durand,Adam,adam.durand8757@example.com,0620343394,1969-03-27,Grenoble,mensuel,2026-09-24,oui
CL108758,Robert,Karim,karim.robert8758@example.com,0649475703,1991-04-25,Lille,etudiant,2025-12-10,non
CL108759,Roux,Ines,ines.roux8759@example.com,0611636177,1972-07-18,Grenoble,aucun,2026-07-11,oui
CL108760,Petit,Lea,lea.petit8760@example.com,0678932628,1973-05-14,Lyon,annuel,2026-01-20,
CL108761,Nguyen,Gabriel,gabriel.nguyen8761@example.com,0623118924,1976-07-15,Grenoble,aucun,2025-06-12,non
CL108762,Benali,Yanis,yanis.benali8762@example.com,0676612201,1990-10-23,Grenoble,mensuel,2026-03-25,
CL108763,Dubois,Camille,camille.dubois8763@example.com,0640211567,1980-06-15,Nantes,aucun,2026-08-26,
CL108764,Dubois,Camille,camille.dubois8764@example.com,0688992320,1973-08-29,Nantes,annuel,2025-10-14,non
CL108765,Martin,Karim,karim.martin8765@example.com,0658714285,1975-03-19,Lyon,aucun,2026-10-08,
CL108766,Girard,Karim,karim.girard8766@example.com,0681515207,1975-06-20,Grenoble,aucun,2025-10-19,
CL108767,Dubois,Karim,karim.dubois8767@example.com,0662079897,1986-06-16,Lyon,aucun,2026-03-04,oui
CL108768,Laurent,Yanis,yanis.laurent8768@example.com,0654532245,2000-03-16,Nantes,entreprise,2025-05-09,oui
CL108769,Garcia,Louise,louise.garcia8769@example.com,0663314141,1976-03-19,Lyon,annuel,2026-10-17,non
CL108770,Nguyen,Louise,louise.nguyen8770@example.com,0610404107,1973-03-12,Lille,annuel,2026-02-09,
CL108771,Garcia,Mehdi,mehdi.garcia8771@example.com,0668055405,1961-01-27,Nantes,mensuel,2026-01-27,
CL108772,Garcia,Louise,louise.garcia8772@example.com,0674735207,1981-10-02,Grenoble,annuel,2025-08-23,oui
CL108773,Girard,Ilyes,ilyes.girard8773@example.com,0646835352,1983-10-13,Lyon,annuel,2025-05-15,non
CL108774,Moreau,Chloe,chloe.moreau8774@example.com,0634945307,1964-09-08,Nantes,mensuel,2025-03-11,non
CL108775,Durand,Amira,amira.durand8775@example.com,0642298961,1990-03-16,Nantes,annuel,2026-01-28,non
CL108776,Michel,Rayan,rayan.michel8776@example.com,0683576941,1969-11-27,Nantes,etudiant,2026-09-01,non
CL108777,Simon,Manon,manon.simon8777@example.com,0691192840,1969-03-17,Lille,aucun,2026-01-10,non
CL108778,Roux,Jade,jade.roux8778@example.com,0687761493,1968-09-04,Lyon,etudiant,2025-03-04,
CL108779,Girard,Amira,amira.girard8779@example.com,0611956436,1970-09-03,Lyon,annuel,2026-02-28,
CL108780,Dubois,Ilyes,ilyes.dubois8780@example.com,0693703493,1989-01-26,Lyon,mensuel,2025-11-14,oui
CL108781,Laurent,Sofia,sofia.laurent8781@example.com,0674845197,1984-06-24,Nantes,aucun,2025-08-28,
CL108782,Nguyen,Chloe,chloe.nguyen8782@example.com,0668949320,1987-12-19,Nantes,mensuel,2026-02-25,
CL108783,Garcia,Noah,noah.garcia8783@example.com,0659477585,1985-09-17,Lille,etudiant,2025-05-20,non
CL108784,Garcia,Yanis,yanis.garcia8784@example.com,0640302116,1968-11-19,Lyon,aucun,2026-07-07,
CL108785,Benali,Jade,jade.benali8785@example.com,0693555907,2002-12-10,Nantes,aucun,2026-05-01,
CL108786,Laurent,Louise,louise.laurent8786@example.com,0624027696,1967-03-03,Grenoble,etudiant,2026-04-30,
CL108787,Moreau,Mehdi,mehdi.moreau8787@example.com,0655889210,1998-02-19,Lille,annuel,2025-11-04,non
CL108788,Fournier,Lea,lea.fournier8788@example.com,0691378430,1975-10-12,Lyon,mensuel,2026-09-07,non
CL108789,Bernard,Lea,lea.bernard8789@example.com,0637911352,1966-03-18,Lyon,etudiant,2025-09-27,non
CL108790,Dubois,Chloe,chloe.dubois8790@example.com,0667319738,1984-04-13,Lille,aucun,2026-06-19,oui
CL108791,Girard,Hugo,hugo.girard8791@example.com,0640833254,1987-07-24,Lyon,etudiant,2026-03-19,
CL108792,Fournier,Jade,jade.fournier8792@example.com,0632020342,1963-01-15,Lyon,etudiant,2025-09-22,oui
CL108793,Simon,Karim,karim.simon8793@example.com,0699651221,1977-08-30,Nantes,mensuel,2025-10-07,
CL108794,Bernard,Jade,jade.bernard8794@example.com,0644830193,1977-02-15,Grenoble,aucun,2025-12-22,non
CL108795,Garcia,Mehdi,mehdi.garcia8795@example.com,0669051375,1983-02-25,Lyon,aucun,2025-10-31,
CL108796,Michel,Sofia,sofia.michel8796@example.com,0657585466,1983-07-04,Nantes,etudiant,2025-10-09,non
CL108797,Petit,Hugo,hugo.petit8797@example.com,0633791561,1963-03-24,Lille,mensuel,2026-04-26,non
CL108798,Girard,Lea,lea.girard8798@example.com,0652986827,2000-08-02,Lyon,etudiant,2025-12-23,non
CL108799,Bernard,Lea,lea.bernard8799@example.com,0681489688,2002-11-19,Grenoble,etudiant,2025-10-17,
CL108800,Martin,Amira,amira.martin8800@example.com,0676973626,1974-12-30,Lyon,mensuel,2026-08-15,
CL108801,Fournier,Jade,jade.fournier8801@example.com,0659179283,1967-02-05,Nantes,mensuel,2026-10-12,
CL108802,Petit,Louise,louise.petit8802@example.com,0619110561,2002-05-23,Lille,etudiant,2026-03-19,oui
CL108803,Fournier,Hugo,hugo.fournier8803@example.com,0657282502,2001-09-08,Nantes,mensuel,2025-05-08,
CL108804,Simon,Sofia,sofia.simon8804@example.com,0697002822,1986-03-22,Lyon,mensuel,2026-01-12,
CL108805,Michel,Mehdi,mehdi.michel8805@example.com,0651332039,1979-10-23,Lyon,aucun,2026-03-20,oui
CL108806,Nguyen,Mehdi,mehdi.nguyen8806@example.com,0662830021,1970-09-16,Lille,mensuel,2026-05-26,oui
CL108807,Moreau,Rayan,rayan.moreau8807@example.com,0669120435,1987-06-08,Nantes,mensuel,2026-07-10,
CL108808,Roux,Amira,amira.roux8808@example.com,0637201009,1960-05-03,Nantes,aucun,2026-04-24,non
CL108809,Moreau,Ines,ines.moreau8809@example.com,0624066255,1971-12-09,Lille,mensuel,2026-02-27,
CL108810,Moreau,Jade,jade.moreau8810@example.com,0657849696,1986-12-21,Nantes,aucun,2025-07-04,
CL108811,Laurent,Amira,amira.laurent8811@example.com,0652337976,1969-04-25,Grenoble,aucun,2026-06-21,
CL108812,Laurent,Manon,manon.laurent8812@example.com,0671330404,2000-01-02,Lille,aucun,2026-08-24,non
CL108813,Durand,Yanis,yanis.durand8813@example.com,0642589953,1969-11-22,Lille,aucun,2025-07-12,
CL108814,Petit,Manon,manon.petit8814@example.com,0645041320,1975-04-05,Lyon,etudiant,2025-06-18,
CL108815,Martin,Mehdi,mehdi.martin8815@example.com,0695969145,1982-06-09,Nantes,aucun,2025-03-07,oui
CL108816,Laurent,Noah,noah.laurent8816@example.com,0672313841,1987-02-05,Lille,etudiant,2026-02-02,
CL108817,Garcia,Jade,jade.garcia8817@example.com,0678317721,1968-05-09,Nantes,etudiant,2025-10-20,
CL108818,Girard,Lea,lea.girard8818@example.com,0627039213,2002-05-07,Grenoble,mensuel,2026-06-17,oui
CL108819,Roux,Adam,adam.roux8819@example.com,0632241216,1972-03-08,Nantes,annuel,2026-10-19,non
CL108820,Bernard,Ilyes,ilyes.bernard8820@example.com,0687086720,2002-08-03,Lyon,aucun,2026-01-09,oui
CL108821,Roux,Karim,karim.roux8821@example.com,0639449691,1989-12-24,Lille,aucun,2026-04-20,non
CL108822,Garcia,Hugo,hugo.garcia8822@example.com,0627281980,1994-05-12,Lille,aucun,2026-07-22,non
CL108823,Simon,Ilyes,ilyes.simon8823@example.com,0683638331,1977-03-08,Lille,etudiant,2025-12-16,non
CL108824,Roux,Gabriel,gabriel.roux8824@example.com,0630613644,1997-04-24,Lyon,annuel,2026-05-24,oui
CL108825,Nguyen,Adam,adam.nguyen8825@example.com,0692359670,1993-11-01,Nantes,aucun,2026-08-22,
CL108826,Roux,Chloe,chloe.roux8826@example.com,0627629448,1984-04-24,Lille,aucun,2026-06-29,non
CL108827,Garcia,Yanis,yanis.garcia8827@example.com,0668719112,1973-04-04,Lille,aucun,2025-06-11,non
CL108828,Laurent,Jade,jade.laurent8828@example.com,0681268919,1984-07-25,Lyon,mensuel,2026-09-04,
CL108829,Simon,Karim,karim.simon8829@example.com,0671331901,1977-04-22,Lyon,mensuel,2026-07-18,
CL108830,Garcia,Gabriel,gabriel.garcia8830@example.com,0629456166,1985-09-24,Lyon,annuel,2025-12-31,oui
CL108831,Moreau,Jade,jade.moreau8831@example.com,0650307365,1969-12-04,Lyon,aucun,2026-03-17,oui
CL108832,Dubois,Chloe,chloe.dubois8832@example.com,0664685878,1974-12-11,Lyon,etudiant,2025-05-07,non
CL108833,Martin,Adam,adam.martin8833@example.com,0640798924,1972-01-07,Grenoble,mensuel,2025-03-05,non
CL108834,Simon,Hugo,hugo.simon8834@example.com,0677205374,1989-02-19,Grenoble,annuel,2025-05-18,oui
CL108835,Garcia,Ines,ines.garcia8835@example.com,0686840009,1969-11-28,Lyon,aucun,2025-07-21,oui
CL108836,Simon,Camille,camille.simon8836@example.com,0653596138,1984-07-17,Lyon,mensuel,2026-07-18,non
CL108837,Durand,Ilyes,ilyes.durand8837@example.com,0635916612,1985-11-28,Lille,etudiant,2025-03-02,non
CL108838,Benali,Hugo,hugo.benali8838@example.com,0649013844,1974-05-20,Lille,aucun,2026-06-05,
CL108839,Bernard,Manon,manon.bernard8839@example.com,0674742626,1965-05-12,Lille,etudiant,2026-01-20,oui
CL108840,Laurent,Manon,manon.laurent8840@example.com,0648095980,1965-11-04,Nantes,annuel,2026-02-09,oui
CL108841,Garcia,Ines,ines.garcia8841@example.com,0668086291,1973-04-13,Lille,aucun,2026-09-25,non
CL108842,Michel,Sofia,sofia.michel8842@example.com,0621372267,1987-11-29,Lille,entreprise,2025-07-08,oui
CL108843,Simon,Sofia,sofia.simon8843@example.com,0647558756,1963-08-05,Lyon,etudiant,2026-01-23,oui
CL108844,Michel,Lea,lea.michel8844@example.com,0679164478,1972-02-18,Lyon,annuel,2025-05-25,oui
CL108845,Roux,Rayan,rayan.roux8845@example.com,0615825543,1962-01-08,Nantes,aucun,2026-04-14,oui
CL108846,Michel,Louise,louise.michel8846@example.com,0675510923,2003-05-16,Lyon,annuel,2026-01-24,
CL108847,Fournier,Karim,karim.fournier8847@example.com,0693123894,1966-03-10,Lyon,aucun,2025-08-18,
CL108848,Fournier,Hugo,hugo.fournier8848@example.com,0677743430,2002-10-28,Nantes,annuel,2026-02-17,non
CL108849,Girard,Camille,camille.girard8849@example.com,0674093016,1975-10-05,Grenoble,aucun,2025-08-24,non
CL108850,Nguyen,Jade,jade.nguyen8850@example.com,0617901495,1985-04-25,Lyon,entreprise,2025-04-10,non
CL108851,Nguyen,Karim,karim.nguyen8851@example.com,0610316262,1962-06-15,Nantes,aucun,2026-10-05,non
CL108852,Girard,Camille,camille.girard8852@example.com,0615806886,1999-02-04,Lille,annuel,2025-10-13,non
CL108853,Petit,Ilyes,ilyes.petit8853@example.com,0616701445,1978-12-11,Grenoble,annuel,2026-05-26,non
CL108854,Michel,Amira,amira.michel8854@example.com,0686825610,2001-05-31,Nantes,aucun,2025-03-17,
CL108855,Martin,Louise,louise.martin8855@example.com,0652806226,1976-12-19,Lyon,aucun,2025-09-17,oui
CL108856,Roux,Manon,manon.roux8856@example.com,0645728882,2000-01-08,Nantes,aucun,2025-07-23,
CL108857,Simon,Manon,manon.simon8857@example.com,0626848061,1967-08-03,Lyon,mensuel,2025-10-28,oui
CL108858,Robert,Louise,louise.robert8858@example.com,0618425983,1977-06-23,Nantes,mensuel,2025-08-10,
CL108859,Roux,Manon,manon.roux8859@example.com,0634145089,1997-03-08,Lyon,mensuel,2025-05-06,oui
CL108860,Simon,Yanis,yanis.simon8860@example.com,0618103500,1999-10-24,Nantes,aucun,2026-06-06,oui
CL108861,Bernard,Manon,manon.bernard8861@example.com,0632958850,2002-08-02,Grenoble,aucun,2025-09-04,oui
CL108862,Garcia,Yanis,yanis.garcia8862@example.com,0673395612,1998-09-27,Lyon,aucun,2025-09-22,non
CL108863,Benali,Sofia,sofia.benali8863@example.com,0675802144,1973-09-11,Lille,aucun,2025-06-25,
CL108864,Roux,Noah,noah.roux8864@example.com,0661715467,2002-11-30,Nantes,etudiant,2025-08-09,oui
CL108865,Garcia,Lea,lea.garcia8865@example.com,0651215930,1981-10-01,Lille,mensuel,2026-04-28,oui
CL108866,Petit,Ines,ines.petit8866@example.com,0620486447,1986-08-15,Nantes,annuel,2026-03-24,
CL108867,Durand,Jade,jade.durand8867@example.com,0670151791,1976-11-03,Nantes,mensuel,2025-05-30,oui
CL108868,Garcia,Lea,lea.garcia8868@example.com,0666227743,1964-11-12,Nantes,annuel,2026-01-05,
CL108869,Fournier,Sofia,sofia.fournier8869@example.com,0643332270,1988-06-18,Nantes,mensuel,2026-02-18,
CL108870,Nguyen,Manon,manon.nguyen8870@example.com,0687297295,1989-03-29,Lille,annuel,2025-05-03,non
CL108871,Nguyen,Hugo,hugo.nguyen8871@example.com,0620620937,1995-10-20,Nantes,aucun,2025-12-27,
CL108872,Robert,Hugo,hugo.robert8872@example.com,0682367265,1999-03-06,Lyon,annuel,2025-07-28,non
CL108873,Durand,Ilyes,ilyes.durand8873@example.com,0649094304,1979-10-12,Nantes,mensuel,2025-05-07,oui
CL108874,Robert,Mehdi,mehdi.robert8874@example.com,0672826095,1966-10-27,Lille,annuel,2026-08-28,
CL108875,Garcia,Lea,lea.garcia8875@example.com,0685444330,1967-05-21,Nantes,mensuel,2025-04-16,
CL108876,Girard,Sofia,sofia.girard8876@example.com,0684514313,1981-11-16,Lyon,entreprise,2026-03-22,
CL108877,Dubois,Amira,amira.dubois8877@example.com,0635932046,1965-06-08,Lille,annuel,2025-10-20,oui
CL108878,Fournier,Chloe,chloe.fournier8878@example.com,0675589481,2001-12-10,Grenoble,etudiant,2026-07-04,
CL108879,Garcia,Amira,amira.garcia8879@example.com,0628752936,1990-09-28,Grenoble,mensuel,2025-09-04,non
CL108880,Girard,Adam,adam.girard8880@example.com,0664037565,1984-09-15,Nantes,aucun,2025-04-30,
CL108881,Martin,Yanis,yanis.martin8881@example.com,0647253894,1987-09-27,Lille,mensuel,2026-09-03,
CL108882,Dubois,Jade,jade.dubois8882@example.com,0671016197,2001-11-07,Nantes,mensuel,2025-07-06,non
CL108883,Simon,Camille,camille.simon8883@example.com,0648230710,1984-10-04,Lille,aucun,2025-03-13,
CL108884,Robert,Chloe,chloe.robert8884@example.com,0611438743,1963-11-15,Lyon,mensuel,2025-10-26,non
CL108885,Laurent,Rayan,rayan.laurent8885@example.com,0677698093,1963-04-28,Lyon,aucun,2025-09-30,non
CL108886,Martin,Manon,manon.martin8886@example.com,0636728190,1992-05-29,Lyon,aucun,2026-03-22,oui
CL108887,Michel,Rayan,rayan.michel8887@example.com,0651720260,1989-01-26,Lille,annuel,2025-06-30,oui
CL108888,Simon,Rayan,rayan.simon8888@example.com,0695645143,1983-01-05,Grenoble,aucun,2025-07-29,
CL108889,Laurent,Camille,camille.laurent8889@example.com,0665558628,1994-11-18,Lille,etudiant,2025-09-06,non
CL108890,Durand,Hugo,hugo.durand8890@example.com,0612621522,1975-01-10,Lyon,aucun,2025-08-18,
CL108891,Benali,Ines,ines.benali8891@example.com,0621648556,1992-10-17,Nantes,annuel,2026-06-25,
CL108892,Girard,Manon,manon.girard8892@example.com,0611285226,1972-08-21,Lille,annuel,2025-05-19,
CL108893,Bernard,Sofia,sofia.bernard8893@example.com,0658805352,1995-10-28,Lyon,aucun,2025-08-31,non
CL108894,Michel,Yanis,yanis.michel8894@example.com,0658757828,1967-07-30,Lyon,aucun,2025-05-16,oui
CL108895,Michel,Chloe,chloe.michel8895@example.com,0683651854,1996-10-23,Lyon,aucun,2026-07-05,oui
CL108896,Fournier,Louise,louise.fournier8896@example.com,0622857512,1972-03-25,Lille,mensuel,2025-07-18,oui
CL108897,Garcia,Louise,louise.garcia8897@example.com,0678493008,1977-07-03,Lyon,etudiant,2025-09-21,non
CL108898,Girard,Adam,adam.girard8898@example.com,0668580973,1988-02-15,Lyon,etudiant,2026-03-07,non
CL108899,Simon,Amira,amira.simon8899@example.com,0629222731,1969-12-25,Lyon,aucun,2025-09-05,oui
CL108900,Benali,Noah,noah.benali8900@example.com,0699693408,1988-09-25,Lille,annuel,2025-04-01,
CL108901,Petit,Mehdi,mehdi.petit8901@example.com,0670073379,1996-11-25,Lyon,aucun,2025-08-19,oui
CL108902,Laurent,Louise,louise.laurent8902@example.com,0699793248,1976-09-27,Lille,aucun,2025-08-19,non
CL108903,Michel,Adam,adam.michel8903@example.com,0610027208,1989-01-02,Nantes,aucun,2026-05-25,
CL108904,Girard,Ilyes,ilyes.girard8904@example.com,0692208148,1960-01-19,Nantes,aucun,2025-03-05,non
CL108905,Benali,Manon,manon.benali8905@example.com,0642503458,1993-10-14,Lyon,etudiant,2025-11-12,
CL108906,Fournier,Hugo,hugo.fournier8906@example.com,0642512505,2000-12-06,Lyon,aucun,2025-06-26,non
CL108907,Garcia,Sofia,sofia.garcia8907@example.com,0697316123,1998-06-20,Lille,etudiant,2025-07-26,oui
CL108908,Martin,Amira,amira.martin8908@example.com,0657705849,1979-10-04,Lyon,mensuel,2025-08-16,
CL108909,Moreau,Jade,jade.moreau8909@example.com,0680197213,1991-04-10,Lyon,annuel,2025-04-08,
CL108910,Fournier,Gabriel,gabriel.fournier8910@example.com,0611375667,1986-09-29,Lyon,mensuel,2025-03-19,
CL108911,Robert,Manon,manon.robert8911@example.com,0675581797,1984-02-04,Lyon,annuel,2025-10-05,oui
CL108912,Fournier,Karim,karim.fournier8912@example.com,0682412285,1988-09-05,Grenoble,etudiant,2026-02-28,oui
CL108913,Martin,Sofia,sofia.martin8913@example.com,0688435746,1968-11-09,Lille,mensuel,2026-05-10,non
CL108914,Michel,Chloe,chloe.michel8914@example.com,0688107324,2001-02-11,Lyon,aucun,2026-10-12,
CL108915,Durand,Sofia,sofia.durand8915@example.com,0663379464,1965-10-07,Lille,mensuel,2025-11-04,non
CL108916,Girard,Adam,adam.girard8916@example.com,0649240579,1974-04-10,Lyon,etudiant,2026-05-23,non
CL108917,Martin,Hugo,hugo.martin8917@example.com,0677844720,1993-07-12,Nantes,annuel,2025-11-04,
CL108918,Moreau,Camille,camille.moreau8918@example.com,0680587823,1960-03-23,Lyon,aucun,2025-07-05,non
CL108919,Nguyen,Sofia,sofia.nguyen8919@example.com,0613208914,2002-05-29,Grenoble,mensuel,2026-07-10,
CL108920,Dubois,Karim,karim.dubois8920@example.com,0690157428,1960-09-14,Lille,mensuel,2025-12-29,
CL108921,Bernard,Karim,karim.bernard8921@example.com,0611657466,1973-05-19,Grenoble,mensuel,2025-09-04,non
CL108922,Durand,Lea,lea.durand8922@example.com,0630603491,1998-03-03,Lille,aucun,2025-05-13,
CL108923,Martin,Adam,adam.martin8923@example.com,0657224596,1973-04-24,Lyon,mensuel,2026-07-04,oui
CL108924,Durand,Ilyes,ilyes.durand8924@example.com,0677536577,1992-05-07,Lyon,aucun,2025-03-01,
CL108925,Martin,Rayan,rayan.martin8925@example.com,0695641760,1999-11-07,Lyon,aucun,2025-08-20,
CL108926,Durand,Gabriel,gabriel.durand8926@example.com,0636024437,1975-03-08,Lyon,aucun,2026-10-02,non
CL108927,Dubois,Lea,lea.dubois8927@example.com,0671154974,2002-02-08,Lyon,etudiant,2025-10-24,
CL108928,Robert,Adam,adam.robert8928@example.com,0666022830,1971-08-17,Nantes,mensuel,2026-01-29,
CL108929,Fournier,Mehdi,mehdi.fournier8929@example.com,0673187986,1983-06-04,Lyon,aucun,2025-06-06,non
CL108930,Robert,Camille,camille.robert8930@example.com,0630307458,1967-12-03,Lyon,annuel,2026-01-03,
CL108931,Michel,Louise,louise.michel8931@example.com,0651769224,1974-10-04,Nantes,annuel,2026-09-06,oui
CL108932,Roux,Louise,louise.roux8932@example.com,0676426474,1989-02-07,Lyon,mensuel,2025-03-23,
CL108933,Dubois,Adam,adam.dubois8933@example.com,0691036742,1965-06-08,Lille,mensuel,2025-05-19,non
CL108934,Michel,Karim,karim.michel8934@example.com,0639806698,1979-12-25,Lille,aucun,2025-09-06,
CL108935,Roux,Camille,camille.roux8935@example.com,0670477745,1979-07-01,Grenoble,aucun,2025-08-14,
CL108936,Robert,Manon,manon.robert8936@example.com,0640509415,1997-08-04,Lyon,aucun,2025-05-11,non
CL108937,Girard,Mehdi,mehdi.girard8937@example.com,0627640222,1985-12-04,Grenoble,mensuel,2026-06-05,oui
CL108938,Roux,Hugo,hugo.roux8938@example.com,0630602535,1973-06-25,Lyon,mensuel,2025-11-06,
CL108939,Girard,Lea,lea.girard8939@example.com,0654048643,2003-01-11,Lille,aucun,2025-03-29,oui
CL108940,Martin,Mehdi,mehdi.martin8940@example.com,0671644252,1980-01-08,Nantes,entreprise,2026-07-28,non
CL108941,Petit,Yanis,yanis.petit8941@example.com,0672749114,1964-09-19,Nantes,mensuel,2026-07-12,
CL108942,Girard,Ines,ines.girard8942@example.com,0693583148,1995-03-19,Nantes,aucun,2025-11-13,oui
CL108943,Benali,Karim,karim.benali8943@example.com,0683393192,1966-05-20,Lyon,entreprise,2026-08-13,oui
CL108944,Moreau,Karim,karim.moreau8944@example.com,0612422825,1993-09-06,Lyon,etudiant,2026-07-02,non
CL108945,Girard,Noah,noah.girard8945@example.com,0610990030,1964-09-20,Lille,etudiant,2025-10-15,oui
CL108946,Laurent,Manon,manon.laurent8946@example.com,0617476646,1996-09-04,Grenoble,aucun,2025-09-01,oui
CL108947,Martin,Chloe,chloe.martin8947@example.com,0629652075,1964-02-13,Lyon,annuel,2026-03-16,oui
CL108948,Laurent,Chloe,chloe.laurent8948@example.com,0691622552,1977-01-25,Lille,entreprise,2025-05-27,oui
CL108949,Garcia,Adam,adam.garcia8949@example.com,0620718216,1970-12-27,Nantes,mensuel,2026-07-10,oui
CL108950,Laurent,Yanis,yanis.laurent8950@example.com,0634639659,1994-05-13,Nantes,etudiant,2026-10-07,non
CL108951,Martin,Chloe,chloe.martin8951@example.com,0699224424,1982-11-21,Lyon,aucun,2025-04-16,
CL108952,Durand,Rayan,rayan.durand8952@example.com,0688428702,2001-12-10,Lyon,mensuel,2026-06-27,
CL108953,Garcia,Louise,louise.garcia8953@example.com,0644474511,1993-11-13,Lyon,aucun,2026-02-14,non
CL108954,Simon,Ines,ines.simon8954@example.com,0684567744,1983-10-14,Nantes,etudiant,2025-04-08,
CL108955,Moreau,Mehdi,mehdi.moreau8955@example.com,0660343942,2000-10-03,Grenoble,mensuel,2025-10-06,oui
CL108956,Dubois,Jade,jade.dubois8956@example.com,0658367064,1964-01-27,Nantes,aucun,2025-08-16,non
CL108957,Bernard,Ines,ines.bernard8957@example.com,0657510857,1966-03-11,Lille,aucun,2025-06-30,oui
CL108958,Roux,Mehdi,mehdi.roux8958@example.com,0680239559,1997-02-04,Grenoble,entreprise,2025-07-28,oui
CL108959,Simon,Amira,amira.simon8959@example.com,0677513913,1973-11-08,Nantes,aucun,2026-09-08,oui
CL108960,Roux,Hugo,hugo.roux8960@example.com,0641297724,1964-04-16,Lyon,etudiant,2026-09-13,oui
CL108961,Martin,Camille,camille.martin8961@example.com,0626643108,2003-01-27,Grenoble,mensuel,2026-05-17,
CL108962,Laurent,Karim,karim.laurent8962@example.com,0662970961,1986-07-11,Nantes,aucun,2026-05-14,oui
CL108963,Robert,Hugo,hugo.robert8963@example.com,0629473042,1995-02-28,Lille,mensuel,2026-06-17,oui
CL108964,Bernard,Louise,louise.bernard8964@example.com,0646782653,1989-09-19,Grenoble,aucun,2025-07-14,oui
CL108965,Moreau,Sofia,sofia.moreau8965@example.com,0649766347,1961-06-01,Nantes,aucun,2025-05-02,non
CL108966,Robert,Rayan,rayan.robert8966@example.com,0668655832,1977-05-10,Nantes,aucun,2026-05-05,non
CL108967,Bernard,Lea,lea.bernard8967@example.com,0620721521,1994-05-06,Lyon,aucun,2025-07-17,
CL108968,Robert,Yanis,yanis.robert8968@example.com,0691189492,1962-10-09,Lille,aucun,2025-12-12,non
CL108969,Durand,Louise,louise.durand8969@example.com,0646826322,1987-06-06,Lyon,aucun,2025-04-02,
CL108970,Nguyen,Chloe,chloe.nguyen8970@example.com,0615578933,1971-11-16,Lyon,aucun,2025-10-01,oui
CL108971,Garcia,Noah,noah.garcia8971@example.com,0661451782,1980-07-12,Nantes,aucun,2026-05-29,
CL108972,Robert,Louise,louise.robert8972@example.com,0673908938,1975-08-24,Lille,mensuel,2025-06-12,
CL108973,Laurent,Mehdi,mehdi.laurent8973@example.com,0666517387,1992-11-26,Lille,mensuel,2025-05-27,oui
CL108974,Michel,Amira,amira.michel8974@example.com,0694051512,1968-11-02,Nantes,aucun,2025-04-01,oui
CL108975,Benali,Louise,louise.benali8975@example.com,0692722926,1964-08-12,Lille,annuel,2025-11-02,oui
CL108976,Roux,Louise,louise.roux8976@example.com,0670862073,1991-09-25,Lyon,annuel,2026-07-15,
CL108977,Durand,Lea,lea.durand8977@example.com,0611526165,1980-07-04,Nantes,mensuel,2026-06-25,oui
CL108978,Bernard,Chloe,chloe.bernard8978@example.com,0615092030,1968-07-04,Lyon,annuel,2025-08-06,non
CL108979,Dubois,Jade,jade.dubois8979@example.com,0626493573,1961-01-31,Grenoble,etudiant,2026-04-26,non
CL108980,Petit,Camille,camille.petit8980@example.com,0647047398,1993-04-30,Nantes,aucun,2026-06-02,
CL108981,Benali,Lea,lea.benali8981@example.com,0627291745,1998-08-19,Nantes,etudiant,2026-10-04,
CL108982,Bernard,Amira,amira.bernard8982@example.com,0673957261,1967-06-19,Lille,aucun,2025-07-06,non
CL108983,Michel,Amira,amira.michel8983@example.com,0663273728,1996-02-27,Lyon,aucun,2026-01-17,
CL108984,Robert,Ilyes,ilyes.robert8984@example.com,0671534542,2000-10-26,Lille,aucun,2026-05-23,non
CL108985,Roux,Camille,camille.roux8985@example.com,0640965732,1973-05-01,Lille,annuel,2025-08-16,
CL108986,Simon,Yanis,yanis.simon8986@example.com,0653295738,1966-08-10,Lille,aucun,2026-03-28,
CL108987,Roux,Hugo,hugo.roux8987@example.com,0684940088,1960-08-06,Grenoble,aucun,2025-04-11,non
CL108988,Bernard,Camille,camille.bernard8988@example.com,0657494013,1988-05-22,Lille,aucun,2026-03-27,
CL108989,Michel,Mehdi,mehdi.michel8989@example.com,0632202714,1967-02-12,Lyon,mensuel,2025-07-04,oui
CL108990,Nguyen,Sofia,sofia.nguyen8990@example.com,0656111863,1970-10-31,Lille,annuel,2025-07-30,oui
CL108991,Nguyen,Yanis,yanis.nguyen8991@example.com,0628203894,1964-04-15,Lyon,aucun,2026-07-15,non
CL108992,Durand,Lea,lea.durand8992@example.com,0669011704,2003-07-09,Lyon,aucun,2026-09-10,
CL108993,Michel,Louise,louise.michel8993@example.com,0686755096,1992-10-08,Lyon,annuel,2025-11-24,
CL108994,Michel,Camille,camille.michel8994@example.com,0634295724,1961-12-27,Nantes,annuel,2026-06-28,non
CL108995,Benali,Hugo,hugo.benali8995@example.com,0682410997,1979-10-31,Nantes,mensuel,2026-04-10,non
CL108996,Nguyen,Sofia,sofia.nguyen8996@example.com,0646766094,1968-08-30,Lille,mensuel,2025-04-22,non
CL108997,Fournier,Gabriel,gabriel.fournier8997@example.com,0675803074,1970-01-28,Lyon,aucun,2025-08-10,oui
CL108998,Michel,Hugo,hugo.michel8998@example.com,0694327593,1996-02-11,Lyon,aucun,2025-11-27,oui
CL108999,Girard,Hugo,hugo.girard8999@example.com,0698601294,1981-01-19,Lyon,etudiant,2025-10-04,non
