trajet_id,client_id,engin_id,type_engin,ville,station_depart,station_arrivee,debut,fin,duree_min,distance_km,montant_eur,moyen_paiement
TR2609150063052,CL105303,EN00373,velo_elec,Lille,ST1045,ST1035,2026-09-15 00:28:49,2026-09-15 00:42:49,14,4.32,4.5,cb
TR2609150063053,CL101705,EN00172,trottinette,Lyon,ST1015,ST1003,2026-09-15 01:24:42,2026-09-15 01:30:42,6,1.55,2.32,cb
TR2609150063054,CL107946,EN00441,velo_elec,Lille,ST1040,ST1039,2026-09-15 02:39:18,2026-09-15 02:49:18,10,3.23,3.5,cb
TR2609150063055,CL106924,EN00108,velo_elec,Lyon,ST1007,ST1003,2026-09-15 03:00:00,2026-09-15 03:17:00,17,4.53,5.25,cb
TR2609150063056,CL106312,EN00228,trottinette,Nantes,ST1031,ST1022,2026-09-15 04:05:04,2026-09-15 04:12:04,7,2.0,2.54,cb
TR2609150063057,CL104577,EN00532,velo_elec,Grenoble,ST1050,ST1054,2026-09-15 04:58:49,2026-09-15 05:06:49,8,2.72,3.0,abonnement
TR2609150063058,CL100912,EN00192,velo_elec,Lyon,ST1010,ST1002,15/09/2026 05:01,15/09/2026 05:13,12,3.28,4.0,cb
TR2609150063059,CL101410,EN00199,velo_elec,Lyon,ST1016,ST1013,2026-09-15 05:00:45,1789441965,-4,3.26,4.0,cb
TR2609150063060,CL103730,EN00494,velo_elec,Lille,ST1041,ST1041,2026-09-15 05:10:26,15/09/2026 05:21,11,2.76,3.75,cb
TR2609150063061,CL105439,EN00050,velo_elec,Lyon,ST1011,ST1015,2026-09-15 05:30:10,2026-09-15 05:47:10,17,3.2,,abonnement
TR2609150063062,CL105976,EN00102,velo_elec,Lyon,ST1019,ST1019,2026-09-15 05:20:39,2026-09-15 05:37:39,17,3.9,5.25,cb
TR2609150063063,CL105284,EN00585,velo_elec,Grenoble,ST1056,ST1053,2026-09-15 05:18:57,2026-09-15 05:31:57,13,3.4,4.25,cb
TR2609150063064,CL103880,EN00184,velo_elec,Lyon,ST1001,ST1015,2026-09-15 05:34:23,2026-09-15 05:48:23,14,2.69,4.5,paypal
TR2609150063065,CL100976,EN00545,trottinette,Grenoble,ST1052,ST1051,2026-09-15 05:45:03,2026-09-15 05:51:03,6,1.33,2.32,cb
TR2609150063066,CL103012,EN00536,velo_elec,grenoble,ST1057,ST1056,2026-09-15 05:43:06,2026-09-15 06:13:06,30,7.65,8.5,cb
TR2609150063067,CL101393,EN00245,velo_elec,NANTES,ST1030,ST1025,2026-09-15 05:45:41,2026-09-15 05:48:41,3,0.55,1.75,cb
TR2609150063068,CL103835,EN00053,trottinette,Lyon,ST1003,ST1005,2026-09-15 06:10:42,15/09/2026 06:25,15,3.44,4.3,cb
TR2609150063069,CL104240,EN00142,velo_elec,Lyon,ST1007,ST1002,2026-09-15 06:01:18,2026-09-15 06:16:18,15,2.53,4.75,cb
TR2609150063070,CL104357,EN00139,velo_elec,Lyon,ST1008,ST1008,2026-09-15 06:12:49,2026-09-15 06:22:49,10,2.84,3.5,cb
TR2609150063071,CL103756,EN00070,trottinette,Lyon,ST1015,ST1008,2026-09-15 06:11:05,2026-09-15 06:52:05,41,12.21,10.02,abonnement
TR2609150063072,CL107563,EN00162,velo_elec,LYON,ST1015,ST1010,2026-09-15 06:09:35,1789446035,11,2.21,3.75,abonnement
TR2609150063073,CL104712,EN00001,velo_elec,Lyon,ST1018,ST1004,2026-09-15 06:15:09,2026-09-15 06:20:09,5,1.68,2.25,paypal
TR2609150063074,CL101165,EN00218,velo_elec,Lyon,ST1018,ST1004,2026-09-15 06:12:25,2026-09-15 06:24:25,12,2.02,4.0,cb
TR2609150063075,CL107155,EN00336,velo_elec,Nantes,ST1023,ST1020,2026-09-15 06:01:35,2026-09-15 06:04:35,3,0.63,1.75,cb
TR2609150063076,CL108489,EN00285,trottinette,Nantes,ST1024,ST1033,2026-09-15 06:03:32,15/09/2026 06:13,10,3.34,3.2,abonnement
TR2609150063077,CL103447,EN00341,velo_elec,Nantes,ST1029,ST1027,15/09/2026 06:01,2026-09-15 06:06:22,5,0.8,2.25,cb
TR2609150063078,CL102293,EN00494,velo_elec,Lille,ST1041,ST1034,1789445235,2026-09-15 06:23:15,16,5.37,5.0,cb
TR2609150063079,CL104809,EN00393,trottinette, Lille,ST1043,ST1045,15/09/2026 06:11,2026-09-15 06:14:58,3,0.7,1.66,abonnement
TR2609150063080,CL102201,EN00554,velo_elec,Grenoble ,ST1048,ST1054,2026-09-15 06:13:23,2026-09-15 06:37:23,24,6.98,7.0,abonnement
TR2609150063081,CL104202,EN00514,velo_elec,GRENOBLE,ST1055,ST1048,15/09/2026 06:13,2026-09-15 06:36:57,23,7.03,6.75,cb
TR2609150063082,CL108535,EN00548,trottinette,Grenoble,ST1057,ST1049,2026-09-15 06:01:43,1789446523,27,5.78,6.94,cb
TR2609150063083,CL100897,EN00195,velo_elec,Lyon,ST1009,ST1004,2026-09-15 06:29:45,2026-09-15 06:58:45,29,7.24,8.25,cb
TR2609150063084,CL101921,EN00199,velo_elec,Lyon,ST1013,ST1001,2026-09-15 06:28:12,1789447092,10,3.37,3.5,cb
TR2609150063085,CL103120,EN00066,trottinette,Lyon,ST1016,ST1003,2026-09-15 06:19:19,2026-09-15 07:08:19,49,12.57,11.78,cb
TR2609150063086,CL100844,EN00153,velo_elec,Lyonn,ST1018,ST1010,2026-09-15 06:17:33,2026-09-15 06:22:33,5,1.74,2.25,abonnement
TR2609150063087,CL104335,EN00348,velo_elec,Nantes,ST1029,ST1029,2026-09-15 06:30:29,2026-09-15 06:42:29,12,3.57,4.0,cb
TR2609150063088,CL105632,EN00053,trottinette,Lyon,ST1005,ST1006,2026-09-15 06:42:29,1789448069,12,2.85,3.64,cb
TR2609150063089,CL102646,EN00119,trottinette,Lyonn,ST1005,ST1013,2026-09-15 06:32:16,2026-09-15 06:41:16,9,2.66,2.98,cb
TR2609150063090,CL106516,EN00099,velo_elec,Lyon,ST1009,ST1008,2026-09-15 06:36:45,2026-09-15 06:45:45,9,2.53,3.25,paypal
TR2609150063091,CL103978,EN00050,velo_elec,Lyon,ST1015,ST1015,15/09/2026 06:43,2026-09-15 07:02:47,19,3.43,5.75,cb
TR2609150063092,CL100324,EN00080,trottinette,Lyon ,ST1017,ST1001,2026-09-15 06:33:28,2026-09-15 06:43:28,10,3.01,3.2,paypal
TR2609150063093,CL101167,EN00366,trottinette, Lille,ST1040,ST1046,2026-09-15 06:43:06,2026-09-15 06:54:06,11,3.84,3.42,abonnement
TR2609150063094,CL103449,EN00380,velo_elec, Lille,ST1041,ST1036,2026-09-15 06:38:12,2026-09-15 06:47:12,9,1.95,3.25,paypal
TR2609150063095,CL100106,EN00532,velo_elec,Grenoble,ST1054,ST1049,,15/09/2026 07:37,53,11.32,14.25,abonnement
TR2609150063096,CL101071,EN00537,velo_elec,Grenoble,ST1056,ST1050,2026-09-15 06:31:34,15/09/2026 06:39,8,1.93,3.0,abonnement
TR2609150063097,CL108092,EN00566,trottinette,Grenoble,ST1058,ST1052,2026-09-15 06:36:11,2026-09-15 06:42:11,6,1.31,2.32,cb
TR2609150063098,CL103803,EN00024,velo_elec,Lyonn,ST1003,ST1014,2026-09-15 06:59:02,2026-09-15 07:17:02,18,3.18,5.5,cb
TR2609150063099,CL100465,EN00069,trottinette,Lyon,ST1004,ST1016,,15/09/2026 07:10,18,4.08,4.96,cb
TR2609150063100,CL104451,EN00099,velo_elec,Lyon ,ST1008,ST1011,15/09/2026 06:59,15/09/2026 07:11,12,2.9,4.0,paypal
TR2609150063101,CL102307,EN00162,velo_elec,Lyon,ST1010,ST1003,15/09/2026 06:47,2026-09-15 06:55:15,8,2.27,3.0,cb
TR2609150063102,CL102029,EN00133,velo_elec,Lyon,ST1015,ST1003,2026-09-15 06:54:29,2026-09-15 07:02:29,8,1.98,3.0,paypal
TR2609150063103,CL107421,EN00088,velo,Lyon,ST1018,ST1002,1789448148,2026-09-15 07:07:48,12,2.69,2.8,cb
TR2609150063104,CL100328,EN00287,velo_elec,Nantes,ST1023,ST1029,2026-09-15 06:47:03,2026-09-15 07:18:03,31,8.38,8.75,cb
TR2609150063105,CL967831,EN00358,trottinette,Nantes,ST1028,ST1020,2026-09-15 06:58:31,1789448791,8,2.55,2.76,abonnement
TR2609150063106,CL104321,EN00295,velo_elec,Nantes,ST1032,ST1028,2026-09-15 06:58:50,2026-09-15 07:19:50,21,4.37,6.25,cb
TR2609150063107,CL105576,EN00382,trottinette,Lille,ST1047,ST1036,15/09/2026 06:47,2026-09-15 06:55:37,8,2.75,2.76,abonnement
TR2609150063108,CL101926,EN00596,velo_elec,Grenoble,ST1055,ST1048,2026-09-15 06:46:04,1789448284,12,2.66,4.0,cb
TR2609150063109,CL103199,EN00199,velo_elec,Lyon,ST1001,ST1015,2026-09-15 07:08:44,1789449764,14,3.14,4.5,cb
TR2609150063110,CL107898,EN00001,velo_elec,Lyon,ST1004,ST1013,2026-09-15 07:07:49,2026-09-15 07:24:49,17,3.61,5.25,abonnement
TR2609150063111,CL105202,EN00167,trottinette,Lyon,ST1005,ST1016,2026-09-15 07:03:05,2026-09-15 07:20:05,17,3.79,4.74,cb
TR2609150063112,CL104187,EN00177,velo_elec,lyon,ST1005,ST1004,2026-09-15 07:13:48,2026-09-15 07:23:48,10,3.33,3.5,abonnement
TR2609150063113,CL107191,EN00031,velo_elec,Lyon,ST1005,ST1004,2026-09-15 07:06:41,1789449341,9,1.52,3.25,abonnement
TR2609150063114,CL104590,EN00151,trottinette,Lyon,ST1007,ST1003,2026-09-15 07:03:28,2026-09-15 07:10:28,7,2.38,2.54,paypal
TR2609150063115,CL101517,EN00058,velo_elec,Lyon,ST1007,ST1019,2026-09-15 07:10:43,2026-09-15 07:27:43,17,3.53,5.25,cb
TR2609150063116,CL106418,EN00202,trottinette,Lyon,ST1009,ST1001,15/09/2026 07:03,2026-09-15 07:13:05,10,3.04,3.2,cb
TR2609150063117,CL108219,EN00197,velo_elec,Lyon ,ST1011,ST1003,2026-09-15 07:11:54,,11,2.53,3.75,cb
TR2609150063118,CL102160,EN00042,trottinette,Lyon,ST1011,ST1004,2026-09-15 07:11:33,2026-09-15 07:33:33,22,4.86,5.84,cb
TR2609150063119,CL104795,EN00047,velo_elec,Lyon,ST1012,ST1014,2026-09-15 07:02:39,15/09/2026 07:14,12,2.86,4.0,cb
TR2609150063120,CL101679,EN00119,trottinette,Lyon,ST1013,ST1008,2026-09-15 07:13:03,2026-09-15 07:30:03,17,4.47,4.74,cb
TR2609150063121,CL100897,EN00101,velo_elec,Lyon,ST1013,ST1002,2026-09-15 07:10:12,2026-09-15 07:28:12,18,5.31,5.5,cb
TR2609150063122,CL104958,EN00225,velo_elec,Nantes,ST1023,ST1022,2026-09-15 07:08:04,2026-09-15 07:17:04,9,1.84,3.25,abonnement
TR2609150063123,CL108452,EN00298,trottinette,Nantes,ST1024,ST1020,2026-09-15 07:08:27,2026-09-15 07:27:27,19,6.49,5.18,cb
TR2609150063124,CL104473,EN00351,trottinette,Nantes,ST1024,ST1022,1789449064,2026-09-15 07:24:04,13,3.28,3.86,cb
TR2609150063125,CL101994,EN00281,velo_elec,Nantes,ST1028,ST1031,2026-09-15 07:06:01,2026-09-15 07:14:01,8,1.89,3.0,paypal
TR2609150063126,CL108208,EN00348,velo_elec,Nantes,ST1029,ST1021,2026-09-15 07:07:18,15/09/2026 07:11,4,0.76,2.0,cb
TR2609150063127,CL101377,EN00255,velo,Nantes,ST1029,ST1026,2026-09-15 07:11:03,2026-09-15 07:20:03,9,1.79,2.35,cb
TR2609150063128,CL103982,EN00268,trottinette,Nantes,ST1031,ST1022,2026-09-15 07:10:41,15/09/2026 07:24,14,2.58,4.08,abonnement
TR2609150063129,CL100583,EN00222,velo_elec,NANTES,ST1032,ST1025,15/09/2026 07:07,2026-09-15 07:10:07,3,0.48,1.75,cb
TR2609150063130,CL102348,EN00492,velo_elec,Lille,ST1037,ST1041,1789449118,2026-09-15 07:29:58,18,4.53,5.5,cb
TR2609150063131,CL103140,EN00422,velo_elec,Lille,ST1037,ST1038,2026-09-15 07:15:26,15/09/2026 07:25,10,2.63,3.5,abonnement
TR2609150063132,CL102845,EN00479,trottinette,Lille,ST1039,ST1046,15/09/2026 07:14,2026-09-15 07:34:15,20,6.79,5.4,cb
TR2609150063133,CL106992,EN00414,velo_elec,Lille,ST1039,ST1042,2026-09-15 07:07:25,2026-09-15 07:33:25,26,4.84,7.5,cb
TR2609150063134,CL104196,EN00401,trottinette,Lille,ST1039,ST1034,2026-09-15 07:13:34,2026-09-15 07:34:34,21,7.14,5.62,cb
TR2609150063135,CL105193,EN00363,velo_elec,Lille,ST1040,ST1042,2026-09-15 07:08:05,2026-09-15 07:57:05,49,9.69,13.25,cb
TR2609150063136,CL104969,EN00362,velo_elec,Lille,ST1042,ST1042,2026-09-15 07:09:17,2026-09-15 07:44:17,35,8.74,9.75,paypal
TR2609150063137,CL102749,EN00476,trottinette,Lille,ST1043,ST1036,2026-09-15 07:04:33,2026-09-15 07:16:33,12,3.33,3.64,paypal
TR2609150063138,CL103108,EN00450,trottinette,Lille,ST1043,ST1035,2026-09-15 07:11:12,2026-09-15 07:16:12,5,1.08,2.1,paypal
TR2609150063139,CL102189,EN00394,velo_elec,lille,ST1045,ST1035,2026-09-15 07:07:54,2026-09-15 07:33:54,26,6.26,7.5,cb
TR2609150063140,CL102163,EN00393,trottinette,Lille,ST1045,ST1047,15/09/2026 07:13,15/09/2026 07:21,8,1.65,2.76,paypal
TR2609150063141,CL103841,EN00395,trottinette,Lille,ST1045,ST1044,2026-09-15 07:12:31,2026-09-15 07:20:31,8,2.47,2.76,cb
TR2609150063142,CL107069,EN00512,velo_elec,Grenoble,ST1050,ST1056,2026-09-15 07:12:55,2026-09-15 07:28:55,16,5.12,5.0,cb
TR2609150063143,CL104987,EN00534,trottinette,Grenoble,ST1051,ST1049,2026-09-15 07:06:28,1789449868,18,2.83,4.96,cb
TR2609150063144,CL107354,EN00585,velo_elec,Grenoble,ST1053,ST1050,2026-09-15 07:04:33,2026-09-15 07:20:33,16,3.52,5.0,abonnement
TR2609150063145,CL101814,EN00525,velo,Grenoble,ST1053,ST1049,2026-09-15 07:08:44,2026-09-15 07:22:44,14,2.81,3.1,cb
TR2609150063146,CL101706,EN00590,velo_elec,Grenoble,ST1054,ST1049,2026-09-15 07:09:19,,24,7.8,7.0,abonnement
TR2609150063147,CL108849,EN00554,velo_elec,Grenoble,ST1054,ST1048,2026-09-15 07:04:37,15/09/2026 07:09,5,1.57,2.25,cb
TR2609150063148,CL100367,EN00571,trottinette,Grenoble,ST1054,ST1048,2026-09-15 07:12:36,2026-09-15 07:30:36,18,3.52,4.96,paypal
TR2609150063149,CL104589,EN00536,velo_elec,Grenoble,ST1056,ST1048,2026-09-15 07:12:29,15/09/2026 07:17,5,1.06,2.25,cb
TR2609150063150,CL102240,EN00075,trottinette,Lyon,ST1005,ST1004,15/09/2026 07:21,2026-09-15 07:47:50,26,6.7,6.72,cb
TR2609150063151,CL104539,EN00044,trottinette,Lyon,ST1005,ST1002,2026-09-15 07:21:45,2026-09-15 07:29:45,8,2.24,2.76,paypal
TR2609150063152,CL107663,EN00204,velo_elec,Lyon,ST1005,ST1002,2026-09-15 07:29:53,2026-09-15 07:32:53,3,0.9,1.75,cb
TR2609150063153,CL103692,EN00176,velo,LYON,ST1005,ST1001,15/09/2026 07:20,2026-09-15 07:35:09,15,2.58,3.25,cb
TR2609150063154,CL107362,EN00161,velo_elec,Lyon,ST1008,ST1006,2026-09-15 07:26:49,2026-09-15 07:31:49,5,1.7,2.25,cb
TR2609150063155,CL101065,EN00130,velo_elec,Lyon,ST1009,ST1002,2026-09-15 07:21:26,2026-09-15 07:35:26,14,3.8,4.5,cb
TR2609150063156,CL105545,EN00076,velo_elec,Lyon,ST1010,ST1001,2026-09-15 07:29:07,2026-09-15 07:44:07,15,3.79,4.75,cb
TR2609150063157,CL105279,EN00050,velo_elec,Lyon,ST1015,ST1004,15/09/2026 07:19,2026-09-15 07:30:56,11,2.04,3.75,cb
TR2609150063158,CL107776,EN00100,velo_elec,Lyon,ST1016,ST1003,,15/09/2026 07:26,9,2.68,3.25,cb
TR2609150063159,CL105034,EN00096,velo_elec,Lyon,ST1016,ST1004,2026-09-15 07:16:19,2026-09-15 07:24:19,8,1.85,3.0,cb
TR2609150063160,CL104560,EN00036,velo_elec,Lyon,ST1016,ST1011,2026-09-15 07:21:32,2026-09-15 07:38:32,17,2.9,5.25,abonnement
TR2609150063161,CL104267,EN00216,velo_elec,Lyon,ST1017,ST1004,2026-09-15 07:18:19,2026-09-15 07:24:19,6,1.4,2.5,abonnement
TR2609150063162,CL106193,EN00077,trottinette,Lyon,ST1019,ST1002,2026-09-15 07:22:25,2026-09-15 07:38:25,16,4.78,4.52,
TR2609150063163,CL100340,EN00102,velo_elec,Lyon,ST1019,ST1014,2026-09-15 07:19:07,2026-09-15 07:38:07,19,3.41,5.75,abonnement
TR2609150063164,CL107359,EN00196,velo_elec,lyon,ST1019,ST1008,2026-09-15 07:20:39,15/09/2026 07:24,4,0.61,2.0,abonnement
TR2609150063165,CL100396,EN00259,trottinette,Nantes,ST1024,ST1022,15/09/2026 07:19,2026-09-15 07:35:21,16,3.43,4.52,cb
TR2609150063166,CL102394,EN00304,velo_elec,Nantes,ST1025,ST1027,2026-09-15 07:19:48,2026-09-15 07:38:48,19,4.85,,cb
TR2609150063167,CL108600,EN00230,velo_elec,Nantes,ST1028,ST1020,1789449432,2026-09-15 07:28:12,11,2.7,3.75,cb
TR2609150063168,CL108383,EN00281,velo_elec,Nantes,ST1031,ST1021,2026-09-15 07:20:54,2026-09-15 07:38:54,18,5.08,5.5,cb
TR2609150063169,CL107737,EN00353,velo,Nantes,ST1031,ST1031,2026-09-15 07:24:41,,27,7.26,5.05,abonnement
TR2609150063170,CL106683,EN00324,velo,Nantes,ST1031,ST1020,15/09/2026 07:18,2026-09-15 07:35:04,17,4.57,3.55,cb
TR2609150063171,CL102430,EN00260,velo_elec,Nantes,ST1032,ST1033,15/09/2026 07:20,15/09/2026 07:27,7,1.87,2.75,abonnement
TR2609150063172,CL108549,EN00301,velo_elec,Nantes,ST1032,ST1024,2026-09-15 07:15:37,2026-09-15 07:30:37,15,4.04,4.75,cb
TR2609150063173,CL103449,EN00404,trottinette,Lille,ST1036,ST1039,2026-09-15 07:17:08,2026-09-15 07:58:08,41,12.8,10.02,cb
TR2609150063174,CL103933,EN00435,trottinette, Lille,ST1037,ST1041,1789450048,2026-09-15 07:41:28,14,2.43,4.08,cb
TR2609150063175,CL101870,EN00373,velo_elec,Lille,ST1038,ST1034,1789449390,2026-09-15 07:23:30,7,1.42,2.75,cb
TR2609150063176,CL104422,EN00441,velo_elec,Lille,ST1039,ST1036,2026-09-15 07:20:38,2026-09-15 07:39:38,19,6.11,5.75,cb
TR2609150063177,CL100243,EN00460,velo_elec,Lille,ST1042,ST1036,2026-09-15 07:21:03,1789449843,3,1.02,1.75,paypal
TR2609150063178,CL103824,EN00365,velo_elec,Lille,ST1042,ST1034,1789449727,2026-09-15 07:35:07,13,2.56,4.25,paypal
TR2609150063179,CL101453,EN00442,trottinette,Lille,ST1042,ST1036,2026-09-15 07:20:36,2026-09-15 07:28:36,8,2.15,2.76,abonnement
TR2609150063180,CL106992,EN00481,velo_elec,LILLE,ST1043,ST1036,1789450045,2026-09-15 07:43:25,16,3.51,5.0,abonnement
TR2609150063181,CL105497,EN00411,trottinette,Lille,ST1047,ST1036,2026-09-15 07:27:59,2026-09-15 07:44:59,17,4.84,4.74,cb
TR2609150063182,CL107926,EN00547,trottinette,Grenoble,ST1048,ST1052,2026-09-15 07:17:16,2026-09-15 07:25:16,8,2.23,2.76,cb
TR2609150063183,CL104769,EN00537,velo_elec,Grenoble,ST1050,ST1051,,,21,3.33,6.25,abonnement
TR2609150063184,CL100859,EN00530,velo_elec,Grenoble,ST1050,ST1051,,2026-09-15 07:47:29,24,5.57,7.0,paypal
TR2609150063185,CL106542,EN00503,trottinette,Grenoble,ST1055,ST1048,15/09/2026 07:27,15/09/2026 07:39,12,3.53,3.64,abonnement
TR2609150063186,CL105049,EN00526,velo_elec,Grenoble,ST1057,ST1048,1789450173,15/09/2026 07:40,11,1.95,3.75,paypal
TR2609150063187,CL105167,EN00528,velo_elec,Grenoble,ST1058,ST1049,2026-09-15 07:25:15,2026-09-15 07:44:15,19,4.09,5.75,abonnement
TR2609150063188,CL107458,EN00081,velo_elec,Lyon,ST1002,ST1013,2026-09-15 07:33:13,2026-09-15 07:39:13,6,1.28,2.5,cb
TR2609150063189,CL101637,EN00161,velo_elec,Lyon,ST1006,ST1012,2026-09-15 07:34:41,2026-09-15 07:41:41,7,1.97,2.75,cb
TR2609150063190,CL104892,EN00078,velo_elec,Lyon,ST1008,ST1004,2026-09-15 07:40:09,,27,7.15,7.75,cb
TR2609150063191,CL106455,EN00041,velo_elec,Lyon,ST1008,ST1003,,2026-09-15 07:51:48,11,2.71,3.75,cb
TR2609150063192,CL108142,EN00090,trottinette,Lyon,ST1009,ST1003,2026-09-15 07:45:24,2026-09-15 07:57:24,12,3.9,3.64,abonnement
TR2609150063193,CL108309,EN00035,velo_elec,Lyon,ST1010,ST1007,2026-09-15 07:42:01,2026-09-15 07:46:01,4,0.74,2.0,cb
TR2609150063194,CL102136,EN00099,velo_elec,Lyon,ST1011,ST1011,2026-09-15 07:38:34,15/09/2026 07:49,11,1.96,3.75,abonnement
TR2609150063195,CL104701,EN00123,velo_elec,Lyon,ST1014,ST1002,2026-09-15 07:45:30,2026-09-15 07:51:30,6,1.31,2.5,abonnement
TR2609150063196,CL106153,EN00055,trottinette,LYON,ST1016,ST1001,2026-09-15 07:32:17,2026-09-15 07:56:17,24,7.01,6.28,abonnement
TR2609150063197,CL106001,EN00045,trottinette,Lyon,ST1019,ST1001,2026-09-15 07:41:09,2026-09-15 07:45:09,4,0.67,1.88,abonnement
TR2609150063198,CL104387,EN00029,velo_elec,Lyon,ST1019,ST1010,2026-09-15 07:40:33,2026-09-15 07:48:33,8,2.6,3.0,paypal
TR2609150063199,CL103930,EN00307,trottinette,NANTES,ST1022,ST1024,2026-09-15 07:38:26,1789453046,39,12.51,9.58,paypal
TR2609150063200,CL101108,EN00256,velo_elec,Nantes,ST1024,ST1024,2026-09-15 07:36:25,2026-09-15 07:48:25,12,2.28,4.0,paypal
TR2609150063201,CL103202,EN00284,trottinette,Nantes,ST1026,ST1022,15/09/2026 07:34,2026-09-15 07:41:46,7,1.14,2.54,cb
TR2609150063202,CL101351,EN00287,velo_elec,Nantes,ST1029,ST1023,2026-09-15 07:41:21,15/09/2026 07:50,9,2.89,3.25,cb
TR2609150063203,CL107103,EN00325,trottinette,Nantes,ST1030,ST1022,2026-09-15 07:39:10,2026-09-15 07:52:10,13,2.37,3.86,paypal
TR2609150063204,CL108588,EN00323,velo,nantes,ST1032,ST1022,1789450774,15/09/2026 07:47,8,2.37,2.2,abonnement
TR2609150063205,CL100565,EN00258,trottinette,Nantes,ST1033,ST1021,2026-09-15 07:37:01,2026-09-15 07:47:01,10,2.14,3.2,paypal
TR2609150063206,CL106352,EN00484,velo_elec,Lille,ST1037,ST1035,15/09/2026 07:44,2026-09-15 07:57:25,13,2.5,4.25,abonnement
TR2609150063207,CL105405,EN00495,trottinette,lille,ST1037,ST1036,2026-09-15 07:45:33,15/09/2026 08:01,16,4.85,4.52,cb
TR2609150063208,CL107517,EN00383,trottinette,LILLE,ST1042,ST1036,2026-09-15 07:45:53,2026-09-15 08:03:53,18,4.56,4.96,cb
TR2609150063209,CL101185,EN00456,trottinette,Lille,ST1043,ST1034,2026-09-15 07:41:24,15/09/2026 08:00,19,6.02,5.18,cb
TR2609150063210,CL106933,EN00412,trottinette,LILLE,ST1044,ST1036,2026-09-15 07:35:13,2026-09-15 07:40:13,5,0.95,2.1,cb
TR2609150063211,CL102763,EN00391,velo_elec,Lille,ST1044,ST1035,2026-09-15 07:42:04,2026-09-15 07:49:04,7,1.68,2.75,cb
TR2609150063212,CL103843,EN00392,velo_elec,Lille,ST1045,ST1042,2026-09-15 07:41:27,2026-09-15 07:46:27,5,1.14,2.25,
TR2609150063213,CL101462,EN00585,velo_elec,Grenoble,ST1050,ST1048,2026-09-15 07:38:59,2026-09-15 07:55:59,17,3.46,5.25,cb
TR2609150063214,CL107043,EN00575,trottinette,Grenoble,ST1050,ST1057,2026-09-15 07:36:46,2026-09-15 07:46:46,10,2.85,3.2,paypal
TR2609150063215,CL101120,EN00598,velo_elec,Grenoble,ST1050,ST1048,2026-09-15 07:36:36,2026-09-15 07:42:36,6,1.07,2.5,abonnement
TR2609150063216,CL101929,EN00565,trottinette,GRENOBLE,ST1051,ST1048,2026-09-15 07:33:46,15/09/2026 08:05,32,5.39,8.04,cb
TR2609150063217,CL107417,EN00519,velo_elec,GRENOBLE,ST1051,ST1049,2026-09-15 07:34:32,2026-09-15 07:45:32,11,2.63,3.75,abonnement
TR2609150063218,CL103531,EN00545,trottinette,Grenoble,ST1051,ST1048,2026-09-15 07:43:25,1789452025,17,3.84,4.74,cb
TR2609150063219,CL103618,EN00599,trottinette,Grenoble,ST1055,ST1049,15/09/2026 07:40,2026-09-15 07:57:23,17,2.8,4.74,cb
TR2609150063220,CL100525,EN00567,velo_elec,Grenoble,ST1055,ST1048,2026-09-15 07:36:51,15/09/2026 07:45,9,2.4,3.25,paypal
TR2609150063221,CL104798,EN00512,velo_elec,Grenoble,ST1056,ST1048,2026-09-15 07:43:25,1789451245,4,1.32,2.0,cb
TR2609150063222,CL107964,EN00579,trottinette,Grenoble,ST1057,ST1049,,2026-09-15 07:45:57,8,1.34,2.76,cb
TR2609150063223,CL100555,EN00518,trottinette,Grenoble,ST1057,ST1049,2026-09-15 07:31:42,2026-09-15 07:43:42,12,3.26,3.64,abonnement
TR2609150063224,CL101396,EN00511,trottinette,Grenoble ,ST1057,ST1048,15/09/2026 07:44,15/09/2026 08:00,16,2.71,4.52,cb
TR2609150063225,CL101522,EN00501,trottinette,Grenoble,ST1058,ST1048,2026-09-15 07:43:03,1789451283,5,1.09,2.1,cb
TR2609150063226,CL100777,EN00100,velo_elec,Lyon,ST1003,ST1007,15/09/2026 07:57,2026-09-15 08:13:48,16,5.54,5.0,cb
TR2609150063227,CL100006,EN00180,trottinette,lyon,ST1007,ST1003,2026-09-15 07:51:43,2026-09-15 07:58:43,7,1.58,2.54,abonnement
TR2609150063228,CL104338,EN00138,velo_elec,Lyon,ST1007,ST1019,2026-09-15 07:57:39,2026-09-15 08:09:39,12,3.09,4.0,abonnement
TR2609150063229,CL108831,EN00139,velo_elec,Lyon,ST1008,ST1002,2026-09-15 07:59:30,1789452150,3,0.85,1.75,abonnement
TR2609150063230,CL108820,EN00028,trottinette,Lyon,ST1008,ST1005,2026-09-15 07:50:49,2026-09-15 08:04:49,14,3.47,4.08,abonnement
TR2609150063231,CL103460,EN00210,trottinette,Lyon,ST1009,ST1002,15/09/2026 07:54,2026-09-15 08:31:06,37,12.51,9.14,abonnement
TR2609150063232,CL108323,EN00037,trottinette,Lyon,ST1009,ST1004,2026-09-15 07:46:17,1789451717,9,1.75,2.98,abonnement
TR2609150063233,CL101589,EN00183,velo_elec,Lyon,ST1010,ST1014,2026-09-15 07:49:30,15/09/2026 08:02,13,2.97,4.25,abonnement
TR2609150063234,CL104630,EN00153,velo_elec,Lyon,ST1010,ST1001,15/09/2026 07:55,2026-09-15 08:14:04,19,3.42,5.75,abonnement
TR2609150063235,CL101051,EN00036,velo_elec,Lyon,ST1011,ST1009,2026-09-15 07:49:43,15/09/2026 08:24,35,8.49,9.75,cb
TR2609150063236,CL103811,EN00008,trottinette,Lyon,ST1011,ST1019,2026-09-15 07:47:16,,10,2.61,3.2,abonnement
TR2609150063237,CL104597,EN00174,velo_elec,Lyon,ST1014,ST1004,2026-09-15 07:46:51,1789452111,15,4.71,4.75,cb
TR2609150063238,CL108613,EN00004,velo_elec,Lyon,ST1017,ST1003,,2026-09-15 08:10:49,22,3.8,6.5,paypal
TR2609150063239,CL107979,EN00132,trottinette,Lyon,ST1017,ST1008,,1789452294,4,0.66,1.88,abonnement
TR2609150063240,CL102029,EN00058,velo_elec,Lyon,ST1019,ST9209,2026-09-15 07:54:44,2026-09-15 08:12:44,18,5.29,5.5,abonnement
TR2609150063241,CL106849,EN00288,trottinette,Nantes,ST1026,ST1024,2026-09-15 07:48:17,2026-09-15 07:53:17,5,1.6,2.1,cb
TR2609150063242,CL108143,EN00249,velo_elec,Nantes,ST1028,ST1021,1789451894,2026-09-15 08:18:14,20,3.97,6.0,abonnement
TR2609150063243,CL107533,EN00280,trottinette,Nantes,ST1030,ST1031,,1789452353,11,1.86,3.42,abonnement
TR2609150063244,CL106994,EN00343,velo,Nantes,ST1031,ST1022,2026-09-15 07:57:56,2026-09-15 08:08:56,11,2.47,2.65,cb
TR2609150063245,CL107351,EN00346,velo,Nantes,ST1031,ST1022,2026-09-15 07:54:41,15/09/2026 08:45,51,13.29,8.65,abonnement
TR2609150063246,CL100417,EN00275,velo,NANTES,ST1032,ST1022,15/09/2026 07:47,2026-09-15 08:06:20,19,3.13,3.85,abonnement
TR2609150063247,CL104812,EN00266,velo_elec,Nantes,ST1033,ST1022,2026-09-15 07:50:36,2026-09-15 07:56:36,6,1.46,2.5,paypal
TR2609150063248,CL103379,EN00373,velo_elec,Lille,ST1034,ST1042,2026-09-15 07:50:27,2026-09-15 07:55:27,5,1.42,2.25,abonnement
TR2609150063249,CL105508,EN00405,trottinette,Lille,ST1034,ST1038,2026-09-15 07:59:23,2026-09-15 08:03:23,4,0.86,1.88,cb
TR2609150063250,CL108409,EN00409,trottinette,Lille,ST1039,ST1035,2026-09-15 07:49:14,2026-09-15 08:15:14,26,4.98,6.72,cb
TR2609150063251,CL106446,EN00477,trottinette,Lille,ST1041,ST1034,15/09/2026 07:51,,13,3.52,3.86,cb
TR2609150063252,CL103865,EN00392,velo_elec,Lille,ST1042,ST1036,2026-09-15 07:56:45,2026-09-15 08:14:45,18,5.3,5.5,paypal
TR2609150063253,CL106074,EN00388,velo_elec,Lille,ST1044,ST1035,2026-09-15 07:48:56,2026-09-15 07:54:56,6,1.58,2.5,paypal
TR2609150063254,CL108920,EN00408,velo_elec,Lille,ST1044,ST1044,2026-09-15 07:52:52,15/09/2026 07:56,4,0.74,2.0,paypal
TR2609150063255,CL107430,EN00479,trottinette,Lille,ST1046,ST1043,2026-09-15 07:58:13,1789453333,24,5.56,6.28,abonnement
TR2609150063256,CL102036,EN00526,velo_elec,Grenoble,ST1048,ST1056,1789451267,2026-09-15 08:13:47,26,5.39,7.5,abonnement
TR2609150063257,CL100555,EN00577,velo_elec,Grenoble,ST1050,ST1050,2026-09-15 07:55:50,15/09/2026 07:57,2,0.5,1.5,cb
TR2609150063258,CL100754,EN00508,trottinette,Grenoble,ST1051,ST1051,2026-09-15 07:59:30,2026-09-15 08:02:30,3,0.89,1.66,cb
TR2609150063259,CL105167,EN00566,trottinette,GRENOBLE,ST1052,ST1048,2026-09-15 07:47:35,2026-09-15 07:55:35,8,1.86,2.76,cb
TR2609150063260,CL103506,EN00547,trottinette,Grenoble,ST1052,ST1052,2026-09-15 07:58:59,2026-09-15 08:19:59,21,5.0,5.62,cb
TR2609150063261,CL102569,EN00559,trottinette,Grenoble,ST1054,ST1051,2026-09-15 07:57:00,15/09/2026 08:19,22,5.73,5.84,cb
TR2609150063262,CL104565,EN00578,velo_elec,Grenoble,ST1056,ST1054,2026-09-15 07:47:30,15/09/2026 08:05,18,5.14,5.5,cb
TR2609150063263,CL104379,EN00533,velo_elec,Grenoble,ST1056,ST1056,2026-09-15 07:59:59,2026-09-15 08:12:59,13,2.05,4.25,abonnement
TR2609150063264,CL100743,EN00509,trottinette,Grenoble,ST1058,ST1049,2026-09-15 07:54:57,2026-09-15 08:09:57,15,4.97,4.3,paypal
TR2609150063265,CL106031,EN00180,trottinette,Lyon,ST1003,ST1011,2026-09-15 08:12:15,1789453155,7,1.12,2.54,abonnement
TR2609150063266,CL101863,EN00162,velo_elec,Lyon,ST1003,ST1001,2026-09-15 08:07:32,2026-09-15 08:16:32,9,2.84,3.25,paypal
TR2609150063267,CL101868,EN00141,velo_elec,Lyon,ST1004,ST1010,1789452089,2026-09-15 08:19:29,18,3.07,5.5,abonnement
TR2609150063268,CL107158,EN00201,velo_elec,Lyon,ST1004,ST1002,2026-09-15 08:15:00,2026-09-15 08:19:00,4,0.75,2.0,cb
TR2609150063269,CL108651,EN00127,trottinette,Lyon,ST1006,ST1002,2026-09-15 08:03:29,2026-09-15 08:19:29,16,2.89,4.52,cb
TR2609150063270,CL107834,EN00035,velo_elec,Lyon,ST1007,ST1014,1789452444,2026-09-15 08:20:24,13,3.1,4.25,paypal
TR2609150063271,CL100389,EN00131,trottinette,Lyon,ST1009,ST1011,15/09/2026 08:14,2026-09-15 08:42:14,28,9.12,7.16,abonnement
TR2609150063272,CL104486,EN00029,velo_elec,Lyon,ST1010,ST1014,15/09/2026 08:06,2026-09-15 08:19:13,13,4.48,4.25,cb
TR2609150063273,CL107183,EN00074,trottinette,Lyon,ST1010,ST1004,2026-09-15 08:12:04,1789453504,13,3.55,3.86,cb
TR2609150063274,CL108362,EN00099,velo_elec,Lyon,ST1011,ST1003,2026-09-15 08:00:50,15/09/2026 08:05,5,1.25,2.25,abonnement
TR2609150063275,CL103786,EN00145,trottinette,Lyon,ST1012,ST1004,1789452783,,21,6.02,5.62,abonnement
TR2609150063276,CL103416,EN00081,velo_elec,Lyon,ST1013,ST1004,2026-09-15 08:13:37,1789453117,5,1.7,2.25,cb
TR2609150063277,CL103374,EN00150,trottinette,Lyon,ST1013,ST1003,2026-09-15 08:13:53,2026-09-15 08:18:53,5,0.85,2.1,abonnement
TR2609150063278,CL108998,EN00024,velo_elec,Lyon,ST1014,ST1006,1789452196,2026-09-15 08:16:16,13,3.0,4.25,cb
TR2609150063279,CL101261,EN00047,velo_elec,Lyon,ST1014,ST1003,2026-09-15 08:11:22,2026-09-15 08:37:22,26,8.47,7.5,cb
TR2609150063280,CL107700,EN00102,velo_elec,Lyon,ST1014,ST1001,2026-09-15 08:11:00,2026-09-15 08:14:00,3,0.99,1.75,cb
TR2609150063281,CL107782,EN00027,velo_elec,Lyon,ST1014,ST1002,2026-09-15 08:09:19,2026-09-15 08:17:19,8,2.11,3.0,paypal
TR2609150063282,CL107872,EN00019,trottinette,Lyon,ST1014,ST1018,2026-09-15 08:03:15,2026-09-15 08:12:15,9,2.51,2.98,cb
TR2609150063283,CL101456,EN00199,velo_elec,Lyon,ST1015,ST1014,2026-09-15 08:04:58,2026-09-15 08:15:58,11,2.25,3.75,cb
TR2609150063284,CL104476,EN00184,velo_elec,Lyon,ST1015,ST1008,1789452191,1789452611,7,1.89,2.75,paypal
TR2609150063285,CL102855,EN00121,trottinette,Lyon,ST1015,ST1004,15/09/2026 08:06,2026-09-15 08:16:30,10,3.01,3.2,abonnement
TR2609150063286,CL104820,EN00051,velo,Lyon,ST1017,ST1003,2026-09-15 08:02:45,2026-09-15 08:05:45,3,0.55,1.45,paypal
TR2609150063287,CL102307,EN00008,trottinette,Lyon,ST1019,ST1015,15/09/2026 08:02,2026-09-15 08:23:31,21,4.01,5.62,cb
TR2609150063288,CL102370,EN00287,velo_elec,nantes,ST1023,ST1033,2026-09-15 08:07:53,1789453553,18,3.07,5.5,abonnement
TR2609150063289,CL103262,EN00288,trottinette,NANTES,ST1024,ST1030,2026-09-15 08:05:45,2026-09-15 08:20:45,15,4.96,4.3,paypal
TR2609150063290,CL103982,EN00353,velo,Nantes,ST1031,ST1028,15/09/2026 08:10,2026-09-15 08:16:59,6,1.11,1.9,cb
TR2609150063291,CL102561,EN00320,velo,Nantes,ST1031,ST1031,1789452159,2026-09-15 08:16:39,14,2.19,3.1,cb
TR2609150063292,CL103062,EN00453,trottinette, Lille,ST1038,ST1034,,2026-09-15 08:17:54,5,1.34,2.1,abonnement
TR2609150063293,CL102989,EN00414,velo_elec,Lille,ST1042,ST1036,2026-09-15 08:11:34,2026-09-15 08:35:34,24,3.65,7.0,cb
TR2609150063294,CL106108,EN00373,velo_elec,Lille,ST1042,ST1036,2026-09-15 08:09:45,1789454205,27,7.3,7.75,cb
TR2609150063295,CL100937,EN00362,velo_elec,Lille,ST1042,ST1044,2026-09-15 08:11:53,2026-09-15 08:25:53,14,3.57,4.5,cb
TR2609150063296,CL103813,EN00470,trottinette, Lille,ST1042,ST1039,2026-09-15 08:07:14,2026-09-15 08:14:14,7,1.23,2.54,cb
TR2609150063297,CL105307,EN00440,trottinette,Lille,ST1043,ST1035,2026-09-15 08:12:00,2026-09-15 08:32:00,20,6.27,5.4,cb
TR2609150063298,CL106931,EN00369,velo,Lille,ST1043,ST1046,2026-09-15 08:10:58,2026-09-15 08:23:58,13,2.16,2.95,abonnement
TR2609150063299,CL106887,EN00408,velo_elec,Lille,ST1044,ST1035,2026-09-15 08:15:29,2026-09-15 08:24:29,9,1.52,3.25,abonnement
TR2609150063300,CL107360,EN00434,velo_elec, Lille,ST1045,ST1035,2026-09-15 08:12:19,2026-09-15 08:19:19,7,1.19,2.75,cb
TR2609150063301,CL105954,EN00406,velo_elec,Lille,ST1046,ST1035,2026-09-15 08:13:13,2026-09-15 08:30:13,17,4.71,5.25,cb
TR2609150063302,CL100388,EN00438,trottinette, Lille,ST1047,ST1045,1789452581,1789453001,7,2.0,2.54,paypal
TR2609150063303,CL104450,EN00577,velo_elec,Grenoble,ST1050,ST1055,15/09/2026 08:06,15/09/2026 08:14,8,2.01,3.0,cb
TR2609150063304,CL101623,EN00537,velo_elec,Grenoble,ST1051,ST1049,2026-09-15 08:07:42,2026-09-15 08:21:42,14,3.9,4.5,abonnement
TR2609150063305,CL104003,EN00530,velo_elec,Grenoble,ST1051,ST1058,2026-09-15 08:05:46,2026-09-15 08:20:46,15,2.37,4.75,cb
TR2609150063306,CL108517,EN00539,velo_elec,Grenoble,ST1055,ST1048,2026-09-15 08:12:01,1789453021,5,1.0,2.25,paypal
TR2609150063307,CL107980,EN00580,velo_elec,Grenoble,ST1055,ST1049,2026-09-15 08:13:09,2026-09-15 08:34:09,21,7.3,6.25,abonnement
TR2609150063308,CL100222,EN00587,trottinette,Grenoble,ST1056,ST1048,2026-09-15 08:03:59,2026-09-15 08:21:59,18,3.57,4.96,cb
TR2609150063309,CL102656,EN00575,trottinette,Grenoble,ST1057,ST1049,2026-09-15 08:07:05,2026-09-15 08:09:05,2,0.32,1.44,cb
TR2609150063310,CL107823,EN00562,velo,Grenoble,ST1057,ST1049,2026-09-15 08:11:24,2026-09-15 08:22:24,11,2.53,2.65,paypal
TR2609150063311,CL108093,EN00028,trottinette,Lyon,ST1005,ST1007,2026-09-15 08:23:41,2026-09-15 08:29:41,6,1.58,2.32,paypal
TR2609150063312,CL107220,EN00100,velo_elec,Lyon ,ST1007,ST1015,2026-09-15 08:25:37,2026-09-15 08:41:37,16,4.31,5.0,paypal
TR2609150063313,CL104768,EN00067,velo_elec,Lyon,ST1009,ST1005,2026-09-15 08:24:03,15/09/2026 08:28,4,1.24,2.0,cb
TR2609150063314,CL106402,EN00049,trottinette,Lyon,ST1009,ST1002,2026-09-15 08:29:56,2026-09-15 08:57:56,28,8.6,7.16,cb
TR2609150063315,CL103874,EN00052,trottinette,Lyon,ST1010,ST1003,15/09/2026 08:24,15/09/2026 08:47,23,6.36,6.06,cb
TR2609150063316,CL106209,EN00134,velo,Lyon,ST1010,ST1004,15/09/2026 08:24,2026-09-15 08:35:30,11,3.29,2.65,abonnement
TR2609150063317,CL107735,EN00189,trottinette,Lyon,ST1011,ST1003,,15/09/2026 08:47,20,3.09,5.4,paypal
TR2609150063318,CL100869,EN00203,trottinette,Lyon,ST1011,ST1001,15/09/2026 08:28,2026-09-15 09:00:36,32,6.16,8.04,paypal
TR2609150063319,CL106983,EN00071,velo_elec,Lyon,ST1012,ST1001,2026-09-15 08:27:30,15/09/2026 08:37,10,2.99,3.5,cb
TR2609150063320,CL107253,EN00173,velo_elec,Lyon,ST1014,ST1001,2026-09-15 08:17:34,2026-09-15 08:35:34,18,3.9,5.5,cb
TR2609150063321,CL108993,EN00146,trottinette,LYON,ST1015,ST1004,2026-09-15 08:28:46,2026-09-15 08:38:46,10,2.3,3.2,cb
TR2609150063322,CL101599,EN00148,velo,Lyon,ST1017,ST1004,2026-09-15 08:21:19,2026-09-15 08:27:19,6,0.98,1.9,abonnement
TR2609150063323,CL103410,EN00138,velo_elec,Lyon,ST1019,ST1001,2026-09-15 08:28:54,2026-09-15 08:52:54,24,6.86,7.0,paypal
TR2609150063324,CL104245,EN00206,velo_elec,Lyon,ST1019,ST1002,15/09/2026 08:17,2026-09-15 08:29:14,12,3.05,4.0,cb
TR2609150063325,CL103279,EN00340,velo_elec,Nantes,ST1020,ST1026,2026-09-15 08:27:27,2026-09-15 08:34:27,7,2.08,2.75,cb
TR2609150063326,CL107610,EN00238,velo_elec,Nantes,ST1025,ST1021,2026-09-15 08:16:11,2026-09-15 08:25:11,9,2.34,3.25,cb
TR2609150063327,CL102827,EN00292,velo_elec,NANTES,ST1025,ST1022,2026-09-15 08:20:48,2026-09-15 08:29:48,9,2.65,3.25,abonnement
TR2609150063328,CL108287,EN00286,velo_elec,Nantes,ST1026,ST1027,2026-09-15 08:21:10,2026-09-15 08:30:10,9,2.06,3.25,cb
TR2609150063329,CL103149,EN00319,velo_elec,Nantes,ST1030,ST1020,2026-09-15 08:22:25,2026-09-15 09:34:25,72,24.64,19.0,cb
TR2609150063330,CL100236,EN00280,trottinette,Nantes,ST1031,ST1022,2026-09-15 08:15:57,2026-09-15 08:26:57,11,3.31,3.42,abonnement
TR2609150063331,CL102306,EN00350,velo,Nantes,ST1032,ST1032,1789453616,1789453916,5,1.66,1.75,paypal
TR2609150063332,CL104420,EN00267,trottinette,nantes,ST1033,ST1020,,2026-09-15 08:39:01,12,2.81,3.64,cb
TR2609150063333,CL107589,EN00385,velo_elec,Lille,ST1034,ST1047,2026-09-15 08:15:58,2026-09-15 08:30:58,15,4.93,4.75,abonnement
TR2609150063334,CL105895,EN00477,trottinette,Lille,ST1034,ST1038,2026-09-15 08:25:46,2026-09-15 08:48:46,23,5.84,6.06,cb
TR2609150063335,CL103519,EN00405,trottinette,Lille,ST1038,ST1034,2026-09-15 08:19:39,1789453959,13,3.0,3.86,cb
TR2609150063336,CL106957,EN00404,trottinette,Lille,ST1039,ST1035,15/09/2026 08:24,2026-09-15 08:30:28,6,1.22,2.32,cb
TR2609150063337,CL107788,EN00470,trottinette,Lille,ST1039,ST1044,2026-09-15 08:17:38,2026-09-15 08:57:38,40,10.21,9.8,cb
TR2609150063338,CL105015,EN00415,trottinette,Lille,ST1039,ST1041,2026-09-15 08:27:57,2026-09-15 08:56:57,29,9.25,7.38,cb
TR2609150063339,CL101250,EN00425,velo_elec,Lille,ST1041,ST1037,15/09/2026 08:21,2026-09-15 08:37:03,16,4.78,5.0,cb
TR2609150063340,CL100898,EN00492,velo_elec,Lille,ST1041,ST1036,15/09/2026 08:28,15/09/2026 08:45,17,4.8,5.25,cb
TR2609150063341,CL101029,EN00473,trottinette,Lille,ST1041,ST1041,2026-09-15 08:28:29,2026-09-15 08:53:29,25,5.39,6.5,cb
TR2609150063342,CL108363,EN00493,velo_elec,Lille,ST1044,ST1046,,15/09/2026 08:27,9,1.73,3.25,abonnement
TR2609150063343,CL107169,EN00468,trottinette,Lille,ST1044,ST1036,2026-09-15 08:30:19,2026-09-15 08:42:19,12,3.38,3.64,cb
TR2609150063344,CL101803,EN00396,velo_elec,Lille,ST1047,ST1035,2026-09-15 08:16:18,2026-09-15 08:31:18,15,5.12,4.75,cb
TR2609150063345,CL106155,EN00566,trottinette,Grenoble,ST1048,ST1055,2026-09-15 08:22:49,2026-09-15 08:32:49,10,2.05,3.2,
TR2609150063346,CL106936,EN00546,trottinette,Grenoble,ST1049,ST1051,2026-09-15 08:23:20,2026-09-15 08:25:20,2,0.37,1.44,cb
TR2609150063347,CL101520,EN00593,trottinette,Grenoble,ST1050,ST1048,2026-09-15 08:18:14,2026-09-15 08:25:14,7,2.26,2.54,abonnement
TR2609150063348,CL107180,EN00507,trottinette,Grenoble,ST1052,ST1049,2026-09-15 08:22:15,2026-09-15 08:30:15,8,2.23,2.76,abonnement
TR2609150063349,CL102408,EN00549,velo_elec,Grenoble,ST1053,ST1049,2026-09-15 08:22:18,15/09/2026 08:38,16,5.57,5.0,abonnement
TR2609150063350,CL108761,EN00578,velo_elec,Grenoble,ST1054,ST1058,2026-09-15 08:23:24,2026-09-15 08:39:24,16,4.5,5.0,abonnement
TR2609150063351,CL108086,EN00516,velo_elec,Grenoble,ST1055,ST1052,2026-09-15 08:16:57,2026-09-15 08:28:57,12,2.57,4.0,abonnement
TR2609150063352,CL107288,EN00535,velo_elec,Grenoble,ST1055,ST1053,2026-09-15 08:29:28,2026-09-15 08:41:28,12,2.37,4.0,abonnement
TR2609150063353,CL104397,EN00592,velo_elec,Grenoble,ST1058,ST1048,15/09/2026 08:22,2026-09-15 08:40:36,18,3.71,5.5,cb
TR2609150063354,CL108761,EN00588,velo_elec,Grenoble,ST1058,ST1048,2026-09-15 08:26:41,2026-09-15 09:25:41,59,17.33,15.75,abonnement
TR2609150063355,CL104076,EN00044,trottinette,Lyon,ST1002,ST1008,2026-09-15 08:43:04,2026-09-15 08:57:04,14,4.87,4.08,cb
TR2609150063356,CL108238,EN00204,velo_elec,Lyon,ST1002,ST1006,2026-09-15 08:36:15,2026-09-15 09:14:15,38,9.65,10.5,cb
TR2609150063357,CL106948,EN00201,velo_elec,Lyon,ST1002,ST1014,2026-09-15 08:42:59,,24,6.1,7.0,cb
TR2609150063358,CL107310,EN00093,velo_elec,Lyon,ST1003,ST1011,2026-09-15 08:37:36,2026-09-15 09:13:36,36,6.36,10.0,abonnement
TR2609150063359,CL101022,EN00075,trottinette,Lyon,ST1004,ST1018,2026-09-15 08:36:50,15/09/2026 09:02,26,5.56,6.72,abonnement
TR2609150063360,CL104731,EN00067,velo_elec,Lyon,ST1005,ST1002,15/09/2026 08:42,1789455401,14,4.48,4.5,cb
TR2609150063361,CL102899,EN00053,trottinette,Lyon,ST1006,ST1002,15/09/2026 08:44,2026-09-15 09:01:17,17,3.84,4.74,abonnement
TR2609150063362,CL104089,EN00028,trottinette,Lyon,ST1007,ST1014,2026-09-15 08:31:39,2026-09-15 08:42:39,11,2.91,3.42,cb
TR2609150063363,CL105087,EN00073,velo_elec,Lyon,ST1007,ST1012,2026-09-15 08:40:16,2026-09-15 08:48:16,8,1.65,3.0,cb
TR2609150063364,CL107150,EN00184,velo_elec,Lyonn,ST1008,ST1002,,2026-09-15 08:58:01,17,4.25,5.25,paypal
TR2609150063365,CL105099,EN00141,velo_elec,Lyon,ST1010,ST1004,2026-09-15 08:36:52,2026-09-15 08:45:52,9,1.41,3.25,abonnement
TR2609150063366,CL104654,EN00220,velo_elec,Lyon,ST1012,ST1002,15/09/2026 08:40,2026-09-15 08:52:51,12,2.32,4.0,abonnement
TR2609150063367,CL106329,EN00105,velo_elec,Lyon,ST1012,ST1009,2026-09-15 08:44:00,2026-09-15 08:59:00,15,5.24,4.75,cb
TR2609150063368,CL103298,EN00161,velo_elec,Lyon ,ST1012,ST1005,2026-09-15 08:31:46,2026-09-15 08:49:46,18,4.54,5.5,abonnement
TR2609150063369,CL105635,EN00001,velo_elec,Lyon,ST1013,ST1005,2026-09-15 08:44:42,2026-09-15 08:47:42,3,0.62,1.75,
TR2609150063370,CL104302,EN00199,velo_elec,Lyon,ST1014,ST1002,2026-09-15 08:34:07,2026-09-15 08:43:07,9,2.06,3.25,cb
TR2609150063371,CL105709,EN00035,velo_elec,LYON,ST1014,ST1019,15/09/2026 08:34,2026-09-15 08:57:54,23,5.39,6.75,cb
TR2609150063372,CL107898,EN00163,trottinette,Lyon,ST1015,ST1001,15/09/2026 08:35,15/09/2026 08:52,17,4.99,4.74,abonnement
TR2609150063373,CL104765,EN00069,trottinette,Lyon,ST1016,ST1004,2026-09-15 08:40:17,2026-09-15 08:46:17,6,1.15,2.32,
TR2609150063374,CL103488,EN00019,trottinette,Lyon,ST1018,ST1001,1789454326,2026-09-15 08:46:46,8,1.43,2.76,cb
TR2609150063375,CL105632,EN00048,velo,Lyon,ST1019,ST1003,,,7,1.51,2.05,abonnement
TR2609150063376,CL102500,EN00233,velo_elec,Nante,ST1024,ST1026,2026-09-15 08:31:11,2026-09-15 08:42:11,11,3.27,3.75,cb
TR2609150063377,CL104335,EN00222,velo_elec,Nantes,ST1025,ST1021,2026-09-15 08:31:44,2026-09-15 08:36:44,5,1.73,2.25,abonnement
TR2609150063378,CL101107,EN00244,trottinette,Nantes,ST1025,ST1021,2026-09-15 08:44:29,1789455089,7,1.75,2.54,abonnement
TR2609150063379,CL101923,EN00245,velo_elec,Nantes,ST1025,ST1022,2026-09-15 08:34:57,2026-09-15 08:41:57,7,1.11,2.75,cb
TR2609150063380,CL104446,EN00295,velo_elec,nantes,ST1028,ST1028,2026-09-15 08:38:39,2026-09-15 09:01:39,23,4.69,6.75,cb
TR2609150063381,CL108304,EN00288,trottinette,Nantes,ST1030,ST1020,2026-09-15 08:31:56,2026-09-15 08:49:56,18,5.58,4.96,abonnement
TR2609150063382,CL103719,EN00320,velo,Nantes,ST1031,ST1021,2026-09-15 08:31:00,15/09/2026 08:39,8,1.59,2.2,cb
TR2609150063383,CL106185,EN00444,trottinette,Lille,ST1040,ST1043,2026-09-15 08:44:11,15/09/2026 08:53,9,2.51,2.98,abonnement
TR2609150063384,CL102882,EN00381,trottinette,Lille,ST1040,ST1036,2026-09-15 08:33:13,2026-09-15 08:44:13,11,3.73,3.42,abonnement
TR2609150063385,CL105958,EN00435,trottinette,Lille,ST1041,ST1034,2026-09-15 08:36:59,2026-09-15 08:47:59,11,1.85,3.42,abonnement
TR2609150063386,CL106544,EN00457,velo,Lille,ST1041,ST1034,15/09/2026 08:37,2026-09-15 08:49:08,12,3.83,2.8,abonnement
TR2609150063387,CL104071,EN00497,velo,Lille,ST1041,ST1035,15/09/2026 08:39,2026-09-15 08:55:16,16,3.73,3.4,cb
TR2609150063388,CL101562,EN00479,trottinette,Lille,ST1043,ST1034,2026-09-15 08:40:45,15/09/2026 08:45,5,1.2,2.1,cb
TR2609150063389,CL106866,EN00467,velo_elec,Lille,ST1044,ST1036,2026-09-15 08:38:48,2026-09-15 08:54:48,16,4.28,5.0,cb
TR2609150063390,CL106543,EN00438,trottinette,Lille,ST1045,ST1043,15/09/2026 08:42,2026-09-15 08:52:28,10,3.06,3.2,paypal
TR2609150063391,CL108234,EN00493,velo_elec,Lille,ST1046,ST1035,2026-09-15 08:45:52,2026-09-15 08:52:52,7,2.28,2.75,paypal
TR2609150063392,CL100347,EN00385,velo_elec,Lille,ST1047,ST1034,,15/09/2026 08:41,11,1.85,3.75,abonnement
TR2609150063393,CL101000,EN00516,velo_elec,Grenoble,ST1052,ST1049,2026-09-15 08:44:23,2026-09-15 08:56:23,12,2.69,4.0,abonnement
TR2609150063394,CL102554,EN00547,trottinette,Grenoble,ST1052,ST1049,2026-09-15 08:44:50,,6,0.9,2.32,abonnement
TR2609150063395,CL100086,EN00570,trottinette,Grenoble,ST1057,ST1049,2026-09-15 08:45:13,15/09/2026 09:07,22,4.32,5.84,abonnement
TR2609150063396,CL107566,EN00530,velo_elec,Grenoble,ST1058,ST1048,2026-09-15 08:42:47,2026-09-15 08:46:47,4,0.9,2.0,cb
TR2609150063397,CL105461,EN00552,trottinette,Grenoble,ST1058,ST1053,2026-09-15 08:42:30,2026-09-15 08:50:30,8,1.61,2.76,cb
TR2609150063398,CL104998,EN00074,trottinette,Lyon,ST1004,ST1007,2026-09-15 08:47:27,2026-09-15 09:06:27,19,5.67,5.18,cb
TR2609150063399,CL101903,EN00024,velo_elec,Lyon,ST1006,ST1001,2026-09-15 08:52:21,2026-09-15 09:20:21,28,6.11,8.0,cb
TR2609150063400,CL106100,EN00132,trottinette,Lyon,ST1008,ST1006,2026-09-15 08:47:36,2026-09-15 09:20:36,33,8.24,8.26,cb
TR2609150063401,CL108336,EN00070,trottinette,Lyon,ST1008,ST1013,2026-09-15 08:53:41,2026-09-15 09:29:41,36,6.94,8.92,cb
TR2609150063402,CL104597,EN00185,trottinette,lyon,ST1008,ST1004,2026-09-15 08:57:56,1789456376,15,4.89,4.3,abonnement
TR2609150063403,CL102672,EN00064,velo,Lyon,ST1010,ST1015,15/09/2026 08:58,2026-09-15 09:23:59,25,8.29,4.75,cb
TR2609150063404,CL103213,EN00180,trottinette,Lyon,ST1011,ST1019,2026-09-15 08:52:55,2026-09-15 08:55:55,3,0.77,1.66,cb
TR2609150063405,CL106390,EN00181,velo_elec,Lyon,ST1011,ST1004,2026-09-15 08:56:16,1789456276,15,4.36,4.75,cb
TR2609150063406,CL101574,EN00005,velo_elec,Lyon,ST1014,ST1004,15/09/2026 08:50,2026-09-15 09:22:15,32,10.38,9.0,cb
TR2609150063407,CL101833,EN00194,velo_elec,Lyon,ST1014,ST1017,2026-09-15 08:50:29,2026-09-15 08:58:29,8,2.43,3.0,cb
TR2609150063408,CL108754,EN00100,velo_elec,Lyon,ST1015,ST1006,15/09/2026 08:55,2026-09-15 09:16:06,21,5.67,6.25,cb
TR2609150063409,CL101685,EN00209,velo_elec,Lyon,ST1016,ST1013,2026-09-15 08:51:59,2026-09-15 09:05:59,14,2.11,4.5,cb
TR2609150063410,CL105764,EN00256,velo_elec,Nantes,ST1024,ST1020,2026-09-15 08:54:39,1789456179,15,4.45,4.75,cb
TR2609150063411,CL107737,EN00299,trottinette,Nantes,ST1025,ST1028,2026-09-15 08:52:11,2026-09-15 09:08:11,16,5.41,4.52,cb
TR2609150063412,CL104425,EN00339,velo_elec,Nantes,ST1027,ST1030,2026-09-15 08:46:36,15/09/2026 08:52,6,1.48,2.5,cb
TR2609150063413,CL103311,EN00289,trottinette,Nantes,ST1033,ST1031,15/09/2026 08:53,2026-09-15 09:03:32,10,3.31,3.2,paypal
TR2609150063414,CL108842,EN00425,velo_elec,Lille,ST1037,ST1034,2026-09-15 08:53:38,15/09/2026 09:02,9,1.39,3.25,cb
TR2609150063415,CL100792,EN00379,velo_elec,Lille,ST1040,ST1040,2026-09-15 08:54:28,2026-09-15 09:06:28,12,3.72,4.0,abonnement
TR2609150063416,CL100535,EN00424,velo_elec,Lille,ST1040,ST1046,2026-09-15 08:48:03,15/09/2026 08:55,7,1.59,2.75,cb
TR2609150063417,CL100227,EN00400,trottinette,Lille,ST1040,ST1043,2026-09-15 08:53:43,2026-09-15 09:11:43,18,4.98,4.96,cb
TR2609150063418,CL103063,EN00469,velo,Lille,ST1041,ST1036,1789455360,2026-09-15 09:09:00,13,2.6,2.95,paypal
TR2609150063419,CL101009,EN00431,velo,Lille,ST1045,ST1035,2026-09-15 08:48:08,2026-09-15 09:08:08,20,4.44,4.0,paypal
TR2609150063420,CL105215,EN00423,velo_elec,Lille,ST1046,ST1036,2026-09-15 08:52:54,2026-09-15 09:08:54,16,3.79,5.0,cb
TR2609150063421,CL102534,EN00366,trottinette,Lille,ST1046,ST1037,2026-09-15 08:51:22,15/09/2026 08:57,6,1.3,2.32,cb
TR2609150063422,CL103063,EN00498,trottinette,Lille,ST1046,ST1038,1789454952,2026-09-15 09:11:12,22,7.32,5.84,paypal
TR2609150063423,CL100049,EN00393,trottinette,Lille,ST1047,ST1034,2026-09-15 08:50:02,2026-09-15 08:58:02,8,1.55,2.76,abonnement
TR2609150063424,CL100517,EN00539,velo_elec,Grenoble,ST1048,ST1056,2026-09-15 08:47:22,2026-09-15 08:54:22,7,2.08,2.75,cb
TR2609150063425,CL105962,EN00529,velo,Grenoble,ST1050,ST1054,2026-09-15 08:55:56,15/09/2026 09:09,14,4.69,3.1,cb
TR2609150063426,CL104086,EN00531,trottinette,Grenoble,ST1051,ST1053,2026-09-15 08:51:25,2026-09-15 09:09:25,18,4.13,4.96,cb
TR2609150063427,CL102483,EN00535,velo_elec,Grenoble,ST1053,ST1057,2026-09-15 08:59:06,15/09/2026 09:10,11,2.51,3.75,cb
TR2609150063428,CL104790,EN00526,velo_elec,Grenoble,ST1056,ST1048,2026-09-15 08:50:19,2026-09-15 08:57:19,7,2.0,2.75,cb
TR2609150063429,CL100512,EN00572,velo,Grenoble,ST1056,ST1049,2026-09-15 08:50:35,15/09/2026 09:06,16,3.25,3.4,paypal
TR2609150063430,CL103212,EN00557,velo,Grenoble,ST1058,ST1049,15/09/2026 08:55,,9,2.67,2.35,cb
TR2609150063431,CL103299,EN00510,velo,Grenoble,ST1058,ST1050,15/09/2026 08:53,15/09/2026 08:59,6,2.09,1.9,cb
TR2609150063432,CL108114,EN00210,trottinette,Lyon,ST1002,ST1014,2026-09-15 09:01:25,2026-09-15 09:18:25,17,5.81,4.74,abonnement
TR2609150063433,CL100884,EN00001,velo_elec,Lyon,ST1005,ST1004,15/09/2026 09:05,2026-09-15 09:13:35,8,1.57,3.0,cb
TR2609150063434,CL107252,EN00117,trottinette,Lyonn,ST1006,ST1010,1789456118,2026-09-15 09:17:38,9,1.63,2.98,abonnement
TR2609150063435,CL100484,EN00175,trottinette,Lyon,ST1007,ST1001,2026-09-15 09:01:32,2026-09-15 09:08:32,7,1.29,2.54,abonnement
TR2609150063436,CL104561,EN00044,trottinette,Lyon,ST1008,ST1001,2026-09-15 09:15:13,15/09/2026 09:25,10,2.48,3.2,cb
TR2609150063437,CL100394,EN00105,velo_elec,Lyon,ST1009,ST1004,15/09/2026 09:01,2026-09-15 09:22:38,21,4.55,6.25,paypal
TR2609150063438,CL107306,EN00079,velo_elec,Lyon,ST1014,ST1002,2026-09-15 09:05:45,15/09/2026 09:12,7,1.54,2.75,cb
TR2609150063439,CL102598,EN00180,trottinette,Lyonn,ST1019,ST1017,15/09/2026 09:04,2026-09-15 09:27:28,23,5.24,6.06,cb
TR2609150063440,CL102827,EN00333,trottinette,Nantes,ST1026,ST1021,2026-09-15 09:15:26,2026-09-15 09:28:26,13,3.6,3.86,
TR2609150063441,CL108860,EN00321,velo_elec,Nantes,ST1027,ST1027,,2026-09-15 09:19:08,7,2.39,2.75,cb
TR2609150063442,CL105188,EN00221,velo_elec,Nantes,ST1028,ST1022,2026-09-15 09:00:25,2026-09-15 09:08:25,8,2.04,3.0,paypal
TR2609150063443,CL107196,EN00350,velo,Nantes,ST1032,ST1021,2026-09-15 09:11:23,2026-09-15 09:58:23,47,13.62,8.05,cb
TR2609150063444,CL104778,EN00368,trottinette,Lille,ST1034,ST1047,2026-09-15 09:01:27,2026-09-15 09:09:27,8,2.62,2.76,cb
TR2609150063445,CL107479,EN00366,trottinette,Lille,ST1037,ST1037,2026-09-15 09:08:53,2026-09-15 09:25:53,17,2.92,4.74,abonnement
TR2609150063446,CL104994,EN00477,trottinette,Lille,ST1038,ST1044,2026-09-15 09:09:53,2026-09-15 09:33:53,24,6.03,6.28,cb
TR2609150063447,CL101259,EN00499,velo,Lille,ST1039,ST1036,15/09/2026 09:05,2026-09-15 09:33:51,28,5.79,5.2,cb
TR2609150063448,CL105355,EN00454,velo,Lille,ST1040,ST1042,15/09/2026 09:02,15/09/2026 09:06,4,0.95,1.6,cb
TR2609150063449,CL100099,EN00549,velo_elec,Grenoble,ST1049,ST1053,15/09/2026 09:11,2026-09-15 09:28:12,17,2.71,5.25,abonnement
TR2609150063450,CL103130,EN00579,trottinette,Grenoble ,ST1049,ST1048,2026-09-15 09:08:42,2026-09-15 09:23:42,15,4.36,4.3,paypal
TR2609150063451,CL102479,EN00510,velo,Grenoble,ST1050,ST1049,15/09/2026 09:14,2026-09-15 09:20:35,6,1.98,1.9,cb
TR2609150063452,CL103792,EN00546,trottinette,Grenoble,ST1051,ST1049,2026-09-15 09:07:10,2026-09-15 09:21:10,14,3.69,4.08,cb
TR2609150063453,CL106660,EN00566,trottinette,Grenoble,ST1055,ST1048,15/09/2026 09:13,2026-09-15 09:24:34,11,1.92,3.42,abonnement
TR2609150063454,CL106056,EN00153,velo_elec,Lyon,ST1001,ST1011,2026-09-15 09:26:24,2026-09-15 09:31:24,5,1.33,2.25,abonnement
TR2609150063455,CL100644,EN00203,trottinette,lyon,ST1001,ST1007,2026-09-15 09:24:00,2026-09-15 09:38:00,14,4.58,4.08,cb
TR2609150063456,CL100510,EN00119,trottinette,Lyon,ST1008,ST1004,2026-09-15 09:17:28,2026-09-15 09:20:28,3,1.01,1.66,cb
TR2609150063457,CL104486,EN00036,velo_elec,Lyon,ST1009,ST1004,2026-09-15 09:27:58,2026-09-15 09:34:58,7,2.12,2.75,paypal
TR2609150063458,CL108388,EN00167,trottinette,Lyon,ST1016,ST1001,2026-09-15 09:18:20,1789457240,6811,1.8,2.98,cb
TR2609150063459,CL108318,EN00194,velo_elec,Lyon,ST1017,ST1002,2026-09-15 09:30:01,2026-09-15 09:41:01,11,1.76,3.75,cb
TR2609150063460,CL107616,EN00340,velo_elec,Nantes,ST1026,ST1026,15/09/2026 09:22,1789457497,9,1.63,3.25,cb
TR2609150063461,CL103285,EN00236,velo_elec,Nantes,ST1027,ST1022,2026-09-15 09:26:43,15/09/2026 09:41,15,3.4,4.75,paypal
TR2609150063462,CL102809,EN00289,trottinette,Nantes,ST1031,ST1028,15/09/2026 09:20,2026-09-15 09:27:20,7,1.3,2.54,cb
TR2609150063463,CL105992,EN00386,trottinette,LILLE,ST1038,ST1035,2026-09-15 09:23:28,2026-09-15 09:34:28,11,2.19,3.42,cb
TR2609150063464,CL100361,EN00377,trottinette,Lille,ST1041,ST1036,2026-09-15 09:18:32,1789458272,26,4.12,6.72,abonnement
TR2609150063465,CL108883,EN00447,velo,Lille,ST1041,ST1036,2026-09-15 09:27:13,1789457713,8,1.32,2.2,abonnement
TR2609150063466,CL105612,EN00426,trottinette,Lille,ST1042,ST1036,15/09/2026 09:19,2026-09-15 09:27:51,8,2.08,2.76,cb
TR2609150063467,CL103474,EN00363,velo_elec,Lille,ST1042,ST1036,2026-09-15 09:23:35,2026-09-15 09:32:35,9,2.22,3.25,cb
TR2609150063468,CL107420,EN00485,trottinette,LILLE,ST1042,ST1035,2026-09-15 09:16:29,2026-09-15 09:22:29,6,1.54,2.32,abonnement
TR2609150063469,CL103724,EN00444,trottinette,Lille,ST1043,ST1041,2026-09-15 09:25:16,2026-09-15 09:50:16,25,7.04,6.5,paypal
TR2609150063470,CL107140,EN00508,trottinette,Grenoble,ST1051,ST1048,2026-09-15 09:27:42,2026-09-15 09:38:42,11,3.22,3.42,paypal
TR2609150063471,CL103372,EN00531,trottinette,Grenoble ,ST1053,ST1049,15/09/2026 09:19,15/09/2026 09:25,6,1.28,2.32,cb
TR2609150063472,CL107741,EN00539,velo_elec,Grenoble,ST1056,ST1048,2026-09-15 09:24:40,2026-09-15 09:42:40,18,5.63,5.5,cb
TR2609150063473,CL102802,EN00161,velo_elec,Lyonn,ST1005,ST1001,1789457944,2026-09-15 09:51:04,12,3.08,4.0,abonnement
TR2609150063474,CL103382,EN00204,velo_elec,Lyon,ST1006,ST1018,2026-09-15 09:43:25,2026-09-15 10:13:25,30,10.45,8.5,cb
TR2609150063475,CL103281,EN00132,trottinette,Lyon,ST1006,ST1004,2026-09-15 09:40:27,2026-09-15 09:49:27,9,3.0,2.98,cb
TR2609150063476,CL103635,EN00074,trottinette,Lyon,ST1007,ST1010,2026-09-15 09:37:57,,15,4.82,4.3,abonnement
TR2609150063477,CL101200,EN00196,velo_elec,Lyon,ST1008,ST1001,1789458035,15/09/2026 09:48,8,1.66,3.0,abonnement
TR2609150063478,CL105087,EN00131,trottinette,Lyon,ST1011,ST1003,2026-09-15 09:39:35,15/09/2026 09:50,11,2.16,3.42,paypal
TR2609150063479,CL102943,EN00115,velo_elec,Lyon ,ST1012,ST1013,2026-09-15 09:37:17,15/09/2026 09:41,4,0.65,2.0,cb
TR2609150063480,CL106606,EN00009,velo_elec,Lyon,ST1012,ST1010,2026-09-15 09:40:08,2026-09-15 09:50:08,10,2.7,3.5,abonnement
TR2609150063481,CL108286,EN00023,trottinette,Lyon,ST1013,ST1001,2026-09-15 09:38:16,15/09/2026 09:50,12,3.4,3.64,cb
TR2609150063482,CL108810,EN00270,velo_elec,Nantes,ST1024,ST1020,2026-09-15 09:32:10,2026-09-15 09:54:10,22,4.56,6.5,cb
TR2609150063483,CL106705,EN00321,velo_elec,Nantes,ST1027,ST1024,15/09/2026 09:31,2026-09-15 09:46:29,15,2.69,4.75,paypal
TR2609150063484,CL108781,EN00347,trottinette,Nantes,ST1028,ST1028,2026-09-15 09:31:42,2026-09-15 09:38:42,7,1.43,2.54,abonnement
TR2609150063485,CL102424,EN00496,velo_elec,LILLE,ST1036,ST1040,2026-09-15 09:43:35,2026-09-15 09:57:35,14,4.39,4.5,paypal
TR2609150063486,CL104148,EN00379,velo_elec,Lille,ST1040,ST1044,2026-09-15 09:43:14,2026-09-15 09:47:14,4,1.1,2.0,abonnement
TR2609150063487,CL104581,EN00400,trottinette,Lille,ST1043,ST1046,2026-09-15 09:37:21,2026-09-15 09:51:21,14,2.73,4.08,paypal
TR2609150063488,CL100390,EN00367,velo,Lille,ST1045,ST1034,15/09/2026 09:43,2026-09-15 10:06:46,23,5.71,4.45,cb
TR2609150063489,CL102564,EN00361,trottinette,Lille,ST1046,ST1043,2026-09-15 09:31:29,2026-09-15 10:06:29,35,6.16,8.7,cb
TR2609150063490,CL106640,EN00581,velo,Grenoble,ST1051,ST1048,2026-09-15 09:34:29,2026-09-15 10:10:29,36,12.53,6.4,cb
TR2609150063491,CL105962,EN00522,velo_elec,Grenoble,ST1052,ST1050,2026-09-15 09:43:04,2026-09-15 09:57:04,14,2.15,4.5,paypal
TR2609150063492,CL102345,EN00549,velo_elec,Grenoble,ST1053,ST1050,2026-09-15 09:31:44,2026-09-15 09:53:44,22,5.84,6.5,cb
TR2609150063493,CL103734,EN00529,velo,Grenoble,ST1054,ST1049,2026-09-15 09:41:56,15/09/2026 09:46,5,0.86,1.75,paypal
TR2609150063494,CL103207,EN00203,trottinette,Lyon,ST1007,ST1002,15/09/2026 09:46,2026-09-15 09:53:17,7,2.23,2.54,abonnement
TR2609150063495,CL100747,EN00040,velo,Lyon,ST1009,ST1001,2026-09-15 09:46:44,2026-09-15 09:56:44,10,1.85,2.5,cb
TR2609150063496,CL107837,EN00016,velo,Lyon,ST1009,ST1003,,2026-09-15 09:53:38,4,1.33,1.6,abonnement
TR2609150063497,CL103488,EN00115,velo_elec,Lyon,ST1013,ST1010,2026-09-15 09:51:01,2026-09-15 10:03:01,12,3.57,4.0,abonnement
TR2609150063498,CL101855,EN00180,trottinette,Lyon,ST1017,ST1017,2026-09-15 09:51:54,2026-09-15 09:58:54,7,1.24,2.54,paypal
TR2609150063499,CL104256,EN00075,trottinette,Lyon,ST1018,ST1015,2026-09-15 09:54:16,2026-09-15 10:00:16,6,1.48,2.32,cb
TR2609150063500,CL108433,EN00035,velo_elec,Lyon,ST1019,ST1001,1789458909,15/09/2026 10:05,10,3.42,3.5,paypal
TR2609150063501,CL108390,EN00310,trottinette,Nantes,ST1023,ST1022,2026-09-15 09:49:39,2026-09-15 10:02:39,13,3.87,3.86,cb
TR2609150063502,CL102101,EN00309,trottinette,Nantes,ST1025,ST1021,1789458379,2026-09-15 09:49:19,3,0.86,1.66,abonnement
TR2609150063503,CL104306,EN00355,velo_elec,Nantes,ST1033,ST1022,15/09/2026 09:56,2026-09-15 10:06:25,10,2.44,3.5,abonnement
TR2609150063504,CL101764,EN00372,trottinette,Lille,ST1035,ST1038,15/09/2026 09:59,2026-09-15 10:15:19,16,3.83,4.52,cb
TR2609150063505,CL100165,EN00366,trottinette,Lille,ST1037,ST1035,2026-09-15 09:56:11,2026-09-15 10:04:11,8,1.37,2.76,cb
TR2609150063506,CL106743,EN00413,trottinette,Lille,ST1038,ST1036,2026-09-15 09:51:41,2026-09-15 10:14:41,23,4.1,6.06,abonnement
TR2609150063507,CL103434,EN00387,velo,Lille,ST1042,ST1036,2026-09-15 09:58:14,2026-09-15 10:19:14,21,5.02,4.15,cb
TR2609150063508,CL102231,EN00438,trottinette,Lille,ST1043,ST1035,15/09/2026 09:50,2026-09-15 10:05:43,15,2.52,4.3,abonnement
TR2609150063509,CL106451,EN00430,velo_elec,Lille,ST1044,ST1035,2026-09-15 09:56:01,2026-09-15 10:20:01,24,3.71,7.0,abonnement
TR2609150063510,CL104573,EN00482,velo_elec,Lille,ST1047,ST1034,2026-09-15 09:54:45,2026-09-15 10:21:45,27,5.41,7.75,abonnement
TR2609150063511,CL102876,EN00368,trottinette,Lille,ST1047,ST1034,2026-09-15 09:54:54,2026-09-15 10:12:54,18,3.96,4.96,abonnement
TR2609150063512,CL102243,EN00417,trottinette,LILLE,ST1047,ST1034,1789458590,2026-09-15 10:07:50,18,5.75,4.96,cb
TR2609150063513,CL101700,EN00546,trottinette,Grenoble,ST1049,ST1048,2026-09-15 09:53:20,2026-09-15 10:18:20,25,5.34,6.5,cb
TR2609150063514,CL105971,EN00595,velo,Grenoble,ST1051,ST1048,2026-09-15 09:49:48,2026-09-15 10:04:48,15,2.28,3.25,cb
TR2609150063515,CL104419,EN00521,velo,Grenoble,ST1052,ST1048,1789459115,2026-09-15 10:03:35,5,0.9,1.75,abonnement
TR2609150063516,CL101274,EN00052,trottinette,Lyon,ST1003,ST1004,2026-09-15 10:07:14,15/09/2026 10:12,5,1.69,2.1,paypal
TR2609150063517,CL107442,EN00181,velo_elec,Lyon,ST1004,ST1010,1789459716,2026-09-15 10:14:36,6,1.7,2.5,cb
TR2609150063518,CL105526,EN00122,trottinette,Lyon,ST1004,ST1007,2026-09-15 10:15:21,2026-09-15 10:36:21,21,5.32,5.62,paypal
TR2609150063519,CL102664,EN00063,velo_elec,Lyon,ST1008,ST1012,2026-09-15 10:03:55,2026-09-15 10:15:55,12,2.76,4.0,abonnement
TR2609150063520,CL101723,EN00074,trottinette,Lyon,ST1010,ST1005,1789459870,15/09/2026 10:26,15,3.26,4.3,cb
TR2609150063521,CL101288,EN00009,velo_elec,Lyon,ST1010,ST1019,2026-09-15 10:05:56,2026-09-15 10:12:56,7,1.34,2.75,cb
TR2609150063522,CL100296,EN00153,velo_elec,Lyon,ST1011,ST1014,15/09/2026 10:02,15/09/2026 10:12,10,3.18,3.5,cb
TR2609150063523,CL102555,EN00062,trottinette,Lyon,ST1012,ST1004,2026-09-15 10:03:34,2026-09-15 10:16:34,13,2.49,3.86,cb
TR2609150063524,CL101351,EN00340,velo_elec,Nantes,ST1026,ST1021,2026-09-15 10:03:16,15/09/2026 10:18,15,4.8,4.75,cb
TR2609150063525,CL104729,EN00496,velo_elec,Lille,ST1040,ST1046,2026-09-15 10:05:26,15/09/2026 10:12,7,1.14,2.75,cb
TR2609150063526,CL105494,EN00400,trottinette,Lille,ST1046,ST1039,15/09/2026 10:02,2026-09-15 10:12:06,10,2.74,3.2,cb
TR2609150063527,CL102843,EN00369,velo,Lille,ST1046,ST1047,2026-09-15 10:12:46,2026-09-15 10:22:46,10,1.96,2.5,cb
TR2609150063528,CL108559,EN00175,trottinette,Lyon,ST1001,ST1006,2026-09-15 10:28:11,2026-09-15 10:37:11,9,2.15,2.98,cb
TR2609150063529,CL106635,EN00131,trottinette,Lyon,ST1003,ST1006,2026-09-15 10:28:50,2026-09-15 10:38:50,10,2.0,3.2,paypal
TR2609150063530,CL102078,EN00149,velo,Lyon,ST1009,ST1016,2026-09-15 10:27:38,2026-09-15 10:35:38,8,1.42,2.2,abonnement
TR2609150063531,CL106609,EN00034,velo_elec,Lyon,ST1015,ST1007,2026-09-15 10:20:37,1789461097,11,1.76,3.75,paypal
TR2609150063532,CL105054,EN00009,velo_elec,Lyon,ST1019,ST1008,2026-09-15 10:29:29,2026-09-15 10:52:29,23,3.93,6.75,cb
TR2609150063533,CL105427,EN00339,velo_elec,nantes,ST1030,ST1029,2026-09-15 10:16:20,15/09/2026 10:46,30,10.43,8.5,cb
TR2609150063534,CL106973,EN00444,trottinette,Lille,ST1041,ST1039,2026-09-15 10:18:34,2026-09-15 10:26:34,8,1.73,2.76,paypal
TR2609150063535,CL106865,EN00107,velo_elec,Lyon,ST1001,ST1016,15/09/2026 10:33,15/09/2026 10:39,6,1.54,2.5,cb
TR2609150063536,CL103345,EN00049,trottinette,Lyon,ST1002,ST1015,2026-09-15 10:37:07,2026-09-15 10:42:07,5,1.25,2.1,cb
TR2609150063537,CL102175,EN00100,velo_elec,Lyon,ST1006,ST1018,2026-09-15 10:33:31,2026-09-15 11:08:31,35,5.84,9.75,paypal
TR2609150063538,CL107137,EN00018,trottinette,Lyon,ST1008,ST1011,2026-09-15 10:33:01,15/09/2026 10:54,21,3.2,5.62,cb
TR2609150063539,CL108682,EN00110,velo_elec,Lyon,ST1013,ST1017,15/09/2026 10:37,2026-09-15 10:42:27,5,1.64,2.25,abonnement
TR2609150063540,CL101424,EN00224,velo_elec,Nantes,ST1020,ST1020,2026-09-15 10:32:55,2026-09-15 10:55:55,23,5.21,6.75,abonnement
TR2609150063541,CL105340,EN00234,trottinette,Nantes,ST1027,ST1029,2026-09-15 10:40:59,15/09/2026 10:58,18,3.43,4.96,paypal
TR2609150063542,CL104306,EN00349,velo_elec,Nantes,ST1033,ST1025,2026-09-15 10:34:30,2026-09-15 10:40:30,-22,0.92,2.5,cb
TR2609150063543,CL105136,EN00389,trottinette,Lille,ST1038,ST1044,2026-09-15 10:42:05,2026-09-15 10:54:05,12,3.23,3.64,paypal
TR2609150063544,CL108040,EN00471,velo,Lille,ST1040,ST1047,2026-09-15 10:30:53,1789462433,23,4.73,4.45,abonnement
TR2609150063545,CL103462,EN00496,velo_elec,Lille,ST1046,ST1036,2026-09-15 10:39:26,2026-09-15 10:51:26,12,2.61,4.0,paypal
TR2609150063546,CL107118,EN00535,velo_elec,Grenoble,ST1057,ST1052,2026-09-15 10:37:49,2026-09-15 10:49:49,12,2.79,4.0,paypal
TR2609150063547,CL106938,EN00197,velo_elec,Lyon,ST1003,ST1004,,2026-09-15 10:57:15,6,1.13,2.5,paypal
TR2609150063548,CL100508,EN00175,trottinette,Lyon,ST1006,ST1001,2026-09-15 10:50:34,15/09/2026 11:03,13,3.65,3.86,cb
TR2609150063549,CL102532,EN00217,velo_elec,Lyon,ST1008,ST1012,1789462415,15/09/2026 11:05,12,3.09,4.0,paypal
TR2609150063550,CL100421,EN00204,velo_elec,Lyon,ST1018,ST1003,2026-09-15 10:55:10,15/09/2026 11:05,10,2.19,3.5,abonnement
TR2609150063551,CL100332,EN00264,trottinette,Nantes,ST1020,ST1024,15/09/2026 10:55,2026-09-15 11:09:00,14,4.41,4.08,cb
TR2609150063552,CL106167,EN00237,velo_elec,Nantes,ST1022,ST1024,1789462825,15/09/2026 11:18,18,5.43,5.5,abonnement
TR2609150063553,CL105686,EN00347,trottinette,Nantes,ST1028,ST1027,2026-09-15 10:51:22,2026-09-15 11:09:22,18,3.55,4.96,abonnement
TR2609150063554,CL104783,EN00474,velo_elec,Lille,ST1034,ST1040,2026-09-15 10:57:47,2026-09-15 11:11:47,14,2.32,,cb
TR2609150063555,CL108623,EN00440,trottinette,Lille,ST1035,ST1040,2026-09-15 10:50:33,2026-09-15 10:55:33,5,0.95,2.1,cb
TR2609150063556,CL101336,EN00400,trottinette,Lille,ST1039,ST1037,2026-09-15 10:48:58,15/09/2026 10:55,7,2.09,2.54,abonnement
TR2609150063557,CL101562,EN00390,velo,Lille,ST1042,ST1040,15/09/2026 10:52,2026-09-15 11:03:51,11,1.85,2.65,cb
TR2609150063558,CL107266,EN00454,velo,Lille,ST1042,ST1041,2026-09-15 10:49:40,2026-09-15 11:00:40,11,2.08,2.65,abonnement
TR2609150063559,CL105586,EN00511,trottinette,Grenoble,ST1048,ST1058,1789462384,2026-09-15 11:03:04,10,1.86,3.2,cb
TR2609150063560,CL104540,EN00531,trottinette,GRENOBLE,ST1049,ST1053,2026-09-15 10:53:07,15/09/2026 11:05,12,2.31,3.64,cb
TR2609150063561,CL107247,EN00594,velo,Grenoble,ST1052,ST1056,2026-09-15 10:49:03,2026-09-15 11:02:03,13,2.53,2.95,cb
TR2609150063562,CL102695,EN00031,velo_elec,Lyon,ST1004,ST1001,2026-09-15 11:12:04,2026-09-15 11:19:04,7,1.19,2.75,cb
TR2609150063563,CL105135,EN00052,trottinette,Lyon,ST1004,ST1008,2026-09-15 11:10:03,2026-09-15 11:14:03,4,0.67,1.88,cb
TR2609150063564,CL101672,EN00009,velo_elec,Lyon,ST1008,ST1003,2026-09-15 11:09:09,2026-09-15 11:18:09,9,2.97,3.25,cb
TR2609150063565,CL100365,EN00181,velo_elec,Lyon,ST1010,ST1006,2026-09-15 11:02:02,2026-09-15 11:19:02,17,4.86,5.25,cb
TR2609150063566,CL104159,EN00107,velo_elec,Lyon,ST1016,ST1005,2026-09-15 11:04:25,1789464925,31,9.51,8.75,paypal
TR2609150063567,CL107688,EN00305,velo_elec,Nantes,ST1024,ST1028,2026-09-15 11:10:20,,11,2.41,3.75,cb
TR2609150063568,CL103568,EN00334,trottinette,Nantes,ST1026,ST1033,2026-09-15 11:06:45,2026-09-15 11:29:45,23,7.24,6.06,abonnement
TR2609150063569,CL108917,EN00277,velo_elec,Nantes,ST1026,ST1020,2026-09-15 11:13:53,2026-09-15 11:35:53,22,3.73,6.5,paypal
TR2609150063570,CL102118,EN00234,trottinette,Nantes,ST1029,ST1027,15/09/2026 11:02,2026-09-15 11:23:40,21,5.81,5.62,cb
TR2609150063571,CL106229,EN00522,velo_elec,Grenoble,ST1050,ST1055,2026-09-15 11:05:40,1789464400,21,5.25,6.25,cb
TR2609150063572,CL106331,EN00533,velo_elec,Grenoble,ST1056,ST1055,2026-09-15 11:03:58,15/09/2026 11:21,18,3.81,5.5,cb
TR2609150063573,CL105670,EN00052,trottinette,Lyon,ST1008,ST1003,2026-09-15 11:26:44,2026-09-15 11:45:44,19,4.77,5.18,cb
TR2609150063574,CL108621,EN00264,trottinette,Nante,ST1024,ST1031,2026-09-15 11:23:22,2026-09-15 11:38:22,15,2.48,4.3,abonnement
TR2609150063575,CL100926,EN00313,trottinette,Nantes,ST1025,ST1021,2026-09-15 11:18:30,2026-09-15 11:21:30,3211,0.92,1.66,abonnement
TR2609150063576,CL108959,EN00285,trottinette,Nantes,ST1033,ST1024,1789464635,15/09/2026 11:39,9,2.01,2.98,cb
TR2609150063577,CL106206,EN00444,trottinette, Lille,ST1039,ST1037,2026-09-15 11:24:27,2026-09-15 11:50:27,26,5.67,6.72,paypal
TR2609150063578,CL100873,EN00593,trottinette,Grenoble,ST1048,ST1056,2026-09-15 11:19:33,,19,5.0,5.18,paypal
TR2609150063579,CL101281,EN00549,velo_elec,Grenoble,ST1050,ST1049,2026-09-15 11:24:18,15/09/2026 11:40,16,3.18,5.0,cb
TR2609150063580,CL106196,EN00156,velo,Lyon,ST1009,ST1017,,15/09/2026 11:44,9,2.76,2.35,cb
TR2609150063581,CL101643,EN00115,velo_elec,Lyon,ST1010,ST1011,2026-09-15 11:38:40,2026-09-15 12:02:40,24,5.17,7.0,cb
TR2609150063582,CL904128,EN00098,velo_elec,Lyon,ST1016,ST1010,2026-09-15 11:32:53,2026-09-15 11:41:53,9,2.35,3.25,abonnement
TR2609150063583,CL107318,EN00110,velo_elec,Lyon,ST1017,ST1015,2026-09-15 11:45:15,2026-09-15 12:14:15,29,7.36,8.25,abonnement
TR2609150063584,CL102848,EN00336,velo_elec,Nantes,ST1020,ST1029,1789465455,2026-09-15 11:50:15,6,1.76,2.5,paypal
TR2609150063585,CL106393,EN00339,velo_elec,Nantes,ST1029,ST1021,,2026-09-15 12:01:22,19,3.41,5.75,paypal
TR2609150063586,CL100669,EN00484,velo_elec,Lille,ST1035,ST1036,2026-09-15 11:35:50,2026-09-15 11:42:50,7,1.42,2.75,cb
TR2609150063587,CL105676,EN00400,trottinette, Lille,ST1037,ST1038,2026-09-15 11:39:41,2026-09-15 11:50:41,11,3.56,3.42,cb
TR2609150063588,CL106610,EN00498,trottinette,lille,ST1038,ST1040,2026-09-15 11:31:15,2026-09-15 11:37:15,6,1.27,2.32,cb
TR2609150063589,CL106281,EN00369,velo,Lille,ST1047,ST1044,2026-09-15 11:35:02,2026-09-15 11:45:02,10,2.92,2.5,cb
TR2609150063590,CL102626,EN00471,velo,Lille,ST1047,ST1041,2026-09-15 11:34:15,1789465815,16,2.91,3.4,abonnement
TR2609150063591,CL101418,EN00592,velo_elec,Grenoble,ST1048,ST1049,15/09/2026 11:31,2026-09-15 11:42:41,11,2.49,3.75,cb
TR2609150063592,CL102679,EN00533,velo_elec,Grenoble,ST1055,ST1051,15/09/2026 11:43,,10,1.95,3.5,cb
TR2609150063593,CL107053,EN00181,velo_elec,Lyon,ST1006,ST1011,2026-09-15 11:52:39,2026-09-15 12:17:39,25,5.77,7.25,cb
TR2609150063594,CL106270,EN00198,velo_elec,Lyon,ST1008,ST1010,2026-09-15 11:53:45,2026-09-15 12:09:45,16,3.13,5.0,cb
TR2609150063595,CL102695,EN00020,velo_elec,Lyon,ST1012,ST1017,15/09/2026 11:57,2026-09-15 12:38:31,41,11.11,11.25,abonnement
TR2609150063596,CL101762,EN00153,velo_elec,Lyon,ST1014,ST1017,1789466165,2026-09-15 12:05:05,9,2.48,3.25,cb
TR2609150063597,CL103457,EN00180,trottinette,Lyon,ST1017,ST1012,2026-09-15 11:59:22,15/09/2026 12:21,22,7.62,5.84,paypal
TR2609150063598,CL103725,EN00100,velo_elec,Lyon,ST1018,ST1016,2026-09-15 11:56:29,15/09/2026 12:12,16,3.7,5.0,abonnement
TR2609150063599,CL100262,EN00253,trottinette,NANTES,ST1026,ST1023,2026-09-15 11:58:47,15/09/2026 12:09,11,2.63,3.42,cb
TR2609150063600,CL100353,EN00305,velo_elec,Nantes,ST1028,ST1022,2026-09-15 11:52:08,2026-09-15 12:13:08,21,4.31,6.25,abonnement
TR2609150063601,CL106664,EN00434,velo_elec,Lille,ST1035,ST1039,15/09/2026 11:49,1789467339,26,8.99,7.5,cb
TR2609150063602,CL102601,EN00588,velo_elec,Grenoble,ST1048,ST1052,15/09/2026 12:00,2026-09-15 12:12:20,12,3.13,4.0,paypal
TR2609150063603,CL102014,EN00535,velo_elec,Grenoble,ST1052,ST1048,2026-09-15 11:48:25,1789466005,5,1.44,2.25,cb
TR2609150063604,CL102598,EN00031,velo_elec,Lyon,ST1001,ST1006,15/09/2026 12:09,2026-09-15 12:19:44,10,2.36,3.5,cb
TR2609150063605,CL105639,EN00052,trottinette,Lyon,ST1003,ST1019,2026-09-15 12:12:17,2026-09-15 12:24:17,12,2.59,3.64,abonnement
TR2609150063606,CL107310,EN00034,velo_elec,Lyon,ST1007,ST1009,2026-09-15 12:02:29,2026-09-15 12:10:29,8,2.61,3.0,abonnement
TR2609150063607,CL100910,EN00182,trottinette,Lyon ,ST1013,ST1004,2026-09-15 12:01:28,2026-09-15 12:29:28,28,6.33,7.16,cb
TR2609150063608,CL107086,EN00209,velo_elec,Lyon,ST1013,ST1004,2026-09-15 12:09:39,2026-09-15 12:22:39,13,3.12,4.25,cb
TR2609150063609,CL106983,EN00084,velo_elec,Lyon,ST1016,ST1015,2026-09-15 12:03:19,2026-09-15 12:13:19,10,2.08,3.5,
TR2609150063610,CL105166,EN00156,velo,Lyon,ST1017,ST1017,2026-09-15 12:13:53,2026-09-15 12:27:53,14,3.53,3.1,abonnement
TR2609150063611,CL105950,EN00232,trottinette,Nantes,ST1020,ST1031,1789467125,2026-09-15 12:16:05,4,1.23,1.88,cb
TR2609150063612,CL100258,EN00349,velo_elec,Nantes,ST1025,ST1033,2026-09-15 12:15:35,2026-09-15 12:33:35,18,3.07,5.5,cb
TR2609150063613,CL101177,EN00332,trottinette,Nantes,ST1026,ST1021,2026-09-15 12:13:28,2026-09-15 12:25:28,12,3.08,3.64,cb
TR2609150063614,CL108539,EN00375,trottinette,Lille,ST1035,ST1034,2026-09-15 12:14:58,2026-09-15 12:33:58,19,3.68,5.18,cb
TR2609150063615,CL102302,EN00415,trottinette,Lille,ST1041,ST1040,15/09/2026 12:07,2026-09-15 12:39:43,32,10.03,8.04,cb
TR2609150063616,CL100019,EN00470,trottinette,Lille,ST1044,ST1046,2026-09-15 12:13:00,2026-09-15 12:27:00,14,3.21,4.08,abonnement
TR2609150063617,CL101132,EN00424,velo_elec,Lille,ST1046,ST1040,1789466533,2026-09-15 12:24:13,22,7.26,6.5,cb
TR2609150063618,CL107802,EN00531,trottinette,Grenoble,ST1053,ST1053,2026-09-15 12:04:12,2026-09-15 12:07:12,3,0.95,1.66,abonnement
TR2609150063619,CL100180,EN00593,trottinette,Grenoble,ST1056,ST1053,2026-09-15 12:15:27,15/09/2026 12:37,22,5.6,5.84,cb
TR2609150063620,CL105951,EN00173,velo_elec,Lyon,ST1001,ST1014,2026-09-15 12:23:16,2026-09-15 12:31:16,8,2.73,3.0,paypal
TR2609150063621,CL103091,EN00141,velo_elec,Lyon,ST1004,ST1019,2026-09-15 12:22:35,2026-09-15 12:27:35,5,1.46,2.25,cb
TR2609150063622,CL103053,EN00131,trottinette,Lyon,ST1006,ST1005,2026-09-15 12:24:10,2026-09-15 12:46:10,22,3.6,5.84,abonnement
TR2609150063623,CL105502,EN00034,velo_elec,Lyon,ST1009,ST1016,2026-09-15 12:26:56,2026-09-15 12:31:56,5,1.14,2.25,abonnement
TR2609150063624,CL103528,EN00210,trottinette,Lyon,ST1014,ST1011,2026-09-15 12:19:59,2026-09-15 12:32:59,13,3.44,3.86,cb
TR2609150063625,CL101219,EN00341,velo_elec,Nantes,ST1027,ST1031,2026-09-15 12:22:43,2026-09-15 12:27:43,5,1.73,2.25,abonnement
TR2609150063626,CL101594,EN00435,trottinette,Lille,ST1034,ST1041,2026-09-15 12:30:54,2026-09-15 12:48:54,18,4.83,4.96,cb
TR2609150063627,CL100653,EN00481,velo_elec,Lille,ST1036,ST1037,2026-09-15 12:16:11,2026-09-15 12:21:11,5,0.94,2.25,cb
TR2609150063628,CL106247,EN00507,trottinette,GRENOBLE,ST1049,ST1048,2026-09-15 12:27:42,2026-09-15 12:31:42,4,0.87,1.88,abonnement
TR2609150063629,CL104259,EN00175,trottinette,Lyon,ST1001,ST1009,2026-09-15 12:44:03,2026-09-15 13:19:03,35,5.62,8.7,cb
TR2609150063630,CL105502,EN00129,velo_elec,Lyon,ST1003,ST1006,2026-09-15 12:31:37,2026-09-15 12:44:37,13,1.97,4.25,cb
TR2609150063631,CL107676,EN00141,velo_elec,Lyon,ST1019,ST1013,2026-09-15 12:42:22,2026-09-15 13:00:22,18,5.53,5.5,cb
TR2609150063632,CL103701,EN00052,trottinette,Lyon,ST1019,ST1015,2026-09-15 12:43:24,2026-09-15 12:52:24,9,2.99,2.98,paypal
TR2609150063633,CL108220,EN00355,velo_elec,Nantes,ST1022,ST1026,2026-09-15 12:39:11,2026-09-15 13:02:11,23,6.81,6.75,cb
TR2609150063634,CL106120,EN00237,velo_elec,Nantes,ST1024,ST1033,2026-09-15 12:35:06,2026-09-15 12:53:06,18,5.16,5.5,abonnement
TR2609150063635,CL108342,EN00257,trottinette,Nantes,ST1026,ST1031,2026-09-15 12:30:54,2026-09-15 12:56:54,26,4.08,6.72,abonnement
TR2609150063636,CL103353,EN00289,trottinette,NANTES,ST1028,ST1029,15/09/2026 12:31,2026-09-15 12:42:43,11,3.09,3.42,cb
TR2609150063637,CL107445,EN00336,velo_elec,NANTES,ST1029,ST1025,2026-09-15 12:40:03,2026-09-15 12:48:03,8,1.25,3.0,cb
TR2609150063638,CL106882,EN00485,trottinette,LILLE,ST1035,ST1040,2026-09-15 12:43:56,2026-09-15 12:53:56,10,2.54,3.2,cb
TR2609150063639,CL108509,EN00495,trottinette,Lille,ST1036,ST1035,1789468566,15/09/2026 12:44,8,1.63,2.76,
TR2609150063640,CL106603,EN00481,velo_elec,Lille,ST1037,ST1046,2026-09-15 12:35:33,2026-09-15 12:45:33,10,2.87,3.5,cb
TR2609150063641,CL102161,EN00440,trottinette,Lille,ST1040,ST1041,2026-09-15 12:34:37,15/09/2026 12:45,11,3.25,3.42,abonnement
TR2609150063642,CL103682,EN00395,trottinette,Lille,ST1044,ST1043,2026-09-15 12:36:19,2026-09-15 12:41:19,5,1.68,2.1,abonnement
TR2609150063643,CL101981,EN00594,velo,Grenoble,ST1056,ST1055,2026-09-15 12:30:54,2026-09-15 12:38:54,8,2.03,2.2,cb
TR2609150063644,CL100632,EN00107,velo_elec,Lyon,ST1005,ST1003,2026-09-15 12:47:17,2026-09-15 12:57:17,10,2.9,3.5,abonnement
TR2609150063645,CL107200,EN00093,velo_elec,Lyon,ST1011,ST1012,2026-09-15 12:47:15,2026-09-15 12:54:15,7,2.14,2.75,paypal
TR2609150063646,CL106413,EN00181,velo_elec,LYON,ST1011,ST1009,2026-09-15 12:52:42,2026-09-15 13:20:42,28,5.74,8.0,cb
TR2609150063647,CL107011,EN00100,velo_elec,Lyon,ST1016,ST1015,15/09/2026 12:57,2026-09-15 13:09:08,12,2.56,4.0,cb
TR2609150063648,CL106687,EN00034,velo_elec,Lyon,ST1016,ST1013,2026-09-15 12:53:29,2026-09-15 13:24:29,31,4.99,8.75,cb
TR2609150063649,CL100423,EN00221,velo_elec,Nantes,ST1022,ST1025,2026-09-15 12:49:43,2026-09-15 13:06:43,17,2.77,5.25,abonnement
TR2609150063650,CL106393,EN00321,velo_elec,Nantes,ST1024,ST1028,2026-09-15 12:59:11,2026-09-15 13:06:11,7,2.39,2.75,cb
TR2609150063651,CL104189,EN00286,velo_elec,Nantes,ST1027,ST1033,2026-09-15 12:51:37,2026-09-15 13:14:37,23,4.5,6.75,abonnement
TR2609150063652,CL107615,EN00456,trottinette,Lille,ST1034,ST1044,2026-09-15 12:47:01,,8,2.19,2.76,abonnement
TR2609150063653,CL108077,EN00434,velo_elec,Lille,ST1039,ST1043,15/09/2026 12:57,2026-09-15 13:24:10,27,8.98,7.75,abonnement
TR2609150063654,CL108473,EN00361,trottinette,Lille,ST1043,ST1036,2026-09-15 12:54:05,1789470065,7,1.76,2.54,abonnement
TR2609150063655,CL106421,EN00480,velo_elec,Lille,ST1044,ST1046,2026-09-15 12:53:27,2026-09-15 13:09:27,16,4.4,5.0,cb
TR2609150063656,CL101355,EN00592,velo_elec,Grenoble ,ST1049,ST1048,2026-09-15 12:57:40,2026-09-15 13:12:40,15,4.0,4.75,cb
TR2609150063657,CL101915,EN00552,trottinette,Grenoble,ST1053,ST1050,2026-09-15 12:58:31,2026-09-15 13:15:31,17,4.53,4.74,cb
TR2609150063658,CL100659,EN00107,velo_elec,Lyon,ST1003,ST1009,2026-09-15 13:13:42,2026-09-15 13:26:42,13,2.72,4.25,cb
TR2609150063659,CL101985,EN00031,velo_elec,Lyon,ST1006,ST1012,2026-09-15 13:03:42,15/09/2026 13:22,19,4.96,5.75,cb
TR2609150063660,CL101152,EN00122,trottinette,Lyon,ST1007,ST1005,2026-09-15 13:08:56,15/09/2026 13:23,15,2.46,4.3,cb
TR2609150063661,CL108905,EN00210,trottinette,Lyon,ST1011,ST1016,2026-09-15 13:06:08,2026-09-15 13:19:08,13,4.53,3.86,cb
TR2609150063662,CL104654,EN00173,velo_elec,Lyon,ST1014,ST1002,2026-09-15 13:05:01,2026-09-15 13:19:01,14,2.26,4.5,cb
TR2609150063663,CL100608,EN00201,velo_elec,Lyon,ST1014,ST1014,2026-09-15 13:10:58,2026-09-15 13:24:58,14,2.25,4.5,cb
TR2609150063664,CL103513,EN00304,velo_elec,Nantes,ST1027,ST1026,15/09/2026 13:06,2026-09-15 13:19:25,13,4.37,4.25,cb
TR2609150063665,CL108823,EN00456,trottinette,Lille,ST1044,ST1046,2026-09-15 13:11:01,2026-09-15 13:21:01,10,2.8,3.2,cb
TR2609150063666,CL105393,EN00597,trottinette,Grenoble,ST1048,ST1049,2026-09-15 13:11:30,15/09/2026 13:31,20,6.51,5.4,abonnement
TR2609150063667,CL102261,EN00527,velo_elec,Grenoble,ST1049,ST1053,1789470650,2026-09-15 13:18:50,8,1.29,3.0,cb
TR2609150063668,CL101254,EN00588,velo_elec,Grenoble,ST1052,ST1048,2026-09-15 13:14:07,15/09/2026 13:34,20,6.36,6.0,abonnement
TR2609150063669,CL100976,EN00531,trottinette,Grenoble,ST1053,ST1056,2026-09-15 13:03:46,2026-09-15 13:25:46,22,5.89,5.84,cb
TR2609150063670,CL105745,EN00578,velo_elec,Grenoble,ST1058,ST1049,2026-09-15 13:06:33,2026-09-15 13:17:33,11,2.09,3.75,cb
TR2609150063671,CL992315,EN00129,velo_elec,Lyon,ST1006,ST1014,15/09/2026 13:16,2026-09-15 13:36:55,20,4.3,6.0,cb
TR2609150063672,CL100543,EN00180,trottinette,Lyon,ST1012,ST1010,2026-09-15 13:16:16,2026-09-15 13:27:16,11,3.51,3.42,cb
TR2609150063673,CL108497,EN00219,velo_elec,Lyon,ST1016,ST1013,15/09/2026 13:20,15/09/2026 13:51,31,10.04,8.75,paypal
TR2609150063674,CL107378,EN00094,velo_elec,Lyon,ST1016,ST1005,2026-09-15 13:25:06,2026-09-15 13:29:06,4,1.35,2.0,paypal
TR2609150063675,CL108998,EN00153,velo_elec,Lyon,ST1017,ST1009,2026-09-15 13:23:08,2026-09-15 13:28:08,5,1.35,2.25,abonnement
TR2609150063676,CL104018,EN00289,trottinette,Nantes,ST1029,ST1024,2026-09-15 13:28:55,2026-09-15 13:38:55,-10,2.68,3.2,cb
TR2609150063677,CL104948,EN00495,trottinette,Lille,ST1035,ST1042,2026-09-15 13:17:06,2026-09-15 13:26:06,9,1.91,2.98,abonnement
TR2609150063678,CL107608,EN00493,velo_elec,Lille,ST1035,ST1038,2026-09-15 13:30:48,2026-09-15 13:34:48,4,1.08,2.0,cb
TR2609150063679,CL102626,EN00473,trottinette,Lille,ST1041,ST1045,2026-09-15 13:18:06,2026-09-15 13:26:06,8,2.4,2.76,cb
TR2609150063680,CL107892,EN00593,trottinette,Grenoble,ST1053,ST1048,2026-09-15 13:28:59,2026-09-15 13:56:59,28,7.67,7.16,cb
TR2609150063681,CL106597,EN00511,trottinette,Grenoble,ST1058,ST1057,15/09/2026 13:17,2026-09-15 13:22:41,5,1.19,2.1,cb
TR2609150063682,CL108604,EN00067,velo_elec,Lyon,ST1002,ST1008,2026-09-15 13:38:41,2026-09-15 13:48:41,10,2.91,3.5,abonnement
TR2609150063683,CL106733,EN00153,velo_elec,Lyon,ST1009,ST1009,15/09/2026 13:38,2026-09-15 13:41:58,3,0.64,1.75,cb
TR2609150063684,CL104764,EN00107,velo_elec,Lyon,ST1009,ST1009,,2026-09-15 13:51:07,20,6.52,6.0,cb
TR2609150063685,CL105980,EN00198,velo_elec,Lyon,ST1010,ST1014,2026-09-15 13:44:32,2026-09-15 13:58:32,14,3.0,4.5,abonnement
TR2609150063686,CL106454,EN00115,velo_elec,Lyon,ST1011,ST1005,,2026-09-15 13:57:00,18,5.38,5.5,abonnement
TR2609150063687,CL101922,EN00357,trottinette,Nantes,ST1021,ST1033,2026-09-15 13:31:23,2026-09-15 13:45:23,14,2.8,4.08,abonnement
TR2609150063688,CL104021,EN00311,trottinette,Nantes,ST1022,ST1029,2026-09-15 13:33:28,2026-09-15 13:50:28,17,4.49,4.74,cb
TR2609150063689,CL100817,EN00285,trottinette,Nantes,ST1024,ST1026,2026-09-15 13:35:02,2026-09-15 13:47:02,12,4.17,3.64,cb
TR2609150063690,CL103055,EN00221,velo_elec,Nantes,ST1025,ST1020,2026-09-15 13:42:09,2026-09-15 14:12:09,30,9.03,8.5,cb
TR2609150063691,CL107015,EN00237,velo_elec,Nantes,ST1033,ST1020,2026-09-15 13:41:09,2026-09-15 13:48:09,-13,2.35,2.75,cb
TR2609150063692,CL102382,EN00372,trottinette,Lille,ST1038,ST1046,2026-09-15 13:44:26,2026-09-15 13:51:26,7,1.3,2.54,cb
TR2609150063693,CL103221,EN00495,trottinette,Lille,ST1042,ST1046,2026-09-15 13:41:19,15/09/2026 13:50,9,1.75,2.98,paypal
TR2609150063694,CL102207,EN00481,velo_elec,Lille,ST1046,ST1037,2026-09-15 13:43:45,2026-09-15 13:54:45,11,2.39,3.75,cb
TR2609150063695,CL104405,EN00509,trottinette,Grenoble,ST1049,ST1051,2026-09-15 13:41:11,2026-09-15 13:49:11,8,2.02,2.76,paypal
TR2609150063696,CL106148,EN00578,velo_elec,Grenoble,ST1049,ST1049,1789472432,15/09/2026 13:48,8,1.71,3.0,abonnement
TR2609150063697,CL106362,EN00517,trottinette,Grenoble,ST1055,ST1048,2026-09-15 13:36:43,2026-09-15 13:53:43,17,5.57,4.74,paypal
TR2609150063698,CL107781,EN00162,velo_elec,Lyon,ST1001,ST1003,2026-09-15 13:56:11,2026-09-15 14:07:11,11,2.04,3.75,cb
TR2609150063699,CL104985,EN00127,trottinette,Lyon,ST1002,ST1019,2026-09-15 13:46:58,2026-09-15 13:51:58,-24,0.9,2.1,paypal
TR2609150063700,CL108751,EN00173,velo_elec,Lyon,ST1002,ST1009,2026-09-15 13:58:08,2026-09-15 14:08:08,10,2.7,3.5,abonnement
TR2609150063701,CL105533,EN00170,trottinette,lyon,ST1003,ST1006,2026-09-15 13:54:09,2026-09-15 14:09:09,15,3.03,4.3,paypal
TR2609150063702,CL103255,EN00108,velo_elec,Lyon,ST1003,ST1011,2026-09-15 13:58:19,2026-09-15 14:28:19,30,5.68,8.5,abonnement
TR2609150063703,CL100350,EN00131,trottinette,lyon,ST1005,ST1012,2026-09-15 14:00:47,2026-09-15 14:09:47,9,1.69,2.98,cb
TR2609150063704,CL101331,EN00180,trottinette,Lyon,ST1010,ST1011,15/09/2026 13:53,2026-09-15 14:25:03,32,10.48,8.04,cb
TR2609150063705,CL103611,EN00020,velo_elec,Lyon,ST1017,ST1014,2026-09-15 13:47:21,15/09/2026 13:56,9,2.11,3.25,cb
TR2609150063706,CL100627,EN00284,trottinette,Nantes,ST1022,ST1033,2026-09-15 13:59:20,15/09/2026 14:09,10,1.99,3.2,cb
TR2609150063707,CL102217,EN00417,trottinette,LILLE,ST1034,ST1035,2026-09-15 13:49:27,2026-09-15 13:55:27,6,1.01,2.32,cb
TR2609150063708,CL102228,EN00409,trottinette,LILLE,ST1035,ST1042,2026-09-15 13:58:25,2026-09-15 14:09:25,11,2.33,3.42,abonnement
TR2609150063709,CL104848,EN00458,velo,Lille,ST1042,ST1044,2026-09-15 13:58:36,2026-09-15 14:10:36,12,2.78,2.8,cb
TR2609150063710,CL108167,EN00463,velo,Lille,ST1042,ST1046,2026-09-15 13:51:18,2026-09-15 14:00:18,9,1.91,2.35,cb
TR2609150063711,CL106669,EN00395,trottinette,Lille,ST1043,ST1042,2026-09-15 13:47:36,2026-09-15 13:56:36,9,1.57,2.98,abonnement
TR2609150063712,CL101930,EN00473,trottinette,Lille,ST1045,ST1038,2026-09-15 13:56:54,2026-09-15 14:03:54,7,2.24,2.54,cb
TR2609150063713,CL103916,EN00153,velo_elec,Lyon,ST1009,ST1003,2026-09-15 14:15:55,15/09/2026 14:21,6,1.72,2.5,paypal
TR2609150063714,CL102568,EN00093,velo_elec,Lyon,ST1012,ST1019,15/09/2026 14:04,2026-09-15 14:13:33,9,2.67,3.25,abonnement
TR2609150063715,CL100235,EN00190,trottinette,lyon,ST1013,ST1003,2026-09-15 14:02:23,2026-09-15 14:14:23,12,2.6,3.64,abonnement
TR2609150063716,CL107431,EN00141,velo_elec,Lyon,ST1013,ST1014,2026-09-15 14:07:39,2026-09-15 14:21:39,14,2.87,4.5,abonnement
TR2609150063717,CL101159,EN00198,velo_elec,Lyon,ST1014,ST1014,15/09/2026 14:07,2026-09-15 14:34:01,27,8.33,7.75,abonnement
TR2609150063718,CL102792,EN00210,trottinette,Lyon,ST1016,ST1010,2026-09-15 14:08:55,2026-09-15 14:17:55,9,2.71,2.98,paypal
TR2609150063719,CL104669,EN00253,trottinette,Nantes,ST1023,ST1024,2026-09-15 14:09:14,2026-09-15 14:22:14,13,3.46,3.86,cb
TR2609150063720,CL100001,EN00321,velo_elec,Nantes,ST1028,ST1028,15/09/2026 14:00,2026-09-15 14:04:42,4,0.91,2.0,paypal
TR2609150063721,CL107007,EN00434,velo_elec,Lille,ST1043,ST1035,2026-09-15 14:06:22,2026-09-15 14:16:22,10,1.8,3.5,abonnement
TR2609150063722,CL108045,EN00578,velo_elec,Grenoble,ST1049,ST1052,2026-09-15 14:11:03,2026-09-15 14:23:03,12,3.34,4.0,cb
TR2609150063723,CL100210,EN00552,trottinette,Grenoble,ST1050,ST1052,2026-09-15 14:11:09,2026-09-15 15:10:09,59,20.37,13.98,paypal
TR2609150063724,CL102585,EN00182,trottinette,Lyon,ST1004,ST1007,2026-09-15 14:30:51,2026-09-15 14:49:51,19,6.52,5.18,cb
TR2609150063725,CL103658,EN00173,velo_elec,Lyon,ST1009,ST1019,2026-09-15 14:22:19,1789475539,10,2.11,3.5,cb
TR2609150063726,CL108184,EN00018,trottinette,Lyon,ST1011,ST1005,15/09/2026 14:16,2026-09-15 14:31:19,15,4.14,4.3,abonnement
TR2609150063727,CL105414,EN00219,velo_elec,Lyon,ST1013,ST1013,2026-09-15 14:20:00,2026-09-15 14:27:00,7,1.63,2.75,cb
TR2609150063728,CL106571,EN00034,velo_elec,Lyon,ST1013,ST1009,2026-09-15 14:25:31,2026-09-15 14:30:31,5,1.45,2.25,cb
TR2609150063729,CL102753,EN00201,velo_elec,Lyon,ST1014,ST1014,15/09/2026 14:16,2026-09-15 14:31:58,15,2.51,4.75,cb
TR2609150063730,CL104513,EN00129,velo_elec,Lyon,ST1014,ST1012,15/09/2026 14:20,2026-09-15 14:27:24,7,1.13,2.75,cb
TR2609150063731,CL100324,EN00092,trottinette,Lyon,ST1016,ST1012,2026-09-15 14:19:47,1789476347,26,5.13,6.72,cb
TR2609150063732,CL106261,EN00156,velo,LYON,ST1017,ST1017,2026-09-15 14:28:53,2026-09-15 14:42:53,14,4.41,3.1,abonnement
TR2609150063733,CL103747,EN00127,trottinette,Lyon,ST1019,ST1016,1789475272,1789476172,15,5.0,4.3,cb
TR2609150063734,CL108483,EN00355,velo_elec,Nantes,ST1026,ST1020,2026-09-15 14:22:04,2026-09-15 14:40:04,18,6.23,5.5,cb
TR2609150063735,CL105777,EN00318,velo_elec,Nantes,ST1028,ST1025,2026-09-15 14:18:46,2026-09-15 14:29:46,11,3.42,3.75,cb
TR2609150063736,CL107077,EN00474,velo_elec,Lille,ST1040,ST1040,2026-09-15 14:22:56,15/09/2026 14:42,20,4.38,6.0,paypal
TR2609150063737,CL107931,EN00559,trottinette,Grenoble,ST1051,ST1057,2026-09-15 14:23:00,2026-09-15 15:01:00,38,13.24,9.36,abonnement
TR2609150063738,CL103915,EN00573,velo,Grenoble,ST1052,ST1058,15/09/2026 14:18,2026-09-15 14:36:49,18,3.65,3.7,abonnement
TR2609150063739,CL108314,EN00531,trottinette,Grenoble,ST1056,ST1049,2026-09-15 14:23:09,2026-09-15 14:34:09,11,3.53,3.42,abonnement
TR2609150063740,CL107562,EN00219,velo_elec,Lyon,ST1013,ST1009,1789476035,2026-09-15 14:44:35,4,1.13,2.0,cb
TR2609150063741,CL108345,EN00141,velo_elec,Lyon,ST1014,ST1016,2026-09-15 14:31:17,2026-09-15 14:44:17,13,2.09,4.25,abonnement
TR2609150063742,CL104072,EN00273,velo_elec,Nantes,ST1020,ST1021,,2026-09-15 14:57:45,19,5.99,5.75,cb
TR2609150063743,CL108207,EN00227,trottinette,Nantes,ST1027,ST1026,2026-09-15 14:42:38,2026-09-15 14:52:38,10,3.08,3.2,cb
TR2609150063744,CL104321,EN00311,trottinette,Nantes,ST1029,ST1032,2026-09-15 14:36:32,15/09/2026 14:53,17,3.49,4.74,cb
TR2609150063745,CL103842,EN00509,trottinette,Grenoble,ST1051,ST1056,2026-09-15 14:33:17,15/09/2026 14:44,11,2.52,3.42,cb
TR2609150063746,CL104925,EN00018,trottinette,Lyon,ST1005,ST1006,2026-09-15 14:56:52,1789477552,9,1.82,2.98,cb
TR2609150063747,CL102607,EN00067,velo_elec,Lyon,ST1008,ST1013,1789476627,2026-09-15 15:24:27,34,10.67,9.5,abonnement
TR2609150063748,CL101863,EN00168,velo_elec,Lyon,ST1013,ST1018,2026-09-15 14:47:22,15/09/2026 14:57,10,1.59,3.5,cb
TR2609150063749,CL104181,EN00049,trottinette,Lyon,ST1015,ST1006,2026-09-15 14:47:49,2026-09-15 14:54:49,7,1.24,2.54,cb
TR2609150063750,CL107965,EN00127,trottinette,Lyon,ST1016,ST1015,2026-09-15 14:57:38,2026-09-15 15:36:38,39,11.47,9.58,
TR2609150063751,CL101599,EN00141,velo_elec,Lyon,ST1016,ST1012,2026-09-15 14:53:25,2026-09-15 15:08:25,15,4.79,4.75,abonnement
TR2609150063752,CL100788,EN00169,velo,Lyon,ST1016,ST1006,15/09/2026 14:49,2026-09-15 14:55:03,6,1.3,1.9,cb
TR2609150063753,CL108902,EN00385,velo_elec,Lille,ST1034,ST1045,2026-09-15 14:46:22,2026-09-15 14:53:22,7,1.44,2.75,cb
TR2609150063754,CL102355,EN00425,velo_elec,lille,ST1034,ST1036,15/09/2026 14:50,2026-09-15 15:13:15,23,4.22,6.75,abonnement
TR2609150063755,CL105786,EN00444,trottinette,Lille,ST1037,ST1038,15/09/2026 14:46,1789476886,8,2.44,2.76,cb
TR2609150063756,CL107352,EN00389,trottinette,Lille,ST1044,ST1042,2026-09-15 14:46:25,2026-09-15 14:49:25,3,1.0,1.66,abonnement
TR2609150063757,CL106488,EN00437,velo,Lille,ST1045,ST1039,2026-09-15 14:46:39,2026-09-15 14:59:39,13,4.0,2.95,cb
TR2609150063758,CL102577,EN00578,velo_elec,Grenoble,ST1052,ST1051,2026-09-15 14:58:09,15/09/2026 15:03,5,0.84,2.25,cb
TR2609150063759,CL104790,EN00527,velo_elec,Grenoble,ST1053,ST1052,2026-09-15 14:56:19,15/09/2026 15:29,33,7.9,9.25,cb
TR2609150063760,CL103382,EN00138,velo_elec,Lyon,ST1001,ST1009,2026-09-15 15:04:55,2026-09-15 15:16:55,12,3.74,4.0,paypal
TR2609150063761,CL103835,EN00074,trottinette,Lyon,ST1005,ST1008,2026-09-15 15:08:02,2026-09-15 15:25:02,17,4.63,4.74,abonnement
TR2609150063762,CL107727,EN00186,trottinette,Lyon,ST1013,ST1001,2026-09-15 15:12:29,2026-09-15 15:18:29,6,1.15,2.32,paypal
TR2609150063763,CL108905,EN00083,velo_elec,Lyon,ST1013,ST1001,2026-09-15 15:04:02,2026-09-15 15:12:02,8,1.88,3.0,cb
TR2609150063764,CL102927,EN00198,velo_elec,Lyon,ST1014,ST1016,2026-09-15 15:06:37,2026-09-15 15:14:37,8,2.44,3.0,
TR2609150063765,CL107252,EN00093,velo_elec,Lyon,ST1019,ST1009,2026-09-15 15:15:19,2026-09-15 16:19:19,64,11.16,17.0,cb
TR2609150063766,CL104777,EN00321,velo_elec,Nantes,ST1028,ST1033,2026-09-15 15:07:59,2026-09-15 15:16:59,9,2.64,3.25,cb
TR2609150063767,CL102236,EN00374,velo_elec,Lille,ST1036,ST1045,1789477984,2026-09-15 15:29:04,16,5.01,5.0,paypal
TR2609150063768,CL106863,EN00437,velo,Lille,ST1039,ST1046,2026-09-15 15:15:50,2026-09-15 15:27:50,12,2.1,2.8,cb
TR2609150063769,CL100952,EN00409,trottinette,Lille,ST1042,ST1035,2026-09-15 15:07:42,1789478142,3470,1.93,2.76,paypal
TR2609150063770,CL100846,EN00362,velo_elec,Lille,ST1044,ST1046,2026-09-15 15:08:23,1789478003,5,1.54,2.25,cb
TR2609150063771,CL105210,EN00480,velo_elec,Lille,ST1046,ST1036,2026-09-15 15:02:33,2026-09-15 15:06:33,4,0.73,2.0,cb
TR2609150063772,CL104055,EN00508,trottinette,Grenoble,ST1048,ST1058,2026-09-15 15:08:29,15/09/2026 15:28,20,4.13,5.4,paypal
TR2609150063773,CL106770,EN00511,trottinette,Grenoble,ST1057,ST1054,2026-09-15 15:01:14,2026-09-15 15:31:14,30,8.74,7.6,abonnement
TR2609150063774,CL105531,EN00203,trottinette,Lyon,ST1002,ST1016,1789478458,2026-09-15 15:30:58,10,2.66,3.2,
TR2609150063775,CL102182,EN00123,velo_elec,Lyon,ST1002,ST1004,2026-09-15 15:19:36,2026-09-15 15:23:36,4,1.05,2.0,abonnement
TR2609150063776,CL103570,EN00190,trottinette,Lyon,ST1003,ST1010,2026-09-15 15:26:27,15/09/2026 15:29,3,0.74,1.66,cb
TR2609150063777,CL105050,EN00108,velo_elec,Lyon,ST1011,ST1016,2026-09-15 15:29:54,1789480134,19,5.46,5.75,abonnement
TR2609150063778,CL107175,EN00156,velo,Lyon,ST1017,ST1016,2026-09-15 15:26:48,2026-09-15 15:38:48,12,2.7,2.8,abonnement
TR2609150063779,CL106292,EN00224,velo_elec,Nantes,ST1020,ST1025,2026-09-15 15:25:41,2026-09-15 15:35:41,10,2.15,3.5,cb
TR2609150063780,CL102938,EN00359,trottinette,Nantes,ST1028,ST1025,2026-09-15 15:22:04,2026-09-15 15:36:04,14,3.18,4.08,cb
TR2609150063781,CL101844,EN00395,trottinette,Lille,ST1042,ST1044,2026-09-15 15:26:00,2026-09-15 15:37:00,11,3.02,3.42,cb
TR2609150063782,CL101057,EN00410,velo_elec,Lille,ST1044,ST1040,15/09/2026 15:30,1789479664,11,2.86,3.75,abonnement
TR2609150063783,CL101657,EN00421,velo_elec,Lille,ST1044,ST1039,1789478961,15/09/2026 15:40,11,2.37,3.75,paypal
TR2609150063784,CL105591,EN00470,trottinette,Lille,ST1046,ST1035,2026-09-15 15:20:57,15/09/2026 15:29,9,1.82,2.98,abonnement
TR2609150063785,CL106616,EN00545,trottinette,Grenoble,ST1048,ST1050,2026-09-15 15:31:10,1789479550,8,1.86,2.76,cb
TR2609150063786,CL100007,EN00071,velo_elec,Lyon,ST1001,ST1011,2026-09-15 15:36:02,15/09/2026 15:39,3,0.68,1.75,cb
TR2609150063787,CL104181,EN00074,trottinette,Lyon,ST1008,ST1019,2026-09-15 15:40:47,2026-09-15 16:20:47,40,8.31,9.8,cb
TR2609150063788,CL102580,EN00100,velo_elec,Lyon,ST1015,ST1019,15/09/2026 15:43,2026-09-15 15:49:15,6,0.96,2.5,cb
TR2609150063789,CL102106,EN00168,velo_elec,Lyon,ST1018,ST1010,2026-09-15 15:30:42,15/09/2026 15:56,26,8.95,7.5,paypal
TR2609150063790,CL102771,EN00173,velo_elec,LYON,ST1019,ST1018,15/09/2026 15:44,2026-09-15 15:48:15,4,1.33,2.0,abonnement
TR2609150063791,CL100064,EN00341,velo_elec,Nantes,ST1031,ST1022,2026-09-15 15:35:26,2026-09-15 15:51:26,16,4.31,5.0,abonnement
TR2609150063792,CL107604,EN00498,trottinette,Lille,ST1040,ST1047,2026-09-15 15:37:50,2026-09-15 15:45:50,8,2.22,2.76,cb
TR2609150063793,CL102487,EN00477,trottinette,Lille,ST1044,ST1034,2026-09-15 15:43:45,2026-09-15 16:13:45,30,7.32,7.6,cb
TR2609150063794,CL107931,EN00515,trottinette,Grenoble,ST1049,ST1058,2026-09-15 15:45:05,2026-09-15 15:51:05,6,1.46,2.32,cb
TR2609150063795,CL104895,EN00527,velo_elec,Grenoble,ST1052,ST1057,2026-09-15 15:38:43,2026-09-15 15:57:43,19,4.94,5.75,cb
TR2609150063796,CL102977,EN00582,trottinette,Grenoble,ST1055,ST1056,2026-09-15 15:34:49,1789479649,6,2.03,2.32,paypal
TR2609150063797,CL102635,EN00559,trottinette,Grenoble,ST1057,ST1057,2026-09-15 15:32:34,2026-09-15 15:55:34,23,3.53,6.06,cb
TR2609150063798,CL103053,EN00191,trottinette,Lyon,ST1002,ST1011,2026-09-15 15:48:13,2026-09-15 16:06:13,18,5.94,4.96,paypal
TR2609150063799,CL102778,EN00143,velo,Lyon,ST1008,ST1004,2026-09-15 15:55:39,2026-09-15 16:04:39,9,1.75,2.35,abonnement
TR2609150063800,CL106574,EN00219,velo_elec,Lyon,ST1009,ST1009,2026-09-15 15:57:13,15/09/2026 16:10,13,2.53,4.25,paypal
TR2609150063801,CL105425,EN00190,trottinette,Lyon,ST1010,ST1010,1789480446,2026-09-15 16:02:06,8,1.24,2.76,abonnement
TR2609150063802,CL105588,EN00201,velo_elec,Lyon,ST1014,ST1016,2026-09-15 15:50:51,2026-09-15 16:09:51,19,6.63,5.75,abonnement
TR2609150063803,CL104690,EN00075,trottinette,Lyon,ST1015,ST1016,2026-09-15 15:51:47,2026-09-15 16:04:47,13,3.71,3.86,cb
TR2609150063804,CL101880,EN00289,trottinette,NANTES,ST1024,ST1032,15/09/2026 15:59,1789481902,19,4.86,5.18,cb
TR2609150063805,CL106722,EN00304,velo_elec,Nantes,ST1026,ST1030,2026-09-15 15:57:58,2026-09-15 16:17:58,20,4.1,6.0,cb
TR2609150063806,CL107238,EN00234,trottinette,nantes,ST1027,ST1032,2026-09-15 15:55:45,2026-09-15 16:22:45,27,7.27,6.94,abonnement
TR2609150063807,CL108891,EN00232,trottinette,Nantes,ST1031,ST1026,2026-09-15 15:51:46,2026-09-15 16:19:46,28,7.61,7.16,cb
TR2609150063808,CL103515,EN00481,velo_elec,Lille,ST1037,ST1037,2026-09-15 15:56:52,2026-09-15 16:18:52,22,7.2,6.5,paypal
TR2609150063809,CL106488,EN00444,trottinette,Lille,ST1038,ST1036,15/09/2026 15:52,2026-09-15 16:05:59,13,3.43,3.86,
TR2609150063810,CL104074,EN00421,velo_elec,Lille,ST1039,ST1035,,2026-09-15 16:04:54,10,2.05,3.5,cb
TR2609150063811,CL105240,EN00485,trottinette,Lille,ST1040,ST1039,2026-09-15 15:51:05,2026-09-15 16:14:05,23,6.77,6.06,cb
TR2609150063812,CL103421,EN00474,velo_elec,lille,ST1040,ST1034,15/09/2026 15:51,2026-09-15 15:54:14,3,0.96,1.75,abonnement
TR2609150063813,CL100014,EN00504,trottinette,Grenoble,ST1055,ST1049,2026-09-15 15:52:57,2026-09-15 15:59:57,7,2.0,2.54,abonnement
TR2609150063814,CL102415,EN00582,trottinette,Grenoble,ST1056,ST1057,2026-09-15 15:57:28,2026-09-15 16:06:28,9,2.03,2.98,cb
TR2609150063815,CL105692,EN00039,velo_elec,Lyon,ST1002,ST1015,15/09/2026 16:10,2026-09-15 16:19:35,9,2.11,3.25,cb
TR2609150063816,CL101606,EN00197,velo_elec,Lyon,ST1004,ST1002,2026-09-15 16:10:25,2026-09-15 16:33:25,23,3.89,6.75,cb
TR2609150063817,CL106712,EN00122,trottinette,Lyon,ST1005,ST1019,2026-09-15 16:15:03,2026-09-15 16:19:03,4,0.71,1.88,abonnement
TR2609150063818,CL101368,EN00115,velo_elec,Lyon,ST1005,ST1019,2026-09-15 16:12:40,2026-09-15 16:19:40,7,1.35,2.75,
TR2609150063819,CL106999,EN00182,trottinette,Lyon,ST1007,ST1019,2026-09-15 16:13:28,2026-09-15 16:20:28,7,2.11,2.54,abonnement
TR2609150063820,CL102951,EN00307,trottinette,Nantes,ST1024,ST1021,2026-09-15 16:06:53,2026-09-15 16:17:53,11,2.47,3.42,abonnement
TR2609150063821,CL106269,EN00347,trottinette,Nantes,ST1027,ST1033,2026-09-15 16:10:35,2026-09-15 16:32:35,22,5.93,5.84,cb
TR2609150063822,CL104068,EN00302,velo_elec,NANTES,ST1028,ST1025,1789481718,,3,0.47,1.75,cb
TR2609150063823,CL108907,EN00482,velo_elec,Lille,ST1034,ST1039,2026-09-15 16:10:06,1789481826,7,2.13,2.75,cb
TR2609150063824,CL106547,EN00474,velo_elec,LILLE,ST1034,ST1046,15/09/2026 16:07,2026-09-15 16:14:51,7,1.73,2.75,abonnement
TR2609150063825,CL102053,EN00464,trottinette,Lille,ST1035,ST1042,2026-09-15 16:15:11,2026-09-15 16:30:11,15,2.52,4.3,cb
TR2609150063826,CL104071,EN00363,velo_elec,Lille,ST1036,ST1037,2026-09-15 16:07:21,2026-09-15 16:38:21,31,5.59,8.75,paypal
TR2609150063827,CL102096,EN00446,trottinette,Lille,ST1036,ST1042,2026-09-15 16:15:01,2026-09-15 16:19:01,4,1.23,1.88,abonnement
TR2609150063828,CL106072,EN00389,trottinette,Lille,ST1042,ST1041,2026-09-15 16:05:04,2026-09-15 16:23:04,18,5.54,4.96,abonnement
TR2609150063829,CL100089,EN00548,trottinette,Grenoble,ST1049,ST1050,2026-09-15 16:12:58,2026-09-15 16:15:58,3,0.79,1.66,cb
TR2609150063830,CL100999,EN00578,velo_elec,Grenoble,ST1051,ST1049,2026-09-15 16:14:46,,13,2.57,4.25,cb
TR2609150063831,CL101486,EN00522,velo_elec,Grenoble,ST1055,ST1053,1789481737,,5,1.23,2.25,abonnement
TR2609150063832,CL100029,EN00139,velo_elec,Lyon,ST1002,ST1016,2026-09-15 16:30:42,15/09/2026 16:35,5,1.56,2.25,cb
TR2609150063833,CL106891,EN00153,velo_elec,Lyon,ST1003,ST1008,2026-09-15 16:16:50,2026-09-15 16:25:50,9,1.77,3.25,cb
TR2609150063834,CL100921,EN00123,velo_elec,Lyon,ST1004,ST1015,2026-09-15 16:28:49,2026-09-15 16:34:49,6,1.51,2.5,cb
TR2609150063835,CL106867,EN00100,velo_elec,Lyon,ST1019,ST1006,15/09/2026 16:25,2026-09-15 16:31:53,6,1.13,2.5,cb
TR2609150063836,CL108984,EN00375,trottinette,LILLE,ST1034,ST1035,15/09/2026 16:28,2026-09-15 16:45:41,17,5.63,4.74,paypal
TR2609150063837,CL106629,EN00439,velo_elec,Lille,ST1034,ST1044,2026-09-15 16:28:16,2026-09-15 16:35:16,7,1.82,2.75,abonnement
TR2609150063838,CL105921,EN00386,trottinette,Lille,ST1035,ST1043,2026-09-15 16:28:20,15/09/2026 16:35,7,2.2,2.54,cb
TR2609150063839,CL105497,EN00426,trottinette,Lille,ST1036,ST1046,1789481744,15/09/2026 16:24,9,1.87,2.98,cb
TR2609150063840,CL108056,EN00535,velo_elec,Grenoble,ST1048,ST1050,2026-09-15 16:19:51,1789482591,10,1.86,3.5,cb
TR2609150063841,CL103490,EN00548,trottinette,Grenoble,ST1050,ST1058,2026-09-15 16:27:00,2026-09-15 16:48:00,21,5.97,5.62,cb
TR2609150063842,CL108657,EN00220,velo_elec,Lyon,ST1002,ST1009,2026-09-15 16:40:21,2026-09-15 16:54:21,14,4.72,4.5,cb
TR2609150063843,CL104598,EN00195,velo_elec,Lyon,ST1004,ST1017,2026-09-15 16:34:16,2026-09-15 16:42:16,8,1.85,3.0,abonnement
TR2609150063844,CL100102,EN00081,velo_elec,Lyon,ST1004,ST1011,15/09/2026 16:34,2026-09-15 16:47:39,13,2.08,4.25,cb
TR2609150063845,CL104059,EN00061,trottinette,Lyon,ST1004,ST1013,2026-09-15 16:36:47,15/09/2026 16:51,15,4.06,4.3,cb
TR2609150063846,CL108829,EN00094,velo_elec,Lyon,ST1005,ST1001,2026-09-15 16:40:42,2026-09-15 17:04:42,24,3.67,7.0,abonnement
TR2609150063847,CL101121,EN00092,trottinette,LYON,ST1012,ST1005,15/09/2026 16:40,15/09/2026 16:57,17,4.09,4.74,cb
TR2609150063848,CL102841,EN00291,velo_elec,Nantes,ST1020,ST1020,1789483058,15/09/2026 16:40,3,0.5,1.75,paypal
TR2609150063849,CL100766,EN00290,trottinette,nantes,ST1021,ST1026,2026-09-15 16:42:02,2026-09-15 16:50:02,8,2.27,2.76,cb
TR2609150063850,CL107956,EN00311,trottinette,Nantes,ST1032,ST1029,2026-09-15 16:35:32,1789483532,10,3.26,3.2,cb
TR2609150063851,CL103743,EN00430,velo_elec,Lille,ST1035,ST1045,2026-09-15 16:45:43,2026-09-15 17:12:43,27,9.15,7.75,paypal
TR2609150063852,CL104327,EN00361,trottinette,Lille,ST1036,ST1041,2026-09-15 16:34:25,2026-09-15 16:55:25,21,5.77,5.62,
TR2609150063853,CL108232,EN00493,velo_elec,Lille,ST1038,ST1037,2026-09-15 16:43:12,2026-09-15 16:50:12,7,1.74,2.75,paypal
TR2609150063854,CL107846,EN00446,trottinette,Lille,ST1042,ST1038,2026-09-15 16:42:07,2026-09-15 16:50:07,8,2.5,2.76,cb
TR2609150063855,CL104408,EN00498,trottinette,Lille,ST1047,ST1046,15/09/2026 16:31,2026-09-15 16:38:06,7,1.86,2.54,cb
TR2609150063856,CL105867,EN00551,trottinette,GRENOBLE,ST1048,ST1058,,2026-09-15 17:21:44,39,10.26,9.58,paypal
TR2609150063857,CL104657,EN00504,trottinette,Grenoble,ST1049,ST1057,2026-09-15 16:34:47,2026-09-15 16:40:47,6,1.09,2.32,cb
TR2609150063858,CL103963,EN00578,velo_elec,Grenoble,ST1049,ST1055,15/09/2026 16:33,2026-09-15 16:56:55,23,7.2,6.75,paypal
TR2609150063859,CL105219,EN00050,velo_elec,Lyon,ST1004,ST1001,,15/09/2026 17:08,12,2.13,4.0,cb
TR2609150063860,CL106414,EN00071,velo_elec,Lyon,ST1011,ST1004,15/09/2026 17:00,2026-09-15 17:16:54,16,4.41,5.0,cb
TR2609150063861,CL104631,EN00291,velo_elec,Nantes,ST1020,ST1026,1789484399,2026-09-15 17:09:59,10,2.54,3.5,cb
TR2609150063862,CL101901,EN00309,trottinette,Nantes,ST1021,ST1027,2026-09-15 16:51:48,15/09/2026 17:01,10,1.69,3.2,cb
TR2609150063863,CL106844,EN00295,velo_elec,Nantes,ST1028,ST1031,2026-09-15 16:55:59,2026-09-15 17:12:59,17,3.6,5.25,abonnement
TR2609150063864,CL108287,EN00289,trottinette,Nantes,ST1032,ST1031,2026-09-15 16:50:47,2026-09-15 17:01:47,11,3.36,3.42,cb
TR2609150063865,CL103235,EN00363,velo_elec,Lille,ST1037,ST1037,2026-09-15 16:51:23,2026-09-15 17:03:23,12,2.08,4.0,abonnement
TR2609150063866,CL108986,EN00386,trottinette,Lille,ST1043,ST1036,2026-09-15 16:47:03,2026-09-15 17:02:03,15,5.15,4.3,cb
TR2609150063867,CL100653,EN00426,trottinette,Lille,ST1046,ST1041,15/09/2026 16:55,15/09/2026 17:21,26,8.65,6.72,abonnement
TR2609150063868,CL104672,EN00511,trottinette,Grenoble,ST1054,ST1051,2026-09-15 16:51:51,2026-09-15 17:03:51,12,2.6,3.64,abonnement
TR2609150063869,CL108979,EN00509,trottinette,Grenoble,ST1056,ST1051,2026-09-15 17:00:06,2026-09-15 17:08:06,8,2.39,2.76,cb
TR2609150063870,CL103213,EN00162,velo_elec,Lyon,ST1003,ST1015,2026-09-15 17:12:57,,15,2.99,4.75,abonnement
TR2609150063871,CL107370,EN00096,velo_elec,Lyon,ST1004,ST1006,1789485138,15/09/2026 17:16,4,0.6,2.0,abonnement
TR2609150063872,CL107220,EN00153,velo_elec,Lyon,ST1008,ST1001,2026-09-15 17:05:40,1789485040,5,0.85,2.25,cb
TR2609150063873,CL105860,EN00031,velo_elec,Lyon,ST1012,ST1004,2026-09-15 17:08:01,2026-09-15 17:23:01,15,2.88,4.75,abonnement
TR2609150063874,CL104001,EN00338,velo_elec,Nantes,ST1021,ST1024,2026-09-15 17:01:40,2026-09-15 17:17:40,16,3.53,5.0,cb
TR2609150063875,CL101850,EN00297,trottinette,Nantes,ST1022,ST1030,2026-09-15 17:15:15,2026-09-15 17:22:15,7,1.83,2.54,cb
TR2609150063876,CL104420,EN00224,velo_elec,Nantes,ST1025,ST1029,2026-09-15 17:11:13,2026-09-15 17:19:13,8,2.7,3.0,cb
TR2609150063877,CL106507,EN00336,velo_elec,Nantes,ST1025,ST1026,2026-09-15 17:03:33,2026-09-15 17:08:33,5,1.48,2.25,cb
TR2609150063878,CL104708,EN00315,velo_elec,Nantes,ST1028,ST1031,2026-09-15 17:12:09,2026-09-15 17:25:09,13,4.35,4.25,abonnement
TR2609150063879,CL101943,EN00477,trottinette,Lille,ST1034,ST1044,15/09/2026 17:12,2026-09-15 17:27:53,15,3.22,4.3,abonnement
TR2609150063880,CL102358,EN00493,velo_elec,Lille,ST1037,ST1040,2026-09-15 17:01:12,2026-09-15 17:11:12,10,3.41,3.5,abonnement
TR2609150063881,CL103891,EN00446,trottinette,Lille,ST1038,ST1041,2026-09-15 17:03:01,2026-09-15 17:09:01,6,1.61,2.32,cb
TR2609150063882,CL104570,EN00473,trottinette,Lille,ST1038,ST1035,2026-09-15 17:10:20,,24,6.38,6.28,paypal
TR2609150063883,CL105956,EN00456,trottinette,Lille,ST1046,ST1046,2026-09-15 17:01:08,15/09/2026 17:12,11,2.65,3.42,cb
TR2609150063884,CL108889,EN00372,trottinette,Lille,ST1046,ST1043,2026-09-15 17:07:44,15/09/2026 17:22,15,2.63,4.3,cb
TR2609150063885,CL104213,EN00507,trottinette,Grenoble,ST1048,ST1054,2026-09-15 17:01:25,1789486405,32,4.87,8.04,paypal
TR2609150063886,CL108712,EN00523,velo_elec,Grenoble,ST1048,ST1052,2026-09-15 17:08:19,15/09/2026 17:22,14,2.41,4.5,abonnement
TR2609150063887,CL100478,EN00561,velo_elec,Grenoble,ST1049,ST1049,2026-09-15 17:08:09,1789485129,4,0.94,2.0,cb
TR2609150063888,CL102926,EN00582,trottinette,Grenoble,ST1057,ST1058,2026-09-15 17:07:05,1789485605,13,4.11,3.86,abonnement
TR2609150063889,CL106632,EN00515,trottinette,grenoble,ST1058,ST1049,15/09/2026 17:09,2026-09-15 17:26:54,17,3.78,4.74,cb
TR2609150063890,CL100676,EN00153,velo_elec,Lyon,ST1001,ST1013,2026-09-15 17:21:11,2026-09-15 17:26:11,5,0.87,2.25,paypal
TR2609150063891,CL107676,EN00080,trottinette,Lyon,ST1001,ST1015,15/09/2026 17:28,2026-09-15 17:51:19,23,5.2,6.06,cb
TR2609150063892,CL103828,EN00197,velo_elec,Lyon,ST1002,ST1005,2026-09-15 17:17:28,2026-09-15 17:25:28,8,2.07,3.0,paypal
TR2609150063893,CL101270,EN00199,velo_elec,Lyon,ST1002,ST1003,2026-09-15 17:17:46,15/09/2026 17:26,9,2.45,3.25,paypal
TR2609150063894,CL107274,EN00026,trottinette,Lyon,ST1002,ST1011,1789485680,2026-09-15 17:30:20,9,2.88,2.98,cb
TR2609150063895,CL108362,EN00174,velo_elec,Lyon,ST1004,ST1017,15/09/2026 17:26,1789486611,10,2.07,3.5,cb
TR2609150063896,CL104674,EN00092,trottinette,Lyon,ST1005,ST1011,2026-09-15 17:18:18,1789485678,3,0.46,1.66,paypal
TR2609150063897,CL107579,EN00299,trottinette,Nantes,ST1028,ST1025,2026-09-15 17:27:04,15/09/2026 17:31,4,0.74,1.88,cb
TR2609150063898,CL105107,EN00234,trottinette,Nantes,ST1032,ST1029,2026-09-15 17:27:40,15/09/2026 17:36,9,1.87,2.98,paypal
TR2609150063899,CL101011,EN00462,velo_elec,Lille,ST1035,ST1044,2026-09-15 17:28:19,2026-09-15 17:38:19,10,2.92,3.5,paypal
TR2609150063900,CL101805,EN00417,trottinette,Lille,ST1035,ST1045,15/09/2026 17:27,2026-09-15 17:54:15,27,7.63,6.94,cb
TR2609150063901,CL101455,EN00380,velo_elec,Lille,ST1036,ST1035,2026-09-15 17:21:49,2026-09-15 17:33:49,12,3.1,4.0,cb
TR2609150063902,CL103432,EN00424,velo_elec,Lille,ST1040,ST1038,2026-09-15 17:30:15,2026-09-15 17:50:15,20,4.15,6.0,cb
TR2609150063903,CL101026,EN00587,trottinette,Grenoble,ST1048,ST1053,1789485637,2026-09-15 17:43:37,23,5.89,6.06,abonnement
TR2609150063904,CL102155,EN00517,trottinette,Grenoble,ST1048,ST1054,2026-09-15 17:25:41,2026-09-15 17:31:41,6,1.0,2.32,cb
TR2609150063905,CL101279,EN00539,velo_elec,grenoble,ST1048,ST1048,2026-09-15 17:18:58,2026-09-15 17:37:58,19,5.38,5.75,abonnement
TR2609150063906,CL107054,EN00592,velo_elec,Grenoble,ST1048,ST1053,2026-09-15 17:23:27,2026-09-15 17:31:27,8,1.58,3.0,paypal
TR2609150063907,CL101750,EN00533,velo_elec,Grenoble,ST1051,ST1048,2026-09-15 17:15:48,15/09/2026 17:17,2,0.7,1.5,paypal
TR2609150063908,CL108319,EN00508,trottinette,Grenoble,ST1058,ST1057,2026-09-15 17:27:37,2026-09-15 17:44:37,17,4.21,4.74,cb
TR2609150063909,CL107388,EN00133,velo_elec,Lyon,ST1003,ST1015,2026-09-15 17:39:22,15/09/2026 17:45,6,1.03,2.5,abonnement
TR2609150063910,CL101360,EN00112,velo_elec,Lyon,ST1004,ST1016,2026-09-15 17:32:08,15/09/2026 18:17,45,8.13,12.25,cb
TR2609150063911,CL107236,EN00071,velo_elec,Lyon,ST1004,ST1004,15/09/2026 17:42,2026-09-15 17:53:07,11,3.64,3.75,abonnement
TR2609150063912,CL107468,EN00197,velo_elec,Lyon,ST1005,ST1001,2026-09-15 17:31:00,2026-09-15 17:50:00,19,5.6,5.75,abonnement
TR2609150063913,CL105870,EN00092,trottinette,Lyon,ST1011,ST1019,2026-09-15 17:38:27,2026-09-15 17:48:27,10,1.58,3.2,cb
TR2609150063914,CL101203,EN00153,velo_elec,Lyon,ST1013,ST1017,2026-09-15 17:36:27,2026-09-15 17:47:27,11,2.08,3.75,cb
TR2609150063915,CL104147,EN00157,velo_elec,Lyon,ST1014,ST1007,1789487112,2026-09-15 17:52:12,7,2.27,2.75,abonnement
TR2609150063916,CL101395,EN00074,trottinette,Lyon,ST1019,ST1006,2026-09-15 17:44:43,2026-09-15 18:20:43,36,11.97,8.92,cb
TR2609150063917,CL108903,EN00358,trottinette,Nantes,ST1020,ST1020,15/09/2026 17:44,1789488466,23,5.19,6.06,paypal
TR2609150063918,CL100763,EN00230,velo_elec,Nantes,ST1020,ST1022,2026-09-15 17:37:26,15/09/2026 17:46,9,1.79,3.25,abonnement
TR2609150063919,CL107151,EN00267,trottinette,Nantes,ST1020,ST1032,2026-09-15 17:41:51,2026-09-15 18:00:51,19,3.51,5.18,cb
TR2609150063920,CL103316,EN00266,velo_elec,Nantes,ST1022,ST1025,2026-09-15 17:43:02,2026-09-15 17:56:02,13,2.99,4.25,
TR2609150063921,CL101010,EN00484,velo_elec,Lille,ST1036,ST1041,15/09/2026 17:45,2026-09-15 17:50:16,5,1.5,2.25,paypal
TR2609150063922,CL106464,EN00488,velo_elec,Lille,ST1036,ST1047,15/09/2026 17:33,2026-09-15 17:42:48,9,1.47,3.25,cb
TR2609150063923,CL100101,EN00363,velo_elec,Lille,ST1037,ST1037,2026-09-15 17:34:13,2026-09-15 17:42:13,8,1.63,3.0,paypal
TR2609150063924,CL101076,EN00482,velo_elec,LILLE,ST1039,ST1040,2026-09-15 17:35:20,2026-09-15 17:52:20,17,5.0,5.25,abonnement
TR2609150063925,CL103943,EN00493,velo_elec,Lille,ST1040,ST1041,2026-09-15 17:39:29,2026-09-15 17:51:29,12,2.68,4.0,cb
TR2609150063926,CL108053,EN00440,trottinette,Lille,ST1041,ST1046,2026-09-15 17:37:22,2026-09-15 17:51:22,14,3.65,4.08,abonnement
TR2609150063927,CL103483,EN00372,trottinette,Lille,ST1043,ST1040,2026-09-15 17:43:48,2026-09-15 18:21:48,38,9.21,9.36,
TR2609150063928,CL105147,EN00374,velo_elec,Lille,ST1045,ST1045,2026-09-15 17:34:38,2026-09-15 17:55:38,21,4.58,6.25,paypal
TR2609150063929,CL105889,EN00474,velo_elec,Lille,ST1046,ST1044,2026-09-15 17:36:54,15/09/2026 17:45,9,2.49,3.25,cb
TR2609150063930,CL103408,EN00535,velo_elec,Grenoble,ST1050,ST1054,15/09/2026 17:36,15/09/2026 18:10,34,6.34,9.5,abonnement
TR2609150063931,CL102601,EN00509,trottinette,Grenoble,ST1051,ST1048,2026-09-15 17:34:13,2026-09-15 17:46:13,12,2.01,3.64,cb
TR2609150063932,CL105668,EN00517,trottinette,Grenoble,ST1054,ST1052,2026-09-15 17:45:15,2026-09-15 18:07:15,-21,3.37,5.84,cb
TR2609150063933,CL102038,EN00504,trottinette,Grenoble,ST1057,ST1051,2026-09-15 17:45:25,2026-09-15 18:01:25,16,3.08,4.52,abonnement
TR2609150063934,CL106572,EN00094,velo_elec,Lyon,ST1001,ST1014,2026-09-15 17:52:32,2026-09-15 18:14:32,22,3.5,6.5,paypal
TR2609150063935,CL100773,EN00142,velo_elec,Lyon,ST1002,ST1008,2026-09-15 17:55:05,2026-09-15 18:16:05,21,6.76,6.25,cb
TR2609150063936,CL102811,EN00172,trottinette,Lyon,ST1004,ST1005,15/09/2026 17:52,2026-09-15 18:08:44,16,2.75,4.52,cb
TR2609150063937,CL108415,EN00145,trottinette,LYON,ST1004,ST1017,2026-09-15 17:46:41,2026-09-15 17:48:41,2,0.49,1.44,abonnement
TR2609150063938,CL104761,EN00123,velo_elec,Lyon,ST1015,ST1014,1789487689,,7,2.39,2.75,cb
TR2609150063939,CL102377,EN00237,velo_elec,Nantes,ST1020,ST1024,2026-09-15 17:46:54,1789488654,24,6.16,7.0,cb
TR2609150063940,CL107932,EN00278,trottinette,NANTES,ST1020,ST1022,2026-09-15 17:53:44,,31,6.26,7.82,cb
TR2609150063941,CL103706,EN00293,velo_elec,Nantes,ST1021,ST1028,2026-09-15 18:00:00,2026-09-15 18:13:00,13,4.36,4.25,cb
TR2609150063942,CL103097,EN00303,velo_elec,Nantes,ST1021,ST1032,2026-09-15 17:53:09,2026-09-15 18:02:09,9,2.47,3.25,cb
TR2609150063943,CL104882,EN00360,trottinette,Nantes,ST1022,ST1025,2026-09-15 17:54:40,2026-09-15 18:02:40,8,1.94,2.76,abonnement
TR2609150063944,CL107123,EN00229,trottinette,Nantes,ST1022,ST1020,2026-09-15 17:54:42,15/09/2026 17:58,4,1.17,1.88,cb
TR2609150063945,CL102909,EN00309,trottinette,Nantes,ST1027,ST1025,2026-09-15 17:52:06,,11,2.03,3.42,abonnement
TR2609150063946,CL105311,EN00224,velo_elec,Nantes,ST1029,ST1020,,2026-09-15 17:59:45,13,3.33,4.25,cb
TR2609150063947,CL102959,EN00264,trottinette,Nantes,ST1031,ST1028,1789487679,2026-09-15 18:05:39,11,2.74,3.42,paypal
TR2609150063948,CL108486,EN00357,trottinette,Nantes,ST1033,ST9936,2026-09-15 17:54:37,2026-09-15 17:58:37,4,0.99,1.88,cb
TR2609150063949,CL100009,EN00427,trottinette,Lille,ST1034,ST1046,2026-09-15 17:48:39,2026-09-15 18:05:39,17,5.41,4.74,cb
TR2609150063950,CL101210,EN00400,trottinette,LILLE,ST1038,ST1045,2026-09-15 17:54:44,2026-09-15 18:09:44,15,3.54,4.3,paypal
TR2609150063951,CL102801,EN00488,velo_elec,Lille,ST1047,ST1042,2026-09-15 17:59:21,2026-09-15 18:12:21,13,2.39,4.25,abonnement
TR2609150063952,CL102537,EN00523,velo_elec,Grenoble,ST1052,ST1053,15/09/2026 17:58,2026-09-15 18:03:12,5,1.4,2.25,abonnement
TR2609150063953,CL104564,EN00574,velo,Grenoble,ST1056,ST1053,2026-09-15 17:50:38,2026-09-15 18:12:38,22,5.36,4.3,cb
TR2609150063954,CL101209,EN00083,velo_elec,Lyon,ST1001,ST1018,2026-09-15 18:07:35,15/09/2026 18:11,4,0.8,2.0,cb
TR2609150063955,CL108836,EN00192,velo_elec,Lyon,ST1002,ST1019,2026-09-15 18:05:13,2026-09-15 18:17:13,12,3.29,4.0,cb
TR2609150063956,CL104526,EN00184,velo_elec,Lyon,ST1002,ST1012,15/09/2026 18:08,2026-09-15 18:16:47,8,1.55,3.0,abonnement
TR2609150063957,CL105862,EN00041,velo_elec,Lyon,ST1003,ST1012,15/09/2026 18:02,2026-09-15 18:16:52,14,3.36,4.5,cb
TR2609150063958,CL105134,EN00014,velo_elec,Lyon,ST1003,ST1013,2026-09-15 18:11:45,1789490625,32,9.42,9.0,abonnement
TR2609150063959,CL104649,EN00150,trottinette,Lyon,ST1003,ST1016,15/09/2026 18:11,2026-09-15 18:28:04,17,4.87,4.74,paypal
TR2609150063960,CL100772,EN00132,trottinette,lyon,ST1004,ST1019,2026-09-15 18:05:20,2026-09-15 18:15:20,10,1.67,3.2,abonnement
TR2609150063961,CL101705,EN00121,trottinette,Lyon,ST1004,ST1019,2026-09-15 18:05:12,2026-09-15 18:29:12,24,4.33,6.28,cb
TR2609150063962,CL100559,EN00078,velo_elec,Lyon,ST1004,ST1005,2026-09-15 18:12:00,2026-09-15 18:18:00,6,2.07,2.5,paypal
TR2609150063963,CL102182,EN00031,velo_elec,Lyon,ST1004,ST1018,15/09/2026 18:07,2026-09-15 18:09:50,2,0.45,1.5,cb
TR2609150063964,CL102709,EN00018,trottinette,Lyon,ST1006,ST1012,2026-09-15 18:03:32,15/09/2026 18:11,8,2.56,2.76,cb
TR2609150063965,CL108147,EN00157,velo_elec,Lyon,ST1007,ST1016,2026-09-15 18:07:10,2026-09-15 18:11:10,4,1.06,2.0,cb
TR2609150063966,CL104267,EN00219,velo_elec,Lyon,ST1009,ST1012,2026-09-15 18:04:30,2026-09-15 18:11:30,7,1.55,2.75,cb
TR2609150063967,CL108749,EN00081,velo_elec,Lyon,ST1011,ST1010,2026-09-15 18:11:56,15/09/2026 18:20,9,2.29,3.25,paypal
TR2609150063968,CL100190,EN00141,velo_elec,Lyon,ST1012,ST1019,2026-09-15 18:12:27,2026-09-15 18:18:27,6,1.24,2.5,cb
TR2609150063969,CL103045,EN00131,trottinette,Lyon,ST1012,ST1003,2026-09-15 18:07:38,15/09/2026 18:17,10,2.87,3.2,cb
TR2609150063970,CL107859,EN00067,velo_elec,Lyon,ST1013,ST1006,2026-09-15 18:13:27,15/09/2026 18:21,8,2.27,3.0,abonnement
TR2609150063971,CL102209,EN00085,velo_elec,Lyon,ST1014,ST1015,2026-09-15 18:08:50,2026-09-15 18:39:50,31,8.11,8.75,cb
TR2609150063972,CL102665,EN00173,velo_elec,Lyon,ST1018,ST1001,2026-09-15 18:15:49,2026-09-15 18:21:49,6,1.18,2.5,cb
TR2609150063973,CL102500,EN00229,trottinette,Nantes,ST1020,ST1029,2026-09-15 18:01:07,2026-09-15 18:26:07,25,4.32,6.5,abonnement
TR2609150063974,CL102202,EN00238,velo_elec,Nantes,ST1021,ST1031,2026-09-15 18:11:04,15/09/2026 18:28,17,3.1,5.25,abonnement
TR2609150063975,CL100175,EN00352,velo_elec,Nante,ST1022,ST1025,2026-09-15 18:09:01,2026-09-15 18:12:01,3,0.7,1.75,cb
TR2609150063976,CL100415,EN00357,trottinette,Nantes,ST1025,ST1021,2026-09-15 18:01:47,2026-09-15 18:21:47,20,3.98,5.4,cb
TR2609150063977,CL104919,EN00290,trottinette,Nantes,ST1026,ST1021,2026-09-15 18:09:06,2026-09-15 18:24:06,15,2.3,4.3,cb
TR2609150063978,CL102459,EN00297,trottinette,Nantes,ST1030,ST1025,2026-09-15 18:13:21,2026-09-15 18:19:21,6,1.81,2.32,cb
TR2609150063979,CL105016,EN00284,trottinette,Nantes,ST1033,ST1022,1789488475,2026-09-15 18:27:55,20,3.8,5.4,abonnement
TR2609150063980,CL106069,EN00248,trottinette,Nantes,ST1033,ST1028,,2026-09-15 18:17:37,14,4.27,4.08,cb
TR2609150063981,CL104365,EN00365,velo_elec,LILLE,ST1034,ST1045,2026-09-15 18:08:54,2026-09-15 18:15:54,7,1.52,2.75,cb
TR2609150063982,CL103580,EN00453,trottinette,Lille,ST1034,ST1045,15/09/2026 18:06,2026-09-15 18:14:50,8,1.49,2.76,paypal
TR2609150063983,CL104145,EN00380,velo_elec,Lille,ST1035,ST1040,2026-09-15 18:06:19,15/09/2026 18:31,25,6.43,7.25,abonnement
TR2609150063984,CL102881,EN00470,trottinette,Lille,ST1035,ST1034,15/09/2026 18:13,2026-09-15 18:35:07,22,4.58,5.84,cb
TR2609150063985,CL106134,EN00455,velo_elec,Lille,ST1035,ST1037,2026-09-15 18:09:10,2026-09-15 18:26:10,17,4.9,5.25,abonnement
TR2609150063986,CL103501,EN00459,velo_elec,Lille,ST1036,ST1034,2026-09-15 18:09:38,2026-09-15 18:23:38,14,3.78,4.5,cb
TR2609150063987,CL900831,EN00480,velo_elec,Lille,ST1036,ST1043,2026-09-15 18:11:23,15/09/2026 18:23,12,3.76,4.0,paypal
TR2609150063988,CL100110,EN00363,velo_elec,Lille,ST1037,ST1046,2026-09-15 18:02:35,2026-09-15 18:12:35,10,1.8,3.5,paypal
TR2609150063989,CL101834,EN00424,velo_elec,Lille,ST1038,ST1038,2026-09-15 18:03:53,2026-09-15 18:11:53,8,2.41,3.0,cb
TR2609150063990,CL102749,EN00475,trottinette,Lille,ST1038,ST1046,15/09/2026 18:13,2026-09-15 18:23:36,10,2.52,3.2,cb
TR2609150063991,CL104469,EN00485,trottinette,Lille,ST1039,ST1045,2026-09-15 18:16:23,1789490183,20,4.39,5.4,paypal
TR2609150063992,CL104535,EN00495,trottinette,Lille,ST1046,ST1044,15/09/2026 18:14,2026-09-15 19:12:35,58,16.84,13.76,cb
TR2609150063993,CL108520,EN00580,velo_elec,Grenoble,ST1049,ST1057,2026-09-15 18:09:23,2026-09-15 18:30:23,21,6.42,6.25,cb
TR2609150063994,CL107251,EN00545,trottinette,Grenoble ,ST1050,ST1058,2026-09-15 18:10:57,2026-09-15 18:16:57,6,1.45,2.32,cb
TR2609150063995,CL103794,EN00552,trottinette,Grenoble,ST1052,ST1056,2026-09-15 18:13:11,2026-09-15 18:19:11,6,1.24,2.32,cb
TR2609150063996,CL104450,EN00507,trottinette,Grenoble,ST1054,ST1051,2026-09-15 18:03:25,2026-09-15 18:15:25,12,2.6,3.64,cb
TR2609150063997,CL100123,EN00578,velo_elec,Grenoble,ST1055,ST1057,2026-09-15 18:14:04,2026-09-15 18:23:04,9,1.61,3.25,cb
TR2609150063998,CL101836,EN00508,trottinette,Grenoble,ST1057,ST1054,15/09/2026 18:02,2026-09-15 18:07:27,5,1.56,2.1,cb
TR2609150063999,CL108296,EN00559,trottinette,Grenoble,ST1057,ST1049,2026-09-15 18:09:54,,10,2.05,3.2,abonnement
TR2609150064000,CL103190,EN00548,trottinette,Grenoble,ST1058,ST1058,2026-09-15 18:03:27,1789489347,19,2.94,5.18,cb
TR2609150064001,CL107518,EN00582,trottinette,Grenoble,ST1058,ST1054,2026-09-15 18:15:11,2026-09-15 18:21:11,6,1.89,2.32,cb
TR2609150064002,CL105096,EN00104,trottinette,Lyon,ST1001,ST1016,2026-09-15 18:19:49,2026-09-15 18:32:49,13,2.66,3.86,cb
TR2609150064003,CL108631,EN00044,trottinette,Lyon,ST1001,ST1009,2026-09-15 18:28:40,2026-09-15 18:35:40,7,2.44,,abonnement
TR2609150064004,CL107386,EN00099,velo_elec,LYON,ST1003,ST1017,1789489086,2026-09-15 18:35:06,17,3.33,5.25,paypal
TR2609150064005,CL103023,EN00199,velo_elec,Lyon,ST1003,ST1013,2026-09-15 18:28:20,2026-09-15 18:41:20,13,2.95,4.25,cb
TR2609150064006,CL107427,EN00071,velo_elec,Lyon,ST1004,ST1007,15/09/2026 18:24,15/09/2026 18:26,2,0.4,1.5,cb
TR2609150064007,CL107801,EN00172,trottinette,Lyon,ST1005,ST1003,15/09/2026 18:29,15/09/2026 18:49,20,4.02,5.4,paypal
TR2609150064008,CL100888,EN00138,velo_elec,Lyon,ST1009,ST1011,2026-09-15 18:21:48,15/09/2026 18:35,14,2.54,4.5,abonnement
TR2609150064009,CL101716,EN00181,velo_elec,Lyon,ST1009,ST1007,2026-09-15 18:25:21,2026-09-15 18:52:21,27,9.31,7.75,abonnement
TR2609150064010,CL100942,EN00168,velo_elec,Lyon,ST1010,ST1019,2026-09-15 18:24:43,15/09/2026 18:45,21,5.17,6.25,paypal
TR2609150064011,CL104455,EN00190,trottinette,Lyonn,ST1010,ST1002,2026-09-15 18:25:31,2026-09-15 18:38:31,13,2.3,3.86,cb
TR2609150064012,CL106261,EN00219,velo_elec,Lyon,ST1012,ST1002,2026-09-15 18:30:08,15/09/2026 18:49,19,3.24,5.75,cb
TR2609150064013,CL100303,EN00094,velo_elec,Lyon,ST1014,ST1017,2026-09-15 18:29:48,15/09/2026 18:33,4,0.96,2.0,cb
TR2609150064014,CL102980,EN00157,velo_elec,Lyon,ST1016,ST1014,2026-09-15 18:28:46,2026-09-15 18:38:46,10,2.6,3.5,cb
TR2609150064015,CL103267,EN00083,velo_elec,Lyon,ST1018,ST1018,15/09/2026 18:27,2026-09-15 18:38:47,11,2.22,3.75,cb
TR2609150064016,CL100955,EN00031,velo_elec,Lyon,ST1018,ST1008,2026-09-15 18:21:30,2026-09-15 18:24:30,3,0.8,1.75,abonnement
TR2609150064017,CL106271,EN00355,velo_elec,Nantes,ST1020,ST1024,2026-09-15 18:29:00,2026-09-15 18:47:00,18,5.86,5.5,abonnement
TR2609150064018,CL100353,EN00224,velo_elec,Nantes,ST1020,ST1029,2026-09-15 18:22:44,15/09/2026 18:44,22,7.09,6.5,abonnement
TR2609150064019,CL103675,EN00298,trottinette,Nantes,ST1020,ST1030,2026-09-15 18:23:48,2026-09-15 18:41:48,18,3.56,4.96,paypal
TR2609150064020,CL101107,EN00342,velo_elec,Nantes,ST1021,ST1027,2026-09-15 18:16:27,2026-09-15 18:32:27,16,5.41,5.0,cb
TR2609150064021,CL101923,EN00316,velo_elec,Nantes,ST1021,ST1030,2026-09-15 18:15:35,15/09/2026 18:29,14,2.9,4.5,cb
TR2609150064022,CL102323,EN00311,trottinette,Nantes,ST1029,ST1029,15/09/2026 18:30,2026-09-15 18:44:45,14,3.52,4.08,cb
TR2609150064023,CL108867,EN00234,trottinette,Nantes,ST1029,ST1022,,2026-09-15 18:40:39,13,1.99,3.86,cb
TR2609150064024,CL104446,EN00304,velo_elec,Nantes,ST1030,ST1028,2026-09-15 18:27:41,2026-09-15 18:59:41,32,5.78,9.0,cb
TR2609150064025,CL104233,EN00472,velo_elec,LILLE,ST1034,ST1047,15/09/2026 18:29,2026-09-15 18:42:47,13,3.44,4.25,cb
TR2609150064026,CL103275,EN00405,trottinette,Lille,ST1034,ST1037,2026-09-15 18:22:50,1789490150,13,3.0,3.86,cb
TR2609150064027,CL104878,EN00368,trottinette,Lille,ST1034,ST1038,,1789490012,11,2.05,3.42,paypal
TR2609150064028,CL102869,EN00409,trottinette,Lille,ST1035,ST1042,1789489324,2026-09-15 18:31:04,9,2.02,2.98,abonnement
TR2609150064029,CL104535,EN00392,velo_elec,Lille,ST1036,ST1040,15/09/2026 18:29,2026-09-15 19:09:55,40,13.88,11.0,paypal
TR2609150064030,CL105909,EN00424,velo_elec,Lille,ST1038,ST1043,2026-09-15 18:28:44,1789490264,9,2.84,3.25,cb
TR2609150064031,CL103360,EN00482,velo_elec,Lille,ST1040,ST1047,2026-09-15 18:18:13,2026-09-15 18:26:13,8,1.26,3.0,
TR2609150064032,CL108232,EN00464,trottinette,Lille,ST1042,ST1036,15/09/2026 18:18,15/09/2026 18:27,9,1.71,2.98,cb
TR2609150064033,CL100859,EN00533,velo_elec,Grenoble,ST1048,ST1052,2026-09-15 18:18:57,2026-09-15 18:25:57,7,1.13,2.75,cb
TR2609150064034,CL103031,EN00507,trottinette,Grenoble,ST1051,ST1052,1789489791,2026-09-15 18:40:51,11,3.37,3.42,paypal
TR2609150064035,CL108702,EN00527,velo_elec,Grenoble,ST1057,ST1051,2026-09-15 18:19:53,2026-09-15 18:31:53,12,3.46,4.0,abonnement
TR2609150064036,CL105325,EN00551,trottinette,Grenoble,ST1058,ST1053,2026-09-15 18:30:11,2026-09-15 19:27:11,57,13.42,13.54,paypal
TR2609150064037,CL104651,EN00173,velo_elec,Lyon,ST1001,ST1012,1789490111,2026-09-15 18:42:11,7,2.44,2.75,cb
TR2609150064038,CL106301,EN00079,velo_elec,Lyon,ST1002,ST1019,15/09/2026 18:43,2026-09-15 18:54:58,11,3.6,3.75,cb
TR2609150064039,CL103689,EN00204,velo_elec,Lyon,ST1003,ST1018,2026-09-15 18:41:05,1789490945,8,2.58,3.0,abonnement
TR2609150064040,CL100903,EN00047,velo_elec,lyon,ST1003,ST1016,2026-09-15 18:36:40,2026-09-15 18:45:40,9,1.4,3.25,cb
TR2609150064041,CL106697,EN00002,velo_elec,Lyon,ST1003,ST1003,2026-09-15 18:40:40,2026-09-15 18:57:40,17,4.65,5.25,paypal
TR2609150064042,CL103028,EN00069,trottinette,Lyon,ST1004,ST1001,2026-09-15 18:36:26,2026-09-15 18:44:26,8,2.3,2.76,cb
TR2609150064043,CL104241,EN00078,velo_elec,Lyon,ST1005,ST1007,2026-09-15 18:45:49,2026-09-15 19:00:49,15,4.29,4.75,cb
TR2609150064044,CL102460,EN00031,velo_elec,Lyon,ST1008,ST1011,2026-09-15 18:30:45,1789490625,13,3.78,4.25,cb
TR2609150064045,CL104696,EN00081,velo_elec,Lyon,ST1010,ST1019,15/09/2026 18:39,2026-09-15 18:55:39,16,4.59,5.0,paypal
TR2609150064046,CL105456,EN00061,trottinette,Lyon,ST1013,ST1017,2026-09-15 18:37:45,2026-09-15 19:03:45,26,7.66,6.72,abonnement
TR2609150064047,CL104490,EN00195,velo_elec,Lyon,ST1017,ST1003,2026-09-15 18:39:11,2026-09-15 18:46:11,7,1.68,2.75,cb
TR2609150064048,CL106656,EN00265,trottinette,Nantes,ST1022,ST1026,2026-09-15 18:44:52,2026-09-15 19:13:52,29,8.21,7.38,cb
TR2609150064049,CL102891,EN00283,trottinette,Nantes,ST1027,ST9094,2026-09-15 18:39:17,2026-09-15 19:00:17,21,5.28,5.62,cb
TR2609150064050,CL103616,EN00303,velo_elec,Nantes,ST1032,ST1027,2026-09-15 18:39:07,2026-09-15 18:50:07,11,3.75,3.75,abonnement
TR2609150064051,CL103169,EN00459,velo_elec,Lille,ST1034,ST1043,1789490295,15/09/2026 18:52,14,2.22,4.5,abonnement
TR2609150064052,CL105102,EN00401,trottinette,Lille,ST1034,ST1040,1789490681,2026-09-15 18:49:41,5,1.69,2.1,paypal
TR2609150064053,CL103476,EN00494,velo_elec,Lille,ST1034,ST1046,2026-09-15 18:40:16,2026-09-15 18:44:16,4,0.79,2.0,cb
TR2609150064054,CL108883,EN00391,velo_elec,Lille,ST1035,ST1038,2026-09-15 18:42:55,15/09/2026 18:46,4,0.87,2.0,abonnement
TR2609150064055,CL104242,EN00481,velo_elec,Lille,ST1037,ST1044,2026-09-15 18:44:04,,15,2.83,4.75,cb
TR2609150064056,CL106091,EN00455,velo_elec,Lille,ST1037,ST1046,2026-09-15 18:45:51,2026-09-15 19:00:51,15,2.81,4.75,paypal
TR2609150064057,CL105954,EN00420,trottinette,Lille,ST1038,ST1040,2026-09-15 18:39:30,2026-09-15 18:43:30,4,0.67,1.88,cb
TR2609150064058,CL101717,EN00380,velo_elec,Lille,ST1040,ST1037,2026-09-15 18:36:28,15/09/2026 18:38,2,0.36,1.5,cb
TR2609150064059,CL108255,EN00415,trottinette,Lille,ST1040,ST1041,2026-09-15 18:33:30,15/09/2026 18:43,10,2.55,3.2,paypal
TR2609150064060,CL107203,EN00410,velo_elec,LILLE,ST1040,ST1040,2026-09-15 18:42:01,2026-09-15 18:47:01,5,1.73,2.25,paypal
TR2609150064061,CL103625,EN00484,velo_elec,Lille,ST1041,ST1040,,2026-09-15 18:43:26,11,3.66,3.75,cb
TR2609150064062,CL106885,EN00488,velo_elec,Lille,ST1042,ST1035,2026-09-15 18:42:17,2026-09-15 19:02:17,20,5.29,6.0,abonnement
TR2609150064063,CL108423,EN00409,trottinette,Lille,ST1042,ST1047,1789490570,2026-09-15 19:16:50,34,10.83,8.48,paypal
TR2609150064064,CL107404,EN00385,velo_elec,Lille,ST1045,ST1047,2026-09-15 18:37:51,2026-09-15 18:44:51,7,1.45,2.75,cb
TR2609150064065,CL104911,EN00526,velo_elec,GRENOBLE,ST1048,ST1058,2026-09-15 18:35:37,2026-09-15 18:40:37,5,1.47,2.25,abonnement
TR2609150064066,CL104626,EN00515,trottinette,grenoble,ST1049,ST1056,1789490081,2026-09-15 18:47:41,13,3.3,3.86,paypal
TR2609150064067,CL108365,EN00504,trottinette,Grenoble,ST1051,ST1050,2026-09-15 18:34:11,2026-09-15 18:52:11,18,2.81,4.96,abonnement
TR2609150064068,CL108375,EN00523,velo_elec,Grenoble,ST1053,ST1057,2026-09-15 18:39:46,15/09/2026 18:43,4,1.08,2.0,cb
TR2609150064069,CL101593,EN00524,velo_elec,Grenoble,ST1055,ST1055,15/09/2026 18:35,2026-09-15 18:40:45,5,1.37,2.25,paypal
TR2609150064070,CL105761,EN00580,velo_elec,Grenoble,ST1057,ST1052,2026-09-15 18:33:14,2026-09-15 18:42:14,9,2.63,3.25,cb
TR2609150064071,CL108046,EN00101,velo_elec,Lyon,ST1002,ST1010,2026-09-15 18:55:50,2026-09-15 19:08:50,13,4.29,4.25,cb
TR2609150064072,CL104838,EN00077,trottinette,Lyon,ST1002,ST1007,15/09/2026 18:57,2026-09-15 19:13:41,16,3.05,4.52,cb
TR2609150064073,CL107349,EN00190,trottinette,Lyon,ST1002,ST1012,2026-09-15 18:54:53,15/09/2026 19:07,13,2.65,3.86,abonnement
TR2609150064074,CL105161,EN00195,velo_elec,Lyon,ST1003,ST1005,2026-09-15 18:55:26,2026-09-15 19:03:26,8,1.53,3.0,cb
TR2609150064075,CL100447,EN00151,trottinette,Lyon,ST1003,ST1008,2026-09-15 18:54:43,2026-09-15 19:03:43,9,3.04,2.98,abonnement
TR2609150064076,CL103418,EN00030,trottinette,Lyon ,ST1003,ST1001,2026-09-15 18:58:38,2026-09-15 19:05:38,7,1.37,2.54,cb
TR2609150064077,CL104152,EN00071,velo_elec,Lyon,ST1007,ST1005,15/09/2026 18:52,1789491354,3,0.69,1.75,abonnement
TR2609150064078,CL104143,EN00220,velo_elec,Lyon,ST1009,ST1006,2026-09-15 18:49:49,2026-09-15 19:03:49,14,4.45,4.5,cb
TR2609150064079,CL100136,EN00107,velo_elec,Lyon,ST1009,ST1017,2026-09-15 18:48:08,2026-09-15 18:59:08,11,3.71,3.75,cb
TR2609150064080,CL107458,EN00018,trottinette,Lyon,ST1012,ST1013,2026-09-15 18:59:39,2026-09-15 19:37:39,38,11.82,9.36,abonnement
TR2609150064081,CL108327,EN00199,velo_elec,Lyon,ST1013,ST1007,2026-09-15 18:58:16,2026-09-15 19:34:16,36,8.94,10.0,cb
TR2609150064082,CL107592,EN00198,velo_elec,Lyon,ST1016,ST1007,2026-09-15 18:59:24,2026-09-15 19:09:24,10,2.15,3.5,cb
TR2609150064083,CL105074,EN00277,velo_elec,Nantes,ST1020,ST1029,2026-09-15 18:48:36,2026-09-15 18:58:36,10,2.54,3.5,cb
TR2609150064084,CL108981,EN00239,trottinette,Nante,ST1021,ST1020,1789491549,1789491969,7,1.54,2.54,cb
TR2609150064085,CL108165,EN00300,velo_elec,nantes,ST1021,ST1027,2026-09-15 18:52:46,2026-09-15 19:12:46,20,4.4,6.0,abonnement
TR2609150064086,CL102750,EN00291,velo_elec,Nantes,ST1026,ST1021,2026-09-15 18:52:34,2026-09-15 19:19:34,27,9.18,7.75,cb
TR2609150064087,CL107995,EN00267,trottinette,Nantes,ST1032,ST1025,15/09/2026 18:45,2026-09-15 18:53:54,8,1.32,2.76,abonnement
TR2609150064088,CL100448,EN00254,velo_elec,Nantes,ST1033,ST1032,2026-09-15 18:51:22,2026-09-15 19:04:22,13,2.75,4.25,cb
TR2609150064089,CL105145,EN00470,trottinette,Lille,ST1034,ST1038,2026-09-15 18:57:41,2026-09-15 19:12:41,15,4.78,4.3,abonnement
TR2609150064090,CL107203,EN00393,trottinette,LILLE,ST1034,ST1046,2026-09-15 18:45:37,2026-09-15 18:51:37,6,1.92,2.32,cb
TR2609150064091,CL103717,EN00479,trottinette,Lille,ST1034,ST1043,15/09/2026 18:48,2026-09-15 19:03:10,15,4.02,4.3,abonnement
TR2609150064092,CL108358,EN00438,trottinette,Lille,ST1035,ST1044,15/09/2026 18:54,15/09/2026 19:01,7,1.47,2.54,abonnement
TR2609150064093,CL102293,EN00451,velo_elec,Lille,ST1035,ST1037,15/09/2026 18:58,2026-09-15 19:07:47,9,1.56,3.25,cb
TR2609150064094,CL106780,EN00380,velo_elec,Lille,ST1037,ST1044,2026-09-15 18:57:54,2026-09-15 19:19:54,22,7.34,6.5,abonnement
TR2609150064095,CL107423,EN00385,velo_elec,Lille,ST1047,ST1038,15/09/2026 18:48,15/09/2026 18:53,5,1.25,2.25,cb
TR2609150064096,CL100525,EN00539,velo_elec,Grenoble,ST1048,ST1057,2026-09-15 18:57:55,2026-09-15 19:12:55,15,3.1,4.75,abonnement
TR2609150064097,CL100520,EN00561,velo_elec,Grenoble,ST1049,ST1050,2026-09-15 18:55:54,2026-09-15 19:06:54,11,3.43,3.75,cb
TR2609150064098,CL108584,EN00522,velo_elec,Grenoble,ST1053,ST1052,2026-09-15 18:56:36,2026-09-15 19:17:36,21,6.09,6.25,paypal
TR2609150064099,CL105130,EN00587,trottinette,Grenoble,ST1053,ST1048,,1789491532,4,1.39,1.88,abonnement
TR2609150064100,CL107283,EN00552,trottinette,Grenoble,ST1056,ST1057,2026-09-15 18:55:33,2026-09-15 18:59:33,4,1.13,1.88,cb
TR2609150064101,CL101171,EN00523,velo_elec,Grenoble,ST1057,ST1049,1789491534,2026-09-15 19:13:54,15,2.61,4.75,cb
TR2609150064102,CL100314,EN00578,velo_elec,Grenoble,ST1057,ST1057,2026-09-15 18:52:55,2026-09-15 18:59:55,-24,1.92,2.75,abonnement
TR2609150064103,CL102734,EN00545,trottinette,Grenoble ,ST1058,ST1053,2026-09-15 18:49:35,15/09/2026 19:12,23,6.38,6.06,abonnement
TR2609150064104,CL100527,EN00050,velo_elec,Lyon,ST1001,ST1014,,2026-09-15 19:16:39,15,4.7,4.75,cb
TR2609150064105,CL108798,EN00076,velo_elec,Lyon,ST1001,ST1014,2026-09-15 19:07:17,2026-09-15 19:19:17,12,3.34,4.0,abonnement
TR2609150064106,CL101847,EN00152,velo_elec,Lyon,ST1003,ST1007,2026-09-15 19:06:06,15/09/2026 19:18,12,2.83,4.0,cb
TR2609150064107,CL108618,EN00044,trottinette,Lyonn,ST1009,ST1014,2026-09-15 19:02:11,2026-09-15 19:05:11,3,0.96,1.66,cb
TR2609150064108,CL105008,EN00034,velo_elec,Lyon,ST1009,ST1002,2026-09-15 19:01:28,15/09/2026 19:12,11,2.36,3.75,abonnement
TR2609150064109,CL108876,EN00014,velo_elec,Lyon,ST1013,ST1016,2026-09-15 19:10:27,2026-09-15 19:18:27,8,1.7,3.0,abonnement
TR2609150064110,CL104618,EN00179,trottinette,Lyon,ST1014,ST1019,1789491692,1789492052,6,1.6,2.32,cb
TR2609150064111,CL100402,EN00203,trottinette,Lyon,ST1016,ST1008,2026-09-15 19:05:45,15/09/2026 19:24,19,5.57,5.18,paypal
TR2609150064112,CL101635,EN00139,velo_elec,Lyon,ST1016,ST1007,,2026-09-15 19:27:46,13,2.71,4.25,cb
TR2609150064113,CL104236,EN00221,velo_elec,Nantes,ST1020,ST1033,2026-09-15 19:12:15,2026-09-15 19:20:15,8,2.01,3.0,paypal
TR2609150064114,CL101415,EN00256,velo_elec,Nantes,ST1020,ST1024,2026-09-15 19:09:55,15/09/2026 19:28,19,4.03,5.75,paypal
TR2609150064115,CL103837,EN00399,trottinette,Lille,ST1035,ST1047,1789491753,2026-09-15 19:15:33,13,4.05,3.86,cb
TR2609150064116,CL101753,EN00496,velo_elec,Lille,ST1036,ST1039,1789491995,2026-09-15 19:24:35,18,5.65,5.5,cb
TR2609150064117,CL102184,EN00422,velo_elec,Lille,ST1038,ST1039,1789492093,15/09/2026 19:27,19,5.04,5.75,cb
TR2609150064118,CL105001,EN00484,velo_elec,Lille,ST1040,ST1034,1789492469,2026-09-15 19:21:29,7,1.8,2.75,abonnement
TR2609150064119,CL102490,EN00446,trottinette, Lille,ST1041,ST1042,2026-09-15 19:05:50,2026-09-15 19:13:50,8,1.54,2.76,cb
TR2609150064120,CL103151,EN00374,velo_elec,Lille,ST1045,ST1037,2026-09-15 19:04:34,15/09/2026 19:19,15,3.96,4.75,cb
TR2609150064121,CL104456,EN00587,trottinette,Grenoble,ST1048,ST1053,15/09/2026 19:04,15/09/2026 19:20,16,4.59,4.52,abonnement
TR2609150064122,CL104562,EN00592,velo_elec,Grenoble,ST1053,ST1048,1789492288,2026-09-15 19:24:28,13,3.05,4.25,abonnement
TR2609150064123,CL106616,EN00526,velo_elec,Grenoble,ST1058,ST1056,2026-09-15 19:10:48,2026-09-15 19:29:48,19,6.6,5.75,cb
TR2609150064124,CL100029,EN00202,trottinette,Lyon,ST1001,ST1007,2026-09-15 19:17:01,15/09/2026 19:40,23,6.57,6.06,abonnement
TR2609150064125,CL104426,EN00197,velo_elec,Lyon,ST1001,ST1006,2026-09-15 19:17:16,2026-09-15 19:22:16,5,0.75,2.25,abonnement
TR2609150064126,CL105655,EN00172,trottinette,Lyon,ST1003,ST1004,2026-09-15 19:30:42,2026-09-15 19:42:42,12,2.07,3.64,abonnement
TR2609150064127,CL101551,EN00216,velo_elec,Lyon,ST1004,ST1005,2026-09-15 19:25:51,2026-09-15 19:37:51,12,3.06,4.0,cb
TR2609150064128,CL102798,EN00119,trottinette,Lyon,ST1004,ST1013,2026-09-15 19:18:18,15/09/2026 19:28,10,1.59,3.2,cb
TR2609150064129,CL108616,EN00106,trottinette,Lyon,ST1004,ST1013,2026-09-15 19:22:25,2026-09-15 19:35:25,13,2.67,3.86,cb
TR2609150064130,CL105254,EN00138,velo_elec,Lyon,ST1011,ST1007,2026-09-15 19:24:12,1789493652,10,2.36,3.5,cb
TR2609150064131,CL101798,EN00075,trottinette,Lyon,ST1016,ST1013,1789493051,2026-09-15 19:32:11,8,2.15,2.76,abonnement
TR2609150064132,CL105599,EN00234,trottinette,Nantes,ST1022,ST1032,15/09/2026 19:25,2026-09-15 19:47:58,22,6.33,5.84,
TR2609150064133,CL104906,EN00338,velo_elec,Nantes,ST1024,ST1029,2026-09-15 19:17:59,2026-09-15 19:21:59,4,0.87,2.0,cb
TR2609150064134,CL102044,EN00254,velo_elec,Nantes,ST1032,ST1027,2026-09-15 19:26:08,,26,8.69,7.5,cb
TR2609150064135,CL104729,EN00428,velo_elec,Lille,ST1034,ST1045,2026-09-15 19:15:49,2026-09-15 19:23:49,8,2.18,3.0,cb
TR2609150064136,CL103111,EN00457,velo,Lille,ST1034,ST1046,2026-09-15 19:28:39,,8,1.61,2.2,abonnement
TR2609150064137,CL106107,EN00412,trottinette,Lille,ST1036,ST1045,1789492580,15/09/2026 19:23,7,1.12,2.54,abonnement
TR2609150064138,CL106158,EN00482,velo_elec,Lille,ST1047,ST1037,15/09/2026 19:26,15/09/2026 19:30,4,0.96,2.0,cb
TR2609150064139,CL101268,EN00523,velo_elec,Grenoble,ST1049,ST1054,2026-09-15 19:22:02,2026-09-15 19:30:02,8,2.51,3.0,cb
TR2609150064140,CL108643,EN00597,trottinette,Grenoble,ST1049,ST1056,15/09/2026 19:27,1789493537,5,1.36,2.1,cb
TR2609150064141,CL104585,EN00561,velo_elec,Grenoble,ST1050,ST1054,2026-09-15 19:30:01,2026-09-15 19:40:01,10,3.34,3.5,cb
TR2609150064142,CL108778,EN00206,velo_elec,Lyon,ST1002,ST1005,2026-09-15 19:40:36,15/09/2026 19:51,11,3.07,3.75,abonnement
TR2609150064143,CL100293,EN00219,velo_elec,Lyon,ST1002,ST1013,2026-09-15 19:38:14,15/09/2026 19:47,9,2.49,3.25,cb
TR2609150064144,CL104693,EN00195,velo_elec,Lyon,ST1005,ST1011,15/09/2026 19:36,15/09/2026 20:25,49,10.73,13.25,abonnement
TR2609150064145,CL107052,EN00071,velo_elec,Lyon,ST1005,ST1013,15/09/2026 19:37,2026-09-15 19:52:48,15,4.6,4.75,abonnement
TR2609150064146,CL102968,EN00173,velo_elec,Lyon,ST1012,ST1010,2026-09-15 19:34:17,2026-09-15 19:44:17,10,3.35,3.5,cb
TR2609150064147,CL103595,EN00212,trottinette,Lyon,ST1014,ST1001,2026-09-15 19:34:26,2026-09-15 19:39:26,5,1.64,2.1,cb
TR2609150064148,CL104615,EN00047,velo_elec,Lyon,ST1016,ST1010,2026-09-15 19:40:04,2026-09-15 20:08:04,28,6.5,8.0,paypal
TR2609150064149,CL106358,EN00083,velo_elec,Lyon ,ST1018,ST1005,2026-09-15 19:35:22,2026-09-15 19:45:22,10,2.48,3.5,cb
TR2609150064150,CL104261,EN00388,velo_elec,Lille,ST1035,ST1041,2026-09-15 19:33:42,15/09/2026 19:45,12,4.14,4.0,cb
TR2609150064151,CL107441,EN00464,trottinette,Lille,ST1036,ST1044,2026-09-15 19:39:48,2026-09-15 19:47:48,8,1.97,2.76,abonnement
TR2609150064152,CL108039,EN00374,velo_elec,Lille,ST1037,ST1036,2026-09-15 19:35:53,2026-09-15 19:46:53,11,2.97,3.75,abonnement
TR2609150064153,CL101250,EN00482,velo_elec,Lille,ST1037,ST1047,2026-09-15 19:46:00,1789494960,10,2.05,3.5,cb
TR2609150064154,CL108504,EN00451,velo_elec, Lille,ST1037,ST1040,2026-09-15 19:32:06,,14,4.71,4.5,cb
TR2609150064155,CL101076,EN00385,velo_elec,Lille,ST1038,ST1034,2026-09-15 19:33:30,2026-09-15 19:39:30,6,1.64,2.5,paypal
TR2609150064156,CL100808,EN00427,trottinette,Lille,ST1046,ST1041,15/09/2026 19:40,2026-09-15 19:46:31,6,1.69,2.32,cb
TR2609150064157,CL101541,EN00409,trottinette,Lille,ST1047,ST1045,2026-09-15 19:36:51,15/09/2026 20:03,27,8.72,6.94,cb
TR2609150064158,CL102023,EN00472,velo_elec,Lille,ST1047,ST1046,2026-09-15 19:31:33,2026-09-15 19:41:33,10,3.09,3.5,cb
TR2609150064159,CL107069,EN00588,velo_elec,Grenoble,ST1048,ST1056,2026-09-15 19:40:23,15/09/2026 19:55,15,4.32,4.75,abonnement
TR2609150064160,CL105290,EN00592,velo_elec,Grenoble,ST1048,ST1052,2026-09-15 19:31:23,15/09/2026 19:48,17,3.68,5.25,abonnement
TR2609150064161,CL104024,EN00599,trottinette,Grenoble,ST1049,ST1051,2026-09-15 19:30:51,2026-09-15 19:44:51,14,4.35,4.08,cb
TR2609150064162,CL105738,EN00569,trottinette,Grenoble,ST1049,ST1057,2026-09-15 19:34:43,15/09/2026 19:46,12,2.23,3.64,abonnement
TR2609150064163,CL102678,EN00504,trottinette,Grenoble,ST1050,ST1048,2026-09-15 19:32:38,2026-09-15 19:53:38,21,4.26,5.62,abonnement
TR2609150064164,CL101046,EN00548,trottinette,Grenoble,ST1058,ST1057,2026-09-15 19:33:40,2026-09-15 19:38:40,5,0.88,2.1,cb
TR2609150064165,CL100300,EN00573,velo,Grenoble,ST1058,ST1052,15/09/2026 19:34,15/09/2026 19:46,12,1.98,2.8,cb
TR2609150064166,CL106571,EN00212,trottinette,Lyon,ST1001,ST1006,15/09/2026 19:57,2026-09-15 20:08:11,11,2.57,3.42,cb
TR2609150064167,CL102335,EN00102,velo_elec,Lyon,ST1001,ST1018,2026-09-15 19:54:04,2026-09-15 20:10:04,16,4.63,5.0,abonnement
TR2609150064168,CL104232,EN00053,trottinette,Lyon,ST1002,ST1014,2026-09-15 19:47:52,2026-09-15 19:57:52,10,2.24,3.2,abonnement
TR2609150064169,CL103546,EN00002,velo_elec,Lyon,ST1003,ST1011,2026-09-15 20:01:22,2026-09-15 20:10:22,9,1.41,3.25,cb
TR2609150064170,CL107306,EN00087,trottinette,Lyon,ST1003,ST1008,2026-09-15 19:49:07,2026-09-15 19:52:07,3,0.97,1.66,abonnement
TR2609150064171,CL108435,EN00213,trottinette,Lyon,ST1003,ST1005,2026-09-15 19:56:26,2026-09-15 20:08:26,12,4.02,3.64,cb
TR2609150064172,CL107057,EN00172,trottinette,Lyon,ST1004,ST1007,2026-09-15 19:45:29,2026-09-15 20:00:29,15,5.21,4.3,cb
TR2609150064173,CL100812,EN00118,trottinette,Lyon,ST1004,ST1008,2026-09-15 19:49:30,2026-09-15 20:02:30,13,3.33,3.86,abonnement
TR2609150064174,CL104376,EN00083,velo_elec,Lyon,ST1005,ST1010,2026-09-15 19:48:08,2026-09-15 19:54:08,6,1.91,2.5,abonnement
TR2609150064175,CL103835,EN00049,trottinette,Lyon,ST1006,ST1013,2026-09-15 19:58:16,2026-09-15 20:17:16,19,3.55,5.18,abonnement
TR2609150064176,CL106970,EN00100,velo_elec,Lyon,ST1006,ST1010,2026-09-15 19:52:17,2026-09-15 20:01:17,9,1.71,3.25,cb
TR2609150064177,CL108575,EN00157,velo_elec,Lyon,ST1014,ST1004,15/09/2026 19:56,2026-09-15 20:42:21,46,11.36,12.5,cb
TR2609150064178,CL108918,EN00094,velo_elec,Lyon ,ST1017,ST1015,2026-09-15 19:59:08,2026-09-15 20:13:08,14,2.43,4.5,abonnement
TR2609150064179,CL101984,EN00236,velo_elec,Nantes,ST1022,ST1024,2026-09-15 19:54:52,2026-09-15 20:04:52,10,1.52,3.5,cb
TR2609150064180,CL108848,EN00292,velo_elec,Nantes,ST1022,ST1031,2026-09-15 19:53:54,2026-09-15 20:12:54,19,2.87,5.75,cb
TR2609150064181,CL101498,EN00228,trottinette,Nantes,ST1022,ST1025,1789494753,2026-09-15 20:15:33,23,4.14,6.06,cb
TR2609150064182,CL103180,EN00293,velo_elec,Nantes,ST1028,ST1026,2026-09-15 19:55:59,2026-09-15 20:13:59,18,5.81,5.5,cb
TR2609150064183,CL102077,EN00488,velo_elec,Lille,ST1035,ST1042,2026-09-15 19:59:34,2026-09-15 20:05:34,6,1.2,2.5,cb
TR2609150064184,CL100304,EN00405,trottinette,Lille,ST1037,ST1036,2026-09-15 19:52:14,2026-09-15 20:15:14,23,4.19,6.06,cb
TR2609150064185,CL108990,EN00391,velo_elec,Lille,ST1038,ST1043,2026-09-15 19:51:20,2026-09-15 20:31:20,40,12.41,11.0,cb
TR2609150064186,CL107974,EN00480,velo_elec,Lille,ST1043,ST1036,2026-09-15 19:49:19,2026-09-15 20:03:19,14,4.44,4.5,cb
TR2609150064187,CL102495,EN00459,velo_elec,Lille,ST1043,ST1041,2026-09-15 19:46:51,15/09/2026 20:06,20,5.32,6.0,abonnement
TR2609150064188,CL106955,EN00495,trottinette,Lille,ST1044,ST1047,2026-09-15 19:56:25,2026-09-15 20:01:25,5,1.34,2.1,abonnement
TR2609150064189,CL106112,EN00456,trottinette,Lille,ST1046,ST1043,2026-09-15 19:48:44,2026-09-15 19:56:44,8,1.48,2.76,paypal
TR2609150064190,CL100363,EN00512,velo_elec,GRENOBLE,ST1048,ST1052,2026-09-15 19:55:09,2026-09-15 20:05:09,10,2.19,3.5,cb
TR2609150064191,CL100070,EN00579,trottinette,Grenoble,ST1048,ST1051,15/09/2026 20:00,2026-09-15 20:28:12,28,6.29,7.16,cb
TR2609150064192,CL100126,EN00554,velo_elec,Grenoble,ST1048,ST1053,2026-09-15 19:51:45,15/09/2026 20:01,10,2.42,3.5,paypal
TR2609150064193,CL103618,EN00501,trottinette,Grenoble,ST1048,ST1057,2026-09-15 19:56:36,15/09/2026 20:05,9,1.62,2.98,cb
TR2609150064194,CL104112,EN00528,velo_elec,Grenoble,ST1049,ST1054,2026-09-15 19:46:22,2026-09-15 19:53:22,7,1.58,2.75,cb
TR2609150064195,CL102295,EN00580,velo_elec,Grenoble,ST1052,ST1049,2026-09-15 19:58:51,2026-09-15 20:18:51,20,5.28,6.0,paypal
TR2609150064196,CL101215,EN00533,velo_elec,Grenoble,ST1052,ST1058,2026-09-15 19:56:16,,7,1.36,2.75,cb
TR2609150064197,CL107403,EN00552,trottinette,Grenoble,ST1057,ST1049,2026-09-15 19:57:32,15/09/2026 20:05,8,1.53,2.76,paypal
TR2609150064198,CL104586,EN00539,velo_elec,Grenoble,ST1057,ST1052,2026-09-15 19:52:58,2026-09-15 20:11:58,19,6.61,5.75,cb
TR2609150064199,CL104825,EN00193,trottinette,Lyon,ST1002,ST1006,2026-09-15 20:10:44,2026-09-15 20:32:44,22,4.95,5.84,abonnement
TR2609150064200,CL100637,EN00206,velo_elec,Lyon,ST1005,ST1017,2026-09-15 20:15:11,2026-09-15 20:49:11,34,8.52,9.5,abonnement
TR2609150064201,CL101751,EN00074,trottinette,Lyon,ST1006,ST1012,2026-09-15 20:01:18,2026-09-15 20:25:18,24,6.11,6.28,paypal
TR2609150064202,CL107676,EN00153,velo_elec,Lyon,ST1017,ST1001,15/09/2026 20:12,2026-09-15 20:33:11,21,3.32,6.25,cb
TR2609150064203,CL105196,EN00226,velo_elec,Nantes,ST1021,ST1024,1789495433,1789497473,34,10.16,9.5,cb
TR2609150064204,CL108621,EN00341,velo_elec,Nantes,ST1022,ST1025,2026-09-15 20:07:49,2026-09-15 20:18:49,11,3.73,3.75,abonnement
TR2609150064205,CL100726,EN00352,velo_elec,NANTES,ST1025,ST1024,15/09/2026 20:14,2026-09-15 20:26:11,12,2.78,4.0,cb
TR2609150064206,CL108259,EN00392,velo_elec,Lille,ST1040,ST1034,2026-09-15 20:13:22,2026-09-15 20:30:22,17,4.8,5.25,cb
TR2609150064207,CL103482,EN00462,velo_elec,Lille,ST1044,ST1035,1789496182,2026-09-15 20:43:22,27,4.5,7.75,abonnement
TR2609150064208,CL107081,EN00477,trottinette,Lille,ST1044,ST1035,2026-09-15 20:07:43,2026-09-15 20:26:43,4320,4.74,5.18,
TR2609150064209,CL106699,EN00428,velo_elec,Lille,ST1045,ST1036,2026-09-15 20:08:29,1789495949,4,1.35,2.0,abonnement
TR2609150064210,CL100618,EN00513,velo_elec,Grenoble,ST1049,ST1053,2026-09-15 20:09:33,15/09/2026 20:41,32,10.71,9.0,paypal
TR2609150064211,CL105908,EN00527,velo_elec,Grenoble,ST1051,ST1052,2026-09-15 20:13:17,2026-09-15 20:27:17,5518,2.71,4.5,cb
TR2609150064212,CL103566,EN00130,velo_elec,Lyon ,ST1002,ST1004,2026-09-15 20:27:22,2026-09-15 20:36:22,9,2.78,3.25,
TR2609150064213,CL101587,EN00131,trottinette,Lyon,ST1003,ST1008,2026-09-15 20:17:11,2026-09-15 20:46:11,29,7.05,7.38,cb
TR2609150064214,CL106515,EN00172,trottinette,Lyon,ST1007,ST1011,2026-09-15 20:24:40,15/09/2026 20:58,-30,9.23,8.48,abonnement
TR2609150064215,CL105163,EN00191,trottinette,Lyon,ST1011,ST1013,2026-09-15 20:19:41,2026-09-15 20:27:41,8,2.61,2.76,abonnement
TR2609150064216,CL104616,EN00094,velo_elec,Lyon,ST1015,ST1009,2026-09-15 20:30:28,2026-09-15 20:40:28,10,2.38,3.5,paypal
TR2609150064217,CL100679,EN00174,velo_elec,Lyon,ST1017,ST1017,2026-09-15 20:28:38,15/09/2026 20:56,28,8.3,8.0,cb
TR2609150064218,CL108792,EN00179,trottinette,Lyon,ST1019,ST1014,15/09/2026 20:16,2026-09-15 20:35:37,19,6.0,5.18,cb
TR2609150064219,CL106539,EN00027,velo_elec,Lyon,ST1002,ST1015,2026-09-15 20:41:33,1789498593,15,2.43,4.75,paypal
TR2609150064220,CL106159,EN00198,velo_elec,Lyon,ST1007,ST1002,2026-09-15 20:32:43,15/09/2026 21:19,47,15.68,12.75,cb
TR2609150064221,CL100799,EN00203,trottinette,lyon,ST1008,ST1008,2026-09-15 20:39:31,2026-09-15 20:50:31,11,3.8,3.42,cb
TR2609150064222,CL101394,EN00219,velo_elec,Lyon,ST1013,ST1018,2026-09-15 20:34:45,2026-09-15 20:55:45,21,4.88,6.25,cb
TR2609150064223,CL989404,EN00104,trottinette,Lyon,ST1016,ST1004,2026-09-15 20:45:20,2026-09-15 20:57:20,12,4.0,3.64,abonnement
TR2609150064224,CL105361,EN00079,velo_elec,Lyon,ST1019,ST1008,,2026-09-15 20:37:23,6,1.7,2.5,abonnement
TR2609150064225,CL100654,EN00239,trottinette,Nantes,ST1020,ST1029,2026-09-15 20:40:13,2026-09-15 20:54:13,14,4.29,4.08,cb
TR2609150064226,CL107182,EN00303,velo_elec,Nantes,ST1027,ST1028,2026-09-15 20:38:08,2026-09-15 20:49:08,11,2.31,3.75,cb
TR2609150064227,CL103757,EN00342,velo_elec,Nantes,ST1027,ST1024,2026-09-15 20:43:34,2026-09-15 20:52:34,9,1.65,3.25,abonnement
TR2609150064228,CL105205,EN00248,trottinette,Nantes,ST1028,ST1031,15/09/2026 20:34,,18,4.63,4.96,cb
TR2609150064229,CL101492,EN00484,velo_elec,Lille,ST1034,ST1046,2026-09-15 20:37:15,2026-09-15 20:46:15,9,1.39,3.25,abonnement
TR2609150064230,CL108640,EN00451,velo_elec,Lille,ST1040,ST1039,2026-09-15 20:41:08,2026-09-15 20:47:08,6,0.93,2.5,cb
TR2609150064231,CL102040,EN00440,trottinette,Lille,ST1046,ST1035,2026-09-15 20:38:51,2026-09-15 20:52:51,14,4.2,4.08,abonnement
TR2609150064232,CL102833,EN00495,trottinette,Lille,ST1047,ST1036,2026-09-15 20:30:20,2026-09-15 20:37:20,7,1.91,2.54,cb
TR2609150064233,CL103332,EN00511,trottinette,Grenoble,ST1051,ST1057,2026-09-15 20:38:11,2026-09-15 20:59:11,21,4.94,5.62,cb
TR2609150064234,CL107224,EN00535,velo_elec,Grenoble,ST1054,ST1058,2026-09-15 20:32:17,2026-09-15 20:40:17,8,2.22,3.0,cb
TR2609150064235,CL105838,EN00153,velo_elec,Lyon ,ST1001,ST1008,2026-09-15 20:55:28,2026-09-15 21:13:28,18,6.29,5.5,cb
TR2609150064236,CL103464,EN00085,velo_elec,Lyon,ST1015,ST1008,2026-09-15 20:47:51,2026-09-15 21:16:51,29,5.43,8.25,cb
TR2609150064237,CL106666,EN00286,velo_elec,Nante,ST1033,ST1027,2026-09-15 20:55:15,2026-09-15 21:08:15,13,3.95,4.25,cb
TR2609150064238,CL108002,EN00405,trottinette,Lille,ST1036,ST1034,2026-09-15 21:01:01,2026-09-15 21:09:01,8,2.29,2.76,cb
TR2609150064239,CL105324,EN00548,trottinette,Grenoble,ST1057,ST1054,2026-09-15 20:52:48,2026-09-15 20:57:48,5,1.15,2.1,abonnement
TR2609150064240,CL104900,EN00216,velo_elec,Lyon,ST1005,ST1017,2026-09-15 21:06:33,2026-09-15 21:28:33,22,6.25,6.5,cb
TR2609150064241,CL101620,EN00206,velo_elec,Lyonn,ST1017,ST1011,1789499701,2026-09-15 21:40:01,25,8.66,7.25,cb
TR2609150064242,CL100660,EN00428,velo_elec,Lille,ST1036,ST1044,2026-09-15 21:07:48,2026-09-15 21:13:48,6,0.96,2.5,paypal
TR2609150064243,CL102421,EN00495,trottinette,Lille,ST1036,ST1039,2026-09-15 21:06:56,2026-09-15 21:22:56,16,3.04,4.52,abonnement
TR2609150064244,CL107944,EN00446,trottinette,Lille,ST1042,ST1042,2026-09-15 21:12:54,2026-09-15 21:20:54,8,1.82,2.76,cb
TR2609150064245,CL107177,EN00552,trottinette,Grenoble,ST1049,ST1051,2026-09-15 21:01:07,2026-09-15 21:07:07,6,1.28,2.32,abonnement
TR2609150064246,CL107543,EN00541,velo_elec,Grenoble,ST1055,ST1056,2026-09-15 21:10:28,2026-09-15 21:50:28,40,10.66,11.0,paypal
TR2609150064247,CL107195,EN00515,trottinette,Grenoble,ST1056,ST1051,2026-09-15 21:02:07,15/09/2026 21:09,7,1.22,2.54,abonnement
TR2609150064248,CL105575,EN00131,trottinette,Lyon,ST1008,ST1005,2026-09-15 21:19:31,1789500931,16,3.87,4.52,cb
TR2609150064249,CL102429,EN00026,trottinette,Lyon,ST1011,ST1013,2026-09-15 21:26:00,2026-09-15 22:12:00,46,13.7,11.12,cb
TR2609150064250,CL102862,EN00168,velo_elec,Lyon,ST1019,ST1016,2026-09-15 21:24:18,2026-09-15 21:44:18,20,6.74,6.0,abonnement
TR2609150064251,CL102819,EN00336,velo_elec,Nantes,ST1026,ST1033,2026-09-15 21:24:31,15/09/2026 21:30,6,1.59,2.5,paypal
TR2609150064252,CL100971,EN00456,trottinette,Lille,ST1043,ST1037,2026-09-15 21:24:55,15/09/2026 21:37,13,3.43,3.86,abonnement
TR2609150064253,CL102009,EN00533,velo_elec,Grenoble,ST1058,ST1052,2026-09-15 21:19:12,2026-09-15 21:43:12,24,5.81,7.0,abonnement
TR2609150064254,CL105462,EN00095,trottinette,Lyon,ST1003,ST1005,2026-09-15 21:45:41,2026-09-15 22:11:41,26,8.83,6.72,paypal
TR2609150064255,CL100479,EN00083,velo_elec,Lyon,ST1010,ST1015,2026-09-15 21:39:32,2026-09-15 21:48:32,9,2.72,3.25,abonnement
TR2609150064256,CL100145,EN00351,trottinette,Nantes,ST1022,ST1023,2026-09-15 21:33:43,2026-09-15 21:54:43,21,4.62,5.62,cb
TR2609150064257,CL101880,EN00300,velo_elec,Nantes,ST1027,ST1028,2026-09-15 21:43:44,2026-09-15 21:49:44,6,2.06,2.5,cb
TR2609150064258,CL103648,EN00446,trottinette,Lille,ST1042,ST1035,2026-09-15 21:40:26,2026-09-15 21:44:26,4,0.73,1.88,cb
TR2609150064259,CL100434,EN00524,velo_elec,Grenoble,ST1055,ST1054,15/09/2026 21:45,2026-09-15 21:53:01,8,1.93,3.0,cb
TR2609150064260,CL108345,EN00003,velo_elec,Lyon,ST1002,ST1001,2026-09-15 21:48:53,2026-09-15 21:50:53,2,0.6,1.5,cb
TR2609150064261,CL105313,EN00131,trottinette,Lyon,ST1005,ST1015,2026-09-15 21:55:15,2026-09-15 22:01:15,6,1.86,2.32,abonnement
TR2609150064262,CL104246,EN00020,velo_elec,Lyon,ST1014,ST1014,2026-09-15 21:53:12,2026-09-15 22:03:12,10,2.63,3.5,cb
TR2609150064263,CL102710,EN00338,velo_elec,Nantes,ST1029,ST1025,15/09/2026 21:59,2026-09-15 22:13:01,14,3.9,4.5,cb
TR2609150064264,CL103739,EN00482,velo_elec,Lille,ST1047,ST1046,15/09/2026 21:56,2026-09-15 22:08:56,12,2.18,4.0,
TR2609150064265,CL103619,EN00535,velo_elec,Grenoble,ST1058,ST1057,15/09/2026 21:54,2026-09-15 21:58:07,4,0.72,2.0,cb
TR2609150064266,CL100114,EN00198,velo_elec,Lyon,ST1002,ST1009,2026-09-15 22:10:23,2026-09-15 22:30:23,20,3.51,6.0,cb
TR2609150064267,CL102718,EN00504,trottinette,Grenoble,ST1048,ST1056,15/09/2026 22:05,2026-09-15 22:07:48,2,0.61,1.44,abonnement
TR2609150064268,CL103766,EN00213,trottinette,Lyon,ST1005,ST1012,2026-09-15 22:29:03,1789505223,18,4.67,4.96,abonnement
TR2609150064269,CL101304,EN00138,velo_elec,Lyon,ST1007,ST1015,1789503994,2026-09-15 22:44:34,18,4.72,5.5,cb
TR2609150064270,CL104054,EN00041,velo_elec,Lyon,ST1012,ST1010,1789504105,2026-09-15 22:59:25,31,7.72,8.75,cb
TR2609150064271,CL104239,EN00219,velo_elec,Lyon,ST1018,ST1014,2026-09-15 22:30:18,2026-09-15 22:41:18,11,1.8,3.75,paypal
TR2609150064272,CL106521,EN00462,velo_elec,Lille,ST1035,ST1045,1789503946,2026-09-15 22:31:46,6,1.59,2.5,abonnement
TR2609150064273,CL100463,EN00424,velo_elec,Lille,ST1043,ST1040,2026-09-15 22:30:14,1789505534,22,3.89,6.5,cb
TR2609150064274,CL107050,EN00591,velo_elec,Grenoble,ST1055,ST1048,2026-09-15 22:21:48,2026-09-15 22:43:48,22,5.07,6.5,abonnement
TR2609150064275,CL103252,EN00535,velo_elec,Grenoble,ST1057,ST1049,15/09/2026 22:25,2026-09-15 22:32:23,7,1.44,2.75,cb
TR2609150064276,CL108694,EN00488,velo_elec, Lille,ST1042,ST1034,2026-09-15 22:35:08,2026-09-15 22:42:08,7,2.02,2.75,cb
TR2609150064277,CL108301,EN00168,velo_elec,Lyon,ST1016,ST1008,,2026-09-15 23:05:58,6,1.93,2.5,cb
TR2609150064278,CL108204,EN00204,velo_elec,Lyon,ST1018,ST1007,2026-09-15 22:53:12,2026-09-15 23:00:12,7,1.28,2.75,paypal
TR2609150064279,CL103225,EN00354,velo_elec,Nantes,ST1021,ST1022,1789505813,2026-09-15 23:10:53,14,4.37,4.5,paypal
TR2609150064280,CL105373,EN00527,velo_elec,Grenoble,ST1052,ST1058,2026-09-15 22:53:47,2026-09-15 23:15:47,22,5.5,6.5,paypal
TR2609150064281,CL106869,EN00456,trottinette,Lille,ST1037,ST1045,2026-09-15 23:05:17,15/09/2026 23:16,11,3.09,3.42,abonnement
TR2609150064282,CL101031,EN00584,trottinette,Grenoble,ST1055,ST1049,15/09/2026 23:07,2026-09-15 23:17:54,10,2.05,3.2,cb
TR2609150064283,CL107226,EN00361,trottinette,Lille,ST1041,ST1035,2026-09-15 23:29:06,2026-09-15 23:47:06,18,5.83,4.96,cb
TR2609150064284,CL107142,EN00150,trottinette,Lyon,ST1016,ST1008,2026-09-15 23:52:28,2026-09-16 00:48:28,56,18.96,13.32,paypal
